t_wql,trp,cdom,temp
03-01-2025 00:03:00,57.6847705474866,425.401040442371,17.02
03-01-2025 00:13:00,57.4038056868466,425.0605655859,16.98
03-01-2025 00:23:00,58.1030675838448,427.799112228455,16.95
03-01-2025 00:33:00,55.8747588794617,430.341275898554,16.92
03-01-2025 00:43:00,57.6389222822807,431.506905066069,16.87
03-01-2025 00:53:00,56.5782797805972,433.212967793713,16.83
03-01-2025 01:03:00,57.6627592848121,433.553424399,16.79
03-01-2025 01:13:00,56.9885273662505,435.496555308364,16.74
03-01-2025 01:23:00,56.8098668799213,434.818526481502,16.71
03-01-2025 01:33:00,57.016821162714,436.132336534625,16.67
03-01-2025 01:43:00,58.5865849554237,435.985150756935,16.63
03-01-2025 01:53:00,57.2397570832757,436.865099396837,16.6
03-01-2025 02:03:00,56.9599181915519,438.858543823357,16.56
03-01-2025 02:13:00,57.9406572810701,439.338010992654,16.51
03-01-2025 02:23:00,57.6567437158935,440.497831869331,16.46
03-01-2025 02:33:00,58.1587410126,440.112326940523,16.43
03-01-2025 02:43:00,57.6846736558558,441.130893354613,16.39
03-01-2025 02:53:00,58.4695935105399,441.803695151596,16.34
03-01-2025 03:03:00,58.9709381046573,442.389589407417,16.31
03-01-2025 03:13:00,57.9146118644195,443.406829511883,16.27
03-01-2025 03:23:00,59.1880916380382,444.035357235236,16.23
03-01-2025 03:33:00,58.5204385074097,444.275537674426,16.19
03-01-2025 03:43:00,57.9542572245595,446.800366880338,16.16
03-01-2025 03:53:00,58.3498787096403,443.689271120957,16.11
03-01-2025 04:03:00,58.2687664335167,446.212830243107,16.08
03-01-2025 04:13:00,57.6022043013797,444.611314913403,16.04
03-01-2025 04:23:00,59.2610152257198,446.78895980195,16
03-01-2025 04:33:00,59.0787841020447,446.447447835279,15.96
03-01-2025 04:43:00,58.4126104673646,447.268011664518,15.92
03-01-2025 04:53:00,57.9404229188442,447.410701224611,15.88
03-01-2025 05:03:00,58.9239245212724,446.15572281853,15.85
03-01-2025 05:13:00,57.484551558289,448.813841208196,15.81
03-01-2025 05:23:00,60.2041427363114,448.182644835403,15.77
03-01-2025 05:33:00,59.0552862824142,449.872008839531,15.73
03-01-2025 05:43:00,58.5876933526563,449.391405476863,15.7
03-01-2025 05:53:00,58.0156512951886,450.349655958813,15.65
03-01-2025 06:03:00,59.5727655899787,450.685003483638,15.61
03-01-2025 06:13:00,59.4875922003939,449.378931816489,15.57
03-01-2025 06:23:00,58.8274424723776,450.92642343758,15.54
03-01-2025 06:33:00,58.5455149291488,451.59397794045,15.49
03-01-2025 06:43:00,57.5926334084469,452.12188528272,15.45
03-01-2025 06:53:00,60.2123654040948,453.763979635455,15.42
03-01-2025 07:03:00,58.5886959983354,452.223729086306,15.39
03-01-2025 07:13:00,58.9859184368946,452.076627323453,15.35
03-01-2025 07:23:00,59.868801097085,452.561323247658,15.32
03-01-2025 07:33:00,59.3143798787112,451.996581829492,15.31
03-01-2025 07:43:00,60.7748934453414,451.999548677156,15.28
03-01-2025 07:53:00,59.8352702740501,452.976144141996,15.27
03-01-2025 08:03:00,58.988044003611,453.417543552957,15.25
03-01-2025 08:13:00,60.0752209516459,452.809933511712,15.25
03-01-2025 08:23:00,59.2321490520046,453.593472361082,15.24
03-01-2025 08:33:00,58.8747080429808,453.756123249587,15.24
03-01-2025 08:43:00,59.4802628516519,453.822363285518,15.24
03-01-2025 08:53:00,60.3747080255836,453.503290132117,15.24
03-01-2025 09:03:00,60.2139716274251,453.237329686298,15.25
03-01-2025 09:13:00,59.7642467129062,452.296952403799,15.26
03-01-2025 09:23:00,61.2409003239128,452.897435468055,15.27
03-01-2025 09:33:00,57.1305852405297,451.667562912653,15.28
03-01-2025 09:43:00,59.4742750661609,453.809171384739,15.29
03-01-2025 09:53:00,60.6621646190328,451.904428125237,15.3
03-01-2025 10:03:00,60.0195119196598,454.14241086824,15.31
03-01-2025 10:13:00,59.8585464388973,452.333427606223,15.32
03-01-2025 10:23:00,60.5690055473019,450.191327732869,15.34
03-01-2025 10:33:00,59.1550293021647,450.887219669547,15.35
03-01-2025 10:43:00,60.8211497243128,451.626573851307,15.35
03-01-2025 10:53:00,58.63592735134,450.972859441904,15.36
03-01-2025 11:03:00,60.3062754888123,449.451294694335,15.37
03-01-2025 11:13:00,60.5225031899544,449.655747968331,15.36
03-01-2025 11:23:00,60.5583408249915,449.632388658206,15.38
03-01-2025 11:33:00,59.2402435560788,449.363386293947,15.39
03-01-2025 11:43:00,60.6299879122336,446.691917602584,15.42
03-01-2025 11:53:00,59.4119383746706,445.606468153229,15.44
03-01-2025 12:03:00,59.5440089264798,445.485117780283,15.46
03-01-2025 12:13:00,60.6491868702882,443.730973773411,15.5
03-01-2025 12:23:00,60.1140854252367,440.720570985439,15.54
03-01-2025 12:33:00,60.2504050536143,438.525326222184,15.57
03-01-2025 12:43:00,60.3949983790582,439.039514445397,15.62
03-01-2025 12:53:00,60.5396710658699,438.297610968437,15.67
03-01-2025 13:03:00,61.3778272100616,434.956901285575,15.76
03-01-2025 13:13:00,60.273702283606,431.992433656971,15.83
03-01-2025 13:23:00,61.1927089926389,430.567765384118,15.88
03-01-2025 13:33:00,61.6283005730918,428.560679064781,15.93
03-01-2025 13:43:00,60.5103487079576,426.694671689593,15.97
03-01-2025 13:53:00,61.6157093351851,426.035998216837,16
03-01-2025 14:03:00,61.2639467192017,429.298611854275,16.02
03-01-2025 14:13:00,59.260674834081,426.60031155964,16.03
03-01-2025 14:23:00,61.3228269312971,427.436189759716,16.03
03-01-2025 14:33:00,59.6060360700823,425.171296563524,16.03
03-01-2025 14:43:00,60.9898945599826,425.716267617295,16.03
03-01-2025 14:53:00,60.6213768829955,425.191386779957,16.01
03-01-2025 15:03:00,59.187451944151,423.407419967243,15.99
03-01-2025 15:13:00,60.4657782210735,423.076763936696,15.97
03-01-2025 15:23:00,61.9331570131538,423.47074722265,15.94
03-01-2025 15:33:00,60.0198031740369,420.092081641521,15.93
03-01-2025 15:43:00,60.3334256527646,417.972449828465,15.92
03-01-2025 15:53:00,60.550186585168,418.466824314893,15.91
03-01-2025 16:03:00,60.968758765893,416.252848319724,15.92
03-01-2025 16:13:00,61.092782577521,415.73172583333,15.92
03-01-2025 16:23:00,59.9582332976642,415.01686848559,15.92
03-01-2025 16:33:00,60.4694827416787,414.689150639576,15.92
03-01-2025 16:43:00,59.4317219126726,412.715512024538,15.92
03-01-2025 16:53:00,61.0120062955616,413.114338038809,15.93
03-01-2025 17:03:00,61.5232576466403,413.270336812434,15.93
03-01-2025 17:13:00,61.3609032094492,413.572107694533,15.94
03-01-2025 17:23:00,61.3921773650424,415.713627755014,15.95
03-01-2025 17:33:00,61.7097982818238,416.062936223986,15.95
03-01-2025 17:43:00,61.9305721367828,414.475432812796,15.95
03-01-2025 17:53:00,60.4083023943882,412.694149147301,15.95
03-01-2025 18:03:00,62.081578661233,413.720973027586,15.95
03-01-2025 18:13:00,62.2981095300041,412.955797183281,15.94
03-01-2025 18:23:00,61.0622994480229,413.739804684599,15.93
03-01-2025 18:33:00,61.5734430556269,412.53933338114,15.93
03-01-2025 18:43:00,61.2090800830663,413.226361360297,15.92
03-01-2025 18:53:00,61.2319856145716,412.364349087648,15.91
03-01-2025 19:03:00,60.674096204757,412.083199461978,15.9
03-01-2025 19:13:00,61.4713421073047,412.673145469183,15.89
03-01-2025 19:23:00,62.4620200172226,411.811211415422,15.88
03-01-2025 19:33:00,63.258986252225,410.949356287927,15.87
03-01-2025 19:43:00,60.1851389449773,412.022920698179,15.86
03-01-2025 19:53:00,61.4659403721625,412.031907460217,15.85
03-01-2025 20:03:00,63.5248254571363,411.992526917388,15.85
03-01-2025 20:13:00,61.9026908340421,414.420174701754,15.84
03-01-2025 20:23:00,61.1555875893541,414.47735615295,15.84
03-01-2025 20:33:00,61.7629992794913,417.436985186897,15.84
03-01-2025 20:43:00,62.6564549153188,418.412631140791,15.83
03-01-2025 20:53:00,63.360541708552,416.050895827178,15.83
03-01-2025 21:03:00,61.940379848957,417.897794643231,15.84
03-01-2025 21:13:00,61.1005368965587,419.551298671513,15.85
03-01-2025 21:23:00,62.3852503956023,421.446227074325,15.85
03-01-2025 21:33:00,61.8356474649579,423.293369987647,15.86
03-01-2025 21:43:00,61.9633646576877,425.624510143039,15.87
03-01-2025 21:53:00,60.4457891171932,425.052385776901,15.88
03-01-2025 22:03:00,62.799548664425,426.609381415298,15.89
03-01-2025 22:13:00,61.9593499147244,428.166456122278,15.9
03-01-2025 22:23:00,61.1190037340993,429.336390619306,15.91
03-01-2025 22:33:00,62.6020075430853,431.474467707007,15.92
03-01-2025 22:43:00,64.0852269445729,433.515894805167,15.93
03-01-2025 22:53:00,62.9501200045924,437.056739536339,15.93
03-01-2025 23:03:00,61.9159366796197,435.612670274013,15.94
03-01-2025 23:13:00,62.3341019274103,438.913130641395,15.95
03-01-2025 23:23:00,63.0386442030919,440.323772526021,15.95
03-01-2025 23:33:00,63.3600570109704,441.009806083538,15.96
03-01-2025 23:43:00,63.5804150277478,443.388737649133,15.96
03-01-2025 23:53:00,63.4176139653909,442.815710310318,15.97
03-02-2025 00:03:00,63.831663631707,445.485131360148,15.97
03-02-2025 00:13:00,63.5719814915297,445.299353215745,15.98
03-02-2025 00:23:00,63.5943745503709,445.981131877585,15.97
03-02-2025 00:33:00,64.1095081361238,446.569980825021,15.98
03-02-2025 00:43:00,63.0664869013706,447.92944550878,15.97
03-02-2025 00:53:00,62.1245735290485,447.886509828031,15.97
03-02-2025 01:03:00,62.05019780982,447.502458162016,15.96
03-02-2025 01:13:00,64.0136159304305,450.267769697452,15.96
03-02-2025 01:23:00,62.9707297858605,452.30429978984,15.95
03-02-2025 01:33:00,62.4121364195857,455.599213129152,15.94
03-02-2025 01:43:00,62.5272321124611,458.551900134847,15.92
03-02-2025 01:53:00,63.9974499229192,461.406864657043,15.9
03-02-2025 02:03:00,63.3379974661608,462.712420212537,15.88
03-02-2025 02:13:00,63.3561165358546,465.08200260436,15.86
03-02-2025 02:23:00,63.6644820150375,468.418361391428,15.84
03-02-2025 02:33:00,63.1021161584897,469.431991950953,15.82
03-02-2025 02:43:00,64.3733771271327,470.393396461174,15.79
03-02-2025 02:53:00,63.037522134362,472.760131254264,15.77
03-02-2025 03:03:00,63.8291279238383,474.642704513653,15.75
03-02-2025 03:13:00,63.3596173000027,476.955721753414,15.72
03-02-2025 03:23:00,63.7600754264367,478.687874622212,15.69
03-02-2025 03:33:00,62.7152179439304,478.346048897576,15.67
03-02-2025 03:43:00,65.3374940401908,480.656881672469,15.64
03-02-2025 03:53:00,64.5782972644324,482.483791535058,15.61
03-02-2025 04:03:00,63.1435644291671,483.634005958963,15.58
03-02-2025 04:13:00,66.444028486195,483.195228515855,15.56
03-02-2025 04:23:00,65.2024536928358,483.765792086546,15.53
03-02-2025 04:33:00,63.4789805547547,485.590583698857,15.5
03-02-2025 04:43:00,65.4265991669213,486.695509376366,15.48
03-02-2025 04:53:00,64.6683250678454,487.072106311628,15.45
03-02-2025 05:03:00,64.7825746073539,487.211958895308,15.43
03-02-2025 05:13:00,63.7396466955868,486.194626138097,15.41
03-02-2025 05:23:00,64.2354497933852,488.40293779472,15.38
03-02-2025 05:33:00,63.0925078475617,487.333240267278,15.35
03-02-2025 05:43:00,64.7445594059667,490.985764761798,15.32
03-02-2025 05:53:00,64.5654145471795,491.072120688288,15.29
03-02-2025 06:03:00,64.0974062479046,490.099012131715,15.26
03-02-2025 06:13:00,66.229535389921,490.378219073749,15.23
03-02-2025 06:23:00,64.124753398308,491.620053242595,15.2
03-02-2025 06:33:00,63.6530418497904,491.942406044256,15.16
03-02-2025 06:43:00,65.3987475788341,492.317358004065,15.13
03-02-2025 06:53:00,65.5083064201245,490.672065439701,15.1
03-02-2025 07:03:00,62.6364291641794,491.335756788515,15.07
03-02-2025 07:13:00,64.4814902155535,491.66711763842,15.05
03-02-2025 07:23:00,63.6339463926579,494.209680221728,15.03
03-02-2025 07:33:00,63.8440801978057,491.175969970869,15.01
03-02-2025 07:43:00,66.0725398189982,492.083872102039,14.99
03-02-2025 07:53:00,63.7877666168206,492.082930305193,14.98
03-02-2025 08:03:00,63.8097190905783,492.754625231949,14.97
03-02-2025 08:13:00,65.1853951226516,491.609005302457,14.98
03-02-2025 08:23:00,66.3690404622115,490.751387022613,14.99
03-02-2025 08:33:00,65.1498159803759,490.56632342923,15
03-02-2025 08:43:00,65.9448142005216,490.809493698022,15
03-02-2025 08:53:00,64.5373432732792,493.944941961993,15.02
03-02-2025 09:03:00,64.9520906592085,489.817696157352,15.03
03-02-2025 09:13:00,64.2172114785108,492.760998468147,15.05
03-02-2025 09:23:00,64.8368923730733,489.269224309443,15.09
03-02-2025 09:33:00,63.9174336906112,489.431264506567,15.13
03-02-2025 09:43:00,64.3407046652277,485.980142000653,15.16
03-02-2025 09:53:00,65.241248364318,488.443547725646,15.18
03-02-2025 10:03:00,64.5096062315935,487.782416386473,15.21
03-02-2025 10:13:00,64.3512577459348,487.839270083995,15.23
03-02-2025 10:23:00,65.0638138715095,487.658810185597,15.26
03-02-2025 10:33:00,65.0981093770051,485.306941836649,15.28
03-02-2025 10:43:00,65.0360498199322,486.037189350854,15.3
03-02-2025 10:53:00,66.0339185056044,486.574727433798,15.32
03-02-2025 11:03:00,65.9676804773703,485.036792368885,15.33
03-02-2025 11:13:00,64.5563095784291,485.188363481036,15.35
03-02-2025 11:23:00,64.4059360155437,484.767928564415,15.39
03-02-2025 11:33:00,65.1318226024622,481.17022801293,15.45
03-02-2025 11:43:00,64.499009838129,480.072103323733,15.49
03-02-2025 11:53:00,63.6768205931849,478.637883313906,15.54
03-02-2025 12:03:00,65.4569501350615,476.475417311424,15.58
03-02-2025 12:13:00,64.5337532826843,477.112276986035,15.62
03-02-2025 12:23:00,66.4118204718607,475.527042514912,15.66
03-02-2025 12:33:00,64.2401354000895,475.201607809742,15.72
03-02-2025 12:43:00,65.0600972144365,473.954498382753,15.77
03-02-2025 12:53:00,64.8207310902715,471.595591019124,15.83
03-02-2025 13:03:00,64.1857063833221,470.198169027384,15.87
03-02-2025 13:13:00,65.6799630368307,467.250676061701,15.91
03-02-2025 13:23:00,64.4596043098976,466.768746978576,15.94
03-02-2025 13:33:00,64.5945524590773,465.608372566017,15.97
03-02-2025 13:43:00,63.6598634799385,466.722187923497,15.99
03-02-2025 13:53:00,64.4769839745578,465.610683215026,16.03
03-02-2025 14:03:00,64.7047238620678,461.588265110161,16.05
03-02-2025 14:13:00,64.5448110784595,460.278300872083,16.07
03-02-2025 14:23:00,63.4113673206615,461.244848725501,16.08
03-02-2025 14:33:00,63.7318474623124,461.145032604156,16.09
03-02-2025 14:43:00,64.4401567029418,460.560294639767,16.1
03-02-2025 14:53:00,64.1789976265453,458.617914168306,16.11
03-02-2025 15:03:00,64.4954379037338,457.401722045013,16.11
03-02-2025 15:13:00,64.0362156640409,457.833677257005,16.11
03-02-2025 15:23:00,63.9607256553806,454.532406689258,16.1
03-02-2025 15:33:00,65.3393567052674,454.818417451838,16.09
03-02-2025 15:43:00,63.4179892237877,453.795535268476,16.07
03-02-2025 15:53:00,63.4354352566013,451.416216181085,16.05
03-02-2025 16:03:00,64.0301698725439,449.376981214041,16.02
03-02-2025 16:13:00,63.4662697257742,448.743011187326,16
03-02-2025 16:23:00,63.9679776556182,449.949531986898,15.98
03-02-2025 16:33:00,64.2758394234979,447.669334332522,15.96
03-02-2025 16:43:00,64.4908745683022,446.986996302125,15.95
03-02-2025 16:53:00,62.9629726878721,445.433259319437,15.94
03-02-2025 17:03:00,63.7549412262077,445.090658584624,15.92
03-02-2025 17:13:00,64.3571471926794,444.892611784699,15.91
03-02-2025 17:23:00,63.7896095822374,445.857493057804,15.88
03-02-2025 17:33:00,64.2826199714072,444.839198413145,15.84
03-02-2025 17:43:00,64.4006726824972,443.770551943876,15.83
03-02-2025 17:53:00,64.3252253213845,445.410645138179,15.82
03-02-2025 18:03:00,64.6326066059551,445.261776847701,15.8
03-02-2025 18:13:00,64.6456777632872,445.548976111722,15.77
03-02-2025 18:23:00,64.6546549827073,443.178542732777,15.73
03-02-2025 18:33:00,63.8985708670786,442.546917559186,15.71
03-02-2025 18:43:00,64.0164996027071,444.47540140396,15.7
03-02-2025 18:53:00,63.7518567483705,444.518039844797,15.7
03-02-2025 19:03:00,64.1637258652022,443.594105436744,15.7
03-02-2025 19:13:00,65.1513453655514,446.101963193433,15.69
03-02-2025 19:23:00,64.3028099222742,442.618236912584,15.68
03-02-2025 19:33:00,65.8699905128315,443.483060786933,15.67
03-02-2025 19:43:00,64.3452023402649,442.705217212941,15.66
03-02-2025 19:53:00,66.0087277941683,444.342651705425,15.65
03-02-2025 20:03:00,64.967155827294,443.75794792046,15.64
03-02-2025 20:13:00,64.7950800790028,443.366464031271,15.63
03-02-2025 20:23:00,63.7537489969811,447.031595344142,15.62
03-02-2025 20:33:00,64.6441418907544,444.611652400827,15.61
03-02-2025 20:43:00,66.1179834580755,445.329332804178,15.61
03-02-2025 20:53:00,65.5595402758528,445.516984335525,15.6
03-02-2025 21:03:00,64.4137300774707,446.382934199317,15.57
03-02-2025 21:13:00,64.3382858325294,445.508430357942,15.56
03-02-2025 21:23:00,64.4559119715057,447.626537900459,15.55
03-02-2025 21:33:00,64.1914163772113,447.281620595382,15.55
03-02-2025 21:43:00,65.4673365988033,446.310455853528,15.54
03-02-2025 21:53:00,64.5231289829197,459.91364787519,15.53
03-02-2025 22:03:00,65.1273073317554,470.47507406233,15.53
03-02-2025 22:13:00,64.7703355720558,535.912619231697,15.54
03-02-2025 22:23:00,64.1196993860019,767.615283321968,15.54
03-02-2025 22:33:00,62.990324781436,852.773578764455,15.55
03-02-2025 22:43:00,64.740833407675,818.896462888912,15.52
03-02-2025 22:53:00,63.2099236639862,838.393216692405,15.49
03-02-2025 23:03:00,64.002852148294,860.932831554542,15.48
03-02-2025 23:13:00,64.7916160944053,829.463842029237,15.46
03-02-2025 23:23:00,66.7459030154015,834.906129872902,15.46
03-02-2025 23:33:00,64.3872022440608,894.360821026393,15.53
03-02-2025 23:43:00,65.738790387101,1078.56148014546,15.47
03-02-2025 23:53:00,64.927754821352,1088.05621762454,15.55
03-03-2025 00:03:00,64.7435248258495,1318.25592196014,15.51
03-03-2025 00:13:00,62.1399528545895,1346.1607390809,15.45
03-03-2025 00:23:00,63.0523945393397,1305.2900562005,15.5
03-03-2025 00:33:00,63.4202387745999,1239.48650986249,15.39
03-03-2025 00:43:00,67.6576430642623,973.488497181834,15.32
03-03-2025 00:53:00,66.7355414974735,733.190091641777,15.36
03-03-2025 01:03:00,67.1501489025244,622.343810690685,15.37
03-03-2025 01:13:00,67.3341511221575,577.394810222381,15.29
03-03-2025 01:23:00,67.0993981635809,555.459775010599,15.13
03-03-2025 01:33:00,67.792484375229,546.698466150453,14.89
03-03-2025 01:43:00,68.0079982984024,548.952919745562,14.66
03-03-2025 01:53:00,67.9567991377651,568.607129498194,14.48
03-03-2025 02:03:00,69.174442693884,593.426319791108,14.36
03-03-2025 02:13:00,68.8951494458447,633.397668182956,14.32
03-03-2025 02:23:00,71.7794209971687,669.933732846946,14.3
03-03-2025 02:33:00,71.1349495855608,708.693405845187,14.3
03-03-2025 02:43:00,72.3114480201301,764.158029372614,14.31
03-03-2025 02:53:00,72.0603360517816,863.345817281111,14.31
03-03-2025 03:03:00,71.8092121119358,850.994321247517,14.29
03-03-2025 03:13:00,71.5580762005929,995.474105019039,14.17
03-03-2025 03:23:00,71.9692859703445,1100.28575896829,14.18
03-03-2025 03:33:00,67.0395828820001,1214.58854266622,14.21
03-03-2025 03:43:00,66.6494170703612,1319.10229788632,14.13
03-03-2025 03:53:00,65.9142736276147,1399.17578868718,14.14
03-03-2025 04:03:00,64.7852254785631,1445.56737512203,14.12
03-03-2025 04:13:00,62.8928800701669,1523.06301895499,14.1
03-03-2025 04:23:00,61.882316074867,1546.91473236816,14.14
03-03-2025 04:33:00,62.3618804003018,1618.13568234133,14.08
03-03-2025 04:43:00,62.000996593313,1605.53812474664,14.07
03-03-2025 04:53:00,60.1204783283188,1613.44307614253,14.08
03-03-2025 05:03:00,61.5803256444587,1639.19781314241,14.09
03-03-2025 05:13:00,60.2329078073236,1628.32926308962,13.99
03-03-2025 05:23:00,61.5009785089184,1630.98490710361,14
03-03-2025 05:33:00,60.6598798515007,1638.76239698597,13.98
03-03-2025 05:43:00,60.3804319393042,1627.82164465947,13.93
03-03-2025 05:53:00,60.8707667426234,1621.7345212361,13.9
03-03-2025 06:03:00,60.2174393665692,1614.03037962948,13.87
03-03-2025 06:13:00,61.8544326246283,1600.08085845687,13.85
03-03-2025 06:23:00,60.9153773186505,1597.3377078331,13.82
03-03-2025 06:33:00,62.4563922220662,1585.49128785874,13.8
03-03-2025 06:43:00,61.711640003489,1576.21944904731,13.78
03-03-2025 06:53:00,62.7685467996967,1567.64038629368,13.74
03-03-2025 07:03:00,61.8410576970789,1569.67836828108,13.74
03-03-2025 07:13:00,63.7616716444619,1567.2659080275,13.72
03-03-2025 07:23:00,61.8752161353371,1564.85417842571,13.7
03-03-2025 07:33:00,62.6534588623705,1560.540233862,13.68
03-03-2025 07:43:00,62.7692546389516,1562.54166966299,13.67
03-03-2025 07:53:00,62.8850244067876,1564.92326845364,13.66
03-03-2025 08:03:00,64.42764840487,1571.29970592155,13.65
03-03-2025 08:13:00,63.8774303067838,1571.77778519758,13.64
03-03-2025 08:23:00,64.8529370657834,1575.14522401545,13.64
03-03-2025 08:33:00,63.5418242450466,1572.29394970661,13.63
03-03-2025 08:43:00,65.6585630115233,1573.56849833143,13.63
03-03-2025 08:53:00,63.8795455784486,1579.06420695889,13.64
03-03-2025 09:03:00,64.5734983831727,1578.5677026496,13.65
03-03-2025 09:13:00,64.7996071008992,1578.42897481041,13.68
03-03-2025 09:23:00,65.3034994473439,1577.36097275096,13.69
03-03-2025 09:33:00,65.4307160791334,1578.42247650241,13.71
03-03-2025 09:43:00,65.5540337772345,1580.11400197737,13.72
03-03-2025 09:53:00,64.253414499268,1578.51042831938,13.74
03-03-2025 10:03:00,64.3804622464569,1577.00135834979,13.76
03-03-2025 10:13:00,63.7419913470193,1578.02640446995,13.77
03-03-2025 10:23:00,65.5791363885552,1573.71910748529,13.78
03-03-2025 10:33:00,64.5712240755618,1572.75585797233,13.82
03-03-2025 10:43:00,65.7697925164978,1575.46067515069,13.9
03-03-2025 10:53:00,65.1617061774031,1570.09763356038,13.99
03-03-2025 11:03:00,64.4726148739566,1565.91719594275,14.12
03-03-2025 11:13:00,65.0205568445946,1561.88385332076,14.24
03-03-2025 11:23:00,66.1473019758932,1557.58996427837,14.37
03-03-2025 11:33:00,66.3147688913874,1556.02898274587,14.49
03-03-2025 11:43:00,64.6539833271338,1551.32957746491,14.59
03-03-2025 11:53:00,65.4915790217835,1552.54002566961,14.71
03-03-2025 12:03:00,66.7026105379461,1549.13842703849,14.8
03-03-2025 12:13:00,63.674425408762,1549.0532392918,14.85
03-03-2025 12:23:00,65.826454861716,1547.49313749925,14.89
03-03-2025 12:33:00,67.9756811634948,1545.03355850161,14.92
03-03-2025 12:43:00,65.1333935887169,1545.39260313587,14.96
03-03-2025 12:53:00,67.1834155827717,1545.68437068039,14.98
03-03-2025 13:03:00,66.6427780671582,1543.60639105654,15.01
03-03-2025 13:13:00,67.5400624113443,1543.6091189329,15.03
03-03-2025 13:23:00,66.3300680760934,1546.46743223954,15.07
03-03-2025 13:33:00,67.8170890243695,1548.68754439201,15.12
03-03-2025 13:43:00,66.4217667552437,1555.85199659948,15.18
03-03-2025 13:53:00,66.8628627936985,1555.38718473277,15.26
03-03-2025 14:03:00,66.3327500854339,1553.11834786855,15.32
03-03-2025 14:13:00,65.4125781373388,1545.12559768758,15.37
03-03-2025 14:23:00,67.866908281308,1544.74468697565,15.42
03-03-2025 14:33:00,68.6789132529916,1540.27819732972,15.46
03-03-2025 14:43:00,66.9784801984379,1539.7319534956,15.49
03-03-2025 14:53:00,66.9179127849316,1543.04562653483,15.52
03-03-2025 15:03:00,67.919160709054,1540.47205516731,15.55
03-03-2025 15:13:00,67.1788073534877,1541.33997422003,15.57
03-03-2025 15:23:00,68.180462040752,1543.30334248235,15.6
03-03-2025 15:33:00,67.7295782622327,1539.53546852306,15.62
03-03-2025 15:43:00,66.6989280570327,1537.98803476487,15.64
03-03-2025 15:53:00,68.7638119540112,1537.43874699816,15.67
03-03-2025 16:03:00,67.3503730426825,1537.37217435702,15.7
03-03-2025 16:13:00,69.227185209621,1533.95427305108,15.74
03-03-2025 16:23:00,66.7493448434235,1537.56086966229,15.77
03-03-2025 16:33:00,68.6269431142926,1529.40083266626,15.81
03-03-2025 16:43:00,67.9899410851836,1528.20207170171,15.85
03-03-2025 16:53:00,67.058123388111,1525.22840550854,15.88
03-03-2025 17:03:00,68.8363810933641,1520.7042090286,15.91
03-03-2025 17:13:00,68.0011062916638,1518.79197543294,15.94
03-03-2025 17:23:00,68.327619433812,1515.52268279804,15.97
03-03-2025 17:33:00,69.1386273583395,1511.86410580516,16
03-03-2025 17:43:00,68.298652532352,1512.92086033611,16.02
03-03-2025 17:53:00,67.8460085626581,1508.93876736542,16.04
03-03-2025 18:03:00,68.1603502337696,1508.38391520782,16.04
03-03-2025 18:13:00,70.1262866226722,1505.33938427145,16.05
03-03-2025 18:23:00,68.9869647536818,1505.36570869297,16.05
03-03-2025 18:33:00,68.7198283127862,1506.94249619567,16.05
03-03-2025 18:43:00,68.254758279304,1506.55101881554,16.04
03-03-2025 18:53:00,68.6618136917293,1504.60921147342,16.03
03-03-2025 19:03:00,69.6459216026073,1493.43442242021,16.01
03-03-2025 19:13:00,68.8902827649255,1485.00351246789,16
03-03-2025 19:23:00,68.7159459875362,1496.33439526622,15.99
03-03-2025 19:33:00,69.6070639437754,1489.26046459746,15.98
03-03-2025 19:43:00,69.5253463573573,1474.89651483457,15.96
03-03-2025 19:53:00,69.7299334121666,1494.39788675764,15.93
03-03-2025 20:03:00,69.3536400088663,1493.2723383529,15.9
03-03-2025 20:13:00,70.8162391750248,1478.59891273674,15.87
03-03-2025 20:23:00,69.9518986525026,1479.09495221762,15.83
03-03-2025 20:33:00,69.9585279792365,1491.77675386725,15.79
03-03-2025 20:43:00,70.8395817151164,1488.23596103802,15.76
03-03-2025 20:53:00,71.9092088490406,1487.56886778904,15.72
03-03-2025 21:03:00,69.9784070959759,1462.62176380111,15.67
03-03-2025 21:13:00,70.3714046482684,1482.82752798069,15.63
03-03-2025 21:23:00,69.6977936048055,1481.26654277827,15.58
03-03-2025 21:33:00,72.214178232697,1478.86548647751,15.54
03-03-2025 21:43:00,71.1543794937897,1474.4127364101,15.49
03-03-2025 21:53:00,72.8924819337965,1471.98905169434,15.44
03-03-2025 22:03:00,70.1942324275873,1469.18173487308,15.39
03-03-2025 22:13:00,72.6059985561763,1466.08760905071,15.34
03-03-2025 22:23:00,71.9287517145079,1459.88760650084,15.28
03-03-2025 22:33:00,73.0815765848727,1457.5450006583,15.22
03-03-2025 22:43:00,72.9822045030155,1451.83632792861,15.16
03-03-2025 22:53:00,73.2677191912094,1447.67229367831,15.1
03-03-2025 23:03:00,71.8265515140363,1445.36351410439,15.05
03-03-2025 23:13:00,73.7418738963482,1441.75906295179,14.98
03-03-2025 23:23:00,71.909007875571,1444.01807475405,14.91
03-03-2025 23:33:00,74.5992543838693,1435.66552165852,14.86
03-03-2025 23:43:00,72.0958935537291,1431.40051723479,14.79
03-03-2025 23:53:00,72.8606648223436,1429.17742619067,14.73
03-04-2025 00:03:00,73.9079281338608,1425.68760900819,14.66
03-04-2025 00:13:00,73.1379239771994,1423.66143757585,14.6
03-04-2025 00:23:00,74.5670988434267,1417.2096023616,14.53
03-04-2025 00:33:00,73.7062632398108,1413.96688621119,14.48
03-04-2025 00:43:00,73.7942589726611,1406.95257617057,14.41
03-04-2025 00:53:00,74.2647002679727,1401.95434257046,14.34
03-04-2025 01:03:00,75.9817612449043,1396.79071230551,14.28
03-04-2025 01:13:00,73.8711013608183,1390.65697072574,14.21
03-04-2025 01:23:00,75.1091853955303,1386.65002165747,14.15
03-04-2025 01:33:00,74.1508363239142,1379.21083620837,14.09
03-04-2025 01:43:00,74.4336295054015,1373.20975700507,14.03
03-04-2025 01:53:00,75.4835611672941,1370.18847038615,13.98
03-04-2025 02:03:00,76.8186816475746,1363.35642784527,13.93
03-04-2025 02:13:00,76.7233771319909,1357.10153074175,13.88
03-04-2025 02:23:00,77.1996934688352,1348.66066119688,13.83
03-04-2025 02:33:00,75.1091704220146,1343.67010602221,13.79
03-04-2025 02:43:00,75.1142998333186,1338.87309638141,13.75
03-04-2025 02:53:00,77.203898351013,1328.4350560731,13.69
03-04-2025 03:03:00,75.6818776309977,1320.77893647312,13.64
03-04-2025 03:13:00,77.0134770786509,1314.07963583859,13.59
03-04-2025 03:23:00,76.4431590137222,1309.38154919649,13.54
03-04-2025 03:33:00,76.2533184719884,1301.07686428659,13.49
03-04-2025 03:43:00,76.0636290466317,1294.20325626998,13.44
03-04-2025 03:53:00,75.2095394976636,1290.37299012761,13.39
03-04-2025 04:03:00,77.3975093998428,1284.08933264979,13.35
03-04-2025 04:13:00,76.5435071449458,1276.66073216566,13.3
03-04-2025 04:23:00,76.7424567902962,1272.10289343653,13.27
03-04-2025 04:33:00,77.1263815495771,1269.24434492118,13.23
03-04-2025 04:43:00,76.4719088526385,1263.83755680972,13.2
03-04-2025 04:53:00,76.765496222094,1258.62283444009,13.17
03-04-2025 05:03:00,76.6844732078491,1255.40896124189,13.15
03-04-2025 05:13:00,76.6982171221561,1250.1116187883,13.13
03-04-2025 05:23:00,76.6172191964728,1246.42633593759,13.11
03-04-2025 05:33:00,76.8203955350396,1244.82596413127,13.09
03-04-2025 05:43:00,76.5545103063706,1241.52882220824,13.08
03-04-2025 05:53:00,76.000066307442,1238.79315394187,13.06
03-04-2025 06:03:00,76.870560041951,1237.67497888813,13.05
03-04-2025 06:13:00,77.8309789822306,1231.34283159697,13.03
03-04-2025 06:23:00,77.2765349581783,1228.04173255342,13.01
03-04-2025 06:33:00,77.0016460883018,1225.77663380162,12.98
03-04-2025 06:43:00,75.7851631371599,1221.43677200632,12.96
03-04-2025 06:53:00,77.2226762966809,1220.50981369115,12.95
03-04-2025 07:03:00,77.8038732588273,1218.44215414743,12.93
03-04-2025 07:13:00,77.6281835366932,1214.95628975234,12.91
03-04-2025 07:23:00,77.9300157268883,1211.47635644194,12.9
03-04-2025 07:33:00,77.8534989936187,1214.04960077947,12.89
03-04-2025 07:43:00,76.9304134189722,1214.16870460472,12.89
03-04-2025 07:53:00,75.8181687024276,1210.31560777789,12.89
03-04-2025 08:03:00,76.219089377593,1210.81278579663,12.89
03-04-2025 08:13:00,76.1515911823736,1210.17963694119,12.9
03-04-2025 08:23:00,77.6920636544351,1209.64082236691,12.91
03-04-2025 08:33:00,78.6605343071413,1207.96217450533,12.91
03-04-2025 08:43:00,77.9355939941736,1206.19741354348,12.93
03-04-2025 08:53:00,76.9310783534134,1205.28766264407,12.96
03-04-2025 09:03:00,78.2922255481886,1203.33613982723,12.99
03-04-2025 09:13:00,76.9086165191384,1201.66747403988,13.02
03-04-2025 09:23:00,77.2287566607071,1199.99779224605,13.05
03-04-2025 09:33:00,78.4014196385194,1200.31602325193,13.08
03-04-2025 09:43:00,76.2634171283718,1199.31152398686,13.12
03-04-2025 09:53:00,76.8678703008281,1200.19781228656,13.15
03-04-2025 10:03:00,76.4389093841382,1198.53215972787,13.2
03-04-2025 10:13:00,75.7206689183235,1197.62012504453,13.24
03-04-2025 10:23:00,76.7138644966464,1198.70270439023,13.29
03-04-2025 10:33:00,76.0989480492622,1197.79628295059,13.35
03-04-2025 10:43:00,76.6228385378834,1198.59774371113,13.41
03-04-2025 10:53:00,77.0567069037979,1196.07798628398,13.48
03-04-2025 11:03:00,77.3145307942324,1199.64888185679,13.58
03-04-2025 11:13:00,76.6212316183249,1189.80891725825,13.68
03-04-2025 11:23:00,75.4551238446702,1191.38250055271,13.79
03-04-2025 11:33:00,76.0978499894435,1180.56804510823,13.9
03-04-2025 11:43:00,74.8338354648081,1178.89198774462,14.01
03-04-2025 11:53:00,76.0498435262735,1179.79014617513,14.12
03-04-2025 12:03:00,78.1324416040502,1166.93072296128,14.24
03-04-2025 12:13:00,78.1053760889639,1159.88071064134,14.34
03-04-2025 12:23:00,76.4557189566332,1154.35033708428,14.45
03-04-2025 12:33:00,76.3269448631245,1152.54660560677,14.54
03-04-2025 12:43:00,77.6356446023193,1147.86443577337,14.63
03-04-2025 12:53:00,77.3110352917914,1144.32719444639,14.71
03-04-2025 13:03:00,75.9259084707529,1139.44300097336,14.78
03-04-2025 13:13:00,74.918901062698,1137.05096400781,14.84
03-04-2025 13:23:00,76.0194918006104,1133.12152634752,14.89
03-04-2025 13:33:00,76.3478008731046,1126.88533033227,14.93
03-04-2025 13:43:00,77.9163516286942,1108.063901826,14.95
03-04-2025 13:53:00,76.2090427976074,1089.15123384031,14.95
03-04-2025 14:03:00,77.5855827710598,1079.16179198477,14.97
03-04-2025 14:13:00,75.4151394933996,1070.98139588495,15.01
03-04-2025 14:23:00,78.5460286596848,1064.98507249966,15.08
03-04-2025 14:33:00,76.0292937258547,1055.17953414646,15.21
03-04-2025 14:43:00,76.6968512673566,1040.90148642218,15.36
03-04-2025 14:53:00,77.3704820305387,1029.28107361874,15.52
03-04-2025 15:03:00,76.7940575958576,1020.22881624246,15.69
03-04-2025 15:13:00,76.5985740495383,1005.8416064981,15.85
03-04-2025 15:23:00,77.1592843123061,999.412636812581,15.97
03-04-2025 15:33:00,76.6591767446653,995.769168331731,16.1
03-04-2025 15:43:00,76.5416541013692,987.084846999611,16.22
03-04-2025 15:53:00,77.288856345391,976.664373468031,16.32
03-04-2025 16:03:00,78.8194321156053,972.529482668869,16.43
03-04-2025 16:13:00,76.1603945586068,966.277574430318,16.52
03-04-2025 16:23:00,76.8952255664807,960.632259701223,16.59
03-04-2025 16:33:00,77.7328339443196,956.424586937632,16.67
03-04-2025 16:43:00,76.2282807849907,950.181660801701,16.74
03-04-2025 16:53:00,78.1295309816677,947.750620416317,16.8
03-04-2025 17:03:00,78.0819712315693,943.756430204965,16.86
03-04-2025 17:13:00,77.4442758494286,941.336917431255,16.91
03-04-2025 17:23:00,76.3135012958429,937.371456759789,16.95
03-04-2025 17:33:00,76.64187074863,936.057291622601,16.98
03-04-2025 17:43:00,76.3845095821125,934.742252417086,17.01
03-04-2025 17:53:00,76.513138724982,934.030679897039,17.03
03-04-2025 18:03:00,77.3163212606391,936.285292553887,17.03
03-04-2025 18:13:00,76.6546021539411,938.051498580127,17.03
03-04-2025 18:23:00,77.3463200216216,940.554894291021,17
03-04-2025 18:33:00,76.2896859147342,944.876649635926,16.99
03-04-2025 18:43:00,75.8144669557192,946.579359276082,16.97
03-04-2025 18:53:00,75.7342425115726,950.41148994914,16.96
03-04-2025 19:03:00,76.239608837375,952.876585415805,16.95
03-04-2025 19:13:00,76.5451879972465,953.601581429337,16.93
03-04-2025 19:23:00,76.0656511957467,958.440761157842,16.9
03-04-2025 19:33:00,77.3419929612698,962.302324144836,16.87
03-04-2025 19:43:00,75.3022784162182,965.674529168656,16.84
03-04-2025 19:53:00,75.4038935746056,973.935138563353,16.8
03-04-2025 20:03:00,75.3105426438886,975.271541614523,16.76
03-04-2025 20:13:00,76.0985094622628,977.273907541914,16.73
03-04-2025 20:23:00,74.5440183412717,984.355160413829,16.69
03-04-2025 20:33:00,74.2476576615634,989.513288904439,16.63
03-04-2025 20:43:00,76.1940980592658,993.971617572109,16.58
03-04-2025 20:53:00,75.609839799485,997.842915602595,16.53
03-04-2025 21:03:00,75.4149963667671,999.280355192552,16.48
03-04-2025 21:13:00,76.1878554054692,1002.67412412894,16.42
03-04-2025 21:23:00,76.4787350001952,1007.99486142857,16.37
03-04-2025 21:33:00,74.341494358181,1007.0961361374,16.32
03-04-2025 21:43:00,74.9197706013304,1009.12346133769,16.26
03-04-2025 21:53:00,76.0796597233086,1011.34310184223,16.2
03-04-2025 22:03:00,74.7213306760975,1013.64524105774,16.15
03-04-2025 22:13:00,75.1004553885708,1015.38890933207,16.08
03-04-2025 22:23:00,74.9022190193538,1014.79324293503,16.02
03-04-2025 22:33:00,76.0599740580873,1013.13303585579,15.96
03-04-2025 22:43:00,74.9859901566532,1012.93920505764,15.89
03-04-2025 22:53:00,74.9772966259422,1009.06980310384,15.82
03-04-2025 23:03:00,74.2960988087764,1008.09226181017,15.76
03-04-2025 23:13:00,75.0652408994685,1005.85940275915,15.7
03-04-2025 23:23:00,74.9685699146017,1003.90514164827,15.65
03-04-2025 23:33:00,76.5048361188556,999.469335722086,15.58
03-04-2025 23:43:00,74.187786764282,996.264942177786,15.53
03-04-2025 23:53:00,76.9815706775335,996.454086531506,15.47
03-05-2025 00:03:00,75.3370577695396,990.278962511536,15.41
03-05-2025 00:13:00,76.5899990390427,988.335870236271,15.36
03-05-2025 00:23:00,75.1440813077964,981.576750223762,15.31
03-05-2025 00:33:00,75.8138894170417,979.076412525548,15.25
03-05-2025 00:43:00,75.1439801888077,974.428997568929,15.21
03-05-2025 00:53:00,74.081078391961,970.105783758518,15.15
03-05-2025 01:03:00,73.6966693426031,967.213108942504,15.1
03-05-2025 01:13:00,73.9856747837177,963.938163921394,15.05
03-05-2025 01:23:00,74.9473111494549,960.569757850606,15
03-05-2025 01:33:00,75.9999474731648,954.531243795331,14.94
03-05-2025 01:43:00,75.4233614868645,951.169617325182,14.89
03-05-2025 01:53:00,76.0996012300403,949.136779981233,14.85
03-05-2025 02:03:00,75.3271597155663,945.318219390334,14.79
03-05-2025 02:13:00,75.0393014376222,938.99065161741,14.74
03-05-2025 02:23:00,75.902361380876,938.229772238607,14.69
03-05-2025 02:33:00,75.7060659823057,933.367137121158,14.63
03-05-2025 02:43:00,76.3765260680431,930.405723969429,14.58
03-05-2025 02:53:00,76.0887491310292,928.021352101786,14.53
03-05-2025 03:03:00,75.8054966074194,924.4701332764,14.49
03-05-2025 03:13:00,75.8095597334602,922.069739164968,14.45
03-05-2025 03:23:00,77.0575081605676,918.714064355323,14.41
03-05-2025 03:33:00,74.0002550643125,915.169225991752,14.37
03-05-2025 03:43:00,74.4871820407129,911.796867885241,14.34
03-05-2025 03:53:00,75.2522285274657,910.571799000777,14.29
03-05-2025 04:03:00,74.9739812041707,905.482371822894,14.26
03-05-2025 04:13:00,75.9380206237075,904.408458513149,14.23
03-05-2025 04:23:00,76.0375606402236,897.338974805491,14.19
03-05-2025 04:33:00,75.3773443472498,896.649595664897,14.16
03-05-2025 04:43:00,75.2902940462094,892.618860661123,14.13
03-05-2025 04:53:00,76.6307775714517,889.949219879565,14.09
03-05-2025 05:03:00,76.2572047609662,888.307922503689,14.06
03-05-2025 05:13:00,74.7389584756782,885.045547038349,14.03
03-05-2025 05:23:00,75.7924570203421,881.808214859076,13.99
03-05-2025 05:33:00,76.2732385383826,880.765879590533,13.95
03-05-2025 05:43:00,75.6141761259692,876.936189778977,13.92
03-05-2025 05:53:00,76.1900476469131,874.752509830208,13.88
03-05-2025 06:03:00,76.1939801867546,870.188635970596,13.84
03-05-2025 06:13:00,75.2497627374084,869.507741096799,13.81
03-05-2025 06:23:00,75.2539824666452,866.376247899579,13.77
03-05-2025 06:33:00,74.8774653327494,863.056381566758,13.73
03-05-2025 06:43:00,75.8375827066914,856.668112877753,13.7
03-05-2025 06:53:00,75.5562215982635,856.777904810791,13.66
03-05-2025 07:03:00,76.044359123788,855.790232670369,13.64
03-05-2025 07:13:00,75.1016148250302,851.88062350686,13.61
03-05-2025 07:23:00,76.9207671457066,848.041617257261,13.59
03-05-2025 07:33:00,75.8873467001751,844.67910366002,13.57
03-05-2025 07:43:00,75.0485061526729,842.811703747225,13.56
03-05-2025 07:53:00,74.87515220136,839.138529866724,13.55
03-05-2025 08:03:00,75.4621768025862,836.986575671244,13.54
03-05-2025 08:13:00,76.5285632636134,835.187653852096,13.54
03-05-2025 08:23:00,74.6485399525628,831.677810333149,13.54
03-05-2025 08:33:00,75.1487948894383,829.565671340889,13.55
03-05-2025 08:43:00,75.9342904238897,827.643172785324,13.56
03-05-2025 08:53:00,76.0544225523684,824.86462171678,13.57
03-05-2025 09:03:00,76.2781243825466,819.556147882116,13.6
03-05-2025 09:13:00,76.0263539363585,817.098307424144,13.63
03-05-2025 09:23:00,76.6220960067373,811.653594579572,13.64
03-05-2025 09:33:00,76.7208997870136,810.635895185134,13.6
03-05-2025 09:43:00,75.7697872624203,805.94139655837,13.55
03-05-2025 09:53:00,75.6829311922183,796.533700177747,13.52
03-05-2025 10:03:00,76.1830698146411,779.497108002082,13.53
03-05-2025 10:13:00,75.9355313318044,766.921241835598,13.57
03-05-2025 10:23:00,74.4638514731636,748.338336662163,13.64
03-05-2025 10:33:00,75.5601229262558,738.205085523551,13.71
03-05-2025 10:43:00,75.444710303122,728.892294882255,13.84
03-05-2025 10:53:00,75.4988261065183,721.078294953117,13.92
03-05-2025 11:03:00,74.3252810017101,713.619448806705,14.03
03-05-2025 11:13:00,73.631161679277,702.289818828859,14.15
03-05-2025 11:23:00,73.1028594575909,700.153405271261,14.21
03-05-2025 11:33:00,72.8687413735203,696.885940052669,14.29
03-05-2025 11:43:00,72.2477452139118,688.679302944482,14.36
03-05-2025 11:53:00,69.9184951640456,671.974920381491,14.47
03-05-2025 12:03:00,71.9885479660703,662.851907751739,14.57
03-05-2025 12:13:00,69.7398457534011,653.606896065185,14.65
03-05-2025 12:23:00,71.8928439250489,640.407856292029,14.71
03-05-2025 12:33:00,69.8485200099647,633.073703229952,14.83
03-05-2025 12:43:00,70.944224921147,616.817747843811,14.88
03-05-2025 12:53:00,69.6502374573998,608.769291733075,14.96
03-05-2025 13:03:00,70.1776989854372,603.160519807299,15.03
03-05-2025 13:13:00,69.5438794984534,597.542716151343,15.08
03-05-2025 13:23:00,69.0982790364039,585.328961603212,15.12
03-05-2025 13:33:00,68.4635430323773,581.432130991575,15.17
03-05-2025 13:43:00,69.0689162473802,575.7521605118,15.19
03-05-2025 13:53:00,67.0749442939687,566.893040095798,15.21
03-05-2025 14:03:00,67.5875369583176,560.966214635957,15.24
03-05-2025 14:13:00,67.0443259429443,554.504380267269,15.28
03-05-2025 14:23:00,67.5571458350892,548.474574265682,15.31
03-05-2025 14:33:00,67.2991781056894,541.767080241863,15.34
03-05-2025 14:43:00,67.5230593031326,540.165313946496,15.37
03-05-2025 14:53:00,66.5005333203719,533.444353991982,15.42
03-05-2025 15:03:00,67.3030704326004,528.84890873046,15.45
03-05-2025 15:13:00,67.1340784656322,525.321625430855,15.46
03-05-2025 15:23:00,67.7404137281729,522.415833188183,15.48
03-05-2025 15:33:00,67.0924747029796,519.219448979651,15.5
03-05-2025 15:43:00,67.3093650036222,514.724500267227,15.51
03-05-2025 15:53:00,66.3716174663795,512.201422395404,15.53
03-05-2025 16:03:00,67.8433061334986,506.932338032642,15.54
03-05-2025 16:13:00,67.1879412060593,504.22682414438,15.54
03-05-2025 16:23:00,66.4395125363037,497.508420735419,15.55
03-05-2025 16:33:00,65.4944710001379,493.257920106704,15.55
03-05-2025 16:43:00,65.9974176353444,488.235042661471,15.55
03-05-2025 16:53:00,66.6934189847696,484.853121971167,15.55
03-05-2025 17:03:00,65.1691414769646,482.532957978647,15.55
03-05-2025 17:13:00,65.4789855119636,478.571617083886,15.55
03-05-2025 17:23:00,65.8853509183233,480.884833401237,15.55
03-05-2025 17:33:00,66.1917270362594,483.061379503021,15.54
03-05-2025 17:43:00,65.7293060118734,482.092339770614,15.54
03-05-2025 17:53:00,65.9391328965411,485.040615378375,15.53
03-05-2025 18:03:00,65.866212104513,485.752427834143,15.54
03-05-2025 18:13:00,66.9481683378582,485.748316113409,15.54
03-05-2025 18:23:00,66.0995961344278,485.840620142286,15.54
03-05-2025 18:33:00,67.3781067609094,490.509998246014,15.55
03-05-2025 18:43:00,67.0156068084862,491.221773989688,15.56
03-05-2025 18:53:00,65.5910030175362,491.643860985982,15.57
03-05-2025 19:03:00,66.4835039149879,502.783565130968,15.58
03-05-2025 19:13:00,68.631453434049,502.723492735204,15.59
03-05-2025 19:23:00,68.2688777213156,508.843797849404,15.6
03-05-2025 19:33:00,69.5443765860949,512.122082719896,15.6
03-05-2025 19:43:00,68.9850152696094,517.041963809684,15.6
03-05-2025 19:53:00,70.0710739555493,522.390815067552,15.61
03-05-2025 20:03:00,69.8013789914112,526.827944862999,15.61
03-05-2025 20:13:00,70.1111429659983,533.099955800494,15.61
03-05-2025 20:23:00,72.255886184792,536.281345143149,15.61
03-05-2025 20:33:00,72.1754285360712,546.275124157417,15.6
03-05-2025 20:43:00,72.5157458867299,570.319123697513,15.58
03-05-2025 20:53:00,72.8560512658913,905.892975598277,15.56
03-05-2025 21:03:00,73.1963446735556,915.06964293766,15.61
03-05-2025 21:13:00,73.5366261097227,924.246200203388,15.55
03-05-2025 21:23:00,73.8768955743926,829.594335333873,15.5
03-05-2025 21:33:00,74.917435525015,743.206010226238,15.4
03-05-2025 21:43:00,74.7798979055197,710.331575478866,15.25
03-05-2025 21:53:00,74.8150435128674,775.418988382982,15
03-05-2025 22:03:00,74.850177148718,886.836491342113,14.88
03-05-2025 22:13:00,74.8852988130713,997.895129296672,14.85
03-05-2025 22:23:00,74.9204085059275,1039.00919178212,14.9
03-05-2025 22:33:00,74.9555062272865,1020.539622744,14.84
03-05-2025 22:43:00,74.9905919771483,1002.06994363223,14.87
03-05-2025 22:53:00,75.025665755513,975.809682786361,14.84
03-05-2025 23:03:00,75.0607275623804,1031.86932004441,14.84
03-05-2025 23:13:00,73.1487597286138,1090.55054821266,14.81
03-05-2025 23:23:00,73.180294714629,1103.09126448969,14.84
03-05-2025 23:33:00,70.4271078917433,1110.64428778133,14.87
03-05-2025 23:43:00,69.0280448010692,1109.91519579137,14.93
03-05-2025 23:53:00,70.5775021569722,958.735966784573,14.91
03-06-2025 00:03:00,72.0304337629726,900.281748582274,14.89
03-06-2025 00:13:00,73.1948351627304,880.15946795872,14.87
03-06-2025 00:23:00,72.5346839173466,824.711799796962,14.85
03-06-2025 00:33:00,71.5867466461985,745.666542561588,14.83
03-06-2025 02:23:00,69.3958078301467,579.582233734438,14.29
03-06-2025 02:33:00,68.7427964936622,582.780373368834,14.28
03-06-2025 02:43:00,69.9978479090693,565.574344285771,14.26
03-06-2025 02:53:00,70.2050145640256,558.547201779055,14.25
03-06-2025 03:03:00,70.6951305638717,586.162138819265,14.23
03-06-2025 03:13:00,69.2743685187294,579.948774682385,14.21
03-06-2025 03:23:00,70.6278315200824,592.410927272899,14.2
03-06-2025 03:33:00,69.1118810830134,604.823189607133,14.18
03-06-2025 03:43:00,70.6560404726333,603.14545523413,14.17
03-06-2025 03:53:00,69.0378381374964,610.872893881395,14.13
03-06-2025 04:03:00,70.2986268040056,614.876575298644,14.13
03-06-2025 04:13:00,70.5973059226475,615.536684935575,14.11
03-06-2025 04:23:00,69.1742769477062,620.538195765059,14.08
03-06-2025 04:33:00,70.8089635552581,626.636417620938,14.06
03-06-2025 04:43:00,69.4818297669284,636.212831517465,14.03
03-06-2025 04:53:00,70.7306097413768,640.157326044568,14
03-06-2025 05:03:00,69.9870705115212,673.248015665571,14
03-06-2025 05:13:00,70.0802908986775,740.613710567701,13.94
03-06-2025 05:23:00,68.4825260548486,752.773719618499,13.95
03-06-2025 05:33:00,69.444781507523,765.458585704474,13.92
03-06-2025 05:43:00,68.5993613284973,778.007846526516,13.9
03-06-2025 05:53:00,67.8494888251109,786.741478779154,13.88
03-06-2025 06:03:00,68.8183641160394,794.867518693447,13.87
03-06-2025 06:13:00,68.9225536691171,795.817355027539,13.84
03-06-2025 06:23:00,69.4112048234868,802.35340638004,13.82
03-06-2025 06:33:00,69.2401115207177,803.870072893724,13.82
03-06-2025 06:43:00,68.2083112131318,802.085620316689,13.81
03-06-2025 06:53:00,67.9351154563305,804.905183744496,13.79
03-06-2025 07:03:00,67.7606201719236,804.358814646421,13.78
03-06-2025 07:13:00,70.8233867051411,801.717774880416,13.77
03-06-2025 07:23:00,68.8362803387147,795.397362625246,13.75
03-06-2025 07:33:00,68.4748207944506,795.103932643097,13.75
03-06-2025 07:43:00,70.1053500342415,792.687951307629,13.73
03-06-2025 07:53:00,68.4148030269248,788.838715040714,13.74
03-06-2025 08:03:00,69.6751326340973,788.511076501168,13.75
03-06-2025 08:13:00,68.2767570806392,781.259409611025,13.78
03-06-2025 08:23:00,68.5886154713756,776.324896228239,13.8
03-06-2025 08:33:00,69.9518638711593,772.115400285236,13.83
03-06-2025 08:43:00,69.3113462293744,770.225863860906,13.85
03-06-2025 08:53:00,69.2423313247054,765.667535307628,13.87
03-06-2025 09:03:00,68.7885997142155,762.76379439203,13.88
03-06-2025 09:13:00,69.7749420685012,756.890799336741,13.92
03-06-2025 09:23:00,68.8513449292062,753.529909267901,13.95
03-06-2025 09:33:00,70.6011861342494,747.078122001165,13.99
03-06-2025 09:43:00,68.6347987327201,743.06486551134,14.04
03-06-2025 09:53:00,70.1029887327925,738.093717397772,14.09
03-06-2025 10:03:00,68.513328268919,733.252440968198,14.13
03-06-2025 10:13:00,68.6383231525441,730.643322773674,14.16
03-06-2025 10:23:00,69.5416380755523,725.679042327041,14.23
03-06-2025 10:33:00,69.8651725285487,719.067641782591,14.28
03-06-2025 10:43:00,69.2291798679658,701.208278337321,14.32
03-06-2025 10:53:00,68.8083661366979,681.412616101196,14.43
03-06-2025 11:03:00,69.5290876092012,676.419153415226,14.52
03-06-2025 11:13:00,70.3250487052552,676.27757925693,14.55
03-06-2025 11:23:00,69.6771371285011,669.99555976279,14.56
03-06-2025 11:33:00,67.9684759404052,656.904202279541,14.55
03-06-2025 11:43:00,68.1106221659726,640.335357096094,14.63
03-06-2025 11:53:00,67.1154048454685,622.788318841567,14.75
03-06-2025 12:03:00,67.4525244265445,603.914767348684,14.84
03-06-2025 12:13:00,68.0611972852955,591.701171443997,14.88
03-06-2025 12:23:00,67.6236881772184,575.483336036399,14.95
03-06-2025 12:33:00,67.0034025780624,566.878431594687,15.05
03-06-2025 12:43:00,66.8533046134031,560.053501298235,15.12
03-06-2025 12:53:00,66.4010631872868,553.625956841397,15.15
03-06-2025 13:03:00,66.5294231754677,550.606966826494,15.19
03-06-2025 13:13:00,65.6050641636107,548.345175081295,15.25
03-06-2025 13:23:00,65.2643314680292,546.647722109333,15.33
03-06-2025 13:33:00,65.7909925857304,547.840549811599,15.41
03-06-2025 13:43:00,65.8293427561017,547.019506726008,15.47
03-06-2025 13:53:00,66.5367276440061,547.65639925765,15.51
03-06-2025 14:03:00,66.3691579513803,549.848938730168,15.53
03-06-2025 14:13:00,67.6562875510933,551.741621296255,15.57
03-06-2025 14:23:00,67.292292657118,555.823453603537,15.58
03-06-2025 14:33:00,67.9904238875023,557.491683594129,15.59
03-06-2025 14:43:00,68.2920719737357,560.960743339181,15.57
03-06-2025 14:53:00,67.6282865277493,562.787630267543,15.55
03-06-2025 15:03:00,67.2576023922379,565.526442668568,15.54
03-06-2025 15:13:00,67.9520666388548,568.019233808714,15.54
03-06-2025 15:23:00,66.6161835563203,569.888604239518,15.53
03-06-2025 15:33:00,65.576452110304,573.004485868042,15.54
03-06-2025 15:43:00,67.6985210459462,576.098097487351,15.48
03-06-2025 15:53:00,67.7071403631969,579.32331966097,15.45
03-06-2025 16:03:00,68.3771173813771,585.452031070519,15.38
03-06-2025 16:13:00,67.0229563721788,590.514371810664,15.31
03-06-2025 16:23:00,67.7922622784277,596.580398556567,15.25
03-06-2025 16:33:00,67.2198109103396,601.385895655605,15.21
03-06-2025 16:43:00,68.5692596075407,605.468103333916,15.16
03-06-2025 16:53:00,67.8011842947838,609.451039021476,15.11
03-06-2025 17:03:00,66.6425058911142,615.259707083761,15.04
03-06-2025 17:13:00,68.7593218729487,616.832530413913,14.99
03-06-2025 17:33:00,68.0680348730285,623.497411366672,14.88
03-06-2025 17:43:00,66.8251389978982,626.553373260719,14.84
03-06-2025 17:53:00,67.6910729165522,631.478573636703,14.79
03-06-2025 18:03:00,65.6816767202394,631.364201291547,14.75
03-06-2025 18:13:00,65.3322668742666,623.047288784534,14.8
03-06-2025 18:23:00,65.2171670462047,600.213717872054,14.68
03-06-2025 18:33:00,66.3379703531432,607.459141153942,14.53
03-06-2025 18:43:00,65.7343032033787,595.651676580892,14.38
03-06-2025 18:53:00,68.2064568587604,591.263046598797,14.28
03-06-2025 19:03:00,63.3380955189214,547.492359905096,14.24
03-06-2025 19:13:00,57.4496492078703,436.381305438085,14.31
03-06-2025 19:23:00,58.1245458632422,455.887846180784,14.26
03-06-2025 19:33:00,59.07495888661,427.482533564808,14.17
03-06-2025 19:43:00,60.8719204030714,396.993334707398,14.04
03-06-2025 19:53:00,60.6747158958498,390.03476340082,13.95
03-06-2025 20:03:00,60.8533760797293,394.174699064791,13.84
03-06-2025 20:13:00,60.9393409746573,398.052192436652,13.74
03-06-2025 20:23:00,61.0279649296762,391.965892974515,13.65
03-06-2025 20:33:00,61.5945933971447,384.7762045882,13.57
03-06-2025 20:43:00,59.8803296753444,369.234794896739,13.49
03-06-2025 20:53:00,61.2010337753274,361.444994602412,13.39
03-06-2025 21:03:00,60.3162214618682,349.855688524574,13.21
03-06-2025 21:13:00,58.1574719232848,317.33488726259,12.85
03-06-2025 21:23:00,58.7654831643704,306.198103332925,12.57
03-06-2025 21:33:00,56.6384387475435,300.453999765571,12.28
03-06-2025 21:43:00,58.4351869900573,308.351876752678,12.24
03-06-2025 21:53:00,58.1424278793646,333.909277582717,12.5
03-06-2025 22:03:00,59.2109466201722,332.130033383277,12.55
03-06-2025 22:13:00,57.9579177747288,320.752564763494,12.37
03-06-2025 22:23:00,55.6318499027416,295.476117868179,12.01
03-06-2025 22:33:00,57.3812196564309,287.960272482322,11.79
03-06-2025 22:43:00,57.3823928463081,292.863828505329,11.72
03-06-2025 22:53:00,58.3304745605324,294.75532604764,11.69
03-06-2025 23:03:00,57.2217000884062,303.716661292878,11.68
03-06-2025 23:13:00,57.5234905406914,314.783264578273,11.69
03-06-2025 23:23:00,57.3542688063424,315.238108834162,11.69
03-06-2025 23:33:00,57.3748968909471,329.305255900645,11.7
03-06-2025 23:43:00,57.2969353025337,338.076845716672,11.69
03-06-2025 23:53:00,58.345976464343,343.217124407942,11.69
03-07-2025 00:03:00,58.9264291890206,346.201841283637,11.69
03-07-2025 00:13:00,59.0382934765665,357.058532708338,11.69
03-07-2025 00:23:00,59.2412955965025,362.359817479317,11.68
03-07-2025 00:33:00,57.7625414471361,366.776027816531,11.69
03-07-2025 00:43:00,57.8768293766229,371.473922920057,11.7
03-07-2025 00:53:00,57.618641032681,381.542446851298,11.72
03-07-2025 01:03:00,59.5140426046526,387.367128119187,11.73
03-07-2025 01:13:00,57.5708022143944,385.185436949082,11.76
03-07-2025 01:23:00,57.9663892993624,387.073390787535,11.77
03-07-2025 01:33:00,59.6775199613925,391.89683922098,11.79
03-07-2025 01:43:00,58.4738419295839,391.47805165759,11.78
03-07-2025 01:53:00,59.0520053561844,390.684169531991,11.77
03-07-2025 02:03:00,60.6668083754046,388.164522618104,11.78
03-07-2025 02:13:00,58.903010350551,378.39569873772,11.78
03-07-2025 02:23:00,60.6462282064795,404.012696421588,11.92
03-07-2025 02:33:00,59.5376665175509,400.335117903423,11.92
03-07-2025 02:43:00,59.1495951303356,355.328585221406,11.8
03-07-2025 02:53:00,59.3066495402766,316.245309191578,11.61
03-07-2025 03:03:00,60.4116703217985,304.035796881656,11.47
03-07-2025 03:13:00,60.1332923422615,304.266296821171,11.41
03-07-2025 03:23:00,58.9204212617548,285.708255795214,11.35
03-07-2025 03:33:00,54.9974237950798,250.916333476391,10.86
03-07-2025 03:43:00,53.2740871952143,250.494543604879,9.2
03-07-2025 03:53:00,55.0211812881548,250.072643659711,8.27
03-07-2025 04:03:00,52.7489391582186,249.650633640889,7.78
03-07-2025 04:13:00,53.6688291906293,249.228513548412,7.74
03-07-2025 04:23:00,53.2559323301151,248.806283382279,7.86
03-07-2025 04:33:00,54.4425672556123,248.383943142492,8.22
03-07-2025 04:43:00,53.2507447331411,247.961492829049,8.56
03-07-2025 04:53:00,54.426345530548,247.538932441952,8.84
03-07-2025 05:03:00,54.3947157441253,247.116261981199,9.04
03-07-2025 05:13:00,54.1704917687088,246.693481446792,9.2
03-07-2025 05:23:00,55.5945051325819,255.164238689831,9.32
03-07-2025 05:33:00,55.6365938710108,266.027479584283,9.43
03-07-2025 05:43:00,57.05730992411,276.409586077743,9.52
03-07-2025 05:53:00,56.3600913114105,288.762245855977,9.62
03-07-2025 06:03:00,55.8420160768631,296.844877704009,9.7
03-07-2025 06:13:00,55.2287258451789,310.45841549357,9.77
03-07-2025 06:23:00,56.7404752014526,317.06169705472,9.84
03-07-2025 06:33:00,56.9591868572715,325.42843161324,9.91
03-07-2025 06:43:00,55.7880905428768,331.467853158162,9.97
03-07-2025 06:53:00,56.0042170460292,338.437875860861,10.03
03-07-2025 07:03:00,56.3131043786771,343.839690677318,10.09
03-07-2025 07:13:00,55.3209555565479,345.307860850467,10.13
03-07-2025 07:23:00,57.2026757392333,349.765475549375,10.18
03-07-2025 07:33:00,56.7730736396906,356.685174918441,10.25
03-07-2025 07:43:00,56.8972115922737,359.691305585135,10.31
03-07-2025 07:53:00,56.7453593802305,365.879827233255,10.38
03-07-2025 08:03:00,57.8907630040568,369.913522420011,10.44
03-07-2025 08:13:00,58.1107700455804,375.183824777326,10.51
03-07-2025 08:23:00,56.5652102459091,375.812519755997,10.58
03-07-2025 08:33:00,56.6939960761355,380.001123998525,10.66
03-07-2025 08:43:00,57.0089971383217,382.240354026248,10.74
03-07-2025 08:53:00,55.8369251043271,383.018673156719,10.83
03-07-2025 09:03:00,56.6221420753099,385.594522396581,10.93
03-07-2025 09:13:00,56.2917641672776,387.454547834536,11.04
03-07-2025 09:23:00,58.4759692077072,387.676788133707,11.13
03-07-2025 09:33:00,56.9323842524464,388.045938814896,11.24
03-07-2025 09:43:00,56.596802319306,389.669860750271,11.33
03-07-2025 09:53:00,57.5747851666649,389.759561778688,11.44
03-07-2025 10:03:00,58.1774833271562,390.66436402987,11.54
03-07-2025 10:13:00,56.2562170628749,388.532370844961,11.66
03-07-2025 10:23:00,57.2199019193966,392.555293192745,11.7
03-07-2025 10:33:00,56.9700131241948,389.696741928612,11.76
03-07-2025 10:43:00,57.104391173264,389.66347039268,11.86
03-07-2025 10:53:00,58.2743247789838,386.745264839224,11.97
03-07-2025 11:03:00,56.9930985331477,387.756043493989,12.04
03-07-2025 11:13:00,56.5543239333947,388.552614921024,12.1
03-07-2025 11:23:00,57.2343831628472,391.216367802832,12.12
03-07-2025 11:33:00,57.1646755345063,391.462876748808,12.15
03-07-2025 11:43:00,56.9229414487386,391.334120554206,12.25
03-07-2025 11:53:00,56.4901544240796,393.155371075279,12.34
03-07-2025 12:03:00,57.552836706807,394.182640614051,12.38
03-07-2025 12:13:00,57.0118240031035,395.559864638445,12.41
03-07-2025 12:23:00,56.47963711305,396.858702331766,12.48
03-07-2025 12:33:00,57.6565878885526,399.145525857876,12.6
03-07-2025 12:43:00,55.9121301384564,397.429536517976,12.74
03-07-2025 12:53:00,56.7057174946272,400.393447783302,12.83
03-07-2025 13:03:00,57.308829658936,403.049258299545,12.91
03-07-2025 13:13:00,57.905490801753,406.285914766455,12.96
03-07-2025 13:23:00,56.7063297579193,407.091780075566,13.02
03-07-2025 13:33:00,56.8319940697756,407.140350247177,13.08
03-07-2025 13:43:00,56.3892196732626,407.85189876988,13.14
03-07-2025 13:53:00,57.8419684969121,405.340625987836,13.2
03-07-2025 14:03:00,57.3090297732831,405.822961219089,13.28
03-07-2025 14:13:00,56.868014556686,409.029632781885,13.35
03-07-2025 14:23:00,57.1884860779404,411.698146056917,13.43
03-07-2025 14:33:00,56.8487611559506,409.294952768659,13.53
03-07-2025 14:43:00,55.8427012498105,409.645776815891,13.63
03-07-2025 14:53:00,57.2123204668678,410.063401121149,13.72
03-07-2025 15:03:00,58.0099513481022,413.785917923909,13.8
03-07-2025 15:13:00,57.0886004366927,414.50098364416,13.86
03-07-2025 15:23:00,57.3985314576233,414.748790985859,13.89
03-07-2025 15:33:00,57.2296394226528,419.066297586314,13.91
03-07-2025 15:43:00,58.9648193344031,418.112798240096,13.92
03-07-2025 15:53:00,57.7402766982819,420.913858694483,13.91
03-07-2025 16:03:00,57.6572519559908,423.970956651682,13.89
03-07-2025 16:13:00,56.6236621882693,421.720237979601,13.88
03-07-2025 16:23:00,58.160555624692,425.252819327449,13.86
03-07-2025 16:33:00,58.1751359917034,423.383486091469,13.85
03-07-2025 16:43:00,56.5702116987724,426.087055855396,13.84
03-07-2025 16:53:00,58.3947758646112,428.790139239424,13.83
03-07-2025 17:03:00,58.4068981878465,429.367579526117,13.81
03-07-2025 17:13:00,57.1787376637208,431.34343642938,13.78
03-07-2025 17:23:00,56.903123384856,433.98477932628,13.75
03-07-2025 17:33:00,58.0552793462427,435.673147724748,13.72
03-07-2025 17:43:00,58.8262820113126,436.028581886043,13.69
03-07-2025 17:53:00,58.1651743871834,435.7530235447,13.64
03-07-2025 18:03:00,58.2628419492098,437.539435013768,13.58
03-07-2025 18:13:00,58.5552949283659,439.194691722059,13.54
03-07-2025 18:23:00,57.8950544147861,440.05859702432,13.49
03-07-2025 18:33:00,57.9950988274637,443.106287110955,13.44
03-07-2025 18:43:00,57.5300934339973,445.643348574622,13.41
03-07-2025 18:53:00,58.2044406397582,443.05310690438,13.38
03-07-2025 19:03:00,58.1144954139657,445.527906584775,13.33
03-07-2025 19:13:00,57.8349080754307,444.016947663086,13.28
03-07-2025 19:23:00,57.1808287062339,446.740466936685,13.25
03-07-2025 19:33:00,57.2809602684741,447.220854251217,13.2
03-07-2025 19:43:00,58.2315084918662,450.892006963608,13.14
03-07-2025 19:53:00,57.9593017959766,451.273682066314,13.12
03-07-2025 20:03:00,58.4402252652026,449.888711867704,13.08
03-07-2025 20:13:00,57.5029240826671,453.459054942506,13.05
03-07-2025 20:23:00,58.4522835250351,454.189438406499,12.99
03-07-2025 20:33:00,58.4618603200951,453.498326682034,12.96
03-07-2025 20:43:00,57.9014881878961,456.087548456024,12.92
03-07-2025 20:53:00,59.7056155794958,457.067605790298,12.88
03-07-2025 21:03:00,59.3367081124339,457.794642571685,12.85
03-07-2025 21:13:00,58.5898727908805,455.591136684863,12.82
03-07-2025 21:23:00,59.4498996806019,458.019216341659,12.79
03-07-2025 21:33:00,58.606521742155,457.958633537083,12.75
03-07-2025 21:43:00,59.0882743285323,461.51831919386,12.72
03-07-2025 21:53:00,58.1556922356848,462.274854487425,12.7
03-07-2025 22:03:00,58.4485241989969,460.544945847632,12.67
03-07-2025 22:13:00,57.893984924151,461.112492929703,12.65
03-07-2025 22:23:00,58.7530297245116,464.008075967198,12.62
03-07-2025 22:33:00,58.4793871380373,461.995749068021,12.59
03-07-2025 22:43:00,58.8662170715489,464.040794073249,12.56
03-07-2025 22:53:00,58.4087169223961,466.336561010011,12.55
03-07-2025 23:03:00,58.609173669563,466.713951191527,12.53
03-07-2025 23:13:00,57.9585581790831,465.173811759805,12.5
03-07-2025 23:23:00,58.5361088192202,466.211137560287,12.48
03-07-2025 23:33:00,58.1731508169398,465.865532546748,12.47
03-07-2025 23:43:00,57.9964653783523,466.713916066333,12.45
03-07-2025 23:53:00,59.327710271436,468.221706934202,12.43
03-08-2025 00:03:00,59.2451174421369,468.786721635163,12.41
03-08-2025 00:13:00,59.1577728158221,469.947831061124,12.37
03-08-2025 00:23:00,59.3577882830429,470.323925568253,12.35
03-08-2025 00:33:00,58.6207061089862,469.538678537384,12.35
03-08-2025 00:43:00,57.8744800977868,471.45229736858,12.31
03-08-2025 00:53:00,57.886293459126,470.321610583443,12.29
03-08-2025 01:03:00,58.2746089578986,469.850130678299,12.27
03-08-2025 01:13:00,59.5098244293615,470.131671085299,12.25
03-08-2025 01:23:00,58.1121631755819,466.868501222382,12.24
03-08-2025 01:33:00,59.2506352422269,469.189028471304,12.21
03-08-2025 01:43:00,58.2274145245264,471.163717069363,12.19
03-08-2025 01:53:00,57.2022773128551,471.319233678786,12.16
03-08-2025 02:03:00,58.7233642449686,471.286886778663,12.16
03-08-2025 02:13:00,59.6753312336764,471.755821019862,12.14
03-08-2025 02:23:00,59.3130833082653,472.538125851937,12.13
03-08-2025 02:33:00,58.008394817733,473.006675942468,12.11
03-08-2025 02:43:00,58.5817709878278,471.563691270678,12.08
03-08-2025 02:53:00,57.7498190680389,474.31918808827,12.07
03-08-2025 03:03:00,59.7325287415834,472.500455374088,12.04
03-08-2025 03:13:00,58.5202820482506,475.567570692403,12.01
03-08-2025 03:23:00,58.8159789188035,477.757547375924,12
03-08-2025 03:33:00,58.4541226293852,475.908198421008,11.99
03-08-2025 03:43:00,57.9983903923837,474.904348997967,11.98
03-08-2025 03:53:00,58.3856534933353,475.653433991664,11.96
03-08-2025 04:03:00,58.6765873255368,474.211343191438,11.93
03-08-2025 04:13:00,59.1574595422154,475.054070250522,11.91
03-08-2025 04:23:00,57.4816802248211,474.613865775059,11.9
03-08-2025 04:33:00,57.8665127029149,475.612537501796,11.87
03-08-2025 04:43:00,59.1002361435657,478.362738545816,11.86
03-08-2025 04:53:00,59.2992945969536,478.453658191386,11.84
03-08-2025 05:03:00,59.4068360222171,476.605976679672,11.83
03-08-2025 05:13:00,59.6972093999009,477.32220338272,11.8
03-08-2025 05:23:00,58.7730230668141,479.22650813913,11.79
03-08-2025 05:33:00,59.3494330650089,479.067311329788,11.78
03-08-2025 05:43:00,60.5797095984927,478.970326599652,11.76
03-08-2025 05:53:00,58.3408291627957,477.842077824533,11.74
03-08-2025 06:03:00,57.9773502568503,477.651500787718,11.72
03-08-2025 06:13:00,58.2677697647411,480.241082770031,11.69
03-08-2025 06:23:00,58.466633002912,479.675358537442,11.67
03-08-2025 06:33:00,58.9464898172453,481.826691594977,11.65
03-08-2025 06:43:00,60.2716572318212,480.168211026794,11.64
03-08-2025 06:53:00,58.6881846368436,480.320465235306,11.61
03-08-2025 07:03:00,59.8232802484775,479.286706856463,11.59
03-08-2025 07:13:00,59.2750076195834,478.939931243343,11.58
03-08-2025 07:23:00,59.2885901997715,479.810329354904,11.57
03-08-2025 07:33:00,59.8639006351713,480.586899837721,11.56
03-08-2025 07:43:00,60.3479032457639,479.896726760002,11.56
03-08-2025 07:53:00,58.0254248645561,480.923028776464,11.57
03-08-2025 08:03:00,58.5117029702252,481.387514283486,11.58
03-08-2025 08:13:00,58.8153235744505,481.540111556584,11.61
03-08-2025 08:23:00,57.7072585431703,480.380851234095,11.61
03-08-2025 08:33:00,59.2285691319903,479.033989587729,11.64
03-08-2025 08:43:00,58.595425023499,480.122524533678,11.67
03-08-2025 08:53:00,58.4328406932618,477.587195374245,11.71
03-08-2025 09:03:00,60.239051002777,477.956565996045,11.75
03-08-2025 09:13:00,59.797820882216,476.856287121757,11.8
03-08-2025 09:23:00,59.3562327437358,476.786996618079,11.85
03-08-2025 09:33:00,60.0406586085375,475.872578690797,11.9
03-08-2025 09:43:00,58.6620507127738,473.391557656229,11.96
03-08-2025 09:53:00,59.3513794011737,472.629666664063,12.03
03-08-2025 10:03:00,59.757037906213,473.340026985512,12.09
03-08-2025 10:13:00,57.9148732693902,470.975225084045,12.19
03-08-2025 10:23:00,57.954940736307,467.977629062695,12.3
03-08-2025 10:33:00,58.7534219671759,466.919480317319,12.43
03-08-2025 10:43:00,58.9943207396359,465.477301672379,12.59
03-08-2025 10:53:00,58.385503243248,462.802754713478,12.75
03-08-2025 11:03:00,59.9578008530917,462.102423985124,12.94
03-08-2025 11:13:00,58.5928993995365,459.918506998608,13.11
03-08-2025 11:23:00,58.832355327565,458.14315611359,13.26
03-08-2025 11:33:00,59.7298746606423,456.274523346833,13.38
03-08-2025 11:43:00,59.4958532307732,453.444603018519,13.53
03-08-2025 11:53:00,58.7969829856378,451.990432921129,13.73
03-08-2025 12:03:00,58.0891712295874,450.252942044989,13.9
03-08-2025 12:13:00,57.5791417913055,445.762266160514,14.11
03-08-2025 12:23:00,59.3598623137738,446.39060341404,14.31
03-08-2025 12:33:00,58.5560014319119,445.5260233594,14.49
03-08-2025 12:43:00,58.6173159936757,444.61990150889,14.69
03-08-2025 12:53:00,58.6718620657364,441.223524573586,14.86
03-08-2025 13:03:00,59.6903176453105,441.30716738317,15.04
03-08-2025 13:13:00,58.8774984448796,439.600229280687,15.2
03-08-2025 13:23:00,58.1544680513228,442.168603390832,15.34
03-08-2025 13:33:00,59.1594392464269,443.304960703364,15.45
03-08-2025 13:43:00,59.0994674144657,443.130240062415,15.54
03-08-2025 13:53:00,58.7472857568931,442.250006902847,15.62
03-08-2025 14:03:00,57.423754140812,442.857189798492,15.68
03-08-2025 14:13:00,59.8693380813976,444.818074758666,15.74
03-08-2025 14:23:00,59.5098861830939,445.107323465904,15.79
03-08-2025 14:33:00,58.2748153676954,448.144115952863,15.82
03-08-2025 14:43:00,58.2002604464994,447.698766802427,15.85
03-08-2025 14:53:00,56.8696455188874,448.540250510828,15.89
03-08-2025 15:03:00,58.9268758199185,448.123339829777,15.93
03-08-2025 15:13:00,57.4965525196579,448.839007333901,15.96
03-08-2025 15:23:00,59.0730307122131,450.388129836743,16.01
03-08-2025 15:33:00,57.8378482858444,452.974858574813,16.05
03-08-2025 15:43:00,57.8621061813793,450.231182244527,16.09
03-08-2025 15:53:00,57.5910121778644,451.015004065743,16.11
03-08-2025 16:03:00,59.7417212455625,451.478719588769,16.12
03-08-2025 16:13:00,56.9515325973035,451.903920921624,16.15
03-08-2025 16:23:00,57.1607698060553,451.659323109242,16.15
03-08-2025 16:33:00,59.21508002607,452.510749310149,16.16
03-08-2025 16:43:00,57.0016158077043,450.743110991119,16.17
03-08-2025 16:53:00,58.3748697535034,449.334084753243,16.17
03-08-2025 17:03:00,58.0020783034875,449.282974438403,16.17
03-08-2025 17:13:00,58.0172823096006,450.395776332786,16.17
03-08-2025 17:23:00,58.1317240097827,447.754214767481,16.18
03-08-2025 17:33:00,58.1446562642419,445.054905061877,16.17
03-08-2025 17:43:00,57.3838095006111,444.227339597164,16.17
03-08-2025 17:53:00,57.5907674343367,444.147198473722,16.16
03-08-2025 18:03:00,57.0196343233293,438.316782684637,16.14
03-08-2025 18:13:00,56.5498710894901,441.659238055134,16.14
03-08-2025 18:23:00,55.8799459061008,438.807901936909,16.11
03-08-2025 18:33:00,58.1205742853023,438.215299758516,16.09
03-08-2025 18:43:00,55.9988251543973,437.719773648637,16.07
03-08-2025 18:53:00,57.0736373508659,436.905859456431,16.04
03-08-2025 19:03:00,58.2425791397981,435.192790335161,16
03-08-2025 19:13:00,57.7644623502228,435.320841844859,15.96
03-08-2025 19:23:00,58.3493319180309,435.130862629727,15.91
03-08-2025 19:33:00,58.1596082729977,433.973437502908,15.86
03-08-2025 19:43:00,59.0340544012373,433.494096619635,15.81
03-08-2025 19:53:00,57.9695668527827,433.92738390536,15.74
03-08-2025 20:03:00,57.4881578263178,433.807927296896,15.68
03-08-2025 20:13:00,57.7776986519686,433.854571094609,15.61
03-08-2025 20:23:00,56.8099797142573,432.136722000432,15.53
03-08-2025 20:33:00,58.5420574500526,430.394245065932,15.44
03-08-2025 20:43:00,59.209210401298,431.422548408797,15.34
03-08-2025 20:53:00,58.6279186350237,429.999375756151,15.26
03-08-2025 21:03:00,58.0429601268061,428.90972807249,15.16
03-08-2025 21:13:00,57.5594013395793,428.644684496103,15.08
03-08-2025 21:23:00,59.6740487258958,430.233217313468,15.01
03-08-2025 21:33:00,57.6486240087778,430.298834284245,14.91
03-08-2025 21:43:00,57.6440849266814,430.679259892503,14.82
03-08-2025 21:53:00,58.986964471825,430.441250971389,14.75
03-08-2025 22:03:00,58.3104337343021,429.191742062746,14.66
03-08-2025 22:13:00,57.9222590204802,429.572824301568,14.57
03-08-2025 22:23:00,58.7814260292265,427.778030535278,14.49
03-08-2025 22:33:00,59.6395379199567,431.152549935135,14.41
03-08-2025 22:43:00,58.1059836628665,429.646234002063,14.33
03-08-2025 22:53:00,58.9634660475698,429.862137477123,14.25
03-08-2025 23:03:00,59.2491177194504,429.340235480662,14.18
03-08-2025 23:13:00,58.8639999618285,428.697325643181,14.1
03-08-2025 23:23:00,59.4355953700797,430.752859310951,14.03
03-08-2025 23:33:00,59.0552943429847,427.492689066959,13.97
03-08-2025 23:43:00,59.437870720767,426.999787623176,13.91
03-08-2025 23:53:00,58.7721079152006,427.269621103583,13.85
03-09-2025 00:03:00,58.6761242428278,428.275069109582,13.78
03-09-2025 00:13:00,59.914911440111,427.687688794723,13.72
03-09-2025 00:23:00,59.2521482738995,429.029670217063,13.67
03-09-2025 00:33:00,58.6871936987112,430.016388915185,13.63
03-09-2025 00:43:00,58.7837479227528,428.573545297575,13.57
03-09-2025 00:53:00,58.6923618463961,428.583426559528,13.52
03-09-2025 01:03:00,57.8389661324652,427.902546866864,13.46
03-09-2025 01:13:00,58.6975228197188,426.868379834235,13.41
03-09-2025 01:23:00,58.606280627633,426.024902572087,13.36
03-09-2025 01:33:00,58.801934685383,426.346333038954,13.32
03-09-2025 01:43:00,58.2364693761212,425.314059991434,13.27
03-09-2025 01:53:00,58.9083937020214,426.419742354982,13.24
03-09-2025 03:03:00,58.7245750988909,426.266867386988,13.2
03-09-2025 03:13:00,58.8251725196041,425.166430296516,13.16
03-09-2025 03:23:00,58.2625261151627,426.814156033738,13.12
03-09-2025 03:33:00,59.5921952763189,426.541166124606,13.07
03-09-2025 03:43:00,59.5053053063527,428.497090670595,13.04
03-09-2025 03:53:00,57.9964270747168,429.479815237847,13
03-09-2025 04:03:00,59.6110640461433,427.244751289858,12.96
03-09-2025 04:13:00,58.5760449985905,426.619203857128,12.92
03-09-2025 04:23:00,59.3362003119318,425.401364895767,12.87
03-09-2025 04:33:00,59.2450670674793,424.373568789735,12.82
03-09-2025 04:43:00,58.6858906242342,423.774825643714,12.79
03-09-2025 04:53:00,59.2563148127398,423.976426542661,12.74
03-09-2025 05:03:00,58.9764383249442,425.594382794105,12.69
03-09-2025 05:13:00,59.6451676289148,424.901605756853,12.66
03-09-2025 05:23:00,59.3675160516952,424.939114070792,12.62
03-09-2025 05:33:00,59.3730814719867,425.165331745333,12.58
03-09-2025 05:43:00,59.0978581472119,424.944900552346,12.55
03-09-2025 05:53:00,58.8184349882464,427.12613471705,12.5
03-09-2025 06:03:00,58.3549543235587,424.265818083311,12.47
03-09-2025 06:13:00,60.1536771022439,425.459547819768,12.44
03-09-2025 06:23:00,59.5936501384156,425.025869526906,12.4
03-09-2025 06:33:00,59.6933085029205,425.628604143547,12.36
03-09-2025 06:43:00,59.4162472368732,424.912707863818,12.32
03-09-2025 06:53:00,59.8005225845257,424.033830330909,12.29
03-09-2025 07:03:00,58.9610439448409,425.696616561168,12.26
03-09-2025 07:13:00,60.2839749835438,423.381728135046,12.22
03-09-2025 07:23:00,59.5388935082709,423.444580124416,12.19
03-09-2025 07:33:00,58.6958282780408,423.740130192923,12.14
03-09-2025 07:43:00,58.0476485488715,422.699323499571,12.12
03-09-2025 07:53:00,60.4056144219066,422.48028691725,12.09
03-09-2025 08:03:00,59.6634215175442,421.909930445983,12.07
03-09-2025 08:13:00,58.4494811683436,421.59716478015,12.04
03-09-2025 08:23:00,59.0231487216285,422.154492855737,12.02
03-09-2025 08:33:00,60.3481188366442,421.490449939499,12
03-09-2025 08:43:00,61.0175301134326,421.226615319738,11.99
03-09-2025 08:53:00,59.0570341642893,419.929611404073,11.98
03-09-2025 09:03:00,59.6368931357997,419.714206198446,11.99
03-09-2025 09:13:00,58.52387887928,418.441230314536,11.99
03-09-2025 09:23:00,59.5755781208277,418.907092393529,12.01
03-09-2025 09:33:00,59.7797668876195,420.100372348272,12.02
03-09-2025 09:43:00,59.8004620981409,418.147220650211,12.05
03-09-2025 09:53:00,60.1971184398178,417.508860844898,12.08
03-09-2025 10:03:00,59.5663332390267,417.600007980579,12.14
03-09-2025 10:13:00,60.3438783387968,414.938884133926,12.19
03-09-2025 10:23:00,58.5832179275932,415.78122664294,12.25
03-09-2025 10:33:00,60.4033790369504,416.200933160542,12.33
03-09-2025 10:43:00,59.0176762119542,412.521800125093,12.39
03-09-2025 10:53:00,58.9524193278366,411.784462735987,12.46
03-09-2025 11:03:00,59.5494495826941,412.012648685106,12.54
03-09-2025 11:13:00,58.4462557185793,411.934075583174,12.61
03-09-2025 11:23:00,59.3290573343952,409.824462597932,12.7
03-09-2025 11:33:00,59.0833181051367,410.498866938522,12.81
03-09-2025 11:43:00,60.3506546594582,407.579291078511,12.92
03-09-2025 11:53:00,58.5968320881594,406.333045905612,13.06
03-09-2025 12:03:00,58.3559768670372,404.893936752805,13.2
03-09-2025 12:13:00,60.2994980280346,401.860615360308,13.35
03-09-2025 12:23:00,58.163844441963,401.40785250783,13.51
03-09-2025 12:33:00,59.7333559489955,399.71648811291,13.67
03-09-2025 12:43:00,58.1632020392734,398.210806911834,13.83
03-09-2025 12:53:00,59.4525508896862,394.52938224877,14
03-09-2025 13:03:00,57.875896030754,395.377275563501,14.15
03-09-2025 13:13:00,57.7316417238989,393.284987203121,14.31
03-09-2025 13:23:00,59.4993472091873,392.409207944288,14.46
03-09-2025 13:33:00,58.2044991515969,390.189117591484,14.61
03-09-2025 13:43:00,58.3415239121949,389.550455782651,14.74
03-09-2025 13:53:00,59.8231302804362,387.469569982875,14.87
03-09-2025 14:03:00,59.3830631083744,386.900160721,14.99
03-09-2025 14:13:00,59.1323722179649,386.40369606154,15.1
03-09-2025 14:23:00,57.5292219827857,383.648582291913,15.19
03-09-2025 14:33:00,58.9078931276844,384.720887112814,15.27
03-09-2025 14:43:00,58.1636235862901,382.474411616766,15.33
03-09-2025 14:53:00,58.8648319007776,383.889217804321,15.39
03-09-2025 15:03:00,59.3715617241187,384.801223147062,15.44
03-09-2025 15:13:00,58.821590995118,382.282682040149,15.51
03-09-2025 15:23:00,58.0778815800762,383.333605583398,15.58
03-09-2025 15:33:00,59.3643061369566,381.604911803705,15.66
03-09-2025 15:43:00,59.971092874797,381.571371514685,15.72
03-09-2025 15:53:00,58.0661417926204,380.591561212085,15.79
03-09-2025 16:03:00,57.9997406017054,381.566884469105,15.87
03-09-2025 16:13:00,57.9373900137899,381.036026951085,15.97
03-09-2025 16:23:00,57.9676654225008,379.783233035092,16.05
03-09-2025 16:33:00,58.7780174884682,381.770995069801,16.15
03-09-2025 16:43:00,58.2328349434867,380.676549211847,16.26
03-09-2025 16:53:00,58.3625198632386,379.537601099537,16.35
03-09-2025 17:03:00,59.265638873571,380.104155648901,16.42
03-09-2025 17:13:00,59.393957668456,378.747047367376,16.5
03-09-2025 17:23:00,58.8368997930925,379.778578326031,16.56
03-09-2025 17:33:00,59.6421187718981,380.324036173774,16.62
03-09-2025 17:43:00,58.5976497137694,380.187952079798,16.68
03-09-2025 17:53:00,58.6196987067804,380.399001700889,16.72
03-09-2025 18:03:00,58.5421587410305,379.906741082418,16.75
03-09-2025 18:13:00,58.1742627781088,381.77440782701,16.79
03-09-2025 18:23:00,59.5590064605646,381.866739151683,16.82
03-09-2025 18:33:00,58.2159016454165,381.589937271581,16.86
03-09-2025 18:43:00,59.6967129530871,382.343517258798,16.88
03-09-2025 18:53:00,57.1800609676697,382.337834042134,16.91
03-09-2025 19:03:00,58.2751408810274,382.157882005528,16.95
03-09-2025 19:13:00,58.0975359615132,382.521038737319,16.97
03-09-2025 19:23:00,58.5035073158797,384.327283698831,16.98
03-09-2025 19:33:00,56.8593293320934,385.157382691074,16.99
03-09-2025 19:43:00,60.777843081365,386.844754622415,16.99
03-09-2025 19:53:00,57.6650368266149,386.753290618647,16.98
03-09-2025 20:03:00,60.2120212132228,388.299676530179,16.96
03-09-2025 20:13:00,58.4621180773387,389.726342417667,16.93
03-09-2025 20:23:00,59.6376123787444,389.764916858243,16.89
03-09-2025 20:33:00,59.5445904249605,390.58366477194,16.85
03-09-2025 20:43:00,58.4746115532459,391.477751461712,16.8
03-09-2025 20:53:00,60.1361501253555,393.367429580614,16.76
03-09-2025 21:03:00,58.5796234843908,394.454728591576,16.71
03-09-2025 21:13:00,58.6775802183616,395.519331818872,16.65
03-09-2025 21:23:00,57.7049050341231,395.220525188055,16.59
03-09-2025 21:33:00,58.3868384757774,395.116650926821,16.53
03-09-2025 21:43:00,57.8041378013595,397.832648795085,16.47
03-09-2025 21:53:00,61.2019298751378,398.072590949325,16.39
03-09-2025 22:03:00,60.1284852840319,399.67191584911,16.31
03-09-2025 22:13:00,57.8877326908399,401.807247949721,16.21
03-09-2025 22:23:00,60.2118884471131,401.172006485704,16.13
03-09-2025 22:33:00,58.1721534820254,404.414159489442,16.05
03-09-2025 22:43:00,60.2004655778536,403.75613968969,15.96
03-09-2025 22:53:00,59.9055346794185,403.798911958439,15.88
03-09-2025 23:03:00,58.2527511422245,406.215032228902,15.78
03-09-2025 23:13:00,59.6002840147659,406.330844001337,15.69
03-09-2025 23:23:00,60.1777762971304,407.167506487687,15.62
03-09-2025 23:33:00,58.9141920831728,406.681419202985,15.52
03-09-2025 23:43:00,60.2585529939029,407.858124618216,15.43
03-09-2025 23:53:00,59.1937677136553,407.89924162986,15.35
03-10-2025 00:03:00,59.6693265733426,409.26655087408,15.26
03-10-2025 00:13:00,59.3785013837037,410.388397515397,15.19
03-10-2025 00:23:00,59.0858881412348,409.658727833732,15.11
03-10-2025 00:33:00,58.8876977041189,409.965302457502,15.02
03-10-2025 00:43:00,59.4626056606037,411.085119267097,14.95
03-10-2025 00:53:00,59.7487956852714,411.051464055496,14.88
03-10-2025 01:03:00,61.4720959570407,411.379466175347,14.8
03-10-2025 01:13:00,59.5528273552552,412.42356703742,14.74
03-10-2025 01:23:00,59.5487527706443,413.996946234337,14.66
03-10-2025 01:33:00,60.3155334236776,413.505736229533,14.6
03-10-2025 01:43:00,60.3153650335086,414.260211522096,14.54
03-10-2025 01:53:00,58.3027283352525,413.842780455881,14.47
03-10-2025 02:03:00,59.0668790330818,414.095660534589,14.4
03-10-2025 02:13:00,59.6432082182305,414.202032150847,14.35
03-10-2025 02:23:00,58.6853522407899,415.123816159239,14.28
03-10-2025 02:33:00,59.2592008684945,416.83161146758,14.22
03-10-2025 02:43:00,59.2574332630814,414.982023638167,14.15
03-10-2025 02:53:00,59.2535819866392,414.543801834263,14.07
03-10-2025 03:03:00,58.7790134773253,415.89030822487,14.02
03-10-2025 03:13:00,58.5868220342011,415.569950818883,13.95
03-10-2025 03:23:00,59.3498640855071,414.986491081416,13.89
03-10-2025 03:33:00,60.3027160591509,416.118286018212,13.83
03-10-2025 03:43:00,59.5387547481628,416.179436169113,13.76
03-10-2025 03:53:00,58.967979055625,414.930702528026,13.7
03-10-2025 04:03:00,59.4440274428082,416.06116062149,13.64
03-10-2025 04:13:00,60.0147115816295,415.859628391418,13.58
03-10-2025 04:23:00,59.3473967663866,417.061522831341,13.51
03-10-2025 04:33:00,59.3497550242518,416.312270833248,13.46
03-10-2025 04:43:00,60.111712572568,416.228302131226,13.41
03-10-2025 04:53:00,58.9727605638131,415.837576274303,13.35
03-10-2025 05:03:00,60.018828594217,417.461656792202,13.3
03-10-2025 05:13:00,60.7795913653271,417.282701421226,13.25
03-10-2025 05:23:00,60.8783678552682,417.694926599696,13.21
03-10-2025 05:33:00,60.3115085915753,416.852717751745,13.16
03-10-2025 05:43:00,59.6524336765983,417.643811626014,13.12
03-10-2025 05:53:00,58.330781044866,417.582045664041,13.08
03-10-2025 06:03:00,58.9035716194554,418.183113406462,13.04
03-10-2025 06:13:00,60.235358117831,417.102119904022,13.01
03-10-2025 06:23:00,58.2502316412262,419.478837320781,12.96
03-10-2025 06:33:00,60.2456847162757,420.028677536866,12.94
03-10-2025 06:43:00,60.1551939753596,419.682602357725,12.9
03-10-2025 06:53:00,59.4028906271431,419.620415824064,12.86
03-10-2025 07:03:00,58.9406693069,420.191913590821,12.85
03-10-2025 07:13:00,60.1738453468321,419.089914307762,12.81
03-10-2025 07:23:00,60.4613943291072,419.878349528046,12.77
03-10-2025 07:33:00,60.0896586172933,419.743806271222,12.74
03-10-2025 07:43:00,59.8104503881854,420.342774134187,12.7
03-10-2025 07:53:00,60.4776158154767,421.246755016541,12.67
03-10-2025 08:03:00,60.4837156911229,420.262441275386,12.64
03-10-2025 08:13:00,58.789114177754,421.71010748442,12.6
03-10-2025 08:23:00,60.1163893112915,420.820548095106,12.57
03-10-2025 08:33:00,59.1793328631094,420.025704528062,12.54
03-10-2025 08:43:00,60.7909464626439,420.38477390913,12.52
03-10-2025 08:53:00,59.2944567059345,418.80718380751,12.52
03-10-2025 09:03:00,59.3048403187206,419.093797275074,12.51
03-10-2025 09:13:00,59.6944433811621,418.364824255353,12.51
03-10-2025 09:23:00,59.0467334087692,418.012941548645,12.51
03-10-2025 09:33:00,61.2301889353803,418.720002713324,12.52
03-10-2025 09:43:00,59.8279465946523,417.236169516896,12.52
03-10-2025 09:53:00,59.55328909915,416.840755535756,12.5
03-10-2025 10:03:00,59.280729912823,414.769801131616,12.49
03-10-2025 10:13:00,60.8016327010993,411.494596021949,12.49
03-10-2025 10:23:00,60.5332108491107,408.240151796835,12.5
03-10-2025 10:33:00,59.4221274578207,406.650382153393,12.54
03-10-2025 10:43:00,59.356307652887,405.047492751424,12.62
03-10-2025 10:53:00,59.0050700693509,402.571925534421,12.69
03-10-2025 11:03:00,60.5472657653773,403.724621925926,12.78
03-10-2025 11:13:00,60.7784061877617,404.319340385044,12.92
03-10-2025 11:23:00,59.7810117667739,406.166525826303,13.07
03-10-2025 11:33:00,60.030515143043,406.097157557193,13.3
03-10-2025 11:43:00,58.6652010150074,407.832403046633,13.53
03-10-2025 11:53:00,59.3956566027082,405.446006459871,13.79
03-10-2025 12:03:00,59.1707375426319,399.955067462366,14.03
03-10-2025 12:13:00,57.4118555509661,392.682904227843,14.25
03-10-2025 12:23:00,57.5576849834236,385.729594699498,14.45
03-10-2025 12:33:00,57.9856722530621,380.518782032039,14.62
03-10-2025 12:43:00,57.3591255503302,374.813755115474,14.79
03-10-2025 12:53:00,57.593793155045,367.729852432304,14.95
03-10-2025 13:03:00,57.3422937339414,364.03824384201,15.08
03-10-2025 13:13:00,57.0846182816139,360.671746520458,15.18
03-10-2025 13:23:00,56.3484978190109,356.273912116411,15.3
03-10-2025 13:33:00,57.3411151638898,351.624606136863,15.39
03-10-2025 13:43:00,55.9266527282605,345.74645033162,15.5
03-10-2025 13:53:00,55.2788831438178,342.143867303743,15.59
03-10-2025 14:03:00,56.756061892445,337.279615629691,15.68
03-10-2025 14:13:00,55.7211108139346,333.858611219494,15.77
03-10-2025 14:23:00,56.8098335066239,331.273269759362,15.84
03-10-2025 14:33:00,56.8385900184265,328.908004601731,15.93
03-10-2025 14:43:00,56.3810920978163,326.039974415206,16.01
03-10-2025 14:53:00,56.6966733933148,323.153625768013,16.08
03-10-2025 15:03:00,54.7835824155441,321.829802441614,16.16
03-10-2025 15:13:00,56.84359939105,319.69936933667,16.22
03-10-2025 15:23:00,55.4104535089626,319.217078427006,16.28
03-10-2025 15:33:00,55.1449668728671,318.956265304021,16.36
03-10-2025 15:43:00,56.1500463924069,317.097575453314,16.48
03-10-2025 15:53:00,55.1165231032352,316.625090842557,16.62
03-10-2025 16:03:00,55.0500332096244,317.473715732904,16.73
03-10-2025 16:13:00,56.5436083152253,316.95815089355,16.84
03-10-2025 16:23:00,55.1118055100829,317.514795336872,16.95
03-10-2025 16:33:00,54.7502918555026,319.327805390126,17.05
03-10-2025 16:43:00,57.029356289721,320.570814693209,17.16
03-10-2025 16:53:00,56.3788469194804,320.851174678953,17.28
03-10-2025 17:03:00,54.8472758578307,323.006790359155,17.41
03-10-2025 17:13:00,56.1488067537726,326.382822467365,17.5
03-10-2025 17:23:00,56.4638821120222,339.117949328863,17.55
03-10-2025 17:33:00,57.746602155768,345.276192634261,17.53
03-10-2025 17:43:00,57.7409519873813,349.553636526886,17.44
03-10-2025 17:53:00,57.1384435867758,354.133567455967,17.3
03-10-2025 18:03:00,57.7084658492404,356.43847505523,17.15
03-10-2025 18:13:00,56.8126131500808,355.711593390516,17
03-10-2025 18:23:00,56.5058438942597,358.319384968371,16.86
03-10-2025 18:33:00,55.1264140334499,356.910791851606,16.71
03-10-2025 18:43:00,55.9952466895704,355.961519159672,16.6
03-10-2025 18:53:00,57.0552165326646,354.12248785939,16.48
03-10-2025 19:03:00,55.5856531591571,351.882383578196,16.35
03-10-2025 19:13:00,56.16586307818,350.892215043806,16.27
03-10-2025 19:23:00,54.7096620688441,346.717644096699,16.2
03-10-2025 19:33:00,57.4116648673282,344.86284268569,16.06
03-10-2025 19:43:00,57.0208522508934,344.460983697203,15.98
03-10-2025 19:53:00,56.1376632079572,342.240744876999,15.85
03-10-2025 20:03:00,55.8397443353023,339.282162999472,15.74
03-10-2025 20:13:00,55.535449404894,335.979985129262,15.59
03-10-2025 20:23:00,56.1981589491142,331.735799048643,15.45
03-10-2025 20:33:00,55.131826435329,329.967011074427,15.35
03-10-2025 20:43:00,55.9039928248796,329.124593181384,15.29
03-10-2025 20:53:00,55.1313785131943,326.810722273435,15.21
03-10-2025 21:03:00,55.418130252202,326.424242821084,15.13
03-10-2025 21:13:00,55.5173382903335,325.695222184023,15.08
03-10-2025 21:23:00,56.0936802159436,325.516098847769,15.01
03-10-2025 21:33:00,54.3667877835723,327.190532196033,14.96
03-10-2025 21:43:00,54.6534610916888,326.901068374653,14.88
03-10-2025 21:53:00,54.6567705882584,327.997456160645,14.83
03-10-2025 22:03:00,55.904062892396,329.1610367844,14.76
03-10-2025 22:13:00,55.042066628199,330.241619037841,14.7
03-10-2025 22:23:00,55.8121045266855,330.280909054454,14.65
03-10-2025 22:33:00,55.435033277959,330.252392888576,14.62
03-10-2025 22:43:00,56.5876427966061,329.716908299838,14.57
03-10-2025 22:53:00,57.1665896065167,330.728121115826,14.53
03-10-2025 23:03:00,55.5464793839931,331.096537676537,14.51
03-10-2025 23:13:00,56.2177059149383,330.643032662077,14.45
03-10-2025 23:23:00,54.8841843395803,330.231716783427,14.42
03-10-2025 23:33:00,55.4680186559984,330.326696215986,14.41
03-10-2025 23:43:00,56.6204922364416,329.423409901837,14.37
03-10-2025 23:53:00,55.383311634086,330.064519450042,14.34
03-11-2025 00:03:00,56.3474700663075,329.85862486398,14.32
03-11-2025 00:13:00,55.1141199212613,330.240169708318,14.31
03-11-2025 00:23:00,54.8337141048359,328.96894693015,14.28
03-11-2025 00:33:00,55.797485710149,328.38088380526,14.26
03-11-2025 00:43:00,56.8565096946825,330.181908680869,14.24
03-11-2025 00:53:00,55.9087868439956,330.931353301767,14.22
03-11-2025 01:03:00,56.8719214333992,330.056531918981,14.2
03-11-2025 01:13:00,55.0648457973966,330.32810044434,14.18
03-11-2025 01:23:00,55.453130574349,327.816563006993,14.15
03-11-2025 01:33:00,55.4610196677361,329.80688191301,14.13
03-11-2025 01:43:00,54.8961231178961,327.691654694535,14.11
03-11-2025 01:53:00,55.379655862024,327.186249054788,14.08
03-11-2025 02:03:00,55.1012502618122,327.55322855175,14.06
03-11-2025 02:13:00,54.6337015096975,327.647207839792,14.05
03-11-2025 02:23:00,56.2635302119048,326.773673306026,14.03
03-11-2025 02:33:00,55.124931220377,327.794768910833,14
03-11-2025 02:43:00,55.7033239634658,329.387534117137,13.97
03-11-2025 02:53:00,55.5204073288205,329.658296662906,13.95
03-11-2025 03:03:00,55.8158766485971,330.895784747161,13.94
03-11-2025 03:13:00,55.4406640345747,332.582318179399,13.91
03-11-2025 03:23:00,55.7360297736435,333.056607743608,13.9
03-11-2025 03:33:00,54.8861163107839,334.184095662023,13.88
03-11-2025 03:43:00,55.4672956993563,334.181578794717,13.87
03-11-2025 03:53:00,56.7135772945427,335.022707311677,13.85
03-11-2025 04:03:00,55.2922718217506,336.149300060115,13.83
03-11-2025 04:13:00,56.825664038907,336.908424172255,13.82
03-11-2025 04:23:00,54.3570659131633,335.653480318304,13.8
03-11-2025 04:33:00,56.0806121647385,336.317097089097,13.79
03-11-2025 04:43:00,56.1834321440559,338.394878584691,13.77
03-11-2025 04:53:00,56.9526009407471,339.519989024312,13.75
03-11-2025 05:03:00,56.1034001414443,341.406175900013,13.73
03-11-2025 05:13:00,57.1560593121816,343.658101520132,13.7
03-11-2025 05:23:00,55.8330737780311,346.318521316355,13.69
03-11-2025 05:33:00,56.508373610107,346.790066296505,13.68
03-11-2025 05:43:00,55.7547947806271,349.720373412054,13.66
03-11-2025 05:53:00,56.5250507064349,352.474413866515,13.65
03-11-2025 06:03:00,57.4854141812257,354.847480019023,13.64
03-11-2025 06:13:00,57.6829236605758,363.481681172407,13.62
03-11-2025 06:23:00,57.2218366023755,367.422797320269,13.64
03-11-2025 06:33:00,56.0963513169988,371.856962044541,13.67
03-11-2025 06:43:00,58.0136762894039,381.890411594203,13.69
03-11-2025 06:53:00,58.1215187169261,393.146014231288,13.7
03-11-2025 07:03:00,57.6547388095778,401.225497226963,13.69
03-11-2025 07:13:00,60.135591055107,403.100401339018,13.67
03-11-2025 07:23:00,59.6648301548171,400.675559237716,13.64
03-11-2025 07:33:00,58.528605986528,398.251815404144,13.61
03-11-2025 07:43:00,57.2062804704611,397.291644593752,13.6
03-11-2025 07:53:00,58.9267573173193,395.1905629664,13.59
03-11-2025 08:03:00,59.2208459443311,394.040466817994,13.58
03-11-2025 08:13:00,58.851299514886,393.478710523334,13.58
03-11-2025 08:23:00,58.9552159706305,384.43810142578,13.57
03-11-2025 08:33:00,58.7776905590681,393.495758828873,13.58
03-11-2025 08:43:00,58.9766573314703,392.915918702521,13.57
03-11-2025 08:53:00,58.9873600546444,394.350186743854,13.57
03-11-2025 09:03:00,58.1424481155079,394.453407192489,13.57
03-11-2025 09:13:00,59.1057002877262,394.954648450871,13.58
03-11-2025 09:23:00,59.6868126543207,396.673903872273,13.58
03-11-2025 09:33:00,59.2240075161012,399.552127083468,13.59
03-11-2025 09:43:00,60.6628947633175,408.991782291107,13.6
03-11-2025 09:53:00,61.438396282901,434.42973600943,13.62
03-11-2025 10:03:00,61.4573386723137,449.075774129516,13.66
03-11-2025 10:13:00,63.0940260807065,467.917701279749,13.7
03-11-2025 10:23:00,64.1628431256074,487.271803682543,13.75
03-11-2025 10:33:00,62.8559637926701,492.882040625595,13.82
03-11-2025 10:43:00,62.214760475703,492.589337981618,13.89
03-11-2025 10:53:00,62.2360245664147,490.720093932813,13.94
03-11-2025 11:03:00,63.115653450619,485.987921005591,13.99
03-11-2025 11:13:00,62.755596551589,478.294101788853,14.04
03-11-2025 11:23:00,61.1482473121501,469.855441702543,14.06
03-11-2025 11:33:00,62.4035994398798,464.468103693232,14.08
03-11-2025 11:43:00,61.3704745921669,458.242422334695,14.11
03-11-2025 11:53:00,61.0032016236043,451.991568347153,14.13
03-11-2025 12:03:00,61.3125172036127,448.117547450048,14.19
03-11-2025 12:13:00,59.9038786089731,440.820511098037,14.26
03-11-2025 12:23:00,61.4580549662707,435.332135091262,14.33
03-11-2025 12:33:00,61.6765193597086,431.293126381502,14.41
03-11-2025 12:43:00,59.6931461036361,425.238174802347,14.49
03-11-2025 12:53:00,60.3857501511541,420.573116510926,14.55
03-11-2025 13:03:00,60.1186808246791,415.021744437972,14.6
03-11-2025 13:13:00,60.1369887178033,410.309732803372,14.64
03-11-2025 13:23:00,60.4389342284009,406.132872560097,14.66
03-11-2025 13:33:00,59.7821230947982,401.954548968651,14.68
03-11-2025 13:43:00,59.1231936837239,398.044608909162,14.69
03-11-2025 13:53:00,58.6540827048294,394.404067730221,14.69
03-11-2025 14:03:00,58.7621753133207,393.082230265105,14.7
03-11-2025 14:13:00,59.8312809540996,391.010061049389,14.72
03-11-2025 14:23:00,58.4194725688845,417.274889373877,14.81
03-11-2025 14:33:00,62.9175997744742,465.890097189427,15.58
03-11-2025 14:43:00,61.5908025713528,412.242784970502,15.65
03-11-2025 14:53:00,61.6282666654043,485.23882196451,15.32
03-11-2025 15:03:00,61.5147254951211,502.47754562549,15.65
03-11-2025 15:13:00,61.484814683032,469.974969448509,15.92
03-11-2025 15:23:00,60.6501177660964,456.132089208215,16.05
03-11-2025 15:33:00,58.8435945488055,389.002338761945,16.18
03-11-2025 15:43:00,59.1486630420711,444.728681727717,16.2
03-11-2025 15:53:00,57.8476236160973,436.830561270086,16.46
03-11-2025 16:03:00,59.5320100476004,399.597117459883,16.57
03-11-2025 16:13:00,59.254118124506,394.863299622872,16.59
03-11-2025 16:23:00,60.1441691485018,382.146179734391,16.61
03-11-2025 16:33:00,61.0386154593511,377.050799577389,16.65
03-11-2025 16:43:00,58.9028716745115,365.72402006738,16.63
03-11-2025 16:53:00,58.9054149996742,345.710317206212,16.59
03-11-2025 17:03:00,59.1044434806931,344.597307528897,16.56
03-11-2025 17:13:00,58.2278153498354,349.474000717687,16.5
03-11-2025 17:23:00,58.7110366025561,347.527869347851,16.43
03-11-2025 17:33:00,57.061740412117,344.847483690328,16.39
03-11-2025 17:43:00,59.1066484848038,346.553709839216,16.36
03-11-2025 17:53:00,59.1109940963406,351.075695666185,16.33
03-11-2025 18:03:00,59.8901728649591,348.105020869817,16.29
03-11-2025 18:13:00,58.2441240853321,349.517890463499,16.26
03-11-2025 18:23:00,58.250479848242,352.302794950001,16.24
03-11-2025 18:33:00,59.0331434958959,356.44533492772,16.22
03-11-2025 18:43:00,58.4535166616663,362.98242909891,16.18
03-11-2025 18:53:00,60.3957031542938,368.351691505339,16.14
03-11-2025 19:03:00,60.2018166520435,372.635596330431,16.09
03-11-2025 19:13:00,60.7792575693126,378.725302956535,16.02
03-11-2025 19:23:00,58.748966747427,382.355863473235,15.99
03-11-2025 19:33:00,58.9432484208248,386.532567197355,15.94
03-11-2025 19:43:00,59.3366703805649,389.498189658114,15.92
03-11-2025 19:53:00,59.5267668289342,393.151841125687,15.85
03-11-2025 20:03:00,60.1093691037576,395.20919920219,15.81
03-11-2025 20:13:00,60.3048055922427,398.715768134639,15.77
03-11-2025 20:23:00,59.8234320366564,400.383448683531,15.73
03-11-2025 20:33:00,58.8572979012686,402.03241822611,15.68
03-11-2025 20:43:00,59.4374092641553,408.316630960597,15.63
03-11-2025 20:53:00,59.6327593638327,411.33144378112,15.59
03-11-2025 21:03:00,58.9591817933071,413.185986230209,15.55
03-11-2025 21:13:00,59.2510507457149,417.258957024196,15.51
03-11-2025 21:23:00,59.5446399513768,421.830882073815,15.48
03-11-2025 21:33:00,59.0664190471078,425.050235740976,15.45
03-11-2025 21:43:00,60.322290125535,427.862773172204,15.41
03-11-2025 21:53:00,57.4305127945941,431.424950035315,15.36
03-11-2025 22:03:00,58.882426409088,432.44243469516,15.34
03-11-2025 22:13:00,60.1411580897895,433.94135523793,15.32
03-11-2025 22:23:00,59.0853273607064,436.864772435206,15.29
03-11-2025 22:33:00,60.054551437596,436.146900921526,15.27
03-11-2025 22:43:00,58.1324285326839,438.779707416604,15.24
03-11-2025 22:53:00,60.8365493900773,439.526338456737,15.23
03-11-2025 23:03:00,59.5906210095229,441.022635941077,15.21
03-11-2025 23:13:00,59.2114411861057,440.400622920137,15.19
03-11-2025 23:23:00,59.3136123012929,440.933732811472,15.17
03-11-2025 23:33:00,60.0913127930382,440.717102448678,15.16
03-11-2025 23:43:00,60.0008527668499,440.191435499484,15.14
03-11-2025 23:53:00,60.1047688588401,442.091573905307,15.13
03-12-2025 00:03:00,58.9597598714893,439.970710082072,15.13
03-12-2025 00:13:00,60.120114035483,442.523597696148,15.11
03-12-2025 00:23:00,59.3582001815622,442.402751623922,15.1
03-12-2025 00:33:00,59.9411164682343,441.492026756061,15.08
03-12-2025 00:43:00,59.8545007153708,441.487604879159,15.08
03-12-2025 00:53:00,59.9563987325223,441.3463608504,15.06
03-12-2025 01:03:00,60.3467101108763,439.955141576413,15.04
03-12-2025 01:13:00,58.6237028331651,440.987911608724,15.03
03-12-2025 01:23:00,59.1139397342546,439.156390509041,15.03
03-12-2025 01:33:00,60.4675052358997,440.092829483225,15.02
03-12-2025 01:43:00,60.3789159177752,438.625818309713,15.01
03-12-2025 01:53:00,59.7136008593096,437.639561197311,15
03-12-2025 02:03:00,60.2997995037119,439.941294045384,15
03-12-2025 02:13:00,59.9209542446437,439.703739482283,14.98
03-12-2025 02:23:00,59.3556240386947,436.258253288682,14.99
03-12-2025 02:33:00,59.7476205299121,438.635710103131,14.98
03-12-2025 02:43:00,60.4258981169134,439.263005713966,14.96
03-12-2025 02:53:00,59.7588813554003,436.815597574061,14.94
03-12-2025 03:03:00,59.7663872318212,438.519389819583,14.93
03-12-2025 03:13:00,59.8718424231589,437.360708545521,14.93
03-12-2025 03:23:00,60.0714409731841,437.14291193856,14.92
03-12-2025 03:33:00,59.9828347436916,437.309285643266,14.91
03-12-2025 03:43:00,59.9902787235821,437.955787296881,14.9
03-12-2025 03:53:00,60.9581065259641,435.240723244224,14.89
03-12-2025 04:03:00,60.487234777688,437.731411458351,14.89
03-12-2025 04:13:00,58.5739640797644,435.400526687014,14.88
03-12-2025 04:23:00,59.6377440035175,435.086439831777,14.87
03-12-2025 04:33:00,58.7810040470003,435.924527024348,14.86
03-12-2025 04:43:00,60.1326113811208,432.922011591661,14.85
03-12-2025 04:53:00,59.0839400761662,432.511943400837,14.84
03-12-2025 05:03:00,59.7670925553799,433.580308172624,14.85
03-12-2025 05:13:00,60.5405305717147,433.534759694523,14.83
03-12-2025 05:23:00,61.3177200804631,434.103597762755,14.83
03-12-2025 05:33:00,60.5570382760138,436.188821622429,14.82
03-12-2025 05:43:00,60.4721904343209,431.113162549719,14.83
03-12-2025 05:53:00,59.711551610403,431.470651987905,14.82
03-12-2025 06:03:00,59.9108204634442,434.611425696175,14.81
03-12-2025 06:13:00,59.2462944504135,433.43286414087,14.8
03-12-2025 06:23:00,60.21326875571,431.198786699814,14.79
03-12-2025 06:33:00,60.3183803573381,429.463571150855,14.79
03-12-2025 06:43:00,60.6154103336432,430.799131067028,14.79
03-12-2025 06:53:00,60.7166042709858,430.273553776638,14.77
03-12-2025 07:03:00,60.6278254940864,434.180243841579,14.76
03-12-2025 07:13:00,59.391508965811,434.287070925727,14.77
03-12-2025 07:23:00,59.7881418890626,436.332200341345,14.79
03-12-2025 07:33:00,60.8567431863725,440.585337350475,14.81
03-12-2025 07:43:00,60.4857371798974,444.071666093504,14.83
03-12-2025 07:53:00,60.0185916258935,444.774624656588,14.85
03-12-2025 08:03:00,60.6056232680748,446.513890470082,14.86
03-12-2025 08:13:00,59.5621661945701,447.505167804627,14.88
03-12-2025 08:23:00,60.6314047030241,449.649149594029,14.9
03-12-2025 08:33:00,59.203350982727,452.466062621951,14.92
03-12-2025 08:43:00,60.9414557185014,451.688100723499,14.92
03-12-2025 08:53:00,61.4327772929491,450.930323137663,14.93
03-12-2025 09:03:00,61.9240868958996,452.670285982731,14.94
03-12-2025 09:13:00,62.274526987479,452.934311232458,14.98
03-12-2025 09:23:00,62.6249551075612,453.329188527049,14.99
03-12-2025 09:33:00,61.7749219907882,454.918566297216,15.02
03-12-2025 09:43:00,62.0824722573572,454.72254903027,15.07
03-12-2025 09:53:00,62.6788755808809,453.275384479544,15.12
03-12-2025 10:03:00,62.4192195455963,453.305561426327,15.14
03-12-2025 10:13:00,62.1595515388145,456.147192860986,15.17
03-12-2025 10:23:00,61.8998715605356,456.198099431632,15.2
03-12-2025 10:33:00,61.6401796107594,419.498350890307,15.52
03-12-2025 10:43:00,60.3169829388104,413.096799452184,15.62
03-12-2025 10:53:00,62.3417083439306,435.764834641975,15.56
03-12-2025 11:03:00,63.1143469334493,446.775517045937,15.52
03-12-2025 11:13:00,63.4212922685281,449.835759051077,15.56
03-12-2025 11:23:00,62.8169649074442,452.435138128115,15.61
03-12-2025 11:33:00,62.212625574863,444.970479480691,15.7
03-12-2025 11:43:00,63.110361723502,440.106252366226,15.79
03-12-2025 11:53:00,61.9850768018726,430.760526033501,15.92
03-12-2025 12:03:00,61.436938159477,421.474329397592,16.04
03-12-2025 12:13:00,62.1260540403709,420.412734570761,16.05
03-12-2025 12:23:00,61.2685426437487,422.1003958857,16.08
03-12-2025 12:33:00,61.0159506665872,408.96307695881,16.23
03-12-2025 12:43:00,60.4106169598041,405.827083561357,16.57
03-12-2025 12:53:00,61.2136643753585,397.669587443303,16.65
03-12-2025 13:03:00,57.8403256942343,379.178694337135,16.8
03-12-2025 13:13:00,59.4235097800116,369.13553893949,16.88
03-12-2025 13:23:00,59.6477957090016,367.807340583608,16.99
03-12-2025 13:33:00,61.0370839733704,371.306217338501,17.06
03-12-2025 13:43:00,60.3734946584938,370.298903119631,17.12
03-12-2025 13:53:00,59.5137070831853,370.463653997654,17.18
03-12-2025 14:03:00,61.2962577283401,372.207429540092,17.25
03-12-2025 14:13:00,60.1404484482107,374.609619305843,17.3
03-12-2025 14:23:00,60.7323270918311,373.879486571884,17.28
03-12-2025 14:33:00,61.0304995833512,377.356507040587,17.26
03-12-2025 14:43:00,60.5479374065278,379.770892397502,17.25
03-12-2025 14:53:00,59.7663490402959,380.380281747648,17.21
03-12-2025 15:03:00,60.9425582255722,381.88387398389,17.18
03-12-2025 15:13:00,58.8018320953908,384.521485936778,17.19
03-12-2025 15:23:00,59.9837353908135,385.090870397922,17.19
03-12-2025 15:33:00,60.2874969368166,388.902165178706,17.2
03-12-2025 15:43:00,59.8126605280568,389.321422897918,17.23
03-12-2025 15:53:00,59.1327984276183,391.229280342929,17.21
03-12-2025 16:03:00,60.8096890326748,393.018300698297,17.24
03-12-2025 16:13:00,61.3092396358411,394.483264629038,17.25
03-12-2025 16:23:00,60.8304892616514,393.600242024676,17.26
03-12-2025 16:33:00,60.8389174003617,395.734458627001,17.26
03-12-2025 16:43:00,59.5698966425203,396.451750721339,17.23
03-12-2025 16:53:00,59.7701914600822,398.16239438189,17.21
03-12-2025 17:03:00,60.064416066997,400.036115947256,17.17
03-12-2025 17:13:00,60.3622725044783,398.519496068537,17.15
03-12-2025 17:23:00,60.4626336310115,402.949076186919,17.12
03-12-2025 17:33:00,60.5667918318778,401.839388868503,17.11
03-12-2025 17:43:00,57.9280820486439,401.838266485692,17.06
03-12-2025 17:53:00,59.1013673195254,403.513249142347,17.02
03-12-2025 18:03:00,60.080549070645,403.348478997548,16.99
03-12-2025 18:13:00,58.7149530413543,404.436464198163,16.95
03-12-2025 18:23:00,59.4948494354423,404.141703114638,16.9
03-12-2025 18:33:00,61.5399038979461,405.878904299635,16.84
03-12-2025 18:43:00,59.4893984327632,408.881596549399,16.78
03-12-2025 18:53:00,59.777081066183,406.994165031444,16.71
03-12-2025 19:03:00,60.360319325667,408.841381845369,16.66
03-12-2025 19:13:00,59.0918920346214,406.972126477833,16.6
03-12-2025 19:23:00,59.3848295801562,408.93148865918,16.56
03-12-2025 19:33:00,60.2611864912342,402.816347216619,16.52
03-12-2025 19:43:00,60.746112448936,406.023769428744,16.47
03-12-2025 19:53:00,61.1315090811183,412.613823685178,16.41
03-12-2025 20:03:00,59.2877635072571,416.431345456644,16.38
03-12-2025 20:13:00,59.6753980415374,416.91052276368,16.33
03-12-2025 20:23:00,60.4548537252235,419.46230460281,16.3
03-12-2025 20:33:00,58.7081541110436,416.656733068592,16.26
03-12-2025 20:43:00,60.3589362628869,417.152273167832,16.22
03-12-2025 20:53:00,59.8763153604998,418.731573769405,16.19
03-12-2025 21:03:00,59.2933205726721,422.700437436882,16.14
03-12-2025 21:13:00,60.1686253000823,429.028277847733,16.11
03-12-2025 21:23:00,60.167378856697,423.977245606977,16.06
03-12-2025 21:33:00,60.2667505725206,424.099476168319,16.03
03-12-2025 21:43:00,59.8817027832534,428.871522213548,16
03-12-2025 21:53:00,61.242077006307,432.012744118587,15.98
03-12-2025 22:03:00,60.3727585416959,430.486719003698,15.95
03-12-2025 22:13:00,61.2484064949971,437.595981779521,15.93
03-12-2025 22:23:00,61.6397472019845,438.023433908872,15.91
03-12-2025 22:33:00,59.7993054846224,440.331049923329,15.86
03-12-2025 22:43:00,61.0614088226955,439.693499147,15.84
03-12-2025 22:53:00,59.7112145466041,437.605039297726,15.82
03-12-2025 23:03:00,59.4253711993403,439.095878962534,15.8
03-12-2025 23:13:00,58.5559118138436,439.195661091165,15.76
03-12-2025 23:23:00,59.0455413921098,439.446998090077,15.75
03-12-2025 23:33:00,59.5314790892923,439.564900643123,15.72
03-12-2025 23:43:00,60.2123127725162,439.894319247727,15.7
03-12-2025 23:53:00,60.0232437444896,440.320210114144,15.68
03-13-2025 00:03:00,59.4441744430101,439.260185313237,15.64
03-13-2025 00:13:00,59.933227426451,441.346238233925,15.63
03-13-2025 00:23:00,60.5150308878487,441.463399590779,15.6
03-13-2025 00:33:00,60.8107008552162,445.479759705423,15.59
03-13-2025 00:43:00,61.0059366466597,445.595832512823,15.56
03-13-2025 00:53:00,61.397989307451,445.07341238304,15.55
03-13-2025 01:03:00,60.0525053188489,448.508549115849,15.54
03-13-2025 01:13:00,60.9233377551258,450.939804942785,15.51
03-13-2025 01:23:00,59.7712810530532,454.952249529352,15.5
03-13-2025 01:33:00,59.2930377388921,459.426759214304,15.48
03-13-2025 01:43:00,60.7442479703773,456.857822185967,15.46
03-13-2025 01:53:00,60.0749135336919,461.350312068109,15.45
03-13-2025 02:03:00,60.9469843956272,463.1214919951,15.43
03-13-2025 02:13:00,60.7580643220243,463.3492130247,15.41
03-13-2025 02:23:00,60.0871276310316,478.810087182217,15.39
03-13-2025 02:33:00,58.4524084572695,486.554239928863,15.37
03-13-2025 02:43:00,58.8456990113216,496.846816691966,15.37
03-13-2025 02:53:00,60.1029021083502,506.128949256012,15.35
03-13-2025 03:03:00,61.937913630237,507.602314642135,15.33
03-13-2025 03:13:00,59.1491447468277,509.194895226235,15.32
03-13-2025 03:23:00,61.8509681239511,509.511164397264,15.3
03-13-2025 03:33:00,60.1207284488921,510.98324680384,15.28
03-13-2025 03:43:00,60.5099636040153,517.46323333753,15.26
03-13-2025 03:53:00,59.7362764173895,518.644721992591,15.2
03-13-2025 04:03:00,60.5159003609025,553.595128783456,15.21
03-13-2025 04:13:00,59.5482514336342,565.317381008025,15.14
03-13-2025 04:23:00,60.0296986933817,570.57117249086,15.1
03-13-2025 04:33:00,60.5126907714146,574.311317200689,15.07
03-13-2025 04:43:00,58.7788221745926,568.255027851584,15.01
03-13-2025 04:53:00,58.961334791919,565.553252199694,14.91
03-13-2025 05:03:00,62.0465390830555,577.209822973656,14.93
03-13-2025 05:13:00,60.7790119595874,525.351995761378,14.79
03-13-2025 05:23:00,60.8806107681081,548.622444544889,14.78
03-13-2025 05:33:00,61.6075604119917,477.745849292726,14.53
03-13-2025 05:43:00,59.7437510733706,430.016645999979,14.24
03-13-2025 05:53:00,58.85876306771,390.266414168706,14.05
03-13-2025 06:03:00,58.3624766491105,370.010914458752,13.89
03-13-2025 06:13:00,58.4301875236296,362.50218031551,13.68
03-13-2025 06:23:00,56.7770486822377,346.776114267475,13.4
03-13-2025 06:33:00,56.9666131602313,333.131166849551,13.35
03-13-2025 06:43:00,56.6481738354162,317.895439240165,13.08
03-13-2025 06:53:00,57.0700979757413,331.605002165585,12.87
03-13-2025 07:03:00,57.4920101445693,351.838368647285,12.71
03-13-2025 07:13:00,57.9139103419001,374.782972906002,12.57
03-13-2025 07:23:00,57.5328446834734,395.23154603275,12.5
03-13-2025 07:33:00,58.4765254565815,420.229360509401,12.46
03-13-2025 07:43:00,57.7217937993337,438.127179837412,12.41
03-13-2025 07:53:00,59.700954126044,451.414077042475,12.37
03-13-2025 08:03:00,59.6106037884797,460.963664861467,12.35
03-13-2025 08:23:00,58.7752430100575,488.318840863561,12.38
03-13-2025 08:33:00,60.4836522863995,498.725201474695,12.41
03-13-2025 08:43:00,60.5923844147258,518.867055678479,12.45
03-13-2025 08:53:00,58.7211656538407,525.632382747896,12.49
03-13-2025 09:03:00,58.9270690735187,537.638135240123,12.55
03-13-2025 09:13:00,59.7937454631088,554.561936864719,12.61
03-13-2025 09:23:00,60.376159394092,540.980019539189,12.66
03-13-2025 09:33:00,60.6774822861848,548.096118918468,12.72
03-13-2025 09:43:00,61.258827455345,572.645350612891,12.76
03-13-2025 09:53:00,61.0844416155338,574.621777724537,12.8
03-13-2025 10:03:00,62.6076851805718,549.79404269666,12.82
03-13-2025 10:13:00,61.9531947058626,544.194060173627,12.82
03-13-2025 10:23:00,60.7351882521677,542.04660016433,12.84
03-13-2025 10:33:00,61.9866227590031,551.871188123884,12.92
03-13-2025 10:43:00,60.8695819228189,561.938571631557,12.98
03-13-2025 10:53:00,62.3137296412311,568.21367495535,13.07
03-13-2025 11:03:00,61.2958529424813,578.572140278145,13.16
03-13-2025 11:13:00,61.6971703607198,584.838474543696,13.24
03-13-2025 11:23:00,59.7285781878076,624.258246187779,13.33
03-13-2025 11:33:00,60.4196594262474,631.794920406288,13.44
03-13-2025 11:43:00,61.4864504208603,617.009600684929,13.52
03-13-2025 11:53:00,61.8736238869828,584.86405149313,13.52
03-13-2025 12:03:00,61.2210262366951,539.963516930498,13.55
03-13-2025 12:13:00,59.8990776924813,538.061564558423,13.56
03-13-2025 12:23:00,61.4495582186682,518.350276174853,13.68
03-13-2025 12:33:00,59.8566056332861,512.746890179838,13.78
03-13-2025 12:43:00,59.7806247535438,548.892056575983,13.85
03-13-2025 12:53:00,60.4743436024829,582.614311164777,13.96
03-13-2025 13:03:00,58.6812834422062,513.616369373455,14.03
03-13-2025 13:13:00,59.5572775660491,516.016671640288,14.09
03-13-2025 13:23:00,60.2269970846159,509.909081330754,14.06
03-13-2025 13:33:00,60.4247801723039,511.122488241045,14.06
03-13-2025 13:43:00,59.5815433443828,519.703959425611,14.11
03-13-2025 13:53:00,61.6981156516496,532.111777425662,14.16
03-13-2025 14:03:00,60.1877152221365,548.1846570154,14.22
03-13-2025 14:13:00,60.0158950049912,559.041033735448,14.29
03-13-2025 14:23:00,60.329281179274,574.035460171756,14.4
03-13-2025 14:33:00,60.3595007455609,585.568505375409,14.53
03-13-2025 14:43:00,59.0357111786602,600.465341706319,14.59
03-13-2025 14:53:00,60.5883285690178,610.708766851298,14.66
03-13-2025 15:03:00,60.4178427451454,625.023007644229,14.74
03-13-2025 15:13:00,59.1810069338745,635.41826327522,14.76
03-13-2025 15:23:00,59.8735002248672,649.854363065354,14.84
03-13-2025 15:33:00,60.177223979156,659.883131878384,14.89
03-13-2025 15:43:00,59.3282446100989,674.819356257788,14.94
03-13-2025 15:53:00,60.1089652913947,688.637134623037,14.97
03-13-2025 16:03:00,60.2100280502834,701.543139611351,14.96
03-13-2025 16:13:00,60.3092688123079,714.312749087782,14.94
03-13-2025 16:23:00,60.0224491523096,722.620644800654,14.91
03-13-2025 16:33:00,59.2538818884223,733.669894532364,14.87
03-13-2025 16:43:00,57.9146336571729,744.449766310299,14.86
03-13-2025 16:53:00,58.6861311314906,753.746535357225,14.84
03-13-2025 17:03:00,58.9774422911875,761.696539160424,14.82
03-13-2025 17:13:00,60.2337324094071,769.291247353784,14.83
03-13-2025 17:23:00,58.9890792783875,774.838568690191,14.81
03-13-2025 17:33:00,60.5205702345002,825.301051440875,14.75
03-13-2025 17:43:00,59.463300296829,831.174518821976,14.7
03-13-2025 17:53:00,59.466477665036,834.788920105589,14.68
03-13-2025 18:03:00,58.6993725938593,840.415737130233,14.64
03-13-2025 18:13:00,59.1784484658146,848.338842729538,14.6
03-13-2025 18:23:00,59.7460556754208,847.059511388883,14.52
03-13-2025 18:33:00,58.6925848141189,850.856626932739,14.48
03-13-2025 18:43:00,59.0804005011981,856.903613985944,14.47
03-13-2025 18:53:00,59.8423058555241,858.875519021371,14.41
03-13-2025 19:03:00,59.9427751788645,861.091461885508,14.4
03-13-2025 19:13:00,57.7408459423721,863.492239079322,14.35
03-13-2025 19:23:00,59.3647040155511,865.891177400603,14.3
03-13-2025 19:33:00,59.2688186857088,869.198083995686,14.26
03-13-2025 19:43:00,60.2274986888231,869.927219367724,14.24
03-13-2025 19:53:00,61.6635901291747,873.617914912747,14.22
03-13-2025 20:03:00,60.422643526639,880.218291747527,14.19
03-13-2025 20:13:00,57.8452724660119,887.388575582223,14.16
03-13-2025 20:23:00,59.4752003418006,894.614730285156,14.16
03-13-2025 20:33:00,59.7681269473545,898.402802431965,14.16
03-13-2025 20:43:00,59.2919705227663,900.984138786123,14.13
03-13-2025 20:53:00,59.5779527954327,904.275624280221,14.09
03-13-2025 21:03:00,59.4854872380667,904.711627638953,14.07
03-13-2025 21:13:00,60.8243153341982,907.437475814421,14.05
03-13-2025 21:23:00,59.7776298050402,907.681928355783,14.03
03-13-2025 21:33:00,59.8724587944408,907.821344639565,13.99
03-13-2025 21:43:00,59.2044619380638,907.769972706226,13.95
03-13-2025 21:53:00,59.0184400309587,905.587685632098,13.94
03-13-2025 22:03:00,60.06998375413,905.546038483469,13.92
03-13-2025 22:13:00,59.308651103332,902.783742060025,13.89
03-13-2025 22:23:00,61.9833743644528,898.653090578596,13.89
03-13-2025 22:33:00,60.0766655656475,894.412440846532,13.85
03-13-2025 22:43:00,60.2682093793181,895.464048229643,13.82
03-13-2025 22:53:00,61.88807118583,897.181727200619,13.79
03-13-2025 23:03:00,59.8010311641135,895.295457437793,13.8
03-13-2025 23:13:00,60.9500886560929,899.262197909914,13.8
03-13-2025 23:23:00,62.005787677778,901.852076198471,13.81
03-13-2025 23:33:00,62.2005825997451,923.099595543292,13.8
03-13-2025 23:43:00,59.7255368107707,923.286886507021,13.77
03-13-2025 23:53:00,61.2478215872095,923.230315933254,13.73
03-14-2025 00:03:00,61.0672584801781,925.588189769558,13.75
03-14-2025 00:13:00,60.9728074241878,924.442203007823,13.72
03-14-2025 00:23:00,60.7886079916627,927.263714321653,13.72
03-14-2025 00:33:00,61.5524630971257,927.027463051451,13.7
03-14-2025 00:43:00,62.02874698204,927.213382210909,13.67
03-14-2025 00:53:00,62.2232454707452,924.842604344208,13.66
03-14-2025 01:03:00,59.6573666126078,923.370112805441,13.64
03-14-2025 01:13:00,61.2786419303261,924.519113253325,13.63
03-14-2025 01:23:00,61.7509732474348,922.697222348903,13.58
03-14-2025 01:33:00,61.0915231836371,927.321511535989,13.58
03-14-2025 01:43:00,61.7556626092472,927.168285969546,13.54
03-14-2025 01:53:00,62.3319789620668,927.228819715337,13.54
03-14-2025 02:03:00,62.0472362984632,932.260247200861,13.51
03-14-2025 02:13:00,62.3345247483422,929.457766821225,13.49
03-14-2025 02:23:00,62.2436321654537,937.539571673221,13.48
03-14-2025 02:33:00,62.5288889305929,938.197104650417,13.45
03-14-2025 02:43:00,62.1530713999435,939.627556119042,13.44
03-14-2025 02:53:00,62.6319851206765,938.873507785695,13.43
03-14-2025 03:03:00,61.3047992491592,941.103767504911,13.41
03-14-2025 03:13:00,63.3996583865105,938.694804585392,13.41
03-14-2025 03:23:00,62.1674729075809,939.785370574011,13.39
03-14-2025 03:33:00,62.8340812295102,943.248572704542,13.37
03-14-2025 03:43:00,62.5533192361968,946.765375488599,13.36
03-14-2025 03:53:00,62.2725891843029,946.864909056019,13.35
03-14-2025 04:03:00,62.5631997061749,951.954209504403,13.35
03-14-2025 04:13:00,61.4265481305094,952.75720579224,13.33
03-14-2025 04:23:00,61.7152455118576,960.257026638056,13.32
03-14-2025 04:33:00,61.529499043341,963.106604550915,13.31
03-14-2025 04:43:00,62.5770857869525,968.13767995499,13.3
03-14-2025 04:53:00,62.1996724860218,963.910240107955,13.28
03-14-2025 05:03:00,60.9723638103276,961.976897189531,13.28
03-14-2025 05:13:00,61.3575938920849,963.363401580582,13.28
03-14-2025 05:23:00,62.120362482669,963.935056820851,13.27
03-14-2025 05:33:00,61.2688920170692,965.493802701663,13.25
03-14-2025 05:43:00,60.702130866892,966.767549388508,13.23
03-14-2025 05:53:00,61.8494258598332,966.748128381453,13.25
03-14-2025 06:03:00,62.3255696565941,966.599215283582,13.23
03-14-2025 06:13:00,62.2364845748204,969.596521213248,13.23
03-14-2025 06:23:00,61.7644237338579,970.395096291222,13.21
03-14-2025 06:33:00,61.9560314577542,973.84750100838,13.19
03-14-2025 06:43:00,62.4318986982561,973.886845755294,13.17
03-14-2025 06:53:00,61.8670803171115,973.224463397168,13.16
03-14-2025 07:03:00,61.4918604700415,972.372572314092,13.15
03-14-2025 07:13:00,62.0642306895074,970.099409031768,13.14
03-14-2025 07:23:00,62.5417551418652,971.805886157763,13.13
03-14-2025 07:33:00,61.8786232494421,972.167794600486,13.1
03-14-2025 07:43:00,62.1702946285303,967.923383317829,13.11
03-14-2025 07:53:00,61.6038640530658,968.247249538161,13.09
03-14-2025 08:03:00,61.1358760950409,966.409674190773,13.09
03-14-2025 08:13:00,62.3746856802361,972.489862975604,13.1
03-14-2025 08:23:00,62.8558106756544,971.465899669392,13.11
03-14-2025 08:33:00,62.3877143918151,971.996006147102,13.11
03-14-2025 08:43:00,62.4880020181474,970.915547553096,13.11
03-14-2025 08:53:00,61.8304164974243,971.729631824331,13.11
03-14-2025 09:03:00,62.6904462109175,970.989253699547,13.12
03-14-2025 09:13:00,62.8873646889817,967.311468070697,13.13
03-14-2025 09:23:00,62.8947917096494,970.550056500032,13.14
03-14-2025 09:33:00,62.1478394129101,968.688936521951,13.17
03-14-2025 09:43:00,62.3485084825824,968.817538418356,13.2
03-14-2025 09:53:00,62.6421740199665,967.847148088882,13.22
03-14-2025 10:03:00,62.3669544641739,968.583188657492,13.24
03-14-2025 10:13:00,62.9471334048088,970.513445460642,13.27
03-14-2025 10:23:00,62.772421880828,969.900054966227,13.32
03-14-2025 10:33:00,61.7451009700741,966.778882286681,13.38
03-14-2025 10:43:00,62.1414019410533,961.470229490452,13.44
03-14-2025 10:53:00,62.6368702269499,939.351042677058,13.52
03-14-2025 11:03:00,63.604418235469,966.824161967674,13.58
03-14-2025 11:13:00,62.6647640057878,968.092118320322,13.61
03-14-2025 11:23:00,62.7709610795028,968.980007567812,13.64
03-14-2025 11:33:00,64.2091520180314,967.10906825656,13.67
03-14-2025 11:43:00,63.5524569346585,968.702080396096,13.69
03-14-2025 11:53:00,61.6620022417579,965.83884520475,13.73
03-14-2025 12:03:00,62.2440370543606,964.060557430058,13.76
03-14-2025 12:13:00,63.0206457679475,965.82102799343,13.81
03-14-2025 12:23:00,62.3667687195949,964.001647951371,13.85
03-14-2025 12:33:00,62.5701825106521,962.466849774495,13.89
03-14-2025 12:43:00,63.9196716641865,963.465116779686,13.94
03-14-2025 12:53:00,62.9792702693762,960.021337099817,13.98
03-14-2025 13:03:00,61.4677107710428,961.400531797947,14.03
03-14-2025 13:13:00,63.0090636137384,960.489995116131,14.08
03-14-2025 13:23:00,63.2129584858239,953.604043857336,14.12
03-14-2025 13:33:00,62.3702411482684,955.323155040901,14.18
03-14-2025 13:43:00,63.0575958018282,954.327408168778,14.25
03-14-2025 13:53:00,62.8831956122388,953.562219416669,14.31
03-14-2025 14:03:00,62.8023515034621,953.123767306136,14.36
03-14-2025 14:13:00,62.5281631630206,952.629861309005,14.4
03-14-2025 14:23:00,63.1073683182182,949.906898587439,14.4
03-14-2025 14:33:00,62.637935686898,949.493622810031,14.42
03-14-2025 14:43:00,63.1234581723272,946.154521212489,14.43
03-14-2025 14:53:00,62.3667530763082,944.783138757849,14.45
03-14-2025 15:03:00,62.8561867206,944.614153028829,14.48
03-14-2025 15:13:00,62.6736212524378,941.518177986102,14.5
03-14-2025 15:23:00,63.0636364889813,938.654606801141,14.51
03-14-2025 15:33:00,63.0725787263782,936.514416483053,14.53
03-14-2025 15:43:00,64.4204866759548,936.4271299953,14.54
03-14-2025 15:53:00,61.4599832606804,935.052155838849,14.56
03-14-2025 16:03:00,61.6584298828641,934.485449562728,14.57
03-14-2025 16:13:00,62.4336397161477,932.151389190958,14.59
03-14-2025 16:23:00,61.6757704760688,932.978893816657,14.61
03-14-2025 16:33:00,62.9323555062399,930.888404839255,14.64
03-14-2025 16:43:00,61.0273796760799,928.178574897477,14.68
03-14-2025 16:53:00,63.0594637289233,922.555186264076,14.75
03-14-2025 17:03:00,62.8956547834549,888.666741973172,14.87
03-14-2025 17:13:00,63.7767921137332,882.291035487029,14.93
03-14-2025 17:23:00,63.3895845323042,889.345545053823,14.89
03-14-2025 17:33:00,64.8247186918767,897.113189896601,14.84
03-14-2025 17:43:00,63.6577558249139,902.41299224224,14.74
03-14-2025 17:53:00,62.0133248476455,903.487141565253,14.64
03-14-2025 18:03:00,64.2127302426272,899.257326586849,14.59
03-14-2025 18:13:00,64.2074935412961,879.897584936079,14.54
03-14-2025 18:23:00,64.577029707586,829.064545627204,14.45
03-14-2025 18:33:00,64.2906882125998,765.288155403894,14.43
03-14-2025 18:43:00,64.1957918628678,749.086141849571,14.41
03-14-2025 18:53:00,62.0844558970927,704.429475860618,14.35
03-14-2025 19:03:00,63.1219760335117,661.693389122167,14.25
03-14-2025 19:13:00,66.534229082915,628.806986146397,14.1
03-14-2025 19:23:00,66.636038112071,618.984899769671,14.02
03-14-2025 19:33:00,66.7378351697299,600.676239875469,13.9
03-14-2025 19:43:00,66.8396202558916,537.25644157895,13.69
03-14-2025 19:53:00,66.231195528353,511.322318184987,13.5
03-14-2025 20:03:00,65.6227588293171,490.83462576837,13.29
03-14-2025 20:13:00,66.263518558304,484.480773028231,13.16
03-14-2025 20:23:00,64.2600981208487,479.346780623458,13.07
03-14-2025 20:33:00,65.7631649152844,473.385454396812,12.99
03-14-2025 20:43:00,64.15092957347,473.554152886126,12.95
03-14-2025 20:53:00,63.4913562119943,481.248693052314,12.94
03-14-2025 21:03:00,64.6293191526859,484.874064088719,12.93
03-14-2025 21:13:00,64.9198277478218,490.238515068411,12.94
03-14-2025 21:23:00,63.8857312468254,502.132220354877,12.95
03-14-2025 21:33:00,64.464092556094,510.377319560648,12.98
03-14-2025 21:43:00,65.7999870983264,509.065334170567,13.01
03-14-2025 21:53:00,65.238702925338,511.49964786633,13.02
03-14-2025 22:03:00,63.5392849760475,513.345922999108,13.02
03-14-2025 22:13:00,64.3032066198373,517.200618125789,13.03
03-14-2025 22:23:00,64.2150945259624,532.70165385898,13.04
03-14-2025 22:33:00,65.6419837105227,542.050127936138,13.05
03-14-2025 22:43:00,65.6486315685135,550.926416820605,13.06
03-14-2025 22:53:00,64.3314139488017,563.23725861784,13.08
03-14-2025 23:03:00,62.9190547945316,572.046871346312,13.1
03-14-2025 23:13:00,65.0116262769079,578.8694871716,13.12
03-14-2025 23:23:00,64.2641857787736,587.046393936563,13.15
03-14-2025 23:33:00,63.7059549516076,597.501679335837,13.18
03-14-2025 23:43:00,63.5247378474484,615.897224058151,13.2
03-14-2025 23:53:00,64.5760128613034,628.799127580617,13.22
03-15-2025 00:03:00,63.162097200574,636.96348265629,13.24
03-15-2025 00:13:00,65.2589362703129,646.772825073778,13.27
03-15-2025 00:23:00,64.6983256350937,656.555414122831,13.29
03-15-2025 00:33:00,63.7580191220125,665.012558078557,13.31
03-15-2025 00:43:00,64.4285739705444,670.403456868209,13.32
03-15-2025 00:53:00,63.673887886455,665.514941677788,13.32
03-15-2025 01:03:00,63.8660780680343,680.709035973422,13.31
03-15-2025 01:13:00,63.8724094173486,686.385429141598,13.32
03-15-2025 01:23:00,62.5465177093363,689.338501739985,13.31
03-15-2025 01:33:00,62.6420079321858,693.016196205873,13.29
03-15-2025 01:43:00,63.306550265856,697.736032752678,13.27
03-15-2025 01:53:00,63.5954181750961,698.44485297061,13.27
03-15-2025 02:03:00,63.2165152901957,702.214638744005,13.25
03-15-2025 02:13:00,63.7878659540617,706.2075920646,13.24
03-15-2025 02:23:00,63.7902000636038,709.820567050087,13.23
03-15-2025 02:33:00,63.6028977430846,712.674401381207,13.22
03-15-2025 02:43:00,63.790931572146,712.80273325903,13.19
03-15-2025 02:53:00,64.0775813692679,716.318793680101,13.18
03-15-2025 03:03:00,64.4529514145439,719.916593235195,13.14
03-15-2025 03:13:00,63.3239512561728,724.581030033559,13.16
03-15-2025 03:23:00,62.8505672924456,725.87944116151,13.14
03-15-2025 03:33:00,62.8528930354345,729.487560006676,13.13
03-15-2025 03:43:00,62.7604672041177,731.863419691039,13.12
03-15-2025 03:53:00,62.2872814394628,736.001858359888,13.1
03-15-2025 04:03:00,63.6195369289163,738.261163012519,13.11
03-15-2025 04:13:00,63.3375814972439,741.867141741098,13.1
03-15-2025 04:23:00,62.0191892860793,745.585233306475,13.12
03-15-2025 04:33:00,62.7775017796339,748.58451347502,13.1
03-15-2025 04:43:00,61.4554645057345,752.985013689346,13.1
03-15-2025 04:53:00,62.7838585382732,753.368786199742,13.09
03-15-2025 05:03:00,62.6969567723168,755.85631360875,13.11
03-15-2025 05:13:00,62.3202765232605,758.702546874938,13.1
03-15-2025 05:23:00,63.2716010895876,761.492274905242,13.1
03-15-2025 05:33:00,62.6144356665843,768.678540407676,13.11
03-15-2025 05:43:00,63.5677352897516,771.128779207145,13.12
03-15-2025 05:53:00,62.620662965004,770.050249364743,13.1
03-15-2025 06:03:00,62.5355009243141,771.158065427906,13.13
03-15-2025 06:13:00,64.1521834947515,774.461275309661,13.14
03-15-2025 06:23:00,62.9243752570921,785.115767580625,13.14
03-15-2025 06:33:00,62.3616689659788,786.240528541696,13.15
03-15-2025 06:43:00,62.6499285820304,788.84086687937,13.15
03-15-2025 06:53:00,62.657602215292,789.911815499493,13.17
03-15-2025 07:03:00,62.3772246530903,790.711564288253,13.17
03-15-2025 07:13:00,62.7565426030912,790.955523964628,13.15
03-15-2025 07:23:00,62.0041810197754,793.217431038225,13.16
03-15-2025 07:33:00,62.2960559595781,796.752964606801,13.18
03-15-2025 07:43:00,62.2051755025901,797.457540477273,13.18
03-15-2025 07:53:00,63.2535831557908,797.729468322981,13.19
03-15-2025 08:03:00,62.8801705728237,798.854487776171,13.2
03-15-2025 08:13:00,61.8430524136792,801.306820290167,13.21
03-15-2025 08:23:00,62.609048200538,803.990861549532,13.23
03-15-2025 08:33:00,62.3302608924016,804.262859656802,13.24
03-15-2025 08:43:00,62.144438196756,803.734286638717,13.24
03-15-2025 08:53:00,61.7743063921936,804.848475345316,13.27
03-15-2025 09:03:00,62.6373066825718,805.963003732749,13.3
03-15-2025 09:13:00,63.3128092954626,805.601542583419,13.34
03-15-2025 09:23:00,63.2273849572145,807.191093699192,13.37
03-15-2025 09:33:00,62.2874193904666,852.644933535377,13.4
03-15-2025 09:43:00,62.2035121959007,855.526005437319,13.44
03-15-2025 09:53:00,63.5484060273279,857.930573979507,13.5
03-15-2025 10:03:00,63.2766049018862,861.336534235329,13.55
03-15-2025 10:13:00,61.9604054552479,860.607177829801,13.61
03-15-2025 10:23:00,63.495255653319,864.967931674616,13.66
03-15-2025 10:33:00,62.079212596437,864.051041221095,13.7
03-15-2025 10:43:00,63.2381502673437,866.22424730732,13.77
03-15-2025 10:53:00,61.734493571819,866.015970840548,13.86
03-15-2025 11:03:00,62.5188643805472,874.721539971253,13.96
03-15-2025 11:13:00,62.2529133579311,873.086971197909,14.05
03-15-2025 11:23:00,63.3252728134188,876.080601487501,14.15
03-15-2025 11:33:00,62.0046927890734,876.355596525343,14.22
03-15-2025 11:43:00,63.177657907253,875.242891627125,14.34
03-15-2025 11:53:00,62.1548596312782,876.616045609331,14.48
03-15-2025 12:03:00,63.4280354779047,873.439906454525,14.61
03-15-2025 12:13:00,62.6892661380822,870.640708800812,14.74
03-15-2025 12:23:00,62.5214171508293,869.853578141872,14.85
03-15-2025 12:33:00,62.5417219331855,866.664558879467,14.94
03-15-2025 12:43:00,61.7874727413694,864.003358170942,15
03-15-2025 12:53:00,63.1519851793446,861.336492957045,15.08
03-15-2025 13:03:00,63.0821892779346,858.274172883405,15.2
03-15-2025 13:13:00,62.6268018225674,856.554830106173,15.32
03-15-2025 13:23:00,62.9440501835032,854.106463867292,15.45
03-15-2025 13:33:00,61.0376308198858,852.236560252484,15.56
03-15-2025 13:43:00,62.1232568816729,849.396875651057,15.67
03-15-2025 13:53:00,61.1869563735288,846.734648053918,15.82
03-15-2025 14:03:00,63.3437726210039,842.715884744032,15.95
03-15-2025 14:13:00,62.4981432648189,839.128078913884,16.07
03-15-2025 14:23:00,64.7513509397584,836.801402305139,16.17
03-15-2025 14:33:00,62.6320263889367,834.679647691487,16.23
03-15-2025 14:43:00,63.0370308740887,832.891657303051,16.3
03-15-2025 14:53:00,63.1471486287113,830.623727239015,16.35
03-15-2025 15:03:00,64.0327561780843,827.046233854727,16.39
03-15-2025 15:13:00,63.6592442330356,823.457087174026,16.45
03-15-2025 15:23:00,64.257972546163,821.906801705838,16.51
03-15-2025 15:33:00,63.0122620138849,821.123640676624,16.59
03-15-2025 15:43:00,61.6693998633957,817.461302762296,16.68
03-15-2025 15:53:00,64.4219866717301,817.681638085207,16.79
03-15-2025 16:03:00,64.8399651744553,811.506263672546,16.91
03-15-2025 16:13:00,63.2977432805489,815.399067555963,16.99
03-15-2025 16:23:00,63.8030653753791,817.49441370106,17.06
03-15-2025 16:33:00,64.4046312467478,815.932016385839,17.12
03-15-2025 16:43:00,63.8274829836859,816.583652355358,17.15
03-15-2025 16:53:00,62.6596034709541,817.734679007731,17.16
03-15-2025 17:03:00,63.4409944457545,816.995070110008,17.14
03-15-2025 17:13:00,62.5569651395097,819.099955579959,17.1
03-15-2025 17:23:00,64.2091916624215,820.432031531512,17.04
03-15-2025 17:33:00,64.4890801294508,819.625348657589,16.96
03-15-2025 17:43:00,62.330008179965,818.234470682536,16.88
03-15-2025 17:53:00,63.29308937277,820.744700402819,16.8
03-15-2025 18:03:00,63.6664871468841,822.384786195329,16.7
03-15-2025 18:13:00,62.8694342692948,821.058825446297,16.59
03-15-2025 18:23:00,64.6991720907245,824.499919659324,16.48
03-15-2025 18:33:00,63.4187630355862,825.938919593818,16.38
03-15-2025 18:43:00,63.9849769140326,825.628218096641,16.28
03-15-2025 18:53:00,64.3482305584509,826.112627651376,16.14
03-15-2025 19:03:00,62.6895063535327,825.740198525486,16.07
03-15-2025 19:13:00,62.9643465410377,828.045643971067,15.97
03-15-2025 19:23:00,63.7245808553926,826.520380975098,15.88
03-15-2025 19:33:00,61.4873819074894,826.298346086719,15.8
03-15-2025 19:43:00,63.6007828185051,826.612884358424,15.71
03-15-2025 19:53:00,63.1999745714413,822.290922155795,15.62
03-15-2025 20:03:00,63.5699275305896,834.918026136865,15.52
03-15-2025 20:13:00,62.5001794217543,833.911894907049,15.46
03-15-2025 20:23:00,63.4543270925444,833.923197548241,15.39
03-15-2025 20:33:00,63.0564819945156,834.083120864999,15.31
03-15-2025 20:43:00,62.7554165833677,834.050307079544,15.23
03-15-2025 20:53:00,63.1302496988159,834.735306232705,15.16
03-15-2025 21:03:00,64.7510729046544,834.946682925325,15.07
03-15-2025 21:13:00,64.163125141229,836.111028429541,15
03-15-2025 21:23:00,62.5190440820145,834.199919239232,14.93
03-15-2025 21:33:00,63.2790731245048,835.119391411463,14.87
03-15-2025 21:43:00,62.4012183311626,825.350619435408,14.78
03-15-2025 21:53:00,64.6970246779317,835.620709397758,14.73
03-15-2025 22:03:00,63.8230025186797,833.13874500475,14.66
03-15-2025 22:13:00,62.8578355831588,832.18399211528,14.61
03-15-2025 22:23:00,64.0966795094031,828.930895842124,14.56
03-15-2025 22:33:00,65.0472837439678,829.606359599757,14.51
03-15-2025 22:43:00,64.7567998037362,829.315020068759,14.48
03-15-2025 22:53:00,64.0816282422544,829.55470874614,14.44
03-15-2025 23:03:00,63.9809206975723,831.994769664624,14.4
03-15-2025 23:13:00,64.6474392450918,829.59859961186,14.37
03-15-2025 23:23:00,62.0621539398663,823.378211276654,14.34
03-15-2025 23:33:00,63.6848843265423,828.633822132773,14.31
03-15-2025 23:43:00,63.4906878719365,827.960515020134,14.28
03-15-2025 23:53:00,65.0147233232771,828.295576086007,14.24
03-16-2025 00:03:00,64.6312270376737,826.805765774781,14.22
03-16-2025 00:13:00,64.1523091953685,827.226917058686,14.2
03-16-2025 00:23:00,63.3869860057686,825.546559882874,14.18
03-16-2025 00:33:00,64.8183700254886,826.063131552381,14.16
03-16-2025 00:43:00,62.5254055133143,826.293018827779,14.14
03-16-2025 00:53:00,64.622754367338,824.952493138886,14.11
03-16-2025 01:03:00,65.1920769716244,824.280617162672,14.08
03-16-2025 01:13:00,64.3298506209207,823.895254052786,14.05
03-16-2025 01:23:00,64.9009688365312,823.934215087323,14.03
03-16-2025 01:33:00,64.132548694968,823.792523692005,13.99
03-16-2025 01:43:00,64.7014157605693,824.360904668904,13.96
03-16-2025 01:53:00,64.2233349529955,824.113567371079,13.94
03-16-2025 02:03:00,65.0778873201347,822.58459739139,13.91
03-16-2025 02:13:00,64.2206636758986,823.3329803921,13.9
03-16-2025 02:23:00,64.5032142126093,821.899822044771,13.87
03-16-2025 02:33:00,65.9287951971105,821.991500444326,13.84
03-16-2025 02:43:00,64.2126657204702,820.506169014053,13.82
03-16-2025 02:53:00,63.3541677257007,819.878337144694,13.8
03-16-2025 03:03:00,64.4003299172125,819.631507553374,13.78
03-16-2025 03:13:00,64.7777224201546,819.05701504822,13.75
03-16-2025 03:23:00,62.7773601783071,817.763249528766,13.73
03-16-2025 03:33:00,65.0581973519136,816.237673016606,13.7
03-16-2025 03:43:00,64.4857467115252,817.133088926112,13.68
03-16-2025 03:53:00,64.2939912579333,816.22063707148,13.66
03-16-2025 04:03:00,64.2925195576383,817.400989971806,13.64
03-16-2025 04:13:00,64.4812439811927,816.96414943086,13.62
03-16-2025 04:23:00,65.9060543141902,817.85861436821,13.6
03-16-2025 04:33:00,65.0446079299151,816.767766250429,13.56
03-16-2025 04:43:00,64.094466096137,816.087622784883,13.55
03-16-2025 04:53:00,64.4750896773584,815.692627568718,13.54
03-16-2025 05:03:00,64.946672749273,804.761892387131,13.51
03-16-2025 05:13:00,63.234868478836,805.372094382261,13.49
03-16-2025 05:23:00,64.7553650422207,807.257889120018,13.48
03-16-2025 05:33:00,65.0406937384559,815.507907127011,13.47
03-16-2025 05:43:00,64.6590791185165,816.211017222729,13.45
03-16-2025 05:53:00,65.5121147922079,814.539714733061,13.43
03-16-2025 06:03:00,64.3709190622679,812.109248274058,13.41
03-16-2025 06:13:00,64.8419787434924,813.150771244961,13.38
03-16-2025 06:23:00,65.599581358116,813.663647249446,13.36
03-16-2025 06:33:00,63.8895533091683,813.037498963517,13.34
03-16-2025 06:43:00,64.0758048265371,812.939535889542,13.31
03-16-2025 06:53:00,66.0642224417139,812.462139464603,13.28
03-16-2025 07:03:00,64.1635160338739,810.277892902104,13.25
03-16-2025 07:13:00,65.0132302363073,810.370091403713,13.22
03-16-2025 07:23:00,65.6750144646687,809.55519317101,13.2
03-16-2025 07:33:00,65.0096177388662,804.570002712149,13.18
03-16-2025 07:43:00,65.6711774737845,804.798551929175,13.16
03-16-2025 07:53:00,64.2479272240763,801.615800247269,13.14
03-16-2025 08:03:00,64.0567194911003,799.855046860495,13.12
03-16-2025 08:13:00,64.5305992455394,794.345412169706,13.11
03-16-2025 08:23:00,64.81891284289,790.90455713145,13.12
03-16-2025 08:33:00,64.343436229057,788.198199490673,13.1
03-16-2025 08:43:00,65.9579464288033,785.60950209486,13.11
03-16-2025 08:53:00,64.4462748485388,783.683459763304,13.12
03-16-2025 09:03:00,64.5450610805794,780.525281850163,13.13
03-16-2025 09:13:00,64.0791790872502,779.717615355809,13.16
03-16-2025 09:23:00,63.324957483618,778.548191625021,13.17
03-16-2025 09:33:00,65.3233720528251,775.179970496285,13.2
03-16-2025 09:43:00,65.7107574444855,773.896070277457,13.23
03-16-2025 09:53:00,65.1498937733566,773.180464309589,13.26
03-16-2025 10:03:00,64.1144436467518,771.990049162554,13.29
03-16-2025 10:13:00,65.5495982105297,771.443980149135,13.34
03-16-2025 10:23:00,65.1800427989523,771.808737617334,13.38
03-16-2025 10:33:00,65.3799937808977,771.888663054896,13.42
03-16-2025 10:43:00,63.1122540929456,771.151438620358,13.47
03-16-2025 10:53:00,64.6459574624875,769.976078782089,13.53
03-16-2025 11:03:00,64.7568205082862,769.78801354904,13.6
03-16-2025 11:13:00,64.4931250498956,768.570932009365,13.7
03-16-2025 11:23:00,64.3261987350437,761.293817987662,13.81
03-16-2025 11:33:00,65.3089447304726,765.746089404819,13.95
03-16-2025 11:43:00,64.2017393175393,764.535225901433,14.13
03-16-2025 11:53:00,65.0992462515033,763.033733626566,14.31
03-16-2025 12:03:00,64.2719431631067,761.165756386754,14.47
03-16-2025 12:13:00,65.0760131694106,758.600294225336,14.65
03-16-2025 12:23:00,64.054509030693,756.625104332389,14.81
03-16-2025 12:33:00,64.8543247992995,751.244478350129,14.96
03-16-2025 12:43:00,63.9282070630161,750.253335927699,15.13
03-16-2025 12:53:00,64.5391631380136,747.873836696423,15.29
03-16-2025 13:03:00,64.6693335929729,747.61009012606,15.45
03-16-2025 13:13:00,65.1881737501666,745.160316666357,15.62
03-16-2025 13:23:00,65.5170216543753,743.997195483025,15.8
03-16-2025 13:33:00,63.8088734123568,740.627353949008,15.96
03-16-2025 13:43:00,64.6134724257111,738.728193607931,16.1
03-16-2025 13:53:00,64.9345449668194,737.503888974221,16.24
03-16-2025 14:03:00,63.9912407010158,735.657796809798,16.37
03-16-2025 14:13:00,64.7945214820408,734.355421758629,16.49
03-16-2025 14:23:00,63.6506171299778,733.209317814729,16.6
03-16-2025 14:33:00,64.0653136319316,731.901630113409,16.72
03-16-2025 14:43:00,64.6737790928771,729.873148002137,16.83
03-16-2025 14:53:00,62.9430125732917,728.559290627216,16.95
03-16-2025 15:03:00,65.6029087185923,727.598109530175,17.06
03-16-2025 15:13:00,64.6479926511859,725.719904802078,17.16
03-16-2025 15:23:00,63.7893907852345,723.936279105563,17.26
03-16-2025 15:33:00,65.4730840128923,722.995808650781,17.35
03-16-2025 15:43:00,64.1238974477785,721.990643811044,17.45
03-16-2025 15:53:00,64.2414768043426,720.556550347576,17.54
03-16-2025 16:03:00,64.1649599367143,718.86044944545,17.64
03-16-2025 16:13:00,63.49710850182,718.010614278767,17.73
03-16-2025 16:23:00,64.4988991403233,717.552377208869,17.82
03-16-2025 16:33:00,63.9266629332443,716.075289917875,17.9
03-16-2025 16:43:00,64.1408538310239,714.989654880393,17.98
03-16-2025 16:53:00,63.3668379283598,712.06170477841,18.04
03-16-2025 17:03:00,63.6754587718759,711.888459233646,18.1
03-16-2025 17:13:00,63.3911965553805,712.370340998641,18.15
03-16-2025 17:23:00,63.7986484289889,710.61944611214,18.21
03-16-2025 17:33:00,64.8906462270606,709.257743720102,18.24
03-16-2025 17:43:00,62.9277438486502,709.704480088487,18.28
03-16-2025 17:53:00,63.6215721377046,711.627331986455,18.29
03-16-2025 18:03:00,65.1046720240384,713.353068585428,18.3
03-16-2025 18:13:00,63.5257949209648,713.135927452163,18.29
03-16-2025 18:23:00,63.9098496759822,713.733415217854,18.23
03-16-2025 18:33:00,63.1148317675311,714.99036983962,18.19
03-16-2025 18:43:00,63.3944169077865,714.399872362138,18.1
03-16-2025 18:53:00,63.8724090975152,716.009903149924,18.02
03-16-2025 19:03:00,63.2639149103652,717.253876420059,17.92
03-16-2025 19:13:00,65.4121618854477,715.911278821598,17.84
03-16-2025 19:23:00,63.230031669515,717.610287100729,17.73
03-16-2025 19:33:00,64.7800832638157,717.834688372446,17.62
03-16-2025 19:43:00,63.1885471786863,720.278915638121,17.5
03-16-2025 19:53:00,64.4339388042464,719.579409260276,17.35
03-16-2025 20:03:00,64.4151352419792,719.836161776836,17.25
03-16-2025 20:13:00,63.0278267969823,721.461100269841,17.15
03-16-2025 20:23:00,64.1782657448766,720.182188752228,17.03
03-16-2025 20:33:00,65.1355053343829,719.169464068451,16.93
03-16-2025 20:43:00,63.7491449376082,719.196721104008,16.82
03-16-2025 20:53:00,64.216031542665,719.418840934939,16.71
03-16-2025 21:03:00,64.0027600663728,718.312137152208,16.61
03-16-2025 21:13:00,65.5384223842176,719.701847080016,16.5
03-16-2025 21:23:00,64.4518504954281,718.922479282156,16.41
03-16-2025 21:33:00,64.9206554149179,718.921184584827,16.32
03-16-2025 21:43:00,65.0956024669973,717.818497799545,16.22
03-16-2025 21:53:00,65.5653158604418,718.336864581384,16.14
03-16-2025 22:03:00,64.1929812959252,717.303916662011,16.06
03-16-2025 22:13:00,65.1469396161321,716.659719960056,15.98
03-16-2025 22:23:00,65.81139793843,716.050014604264,15.91
03-16-2025 22:33:00,64.6368326822956,715.634490100899,15.84
03-16-2025 22:43:00,65.0046368090694,717.342385320365,15.74
03-16-2025 22:53:00,64.9895051031996,716.506650067827,15.66
03-16-2025 23:03:00,63.9161494863445,715.545873442798,15.6
03-16-2025 23:13:00,64.6717781062502,716.898371905284,15.51
03-16-2025 23:23:00,66.5857124861656,713.749844690277,15.43
03-16-2025 23:33:00,65.5134998272529,714.334464752674,15.37
03-16-2025 23:43:00,64.9220273820165,714.885186563616,15.3
03-16-2025 23:53:00,64.7163607433016,712.450226079553,15.23
03-17-2025 00:03:00,65.2808344209664,713.097632239815,15.16
03-17-2025 00:13:00,63.6380805012004,708.744702681694,15.12
03-17-2025 00:23:00,64.012258736379,711.638204788542,15.06
03-17-2025 00:33:00,64.4841751441366,710.236399318606,15.01
03-17-2025 00:43:00,66.1088145669989,708.931746954616,14.96
03-17-2025 00:53:00,65.8090174225392,707.787556853844,14.9
03-17-2025 01:03:00,64.8414735636156,708.629811072135,14.86
03-17-2025 01:13:00,63.2967120468535,706.463398810389,14.81
03-17-2025 01:23:00,64.3455544125068,705.866144271144,14.77
03-17-2025 01:33:00,65.0060297161981,703.190489359715,14.71
03-17-2025 01:43:00,65.670004587539,705.279170622472,14.67
03-17-2025 01:53:00,66.0460179496416,704.395277584744,14.63
03-17-2025 02:03:00,65.0803525770685,703.607704832815,14.59
03-17-2025 02:13:00,66.2204872934591,703.075826936604,14.54
03-17-2025 02:23:00,65.5447167120952,701.076314614908,14.51
03-17-2025 02:33:00,65.3458906368741,702.587837871374,14.47
03-17-2025 02:43:00,65.9169170711029,701.482694434618,14.45
03-17-2025 02:53:00,64.9545787889173,701.494270795478,14.42
03-17-2025 03:03:00,65.3340694220775,698.380377170642,14.4
03-17-2025 03:13:00,65.0397843504327,698.552179882156,14.36
03-17-2025 03:23:00,65.2277989776337,699.074057001835,14.34
03-17-2025 03:33:00,65.9873662114923,697.938614007352,14.31
03-17-2025 03:43:00,64.8368085528484,698.651428665748,14.29
03-17-2025 03:53:00,64.5448482242655,698.472120788062,14.26
03-17-2025 04:03:00,64.4441129053987,697.815081248573,14.23
03-17-2025 04:13:00,64.3434125424848,695.820883273419,14.2
03-17-2025 04:23:00,64.7202800835487,695.069132420572,14.17
03-17-2025 04:33:00,64.3330855904283,696.704781188116,14.14
03-17-2025 04:43:00,64.9981458773816,695.220624802419,14.12
03-17-2025 04:53:00,65.2811690891131,695.455040101276,14.1
03-17-2025 05:03:00,64.1305543238676,694.51282643397,14.07
03-17-2025 05:13:00,65.0815071084575,695.319623882622,14.05
03-17-2025 05:23:00,65.8434121136992,693.295058394917,14.04
03-17-2025 05:33:00,65.7444985554233,694.67407172033,14.02
03-17-2025 05:43:00,65.2660963331376,693.317566756157,14.01
03-17-2025 05:53:00,64.6903994637719,692.597860759913,13.99
03-17-2025 06:03:00,66.9756560610337,692.641175482529,13.97
03-17-2025 06:13:00,65.4484327164436,690.712969972475,13.96
03-17-2025 06:23:00,63.9195179162569,691.709777181461,13.94
03-17-2025 06:33:00,65.0601036245608,690.227803909904,13.92
03-17-2025 06:43:00,66.2045056578738,691.190545103126,13.92
03-17-2025 06:53:00,65.7222479109497,688.915609980404,13.89
03-17-2025 07:03:00,64.2912948248438,686.702551114251,13.88
03-17-2025 07:13:00,65.3379930324227,688.587048387312,13.87
03-17-2025 07:23:00,66.1939604880926,688.375025020199,13.86
03-17-2025 07:33:00,64.8585371243505,686.924409151431,13.85
03-17-2025 07:43:00,64.7637206241646,685.50423764226,13.85
03-17-2025 07:53:00,65.5263367484608,684.274499302985,13.85
03-17-2025 08:03:00,63.8099744121103,683.395597803724,13.84
03-17-2025 08:13:00,64.0981128075221,683.05322348655,13.85
03-17-2025 08:23:00,65.6249097908297,682.615391528915,13.86
03-17-2025 08:33:00,65.3414903471735,681.415076018721,13.87
03-17-2025 08:43:00,65.5344832876792,680.595624289884,13.88
03-17-2025 08:53:00,65.2489738043123,680.317853807567,13.88
03-17-2025 09:03:00,65.2533643182981,680.290280322426,13.9
03-17-2025 09:13:00,63.6334712717958,680.488772359039,13.9
03-17-2025 09:23:00,66.9760407996973,676.200960243428,13.93
03-17-2025 09:33:00,63.8323727182023,677.00083023929,13.94
03-17-2025 09:43:00,64.502005925038,678.468111894837,13.95
03-17-2025 09:53:00,64.2182075312067,677.551686868194,13.96
03-17-2025 10:03:00,65.0826760511636,675.9311133713,13.99
03-17-2025 10:13:00,64.4211908486468,674.977407990309,14.02
03-17-2025 10:23:00,65.7631731765721,673.259757781207,14.05
03-17-2025 10:33:00,65.0060749359996,672.20923915397,14.08
03-17-2025 10:43:00,66.1641309320943,670.768065809893,14.14
03-17-2025 10:53:00,65.3171436799934,669.802998046182,14.2
03-17-2025 11:03:00,64.3698812671788,668.109996136193,14.24
03-17-2025 11:13:00,65.3378309919346,667.142560009014,14.3
03-17-2025 11:23:00,65.9220040983295,665.667058956839,14.35
03-17-2025 11:33:00,65.3585017158598,664.381582424583,14.4
03-17-2025 11:43:00,63.9369785263796,662.960550781793,14.47
03-17-2025 11:53:00,66.1598216189095,660.281839084211,14.57
03-17-2025 12:03:00,65.9891903924751,660.283245263367,14.67
03-17-2025 12:13:00,65.1506728814656,658.037963823835,14.79
03-17-2025 12:23:00,65.3712629232303,656.228574364981,14.93
03-17-2025 12:33:00,65.3917943858678,654.399257299839,15.03
03-17-2025 12:43:00,65.0274714926248,651.797084266969,15.13
03-17-2025 12:53:00,64.8531516071627,652.436745738958,15.22
03-17-2025 13:03:00,64.5881800941293,650.55858484985,15.34
03-17-2025 13:13:00,65.4823477231122,649.090079707653,15.47
03-17-2025 13:23:00,64.6420323728302,648.611579883652,15.61
03-17-2025 13:33:00,64.4845954179208,646.791315593765,15.79
03-17-2025 13:43:00,65.96894921534,643.55512613343,15.95
03-17-2025 13:53:00,65.608603046297,639.938624839069,16.08
03-17-2025 14:03:00,66.219961277329,638.184928307993,16.22
03-17-2025 14:13:00,65.0799337891778,637.63625557462,16.34
03-17-2025 14:23:00,64.5210830635641,637.766809491949,16.46
03-17-2025 14:33:00,66.197261354056,636.021588103722,16.57
03-17-2025 14:43:00,64.7598245243871,633.10437866053,16.68
03-17-2025 14:53:00,64.0957472208402,634.125044893991,16.77
03-17-2025 15:03:00,64.6010609553746,635.537020728892,16.86
03-17-2025 15:13:00,64.9078102161265,631.822723732629,16.93
03-17-2025 15:23:00,64.7287282535632,632.328979905511,17.01
03-17-2025 15:33:00,63.8654699236911,630.490707335228,17.09
03-17-2025 15:43:00,64.9564536725948,629.138715051989,17.17
03-17-2025 15:53:00,64.9747323108159,627.615291046905,17.26
03-17-2025 16:03:00,65.5804625185244,592.703426690573,17.35
03-17-2025 16:13:00,64.5194388337783,589.756544171424,17.43
03-17-2025 16:23:00,63.262915747333,589.377655097557,17.52
03-17-2025 16:33:00,63.86667277802,588.68052265563,17.6
03-17-2025 16:43:00,64.469169458123,592.179833170647,17.67
03-17-2025 16:53:00,63.5972444563561,592.32028004557,17.73
03-17-2025 17:03:00,64.4909207807966,587.819940271204,17.78
03-17-2025 17:13:00,64.0093888048582,600.809496320389,17.83
03-17-2025 17:23:00,63.4272105959486,599.332448517981,17.87
03-17-2025 17:33:00,63.8260978196797,603.632105429419,17.9
03-17-2025 17:43:00,63.3399505475048,602.524020807154,17.93
03-17-2025 17:53:00,64.2288858338538,606.506484611165,17.95
03-17-2025 18:03:00,65.0238287299072,608.571718937777,17.99
03-17-2025 18:13:00,64.7344383426783,604.117022419229,18.02
03-17-2025 18:23:00,63.9546236182497,611.006778923624,18.06
03-17-2025 18:33:00,64.6496139552855,613.443606068525,18.09
03-17-2025 18:43:00,64.1608611527582,613.787704810834,18.11
03-17-2025 18:53:00,64.8541012008954,614.722852155685,18.13
03-17-2025 19:03:00,64.956375807259,616.249330131562,18.15
03-17-2025 19:13:00,63.9687328567154,621.640750199986,18.14
03-17-2025 19:23:00,62.9831381992761,620.752007709145,18.14
03-17-2025 19:33:00,63.5699701540209,625.623854220479,18.12
03-17-2025 19:43:00,65.8266731677305,626.10842321553,18.08
03-17-2025 19:53:00,64.533934542961,629.00119297354,18.02
03-17-2025 20:03:00,64.3225921843463,630.094021356802,17.95
03-17-2025 20:13:00,63.8125873432067,632.607411271209,17.86
03-17-2025 20:23:00,63.9929011650389,637.698146829907,17.78
03-17-2025 20:33:00,65.4471919949684,642.166174568235,17.69
03-17-2025 20:43:00,63.6620978489859,642.409561695298,17.6
03-17-2025 20:53:00,65.1145280381613,644.907321797966,17.51
03-17-2025 21:03:00,64.5056969476538,646.49245115161,17.41
03-17-2025 21:13:00,64.8786088742887,651.039162244757,17.32
03-17-2025 21:23:00,64.8617627952573,654.042421067308,17.24
03-17-2025 21:33:00,64.1546641763967,655.002556050033,17.13
03-17-2025 21:43:00,65.7966350783972,654.94292947073,17.04
03-17-2025 21:53:00,64.7970673514461,655.120207051874,16.93
03-17-2025 22:03:00,65.4566820449534,656.46720721347,16.82
03-17-2025 22:13:00,64.166870208549,657.324863291819,16.71
03-17-2025 22:23:00,64.3471692948388,659.169927718676,16.64
03-17-2025 22:33:00,64.3286716821654,660.46981292719,16.55
03-17-2025 22:43:00,65.2844727187837,660.726731637708,16.47
03-17-2025 22:53:00,65.1681511158109,665.715964354349,16.38
03-17-2025 23:03:00,66.0229113319761,654.289455493941,16.29
03-17-2025 23:13:00,64.4508379259429,662.866149718947,16.2
03-17-2025 23:23:00,64.6261794369864,665.807320408041,16.11
03-17-2025 23:33:00,65.0960018136529,664.732020654623,16.04
03-17-2025 23:43:00,64.8853248615936,664.11373450615,15.96
03-17-2025 23:53:00,63.1282663053658,665.557145096355,15.89
03-18-2025 00:03:00,64.4706797632813,666.543834638751,15.83
03-18-2025 00:13:00,63.581996142562,668.023835382146,15.74
03-18-2025 00:23:00,65.5990200263517,668.814930656953,15.68
03-18-2025 00:33:00,64.5233922327631,668.63940293029,15.62
03-18-2025 00:43:00,65.1844547867565,671.814074237539,15.55
03-18-2025 00:53:00,64.88199001594,663.918224524101,15.49
03-18-2025 01:03:00,65.1604884677802,667.342058969459,15.44
03-18-2025 01:13:00,64.4726457154614,675.554746615837,15.38
03-18-2025 01:23:00,64.4619353110657,679.067426724735,15.33
03-18-2025 01:33:00,64.8365435253735,677.568140297384,15.28
03-18-2025 01:43:00,65.692314500869,679.825419197331,15.23
03-18-2025 01:53:00,64.4297783938372,678.711949932816,15.18
03-18-2025 02:03:00,64.1303952474974,680.966955146109,15.13
03-18-2025 02:13:00,65.5624931451487,675.814220298152,15.08
03-18-2025 02:23:00,64.7841575510399,686.27055526879,15.04
03-18-2025 02:33:00,64.2887753997174,686.057664846852,14.97
03-18-2025 02:43:00,64.5682359809623,688.720205113582,14.93
03-18-2025 02:53:00,63.887115253845,689.076092062763,14.89
03-18-2025 03:03:00,65.5085860593759,690.937766468533,14.84
03-18-2025 03:13:00,65.6872449310993,692.383913035279,14.78
03-18-2025 03:23:00,64.4309626006384,691.203264752523,14.74
03-18-2025 03:33:00,63.2713438273445,695.873092091388,14.7
03-18-2025 03:43:00,66.0430450720444,694.308512841679,14.66
03-18-2025 03:53:00,65.1751847026566,692.709295719541,14.64
03-18-2025 04:03:00,65.3556957054924,696.577846355145,14.59
03-18-2025 04:13:00,65.0631981946394,694.020981423602,14.57
03-18-2025 04:23:00,65.433116909866,697.664819495686,14.51
03-18-2025 04:33:00,65.9067052032844,699.800624789461,14.49
03-18-2025 04:43:00,65.6081451602669,700.694881381307,14.44
03-18-2025 04:53:00,63.2106962543379,699.671118538763,14.42
03-18-2025 05:03:00,65.3046638852517,698.26914314999,14.37
03-18-2025 05:13:00,65.5843801499169,702.284282239754,14.34
03-18-2025 05:23:00,64.5234482757529,701.581922576696,14.3
03-18-2025 05:33:00,64.7075889841308,704.447034070454,14.27
03-18-2025 05:43:00,65.2718382899178,703.935371768867,14.23
03-18-2025 05:53:00,65.5512101675123,695.716935224158,14.2
03-18-2025 06:03:00,65.4463751136989,708.100520451577,14.16
03-18-2025 06:13:00,64.8682302054187,706.981765370163,14.14
03-18-2025 06:23:00,64.674109110444,707.135414753163,14.13
03-18-2025 06:33:00,64.3825795874429,708.117068836448,14.11
03-18-2025 06:43:00,64.2839714647752,697.006708072965,14.1
03-18-2025 06:53:00,64.7560679564327,709.060608969802,14.08
03-18-2025 07:03:00,65.9934920387836,708.354758227259,14.07
03-18-2025 07:13:00,64.8430797353185,690.538012664383,14.05
03-18-2025 07:23:00,64.5516422364794,710.983535831104,14.03
03-18-2025 07:33:00,64.6418379779492,709.387829953545,14.01
03-18-2025 07:43:00,63.1143457760912,710.906988250071,14.01
03-18-2025 07:53:00,64.4465501166988,711.059341839304,14
03-18-2025 08:03:00,63.9664258850736,711.02082692032,13.99
03-18-2025 08:13:00,65.8705368976719,711.935890822262,13.98
03-18-2025 08:23:00,66.1532294494051,710.657446520545,13.97
03-18-2025 08:33:00,64.528821047398,712.239670331506,13.96
03-18-2025 08:43:00,64.5255142026,710.198446868333,13.95
03-18-2025 08:53:00,63.380022504612,710.953414674372,13.95
03-18-2025 09:03:00,64.8108201149906,709.451057845671,13.96
03-18-2025 09:13:00,64.7160725539708,709.855538287239,13.97
03-18-2025 09:23:00,64.7166655900896,710.832159114268,13.98
03-18-2025 09:33:00,63.7635041534598,708.756829796189,13.99
03-18-2025 09:43:00,66.8205006193211,707.219719714959,14.02
03-18-2025 09:53:00,64.3446341343241,706.158840919653,14.05
03-18-2025 10:03:00,65.8802551902916,705.826955242591,14.1
03-18-2025 10:13:00,65.5051656498719,704.604518824948,14.14
03-18-2025 10:23:00,64.8472827873452,703.155783019849,14.2
03-18-2025 10:33:00,64.4754990908393,705.432858953076,14.26
03-18-2025 10:43:00,65.73091793688,704.491573159521,14.33
03-18-2025 10:53:00,64.5957784325098,701.922571058764,14.4
03-18-2025 11:03:00,63.5570295400284,701.391359332252,14.48
03-18-2025 11:13:00,65.2970641320707,699.548507890457,14.57
03-18-2025 11:23:00,64.550888259695,697.763332798412,14.68
03-18-2025 11:33:00,64.1931575547258,694.817408268481,14.82
03-18-2025 11:43:00,64.2190082236309,691.096057478112,14.96
03-18-2025 11:53:00,65.0185235675262,688.676099283283,15.12
03-18-2025 12:03:00,64.9530432330968,686.346128870291,15.28
03-18-2025 12:13:00,65.1787859897801,683.171226686252,15.45
03-18-2025 12:23:00,65.2078524103821,681.860928573781,15.6
03-18-2025 12:33:00,65.5270305937412,680.933989745305,15.75
03-18-2025 12:43:00,64.294230741987,681.978826218322,15.88
03-18-2025 12:53:00,64.6130195443079,679.30526807439,16.03
03-18-2025 13:03:00,65.1306695305483,678.914446037386,16.2
03-18-2025 13:13:00,63.895049066026,677.172383350231,16.34
03-18-2025 13:23:00,64.7959375147426,673.967629518804,16.48
03-18-2025 13:33:00,64.7212992720313,676.246332900229,16.6
03-18-2025 13:43:00,65.8134532145947,674.11633481612,16.71
03-18-2025 13:53:00,65.8328940921148,674.29354126035,16.81
03-18-2025 14:03:00,63.7995312352839,675.876406428569,16.89
03-18-2025 14:13:00,63.5206325288838,672.678005969448,16.97
03-18-2025 14:23:00,64.5111434917726,673.870717532402,17.05
03-18-2025 14:33:00,65.4030694322149,672.494868251152,17.12
03-18-2025 14:43:00,66.0047603826645,671.048111781822,17.2
03-18-2025 14:53:00,65.139420209626,668.425086272269,17.28
03-18-2025 15:03:00,66.2312555527887,667.65889409831,17.36
03-18-2025 15:13:00,64.2811919579193,667.492287327601,17.41
03-18-2025 15:23:00,64.6834073037999,665.491729688235,17.47
03-18-2025 15:33:00,64.8899029677142,664.763677095842,17.53
03-18-2025 15:43:00,63.7213288897369,665.477919253419,17.58
03-18-2025 15:53:00,64.1257861983461,662.814234615901,17.65
03-18-2025 16:03:00,63.8413530886091,664.439755534531,17.71
03-18-2025 16:13:00,65.6216337665613,663.933631676563,17.78
03-18-2025 16:23:00,64.5513050635306,662.317514561049,17.84
03-18-2025 16:33:00,65.2520421467345,664.267825886693,17.91
03-18-2025 16:43:00,65.4615683316894,663.071431320369,17.98
03-18-2025 16:53:00,63.6038523988602,663.940969636076,18.05
03-18-2025 17:03:00,65.3866569056337,663.798077991989,18.11
03-18-2025 17:13:00,65.0996298773455,664.612098017192,18.16
03-18-2025 17:23:00,63.9192057085909,664.060595050934,18.18
03-18-2025 17:33:00,63.5269401945959,665.972985422222,18.2
03-18-2025 17:43:00,65.1041300596717,666.773051632821,18.21
03-18-2025 17:53:00,64.6092508266593,665.573172458809,18.21
03-18-2025 18:03:00,63.8206156390849,666.077279223872,18.22
03-18-2025 18:13:00,65.6895532764009,666.820397352654,18.21
03-18-2025 18:23:00,63.0259652591031,665.915916076284,18.21
03-18-2025 18:33:00,65.1904976110927,667.05305998917,18.2
03-18-2025 18:43:00,64.3033479589338,666.669600330519,18.21
03-18-2025 18:53:00,65.2891392620178,665.89162115874,18.22
03-18-2025 19:03:00,63.6130991966426,666.395087668069,18.23
03-18-2025 19:13:00,63.3113390561364,666.517812645489,18.21
03-18-2025 19:23:00,65.2765505270027,667.52745741375,18.19
03-18-2025 19:33:00,65.1737784878067,667.185395554467,18.18
03-18-2025 19:43:00,63.9870189810773,667.631648290055,18.17
03-18-2025 19:53:00,64.1759249045983,667.331332648476,18.14
03-18-2025 20:03:00,64.4591548108029,666.580610126438,18.09
03-18-2025 20:13:00,64.3986314770463,668.755330395935,18.03
03-18-2025 20:23:00,64.3380961717925,667.962839115073,18
03-18-2025 20:33:00,64.5204953486917,669.741801597942,17.94
03-18-2025 20:43:00,63.5189761759075,671.265323201914,17.86
03-18-2025 20:53:00,63.2063925783695,671.018583486583,17.78
03-18-2025 21:03:00,64.4609742603112,671.795047873308,17.68
03-18-2025 21:13:00,63.6537804861562,672.472214392908,17.58
03-18-2025 21:23:00,64.319966987556,673.666972865632,17.49
03-18-2025 21:33:00,62.8304022669171,673.390860449934,17.4
03-18-2025 21:43:00,64.5687591067887,673.155974728248,17.29
03-18-2025 21:53:00,64.5461634347081,674.12338539127,17.19
03-18-2025 22:03:00,64.4299197951527,672.898937430484,17.11
03-18-2025 22:13:00,63.821571253869,673.279331182836,17.01
03-18-2025 22:23:00,64.1878382913958,672.167304920649,16.9
03-18-2025 22:33:00,63.9705842390464,671.865301307102,16.8
03-18-2025 22:43:00,64.3360860732066,672.314751883222,16.69
03-18-2025 22:53:00,65.0943246533154,671.360086658253,16.6
03-18-2025 23:03:00,64.9720237919001,667.141524339467,16.49
03-18-2025 23:13:00,64.6555946804608,672.937906615566,16.38
03-18-2025 23:23:00,65.023347295128,672.37351847725,16.29
03-18-2025 23:33:00,63.1570928096253,672.751997249312,16.19
03-18-2025 23:43:00,63.8142124364995,670.803308046937,16.09
03-18-2025 23:53:00,65.2472792345188,670.726076948777,16
03-19-2025 00:03:00,63.9677802240874,670.648953564087,15.91
03-19-2025 00:13:00,64.1391375494108,668.512728284707,15.81
03-19-2025 00:23:00,63.0556045792911,666.117404121567,15.72
03-19-2025 00:33:00,63.9054473383524,664.884561792589,15.63
03-19-2025 00:43:00,63.6961794149687,664.287257860879,15.56
03-19-2025 00:53:00,65.3162699565224,663.829003487494,15.47
03-19-2025 01:03:00,64.4295241107,664.266320321663,15.39
03-19-2025 01:13:00,64.7001047217471,664.606725458104,15.31
03-19-2025 01:23:00,66.4190290397907,663.749273518157,15.25
03-19-2025 01:33:00,65.5330683096407,664.95582421351,15.17
03-19-2025 01:43:00,64.8425936911072,663.879499281462,15.1
03-19-2025 01:53:00,63.7682788502002,663.958042897847,15.03
03-19-2025 02:03:00,64.9072512300264,661.853334499731,14.97
03-19-2025 02:13:00,65.1786123973617,661.740743845856,14.9
03-19-2025 02:23:00,65.0677225964685,662.6151861027,14.84
03-19-2025 02:33:00,64.7650059604967,660.706001814878,14.78
03-19-2025 02:43:00,64.4625560883071,661.867772923729,14.72
03-19-2025 02:53:00,64.9273218344602,658.906073549527,14.66
03-19-2025 03:03:00,63.1876858643659,660.067522146598,14.6
03-19-2025 03:13:00,64.9955278290457,660.105202146991,14.55
03-19-2025 03:23:00,63.831766493752,658.584225282483,14.49
03-19-2025 03:33:00,64.9698807414997,657.40463804306,14.45
03-19-2025 03:43:00,64.6700223764085,657.538823027616,14.4
03-19-2025 03:53:00,64.7509308821736,656.785711917518,14.34
03-19-2025 04:03:00,64.260193078991,656.441948216152,14.29
03-19-2025 04:13:00,64.2476103908585,656.002839140122,14.24
03-19-2025 04:23:00,63.9484593560509,654.226717642109,14.19
03-19-2025 04:33:00,64.0295131857244,653.762607236191,14.13
03-19-2025 04:43:00,64.8759558979997,654.088442455874,14.08
03-19-2025 04:53:00,64.3880576952996,653.867614918688,14.04
03-19-2025 05:03:00,62.9466300246808,653.456095826239,14
03-19-2025 05:13:00,64.2673594584483,650.990736264884,13.94
03-19-2025 05:23:00,63.7839888008774,651.013134524922,13.92
03-19-2025 05:43:00,64.7223754553483,650.932285966097,13.86
03-19-2025 05:53:00,64.8067785540619,649.569495752497,13.82
03-19-2025 06:03:00,65.2740391454827,648.32825191285,13.79
03-19-2025 06:13:00,65.3622963611606,647.969871682577,13.77
03-19-2025 06:23:00,64.6849335376202,647.275009147527,13.73
03-19-2025 06:33:00,64.5828760533106,647.773314838353,13.71
03-19-2025 06:43:00,63.5254777659937,645.746732167989,13.67
03-19-2025 06:53:00,64.3729011261454,644.69765296328,13.64
03-19-2025 07:03:00,64.2689594852201,646.216576420518,13.61
03-19-2025 07:13:00,64.7334993724221,645.617824035426,13.57
03-19-2025 07:23:00,64.059233151459,644.759445614681,13.54
03-19-2025 07:33:00,64.1434969352924,644.161325207388,13.5
03-19-2025 07:43:00,64.5146362949349,647.103358243413,13.47
03-19-2025 07:53:00,63.2729488563643,643.895850808893,13.45
03-19-2025 08:03:00,64.0220077183284,641.114334710445,13.41
03-19-2025 08:13:00,63.4473898450185,642.206103582615,13.4
03-19-2025 08:23:00,64.5797076774899,640.519665884845,13.38
03-19-2025 08:33:00,63.2457834724708,640.377059771357,13.37
03-19-2025 08:43:00,64.474730515816,638.715751670912,13.36
03-19-2025 08:53:00,64.9462362654013,638.787564455571,13.36
03-19-2025 09:03:00,63.9959605382669,638.788993041682,13.37
03-19-2025 09:13:00,65.0390281439127,639.170015154566,13.38
03-19-2025 09:23:00,64.2764989959177,638.197283207742,13.38
03-19-2025 09:33:00,63.8975416631552,638.697610607436,13.4
03-19-2025 09:43:00,64.2800835278337,637.228357701234,13.43
03-19-2025 09:53:00,64.7577776043633,634.428470922795,13.46
03-19-2025 10:03:00,65.4298073036554,634.14592966766,13.51
03-19-2025 10:13:00,65.0587140040265,634.267538391283,13.57
03-19-2025 10:23:00,64.9726020867086,632.581979533917,13.63
03-19-2025 10:33:00,63.2706667517303,632.155845350226,13.7
03-19-2025 10:43:00,62.7094487744121,631.443427450661,13.77
03-19-2025 10:53:00,65.4859998735708,630.873445490748,13.86
03-19-2025 11:03:00,63.878578340773,628.848371136242,13.94
03-19-2025 11:13:00,64.3698706712365,626.367361930263,14.03
03-19-2025 11:23:00,63.9129876694774,625.290285082351,14.15
03-19-2025 11:43:00,64.4389534232402,622.341099898382,14.41
03-19-2025 11:53:00,64.8508504318986,621.637684796342,14.57
03-19-2025 12:03:00,63.3472676112883,617.310406650562,14.74
03-19-2025 12:13:00,64.3411256641715,615.322772962426,14.93
03-19-2025 12:23:00,63.6080571237474,612.004797288223,15.13
03-19-2025 12:33:00,62.7763383037128,609.447119009332,15.33
03-19-2025 12:43:00,63.6891330139608,606.124464849723,15.58
03-19-2025 12:53:00,64.6014290306713,602.84082862243,15.81
03-19-2025 13:03:00,65.3169273043073,599.188512513801,16.01
03-19-2025 13:13:00,63.8009483187493,598.801599609223,16.2
03-19-2025 13:23:00,63.7320690504916,596.307395579018,16.36
03-19-2025 13:33:00,62.8848664396905,594.001179902939,16.52
03-19-2025 13:43:00,63.494430342737,593.030812584954,16.67
03-19-2025 13:53:00,63.7114796053404,591.624999964858,16.8
03-19-2025 14:03:00,64.1221199108855,591.755908047964,16.92
03-19-2025 14:13:00,62.4806384890748,589.326191296717,17.03
03-19-2025 14:23:00,62.982817178604,588.804388694039,17.12
03-19-2025 14:33:00,62.3083750176192,588.630323027546,17.19
03-19-2025 14:43:00,64.2808650693376,586.464566144078,17.29
03-19-2025 14:53:00,62.9343144626889,584.770788429894,17.43
03-19-2025 15:03:00,63.9345960293258,582.835164590846,17.55
03-19-2025 15:13:00,62.5791637322099,584.702645042519,17.66
03-19-2025 15:23:00,63.2783522361616,582.679550773154,17.74
03-19-2025 15:33:00,62.3059249381256,580.731267146358,17.81
03-19-2025 15:43:00,63.1021322960313,580.25540336028,17.88
03-19-2025 15:53:00,64.3931334565707,579.307558041526,17.96
03-19-2025 16:03:00,62.0433805232513,579.539627209312,18.04
03-19-2025 16:13:00,61.859608797811,579.201366858035,18.13
03-19-2025 16:23:00,62.562821997693,576.594986689035,18.22
03-19-2025 16:33:00,62.0831818754065,577.042955509546,18.31
03-19-2025 16:43:00,62.7875502185314,575.813031388237,18.4
03-19-2025 16:53:00,63.2933534909057,574.363286451196,18.48
03-19-2025 17:03:00,63.6040955913015,574.216814465799,18.57
03-19-2025 17:13:00,62.0318449494074,574.524002493862,18.64
03-19-2025 17:23:00,63.2309561723076,573.268024406813,18.72
03-19-2025 17:33:00,61.8546624486799,572.584346150884,18.79
03-19-2025 17:43:00,61.168624605725,575.248362285225,18.85
03-19-2025 17:53:00,61.8678410230441,571.352258539705,18.9
03-19-2025 18:03:00,61.2767060554019,571.200903337196,18.94
03-19-2025 18:13:00,61.6770187742936,574.322357115307,18.98
03-19-2025 18:23:00,63.758163605519,571.730127858578,18.99
03-19-2025 18:33:00,62.3733921050245,570.387664253293,19.03
03-19-2025 18:43:00,63.463091781745,569.778449761478,19.04
03-19-2025 18:53:00,62.6674101551562,572.443910169627,19.05
03-19-2025 19:03:00,63.2610495405197,571.338286025236,19.06
03-19-2025 19:13:00,62.9614769337994,570.62938456529,19.07
03-19-2025 19:23:00,64.0494760900263,572.580219316522,19.07
03-19-2025 19:33:00,63.0511350840766,572.525721990508,19.06
03-19-2025 19:43:00,62.4460520756721,572.034031775313,19.03
03-19-2025 19:53:00,62.8351942138,573.050631446646,19.01
03-19-2025 20:03:00,62.3257356036362,575.295364954702,18.96
03-19-2025 20:13:00,63.2024797356763,574.345927465444,18.9
03-19-2025 20:23:00,63.1847338713401,576.349166214077,18.83
03-19-2025 20:33:00,62.7690086883492,576.54759880694,18.75
03-19-2025 20:43:00,62.3518861173488,578.110417079311,18.66
03-19-2025 20:53:00,61.5399083486363,579.2755364656,18.57
03-19-2025 21:03:00,62.6002672507388,578.698150835012,18.45
03-19-2025 21:13:00,62.5789838708399,579.564797330114,18.36
03-19-2025 21:23:00,62.9522058192612,578.753590643235,18.27
03-19-2025 21:33:00,64.0086312498587,581.626600443723,18.15
03-19-2025 21:43:00,62.8048350670156,580.421415768172,18.06
03-19-2025 21:53:00,61.6974276001917,580.849464724352,17.95
03-19-2025 22:03:00,63.8353961683843,581.866487655602,17.84
03-19-2025 22:13:00,62.0434514212829,582.705967892912,17.74
03-19-2025 22:23:00,64.6639782899857,583.482085876921,17.61
03-19-2025 22:33:00,62.6804641013416,581.202257716938,17.52
03-19-2025 22:43:00,63.3429200512757,581.550316245449,17.42
03-19-2025 22:53:00,63.8045250460664,582.15045937872,17.3
03-19-2025 23:03:00,61.7286217721011,580.366102636577,17.21
03-19-2025 23:13:00,63.9516693185867,579.618752675426,17.1
03-19-2025 23:23:00,63.2459120078314,580.280068621128,17.01
03-19-2025 23:33:00,63.4173352836557,580.72497070696,16.91
03-19-2025 23:43:00,62.6116579254748,580.076535628435,16.8
03-19-2025 23:53:00,62.2981134097467,581.125571518794,16.71
03-20-2025 00:03:00,62.76183329005,581.179375394042,16.61
03-20-2025 00:13:00,63.12754603508,579.482388956184,16.51
03-20-2025 00:23:00,63.0086805808627,580.529400076068,16.42
03-20-2025 00:33:00,62.3109850780504,579.478363321078,16.35
03-20-2025 00:43:00,63.2586278587383,581.959799490833,16.25
03-20-2025 00:53:00,62.1661813443811,579.66492911306,16.14
03-20-2025 01:03:00,63.4089428982717,579.488907051099,16.07
03-20-2025 01:13:00,62.5153369910311,578.88560810378,15.98
03-20-2025 01:23:00,63.7523431277751,579.734978876137,15.89
03-20-2025 01:33:00,62.377987073417,578.08823183285,15.81
03-20-2025 01:43:00,62.3605716792269,578.203404162535,15.74
03-20-2025 01:53:00,63.4021018327248,578.76175072747,15.65
03-20-2025 02:03:00,63.9654525527542,579.379030352705,15.59
03-20-2025 02:13:00,63.8486487742214,579.28025820734,15.51
03-20-2025 02:23:00,64.119757667157,577.658233525051,15.44
03-20-2025 02:33:00,62.5608793431688,576.443165507064,15.38
03-20-2025 02:43:00,61.5816038215718,577.541834005796,15.32
03-20-2025 02:53:00,62.2405934148989,576.616793043731,15.26
03-20-2025 03:03:00,62.3213275045371,576.270185494969,15.2
03-20-2025 03:13:00,64.3244654178078,574.557241143409,15.13
03-20-2025 03:23:00,62.4806408641089,574.885054491968,15.07
03-20-2025 03:33:00,63.2339984662275,574.44347654668,15.01
03-20-2025 03:43:00,62.8374434301343,575.866856531867,14.97
03-20-2025 03:53:00,62.8215841596812,575.040827923048,14.91
03-20-2025 04:03:00,61.7496159175333,574.503541807788,14.85
03-20-2025 04:13:00,64.2313534060683,575.137688323798,14.8
03-20-2025 04:23:00,62.967755296539,576.135548515323,14.74
03-20-2025 04:33:00,62.8578231757061,574.850581486077,14.69
03-20-2025 04:43:00,62.0769839005237,576.346304831874,14.64
03-20-2025 04:53:00,63.0214347322409,575.253754389482,14.59
03-20-2025 05:03:00,62.2429632534033,576.001211433671,14.55
03-20-2025 05:13:00,61.3674101392672,574.047668950812,14.5
03-20-2025 05:23:00,63.5553386978806,574.105546683287,14.45
03-20-2025 05:33:00,63.923714655104,575.311429146273,14.4
03-20-2025 05:43:00,62.7634595538514,573.857616811795,14.36
03-20-2025 05:53:00,63.3250144196915,574.508204828317,14.32
03-20-2025 06:03:00,62.1674814051149,574.508435372245,14.29
03-20-2025 06:13:00,63.7801084735887,574.298228689048,14.25
03-20-2025 06:23:00,63.1963269043341,573.629541675743,14.22
03-20-2025 06:33:00,62.9910581862223,573.877980914719,14.17
03-20-2025 06:43:00,63.4522717005537,573.820616398839,14.11
03-20-2025 06:53:00,62.8691512989191,572.675330774064,14.08
03-20-2025 07:03:00,63.0457981722934,573.686897060702,14.03
03-20-2025 07:13:00,63.4149725607087,572.3324342023,13.99
03-20-2025 07:23:00,64.0719352366533,571.665073432742,13.96
03-20-2025 07:33:00,61.5808780606772,573.457464311739,13.92
03-20-2025 07:43:00,62.7106048809243,571.513328854888,13.87
03-20-2025 07:53:00,63.2737497973346,571.151187508242,13.85
03-20-2025 08:03:00,61.9297381323923,572.198984635251,13.82
03-20-2025 08:13:00,62.7765689680284,570.675066961335,13.79
03-20-2025 08:23:00,64.0990239921387,570.294236691338,13.76
03-20-2025 08:33:00,63.4258857329555,571.664538878404,13.75
03-20-2025 08:43:00,63.2307244233236,569.721554190306,13.75
03-20-2025 08:53:00,64.0827338636796,569.682428013071,13.75
03-20-2025 09:03:00,61.6997986589301,569.376276925576,13.76
03-20-2025 09:13:00,62.3633039032467,568.689107882127,13.77
03-20-2025 09:23:00,62.360357258814,567.14473119669,13.78
03-20-2025 09:33:00,62.6449702302563,566.475498159093,13.8
03-20-2025 09:43:00,63.9774063964436,565.901181828785,13.82
03-20-2025 09:53:00,63.599410602725,565.74440449027,13.86
03-20-2025 10:03:00,62.1709278948347,566.42671136556,13.89
03-20-2025 10:13:00,63.8933955354778,565.353158521945,13.95
03-20-2025 10:23:00,62.5631129838941,563.974018216935,14
03-20-2025 10:33:00,63.8080931854983,564.311193660699,14.05
03-20-2025 10:43:00,62.9559314135485,562.566627906817,14.11
03-20-2025 10:53:00,62.19848065327,563.016939525132,14.17
03-20-2025 11:03:00,62.684382829586,562.721286132706,14.24
03-20-2025 11:13:00,63.4595949452631,561.200292340181,14.32
03-20-2025 11:23:00,63.1872069404456,561.148543800011,14.42
03-20-2025 11:33:00,62.6270988188031,558.51086797436,14.52
03-20-2025 11:43:00,62.2634253120934,558.126818911786,14.65
03-20-2025 11:53:00,62.9506894048619,556.554756088897,14.76
03-20-2025 12:03:00,62.8786357824409,553.993835432832,14.91
03-20-2025 12:13:00,62.135123679344,553.17524149367,15.07
03-20-2025 12:23:00,63.0267492260263,552.258074646466,15.23
03-20-2025 12:33:00,63.7257661895345,551.224550112543,15.38
03-20-2025 12:43:00,64.1388989347286,550.205727613314,15.54
03-20-2025 12:53:00,62.2316609133264,548.780273350119,15.69
03-20-2025 13:03:00,61.6763331837948,544.659144228837,15.85
03-20-2025 13:13:00,62.6716366974524,544.710298860058,16.02
03-20-2025 13:23:00,62.7925494148609,542.981311347873,16.17
03-20-2025 13:33:00,62.1387146508069,542.235997168933,16.33
03-20-2025 13:43:00,61.483238798493,539.640904527032,16.49
03-20-2025 13:53:00,64.3251347800578,540.591487319518,16.62
03-20-2025 14:03:00,63.0801799961897,538.620467280371,16.75
03-20-2025 14:13:00,61.1480404476295,537.896736899952,16.87
03-20-2025 14:23:00,60.8665089210555,536.92677887835,16.96
03-20-2025 14:33:00,62.04969392334,535.857585474641,17.05
03-20-2025 14:43:00,61.8623602634419,536.317739568736,17.12
03-20-2025 14:53:00,61.7725960282224,535.115929832565,17.19
03-20-2025 15:03:00,63.0524395320732,533.716950681417,17.26
03-20-2025 15:13:00,60.8096250302925,533.09938277912,17.33
03-20-2025 15:23:00,61.5064021774734,532.709172874518,17.42
03-20-2025 15:33:00,62.2003210507407,531.599848968219,17.49
03-20-2025 15:43:00,61.2278305769155,530.587197571642,17.56
03-20-2025 15:53:00,60.5486257812812,528.690146589025,17.63
03-20-2025 16:03:00,61.7359285710666,529.064804734697,17.71
03-20-2025 16:13:00,62.726266093923,527.950234481274,17.78
03-20-2025 16:23:00,61.3623559606016,527.848819305393,17.87
03-20-2025 16:33:00,63.83126541333,527.042660436483,17.95
03-20-2025 16:43:00,61.4799882827737,526.235302038987,18.03
03-20-2025 16:53:00,61.6885502427401,523.964795778243,18.12
03-20-2025 17:03:00,62.0907010593175,524.025616189044,18.19
03-20-2025 17:13:00,62.6905244664536,524.776644674978,18.26
03-20-2025 17:23:00,61.0197490446587,523.934088583324,18.32
03-20-2025 17:33:00,61.5189793794229,523.287987844246,18.38
03-20-2025 17:43:00,61.6217567634674,522.329431404807,18.43
03-20-2025 17:53:00,61.922184874248,521.369960659355,18.48
03-20-2025 18:03:00,61.5291601146647,520.888415212942,18.52
03-20-2025 18:13:00,61.7289836450158,520.702974265083,18.56
03-20-2025 18:23:00,60.940098027115,519.33067913712,18.6
03-20-2025 18:33:00,62.2259523468426,521.89856192559,18.63
03-20-2025 18:43:00,62.3252510008816,521.400705055536,18.66
03-20-2025 18:53:00,61.8289445102095,520.689286711769,18.68
03-20-2025 19:03:00,60.1449277567719,522.055712858953,18.7
03-20-2025 19:13:00,60.3391347819678,519.646107109964,18.71
03-20-2025 19:23:00,62.2159809583545,521.195102524777,18.72
03-20-2025 19:33:00,61.5175951530469,521.145152461874,18.72
03-20-2025 19:43:00,61.6110181840261,520.798159522397,18.72
03-20-2025 19:53:00,62.1003396474,522.331630927752,18.72
03-20-2025 20:03:00,60.7054070023512,521.063044572464,18.7
03-20-2025 20:13:00,60.5990292088094,521.49216360509,18.69
03-20-2025 20:23:00,61.6761840260781,522.286150822859,18.66
03-20-2025 20:33:00,61.1721754792814,522.699440392896,18.64
03-20-2025 20:43:00,63.0358200723559,521.484245536636,18.59
03-20-2025 20:53:00,61.7371415037945,520.58166263813,18.55
03-20-2025 21:03:00,62.9035459682148,522.795425003319,18.48
03-20-2025 21:13:00,61.2016263952104,524.383288094821,18.39
03-20-2025 21:23:00,61.184727233727,524.436910424168,18.33
03-20-2025 21:33:00,63.3334543175711,525.839983952262,18.25
03-20-2025 21:43:00,61.9279644704061,526.027532393645,18.15
03-20-2025 21:53:00,61.7099133607811,524.571971676155,18.07
03-20-2025 22:03:00,62.3777544681716,526.168729097284,17.99
03-20-2025 22:13:00,61.7624672301669,527.142116682121,17.89
03-20-2025 22:23:00,60.7551434794465,526.050722238558,17.79
03-20-2025 22:33:00,63.0871728610783,525.05919165808,17.69
03-20-2025 22:43:00,61.3993462354785,525.586923693436,17.62
03-20-2025 22:53:00,61.1768415838008,526.934378287916,17.51
03-20-2025 23:03:00,62.1300408589916,527.300011930497,17.4
03-20-2025 23:13:00,61.8151121602161,525.949792253907,17.32
03-20-2025 23:23:00,62.66848721121,526.70685549999,17.21
03-20-2025 23:33:00,61.2748205475442,528.162141805412,17.11
03-20-2025 23:43:00,61.6409196753193,526.783423952259,17.01
03-20-2025 23:53:00,62.7869574365312,527.06547967216,16.91
03-21-2025 00:03:00,63.4437193401718,525.494738855218,16.81
03-21-2025 00:13:00,60.9840290691654,527.448775951975,16.72
03-21-2025 00:23:00,61.3510168553065,526.771489499742,16.63
03-21-2025 00:33:00,62.982152893418,526.192398474801,16.54
03-21-2025 00:43:00,62.6646989223105,525.598812150218,16.44
03-21-2025 00:53:00,62.0582468110261,526.089849416669,16.35
03-21-2025 01:03:00,62.6194344415316,525.527607826655,16.27
03-21-2025 01:13:00,62.4968767548047,524.644663976362,16.17
03-21-2025 01:23:00,61.5040284435485,525.716799034871,16.08
03-21-2025 01:33:00,63.2267938407777,524.283971604273,16
03-21-2025 01:43:00,61.3634671687584,526.613302492036,15.91
03-21-2025 01:53:00,61.7314617672916,525.00334645056,15.84
03-21-2025 02:03:00,62.1938107907372,525.217241965518,15.76
03-21-2025 02:13:00,62.7541615769631,523.319896390514,15.69
03-21-2025 02:23:00,62.1510113163452,523.616079855605,15.6
03-21-2025 02:33:00,64.061905352073,524.038295224987,15.53
03-21-2025 02:43:00,63.173192651212,522.434208874237,15.46
03-21-2025 02:53:00,62.1890162643429,523.724203084449,15.39
03-21-2025 03:03:00,60.5313679379997,524.916370240788,15.32
03-21-2025 03:13:00,61.9573691266374,523.314238452956,15.25
03-21-2025 03:23:00,61.7492197125532,523.668727604184,15.2
03-21-2025 03:33:00,61.4412605248529,523.030820596538,15.13
03-21-2025 03:43:00,62.4838262986334,523.673487808565,15.08
03-21-2025 03:53:00,62.1776352674043,523.243146632339,15.02
03-21-2025 04:03:00,61.0068863365846,523.774053160711,14.96
03-21-2025 04:13:00,61.8541955183751,523.72811422588,14.9
03-21-2025 04:23:00,63.4707338077384,522.832914306359,14.85
03-21-2025 04:33:00,61.4353283638653,522.196788796519,14.78
03-21-2025 04:43:00,61.4216988682245,523.044221665613,14.74
03-21-2025 04:53:00,62.0774431318968,519.657004315005,14.69
03-21-2025 05:03:00,62.0616866076121,521.065021380927,14.64
03-21-2025 05:13:00,61.7603572064479,519.803511127328,14.6
03-21-2025 05:23:00,60.9784040038776,518.528294746362,14.55
03-21-2025 05:33:00,61.2502896543228,520.126490435305,14.5
03-21-2025 05:43:00,61.9066938345415,520.110756843048,14.46
03-21-2025 05:53:00,61.9885307868934,519.999258059391,14.42
03-21-2025 06:03:00,61.3031638192905,519.777616707418,14.37
03-21-2025 06:13:00,61.2876288498688,518.982365948375,14.32
03-21-2025 06:23:00,62.1323113967225,518.76113248221,14.27
03-21-2025 06:33:00,60.7788272597179,520.25977328733,14.22
03-21-2025 06:43:00,62.8646069124689,519.465022840358,14.17
03-21-2025 06:53:00,60.8453706845693,520.212778050899,14.13
03-21-2025 07:03:00,62.4524436882247,519.513877766551,14.08
03-21-2025 07:13:00,62.2455931244603,519.578666615268,14.03
03-21-2025 07:23:00,61.3750159904924,521.102827110353,14
03-21-2025 07:33:00,60.7890995989115,520.513833343276,13.96
03-21-2025 07:43:00,61.7286946471885,520.020440190207,13.92
03-21-2025 07:53:00,61.3335853021091,521.242550552464,13.88
03-21-2025 08:03:00,61.8913460090457,522.84488154443,13.84
03-21-2025 08:13:00,62.2621137083649,521.713345009138,13.82
03-21-2025 08:23:00,61.9642128505594,523.13878863792,13.79
03-21-2025 08:33:00,61.1940782240904,522.212413498558,13.78
03-21-2025 08:43:00,62.7111158801919,522.72884709378,13.78
03-21-2025 08:53:00,62.3218098369293,522.659281328043,13.77
03-21-2025 09:03:00,60.6984753933791,521.761756184484,13.78
03-21-2025 09:13:00,62.1240768231527,521.068872018478,13.8
03-21-2025 09:23:00,61.9270705675148,520.72782339743,13.8
03-21-2025 09:33:00,61.1623171020541,519.653436574964,13.82
03-21-2025 09:43:00,61.0641685892004,518.673861354933,13.84
03-21-2025 09:53:00,61.728211513668,517.693862581343,13.86
03-21-2025 10:03:00,61.9197773694694,516.646335341116,13.9
03-21-2025 10:13:00,63.3508419027191,517.123430454433,13.94
03-21-2025 10:23:00,60.3994679213196,517.819797950979,14
03-21-2025 10:33:00,60.7834449976788,518.216159776048,14.05
03-21-2025 10:43:00,60.6922445132639,518.436020619975,14.11
03-21-2025 10:53:00,65.5500023222273,668.147718643722,14.18
03-21-2025 11:03:00,64.9199187314871,670.095086105862,19.46
03-21-2025 11:05:19,64.2898377912999,672.042531541309,16.56
03-21-2025 11:10:19,63.6597595016656,673.990054950063,16.14
03-21-2025 11:15:19,63.0296838625844,675.937656332123,24.72
03-21-2025 11:20:19,62.3996108740561,677.885335687489,25.37
03-21-2025 11:25:19,61.7695405360808,679.833093016163,26.03
03-21-2025 11:30:19,61.1394728486585,681.780928318142,25.87
03-21-2025 11:35:19,60.5094078117892,683.728841593428,26.06
03-21-2025 11:40:19,59.8793454254729,685.67683284202,19.5
03-21-2025 11:45:19,59.2492856897095,687.624902063919,15.58
03-21-2025 11:50:19,58.6192286044991,689.573049259124,15.43
03-21-2025 11:55:19,57.9891741698418,697.102317528182,15.36
03-21-2025 12:00:19,57.3591223857374,692.758292183652,15.35
03-21-2025 12:05:19,58.614122370646,688.414344812428,15.36
03-21-2025 12:10:19,57.459366385473,690.540068487223,15.37
03-21-2025 12:15:19,58.2409937498384,691.90013266249,15.4
03-21-2025 12:20:19,60.1846844470628,693.260274811063,15.44
03-21-2025 12:25:19,61.945659217,688.534741649712,15.5
03-21-2025 12:30:19,61.2858294886065,683.809286461666,15.54
03-21-2025 12:35:19,61.7932781761728,679.861734291763,15.6
03-21-2025 12:40:19,60.8519643358025,675.620859035694,15.66
03-21-2025 12:45:19,62.814207049601,674.044665753148,15.73
03-21-2025 12:50:19,60.5272605046287,667.302118127178,15.81
03-21-2025 12:55:19,60.3668348377387,664.906946620947,15.89
03-21-2025 13:00:19,61.1702429314509,658.190148783026,15.96
03-21-2025 13:05:19,60.4286225223602,654.624148221417,16.04
03-21-2025 13:10:19,61.9117119084022,652.74214760854,16.11
03-21-2025 13:15:19,61.8533499290515,651.166478978166,16.2
03-21-2025 13:20:19,59.9413653496773,646.659629526496,16.27
03-21-2025 13:25:19,61.9170779545347,643.175923260653,16.35
03-21-2025 13:30:19,61.1691939379965,641.575642826456,16.42
03-21-2025 13:35:19,61.4856757723959,638.556147276372,16.48
03-21-2025 13:40:19,62.0015876900833,637.438623864917,16.55
03-21-2025 13:45:19,61.5400976527411,635.387915896575,16.61
03-21-2025 13:50:19,60.3920575187547,633.863781980766,16.66
03-21-2025 13:55:19,62.5551829546113,631.559336145775,16.71
03-21-2025 14:00:19,60.9193881155895,629.54562917891,16.76
03-21-2025 14:05:19,60.7446648571552,631.332654121328,16.81
03-21-2025 14:10:19,60.1752651310296,628.286676596884,16.85
03-21-2025 14:15:19,61.2684053351037,625.392001950419,16.9
03-21-2025 14:20:19,60.987049685489,626.287941294773,16.93
03-21-2025 14:25:19,62.5646895074323,623.530849894918,16.97
03-21-2025 14:30:19,62.2834926028074,623.548425808705,17
03-21-2025 14:35:19,60.6394081368896,621.863618480828,17.04
03-21-2025 14:40:19,60.7528512695352,624.476623820418,17.08
03-21-2025 14:45:19,60.6753911722275,624.410639180118,17.13
03-21-2025 14:50:19,60.9934797268208,622.933686951615,17.19
03-21-2025 14:55:19,61.4006219679194,622.714083328346,17.23
03-21-2025 15:00:19,60.3403596877272,619.461336837787,17.27
03-21-2025 15:05:19,61.43268791114,617.968461913643,17.31
03-21-2025 15:10:19,60.371773596742,614.810409134433,17.35
03-21-2025 15:15:19,62.0478359949001,612.868846460141,17.38
03-21-2025 15:20:19,61.5697384242825,614.060996276237,17.41
03-21-2025 15:25:19,61.0914177050242,607.807691666625,17.44
03-21-2025 15:30:19,59.9224468677504,610.022780505995,17.46
03-21-2025 15:35:19,62.5846661305159,610.878184251537,17.5
03-21-2025 15:40:19,61.2283842822583,610.263499597044,17.54
03-21-2025 15:45:19,61.8329369664196,612.198793340868,17.58
03-21-2025 15:50:19,60.1856788936494,610.560076615455,17.63
03-21-2025 15:55:19,60.4958771571341,609.356257981799,17.67
03-21-2025 16:00:19,60.6144021132261,606.733691398265,17.72
03-21-2025 16:05:19,60.4383287391401,607.154438857949,17.77
03-21-2025 16:10:19,59.8690354308207,607.379172399212,17.82
03-21-2025 16:15:19,60.4835093349142,607.167493312522,17.88
03-21-2025 16:20:19,61.3891000566021,605.130619409108,17.93
03-21-2025 16:25:19,59.9294568420452,605.792683937119,17.97
03-21-2025 16:30:19,61.8197560709725,604.443176528453,18.02
03-21-2025 16:35:19,61.5498868555136,604.427535353237,18.08
03-21-2025 16:40:19,60.4825887747324,602.529571551318,18.12
03-21-2025 16:45:19,60.6955947050671,603.389603317207,18.16
03-21-2025 16:50:19,61.504736443215,602.925051909247,18.21
03-21-2025 16:55:19,61.7136226927711,603.632829525818,18.24
03-21-2025 17:00:19,61.7299740158784,602.620559575309,18.28
03-21-2025 17:05:19,60.6610536021885,603.482401164498,18.32
03-21-2025 17:10:19,61.3679446086198,603.259331186506,18.36
03-21-2025 17:15:19,61.3842133205083,601.752861812308,18.4
03-21-2025 17:20:19,61.790903636353,599.697249149591,18.43
03-21-2025 17:25:19,60.6219598754899,602.535469338069,18.47
03-21-2025 17:30:19,61.1275062676703,599.688772035562,18.5
03-21-2025 17:35:19,62.1274363011625,598.42210219028,18.53
03-21-2025 17:40:19,61.5462282675493,598.637742868478,18.56
03-21-2025 17:45:19,60.2726210907339,597.073885753943,18.59
03-21-2025 17:50:19,60.4773642947857,596.641736135187,18.61
03-21-2025 17:55:19,61.4780310148798,597.648834949255,18.64
03-21-2025 18:00:19,60.59482311807,595.633982140785,18.66
03-21-2025 18:05:19,61.5913101976066,597.081719783849,18.68
03-21-2025 18:10:19,61.4995391960393,594.670534424634,18.7
03-21-2025 18:15:19,61.0164017055316,597.361194364035,18.73
03-21-2025 18:20:19,62.2161932089713,595.201839302355,18.76
03-21-2025 18:25:19,62.4168644526386,593.130963669548,18.77
03-21-2025 18:30:19,61.8346462753831,595.427015803738,18.8
03-21-2025 18:35:19,62.8277478934099,595.336697636617,18.81
03-21-2025 18:40:19,61.844517407558,594.805713516912,18.83
03-21-2025 18:45:19,61.0637161576067,595.419173840995,18.86
03-21-2025 18:50:19,61.7599530551287,594.040897581801,18.87
03-21-2025 18:55:19,61.9607830115312,596.428463701592,18.88
03-21-2025 19:00:19,61.6660871529881,595.942259550166,18.89
03-21-2025 19:05:19,62.7637465731236,596.700295256536,18.91
03-21-2025 19:10:19,61.5768265954578,597.800385422875,18.92
03-21-2025 19:15:19,60.9845830745391,597.215306352339,18.93
03-21-2025 19:20:19,62.0778289488577,597.125993885214,18.94
03-21-2025 19:25:19,60.2910968769966,596.68444683068,18.94
03-21-2025 19:30:19,61.3797706814151,599.31668464592,18.94
03-21-2025 19:35:19,60.9811696058383,601.254937586876,18.94
03-21-2025 19:40:19,62.5703129409446,601.562949850073,18.95
03-21-2025 19:45:19,60.6797345831932,602.157122327612,18.94
03-21-2025 19:50:19,61.6646342520836,602.156391278735,18.93
03-21-2025 19:55:19,61.860938924834,603.103350495646,18.93
03-21-2025 20:00:19,61.1603586251095,603.499209149832,18.92
03-21-2025 20:05:19,60.7618369121894,602.760925564649,18.92
03-21-2025 20:10:19,62.4404783669837,602.859517327724,18.91
03-21-2025 20:15:19,63.618464555827,603.398276854211,18.89
03-21-2025 20:20:19,61.8324753863043,603.750603926159,18.89
03-21-2025 20:25:19,63.0103747662531,605.37928159268,18.87
03-21-2025 20:30:19,62.805494719783,602.307004290209,18.86
03-21-2025 20:35:19,61.8080059046981,603.09941224592,18.85
03-21-2025 20:40:19,60.4143886802837,602.50473273324,18.84
03-21-2025 20:45:19,62.9741117876775,603.186123088397,18.81
03-21-2025 20:50:19,62.2647823364536,604.263296448282,18.78
03-21-2025 20:55:19,62.0554603847064,604.702554868167,18.76
03-21-2025 21:00:19,61.5492271034821,605.735665790873,18.74
03-21-2025 21:05:19,61.4390679954811,605.976658236608,18.72
03-21-2025 21:10:19,62.9076089782158,607.943046501893,18.69
03-21-2025 21:15:19,62.4910834447717,610.05032928705,18.65
03-21-2025 21:20:19,63.0637323807899,613.54072376161,18.61
03-21-2025 21:25:19,62.6568283979557,613.78029379952,18.59
03-21-2025 21:30:19,61.9441895245483,615.785173966331,18.55
03-21-2025 21:35:19,61.6318717890731,615.869001294926,18.52
03-21-2025 21:40:19,61.0187486686931,617.872082557761,18.48
03-21-2025 21:45:19,60.9043589710435,619.930664944633,18.45
03-21-2025 21:50:19,62.5579863180102,620.788399542552,18.4
03-21-2025 21:55:19,60.9582203434761,622.29449267061,18.36
03-21-2025 22:00:19,63.0147042273028,622.968665053076,18.33
03-21-2025 22:05:19,62.101511049868,626.388705583619,18.28
03-21-2025 22:10:19,61.3862290199273,627.341197182412,18.23
03-21-2025 22:15:19,63.3324350299942,627.898686588844,18.18
03-21-2025 22:20:19,62.5233972537562,626.444165524447,18.14
03-21-2025 22:25:19,63.5909424539901,626.820649750681,18.11
03-21-2025 22:30:19,62.0930109231053,628.3212591642,18.07
03-21-2025 22:35:19,61.5803836536279,629.624033004421,18.03
03-21-2025 22:40:19,63.7202202435343,630.278011487177,17.98
03-21-2025 22:45:19,62.6079039106121,631.759015065302,17.92
03-21-2025 22:50:19,63.2802701221429,632.231877883043,17.89
03-21-2025 22:55:19,63.2642016836864,632.507921861306,17.86
03-21-2025 23:00:19,62.2514197028981,633.495076203787,17.8
03-21-2025 23:05:19,64.0972335843678,633.712850473785,17.76
03-21-2025 23:10:19,62.0141474806017,633.734088926558,17.72
03-21-2025 23:15:19,62.1854786503889,635.366186741348,17.67
03-21-2025 23:20:19,62.2539222370658,638.018163339903,17.61
03-21-2025 23:25:19,62.9247334540933,635.055389400121,17.58
03-21-2025 23:30:19,61.2372047007479,636.154694147717,17.54
03-21-2025 23:35:19,62.9768384909408,636.509210301532,17.49
03-21-2025 23:40:19,62.7555800602738,636.765437382932,17.44
03-21-2025 23:45:19,62.8376612108401,637.235275373039,17.41
03-21-2025 23:50:19,63.5025535198549,637.646908634234,17.37
03-21-2025 23:55:19,62.1999645551297,638.921014227814,17.31
03-22-2025 00:00:19,63.3490454513236,638.490960164425,17.26
03-22-2025 00:05:19,63.2352486657189,637.688127030929,17.23
03-22-2025 00:10:19,62.9119001481795,639.938358469209,17.17
03-22-2025 00:15:19,62.0163383234557,638.060558886533,17.14
03-22-2025 00:20:19,62.5777234830958,640.36707908757,17.09
03-22-2025 00:25:19,62.7526569028217,640.190522789838,17.05
03-22-2025 00:30:19,62.4346303857429,641.225244439549,17
03-22-2025 00:35:19,63.0975150394584,640.072457565063,16.96
03-22-2025 00:40:19,63.4672594435805,638.530088242215,16.92
03-22-2025 00:45:19,61.5932605416893,638.256752519836,16.88
03-22-2025 00:50:19,63.4259480783667,638.861198923396,16.84
03-22-2025 00:55:19,62.0359643636084,639.60219531762,16.79
03-22-2025 01:00:19,63.087664204212,640.692982242626,16.75
03-22-2025 01:05:19,61.1143634935458,640.848247031233,16.7
03-22-2025 01:10:19,62.9399553304163,641.00335873791,16.65
03-22-2025 01:15:19,61.6495713176841,640.671670265401,16.6
03-22-2025 01:20:19,61.9260145456365,641.137422989752,16.57
03-22-2025 01:25:19,63.1704918217168,640.572084435027,16.53
03-22-2025 01:30:19,62.8582620386731,640.785055479557,16.49
03-22-2025 01:35:19,63.0276448447815,640.356582203195,16.44
03-22-2025 01:40:19,62.331579166351,641.793676757453,16.41
03-22-2025 01:45:19,62.7878662106792,642.569773735964,16.35
03-22-2025 01:50:19,63.0588522766562,641.519353791879,16.31
03-22-2025 01:55:19,62.1647358327129,642.314062760042,16.27
03-22-2025 02:00:19,63.595622901027,642.273769401738,16.22
03-22-2025 02:05:19,63.094664884674,642.252672231787,16.19
03-22-2025 02:10:19,62.9726296538012,644.054992355776,16.14
03-22-2025 02:15:19,63.1461714413269,644.653909055649,16.1
03-22-2025 02:20:19,62.3550161770123,643.275316946831,16.07
03-22-2025 02:25:19,63.8757747038737,645.017200055123,16.01
03-22-2025 02:30:19,63.4724393190355,643.155198190157,15.98
03-22-2025 02:35:19,63.1661299574965,643.618125059958,15.95
03-22-2025 02:40:19,63.1457518606152,644.313064709527,15.91
03-22-2025 02:45:19,63.0332543115551,643.323751432723,15.88
03-22-2025 02:50:19,63.0129320822119,643.921646435845,15.84
03-22-2025 02:55:19,62.4122938070666,642.584726138596,15.8
03-22-2025 03:00:19,63.4557879582632,642.505622637695,15.76
03-22-2025 03:05:19,62.6666741052342,642.967946433383,15.73
03-22-2025 03:10:19,61.7767476853844,644.145065906174,15.69
03-22-2025 03:15:19,61.5681575962672,640.452277240417,15.66
03-22-2025 03:20:19,62.4130262810325,641.378421261284,15.61
03-22-2025 03:25:19,63.2758366080048,640.411315025541,15.6
03-22-2025 03:30:19,64.0325317411915,640.873611348087,15.57
03-22-2025 03:35:19,61.506997057132,641.335705766539,15.54
03-22-2025 03:40:19,63.4217948039987,642.183611563101,15.51
03-22-2025 03:45:19,62.243749573371,639.789463684499,15.47
03-22-2025 03:50:19,61.8425189493571,642.084046908434,15.44
03-22-2025 03:55:19,61.9190789317739,642.391009767324,15.4
03-22-2025 04:00:19,62.7713223208119,643.237781989764,15.37
03-22-2025 04:05:19,62.0811590224557,642.349411359433,15.34
03-22-2025 04:10:19,62.9329706866075,642.03958889542,15.31
03-22-2025 04:15:19,63.5000530114717,641.113494685943,15.29
03-22-2025 04:20:19,61.7506813757667,643.115698569707,15.26
03-22-2025 04:25:19,63.9501523550448,642.613357918645,15.23
03-22-2025 04:30:19,62.3023285775311,642.458063052683,15.21
03-22-2025 04:35:19,62.0027061900469,642.976695896883,15.19
03-22-2025 04:40:19,61.5106821733083,643.976445574827,15.17
03-22-2025 04:45:19,63.8049056865316,644.147928220781,15.14
03-22-2025 04:50:19,61.7689010307606,643.934531566938,15.11
03-22-2025 04:55:19,63.4895639013684,644.164089277545,15.09
03-22-2025 05:00:19,62.0359619919562,642.181616185687,15.07
03-22-2025 05:05:19,64.1359880839787,643.411129157053,15.04
03-22-2025 05:10:19,60.9568514872854,641.96823488694,15.03
03-22-2025 05:15:19,62.4797521068996,642.524616746775,15
03-22-2025 05:20:19,62.1806089037323,642.946580269043,14.98
03-22-2025 05:25:19,63.2222171316457,643.118222823068,14.95
03-22-2025 05:30:19,63.3073562228741,643.732131291993,14.93
03-22-2025 05:35:19,64.4490698752256,642.905069045609,14.91
03-22-2025 05:40:19,62.8006925163844,640.771924477103,14.88
03-22-2025 05:45:19,62.9818742395027,639.561634615784,14.86
03-22-2025 05:50:19,61.7229667421395,639.503784298982,14.84
03-22-2025 05:55:19,62.6675835164844,641.499795626169,14.81
03-22-2025 06:00:19,62.944659080935,642.593311910676,14.79
03-22-2025 06:05:19,64.2724018079948,642.573073973294,14.76
03-22-2025 06:10:19,62.6351401114225,641.22982599248,14.75
03-22-2025 06:15:19,62.5284160110507,641.651541284206,14.73
03-22-2025 06:20:19,63.6731563018598,639.733301555225,14.72
03-22-2025 06:25:19,63.0822006218732,641.152217027882,14.69
03-22-2025 06:30:19,62.7791271122066,641.803540467195,14.66
03-22-2025 06:35:19,62.1931943463361,641.554032454706,14.64
03-22-2025 06:40:19,63.1408689373828,643.317257189451,14.62
03-22-2025 06:45:19,62.2675932275588,640.67206117122,14.6
03-22-2025 06:50:19,61.1985118771245,641.418939626245,14.57
03-22-2025 06:55:19,63.4914891858217,641.706672935917,14.56
03-22-2025 07:00:19,61.8478246148563,642.261588793029,14.53
03-22-2025 07:05:19,62.8951033704053,641.495847931405,14.52
03-22-2025 07:10:19,61.7353007578504,642.10866547804,14.5
03-22-2025 07:15:19,61.7246827370568,639.466329079785,14.48
03-22-2025 07:20:19,61.5226290562222,642.185196519453,14.46
03-22-2025 07:25:19,62.5693759038558,642.090066420083,14.45
03-22-2025 07:30:19,62.5586397286694,642.128428470346,14.43
03-22-2025 07:35:19,62.3610860399894,641.363592600709,14.42
03-22-2025 07:40:19,61.5804956359694,641.344208599883,14.39
03-22-2025 07:45:19,63.1049887381117,642.39733108216,14.38
03-22-2025 07:50:19,62.811822036027,642.015537818119,14.37
03-22-2025 07:55:19,62.2317630100803,641.059981047767,14.36
03-22-2025 08:00:19,62.3167315933102,642.150679145968,14.34
03-22-2025 08:05:19,62.3105968549154,640.334817367179,14.33
03-22-2025 08:10:19,61.4394404206481,640.564971536861,14.31
03-22-2025 08:15:19,62.6762104878375,640.661805042058,14.3
03-22-2025 08:20:19,63.0524370431297,640.854276211442,14.29
03-22-2025 08:25:19,64.002133779096,640.282074202623,14.28
03-22-2025 08:30:19,61.8976228784662,640.245812099774,14.28
03-22-2025 08:35:19,62.6561798432689,638.622443685912,14.27
03-22-2025 08:40:19,61.794379874684,635.241020934942,14.27
03-22-2025 08:45:19,61.3193642678361,634.688998352522,14.28
03-22-2025 08:50:19,62.1780806998546,631.211893230134,14.28
03-22-2025 08:55:19,61.8897481448379,629.359855900969,14.28
03-22-2025 09:00:19,62.5618518141599,633.587362074673,14.29
03-22-2025 09:05:19,62.4692429961095,637.624414036218,14.3
03-22-2025 09:10:19,61.8029642056376,637.933406479488,14.31
03-22-2025 09:15:19,62.4706734980072,639.332014695994,14.31
03-22-2025 09:20:19,61.7087319284492,639.067646224918,14.32
03-22-2025 09:25:19,62.2854189117285,637.942714487896,14.33
03-22-2025 09:30:19,61.8102469157877,638.825977173739,14.34
03-22-2025 09:35:19,62.2002905810967,637.950211086237,14.36
03-22-2025 09:40:19,62.0119700075574,636.920804472608,14.37
03-22-2025 09:45:19,62.2108036690716,635.470755124492,14.39
03-22-2025 09:50:19,62.6967526375913,633.924692651653,14.41
03-22-2025 09:55:19,62.1301728018996,636.684697453055,14.43
03-22-2025 10:00:19,62.3291262523329,633.798597352243,14.45
03-22-2025 10:05:19,61.4796188180776,635.085801009594,14.48
03-22-2025 10:10:19,63.5024467544025,636.469497438425,14.51
03-22-2025 10:15:19,63.7064012188215,634.980581949444,14.54
03-22-2025 10:20:19,60.557385435724,633.299510269966,14.57
03-22-2025 10:25:19,63.5350133035371,630.410394168696,14.59
03-22-2025 10:30:19,62.9723995032264,630.069624592678,14.62
03-22-2025 10:35:19,60.9671601794603,628.329383740306,14.64
03-22-2025 10:40:19,61.9377564464449,629.522283016713,14.67
03-22-2025 10:45:19,60.9952933900876,627.992233086428,14.71
03-22-2025 10:50:19,62.2633189497582,626.134950758418,14.76
03-22-2025 10:55:19,61.6996859991967,622.914495828324,14.79
03-22-2025 11:00:19,62.388197272588,624.453288166793,14.83
03-22-2025 11:05:19,59.9127007327144,623.26563720663,14.88
03-22-2025 11:10:19,60.4090217672187,622.596515278593,14.92
03-22-2025 11:15:19,62.4431211989091,618.275652544905,14.96
03-22-2025 11:20:19,62.656771381038,619.584275453975,15.01
03-22-2025 11:25:19,62.0096402575737,619.508590958166,15.07
03-22-2025 11:30:19,62.3240954427357,619.529252751792,15.13
03-22-2025 11:35:19,61.8687408167099,617.04728436418,15.19
03-22-2025 11:40:19,60.642499432004,616.874597746591,15.25
03-22-2025 11:45:19,61.1584523881977,613.346561922442,15.33
03-22-2025 11:50:19,62.6347270138855,612.843394043241,15.4
03-22-2025 11:55:19,61.6962483204869,612.090292401757,15.46
03-22-2025 12:00:19,62.9859216689596,609.809024890571,15.54
03-22-2025 12:05:19,61.4762135065126,606.172946509912,15.62
03-22-2025 12:10:19,61.8929914134591,648.090015369363,15.69
03-22-2025 12:15:19,61.8313286849341,640.992879411193,15.77
03-22-2025 12:20:19,61.5669942057543,623.70856403747,15.83
03-22-2025 12:25:19,61.786364522768,580.27502491077,15.89
03-22-2025 12:30:19,61.9182521697748,571.091212991091,15.97
03-22-2025 12:35:19,62.050309321501,568.098440146976,16.05
03-22-2025 12:40:19,62.0809740541794,566.212366337897,16.12
03-22-2025 12:45:19,62.6937789146822,562.578136598425,16.19
03-22-2025 12:50:19,62.5306981141465,562.628808732535,16.26
03-22-2025 12:55:19,61.5904545776508,557.920703028933,16.33
03-22-2025 13:00:19,62.597360772868,556.564504889022,16.41
03-22-2025 13:05:19,60.6836774744478,553.59825371074,16.48
03-22-2025 13:10:19,61.5939099038219,552.335508531174,16.56
03-22-2025 13:15:19,61.4388898484364,548.981873302754,16.65
03-22-2025 13:20:19,61.5668184345772,546.396222537971,16.72
03-22-2025 13:25:19,61.7969603244388,543.275106246513,16.8
03-22-2025 13:30:19,61.5351005241641,541.756604403137,16.87
03-22-2025 13:35:19,61.3751119973004,539.019735074594,16.95
03-22-2025 13:40:19,62.6704736006512,537.445859000995,17.01
03-22-2025 13:45:19,60.2503586452501,538.065806972692,17.06
03-22-2025 13:50:19,60.9599478786618,537.370058083136,17.12
03-22-2025 13:55:19,60.2923857264213,535.299566251688,17.16
03-22-2025 14:00:19,60.4067282980509,533.423505921816,17.2
03-22-2025 14:05:19,62.2772799945916,532.66883222886,17.23
03-22-2025 14:10:19,61.9030977428239,535.096362801734,17.27
03-22-2025 14:15:19,62.992104361054,531.601662402656,17.3
03-22-2025 14:20:19,61.830143042867,534.859905755869,17.33
03-22-2025 14:25:19,60.3783954528526,533.177789658032,17.37
03-22-2025 14:30:19,61.3653836918977,528.257859553052,17.39
03-22-2025 14:35:19,61.6670184644649,528.430030122725,17.41
03-22-2025 14:40:19,60.1118417955286,528.45769201382,17.44
03-22-2025 14:45:19,60.4224252050184,526.576654717754,17.48
03-22-2025 14:50:19,60.8312466280295,525.576925752163,17.52
03-22-2025 14:55:19,60.2551397551073,525.114061873305,17.55
03-22-2025 15:00:19,61.3507873215835,522.936514458645,17.59
03-22-2025 15:05:19,59.8022713621659,520.710394774998,17.64
03-22-2025 15:10:19,61.3893745699017,520.395305990467,17.68
03-22-2025 15:15:19,61.4999821709108,520.029400084203,17.71
03-22-2025 15:20:19,61.4188283865557,517.946326471664,17.75
03-22-2025 15:25:19,61.5295110859677,518.46408026935,17.78
03-22-2025 15:30:19,61.4483285422383,517.558912742046,17.82
03-22-2025 15:35:19,60.6698902202731,513.898395578313,17.84
03-22-2025 15:40:19,59.2075213967013,513.531177298233,17.87
03-22-2025 15:45:19,60.2027981264913,513.75392298124,17.9
03-22-2025 15:50:19,59.0346990946485,513.780198367203,17.93
03-22-2025 15:55:19,60.5223172756123,510.756831895872,17.96
03-22-2025 16:00:19,61.4202246294763,510.290661716175,17.99
03-22-2025 16:05:19,59.2673178329039,509.52912502318,18.02
03-22-2025 16:10:19,59.8700084815771,512.311589033354,18.05
03-22-2025 16:15:19,61.6593133376537,511.699297615857,18.09
03-22-2025 16:20:19,61.5780061416917,512.17042079233,18.13
03-22-2025 16:25:19,60.4081220532784,509.24124383205,18.16
03-22-2025 16:30:19,61.8988126248884,508.479134228712,18.19
03-22-2025 16:35:19,60.3341177110775,507.913965939264,18.22
03-22-2025 16:40:19,62.1213311758479,506.954235453867,18.25
03-22-2025 16:45:19,61.9367821889227,504.317457553204,18.28
03-22-2025 16:50:19,60.1782004433443,506.761083740839,18.32
03-22-2025 16:55:19,60.7780048186739,507.428171578203,18.34
03-22-2025 17:00:19,60.3014440005392,504.741355546048,18.38
03-22-2025 17:05:19,59.1245064153383,504.223992034016,18.4
03-22-2025 17:10:19,61.70400490662,503.559073201548,18.43
03-22-2025 17:15:19,61.1194157287418,502.646501390037,18.45
03-22-2025 17:20:19,60.9343557215033,500.203016638421,18.48
03-22-2025 17:25:19,60.0530050507566,500.376634251535,18.5
03-22-2025 17:30:19,60.9501315615684,498.376390412572,18.52
03-22-2025 17:35:19,59.6731663486624,498.154664772537,18.54
03-22-2025 17:40:19,60.1751195750403,497.932985715145,18.56
03-22-2025 17:45:19,59.886299714799,496.920416881312,18.58
03-22-2025 17:50:19,61.2783986988906,498.181947041325,18.6
03-22-2025 17:55:19,60.6929730485815,496.575937648008,18.62
03-22-2025 18:00:19,59.3115797478907,498.67850898512,18.63
03-22-2025 18:05:19,60.2140813890739,495.934916943035,18.66
03-22-2025 18:10:19,60.4152239899056,498.730890060873,18.67
03-22-2025 18:15:19,60.0272531485123,496.530806459925,18.69
03-22-2025 18:20:19,60.2329795922843,497.992015914161,18.71
03-22-2025 18:25:19,58.256705578478,495.939679909098,18.72
03-22-2025 18:30:19,59.1551583544324,496.906402559123,18.74
03-22-2025 18:35:19,61.1383833243118,498.318739160395,18.75
03-22-2025 18:40:19,61.2453808502299,496.711852416573,18.77
03-22-2025 18:45:19,60.1640199613736,497.382327440333,18.79
03-22-2025 18:50:19,59.7711455667909,499.09270133088,18.8
03-22-2025 18:55:19,61.9534801364741,496.445298752663,18.81
03-22-2025 19:00:19,60.277507773383,498.205988241882,18.83
03-22-2025 19:05:19,60.181743147415,498.33211626386,18.84
03-22-2025 19:10:19,59.396887036733,496.625659897479,18.86
03-22-2025 19:15:19,61.1838650933653,496.850992831123,18.87
03-22-2025 19:20:19,58.9078573340581,496.580937981599,18.88
03-22-2025 19:25:19,60.8933121975244,497.599395752007,18.89
03-22-2025 19:30:19,61.0949255480361,496.338351339777,18.9
03-22-2025 19:35:19,60.6026777228805,498.150171831945,18.91
03-22-2025 19:40:19,60.4077618944122,497.880524254694,18.92
03-22-2025 19:45:19,60.9068250390889,497.511787026324,18.93
03-22-2025 19:50:19,59.8195415300556,498.134606531052,18.94
03-22-2025 19:55:19,59.8183217574299,497.418528122499,18.94
03-22-2025 20:00:19,60.4211567175917,499.579172148645,18.96
03-22-2025 20:05:19,60.9157807724874,501.24317939402,18.96
03-22-2025 20:10:19,60.5178981303882,501.915587559871,18.96
03-22-2025 20:15:19,61.1163223821182,501.150917508074,18.97
03-22-2025 20:20:19,61.6109940729821,502.418598968302,18.97
03-22-2025 20:25:19,61.3169070846807,504.034498860314,18.98
03-22-2025 20:30:19,60.5222372237074,504.707345919344,18.98
03-22-2025 20:35:19,59.8222288581088,504.337773988069,18.97
03-22-2025 20:40:19,60.9119650040541,505.407416057233,18.97
03-22-2025 20:45:19,61.7041768741176,503.898569403934,18.97
03-22-2025 20:50:19,60.5128785518356,507.150231546899,18.97
03-22-2025 20:55:19,59.3170985531742,507.574099030182,18.96
03-22-2025 21:00:19,60.2084225852851,508.842293160795,18.96
03-22-2025 21:05:19,60.8968032786743,508.472840255136,18.95
03-22-2025 21:10:19,60.1023451068111,508.947801076548,18.95
03-22-2025 21:15:19,61.0927654399483,510.414437568181,18.95
03-22-2025 21:20:19,62.0737790710679,511.976777930283,18.93
03-22-2025 21:25:19,59.9860480800321,512.103087467618,18.92
03-22-2025 21:30:19,59.6829582940434,513.220716008535,18.91
03-22-2025 21:35:19,59.7763999028931,514.239104466592,18.9
03-22-2025 21:40:19,60.3653899420732,511.09467717841,18.89
03-22-2025 21:45:19,61.544253611619,514.836515017014,18.87
03-22-2025 21:50:19,61.0383743014277,516.793747161346,18.85
03-22-2025 21:55:19,61.622370098815,521.028879976392,18.83
03-22-2025 22:00:19,60.5177759979215,521.446721223829,18.8
03-22-2025 22:05:19,60.8943662693121,524.485487491347,18.76
03-22-2025 22:10:19,61.5769651716221,526.043615134891,18.74
03-22-2025 22:15:19,60.5721519419298,526.361047360457,18.71
03-22-2025 22:20:19,62.0461653478991,525.939245933293,18.69
03-22-2025 22:25:19,63.2228960177473,528.683638019324,18.67
03-22-2025 22:30:19,62.0204277920149,531.769945727234,18.64
03-22-2025 22:35:19,61.6096631541971,534.063671028679,18.61
03-22-2025 22:40:19,61.2037201028114,534.6298674552,18.59
03-22-2025 22:45:19,61.0898728715101,534.549614806754,18.56
03-22-2025 22:50:19,61.3713927001606,535.655353235788,18.53
03-22-2025 22:55:19,61.1587600693745,536.167760114031,18.5
03-22-2025 23:00:19,60.8520420145628,537.918715553981,18.48
03-22-2025 23:05:19,62.0176436893909,537.290659661178,18.44
03-22-2025 23:10:19,62.4021267585067,539.13940170833,18.42
03-22-2025 23:15:19,60.3092669588496,541.077728992072,18.38
03-22-2025 23:20:19,60.989924257334,539.865538174695,18.36
03-22-2025 23:25:19,61.0690903368167,539.7308227226,18.32
03-22-2025 23:30:19,63.9147033816062,541.622493694068,18.29
03-22-2025 23:35:19,60.6402462010082,541.684524119087,18.25
03-22-2025 23:40:19,61.409492477072,541.84509415199,18.21
03-22-2025 23:45:19,60.709220258237,542.408643424825,18.19
03-22-2025 23:50:19,60.9854366281738,544.243924731351,18.15
03-22-2025 23:55:19,61.1675856444772,544.063437577556,18.12
03-23-2025 00:00:19,62.2359881807433,544.375468606265,18.09
03-23-2025 00:05:19,61.7239000914518,543.944328551661,18.05
03-23-2025 00:10:19,61.9057347597748,543.86254018185,18.02
03-23-2025 00:15:19,60.8082352480715,546.240908445585,17.99
03-23-2025 00:20:19,62.2691506430179,547.535981723062,17.96
03-23-2025 00:25:19,61.6546030937763,547.443632299646,17.91
03-23-2025 00:30:19,62.0328965188531,547.557807974473,17.88
03-23-2025 00:35:19,60.7400048477786,547.770246194582,17.85
03-23-2025 00:40:19,60.6224334003828,548.714599708866,17.81
03-23-2025 00:45:19,62.1842320679389,549.17736448515,17.79
03-23-2025 00:50:19,61.3787463463344,548.254733231433,17.75
03-23-2025 00:55:19,60.2882582366591,548.913816504058,17.73
03-23-2025 01:00:19,60.7645275031665,547.162237910771,17.7
03-23-2025 01:05:19,61.7267110753219,547.124262450597,17.66
03-23-2025 01:10:19,60.9267758995264,547.532828682486,17.63
03-23-2025 01:15:19,60.4215228412205,546.764023606873,17.6
03-23-2025 01:20:19,61.8780459928453,547.760987137156,17.57
03-23-2025 01:25:19,61.9564846422533,548.899454333892,17.53
03-23-2025 01:30:19,61.8388463569317,547.096766342795,17.49
03-23-2025 01:35:19,61.8285360060129,549.224901882637,17.47
03-23-2025 01:40:19,60.7358635353039,547.966893848353,17.44
03-23-2025 01:45:19,60.4273327596872,548.668558768114,17.41
03-23-2025 01:50:19,61.4899625834733,548.488549134964,17.38
03-23-2025 01:55:19,62.7384982624604,548.494178158553,17.33
03-23-2025 02:00:19,62.7280699448902,548.564174361029,17.31
03-23-2025 02:05:19,62.1258361859222,550.341434232316,17.28
03-23-2025 02:10:19,61.128002249657,550.987481579073,17.24
03-23-2025 02:15:19,62.0912530613855,551.785242910351,17.21
03-23-2025 02:20:19,60.9962180401728,550.768455176549,17.17
03-23-2025 02:25:19,61.5679962384553,550.295193020036,17.14
03-23-2025 02:30:19,61.7486223694541,549.333573696842,17.11
03-23-2025 02:35:19,61.9245362674075,552.225999236097,17.07
03-23-2025 02:40:19,62.4956507396467,550.678489989497,17.04
03-23-2025 02:45:19,61.8901464674272,553.86182516143,17
03-23-2025 02:50:19,61.7776663432465,551.826755239675,16.97
03-23-2025 02:55:19,61.3724712752225,551.842062634425,16.94
03-23-2025 03:00:19,62.6261094725355,554.198995560412,16.91
03-23-2025 03:05:19,61.2409014665187,552.501198988807,16.87
03-23-2025 03:10:19,62.9814509092411,552.321371129367,16.84
03-23-2025 03:15:19,60.1346588869017,551.697429941842,16.8
03-23-2025 03:20:19,61.8791301858793,554.008854738767,16.78
03-23-2025 03:25:19,62.4489724014304,551.782540660057,16.75
03-23-2025 03:30:19,60.0959090852476,552.18767591718,16.72
03-23-2025 03:35:19,62.0294839760577,551.618661036574,16.69
03-23-2025 03:40:19,63.1784332553347,548.853662189471,16.65
03-23-2025 03:45:19,60.8315804795264,552.136499688706,16.63
03-23-2025 03:50:19,60.8125069386318,552.000361236257,16.59
03-23-2025 03:55:19,60.9971061891882,552.84856074015,16.57
03-23-2025 04:00:19,62.3491449954593,550.485924379625,16.55
03-23-2025 04:05:19,62.4315235665035,551.474518152199,16.52
03-23-2025 04:10:19,62.1202593793429,552.116678600102,16.48
03-23-2025 04:15:19,62.1146810376964,549.615536411019,16.47
03-23-2025 04:20:19,62.4933436501034,550.657935240385,16.45
03-23-2025 04:25:19,62.1868643755696,550.576716560776,16.42
03-23-2025 04:30:19,61.1077195334462,552.881930547499,16.4
03-23-2025 04:35:19,62.161846268631,549.108428366124,16.37
03-23-2025 04:40:19,61.471687878968,551.995877534233,16.35
03-23-2025 04:45:19,61.5633116603165,550.371772615943,16.34
03-23-2025 04:50:19,60.5820664680451,549.762266768054,16.32
03-23-2025 04:55:19,62.0286479719043,548.181987863202,16.3
03-23-2025 05:00:19,60.9460311547351,549.84907473492,16.27
03-23-2025 05:05:19,61.2272420316044,550.404855739695,16.25
03-23-2025 05:10:19,61.9958170035856,549.504793761103,16.23
03-23-2025 05:15:19,62.7643946261197,547.785679094562,16.22
03-23-2025 05:20:19,60.5225771119887,548.341702621206,16.2
03-23-2025 05:25:19,61.094738052346,547.733481410057,16.18
03-23-2025 05:30:19,62.7383210736646,548.052380790405,16.17
03-23-2025 05:35:19,62.0491788784328,547.444442125863,16.15
03-23-2025 05:40:19,59.5177963992254,548.582223510966,16.13
03-23-2025 05:45:19,61.6411118175946,548.944041159735,16.11
03-23-2025 05:50:19,60.860043464188,548.390347954927,16.1
03-23-2025 05:55:19,61.140917668425,547.589002583187,16.08
03-23-2025 06:00:19,63.0693192008074,548.241726935664,16.06
03-23-2025 06:05:19,61.6100762079587,546.040985127702,16.05
03-23-2025 06:10:19,62.6705482889488,548.104390751225,16.04
03-23-2025 06:15:19,62.3696886806092,545.656558074262,16.02
03-23-2025 06:20:19,61.7783067003803,546.309468082317,16
03-23-2025 06:25:19,60.7073204218343,546.241172280127,15.99
03-23-2025 06:30:19,61.4722449573341,544.278976677456,15.97
03-23-2025 06:35:19,61.5636505507548,545.276237259065,15.96
03-23-2025 06:40:19,61.6504740990346,544.476677815987,15.94
03-23-2025 06:45:19,61.7418492985072,543.634222502023,15.93
03-23-2025 06:50:19,61.0541908318628,545.061713305936,15.91
03-23-2025 06:55:19,61.7309547472426,545.338057708915,15.91
03-23-2025 07:00:19,61.5273588401687,544.732579433538,15.89
03-23-2025 07:05:19,61.2315893664456,546.019874273236,15.88
03-23-2025 07:10:19,62.5763965003291,545.317759717891,15.86
03-23-2025 07:15:19,61.5065435477946,545.346946836618,15.85
03-23-2025 07:20:19,62.657508864718,546.193107187379,15.83
03-23-2025 07:25:19,61.9794442910327,545.502233898157,15.83
03-23-2025 07:30:19,60.6196856026262,543.79031924805,15.82
03-23-2025 07:35:19,61.9639706316693,544.539959090067,15.8
03-23-2025 07:40:19,61.8618206489769,545.439915739581,15.79
03-23-2025 07:45:19,62.6300486859478,545.179313287298,15.78
03-23-2025 07:50:19,61.9476732800098,543.565025306469,15.77
03-23-2025 07:55:19,61.9422475629,544.271646665544,15.76
03-23-2025 08:00:19,61.0711883917379,542.034571839551,15.76
03-23-2025 08:05:19,62.6081412943755,542.881124361405,15.74
03-23-2025 08:10:19,62.5060039865962,542.71779611167,15.73
03-23-2025 08:15:19,61.3451497417285,540.771459737389,15.73
03-23-2025 08:20:19,61.2476560053238,539.888559194324,15.73
03-23-2025 08:25:19,62.5955608154313,540.982274450723,15.72
03-23-2025 08:30:19,62.3967968213196,539.852842218559,15.71
03-23-2025 08:35:19,61.8160570373626,540.323449660187,15.71
03-23-2025 08:40:19,62.6851271424209,539.537635468455,15.71
03-23-2025 08:45:19,62.099794251532,540.244883080421,15.7
03-23-2025 08:50:19,63.6453257549973,538.9760462163,15.7
03-23-2025 08:55:19,63.0646418034952,541.379845871384,15.7
03-23-2025 09:00:19,62.09277770165,539.864403515967,15.69
03-23-2025 09:05:19,61.802060495419,543.04127307312,15.69
03-23-2025 09:10:19,63.7340369672301,540.709812405019,15.69
03-23-2025 09:15:19,62.5735763991745,541.277591919993,15.69
03-23-2025 09:20:19,63.1526158075329,541.168978225995,15.69
03-23-2025 09:25:19,62.2820767615601,540.287332582698,15.69
03-23-2025 09:30:19,63.252364569505,540.812296755297,15.7
03-23-2025 09:35:19,61.9951778797612,538.577698875697,15.7
03-23-2025 09:40:19,62.7675656685671,539.822444960255,15.7
03-23-2025 09:45:19,61.8003231125003,539.617574855265,15.7
03-23-2025 09:50:19,62.1861310923176,539.509429001105,15.7
03-23-2025 09:55:19,62.3832701907999,538.874968217452,15.71
03-23-2025 10:00:19,62.9624212570134,537.317171071442,15.71
03-23-2025 10:05:19,62.386350927102,537.552623216872,15.72
03-23-2025 10:10:19,62.2935379680559,535.661491192686,15.73
03-23-2025 10:15:19,63.2641541158686,536.380422711585,15.74
03-23-2025 10:20:19,63.1760856869373,534.735686410539,15.76
03-23-2025 10:25:19,61.7295267625772,532.940736133943,15.77
03-23-2025 10:30:19,62.032657861991,534.443381178755,15.8
03-23-2025 10:35:19,63.3954168032608,531.443591383663,15.82
03-23-2025 10:40:19,62.7314676773738,533.043480144152,15.85
03-23-2025 10:45:19,62.4543390081799,529.998703806304,15.88
03-23-2025 10:50:19,61.6930592883152,529.856773477367,15.91
03-23-2025 10:55:19,62.5774935529607,527.294216752338,15.94
03-23-2025 11:00:19,61.7190414807693,530.444749938515,15.97
03-23-2025 11:05:19,63.3835971081869,528.999943750784,16.01
03-23-2025 11:10:19,61.3665860444391,526.876002759437,16.05
03-23-2025 11:15:19,62.6443147757996,527.562170665843,16.09
03-23-2025 11:20:19,61.7894736895044,525.533711190227,16.13
03-23-2025 11:25:19,62.5877870291083,524.429844936601,16.18
03-23-2025 11:30:19,62.1204913690175,523.854870223188,16.22
03-23-2025 11:35:19,62.6329324623871,524.258797058613,16.28
03-23-2025 11:40:19,62.5584130399957,522.376629992308,16.33
03-23-2025 11:45:19,63.2658471882044,523.266403739608,16.39
03-23-2025 11:50:19,61.4463622763582,520.56024054222,16.45
03-23-2025 11:55:19,61.3758599220519,520.088703111502,16.51
03-23-2025 12:00:19,62.1810533585308,519.32497975199,16.57
03-23-2025 12:05:19,61.9299947222182,516.673363430893,16.66
03-23-2025 12:10:19,62.6436647271024,516.544422452082,16.73
03-23-2025 12:15:19,62.0815724478432,514.653774378821,16.78
03-23-2025 12:20:19,62.3084018380832,512.573552403812,16.85
03-23-2025 12:25:19,61.2761732660811,511.473590986028,16.94
03-23-2025 12:30:19,62.0887148594132,510.072905623385,17.01
03-23-2025 12:35:19,61.9205419832732,508.716608255317,17.07
03-23-2025 12:40:19,63.125255540947,507.997553546473,17.14
03-23-2025 12:45:19,61.7931858612647,509.188127290655,17.22
03-23-2025 12:50:19,63.0971228185984,505.630943755642,17.29
03-23-2025 12:55:19,61.2692588338365,505.692836269568,17.36
03-23-2025 13:00:19,61.9818923879228,501.980590850025,17.42
03-23-2025 13:05:19,62.3125433391324,499.249909888925,17.5
03-23-2025 13:10:19,62.7275432226965,497.146737956763,17.55
03-23-2025 13:15:19,62.7551970887152,497.251593345952,17.61
03-23-2025 13:20:19,62.0957997745106,497.160417346905,17.67
03-23-2025 13:25:19,63.016491569676,493.439889209455,17.75
03-23-2025 13:30:19,63.0490903178131,495.560272030159,17.82
03-23-2025 13:35:19,62.7772812779516,493.647781817481,17.87
03-23-2025 13:40:19,61.919832989341,492.178431837178,17.93
03-23-2025 13:45:19,62.1440129091741,490.215840157097,17.99
03-23-2025 13:50:19,62.4621443423751,489.382015984568,18.04
03-23-2025 13:55:19,61.8895212660813,487.315097817957,18.08
03-23-2025 14:00:19,61.6120536326454,488.00516389543,18.12
03-23-2025 14:05:19,62.7139283928368,485.247023638878,18.16
03-23-2025 14:10:19,62.7275140526852,483.323826509563,18.19
03-23-2025 14:15:19,62.2481897434291,482.484261717469,18.22
03-23-2025 14:20:19,61.6700321151424,482.334675621673,18.25
03-23-2025 14:25:19,61.5847561427227,478.831692963017,18.28
03-23-2025 14:30:19,61.9880263435754,477.250101397212,18.3
03-23-2025 14:35:19,61.6021288296906,475.865441897876,18.32
03-23-2025 14:40:19,62.0055359534503,474.579130433169,18.34
03-23-2025 14:45:19,61.4221363732605,472.996438735135,18.36
03-23-2025 14:50:19,62.7140348358359,473.683672912429,18.38
03-23-2025 14:55:19,62.2292931846822,472.396731858889,18.4
03-23-2025 15:00:19,61.6456588825741,471.70193749681,18.42
03-23-2025 15:05:19,61.8472126012909,470.858521953218,18.43
03-23-2025 15:10:19,61.8559711013023,469.669706818538,18.45
03-23-2025 15:15:19,60.5760081936663,469.02366963734,18.46
03-23-2025 15:20:19,62.4568151394612,468.476404213746,18.47
03-23-2025 15:25:19,61.1813327680731,468.373903335286,18.49
03-23-2025 15:30:19,60.2961320378876,467.530240264512,18.5
03-23-2025 15:35:19,61.2928594755637,466.143120767686,18.52
03-23-2025 15:40:19,62.1863585057245,464.805136789145,18.53
03-23-2025 15:45:19,59.9217999698807,465.196644839919,18.55
03-23-2025 15:50:19,61.6062191480015,463.265354437185,18.56
03-23-2025 15:55:19,61.0171492583367,463.508751633572,18.57
03-23-2025 16:00:19,59.5426892348134,461.230870356858,18.59
03-23-2025 16:05:19,61.7267177598274,461.424640420364,18.61
03-23-2025 16:10:19,62.2347571937957,460.381898140486,18.64
03-23-2025 16:15:19,60.7596761313952,458.89402622546,18.66
03-23-2025 16:20:19,60.6739692143404,462.105524301551,18.69
03-23-2025 16:25:19,61.4836873662827,463.091579393614,18.73
03-23-2025 16:30:19,60.7050473117352,459.672523067915,18.76
03-23-2025 16:35:19,60.6238664107314,462.045202624031,18.8
03-23-2025 16:40:19,60.8398542815053,461.645511146476,18.84
03-23-2025 16:45:19,60.5558653177245,462.187350305264,18.87
03-23-2025 16:50:19,61.0693424688373,459.904325754025,18.91
03-23-2025 16:55:19,61.8806306500227,460.297296460772,18.95
03-23-2025 17:00:19,60.4064474405139,458.756830385433,18.98
03-23-2025 17:05:19,61.5109514632338,458.803069466494,19.01
03-23-2025 17:10:19,60.4374952877536,457.608587891025,19.05
03-23-2025 17:15:19,60.6446531978402,457.208657985178,19.07
03-23-2025 17:20:19,60.1615566358717,456.659264715851,19.1
03-23-2025 17:25:19,59.7775335038465,456.109733883173,19.13
03-23-2025 17:30:19,61.6778423263851,455.063431910291,19.16
03-23-2025 17:35:19,60.1017980816431,456.301816381898,19.19
03-23-2025 17:40:19,60.8059815513906,453.616382736736,19.21
03-23-2025 17:45:19,59.5272724832136,453.165523483575,19.24
03-23-2025 17:50:19,60.9228556933949,452.3185955216,19.25
03-23-2025 17:55:19,58.2474307670132,451.818676503179,19.27
03-23-2025 18:00:19,60.3438040747277,451.318707286601,19.29
03-23-2025 18:05:19,60.6508205994418,452.409827864984,19.31
03-23-2025 18:10:19,59.4614790013791,450.568221807552,19.32
03-23-2025 18:15:19,58.574790976381,450.764465208252,19.34
03-23-2025 18:20:19,59.6730000911838,450.01673981517,19.35
03-23-2025 18:25:19,60.0795621412157,450.213154217525,19.37
03-23-2025 18:30:19,60.780153539858,449.365898447902,19.38
03-23-2025 18:35:19,58.9975980314721,449.960540382537,19.4
03-23-2025 18:40:19,59.3951743926074,450.457768498053,19.4
03-23-2025 18:45:19,60.4939923300076,452.29781574487,19.41
03-23-2025 18:50:19,60.5930275857077,453.69098290163,19.41
03-23-2025 18:55:19,60.5925393657057,452.496548749065,19.41
03-23-2025 19:00:19,59.5017991982767,449.858138099533,19.42
03-23-2025 19:05:19,60.5058851772228,450.951396914603,19.44
03-23-2025 19:10:19,59.813113087641,450.900933018929,19.45
03-23-2025 19:15:19,59.618062951534,450.352724408632,19.46
03-23-2025 19:20:19,59.3234100841542,449.406225185698,19.47
03-23-2025 19:25:19,59.7212342137397,448.908749815508,19.47
03-23-2025 19:30:19,60.7211388508098,450.551373311588,19.48
03-23-2025 19:35:19,61.8207970540022,449.804191936125,19.49
03-23-2025 19:40:19,58.1399249185693,450.849750530049,19.5
03-23-2025 19:45:19,60.8286124867417,450.252892891457,19.5
03-23-2025 19:50:19,61.3308274884434,451.497963652729,19.51
03-23-2025 19:55:19,59.8362791627262,452.096495461078,19.51
03-23-2025 20:00:19,60.5330682923435,453.790772645123,19.51
03-23-2025 20:05:19,59.9349804151429,452.297731722793,19.51
03-23-2025 20:10:19,60.8309871008462,453.693346470982,19.51
03-23-2025 20:15:19,60.4367289256685,451.651964903266,19.52
03-23-2025 20:20:19,62.1249777864615,453.197807680105,19.51
03-23-2025 20:25:19,60.7798545552974,454.195231838252,19.51
03-23-2025 20:30:19,59.4347339746862,455.989582989627,19.51
03-23-2025 20:35:19,60.1315416581743,455.692283437016,19.51
03-23-2025 20:40:19,59.3297367403534,456.241968424177,19.5
03-23-2025 20:45:19,59.2297087109376,456.243635194739,19.5
03-23-2025 20:50:19,58.6316927241777,456.942566789663,19.5
03-23-2025 20:55:19,58.8259817712886,456.496408376194,19.49
03-23-2025 21:00:19,60.9169522711797,457.195431880741,19.49
03-23-2025 21:05:19,60.0156440040567,459.936049017021,19.48
03-23-2025 21:10:19,61.5042618493264,459.788638750724,19.47
03-23-2025 21:15:19,61.1055513985383,459.691175239545,19.47
03-23-2025 21:20:19,60.8017772661303,460.738722263387,19.46
03-23-2025 21:25:19,60.9958450872813,461.686605173673,19.45
03-23-2025 21:30:19,60.6921337460433,463.032598574969,19.44
03-23-2025 21:35:19,60.7866422495602,461.491716709589,19.43
03-23-2025 21:40:19,60.0848651914545,461.643224800111,19.42
03-23-2025 21:45:19,61.9661508430751,463.43652668061,19.4
03-23-2025 21:50:19,60.264757327938,463.040252063546,19.38
03-23-2025 21:55:19,61.0510670694388,463.241068598536,19.36
03-23-2025 22:00:19,59.6487824194773,464.038688743307,19.34
03-23-2025 22:05:19,60.3354894156017,464.935553965508,19.32
03-23-2025 22:10:19,62.5087811988885,467.074400948363,19.29
03-23-2025 22:15:19,59.8101174980917,470.206313574518,19.26
03-23-2025 22:20:19,60.1936107570894,471.846013905607,19.23
03-23-2025 22:25:19,60.8749976114874,472.093937380859,19.2
03-23-2025 22:30:19,61.3573899096209,474.129796869664,19.17
03-23-2025 22:35:19,60.8418132308748,477.305169545211,19.13
03-23-2025 22:40:19,60.7282742560015,478.048064217335,19.1
03-23-2025 22:45:19,61.3095778852738,476.309256612122,19.07
03-23-2025 22:50:19,62.2827860088147,479.679899679964,19.03
03-23-2025 22:55:19,60.9786057277756,480.520916523939,19
03-23-2025 23:00:19,61.4555409493333,480.714997337756,18.96
03-23-2025 23:05:19,60.7517750305042,479.723038819555,18.94
03-23-2025 23:10:19,60.7283441931112,483.037491500924,18.89
03-23-2025 23:15:19,60.5205751898602,482.144884875391,18.87
03-23-2025 23:20:19,61.2897084748886,482.088612289236,18.82
03-23-2025 23:25:19,60.2804945025555,483.866412870859,18.78
03-23-2025 23:30:19,61.9447501595918,483.86121276456,18.74
03-23-2025 23:35:19,60.6482921190104,483.761501164159,18.72
03-23-2025 23:40:19,61.7132771680777,486.672838388226,18.67
03-23-2025 23:45:19,59.5227761199508,486.026323217123,18.64
03-23-2025 23:50:19,58.9155778485204,487.456855018426,18.61
03-23-2025 23:55:19,60.968839436453,487.003256991927,18.56
03-24-2025 00:00:19,60.3616875201162,487.839726460397,18.53
03-24-2025 00:05:19,63.2129677896562,487.490180597185,18.5
03-24-2025 00:10:19,61.3167845485832,487.385232653933,18.46
03-24-2025 00:15:19,60.3150453019994,485.653564111869,18.43
03-24-2025 00:20:19,60.3906269325936,487.373009275217,18.38
03-24-2025 00:25:19,61.9508951308084,489.044457475826,18.34
03-24-2025 00:30:19,60.3580417641684,488.49797698554,18.31
03-24-2025 00:35:19,62.50919468146,488.294339855378,18.27
03-24-2025 00:40:19,62.0955959599417,489.076767520625,18.23
03-24-2025 00:45:19,61.0955184429015,489.417955029919,18.2
03-24-2025 00:50:19,60.8796782324835,490.101096457956,18.16
03-24-2025 00:55:19,62.6340880206925,489.306238858379,18.12
03-24-2025 01:00:19,61.5316330666378,490.382914606519,18.08
03-24-2025 01:05:19,61.4096730540943,491.013016622615,18.03
03-24-2025 01:10:19,61.1986529555262,490.467624398223,18
03-24-2025 01:15:19,61.6717977087274,492.920285895051,17.96
03-24-2025 01:20:19,61.751247908866,492.125886593349,17.92
03-24-2025 01:25:19,61.6386639188858,490.597533223768,17.89
03-24-2025 01:30:19,60.8334346149317,491.377069221286,17.85
03-24-2025 01:35:19,61.8021192004156,492.110038512287,17.82
03-24-2025 01:40:19,62.176169795442,492.692227071282,17.78
03-24-2025 01:45:19,62.1571503163366,492.095559130904,17.74
03-24-2025 01:50:19,60.7636572454179,493.659198158185,17.7
03-24-2025 01:55:19,61.1422911175379,492.820396200803,17.67
03-24-2025 02:00:19,60.6375679392756,492.865206205541,17.64
03-24-2025 02:05:19,61.5954306341921,494.865587171762,17.59
03-24-2025 02:10:19,61.3805136388223,492.700251781638,17.55
03-24-2025 02:15:19,61.0722964359736,493.921582091332,17.52
03-24-2025 02:20:19,60.8622426832819,492.299942014311,17.49
03-24-2025 02:25:19,61.4223702181663,492.188635436241,17.43
03-24-2025 02:30:19,61.1190341658411,491.30624108029,17.41
03-24-2025 02:35:19,61.8884538778707,491.939095325071,17.38
03-24-2025 02:40:19,61.8742615608361,491.88634010824,17.35
03-24-2025 02:45:19,62.8341849168077,492.564599139603,17.31
03-24-2025 02:50:19,61.9298105878987,492.211937574839,17.26
03-24-2025 02:55:19,61.617564525262,491.715974898445,17.22
03-24-2025 03:00:19,62.1854921440973,492.393643859357,17.18
03-24-2025 03:05:19,61.8780092386413,492.732006284702,17.15
03-24-2025 03:10:19,61.0774532936609,491.259167386838,17.11
03-24-2025 03:15:19,60.9658028539302,492.574651166985,17.08
03-24-2025 03:20:19,61.3425812987005,491.545354364899,17.05
03-24-2025 03:25:19,61.328577676486,492.274307901933,17.02
03-24-2025 03:30:19,61.6028541184807,492.755640516604,16.98
03-24-2025 03:35:19,60.9986494528373,492.55355948795,16.94
03-24-2025 03:40:19,60.1066434583315,492.110928642469,16.91
03-24-2025 03:45:19,61.0638289530608,493.664863603556,16.87
03-24-2025 03:50:19,61.6812822108897,492.734710156952,16.84
03-24-2025 03:55:19,62.2987381192716,494.775054294464,16.8
03-24-2025 04:00:19,62.8693118541708,494.91726929498,16.77
03-24-2025 04:05:19,62.2172122154562,496.273849742047,16.73
03-24-2025 04:10:19,61.5651152272945,494.805046445236,16.69
03-24-2025 04:15:19,62.2327517103167,492.610213434323,16.66
03-24-2025 04:20:19,61.4397898404798,492.655555653438,16.63
03-24-2025 04:25:19,61.4304272217482,492.947558880709,16.61
03-24-2025 04:30:19,60.4388338880166,495.860090970637,16.57
03-24-2025 04:35:19,61.2961096372664,493.6151874961,16.53
03-24-2025 04:40:19,60.9950024814765,492.934323671092,16.51
03-24-2025 04:45:19,61.1756564100401,491.521145078533,16.48
03-24-2025 04:50:19,62.0367324350729,493.025115224623,16.45
03-24-2025 04:55:19,62.1152347808108,492.338277996374,16.41
03-24-2025 05:00:19,61.2312776306123,493.115963094353,16.39
03-24-2025 05:05:19,60.8288382390375,493.744286333673,16.36
03-24-2025 05:10:19,61.9805667232871,493.206867640852,16.33
03-24-2025 05:15:19,61.8694475596797,493.252341280384,16.3
03-24-2025 05:20:19,61.5688138320548,493.543963314921,16.28
03-24-2025 05:25:19,60.685855435591,493.544333039756,16.26
03-24-2025 05:30:19,61.1573937688739,493.492776248595,16.23
03-24-2025 05:35:19,61.4346638712937,493.247230205935,16.2
03-24-2025 05:40:19,59.7762116468076,493.150772219173,16.18
03-24-2025 05:45:19,60.6401321521158,493.830348469805,16.16
03-24-2025 05:50:19,61.0188894030402,493.830908357035,16.14
03-24-2025 05:55:19,61.5822943587227,494.793992469018,16.1
03-24-2025 06:00:19,60.5067281557229,494.89142089553,16.08
03-24-2025 06:05:19,61.1714844678827,494.549160631454,16.05
03-24-2025 06:10:19,60.2857220666484,495.75730650315,16.02
03-24-2025 06:15:19,61.2453708330568,494.789057270066,16
03-24-2025 06:20:19,61.5221451713641,494.253450014556,15.97
03-24-2025 06:25:19,62.4812309434427,495.028939105548,15.95
03-24-2025 06:30:19,61.5081899749215,493.24201156711,15.94
03-24-2025 06:35:19,60.8257635672969,493.875926316559,15.93
03-24-2025 06:40:19,60.9089007793466,494.018586767928,15.9
03-24-2025 06:45:19,62.2500713018086,494.161216803375,15.87
03-24-2025 06:50:19,60.9828395932379,494.3558090726,15.85
03-24-2025 06:55:19,62.3327345956968,492.280359453828,15.84
03-24-2025 07:00:19,61.6462129020883,493.539412384884,15.82
03-24-2025 07:05:19,61.0611599732066,492.625385141537,15.81
03-24-2025 07:10:19,60.955287750031,491.563057143207,15.79
03-24-2025 07:15:19,60.7482474988941,493.253471657683,15.76
03-24-2025 07:20:19,60.9324999474166,492.868289163778,15.74
03-24-2025 07:25:19,60.3478783334978,493.405147461219,15.73
03-24-2025 07:30:19,60.6287653590337,495.577702199639,15.7
03-24-2025 07:35:19,60.9096550351226,492.635301870591,15.69
03-24-2025 07:40:19,62.6397709489348,492.83037704559,15.67
03-24-2025 07:45:19,60.0219627985501,492.639007591333,15.65
03-24-2025 07:50:19,60.2106440775142,492.596194601987,15.64
03-24-2025 07:55:19,61.4618275391338,491.587517191522,15.63
03-24-2025 08:00:19,62.1286955013041,492.748665574001,15.61
03-24-2025 08:05:19,62.8000164810602,491.740333971863,15.6
03-24-2025 08:10:19,60.7629598293261,490.873621309118,15.58
03-24-2025 08:15:19,61.241138805889,491.79676113501,15.57
03-24-2025 08:20:19,61.4341740960402,489.392506820113,15.57
03-24-2025 08:25:19,61.429564493331,490.315825695561,15.56
03-24-2025 08:30:19,60.4596248216274,488.632664872254,15.55
03-24-2025 08:35:19,60.4595712923149,489.89727253076,15.55
03-24-2025 08:40:19,60.6525870992713,487.783291162545,15.55
03-24-2025 08:45:19,60.4549980268972,488.51381115788,15.54
03-24-2025 08:50:19,61.227159035355,488.137608466503,15.54
03-24-2025 08:55:19,61.1351170806002,487.813015526362,15.55
03-24-2025 09:00:19,62.1004102326322,487.050812851384,15.55
03-24-2025 09:05:19,60.0731724066205,488.702021721161,15.55
03-24-2025 09:10:19,60.6568273854592,487.701922292442,15.56
03-24-2025 09:15:19,60.9464176514416,485.974492255786,15.56
03-24-2025 09:20:19,60.4681592119015,487.19489137419,15.57
03-24-2025 09:25:19,60.5646805736801,487.108811965749,15.57
03-24-2025 09:30:19,61.9209226953474,484.177666573283,15.58
03-24-2025 09:35:19,60.867800770096,485.063520947414,15.6
03-24-2025 09:40:19,63.1901737891696,484.063289952687,15.61
03-24-2025 09:45:19,61.0744798195825,484.75634939051,15.63
03-24-2025 09:50:19,61.2721938120543,484.818661717808,15.64
03-24-2025 09:55:19,60.894801632379,483.773113359977,15.66
03-24-2025 10:00:19,60.5172943884707,483.59702438539,15.68
03-24-2025 10:05:19,61.3960736330509,483.324338855646,15.7
03-24-2025 10:10:19,60.9263876479711,482.329658974138,15.73
03-24-2025 10:15:19,61.7088948835759,481.960201256156,15.75
03-24-2025 10:20:19,60.1797921166886,480.919540671144,15.79
03-24-2025 10:25:19,60.4878799452293,482.006737410162,15.83
03-24-2025 10:30:19,61.3722534414063,479.462945007836,15.86
03-24-2025 10:35:19,61.5795160953777,475.563022370369,15.89
03-24-2025 10:40:19,61.9805033404701,475.437072755904,15.92
03-24-2025 10:45:19,59.9652538858567,478.945231369249,15.96
03-24-2025 10:50:19,61.3438590755208,477.663145527631,16.01
03-24-2025 10:55:19,61.1773992540153,477.982028697468,16.07
03-24-2025 11:00:19,61.8835291828833,477.525596867605,16.13
03-24-2025 11:05:19,61.3245388832796,476.144685741522,16.18
03-24-2025 11:10:19,59.7946390434853,475.539216797898,16.23
03-24-2025 11:15:19,58.8416825563768,472.067155123534,16.27
03-24-2025 11:20:19,61.0927045183909,473.545569874627,16.31
03-24-2025 11:25:19,59.4772939233906,471.148229195975,16.39
03-24-2025 11:30:19,60.4715498293788,470.248764417104,16.44
03-24-2025 11:35:19,60.4941340738314,465.653410492264,16.49
03-24-2025 11:40:19,60.6185440674153,465.969216389865,16.55
03-24-2025 11:45:19,60.8494958553828,464.147390238855,16.63
03-24-2025 11:50:19,61.9574634748596,462.907937916299,16.71
03-24-2025 11:55:19,61.3076943654419,461.227021159318,16.78
03-24-2025 12:00:19,60.4621700019456,460.909716174643,16.85
03-24-2025 12:05:19,59.9084402880636,459.226185491247,16.92
03-24-2025 12:10:19,59.3585409021523,458.567330833071,17
03-24-2025 12:15:19,59.7804535860131,458.248525165032,17.07
03-24-2025 12:20:19,59.8208190121922,458.51854981449,17.16
03-24-2025 12:25:19,59.3720997001164,455.071655210719,17.25
03-24-2025 12:30:19,59.8927438132433,453.380461650952,17.32
03-24-2025 12:35:19,60.8990782101896,454.673658414975,17.38
03-24-2025 12:40:19,59.8533695653398,452.294954119315,17.45
03-24-2025 12:45:19,60.6692254875854,452.070619030654,17.52
03-24-2025 12:50:19,59.3413335501546,449.24851355916,17.62
03-24-2025 12:55:19,60.0598394664019,445.979278239455,17.69
03-24-2025 13:00:19,60.1943305837668,444.720424481077,17.77
03-24-2025 13:05:19,60.91417005865,443.017719735103,17.84
03-24-2025 13:10:19,59.9720480596402,442.493540763045,17.93
03-24-2025 13:15:19,59.6146501127328,437.687521435694,18.01
03-24-2025 13:20:19,60.2370734606396,436.47055729555,18.08
03-24-2025 13:25:19,60.7662544906976,435.005585875237,18.16
03-24-2025 13:30:19,59.8125995155663,432.997287912914,18.23
03-24-2025 13:35:19,60.5394562394823,428.766387377845,18.31
03-24-2025 13:40:19,59.871612146926,426.557445590446,18.36
03-24-2025 13:45:19,58.615269116051,425.283602607516,18.42
03-24-2025 13:50:19,60.7165263504532,424.305062099336,18.48
03-24-2025 13:55:19,59.4638919102498,424.461046584157,18.55
03-24-2025 14:00:19,58.893232683973,422.938936250269,18.6
03-24-2025 14:05:19,59.2124210744329,423.295277609396,18.65
03-24-2025 14:10:19,58.7401725945154,420.485269442515,18.7
03-24-2025 14:15:19,60.4409912863655,420.298306277942,18.74
03-24-2025 14:20:19,58.7760478956169,421.695754638872,18.78
03-24-2025 14:25:19,59.1947236291191,418.981667900834,18.83
03-24-2025 14:30:19,58.8253654405423,418.493661128525,18.89
03-24-2025 14:35:19,57.7615367042892,417.311223418252,18.95
03-24-2025 14:40:19,59.0686924151311,413.949424573225,18.99
03-24-2025 14:45:19,58.4870045520384,413.4155933714,19.02
03-24-2025 14:50:19,59.294388319845,412.385426678985,19.05
03-24-2025 14:55:19,58.8117433124067,413.836457554441,19.08
03-24-2025 15:00:19,59.0238770965121,410.820392761442,19.11
03-24-2025 15:05:19,59.6288221731843,407.855198894507,19.13
03-24-2025 15:10:19,58.7441829489167,405.783026763446,19.15
03-24-2025 15:15:19,59.0512784229186,405.100979087904,19.17
03-24-2025 15:20:19,59.5571761334701,405.114270531693,19.19
03-24-2025 15:25:19,59.8690638010834,406.963354354211,19.22
03-24-2025 15:30:19,58.6856636497043,405.883869354032,19.24
03-24-2025 15:35:19,58.3015714441243,406.541134997329,19.27
03-24-2025 15:40:19,59.8066240656096,406.801080648865,19.3
03-24-2025 15:45:19,58.1296131148176,403.878477134122,19.33
03-24-2025 15:50:19,58.636028186049,402.300587071369,19.35
03-24-2025 15:55:19,59.0476122559063,402.062510813142,19.38
03-24-2025 16:00:19,59.5589233605923,404.213063379315,19.41
03-24-2025 16:05:19,58.9754322465299,401.785463850701,19.44
03-24-2025 16:10:19,59.1882552632043,400.55169969122,19.47
03-24-2025 16:15:19,58.9031928668029,405.094148035131,19.5
03-24-2025 16:20:19,58.7176176666549,402.067621051866,19.53
03-24-2025 16:25:19,57.2409146129691,401.278805788009,19.57
03-24-2025 16:30:19,58.6586403896686,401.333971464837,19.62
03-24-2025 16:35:19,58.8762020914745,402.539140823416,19.66
03-24-2025 16:40:19,58.1007550915826,402.794664318231,19.71
03-24-2025 16:45:19,57.9191051678309,401.207080012337,19.75
03-24-2025 16:50:19,58.8354796707986,399.219278258955,19.79
03-24-2025 16:55:19,58.1501974387836,398.082368556888,19.82
03-24-2025 17:00:19,59.1625309805583,395.646596984858,19.85
03-24-2025 17:05:19,59.4760339911358,397.605506495862,19.88
03-24-2025 17:10:19,57.691215358371,393.569834611478,19.91
03-24-2025 17:15:19,58.4998030133389,396.981995477562,19.93
03-24-2025 17:20:19,59.113258805097,393.744512545755,19.96
03-24-2025 17:25:19,58.1226977657973,393.458888389533,19.98
03-24-2025 17:30:19,58.6318195505329,394.773275377275,20
03-24-2025 17:35:19,58.0409307139218,392.687641191404,20.02
03-24-2025 17:40:19,58.4501765564406,392.001888912628,20.04
03-24-2025 17:45:19,59.1597024724176,391.21597000251,20.06
03-24-2025 17:50:19,58.2639664804292,391.784426993296,20.07
03-24-2025 17:55:19,58.9691220622475,391.452484980554,20.08
03-24-2025 18:00:19,57.1769496523129,389.765793645698,20.1
03-24-2025 18:05:19,56.881305017689,390.23450643313,20.11
03-24-2025 18:10:19,57.2862937672469,390.90357938177,20.12
03-24-2025 18:15:19,58.7925057825321,390.671905808916,20.13
03-24-2025 18:20:19,57.8962491979858,389.238928054913,20.14
03-24-2025 18:25:19,58.0010623584847,389.407748420478,20.15
03-24-2025 18:30:19,58.2060243532925,390.477850174855,20.16
03-24-2025 18:35:19,58.6112968395778,391.14766587902,20.17
03-24-2025 18:40:19,57.1095033501335,390.669691993715,20.17
03-24-2025 18:45:19,58.7209712115721,390.284515174186,20.19
03-24-2025 18:50:19,59.0262297581335,389.051677606349,20.2
03-24-2025 18:55:19,57.0232716789765,391.678851999701,20.2
03-24-2025 19:00:19,59.8326668418126,390.446202165729,20.21
03-24-2025 19:05:19,58.9359381898191,393.020201988702,20.22
03-24-2025 19:10:19,57.8342648673192,390.939688341811,20.22
03-24-2025 19:15:19,57.3380511973003,392.412065289607,20.23
03-24-2025 19:20:19,58.7409429614418,391.934520884026,20.23
03-24-2025 19:25:19,59.6429076003794,393.460773554779,20.23
03-24-2025 19:30:19,59.5475841309054,393.8315975516,20.24
03-24-2025 19:35:19,58.8510349010553,394.202571889167,20.25
03-24-2025 19:40:19,58.65542692025,394.673906846206,20.26
03-24-2025 19:45:19,59.0565696097173,394.096444821913,20.26
03-24-2025 19:50:19,59.1570841662276,395.924107039006,20.26
03-24-2025 19:55:19,58.4559192839311,395.747642006005,20.26
03-24-2025 20:00:19,58.2602740076515,396.219482828238,20.27
03-24-2025 20:05:19,59.0668644005373,397.493302048019,20.28
03-24-2025 20:10:19,59.5683116567673,397.918413554786,20.28
03-24-2025 20:15:19,58.2656850723106,398.54405597833,20.28
03-24-2025 20:20:19,58.6714106814754,399.116782739995,20.29
03-24-2025 20:25:19,57.7696223198198,399.441934123944,20.29
03-24-2025 20:30:19,59.0729973463916,399.065521428303,20.29
03-24-2025 20:35:19,59.8752021285905,401.99692781248,20.29
03-24-2025 20:40:19,59.9757675084459,402.623016853304,20.29
03-24-2025 20:45:19,59.1696842681748,404.304077393739,20.28
03-24-2025 20:50:19,58.4639524841235,405.183184857183,20.27
03-24-2025 20:55:19,59.2660381630305,406.91179634938,20.27
03-24-2025 21:00:19,60.669436687274,406.335463401547,20.27
03-24-2025 21:05:19,57.8592332674815,404.408657731043,20.26
03-24-2025 21:10:19,59.7589884567504,406.690720122954,20.25
03-24-2025 21:15:19,58.7528115175629,407.469568468571,20.24
03-24-2025 21:20:19,57.7423777194804,407.09837904456,20.22
03-24-2025 21:25:19,60.1423850099311,407.576621920045,20.21
03-24-2025 21:30:19,57.9345706185269,407.854530033289,20.2
03-24-2025 21:35:19,57.625622255759,409.286190265835,20.18
03-24-2025 21:40:19,58.7185865344499,408.414467991949,20.16
03-24-2025 21:45:19,60.8169987573585,408.99274533405,20.15
03-24-2025 21:50:19,59.1972803818103,411.528496170721,20.11
03-24-2025 21:55:19,60.1846942988823,413.110471523883,20.08
03-24-2025 22:00:19,58.4705428574217,413.291157389666,20.05
03-24-2025 22:05:19,58.6575310828646,415.172072166327,20.02
03-24-2025 22:10:19,59.8397682644759,417.503338896431,19.98
03-24-2025 22:15:19,60.0217294236158,419.93308301813,19.94
03-24-2025 22:20:19,59.9084028020146,420.711635085902,19.91
03-24-2025 22:25:19,58.5873397512857,423.489428346462,19.86
03-24-2025 22:30:19,59.6727946933149,424.666143131908,19.83
03-24-2025 22:35:19,59.9544321449919,426.491784935429,19.79
03-24-2025 22:40:19,60.036293728168,428.116683615257,19.75
03-24-2025 22:45:19,59.1114134064687,428.84326648411,19.69
03-24-2025 22:50:19,58.998551821312,429.01995470335,19.66
03-24-2025 22:55:19,60.1772812012249,429.54578905946,19.62
03-24-2025 23:00:19,59.8603219996325,430.370302414045,19.58
03-24-2025 23:05:19,58.6468982046352,430.995055906611,19.54
03-24-2025 23:10:19,59.8246124783704,431.619438525548,19.5
03-24-2025 23:15:19,60.6033081898654,434.035640698076,19.46
03-24-2025 23:20:19,60.4856993480726,433.364763476067,19.42
03-24-2025 23:25:19,60.36356719162,434.335944299445,19.37
03-24-2025 23:30:19,60.0472017155801,434.75959597614,19.33
03-24-2025 23:35:19,60.919562768473,435.133026766879,19.28
03-24-2025 23:40:19,60.3998729000605,436.400619654019,19.23
03-24-2025 23:45:19,59.2845469953314,436.773132479784,19.18
03-24-2025 23:50:19,60.7612393273901,436.748978487161,19.15
03-24-2025 23:55:19,59.8450473198722,437.220443122045,19.1
03-25-2025 00:00:19,61.3159980963248,437.741672109811,19.06
03-25-2025 00:05:19,60.4994575388133,437.121163907888,19.01
03-25-2025 00:10:19,61.0719213213602,438.28619105138,18.96
03-25-2025 00:15:19,61.5541608729417,439.352474487327,18.93
03-25-2025 00:20:19,61.0356957442649,439.425769067444,18.88
03-25-2025 00:25:19,58.8380083747602,438.657579550335,18.84
03-25-2025 00:30:19,58.2219745439216,439.226310415907,18.79
03-25-2025 00:35:19,60.882456995191,439.598000231657,18.76
03-25-2025 00:40:19,60.8598244701533,440.067074978298,18.71
03-25-2025 00:45:19,59.0609404032082,441.080731129974,18.67
03-25-2025 00:50:19,59.4391509329362,440.115642197993,18.63
03-25-2025 00:55:19,61.3002469605691,439.942201005786,18.59
03-25-2025 01:00:19,60.2891354649391,442.782654622084,18.54
03-25-2025 01:05:19,60.2759169995096,441.077925337854,18.51
03-25-2025 01:10:19,60.2535892369111,439.965269404958,18.46
03-25-2025 01:15:19,61.1198804235191,441.914248034286,18.41
03-25-2025 01:20:19,60.3122494388165,440.062760020911,18.37
03-25-2025 01:25:19,59.899816807653,442.45530399958,18.33
03-25-2025 01:30:19,61.1691346915867,441.345568169713,18.3
03-25-2025 01:35:19,60.9538954506277,439.298755157487,18.26
03-25-2025 01:40:19,60.6402122789624,439.816458601032,18.22
03-25-2025 01:45:19,60.6223892111826,442.304915926549,18.18
03-25-2025 01:50:19,59.6148728372628,440.702335218125,18.13
03-25-2025 01:55:19,60.3898062550365,439.397994184529,18.1
03-25-2025 02:00:19,61.1643730924388,439.374382213171,18.07
03-25-2025 02:05:19,59.862248940959,441.022553490428,18.02
03-25-2025 02:10:19,61.3206562120301,440.850148835917,17.98
03-25-2025 02:15:19,60.1268207960331,442.105173305552,17.95
03-25-2025 02:20:19,60.7038414939642,440.409170091554,17.92
03-25-2025 02:25:19,60.6906359372011,441.762116763895,17.89
03-25-2025 02:30:19,59.6899247004284,443.064223422323,17.85
03-25-2025 02:35:19,59.3776948160901,443.088113837914,17.81
03-25-2025 02:40:19,59.5568269408263,442.031468434118,17.77
03-25-2025 02:45:19,60.226853802152,444.019759561883,17.73
03-25-2025 02:50:19,59.7229075253208,444.780946049511,17.7
03-25-2025 02:55:19,59.1166101657045,443.822938132107,17.66
03-25-2025 03:00:19,60.7719254925544,443.406353938996,17.63
03-25-2025 03:05:19,60.1656378641892,444.705506704447,17.59
03-25-2025 03:10:19,60.5403488885403,445.121320291516,17.55
03-25-2025 03:15:19,58.9630650262958,443.480609507215,17.53
03-25-2025 03:20:19,60.3181310460568,444.190736276777,17.49
03-25-2025 03:25:19,59.9131313874128,443.872830110964,17.46
03-25-2025 03:30:19,59.4059053562806,445.855998934415,17.42
03-25-2025 03:35:19,60.1765980619051,444.656524025106,17.39
03-25-2025 03:40:19,59.9632939278448,445.365641396977,17.35
03-25-2025 03:45:19,58.873656789362,445.341627256408,17.32
03-25-2025 03:50:19,60.1376808495686,445.270086364299,17.3
03-25-2025 03:55:19,60.3204153264862,445.73542234211,17.27
03-25-2025 04:00:19,61.7747418801451,444.439801558292,17.24
03-25-2025 04:05:19,62.0594607344654,444.75982914729,17.22
03-25-2025 04:10:19,61.3615900971727,445.127351269362,17.19
03-25-2025 04:15:19,60.7572622136826,444.564713479731,17.15
03-25-2025 04:20:19,59.4692721406121,445.370558361353,17.11
03-25-2025 04:25:19,59.9494852841041,444.517843335048,17.09
03-25-2025 04:30:19,60.1319821899711,443.615351702962,17.06
03-25-2025 04:35:19,60.6073736581505,445.154815326291,17.03
03-25-2025 04:40:19,60.4036058647199,444.400474371225,17.01
03-25-2025 04:45:19,59.7117624498866,445.013227148807,16.99
03-25-2025 04:50:19,60.9724029356618,445.040164480531,16.97
03-25-2025 04:55:19,62.1257515914048,445.552268736829,16.93
03-25-2025 05:00:19,59.9705757872612,444.896241672499,16.91
03-25-2025 05:05:19,60.3479174721175,445.751068163278,16.88
03-25-2025 05:10:19,60.8316933244677,444.462803993606,16.87
03-25-2025 05:15:19,61.0182506232153,445.270242675619,16.85
03-25-2025 05:20:19,59.0596283829834,444.419888382522,16.83
03-25-2025 05:25:19,60.6112753863439,444.837232064257,16.81
03-25-2025 05:30:19,60.6028379531894,442.622677801628,16.79
03-25-2025 05:35:19,61.5690020985511,443.722503717203,16.77
03-25-2025 05:40:19,61.4629780990967,443.165487752395,16.75
03-25-2025 05:45:19,60.4801296759101,443.875280270722,16.73
03-25-2025 05:50:19,59.3027658786982,445.656456507401,16.71
03-25-2025 05:55:19,60.6626563340061,444.370485120493,16.7
03-25-2025 06:00:19,62.309876527782,443.619125231894,16.68
03-25-2025 06:05:19,60.6503420830324,443.794492053814,16.67
03-25-2025 06:10:19,60.5490770293571,444.943652437446,16.66
03-25-2025 06:15:19,59.766256651639,444.047977761702,16.65
03-25-2025 06:20:19,60.82886740252,444.27073155141,16.63
03-25-2025 06:25:19,60.046215084813,443.472795388028,16.62
03-25-2025 06:30:19,60.3321153605419,444.571671701308,16.6
03-25-2025 06:35:19,60.6180182868237,445.233857221618,16.59
03-25-2025 06:40:19,58.6591402734233,445.698272369617,16.56
03-25-2025 06:45:19,60.4066725074114,443.636130777791,16.55
03-25-2025 06:50:19,60.7964917367012,443.180925448147,16.55
03-25-2025 06:55:19,59.2316745997716,444.668649140964,16.53
03-25-2025 07:00:19,60.5851732030373,444.405270057244,16.51
03-25-2025 07:05:19,61.748361059993,445.261896986679,16.5
03-25-2025 07:10:19,59.1187963814222,443.881811657755,16.49
03-25-2025 07:15:19,59.7957331451593,445.419145284469,16.48
03-25-2025 07:20:19,60.2781060453221,445.206161841496,16.47
03-25-2025 07:25:19,60.3715157477617,442.757160503514,16.46
03-25-2025 07:30:19,61.534277866249,444.294423574741,16.45
03-25-2025 07:35:19,59.1973970912522,443.790159624996,16.44
03-25-2025 07:40:19,60.2628747197906,444.258039374758,16.43
03-25-2025 07:45:19,61.7169562182648,442.879264268464,16.42
03-25-2025 07:50:19,60.5468325021501,443.152908667098,16.41
03-25-2025 07:55:19,60.9317241751906,443.815285184712,16.4
03-25-2025 08:00:19,61.2193890449228,443.020087613012,16.39
03-25-2025 08:05:19,60.7297189231426,443.8768293897,16.38
03-25-2025 08:10:19,60.240128344183,443.956272927931,16.37
03-25-2025 08:15:19,62.2764222737227,443.841479133004,16.36
03-25-2025 08:20:19,61.0096828848153,444.795297194357,16.35
03-25-2025 08:25:19,59.8447226520421,443.273657466473,16.35
03-25-2025 08:30:19,60.9094254133449,444.616110488412,16.34
03-25-2025 08:35:19,60.0314939775666,443.044715848677,16.33
03-25-2025 08:40:19,59.6437124463618,444.24299653077,16.33
03-25-2025 08:45:19,60.2182178031142,443.301658891291,16.31
03-25-2025 08:50:19,59.9231592276824,442.896148368166,16.3
03-25-2025 08:55:19,60.6035843572805,442.734956761076,16.3
03-25-2025 09:00:19,59.5317796732701,441.747104906869,16.29
03-25-2025 09:05:19,60.3047693604248,442.409928536073,16.28
03-25-2025 09:10:19,61.7617795809908,441.181046050567,16.28
03-25-2025 09:15:19,60.3062287786136,440.534754273066,16.28
03-25-2025 09:20:19,59.627364273055,441.538993217186,16.28
03-25-2025 09:25:19,61.3756388126296,441.378284665214,16.28
03-25-2025 09:30:19,60.7938650639602,441.411824998114,16.28
03-25-2025 09:35:19,60.207621724999,441.395510887407,16.27
03-25-2025 09:40:19,59.6303255182803,439.925772291304,16.28
03-25-2025 09:45:19,59.2427306328363,440.930401101956,16.28
03-25-2025 09:50:19,61.578110600168,439.751960931936,16.29
03-25-2025 09:55:19,60.8992113991746,440.271364052547,16.29
03-25-2025 10:00:19,59.9334864782291,438.704548018533,16.3
03-25-2025 10:05:19,60.5258430936847,437.478566027177,16.32
03-25-2025 10:10:19,60.4339783633314,437.368195886483,16.33
03-25-2025 10:15:19,60.638002717526,436.141906566009,16.35
03-25-2025 10:20:19,60.2591696950146,433.652328839538,16.37
03-25-2025 10:25:19,60.6575738483994,435.826189433371,16.39
03-25-2025 10:30:19,60.3758143123279,434.696558656737,16.41
03-25-2025 10:35:19,59.0247722257338,433.858270124403,16.43
03-25-2025 10:40:19,58.2522741755073,431.706718858923,16.44
03-25-2025 10:45:19,60.6922657850232,431.742957220498,16.46
03-25-2025 10:50:19,61.2900703304036,432.801093084099,16.49
03-25-2025 10:55:19,59.6509865561954,433.665297906427,16.52
03-25-2025 11:00:19,60.1515407518008,433.557104473668,16.55
03-25-2025 11:05:19,59.8782754203695,434.569025994376,16.59
03-25-2025 11:10:19,59.6977495733036,433.293068249926,16.62
03-25-2025 11:15:19,60.8848261153365,432.650311299601,16.66
03-25-2025 11:20:19,60.8109067034874,431.861906306215,16.71
03-25-2025 11:25:19,59.1732936420183,429.659374480665,16.75
03-25-2025 11:30:19,60.3659267025359,431.209065773053,16.8
03-25-2025 11:35:19,60.8768535996928,429.639432190452,16.85
03-25-2025 11:40:19,59.7296756898379,428.849164157364,16.9
03-25-2025 11:45:19,60.4359540259172,426.301640135632,16.95
03-25-2025 11:50:19,59.088022362481,426.436879838685,16.99
03-25-2025 11:55:19,60.1897168522347,424.521887198164,17.05
03-25-2025 12:00:19,59.3424688201737,420.699569466421,17.12
03-25-2025 12:05:19,60.1565909602187,418.633261661729,17.19
03-25-2025 12:10:19,59.4062282529275,417.738855252986,17.26
03-25-2025 12:15:19,60.0255080134897,418.214075757401,17.33
03-25-2025 12:20:19,59.5680806770731,411.53998843821,17.4
03-25-2025 12:25:19,59.1101486122883,411.228601214418,17.47
03-25-2025 12:30:19,59.2444699497657,412.63224871571,17.55
03-25-2025 12:35:19,59.28083975797,411.38850032537,17.63
03-25-2025 12:40:19,59.6162875092955,410.191537465442,17.72
03-25-2025 12:45:19,60.6355010159787,408.158834364326,17.8
03-25-2025 12:50:19,59.3902357133918,407.255471710211,17.87
03-25-2025 12:55:19,59.1316791085923,405.120415614155,17.95
03-25-2025 13:00:19,60.2554223084254,402.735252151237,18.04
03-25-2025 13:05:19,59.5000632719962,399.857644650717,18.11
03-25-2025 13:10:19,59.2455486230838,400.620179177937,18.2
03-25-2025 13:15:19,58.4842652292989,402.128254484803,18.26
03-25-2025 13:20:19,59.0182090882164,402.104153703317,18.35
03-25-2025 13:25:19,59.5484265813816,402.723543550346,18.43
03-25-2025 13:30:19,58.7814628922948,398.45802702239,18.48
03-25-2025 13:35:19,58.1214831537107,398.237583108925,18.55
03-25-2025 13:40:19,58.5486523258878,397.225848741522,18.62
03-25-2025 13:45:19,59.0663267502119,395.326576858871,18.67
03-25-2025 13:50:19,58.5946406091739,387.487257429456,18.72
03-25-2025 13:55:19,59.8013456025902,386.328184493304,18.76
03-25-2025 14:00:19,59.3296178620321,388.979048763301,18.81
03-25-2025 14:05:19,59.1547800720897,389.947655289196,18.86
03-25-2025 14:10:19,58.6779798638858,387.797227882806,18.9
03-25-2025 14:15:19,60.2876352388346,389.658743075999,18.95
03-25-2025 14:20:19,58.2237940373223,388.697208623187,18.99
03-25-2025 14:25:19,59.5322247079051,390.314979547879,19.03
03-25-2025 14:30:19,58.3601188682872,386.673383593048,19.07
03-25-2025 14:35:19,58.0764468774828,384.968469790746,19.1
03-25-2025 14:40:19,59.1873685724855,388.076475521307,19.14
03-25-2025 14:45:19,57.5130556555929,381.106423372474,19.17
03-25-2025 14:50:19,59.3154883954199,380.889504959696,19.2
03-25-2025 14:55:19,58.132909867027,380.327912137737,19.22
03-25-2025 15:00:19,58.2464465246725,381.502504452855,19.25
03-25-2025 15:05:19,58.455027492826,380.245082489831,19.27
03-25-2025 15:10:19,59.5585504118899,377.197608339077,19.29
03-25-2025 15:15:19,58.4790500770817,376.781147947265,19.32
03-25-2025 15:20:19,60.5777264200033,375.224145577334,19.34
03-25-2025 15:25:19,58.4986597883692,374.064684512211,19.36
03-25-2025 15:30:19,59.7024987089093,373.004449792707,19.38
03-25-2025 15:35:19,58.4187733779977,372.043489195132,19.4
03-25-2025 15:40:19,58.6231969035449,370.936894773242,19.41
03-25-2025 15:45:19,57.5380778128816,371.369148509678,19.43
03-25-2025 15:50:19,58.4393355714913,369.764661794165,19.44
03-25-2025 15:55:19,59.245686245366,368.803094182217,19.46
03-25-2025 16:00:19,59.1560594463555,368.140060284174,19.48
03-25-2025 16:05:19,58.4643748829071,367.929201877531,19.49
03-25-2025 16:10:19,59.6740253708163,368.706310795264,19.52
03-25-2025 16:15:19,58.5881297217194,368.242491110257,19.54
03-25-2025 16:20:19,58.3034880823879,370.216044995619,19.57
03-25-2025 16:25:19,57.5246903027804,370.940835671158,19.61
03-25-2025 16:30:19,59.3380701644991,371.466770978634,19.65
03-25-2025 16:35:19,58.3551670266088,370.351161550855,19.68
03-25-2025 16:40:19,58.0745750314783,370.17900628455,19.72
03-25-2025 16:45:19,58.592257818991,370.006854687553,19.76
03-25-2025 16:50:19,58.7064487583403,370.487522401061,19.79
03-25-2025 16:55:19,57.1275084447724,369.81628268873,19.83
03-25-2025 17:00:19,58.1403982113069,367.600437884346,19.86
03-25-2025 17:05:19,59.3536027792003,366.582562143921,19.89
03-25-2025 17:10:19,60.667332059649,364.96468626467,19.92
03-25-2025 17:15:19,59.4781683297323,364.400045169189,19.94
03-25-2025 17:20:19,59.3882682287573,364.035253466231,19.96
03-25-2025 17:25:19,58.4029402426398,362.216169852077,19.99
03-25-2025 17:30:19,58.012810679209,362.051091345901,20.01
03-25-2025 17:35:19,57.8181979145225,362.240635452345,20.02
03-25-2025 17:40:19,58.3281748154525,361.875643949301,20.04
03-25-2025 17:45:19,59.4386094054154,362.711211919175,20.06
03-25-2025 17:50:19,57.9433057195841,361.100138520261,20.07
03-25-2025 17:55:19,58.0487966515326,360.48953792,20.08
03-25-2025 18:00:19,59.559875053538,361.425511665946,20.1
03-25-2025 18:05:19,57.7638388863666,362.216211696121,20.11
03-25-2025 18:10:19,57.5646758321646,360.459265366298,20.11
03-25-2025 18:15:19,59.6721188923361,360.249151270699,20.12
03-25-2025 18:20:19,58.3763342512171,361.24035038665,20.13
03-25-2025 18:25:19,59.5786170885362,360.384308246142,20.13
03-25-2025 18:30:19,59.2838563367656,362.076559455092,20.14
03-25-2025 18:35:19,57.6830745084439,361.621060991454,20.14
03-25-2025 18:40:19,57.2880206406405,361.511536618751,20.15
03-25-2025 18:45:19,59.4917201656412,362.858343286802,20.15
03-25-2025 18:50:19,57.6949755561614,362.248432872436,20.16
03-25-2025 18:55:19,58.8019270124652,363.040434014001,20.17
03-25-2025 19:00:19,58.9076051602151,362.030031507144,20.18
03-25-2025 19:05:19,57.606757832787,361.474725957943,20.18
03-25-2025 19:10:19,57.7079497542747,362.121244037788,20.18
03-25-2025 19:15:19,58.7149377273837,363.013854888581,20.19
03-25-2025 19:20:19,58.3198277191598,362.804918540796,20.2
03-25-2025 19:25:19,59.8233070348057,361.348388988488,20.2
03-25-2025 19:30:19,59.7242024262729,363.197272219871,20.2
03-25-2025 19:35:19,59.930168221533,362.888415524637,20.21
03-25-2025 19:40:19,59.3302120288968,363.535571448957,20.21
03-25-2025 19:45:19,58.6300887291253,365.985860984975,20.21
03-25-2025 19:50:19,59.9333632336738,366.432833340531,20.21
03-25-2025 19:55:19,59.5383056272186,367.426859103123,20.22
03-25-2025 20:00:19,59.7397342944547,366.77207148226,20.22
03-25-2025 20:05:19,58.3383199200018,368.120918950006,20.22
03-25-2025 20:10:19,60.9440224267069,367.766820843051,20.22
03-25-2025 20:15:19,59.7429690648902,368.314401411288,20.22
03-25-2025 20:20:19,59.4480628111883,367.4055424191,20.23
03-25-2025 20:25:19,59.9500787954159,366.851282023603,20.23
03-25-2025 20:30:19,59.3545883132964,367.745893142173,20.24
03-25-2025 20:35:19,57.8527689851627,367.492330357351,20.24
03-25-2025 20:40:19,60.2585204856293,369.543308830325,20.24
03-25-2025 20:45:19,59.9636208642249,369.536641680732,20.25
03-25-2025 20:50:19,59.7597464783109,369.537543406449,20.24
03-25-2025 20:55:19,60.4668332265167,370.833668357571,20.25
03-25-2025 21:00:19,58.3636926739355,371.081490024536,20.25
03-25-2025 21:05:19,61.4710669802878,371.629996138368,20.25
03-25-2025 21:10:19,60.5703576230542,371.076356489118,20.25
03-25-2025 21:15:19,60.4712681792014,372.827444443805,20.25
03-25-2025 21:20:19,59.5660107956432,374.131045063156,20.24
03-25-2025 21:25:19,60.7694574809182,374.17884417894,20.24
03-25-2025 21:30:19,59.964440705858,376.484232918454,20.23
03-25-2025 21:35:19,58.7588455002823,372.778647074864,20.22
03-25-2025 21:40:19,60.7588802862839,373.681538709403,20.21
03-25-2025 21:45:19,59.1527747842521,375.085162227161,20.2
03-25-2025 21:50:19,59.7503101788829,377.189703364615,20.19
03-25-2025 21:55:19,58.8410782273679,378.545839076564,20.17
03-25-2025 22:00:19,59.5340822960026,380.502324868529,20.15
03-25-2025 22:05:19,58.5295444649185,382.30543920665,20.14
03-25-2025 22:10:19,59.8184504475703,385.414472261557,20.11
03-25-2025 22:15:19,58.8052493033194,387.22121205526,20.08
03-25-2025 22:20:19,60.0980584103911,388.474776978009,20.06
03-25-2025 22:25:19,58.6940552723825,388.175347452866,20.05
03-25-2025 22:30:19,59.381900822877,392.081054247139,20.02
03-25-2025 22:35:19,60.0694165539663,390.785342753417,19.99
03-25-2025 22:40:19,59.9568608637125,394.188794910586,19.96
03-25-2025 22:45:19,59.5445322273053,394.092629264361,19.93
03-25-2025 22:50:19,59.2323256564863,394.096482736789,19.9
03-25-2025 22:55:19,60.5232113048802,395.247629760179,19.88
03-25-2025 23:00:19,59.2076013592852,396.301506946594,19.84
03-25-2025 23:05:19,59.6944875214326,397.303452627993,19.81
03-25-2025 23:10:19,58.8879249297158,398.153928145344,19.79
03-25-2025 23:15:19,58.8756651244049,399.354747033738,19.76
03-25-2025 23:20:19,59.2580375537776,398.410989428578,19.72
03-25-2025 23:25:19,61.1409604403186,400.409176152462,19.69
03-25-2025 23:30:19,59.1336488708684,402.206998836917,19.66
03-25-2025 23:35:19,58.7180864672636,401.263227055504,19.62
03-25-2025 23:40:19,58.9052411371761,402.661253748183,19.59
03-25-2025 23:45:19,60.0887704955129,403.560428738881,19.56
03-25-2025 23:50:19,59.8770221755249,404.259979460491,19.53
03-25-2025 23:55:19,61.0597529009347,403.863667279638,19.5
03-26-2025 00:00:19,60.1462918352555,404.912142996766,19.46
03-26-2025 00:05:19,60.9255012245058,404.865115502922,19.42
03-26-2025 00:10:19,59.7232324071349,404.816729140144,19.4
03-26-2025 00:15:19,61.4022494688661,406.211802960463,19.37
03-26-2025 00:20:19,60.0917961282871,406.860777573687,19.33
03-26-2025 00:25:19,59.3832693184805,406.564229087252,19.3
03-26-2025 00:30:19,60.0668875653248,407.162606513741,19.27
03-26-2025 00:35:19,61.8434746632943,406.468674675885,19.24
03-26-2025 00:40:19,58.9489843153947,407.762461075206,19.21
03-26-2025 00:45:19,59.6277081064752,408.013014286659,19.17
03-26-2025 00:50:19,61.0057437284158,407.816146649098,19.14
03-26-2025 00:55:19,61.4895380781499,406.626559059009,19.11
03-26-2025 01:00:19,60.4795779769161,408.266993809648,19.07
03-26-2025 01:05:19,61.3555107914416,407.525065318931,19.03
03-26-2025 01:10:19,61.5412066550148,409.015135939283,19
03-26-2025 01:15:19,61.3301140219939,407.826803174974,18.97
03-26-2025 01:20:19,59.3388758340166,409.067995779583,18.95
03-26-2025 01:25:19,59.3221938121387,409.119749887178,18.91
03-26-2025 01:30:19,60.4047163850367,409.270022985247,18.89
03-26-2025 01:35:19,60.689536985727,408.974692238819,18.86
03-26-2025 01:40:19,61.2714181413211,409.967398205325,18.83
03-26-2025 01:45:19,59.6696201561244,409.523853467008,18.79
03-26-2025 01:50:19,60.2514269426346,410.020932076196,18.76
03-26-2025 01:55:19,59.5416556641282,410.468514693122,18.72
03-26-2025 02:00:19,60.6225195833861,411.905195403077,18.7
03-26-2025 02:05:19,60.6100612803277,412.005758681228,18.67
03-26-2025 02:10:19,60.5976122012017,410.523698449892,18.64
03-26-2025 02:15:19,59.3984837828533,410.229091443405,18.61
03-26-2025 02:20:19,60.4738746528588,410.231281654569,18.58
03-26-2025 02:25:19,60.1604135542419,411.073803374072,18.54
03-26-2025 02:30:19,59.3486694457604,413.447212467102,18.49
03-26-2025 02:35:19,61.9987370516331,412.214139200614,18.45
03-26-2025 02:40:19,59.5129963830198,413.548960844942,18.41
03-26-2025 02:45:19,59.7969871704768,414.932544429179,18.38
03-26-2025 02:50:19,59.9821595750979,413.65100163082,18.35
03-26-2025 02:55:19,60.1672467855215,412.962100669377,18.32
03-26-2025 03:00:19,59.9622009007199,413.408034255903,18.3
03-26-2025 03:05:19,58.860706384331,414.149448692627,18.26
03-26-2025 03:10:19,59.8391674941982,413.313304435528,18.24
03-26-2025 03:15:19,60.2212919184842,414.498257202266,18.21
03-26-2025 03:20:19,60.3075797097513,412.233361905057,18.18
03-26-2025 03:25:19,59.0144234529736,414.206350234902,18.15
03-26-2025 03:30:19,59.8845141593348,413.567918373845,18.11
03-26-2025 03:35:19,60.2707697633486,413.127088027678,18.09
03-26-2025 03:40:19,59.8646838215277,414.704785287809,18.06
03-26-2025 03:45:19,59.0694804842421,415.346944033464,18.04
03-26-2025 03:50:19,59.8493691916739,416.087389229428,18.02
03-26-2025 03:55:19,59.6448968583382,414.367371537477,18
03-26-2025 04:00:19,60.3215331283613,415.550327566623,17.97
03-26-2025 04:05:19,60.4076618244604,415.749128482434,17.94
03-26-2025 04:10:19,59.8098435212714,415.210628898542,17.92
03-26-2025 04:15:19,60.0927177925716,415.901176176959,17.89
03-26-2025 04:20:19,59.5890420013289,417.279567214378,17.86
03-26-2025 04:25:19,61.24774605513,415.119316281944,17.83
03-26-2025 04:30:19,58.4841635861136,416.006071947282,17.8
03-26-2025 04:35:19,60.9282056603698,416.695997633552,17.77
03-26-2025 04:40:19,60.1301968524621,416.6981895564,17.74
03-26-2025 04:45:19,59.4307562234376,415.424025194275,17.71
03-26-2025 04:50:19,60.9939461425147,415.770569608934,17.69
03-26-2025 04:55:19,60.0001438914486,415.969445835504,17.66
03-26-2025 05:00:19,60.8757134179665,416.119628060805,17.64
03-26-2025 05:05:19,61.0641999785505,416.36794188126,17.62
03-26-2025 05:10:19,59.4868299476362,415.733340729228,17.6
03-26-2025 05:15:19,59.3767966827236,416.324627536149,17.57
03-26-2025 05:20:19,59.8551395013861,416.7195833448,17.54
03-26-2025 05:25:19,60.3422715358114,416.527138194273,17.53
03-26-2025 05:30:19,60.6287241464971,415.599124482521,17.51
03-26-2025 05:35:19,61.3117300252277,415.406951824601,17.5
03-26-2025 05:40:19,60.3193744987228,414.724160556984,17.47
03-26-2025 05:45:19,60.4097367973632,414.874883759024,17.45
03-26-2025 05:50:19,61.0924449058704,414.09520624455,17.44
03-26-2025 05:55:19,61.1781009151091,414.686615496735,17.41
03-26-2025 06:00:19,59.7012990307101,413.368407139461,17.39
03-26-2025 06:05:19,59.9830854031476,415.330667837235,17.36
03-26-2025 06:10:19,59.8821039682426,417.391055502291,17.35
03-26-2025 06:15:19,60.0703589820842,415.583782781938,17.33
03-26-2025 06:20:19,59.9604637289686,415.293816255207,17.3
03-26-2025 06:25:19,60.4466998826959,414.613357685843,17.29
03-26-2025 06:30:19,60.2434083027343,413.883860169979,17.27
03-26-2025 06:35:19,60.4360028350283,415.74756573237,17.26
03-26-2025 06:40:19,61.5976697578139,415.849220525946,17.23
03-26-2025 06:45:19,59.1449469582784,416.978228667792,17.21
03-26-2025 06:50:19,59.6286412031186,417.960897415797,17.2
03-26-2025 06:55:19,60.1123380985118,415.960640187373,17.18
03-26-2025 07:00:19,59.7137752160201,416.209546235313,17.16
03-26-2025 07:05:19,60.8837797874351,414.748300501315,17.15
03-26-2025 07:10:19,60.1919865923439,415.388416230988,17.13
03-26-2025 07:15:19,60.2821821061997,417.201045443699,17.11
03-26-2025 07:20:19,59.6884136834943,416.179707437046,17.09
03-26-2025 07:25:19,60.4624971113804,417.698698678311,17.07
03-26-2025 07:30:19,59.282845437067,416.580058303146,17.05
03-26-2025 07:35:19,60.1588863814362,415.511128133996,17.04
03-26-2025 07:40:19,60.0581990062085,416.297964582437,17.03
03-26-2025 07:45:19,59.8554311600813,416.742400382064,17.01
03-26-2025 07:50:19,59.266616230521,416.16218573756,17
03-26-2025 07:55:19,60.044696444682,415.582133772014,16.99
03-26-2025 08:00:19,59.8464485100431,415.197486152163,16.98
03-26-2025 08:05:19,60.2294387538009,415.837399425634,16.96
03-26-2025 08:10:19,60.3240223169557,414.574581811822,16.95
03-26-2025 08:15:19,59.4426929549207,416.044556951658,16.94
03-26-2025 08:20:19,60.2204061775945,415.85547099485,16.93
03-26-2025 08:25:19,60.1198273072254,414.885888372883,16.92
03-26-2025 08:30:19,59.2299439094509,415.964366679934,16.89
03-26-2025 08:35:19,61.572657353123,415.629765131124,16.89
03-26-2025 08:40:19,61.3744684686433,415.441068295063,16.88
03-26-2025 08:45:19,60.0058778226871,416.227835749861,16.87
03-26-2025 08:50:19,60.295492434028,415.941735673201,16.86
03-26-2025 08:55:19,60.7801062805015,414.875584290338,16.85
03-26-2025 09:00:19,60.0014249766555,415.80923732214,16.85
03-26-2025 09:05:19,59.0189564419269,415.961684633177,16.83
03-26-2025 09:10:19,59.9910547362637,415.675981214072,16.82
03-26-2025 09:15:19,59.6956293362118,415.877845601703,16.81
03-26-2025 09:20:19,59.1121847093163,415.25165917338,16.81
03-26-2025 09:25:19,61.0589573526415,414.57634377985,16.8
03-26-2025 09:30:19,60.6705292615207,413.462946269091,16.8
03-26-2025 09:35:19,59.3959579332214,413.713582560114,16.78
03-26-2025 09:40:19,60.2702018881565,415.377792582987,16.77
03-26-2025 09:45:19,59.390176239772,414.410609906488,16.76
03-26-2025 09:50:19,60.1668446479899,414.612982253272,16.75
03-26-2025 09:55:19,60.5581373666144,414.864616149601,16.75
03-26-2025 10:00:19,61.81725269271,415.31013303184,16.73
03-26-2025 10:05:19,60.4547681939164,414.587587335377,16.73
03-26-2025 10:10:19,59.9647042944296,414.303081040421,16.72
03-26-2025 10:15:19,60.4533369808499,415.821434745241,16.72
03-26-2025 10:20:19,59.3788355477838,414.952518397437,16.71
03-26-2025 10:25:19,60.6422494829733,414.181216272295,16.7
03-26-2025 10:30:19,60.5463776535868,413.654033234783,16.7
03-26-2025 10:35:19,60.6408262750913,414.538811789727,16.69
03-26-2025 10:40:19,60.8371623784382,414.109221304755,16.69
03-26-2025 10:45:19,61.1263677268897,414.604478368877,16.68
03-26-2025 10:50:19,60.149551298097,414.223282141195,16.67
03-26-2025 10:55:19,60.3458647357079,414.183518876774,16.67
03-26-2025 11:00:19,59.9534442494269,415.16578733919,16.66
03-26-2025 11:05:19,58.9812433160622,415.028804657465,16.66
03-26-2025 11:10:19,61.027681314649,413.82077094597,16.66
03-26-2025 11:15:19,59.077363127135,413.537431930727,16.65
03-26-2025 11:20:19,60.9289103235037,412.816484544816,16.65
03-26-2025 11:25:19,59.6646933680445,413.458763108254,16.65
03-26-2025 11:30:19,60.0512854459429,412.980976212355,16.64
03-26-2025 11:35:19,59.9554939926218,412.357676359775,16.64
03-26-2025 11:40:19,60.5412256268992,414.557896291117,16.64
03-26-2025 11:45:19,60.1489076058677,412.425291164753,16.63
03-26-2025 11:50:19,59.1769600316631,412.094328366209,16.63
03-26-2025 11:55:19,59.7626537239755,413.613139397428,16.63
03-26-2025 12:00:19,59.8527326172443,412.794733680569,16.61
03-26-2025 12:05:19,59.7525610080445,412.317661109778,16.6
03-26-2025 12:10:19,60.4354544882962,411.889749549372,16.6
03-26-2025 12:15:19,59.2690906150909,411.169927540586,16.6
03-26-2025 12:20:19,59.9475557999066,411.374494646403,16.59
03-26-2025 12:25:19,60.1437945740771,410.557560263391,16.59
03-26-2025 12:30:19,59.7516874059047,410.956934665358,16.58
03-26-2025 12:35:19,59.8506020084864,411.210673427561,16.58
03-26-2025 12:40:19,59.6531674223388,410.734353209928,16.57
03-26-2025 12:45:19,59.7520796842956,410.015159542542,16.57
03-26-2025 12:50:19,60.8195597750921,411.095900042595,16.56
03-26-2025 12:55:19,57.9995025605235,408.625535523278,16.56
03-26-2025 13:00:19,61.4993237521871,408.052495775195,16.55
03-26-2025 13:05:19,59.7452824568532,408.938872445923,16.54
03-26-2025 13:10:19,60.4278868162243,407.636527308381,16.54
03-26-2025 13:15:19,60.5223168210884,407.647530205402,16.53
03-26-2025 13:20:19,59.9402851507666,406.831820245469,16.53
03-26-2025 13:25:19,59.937483346604,405.481275585708,16.52
03-26-2025 13:30:19,59.3555027917893,404.860319367138,16.52
03-26-2025 13:35:19,59.4500135110643,405.358136271518,16.51
03-26-2025 13:40:19,58.2845197451268,404.73738180677,16.51
03-26-2025 13:45:19,60.4214276047014,404.846304121089,16.5
03-26-2025 13:50:19,58.7697653070588,402.377942758146,16.5
03-26-2025 13:55:19,59.6422821669149,402.876170719543,16.49
03-26-2025 14:00:19,60.9036162947074,401.721349662108,16.48
03-26-2025 14:05:19,59.3494592445583,402.656927618239,16.48
03-26-2025 14:10:19,60.6107230669948,402.474663585704,16.47
03-26-2025 14:15:19,60.1217857113736,401.806387538471,16.46
03-26-2025 14:20:19,61.0911520502016,400.943858694955,16.45
03-26-2025 14:25:19,59.7318016481762,401.78230475008,16.45
03-26-2025 14:30:19,60.4095062925594,399.947919688202,16.44
03-26-2025 14:35:19,60.0179109754356,400.25228777481,16.43
03-26-2025 14:40:19,59.3391798477961,400.118833622433,16.43
03-26-2025 14:45:19,60.5027778956613,400.228927708437,16.42
03-26-2025 14:50:19,59.4309542092643,399.270047979742,16.41
03-26-2025 14:55:19,58.5579688767067,397.095969744762,16.41
03-26-2025 15:00:19,58.2680928372294,395.990998327722,16.41
03-26-2025 15:05:19,59.7275393758871,396.829793692413,16.41
03-26-2025 15:10:19,58.6645151078758,396.841876767895,16.42
03-26-2025 15:15:19,60.6145167479836,397.048444699987,16.43
03-26-2025 15:20:19,59.0610096440643,393.708024671481,16.43
03-26-2025 15:25:19,57.9048293070891,391.823462131776,16.45
03-26-2025 15:30:19,60.244127745076,391.446600267391,16.46
03-26-2025 15:35:19,59.5696596667376,391.653143965076,16.47
03-26-2025 15:40:19,59.7746392156345,389.476192744051,16.49
03-26-2025 15:45:19,60.5587764209648,387.154220008363,16.5
03-26-2025 15:50:19,59.8841283041296,389.014177233517,16.51
03-26-2025 15:55:19,59.8902551376902,389.804558050153,16.52
03-26-2025 16:00:19,59.025254455746,389.377915186916,16.54
03-26-2025 16:05:19,59.4204849907255,387.930981343364,16.55
03-26-2025 16:10:19,60.8815683588365,388.577169253919,16.55
03-26-2025 16:15:19,60.2066926329809,387.616717613285,16.56
03-26-2025 16:20:19,61.9597926058753,389.138805086901,16.56
03-26-2025 16:25:19,59.139846714532,390.271774915544,16.56
03-26-2025 16:30:19,58.951321359236,390.381997745412,16.57
03-26-2025 16:35:19,60.3153406329424,390.152923575626,16.57
03-26-2025 16:40:19,60.9009101963941,388.464329202632,16.57
03-26-2025 16:45:19,60.8053365946922,388.819250250064,16.57
03-26-2025 16:50:19,57.8878758356157,391.120380172822,16.57
03-26-2025 16:55:19,59.1545991664331,391.864683347271,16.57
03-26-2025 17:00:19,60.2267120576015,392.02522522442,16.57
03-26-2025 17:05:19,59.8436463433262,390.773763181715,16.58
03-26-2025 17:10:19,59.6507641658262,394.145844454393,16.58
03-26-2025 17:15:19,60.7274554683927,395.327660368105,16.59
03-26-2025 17:20:19,59.6542645098131,398.8466429962,16.58
03-26-2025 17:25:19,61.4076740206111,398.229076528688,16.58
03-26-2025 17:30:19,59.5604612691799,401.893412255088,16.58
03-26-2025 17:35:19,59.4649065312769,402.249143602508,16.58
03-26-2025 17:40:19,59.3693544439268,400.755983373428,16.58
03-26-2025 17:45:19,60.4460387210172,406.707571790574,16.59
03-26-2025 17:50:19,61.2263807597114,406.576958480823,16.59
03-26-2025 17:55:19,59.5736797048762,408.100894250354,16.59
03-26-2025 18:00:19,60.0620615553865,409.138298844375,16.59
03-26-2025 18:05:19,61.0370552052662,409.49452860336,16.59
03-26-2025 18:10:19,61.1361550378292,410.240123654704,16.59
03-26-2025 18:15:19,59.8727519042592,409.915256551958,16.59
03-26-2025 18:20:19,61.0423971653244,410.466363890388,16.59
03-26-2025 18:25:19,60.65489580073,411.212192861652,16.59
03-26-2025 18:30:19,59.9710063401513,415.314868224562,16.58
03-26-2025 18:35:19,60.6495188491742,415.524710289684,16.57
03-26-2025 18:40:19,60.1692198754976,415.736337691568,16.58
03-26-2025 18:45:19,61.3342551276692,415.265151678942,16.57
03-26-2025 18:50:19,61.5306674250947,414.940876243328,16.57
03-26-2025 18:55:19,61.3378561926694,417.535875134049,16.57
03-26-2025 19:00:19,60.5612083401914,416.141383648938,16.57
03-26-2025 19:05:19,60.3639479793351,417.811077926609,16.56
03-26-2025 19:10:19,60.4585953239431,419.577874209864,16.55
03-26-2025 19:15:19,62.2070524029688,419.690644359319,16.54
03-26-2025 19:20:19,61.3287861686017,420.678953669589,16.53
03-26-2025 19:25:19,61.7197078903952,423.273595417141,16.53
03-26-2025 19:30:19,60.9388229336009,422.316327258477,16.52
03-26-2025 19:35:19,61.3297194135662,422.090136509042,16.52
03-26-2025 19:40:19,61.627901086822,422.692253344608,16.53
03-26-2025 19:45:19,60.6569695483811,423.049859211367,16.53
03-26-2025 19:50:19,59.9778686310174,425.255786864752,16.53
03-26-2025 19:55:19,60.3688062561288,425.710824668298,16.53
03-26-2025 20:00:19,60.657996001775,428.255478944552,16.52
03-26-2025 20:05:19,60.1734931950874,427.348877553867,16.52
03-26-2025 20:10:19,60.9534816466885,428.095916161989,16.52
03-26-2025 20:15:19,59.9782219732093,429.376018269322,16.51
03-26-2025 20:20:19,61.7307618487009,429.734108868152,16.51
03-26-2025 20:25:19,59.690136298398,430.773102479633,16.51
03-26-2025 20:30:19,61.72990653282,433.511914501552,16.5
03-26-2025 20:35:19,62.4125330076452,432.119652928698,16.5
03-26-2025 20:40:19,61.539112747906,433.353302666537,16.5
03-26-2025 20:45:19,60.5639772511725,433.466294269303,16.49
03-26-2025 20:50:19,62.024521888139,436.547664370151,16.49
03-26-2025 20:55:19,61.5356196773607,438.410826022632,16.48
03-26-2025 21:00:19,61.3430121519804,439.547351410177,16.48
03-26-2025 21:05:19,62.1136152803936,438.636479499909,16.46
03-26-2025 21:10:19,62.4071563987063,440.647980821416,16.46
03-26-2025 21:15:19,61.0479165591409,442.465114985826,16.46
03-26-2025 21:20:19,62.1192435001742,443.212878906323,16.46
03-26-2025 21:25:19,62.6026155271121,442.742367101513,16.45
03-26-2025 21:30:19,61.4379202977962,443.78187076339,16.45
03-26-2025 21:35:19,61.0554473577116,445.651083638055,16.46
03-26-2025 21:40:19,62.3212300313604,447.07971740819,16.46
03-26-2025 21:45:19,61.7352330894303,447.095279464565,16.45
03-26-2025 21:50:19,61.6444586786569,448.770548085958,16.46
03-26-2025 21:55:19,61.3546882607355,448.546632167581,16.46
03-26-2025 22:00:19,59.8010271457433,449.781132700539,16.46
03-26-2025 22:05:19,62.6177619419489,450.477290021991,16.45
03-26-2025 22:10:19,62.1381765187202,453.417038468794,16.46
03-26-2025 22:15:19,63.8900905722491,456.790669356111,16.46
03-26-2025 22:20:19,62.822552885478,458.219926912698,16.46
03-26-2025 22:25:19,63.5050240228928,461.399268616224,16.46
03-26-2025 22:30:19,61.3680434200076,463.606462641038,16.46
03-26-2025 22:35:19,61.9532972933265,467.272073117186,16.46
03-26-2025 22:40:19,63.9921633389037,470.397761520605,16.45
03-26-2025 22:45:19,61.6609286136475,473.091088725578,16.45
03-26-2025 22:50:19,62.8294343016494,474.715129587476,16.45
03-26-2025 22:55:19,63.6090828887927,477.214182863356,16.45
03-26-2025 23:00:19,62.9305100586951,478.157875106896,16.45
03-26-2025 23:05:19,63.9045938226502,481.143159018653,16.45
03-26-2025 23:10:19,62.8418039703822,483.114050617416,16.46
03-26-2025 23:15:19,63.4270790481249,484.058053054364,16.46
03-26-2025 23:20:19,64.0076278200986,487.571890209589,16.45
03-26-2025 23:25:19,64.4031920248658,489.15463649984,16.46
03-26-2025 23:30:19,64.1134719674511,492.918327247561,16.46
03-26-2025 23:35:19,64.013470734671,496.042836855193,16.45
03-26-2025 23:40:19,63.0432742954385,498.445376952978,16.45
03-26-2025 23:45:19,63.7257344502587,499.778630707688,16.45
03-26-2025 23:50:19,64.4081972556318,502.570186503497,16.45
03-26-2025 23:55:19,64.8962328358522,506.139539775437,16.45
03-27-2025 00:00:19,64.0185337223007,509.943595094003,16.44
03-27-2025 00:05:19,62.7568048622535,512.249127092813,16.44
03-27-2025 00:10:19,66.3505337662333,513.525362404793,16.43
03-27-2025 00:15:19,64.2141121510142,517.969260459663,16.43
03-27-2025 00:20:19,64.7992844152039,518.428049331301,16.43
03-27-2025 00:25:19,64.5048972994133,521.356190328961,16.42
03-27-2025 00:30:19,64.8956449961804,527.841004933491,16.42
03-27-2025 00:35:19,65.0872013797109,529.116192127511,16.41
03-27-2025 00:40:19,65.5702611374798,533.695264907006,16.4
03-27-2025 00:45:19,65.9609558101769,535.126097497245,16.4
03-27-2025 00:50:19,66.8375372286913,537.140068975108,16.4
03-27-2025 00:55:19,65.8628924451551,541.329702193421,16.39
03-27-2025 01:00:19,65.7677185944198,543.440838793141,16.39
03-27-2025 01:05:19,66.347825164503,545.297921228319,16.38
03-27-2025 01:10:19,65.3782100147365,545.951622458609,16.38
03-27-2025 01:15:19,66.8326930716455,549.362975550626,16.37
03-27-2025 01:20:19,67.3154875834101,552.288135876101,16.36
03-27-2025 01:25:19,67.0260571477315,555.662062060525,16.36
03-27-2025 01:30:19,64.9831974443398,556.44959699934,16.35
03-27-2025 01:35:19,64.68902105195,563.162080427356,16.34
03-27-2025 01:40:19,67.1143518220473,567.348374439638,16.33
03-27-2025 01:45:19,67.1114081223908,570.757159046059,16.32
03-27-2025 01:50:19,66.6278505205046,570.925584785713,16.32
03-27-2025 01:55:19,66.7220592333999,574.916621475342,16.31
03-27-2025 02:00:19,67.3017595050082,577.062193878772,16.3
03-27-2025 02:05:19,66.6240846129023,580.240943901191,16.3
03-27-2025 02:10:19,66.9124737286706,583.939569936304,16.29
03-27-2025 02:15:19,67.3949915356364,587.54060493448,16.28
03-27-2025 02:20:19,66.4261747347966,591.107428595726,16.28
03-27-2025 02:25:19,65.6466865684944,593.639913569149,16.27
03-27-2025 02:30:19,65.7409557033436,595.395513828247,16.26
03-27-2025 02:35:19,67.291152667728,599.092165920908,16.25
03-27-2025 02:40:19,69.1373912211788,602.658457358092,16.25
03-27-2025 02:45:19,67.4843902260844,604.510355360767,16.24
03-27-2025 02:50:19,66.7050780658343,606.459084796175,16.23
03-27-2025 02:55:19,67.1874088364847,607.049025355574,16.22
03-27-2025 03:00:19,66.7963768833733,608.60927001328,16.21
03-27-2025 03:05:19,66.9925029750124,613.53327780189,16.21
03-27-2025 03:10:19,67.474744466004,609.271564192696,16.2
03-27-2025 03:15:19,68.8351563715403,615.650710089366,16.2
03-27-2025 03:20:19,67.4689153423658,614.816731543663,16.18
03-27-2025 03:25:19,66.8889308514186,620.030917340069,16.18
03-27-2025 03:30:19,67.7540827335856,623.755258549907,16.16
03-27-2025 03:35:19,68.8180108020508,630.745237393381,16.15
03-27-2025 03:40:19,68.330110000618,635.309719271225,16.14
03-27-2025 03:45:19,67.5513740586364,641.61904782975,16.13
03-27-2025 03:50:19,67.5434896647221,644.369277856829,16.11
03-27-2025 03:55:19,68.9948250099295,645.441331738348,16.1
03-27-2025 04:00:19,67.9254664016231,646.31940982751,16.09
03-27-2025 04:05:19,67.636736375942,648.331473174214,16.09
03-27-2025 04:10:19,68.409311179496,650.566476773067,16.08
03-27-2025 04:15:19,68.3094342561612,653.188908940077,16.07
03-27-2025 04:20:19,68.4084616091892,654.910109786451,16.07
03-27-2025 04:25:19,67.5332511427259,656.17528991744,16.06
03-27-2025 04:30:19,66.5661737953199,655.764305413164,16.06
03-27-2025 04:35:19,68.1089276501257,657.930053546373,16.04
03-27-2025 04:40:19,68.88118118345,664.717976687708,16.03
03-27-2025 04:45:19,67.5217789505059,665.207186841695,16.02
03-27-2025 04:50:19,69.1658882339129,669.280973928498,16.01
03-27-2025 04:55:19,67.7098093112153,671.222993732208,16
03-27-2025 05:00:19,68.191268392067,676.845668325594,15.99
03-27-2025 05:05:19,69.3455422998063,678.426268361353,15.97
03-27-2025 05:10:19,68.4760181305736,680.050035113867,15.97
03-27-2025 05:15:19,68.3762574481265,679.569837347109,15.96
03-27-2025 05:20:19,69.24486624425,686.352420845427,15.95
03-27-2025 05:25:19,68.5641019000491,687.324367397318,15.94
03-27-2025 05:30:19,70.2071259171963,690.038995777054,15.93
03-27-2025 05:35:19,68.3646500095648,693.915023185186,15.92
03-27-2025 05:40:19,68.7489760674466,695.176789051367,15.91
03-27-2025 05:45:19,69.2300423360096,698.955161280815,15.9
03-27-2025 05:50:19,69.3238776069366,697.796742664613,15.89
03-27-2025 05:55:19,67.8741837176786,702.033504466141,15.89
03-27-2025 06:00:19,69.323073439355,704.843154765832,15.88
03-27-2025 06:05:19,68.6376430767652,706.322131590943,15.86
03-27-2025 06:10:19,69.5055830565499,705.937873506825,15.85
03-27-2025 06:15:19,69.0239480058119,709.980098072747,15.85
03-27-2025 06:20:19,69.795043940967,713.175556348693,15.84
03-27-2025 06:25:19,69.2116013068935,714.435702905849,15.83
03-27-2025 06:30:19,69.8909821689064,714.994729577613,15.83
03-27-2025 06:35:19,69.1141097702397,715.093944867721,15.82
03-27-2025 06:40:19,69.6915713486014,716.4506997433,15.81
03-27-2025 06:45:19,68.9148417712272,720.322082037866,15.8
03-27-2025 06:50:19,68.9119497513153,725.546932999254,15.79
03-27-2025 06:55:19,68.0387016166207,727.869844594309,15.78
03-27-2025 07:00:19,68.6160788258284,728.35518598914,15.77
03-27-2025 07:05:19,68.6132197687287,729.420675494473,15.76
03-27-2025 07:10:19,69.1853764579859,730.412000401859,15.74
03-27-2025 07:15:19,69.5691553978577,735.053977050474,15.73
03-27-2025 07:20:19,68.7980010186399,737.546708546642,15.73
03-27-2025 07:25:19,69.3751087647329,738.418124783805,15.72
03-27-2025 07:30:19,68.0190531581597,739.386133659135,15.71
03-27-2025 07:35:19,68.214565531785,742.265322251632,15.71
03-27-2025 07:40:19,68.5016987381406,744.392862057417,15.7
03-27-2025 07:45:19,69.4652613360454,745.16720245532,15.69
03-27-2025 07:50:19,68.2111704053017,745.920120413417,15.69
03-27-2025 07:55:19,69.1746863374038,747.37085097025,15.68
03-27-2025 08:00:19,70.8144206908438,746.985580401635,15.67
03-27-2025 08:05:19,70.5267703276245,750.250827118545,15.67
03-27-2025 08:10:19,68.7847124790117,751.218139206762,15.66
03-27-2025 08:15:19,69.7530997831013,752.164498466621,15.66
03-27-2025 08:20:19,69.1756315652072,752.144774341952,15.66
03-27-2025 08:25:19,70.0422558062636,752.04939645976,15.65
03-27-2025 08:30:19,70.2377069107486,749.614613199555,15.65
03-27-2025 08:35:19,69.756900442785,750.464600424379,15.65
03-27-2025 08:40:19,69.85574824509,751.50788282908,15.65
03-27-2025 08:45:19,69.2783384749464,752.164808793945,15.65
03-27-2025 08:50:19,69.2805829750714,751.372683682827,15.65
03-27-2025 08:55:19,69.5726559356073,750.097593528585,15.65
03-27-2025 09:00:19,69.7681229434102,751.9140566528,15.65
03-27-2025 09:05:19,69.0025759397887,752.067382154501,15.66
03-27-2025 09:10:19,68.4251342274244,750.889044133493,15.66
03-27-2025 09:15:19,69.2003210665827,754.83143928232,15.66
03-27-2025 09:20:19,69.9806560544705,755.854857083293,15.67
03-27-2025 09:25:19,69.6930481000989,755.063157255961,15.67
03-27-2025 09:30:19,70.0818084824712,754.754653749214,15.67
03-27-2025 09:35:19,69.6009584902939,753.963109868494,15.67
03-27-2025 09:40:19,69.2218208400298,754.117178107234,15.68
03-27-2025 09:45:19,68.3594326485035,755.141099894871,15.69
03-27-2025 09:50:19,69.429837781916,754.90886063653,15.7
03-27-2025 09:55:19,68.272361408946,753.150985009257,15.7
03-27-2025 10:00:19,69.5412674569144,752.801272875898,15.72
03-27-2025 10:05:19,70.51535328947,752.665708104419,15.73
03-27-2025 10:10:19,69.9427703991622,752.530202975463,15.74
03-27-2025 10:15:19,68.3115935903076,750.440085410417,15.76
03-27-2025 10:20:19,69.0924960810419,749.0474499257,15.77
03-27-2025 10:25:19,69.2016636396357,748.89074835965,15.79
03-27-2025 10:30:19,69.4992142981773,748.851932745262,15.8
03-27-2025 10:35:19,68.1574227372828,747.727961443858,15.82
03-27-2025 10:40:19,68.5517103330973,747.011998227577,15.83
03-27-2025 10:45:19,67.9835363371214,744.823287609034,15.85
03-27-2025 10:50:19,67.6087359605707,746.311411111704,15.87
03-27-2025 10:55:19,68.7824557398912,743.831704936406,15.89
03-27-2025 11:00:19,68.1172524350718,740.480063792703,15.91
03-27-2025 11:05:19,68.1295828656789,742.83983603361,15.93
03-27-2025 11:10:19,68.6260945287929,740.261839628625,15.95
03-27-2025 11:15:19,69.5101642521537,739.910675795164,15.97
03-27-2025 11:20:19,68.7528595532558,739.247000204576,16
03-27-2025 11:25:19,68.9641577741219,736.451394489078,16.03
03-27-2025 11:30:19,68.5990951705986,734.989188848152,16.07
03-27-2025 11:35:19,68.1468794906511,732.511727730121,16.13
03-27-2025 11:40:19,70.2166826035904,728.57677696246,16.19
03-27-2025 11:45:19,68.012665553301,726.602391563935,16.24
03-27-2025 11:50:19,69.3022726462246,724.723643139354,16.29
03-27-2025 11:55:19,68.0674823973635,721.58080842126,16.34
03-27-2025 12:00:19,67.8034166834291,717.366738855491,16.39
03-27-2025 12:05:19,67.6363519422256,715.190807808557,16.44
03-27-2025 12:10:19,68.2420841161419,712.356614036856,16.48
03-27-2025 12:15:19,67.3891725262479,708.353508345786,16.52
03-27-2025 12:20:19,69.8490540966105,702.960970626054,16.57
03-27-2025 12:25:19,68.4271893518462,699.460970064927,16.64
03-27-2025 12:30:19,67.3834605593495,696.592391292398,16.69
03-27-2025 12:35:19,67.8054721949715,696.229617881031,16.75
03-27-2025 12:40:19,67.0480912277342,693.772983772049,16.79
03-27-2025 12:45:19,67.5628028691917,692.361751502026,16.84
03-27-2025 12:50:19,68.3705755306145,692.022566948223,16.89
03-27-2025 12:55:19,67.8177430421115,688.436702131581,16.95
03-27-2025 13:00:19,68.2307188181525,684.412040782602,16.99
03-27-2025 13:05:19,68.2684925306782,681.672421501776,17.06
03-27-2025 13:10:19,68.7949896689349,680.493653324935,17.13
03-27-2025 13:15:19,68.1485845616875,671.588241525153,17.2
03-27-2025 13:20:19,67.2029489919199,666.712507083728,17.26
03-27-2025 13:25:19,68.0183118938179,661.538594097333,17.32
03-27-2025 13:30:19,67.1746324543583,657.310588644091,17.39
03-27-2025 13:35:19,67.4079242855073,653.17598818741,17.46
03-27-2025 13:40:19,68.0285996084129,649.654385827399,17.52
03-27-2025 13:45:19,66.9774526781791,645.766720392185,17.57
03-27-2025 13:50:19,67.1959812647476,645.339679844898,17.61
03-27-2025 13:55:19,65.5597439568024,642.006750058213,17.67
03-27-2025 14:00:19,67.0643850482965,637.983335035716,17.73
03-27-2025 14:05:19,66.8902921769313,638.339408611066,17.77
03-27-2025 14:10:19,67.6987236050485,635.747894284599,17.81
03-27-2025 14:15:19,67.3281346869877,633.44970605829,17.85
03-27-2025 14:20:19,68.3389671163214,629.841055161418,17.9
03-27-2025 14:25:19,67.4714668468765,628.45578472901,17.93
03-27-2025 14:30:19,67.7891733658722,623.988811453675,17.97
03-27-2025 14:35:19,67.0194742744572,622.798370275399,18
03-27-2025 14:40:19,67.0368905310017,620.721530493601,18.03
03-27-2025 14:45:19,64.3959356625805,619.037619368623,18.06
03-27-2025 14:50:19,65.7865868516257,616.498610553218,18.08
03-27-2025 14:55:19,67.7686211704126,612.678508717621,18.1
03-27-2025 15:00:19,65.2248893243096,610.006860092365,18.13
03-27-2025 15:05:19,66.7100064025383,606.31568253494,18.14
03-27-2025 15:10:19,64.6579395997874,601.572394355571,18.17
03-27-2025 15:15:19,67.1290133762661,598.470849181048,18.18
03-27-2025 15:20:19,66.6486422716496,592.181047006268,18.2
03-27-2025 15:25:19,67.3511267532526,587.17091586684,18.22
03-27-2025 15:30:19,68.1473449022867,584.757375426741,18.23
03-27-2025 15:35:19,66.1878392904207,579.843637377097,18.25
03-27-2025 15:40:19,66.1952371671831,577.330483443263,18.26
03-27-2025 15:45:19,65.8130522319604,573.499493509019,18.28
03-27-2025 15:50:19,67.6945638280318,572.464977688184,18.29
03-27-2025 15:55:19,65.8327124724822,569.323042723101,18.31
03-27-2025 16:00:19,67.6160169985337,567.202822138973,18.32
03-27-2025 16:05:19,66.4444588815347,563.467392924186,18.34
03-27-2025 16:10:19,66.6492673516266,561.050302534597,18.35
03-27-2025 16:15:19,66.1681908746993,556.227445126078,18.37
03-27-2025 16:20:19,67.765093265285,552.550630192385,18.4
03-27-2025 16:25:19,67.3827474597593,550.193186280487,18.42
03-27-2025 16:30:19,65.6176873810726,546.353721720444,18.44
03-27-2025 16:35:19,66.3164264967427,543.044864020997,18.45
03-27-2025 16:40:19,66.2349896367099,540.449553031723,18.48
03-27-2025 16:45:19,65.6545554088079,538.286610891335,18.5
03-27-2025 16:50:19,65.4741032088238,535.293982423639,18.53
03-27-2025 16:55:19,66.2771269844574,533.524893122637,18.55
03-27-2025 17:00:19,66.1906764720206,531.755320979244,18.57
03-27-2025 17:05:19,66.5046706868271,528.85858901636,18.6
03-27-2025 17:10:19,65.7259352582338,526.098744087671,18.62
03-27-2025 17:15:19,66.6284977425493,525.316387479255,18.64
03-27-2025 17:20:19,64.2666540775279,522.654189049884,18.66
03-27-2025 17:25:19,65.2730966462413,521.138880442087,18.69
03-27-2025 17:30:19,66.4730058292146,518.772024726613,18.71
03-27-2025 17:35:19,65.5005139758304,518.245280378598,18.74
03-27-2025 17:40:19,64.81492582834,517.600336398937,18.75
03-27-2025 17:45:19,65.7133781205183,516.262304445588,18.76
03-27-2025 17:50:19,65.6218047851046,513.339864039285,18.77
03-27-2025 17:55:19,66.5204696467928,513.981938367515,18.78
03-27-2025 18:00:19,65.9337858050168,512.14837069885,18.79
03-27-2025 18:05:19,65.9412557540591,510.908834939383,18.8
03-27-2025 18:10:19,65.3544363142978,511.154912759107,18.81
03-27-2025 18:15:19,67.1398588099737,511.144467457903,18.81
03-27-2025 18:20:19,65.8596959096959,507.923756963078,18.82
03-27-2025 18:25:19,64.8765244917963,508.962390725842,18.83
03-27-2025 18:30:19,65.8697228716761,507.466209721145,18.83
03-27-2025 18:35:19,65.1836960245905,506.523597112346,18.84
03-27-2025 18:40:19,64.3936727945019,505.027453248675,18.84
03-27-2025 18:45:19,65.0946045302969,503.886567676509,18.85
03-27-2025 18:50:19,65.2011201674653,502.250137180608,18.86
03-27-2025 18:55:19,63.6182708808522,501.943050446421,18.86
03-27-2025 19:00:19,64.3192596426721,500.405588305493,18.87
03-27-2025 19:05:19,65.2185712826322,499.5616895654,18.88
03-27-2025 19:10:19,66.4103955244282,497.768225360915,18.88
03-27-2025 19:15:19,64.8321464650353,498.113552630456,18.89
03-27-2025 19:20:19,66.2222954940382,498.797906261836,18.89
03-27-2025 19:25:19,64.8421500488348,496.169898417282,18.9
03-27-2025 19:30:19,65.2460907484758,496.416262741221,18.91
03-27-2025 19:35:19,65.1544184652923,496.266202060126,18.92
03-27-2025 19:40:19,64.6613276846293,495.067450658709,18.92
03-27-2025 19:45:19,64.5647834366602,493.174825436851,18.92
03-27-2025 19:50:19,65.4644954545046,494.3136009799,18.93
03-27-2025 19:55:19,64.9762279944134,494.163664310395,18.94
03-27-2025 20:00:19,65.4794823219397,492.526386494502,18.95
03-27-2025 20:05:19,65.2886454961569,488.806404193482,18.96
03-27-2025 20:10:19,65.8911854943812,489.846336630457,18.97
03-27-2025 20:15:19,64.7085197371443,487.613456751381,18.98
03-27-2025 20:20:19,65.1127311888731,488.058469776476,18.99
03-27-2025 20:25:19,64.624214447493,485.924447416035,19
03-27-2025 20:30:19,65.6237327511283,486.667177342264,19.01
03-27-2025 20:35:19,65.8296905787593,486.120306021571,19.02
03-27-2025 20:40:19,64.9442274309565,484.779640097788,19.03
03-27-2025 20:45:19,63.7609309915558,484.034226152686,19.04
03-27-2025 20:50:19,63.9667958107566,483.784967998814,19.05
03-27-2025 20:55:19,64.9666728851678,483.734243439074,19.06
03-27-2025 21:00:19,63.8871261852475,482.251119447889,19.08
03-27-2025 21:05:19,63.3934451589184,483.533744649235,19.08
03-27-2025 21:10:19,65.2869621472679,482.291973691135,19.09
03-27-2025 21:15:19,64.7980902837181,482.936382770617,19.1
03-27-2025 21:20:19,65.1034374405648,483.084539854581,19.11
03-27-2025 21:25:19,64.217297587536,483.530684410539,19.12
03-27-2025 21:30:19,64.1206501240052,482.232447048062,19.12
03-27-2025 21:35:19,63.4329707750215,483.274533641223,19.13
03-27-2025 21:40:19,65.0244683392953,483.167982440645,19.13
03-27-2025 21:45:19,64.5306096504489,483.458720433121,19.13
03-27-2025 21:50:19,64.5332676368395,486.530014937135,19.13
03-27-2025 21:55:19,65.6282591280881,485.827880826856,19.13
03-27-2025 22:00:19,65.4323168057111,486.416761154062,19.13
03-27-2025 22:05:19,64.2481480616817,486.168698542291,19.14
03-27-2025 22:10:19,64.8418345027424,486.502424874088,19.13
03-27-2025 22:15:19,65.1424141567084,486.694327901466,19.13
03-27-2025 22:20:19,64.549271216796,485.198161218225,19.13
03-27-2025 22:25:19,65.942187026173,486.780459461331,19.13
03-27-2025 22:30:19,64.2519203249919,486.51865015814,19.12
03-27-2025 22:35:19,65.545435186583,487.306618250546,19.12
03-27-2025 22:40:19,65.6425057037211,488.137097973774,19.11
03-27-2025 22:45:19,65.2431690619538,488.768963711705,19.1
03-27-2025 22:50:19,64.9480220437403,488.167133319874,19.1
03-27-2025 22:55:19,64.6432230185095,491.124515763265,19.08
03-27-2025 23:00:19,64.045561459684,490.46590527057,19.07
03-27-2025 23:05:19,63.74098702475,491.239099509598,19.05
03-27-2025 23:10:19,65.9220222801326,491.771566444272,19.04
03-27-2025 23:15:19,64.4266431870266,491.453149720422,19.02
03-27-2025 23:20:19,66.106129185489,494.110894895957,19
03-27-2025 23:25:19,63.6193706171677,492.899705676676,18.98
03-27-2025 23:30:19,63.7117719483605,493.176495931648,18.96
03-27-2025 23:35:19,63.4122608035238,495.09704450736,18.95
03-27-2025 23:40:19,65.3835360147764,496.109302614804,18.92
03-27-2025 23:45:19,64.187059883047,495.890074648777,18.9
03-27-2025 23:50:19,64.6709237203026,497.19917797067,18.87
03-27-2025 23:55:19,63.8761228214629,497.037472420504,18.86
03-28-2025 00:00:19,65.3505603953021,497.256322663889,18.83
03-28-2025 00:05:19,64.7492573970209,497.532617830948,18.81
03-28-2025 00:10:19,65.4355787909787,498.10599996961,18.79
03-28-2025 00:15:19,65.3246815928671,498.52271765132,18.76
03-28-2025 00:20:19,64.7140989365347,501.752110569814,18.72
03-28-2025 00:25:19,65.2020202883751,500.543322452205,18.7
03-28-2025 00:30:19,64.1066535208748,501.511808629431,18.68
03-28-2025 00:35:19,64.0951098893106,501.03734723223,18.65
03-28-2025 00:40:19,65.2800692234016,500.084993378802,18.64
03-28-2025 00:45:19,63.1915508596373,500.896756669215,18.61
03-28-2025 00:50:19,65.3553191160126,500.324068639386,18.58
03-28-2025 00:55:19,64.9433029052813,500.979056350241,18.54
03-28-2025 01:00:19,64.6351560527309,502.086621385018,18.51
03-28-2025 01:05:19,64.7223134635027,499.63735656481,18.48
03-28-2025 01:10:19,64.7154707664104,500.604899035796,18.46
03-28-2025 01:15:19,64.3088376615977,499.342103121345,18.43
03-28-2025 01:20:19,64.9787391154047,499.248549155948,18.38
03-28-2025 01:25:19,64.572310569953,498.973892941483,18.35
03-28-2025 01:30:19,63.668055329217,498.839404350142,18.31
03-28-2025 01:35:19,63.1588727061877,500.381669949658,18.27
03-28-2025 01:40:19,63.7298135302823,500.583874336909,18.22
03-28-2025 01:45:19,65.2857519945672,503.052520797775,18.17
03-28-2025 01:50:19,63.5944752196909,507.744383699968,18.13
03-28-2025 01:55:19,64.2678468416475,516.569584517424,18.09
03-28-2025 02:00:19,62.9717802907994,528.342773852019,18.05
03-28-2025 02:05:19,63.5558930653506,536.784355463857,18.03
03-28-2025 02:10:19,64.9223802212572,541.422785441074,18
03-28-2025 02:15:19,64.8171865560961,541.488904671026,17.98
03-28-2025 02:20:19,64.613649453328,541.555101874284,17.96
03-28-2025 02:25:19,64.5085452824076,541.621377050849,17.94
03-28-2025 02:30:19,64.0053593123851,541.687730200721,17.91
03-28-2025 02:35:19,64.4903551119345,541.754161323899,17.89
03-28-2025 02:40:19,65.555375848255,541.820670420383,17.85
03-28-2025 02:45:19,64.8509848639918,541.887257490174,17.81
03-28-2025 02:50:19,66.5046179134443,541.953922533271,17.77
03-28-2025 02:55:19,63.7475460131683,542.020665549674,17.75
03-28-2025 03:00:19,65.1061945484723,542.087486539384,17.71
03-28-2025 03:05:19,64.4074873572987,542.154385502401,17.68
03-28-2025 03:10:19,62.7277277179705,542.221362438724,17.65
03-28-2025 03:15:19,63.7960050421127,538.996298604844,17.62
03-28-2025 03:20:19,65.447510672783,534.928211047901,17.58
03-28-2025 03:25:19,64.6513962645453,531.902941418633,17.55
03-28-2025 03:30:19,64.7427677665938,527.467887876756,17.53
03-28-2025 03:35:19,64.9225911637805,524.190691719266,17.49
03-28-2025 03:40:19,64.617136839707,520.582405511574,17.46
03-28-2025 03:45:19,64.610484162124,517.230264794115,17.44
03-28-2025 03:50:19,63.6242330829892,513.781301153405,17.42
03-28-2025 03:55:19,64.6903876486206,510.667397149313,17.39
03-28-2025 04:00:19,63.4014561862145,508.868114602465,17.35
03-28-2025 04:05:19,63.7819010778461,505.169953082151,17.32
03-28-2025 04:10:19,64.4604792860208,502.900883616447,17.3
03-28-2025 04:15:19,64.8452903864294,500.436904264644,17.28
03-28-2025 04:20:19,64.4472902679648,500.41969709432,17.26
03-28-2025 04:25:19,63.8490976945154,498.682743142285,17.23
03-28-2025 04:30:19,65.2069989681712,497.142269830454,17.2
03-28-2025 04:35:19,64.4181045277338,496.245852206441,17.18
03-28-2025 04:40:19,63.2384247128632,494.95875730998,17.16
03-28-2025 04:45:19,64.7959540048931,493.085681980761,17.14
03-28-2025 04:50:19,63.518865226971,491.115546694145,17.12
03-28-2025 04:55:19,62.9215757463665,490.164820843992,17.09
03-28-2025 05:00:19,63.6967855131796,488.977599116958,17.07
03-28-2025 05:05:19,64.7647785427676,487.790829565125,17.05
03-28-2025 05:10:19,63.6839336042575,488.460038927966,17.03
03-28-2025 05:15:19,63.1846802659848,486.144019027259,17
03-28-2025 05:20:19,63.9593134084009,484.56810065757,16.98
03-28-2025 05:25:19,62.9814055615263,483.438722186175,16.97
03-28-2025 05:30:19,64.7318723603595,481.180573804929,16.95
03-28-2025 05:35:19,63.2569539159979,479.648642016809,16.92
03-28-2025 05:40:19,63.0601096724472,479.983923953607,16.91
03-28-2025 05:45:19,63.3418499877349,477.867649222693,16.88
03-28-2025 05:50:19,65.0862758141769,475.459889006734,16.85
03-28-2025 05:55:19,63.03205755557,472.815496176801,16.83
03-28-2025 06:00:19,63.6942763278099,470.788488112348,16.78
03-28-2025 06:05:19,63.3863093692929,467.35589621963,16.74
03-28-2025 06:10:19,62.201886731971,465.581442972512,16.7
03-28-2025 06:15:19,62.6827169126942,464.889846655259,16.68
03-28-2025 06:20:19,63.3581502531958,465.659176403989,16.66
03-28-2025 06:25:19,62.3737180093179,467.639861299536,16.63
03-28-2025 06:30:19,62.1683895211491,467.283783801322,16.6
03-28-2025 06:35:19,62.9453827717158,468.690593185711,16.59
03-28-2025 06:40:19,64.2041512902925,471.989065591045,16.57
03-28-2025 06:45:19,63.2156333692614,471.675214226642,16.53
03-28-2025 06:50:19,63.3066456337075,476.041689537288,16.51
03-28-2025 06:55:19,62.7123590508517,479.47663676266,16.48
03-28-2025 07:00:19,64.2617604427884,486.173673419748,16.46
03-28-2025 07:05:19,63.5749110624575,490.049675045671,16.44
03-28-2025 07:10:19,62.8791496328377,493.812298020847,16.4
03-28-2025 07:15:19,63.6502715193747,500.017313378946,16.38
03-28-2025 07:20:19,65.1935815422814,503.443514831237,16.35
03-28-2025 07:25:19,65.4784283002498,513.723933015313,16.33
03-28-2025 07:30:19,65.2728996621429,519.281942192507,16.3
03-28-2025 07:35:19,65.9459716192873,524.022137611384,16.28
03-28-2025 07:40:19,64.8668576892482,535.98184205166,16.25
03-28-2025 07:45:19,65.1562827978076,537.186400559732,16.24
03-28-2025 07:50:19,65.5379479920262,543.183318245906,16.22
03-28-2025 07:55:19,65.4343740214523,547.140918917972,16.2
03-28-2025 08:00:19,64.6611582367578,548.792758131746,16.2
03-28-2025 08:05:19,65.9206693091867,549.608087383344,16.19
03-28-2025 08:10:19,63.9786744154314,553.042622513734,16.18
03-28-2025 08:15:19,66.2032527180324,553.699949794886,16.16
03-28-2025 08:20:19,65.4207866581244,554.066212858357,16.14
03-28-2025 08:25:19,65.8116975935194,554.262981183633,16.14
03-28-2025 08:30:19,65.7224901191175,552.095906499295,16.15
03-28-2025 08:35:19,65.8224766994196,552.777779314831,16.15
03-28-2025 08:40:19,66.3104126205802,550.744103271535,16.15
03-28-2025 08:45:19,64.7663302505194,549.934736218236,16.16
03-28-2025 08:50:19,65.25430943064,547.610073906124,16.16
03-28-2025 08:55:19,66.3290782483848,546.606549655295,16.17
03-28-2025 09:00:19,64.6830598414641,545.833890774076,16.17
03-28-2025 09:05:19,66.1459104753003,544.733294629116,16.18
03-28-2025 09:10:19,65.4698627809138,542.505589180103,16.18
03-28-2025 09:15:19,67.1220445575935,542.121141270638,16.18
03-28-2025 09:20:19,65.3883928698704,539.527721548534,16.2
03-28-2025 09:25:19,65.1973699984886,539.725516673737,16.2
03-28-2025 09:30:19,64.3365077620926,537.325549444115,16.22
03-28-2025 09:35:19,66.1881071432092,536.321368198847,16.23
03-28-2025 09:40:19,67.5547235495274,534.831831816247,16.24
03-28-2025 09:45:19,66.2086152492325,534.566122157776,16.26
03-28-2025 09:50:19,64.9544566160241,533.17333041853,16.27
03-28-2025 09:55:19,65.8359836627479,533.042508684932,16.28
03-28-2025 10:00:19,63.3193938268477,533.300116014792,16.29
03-28-2025 10:05:19,65.1766750253523,531.577745651411,16.31
03-28-2025 10:10:19,65.5729226643298,531.932568901979,16.32
03-28-2025 10:15:19,65.7797685532125,529.432683735065,16.34
03-28-2025 10:20:19,64.5341700190339,530.002549830938,16.37
03-28-2025 10:25:19,65.0324448416372,531.193964125704,16.39
03-28-2025 10:30:19,64.4712100679465,530.75451530262,16.43
03-28-2025 10:35:19,65.9466594395554,532.783660765318,16.46
03-28-2025 10:40:19,65.6771642918731,533.706163105841,16.5
03-28-2025 10:45:19,65.3102169819304,534.532036095034,16.54
03-28-2025 10:50:19,65.2397286769207,535.612593163165,16.59
03-28-2025 10:55:19,65.1739283132575,537.922065045204,16.65
03-28-2025 11:00:19,65.3955436667574,538.810224417256,16.7
03-28-2025 11:05:19,65.3250006837328,542.330151642446,16.75
03-28-2025 11:10:19,65.0689173528061,546.07117639044,16.82
03-28-2025 11:15:19,65.890427343118,553.584379889801,16.9
03-28-2025 11:20:19,64.3700713518657,563.450024964955,16.98
03-28-2025 11:25:19,67.6243334679958,565.877864151257,17.04
03-28-2025 11:30:19,65.6051609231325,570.946330224413,17.1
03-28-2025 11:35:19,66.8150291293749,584.979403854244,17.17
03-28-2025 11:40:19,66.759446501804,595.962311108962,17.25
03-28-2025 11:45:19,66.5080108392585,599.323691861345,17.33
03-28-2025 11:50:19,66.2514014576635,606.835882024229,17.4
03-28-2025 11:55:19,65.6956971981901,612.428527499487,17.46
03-28-2025 12:00:19,67.7914686042545,624.858129271104,17.53
03-28-2025 12:05:19,67.9325561416298,633.44525885235,17.61
03-28-2025 12:10:19,67.4798400075671,635.10358749151,17.68
03-28-2025 12:15:19,68.1070036582418,645.996190621249,17.75
03-28-2025 12:20:19,67.3590666503796,654.05109483378,17.82
03-28-2025 12:25:19,67.0085321901741,660.120128184117,17.9
03-28-2025 12:30:19,66.1558373361766,667.1381828181,17.96
03-28-2025 12:35:19,66.1881748218942,672.981871261693,18.02
03-28-2025 12:40:19,66.6242545001631,681.239576916308,18.1
03-28-2025 12:45:19,66.9573976525557,686.577622639465,18.17
03-28-2025 12:50:19,67.0986628771339,688.838926961773,18.25
03-28-2025 12:55:19,68.6011944575619,693.377244254572,18.29
03-28-2025 13:00:19,66.355215040788,694.662408396284,18.33
03-28-2025 13:05:19,69.1415901825884,704.239405061824,18.37
03-28-2025 13:10:19,66.2921691370088,701.926204433655,18.39
03-28-2025 13:15:19,66.5123878521562,706.375302782301,18.43
03-28-2025 13:20:19,67.3154781538792,704.35778037544,18.45
03-28-2025 13:25:19,66.3358824379078,709.970316182847,18.46
03-28-2025 13:30:19,66.9415637629997,721.783387633177,18.48
03-28-2025 13:35:19,67.9426558189143,729.648143181659,18.5
03-28-2025 13:40:19,68.9389626153694,731.213876426744,18.51
03-28-2025 13:45:19,68.2504438612307,741.300486251707,18.51
03-28-2025 13:50:19,67.5719203961108,747.193912702111,18.53
03-28-2025 13:55:19,68.0843412213509,759.592358135814,18.56
03-28-2025 14:00:19,66.8172597297869,761.417195815401,18.59
03-28-2025 14:05:19,67.7303545243519,762.925938693411,18.63
03-28-2025 14:10:19,68.0453651602669,760.201953529374,18.66
03-28-2025 14:15:19,67.4699428542943,760.445353933573,18.69
03-28-2025 14:20:19,66.6913578590855,756.354820620953,18.71
03-28-2025 14:25:19,66.7044097793687,758.796099076818,18.73
03-28-2025 14:30:19,67.0144714757241,761.535236960904,18.75
03-28-2025 14:35:19,67.6166773567272,760.434231391088,18.76
03-28-2025 14:40:19,66.9416663135923,764.936672997663,18.79
03-28-2025 14:45:19,67.1478991217824,761.260676031798,18.8
03-28-2025 14:50:19,67.4632089566189,765.368646082785,18.83
03-28-2025 14:55:19,67.9667708710118,765.357344588215,18.84
03-28-2025 15:00:19,66.2013578241989,765.603003533442,18.87
03-28-2025 15:05:19,68.8903900387257,766.265468172311,18.89
03-28-2025 15:10:19,67.2186505675911,766.630835748142,18.91
03-28-2025 15:15:19,66.3493508250671,766.063787954091,18.95
03-28-2025 15:20:19,66.8582686869688,764.148407560503,18.97
03-28-2025 15:25:19,67.6649256797058,764.017936236402,18.99
03-28-2025 15:30:19,67.1821463878285,763.689083301239,19.01
03-28-2025 15:35:19,66.6049251127239,760.759794472989,19.04
03-28-2025 15:40:19,65.5263028829444,758.544741579498,19.06
03-28-2025 15:45:19,66.5318603195299,759.108418718996,19.08
03-28-2025 15:50:19,64.6586524503241,758.679562004422,19.1
03-28-2025 15:55:19,67.3524087832095,756.066156029738,19.12
03-28-2025 16:00:19,66.1739105073601,755.636823880498,19.14
03-28-2025 16:05:19,66.782916303665,754.412815399062,19.16
03-28-2025 16:10:19,67.3921190067487,752.989803956431,19.18
03-28-2025 16:15:19,66.8042612622924,751.68713125012,19.19
03-28-2025 16:20:19,65.9231197932002,749.76665808312,19.21
03-28-2025 16:25:19,66.4281260637225,748.960437753338,19.22
03-28-2025 16:30:19,66.2424486412631,746.244091916258,19.24
03-28-2025 16:35:19,65.1572317910612,744.045969347658,19.25
03-28-2025 16:40:19,65.6623447961576,743.338665880632,19.26
03-28-2025 16:45:19,65.5710549358991,742.333082186663,19.27
03-28-2025 16:50:19,66.6728203529183,741.32741340022,19.28
03-28-2025 16:55:19,64.985905934222,738.454929657783,19.28
03-28-2025 17:00:19,65.1928446720696,736.454719418021,19.29
03-28-2025 17:05:19,65.69813356792,735.64752366944,19.3
03-28-2025 17:10:19,65.7014064826031,732.575934558468,19.3
03-28-2025 17:15:19,66.0029968674233,731.095435791917,19.3
03-28-2025 17:20:19,65.3102071708493,729.813891545062,19.3
03-28-2025 17:25:19,65.5123645835807,727.339165993177,19.3
03-28-2025 17:30:19,64.7249300543094,725.83543468503,19.31
03-28-2025 17:35:19,64.8276624751845,723.36066557395,19.31
03-28-2025 17:40:19,65.6216613591194,721.208154728892,19.3
03-28-2025 17:45:19,65.719523940363,720.44809325249,19.29
03-28-2025 17:50:19,66.1156409462738,719.986500516671,19.28
03-28-2025 17:55:19,65.6121116679238,719.151406008857,19.26
03-28-2025 18:00:19,65.6105550244228,717.596806675634,19.25
03-28-2025 18:05:19,65.4102209730974,714.750461144877,19.24
03-28-2025 18:10:19,65.7019727759763,714.016092146826,19.22
03-28-2025 18:15:19,65.302953195468,711.170879190115,19.21
03-28-2025 18:20:19,65.4953086056773,712.722486704205,19.19
03-28-2025 18:25:19,65.0915981689911,712.982328135691,19.17
03-28-2025 18:30:19,64.3853127173841,711.776963690588,19.14
03-28-2025 18:35:19,64.2750924054101,710.37368879749,19.11
03-28-2025 18:40:19,65.1623706673652,711.229613536087,19.09
03-28-2025 18:45:19,65.2505102722267,711.514400168274,19.06
03-28-2025 18:50:19,64.9417186185215,709.81466814628,19.03
03-28-2025 18:55:19,66.6219927464005,707.694159978263,19.01
03-28-2025 19:00:19,64.126241622986,706.715431715412,18.97
03-28-2025 19:05:19,64.8094733168232,707.100516318267,18.94
03-28-2025 19:10:19,65.4923813252398,705.800323521212,18.91
03-28-2025 19:15:19,64.4901935295709,705.194568579491,18.88
03-28-2025 19:20:19,65.3710199715816,705.183671333196,18.85
03-28-2025 19:25:19,64.1712370223251,706.955884538122,18.82
03-28-2025 19:30:19,64.36322861751,704.146687713985,18.8
03-28-2025 19:35:19,64.4513977490725,705.423523198055,18.77
03-28-2025 19:40:19,64.8365091205259,705.313923177839,18.74
03-28-2025 19:45:19,64.3307129373624,703.225066128001,18.71
03-28-2025 19:50:19,64.616731239407,704.996187765008,18.68
03-28-2025 19:55:19,65.5950728404521,703.502109896786,18.65
03-28-2025 20:00:19,65.5887872864493,704.258408733112,18.63
03-28-2025 20:05:19,65.0784903750146,703.680351269168,18.59
03-28-2025 20:10:19,65.6629239837313,705.12844057933,18.57
03-28-2025 20:15:19,66.247360243001,705.415017820436,18.54
03-28-2025 20:20:19,64.4622366079491,705.281303133495,18.52
03-28-2025 20:25:19,64.7478194547757,703.394383502681,18.49
03-28-2025 20:30:19,65.3343825075492,703.557551286524,18.47
03-28-2025 20:35:19,65.13064546099,704.115807936103,18.45
03-28-2025 20:40:19,66.1119634279453,704.476471409349,18.43
03-28-2025 20:45:19,64.5306394374878,705.20705129701,18.42
03-28-2025 20:50:19,65.4131003918201,704.382915490419,18.4
03-28-2025 20:55:19,63.8275456238482,704.644929691457,18.38
03-28-2025 21:00:19,65.4993953565019,704.117392556191,18.36
03-28-2025 21:05:19,65.5918668645491,703.294071811906,18.34
03-28-2025 21:10:19,66.6758308026311,702.840585438157,18.33
03-28-2025 21:15:19,65.2882822966765,706.555936694809,18.31
03-28-2025 21:20:19,65.6766779799031,705.53552458242,18.29
03-28-2025 21:25:19,65.5718381856621,704.910012490719,18.27
03-28-2025 21:30:19,65.0773692186712,705.443127619323,18.26
03-28-2025 21:35:19,65.1698561654682,704.32494599384,18.24
03-28-2025 21:40:19,66.0461496916562,707.37251262436,18.21
03-28-2025 21:45:19,65.1576165902464,704.84980800153,18.2
03-28-2025 21:50:19,64.4663487447125,705.97431834772,18.19
03-28-2025 21:55:19,64.5588960659882,704.955549402059,18.17
03-28-2025 22:00:19,65.4396497810232,705.513651540201,18.15
03-28-2025 22:05:19,65.6305337409207,705.87463241996,18.13
03-28-2025 22:10:19,64.8316475335177,705.374033457017,18.1
03-28-2025 22:15:19,65.0273105611551,706.005606542124,18.09
03-28-2025 22:20:19,65.7105121480389,705.677321327641,18.07
03-28-2025 22:25:19,65.5026571730852,706.555461384913,18.04
03-28-2025 22:30:19,64.3154015376697,705.735250126009,18.02
03-28-2025 22:35:19,64.5062897118742,706.982026838056,18
03-28-2025 22:40:19,64.2051409639302,706.949342526869,17.98
03-28-2025 22:45:19,65.7685156771201,706.84316502072,17.95
03-28-2025 22:50:19,65.9542620876875,708.310710183113,17.92
03-28-2025 22:55:19,64.4730839989535,706.606417432596,17.9
03-28-2025 23:00:19,64.5654667378755,706.770789555624,17.88
03-28-2025 23:05:19,65.8326485831927,706.271900914708,17.85
03-28-2025 23:10:19,65.6299499536136,707.222660212722,17.83
03-28-2025 23:15:19,64.4446857468641,707.681884367209,17.81
03-28-2025 23:20:19,64.9300134545643,707.45331168565,17.79
03-28-2025 23:25:19,65.8033232976068,707.249629426015,17.76
03-28-2025 23:30:19,67.2703395767638,705.548251045905,17.74
03-28-2025 23:35:19,65.4965162758478,706.105940791682,17.72
03-28-2025 23:40:19,65.485690020221,707.080986387524,17.69
03-28-2025 23:45:19,65.2833300439668,707.834689306236,17.67
03-28-2025 23:50:19,65.1744359817122,707.042749625944,17.64
03-28-2025 23:55:19,65.6542445507933,707.330457734542,17.61
03-29-2025 00:00:19,66.0405512536993,707.299158951936,17.59
03-29-2025 00:05:19,67.1132763526008,707.464106969441,17.57
03-29-2025 00:10:19,65.4351959427974,707.653758161803,17.54
03-29-2025 00:15:19,65.9145797232156,707.255224719992,17.51
03-29-2025 00:20:19,65.4231762615955,706.317398847566,17.5
03-29-2025 00:25:19,66.3924150218236,706.801470716954,17.47
03-29-2025 00:30:19,65.3037044648893,707.775278833418,17.44
03-29-2025 00:35:19,64.3134672444949,707.083516274727,17.41
03-29-2025 00:40:19,64.988504341522,706.979744842889,17.38
03-29-2025 00:45:19,65.9569444235388,706.190765533882,17.35
03-29-2025 00:50:19,65.6524505036989,706.576843010791,17.32
03-29-2025 00:55:19,65.4507105509248,705.07864993386,17.3
03-29-2025 01:00:19,65.7335314034895,705.269321412263,17.27
03-29-2025 01:05:19,65.3314741560679,705.166525606922,17.24
03-29-2025 01:10:19,64.7387010325335,704.354395659929,17.22
03-29-2025 01:15:19,66.2975060456664,704.227138191397,17.2
03-29-2025 01:20:19,65.1181257062459,702.144506768008,17.18
03-29-2025 01:25:19,65.6940335772277,703.020383531666,17.15
03-29-2025 01:30:19,65.585572839043,702.527731835021,17.12
03-29-2025 01:35:19,65.6773324554473,701.326355714955,17.1
03-29-2025 01:40:19,66.4481377587824,701.322921664155,17.07
03-29-2025 01:45:19,65.4605767162849,700.147572068886,17.04
03-29-2025 01:50:19,64.6687747527446,700.925743550177,17.01
03-29-2025 01:55:19,64.9558722818596,699.433115644639,16.99
03-29-2025 02:00:19,66.2190146515454,698.429107844404,16.97
03-29-2025 02:05:19,64.944220639001,697.523098171428,16.95
03-29-2025 02:10:19,67.3730840832744,698.008957582503,16.92
03-29-2025 02:15:19,65.4204266116496,695.71218705252,16.91
03-29-2025 02:20:19,65.609646950146,694.514630299464,16.89
03-29-2025 02:25:19,65.6037388452966,695.073188496067,16.87
03-29-2025 02:30:19,64.5297570446629,693.558028234857,16.86
03-29-2025 02:35:19,64.4265142671391,693.629205437948,16.84
03-29-2025 02:40:19,66.8582544348072,692.530469057795,16.82
03-29-2025 02:45:19,66.5597201180704,691.334680043171,16.8
03-29-2025 02:50:19,65.2866107646877,690.43175332916,16.78
03-29-2025 02:55:19,66.7473811195957,688.918442274198,16.77
03-29-2025 03:00:19,64.500107065319,689.0881626589,16.75
03-29-2025 03:05:19,65.2785450612732,688.06266118635,16.74
03-29-2025 03:10:19,66.0520994880259,686.381638529828,16.72
03-29-2025 03:15:19,65.5638613009717,685.843823793308,16.71
03-29-2025 03:20:19,66.3324114039051,686.3327145454,16.68
03-29-2025 03:25:19,65.6448163570346,685.43201242348,16.66
03-29-2025 03:30:19,66.5152021869342,684.629037878801,16.64
03-29-2025 03:35:19,66.7039049383876,681.782160038102,16.62
03-29-2025 03:40:19,66.1186794374475,679.493474910774,16.61
03-29-2025 03:45:19,66.4047291250497,679.567896777742,16.59
03-29-2025 03:50:19,64.6426098572612,680.934011807787,16.56
03-29-2025 03:55:19,66.5826085380254,679.646378220888,16.54
03-29-2025 04:00:19,65.2195661685704,676.970525665944,16.53
03-29-2025 04:05:19,65.8898950982741,677.169830575897,16.5
03-29-2025 04:10:19,66.2729908078281,678.898020309504,16.48
03-29-2025 04:15:19,65.8734529709773,678.222033219237,16.45
03-29-2025 04:20:19,64.7984135674548,676.644761725018,16.43
03-29-2025 04:25:19,66.0608906321636,675.235366523048,16.42
03-29-2025 04:30:19,65.3654020017685,673.810645890647,16.38
03-29-2025 04:35:19,64.8785756770509,673.665194671356,16.37
03-29-2025 04:40:19,66.0385723875659,671.895688162332,16.35
03-29-2025 04:45:19,67.5867032251388,673.234773307848,16.33
03-29-2025 04:50:19,65.6384544713691,671.757383380118,16.31
03-29-2025 04:55:19,65.9239605683817,669.600889892238,16.29
03-29-2025 05:00:19,66.1655732759312,669.747541135831,16.28
03-29-2025 05:05:19,66.4071886340338,668.243927383985,16.27
03-29-2025 05:10:19,66.3042450896763,666.865412296549,16.25
03-29-2025 05:15:19,66.4924799050913,665.972651183399,16.23
03-29-2025 05:20:19,65.6180085186497,664.373129771025,16.22
03-29-2025 05:25:19,65.2241660335705,665.324605037616,16.2
03-29-2025 05:30:19,65.6159297993699,663.98879745257,16.2
03-29-2025 05:35:19,66.2940148421902,662.390051506463,16.19
03-29-2025 05:40:19,66.8701881137678,661.110820870802,16.17
03-29-2025 05:45:19,66.9660569021886,660.094806007626,16.16
03-29-2025 05:50:19,64.5402604221945,659.660951761158,16.15
03-29-2025 05:55:19,66.5711110415928,657.994914435636,16.13
03-29-2025 06:00:19,65.2171912394455,658.211862668888,16.13
03-29-2025 06:05:19,65.5993677443763,655.964741634976,16.11
03-29-2025 06:10:19,66.8586921619782,655.628656985023,16.1
03-29-2025 06:15:19,66.5667643997003,656.359059146113,16.09
03-29-2025 06:20:19,66.6578430911289,655.179368857165,16.07
03-29-2025 06:25:19,66.5598430833895,655.425207808699,16.06
03-29-2025 06:30:19,66.3649508104547,652.860676097063,16.05
03-29-2025 06:35:19,64.9103500801986,652.137788757007,16.04
03-29-2025 06:40:19,64.9094150584917,652.771635454106,16.03
03-29-2025 06:45:19,66.260174749878,650.430912474208,16.01
03-29-2025 06:50:19,65.9638046222561,649.350256576075,15.99
03-29-2025 06:55:19,66.7424378290455,647.243081414824,15.99
03-29-2025 07:00:19,65.6759374050112,646.908813560085,15.98
03-29-2025 07:05:19,66.149749996504,646.536387658242,15.95
03-29-2025 07:10:19,65.9550839844686,644.943688872627,15.94
03-29-2025 07:15:19,65.9588048426061,644.19324353028,15.94
03-29-2025 07:20:19,66.4419148397598,643.859673323731,15.93
03-29-2025 07:25:19,65.5648974899823,643.071720955093,15.91
03-29-2025 07:30:19,66.4398697762221,642.031276583987,15.91
03-29-2025 07:35:19,65.8580687208214,637.632713448285,15.9
03-29-2025 07:40:19,66.3410485750578,636.622559028566,15.89
03-29-2025 07:45:19,66.2432633281014,635.709426360307,15.88
03-29-2025 07:50:19,65.5648490487736,634.602968960391,15.87
03-29-2025 07:55:19,66.9186516486674,634.657970596879,15.86
03-29-2025 08:00:19,66.4338160022984,633.16489386197,15.85
03-29-2025 08:05:19,64.8894117380601,633.286607918629,15.85
03-29-2025 08:10:19,66.7268246912814,630.826397396622,15.84
03-29-2025 08:15:19,66.8177821663887,628.107132620601,15.82
03-29-2025 08:20:19,65.4672220620407,630.357267881328,15.82
03-29-2025 08:25:19,65.5630425729517,628.188295616626,15.81
03-29-2025 08:30:19,64.98179936311,629.98533414826,15.8
03-29-2025 08:35:19,65.0822843443135,624.497618857571,15.8
03-29-2025 08:40:19,67.1124126655013,625.327825418983,15.79
03-29-2025 08:45:19,66.5358962420931,623.515834645601,15.79
03-29-2025 08:50:19,65.2777338737725,624.636334811873,15.78
03-29-2025 08:55:19,65.8570534549877,620.34159410919,15.77
03-29-2025 09:00:19,65.9575290455855,618.433424978522,15.77
03-29-2025 09:05:19,66.2514054284315,618.459315238114,15.77
03-29-2025 09:10:19,65.5782937533541,617.228195549993,15.77
03-29-2025 09:15:19,65.8721754373061,616.964144543654,15.77
03-29-2025 09:20:19,66.5528560552016,615.829879872994,15.77
03-29-2025 09:25:19,64.4246861903892,615.791070563041,15.76
03-29-2025 09:30:19,66.0769428965465,614.04507980583,15.77
03-29-2025 09:35:19,65.7906407576246,611.073766708983,15.77
03-29-2025 09:40:19,65.9925381628464,611.454966913544,15.78
03-29-2025 09:45:19,65.4160988328148,606.35603023422,15.78
03-29-2025 09:50:19,66.5803812676119,607.833221515466,15.78
03-29-2025 09:55:19,66.8790769991825,606.570283392171,15.79
03-29-2025 10:00:19,65.1420303510705,608.337886332631,15.79
03-29-2025 10:05:19,65.435983823759,608.3647122719,15.79
03-29-2025 10:10:19,66.411672306937,607.392107773374,15.8
03-29-2025 10:15:19,66.130034734026,606.709612996965,15.81
03-29-2025 10:20:19,65.7516184271479,605.059717264076,15.82
03-29-2025 10:25:19,65.9536112957205,605.054291914905,15.83
03-29-2025 10:30:19,65.4830356586802,605.30664453145,15.85
03-29-2025 10:35:19,66.7447357366104,601.463559240794,15.85
03-29-2025 10:40:19,65.7903407260948,602.199406553418,15.87
03-29-2025 10:45:19,66.965022557203,600.806179617411,15.89
03-29-2025 10:50:19,66.1992576433117,601.284769745714,15.9
03-29-2025 10:55:19,66.5029703553302,599.019902722262,15.92
03-29-2025 11:00:19,65.9306335624989,597.659031445536,15.93
03-29-2025 11:05:19,63.7166663455401,597.910919960443,15.95
03-29-2025 11:10:19,66.1555355763403,596.386354236683,15.98
03-29-2025 11:15:19,65.5000394046938,595.118369884048,16.02
03-29-2025 11:20:19,66.583912089925,593.301709504291,16.05
03-29-2025 11:25:19,65.5357559101144,590.127191396592,16.08
03-29-2025 11:30:19,65.0688464108619,589.084286765361,16.11
03-29-2025 11:35:19,64.985005423607,586.911303198478,16.13
03-29-2025 11:40:19,66.7486539159253,587.710257947008,16.16
03-29-2025 11:45:19,65.3069133934293,585.730363612405,16.18
03-29-2025 11:50:19,66.1980398353915,585.559162898471,16.21
03-29-2025 11:55:19,64.6678168794281,582.344751808766,16.25
03-29-2025 12:00:19,65.0738559145545,581.784446549411,16.28
03-29-2025 12:05:19,67.0386138776382,579.829717626697,16.32
03-29-2025 12:10:19,65.0216041451439,579.913895974483,16.36
03-29-2025 12:15:19,64.4609814979737,577.374412939571,16.4
03-29-2025 12:20:19,65.3581169117805,576.777542300142,16.44
03-29-2025 12:25:19,65.6770818187,574.881112580042,16.49
03-29-2025 12:30:19,66.0010171039679,572.266887252127,16.55
03-29-2025 12:35:19,65.3472142298904,568.615225121081,16.6
03-29-2025 12:40:19,66.0560451949505,565.739690426522,16.65
03-29-2025 12:45:19,64.6178846888031,565.333072893363,16.69
03-29-2025 12:50:19,65.8188253514637,563.295107745259,16.75
03-29-2025 12:55:19,64.1936807103942,560.377856273859,16.81
03-29-2025 13:00:19,66.0735710533001,559.152531494202,16.86
03-29-2025 13:05:19,66.3058134050093,556.389299089114,16.93
03-29-2025 13:10:19,65.4643117869122,555.673424629887,17
03-29-2025 13:15:19,66.2778524218935,553.626158589918,17.06
03-29-2025 13:20:19,66.0124072323485,551.223311583648,17.11
03-29-2025 13:25:19,64.5736385474813,548.232066515127,17.16
03-29-2025 13:30:19,66.2680341270913,549.11301787331,17.22
03-29-2025 13:35:19,65.419879467105,545.395804510412,17.28
03-29-2025 13:40:19,66.6219930293609,546.118247426193,17.33
03-29-2025 13:45:19,65.7638096254853,541.003666421269,17.37
03-29-2025 13:50:19,63.7296517440458,540.391732338027,17.41
03-29-2025 13:55:19,64.6337165621815,538.01576435551,17.45
03-29-2025 14:00:19,65.0482803948355,537.892688460079,17.49
03-29-2025 14:05:19,64.1885131464974,536.102817018546,17.53
03-29-2025 14:10:19,65.6725893002832,534.193168991646,17.55
03-29-2025 14:15:19,66.0830517664634,532.146017728839,17.58
03-29-2025 14:20:19,64.3307178547664,531.510421394135,17.6
03-29-2025 14:25:19,64.4466560190245,528.382595130717,17.63
03-29-2025 14:30:19,64.8524260983023,525.194674981038,17.65
03-29-2025 14:35:19,65.5527893206938,522.692893679397,17.67
03-29-2025 14:40:19,64.7761684478035,520.328433348878,17.68
03-29-2025 14:45:19,64.8829560538063,517.570991640401,17.69
03-29-2025 14:50:19,64.4988739880086,515.304074637873,17.7
03-29-2025 14:55:19,64.7084987809249,513.192787582681,17.72
03-29-2025 15:00:19,64.1279131781132,511.317932475306,17.73
03-29-2025 15:05:19,65.5114145168896,507.969720467325,17.74
03-29-2025 15:10:19,65.520104350606,504.817483937488,17.75
03-29-2025 15:15:19,67.3950615030731,504.513328725734,17.76
03-29-2025 15:20:19,65.2427976030447,504.209198244822,17.77
03-29-2025 15:25:19,65.7474099688552,502.095400515995,17.79
03-29-2025 15:30:19,65.363107443905,500.612082476806,17.8
03-29-2025 15:35:19,67.5335934036982,499.325128826951,17.81
03-29-2025 15:40:19,64.004698658768,496.85879009748,17.82
03-29-2025 15:45:19,64.1069610281905,496.00647782766,17.82
03-29-2025 15:50:19,64.2138400929371,492.950154905599,17.83
03-29-2025 15:55:19,66.0898995233207,492.055728378981,17.84
03-29-2025 16:00:19,63.7395933574775,488.015807507093,17.85
03-29-2025 16:05:19,63.7481724268462,483.38550447054,17.86
03-29-2025 16:10:19,66.2192820134035,483.037248932532,17.88
03-29-2025 16:15:19,65.2448062105124,482.1419697701,17.89
03-29-2025 16:20:19,65.9418479678565,480.951620693184,17.9
03-29-2025 16:25:19,64.9671995045896,480.154520849243,17.91
03-29-2025 16:30:19,63.9923983436228,476.603591037669,17.92
03-29-2025 16:35:19,63.1203298192913,473.401863202339,17.94
03-29-2025 16:40:19,65.6865662300228,472.997616886144,17.95
03-29-2025 16:45:19,64.5193974956605,470.581796985021,17.97
03-29-2025 16:50:19,65.3199358084467,469.936545955826,17.99
03-29-2025 16:55:19,65.7270520123062,466.240154348816,18.01
03-29-2025 17:00:19,63.9687269936368,464.708227590462,18.03
03-29-2025 17:05:19,65.360267913377,462.782078458362,18.05
03-29-2025 17:10:19,64.975179125757,462.377058209221,18.06
03-29-2025 17:15:19,66.0717922129583,459.662423118906,18.08
03-29-2025 17:20:19,64.4064054974894,459.552647097699,18.09
03-29-2025 17:25:19,66.6851649239884,457.822029770691,18.11
03-29-2025 17:30:19,63.9358728467036,457.515212823873,18.12
03-29-2025 17:35:19,64.0384278871588,455.677451599515,18.12
03-29-2025 17:40:19,63.3574914040305,455.863154378237,18.13
03-29-2025 17:45:19,65.2332997861316,455.20756044696,18.13
03-29-2025 17:50:19,64.2568449663587,453.127401399575,18.14
03-29-2025 17:55:19,64.1623839178555,452.077823877999,18.14
03-29-2025 18:00:19,64.1710607499903,451.573862566317,18.15
03-29-2025 18:05:19,64.3768146586499,448.705009328358,18.16
03-29-2025 18:10:19,65.6618617382674,450.611598753869,18.16
03-29-2025 18:15:19,63.3995850095604,449.463623924209,18.16
03-29-2025 18:20:19,64.1965686803455,448.762580718086,18.17
03-29-2025 18:25:19,64.1021000303052,447.023399707,18.17
03-29-2025 18:30:19,63.9090893485402,447.649369043885,18.17
03-29-2025 18:35:19,63.9131706818836,445.811799297134,18.17
03-29-2025 18:40:19,64.9027014885564,447.521916085685,18.17
03-29-2025 18:45:19,63.5317239636326,447.116693575564,18.18
03-29-2025 18:50:19,63.5358132486349,447.25025923173,18.18
03-29-2025 18:55:19,63.5444673023141,446.746570129793,18.19
03-29-2025 19:00:19,63.8442429636607,444.613411327769,18.19
03-29-2025 19:05:19,63.7497798419092,445.141460176196,18.19
03-29-2025 19:10:19,63.955594649608,443.849240414383,18.2
03-29-2025 19:15:19,63.9596971873752,442.603256838799,18.2
03-29-2025 19:20:19,65.2451889542553,442.540169616731,18.2
03-29-2025 19:25:19,62.5924405956682,443.219383574294,18.21
03-29-2025 19:30:19,63.5868757764483,440.349758169049,18.22
03-29-2025 19:35:19,64.2810760902109,440.582640829189,18.22
03-29-2025 19:40:19,64.6841787114055,438.895825459908,18.23
03-29-2025 19:45:19,64.199951342588,438.293409204934,18.24
03-29-2025 19:50:19,64.2086859867144,438.578436089173,18.25
03-29-2025 19:55:19,63.9215782231598,439.060811119606,18.26
03-29-2025 20:00:19,63.7284740875371,435.546766371738,18.26
03-29-2025 20:05:19,63.1454402315975,437.409809425174,18.27
03-29-2025 20:10:19,63.7458871089395,437.103340089242,18.28
03-29-2025 20:15:19,64.8396256418229,436.599616535031,18.29
03-29-2025 20:20:19,64.0592536460805,423.271818337825,18.3
03-29-2025 20:25:19,63.3774139048424,437.170617687744,18.31
03-29-2025 20:30:19,63.1887794529881,434.693748211756,18.32
03-29-2025 20:35:19,64.0900939468395,434.34018387335,18.34
03-29-2025 20:40:19,63.1119872575044,434.724531060557,18.35
03-29-2025 20:45:19,63.4167462472702,434.516848750668,18.36
03-29-2025 20:50:19,62.4429078129311,434.656895912808,18.38
03-29-2025 20:55:19,63.9322987181915,434.153147675704,18.39
03-29-2025 21:00:19,63.837739523063,431.426101071881,18.39
03-29-2025 21:05:19,63.747760374505,432.106905518191,18.4
03-29-2025 21:10:19,61.6831063618973,430.714494874023,18.41
03-29-2025 21:15:19,62.18539111704,432.679128134779,18.42
03-29-2025 21:20:19,65.0577305963115,431.681680698702,18.43
03-29-2025 21:25:19,64.2765308186648,433.449334784786,18.44
03-29-2025 21:30:19,62.3055702863102,430.820411309715,18.44
03-29-2025 21:35:19,63.6923412840977,433.42567259084,18.44
03-29-2025 21:40:19,63.9973876705042,429.959304576721,18.45
03-29-2025 21:45:19,64.001569724861,431.478515823347,18.45
03-29-2025 21:50:19,63.9069898268069,431.417571395859,18.45
03-29-2025 21:55:19,62.6272373437398,432.838173986134,18.45
03-29-2025 22:00:19,63.2240149675385,433.666266931933,18.45
03-29-2025 22:05:19,64.3146182567093,433.803085630291,18.45
03-29-2025 22:10:19,63.3311675341927,433.24863008121,18.45
03-29-2025 22:15:19,62.0514256533376,434.175721549892,18.45
03-29-2025 22:20:19,62.2531554674929,433.81895115335,18.45
03-29-2025 22:25:19,63.3437693588756,436.227667613103,18.45
03-29-2025 22:30:19,62.8496499205797,435.621888811728,18.44
03-29-2025 22:35:19,64.1376959932503,434.277816502425,18.44
03-29-2025 22:40:19,64.4381773989478,435.205226996738,18.44
03-29-2025 22:45:19,65.0302568961833,436.278554792248,18.43
03-29-2025 22:50:19,63.5532404807899,431.379867557604,18.43
03-29-2025 22:55:19,62.9649664721128,435.664902443288,18.43
03-29-2025 23:00:19,63.6558664699037,435.849685411745,18.42
03-29-2025 23:05:19,64.3512778847625,436.382380152284,18.42
03-29-2025 23:10:19,63.264822424127,437.357121489932,18.41
03-29-2025 23:15:19,63.3632465196074,435.863660222003,18.4
03-29-2025 23:20:19,63.5603756521782,437.924347319762,18.39
03-29-2025 23:25:19,62.4742528028833,436.6286662891,18.38
03-29-2025 23:30:19,63.8558480126536,439.873552646147,18.37
03-29-2025 23:35:19,62.9717733637208,440.702623608128,18.37
03-29-2025 23:40:19,63.3617519711076,439.84875504954,18.35
03-29-2025 23:45:19,64.0476210628514,440.080621562963,18.33
03-29-2025 23:50:19,63.8453850570084,443.173485907147,18.31
03-29-2025 23:55:19,63.5491251876254,441.484137244464,18.3
03-30-2025 00:00:19,63.8447486947902,441.37336285931,18.29
03-30-2025 00:05:19,63.5485426925216,441.361321387798,18.28
03-30-2025 00:10:19,62.6561747454123,444.058643174419,18.26
03-30-2025 00:15:19,64.7174455909694,445.322548103361,18.23
03-30-2025 00:20:19,63.4309508051853,449.102687815256,18.21
03-30-2025 00:25:19,62.3419900454198,449.629223787483,18.19
03-30-2025 00:30:19,62.6330052462468,447.297887254285,18.17
03-30-2025 00:35:19,63.9046549585467,448.264930554524,18.14
03-30-2025 00:40:19,62.6192261809998,451.057209080488,18.12
03-30-2025 00:45:19,63.8949463147129,450.204566073801,18.1
03-30-2025 00:50:19,64.1855229261488,451.321768990354,18.08
03-30-2025 00:55:19,64.0776008196151,451.499935277507,18.05
03-30-2025 01:00:19,62.0996167083394,451.481259486043,18.02
03-30-2025 01:05:19,62.5871298510656,451.810535846461,18
03-30-2025 01:10:19,63.3606495676723,452.821552162178,17.96
03-30-2025 01:15:19,63.8477390194918,450.789892955421,17.94
03-30-2025 01:20:19,62.9533095949026,454.410418742716,17.91
03-30-2025 01:25:19,64.5172590990136,447.70593506882,17.88
03-30-2025 01:30:19,63.3282218140207,452.406906617247,17.85
03-30-2025 01:35:19,61.8493295589063,453.325827889929,17.83
03-30-2025 01:40:19,64.100352343871,449.573811716969,17.8
03-30-2025 01:45:19,62.5192532162768,449.458269349751,17.77
03-30-2025 01:50:19,63.0012964395055,452.878398132969,17.74
03-30-2025 01:55:19,61.32303413895,449.227642494242,17.71
03-30-2025 02:00:19,61.9033040979229,448.719909225047,17.68
03-30-2025 02:05:19,62.5858802621298,449.442446963797,17.66
03-30-2025 02:10:19,63.7543693622005,448.248192871351,17.63
03-30-2025 02:15:19,62.5634739728051,452.495723685648,17.59
03-30-2025 02:20:19,62.4608588483104,451.746282031782,17.57
03-30-2025 02:25:19,64.0162269346422,452.167110757028,17.53
03-30-2025 02:30:19,61.9528363333447,453.084778633539,17.51
03-30-2025 02:35:19,63.3116389007505,451.153207441346,17.47
03-30-2025 02:40:19,63.0130529878734,451.482887742385,17.45
03-30-2025 02:45:19,63.5917714146741,452.935748545376,17.42
03-30-2025 02:50:19,62.3050097289683,451.887267401328,17.38
03-30-2025 02:55:19,63.7692596579727,452.510623275968,17.36
03-30-2025 03:00:19,63.6576581587872,452.539689630078,17.32
03-30-2025 03:10:19,62.2652631696341,378.793217763536,17.26
03-30-2025 03:15:19,64.2127044598777,400.215568252652,17.23
03-30-2025 03:20:19,63.4210991156183,402.460968863139,17.2
03-30-2025 03:25:19,63.7940558782748,402.262401934433,17.15
03-30-2025 03:30:19,62.1278797209257,399.960950541818,17.13
03-30-2025 03:35:19,62.1191120093808,401.325520058864,17.1
03-30-2025 03:40:19,62.7941839137894,402.591852376591,17.07
03-30-2025 03:45:19,63.3712742815987,403.076348174986,17.04
03-30-2025 03:50:19,62.9672181085533,403.121852612566,17
03-30-2025 03:55:19,62.8606670706455,401.751506371251,16.97
03-30-2025 04:00:19,62.1730040782311,399.941956852938,16.95
03-30-2025 04:05:19,62.3550290410324,399.403319657578,16.91
03-30-2025 04:10:19,63.1266081985154,398.71792590666,16.88
03-30-2025 04:15:19,62.2399712795617,398.520559230694,16.85
03-30-2025 04:20:19,62.8162268868068,400.17584538728,16.82
03-30-2025 04:25:19,63.9725566892586,401.392507778174,16.78
03-30-2025 04:30:19,62.7940990963113,400.70774327501,16.75
03-30-2025 04:35:19,62.9845276274428,402.799315475897,16.73
03-30-2025 04:40:19,63.0686201494589,399.826470848089,16.69
03-30-2025 04:45:19,63.1571030046264,400.116609645372,16.66
03-30-2025 04:50:19,61.3958530198472,400.212005664833,16.63
03-30-2025 04:55:19,63.3339577925109,399.528819782663,16.6
03-30-2025 05:00:19,62.351957785126,399.33258739326,16.57
03-30-2025 05:05:19,63.4178342740994,395.779098026648,16.55
03-30-2025 05:10:19,61.9585421397504,398.305597558142,16.54
03-30-2025 05:15:19,62.436252402774,400.15250703503,16.51
03-30-2025 05:20:19,62.3303155372981,400.637316421544,16.48
03-30-2025 05:25:19,62.5160780828203,394.122521118132,16.45
03-30-2025 05:30:19,62.4101817509501,397.13571294993,16.42
03-30-2025 05:35:19,63.0905336605698,399.659983057212,16.41
03-30-2025 05:40:19,61.9157668067622,400.533563696976,16.38
03-30-2025 05:45:19,62.9757480273757,400.338306592921,16.35
03-30-2025 05:50:19,62.7771209753394,394.169294179092,16.33
03-30-2025 05:55:19,61.6074774223717,394.702779042501,16.31
03-30-2025 06:00:19,60.7294836852223,396.207119504098,16.29
03-30-2025 06:05:19,62.7641046230126,395.866601600928,16.27
03-30-2025 06:10:19,61.5950249406194,397.56459808331,16.25
03-30-2025 06:15:19,62.5613591841275,398.679870244618,16.23
03-30-2025 06:20:19,62.7555213314953,398.678028371562,16.22
03-30-2025 06:25:19,62.7512081723814,398.531724809743,16.2
03-30-2025 06:30:19,61.4857775484467,398.385559369477,16.18
03-30-2025 06:35:19,63.324563626619,397.754560701779,16.16
03-30-2025 06:40:19,60.5119872490961,398.141090221901,16.15
03-30-2025 06:45:19,61.5790177448259,396.491083689289,16.14
03-30-2025 06:50:19,62.3506221800498,397.606199194893,16.12
03-30-2025 06:55:19,61.4738607369947,397.460724621643,16.1
03-30-2025 07:00:19,62.3465270578316,396.19944410075,16.09
03-30-2025 07:05:19,61.4742560327434,397.555652378747,16.08
03-30-2025 07:10:19,61.1794278345514,396.925909338342,16.06
03-30-2025 07:15:19,61.5630186169081,392.807939022976,16.04
03-30-2025 07:20:19,61.2725346438477,394.067249552912,16.03
03-30-2025 07:25:19,61.078987537879,395.907776961655,16.02
03-30-2025 07:30:19,60.4010714719452,395.907372063742,16.01
03-30-2025 07:35:19,61.8501682323208,392.953914203861,15.99
03-30-2025 07:40:19,60.9786423150321,394.503639284636,15.98
03-30-2025 07:45:19,61.3663089385147,394.89100470274,15.97
03-30-2025 07:50:19,60.4949637652707,390.726789962306,15.96
03-30-2025 07:55:19,60.9794493946035,395.375304608741,15.95
03-30-2025 08:00:19,62.0448278048469,393.438906524989,15.94
03-30-2025 08:05:19,61.4641037971085,393.826575390622,15.93
03-30-2025 08:10:19,61.851597823933,391.213084841097,15.92
03-30-2025 08:15:19,60.2061332178166,390.439379795696,15.91
03-30-2025 08:20:19,60.3074540725654,390.486946634475,15.91
03-30-2025 08:25:19,61.5661630460215,388.067972262402,15.9
03-30-2025 08:30:19,61.0824639981577,389.133890683473,15.89
03-30-2025 08:35:19,61.4741468058571,389.375270858175,15.89
03-30-2025 08:40:19,62.2486670133145,390.247606761192,15.88
03-30-2025 08:45:19,60.5111176186137,391.069820653836,15.88
03-30-2025 08:50:19,60.9995602880473,388.214390879956,15.88
03-30-2025 08:55:19,62.4558270921998,389.907800054962,15.88
03-30-2025 09:00:19,61.0086320944077,386.665397634028,15.88
03-30-2025 09:05:19,59.7550040440018,386.036191193649,15.88
03-30-2025 09:10:19,61.5984073934796,385.987755617076,15.88
03-30-2025 09:15:19,60.6393266592815,385.017788274699,15.89
03-30-2025 09:20:19,61.0310333219577,386.034187873175,15.89
03-30-2025 09:25:19,61.422742635187,383.856605080893,15.89
03-30-2025 09:30:19,60.7539715970439,383.951384220754,15.9
03-30-2025 09:35:19,60.560744177272,383.663630860332,15.89
03-30-2025 09:40:19,61.2470721560934,385.016907758494,15.9
03-30-2025 09:45:19,60.6708496269174,384.58181379964,15.9
03-30-2025 09:50:19,61.7444633797394,385.451388494225,15.91
03-30-2025 09:55:19,61.9426394257108,383.27392571936,15.91
03-30-2025 10:00:19,60.9833803797764,383.7563610569,15.92
03-30-2025 10:05:19,62.4401379731,382.062942245901,15.92
03-30-2025 10:10:19,61.1903872035494,381.577265502972,15.93
03-30-2025 10:15:19,60.8160978436399,382.00898326461,15.95
03-30-2025 10:20:19,60.8206774809443,379.83121438526,15.95
03-30-2025 10:25:19,60.8294674980804,381.379155972867,15.96
03-30-2025 10:30:19,60.7414105962809,379.925052718067,15.97
03-30-2025 10:35:19,62.2030666216728,382.05453087148,15.98
03-30-2025 10:40:19,61.4413054096933,378.224414444497,16
03-30-2025 10:45:19,60.5740418267127,378.371115450612,16
03-30-2025 10:50:19,60.0984230893806,378.466691358387,16.01
03-30-2025 10:55:19,61.3709677487101,377.929766871828,16.03
03-30-2025 11:00:19,61.0891097415958,379.285209282737,16.04
03-30-2025 11:05:19,61.2917636897253,376.0861252045,16.05
03-30-2025 11:10:19,59.4591648292787,376.472591704944,16.06
03-30-2025 11:15:19,61.3094685547572,375.69607698776,16.07
03-30-2025 11:20:19,60.4501022513695,376.612911376831,16.09
03-30-2025 11:25:19,59.2995992405845,373.360973238242,16.11
03-30-2025 11:30:19,62.411150241057,374.329463932725,16.12
03-30-2025 11:35:19,59.8101297675287,372.770416240928,16.15
03-30-2025 11:40:19,60.1181715496583,372.665832198266,16.18
03-30-2025 11:45:19,62.0802150817113,371.150898297429,16.22
03-30-2025 11:50:19,59.5782566678471,371.673536320579,16.26
03-30-2025 11:55:19,59.7005720000512,368.842996311764,16.31
03-30-2025 12:00:19,59.7217083551757,368.102564067584,16.35
03-30-2025 12:05:19,60.9088881005877,367.556051711219,16.39
03-30-2025 12:10:19,58.9904943188193,367.734558751101,16.44
03-30-2025 12:15:19,59.6920929791927,365.92354099747,16.48
03-30-2025 12:20:19,58.939176484385,364.253369186218,16.53
03-30-2025 12:25:19,60.1277867023982,361.856226317646,16.57
03-30-2025 12:30:19,60.9277951072233,361.307028010542,16.61
03-30-2025 12:35:19,59.8783195916256,362.023310359364,16.65
03-30-2025 12:40:19,59.5099721640244,360.110333892417,16.69
03-30-2025 12:45:19,59.8233954676457,357.903912793052,16.73
03-30-2025 12:50:19,60.234475305762,355.598689251189,16.77
03-30-2025 12:55:19,60.5483233159743,354.754414370448,16.81
03-30-2025 13:00:19,59.6714414520337,355.542216847913,16.8
03-30-2025 13:05:19,60.2777274744359,355.965508731615,16.84
03-30-2025 13:10:19,60.1932341666278,353.667581235442,16.86
03-30-2025 13:15:19,58.7471616895949,353.558868661007,16.89
03-30-2025 13:20:19,60.8130964316876,351.888962503166,16.92
03-30-2025 13:25:19,58.3864748386947,350.955382840323,16.94
03-30-2025 13:30:19,59.6680975226679,350.704808774532,16.96
03-30-2025 13:35:19,59.0953292231887,350.844700581972,16.98
03-30-2025 13:40:19,59.2099358577166,351.516647950623,17.01
03-30-2025 13:45:19,58.840334564019,349.204885283861,17.05
03-30-2025 13:50:19,58.9427002316345,348.280851290006,17.05
03-30-2025 13:55:19,59.8347671030334,348.420701650454,17.07
03-30-2025 14:00:19,58.4839345727432,347.724792168835,17.1
03-30-2025 14:05:19,60.0603832354217,346.105613086006,17.12
03-30-2025 14:10:19,58.0248102084404,343.551707877292,17.15
03-30-2025 14:15:19,59.5976760928187,345.40765206056,17.16
03-30-2025 14:20:19,60.3928511663077,342.320901038165,17.18
03-30-2025 14:25:19,60.0147944587052,342.264737036609,17.2
03-30-2025 14:30:19,58.169533054666,344.066926029853,17.22
03-30-2025 14:35:19,58.9648627745271,340.685221167216,17.24
03-30-2025 14:40:19,58.1910341416317,340.488181305695,17.25
03-30-2025 14:45:19,58.9906456387076,338.517839277187,17.28
03-30-2025 14:50:19,58.4163395375023,337.678395300135,17.3
03-30-2025 14:55:19,59.9994475282924,336.294063028905,17.33
03-30-2025 15:00:19,59.5229821268153,334.670803999457,17.35
03-30-2025 15:05:19,57.3816983740641,334.907605139024,17.37
03-30-2025 15:10:19,59.2633848552505,332.291043703703,17.41
03-30-2025 15:15:19,58.5946270334187,329.434805189589,17.44
03-30-2025 15:20:19,59.4894079698126,327.711288874761,17.46
03-30-2025 15:25:19,58.6284739451295,327.247224547456,17.5
03-30-2025 15:30:19,58.1551817249599,324.485957413161,17.53
03-30-2025 15:35:19,58.3681477681977,321.821500237679,17.56
03-30-2025 15:40:19,59.3659532270396,321.313858842238,17.59
03-30-2025 15:45:19,57.3186898234328,319.292969100588,17.61
03-30-2025 15:50:19,59.1998218768456,317.705192683568,17.64
03-30-2025 15:55:19,58.8161349944537,317.997338813268,17.65
03-30-2025 16:00:19,57.9416561353189,316.424814777059,17.66
03-30-2025 16:05:19,58.4452531675812,315.285736395113,17.68
03-30-2025 16:10:19,60.2253213424934,313.753646726363,17.7
03-30-2025 16:15:19,58.3687576007248,313.064032162395,17.71
03-30-2025 16:20:19,57.79241396207,313.200769692953,17.73
03-30-2025 16:25:19,58.1940228797529,311.921828416937,17.74
03-30-2025 16:30:19,57.2206645138643,309.758803951397,17.75
03-30-2025 16:35:19,58.015193234309,308.283076711428,17.76
03-30-2025 16:40:19,59.2068905988,306.454565634341,17.78
03-30-2025 16:45:19,58.4338556548821,305.509835159163,17.8
03-30-2025 16:50:19,58.2461669028428,302.559434263796,17.81
03-30-2025 16:55:19,58.7504246162562,302.793333691847,17.83
03-30-2025 17:00:19,56.4043017823873,301.749538639829,17.85
03-30-2025 17:05:19,58.68208369086,300.941975241458,17.88
03-30-2025 17:10:19,58.0026728416478,301.136021636466,17.89
03-30-2025 17:15:19,59.2939473376085,299.108233915106,17.91
03-30-2025 17:20:19,57.4382103151982,298.555216953899,17.93
03-30-2025 17:25:19,58.631434908611,297.805339431851,17.95
03-30-2025 17:30:19,58.5459930593942,297.44883669683,17.97
03-30-2025 17:35:19,57.9685060875278,296.895473216653,17.99
03-30-2025 17:40:19,57.2884544576014,296.400878679038,18
03-30-2025 17:45:19,57.6949054267056,294.272505209847,18.02
03-30-2025 17:50:19,57.215500496141,294.309259451536,18.04
03-30-2025 17:55:19,58.0118847337507,293.71601035006,18.05
03-30-2025 18:00:19,58.4145632005492,294.599614252411,18.06
03-30-2025 18:05:19,58.4234420415291,293.120234525371,18.07
03-30-2025 18:10:19,56.4628401504909,293.610172659512,18.08
03-30-2025 18:15:19,58.7366556903935,294.001775591826,18.09
03-30-2025 18:20:19,57.0672953120669,294.945037475521,18.09
03-30-2025 18:25:19,57.2730568134697,293.367122914621,18.1
03-30-2025 18:30:19,58.4638297452691,293.266491672467,18.11
03-30-2025 18:35:19,58.0787056567415,292.082352678283,18.12
03-30-2025 18:40:19,58.6786556635672,292.277281120061,18.13
03-30-2025 18:45:19,58.0964488214626,291.782661188174,18.14
03-30-2025 18:50:19,56.6234811538317,291.34744677645,18.14
03-30-2025 18:55:19,56.1434682276756,291.877297215253,18.16
03-30-2025 19:00:19,57.4293025215295,291.442160406856,18.16
03-30-2025 19:05:19,57.6352227837002,291.637448783495,18.17
03-30-2025 19:10:19,57.7426251584315,291.14296939258,18.18
03-30-2025 19:15:19,58.3388035232363,292.18627593172,18.18
03-30-2025 19:20:19,58.9308933927311,292.007882173814,18.17
03-30-2025 19:25:19,56.9688026917371,293.583255291865,18.18
03-30-2025 19:30:19,59.0432768040284,293.34561299454,18.18
03-30-2025 19:35:19,56.7853620445792,292.654471687895,18.19
03-30-2025 19:40:19,55.9070447276535,293.146107539737,18.2
03-30-2025 19:45:19,58.0844467692374,291.962097657746,18.21
03-30-2025 19:50:19,58.2905195016378,292.059558553371,18.22
03-30-2025 19:55:19,58.8869072443499,292.117963681744,18.22
03-30-2025 20:00:19,56.9240463905606,292.511361928169,18.23
03-30-2025 20:05:19,56.7317526912642,292.076964374904,18.23
03-30-2025 20:10:19,58.7084796068206,292.431378600146,18.23
03-30-2025 20:15:19,57.4316822264804,295.053480488644,18.23
03-30-2025 20:20:19,58.5251447406696,294.855834781418,18.24
03-30-2025 20:25:19,58.2342463831477,295.407705602525,18.24
03-30-2025 20:30:19,58.5349480996537,294.57926040883,18.24
03-30-2025 20:35:19,57.9482563315003,295.328486317708,18.24
03-30-2025 20:40:19,56.8724924498548,294.933920395581,18.25
03-30-2025 20:45:19,59.2439814084467,296.472216508371,18.25
03-30-2025 20:50:19,58.6531861948369,296.787835319548,18.24
03-30-2025 20:55:19,58.0665050288955,296.058379562965,18.24
03-30-2025 21:00:19,58.4739201190861,296.492457417362,18.26
03-30-2025 21:05:19,58.1789701553612,297.893024688265,18.25
03-30-2025 21:10:19,57.990689566001,298.485218919478,18.26
03-30-2025 21:15:19,58.2914622182966,299.826870055138,18.26
03-30-2025 21:20:19,57.3102390867611,297.815680181869,18.26
03-30-2025 21:25:19,58.7944002103633,297.875488829757,18.26
03-30-2025 21:30:19,58.109028172484,298.033990715135,18.26
03-30-2025 21:35:19,59.8890403897423,298.48841636637,18.26
03-30-2025 21:40:19,58.6079249483483,301.467122559704,18.25
03-30-2025 21:45:19,58.3210790383817,300.285038966409,18.26
03-30-2025 21:50:19,58.4205982915142,300.60136744767,18.25
03-30-2025 21:55:19,58.8199760227109,301.450503269451,18.25
03-30-2025 22:00:19,57.4404605830981,300.189291038189,18.24
03-30-2025 22:05:19,59.7090619490963,301.590343669785,18.23
03-30-2025 22:10:19,57.8407751775748,301.355078900481,18.23
03-30-2025 22:15:19,56.7573187087075,301.967426642022,18.22
03-30-2025 22:20:19,58.6353737830539,302.422428524157,18.22
03-30-2025 22:25:19,57.6505228173307,303.231965135783,18.21
03-30-2025 22:30:19,59.1341300284122,302.701331199438,18.21
03-30-2025 22:35:19,59.0405232574693,303.353687710833,18.21
03-30-2025 22:40:19,57.3697025045019,303.710394076927,18.21
03-30-2025 22:45:19,58.1592707035996,303.534417950045,18.2
03-30-2025 22:50:19,58.0656797255009,304.384097730949,18.2
03-30-2025 22:55:19,57.9720913979553,302.375377732987,18.2
03-30-2025 23:00:19,57.0860323252262,303.875301244492,18.19
03-30-2025 23:05:19,58.5653781088066,305.572178934305,18.18
03-30-2025 23:10:19,57.4862882143304,304.64809982441,18.18
03-30-2025 23:15:19,57.1956211281819,306.385016720311,18.18
03-30-2025 23:20:19,58.0835819952714,307.19491119781,18.17
03-30-2025 23:25:19,57.8914884048391,306.07405501772,18.17
03-30-2025 23:30:19,57.2066740535715,307.121259821046,18.17
03-30-2025 23:35:19,57.7989624340211,306.945916422775,18.16
03-30-2025 23:40:19,57.902503005883,306.515146119537,18.16
03-30-2025 23:45:19,57.8010128582409,307.186703754617,18.14
03-30-2025 23:50:19,58.9923495411691,306.894750489695,18.15
03-30-2025 23:55:19,58.9932876916415,308.493175604545,18.14
03-31-2025 00:00:19,58.6986891054724,307.333060764838,18.13
03-31-2025 00:05:19,58.9951738871698,308.044822997016,18.12
03-31-2025 00:10:19,59.1931172994723,310.529518262674,18.11
03-31-2025 00:15:19,59.3951349466805,309.902494216536,18.11
03-31-2025 00:20:19,58.50964892939,308.151951405312,18.1
03-31-2025 00:25:19,58.0182352196473,310.833465997253,18.09
03-31-2025 00:30:19,58.0152833237707,312.095587414091,18.07
03-31-2025 00:35:19,57.4255747778299,311.625656618427,18.06
03-31-2025 00:40:19,57.7180545767596,312.099998917451,18.04
03-31-2025 00:45:19,56.8332122099525,312.910016800409,18.03
03-31-2025 00:50:19,58.8029046922316,313.818421242726,18.02
03-31-2025 00:55:19,57.9141451259455,315.276664798339,18
03-31-2025 01:00:19,57.7382232119606,314.419478163146,18.04
03-31-2025 01:05:19,58.6252230457967,316.607734962117,18.03
03-31-2025 01:10:19,58.720625595449,318.558007529705,18.01
03-31-2025 01:15:19,58.9144059169842,319.917335757127,17.99
03-31-2025 01:20:19,59.8952345082065,320.095672036307,17.97
03-31-2025 01:25:19,58.121323843556,321.651265841129,17.95
03-31-2025 01:30:19,57.6266210851162,321.042610850204,17.93
03-31-2025 01:35:19,60.2790026772288,323.286146262097,17.91
03-31-2025 01:40:19,58.3052348219539,323.619679457128,17.88
03-31-2025 01:45:19,58.7938141536795,324.387582463119,17.86
03-31-2025 01:50:19,59.0897312045647,323.623925311896,17.85
03-31-2025 01:55:19,58.0999110003511,325.235054305894,17.82
03-31-2025 02:00:19,58.3917920857877,323.939263546724,17.8
03-31-2025 02:05:19,58.7777907732138,325.058729721812,17.77
03-31-2025 02:10:19,57.6944248090379,325.531581490875,17.75
03-31-2025 02:15:19,58.6736288811365,325.513376387724,17.73
03-31-2025 02:20:19,59.8488978689608,325.888017426971,17.71
03-31-2025 02:25:19,59.4530795605516,325.673618457334,17.69
03-31-2025 02:30:19,58.5666189621641,326.735392934609,17.67
03-31-2025 02:35:19,57.8727653026404,327.068619407271,17.64
03-31-2025 02:40:19,58.4586478509535,327.050683714715,17.62
03-31-2025 02:45:19,58.7460265366803,326.991546739618,17.59
03-31-2025 02:50:19,59.1353945163628,326.679602288954,17.57
03-31-2025 02:55:19,58.8382152280445,327.544589290966,17.55
03-31-2025 03:00:19,58.345042930217,327.625035738568,17.53
03-31-2025 03:05:19,58.1461214180848,328.391766350898,17.51
03-31-2025 03:10:19,59.7115307167367,327.884162568277,17.49
03-31-2025 03:15:19,58.6264656697765,328.511455368494,17.46
03-31-2025 03:20:19,59.0114426697776,329.040591387993,17.43
03-31-2025 03:25:19,57.9270683781565,329.07986082964,17.4
03-31-2025 03:30:19,58.3160164796607,328.6709288483,17.38
03-31-2025 03:35:19,58.0154949747782,329.004201902022,17.35
03-31-2025 03:40:19,58.0127213901855,328.10619213867,17.33
03-31-2025 03:45:19,57.8142023659957,329.361821273515,17.31
03-31-2025 03:50:19,58.8798920412197,329.164497164597,17.27
03-31-2025 03:55:19,58.7791684161983,328.952138304835,17.25
03-31-2025 04:00:19,58.674481727978,328.698703187495,17.22
03-31-2025 04:05:19,59.7514059491276,329.408100457231,17.21
03-31-2025 04:10:19,58.571007646186,329.448170105987,17.18
03-31-2025 04:15:19,57.7821801626633,330.07484061076,17.15
03-31-2025 04:20:19,57.7794835430276,330.351725156448,17.13
03-31-2025 04:25:19,58.1637226978684,329.707876394427,17.1
03-31-2025 04:30:19,57.6724868867401,328.714841117361,17.08
03-31-2025 04:35:19,58.0566096790284,329.927666118391,17.05
03-31-2025 04:40:19,59.1281422673225,329.032849902025,17.03
03-31-2025 04:45:19,58.2464629812253,328.919566054106,17.01
03-31-2025 04:50:19,57.9508370376066,328.611159822016,16.99
03-31-2025 04:55:19,58.4362137505971,329.376694460164,16.97
03-31-2025 05:00:19,59.6981579742074,328.344266568881,16.94
03-31-2025 05:05:19,56.8655368362618,329.207319876577,16.92
03-31-2025 05:10:19,59.0093392676637,329.094606882064,16.9
03-31-2025 05:15:19,59.006502996511,328.591852473613,16.88
03-31-2025 05:20:19,58.6175338331969,328.227885117455,16.87
03-31-2025 05:25:19,56.859390629203,327.335494901556,16.85
03-31-2025 05:30:19,59.6845692654486,330.343709556027,16.83
03-31-2025 05:35:19,59.1941936360391,328.769033614583,16.81
03-31-2025 05:40:19,58.1230607303451,326.943383708294,16.8
03-31-2025 05:45:19,58.7012160855003,328.545253731483,16.77
03-31-2025 05:50:19,58.7024380320807,328.766874358316,16.76
03-31-2025 05:55:19,58.6022499678598,327.875760974384,16.74
03-31-2025 06:00:19,59.0866254803797,329.517980834982,16.72
03-31-2025 06:05:19,58.499387185166,328.042792240119,16.7
03-31-2025 06:10:19,58.2084444470883,328.264700874163,16.69
03-31-2025 06:15:19,57.8162568301888,330.977720091265,16.67
03-31-2025 06:20:19,56.9373582052043,330.671586877656,16.65
03-31-2025 06:25:19,58.7846076448334,329.781534776774,16.63
03-31-2025 06:30:19,58.0070937673785,331.463726965966,16.62
03-31-2025 06:35:19,57.6151701575994,330.963271523236,16.6
03-31-2025 06:40:19,59.266971877813,331.728157172811,16.58
03-31-2025 06:45:19,57.9019930491013,331.325315208039,16.56
03-31-2025 06:50:19,59.1681074723221,331.25558980866,16.55
03-31-2025 06:55:19,58.0953017706945,332.312250385905,16.53
03-31-2025 07:00:19,59.7501836393434,331.659036693666,16.52
03-31-2025 07:05:19,59.362334081233,329.644364233056,16.51
03-31-2025 07:10:19,58.8772957889318,329.964170867175,16.5
03-31-2025 07:15:19,58.4895825531914,330.284016098708,16.49
03-31-2025 07:20:19,57.5146384188868,331.049117333926,16.47
03-31-2025 07:25:19,57.8115792273394,330.340441228605,16.47
03-31-2025 07:30:19,57.5174067852106,330.425097476669,16.45
03-31-2025 07:35:19,57.6160031660452,330.356312501821,16.44
03-31-2025 07:40:19,58.1033863010717,329.704429045977,16.43
03-31-2025 07:45:19,57.0356234489166,330.413425591418,16.42
03-31-2025 07:50:19,57.7212313697869,330.580172965595,16.42
03-31-2025 07:55:19,58.2085398173966,330.317373118648,16.41
03-31-2025 08:00:19,57.8211839389343,330.929294756421,16.4
03-31-2025 08:05:19,59.1829378666134,330.763855741019,16.39
03-31-2025 08:10:19,57.2448279712039,329.862030956639,16.39
03-31-2025 08:15:19,57.6349110585902,329.988345705544,16.38
03-31-2025 08:20:19,58.0288367614894,330.835661495788,16.38
03-31-2025 08:25:19,58.5159883008307,330.767754485688,16.37
03-31-2025 08:30:19,58.0316034810872,329.437044595888,16.36
03-31-2025 08:35:19,58.0368908160385,330.67305781319,16.36
03-31-2025 08:40:19,58.5239753700665,330.216880690528,16.35
03-31-2025 08:45:19,58.5292680061238,330.190154977956,16.35
03-31-2025 08:50:19,59.1134134464394,328.374388334151,16.34
03-31-2025 08:55:19,55.8162534418615,328.930612877994,16.34
03-31-2025 09:00:19,57.9545483333462,328.474988841449,16.33
03-31-2025 09:05:19,57.8627280686892,328.545713752237,16.33
03-31-2025 09:10:19,58.6450219809209,328.033775618775,16.33
03-31-2025 09:15:19,57.9665763628197,328.452556683411,16.32
03-31-2025 09:20:19,59.2343941372053,327.940820167447,16.32
03-31-2025 09:25:19,57.6858537198927,328.788784100358,16.32
03-31-2025 09:30:19,57.6911702109268,327.597392293221,16.32
03-31-2025 09:35:19,58.9550308034013,328.502055843009,16.31
03-31-2025 09:40:19,57.0181869857204,328.184893444978,16.31
03-31-2025 09:45:19,58.5772439162703,327.57648417878,16.31
03-31-2025 09:50:19,58.8778533739385,327.688399353343,16.32
03-31-2025 09:55:19,57.4226013874228,327.330982371215,16.31
03-31-2025 10:00:19,58.1115883831928,324.043966860983,16.32
03-31-2025 10:05:19,57.2390522656978,325.240735127546,16.31
03-31-2025 10:10:19,56.9530651196826,325.992231654755,16.31
03-31-2025 10:15:19,58.9976793560057,326.64669787478,16.31
03-31-2025 10:20:19,56.5753153402934,327.20413378762,16.31
03-31-2025 10:25:19,58.3286100362493,327.761647673767,16.31
03-31-2025 10:30:19,57.3590403771377,328.084548423028,16.3
03-31-2025 10:35:19,57.4653347577227,329.362450768435,16.31
03-31-2025 10:40:19,58.6359877223913,330.017306854992,16.31
03-31-2025 10:45:19,58.9326688131934,330.769349195346,16.31
03-31-2025 10:50:19,58.2621739982395,330.396803248931,16.32
03-31-2025 10:55:19,57.8790719842259,331.34328659247,16.32
03-31-2025 11:00:19,56.8199520663906,330.485277841725,16.33
03-31-2025 11:05:19,58.4803391664761,331.375561272718,16.34
03-31-2025 11:10:19,58.0971842048357,331.156842168367,16.34
03-31-2025 11:15:19,58.2035859443073,332.14452563206,16.35
03-31-2025 11:20:19,58.4032382077762,333.383020583736,16.35
03-31-2025 11:25:19,57.7325055557621,332.622460615166,16.36
03-31-2025 11:30:19,58.3207637332439,334.24978828031,16.36
03-31-2025 11:35:19,57.1642062528222,338.347073536475,16.37
03-31-2025 11:40:19,54.9751362655588,413.261008338087,16.48
03-31-2025 11:45:19,55.2949094744535,464.301057086057,16.73
03-31-2025 11:50:19,55.6146853339013,492.635606091321,16.95
03-31-2025 11:55:19,55.934463843902,509.037458877849,17.08
03-31-2025 12:00:19,56.2542450044557,519.186452797859,17.17
03-31-2025 12:05:19,56.5740288155624,522.780542654921,17.24
03-31-2025 12:10:19,56.893815277222,517.516196603425,17.23
03-31-2025 12:15:19,57.2136043894347,513.039740843786,17.15
03-31-2025 12:20:19,58.5165698468333,487.327353800397,16.97
03-31-2025 12:25:19,58.0691060452319,452.626006673102,16.81
03-31-2025 12:30:19,58.1135167047762,419.617697741707,16.66
03-31-2025 12:35:19,59.640807210986,403.402264736926,16.57
03-31-2025 12:40:19,59.9220110572948,396.189940699492,16.53
03-31-2025 12:45:19,57.8730229985411,397.391193967815,16.5
03-31-2025 12:50:19,56.8351769908601,411.603868644018,16.57
03-31-2025 12:55:19,58.6392949156453,430.26085893094,16.69
03-31-2025 13:00:19,57.428456113205,411.27128261031,16.82
03-31-2025 13:05:19,57.0264325132662,478.938228536708,17.03
03-31-2025 13:10:19,59.7694991964861,634.834190100182,17.28
03-31-2025 13:15:19,61.0402659379646,732.889447104009,17.5
03-31-2025 13:20:19,60.7154485117773,740.336615900841,17.65
03-31-2025 13:25:19,63.1873281779168,723.354973924269,17.68
03-31-2025 13:30:19,62.1002771383873,738.916031385869,17.65
03-31-2025 13:35:19,60.3392242810786,780.699976344741,17.65
03-31-2025 13:40:19,60.3528667125256,813.711651088204,17.67
03-31-2025 13:45:19,56.9343930548645,838.274164387664,17.7
03-31-2025 13:50:19,58.3261461684682,858.13474807683,17.73
03-31-2025 13:55:19,56.2882602534823,871.198388801504,17.78
03-31-2025 14:00:19,55.5263827264678,873.953119106762,17.83
03-31-2025 14:05:19,55.452124586749,870.319387363251,17.88
03-31-2025 14:10:19,53.414219145894,855.749430473222,17.94
03-31-2025 14:15:19,53.8310727815576,849.448423606003,17.99
03-31-2025 14:20:19,54.9447088205048,842.321226954793,18.06
03-31-2025 14:25:19,54.6767368959138,833.036383476845,18.12
03-31-2025 14:30:19,54.1128490917525,829.064520482843,18.18
03-31-2025 14:35:19,56.0096439867459,813.867657842322,18.23
03-31-2025 14:40:19,56.5271134503936,812.56568256666,18.28
03-31-2025 14:45:19,56.1531823436821,811.084733299195,18.32
03-31-2025 14:50:19,56.2686926860926,805.576258971729,18.35
03-31-2025 14:55:19,56.775267382311,802.355613565052,18.37
03-31-2025 15:00:19,57.3845992157184,800.298331832371,18.4
03-31-2025 15:05:19,57.6979758357436,797.548865904053,18.43
03-31-2025 15:10:19,58.5053647302444,791.044772423629,18.46
03-31-2025 15:15:19,57.8311983716316,789.082229609559,18.49
03-31-2025 15:20:19,57.3504719661753,790.993818730966,18.51
03-31-2025 15:25:19,58.7552955779107,784.561389948139,18.55
03-31-2025 15:30:19,58.0649652170938,781.793471702476,18.54
03-31-2025 15:35:19,57.580192280476,781.156563803155,18.55
03-31-2025 15:40:19,58.0877917216113,779.509100044616,18.57
03-31-2025 15:45:19,59.3784760251003,774.544245891455,18.57
03-31-2025 15:50:19,58.5931207144806,772.545244375403,18.57
03-31-2025 15:55:19,58.2071484498974,767.85416634731,18.58
03-31-2025 16:00:19,59.7159974902109,765.838391638465,18.63
03-31-2025 16:05:19,59.7133933645405,767.840853148862,18.61
03-31-2025 16:10:19,59.4303324113115,760.355348469876,18.63
03-31-2025 16:15:19,60.3424794319778,765.681064393483,18.67
03-31-2025 16:20:19,60.7396187032922,763.506350607739,18.66
03-31-2025 16:25:19,60.5514259305123,760.889255163092,18.67
03-31-2025 16:30:19,60.6517641389837,758.319371513395,18.66
03-31-2025 16:35:19,60.6614449436468,757.581829140105,18.67
03-31-2025 16:40:19,61.058571120513,753.429494878452,18.66
03-31-2025 16:45:19,61.4556374277656,752.047738129846,18.65
03-31-2025 16:50:19,61.0613287224972,750.666292385336,18.64
03-31-2025 16:55:19,62.7527293420071,747.455498986943,18.65
03-31-2025 17:00:19,63.3561697210848,748.003605592151,18.66
03-31-2025 17:05:19,62.6520349728917,746.103470523682,18.62
03-31-2025 17:10:19,61.866406468506,746.280657450981,18.62
03-31-2025 17:15:19,62.3579233954697,746.408578489895,18.6
03-31-2025 17:20:19,62.1742309213428,745.844076379204,18.62
03-31-2025 17:25:19,62.0809006091237,744.340220928046,18.62
03-31-2025 17:30:19,62.1811160562527,743.355976283802,18.61
03-31-2025 17:35:19,63.5711596357654,743.236873045441,18.61
03-31-2025 17:40:19,62.2826346590716,745.244352095504,18.59
03-31-2025 17:45:19,62.5805547286259,741.492265261891,18.58
03-31-2025 17:50:19,62.2725021204486,740.288245653159,18.54
03-31-2025 17:55:19,63.4554107187435,734.686270241684,18.52
03-31-2025 18:00:19,62.270905526382,744.178205277629,18.51
03-31-2025 18:05:19,63.2602802807584,743.689515457895,18.5
03-31-2025 18:10:19,63.4547843312355,740.558786671558,18.48
03-31-2025 18:15:19,63.945548226347,739.108291394319,18.46
03-31-2025 18:20:19,64.3374033747892,742.596198357082,18.44
03-31-2025 18:25:19,64.4329150802988,741.146047218464,18.42
03-31-2025 18:30:19,62.6440644784901,742.313627445894,18.38
03-31-2025 18:35:19,62.7398100380913,739.976189289291,18.36
03-31-2025 18:40:19,63.4232607669362,740.230550460829,18.33
03-31-2025 18:45:19,63.2228899006097,742.334040862784,18.31
03-31-2025 18:50:19,64.3947066478787,738.076432445463,18.27
03-31-2025 18:55:19,65.4761830262823,736.728221204262,18.25
03-31-2025 19:00:19,65.0605958155482,735.089109445837,18.19
03-31-2025 19:05:19,65.2588619444774,731.154261087049,18.18
03-31-2025 19:10:19,62.9806023661011,731.831163754941,18.14
03-31-2025 19:15:19,64.0524527185584,723.939147567244,18.1
03-31-2025 19:20:19,63.4541591175448,722.425352404822,18.07
03-31-2025 19:25:19,63.3483705774071,727.114298321277,18.04
03-31-2025 19:30:19,63.4308325543078,718.174962450723,17.99
03-31-2025 19:35:19,62.7348460220641,724.23951325643,17.96
03-31-2025 19:40:19,62.535228409551,725.750407698789,17.94
03-31-2025 19:45:19,63.9005551819804,727.411949008101,17.9
03-31-2025 19:50:19,62.6151089849058,727.473401713368,17.87
03-31-2025 19:55:19,63.1977280124775,733.432146237904,17.84
03-31-2025 20:00:19,64.6644454318746,735.261110881571,17.81
03-31-2025 20:05:19,63.5805536553854,737.947983887028,17.79
03-31-2025 20:10:19,63.3767938680744,744.391923906714,17.76
03-31-2025 20:15:19,62.1995474048485,743.81056846834,17.75
03-31-2025 20:20:19,62.3762911333423,748.655976756307,17.69
03-31-2025 20:25:19,61.4942725726068,752.197630812389,17.68
03-31-2025 20:30:19,62.1828675801953,749.162470313262,17.67
03-31-2025 20:35:19,61.6811005922045,753.856075079274,17.63
03-31-2025 20:40:19,62.1689830273188,755.261524922725,17.61
03-31-2025 20:45:19,60.7929629869738,757.549463643917,17.59
03-31-2025 20:50:19,61.7753928013489,758.047478324023,17.58
03-31-2025 20:55:19,62.2672871204606,753.053209544277,17.57
03-31-2025 21:00:19,61.770083333512,753.404147876354,17.54
03-31-2025 21:05:19,61.8696477278263,756.353720828029,17.53
03-31-2025 21:10:19,60.3965370921454,756.581911783536,17.51
03-31-2025 21:15:19,60.5860760778082,757.716232557217,17.48
03-31-2025 21:20:19,61.7595278449876,758.434289096424,17.46
03-31-2025 21:25:19,60.6832423659235,756.874740540963,17.45
03-31-2025 21:30:19,60.8767273972758,758.082802022925,17.43
03-31-2025 21:35:19,61.0742597864493,757.699364456439,17.42
03-31-2025 21:40:19,61.3655904984506,753.814074812531,17.4
03-31-2025 21:45:19,60.2858214277196,757.470684204609,17.38
03-31-2025 21:50:19,60.7689445066222,757.723239949357,17.35
03-31-2025 21:55:19,60.5788434772602,757.903878975731,17.35
03-31-2025 22:00:19,61.7511255432807,756.859947222918,17.33
03-31-2025 22:05:19,60.7697852299432,757.871830597046,17.31
03-31-2025 22:10:19,60.767357717848,757.219881291816,17.29
03-31-2025 22:15:19,60.5692466681019,758.622974070958,17.27
03-31-2025 22:20:19,61.6512595316121,760.858673112101,17.27
03-31-2025 22:25:19,62.4313375246873,761.282875780143,17.25
03-31-2025 22:30:19,61.6502966384318,762.465916510677,17.24
03-31-2025 22:35:19,59.6916370676155,763.378995777074,17.22
03-31-2025 22:40:19,59.595591228913,765.05077002188,17.21
03-31-2025 22:45:19,60.6730480617614,764.082032644468,17.2
03-31-2025 22:50:19,59.6889417921766,766.289297563619,17.17
03-31-2025 22:55:19,61.4462574466015,767.592687043355,17.15
03-31-2025 23:00:19,59.2975168121565,768.383893727809,17.14
03-31-2025 23:05:19,60.46811511553,771.348233299446,17.12
03-31-2025 23:10:19,61.153874315214,768.425750521559,17.11
03-31-2025 23:15:19,59.8892561444569,771.050474900508,17.11
03-31-2025 23:20:19,61.7434348568369,773.232342098475,17.09
03-31-2025 23:25:19,62.3270619322577,773.655203801565,17.07
03-31-2025 23:30:19,59.3044303794792,772.17637637219,17.07
03-31-2025 23:35:19,59.6930085606213,776.311172501889,17.05
03-31-2025 23:40:19,61.3510397605581,777.222012430926,17.03
03-31-2025 23:45:19,59.8919198252947,776.818164086693,17.03
03-31-2025 23:50:19,61.3584798995164,777.999427210475,17.02
03-31-2025 23:55:19,59.9891457326419,780.472259211765,17
