t_wql,trp,cdom,temp
12-01-2024 00:03:30,99.7505098188221,4537.36892297356,13.65
12-01-2024 00:13:30,98.3183821353599,4518.43877488204,13.64
12-01-2024 00:23:30,99.1706365462322,4518.97041361088,13.66
12-01-2024 00:33:30,100.022910022654,4551.24952550748,13.71
12-01-2024 00:43:30,99.7521796019832,4579.34531785194,13.71
12-01-2024 00:53:30,100.828603440648,4589.33630581042,13.7
12-01-2024 01:03:30,100.401582099936,4575.11602337417,13.68
12-01-2024 01:13:30,99.9745798247736,4560.8967351251,13.64
12-01-2024 01:23:30,99.6267934280652,4565.59591795026,13.69
12-01-2024 01:33:30,99.8309438200857,4579.37394081502,13.67
12-01-2024 01:43:30,96.7439959329333,4574.00384775341,13.62
12-01-2024 01:53:30,99.5716287395311,4568.63474887897,13.65
12-01-2024 02:03:30,96.9784461292477,4567.1728004018,13.63
12-01-2024 02:13:30,100.261567144656,4565.7118461118,13.59
12-01-2024 02:23:30,100.292159793958,4583.49656937097,13.62
12-01-2024 02:33:30,102.216375607464,4572.55615254317,13.56
12-01-2024 02:43:30,99.4352874896606,4572.94818759451,13.55
12-01-2024 02:53:30,100.707748301907,4565.18851756276,13.55
12-01-2024 03:03:30,99.5736099546284,4570.09326388007,13.56
12-01-2024 03:13:30,100.653332037653,4591.61331246509,13.56
12-01-2024 03:23:30,98.8214502294736,4583.33732457044,13.51
12-01-2024 03:33:30,101.447188325953,4575.06233086298,13.52
12-01-2024 03:43:30,100.787607863666,4591.61450403184,13.51
12-01-2024 03:53:30,100.112712189812,4572.16387165424,13.46
12-01-2024 04:03:30,98.6787864779743,4513.42303074198,13.44
12-01-2024 04:13:30,100.829532061225,4572.08019405447,13.47
12-01-2024 04:23:30,99.6769336840068,4565.39199176745,13.43
12-01-2024 04:33:30,98.728846137258,4508.91675494136,13.42
12-01-2024 04:43:30,99.7076912590959,4541.93956482102,13.42
12-01-2024 04:53:30,100.686555446484,4574.96336888785,13.4
12-01-2024 05:03:30,99.5535918714397,4567.72166023179,13.41
12-01-2024 05:13:30,99.7617506004999,4571.07337993561,13.4
12-01-2024 05:23:30,99.9699074360254,4569.29915295315,13.39
12-01-2024 05:33:30,99.6964276902445,4570.3741592855,13.38
12-01-2024 05:43:30,100.386215440427,4572.87392459158,13.37
12-01-2024 05:53:30,100.00880746044,4567.55084868536,13.34
12-01-2024 06:03:30,99.5504741213157,4568.00531332708,13.35
12-01-2024 06:13:30,98.8844091597296,4506.04026720145,13.32
12-01-2024 06:23:30,99.4892030135453,4572.74725992501,13.34
12-01-2024 06:33:30,99.585943173774,4574.69457501997,13.29
12-01-2024 06:43:30,99.3090031468718,4577.17832310988,13.27
12-01-2024 06:53:30,100.976676520749,4572.08247833096,13.3
12-01-2024 07:03:30,101.361833090259,4589.77595343741,13.25
12-01-2024 07:13:30,99.0561087804352,4502.38885346312,13.21
12-01-2024 07:23:30,99.0718858909976,4503.00603738221,13.2
12-01-2024 07:33:30,101.035432374323,4584.08522403321,13.25
12-01-2024 07:43:30,100.951018408661,4593.96955859944,13.23
12-01-2024 07:53:30,100.266255906802,4581.73308554444,13.15
12-01-2024 08:03:30,100.678434304097,4579.70897125548,13.17
12-01-2024 08:13:30,101.090631766941,4577.68585115371,13.19
12-01-2024 08:23:30,100.132762869791,4578.90613703078,13.15
12-01-2024 08:33:30,99.9714520396121,4583.01828797533,13.18
12-01-2024 08:43:30,99.7949106036845,4581.5526558773,13.17
12-01-2024 08:53:30,99.8994364481839,4579.95314306282,13.14
12-01-2024 09:03:30,99.7495197050308,4577.68295502079,13.2
12-01-2024 09:13:30,99.6654682961829,4579.61292103547,13.18
12-01-2024 09:23:30,98.9342021653097,4563.57425776145,13.23
12-01-2024 09:33:30,99.2314503963278,4500.36383596143,13.2
12-01-2024 09:43:30,99.5588404170805,4581.59353693462,13.25
12-01-2024 09:53:30,100.341087930475,4570.72713936238,13.23
12-01-2024 10:03:30,100.21037495879,4564.18405195953,13.34
12-01-2024 10:13:30,95.4220592678214,4560.61387380951,13.36
12-01-2024 10:23:30,98.750282370232,4557.04468984667,13.45
12-01-2024 10:33:30,99.3483739125235,4555.38265256189,13.45
12-01-2024 10:43:30,101.226302008159,4553.72160946428,13.52
12-01-2024 10:53:30,100.227775361605,4557.32662390359,13.63
12-01-2024 11:03:30,99.7692235823077,4552.48124145632,13.64
12-01-2024 11:13:30,99.5073547396382,4501.65637610036,13.66
12-01-2024 11:23:30,99.5424561380956,4526.39501177173,13.7
12-01-2024 11:33:30,99.5851395563474,4551.13464163028,13.76
12-01-2024 11:43:30,99.0334890899636,4549.54119228908,13.78
12-01-2024 11:53:30,99.2691843243843,4545.72901379155,13.84
12-01-2024 12:03:30,99.6944697224716,4493.62737454751,13.89
12-01-2024 12:13:30,99.4511503186386,4541.1462635791,13.96
12-01-2024 12:23:30,99.1813516071022,4541.90292412493,13.96
12-01-2024 12:33:30,99.8969181987231,4541.59699846637,14.01
12-01-2024 12:43:30,99.0583278218078,4543.64440823172,14.04
12-01-2024 12:53:30,100.524886992895,4548.87178573092,14.03
12-01-2024 13:03:30,99.8133288569628,4545.70913703414,14.14
12-01-2024 13:13:30,95.8852562415361,4339.46204199567,14.19
12-01-2024 13:23:30,98.2166721608275,4540.48553944986,14.16
12-01-2024 13:33:30,98.2332225364895,4533.88051059477,14.15
12-01-2024 13:43:30,99.6267258499272,4530.70898118159,14.2
12-01-2024 13:53:30,97.4213668810802,4530.42377388368,14.2
12-01-2024 14:03:30,100.092379174281,4526.17623991107,14.3
12-01-2024 14:13:30,101.096340394236,4527.47982344641,14.34
12-01-2024 14:23:30,95.7796538388281,4432.49955761646,14.31
12-01-2024 14:33:30,99.9930094535443,4499.32227502777,14.26
12-01-2024 14:43:30,99.3061551772554,4508.9977753691,14.31
12-01-2024 14:53:30,100.310053928048,4506.37791343254,14.35
12-01-2024 15:03:30,99.3619923182579,4502.84671340734,14.35
12-01-2024 15:13:30,98.6916221474079,4290.25737668793,14.33
12-01-2024 15:23:30,98.0212710421079,4493.79413215795,14.28
12-01-2024 15:33:30,98.8460006563207,4497.81788994706,14.36
12-01-2024 15:43:30,98.5796431368801,4513.81516243128,14.37
12-01-2024 15:53:30,98.8907355239752,4520.5232516715,14.37
12-01-2024 16:03:30,100.128733933494,4499.07752494582,14.26
12-01-2024 16:13:30,98.1348790911273,4491.11918810374,14.31
12-01-2024 16:23:30,97.409926967083,4484.14270216373,14.39
12-01-2024 16:33:30,97.9823903123171,4484.74561410026,14.31
12-01-2024 16:43:30,98.0048345659652,4480.32216999899,14.35
12-01-2024 16:53:30,98.0272978851634,4475.8997200849,14.32
12-01-2024 17:03:30,97.7428503190793,4476.07247266776,14.28
12-01-2024 17:13:30,96.8886244256413,4477.23077877237,14.27
12-01-2024 17:23:30,97.2929096189259,4482.30851011263,14.26
12-01-2024 17:33:30,98.1136752717752,4536.1410724158,14.33
12-01-2024 17:43:30,97.7397598533603,4512.807961811,14.31
12-01-2024 17:53:30,97.820845508598,4472.10940067739,14.21
12-01-2024 18:03:30,99.501698992808,4492.62194554262,14.25
12-01-2024 18:13:30,98.3499278084801,4518.79670695021,14.22
12-01-2024 18:23:30,96.9154666548646,4500.94725766102,14.21
12-01-2024 18:33:30,97.4806938760151,4462.58730834872,14.11
12-01-2024 18:43:30,97.6127603737565,4514.59703927486,14.15
12-01-2024 18:53:30,100.617389931759,4527.27786142196,14.11
12-01-2024 19:03:30,99.1837751178256,4519.85238201888,14.1
12-01-2024 19:13:30,97.5569255946779,4524.45557914551,14.09
12-01-2024 19:23:30,97.4558406649711,4470.40956581834,14.02
12-01-2024 19:33:30,99.1983008368246,4475.74525751069,13.97
12-01-2024 19:43:30,98.8326815636562,4477.21317950328,13.97
12-01-2024 19:53:30,100.392405864147,4488.00860561967,13.95
12-01-2024 20:03:30,100.409627761743,4487.51457794727,13.94
12-01-2024 20:13:30,99.1559905142806,4492.51255649143,13.89
12-01-2024 20:23:30,99.2810286097312,4496.38620516702,13.91
12-01-2024 20:33:30,100.43503958949,4499.21047374954,13.84
12-01-2024 20:43:30,97.3693525642987,4502.03573651924,13.85
12-01-2024 20:53:30,100.413859589044,4488.1262977573,13.8
12-01-2024 21:03:30,99.4100574461728,4502.99922145624,13.77
12-01-2024 21:13:30,100.377759084295,4488.57759371691,13.72
12-01-2024 21:23:30,99.4338137032557,4488.19823420326,13.72
12-01-2024 21:33:30,100.412557409066,4489.27745403121,13.7
12-01-2024 21:43:30,100.414972544462,4490.25356567233,13.65
12-01-2024 21:53:30,97.3455068987654,4491.23067150064,13.64
12-01-2024 22:03:30,98.2167838095783,4485.24999663,13.59
12-01-2024 22:13:30,98.512773563705,4483.65573414225,13.55
12-01-2024 22:23:30,98.6304504514947,4476.01238401083,13.55
12-01-2024 22:33:30,98.2588074900895,4474.24870387234,13.53
12-01-2024 22:43:30,97.9764531591981,4469.81239783662,13.49
12-01-2024 22:53:30,97.3266384296132,4481.09032565908,13.5
12-01-2024 23:03:30,97.6871462476147,4479.15878202528,13.46
12-01-2024 23:13:30,98.0476731311663,4477.22823257866,13.51
12-01-2024 23:33:30,96.9980413175776,4474.13367623452,13.48
12-01-2024 23:43:30,99.6180132781407,4466.02054493086,13.47
12-01-2024 23:53:30,100.021212386167,4473.96254795235,13.46
12-02-2024 00:03:30,99.3589635544673,4470.26062364472,13.4
12-02-2024 00:13:30,98.6967337883176,4466.55969352426,13.41
12-02-2024 00:23:30,97.6584297912715,4489.22553648131,13.41
12-02-2024 00:33:30,99.0156817178509,4486.72875175002,13.37
12-02-2024 00:43:30,100.37295270998,4484.2329612059,13.34
12-02-2024 00:53:30,97.0308578173195,4471.64741936113,13.36
12-02-2024 01:03:30,98.2045965231832,4484.24082986715,13.35
12-02-2024 01:13:30,98.5932969473661,4481.24246592404,13.3
12-02-2024 01:23:30,98.3080103242185,4475.97200823102,13.25
12-02-2024 01:33:30,100.362165547853,4484.84071524751,13.28
12-02-2024 01:43:30,98.7543877021325,4492.66290962998,13.3
12-02-2024 01:53:30,99.4280457316921,4498.100388963,13.24
12-02-2024 02:03:30,100.219722484807,4486.13594855843,13.24
12-02-2024 02:13:30,100.419052195959,4491.11760156008,13.2
12-02-2024 02:23:30,98.4199022613935,4500.77298173593,13.2
12-02-2024 02:33:30,100.27370660878,4505.03403985475,13.21
12-02-2024 02:43:30,98.8555221473434,4521.81184962819,13.22
12-02-2024 02:53:30,100.024802485659,4546.61910859856,13.2
12-02-2024 03:03:30,99.9503454296635,4532.5789975288,13.2
12-02-2024 03:13:30,100.545811014299,4540.71194866287,13.19
12-02-2024 03:23:30,100.66756599169,4555.3134173307,13.2
12-02-2024 03:33:30,100.878130383114,4536.62100142085,13.19
12-02-2024 03:43:30,100.452152827797,4417.08011843883,13.15
12-02-2024 03:53:30,101.010609110603,4538.86453681632,13.17
12-02-2024 04:03:30,101.417356604946,4551.18156732912,13.17
12-02-2024 04:13:30,100.861974849291,4557.24436808782,13.17
12-02-2024 04:23:30,102.500495946293,4552.63778931924,13.12
12-02-2024 04:33:30,101.471875765643,4578.24295886889,13.14
12-02-2024 04:43:30,102.921495844493,4562.5619313675,13.1
12-02-2024 04:53:30,100.835002034447,4549.03898659381,13.12
12-02-2024 05:03:30,101.892443433497,4570.85302513541,13.06
12-02-2024 05:13:30,101.444917775568,4597.88796047521,13.09
12-02-2024 05:23:30,101.355830036003,4567.44074985079,13.05
12-02-2024 05:33:30,101.385367085284,4602.51048969095,13.07
12-02-2024 05:43:30,101.586612810701,4596.69334159437,13.02
12-02-2024 05:53:30,101.787877601667,4590.87718768498,13
12-02-2024 06:03:30,100.641732255624,4593.57710646392,12.96
12-02-2024 06:13:30,103.347070912396,4585.32953694801,12.94
12-02-2024 06:23:30,100.575177123269,4410.59811386972,12.92
12-02-2024 06:33:30,101.853922596767,4603.80252317942,12.94
12-02-2024 06:43:30,101.461890198447,4613.06429396183,12.86
12-02-2024 06:53:30,101.868301748176,4612.51203605264,12.86
12-02-2024 07:03:30,101.779501321383,4611.24096620794,12.82
12-02-2024 07:13:30,101.413914263149,4623.0583373231,12.81
12-02-2024 07:23:30,102.097067856742,4621.70803786078,12.78
12-02-2024 07:33:30,101.657986871347,4643.82856389842,12.83
12-02-2024 07:43:30,102.828903027075,4654.98580426457,12.82
12-02-2024 07:53:30,101.979473495376,4660.2645977269,12.8
12-02-2024 08:03:30,100.543207717269,4415.37207596927,12.75
12-02-2024 08:13:30,102.212460375523,4632.79271656278,12.79
12-02-2024 08:23:30,104.047505507017,4627.47953660048,12.76
12-02-2024 08:33:30,102.91981384523,4631.24494575491,12.76
12-02-2024 08:43:30,101.792141248994,4635.01134909653,12.77
12-02-2024 08:53:30,103.066409712265,4672.28521257939,12.78
12-02-2024 09:03:30,103.150202171259,4655.50145561362,12.77
12-02-2024 09:13:30,103.234013695804,4638.71869283503,12.85
12-02-2024 09:23:30,102.833718909066,4451.93114410529,12.87
12-02-2024 09:33:30,102.433443187879,4628.73755519899,12.9
12-02-2024 09:43:30,102.828910205467,4615.39214366099,12.87
12-02-2024 09:53:30,101.059581320586,4619.14385671704,12.96
12-02-2024 10:03:30,101.965760425834,4617.44812149634,13.01
12-02-2024 10:13:30,100.827454324284,4605.87447239812,12.99
12-02-2024 10:23:30,101.552585888304,4594.30181748709,13.07
12-02-2024 10:33:30,100.916790673915,4573.73290679636,13.11
12-02-2024 10:43:30,100.454877291369,4574.89573486424,13.1
12-02-2024 10:53:30,100.884290780209,4567.92584696523,13.16
12-02-2024 11:03:30,101.79147767531,4560.9569532534,13.21
12-02-2024 11:13:30,101.347795533371,4577.53271857802,13.25
12-02-2024 11:23:30,103.303284057202,4588.87947017891,13.27
12-02-2024 11:33:30,101.504344822788,4597.28965834577,13.29
12-02-2024 11:43:30,100.858604975119,4561.12621594509,13.22
12-02-2024 11:53:30,100.212884192999,4561.16130754066,13.32
12-02-2024 12:03:30,104.756011076014,4775.68492932838,13.34
12-02-2024 12:13:30,103.043266652771,4783.95803229679,13.28
12-02-2024 12:23:30,101.330521401273,4792.23154774746,13.33
12-02-2024 12:25:56,102.484035953716,4800.50547568041,13.58
12-02-2024 12:30:56,103.033099501227,4808.77981609564,15.05
12-02-2024 12:35:56,103.227054402441,4817.05456899313,15.56
12-02-2024 12:40:56,103.184143470099,4825.3297343729,15.57
12-02-2024 12:45:56,103.753500032877,4833.60531223494,17.19
12-02-2024 12:50:56,103.886301851526,4841.88130257925,17.53
12-02-2024 12:55:56,104.663777854174,4850.15770540583,19.52
12-02-2024 13:00:56,105.358513156984,4858.43452071469,21.26
12-02-2024 13:05:56,105.971420641189,4866.71174850582,22.89
12-02-2024 13:10:56,106.458712508499,4874.98938877922,24.19
12-02-2024 13:15:56,107.833334315918,4883.26744153489,27.43
12-02-2024 13:20:56,106.900797680138,4891.54590677284,25.36
12-02-2024 13:25:56,107.254040365111,4899.82478449306,26.19
12-02-2024 13:30:56,102.680428392798,4501.13863969619,14.82
12-02-2024 13:35:56,102.493019795997,4514.39956840048,14.31
12-02-2024 13:40:56,102.384130524691,4506.12976869881,14.01
12-02-2024 13:45:56,102.323483530121,4499.40662638099,13.84
12-02-2024 13:50:56,102.288711940192,4513.57371669455,13.74
12-02-2024 13:55:56,102.257657677251,4535.59333252771,13.65
12-02-2024 14:00:56,102.189439134189,4525.29474898619,13.59
12-02-2024 14:05:56,92.8756391211483,4535.7592113684,13.56
12-02-2024 14:10:56,102.119656294437,4545.85785909438,13.52
12-02-2024 14:15:56,93.7283522729678,4541.7565660645,13.5
12-02-2024 14:24:10,93.3575614267216,4535.8285696348,13.54
12-02-2024 14:34:10,94.6963726454115,4523.78750142894,13.5
12-02-2024 14:44:10,95.9448643759853,4525.29615725506,13.48
12-02-2024 14:54:10,95.9402722382567,4527.65945335906,13.46
12-02-2024 15:04:10,96.3211168144142,4526.50827363519,13.44
12-02-2024 15:14:10,96.5158857239951,4524.7473331692,13.44
12-02-2024 15:24:10,96.4215767551107,4525.45608356356,13.44
12-02-2024 15:34:10,96.7127030249213,4527.49485787455,13.44
12-02-2024 15:44:10,97.007208713092,4533.02849728758,13.45
12-02-2024 15:54:10,97.1090066123792,4533.24423149346,13.46
12-02-2024 16:04:10,97.4999399500805,4537.92522835242,13.47
12-02-2024 16:14:10,97.8909156376998,4540.61242161795,13.48
12-02-2024 16:24:10,97.0323008592738,4537.9610897962,13.5
12-02-2024 16:34:10,98.0016922950127,4545.9712668014,13.51
12-02-2024 16:44:10,98.1999757607383,4545.33540304001,13.52
12-02-2024 16:54:10,98.7908692683105,4544.56827737344,13.55
12-02-2024 17:04:10,98.1248728030301,4550.09424890194,13.57
12-02-2024 17:14:10,99.1051924487517,4552.82995959784,13.61
12-02-2024 17:24:10,98.246084619551,4557.980599509,13.63
12-02-2024 17:34:10,98.0655265239166,4562.92643661843,13.66
12-02-2024 17:44:10,99.4287932257144,4569.58803074896,13.69
12-02-2024 17:54:10,101.074819820396,4580.37659905749,13.7
12-02-2024 18:04:10,99.6364419211996,4584.77607282191,13.72
12-02-2024 18:14:10,101.286374237898,4589.93902860294,13.74
12-02-2024 18:24:10,99.5545799245865,4602.16289611482,13.75
12-02-2024 18:34:10,99.6566707817473,4611.72338789991,13.76
12-02-2024 18:44:10,101.399881065063,4623.85660815678,13.77
12-02-2024 18:54:10,100.822698733519,4631.3375192372,13.77
12-02-2024 19:04:10,102.658911349005,4639.77097338728,13.77
12-02-2024 19:14:10,101.212904881851,4647.53834860846,13.77
12-02-2024 19:24:10,100.635720065546,4659.97157619006,13.77
12-02-2024 19:34:10,101.120428562112,4670.40574202044,13.77
12-02-2024 19:44:10,101.31552873739,4675.50838904379,13.77
12-02-2024 19:54:10,103.148012137777,4682.0465835488,13.76
12-02-2024 20:04:10,101.891488080086,4689.72647340723,13.75
12-02-2024 20:14:10,102.762239977306,4696.06705968663,13.75
12-02-2024 20:24:10,102.18144401641,4699.46236688832,13.74
12-02-2024 20:34:10,102.951913129929,4703.7141257207,13.73
12-02-2024 20:44:10,103.625786981493,4707.01378555894,13.72
12-02-2024 20:54:10,104.785917688226,4709.07147824874,13.72
12-02-2024 21:04:10,102.850346182586,4712.08995228917,13.7
12-02-2024 21:14:10,104.878830927329,4712.14966125446,13.7
12-02-2024 21:24:10,102.654000623657,4710.79097048113,13.68
12-02-2024 21:34:10,104.003076042817,4715.80293565618,13.67
12-02-2024 21:44:10,103.225784978916,4716.91775534646,13.65
12-02-2024 21:54:10,103.031145057707,4715.46066142517,13.64
12-02-2024 22:04:10,104.858385948661,4717.5268113378,13.62
12-02-2024 22:14:10,102.445336167663,4718.35290663725,13.61
12-02-2024 22:24:10,104.654290652594,4719.75640467908,13.58
12-02-2024 22:34:10,104.363216390124,4718.68128309412,13.57
12-02-2024 22:44:10,103.200642970156,4719.3209987053,13.55
12-02-2024 22:54:10,103.098806322479,4719.86570784354,13.53
12-02-2024 23:04:10,105.025139545,4719.83719328059,13.52
12-02-2024 23:14:10,106.17620090424,4719.62207219127,13.5
12-02-2024 23:24:10,103.471789705939,4719.97725332293,13.48
12-02-2024 23:34:10,104.040783132556,4721.3802958876,13.45
12-02-2024 23:44:10,103.268154295823,4720.68797356563,13.44
12-02-2024 23:54:10,103.744459849808,4718.47965532428,13.42
12-03-2024 00:04:10,104.009171972708,4720.65364573516,13.35
12-03-2024 00:14:10,103.811055772131,4723.09680261049,13.33
12-03-2024 00:24:10,103.809311449844,4723.35474952412,13.32
12-03-2024 00:34:10,104.188954703182,4724.75386072018,13.3
12-03-2024 00:44:10,103.028137017881,4725.10935766219,13.28
12-03-2024 00:54:10,104.274147538855,4721.95584325371,13.26
12-03-2024 01:04:10,105.423629182759,4724.68279093526,13.24
12-03-2024 01:14:10,104.840508556685,4722.76332725688,13.22
12-03-2024 01:24:10,104.638647910566,4723.50123722253,13.19
12-03-2024 01:34:10,105.017923530481,4725.56369978743,13.17
12-03-2024 01:44:10,105.781931370572,4726.58338385558,13.15
12-03-2024 01:54:10,104.333318826473,4728.26621641262,13.13
12-03-2024 02:04:10,104.323997171707,4729.09777568078,13.1
12-03-2024 02:14:10,105.660939997354,4729.64498246105,13.07
12-03-2024 02:24:10,104.309132633702,4728.29686479053,13.05
12-03-2024 02:34:10,103.919026704853,4731.02040419013,13.03
12-03-2024 02:44:10,105.640014995243,4729.95828767093,13
12-03-2024 02:54:10,105.249869028584,4728.99004547216,12.98
12-03-2024 03:04:10,104.75991326043,4733.22767379381,12.95
12-03-2024 03:14:10,105.330842302779,4730.93528546626,12.93
12-03-2024 03:24:10,104.360652825263,4729.87465416896,12.9
12-03-2024 03:34:10,104.835406989724,4732.02869033199,12.88
12-03-2024 03:44:10,103.196959733804,4731.34574314099,12.86
12-03-2024 03:54:10,105.588685027625,4735.20167592211,12.83
12-03-2024 04:04:10,105.195096116323,4730.45569789376,12.8
12-03-2024 04:14:10,105.189457496743,4729.11255485342,12.78
12-03-2024 04:24:10,105.471809856141,4730.50996976892,12.76
12-03-2024 04:34:10,104.694468776778,4728.41294651076,12.73
12-03-2024 04:44:10,105.840528717662,4732.92700349839,12.71
12-03-2024 04:54:10,103.531790547612,4730.73542711392,12.69
12-03-2024 05:04:10,105.061520701093,4729.20565750118,12.67
12-03-2024 05:14:10,105.343713729825,4726.4493789172,12.65
12-03-2024 05:24:10,104.570638728555,4728.79103354642,12.63
12-03-2024 05:34:10,103.701817028823,4728.01793557689,12.61
12-03-2024 05:44:10,105.039037680875,4731.20832388823,12.59
12-03-2024 05:54:10,104.745731174213,4727.69960946382,12.57
12-03-2024 06:04:10,105.603113479026,4728.53132306053,12.55
12-03-2024 06:14:10,103.388607143954,4724.08226696964,12.52
12-03-2024 06:24:10,104.525942480647,4726.23603978953,12.48
12-03-2024 06:34:10,104.520382674493,4724.33431459887,12.46
12-03-2024 06:44:10,103.257980900825,4724.98011893989,12.41
12-03-2024 06:54:10,103.348363429569,4725.7179277089,12.39
12-03-2024 07:04:10,104.205046724974,4725.23115091648,12.37
12-03-2024 07:14:10,104.774201870583,4723.23779096913,12.35
12-03-2024 07:24:10,104.485071651363,4716.34724045246,12.34
12-03-2024 07:34:10,104.379999268644,4720.85426114051,12.31
12-03-2024 07:44:10,103.991466848628,4716.1330502229,12.29
12-03-2024 07:54:10,104.085444337407,4710.1883736098,12.28
12-03-2024 08:04:10,104.179410850267,4712.33994802009,12.27
12-03-2024 08:14:10,102.841054831849,4706.20718503681,12.27
12-03-2024 08:24:10,104.662029386405,4708.35811442472,12.27
12-03-2024 08:34:10,103.710337878257,4704.95420198487,12.28
12-03-2024 08:44:10,103.907514854049,4702.30341256196,12.29
12-03-2024 08:54:10,103.916934922085,4696.73185295829,12.31
12-03-2024 09:04:10,104.213662813572,4693.13678085305,12.33
12-03-2024 09:14:10,101.928026344666,4687.93724103546,12.36
12-03-2024 09:24:10,102.795718370832,4688.39431417543,12.37
12-03-2024 09:34:10,104.529427631104,4686.68237926059,12.39
12-03-2024 09:44:10,102.81798189611,4682.89442278401,12.42
12-03-2024 09:54:10,103.321208713372,4683.14946096495,12.48
12-03-2024 10:04:10,103.057726331331,4683.97159964493,12.54
12-03-2024 10:14:10,102.88997900291,4681.49266179102,12.6
12-03-2024 10:24:10,102.914005616532,4678.16272429565,12.66
12-03-2024 10:34:10,101.118093483066,4676.52745944832,12.73
12-03-2024 10:44:10,103.645318722534,4668.36645678304,12.81
12-03-2024 10:54:10,103.573562164986,4664.27164462366,12.87
12-03-2024 11:04:10,101.188488569335,4662.26387395781,12.91
12-03-2024 11:14:10,102.450409011948,4656.85410084742,12.94
12-03-2024 11:24:10,102.075266977643,4653.62391940759,12.96
12-03-2024 11:34:10,101.504205925663,4650.30378455537,12.97
12-03-2024 11:44:10,101.513370188473,4642.05676428201,12.99
12-03-2024 11:54:10,101.522535221085,4636.74227951519,13.01
12-03-2024 12:04:10,100.285418535971,4631.79908626552,13.04
12-03-2024 12:14:10,101.252414934839,4625.92081856497,13.05
12-03-2024 12:24:10,100.296393144397,4620.89441997006,13.06
12-03-2024 12:34:10,101.359656724508,4615.86775251917,13.07
12-03-2024 12:44:10,101.464974898687,4614.71645974319,13.09
12-03-2024 12:54:10,100.793712751862,4607.13966473,13.09
12-03-2024 13:04:10,101.280112336643,4605.90130735206,13.1
12-03-2024 13:14:10,101.189467678416,4601.53708249413,13.11
12-03-2024 13:24:10,100.910011699821,4596.59553155046,13.13
12-03-2024 13:34:10,99.5722466684794,4593.92733377027,13.15
12-03-2024 13:44:10,101.117040398552,4590.69933493052,13.16
12-03-2024 13:54:10,99.2017524940032,4585.66116658716,13.18
12-03-2024 14:04:10,100.935652852274,4579.21983421079,13.18
12-03-2024 14:14:10,100.363814948492,4578.17165072945,13.19
12-03-2024 14:24:10,99.3107584549208,4571.53073125553,13.2
12-03-2024 14:34:10,99.7973628137925,4567.73344813421,13.21
12-03-2024 14:44:10,99.7030607410316,4567.64436023609,13.21
12-03-2024 14:54:10,98.5501600240389,4563.09984395709,13.21
12-03-2024 15:04:10,98.748021780495,4562.62146828828,13.22
12-03-2024 15:14:10,99.8086098875197,4555.61235046651,13.22
12-03-2024 15:24:10,100.102797236788,4552.66900879073,13.23
12-03-2024 15:34:10,98.6644770778597,4547.35504280635,13.24
12-03-2024 15:44:10,98.8623740207444,4544.69611792618,13.25
12-03-2024 15:54:10,100.019392412324,4538.54067711128,13.25
12-03-2024 16:04:10,99.6362898462791,4535.51517562739,13.25
12-03-2024 16:14:10,98.3868688792102,4534.00743297667,13.25
12-03-2024 16:24:10,98.8735460906916,4531.82335431809,13.26
12-03-2024 16:34:10,98.2978940003439,4529.74731561717,13.26
12-03-2024 16:44:10,99.4584685697262,4525.47702637098,13.27
12-03-2024 16:54:10,98.2089055140078,4521.12532853117,13.27
12-03-2024 17:04:10,97.6332189119767,4520.94738441987,13.27
12-03-2024 17:14:10,97.8276769467673,4515.9325708918,13.27
12-03-2024 17:24:10,98.4106448233978,4514.50843838943,13.28
12-03-2024 17:34:10,98.0240541653185,4511.68994982839,13.27
12-03-2024 17:44:10,98.1256634545322,4509.98183491688,13.28
12-03-2024 17:54:10,98.7945782620732,4510.78282024026,13.26
12-03-2024 18:04:10,98.1260774149731,4507.74775279984,13.27
12-03-2024 18:14:10,98.0351425147445,4507.65325181102,13.28
12-03-2024 18:24:10,97.6519642993028,4507.09921289915,13.28
12-03-2024 18:34:10,98.0389734279817,4505.21760351631,13.28
12-03-2024 18:44:10,99.7773240949929,4506.07294060263,13.29
12-03-2024 18:54:10,98.1424968516061,4508.08144518358,13.29
12-03-2024 19:04:10,98.0481305487854,4503.3550759777,13.29
12-03-2024 19:14:10,99.2088700218952,4505.7296699169,13.3
12-03-2024 19:24:10,99.403349323414,4506.50629219388,13.3
12-03-2024 19:34:10,98.3495669362522,4504.04349755494,13.31
12-03-2024 19:44:10,97.4848703179361,4506.71860076155,13.31
12-03-2024 19:54:10,98.0679340764815,4505.20543512488,13.32
12-03-2024 20:04:10,99.3251630363451,4513.94089692664,13.33
12-03-2024 20:14:10,98.7527247136312,4514.99133297106,13.34
12-03-2024 20:24:10,98.5654654670523,4511.58180790664,13.35
12-03-2024 20:34:10,96.9334406506049,4512.25356126488,13.36
12-03-2024 20:44:10,99.3502304979763,4510.53943157872,13.38
12-03-2024 20:54:10,100.415279299795,4512.92114014892,13.39
12-03-2024 21:04:10,98.4939787723206,4513.12001793525,13.4
12-03-2024 21:14:10,98.4064184225061,4515.39537598699,13.42
12-03-2024 21:24:10,98.1261193493686,4514.34798319477,13.44
12-03-2024 21:34:10,99.4840419327971,4516.24544030426,13.46
12-03-2024 21:44:10,100.456743149896,4519.28407571829,13.48
12-03-2024 21:54:10,97.8665970848454,4519.7463291034,13.51
12-03-2024 22:04:10,98.9392625964844,4519.06891760647,13.54
12-03-2024 22:14:10,98.565855218949,4523.33533983808,13.57
12-03-2024 22:24:10,100.510551567843,4524.92995182004,13.61
12-03-2024 22:34:10,99.9443256510396,4526.34784302981,13.64
12-03-2024 22:44:10,99.2814272878704,4532.04834840075,13.67
12-03-2024 22:54:10,99.4867908261549,4530.61500260943,13.7
12-03-2024 23:04:10,97.9549628446897,4529.18165891261,13.73
12-03-2024 23:14:10,99.4115674911499,4532.13898345098,13.75
12-03-2024 23:24:10,100.006737248492,4535.93297363452,13.79
12-03-2024 23:34:10,100.40192310679,4536.13191374044,13.81
12-03-2024 23:44:10,100.12121930068,4540.0465159262,13.83
12-03-2024 23:54:10,99.6472941986952,4541.58111026209,13.85
12-04-2024 00:04:10,99.5561116312361,4543.31747205068,13.86
12-04-2024 00:14:10,100.820750588944,4543.13875450554,13.88
12-04-2024 00:24:10,100.343214759952,4543.92365999518,13.89
12-04-2024 00:34:10,99.1893851041036,4547.47312119723,13.9
12-04-2024 00:44:10,100.937343302916,4550.72826560863,13.92
12-04-2024 00:54:10,100.652948021853,4546.08169957983,13.93
12-04-2024 01:04:10,100.368520045549,4547.34584448544,13.94
12-04-2024 01:14:10,101.147017406966,4546.60843566251,13.95
12-04-2024 01:24:10,100.282755625111,4545.7760562351,13.96
12-04-2024 01:34:10,101.15797611667,4545.32548219022,13.97
12-04-2024 01:44:10,99.7102059342258,4549.17613416891,13.97
12-04-2024 01:54:10,100.875387367181,4549.58503834185,13.98
12-04-2024 02:04:10,102.137351568533,4549.42225468579,13.99
12-04-2024 02:14:10,102.429190715745,4554.41931071712,13.99
12-04-2024 02:24:10,101.564801829817,4554.06707188503,14
12-04-2024 02:34:10,103.113228306973,4555.91778515123,14
12-04-2024 02:44:10,102.732151566053,4562.52997725303,14.01
12-04-2024 02:54:10,102.444030701886,4558.18141636742,14.01
12-04-2024 03:04:10,104.189638213981,4558.78527251237,14.02
12-04-2024 03:14:10,101.291403772706,4559.11166193063,14.02
12-04-2024 03:24:10,101.583285559206,4559.82004906213,14.02
12-04-2024 03:34:10,102.354852107242,4561.96764770917,14.01
12-04-2024 03:44:10,102.263716861264,4560.09330507903,14.02
12-04-2024 03:54:10,102.845606804461,4561.18451488832,14.02
12-04-2024 04:04:10,102.75080442267,4557.50632179273,14.02
12-04-2024 04:14:10,103.816043778453,4562.12801995306,14.02
12-04-2024 04:24:10,101.204213291498,4556.64618201008,14.01
12-04-2024 04:34:10,102.362391543501,4561.08520764839,14
12-04-2024 04:44:10,103.040872208508,4556.55071451891,14
12-04-2024 04:54:10,103.135687635262,4557.46126034105,13.99
12-04-2024 05:04:10,103.037194509715,4556.46465840286,13.98
12-04-2024 05:14:10,102.749110481666,4558.70307211366,13.98
12-04-2024 05:24:10,103.6170760862,4556.37212006617,13.97
12-04-2024 05:34:10,103.035375524236,4550.60917666248,13.96
12-04-2024 05:44:10,103.230510929397,4554.56474293818,13.96
12-04-2024 05:54:10,102.74549546447,4553.18895214719,13.95
12-04-2024 06:04:10,102.743669220609,4554.95984517994,13.94
12-04-2024 06:14:10,102.74184255857,4554.44287125091,13.93
12-04-2024 06:24:10,102.740015478283,4556.88131923779,13.92
12-04-2024 06:34:10,102.355405223206,4557.02465199674,13.92
12-04-2024 06:44:10,103.319708795559,4556.12737213191,13.91
12-04-2024 06:54:10,102.061974170536,4557.23203571035,13.9
12-04-2024 07:04:10,104.378589548429,4555.85903720677,13.89
12-04-2024 07:14:10,102.444770328336,4558.96538123629,13.88
12-04-2024 07:24:10,103.702355469348,4557.96704793421,13.88
12-04-2024 07:34:10,104.380370301771,4559.3514671517,13.88
12-04-2024 07:44:10,101.870752164099,4557.40102279924,13.88
12-04-2024 07:54:10,103.12833482035,4558.21450537233,13.88
12-04-2024 08:04:10,103.90668825536,4556.82949778317,13.89
12-04-2024 08:14:10,103.912281971914,4559.44771657884,13.9
12-04-2024 08:24:10,102.658254645009,4558.73770965731,13.9
12-04-2024 08:34:10,102.080466133724,4555.07355914963,13.9
12-04-2024 08:44:10,102.858843954792,4557.97918832959,13.91
12-04-2024 08:54:10,102.960992466617,4550.20958936937,13.92
12-04-2024 09:04:10,104.222612830087,4554.64156004498,13.93
12-04-2024 09:14:10,103.741346021602,4554.88687411054,13.93
12-04-2024 09:24:10,102.394144464453,4554.64894808574,13.94
12-04-2024 09:34:10,103.752503272829,4551.8371644481,13.95
12-04-2024 09:44:10,102.79170200187,4551.59995117177,13.96
12-04-2024 09:54:10,101.351180858193,4548.3996804429,13.98
12-04-2024 10:04:10,102.713461701236,4543.76827130399,14
12-04-2024 10:14:10,101.763216409147,4541.60068680595,14.04
12-04-2024 10:24:10,101.493078156944,4542.38343274525,14.09
12-04-2024 10:34:10,100.445351530907,4536.39633110687,14.13
12-04-2024 10:44:10,101.819566007055,4533.35863420067,14.18
12-04-2024 10:54:10,102.033144100479,4532.89927460906,14.23
12-04-2024 11:04:10,101.468739748796,4530.63267973382,14.27
12-04-2024 11:14:10,101.581867898313,4525.78395121274,14.31
12-04-2024 11:24:10,101.885100063906,4524.4804871822,14.34
12-04-2024 11:34:10,102.378481251782,4522.32518704424,14.36
12-04-2024 11:44:10,101.906970272841,4518.24728278436,14.39
12-04-2024 11:54:10,102.504722907408,4516.45533961661,14.43
12-04-2024 12:04:10,100.970653781175,4518.58786264147,14.47
12-04-2024 12:14:10,101.367361617015,4518.44256400877,14.49
12-04-2024 12:24:10,101.476973762439,4518.48019152752,14.52
12-04-2024 12:34:10,101.780533889321,4513.63334124524,14.55
12-04-2024 12:44:10,101.013899415392,4510.13590760033,14.57
12-04-2024 12:54:10,101.895718581443,4507.02122908071,14.59
12-04-2024 13:04:10,100.065589681589,4504.5669380067,14.62
12-04-2024 13:14:10,100.563098326756,4499.9073474548,14.65
12-04-2024 13:24:10,100.766107869691,4500.43423678522,14.67
12-04-2024 13:34:10,100.390531523964,4500.5680571756,14.7
12-04-2024 13:44:10,100.784087183372,4498.51713474221,14.71
12-04-2024 13:54:10,100.214308520572,4496.15763966498,14.74
12-04-2024 14:04:10,99.2490334117178,4494.77834889906,14.75
12-04-2024 14:14:10,99.7397021605785,4495.98979311452,14.76
12-04-2024 14:24:10,101.104105298206,4497.29786593168,14.77
12-04-2024 14:34:10,99.5562286513933,4496.49556164271,14.78
12-04-2024 14:44:10,100.431772878467,4494.84035266712,14.78
12-04-2024 14:54:10,99.0744522466684,4499.2308939038,14.78
12-04-2024 15:04:10,100.147707438606,4498.43007070018,14.79
12-04-2024 15:14:10,100.048888201071,4496.01849610573,14.78
12-04-2024 15:24:10,99.2775530245921,4493.58691900333,14.79
12-04-2024 15:34:10,99.3729430806971,4495.59052274738,14.78
12-04-2024 15:44:10,98.9794591562204,4496.93251742707,14.76
12-04-2024 15:54:10,99.463107775023,4498.45635033215,14.75
12-04-2024 16:04:10,100.53262835048,4497.09251502405,14.75
12-04-2024 16:14:10,99.0784642958498,4503.02018674982,14.75
12-04-2024 16:24:10,98.8826629147266,4500.41960767772,14.74
12-04-2024 16:34:10,101.0125796412,4499.65186928297,14.72
12-04-2024 16:44:10,99.7527542356363,4499.05718981775,14.72
12-04-2024 16:54:10,99.6469490981798,4502.03975662093,14.69
12-04-2024 17:04:10,100.126820652458,4503.1903987742,14.67
12-04-2024 17:14:10,100.121531905849,4505.49127813922,14.65
12-04-2024 17:24:10,100.597671049726,4506.45873942552,14.62
12-04-2024 17:34:10,99.4285292945264,4500.51782345873,14.6
12-04-2024 17:44:10,99.1393789273313,4504.23779572713,14.6
12-04-2024 17:54:10,99.1376891896058,4504.80487840723,14.59
12-04-2024 18:04:10,98.9350997896826,4500.12113086494,14.56
12-04-2024 18:14:10,100.193853286927,4503.94571412049,14.55
12-04-2024 18:24:10,99.0252111970207,4505.00119138263,14.53
12-04-2024 18:34:10,99.6985888370365,4503.47114867581,14.51
12-04-2024 18:44:10,99.689831587252,4503.67399216215,14.48
12-04-2024 18:54:10,100.657239572221,4504.52956234429,14.47
12-04-2024 19:04:10,99.5824580755674,4502.24419185146,14.44
12-04-2024 19:14:10,99.0928016261861,4503.01322329887,14.42
12-04-2024 19:24:10,100.440326004412,4507.5219784317,14.39
12-04-2024 19:34:10,100.9157169188,4506.86391030199,14.36
12-04-2024 19:44:10,99.2640159032078,4510.97957576798,14.34
12-04-2024 19:54:10,97.9031788582342,4509.16596908654,14.32
12-04-2024 20:04:10,98.5724393061157,4506.59660638458,14.29
12-04-2024 20:14:10,100.596669662876,4511.29215794366,14.26
12-04-2024 20:24:10,101.458822099687,4510.92153131196,14.23
12-04-2024 20:34:10,100.478554967703,4515.81275203521,14.19
12-04-2024 20:44:10,100.666734838861,4511.70945585084,14.17
12-04-2024 20:54:10,99.4970106623927,4513.15375415368,14.14
12-04-2024 21:04:10,99.0944767158399,4514.23055409507,14.09
12-04-2024 21:14:10,101.413645333572,4514.99106438393,14.08
12-04-2024 21:24:10,101.110973307081,4515.77345484031,14.04
12-04-2024 21:34:10,99.1652254178034,4514.5524619162,14
12-04-2024 21:44:10,100.506033495977,4512.76021985454,13.96
12-04-2024 21:54:10,100.50071295109,4513.14701826452,13.94
12-04-2024 22:04:10,100.005268247911,4512.30941963423,13.9
12-04-2024 22:14:10,99.416947256341,4512.13210118955,13.87
12-04-2024 22:24:10,99.0254343738935,4512.32886246773,13.85
12-04-2024 22:34:10,99.016815987024,4517.77175201485,13.82
12-04-2024 22:44:10,99.4909330795353,4514.92751177917,13.79
12-04-2024 22:54:10,99.778841238233,4517.87891136407,13.78
12-04-2024 23:04:10,101.797126662417,4515.3215690448,13.75
12-04-2024 23:14:10,100.05440725073,4519.80217404142,13.73
12-04-2024 23:24:10,100.435154852454,4519.04736166623,13.71
12-04-2024 23:34:10,101.008803186915,4520.86221881468,13.69
12-04-2024 23:44:10,100.23510132359,4519.34048107822,13.68
12-04-2024 23:54:10,100.80867529051,4521.53597191423,13.66
12-05-2024 00:04:10,99.2633406821608,4521.82255474611,13.65
12-05-2024 00:14:10,100.612160158414,4525.05809174263,13.64
12-05-2024 00:24:10,99.7422321050088,4525.72548066771,13.63
12-05-2024 00:34:10,101.280199693084,4527.82522332226,13.61
12-05-2024 00:44:10,100.217489014093,4528.9683314301,13.6
12-05-2024 00:54:10,101.080108903564,4531.44795776575,13.58
12-05-2024 01:04:10,99.2426860581542,4528.22350849253,13.56
12-05-2024 01:14:10,101.169336299851,4527.18088648233,13.55
12-05-2024 01:24:10,100.881844466947,4527.46398832105,13.55
12-05-2024 01:34:10,101.069298801947,4529.3738408934,13.53
12-05-2024 01:44:10,100.007068312619,4531.65845619366,13.52
12-05-2024 01:54:10,100.105229464707,4533.65316975359,13.52
12-05-2024 02:04:10,99.9106783388872,4536.31808998499,13.51
12-05-2024 02:14:10,100.390885999702,4536.70255853742,13.5
12-05-2024 02:24:10,101.060242208752,4537.28175786312,13.48
12-05-2024 02:34:10,101.447519883589,4538.99235953797,13.48
12-05-2024 02:44:10,101.252934911865,4540.89745899627,13.47
12-05-2024 02:54:10,101.832939657087,4540.23386595333,13.47
12-05-2024 03:04:10,100.099942038223,4541.18558487324,13.47
12-05-2024 03:14:10,101.065445382911,4538.05297053042,13.47
12-05-2024 03:24:10,101.163572323407,4541.85533702767,13.47
12-05-2024 03:34:10,101.258119500309,4541.86217959905,13.46
12-05-2024 03:44:10,102.416306292072,4542.15053158472,13.46
12-05-2024 03:54:10,100.301447407457,4545.47539627142,13.47
12-05-2024 04:04:10,102.130695104361,4546.81290563434,13.46
12-05-2024 04:14:10,102.610637985935,4548.91038648218,13.45
12-05-2024 04:24:10,102.516020527687,4547.68065775556,13.45
12-05-2024 04:34:10,101.454169751117,4551.39315637047,13.44
12-05-2024 04:44:10,100.488789873774,4550.35717813389,13.43
12-05-2024 04:54:10,101.835876229398,4555.58890678562,13.42
12-05-2024 05:04:10,101.355878215688,4557.49460642896,13.42
12-05-2024 05:14:10,99.5235221635434,4555.50987312696,13.41
12-05-2024 05:24:10,101.159523466625,4557.79822598972,13.4
12-05-2024 05:34:10,100.768815598914,4560.56320895337,13.38
12-05-2024 05:44:10,101.437672744202,4556.87345879947,13.36
12-05-2024 05:54:10,100.861514695882,4557.73607530648,13.36
12-05-2024 06:04:10,100.956011031317,4561.63812452996,13.35
12-05-2024 06:14:10,101.628329634337,4563.07252991849,13.34
12-05-2024 06:24:10,101.530171236369,4561.75518173492,13.33
12-05-2024 06:34:10,101.42485616064,4564.90079750286,13.3
12-05-2024 06:44:10,101.519287463265,4565.38672473922,13.29
12-05-2024 06:54:10,99.5850028007864,4561.70243198403,13.26
12-05-2024 07:04:10,100.353316647444,4564.27541835249,13.25
12-05-2024 07:14:10,101.602805522764,4567.51214072691,13.24
12-05-2024 07:24:10,101.504699527531,4565.53362955149,13.23
12-05-2024 07:34:10,100.92184325538,4566.30641407821,13.21
12-05-2024 07:44:10,101.212282092552,4567.17204294183,13.21
12-05-2024 07:54:10,102.557674610762,4566.23781371928,13.2
12-05-2024 08:04:10,101.500864157156,4567.29376175261,13.2
12-05-2024 08:14:10,102.361405423361,4567.11952752277,13.18
12-05-2024 08:24:10,100.727389663376,4567.51258489689,13.18
12-05-2024 08:34:10,101.591508570157,4567.33815613258,13.17
12-05-2024 08:44:10,101.211942056654,4562.23380142699,13.18
12-05-2024 08:54:10,100.736106950876,4562.72179512565,13.19
12-05-2024 09:04:10,101.796311135286,4560.36763969464,13.19
12-05-2024 09:14:10,102.375387005744,4560.2888716335,13.19
12-05-2024 09:24:10,100.65212296712,4557.45882390186,13.21
12-05-2024 09:34:10,100.461371868057,4555.39003120328,13.21
12-05-2024 09:44:10,100.085158007613,4554.55104791276,13.23
12-05-2024 09:54:10,101.34166159258,4548.68809938509,13.24
12-05-2024 10:04:10,100.298676167442,4547.56044160152,13.28
12-05-2024 10:14:10,99.8295027665065,4542.16534056404,13.31
12-05-2024 10:24:10,99.3601718096034,4540.56436269903,13.34
12-05-2024 10:34:10,100.05004823104,4536.39764212478,13.38
12-05-2024 10:44:10,101.32189662453,4531.46629982519,13.43
12-05-2024 10:54:10,99.795923563528,4527.96029055016,13.47
12-05-2024 11:04:10,99.6188216442644,4520.5568690931,13.51
12-05-2024 11:14:10,101.462827518658,4518.28643049967,13.54
12-05-2024 11:24:10,98.0969016540403,4514.97405793037,13.56
12-05-2024 11:34:10,100.226961858696,4512.32673998779,13.58
12-05-2024 11:44:10,100.335681796735,4507.86776887034,13.61
12-05-2024 11:54:10,101.119699278552,4507.30720459533,13.64
12-05-2024 12:04:10,101.032071695734,4507.89331693888,13.66
12-05-2024 12:14:10,99.6865945696179,4505.05967719136,13.67
12-05-2024 12:24:10,100.170712632631,4503.18248447051,13.67
12-05-2024 12:34:10,100.758411962053,4505.38727490392,13.69
12-05-2024 12:44:10,100.563592213709,4503.42037439116,13.68
12-05-2024 12:54:10,99.9933865044399,4502.67635012116,13.7
12-05-2024 13:04:10,99.5125989884708,4504.13114417318,13.7
12-05-2024 13:14:10,100.196827802495,4502.81708758848,13.72
12-05-2024 13:24:10,99.7229708072236,4497.69553273014,13.74
12-05-2024 13:34:10,100.403841328428,4498.86155473965,13.75
12-05-2024 13:44:10,99.4507253887684,4495.16220094715,13.78
12-05-2024 13:54:10,98.1042520755255,4490.33007319576,13.79
12-05-2024 14:04:10,101.1060361579,4490.25385246872,13.81
12-05-2024 14:14:10,97.924737235282,4488.18346954931,13.82
12-05-2024 14:24:10,100.344030217886,4488.39941668589,13.83
12-05-2024 14:34:10,99.4835763015777,4487.46701118412,13.85
12-05-2024 14:44:10,99.2921142711414,4487.59432228735,13.85
12-05-2024 14:54:10,99.5905198118568,4485.70981692342,13.87
12-05-2024 15:04:10,99.9785718677001,4484.40874679641,13.87
12-05-2024 15:14:10,100.466748801256,4487.39040554473,13.88
12-05-2024 15:24:10,99.4093744345899,4485.03615145627,13.89
12-05-2024 15:34:10,98.8314641199653,4483.25968221576,13.89
12-05-2024 15:44:10,99.2230229328586,4483.47917944538,13.9
12-05-2024 15:54:10,100.001068465514,4482.07882584454,13.91
12-05-2024 16:04:10,99.3264801195033,4483.73475008506,13.91
12-05-2024 16:14:10,99.9113399384939,4478.71296413067,13.92
12-05-2024 16:24:10,99.2297769932245,4478.57075674401,13.9
12-05-2024 16:34:10,99.4246747645024,4481.65738105163,13.9
12-05-2024 16:44:10,98.8432808267176,4482.272058674,13.89
12-05-2024 16:54:10,98.8415204245557,4475.64467294882,13.88
12-05-2024 17:04:10,98.5534196440842,4477.30258830604,13.88
12-05-2024 17:14:10,98.9380322482081,4479.25258270862,13.87
12-05-2024 17:24:10,98.2601755940855,4476.62923288034,13.86
12-05-2024 17:34:10,98.3550240591161,4479.05602756941,13.85
12-05-2024 17:44:10,99.8018892181384,4478.62486544267,13.84
12-05-2024 17:54:10,99.9932081429428,4482.67119270734,13.83
12-05-2024 18:04:10,99.7947582200233,4478.34095915672,13.81
12-05-2024 18:14:10,99.7929405575434,4481.81562250312,13.8
12-05-2024 18:24:10,97.9533446249328,4482.62900940993,13.78
12-05-2024 18:34:10,99.7858092560314,4480.29520336889,13.77
12-05-2024 18:44:10,99.3909243694424,4486.54045643172,13.74
12-05-2024 18:54:10,98.9996203250804,4487.06804968593,13.72
12-05-2024 19:04:10,99.7663820732661,4483.78928503145,13.7
12-05-2024 19:14:10,98.8926846501396,4488.02844035594,13.68
12-05-2024 19:24:10,99.1769028287908,4484.08516526957,13.66
12-05-2024 19:34:10,100.61865057512,4487.3723521224,13.64
12-05-2024 19:44:10,99.6486929476405,4487.42529238659,13.62
12-05-2024 19:54:10,99.1611737155357,4484.81600847069,13.6
12-05-2024 20:04:10,99.6381018419597,4487.62703818876,13.58
12-05-2024 20:14:10,99.4399608920603,4490.72266454548,13.56
12-05-2024 20:24:10,100.398813839017,4488.68518660748,13.54
12-05-2024 20:34:10,98.7546041823232,4490.35480415249,13.52
12-05-2024 20:44:10,100.29518237019,4492.11512173834,13.51
12-05-2024 20:54:10,100.968068795662,4493.68548411227,13.5
12-05-2024 21:04:10,99.8095503253261,4490.69553698417,13.49
12-05-2024 21:14:10,99.9041052275402,4495.21150329223,13.48
12-05-2024 21:24:10,99.5133017265686,4497.26083542374,13.46
12-05-2024 21:34:10,100.093181609297,4494.74371885106,13.46
12-05-2024 21:44:10,100.094842377888,4495.17160572753,13.46
12-05-2024 21:54:10,99.8108811660779,4497.21121778771,13.47
12-05-2024 22:04:10,99.5234150861822,4494.88516663842,13.47
12-05-2024 22:14:10,100.488824009942,4494.55440380035,13.47
12-05-2024 22:24:10,100.879528952562,4495.83548212125,13.48
12-05-2024 22:34:10,100.406325640734,4501.10456329148,13.5
12-05-2024 22:44:10,100.41502513611,4502.47955262261,13.52
12-05-2024 22:54:10,100.416680106925,4506.04672714721,13.52
12-05-2024 23:04:10,100.039729396906,4506.47325491242,13.54
12-05-2024 23:14:10,99.5627950967741,4509.27922708698,13.55
12-05-2024 23:24:10,98.6036906178518,4511.61080883257,13.56
12-05-2024 23:34:10,99.5695746541119,4516.41663376734,13.56
12-05-2024 23:44:10,99.5747012832113,4518.93999815528,13.57
12-05-2024 23:54:10,101.215637373483,4522.51117860997,13.57
12-06-2024 00:04:10,99.8672862379501,4519.8083518143,13.57
12-06-2024 00:14:10,101.218934891306,4523.57049116483,13.57
12-06-2024 00:24:10,100.445629659918,4522.48566752378,13.56
12-06-2024 00:34:10,101.036485362222,4522.44289176857,13.59
12-06-2024 00:44:10,100.834615159603,4524.30778649661,13.56
12-06-2024 00:54:10,100.35062574843,4522.93894092297,13.55
12-06-2024 01:04:10,99.770276918693,4524.13687095565,13.54
12-06-2024 01:14:10,101.114575480789,4525.62071716318,13.52
12-06-2024 01:24:10,101.112658515545,4529.2894342562,13.51
12-06-2024 01:34:10,101.203568160635,4529.91767166343,13.49
12-06-2024 01:44:10,100.526982473728,4528.64580908586,13.48
12-06-2024 01:54:10,99.8434956636631,4528.23005679939,13.45
12-06-2024 02:04:10,99.8416476812132,4531.1381254669,13.44
12-06-2024 02:14:10,99.6401408101902,4527.01936733472,13.41
12-06-2024 02:24:10,98.7678382721055,4531.35139329639,13.39
12-06-2024 02:34:10,100.018299117919,4530.65155021618,13.38
12-06-2024 02:44:10,100.491005146608,4530.80636169583,13.35
12-06-2024 02:54:10,99.8149805416579,4527.64002172221,13.34
12-06-2024 03:04:10,100.676303198331,4528.08051966108,13.32
12-06-2024 03:14:10,100.478308112885,4526.33914811989,13.3
12-06-2024 03:24:10,101.139707802563,4533.41945002276,13.26
12-06-2024 03:34:10,99.9826948910992,4529.02348509075,13.25
12-06-2024 03:44:10,98.2449028715297,4530.41277631293,13.23
12-06-2024 03:54:10,99.6763443155098,4533.1283095155,13.19
12-06-2024 04:04:10,99.6710303148587,4529.11460621708,13.17
12-06-2024 04:14:10,100.431837424523,4530.9772944149,13.14
12-06-2024 04:24:10,99.1759940233826,4529.42923350203,13.12
12-06-2024 04:34:10,99.7478013325664,4527.88193290905,13.1
12-06-2024 04:44:10,100.120159647825,4529.27081701114,13.06
12-06-2024 04:54:10,100.592006746423,4533.215676753,13.03
12-06-2024 05:04:10,100.771795596003,4530.62742004255,12.99
12-06-2024 05:14:10,100.378424288699,4534.57027914239,12.96
12-06-2024 05:24:10,99.8960530660032,4530.28216046848,12.95
12-06-2024 05:34:10,101.33558153343,4530.44170213576,12.94
12-06-2024 05:44:10,101.32652982007,4530.50579122417,12.91
12-06-2024 05:54:10,99.9726345798329,4529.718979688,12.88
12-06-2024 06:04:10,99.7717224854813,4535.07816155228,12.85
12-06-2024 06:14:10,100.726741337093,4531.45617688442,12.83
12-06-2024 06:24:10,100.237705177678,4529.81976026117,12.8
12-06-2024 06:34:10,99.2757016611849,4532.3435137826,12.79
12-06-2024 06:44:10,100.514954329415,4533.25886493433,12.76
12-06-2024 06:54:10,100.89349744348,4533.89171169513,12.74
12-06-2024 07:04:10,99.4518711698784,4535.75375246617,12.73
12-06-2024 07:14:10,101.554366297935,4536.00762394667,12.7
12-06-2024 07:24:10,100.589307912605,4536.92389716602,12.68
12-06-2024 07:34:10,100.008237008694,4536.42406284711,12.66
12-06-2024 07:44:10,99.8144933321532,4537.24764937911,12.65
12-06-2024 07:54:10,101.91958039006,4537.69235319595,12.63
12-06-2024 08:04:10,100.766537494699,4536.72312382982,12.62
12-06-2024 08:14:10,101.052378638222,4538.39680702062,12.61
12-06-2024 08:24:10,102.0095705207,4543.09025797958,12.6
12-06-2024 08:34:10,100.47658780207,4539.76476841149,12.6
12-06-2024 08:44:10,101.146037560647,4538.79703879859,12.59
12-06-2024 08:54:10,101.346556166509,4537.92936285441,12.61
12-06-2024 09:04:10,100.289579922498,4535.7357524157,12.6
12-06-2024 09:14:10,102.11710145001,4534.1119829382,12.61
12-06-2024 09:24:10,100.683460560746,4534.94229594687,12.62
12-06-2024 09:34:10,101.459555312461,4528.78978372801,12.64
12-06-2024 09:44:10,100.409391731861,4529.62085762741,12.65
12-06-2024 09:54:10,100.417990924267,4524.69456091898,12.67
12-06-2024 10:04:10,100.337622643437,4520.33508796391,12.71
12-06-2024 10:14:10,101.028683438102,4520.41446870993,12.76
12-06-2024 10:24:10,99.6110707867195,4517.65961276146,12.82
12-06-2024 10:34:10,100.974733575756,4513.20065953733,12.87
12-06-2024 10:44:10,99.4601492368769,4516.4016605449,12.93
12-06-2024 10:54:10,99.9560948033978,4507.4921468263,12.97
12-06-2024 11:04:10,100.452258521593,4503.87881745409,13.01
12-06-2024 11:14:10,100.464377041515,4500.26464572745,13.04
12-06-2024 11:24:10,100.088363544013,4497.88142298037,13.06
12-06-2024 11:34:10,99.0425281975722,4496.16001377641,13.09
12-06-2024 11:44:10,99.9201073891131,4493.2067889954,13.12
12-06-2024 11:54:10,98.9666701484138,4491.39121339866,13.14
12-06-2024 12:04:10,100.03690694064,4492.03841255864,13.17
12-06-2024 12:14:10,100.619304088345,4494.77396227881,13.18
12-06-2024 12:24:10,99.9508333286297,4490.9698500333,13.19
12-06-2024 12:34:10,101.303134906543,4492.47430883524,13.2
12-06-2024 12:44:10,99.3801045159269,4490.09368255625,13.2
12-06-2024 12:54:10,99.9625581769127,4492.73676543641,13.21
12-06-2024 13:04:10,98.3315209117633,4490.54529355005,13.22
12-06-2024 13:14:10,99.879926468835,4489.86992181563,13.24
12-06-2024 13:24:10,99.7887313605789,4484.54917433372,13.25
12-06-2024 13:34:10,99.4121901692946,4481.97678943178,13.27
12-06-2024 13:44:10,99.4206797142007,4486.70861344515,13.29
12-06-2024 13:54:10,100.292272662544,4482.52550766486,13.3
12-06-2024 14:04:10,99.9156794543108,4485.45672064515,13.32
12-06-2024 14:14:10,99.4357838201897,4483.36263240457,13.32
12-06-2024 14:24:10,100.885320969662,4486.86599636779,13.33
12-06-2024 14:34:10,99.6280624735097,4486.29325512211,13.31
12-06-2024 14:44:10,99.7293998084311,4484.19921596632,13.32
12-06-2024 14:54:10,99.1497665169888,4483.72114868676,13.31
12-06-2024 15:04:10,98.5736039051688,4481.34462048681,13.31
12-06-2024 15:14:10,100.593738869671,4483.99826987776,13.3
12-06-2024 15:24:10,99.147610140901,4485.7032348385,13.29
12-06-2024 15:34:10,99.0460378467817,4482.28739093953,13.27
12-06-2024 15:44:10,99.8142797079942,4479.63006904931,13.26
12-06-2024 15:54:10,99.3310881207787,4480.86170786327,13.25
12-06-2024 16:04:10,98.5557885459249,4480.57764300434,13.23
12-06-2024 16:14:10,99.4166752030873,4479.25110440015,13.21
12-06-2024 16:34:10,99.0161526690605,4481.05715469124,13.16
12-06-2024 16:44:10,99.4025578435739,4480.39246420007,13.16
12-06-2024 16:54:10,99.2975837484126,4481.72180137257,13.13
12-06-2024 17:04:10,99.1033300274013,4480.86969894948,13.12
12-06-2024 17:14:10,99.6785599672828,4482.29166478653,13.11
12-06-2024 17:24:10,97.8492875032951,4480.11420233972,13.1
12-06-2024 17:34:10,97.8474887142136,4480.96840862577,13.09
12-06-2024 17:44:10,100.253355741836,4480.87465413825,13.09
12-06-2024 17:54:10,98.3280851757962,4483.62369376617,13.08
12-06-2024 18:04:10,98.7177225842786,4482.96161856234,13.09
12-06-2024 18:14:10,99.7737084323366,4481.92282896232,13.08
12-06-2024 18:24:10,100.34876894944,4483.44155259524,13.07
12-06-2024 18:34:10,99.866046766557,4483.25586298863,13.06
12-06-2024 18:44:10,99.7714477903532,4484.20617919488,13.06
12-06-2024 18:54:10,100.057990019393,4487.24061744194,13.05
12-06-2024 19:04:10,98.6138797240502,4488.94939945146,13.04
12-06-2024 19:14:10,99.6695749170101,4484.88311617962,13.03
12-06-2024 19:24:10,99.0942874091931,4484.22530778746,13.03
12-06-2024 19:34:10,98.8967248500019,4487.45009095831,13.01
12-06-2024 19:44:10,99.0905363011885,4484.99460560677,13.01
12-06-2024 19:54:10,98.3162812070903,4484.5282455997,12.99
12-06-2024 20:04:10,99.7561518756564,4486.14394518281,12.98
12-06-2024 20:14:10,99.9464544969831,4485.39396953648,12.97
12-06-2024 20:24:10,99.1722744496631,4482.56322133675,12.95
12-06-2024 20:34:10,100.419592378756,4484.36883554618,12.94
12-06-2024 20:44:10,100.52073719729,4484.28187998279,12.95
12-06-2024 20:54:10,98.6896201620155,4485.70985562578,12.93
12-06-2024 21:04:10,99.7481231191711,4488.74588505757,12.93
12-06-2024 21:14:10,98.7853889668989,4492.91711295288,12.92
12-06-2024 21:24:10,100.132076905174,4493.58882626507,12.92
12-06-2024 21:34:10,100.610519289517,4498.2330466418,12.91
12-06-2024 21:44:10,99.5552212860281,4501.0810300264,12.91
12-06-2024 21:54:10,100.133221148876,4503.17272170701,12.91
12-06-2024 22:04:10,98.5014631260825,4506.49447017258,12.91
12-06-2024 22:14:10,99.4637669076207,4511.99215565594,12.91
12-06-2024 22:24:10,99.0810003477127,4512.38250036427,12.91
12-06-2024 22:34:10,99.1786149285482,4517.69183476561,12.91
12-06-2024 22:44:10,100.233504946787,4517.89122626112,12.9
12-06-2024 22:54:10,99.4664728595094,4524.24134129205,12.9
12-06-2024 23:04:10,100.524790411268,4525.29534379857,12.9
12-06-2024 23:14:10,99.7542959610444,4529.75107705343,12.89
12-06-2024 23:24:10,100.140093051774,4529.57633963953,12.89
12-06-2024 23:34:10,101.198349642932,4532.42836943431,12.89
12-06-2024 23:44:10,99.655920218513,4534.51614845227,12.87
12-06-2024 23:54:10,99.1771761243462,4535.00453367851,12.87
12-07-2024 00:04:10,98.6950301006277,4535.67826902177,12.86
12-07-2024 00:14:10,100.518004840576,4535.78499042976,12.85
12-07-2024 00:24:10,100.612071810361,4539.57901568949,12.84
12-07-2024 00:34:10,98.6894162830721,4540.34784991254,12.83
12-07-2024 00:44:10,99.839886896087,4538.94289325864,12.82
12-07-2024 00:54:10,99.8379505318109,4540.84656409666,12.81
12-07-2024 01:04:10,100.700175216828,4542.93931943382,12.8
12-07-2024 01:14:10,99.8340764675743,4543.8980956523,12.79
12-07-2024 01:24:10,97.815984959145,4546.18000288364,12.78
12-07-2024 01:34:10,99.638196591453,4544.87141199447,12.77
12-07-2024 01:44:10,99.2488529775995,4549.69904775204,12.75
12-07-2024 01:54:10,97.5191965108371,4546.12400565002,12.74
12-07-2024 02:04:10,98.6691541943863,4545.00578074703,12.73
12-07-2024 02:14:10,99.0443472468565,4545.0110101565,12.7
12-07-2024 02:24:10,99.9026232542982,4547.19346758562,12.68
12-07-2024 02:34:10,99.9966276195205,4544.09394874922,12.67
12-07-2024 02:44:10,98.5521345323424,4548.4478974966,12.65
12-07-2024 02:54:10,99.410226254334,4546.94887380865,12.63
12-07-2024 03:04:10,100.079764752139,4543.56843725172,12.62
12-07-2024 03:14:10,99.3070428951739,4543.58097049657,12.6
12-07-2024 03:24:10,99.2058000815956,4542.46160018355,12.58
12-07-2024 03:34:10,100.546434861158,4545.49914936771,12.57
12-07-2024 03:44:10,100.061529379616,4548.62517551969,12.55
12-07-2024 03:54:10,99.5767305173596,4546.9405179066,12.53
12-07-2024 04:04:10,101.204581290269,4545.82807257685,12.52
12-07-2024 04:14:10,100.33281736548,4545.08222818675,12.49
12-07-2024 04:24:10,99.5640579734304,4544.53659838574,12.48
12-07-2024 04:34:10,99.2711747657573,4542.10059386088,12.46
12-07-2024 04:44:10,98.5026000411807,4542.6870913825,12.45
12-07-2024 04:54:10,100.225615381433,4542.70835948501,12.44
12-07-2024 05:04:10,100.124355298979,4544.420709076,12.42
12-07-2024 05:14:10,100.023117072525,4541.61022518918,12.4
12-07-2024 05:24:10,98.871549998755,4544.45901337602,12.39
12-07-2024 05:34:10,100.015737500622,4539.29481029088,12.37
12-07-2024 05:44:10,99.1517147557179,4538.94126961103,12.36
12-07-2024 05:54:10,100.295680909707,4538.48863516434,12.34
12-07-2024 06:04:10,100.297181825325,4536.91693251732,12.34
12-07-2024 06:14:10,100.387493335477,4534.58206207993,12.32
12-07-2024 06:24:10,98.6618598649943,4535.92524801853,12.31
12-07-2024 06:34:10,98.5642197345945,4531.52546188704,12.3
12-07-2024 06:44:10,100.569552700636,4532.5819660669,12.28
12-07-2024 06:54:10,98.4613386617419,4533.36117999523,12.27
12-07-2024 07:04:10,99.4167816148726,4533.19942526608,12.26
12-07-2024 07:14:10,98.9362171779721,4532.84982743287,12.25
12-07-2024 07:24:10,98.1718974072133,4532.69396976265,12.25
12-07-2024 07:34:10,98.2623938890725,4534.50436125681,12.23
12-07-2024 07:44:10,99.5047672403833,4531.89760591746,12.22
12-07-2024 07:54:10,99.2191262688882,4530.5197410498,12.22
12-07-2024 08:04:10,99.5077500217819,4527.7309020109,12.22
12-07-2024 08:14:10,99.5058106375494,4529.54800124464,12.21
12-07-2024 08:24:10,99.3158886591413,4528.26553770878,12.21
12-07-2024 08:34:10,99.7993507582979,4524.54194418406,12.22
12-07-2024 08:44:10,99.4179947200936,4521.28429285641,12.22
12-07-2024 08:54:10,100.380068211582,4518.97228291893,12.23
12-07-2024 09:04:10,99.3286759941441,4516.46803176416,12.23
12-07-2024 09:14:10,98.7592520295717,4515.0974503086,12.24
12-07-2024 09:24:10,100.008572671792,4514.9506051941,12.25
12-07-2024 09:34:10,99.4391214158463,4513.58062837016,12.26
12-07-2024 09:44:10,100.787853105858,4510.04971634691,12.28
12-07-2024 09:54:10,99.8422542292954,4505.58019425158,12.31
12-07-2024 10:04:10,99.3752124710779,4501.86262663582,12.34
12-07-2024 10:14:10,99.7770187286976,4494.85230237369,12.39
12-07-2024 10:24:10,99.0325258406974,4491.98680084009,12.45
12-07-2024 10:34:10,98.9585871550583,4490.7225040893,12.51
12-07-2024 10:44:10,98.6928057325643,4487.28787893899,12.57
12-07-2024 10:54:10,99.0983405376918,4484.13399273461,12.63
12-07-2024 11:04:10,99.1100587321685,4482.10556058255,12.66
12-07-2024 11:14:10,100.468703593064,4478.09531296808,12.7
12-07-2024 11:24:10,98.8489775344302,4475.30990845064,12.73
12-07-2024 11:34:10,97.8046930321595,4471.86243613807,12.76
12-07-2024 11:44:10,99.064363907974,4470.3984822315,12.79
12-07-2024 11:54:10,99.5562229932119,4468.74537718331,12.82
12-07-2024 12:04:10,98.415487470232,4465.2011858237,12.85
12-07-2024 12:14:10,99.3842683656792,4465.43783750283,12.87
12-07-2024 12:24:10,99.004929390803,4466.14711015165,12.88
12-07-2024 12:34:10,97.6648898320552,4466.66780700993,12.89
12-07-2024 12:44:10,97.4808820769742,4465.67660132124,12.91
12-07-2024 12:54:10,98.926903242122,4464.49561850444,12.92
12-07-2024 13:04:10,100.565257537406,4463.88253310169,12.93
12-07-2024 13:14:10,99.2317806053996,4463.6497934829,12.96
12-07-2024 13:24:10,99.1439841274059,4461.61860100051,12.98
12-07-2024 13:34:10,99.2552713031033,4461.19766721179,13.02
12-07-2024 13:44:10,98.3982812838116,4459.07156329005,13.04
12-07-2024 13:54:10,97.8295688904922,4460.63848386537,13.06
12-07-2024 14:04:10,98.22239799294,4457.47084999026,13.08
12-07-2024 14:14:10,98.5157470083263,4460.64867139671,13.09
12-07-2024 14:24:10,99.097660097566,4456.62831035324,13.1
12-07-2024 14:34:10,99.2949052784142,4456.39710292398,13.11
12-07-2024 14:44:10,98.0493486568585,4455.69262307638,13.12
12-07-2024 14:54:10,99.0161036912092,4456.40970482803,13.13
12-07-2024 15:04:10,98.6361811461135,4456.46407786079,13.14
12-07-2024 15:14:10,99.0224318582156,4455.76036157777,13.14
12-07-2024 15:24:10,97.7766491973625,4454.58368750901,13.15
12-07-2024 15:34:10,99.320802962609,4454.16544651978,13.16
12-07-2024 15:44:10,98.8446154290332,4455.16924538245,13.17
12-07-2024 15:54:10,98.9955254886691,4453.61450878847,13.18
12-07-2024 16:04:10,99.1464347200514,4454.43025069868,13.2
12-07-2024 16:14:10,99.9211990345019,4454.67734659963,13.21
12-07-2024 16:24:10,99.2042651852786,4457.48487632722,13.22
12-07-2024 16:34:10,98.4873305078016,4460.29329744798,13.23
12-07-2024 16:44:10,99.1625062630075,4463.29099819666,13.23
12-07-2024 16:54:10,98.4936138828372,4470.27336041399,13.24
12-07-2024 17:04:10,99.842590533993,4475.73763922346,13.24
12-07-2024 17:14:10,99.2665229279153,4479.49544650024,13.24
12-07-2024 17:24:10,99.457030116192,4483.06113597084,13.23
12-07-2024 17:34:10,98.6884991990684,4489.09512740669,13.23
12-07-2024 17:44:10,100.12668762251,4493.3205380683,13.21
12-07-2024 17:54:10,99.4544765764884,4496.22581325766,13.21
12-07-2024 18:04:10,99.5487080842426,4497.32613891594,13.2
12-07-2024 18:14:10,100.697899774492,4499.37032165169,13.18
12-07-2024 18:24:10,100.118541627135,4504.35667877044,13.17
12-07-2024 18:34:10,100.398148884695,4504.2157927231,13.14
12-07-2024 18:44:10,98.953193003578,4508.72719826912,13.13
12-07-2024 18:54:10,99.4252861586191,4510.48044426872,13.1
12-07-2024 19:04:10,100.192663600708,4510.16004525173,13.09
12-07-2024 19:14:10,99.3216883193886,4513.62302122859,13.07
12-07-2024 19:24:10,99.7008670160526,4512.06672667329,13.05
12-07-2024 19:34:10,99.7880854521128,4513.15663141111,13.02
12-07-2024 19:44:10,100.07098232003,4511.50695834249,13
12-07-2024 19:54:10,101.119197420278,4512.97566192138,12.97
12-07-2024 20:04:10,100.921379360575,4512.17880806103,12.95
12-07-2024 20:14:10,98.9940380665281,4508.44983808203,12.93
12-07-2024 20:24:10,99.9459536216915,4504.14988325011,12.9
12-07-2024 20:34:10,101.377828474275,4506.84954406035,12.87
12-07-2024 20:44:10,99.9280520131314,4503.97052594555,12.84
12-07-2024 20:54:10,100.978877001483,4503.93353515923,12.82
12-07-2024 21:04:10,100.969756335229,4499.45032125751,12.79
12-07-2024 21:14:10,100.868150449196,4503.47758885378,12.77
12-07-2024 21:24:10,100.47859232426,4504.10293118661,12.75
12-07-2024 21:34:10,99.3212735495933,4503.02815267468,12.73
12-07-2024 21:44:10,99.2232987613015,4502.14784915244,12.72
12-07-2024 21:54:10,100.181006048007,4502.59025902417,12.71
12-07-2024 22:04:10,100.46685270342,4506.71599604394,12.7
12-07-2024 22:14:10,100.944586218554,4506.02556806878,12.69
12-07-2024 22:24:10,100.075443694118,4508.91810661133,12.67
12-07-2024 22:34:10,101.228250111309,4511.63283887757,12.67
12-07-2024 22:44:10,99.4066379952845,4515.5753793633,12.67
12-07-2024 22:54:10,100.460010068621,4512.80894741705,12.66
12-07-2024 23:04:10,100.365482846611,4512.9756746329,12.66
12-07-2024 23:14:10,100.175011140603,4515.78623450889,12.66
12-07-2024 23:24:10,99.5013900024541,4518.49638056887,12.65
12-07-2024 23:34:10,100.558125843793,4516.58749450063,12.65
12-07-2024 23:44:10,101.231107441472,4518.83265045529,12.65
12-07-2024 23:54:10,101.228994364341,4518.71169835858,12.64
12-08-2024 00:04:10,101.038539723466,4521.42945252196,12.64
12-08-2024 00:14:10,101.324219236321,4521.68661270275,12.63
12-08-2024 00:24:10,101.226176701711,4522.22723743022,12.62
12-08-2024 00:34:10,101.035740777791,4522.86942868502,12.62
12-08-2024 00:44:10,101.133071380674,4518.41556093581,12.62
12-08-2024 00:54:10,101.610545562807,4519.42939871512,12.61
12-08-2024 01:04:10,100.937024077796,4521.00963711839,12.6
12-08-2024 01:14:10,99.7840435595567,4516.64547647609,12.59
12-08-2024 01:24:10,100.648607390859,4519.17666537646,12.59
12-08-2024 01:34:10,100.73892525367,4518.5810278553,12.57
12-08-2024 01:44:10,100.832723326897,4518.46426897369,12.56
12-08-2024 01:54:10,102.173020138572,4520.04581346016,12.55
12-08-2024 02:04:10,100.445005942444,4519.45808675264,12.54
12-08-2024 02:14:10,100.819428360855,4516.31105660565,12.51
12-08-2024 02:24:10,102.063495124857,4518.08180499752,12.5
12-08-2024 02:34:10,101.482670361004,4518.05441128501,12.48
12-08-2024 02:44:10,99.4644073934529,4520.66674653739,12.46
12-08-2024 02:54:10,99.7464410929711,4518.84886455904,12.44
12-08-2024 03:04:10,100.599826743177,4517.21351852088,12.41
12-08-2024 03:14:10,101.264859197645,4516.71647216387,12.39
12-08-2024 03:24:10,100.687961005974,4516.60350517876,12.38
12-08-2024 03:34:10,100.490808863281,4516.29571811742,12.36
12-08-2024 03:44:10,101.152154949525,4513.62726778646,12.33
12-08-2024 03:54:10,101.625314069044,4514.1680849161,12.31
12-08-2024 04:04:10,99.5131756577039,4515.08563096313,12.29
12-08-2024 04:14:10,100.940283227504,4512.89036103544,12.26
12-08-2024 04:24:10,101.796167526438,4513.62016407746,12.24
12-08-2024 04:34:10,101.599042385909,4516.98465763477,12.22
12-08-2024 04:44:10,100.157855331272,4514.32745133813,12.2
12-08-2024 04:54:10,101.102217224035,4512.69267917347,12.16
12-08-2024 05:04:10,100.997422472402,4511.91198411949,12.13
12-08-2024 05:14:10,101.470073391171,4510.66847684679,12.11
12-08-2024 05:24:10,100.412341551549,4509.04967274758,12.09
12-08-2024 05:34:10,101.650006486938,4507.90161135575,12.07
12-08-2024 05:44:10,100.589011034069,4507.21769097213,12.04
12-08-2024 05:54:10,100.962369464756,4507.28590394605,12.01
12-08-2024 06:04:10,102.581786128845,4506.04580843412,11.99
12-08-2024 06:14:10,101.524628200416,4502.83421657779,11.97
12-08-2024 06:24:10,100.372133851788,4499.0605239087,11.95
12-08-2024 06:34:10,100.748823140216,4501.48475675703,11.93
12-08-2024 06:44:10,101.125428978964,4503.72083765628,11.91
12-08-2024 06:54:10,101.119802926044,4501.16984664341,11.89
12-08-2024 07:04:10,102.458699246031,4498.91333126624,11.89
12-08-2024 07:14:10,100.630972496488,4498.13539446937,11.85
12-08-2024 07:24:10,99.7692765905173,4498.97068192196,11.84
12-08-2024 07:34:10,101.769306657009,4495.10978224747,11.82
12-08-2024 07:44:10,101.194174282683,4492.66281156625,11.81
12-08-2024 07:54:10,102.047901612784,4489.17956266859,11.79
12-08-2024 08:04:10,101.278381417133,4491.98042067127,11.77
12-08-2024 08:14:10,100.897856013832,4488.32200209975,11.77
12-08-2024 08:24:10,100.708277923817,4487.75847292246,11.77
12-08-2024 08:34:10,100.426685146414,4486.35657026395,11.78
12-08-2024 08:44:10,100.809970827313,4496.67222317768,11.78
12-08-2024 08:54:10,100.429421108195,4484.57507787093,11.78
12-08-2024 09:04:10,100.911671302701,4482.236288618,11.79
12-08-2024 09:14:10,100.824516983974,4479.80855978501,11.81
12-08-2024 09:24:10,99.8743615120113,4477.56361718798,11.82
12-08-2024 09:34:10,101.315249897937,4472.60241610077,11.84
12-08-2024 09:44:10,100.375337718617,4470.65120931575,11.88
12-08-2024 09:54:10,100.294986287812,4466.35243671406,11.92
12-08-2024 10:04:10,102.225212797717,4461.77341563348,11.97
12-08-2024 10:14:10,100.048907095427,4458.69802944579,12.03
12-08-2024 10:24:10,99.8830864735261,4456.75166699141,12.1
12-08-2024 10:34:10,99.6180291070402,4449.91032740783,12.16
12-08-2024 10:44:10,98.6828181852389,4447.76804098036,12.22
12-08-2024 10:54:10,100.236294106033,4442.61213551706,12.28
12-08-2024 11:04:10,100.730306121709,4436.60114636971,12.32
12-08-2024 11:14:10,100.64982563506,4431.24643001006,12.36
12-08-2024 11:24:10,101.811238778968,4428.14922508402,12.39
12-08-2024 11:34:10,99.3285948411188,4423.07144268464,12.41
12-08-2024 11:44:10,98.6660170188528,4417.89836877525,12.43
12-08-2024 11:54:10,98.389980801984,4417.15464572781,12.46
12-08-2024 12:04:10,99.0689904687514,4410.28270176163,12.48
12-08-2024 12:14:10,100.706737931082,4407.55805027168,12.5
12-08-2024 12:24:10,99.1777492459936,4403.1361911233,12.51
12-08-2024 12:34:10,98.4121850806131,4404.75029201907,12.51
12-08-2024 12:44:10,98.8037560741363,4402.02560030949,12.53
12-08-2024 12:54:10,100.054928115682,4400.43332093123,12.54
12-08-2024 13:04:10,98.7173324721014,4401.67111719913,12.55
12-08-2024 13:14:10,98.5302760505595,4398.47576401982,12.56
12-08-2024 13:24:10,99.0212611029112,4397.16526476159,12.59
12-08-2024 13:34:10,98.7416469198699,4393.87396013849,12.61
12-08-2024 13:44:10,99.3219062905663,4393.22621121918,12.62
12-08-2024 13:54:10,98.7510957864223,4393.05074853796,12.63
12-08-2024 14:04:10,98.5673250644315,4392.59127672417,12.65
12-08-2024 14:14:10,98.667981787152,4390.33967982111,12.66
12-08-2024 14:24:10,98.4808017846228,4392.80894592946,12.67
12-08-2024 14:34:10,99.0578349401067,4391.8810892822,12.67
12-08-2024 14:44:10,98.0963380710915,4393.692772064,12.66
12-08-2024 14:54:10,98.0050727271477,4391.53725434184,12.67
12-08-2024 15:04:10,97.139576184646,4392.02803761282,12.66
12-08-2024 15:14:10,98.5800671139417,4389.59135543122,12.66
12-08-2024 15:24:10,98.8692333460442,4388.19357223034,12.66
12-08-2024 15:34:10,99.4462297171278,4389.06199023562,12.66
12-08-2024 15:44:10,98.7759577352733,4389.17555781521,12.66
12-08-2024 15:54:10,99.1644693302875,4386.26697154338,12.67
12-08-2024 16:04:10,98.8745661229773,4383.07860356702,12.66
12-08-2024 16:14:10,98.7765709827123,4383.76152127992,12.65
12-08-2024 16:24:10,98.6853402304314,4384.53592832754,12.66
12-08-2024 16:34:10,98.8751690990002,4380.21628438751,12.65
12-08-2024 16:44:10,97.533360783919,4381.74830816292,12.65
12-08-2024 16:54:10,99.741270733084,4379.59911823689,12.65
12-08-2024 17:04:10,97.8238306383871,4378.67754952103,12.65
12-08-2024 17:14:10,99.7439238694905,4381.06041678566,12.65
12-08-2024 17:24:10,99.3649101993883,4378.24971360868,12.66
12-08-2024 17:34:10,98.88312850822,4379.21934176531,12.65
12-08-2024 17:44:10,99.2716147105274,4381.50738749197,12.66
12-08-2024 17:54:10,98.7898366647452,4381.91114890017,12.65
12-08-2024 18:04:10,97.4513301052424,4382.78414617095,12.66
12-08-2024 18:14:10,97.0655894927825,4383.18859589346,12.65
12-08-2024 18:24:10,99.8491221107718,4387.36796329017,12.65
12-08-2024 18:34:10,98.5998714070756,4387.11204473057,12.64
12-08-2024 18:44:10,97.9296587390625,4386.10025769423,12.64
12-08-2024 18:54:10,99.3665587339019,4391.22524000042,12.63
12-08-2024 19:04:10,98.9841647698996,4390.78065319062,12.63
12-08-2024 19:14:10,99.6569752476841,4390.52525144395,12.63
12-08-2024 19:24:10,98.9901888336762,4391.40218892682,12.64
12-08-2024 19:34:10,100.142700022724,4391.61957954647,12.64
12-08-2024 19:44:10,97.4578882817714,4389.4775456395,12.64
12-08-2024 19:54:10,97.6477490370132,4387.71442976183,12.63
12-08-2024 20:04:10,97.4572056071322,4388.87688478295,12.63
12-08-2024 20:14:10,99.0892886336127,4385.60359663618,12.63
12-08-2024 20:24:10,97.5557550217182,4388.65460243043,12.63
12-08-2024 20:34:10,98.0333642840983,4391.98970848738,12.62
12-08-2024 20:44:10,99.6687839115482,4387.58449339315,12.63
12-08-2024 20:54:10,98.7141908856256,4388.18191244592,12.64
12-08-2024 21:04:10,99.9626276729336,4386.51514579891,12.64
12-08-2024 21:14:10,97.7607976603214,4387.20781193187,12.65
12-08-2024 21:24:10,98.1525478829752,4389.59976024685,12.67
12-08-2024 21:34:10,98.9248328272785,4389.91605111417,12.68
12-08-2024 21:44:10,98.8369501912427,4393.06541052908,12.7
12-08-2024 21:54:10,97.5013657729637,4396.1217675713,12.72
12-08-2024 22:04:10,98.6644986241748,4394.07821261156,12.75
12-08-2024 22:14:10,97.6198476873335,4400.06626040159,12.78
12-08-2024 22:24:10,97.819821319832,4401.89844039269,12.8
12-08-2024 22:34:10,98.7948343029673,4406.37990650503,12.84
12-08-2024 22:44:10,97.4615156425203,4403.866137123,12.87
12-08-2024 22:54:10,98.526159627887,4408.44431028031,12.89
12-08-2024 23:04:10,98.0571603614856,4408.76894357481,12.92
12-08-2024 23:14:10,98.0684924049203,4410.32427060444,12.95
12-08-2024 23:24:10,98.0764802364718,4412.44731228783,12.97
12-08-2024 23:34:10,98.7573013549131,4412.58392774295,12.99
12-08-2024 23:44:10,97.4228616565794,4413.66916057574,13.02
12-08-2024 23:54:10,98.9691066631536,4414.56446392954,13.04
12-09-2024 00:04:10,98.3041002154363,4414.22947413825,13.06
12-09-2024 00:14:10,98.9818830629987,4417.68145697961,13.07
12-09-2024 00:24:10,99.2819023887707,4419.71779936359,13.1
12-09-2024 00:34:10,99.3793696203026,4420.707027318,13.1
12-09-2024 00:44:10,97.7523014735485,4424.54328838721,13.12
12-09-2024 00:54:10,98.5264685519248,4422.78838669418,13.13
12-09-2024 01:04:10,98.5311297524389,4424.3500692674,13.14
12-09-2024 01:14:10,98.5357904986275,4426.29148652833,13.15
12-09-2024 01:24:10,99.0180969099413,4425.57753850192,13.15
12-09-2024 01:34:10,98.6379450315907,4427.89915372667,13.16
12-09-2024 01:44:10,99.7937429405142,4428.22845202055,13.16
12-09-2024 01:54:10,98.8363221209576,4431.59386482854,13.17
12-09-2024 02:04:10,98.5523353533706,4431.07412334789,13.18
12-09-2024 02:14:10,97.5914151412292,4433.9638970589,13.18
12-09-2024 02:24:10,100.094420006689,4432.11491476393,13.18
12-09-2024 02:34:10,98.8448376458859,4432.92027930466,13.18
12-09-2024 02:44:10,100.000758558117,4435.05302350436,13.18
12-09-2024 02:54:10,99.0398350329607,4435.00616268175,13.18
12-09-2024 03:04:10,98.5633873444347,4434.96319769685,13.19
12-09-2024 03:14:10,99.1420167861227,4438.42442929159,13.19
12-09-2024 03:24:10,98.9474442454636,4437.80633957025,13.18
12-09-2024 03:34:10,98.3713980634984,4438.51939563485,13.18
12-09-2024 03:44:10,99.527314006207,4438.66416396313,13.18
12-09-2024 03:54:10,98.6626056755797,4438.43021129462,13.18
12-09-2024 04:04:10,98.5642823586613,4438.38238530375,13.17
12-09-2024 04:14:10,98.6617686795451,4440.04478000623,13.17
12-09-2024 04:24:10,99.4293349095719,4438.67084139912,13.16
12-09-2024 04:34:10,97.4068945032593,4437.10796656946,13.15
12-09-2024 04:44:10,97.7929801811638,4440.09797155428,13.15
12-09-2024 04:54:10,99.4297192191594,4439.10840078129,13.15
12-09-2024 05:04:10,100.293353780903,4431.76676139107,13.14
12-09-2024 05:14:10,98.947836574167,4437.22137129957,13.14
12-09-2024 05:24:10,99.4266745082073,4436.79775029132,13.13
12-09-2024 05:34:10,99.1393588490755,4436.47317531189,13.13
12-09-2024 05:44:10,98.5634618392592,4435.67527714655,13.13
12-09-2024 05:54:10,98.5613514455526,4437.05303176731,13.12
12-09-2024 06:04:10,98.6554234463784,4434.7363799687,13.11
12-09-2024 06:14:10,96.92211144418,4432.13628367362,13.1
12-09-2024 06:24:10,98.266500958938,4434.65174336084,13.09
12-09-2024 06:34:10,99.4184071166182,4434.70471213611,13.08
12-09-2024 06:44:10,98.4546311199524,4435.23156898021,13.07
12-09-2024 06:54:10,99.4140854553761,4432.91782960862,13.06
12-09-2024 07:04:10,99.2230304382393,4435.34321469163,13.06
12-09-2024 07:14:10,99.3170296436135,4433.88261957834,13.05
12-09-2024 07:24:10,98.9302899343706,4431.75985181079,13.04
12-09-2024 07:34:10,98.8353992957808,4435.03820695247,13.04
12-09-2024 07:44:10,98.1602855103015,4435.28315504875,13.03
12-09-2024 07:54:10,98.930660686947,4434.77507772145,13.03
12-09-2024 08:04:10,98.6434924106026,4433.22599068756,13.03
12-09-2024 08:14:10,98.8370244990664,4431.77199088038,13.03
12-09-2024 08:24:10,98.5498545662146,4432.11722369988,13.03
12-09-2024 08:34:10,97.8781228506595,4431.51612155723,13.03
12-09-2024 08:44:10,98.5523536474239,4428.5485632858,13.03
12-09-2024 08:54:10,100.576029003867,4425.96351951059,13.04
12-09-2024 09:04:10,99.6192500302378,4426.50327105623,13.05
12-09-2024 09:14:10,100.485854660939,4420.69585422801,13.05
12-09-2024 09:24:10,100.971359033178,4423.22474554508,13.06
12-09-2024 09:34:10,98.187423893785,4419.03050780351,13.07
12-09-2024 09:44:10,99.2464449805869,4417.8639551461,13.07
12-09-2024 09:54:10,97.811923830712,4417.65059123443,13.09
12-09-2024 10:04:10,99.740046600671,4412.98267671845,13.1
12-09-2024 10:14:10,99.3702423808097,4412.0164874101,13.14
12-09-2024 10:24:10,97.8456308488151,4406.97456802139,13.18
12-09-2024 10:34:10,98.4376548012019,4405.24854152172,13.22
12-09-2024 10:44:10,99.3221447257631,4402.8599391864,13.27
12-09-2024 10:54:10,98.5701107456038,4400.84962643559,13.32
12-09-2024 11:04:10,98.3888548309187,4393.90009638916,13.35
12-09-2024 11:14:10,98.2108939514298,4394.92315417778,13.39
12-09-2024 11:24:10,97.644111981791,4391.67292400306,13.42
12-09-2024 11:34:10,98.1337945272946,4387.85107329833,13.44
12-09-2024 11:44:10,96.9852995540499,4385.35834442143,13.46
12-09-2024 11:54:10,98.3458049095207,4384.5758961706,13.49
12-09-2024 12:04:10,97.971529514761,4384.26875147017,13.52
12-09-2024 12:14:10,97.6935460477276,4384.43723816853,13.55
12-09-2024 12:24:10,99.2408795858753,4385.36560274343,13.56
12-09-2024 12:34:10,97.1273969243693,4379.830245064,13.58
12-09-2024 12:44:10,98.7747854199279,4381.80568526453,13.6
12-09-2024 12:54:10,98.3005205471869,4379.69276129066,13.62
12-09-2024 13:04:10,96.6685559700852,4376.81872166104,13.64
12-09-2024 13:14:10,98.0270089813486,4372.80268498315,13.66
12-09-2024 13:24:10,98.4242606215186,4375.44618887544,13.69
12-09-2024 13:34:10,96.9879725357563,4373.5229487926,13.72
12-09-2024 13:44:10,97.6747562042119,4368.64818017988,13.75
12-09-2024 13:54:10,97.1067321898775,4366.81872515376,13.78
12-09-2024 14:04:10,96.4386951636819,4366.70391643611,13.8
12-09-2024 14:14:10,97.2189485772018,4365.82755187959,13.82
12-09-2024 14:24:10,97.7063183999029,4364.95211626538,13.83
12-09-2024 14:34:10,97.5177275360083,4366.45859794206,13.84
12-09-2024 14:44:10,96.6530631758251,4366.06032322999,13.85
12-09-2024 14:54:10,97.2337544139683,4364.1387051995,13.85
12-09-2024 15:04:10,98.010955110194,4363.26469946531,13.86
12-09-2024 15:14:10,97.7224194374954,4364.20214295797,13.86
12-09-2024 15:24:10,97.3406142298844,4364.09123761223,13.87
12-09-2024 15:34:10,96.2826011787149,4362.45606167258,13.88
12-09-2024 15:44:10,97.1531697390375,4361.1078720275,13.88
12-09-2024 15:54:10,96.2882861053086,4362.33224104465,13.89
12-09-2024 16:04:10,97.0590010205278,4361.27153822893,13.88
12-09-2024 16:14:10,96.8637340913392,4361.73596005463,13.87
12-09-2024 16:24:10,98.1172506815017,4362.10541271313,13.86
12-09-2024 16:34:10,96.4765300621322,4362.56976132787,13.86
12-09-2024 16:44:10,97.829917753071,4366.17872768317,13.86
12-09-2024 16:54:10,97.6379579635949,4363.2138591625,13.86
12-09-2024 17:04:10,97.7324132612469,4366.53816213945,13.85
12-09-2024 17:14:10,98.2097883405352,4371.577038474,13.83
12-09-2024 17:24:10,96.9424419626958,4373.66174404301,13.79
12-09-2024 17:34:10,98.0954954600726,4374.50849867464,13.77
12-09-2024 17:44:10,97.896940613905,4374.02256607144,13.75
12-09-2024 17:54:10,97.1725745927169,4374.58450251598,13.74
12-09-2024 18:04:10,96.448207743275,4374.57599307293,13.74
12-09-2024 18:14:10,98.2765562545933,4371.42631983591,13.72
12-09-2024 18:24:10,98.0880925655127,4376.3683132636,13.73
12-09-2024 18:34:10,98.4686012932532,4376.26476930873,13.71
12-09-2024 18:44:10,98.2667049642253,4379.68151381502,13.68
12-09-2024 18:54:10,98.5539880318069,4382.14778932962,13.67
12-09-2024 19:04:10,99.3202022733883,4386.22997664762,13.65
12-09-2024 19:14:10,96.8065805151683,4389.74059836274,13.63
12-09-2024 19:24:10,96.5118672778552,4396.00828303901,13.61
12-09-2024 19:34:10,97.2780513337235,4396.75966629058,13.59
12-09-2024 19:44:10,98.3333503830603,4397.98650637516,13.57
12-09-2024 19:54:10,97.8423925008958,4397.6901849934,13.54
12-09-2024 20:04:10,98.4085924610441,4398.62723924949,13.5
12-09-2024 20:14:10,97.9178120316088,4399.28150176409,13.47
12-09-2024 20:24:10,98.6798618265607,4402.78495425841,13.44
12-09-2024 20:34:10,97.6078209962189,4402.39143609892,13.4
12-09-2024 20:44:10,98.562268821274,4399.72304226537,13.37
12-09-2024 20:54:10,97.1087594317068,4400.66238014194,13.34
12-09-2024 21:04:10,98.640709053875,4404.82745308221,13.31
12-09-2024 21:14:10,98.8243192290975,4404.91213279413,13.28
12-09-2024 21:24:10,98.0452928092339,4409.9284740152,13.25
12-09-2024 21:34:10,97.8406451140461,4414.65466131225,13.21
12-09-2024 21:44:10,98.216725645615,4419.00323290586,13.18
12-09-2024 21:54:10,97.8263740966786,4421.26965056659,13.16
12-09-2024 22:04:10,98.6833194147592,4427.88963893307,13.13
12-09-2024 22:14:10,98.0011391281955,4432.5176832616,13.1
12-09-2024 22:24:10,97.8066407672944,4434.50287553446,13.09
12-09-2024 22:34:10,98.8555681141433,4443.4847066378,13.06
12-09-2024 22:44:10,98.3659026898372,4446.30888835798,13.03
12-09-2024 22:54:10,98.5559973503595,4451.89042462274,13.02
12-09-2024 23:04:10,99.127192898244,4454.05684980093,13
12-09-2024 23:14:10,99.0220767230402,4454.5125543896,12.97
12-09-2024 23:24:10,98.6354521136929,4451.48121945026,12.96
12-09-2024 23:34:10,97.9539176799712,4458.74943529528,12.93
12-09-2024 23:44:10,98.2400084845426,4460.73299042219,12.92
12-09-2024 23:54:10,98.1417613511334,4464.32462338484,12.91
12-10-2024 00:04:10,98.5171607452506,4470.92620062342,12.88
12-10-2024 00:14:10,99.235347696868,4466.38461296222,12.87
12-10-2024 00:24:10,99.9535338202316,4470.07012129885,12.86
12-10-2024 00:34:10,99.8552218390036,4472.90454926857,12.85
12-10-2024 00:44:10,98.4090192136238,4484.52158966271,12.83
12-10-2024 00:54:10,99.1716708272565,4479.68967998076,12.81
12-10-2024 01:04:10,98.3052837566804,4480.91677203492,12.8
12-10-2024 01:14:10,98.2997605212826,4481.00094665513,12.78
12-10-2024 01:24:10,99.7341885413163,4481.36889237213,12.76
12-10-2024 01:34:10,99.7285073844755,4483.15406485618,12.74
12-10-2024 01:44:10,99.1435838790555,4479.54631829224,12.71
12-10-2024 01:54:10,98.6615335664774,4481.9075809817,12.7
12-10-2024 02:04:10,98.9472123622928,4482.09699164945,12.69
12-10-2024 02:14:10,98.4618732517835,4481.1445086221,12.67
12-10-2024 02:24:10,99.8919779811858,4483.2041439646,12.64
12-10-2024 02:34:10,97.3890049647988,4480.92206114467,12.61
12-10-2024 02:44:10,99.6853410040369,4476.38579784694,12.59
12-10-2024 02:54:10,99.1967964359107,4479.1066245905,12.56
12-10-2024 03:04:10,98.0406150393927,4482.0244763785,12.54
12-10-2024 03:14:10,99.4697606309334,4481.16025372485,12.51
12-10-2024 03:24:10,100.035797569479,4479.54252904874,12.48
12-10-2024 03:34:10,99.5508966496671,4477.46358419896,12.46
12-10-2024 03:44:10,98.8677100709306,4477.44111760959,12.42
12-10-2024 03:54:10,99.2419628070875,4474.97841881664,12.39
12-10-2024 04:04:10,98.4666729660459,4474.21264244415,12.36
12-10-2024 04:14:10,101.043554355591,4472.12915291387,12.33
12-10-2024 04:24:10,99.2149373719933,4470.04694647266,12.3
12-10-2024 04:34:10,99.7769422653333,4467.76944101801,12.26
12-10-2024 04:44:10,98.2363882655919,4467.10148241187,12.23
12-10-2024 04:54:10,99.7587552971039,4466.15192751666,12.2
12-10-2024 05:04:10,99.0764988899415,4461.43299278374,12.16
12-10-2024 05:14:10,99.0675236435774,4459.54560610333,12.13
12-10-2024 05:24:10,99.4445352705659,4456.91491483599,12.11
12-10-2024 05:34:10,100.289354996897,4455.10908503403,12.06
12-10-2024 05:44:10,99.7099253036045,4454.73628185714,12.04
12-10-2024 05:54:10,100.373494321197,4453.23655546243,12.02
12-10-2024 06:04:10,99.6883716555112,4451.05862256063,11.97
12-10-2024 06:14:10,99.7748655314003,4451.99509200064,11.94
12-10-2024 06:24:10,99.1891211877852,4452.17323674834,11.9
12-10-2024 06:34:10,99.2722837760853,4454.79131839844,11.86
12-10-2024 06:44:10,99.1644087809955,4455.25055225042,11.82
12-10-2024 06:54:10,99.7317422017564,4452.25459157638,11.8
12-10-2024 07:04:10,99.1464568539792,4452.71503233256,11.76
12-10-2024 07:14:10,99.5192969480113,4449.33940844673,11.73
12-10-2024 07:24:10,99.7999813649742,4450.37779676054,11.71
12-10-2024 07:34:10,98.5436827861526,4448.58357141834,11.66
12-10-2024 07:44:10,99.6796210450921,4449.42771053257,11.63
12-10-2024 07:54:10,99.8545233737387,4448.94645237905,11.58
12-10-2024 08:04:10,99.1779303781444,4446.70131583092,11.55
12-10-2024 08:14:10,99.0702564824444,4444.63791445131,11.51
12-10-2024 08:24:10,97.1613766390606,4440.53729242939,11.5
12-10-2024 08:34:10,98.9671148552855,4439.33203127203,11.48
12-10-2024 08:44:10,98.5836228210778,4436.4497771306,11.47
12-10-2024 08:54:10,98.7720416997473,4431.69729486023,11.46
12-10-2024 09:04:10,99.0591046562041,4427.88697662605,11.46
12-10-2024 09:14:10,98.8696088593632,4425.10614906893,11.46
12-10-2024 09:24:10,99.8272526023662,4423.36009867051,11.47
12-10-2024 09:34:10,98.783237476568,4421.80135475913,11.48
12-10-2024 09:44:10,98.2157431745598,4419.96209089037,11.49
12-10-2024 09:54:10,97.6481855967968,4417.00001600566,11.5
12-10-2024 10:04:10,99.4707735253186,4417.5104722598,11.53
12-10-2024 10:14:10,97.9628240545577,4410.8214616092,11.58
12-10-2024 10:24:10,98.7403149995195,4410.77428074832,11.62
12-10-2024 10:34:10,97.7085240068823,4410.54460140824,11.67
12-10-2024 10:44:10,97.2488512678806,4404.03493081574,11.72
12-10-2024 10:54:10,97.0753465089302,4399.30253439589,11.77
12-10-2024 11:04:10,98.2321100438494,4395.49853852125,11.8
12-10-2024 11:14:10,98.4341983548419,4390.28607904281,11.83
12-10-2024 11:24:10,97.8721813994439,4390.13887536118,11.86
12-10-2024 11:34:10,98.3542309024417,4392.80151643109,11.87
12-10-2024 11:44:10,98.4575380396179,4390.8693494434,11.89
12-10-2024 11:54:10,97.984273628213,4392.40716236332,11.9
12-10-2024 12:04:10,98.0842419723178,4388.87658436556,11.91
12-10-2024 12:14:10,98.9486435055543,4390.03983679283,11.92
12-10-2024 12:24:10,97.8986733302881,4385.56790301828,11.92
12-10-2024 12:34:10,99.0464188419772,4387.01073290854,11.92
12-10-2024 12:44:10,97.8053412262723,4388.64173246147,11.92
12-10-2024 12:54:10,97.9020032698321,4391.30580898886,11.92
12-10-2024 13:04:10,97.9031115931726,4389.27636848857,11.92
12-10-2024 13:14:10,98.3853127318558,4390.4422954043,11.93
12-10-2024 13:24:10,98.5808757715493,4387.75922895196,11.94
12-10-2024 13:34:10,98.0086011423724,4385.82463418245,11.94
12-10-2024 13:44:10,99.8288197920834,4383.1418737714,11.95
12-10-2024 13:54:10,96.6826293271293,4381.87022749567,11.97
12-10-2024 14:04:10,97.0693068045817,4377.87254124625,11.98
12-10-2024 14:14:10,98.6031025499097,4382.89181069936,11.99
12-10-2024 14:24:10,99.5601014446826,4383.11895547053,11.99
12-10-2024 14:34:10,98.1306724778454,4382.03405296529,12
12-10-2024 14:44:10,98.3196359978413,4384.51376648292,11.99
12-10-2024 14:54:10,97.5527334343493,4387.46310060466,11.98
12-10-2024 15:04:10,97.9328649406746,4385.05927042495,11.97
12-10-2024 15:14:10,98.3162792752235,4385.10059232797,11.97
12-10-2024 15:24:10,99.0786420780329,4388.05061667413,11.96
12-10-2024 15:34:10,98.4107204470141,4387.34149292511,11.96
12-10-2024 15:44:10,98.0229016728115,4389.53753283642,11.94
12-10-2024 15:54:10,98.8807107674322,4387.04235083597,11.93
12-10-2024 16:04:10,98.1140255658417,4392.24598183553,11.92
12-10-2024 16:14:10,98.4973297202234,4392.94685761419,11.92
12-10-2024 16:24:10,98.3039921360306,4394.58332311101,11.91
12-10-2024 16:34:10,97.5407020006786,4397.53787533271,11.91
12-10-2024 16:44:10,98.7805618498508,4399.73784767292,11.9
12-10-2024 16:54:10,99.9247474159914,4402.21944937494,11.89
12-10-2024 17:04:10,98.2028505453158,4405.73341774186,11.88
12-10-2024 17:14:10,98.3950018828277,4410.65976919379,11.88
12-10-2024 17:24:10,100.586425334554,4412.85476677028,11.86
12-10-2024 17:34:10,98.1994775981688,4417.68733970986,11.86
12-10-2024 17:44:10,99.056891454098,4421.76388647112,11.85
12-10-2024 17:54:10,99.054612720969,4423.02555536065,11.84
12-10-2024 18:04:10,98.9534709023939,4426.5328434087,11.82
12-10-2024 18:14:10,99.4252896936302,4427.22564019787,11.8
12-10-2024 18:24:10,98.9455664540114,4429.51921953305,11.79
12-10-2024 18:34:10,100.181099600671,4430.11838638505,11.77
12-10-2024 18:44:10,99.7968814005766,4428.84893129023,11.76
12-10-2024 18:54:10,99.8866160200727,4429.1675631468,11.74
12-10-2024 19:04:10,100.453569444611,4430.04888885229,11.72
12-10-2024 19:14:10,100.730633693045,4429.98663489924,11.69
12-10-2024 19:24:10,99.2901117833754,4431.61125233391,11.66
12-10-2024 19:34:10,99.1856730488778,4433.61017475976,11.63
12-10-2024 19:44:10,98.7984572695915,4433.55496341871,11.61
12-10-2024 19:54:10,100.036191605393,4433.60055376383,11.6
12-10-2024 20:04:10,99.9384740365739,4437.67324157569,11.59
12-10-2024 20:14:10,98.9823967401666,4439.49840854331,11.58
12-10-2024 20:24:10,98.6906710342878,4438.78848292292,11.56
12-10-2024 20:34:10,99.3592896613716,4441.83836628703,11.56
12-10-2024 20:44:10,99.3569866013911,4439.63848623345,11.55
12-10-2024 20:54:10,99.5521571590717,4440.82400377912,11.56
12-10-2024 21:04:10,100.220773301394,4441.34729695268,11.56
12-10-2024 21:14:10,99.8403852830656,4441.12201664189,11.56
12-10-2024 21:24:10,99.3612592135258,4443.32376078305,11.55
12-10-2024 21:34:10,98.9842428223382,4441.98341890872,11.56
12-10-2024 21:44:10,99.1760359551015,4438.48256244076,11.56
12-10-2024 21:54:10,99.9400118954642,4441.81661540053,11.56
12-10-2024 22:04:10,98.5106164034694,4438.87832337208,11.56
12-10-2024 22:14:10,99.1758639404033,4439.58439140276,11.55
12-10-2024 22:24:10,99.7490780892786,4440.2981672685,11.55
12-10-2024 22:34:10,98.8885641646491,4441.09847952258,11.54
12-10-2024 22:44:10,98.3108741561272,4440.30038894044,11.52
12-10-2024 22:54:10,97.5459173637827,4437.63854424696,11.51
12-10-2024 23:04:10,99.5456869444809,4438.06566198968,11.5
12-10-2024 23:14:10,97.7321447939417,4437.55737094174,11.49
12-10-2024 23:24:10,99.3470246029013,4433.29993491074,11.47
12-10-2024 23:34:10,98.5822181152517,4433.44776389151,11.46
12-10-2024 23:44:10,97.9095105027922,4433.02774672612,11.44
12-10-2024 23:54:10,99.6226006339841,4432.33455785257,11.43
12-11-2024 00:04:10,99.3310300499267,4429.67114826476,11.41
12-11-2024 00:14:10,99.1381547483747,4430.66233111475,11.4
12-11-2024 00:24:10,99.224401657165,4429.20929507869,11.37
12-11-2024 00:34:10,98.6505360754225,4428.70527064054,11.36
12-11-2024 00:44:10,98.9306746961093,4426.79306719057,11.34
12-11-2024 00:54:10,98.7378927486417,4425.26204830713,11.33
12-11-2024 01:04:10,98.824170189352,4424.18623274259,11.3
12-11-2024 01:14:10,99.1041957845825,4423.11753251309,11.28
12-11-2024 01:24:10,99.0985382098106,4422.79682243998,11.26
12-11-2024 01:34:10,98.5217016314273,4424.62472599121,11.24
12-11-2024 01:44:10,98.0401771285636,4418.42148565442,11.22
12-11-2024 01:54:10,98.6023672141027,4419.31053918647,11.19
12-11-2024 02:04:10,99.0759143287642,4418.90476164617,11.18
12-11-2024 02:14:10,99.7329594410431,4416.15414189297,11.15
12-11-2024 02:24:10,99.6354728534988,4414.06960753384,11.14
12-11-2024 02:34:10,99.1507353285373,4412.25470383763,11.11
12-11-2024 02:44:10,98.0003645233384,4409.32155960896,11.08
12-11-2024 02:54:10,97.9030083207826,4410.0381235582,11.07
12-11-2024 03:04:10,99.3205862199245,4408.0396675475,11.04
12-11-2024 03:14:10,99.6952335307821,4406.14079848724,11.02
12-11-2024 03:24:10,98.2634397947185,4405.3616237207,11
12-11-2024 03:34:10,97.6842401764332,4401.78184005264,10.97
12-11-2024 03:44:10,98.8192850928019,4398.30174185382,10.95
12-11-2024 03:54:10,98.8136601076608,4398.55025692319,10.93
12-11-2024 04:04:10,98.7096877709887,4394.97499155995,10.9
12-11-2024 04:14:10,97.2756950296756,4394.66151871685,10.87
12-11-2024 04:24:10,98.9834591894507,4390.35244404185,10.86
12-11-2024 04:34:10,97.932945720381,4390.41725552896,10.84
12-11-2024 04:44:10,98.7822190106593,4386.1065985731,10.82
12-11-2024 04:54:10,99.2547867966714,4385.80407007831,10.81
12-11-2024 05:04:10,98.6760215707029,4383.26093921242,10.78
12-11-2024 05:14:10,97.4328551450877,4385.37200453242,10.75
12-11-2024 05:24:10,97.7121760240656,4382.46212099409,10.73
12-11-2024 05:34:10,97.8932399190225,4377.968968711,10.7
12-11-2024 05:44:10,98.26733815253,4378.22420410531,10.68
12-11-2024 05:54:10,98.7329293700046,4371.40982645599,10.65
12-11-2024 06:04:10,98.1580399206375,4372.03858061846,10.63
12-11-2024 06:14:10,98.6334591981801,4372.67295752017,10.63
12-11-2024 06:24:10,97.2015874984259,4374.13597397104,10.6
12-11-2024 06:34:10,98.3343805692421,4368.72444721341,10.58
12-11-2024 06:44:10,98.5184957951746,4370.37693395965,10.56
12-11-2024 06:54:10,98.6077375786348,4368.59173670536,10.54
12-11-2024 07:04:10,99.2692385542237,4366.34526858892,10.53
12-11-2024 07:14:10,97.6549325535703,4365.12136026426,10.52
12-11-2024 07:24:10,97.8390591287403,4363.61728117212,10.5
12-11-2024 07:34:10,98.6867556510758,4360.53532036362,10.48
12-11-2024 07:44:10,99.4428291989017,4361.4492254168,10.47
12-11-2024 07:54:10,98.7736343098091,4359.85456532355,10.45
12-11-2024 08:04:10,98.1111461345129,4357.8928274959,10.45
12-11-2024 08:14:10,98.2036592694573,4354.63022092165,10.44
12-11-2024 08:24:10,96.7797509905643,4353.68926738303,10.43
12-11-2024 08:34:10,98.3004637693913,4354.32975424889,10.44
12-11-2024 08:44:10,97.0693234858959,4352.55548076787,10.44
12-11-2024 08:54:10,97.6390182652988,4348.27500322982,10.44
12-11-2024 09:04:10,98.117212155663,4343.6242583087,10.45
12-11-2024 09:14:10,97.0820229016068,4341.85218836642,10.47
12-11-2024 09:24:10,97.6615773236777,4338.50150104247,10.5
12-11-2024 09:34:10,99.3758986985276,4340.44462556849,10.52
12-11-2024 09:44:10,98.2489048639728,4336.81453137799,10.55
12-11-2024 09:54:10,98.639193771835,4336.06425042912,10.58
12-11-2024 10:04:10,99.222691153796,4331.13084733461,10.62
12-11-2024 10:14:10,97.5322193141004,4328.79831287148,10.67
12-11-2024 10:24:10,97.7360761249667,4326.46507012666,10.71
12-11-2024 10:34:10,96.3323915572889,4322.54729825723,10.77
12-11-2024 10:44:10,98.1506302308935,4319.65280860476,10.81
12-11-2024 10:54:10,97.6898203888423,4316.10518441812,10.85
12-11-2024 11:04:10,96.4750901002924,4317.02470641142,10.91
12-11-2024 11:14:10,98.1997042273802,4314.22013070398,10.95
12-11-2024 11:24:10,97.6434816751153,4311.88044685304,10.99
12-11-2024 11:34:10,97.4673626023803,4308.60732669935,11.03
12-11-2024 11:44:10,97.7667048358156,4306.63859671526,11.07
12-11-2024 11:54:10,97.305146648007,4307.56163734846,11.11
12-11-2024 12:04:10,97.794881339469,4302.79232257849,11.15
12-11-2024 12:14:10,96.857271811184,4301.47500615378,11.19
12-11-2024 12:24:10,97.5375033400978,4297.91599542432,11.23
12-11-2024 12:34:10,98.2114325985628,4294.36107561597,11.25
12-11-2024 12:44:10,95.7498330813231,4291.45326194675,11.29
12-11-2024 12:54:10,95.5698428108666,4289.85582535525,11.32
12-11-2024 13:04:10,97.4853814897752,4289.94066911406,11.35
12-11-2024 13:14:10,94.9207508696189,4284.41984857415,11.37
12-11-2024 13:24:10,97.884788263165,4282.54068103514,11.4
12-11-2024 13:34:10,97.2253087010656,4280.85204463799,11.42
12-11-2024 13:44:10,96.94688777385,4277.01195429306,11.44
12-11-2024 13:54:10,96.0997219526389,4277.93825231116,11.47
12-11-2024 14:04:10,96.3009335817605,4275.8708371507,11.5
12-11-2024 14:14:10,96.1176285524148,4273.15214677929,11.52
12-11-2024 14:24:10,95.3621614246259,4267.53119232927,11.54
12-11-2024 14:34:10,96.9938631961534,4265.64893122215,11.57
12-11-2024 14:44:10,95.4720911017973,4261.62283626598,11.58
12-11-2024 14:54:10,95.5747649422929,4262.17991058932,11.6
12-11-2024 15:04:10,96.5328056989223,4258.99642649439,11.61
12-11-2024 15:14:10,94.6353068299439,4255.89517218791,11.64
12-11-2024 15:24:10,95.3135641373198,4250.35673371763,11.67
12-11-2024 15:34:10,96.1765292903174,4248.015347717,11.68
12-11-2024 15:44:10,95.1340838190837,4239.48190882943,11.7
12-11-2024 15:54:10,95.1444723369901,4235.4384653539,11.73
12-11-2024 16:04:10,95.2503319531965,4230.45598807628,11.76
12-11-2024 16:14:10,93.4465338978256,4223.97111974257,11.79
12-11-2024 16:24:10,95.4621525529258,4220.20417492859,11.82
12-11-2024 16:34:10,94.7084687377691,4216.99894245031,11.85
12-11-2024 16:44:10,95.00851860873,4212.28215507364,11.89
12-11-2024 16:54:10,94.1589142768582,4208.51105815031,11.92
12-11-2024 17:04:10,93.5001655281569,4209.15199365285,11.95
12-11-2024 17:14:10,94.657302701098,4203.31310213293,11.98
12-11-2024 17:24:10,93.9028160938732,4200.10239856277,12.01
12-11-2024 17:34:10,93.5305431900573,4199.89753235488,12.04
12-11-2024 17:44:10,93.8275690048416,4201.10280334117,12.07
12-11-2024 17:54:10,93.8377489083491,4197.60873298954,12.1
12-11-2024 18:04:10,94.3200500110336,4196.01438152961,12.11
12-11-2024 18:14:10,94.9043237775707,4194.49371984223,12.14
12-11-2024 18:24:10,93.9516779336873,4198.07184454088,12.15
12-11-2024 18:34:10,94.1470774757057,4197.41870512583,12.16
12-11-2024 18:44:10,94.9197376068906,4195.06267006993,12.18
12-11-2024 18:54:10,94.1551790798945,4199.31157388179,12.18
12-11-2024 19:04:10,93.4893634606122,4195.64938064329,12.19
12-11-2024 19:14:10,93.0088188375988,4199.25080646301,12.18
12-11-2024 19:24:10,95.4020220216183,4199.17400954027,12.18
12-11-2024 19:34:10,94.927662682691,4197.770765235,12.19
12-11-2024 19:44:10,94.3513466339145,4199.58603638267,12.18
12-11-2024 19:54:10,94.4510982108706,4199.78286713201,12.19
12-11-2024 20:04:10,94.5446356466836,4201.88099062433,12.18
12-11-2024 20:14:10,95.4067975036031,4202.18251160699,12.18
12-11-2024 20:24:10,94.6422315223233,4202.67257281894,12.18
12-11-2024 20:34:10,94.0690443610186,4203.72742975422,12.18
12-11-2024 20:44:10,94.4527546126046,4198.66854739369,12.18
12-11-2024 20:54:10,94.3580149153647,4201.69957063719,12.18
12-11-2024 21:04:10,93.3094195116612,4196.81965392988,12.19
12-11-2024 21:14:10,94.5575165374695,4200.31237567936,12.2
12-11-2024 21:24:10,94.5584641795827,4200.71091932574,12.2
12-11-2024 21:34:10,93.8925840659083,4200.81797233123,12.21
12-11-2024 21:44:10,95.6194027363298,4203.46596090139,12.22
12-11-2024 21:54:10,94.8546604901585,4203.30125876917,12.22
12-11-2024 22:04:10,93.8984955648525,4205.20700287771,12.22
12-11-2024 22:14:10,95.717946649065,4207.39543679922,12.22
12-11-2024 22:24:10,94.6660691418111,4209.96065297728,12.22
12-11-2024 22:34:10,95.9112530168736,4209.32713855631,12.22
12-11-2024 22:44:10,94.8562450641848,4213.59550648155,12.21
12-11-2024 22:54:10,94.0884538191119,4214.38273657689,12.2
12-11-2024 23:04:10,94.2776974770538,4216.1109594279,12.19
12-11-2024 23:24:10,94.6551823355494,4217.37736040181,12.17
12-11-2024 23:34:10,96.1838719514518,4221.92724960614,12.16
12-11-2024 23:44:10,95.7989122712045,4222.33898241266,12.15
12-11-2024 23:54:10,95.8891539348674,4223.22912764882,12.13
12-12-2024 00:04:10,94.9303235902972,4225.70993084847,12.12
12-12-2024 00:14:10,95.5945306458571,4230.07840303229,12.1
12-12-2024 00:24:10,95.2034374588564,4230.31761121526,12.07
12-12-2024 00:34:10,95.963051629388,4231.58346100343,12.05
12-12-2024 00:44:10,95.7663900744253,4232.37953536114,12.03
12-12-2024 00:54:10,94.6137687418912,4233.73941724769,12.01
12-12-2024 01:04:10,96.4246819501363,4236.22642084418,11.99
12-12-2024 01:14:10,94.510711894553,4235.88875151487,11.98
12-12-2024 01:24:10,95.939040344113,4235.74625809798,11.96
12-12-2024 01:34:10,95.7393039395716,4238.23989854675,11.93
12-12-2024 01:44:10,94.8739597207916,4238.47337130804,11.91
12-12-2024 01:54:10,94.5851353229452,4241.32871796404,11.9
12-12-2024 02:04:10,95.2485694383096,4242.50096370345,11.88
12-12-2024 02:14:10,95.7208142239402,4242.82872503473,11.86
12-12-2024 02:24:10,95.3333569237402,4243.53206822894,11.84
12-12-2024 02:34:10,94.8504839217638,4245.92412818052,11.82
12-12-2024 02:44:10,95.2271249521868,4251.0358646794,11.8
12-12-2024 02:54:10,95.6928298269117,4255.68821923579,11.76
12-12-2024 03:04:10,95.4041939473147,4258.9168403672,11.75
12-12-2024 03:14:10,94.8292141149767,4260.64536472814,11.74
12-12-2024 03:24:10,95.9660921077133,4261.4463597697,11.71
12-12-2024 03:34:10,96.7241080176468,4263.08599931295,11.69
12-12-2024 03:44:10,96.4291147996566,4270.82027384386,11.66
12-12-2024 03:54:10,96.9928239103435,4272.27535045872,11.63
12-12-2024 04:04:10,95.7440336223664,4273.82380581228,11.6
12-12-2024 04:14:10,95.8339925919214,4275.18086812643,11.58
12-12-2024 04:24:10,95.3454622561769,4272.98819037705,11.54
12-12-2024 04:34:10,96.1060188070262,4276.02651240351,11.53
12-12-2024 04:44:10,95.7097277967937,4279.82735076913,11.48
12-12-2024 04:54:10,97.3213650806357,4278.84855091424,11.45
12-12-2024 05:04:10,95.880000621796,4279.08989645441,11.41
12-12-2024 05:14:10,96.0587652223832,4281.48172456674,11.37
12-12-2024 05:24:10,96.6184253784208,4285.36786343147,11.33
12-12-2024 05:34:10,95.7431799184091,4283.93261289509,11.27
12-12-2024 05:44:10,95.5442180127346,4284.4507106514,11.24
12-12-2024 05:54:10,95.4373607777097,4290.38741136469,11.2
12-12-2024 06:04:10,96.1837625671978,4287.9230144863,11.15
12-12-2024 06:14:10,97.2248372449546,4292.63754287132,11.13
12-12-2024 06:24:10,97.5900096951983,4293.25276078799,11.08
12-12-2024 06:34:10,97.004110656456,4295.17338836267,11.03
12-12-2024 06:44:10,96.0446282544812,4293.26637800736,11
12-12-2024 06:54:10,96.3243722714015,4295.27311765532,10.98
12-12-2024 07:04:10,97.072855573489,4297.84291501585,10.94
12-12-2024 07:14:10,97.4474238503231,4297.05366808286,10.92
12-12-2024 07:24:10,96.6816759737256,4298.78034157469,10.9
12-12-2024 07:34:10,96.2993135305468,4302.7407173944,10.89
12-12-2024 07:44:10,97.4338929253504,4298.59927168522,10.87
12-12-2024 07:54:10,96.7633475440514,4300.32626242325,10.85
12-12-2024 08:04:10,97.0460010112845,4300.09599170966,10.84
12-12-2024 08:14:10,97.4268487133548,4301.8197607714,10.84
12-12-2024 08:24:10,97.7127073201221,4298.98122393346,10.84
12-12-2024 08:34:10,96.8619178874868,4296.14097523046,10.85
12-12-2024 08:44:10,96.9578035010485,4298.79735169185,10.85
12-12-2024 08:54:10,96.870126398946,4300.61246362634,10.87
12-12-2024 09:04:10,96.3041755793289,4293.86087716846,10.88
12-12-2024 09:14:10,97.2616245954534,4293.34753658471,10.9
12-12-2024 09:24:10,97.1739537368259,4293.11398515543,10.92
12-12-2024 09:34:10,95.9489429381315,4294.64911791826,10.95
12-12-2024 09:44:10,97.6704221212222,4294.69393879659,10.98
12-12-2024 09:54:10,97.7761619322276,4293.62038154384,11.01
12-12-2024 10:04:10,96.1734509200771,4289.18690172105,11.05
12-12-2024 10:14:10,95.7146097367501,4287.17400824679,11.1
12-12-2024 10:24:10,96.3973115833489,4288.24006771187,11.15
12-12-2024 10:34:10,96.7028924833941,4283.32868119811,11.21
12-12-2024 10:44:10,96.7230362689154,4282.1500422851,11.27
12-12-2024 10:54:10,96.5495018784807,4278.54421846432,11.32
12-12-2024 11:04:10,96.4711354690041,4278.67567759605,11.37
12-12-2024 11:14:10,96.865956369204,4279.18513843793,11.41
12-12-2024 11:24:10,97.9215337338451,4280.26317593118,11.43
12-12-2024 11:34:10,97.932252619307,4278.15797939051,11.46
12-12-2024 11:44:10,96.1285732312227,4284.57042062737,11.48
12-12-2024 11:54:10,96.6156862690368,4286.58412801237,11.51
12-12-2024 12:04:10,96.8136776487715,4298.24282767647,11.53
12-12-2024 12:14:10,96.6302767027007,4298.39068461863,11.55
12-12-2024 12:24:10,96.8218680328118,4301.7257306246,11.55
12-12-2024 12:34:10,96.9213264525206,4304.12356627432,11.56
12-12-2024 12:44:10,97.4022715866904,4303.71327241398,11.57
12-12-2024 12:54:10,97.5017709705634,4302.2733228664,11.58
12-12-2024 13:04:10,96.5521041381809,4303.9238408457,11.59
12-12-2024 13:14:10,97.3192601777215,4303.23373713034,11.6
12-12-2024 13:24:10,97.5174189633883,4303.76003213576,11.62
12-12-2024 13:34:10,98.8604906582311,4306.53522550488,11.64
12-12-2024 13:44:10,97.2459497080215,4309.59276255743,11.66
12-12-2024 13:54:10,96.0095816944817,4309.27920395689,11.67
12-12-2024 14:04:10,98.4059169714414,4311.02575898867,11.7
12-12-2024 14:14:10,97.5511092225525,4315.5869855608,11.71
12-12-2024 14:24:10,96.9825500369495,4319.86810963463,11.72
12-12-2024 14:34:10,98.1353787252337,4316.36906777667,11.74
12-12-2024 14:44:10,97.8531466960482,4316.05792509983,11.75
12-12-2024 14:54:10,97.1890074212803,4317.71621583482,11.76
12-12-2024 15:04:10,96.8144403198194,4312.90414109324,11.78
12-12-2024 15:14:10,97.4836554173286,4317.00229854693,11.78
12-12-2024 15:24:10,97.3922909072279,4312.47239713031,11.79
12-12-2024 15:34:10,98.9242424421638,4311.50637283359,11.8
12-12-2024 15:44:10,96.1590831182275,4312.13522605305,11.81
12-12-2024 15:54:10,98.837137471695,4313.8902812965,11.82
12-12-2024 16:04:10,98.1727901213793,4313.30065318526,11.83
12-12-2024 16:14:10,98.4667928739845,4313.64887630326,11.85
12-12-2024 16:24:10,98.3787529031095,4309.86853129138,11.87
12-12-2024 16:34:10,97.0487100117348,4310.21718043782,11.89
12-12-2024 16:44:10,97.2471354370388,4305.87278131067,11.91
12-12-2024 16:54:10,97.8311183490059,4309.60066298557,11.94
12-12-2024 17:04:10,97.8483855604432,4312.01424793805,11.99
12-12-2024 17:14:10,98.5316505966217,4312.6455364746,12.03
12-12-2024 17:24:10,97.4971085468349,4314.59282008172,12.08
12-12-2024 17:34:10,98.4709278172783,4318.61063113335,12.13
12-12-2024 17:44:10,98.1947017434726,4320.1866259785,12.16
12-12-2024 17:54:10,98.499200716103,4321.66955337534,12.21
12-12-2024 18:04:10,97.5495328442111,4320.4250101025,12.23
12-12-2024 18:14:10,97.1772666247945,4323.41569973011,12.26
12-12-2024 18:24:10,97.478380091924,4322.26588688583,12.3
12-12-2024 18:34:10,97.3997934795668,4323.18777458982,12.35
12-12-2024 18:44:10,98.0843059979709,4321.00160203637,12.39
12-12-2024 18:54:10,97.906722818314,4320.69937810252,12.43
12-12-2024 19:04:10,96.7738628332798,4322.3770895994,12.48
12-12-2024 19:14:10,98.0339417334153,4322.45315596639,12.52
12-12-2024 19:24:10,97.0890909650864,4322.0580122839,12.56
12-12-2024 19:34:10,98.0653650271676,4322.70108782894,12.61
12-12-2024 19:44:10,97.0241104899534,4329.66984904865,12.65
12-12-2024 19:54:10,97.8982867577925,4324.65056606482,12.68
12-12-2024 20:04:10,97.5284183425741,4328.88540398981,12.72
12-12-2024 20:14:10,96.4864081685299,4328.68269463033,12.76
12-12-2024 20:24:10,97.1722587476704,4326.11756697161,12.8
12-12-2024 20:34:10,96.9973105238617,4332.06041741715,12.85
12-12-2024 20:44:10,95.2819692687704,4334.41323013449,12.89
12-12-2024 20:54:10,98.4629715514575,4334.59110256115,12.92
12-12-2024 21:04:10,97.51282954645,4335.99949528403,12.95
12-12-2024 21:14:10,97.0494525737375,4338.45245511819,13
12-12-2024 21:24:10,98.0214572856677,4340.90485542937,13.03
12-12-2024 21:34:10,98.320690414849,4341.5595660534,13.06
12-12-2024 21:44:10,95.7348561114201,4339.65760468997,13.09
12-12-2024 21:54:10,97.5728172901754,4352.53461164199,13.12
12-12-2024 22:04:10,96.3328550673981,4366.83936921319,13.15
12-12-2024 22:14:10,98.5564053144062,4391.76684686694,13.18
12-12-2024 22:24:10,99.5296238480347,4430.64253816771,13.21
12-12-2024 22:34:10,99.5372442428331,4440.87790310717,13.23
12-12-2024 22:44:10,97.4239181073767,4451.1136805289,13.24
12-12-2024 22:54:10,99.061026769553,4461.34987043291,13.24
12-12-2024 23:04:10,99.1580998602916,4471.58647281918,13.24
12-12-2024 23:14:10,98.6743080578628,4481.82348768773,13.23
12-12-2024 23:24:10,99.3454671556104,4492.06091503855,13.22
12-12-2024 23:34:10,99.916895676088,4502.29875487165,13.2
12-12-2024 23:44:10,100.295756540941,4512.53700718701,13.18
12-12-2024 23:54:10,99.1351807835591,4505.10922802342,13.16
12-13-2024 00:04:10,98.3563256285723,4495.58626618473,13.13
12-13-2024 00:14:10,100.085196988746,4484.57732233315,13.12
12-13-2024 00:24:10,99.691044100838,4472.03181937103,13.09
12-13-2024 00:34:10,100.066271343148,4464.32199769341,13.06
12-13-2024 00:44:10,99.5795080663779,4453.21785178615,13.04
12-13-2024 00:54:10,98.7049640971615,4440.12047143593,13.01
12-13-2024 01:04:10,98.6063029788529,4432.15680806513,13
12-13-2024 01:14:10,98.0204379977507,4422.19191057411,12.97
12-13-2024 01:24:10,98.879508469804,4415.55046843793,12.95
12-13-2024 01:34:10,98.7775178207529,4408.24924876097,12.93
12-13-2024 01:44:10,96.3697156478808,4397.92385332501,12.91
12-13-2024 01:54:10,97.3214784318904,4370.85877006232,12.88
12-13-2024 02:04:10,98.3722955743378,4379.64333468305,12.86
12-13-2024 02:14:10,99.0420859449432,4376.61260693343,12.85
12-13-2024 02:24:10,98.2678933349394,4368.19059346608,12.83
12-13-2024 02:34:10,97.2025408252227,4364.30509864773,12.8
12-13-2024 02:44:10,96.9088010995806,4359.2907912795,12.78
12-13-2024 02:54:10,97.9623813793279,4354.94229480761,12.77
12-13-2024 03:04:10,97.860587804874,4349.93138714,12.75
12-13-2024 03:14:10,96.7990082357659,4346.71712673228,12.73
12-13-2024 03:24:10,96.1247426058273,4341.80577766831,12.72
12-13-2024 03:34:10,96.7908972742079,4338.31100659063,12.7
12-13-2024 03:44:10,96.7819893191721,4332.17311802907,12.67
12-13-2024 03:54:10,95.3372422436553,4331.51399260503,12.65
12-13-2024 04:04:10,96.773879825427,4328.3075292258,12.64
12-13-2024 04:14:10,96.9600534489003,4328.3106237012,12.62
12-13-2024 04:24:10,96.9543615726958,4332.0887200386,12.6
12-13-2024 04:34:10,96.379684040589,4335.20763060405,12.6
12-13-2024 04:44:10,97.1412655740819,4341.72108874618,12.58
12-13-2024 04:54:10,97.905972696582,4354.55596272231,12.57
12-13-2024 05:04:10,98.3796019984497,4365.21628316925,12.55
12-13-2024 05:14:10,98.952352452963,4381.44284372845,12.54
12-13-2024 05:24:10,99.4325422569716,4399.27656884233,12.54
12-13-2024 05:34:10,100.19353085508,4409.08012469741,12.52
12-13-2024 05:44:10,100.670219858573,4431.43038948147,12.51
12-13-2024 05:54:10,100.376554755066,4471.02193922802,12.49
12-13-2024 06:04:10,102.386726242606,4546.91344720174,12.48
12-13-2024 06:14:10,104.109145983722,4624.67924977241,12.47
12-13-2024 06:24:10,103.914620237615,4661.99428045374,12.46
12-13-2024 06:34:10,104.003983870033,4723.30908327186,12.44
12-13-2024 06:44:10,105.725931902974,4761.08014109662,12.43
12-13-2024 06:54:10,105.726713894338,4775.22719865022,12.43
12-13-2024 07:04:10,106.681937712798,4798.66845881895,12.42
12-13-2024 07:14:10,104.954339405811,4809.66842078935,12.41
12-13-2024 07:24:10,106.296476887898,4814.48595537864,12.41
12-13-2024 07:34:10,106.293501601536,4810.78619492814,12.4
12-13-2024 07:44:10,106.681278552194,4805.18235587625,12.41
12-13-2024 07:54:10,106.678280460228,4796.96151095843,12.4
12-13-2024 08:04:10,104.958228656284,4789.66133264904,12.41
12-13-2024 08:14:10,104.572100091992,4779.93495530535,12.4
12-13-2024 08:24:10,104.771825764121,4775.7783272723,12.42
12-13-2024 08:34:10,105.343797403376,4765.39349334397,12.41
12-13-2024 08:44:10,105.543617414064,4754.16695263736,12.43
12-13-2024 08:54:10,104.969458304807,4740.70584255999,12.43
12-13-2024 09:04:10,104.782256391952,4731.32868730101,12.44
12-13-2024 09:14:10,104.311180525274,4718.77592949499,12.46
12-13-2024 09:24:10,103.932223358966,4702.89105793147,12.47
12-13-2024 09:34:10,104.03609526702,4692.40620977511,12.49
12-13-2024 09:44:10,103.273622688168,4680.19394781994,12.5
12-13-2024 09:54:10,103.949027824486,4677.03304622838,12.51
12-13-2024 10:04:10,103.765297293967,4675.87942460782,12.53
12-13-2024 10:14:10,102.043837825512,4671.3034664042,12.54
12-13-2024 10:24:10,102.918231658692,4671.40245495413,12.57
12-13-2024 10:34:10,104.18020204825,4668.88605806782,12.61
12-13-2024 10:44:10,103.428023737861,4662.9701038535,12.65
12-13-2024 10:54:10,104.886262797467,4659.62622570472,12.7
12-13-2024 11:04:10,102.989185341211,4656.68355877846,12.76
12-13-2024 11:14:10,102.047606334239,4655.03655522544,12.81
12-13-2024 11:24:10,103.215009106718,4661.11612040626,12.85
12-13-2024 11:34:10,103.226545146781,4654.78530654262,12.88
12-13-2024 11:44:10,103.334160330864,4659.89714632918,12.91
12-13-2024 11:54:10,103.537902520507,4660.75429398375,12.94
12-13-2024 12:04:10,102.492303330604,4660.47665995244,12.97
12-13-2024 12:14:10,102.891796444251,4666.94596055659,13.01
12-13-2024 12:24:10,103.672448067907,4668.65872045216,13.04
12-13-2024 12:34:10,102.914773424573,4675.48666618946,13.07
12-13-2024 12:44:10,103.115030147621,4677.17588282506,13.09
12-13-2024 12:54:10,104.476857485685,4677.02552532705,13.13
12-13-2024 13:04:10,103.234289313122,4679.94845923623,13.15
12-13-2024 13:14:10,103.534497432192,4683.75327873556,13.18
12-13-2024 13:34:10,104.041853917207,4695.1637745183,13.25
12-13-2024 13:44:10,104.24243020302,4702.93065334871,13.27
12-13-2024 13:54:10,104.157865690053,4719.45808210841,13.3
12-13-2024 14:04:10,104.651073290612,4734.2854441122,13.33
12-13-2024 14:14:10,103.892332735494,4768.95705638321,13.36
12-13-2024 14:24:10,106.894103557687,4800.2638765191,13.4
12-13-2024 14:34:10,106.042845404431,4828.64614736431,13.44
12-13-2024 14:44:10,106.733294658855,4899.03682594573,13.48
12-13-2024 14:54:10,106.745436335056,4942.71999445639,13.51
12-13-2024 15:04:10,107.82197933997,4982.10213271916,13.55
12-13-2024 15:14:10,107.834304960276,5046.45979113979,13.58
12-13-2024 15:24:10,107.854361143044,5077.20407428129,13.63
12-13-2024 15:34:10,108.731073279351,5136.99511487118,13.65
12-13-2024 15:44:10,109.322479323964,5165.94913307387,13.68
12-13-2024 15:54:10,110.006599748604,5213.6920074463,13.7
12-13-2024 16:04:10,109.721811533825,5244.62812849068,13.71
12-13-2024 16:14:10,108.282772492456,5277.92696110238,13.73
12-13-2024 16:24:10,110.028740610988,5309.04686482892,13.75
12-13-2024 16:34:10,107.716731908516,5345.04931787337,13.76
12-13-2024 16:44:10,109.937666520967,5367.07641789414,13.76
12-13-2024 16:54:10,109.845846530172,5393.66082031344,13.77
12-13-2024 17:04:10,109.939131941498,5421.60448715866,13.76
12-13-2024 17:14:10,110.325985263262,5453.24860471164,13.76
12-13-2024 17:24:10,110.133654975953,5482.89381413508,13.76
12-13-2024 17:34:10,110.810098031619,5509.77846948161,13.76
12-13-2024 17:44:10,110.617766087803,5544.56561401426,13.76
12-13-2024 17:54:10,110.135841925324,5557.83667301632,13.76
12-13-2024 18:04:10,109.846977861531,5575.96363741505,13.76
12-13-2024 18:14:10,110.233826213772,5604.27802884197,13.76
12-13-2024 18:24:10,109.655369103062,5624.69075604733,13.76
12-13-2024 18:34:10,109.656093944917,5644.72307276127,13.76
12-13-2024 18:44:10,109.749376882919,5640.47239202441,13.75
12-13-2024 18:54:10,111.004926323093,5663.8359427451,13.75
12-13-2024 19:04:10,111.395811843415,5686.35258357332,13.76
12-13-2024 19:14:10,110.330694533351,5710.37388477485,13.75
12-13-2024 19:24:10,109.458734366785,5715.35369089413,13.74
12-13-2024 19:34:10,111.38984884266,5735.48060189243,13.74
12-13-2024 19:44:10,110.513863597457,5746.91732863575,13.72
12-13-2024 19:54:10,109.935527817654,5775.03680463854,13.72
12-13-2024 20:04:10,110.414782876556,5797.71363759604,13.71
12-13-2024 20:14:10,110.407486122185,5815.13417637698,13.69
12-13-2024 20:24:10,110.211220775204,5832.95103797086,13.68
12-13-2024 20:34:10,112.229959721746,5837.23469630963,13.66
12-13-2024 20:44:10,111.257800233841,5858.92406803831,13.64
12-13-2024 20:54:10,111.543843697876,5863.89204452504,13.63
12-13-2024 21:04:10,112.018671419992,5876.91943066529,13.61
12-13-2024 21:14:10,110.950364063235,5891.93995743329,13.59
12-13-2024 21:24:10,111.810865253133,5893.83706001018,13.57
12-13-2024 21:34:10,110.742816958732,5904.38377380507,13.55
12-13-2024 21:44:10,110.261436649678,5907.66250251774,13.55
12-13-2024 21:54:10,110.34256642635,5909.88496760917,13.51
12-13-2024 22:04:10,111.206795938672,5912.47164278465,13.5
12-13-2024 22:14:10,110.528756498224,5913.8232286168,13.49
12-13-2024 22:24:10,112.06754111898,5911.37497228113,13.48
12-13-2024 22:34:10,111.867321190651,5906.8113699939,13.46
12-13-2024 22:44:10,111.185349957954,5905.76356735593,13.44
12-13-2024 22:54:10,111.274316014023,5904.52659814609,13.42
12-13-2024 23:04:10,111.744538876359,5899.46702717719,13.39
12-13-2024 23:14:10,110.970552183759,5899.1122937698,13.38
12-13-2024 23:24:10,112.793202945193,5897.59345324904,13.36
12-13-2024 23:34:10,112.199615376052,5897.06844906844,13.32
12-13-2024 23:44:10,112.476863348841,5888.03194557536,13.29
12-13-2024 23:54:10,112.280903610053,5886.6366482854,13.28
12-14-2024 00:04:10,112.269302781368,5881.68403925699,13.25
12-14-2024 00:14:10,111.299334489102,5880.45598863629,13.23
12-14-2024 00:24:10,112.149885411731,5872.54527559343,13.19
12-14-2024 00:34:10,112.038017074526,5868.61983565658,13.15
12-14-2024 00:44:10,113.184867144041,5861.1427136373,13.13
12-14-2024 00:54:10,112.403702572957,5860.75063377081,13.1
12-14-2024 01:04:10,111.622797011814,5852.49876529083,13.07
12-14-2024 01:14:10,112.572770462293,5845.38730140923,13.04
12-14-2024 01:24:10,112.565241187613,5838.86841701434,13.02
12-14-2024 01:34:10,113.038334252479,5833.58244363924,13
12-14-2024 01:44:10,113.415208251133,5822.3362835643,12.98
12-14-2024 01:54:10,113.211236309482,5816.84684312557,12.95
12-14-2024 02:04:10,112.439041658471,5810.73567087684,12.94
12-14-2024 02:14:10,112.911936529981,5805.36434489091,12.92
12-14-2024 02:24:10,113.384726051026,5799.33302339764,12.9
12-14-2024 02:34:10,112.992866243712,5792.26374332022,12.88
12-14-2024 02:44:10,113.077207555605,5783.95120548696,12.85
12-14-2024 02:54:10,111.633169583791,5776.99849636757,12.84
12-14-2024 03:04:10,113.542158406053,5768.78737388888,12.81
12-14-2024 03:14:10,114.782688329744,5762.10733742214,12.79
12-14-2024 03:24:10,113.334886757171,5755.05182115105,12.77
12-14-2024 03:34:10,113.318986352899,5745.987483533,12.73
12-14-2024 03:44:10,112.639586912202,5739.3162977764,12.71
12-14-2024 03:54:10,113.97130858844,5734.52331583186,12.68
12-14-2024 04:04:10,114.147139832536,5727.45504672833,12.64
12-14-2024 04:14:10,113.843333571317,5723.78866455909,12.6
12-14-2024 04:24:10,115.274189212605,5716.28005851037,12.58
12-14-2024 04:34:10,113.536184074377,5710.0839172329,12.55
12-14-2024 04:44:10,112.949187966257,5698.04399602331,12.52
12-14-2024 04:54:10,115.146379516298,5695.3541231219,12.5
12-14-2024 05:04:10,113.21334313773,5684.25676607296,12.46
12-14-2024 05:14:10,113.301579294848,5677.80109666131,12.44
12-14-2024 05:24:10,113.485611864712,5667.95534345975,12.42
12-14-2024 05:34:10,115.873141055484,5659.90322059192,12.4
12-14-2024 05:44:10,113.282914301591,5653.74474134745,12.39
12-14-2024 05:54:10,112.98382842258,5642.58311415974,12.36
12-14-2024 06:04:10,114.12555496346,5629.17165725159,12.34
12-14-2024 06:14:10,114.792425837672,5619.06441856718,12.33
12-14-2024 06:24:10,112.961136738572,5609.61179227539,12.3
12-14-2024 06:34:10,113.149183905867,5597.53297496431,12.29
12-14-2024 06:44:10,113.620287521082,5587.61996345692,12.27
12-14-2024 06:54:10,114.565719090447,5579.30940492526,12.24
12-14-2024 07:04:10,114.940824409014,5571.47383063922,12.22
12-14-2024 07:14:10,114.458737094262,5562.51177356579,12.21
12-14-2024 07:24:10,114.546705482153,5547.72014137976,12.19
12-14-2024 07:34:10,113.873338481924,5534.62396965925,12.18
12-14-2024 07:44:10,112.426405935555,5525.01674922965,12.15
12-14-2024 07:54:10,115.201610639634,5513.61567861075,12.15
12-14-2024 08:04:10,113.76300388785,5503.72454656375,12.14
12-14-2024 08:14:10,113.37272054465,5490.64422491227,12.12
12-14-2024 08:24:10,114.042983968402,5477.93070860922,12.12
12-14-2024 08:34:10,113.939654287732,5466.64327236362,12.1
12-14-2024 08:44:10,114.418546974835,5453.5564939952,12.1
12-14-2024 08:54:10,113.94096234005,5442.35026381725,12.1
12-14-2024 09:04:10,114.706796318736,5436.97286681698,12.1
12-14-2024 09:14:10,114.042083148965,5424.9105371082,12.11
12-14-2024 09:24:10,112.990552165321,5425.36241429676,12.11
12-14-2024 09:34:10,114.338713175494,5424.85280445657,12.13
12-14-2024 09:44:10,114.821891919904,5423.6961091245,12.14
12-14-2024 09:54:10,113.77849385075,5412.46526088223,12.16
12-14-2024 10:04:10,112.547572830656,5403.00604333153,12.19
12-14-2024 10:14:10,114.096034382981,5385.2488384004,12.23
12-14-2024 10:24:10,113.534812898654,5374.83792781969,12.26
12-14-2024 10:34:10,113.173149571429,5359.3071339542,12.31
12-14-2024 10:44:10,114.248058324137,5354.40864829761,12.36
12-14-2024 10:54:10,112.832465722979,5334.90138978813,12.41
12-14-2024 11:04:10,114.095367657136,5317.28407405398,12.45
12-14-2024 11:14:10,112.674925405645,5302.57925645996,12.49
12-14-2024 11:24:10,114.417722138216,5285.41367300618,12.53
12-14-2024 11:34:10,112.417256455979,5272.41169374826,12.56
12-14-2024 11:44:10,113.385086996336,5258.95599256393,12.58
12-14-2024 11:54:10,112.151232720263,5239.90397174313,12.61
12-14-2024 12:04:10,113.319434961297,5222.89387540027,12.65
12-14-2024 12:14:10,112.176966525061,5206.59009363341,12.67
12-14-2024 12:24:10,111.614049053921,5195.35239871318,12.7
12-14-2024 12:34:10,111.134860098467,5178.34302502435,12.7
12-14-2024 12:44:10,112.199267493154,5169.77239123876,12.72
12-14-2024 12:54:10,111.152215291047,5159.40468745949,12.74
12-14-2024 13:04:10,112.216858089706,5143.74333712496,12.76
12-14-2024 13:14:10,110.689537666448,5125.33726285574,12.78
12-14-2024 13:24:10,111.754362876622,5105.98087314564,12.8
12-14-2024 13:34:10,111.575099000243,5085.4477087307,12.83
12-14-2024 13:44:10,111.299724763215,5068.68759431474,12.86
12-14-2024 13:54:10,110.447863496316,5050.87986843182,12.89
12-14-2024 14:04:10,110.652617145271,5032.87516823784,12.92
12-14-2024 14:14:10,109.512070435165,5015.90337795289,12.95
12-14-2024 14:24:10,110.773984492039,4997.22068812657,12.98
12-14-2024 14:34:10,111.175179973848,4987.66731308789,13.02
12-14-2024 14:44:10,109.745632611689,4976.25996368573,13.05
12-14-2024 14:54:10,110.238946413131,4966.64726222088,13.08
12-14-2024 15:04:10,110.247528629288,4958.02471139913,13.1
12-14-2024 15:14:10,108.909477290019,4946.65245182891,13.12
12-14-2024 15:24:10,109.78765707831,4934.28085272845,13.15
12-14-2024 15:34:10,109.792233395791,4922.09804193613,13.16
12-14-2024 15:44:10,109.415885379871,4907.96750378184,13.18
12-14-2024 15:54:10,109.805342012657,4897.67648681452,13.19
12-14-2024 16:04:10,109.809917599665,4886.91030434292,13.2
12-14-2024 16:14:10,107.793533330307,4879.74546757501,13.21
12-14-2024 16:24:10,109.626584605355,4872.01105841214,13.22
12-14-2024 16:34:10,110.108407617468,4866.70031108608,13.22
12-14-2024 16:44:10,108.669294683243,4854.31895338565,13.23
12-14-2024 16:54:10,108.184806158412,4846.50400363931,13.22
12-14-2024 17:04:10,107.989079081016,4837.74262537807,13.21
12-14-2024 17:14:10,109.525527895953,4836.3772486413,13.2
12-14-2024 17:24:10,109.425972181056,4828.6615362835,13.19
12-14-2024 17:34:10,109.137906232475,4824.01803841706,13.19
12-14-2024 17:44:10,109.323106405459,4816.93120237468,13.17
12-14-2024 17:54:10,107.976707650022,4811.34149326926,13.17
12-14-2024 18:04:10,107.688671213434,4806.60518172902,13.17
12-14-2024 18:14:10,107.015774622373,4807.46107377007,13.17
12-14-2024 18:24:10,108.363388665709,4804.33678123986,13.17
12-14-2024 18:34:10,108.652638733688,4799.31737878546,13.17
12-14-2024 18:44:10,109.134317636523,4793.2558514898,13.17
12-14-2024 18:54:10,107.595484248455,4790.03802028607,13.17
12-14-2024 19:04:10,108.558235652556,4785.96761648172,13.17
12-14-2024 19:14:10,108.558837912856,4779.24389379061,13.17
12-14-2024 19:24:10,108.274666242886,4780.23155379538,13.18
12-14-2024 19:34:10,107.501676801592,4778.30813373778,13.17
12-14-2024 19:44:10,107.502276577131,4778.59908139735,13.17
12-14-2024 19:54:10,109.323098530401,4776.83250055702,13.15
12-14-2024 20:04:10,108.261580692132,4779.08025818028,13.14
12-14-2024 20:14:10,107.492587282028,4780.41469796843,13.14
12-14-2024 20:24:10,109.597726587218,4784.11012481888,13.11
12-14-2024 20:34:10,109.402024192594,4785.22122618765,13.1
12-14-2024 20:44:10,108.525370767823,4788.82062142937,13.07
12-14-2024 20:54:10,107.652841877269,4792.07500366764,13.05
12-14-2024 21:04:10,108.995639035343,4795.17461730133,13.04
12-14-2024 21:14:10,107.830953594283,4798.58211792585,13.01
12-14-2024 21:24:10,109.265644090252,4796.81862238255,12.99
12-14-2024 21:34:10,107.812925915752,4799.08986907163,12.96
12-14-2024 21:44:10,107.22928071252,4792.78660168866,12.94
12-14-2024 21:54:10,108.186932076879,4789.73658832045,12.93
12-14-2024 22:04:10,107.895414436954,4785.17394549633,12.92
12-14-2024 22:14:10,107.603928299049,4779.38278376912,12.91
12-14-2024 22:24:10,108.84961089341,4773.59293498767,12.9
12-14-2024 22:34:10,108.077773881477,4766.8586630938,12.89
12-14-2024 22:44:10,107.790161464727,4762.52252468921,12.89
12-14-2024 22:54:10,107.690847340941,4757.77635510018,12.88
12-14-2024 23:04:10,106.44264475544,4753.81964634865,12.88
12-14-2024 23:14:10,107.400015563324,4749.35903050314,12.87
12-14-2024 23:24:10,106.247935544866,4745.78169362261,12.87
12-14-2024 23:34:10,106.53291388114,4743.87578393099,12.86
12-14-2024 23:44:10,108.162482967014,4739.89061058485,12.85
12-14-2024 23:54:10,106.914483494856,4737.44961055973,12.85
12-15-2024 00:04:10,106.719195154504,4732.61524439892,12.84
12-15-2024 00:14:10,106.243327626218,4731.24522184478,12.85
12-15-2024 00:24:10,106.435993217014,4730.97998787831,12.85
12-15-2024 00:34:10,106.816964097942,4727.65997864749,12.84
12-15-2024 00:44:10,106.625460645596,4724.6540107287,12.84
12-15-2024 00:54:10,105.957495484888,4723.94680920382,12.85
12-15-2024 01:04:10,106.722647206823,4723.46472531067,12.84
12-15-2024 01:14:10,105.76655219311,4717.46373610937,12.85
12-15-2024 01:24:10,107.015702349374,4718.80823731485,12.85
12-15-2024 01:34:10,106.251668535337,4721.69511553422,12.86
12-15-2024 01:44:10,107.308786478693,4715.76003638928,12.86
12-15-2024 01:54:10,105.780009489597,4720.66259977251,12.88
12-15-2024 02:04:10,106.741182249928,4720.40140404654,12.88
12-15-2024 02:14:10,107.225857777066,4721.11546024271,12.89
12-15-2024 02:24:10,107.134159590712,4722.30292400867,12.9
12-15-2024 02:34:10,105.120922488244,4720.46414679766,12.91
12-15-2024 02:44:10,105.505793052323,4723.6096832171,12.91
12-15-2024 02:54:10,106.178891969547,4718.810238163,12.91
12-15-2024 03:04:10,106.467684483319,4722.80789175653,12.91
12-15-2024 03:14:10,106.080198544367,4721.95277675495,12.9
12-15-2024 03:24:10,106.077017766573,4722.23310609478,12.89
12-15-2024 03:34:10,105.301653900959,4715.96003465658,12.87
12-15-2024 03:44:10,104.818266138587,4718.13266673868,12.86
12-15-2024 03:54:10,106.348109337575,4709.87725854679,12.84
12-15-2024 04:04:10,107.30525057003,4705.05548665201,12.83
12-15-2024 04:14:10,104.897609941973,4700.01839216389,12.81
12-15-2024 04:24:10,105.658918123634,4698.57433958763,12.79
12-15-2024 04:34:10,105.076028993614,4695.05246232185,12.77
12-15-2024 04:44:10,104.485965808332,4688.92823824917,12.73
12-15-2024 04:54:10,105.250673338699,4683.92541536231,12.72
12-15-2024 05:04:10,105.048231127995,4681.23299999327,12.69
12-15-2024 05:14:10,104.270193464107,4675.89886460254,12.66
12-15-2024 05:24:10,103.879739194684,4678.993752237,12.64
12-15-2024 05:34:10,105.40412045893,4675.07866805222,12.61
12-15-2024 05:44:10,105.493180147703,4680.43799418331,12.59
12-15-2024 05:54:10,105.958346057462,4677.9144295156,12.55
12-15-2024 06:04:10,105.855564117513,4679.40490506281,12.53
12-15-2024 06:14:10,104.602433906158,4680.70677784669,12.51
12-15-2024 06:24:10,105.167115003177,4677.45745619583,12.48
12-15-2024 06:34:10,103.52746233776,4677.13205714083,12.45
12-15-2024 06:44:10,105.724727341671,4677.11545870619,12.43
12-15-2024 06:54:10,104.951356790314,4673.51863815415,12.41
12-15-2024 07:04:10,105.036688778337,4671.31156634222,12.38
12-15-2024 07:14:10,104.742530371099,4667.90629362212,12.36
12-15-2024 07:24:10,104.061720038045,4668.71574849642,12.33
12-15-2024 07:34:10,104.147159599957,4664.53537553444,12.3
12-15-2024 07:44:10,104.14407707067,4661.72360844055,12.29
12-15-2024 07:54:10,104.229482805214,4659.24120172523,12.26
12-15-2024 08:04:10,104.32575332605,4656.73773196468,12.26
12-15-2024 08:14:10,105.176843114643,4652.09365103092,12.23
12-15-2024 08:24:10,104.120881843415,4644.20509086496,12.22
12-15-2024 08:34:10,104.025706917975,4638.50451591767,12.22
12-15-2024 08:44:10,105.263118945783,4636.05319256188,12.2
12-15-2024 08:54:10,105.455054036505,4634.3996891093,12.2
12-15-2024 09:04:10,103.927990099527,4628.06425825393,12.21
12-15-2024 09:14:10,105.36410752506,4625.94101755069,12.21
12-15-2024 09:24:10,103.932663568729,4621.2989216434,12.22
12-15-2024 09:34:10,104.514742517618,4619.97092571069,12.24
12-15-2024 09:44:10,103.75310044469,4617.58682543926,12.25
12-15-2024 09:54:10,104.331621993678,4609.93197707637,12.26
12-15-2024 10:04:10,103.289821205322,4606.45774992194,12.29
12-15-2024 10:14:10,102.251192837475,4603.66109724408,12.33
12-15-2024 10:24:10,104.181599246259,4598.22548015729,12.37
12-15-2024 10:34:10,103.916420946848,4590.75120377394,12.43
12-15-2024 10:44:10,102.305590898999,4584.85502316466,12.48
12-15-2024 10:54:10,103.090739590215,4578.48308966477,12.53
12-15-2024 11:04:10,102.530164739313,4570.20250462597,12.57
12-15-2024 11:14:10,101.58915955802,4563.06621430011,12.62
12-15-2024 11:24:10,102.747853472731,4555.97119109496,12.64
12-15-2024 11:34:10,101.991439704575,4550.4948855109,12.67
12-15-2024 11:44:10,103.534334653997,4543.39597172297,12.69
12-15-2024 11:54:10,102.873815746615,4539.52107820758,12.72
12-15-2024 12:04:10,104.036913298214,4535.36134204654,12.75
12-15-2024 12:14:10,101.644631493581,4527.97341556223,12.77
12-15-2024 12:24:10,103.092324891117,4523.41864830574,12.79
12-15-2024 12:34:10,101.56012761367,4519.88934022946,12.8
12-15-2024 12:44:10,102.42834132426,4514.75311451373,12.81
12-15-2024 12:54:10,101.763693664657,4510.66872027968,12.83
12-15-2024 13:04:10,99.9395636259059,4501.7381053059,12.83
12-15-2024 13:14:10,101.291499800636,4494.05916137456,12.85
12-15-2024 13:24:10,102.163458576826,4487.41839252527,12.87
12-15-2024 13:34:10,101.78675451076,4480.20852302737,12.89
12-15-2024 13:44:10,101.025660540877,4478.10457344359,12.91
12-15-2024 13:54:10,101.70570256603,4469.09436927541,12.93
12-15-2024 14:04:10,100.460510189303,4463.38457821447,12.94
12-15-2024 14:14:10,101.905913727035,4460.60742956369,12.95
12-15-2024 14:24:10,101.237210720907,4455.08614678599,12.96
12-15-2024 14:34:10,101.048974321769,4451.45703793452,12.97
12-15-2024 14:44:10,99.6146233911248,4451.14793232011,12.99
12-15-2024 14:54:10,101.056912131214,4453.00038795543,12.99
12-15-2024 15:04:10,100.099637674374,4448.9928454774,13
12-15-2024 15:14:10,100.096729223347,4445.44368412548,12.99
12-15-2024 15:24:10,99.8122697774542,4443.14012144814,13
12-15-2024 15:34:10,100.005019529708,4442.53337786349,13
12-15-2024 15:44:10,100.870638339897,4439.84467967766,13
12-15-2024 15:54:10,100.48664081891,4438.38688361433,13
12-15-2024 16:04:10,99.7181453918468,4432.57545976786,13
12-15-2024 16:14:10,100.968258795097,4435.37787588523,13
12-15-2024 16:24:10,99.7191403642484,4433.82666421946,13
12-15-2024 16:34:10,99.7094676339187,4431.12154336544,12.97
12-15-2024 16:44:10,100.187089069462,4428.33540346824,12.96
12-15-2024 16:54:10,99.8924767338184,4426.96356023891,12.94
12-15-2024 17:04:10,98.9220124266804,4423.97889874443,12.91
12-15-2024 17:14:10,100.555804052076,4421.20127565471,12.91
12-15-2024 17:24:10,98.6314401035116,4417.00022400373,12.9
12-15-2024 17:34:10,100.357787273332,4416.67776674642,12.89
12-15-2024 17:44:10,99.0100083618766,4412.66770656681,12.88
12-15-2024 17:54:10,98.5235526069268,4412.43642549924,12.86
12-15-2024 18:04:10,98.8088538855091,4407.19940985651,12.85
12-15-2024 18:14:10,99.6669739306257,4407.91522746991,12.83
12-15-2024 18:24:10,101.101042934209,4402.10969158903,12.81
12-15-2024 18:34:10,100.717436220874,4403.11823997154,12.81
12-15-2024 18:44:10,98.9828120110828,4406.1983556568,12.79
12-15-2024 18:54:10,99.1686110650814,4403.5142826638,12.77
12-15-2024 19:04:10,99.26173671777,4404.8033048171,12.76
12-15-2024 19:14:10,99.7320453180138,4403.62855239563,12.73
12-15-2024 19:24:10,99.4412158166153,4402.46234358898,12.72
12-15-2024 19:34:10,100.110119433748,4403.0911823869,12.71
12-15-2024 19:44:10,100.199748487192,4403.99981899626,12.69
12-15-2024 19:54:10,100.289357004635,4402.26501857836,12.67
12-15-2024 20:04:10,98.9432098778099,4403.55582319969,12.66
12-15-2024 20:14:10,99.2214516839648,4401.4412043405,12.63
12-15-2024 20:24:10,100.369643312039,4403.39323101958,12.62
12-15-2024 20:34:10,100.746931048072,4411.8526727398,12.6
12-15-2024 20:44:10,100.932332182936,4416.25293474898,12.58
12-15-2024 20:54:10,101.312942248372,4417.82705443681,12.57
12-15-2024 21:04:10,101.018821834192,4417.32121586275,12.55
12-15-2024 21:14:10,99.9577674518811,4419.55111281901,12.53
12-15-2024 21:24:10,102.063974655743,4418.10788694266,12.52
12-15-2024 21:34:10,99.9485312887335,4425.90135011784,12.5
12-15-2024 21:44:10,101.095852582909,4425.68457294011,12.49
12-15-2024 21:54:10,101.185254442738,4420.27802159964,12.47
12-15-2024 22:04:10,99.0704897436487,4421.18880124223,12.45
12-15-2024 22:14:10,100.604276849197,4423.80646487109,12.45
12-15-2024 22:24:10,99.6464197151638,4420.67486039583,12.45
12-15-2024 22:34:10,99.6435113711341,4421.40325086785,12.44
12-15-2024 22:44:10,100.311355593219,4420.43559956461,12.43
12-15-2024 22:54:10,100.886751524972,4423.05454035459,12.43
12-15-2024 23:04:10,100.024818724533,4424.16601008183,12.43
12-15-2024 23:14:10,100.791856720304,4423.39303786005,12.43
12-15-2024 23:24:10,100.213982087779,4424.97138287955,12.42
12-15-2024 23:34:10,99.731981744669,4423.4403893466,12.41
12-15-2024 23:44:10,99.4450085216885,4421.25537206989,12.41
12-15-2024 23:54:10,100.687583572884,4427.3575604749,12.4
12-16-2024 00:04:10,100.113206565152,4426.0215382978,12.4
12-16-2024 00:14:10,100.298457247951,4426.93674499547,12.38
12-16-2024 00:24:10,99.5325511727173,4426.73225977498,12.38
12-16-2024 00:34:10,100.583332303619,4426.89979797916,12.37
12-16-2024 00:44:10,99.6225147871353,4430.36448960434,12.36
12-16-2024 00:54:10,101.056291734133,4432.88723918752,12.35
12-16-2024 01:04:10,102.007535529079,4432.10823380592,12.33
12-16-2024 01:14:10,99.7985402890286,4433.30722314257,12.31
12-16-2024 01:24:10,99.6041061995636,4433.94714109585,12.3
12-16-2024 01:34:10,100.363760469898,4434.67581890203,12.28
12-16-2024 01:44:10,100.935224367243,4434.75160937693,12.27
12-16-2024 01:54:10,101.69808853526,4437.74557946331,12.26
12-16-2024 02:04:10,100.064305137943,4438.00429601198,12.24
12-16-2024 02:14:10,100.823654426004,4436.66382852064,12.22
12-16-2024 02:24:10,100.820666994098,4439.28152008617,12.21
12-16-2024 02:34:10,99.8572940754149,4439.07093515418,12.19
12-16-2024 02:44:10,100.237118163893,4438.67869620841,12.18
12-16-2024 02:54:10,100.425530505297,4437.91072939446,12.17
12-16-2024 03:04:10,100.801847316448,4441.36944478965,12.15
12-16-2024 03:14:10,102.13471505913,4440.40825247028,12.13
12-16-2024 03:24:10,98.496641066441,4438.79560222336,12.12
12-16-2024 03:34:10,99.6416131401926,4440.19208180159,12.11
12-16-2024 03:44:10,99.3517435338974,4440.74272824791,12.1
12-16-2024 03:54:10,100.879110308283,4442.79772550183,12.09
12-16-2024 04:04:10,99.7250973410888,4444.37664030209,12.07
12-16-2024 04:14:10,101.057491919156,4447.45908191763,12.05
12-16-2024 04:24:10,102.010645605109,4450.54774224231,12.04
12-16-2024 04:34:10,100.669034880618,4450.25392625643,12.03
12-16-2024 04:44:10,101.714229039003,4450.79946608957,12.01
12-16-2024 04:54:10,100.942987597715,4452.37852092844,11.99
12-16-2024 05:04:10,100.079724969727,4453.30700250189,11.98
12-16-2024 05:14:10,100.841402921399,4451.88792957221,11.97
12-16-2024 05:24:10,100.742830834465,4451.31467557243,11.96
12-16-2024 05:34:10,100.640849473305,4452.89488513488,11.94
12-16-2024 05:44:10,101.21121022364,4452.51035151924,11.93
12-16-2024 05:54:10,100.351616845103,4452.50853439804,11.93
12-16-2024 06:04:10,100.536336011252,4454.84053963902,11.91
12-16-2024 06:14:10,101.198699370269,4456.60916374565,11.89
12-16-2024 06:24:10,99.8616072265967,4461.20764661803,11.89
12-16-2024 06:34:10,100.715023638751,4458.37763928263,11.87
12-16-2024 06:44:10,100.807549236642,4459.40309137287,11.86
12-16-2024 06:54:10,101.18316503674,4462.01658471902,11.84
12-16-2024 07:04:10,100.699194483878,4462.94122082332,11.82
12-16-2024 07:14:10,100.218722745789,4460.12147349833,11.81
12-16-2024 07:24:10,100.406731852195,4462.36743348819,11.8
12-16-2024 07:34:10,101.164182094228,4461.60509289526,11.78
12-16-2024 07:44:10,101.161158507423,4462.72606315948,11.77
12-16-2024 07:54:10,100.680790367951,4467.59790237312,11.76
12-16-2024 08:04:10,100.677792129949,4459.4371063037,11.75
12-16-2024 08:14:10,100.391819804613,4461.12896074138,11.75
12-16-2024 08:24:10,100.293377710685,4458.78268606789,11.74
12-16-2024 08:34:10,100.962002697076,4459.53774453389,11.74
12-16-2024 08:44:10,100.103293701086,4457.38694241362,11.74
12-16-2024 08:54:10,100.107094360642,4452.24294444077,11.75
12-16-2024 09:04:10,101.256520412055,4453.75586138635,11.76
12-16-2024 09:14:10,99.6339638795026,4450.8558225584,11.76
12-16-2024 09:24:10,99.9241587607476,4445.71171599969,11.77
12-16-2024 09:34:10,98.9764775674308,4446.01229009886,11.79
12-16-2024 09:44:10,100.320468794732,4443.59309643903,11.81
12-16-2024 09:54:10,99.2804569011938,4440.33462164041,11.84
12-16-2024 10:04:10,99.3897683179318,4433.60770428181,11.88
12-16-2024 10:14:10,98.2536525143556,4422.55453154839,11.91
12-16-2024 10:24:10,99.7996804155558,4417.70093193959,11.96
12-16-2024 10:34:10,98.9565524161841,4410.77717762818,12.01
12-16-2024 10:44:10,98.9735981452721,4407.7955222322,12.06
12-16-2024 10:54:10,99.0863051331388,4403.87172782558,12.11
12-16-2024 11:04:10,100.155865953124,4399.85116769626,12.16
12-16-2024 11:14:10,99.2095075786874,4395.91799586436,12.19
12-16-2024 11:24:10,98.7413898361934,4390.00741253042,12.22
12-16-2024 11:34:10,98.7484302215048,4385.31681971899,12.24
12-16-2024 11:44:10,98.8512032788826,4382.31933208102,12.26
12-16-2024 11:54:10,98.3795425210476,4385.06354039346,12.28
12-16-2024 12:04:10,97.4257632815558,4383.57126048727,12.29
12-16-2024 12:14:10,96.861323737641,4383.49321790171,12.32
12-16-2024 12:24:10,99.3515781260963,4383.88358688449,12.32
12-16-2024 12:34:10,98.1103324087319,4382.10938068572,12.33
12-16-2024 12:44:10,98.0149594317461,4386.36160407768,12.33
12-16-2024 12:54:10,98.4050349909193,4384.87172717545,12.35
12-16-2024 13:04:10,98.6960866433214,4382.53318106231,12.36
12-16-2024 13:14:10,98.1250582962681,4377.74546777696,12.37
12-16-2024 13:24:10,98.5152294030205,4372.76899006394,12.39
12-16-2024 13:34:10,97.9440947751272,4370.05305648242,12.4
12-16-2024 13:44:10,96.9864258638318,4363.47446931347,12.4
12-16-2024 13:54:10,98.8137817863476,4357.83613408017,12.42
12-16-2024 14:04:10,97.1885259907124,4355.6850452937,12.43
12-16-2024 14:14:10,97.955489443646,4353.15858476673,12.43
12-16-2024 14:24:10,98.6299464269691,4351.76175360387,12.44
12-16-2024 14:34:10,97.1003309039515,4350.45934799119,12.45
12-16-2024 14:44:10,97.391462485383,4349.91123898708,12.46
12-16-2024 14:54:10,98.733575950468,4352.09901612448,12.46
12-16-2024 15:04:10,96.2453644716539,4343.91578423483,12.47
12-16-2024 15:14:10,96.6291201524357,4346.57589393687,12.47
12-16-2024 15:24:10,97.7796191639068,4345.08847450421,12.47
12-16-2024 15:34:10,97.1123329915478,4341.52491055447,12.48
12-16-2024 15:44:10,98.2628938428501,4340.88669413793,12.48
12-16-2024 15:54:10,97.3080349816572,4343.5461756178,12.49
12-16-2024 16:04:10,97.2157998670284,4340.36028115704,12.5
12-16-2024 16:14:10,97.1203196031107,4339.34600137022,12.5
12-16-2024 16:24:10,97.1239314997388,4339.36652485033,12.51
12-16-2024 16:34:10,97.6068903378895,4338.44435894205,12.52
12-16-2024 16:44:10,97.5113970023965,4342.05218641934,12.52
12-16-2024 16:54:10,99.0456840414821,4342.73690090141,12.52
12-16-2024 17:04:10,98.2791026718449,4347.57154789832,12.52
12-16-2024 17:14:10,98.5670847816689,4347.03109278986,12.52
12-16-2024 17:24:10,97.3179093052553,4348.75663929893,12.51
12-16-2024 17:34:10,98.7495963582839,4351.99303935878,12.49
12-16-2024 17:44:10,99.8968239285474,4354.28439249528,12.48
12-16-2024 17:54:10,98.9353776077206,4356.48157082474,12.47
12-16-2024 18:04:10,97.7856308903027,4355.47210811037,12.47
12-16-2024 18:14:10,97.5943135433098,4358.32818529408,12.47
12-16-2024 18:24:10,98.6489546263456,4360.90186075891,12.47
12-16-2024 18:34:10,99.3202228016561,4361.77906349907,12.47
12-16-2024 18:44:10,97.0171291586148,4364.07192994173,12.46
12-16-2024 18:54:10,99.1259245783339,4367.30651317314,12.46
12-16-2024 19:04:10,99.6979403610444,4370.63648708448,12.45
12-16-2024 19:14:10,98.3500488716887,4371.42232389181,12.43
12-16-2024 19:24:10,98.7303780664049,4374.56366207374,12.42
12-16-2024 19:34:10,98.0600241303706,4375.44308878693,12.42
12-16-2024 19:44:10,98.9194031647722,4377.4540167207,12.41
12-16-2024 19:54:10,97.9583726253174,4378.33443012706,12.4
12-16-2024 20:04:10,97.7638530390245,4381.8531493691,12.39
12-16-2024 20:14:10,99.3861108768275,4388.00908277268,12.37
12-16-2024 20:24:10,98.0388433308429,4385.96949317514,12.35
12-16-2024 20:34:10,98.6105649157771,4390.5236277514,12.34
12-16-2024 20:44:10,99.1788787447839,4390.55667077349,12.32
12-16-2024 20:54:10,98.7928569130964,4396.33436636471,12.31
12-16-2024 21:04:10,99.2653072119443,4397.59131465876,12.29
12-16-2024 21:14:10,100.219739248453,4400.82641488754,12.28
12-16-2024 21:24:10,99.1669236606427,4400.67418869878,12.28
12-16-2024 21:34:10,99.9298322622176,4408.42783769159,12.27
12-16-2024 21:44:10,99.260022355311,4409.7825159589,12.27
12-16-2024 21:54:10,98.5902116201506,4415.27924665294,12.27
12-16-2024 22:04:10,98.3033493174912,4415.9758526209,12.27
12-16-2024 22:14:10,99.927848578411,4419.96464465621,12.26
12-16-2024 22:24:10,100.594900328841,4425.74144143133,12.25
12-16-2024 22:34:10,100.020886941726,4427.00389665087,12.25
12-16-2024 22:44:10,99.2520729912532,4428.92222064888,12.24
12-16-2024 22:54:10,99.4405050462958,4433.94598678002,12.23
12-16-2024 23:04:10,99.3451335174539,4435.77411974833,12.23
12-16-2024 23:14:10,100.200127057297,4439.94690386219,12.21
12-16-2024 23:24:10,98.2863570894441,4442.71647187005,12.21
12-16-2024 23:34:10,99.2404110259318,4443.50630076271,12.2
12-16-2024 23:44:10,100.385749193411,4444.67274114709,12.19
12-16-2024 23:54:10,100.768870119821,4446.972805834,12.19
12-17-2024 00:04:10,99.1357160506599,4443.33822031289,12.17
12-17-2024 00:14:10,100.092900428635,4445.82690925653,12.17
12-17-2024 00:24:10,98.9416964230807,4451.50906083952,12.16
12-17-2024 00:34:10,99.5161093038225,4450.89476678393,12.16
12-17-2024 00:44:10,100.753422142776,4451.02366935601,12.14
12-17-2024 00:54:10,99.1240523666883,4450.40558773878,12.13
12-17-2024 01:04:10,98.7351027411559,4448.27914971446,12.11
12-17-2024 01:14:10,100.071189027411,4448.79041176857,12.1
12-17-2024 01:24:10,99.9724916101866,4451.84003487528,12.09
12-17-2024 01:34:10,100.252954816665,4450.65529298944,12.07
12-17-2024 01:44:10,100.154262131824,4452.6712336781,12.06
12-17-2024 01:54:10,100.055579526804,4450.92847111988,12.05
12-17-2024 02:04:10,100.335969497157,4448.80607342813,12.03
12-17-2024 02:14:10,100.52069670518,4452.22741935443,12.01
12-17-2024 02:24:10,99.1726103108055,4449.35051380764,11.98
12-17-2024 02:34:10,99.4529871986432,4454.27397976015,11.96
12-17-2024 02:44:10,99.7333015974367,4452.71783346144,11.94
12-17-2024 02:54:10,99.9146244891043,4454.06808317144,11.91
12-17-2024 03:04:10,98.6629088909394,4453.35353660284,11.88
12-17-2024 03:14:10,100.27708854412,4452.92132192361,11.85
12-17-2024 03:24:10,99.5987267961852,4456.42974039765,11.82
12-17-2024 03:34:10,99.3025264733952,4452.62176142781,11.79
12-17-2024 03:44:10,99.1085494998765,4451.45045458144,11.78
12-17-2024 03:54:10,98.1475244253046,4450.93173315633,11.76
12-17-2024 04:04:10,99.760720435823,4450.97172976059,11.73
12-17-2024 04:14:10,100.899623049806,4448.86086462319,11.71
12-17-2024 04:24:10,100.511361113714,4446.65740821327,11.69
12-17-2024 04:34:10,99.6427194154095,4449.22962122194,11.66
12-17-2024 04:44:10,100.972006360803,4446.18481257642,11.64
12-17-2024 04:54:10,99.4357949377203,4446.60303854898,11.61
12-17-2024 05:04:10,99.2386634639029,4444.12263415371,11.59
12-17-2024 05:14:10,99.3310194312762,4441.83433038432,11.58
12-17-2024 05:24:10,100.182933749958,4438.79442301394,11.56
12-17-2024 05:34:10,98.6508235522039,4436.22396596299,11.54
12-17-2024 05:44:10,100.360710837252,4437.96014002763,11.52
12-17-2024 05:54:10,100.163571395775,4433.61352258182,11.5
12-17-2024 06:04:10,99.1085760290178,4430.85933829545,11.48
12-17-2024 06:14:10,98.9083038159118,4428.85238278268,11.45
12-17-2024 06:24:10,99.2831726446617,4429.0939527754,11.43
12-17-2024 06:34:10,99.9471828047996,4426.81328877245,11.42
12-17-2024 06:44:10,99.4610113269054,4425.37069305801,11.39
12-17-2024 06:54:10,100.308629211427,4424.02275677868,11.36
12-17-2024 07:04:10,100.877071707998,4425.20367607309,11.35
12-17-2024 07:14:10,98.5846939757474,4421.98999836315,11.33
12-17-2024 07:24:10,99.1498133066774,4420.55326557547,11.31
12-17-2024 07:34:10,98.0007990315407,4419.58461694365,11.29
12-17-2024 07:44:10,98.5691467376651,4420.20654997818,11.28
12-17-2024 07:54:10,98.9403864349186,4417.18263657427,11.25
12-17-2024 08:04:10,99.5085564056921,4416.59133447601,11.24
12-17-2024 08:14:10,98.7439838433544,4412.45173667933,11.23
12-17-2024 08:24:10,98.6457975067755,4408.78012993525,11.22
12-17-2024 08:34:10,99.2172119831957,4401.09449583276,11.22
12-17-2024 08:44:10,98.4527368248885,4399.29242989337,11.21
12-17-2024 08:54:10,98.5515012418591,4395.06280101675,11.22
12-17-2024 09:04:10,98.9358497926822,4393.63462090074,11.23
12-17-2024 09:14:10,97.3211108724128,4388.0971126121,11.24
12-17-2024 09:24:10,97.5150287287928,4387.97660339977,11.25
12-17-2024 09:34:10,96.9505113040653,4378.23337677754,11.27
12-17-2024 09:44:10,98.7664369982283,4374.46723676388,11.29
12-17-2024 09:54:10,98.2052015852881,4374.15579194382,11.32
12-17-2024 10:04:10,97.7390345523881,4368.42295686314,11.35
12-17-2024 10:14:10,97.6570335956476,4365.48997878374,11.39
12-17-2024 10:24:10,97.2955530986835,4360.21091082125,11.45
12-17-2024 10:34:10,97.4072920691604,4359.14194168311,11.5
12-17-2024 10:44:10,98.193150219205,4354.78862240757,11.57
12-17-2024 10:54:10,97.351253673076,4351.65638639514,11.62
12-17-2024 11:04:10,96.3180502203089,4347.67868940188,11.67
12-17-2024 11:14:10,96.808242148734,4342.85913470001,11.71
12-17-2024 11:24:10,96.4394766175057,4341.59971652752,11.75
12-17-2024 11:34:10,97.8814937176543,4338.2814457794,11.78
12-17-2024 11:44:10,98.3657470128753,4336.74925818295,11.8
12-17-2024 11:54:10,97.993870731546,4334.64882864003,11.83
12-17-2024 12:04:10,97.3353067211482,4331.60937965713,11.86
12-17-2024 12:14:10,97.058672817077,4331.38456116993,11.89
12-17-2024 12:24:10,96.9698392996059,4327.97389793122,11.91
12-17-2024 12:34:10,96.5911184404032,4325.97682711078,11.92
12-17-2024 12:44:10,97.8401047753244,4325.7576110821,11.94
12-17-2024 12:54:10,96.7923868434988,4323.2911443826,11.95
12-17-2024 13:04:10,96.0281125689695,4324.68103203368,11.95
12-17-2024 13:14:10,95.5568150716175,4322.96000148072,11.97
12-17-2024 13:24:10,95.9457203653677,4321.61449530763,11.99
12-17-2024 13:34:10,96.5259109264376,4320.36285620944,12.01
12-17-2024 13:44:10,96.91500685389,4317.0441182292,12.03
12-17-2024 13:54:10,95.1017851080594,4315.70505135339,12.04
12-17-2024 14:04:10,95.6820398371406,4312.57349268063,12.06
12-17-2024 14:14:10,97.0242996380195,4308.97885692954,12.07
12-17-2024 14:24:10,94.7355889239256,4306.03424832579,12.09
12-17-2024 14:34:10,95.9855309358827,4304.68731434057,12.11
12-17-2024 14:44:10,95.6063272299945,4299.11735034701,12.12
12-17-2024 14:54:10,94.844427034416,4294.58122301556,12.13
12-17-2024 15:04:10,96.9525039746838,4289.10442587837,12.14
12-17-2024 15:14:10,94.7585772959689,4283.89976377844,12.16
12-17-2024 15:24:10,94.8607218158705,4281.04544915247,12.18
12-17-2024 15:34:10,93.1415740997941,4275.28440710314,12.19
12-17-2024 15:44:10,96.0158539294025,4274.69716048001,12.2
12-17-2024 15:54:10,94.4879899347181,4269.97044303571,12.21
12-17-2024 16:04:10,94.8741751310736,4269.94800140925,12.22
12-17-2024 16:14:10,94.3032400309599,4268.23213517376,12.23
12-17-2024 16:24:10,94.6894559122623,4266.98691332569,12.24
12-17-2024 16:34:10,94.8842600125295,4264.7066208872,12.25
12-17-2024 16:44:10,94.9802436485595,4267.04928938196,12.25
12-17-2024 16:54:10,93.5445983356435,4263.18085411376,12.25
12-17-2024 17:04:10,94.696667867675,4260.99537520215,12.26
12-17-2024 17:14:10,94.3109220116946,4258.92743467682,12.25
12-17-2024 17:24:10,95.1758360072468,4258.71895780783,12.26
12-17-2024 17:34:10,94.5059644919406,4255.9813103073,12.26
12-17-2024 17:44:10,96.0379289781032,4256.16182724963,12.26
12-17-2024 17:54:10,94.5064674816155,4252.76615749674,12.26
12-17-2024 18:04:10,95.4671738884138,4251.14681980865,12.27
12-17-2024 18:14:10,94.9887367366734,4248.12820890933,12.27
12-17-2024 18:24:10,93.8401375503585,4248.31036863118,12.27
12-17-2024 18:34:10,95.0818557383696,4248.59970640658,12.26
12-17-2024 18:44:10,93.6491576271185,4249.05243824393,12.27
12-17-2024 18:54:10,94.3195649446274,4249.04757905149,12.27
12-17-2024 19:04:10,93.6496490212409,4249.89028596633,12.27
12-17-2024 19:14:10,94.7987412581857,4252.42771261344,12.27
12-17-2024 19:24:10,94.7032475694238,4251.76519360392,12.27
12-17-2024 19:34:10,95.8523381498611,4250.53831799335,12.27
12-17-2024 19:44:10,94.2219785964595,4253.65415262554,12.26
12-17-2024 19:54:10,95.176420486683,4255.82883008962,12.25
12-17-2024 20:04:10,94.1206052563762,4256.78024470035,12.24
12-17-2024 20:14:10,95.3620944972758,4257.63787029498,12.23
12-17-2024 20:24:10,94.8806493930545,4259.71902254236,12.22
12-17-2024 20:34:10,95.2637309234668,4265.55212688479,12.22
12-17-2024 20:44:10,94.9768351475423,4263.8582482241,12.22
12-17-2024 20:54:10,95.3599150214471,4264.51709313486,12.22
12-17-2024 21:04:10,95.6504281059384,4263.09446588425,12.23
12-17-2024 21:14:10,94.5020681948604,4262.71906886373,12.23
12-17-2024 21:24:10,95.2711557016604,4261.7674911813,12.24
12-17-2024 21:34:10,94.1257920164066,4262.32196046085,12.25
12-17-2024 21:44:10,94.1321474816235,4263.61795055383,12.27
12-17-2024 21:54:10,95.0928668568032,4270.38633564429,12.28
12-17-2024 22:04:10,94.5248093672018,4269.04833035112,12.3
12-17-2024 22:14:10,94.3396805405083,4274.58421206253,12.32
12-17-2024 22:24:10,95.9710567724354,4277.7785646815,12.33
12-17-2024 22:34:10,94.0620228934486,4281.33981494285,12.35
12-17-2024 22:44:10,95.5052216540644,4286.40966920803,12.37
12-17-2024 22:54:10,94.64333664186,4289.89988515693,12.37
12-17-2024 23:04:10,95.0298357737962,4291.9675875558,12.38
12-17-2024 23:14:10,95.7006283176233,4297.90825129802,12.38
12-17-2024 23:24:10,94.5543940659341,4301.57911809077,12.39
12-17-2024 23:34:10,95.2283463902219,4308.07754842483,12.4
12-17-2024 23:44:10,95.8002483078234,4304.79567396396,12.39
12-17-2024 23:54:10,95.9889046131209,4304.81199642546,12.38
12-18-2024 00:04:10,94.7406872208087,4306.61856794813,12.37
12-18-2024 00:14:10,96.0819687650139,4307.8512900904,12.37
12-18-2024 00:24:10,94.7380286314098,4309.84676961231,12.36
12-18-2024 00:34:10,94.6393703793347,4310.80636295185,12.35
12-18-2024 00:44:10,96.2614788621296,4314.78838527434,12.33
12-18-2024 00:54:10,95.6839327087171,4322.33979623937,12.32
12-18-2024 01:04:10,94.3373081623659,4323.49564955697,12.3
12-18-2024 01:14:10,95.5760299503514,4324.18097644189,12.28
12-18-2024 01:24:10,94.8072038189814,4324.1999666218,12.27
12-18-2024 01:34:10,95.7584870375917,4330.06227481386,12.25
12-18-2024 01:44:10,96.6106457539413,4330.56696978863,12.22
12-18-2024 01:54:10,96.7990709973665,4330.58690462724,12.21
12-18-2024 02:04:10,96.0273059020165,4331.27317254747,12.19
12-18-2024 02:14:10,96.9780320702534,4333.84086890878,12.17
12-18-2024 02:24:10,94.8669797499236,4335.65594837808,12.15
12-18-2024 02:34:10,96.3916034419158,4340.00974028431,12.13
12-18-2024 02:44:10,97.0550140757659,4342.67046286081,12.11
12-18-2024 02:54:10,96.2804650401607,4339.50971539852,12.08
12-18-2024 03:04:10,97.804342840361,4341.13677161501,12.06
12-18-2024 03:14:10,95.7900905687797,4340.50870075525,12.04
12-18-2024 03:24:10,96.3608101831889,4339.68655965161,12.03
12-18-2024 03:34:10,96.8326544879808,4344.32062284092,12.01
12-18-2024 03:44:10,95.1983046495483,4351.49586370739,11.98
12-18-2024 03:54:10,96.7182600216449,4347.40039904271,11.95
12-18-2024 04:04:10,97.7632037886249,4350.99929654541,11.93
12-18-2024 04:14:10,96.3236782733238,4352.25082000979,11.91
12-18-2024 04:24:10,96.9830733564316,4352.10066237621,11.88
12-18-2024 04:34:10,97.0723697110517,4353.54024695948,11.86
12-18-2024 04:44:10,96.7796022794969,4354.22932551964,11.84
12-18-2024 04:54:10,96.5855877402697,4352.19216937264,11.83
12-18-2024 05:04:10,96.8626870680619,4351.66904890674,11.8
12-18-2024 05:14:10,97.9067474520644,4352.92228431245,11.78
12-18-2024 05:24:10,97.3308362736303,4354.45093249278,11.77
12-18-2024 05:34:10,96.1758440991834,4355.61663144728,11.74
12-18-2024 05:44:10,96.5546838889565,4352.45839339331,11.73
12-18-2024 05:54:10,95.689521631103,4352.58808638184,11.71
12-18-2024 06:04:10,95.3971413307781,4354.40512008571,11.69
12-18-2024 06:14:10,96.1576247677556,4354.71679310416,11.68
12-18-2024 06:24:10,98.6356125198674,4355.68478552411,11.67
12-18-2024 06:34:10,98.4416692525982,4358.15219488247,11.66
12-18-2024 06:44:10,94.6159692348567,4358.19563622793,11.63
12-18-2024 06:54:10,96.6163815989753,4361.88072791122,11.62
12-18-2024 07:04:10,95.853404211594,4359.37839326479,11.62
12-18-2024 07:14:10,97.0905159430166,4363.53230481801,11.61
12-18-2024 07:24:10,95.5613289114782,4366.2812743054,11.6
12-18-2024 07:34:10,97.0876704295722,4361.06470692757,11.6
12-18-2024 07:44:10,96.6045563997956,4365.50563874249,11.58
12-18-2024 07:54:10,97.1802016129288,4370.11749521934,11.59
12-18-2024 08:04:10,97.1771650887626,4374.27190253836,11.58
12-18-2024 08:14:10,96.601913022387,4372.99558283399,11.57
12-18-2024 08:24:10,96.986775128142,4373.76971414051,11.58
12-18-2024 08:34:10,97.5591998249521,4373.42560126981,11.58
12-18-2024 08:44:10,96.704198442019,4371.76582175724,11.59
12-18-2024 08:54:10,97.6614153064841,4374.41412796667,11.6
12-18-2024 09:04:10,96.9017140267197,4368.54026472207,11.61
12-18-2024 09:14:10,95.1879746166001,4369.31614389123,11.62
12-18-2024 09:24:10,97.0070775001787,4369.80608689748,11.64
12-18-2024 09:34:10,97.4875151008187,4368.33445752427,11.65
12-18-2024 09:44:10,97.3987370785364,4364.60847180823,11.67
12-18-2024 09:54:10,97.504039675329,4364.53069980748,11.7
12-18-2024 10:04:10,96.0852864767335,4366.79102586641,11.74
12-18-2024 10:14:10,97.6290124231807,4365.29591038636,11.79
12-18-2024 10:24:10,97.1678591231139,4366.61448831797,11.84
12-18-2024 10:34:10,98.3404412820063,4368.10483230569,11.92
12-18-2024 10:44:10,95.9707253686414,4376.27666707195,11.98
12-18-2024 10:54:10,96.7579737120349,4366.22113900575,12.05
12-18-2024 11:04:10,95.6263826205545,4365.47506607913,12.1
12-18-2024 11:14:10,95.9292770730606,4361.43711243062,12.15
12-18-2024 11:24:10,98.0473688705841,4361.91832618148,12.19
12-18-2024 11:34:10,97.4863403112567,4360.04756162888,12.23
12-18-2024 11:44:10,96.9282786845541,4358.63990858934,12.28
12-18-2024 11:54:10,97.4201237980673,4361.09882257775,12.32
12-18-2024 12:04:10,95.2302092049802,4359.03820635337,12.36
12-18-2024 12:14:10,96.7725517718233,4357.17179941282,12.39
12-18-2024 12:24:10,97.1688365678943,4355.6748075994,12.43
12-18-2024 12:34:10,97.4629557466412,4350.04397470178,12.45
12-18-2024 12:44:10,94.8818484142171,4349.97375564274,12.47
12-18-2024 12:54:10,95.7508999040276,4349.90394906596,12.49
12-18-2024 13:04:10,97.4796702062775,4349.83455497145,12.5
12-18-2024 13:14:10,97.6780644784009,4349.76557335922,12.52
12-18-2024 13:24:10,96.7259408547813,4349.69700422926,12.54
12-18-2024 13:34:10,98.1741617965875,4349.62884758158,12.57
12-18-2024 13:44:10,98.1776038817772,4349.56110341616,12.58
12-18-2024 13:54:10,97.1293054109103,4349.49377173302,12.6
12-18-2024 14:04:10,97.3310099539136,4349.42685253215,12.63
12-18-2024 14:14:10,79.8173420571707,1257.09427874258,15.47
12-18-2024 14:24:10,69.9094389089589,1221.48815290024,13.07
12-18-2024 14:34:10,69.9358741830568,1209.50158112848,12.89
12-18-2024 14:44:10,69.4363344683885,1201.57174281411,12.84
12-18-2024 14:54:10,68.6642225404571,1193.91765598137,12.83
12-18-2024 15:04:10,68.6604245538129,1189.4785218026,12.82
12-18-2024 15:14:10,68.1802817247652,1184.46879821268,12.82
12-18-2024 15:24:10,67.9882245931462,1179.83716696917,12.82
12-18-2024 15:34:10,67.2237143752727,1179.45452048136,12.83
12-18-2024 15:44:10,67.707629045939,1177.37014044114,12.84
12-18-2024 15:54:10,68.6680209472998,1176.61384036699,12.84
12-18-2024 16:04:10,67.6115898558029,1176.14115282064,12.84
12-18-2024 16:14:10,67.8997074262112,1173.96679010744,12.84
12-18-2024 16:24:10,66.2670411938978,1169.23991464397,12.84
12-18-2024 16:34:10,66.4591195741699,1174.7230901816,12.84
12-18-2024 16:44:10,67.0353547149864,1169.23991464397,12.84
12-18-2024 16:54:10,67.8036682360751,1169.90167720886,12.84
12-18-2024 17:04:10,65.7868452432173,1167.16008944005,12.84
12-18-2024 17:14:10,66.7472371445782,1168.10546453274,12.84
12-18-2024 17:24:10,68.2800870297413,1171.70303609573,12.83
12-18-2024 17:34:10,67.2199960666699,1167.92725805729,12.82
12-18-2024 17:44:10,66.5441153876881,1171.99687379286,12.81
12-18-2024 17:54:10,67.3123014239096,1172.46945317745,12.81
12-18-2024 18:04:10,67.1202549148543,1175.77750886961,12.81
12-18-2024 18:14:10,67.3123014239096,1170.57913563907,12.81
12-18-2024 18:24:10,66.4444171326738,1172.85257403809,12.8
12-18-2024 18:34:10,65.672641468855,1165.77002105587,12.79
12-18-2024 18:44:10,65.8646667363078,1165.01400936906,12.79
12-18-2024 18:54:10,67.3971415931379,1161.9958471665,12.78
12-18-2024 19:04:10,67.1091196205176,1163.60224949242,12.78
12-18-2024 19:14:10,66.0493865087216,1167.19851851866,12.77
12-18-2024 19:24:10,66.3300568269083,1169.09894355968,12.75
12-18-2024 19:34:10,66.8100138227615,1163.99742089688,12.75
12-18-2024 19:44:10,66.4223756634559,1167.12051012849,12.74
12-18-2024 19:54:10,65.0749725111031,1168.44841668627,12.73
12-18-2024 20:04:10,67.4707620299505,1169.7761208127,12.72
12-18-2024 20:14:10,66.8875138189412,1176.49169760254,12.7
12-18-2024 20:24:10,65.8319002579536,1176.68057088839,12.7
12-18-2024 20:34:10,65.6327147226077,1175.3681806834,12.68
12-18-2024 20:44:10,66.6845259660909,1178.29990772816,12.67
12-18-2024 20:54:10,65.5295168738026,1181.98645096106,12.66
12-18-2024 21:04:10,66.5775384653167,1183.41106321796,12.64
12-18-2024 21:14:10,65.4227267425084,1184.54794488482,12.63
12-18-2024 21:24:10,65.710509997974,1187.75707875941,12.63
12-18-2024 21:34:10,67.1494262753019,1192.09884811915,12.63
12-18-2024 21:44:10,66.1901487570833,1195.4967545746,12.63
12-18-2024 21:54:10,66.1864916631879,1198.23707388543,12.62
12-18-2024 22:04:10,66.4779320125489,1198.13957070661,12.63
12-18-2024 22:14:10,66.6734715178604,1204.46080933725,12.64
12-18-2024 22:24:10,66.0942210052615,1207.76697233038,12.63
12-18-2024 22:34:10,67.1457161800457,1218.52858072896,12.62
12-18-2024 22:44:10,65.039015735221,1218.81016831058,12.63
12-18-2024 22:54:10,66.9538712766741,1227.21145807595,12.62
12-18-2024 23:04:10,66.9538712766741,1230.32596842868,12.62
12-18-2024 23:14:10,67.1457161800457,1232.02479225744,12.62
12-18-2024 23:24:10,66.8542550383362,1233.62965799713,12.61
12-18-2024 23:34:10,66.7583378862008,1235.61146818822,12.61
12-18-2024 23:44:10,66.5628261003008,1230.23294876562,12.6
12-18-2024 23:54:10,66.5591490249756,1234.19664507986,12.59
12-19-2024 00:04:10,66.0796162510204,1233.63049982983,12.59
12-19-2024 00:14:10,66.1718673278994,1231.64956314841,12.58
12-19-2024 00:24:10,66.3563389098229,1231.6507062747,12.56
12-19-2024 00:34:10,68.2703813936363,1240.9898299393,12.55
12-19-2024 00:44:10,65.9654893105226,1239.85783089301,12.54
12-19-2024 00:54:10,67.3999680928743,1241.08386544761,12.53
12-19-2024 01:04:10,67.4883889294501,1243.25247445811,12.51
12-19-2024 01:14:10,68.3436190639781,1247.21185262346,12.49
12-19-2024 01:24:10,65.9436381258511,1245.23138978684,12.48
12-19-2024 01:34:10,66.9942708876444,1245.5137418949,12.47
12-19-2024 01:44:10,68.0410316170382,1240.89417901395,12.45
12-19-2024 01:54:10,65.9254398606674,1246.73696356925,12.43
12-19-2024 02:04:10,66.8762762063024,1247.39540955097,12.41
12-19-2024 02:14:10,66.6809736955055,1255.96891453381,12.4
12-19-2024 02:24:10,66.0915488640683,1262.27470548807,12.36
12-19-2024 02:34:10,65.8963435191712,1257.84623383131,12.35
12-19-2024 02:44:10,67.5208711322513,1256.62049608962,12.34
12-19-2024 02:54:10,66.5521140398723,1260.94772763416,12.31
12-19-2024 03:04:10,67.4102218409119,1264.99450636875,12.3
12-19-2024 03:14:10,67.1081572885011,1270.44567625867,12.26
12-19-2024 03:24:10,67.8702710981774,1278.25475216285,12.25
12-19-2024 03:34:10,67.3804915100581,1279.93950984988,12.22
12-19-2024 03:44:10,67.7521297901139,1285.76262477697,12.19
12-19-2024 03:54:10,67.4576079168631,1284.15658527405,12.17
12-19-2024 04:04:10,66.4897688031153,1283.77019949217,12.14
12-19-2024 04:14:10,68.8776915871257,1287.62196983595,12.13
12-19-2024 04:24:10,68.388069294809,1287.79895332845,12.1
12-19-2024 04:34:10,68.6636635717652,1283.65252809905,12.07
12-19-2024 04:44:10,66.6480523851779,1286.18300033877,12.05
12-19-2024 04:54:10,69.3101792083994,1286.82633847366,12.01
12-19-2024 05:04:10,67.6775215803351,1289.26125029787,11.99
12-19-2024 05:14:10,67.7656489903779,1289.15974151441,11.97
12-19-2024 05:24:10,68.136712251688,1285.11098412629,11.94
12-19-2024 05:34:10,68.2247648634435,1286.32444290567,11.92
12-19-2024 05:44:10,68.0186845033566,1294.00586600977,11.88
12-19-2024 05:54:10,68.4812707067496,1298.7741628475,11.84
12-19-2024 06:04:10,66.1817287240545,1298.01467637437,11.82
12-19-2024 06:14:10,68.3707144166718,1297.53679980941,11.8
12-19-2024 06:24:10,69.1194261483754,1300.6133726796,11.76
12-19-2024 06:34:10,68.5353069465402,1299.75573216651,11.73
12-19-2024 06:44:10,67.5770607567409,1298.81378257392,11.72
12-19-2024 06:54:10,68.3331297336917,1295.71191989361,11.7
12-19-2024 07:04:10,68.3218623852651,1292.98175798481,11.67
12-19-2024 07:14:10,68.8868195279822,1296.62741027249,11.65
12-19-2024 07:24:10,67.0666369525531,1300.64665135241,11.63
12-19-2024 07:34:10,67.7307194490573,1296.33338097796,11.62
12-19-2024 07:44:10,69.6309749099567,1299.69619437566,11.6
12-19-2024 07:54:10,68.1010749668842,1296.60135183286,11.59
12-19-2024 08:04:10,68.4788314573821,1297.62702240387,11.58
12-19-2024 08:14:10,68.7574002416904,1296.4947082269,11.56
12-19-2024 08:24:10,69.3295838775436,1295.55847576862,11.56
12-19-2024 08:34:10,68.3759444844549,1288.25586259403,11.56
12-19-2024 08:44:10,68.0898526665283,1292.65615514795,11.56
12-19-2024 08:54:10,65.2325176852603,1290.50670013888,11.57
12-19-2024 09:04:10,67.7158361208096,1286.765084563,11.58
12-19-2024 09:14:10,67.9103156532514,1284.1466371287,11.59
12-19-2024 09:24:10,68.0131684177752,1285.46465871311,11.61
12-19-2024 09:34:10,66.7804350878907,1282.38045783324,11.63
12-19-2024 09:44:10,68.2189417763258,1277.5152721442,11.65
12-19-2024 09:54:10,67.753056712553,1273.11968861888,11.68
12-19-2024 10:04:10,67.2907172789581,1271.63018002294,11.72
12-19-2024 10:14:10,67.9850157969677,1269.86544584516,11.79
12-19-2024 10:24:10,66.953097301857,1264.71687605174,11.84
12-19-2024 10:34:10,68.1254624505445,1262.28977130373,11.91
12-19-2024 10:44:10,68.2435449635117,1262.30029035442,11.97
12-19-2024 10:54:10,66.2582684199898,1256.67340556802,12.03
12-19-2024 11:04:10,66.0852440353046,1254.70620568722,12.08
12-19-2024 11:14:10,67.6303400227743,1252.26637743284,12.12
12-19-2024 11:24:10,67.2625316889765,1249.82506775333,12.16
12-19-2024 11:34:10,67.3693493958194,1246.44094075906,12.19
12-19-2024 11:44:10,66.231960404773,1244.1843812942,12.22
12-19-2024 11:54:10,67.391637310461,1246.06780434665,12.25
12-19-2024 12:04:10,66.5411034448952,1244.37494328346,12.28
12-19-2024 12:14:10,66.4563556024048,1246.63589560008,12.31
12-19-2024 12:24:10,66.0769664505216,1249.74387407041,12.32
12-19-2024 12:34:10,66.1763804527039,1247.20205888161,12.33
12-19-2024 12:44:10,67.3256084779318,1252.19312722356,12.33
12-19-2024 12:54:10,67.1377739910754,1250.21637454769,12.34
12-19-2024 13:04:10,66.9499187789254,1249.27536095383,12.35
12-19-2024 13:14:10,66.095195473188,1245.697309307,12.37
12-19-2024 13:24:10,66.6772941587625,1252.01064581194,12.39
12-19-2024 13:34:10,64.8678191228414,1246.64215160126,12.42
12-19-2024 13:44:10,65.5457701129687,1246.36054051181,12.44
12-19-2024 13:54:10,65.6488444269977,1242.1197461125,12.46
12-19-2024 14:04:10,64.6976100798685,1241.83736116537,12.48
12-19-2024 14:14:10,65.2799079754601,1241.74347610853,12.5
12-19-2024 14:24:10,65.0917842089441,1240.9892721381,12.51
12-19-2024 14:34:10,66.1426380368098,1239.85761768935,12.5
12-19-2024 14:44:10,65.8623344909254,1238.16019335254,12.52
12-19-2024 14:54:10,65.2871175958081,1242.21540611164,12.52
12-19-2024 15:04:10,66.057721217625,1233.16145153336,12.53
12-19-2024 15:14:10,65.0030986727863,1234.67048275512,12.53
12-19-2024 15:24:10,64.90363966573,1231.84160603023,12.52
12-19-2024 15:34:10,63.3697279454173,1232.87898603837,12.52
12-19-2024 15:44:10,66.2458124210035,1228.16362236501,12.52
12-19-2024 15:54:10,66.2421544747869,1226.84425763805,12.51
12-19-2024 16:04:10,65.1912481132886,1228.16362236501,12.52
12-19-2024 16:14:10,66.5297470412477,1225.05255580138,12.51
12-19-2024 16:24:10,66.7214754188881,1224.01525473804,12.51
12-19-2024 16:34:10,63.8455497542809,1220.71475135469,12.51
12-19-2024 16:44:10,65.5674846625767,1216.37868037057,12.5
12-19-2024 16:54:10,65.5638645718948,1220.62327215477,12.49
12-19-2024 17:04:10,64.5094749369667,1220.34041491574,12.49
12-19-2024 17:14:10,63.8349752788036,1217.04209651411,12.48
12-19-2024 17:24:10,65.1768516360157,1219.30478226175,12.48
12-19-2024 17:34:10,63.7391269675741,1212.79956073727,12.48
12-19-2024 17:44:10,65.2690965300226,1217.23232177921,12.47
12-19-2024 17:54:10,64.1189802916081,1211.3874949553,12.47
12-19-2024 18:04:10,66.2238708015408,1214.97164814783,12.46
12-19-2024 18:14:10,64.4987916779116,1214.97164814783,12.46
12-19-2024 18:24:10,65.7410530835046,1209.41232137698,12.45
12-19-2024 18:34:10,64.9779803233642,1211.86092858938,12.46
12-19-2024 18:44:10,64.6868962556349,1211.39171961164,12.45
12-19-2024 18:54:10,62.7667827836177,1209.22608399626,12.44
12-19-2024 19:04:10,63.3417456793455,1211.86508090599,12.44
12-19-2024 19:14:10,64.8713993977788,1213.28079741406,12.43
12-19-2024 19:24:10,65.4463305593544,1212.80958380624,12.43
12-19-2024 19:34:10,64.8678191228414,1212.15193862325,12.42
12-19-2024 19:44:10,64.2893715392964,1213.09627606581,12.41
12-19-2024 19:54:10,63.2319578147035,1212.43870909386,12.4
12-19-2024 20:04:10,64.9528813787945,1214.70187797828,12.39
12-19-2024 20:14:10,65.5204546429863,1216.87219008075,12.37
12-19-2024 20:24:10,65.9036151964541,1215.93019272041,12.37
12-19-2024 20:34:10,65.0379154763802,1219.79385389677,12.36
12-19-2024 20:44:10,65.1301069666227,1218.2883590122,12.35
12-19-2024 20:54:10,65.030739714608,1220.6444015452,12.34
12-19-2024 21:04:10,64.5518682881381,1222.90467973647,12.34
12-19-2024 21:14:10,65.030739714608,1223.56392754226,12.34
12-19-2024 21:24:10,64.8356144232714,1228.08532542095,12.33
12-19-2024 21:34:10,65.6975354421923,1231.38131394865,12.33
12-19-2024 21:44:10,64.8356144232714,1235.71318458506,12.33
12-19-2024 21:54:10,64.7398454211691,1237.87911990326,12.33
12-19-2024 22:04:10,65.030739714608,1241.4577965565,12.34
12-19-2024 22:14:10,64.4560940028441,1239.85676617102,12.34
12-19-2024 22:24:10,64.6512091212799,1247.48583804535,12.35
12-19-2024 22:34:10,64.7505609161017,1243.90715324793,12.36
12-19-2024 22:44:10,65.2330842278855,1246.63930666733,12.37
12-19-2024 22:54:10,64.2787294308066,1249.37187551048,12.38
12-19-2024 23:04:10,65.0450928219339,1248.42980653483,12.38
12-19-2024 23:14:10,65.3360842187874,1250.88007708971,12.39
12-19-2024 23:24:10,65.2402835087891,1252.19907393232,12.39
12-19-2024 23:34:10,66.4893617021277,1255.68625086212,12.4
12-19-2024 23:44:10,66.0103317186829,1254.93248107096,12.4
12-19-2024 23:54:10,65.9108884787767,1257.85191754348,12.39
12-20-2024 00:04:10,65.8114562130613,1255.77794454492,12.38
12-20-2024 00:14:10,66.4820241802977,1257.94470318892,12.38
12-20-2024 00:24:10,66.095195473188,1259.82726971202,12.37
12-20-2024 00:34:10,65.2330842278855,1256.15348000672,12.37
12-20-2024 00:44:10,65.8005639501027,1251.15906927855,12.35
12-20-2024 00:54:10,65.1265139999019,1251.25233538535,12.34
12-20-2024 01:04:10,66.1727301700151,1252.38046452204,12.32
12-20-2024 01:14:10,65.7860465401327,1252.37945977165,12.31
12-20-2024 01:24:10,64.1510763593134,1249.83560368914,12.29
12-20-2024 01:34:10,64.8141623827409,1255.76405679657,12.27
12-20-2024 01:44:10,65.8600091897687,1252.18520670938,12.25
12-20-2024 01:54:10,64.512720300411,1256.88820752422,12.23
12-20-2024 02:04:10,64.9841358315826,1256.32100323531,12.21
12-20-2024 02:14:10,64.9769719314793,1258.76424364506,12.19
12-20-2024 02:24:10,66.4970974734547,1260.07647360667,12.16
12-20-2024 02:34:10,65.628750214298,1262.70628763411,12.14
12-20-2024 02:44:10,65.7207973893824,1261.01199338907,12.13
12-20-2024 02:54:10,64.5621633202742,1260.63099234503,12.1
12-20-2024 03:04:10,64.9375986974991,1259.68780947039,12.08
12-20-2024 03:14:10,65.1216982055864,1253.57610801787,12.06
12-20-2024 03:24:10,65.6846037583449,1261.65312074522,12.03
12-20-2024 03:34:10,65.6737534414194,1263.90245735327,12
12-20-2024 03:44:10,65.5673275139622,1266.90208443428,11.97
12-20-2024 03:54:10,66.7106051894352,1266.61826071376,11.96
12-20-2024 04:04:10,66.3173570297163,1262.01161948237,11.93
12-20-2024 04:14:10,66.3064082181729,1260.6923248045,11.9
12-20-2024 04:24:10,66.1999364174925,1261.2504904472,11.87
12-20-2024 04:34:10,64.377846379558,1260.02736986997,11.85
12-20-2024 04:44:10,66.2772290541036,1261.24212790731,11.82
12-20-2024 04:54:10,66.1708089147453,1262.92526541735,11.79
12-20-2024 05:04:10,65.5906866189653,1263.48430035893,11.77
12-20-2024 05:14:10,66.4353393242228,1260.57088571533,11.73
12-20-2024 05:24:10,65.4736089816811,1260.56764629272,11.71
12-20-2024 05:34:10,65.7563217688737,1260.19113742419,11.7
12-20-2024 05:44:10,66.1308004250693,1255.12771303998,11.68
12-20-2024 05:54:10,65.8336640918389,1257.3725775482,11.65
12-20-2024 06:04:10,65.2540251430246,1256.24575018273,11.63
12-20-2024 06:14:10,66.0136026179545,1255.12047002201,11.62
12-20-2024 06:24:10,65.5258242328423,1256.42787357659,11.59
12-20-2024 06:34:10,66.6630553537968,1258.76602166924,11.57
12-20-2024 06:44:10,65.7902766166483,1255.20321983494,11.53
12-20-2024 06:54:10,66.0726925470766,1258.75861635201,11.52
12-20-2024 07:04:10,64.1587858450275,1255.66748861823,11.5
12-20-2024 07:14:10,65.3909271709025,1255.19716186027,11.48
12-20-2024 07:24:10,66.146239996096,1254.25921431938,11.46
12-20-2024 07:34:10,65.9519960962518,1255.19352927062,11.45
12-20-2024 07:44:10,65.8566897435115,1257.34507578823,11.45
12-20-2024 07:54:10,65.8458456321811,1251.2618768872,11.42
12-20-2024 08:04:10,65.6516608631488,1256.49793004217,11.41
12-20-2024 08:14:10,65.9338984084395,1254.90694799523,11.4
12-20-2024 08:24:10,66.9819806085737,1249.48335611865,11.4
12-20-2024 08:34:10,64.4058805236617,1248.36053916534,11.39
12-20-2024 08:44:10,65.1680802931725,1248.08002971904,11.39
12-20-2024 08:54:10,65.5527776083908,1249.76388673296,11.4
12-20-2024 09:04:10,65.171656808342,1244.34029485638,11.4
12-20-2024 09:14:10,64.7976483789915,1241.34829897032,11.42
12-20-2024 09:24:10,65.9483757639338,1240.88093753952,11.44
12-20-2024 09:34:10,64.7130135106286,1236.95215662136,11.45
12-20-2024 09:44:10,63.9610964018595,1234.51892311475,11.48
12-20-2024 09:54:10,65.0239196495039,1235.3598763648,11.52
12-20-2024 10:04:10,65.3207103841811,1242.28661246602,11.55
12-20-2024 10:14:10,66.009975519075,1240.50851764337,11.61
12-20-2024 10:24:10,64.9821065424099,1235.82407464756,11.67
12-20-2024 10:34:10,65.5798673052956,1233.10353775933,11.74
12-20-2024 10:44:10,62.7437168422854,1231.03610595222,11.82
12-20-2024 10:54:10,65.2482605558884,1229.15541246953,11.88
12-20-2024 11:04:10,63.1639380355079,1228.02499500293,11.93
12-20-2024 11:14:10,63.0822684536663,1236.00432418381,11.97
12-20-2024 11:24:10,63.857448761089,1235.25212294281,12
12-20-2024 11:34:10,62.8162804501202,1236.66058796906,12.03
12-20-2024 11:44:10,63.304793262993,1238.63356351117,12.06
12-20-2024 11:54:10,64.6542489701228,1240.41943773731,12.09
12-20-2024 12:04:10,64.7605943358108,1238.91538819976,12.12
12-20-2024 12:14:10,62.2872092880849,1239.38556271001,12.16
12-20-2024 12:24:10,63.1518031562123,1241.45482817199,12.17
12-20-2024 12:34:10,62.8716797628599,1244.55952047112,12.19
12-20-2024 12:44:10,64.307106241464,1244.18323641354,12.19
12-20-2024 12:54:10,63.4528454437986,1247.85332628697,12.21
12-20-2024 13:04:10,61.1626532224965,1243.99656385942,12.23
12-20-2024 13:14:10,62.8924797059274,1243.90318504907,12.25
12-20-2024 13:24:10,64.3319282423292,1247.38602366692,12.26
12-20-2024 13:34:10,63.5730830034682,1246.82246189496,12.28
12-20-2024 13:44:10,62.5268108836867,1247.76512302062,12.3
12-20-2024 13:54:10,62.2464176707812,1246.44813600588,12.32
12-20-2024 14:04:10,63.2075413875319,1247.20205888161,12.33
12-20-2024 14:14:10,62.8313973089772,1251.34744011103,12.35
12-20-2024 14:24:10,63.3137881147089,1255.1160697432,12.36
12-20-2024 14:34:10,63.1257011838129,1250.87829478884,12.37
12-20-2024 14:44:10,63.1257011838129,1253.42168766175,12.37
12-20-2024 14:54:10,62.55441180077,1253.89380659362,12.38
12-20-2024 15:04:10,63.2284685988265,1250.22057866841,12.39
12-20-2024 15:14:10,63.3242693088247,1251.06850521008,12.39
12-20-2024 15:24:10,64.0906749888105,1252.10485987213,12.39
12-20-2024 15:34:10,64.2822764088069,1252.38750205269,12.39
12-20-2024 15:44:10,64.2822764088069,1250.59743490915,12.39
12-20-2024 15:54:10,62.650207224661,1245.32097891518,12.38
12-20-2024 16:04:10,62.5509603536112,1243.1539164341,12.37
12-20-2024 16:14:10,63.0299110454459,1242.40031854583,12.37
12-20-2024 16:24:10,63.1222184078565,1238.72656159045,12.36
12-20-2024 16:34:10,63.888497235266,1236.46593977628,12.36
12-20-2024 16:44:10,62.934120907079,1234.58174045505,12.37
12-20-2024 16:54:10,63.3137881147089,1236.08916947392,12.36
12-20-2024 17:04:10,62.8348638475779,1236.46593977628,12.36
12-20-2024 17:14:10,63.6969275284136,1232.22727387471,12.36
12-20-2024 17:24:10,62.9306487010041,1234.86466599124,12.36
12-20-2024 17:34:10,64.8499236744178,1229.87175365337,12.37
12-20-2024 17:44:10,61.8804293850426,1227.23416104443,12.37
12-20-2024 17:54:10,63.0333889202246,1230.71890979256,12.38
12-20-2024 18:04:10,62.9375934963337,1227.61008217291,12.38
12-20-2024 18:14:10,63.4165706157883,1227.8927028656,12.38
12-20-2024 18:24:10,63.3207751918974,1227.8927028656,12.38
12-20-2024 18:34:10,62.650207224661,1227.61008217291,12.38
12-20-2024 18:44:10,64.3745248546975,1228.08111666073,12.38
12-20-2024 18:54:10,64.0836025674822,1230.71955127767,12.37
12-20-2024 19:04:10,64.0836025674822,1229.1181557651,12.37
12-20-2024 19:14:10,63.7927123818398,1227.23506736841,12.36
12-20-2024 19:24:10,64.4560940028441,1226.76598831323,12.34
12-20-2024 19:34:10,63.7856740057863,1230.62729688999,12.34
12-20-2024 19:44:10,63.0160033833273,1230.34543183995,12.33
12-20-2024 19:54:10,64.3532194996384,1229.40446201502,12.32
12-20-2024 20:04:10,63.8708777907839,1230.91171172053,12.31
12-20-2024 20:14:10,64.5376271601912,1229.31179440732,12.3
12-20-2024 20:24:10,63.9560533830071,1230.25464360175,12.28
12-20-2024 20:34:10,62.2258234486815,1229.03242262451,12.26
12-20-2024 20:44:10,63.3711134936437,1231.85660808862,12.25
12-20-2024 20:54:10,64.3248342869745,1231.57484233358,12.24
12-20-2024 21:04:10,63.743476343322,1232.51691829182,12.22
12-20-2024 21:14:10,63.2649217161199,1230.8232543076,12.22
12-20-2024 21:24:10,64.0270793392176,1234.58729906791,12.21
12-20-2024 21:34:10,63.7399623915081,1234.2109578702,12.21
12-20-2024 21:44:10,64.3106510687818,1235.81066206562,12.2
12-20-2024 21:54:10,63.5485510930351,1234.58729906791,12.21
12-20-2024 22:04:10,64.1227849884541,1235.52815206217,12.21
12-20-2024 22:14:10,64.1192503215533,1236.09289653473,12.2
12-20-2024 22:24:10,63.5450480798677,1238.25669413122,12.2
12-20-2024 22:34:10,63.7364488270962,1243.05468010604,12.2
12-20-2024 22:44:10,63.2544601571543,1246.25279873027,12.19
12-20-2024 22:54:10,63.3501552557279,1250.10971032054,12.19
12-20-2024 23:04:10,63.1587650585807,1251.99113060848,12.19
12-20-2024 23:14:10,63.7294228602224,1251.3317092892,12.18
12-20-2024 23:24:10,64.4913868595259,1255.65739496144,12.17
12-20-2024 23:34:10,63.5310398883078,1258.00738251701,12.16
12-20-2024 23:44:10,64.8669748645256,1259.69871617939,12.15
12-20-2024 23:54:10,64.4807254292082,1262.70628763411,12.14
12-21-2024 00:04:10,64.381508941855,1261.95227524231,12.13
12-21-2024 00:14:10,64.8526792000049,1263.73508081389,12.11
12-21-2024 00:24:10,64.6613733616568,1261.19670503782,12.11
12-21-2024 00:34:10,64.4665156709109,1259.50291092011,12.1
12-21-2024 00:44:10,65.0368184906561,1261.09936167655,12.09
12-21-2024 00:54:10,65.3129513574384,1262.50404341495,12.06
12-21-2024 01:04:10,63.3013065695664,1265.97920512631,12.05
12-21-2024 01:14:10,64.3389663548314,1265.97107149007,12.01
12-21-2024 01:24:10,64.2362916694706,1266.34272013084,11.99
12-21-2024 01:34:10,64.8026939569481,1263.52117449806,11.97
12-21-2024 01:44:10,63.5531667635096,1267.3673792576,11.95
12-21-2024 01:54:10,64.501752154263,1269.24081861198,11.93
12-21-2024 02:04:10,65.5420692185398,1268.20147423376,11.9
12-21-2024 02:14:10,64.9616649751159,1266.50777210631,11.88
12-21-2024 02:24:10,64.1903457719959,1269.22487200309,11.86
12-21-2024 02:34:10,64.1797522050329,1269.03041366902,11.83
12-21-2024 02:44:10,64.0771966923561,1270.05769570074,11.81
12-21-2024 02:54:10,63.0232842388315,1268.92983696845,11.8
12-21-2024 03:04:10,64.2540496281858,1270.42343040395,11.77
12-21-2024 03:14:10,63.7661591847706,1272.19759806843,11.74
12-21-2024 03:24:10,64.3353717019054,1273.03879140434,11.73
12-21-2024 03:34:10,64.8055109308477,1266.94125027428,11.71
12-21-2024 03:44:10,64.9892505298389,1265.99989485144,11.69
12-21-2024 03:54:10,65.4592145199607,1265.52732975889,11.67
12-21-2024 04:04:10,63.6427062214514,1265.43164186242,11.66
12-21-2024 04:14:10,64.2046183059292,1266.73710235785,11.63
12-21-2024 04:24:10,63.9113924823414,1265.32805385896,11.61
12-21-2024 04:34:10,65.3314756940206,1265.2284836716,11.58
12-21-2024 04:44:10,63.8973491946264,1266.44370790673,11.57
12-21-2024 04:54:10,64.3671233712734,1264.38002923633,11.55
12-21-2024 05:04:10,64.7414461198611,1268.49470806884,11.53
12-21-2024 05:14:10,65.500634602946,1267.7437325071,11.52
12-21-2024 05:24:10,64.4483223605933,1268.7710403127,11.51
12-21-2024 05:34:10,63.6786265549787,1269.04728908873,11.49
12-21-2024 05:44:10,64.6248025035534,1265.48750974307,11.47
12-21-2024 05:54:10,64.9036262161091,1268.28989937778,11.45
12-21-2024 06:04:10,65.1895452743298,1269.3188998862,11.45
12-21-2024 06:14:10,64.9917969297951,1264.63777775429,11.43
12-21-2024 06:24:10,64.9882296977533,1263.13946552348,11.42
12-21-2024 06:34:10,64.2259044227063,1261.83012504389,11.42
12-21-2024 06:44:10,64.0282944081956,1262.20074396719,11.4
12-21-2024 06:54:10,64.9810964083176,1262.85531540057,11.4
12-21-2024 07:04:10,64.2153305812841,1262.76002407519,11.39
12-21-2024 07:14:10,64.3035478029716,1261.4476160809,11.37
12-21-2024 07:24:10,64.3035478029716,1263.03692976009,11.37
12-21-2024 07:34:10,64.3000195091022,1257.89361899434,11.36
12-21-2024 07:44:10,64.4869997256683,1259.85517928259,11.35
12-21-2024 07:54:10,64.8644570968764,1257.32998518908,11.34
12-21-2024 08:04:10,65.6264477823023,1257.89079249737,11.34
12-21-2024 08:14:10,63.4322444575838,1257.14169288788,11.33
12-21-2024 08:24:10,65.1466294429239,1255.73978036143,11.33
12-21-2024 08:34:10,64.2894369502539,1254.33786783498,11.33
12-21-2024 08:44:10,62.9525728078409,1257.32724413381,11.32
12-21-2024 08:54:10,63.5274880678805,1256.30054537201,11.33
12-21-2024 09:04:10,64.3846805605505,1252.56211196814,11.33
12-21-2024 09:14:10,64.2012375407687,1252.9380340632,11.35
12-21-2024 09:24:10,65.8241681196883,1246.48881656291,11.36
12-21-2024 09:34:10,64.0212672552559,1241.72162211235,11.38
12-21-2024 09:44:10,63.3648105573207,1242.1897889811,11.41
12-21-2024 09:54:10,63.5658477377801,1239.29078406913,11.44
12-21-2024 10:04:10,64.6212546359555,1235.54870168688,11.46
12-21-2024 10:14:10,63.1135937909952,1233.67558113167,11.51
12-21-2024 10:24:10,63.3181776570749,1231.14628790811,11.55
12-21-2024 10:34:10,62.9574911020079,1227.58362708581,11.61
12-21-2024 10:44:10,63.448386407352,1224.86320533978,11.65
12-21-2024 10:54:10,62.7943125530602,1222.04742237492,11.69
12-21-2024 11:04:10,64.2399186281637,1221.47978291595,11.73
12-21-2024 11:14:10,63.9641098334413,1222.78847906529,11.76
12-21-2024 11:24:10,64.2575833496285,1222.87978060186,11.78
12-21-2024 11:34:10,64.837590906313,1222.68972981896,11.8
12-21-2024 11:44:10,63.6067187032023,1225.21898443981,11.83
12-21-2024 11:54:10,63.8967504920718,1222.96620766576,11.84
12-21-2024 12:04:10,63.235132293246,1220.80552896349,11.86
12-21-2024 12:14:10,63.9108145122831,1223.80595392859,11.88
12-21-2024 12:24:10,63.1500345462216,1220.6136443863,11.89
12-21-2024 12:34:10,62.7713403448698,1221.36315466877,11.9
12-21-2024 12:44:10,63.0614378925097,1218.45179084721,11.91
12-21-2024 12:54:10,62.7782500214038,1219.10737232324,11.92
12-21-2024 13:04:10,62.59058912747,1218.63642470475,11.93
12-21-2024 13:14:10,63.1674148644681,1217.41426318269,11.94
12-21-2024 13:24:10,63.6487354353344,1215.06511725519,11.95
12-21-2024 13:34:10,62.1298969828957,1213.65081982949,11.98
12-21-2024 13:44:10,63.3794738452126,1209.23198316675,12
12-21-2024 13:54:10,64.0556928875618,1208.00609846725,12.02
12-21-2024 14:04:10,63.9636097734101,1210.54057251128,12.03
12-21-2024 14:14:10,64.3495967297784,1208.56515821849,12.04
12-21-2024 14:24:10,62.1538508613568,1207.15327115889,12.05
12-21-2024 14:34:10,64.1618983507236,1207.43518458046,12.05
12-21-2024 14:44:10,63.8750344236712,1205.93164633209,12.05
12-21-2024 14:54:10,63.2056852605489,1204.3341369432,12.05
12-21-2024 15:04:10,63.6872995666969,1202.54590885349,12.06
12-21-2024 15:14:10,64.640004895811,1201.8908872896,12.05
12-21-2024 15:24:10,62.1572743518813,1197.8469954866,12.06
12-21-2024 15:34:10,62.9222869592891,1196.43732147653,12.06
12-21-2024 15:44:10,64.3566855981787,1196.81323454588,12.06
12-21-2024 15:54:10,64.5514943049325,1191.45285537499,12.07
12-21-2024 16:04:10,62.9257529668823,1188.63329351799,12.07
12-21-2024 16:14:10,64.0698058704007,1184.87799459399,12.06
12-21-2024 16:24:10,62.3450934793917,1183.00268804447,12.05
12-21-2024 16:34:10,62.4407147884092,1179.61972698565,12.05
12-21-2024 16:44:10,62.7241240040633,1177.83892538242,12.04
12-21-2024 16:54:10,62.4372758759959,1172.20108449507,12.04
12-21-2024 17:04:10,62.8162804501202,1171.73637688514,12.03
12-21-2024 17:14:10,62.8128212345196,1168.54719651078,12.02
12-21-2024 17:24:10,62.4269614111514,1168.36466430113,12.01
12-21-2024 17:34:10,64.5301668491994,1166.95552464008,12.01
12-21-2024 17:44:10,62.9970939125115,1168.37003081085,12
12-21-2024 17:54:10,61.8465486758147,1165.83932964426,11.99
12-21-2024 18:04:10,62.6999516751592,1164.62955886357,11.97
12-21-2024 18:14:10,62.9866892590395,1164.25390220399,11.97
12-21-2024 18:24:10,63.2699436037337,1163.60222927819,11.96
12-21-2024 18:34:10,61.8329306706627,1166.51885252405,11.95
12-21-2024 18:44:10,63.1674148644681,1162.01750124549,11.94
12-21-2024 18:54:10,60.4883097979977,1163.99494556929,11.93
12-21-2024 19:04:10,62.7782500214038,1165.40881872945,11.92
12-21-2024 19:14:10,62.8703426261687,1165.13279106283,11.91
12-21-2024 19:24:10,62.2902004903729,1164.11157488068,11.89
12-21-2024 19:34:10,62.6689003289353,1166.18196192612,11.88
12-21-2024 19:44:10,63.1430850966271,1169.56583797942,11.87
12-21-2024 19:54:10,64.0912981019042,1168.07511560885,11.85
12-21-2024 20:04:10,63.2246963686485,1170.33742962379,11.83
12-21-2024 20:14:10,62.7437168422854,1172.03117486604,11.82
12-21-2024 20:24:10,63.9852211329242,1174.18874786283,11.82
12-21-2024 20:34:10,62.3548554666015,1173.91720300814,11.8
12-21-2024 20:44:10,62.6344348846304,1175.42754371655,11.78
12-21-2024 20:54:10,63.4867657302066,1177.68754674182,11.76
12-21-2024 21:04:10,63.1048904476189,1172.71800534235,11.76
12-21-2024 21:14:10,63.0024926077075,1180.69687178142,11.74
12-21-2024 21:24:10,63.2853878907467,1186.51340079564,11.73
12-21-2024 21:34:10,62.3308571533297,1185.85719523306,11.73
12-21-2024 21:44:10,62.6137738085057,1190.64179173311,11.72
12-21-2024 21:54:10,64.9963960882287,1188.48968361898,11.71
12-21-2024 22:04:10,63.3703884681163,1187.36884724283,11.7
12-21-2024 22:14:10,64.0384497923284,1186.71279057453,11.7
12-21-2024 22:24:10,63.4658258001466,1185.21323247555,11.7
12-21-2024 22:34:10,62.7023271439042,1186.61906819334,11.7
12-21-2024 22:44:10,62.0342658196922,1188.49351581706,11.7
12-21-2024 22:54:10,63.7521377962375,1187.36884724283,11.7
12-21-2024 23:04:10,63.3669050687417,1187.93505567672,11.69
12-21-2024 23:14:10,63.0840764720254,1194.58547059413,11.7
12-21-2024 23:24:10,63.6567004642072,1195.61641678718,11.7
12-21-2024 23:34:10,62.7023271439042,1197.20969726734,11.7
12-21-2024 23:44:10,63.1795138040557,1200.67742537121,11.7
12-21-2024 23:54:10,63.9430124602981,1200.30253584647,11.7
12-22-2024 00:04:10,63.7486334125292,1202.92950257703,11.69
12-22-2024 00:14:10,64.3212259282107,1206.86554488836,11.69
12-22-2024 00:24:10,64.8902514993465,1205.46236378575,11.68
12-22-2024 00:34:10,63.9324689917983,1207.80743970028,11.67
12-22-2024 00:44:10,62.3103018681258,1207.05783073848,11.67
12-22-2024 00:54:10,63.3564571679816,1207.43503396128,11.66
12-22-2024 01:04:10,63.4518735191382,1209.8710788812,11.66
12-22-2024 01:14:10,64.3035524564339,1208.84502839062,11.64
12-22-2024 01:24:10,62.6816527653962,1211.37438485114,11.64
12-22-2024 01:34:10,63.7276151981585,1212.59423131127,11.63
12-22-2024 01:44:10,65.5366257204259,1213.53289623919,11.62
12-22-2024 01:54:10,64.8617300531103,1212.69390553181,11.6
12-22-2024 02:04:10,63.9043700669641,1212.32132751901,11.59
12-22-2024 02:14:10,63.042489684303,1214.47701548407,11.58
12-22-2024 02:24:10,63.7984753976295,1216.54045628974,11.56
12-22-2024 02:34:10,62.841384150621,1219.44426631367,11.55
12-22-2024 02:44:10,64.3600532119385,1218.97923429608,11.53
12-22-2024 02:54:10,63.9716335857369,1220.8540400442,11.51
12-22-2024 03:04:10,64.2541183648566,1218.04799760433,11.5
12-22-2024 03:14:10,62.7253537023592,1216.45883779335,11.49
12-22-2024 03:24:10,63.6751302480508,1215.99271826583,11.48
12-22-2024 03:34:10,63.8587619558852,1218.52213519131,11.46
12-22-2024 03:44:10,64.137654464057,1215.62555889218,11.44
12-22-2024 03:54:10,63.4635791476593,1216.28378121818,11.42
12-22-2024 04:04:10,63.7459522749587,1216.84661102327,11.41
12-22-2024 04:14:10,64.7869804084171,1218.53303470921,11.39
12-22-2024 04:24:10,64.3070764840739,1218.81507912481,11.38
12-22-2024 04:34:10,65.0620938143953,1220.5008241372,11.36
12-22-2024 04:44:10,64.6775078489347,1216.48280925832,11.35
12-22-2024 04:54:10,63.8132188987705,1217.32737713662,11.33
12-22-2024 05:04:10,63.9931740614335,1220.60270470534,11.3
12-22-2024 05:14:10,63.7957196309522,1222.19373779395,11.28
12-22-2024 05:24:10,64.5539190893746,1217.61750723597,11.27
12-22-2024 05:34:10,63.8804265041889,1218.18118133312,11.25
12-22-2024 05:44:10,66.9195457619271,1220.2389318604,11.23
12-22-2024 05:54:10,65.6784565524636,1222.29479146842,11.22
12-22-2024 06:04:10,64.3423224761058,1219.68152511174,11.21
12-22-2024 06:14:10,63.3800886788316,1219.03244037822,11.18
12-22-2024 06:24:10,64.0427352509486,1220.06078647153,11.17
12-22-2024 06:34:10,63.5599671162805,1218.94365372293,11.15
12-22-2024 06:44:10,63.1759060795012,1218.57186774207,11.14
12-22-2024 06:54:10,63.3627224735589,1218.20013775908,11.13
12-22-2024 07:04:10,65.0680969978874,1215.96394954272,11.11
12-22-2024 07:14:10,62.9718129794229,1216.24559278911,11.1
12-22-2024 07:24:10,65.2547790088883,1217.73837657897,11.1
12-22-2024 07:34:10,64.9658486993894,1213.35526689571,11.09
12-22-2024 07:44:10,63.4404789442287,1214.75648339659,11.08
12-22-2024 07:54:10,64.2013842389121,1211.67808038998,11.08
12-22-2024 08:04:10,64.4867237244184,1213.07735448389,11.08
12-22-2024 08:14:10,63.4404789442287,1212.51764484632,11.08
12-22-2024 08:24:10,63.1516796825068,1210.28098013824,11.07
12-22-2024 08:34:10,64.1062710770767,1209.7190966585,11.08
12-22-2024 08:44:10,62.8697999732161,1211.67808038998,11.08
12-22-2024 08:54:10,63.2537179869604,1207.57116520822,11.09
12-22-2024 09:04:10,64.0181724095945,1205.79610626008,11.1
12-22-2024 09:14:10,63.4509074526182,1205.14045214041,11.11
12-22-2024 09:24:10,63.6481401423587,1204.2021279028,11.13
12-22-2024 09:34:10,62.8973667222878,1202.14072336408,11.16
12-22-2024 09:44:10,62.5270284262908,1199.51821343488,11.19
12-22-2024 09:54:10,61.208062482104,1198.57235967369,11.23
12-22-2024 10:04:10,61.8879755281615,1193.42210027156,11.27
12-22-2024 10:14:10,64.6633164910313,1193.12796418897,11.31
12-22-2024 10:24:10,64.5822537873015,1193.11407540903,11.35
12-22-2024 10:34:10,63.0720309270179,1189.07954284815,11.39
12-22-2024 10:44:10,63.467062690973,1192.15095889773,11.43
12-22-2024 10:54:10,62.9090997822201,1192.23032209492,11.47
12-22-2024 11:04:10,63.300793166565,1188.66361905118,11.5
12-22-2024 11:14:10,62.9332861397256,1186.02730652356,11.54
12-22-2024 11:24:10,63.4239873525893,1183.38940028432,11.58
12-22-2024 11:34:10,61.6220291695411,1183.00212052498,11.61
12-22-2024 11:44:10,62.6816527653962,1182.42730535853,11.64
12-22-2024 11:54:10,62.1228731265803,1180.06743992179,11.68
12-22-2024 12:04:10,60.8957129418089,1181.73681848365,11.72
12-22-2024 12:14:10,63.479784218372,1179.38436136337,11.74
12-22-2024 12:24:10,61.7717237881667,1178.99570345947,11.77
12-22-2024 12:34:10,63.1153025867916,1182.73804560955,11.79
12-22-2024 12:44:10,63.2107871595402,1183.48833538553,11.79
12-22-2024 12:54:10,62.1672951516003,1184.51171206122,11.81
12-22-2024 13:04:10,63.0302178324328,1183.288077458,11.82
12-22-2024 13:14:10,61.7033957881224,1180.92966543923,11.85
12-22-2024 13:24:10,62.0922924550796,1178.66861309649,11.87
12-22-2024 13:34:10,61.9114589702825,1174.7125638395,11.9
12-22-2024 13:44:10,62.7851612192974,1173.09685363293,11.94
12-22-2024 13:54:10,61.2662637557577,1166.60175632636,11.97
12-22-2024 14:04:10,62.3279290302845,1164.98835199519,12
12-22-2024 14:14:10,63.2943343348243,1165.6291790263,12.03
12-22-2024 14:24:10,61.5869071590763,1164.38506154775,12.07
12-22-2024 14:34:10,61.4057908912831,1159.47969124411,12.1
12-22-2024 14:44:10,61.0366510739389,1156.91655173983,12.14
12-22-2024 14:54:10,60.9510585007685,1157.93244864197,12.17
12-22-2024 15:04:10,61.7301437575416,1150.9454678782,12.21
12-22-2024 15:14:10,60.6907642824322,1148.09525266048,12.25
12-22-2024 15:24:10,61.4667459160039,1144.59149219938,12.28
12-22-2024 15:34:10,61.3811584166304,1141.83938866633,12.31
12-22-2024 15:44:10,61.5828654440249,1138.99185188548,12.34
12-22-2024 15:54:10,61.4938758996113,1140.01274237163,12.36
12-22-2024 16:04:10,61.2132758662972,1139.33821915426,12.38
12-22-2024 16:14:10,60.0736750449163,1136.30013927898,12.41
12-22-2024 16:24:10,61.6202582109234,1134.38370257751,12.45
12-22-2024 16:34:10,60.7678293194617,1129.83441665699,12.48
12-22-2024 16:44:10,60.3911042944785,1129.72348600929,12.5
12-22-2024 16:54:10,60.4969841630209,1133.65970534845,12.53
12-22-2024 17:04:10,61.4591259419258,1129.31288012796,12.54
12-22-2024 17:14:10,60.3152271304604,1128.16412349411,12.56
12-22-2024 17:24:10,60.0341868800943,1125.7884623477,12.58
12-22-2024 17:34:10,60.8148343687842,1124.52699553757,12.62
12-22-2024 17:44:10,61.0167930494581,1122.61278402212,12.65
12-22-2024 17:54:10,61.8870780548613,1122.31177909974,12.67
12-22-2024 18:04:10,58.8297166653359,1120.57616787128,12.71
12-22-2024 18:14:10,61.0437795236896,1120.84146421983,12.73
12-22-2024 18:24:10,60.5739220721772,1118.73584455722,12.76
12-22-2024 18:34:10,62.0207314375599,1121.83578901852,12.78
12-22-2024 18:44:10,61.5509061522483,1124.45538770271,12.81
12-22-2024 18:54:10,61.1735800814982,1125.38319037674,12.83
12-22-2024 19:04:10,60.3159479976642,1131.51123593115,12.85
12-22-2024 19:14:10,62.0516146483306,1130.83289308168,12.87
12-22-2024 19:24:10,61.5747457856361,1135.08011284416,12.88
12-22-2024 19:34:10,60.3292980590105,1135.16674316093,12.89
12-22-2024 19:44:10,62.8304845056567,1134.40215946891,12.9
12-22-2024 19:54:10,60.4353961948568,1133.44021334633,12.92
12-22-2024 20:04:10,61.3001315935113,1135.42671346987,12.92
12-22-2024 20:14:10,60.7236413277416,1133.15642761439,12.92
12-22-2024 20:24:10,62.3639332365747,1138.53299352056,12.94
12-22-2024 20:34:10,62.0722205481727,1139.2974953335,12.93
12-22-2024 20:44:10,62.4600255836265,1139.19526134129,12.94
12-22-2024 20:54:10,62.7517758848673,1141.93151911711,12.95
12-22-2024 21:04:10,59.8688459054706,1141.36381764104,12.95
12-22-2024 21:14:10,61.310310895169,1142.21536985515,12.95
12-22-2024 21:24:10,61.7976405026541,1144.37708478809,12.97
12-22-2024 21:34:10,60.4521242242138,1145.60729252002,12.97
12-22-2024 21:44:10,60.6510559243106,1144.64654376655,12.99
12-22-2024 21:54:10,61.80790525992,1145.68050809757,13
12-22-2024 22:04:10,60.8500316843135,1144.44278368242,13.01
12-22-2024 22:14:10,63.4525574841715,1145.37505826047,13.03
12-22-2024 22:24:10,60.2866065659518,1146.49699622143,13.05
12-22-2024 22:34:10,60.9664157748004,1144.2099444364,13.07
12-22-2024 22:44:10,61.8387200019696,1148.36302858301,13.09
12-22-2024 22:54:10,60.7875605567217,1149.86486861577,13.11
12-22-2024 23:04:10,61.7596537457519,1151.73947245689,13.14
12-22-2024 23:14:10,60.7115587110599,1150.48732459428,13.17
12-22-2024 23:24:10,61.1031906835243,1151.42166498398,13.19
12-22-2024 23:34:10,62.0723264823449,1156.33810655015,13.21
12-22-2024 23:44:10,62.5639114418421,1156.31909324252,13.24
12-22-2024 23:54:10,61.5119581556963,1155.92704723235,13.26
12-23-2024 00:04:10,62.962883091597,1158.57027078711,13.28
12-23-2024 00:14:10,61.9107406950949,1162.92197190127,13.3
12-23-2024 00:24:10,60.0846731701906,1163.20076797816,13.31
12-23-2024 00:34:10,60.9580408374575,1161.76575109252,13.33
12-23-2024 00:44:10,61.4463586772275,1165.0756335858,13.35
12-23-2024 00:54:10,62.6055626101858,1168.2021228856,13.36
12-23-2024 01:04:10,62.5092463600163,1173.70713776433,13.36
12-23-2024 01:14:10,62.2306549362203,1171.41363394838,13.39
12-23-2024 01:24:10,60.7856706884753,1176.54017063962,13.39
12-23-2024 01:34:10,62.0414328873543,1178.054463182,13.4
12-23-2024 01:44:10,62.0448757869294,1179.56898778966,13.41
12-23-2024 01:54:10,63.1081506055299,1184.12239058643,13.42
12-23-2024 02:04:10,62.3373640332486,1184.59717903494,13.42
12-23-2024 02:14:10,61.4702291394322,1184.12239058643,13.42
12-23-2024 02:24:10,63.1081506055299,1184.02743289672,13.42
12-23-2024 02:34:10,62.1481164013986,1182.8836283151,13.43
12-23-2024 02:44:10,61.8590553948805,1187.91677156339,13.43
12-23-2024 02:54:10,62.8225920832742,1188.77145626593,13.43
12-23-2024 03:04:10,61.3772870506836,1185.92250725746,13.43
12-23-2024 03:14:10,60.7028113688079,1186.68222699305,13.43
12-23-2024 03:24:10,59.7392746804142,1186.01747222441,13.43
12-23-2024 03:34:10,61.5665774609674,1185.64171362166,13.42
12-23-2024 03:44:10,62.0483190686432,1186.87616358779,13.42
12-23-2024 03:54:10,62.5265906610516,1183.55690515963,13.41
12-23-2024 04:04:10,61.5631609128073,1187.07007046175,13.41
12-23-2024 04:14:10,61.8521898372806,1186.40541756676,13.41
12-23-2024 04:24:10,62.0448757869294,1183.17710350535,13.41
12-23-2024 04:34:10,62.1377705160614,1186.31451623623,13.4
12-23-2024 04:44:10,61.8487576299402,1186.21957309767,13.4
12-23-2024 04:54:10,62.3235290491221,1186.98711268423,13.38
12-23-2024 05:04:10,62.5092463600163,1184.43242537288,13.36
12-23-2024 05:14:10,61.3500477702099,1187.66344727051,13.35
12-23-2024 05:24:10,62.113643507362,1188.14579510164,13.33
12-23-2024 05:34:10,62.2030430576012,1188.53311749286,13.31
12-23-2024 05:44:10,61.4259130316904,1185.97956248529,13.29
12-23-2024 05:54:10,61.6082210010104,1189.97511171843,13.26
12-23-2024 06:04:10,61.1201288701073,1189.31885086499,13.24
12-23-2024 06:14:10,62.2682504681187,1187.71466707676,13.22
12-23-2024 06:24:10,61.6805436663608,1184.4088008541,13.19
12-23-2024 06:34:10,60.3200135455469,1184.70983279785,13.15
12-23-2024 06:44:10,60.5023639206609,1183.49070260618,13.12
12-23-2024 06:54:10,61.4540312305732,1184.92424014957,13.09
12-23-2024 07:04:10,61.2481154426018,1188.25493934446,13.05
12-23-2024 07:14:10,62.6799645608249,1182.87055751402,13.02
12-23-2024 07:24:10,62.0928401380422,1183.73526731339,12.99
12-23-2024 07:34:10,62.2747346019952,1182.99097058628,12.96
12-23-2024 07:44:10,62.1717485424713,1182.05345031128,12.94
12-23-2024 07:54:10,61.4888920316545,1179.98559046053,12.91
12-23-2024 08:04:10,62.7309420900221,1179.04888669394,12.89
12-23-2024 08:14:10,60.9983831105756,1179.8100048191,12.88
12-23-2024 08:24:10,61.567932577639,1177.92802290577,12.86
12-23-2024 08:34:10,62.7205303794045,1176.98250354239,12.86
12-23-2024 08:44:10,62.0481816617079,1173.67318577054,12.86
12-23-2024 08:54:10,62.912630013032,1172.63311447081,12.86
12-23-2024 09:04:10,62.2437249103998,1174.14098447991,12.87
12-23-2024 09:14:10,61.9624160000984,1171.95586780391,12.89
12-23-2024 09:24:10,60.5247786522381,1171.09951130099,12.9
12-23-2024 09:34:10,60.7202808812588,1172.13478452801,12.91
12-23-2024 09:44:10,60.5348280887752,1167.29982520302,12.93
12-23-2024 09:54:10,60.3526748920571,1164.63388785601,12.96
12-23-2024 10:04:10,61.1350353737312,1157.98540449981,13
12-23-2024 10:14:10,61.3374722346991,1157.02005182685,13.03
12-23-2024 10:24:10,60.963039090193,1152.07700563766,13.06
12-23-2024 10:34:10,61.7528102338065,1148.43694340315,13.12
12-23-2024 10:44:10,61.2854512764307,1150.68364368875,13.16
12-23-2024 10:54:10,61.8798541521671,1146.00434795263,13.21
12-23-2024 11:04:10,59.7792269400429,1147.39132075951,13.26
12-23-2024 11:14:10,60.4664776928765,1141.19663892971,13.3
12-23-2024 11:24:10,60.1943168859987,1139.83043005584,13.35
12-23-2024 11:34:10,60.8786249753403,1138.00395928171,13.38
12-23-2024 11:44:10,60.6030942456158,1143.29058401448,13.42
12-23-2024 11:54:10,60.8126653796098,1140.68899781333,13.47
12-23-2024 12:04:10,61.6971656322109,1136.75498929196,13.52
12-23-2024 12:14:10,60.6502166051615,1137.00874587013,13.56
12-23-2024 12:24:10,60.467445176183,1134.32294849423,13.59
12-23-2024 12:34:10,60.4808837964478,1133.62498726705,13.63
12-23-2024 12:44:10,58.850860727605,1131.22236515375,13.66
12-23-2024 12:54:10,60.7905316527614,1131.19750025145,13.69
12-23-2024 13:04:10,60.1317919003731,1130.58488658264,13.74
12-23-2024 13:14:10,60.2417082694874,1133.21768501367,13.78
12-23-2024 13:24:10,60.6413615801053,1130.61337156527,13.82
12-23-2024 13:34:10,59.5924302739591,1129.72247719927,13.86
12-23-2024 13:44:10,59.7989056510449,1128.35449335558,13.9
12-23-2024 13:54:10,59.9055116162584,1127.37561808564,13.93
12-23-2024 14:04:10,59.0457739074503,1122.29614353491,13.96
12-23-2024 14:14:10,59.7288888339065,1124.94843032692,13.98
12-23-2024 14:24:10,59.5455360954213,1127.59294629134,14.01
12-23-2024 14:34:10,58.2921389328846,1125.58103506139,14.02
12-23-2024 14:44:10,60.2288968773009,1128.24359300077,14.03
12-23-2024 14:54:10,58.9721141174214,1131.10570257205,14.03
12-23-2024 15:04:10,59.4588030739911,1130.42950596567,14.04
12-23-2024 15:14:10,59.6521650352074,1131.57443794335,14.04
12-23-2024 15:24:10,59.8455269964236,1131.09738295265,14.04
12-23-2024 15:34:10,59.7488460158155,1129.37998498613,14.04
12-23-2024 15:44:10,59.2654411127749,1133.95971289686,14.04
12-23-2024 15:54:10,60.5222938606804,1134.91382287826,14.04
12-23-2024 16:04:10,59.4588030739911,1131.95608193591,14.04
12-23-2024 16:14:10,59.8455269964236,1131.28820494893,14.04
12-23-2024 16:24:10,60.1355699382479,1131.09738295265,14.04
12-23-2024 16:34:10,60.0388889576398,1129.57080698241,14.04
12-23-2024 16:44:10,60.1355699382479,1131.28820494893,14.04
12-23-2024 16:54:10,59.6521650352074,1131.57443794335,14.04
12-23-2024 17:04:10,60.4222480711285,1132.72756466245,14.03
12-23-2024 17:14:10,59.3588165050766,1134.15861944809,14.03
12-23-2024 17:24:10,59.0720791515587,1134.24594589128,14.04
12-23-2024 17:34:10,60.4256128800723,1133.67347990244,14.04
12-23-2024 17:44:10,58.68208732668,1139.21501302403,14.03
12-23-2024 17:54:10,60.0355456834733,1138.83339841452,14.03
12-23-2024 18:04:10,61.0023016526113,1138.9288020669,14.03
12-23-2024 18:14:10,61.5789262027321,1138.6503292222,14.02
12-23-2024 18:24:10,61.0955751336369,1137.31478091379,14.02
12-23-2024 18:34:10,59.4521814987131,1140.55825537706,14.02
12-23-2024 18:44:10,60.3255724742147,1139.97824224304,14.03
12-23-2024 18:54:10,61.385585775094,1145.61425968745,14.02
12-23-2024 19:04:10,60.5155538507226,1146.28203384165,14.02
12-23-2024 19:14:10,60.2255432092655,1146.56822276488,14.02
12-23-2024 19:24:10,60.0322027816274,1141.22602953126,14.02
12-23-2024 19:34:10,62.8356389823797,1143.32474830161,14.02
12-23-2024 19:44:10,61.7688272158673,1144.19062606925,14.01
12-23-2024 19:54:10,61.3821678905723,1145.33529364014,14.01
12-23-2024 20:04:10,61.5720692854934,1143.33950134488,14
12-23-2024 20:14:10,60.3121385137852,1145.92198174021,13.99
12-23-2024 20:24:10,59.9255222412609,1149.83232724594,13.99
12-23-2024 20:34:10,60.8920629225716,1146.58960170461,13.99
12-23-2024 20:44:10,60.018834896207,1146.78745970508,13.98
12-23-2024 20:54:10,61.4651434650569,1148.03424287003,13.97
12-23-2024 21:04:10,59.9155152579692,1150.52041358472,13.96
12-23-2024 21:14:10,61.2684462476652,1150.6157658484,13.96
12-23-2024 21:24:10,60.8785058288754,1156.34327415433,13.95
12-23-2024 21:34:10,60.4919756331365,1159.77569152484,13.95
12-23-2024 21:44:10,60.6852407310059,1159.96638137875,13.95
12-23-2024 21:54:10,61.3582533518033,1161.49787559245,13.94
12-23-2024 22:04:10,61.454880522436,1159.87713653926,13.94
12-23-2024 22:14:10,61.1649990105378,1165.02536647293,13.94
12-23-2024 22:24:10,61.2616261811705,1164.73935369884,13.94
12-23-2024 22:34:10,60.0054729629446,1164.73935369884,13.94
12-23-2024 22:44:10,62.2278978874981,1168.17150698796,13.94
12-23-2024 22:54:10,62.5177793993964,1171.12697232026,13.94
12-23-2024 23:04:10,61.6447038889885,1171.99017831429,13.93
12-23-2024 23:14:10,60.2953544748429,1174.27311283528,13.94
12-23-2024 23:24:10,61.0615748012021,1176.9521372162,13.92
12-23-2024 23:34:10,61.927676203078,1175.62250374423,13.91
12-23-2024 23:44:10,61.3480099671677,1179.43512739834,13.91
12-23-2024 23:54:10,63.5665265240509,1185.25352473774,13.9
12-24-2024 00:04:10,62.3037191359933,1183.64182413299,13.88
12-24-2024 00:14:10,62.0035850047903,1185.65533299575,13.85
12-24-2024 00:24:10,60.261814405973,1186.04050333082,13.84
12-24-2024 00:34:10,60.9310496131313,1188.0489118394,13.82
12-24-2024 00:44:10,61.3104801334734,1189.39005784575,13.8
12-24-2024 00:54:10,60.8209554643863,1189.77858787041,13.78
12-24-2024 01:04:10,61.969111969112,1189.40917474862,13.75
12-24-2024 01:14:10,61.7726273133849,1190.46009864465,13.74
12-24-2024 01:24:10,62.344813529172,1191.70487368366,13.72
12-24-2024 01:34:10,62.6238968930828,1190.57395046653,13.69
12-24-2024 01:44:10,61.845078945581,1193.81616924485,13.67
12-24-2024 01:54:10,63.0923347636835,1191.92062360374,13.65
12-24-2024 02:04:10,63.7570065188404,1195.16501684377,13.62
12-24-2024 02:14:10,62.1069133867016,1195.27022510653,13.59
12-24-2024 02:24:10,61.6212938504456,1196.98492901851,13.58
12-24-2024 02:34:10,60.9361019406991,1196.80452905585,13.55
12-24-2024 02:44:10,62.0862204068537,1195.38545858923,13.53
12-24-2024 02:54:10,62.3650524367674,1200.81143611841,13.5
12-24-2024 03:04:10,61.294540699575,1200.15529633358,13.47
12-24-2024 03:14:10,62.3477443029387,1200.0662957083,13.45
12-24-2024 03:24:10,63.4900204092958,1201.69243415165,13.41
12-24-2024 03:34:10,62.7123163521353,1198.09061191576,13.39
12-24-2024 03:44:10,62.0311064808251,1197.90706082682,13.37
12-24-2024 03:54:10,62.1170890757131,1198.20123669248,13.34
12-24-2024 04:04:10,62.5916727268245,1200.01032348566,13.32
12-24-2024 04:14:10,61.9107406950949,1199.92144726768,13.3
12-24-2024 04:24:10,61.5187802683952,1199.54803048745,13.28
12-24-2024 04:34:10,62.378323763523,1199.83861786482,13.26
12-24-2024 04:44:10,62.3748652394887,1199.93646112156,13.25
12-24-2024 04:54:10,61.9829620002094,1200.03728307994,13.23
12-24-2024 05:04:10,61.9795259682665,1198.04921634725,13.22
12-24-2024 05:14:10,61.3952700622036,1199.00348476977,13.2
12-24-2024 05:24:10,62.8317671256497,1198.53571067718,13.18
12-24-2024 05:34:10,61.6702892750268,1198.82623065909,13.16
12-24-2024 05:44:10,61.8627082743248,1200.15299486694,13.16
12-24-2024 05:54:10,62.3403010805652,1198.16598351432,13.15
12-24-2024 06:04:10,62.6289135855678,1200.62978575818,13.15
12-24-2024 06:14:10,63.1991344123423,1195.14034371797,13.13
12-24-2024 06:24:10,61.8489984117408,1198.74382485399,13.12
12-24-2024 06:34:10,60.7875605567217,1197.79958796983,13.11
12-24-2024 06:44:10,62.3264861404362,1197.13645944121,13.11
12-24-2024 06:54:10,62.2268558414379,1197.6132986891,13.1
12-24-2024 07:04:10,61.5502034234223,1195.15380193504,13.09
12-24-2024 07:14:10,62.1272365805169,1196.10098358184,13.09
12-24-2024 07:24:10,62.7007964155147,1195.72543075476,13.08
12-24-2024 07:34:10,61.5433850092623,1193.73997265526,13.07
12-24-2024 07:44:10,62.7934850172629,1194.49760215,13.07
12-24-2024 07:54:10,61.3510619311083,1190.80415836313,13.07
12-24-2024 08:04:10,61.347663942497,1192.22830026123,13.06
12-24-2024 08:14:10,61.9280311655702,1190.5200473026,13.07
12-24-2024 08:24:10,61.5433850092623,1190.14123255523,13.07
12-24-2024 08:34:10,60.1009619231077,1187.11071457625,13.07
12-24-2024 08:44:10,61.739127758835,1186.06491638351,13.08
12-24-2024 08:54:10,61.3544602961632,1185.40193990705,13.08
12-24-2024 09:04:10,61.3578590377241,1181.79854071512,13.09
12-24-2024 09:14:10,61.8421457589561,1183.9728403318,13.1
12-24-2024 09:24:10,61.2684748016325,1181.8845032831,13.11
12-24-2024 09:34:10,61.3646576506147,1182.07396857699,13.11
12-24-2024 09:44:10,61.5638447852345,1179.50706666759,13.13
12-24-2024 09:54:10,60.6052676944294,1178.6497159927,13.14
12-24-2024 10:04:10,61.0002032057242,1175.60299647973,13.17
12-24-2024 10:14:10,61.962351521272,1175.41344423909,13.17
12-24-2024 10:24:10,62.8352496320337,1173.60267013803,13.19
12-24-2024 10:34:10,60.8178850772926,1178.14795293475,13.2
12-24-2024 10:44:10,61.4949094918115,1174.25627512751,13.21
12-24-2024 10:54:10,60.5392594691487,1177.47021027866,13.23
12-24-2024 11:04:10,61.3092341523811,1177.09093174418,13.23
12-24-2024 11:14:10,61.0238766986583,1173.4827602818,13.24
12-24-2024 11:24:10,61.9898352071462,1173.95190486238,13.25
12-24-2024 11:34:10,61.0272601262898,1177.46076829884,13.25
12-24-2024 11:44:10,60.6422300939473,1175.94342194794,13.25
12-24-2024 11:54:10,61.2163810415563,1177.46548965002,13.24
12-24-2024 12:04:10,59.7725984698215,1174.33620228927,13.24
12-24-2024 12:14:10,60.8313723557604,1177.27583587058,13.24
12-24-2024 12:24:10,60.0613549841684,1177.56031653974,13.24
12-24-2024 12:34:10,61.5051375559033,1176.61204764255,13.24
12-24-2024 12:44:10,61.9898352071462,1174.23640730318,13.25
12-24-2024 12:54:10,61.0306439291259,1175.46437671461,13.26
12-24-2024 13:04:10,60.4530668572414,1174.61080406733,13.26
12-24-2024 13:14:10,60.5526871915567,1171.9501008763,13.27
12-24-2024 13:24:10,61.1370764500367,1171.56035807817,13.29
12-24-2024 13:34:10,60.6590460931723,1170.03725562558,13.3
12-24-2024 13:44:10,61.0509546289335,1166.13638614998,13.32
12-24-2024 13:54:10,60.0980059789811,1161.9437098396,13.35
12-24-2024 14:04:10,60.5862825721102,1160.50806067105,13.37
12-24-2024 14:14:10,60.9783352548413,1158.31248462632,13.39
12-24-2024 14:24:10,61.2775324963619,1156.67961826249,13.42
12-24-2024 14:34:10,59.5498723435746,1157.2368091149,13.44
12-24-2024 14:44:10,61.676617160902,1158.64905206018,13.46
12-24-2024 14:54:10,58.7953167313351,1153.12003193811,13.49
12-24-2024 15:04:10,60.5403437766069,1153.19526793663,13.52
12-24-2024 15:14:10,60.6434803534406,1149.28523240711,13.54
12-24-2024 15:24:10,60.743266175064,1153.93590522897,13.55
12-24-2024 15:34:10,60.7533883032562,1151.0640616066,13.58
12-24-2024 15:44:10,60.1848136739897,1151.89964541499,13.61
12-24-2024 15:54:10,59.9054477879166,1150.5478989755,13.64
12-24-2024 16:04:10,60.7736426833936,1148.36018388982,13.64
12-24-2024 16:14:10,59.2433523941261,1151.09156744076,13.68
12-24-2024 16:24:10,61.376311677403,1147.07417095983,13.71
12-24-2024 16:34:10,60.2283116305503,1147.62409637453,13.74
12-24-2024 16:44:10,59.7523568877961,1151.79908389225,13.76
12-24-2024 16:54:10,60.148511792584,1148.92211298442,13.79
12-24-2024 17:04:10,59.9620877389214,1149.86066523149,13.81
12-24-2024 17:14:10,60.5515346675402,1151.07850616436,13.84
12-24-2024 17:24:10,60.5616411258168,1144.95986589791,13.87
12-24-2024 17:34:10,60.0887226412761,1147.13022062909,13.9
12-24-2024 17:44:10,59.6123285638318,1154.93254187345,13.92
12-24-2024 17:54:10,59.7155914510464,1154.06154346603,13.94
12-24-2024 18:04:10,59.338990703687,1156.90268581271,13.97
12-24-2024 18:14:10,61.0819704579756,1160.13883137733,13.98
12-24-2024 18:24:10,60.7987936900711,1160.12666679384,14
12-24-2024 18:34:10,60.4188836369036,1161.25925415732,14.02
12-24-2024 18:54:10,60.5256644286996,1165.7259212999,14.05
12-24-2024 19:04:10,61.1057826181121,1167.92054323572,14.05
12-24-2024 19:14:10,60.0489210146856,1170.67712892746,14.07
12-24-2024 19:24:10,60.5357783856713,1171.05361612194,14.08
12-24-2024 19:34:10,60.442442547766,1173.14822070611,14.09
12-24-2024 19:44:10,60.6392361970785,1173.5249562577,14.1
12-24-2024 19:54:10,60.3524583568037,1175.71553640876,14.11
12-24-2024 20:04:10,59.6787522749502,1176.8562862475,14.12
12-24-2024 20:14:10,60.2624541115438,1175.51480569109,14.13
12-24-2024 20:24:10,60.5593907686593,1176.45991561383,14.15
12-24-2024 20:34:10,60.756256733496,1176.26408518226,14.16
12-24-2024 20:44:10,60.275887477786,1180.65254117743,14.17
12-24-2024 20:54:10,61.1534626793577,1179.97487216143,14.19
12-24-2024 21:04:10,60.8631772552468,1181.98081989197,14.19
12-24-2024 21:14:10,59.902236453385,1177.48180921967,14.21
12-24-2024 21:24:10,59.7086912629056,1181.58985934514,14.21
12-24-2024 21:34:10,60.486243589426,1181.10770360827,14.22
12-24-2024 21:44:10,59.4249982966124,1187.69623144846,14.23
12-24-2024 21:54:10,60.5897766269807,1187.97893745451,14.24
12-24-2024 22:04:10,60.3961990658721,1188.45672821121,14.24
12-24-2024 22:14:10,61.0771256001239,1191.70204581889,14.25
12-24-2024 22:24:10,62.625832429921,1193.6133562372,14.25
12-24-2024 22:34:10,61.4643023075732,1191.89317686072,14.25
12-24-2024 22:44:10,61.7512419936321,1194.85912435097,14.24
12-24-2024 22:54:10,60.9735324541789,1198.58902069907,14.23
12-24-2024 23:04:10,61.2638826087226,1196.48690347527,14.23
12-24-2024 23:14:10,61.2604675073706,1200.21638672764,14.22
12-24-2024 23:24:10,60.9667350010219,1197.16223540216,14.21
12-24-2024 23:34:10,60.673035238744,1202.51507920283,14.2
12-24-2024 23:44:10,61.4437481034686,1199.17465758233,14.19
12-24-2024 23:54:10,61.0498956636965,1203.95615062956,14.17
12-25-2024 00:04:10,60.8530023652372,1204.72285739825,14.16
12-25-2024 00:14:10,62.8776528565414,1205.77849386923,14.14
12-25-2024 00:24:10,62.1003138677546,1205.20820274842,14.13
12-25-2024 00:34:10,61.7997957415202,1206.64787474,14.1
12-25-2024 00:44:10,62.17972124918,1206.27112095886,14.08
12-25-2024 00:54:10,61.2991553479162,1210.57254346663,14.05
12-25-2024 01:04:10,61.3890040402665,1211.24477056805,14.03
12-25-2024 01:14:10,60.0255180946489,1210.29739989699,14
12-25-2024 01:24:10,61.4685652077096,1214.02115276887,13.98
12-25-2024 01:34:10,62.3349332310718,1214.30916593629,13.97
12-25-2024 01:44:10,61.1684034756795,1214.98040423389,13.95
12-25-2024 01:54:10,61.3582533518033,1217.74705449745,13.94
12-25-2024 02:04:10,61.0615748012021,1217.75034850061,13.92
12-25-2024 02:14:10,61.0547792753802,1220.99412233959,13.9
12-25-2024 02:24:10,59.6956564744866,1217.66163986566,13.88
12-25-2024 02:34:10,60.6582306650924,1220.23602219446,13.87
12-25-2024 02:44:10,62.6761499190329,1215.9534927321,13.84
12-25-2024 02:54:10,61.3241220317193,1221.28829338965,13.84
12-25-2024 03:04:10,60.5414315818095,1224.53065293475,13.81
12-25-2024 03:14:10,60.4381514962401,1223.96153486852,13.79
12-25-2024 03:24:10,62.5552184953385,1221.58354360344,13.77
12-25-2024 03:34:10,60.3315396686148,1223.29859720049,13.76
12-25-2024 03:44:10,62.7378246151565,1221.87316697607,13.74
12-25-2024 03:54:10,61.2832145371892,1222.06617507373,13.72
12-25-2024 04:04:10,61.9518898221344,1219.40426762945,13.7
12-25-2024 04:14:10,59.8222776618212,1223.02289699814,13.68
12-25-2024 04:24:10,61.7485967631386,1219.59909735015,13.67
12-25-2024 04:34:10,61.2627812492282,1221.50325191944,13.66
12-25-2024 04:44:10,60.6771765838962,1221.41084414223,13.64
12-25-2024 04:54:10,61.2491666255124,1222.55480954298,13.62
12-25-2024 05:04:10,61.2457639150376,1220.65416069899,13.61
12-25-2024 05:14:10,61.2457639150376,1221.3198337377,13.61
12-25-2024 05:24:10,61.1459169187087,1222.65244644596,13.6
12-25-2024 05:34:10,60.7567630956863,1217.23406426011,13.59
12-25-2024 05:44:10,60.9428710726562,1219.42396834042,13.57
12-25-2024 05:54:10,61.2287560322378,1219.71066117044,13.56
12-25-2024 06:04:10,58.8149085187128,1220.1874147796,13.55
12-25-2024 06:14:10,61.8899692748115,1219.05141302769,13.52
12-25-2024 06:24:10,59.7658105632022,1217.72262967653,13.51
12-25-2024 06:34:10,60.1447174432018,1219.72109829624,13.49
12-25-2024 06:44:10,61.0054155075959,1217.6342083587,13.47
12-25-2024 06:54:10,61.7661297285297,1220.29838000143,13.44
12-25-2024 07:04:10,62.2375617365783,1220.20776479795,13.41
12-25-2024 07:14:10,60.5930061221093,1220.40054010912,13.39
12-25-2024 07:24:10,60.4866051064564,1218.88622538974,13.36
12-25-2024 07:34:10,60.865116737753,1217.46583759922,13.34
12-25-2024 07:44:10,60.8549894928854,1216.80667612724,13.31
12-25-2024 07:54:10,61.8110284738953,1213.48988668308,13.29
12-25-2024 08:04:10,59.7792269400429,1214.34935286864,13.26
12-25-2024 08:14:10,61.0238766986583,1212.26695817717,13.24
12-25-2024 08:24:10,62.0792088356135,1211.4156391142,13.23
12-25-2024 08:34:10,60.3434204691042,1212.08144838424,13.22
12-25-2024 08:44:10,59.9551308503889,1204.87833042108,13.21
12-25-2024 08:54:10,60.6287840060113,1204.68872017158,13.21
12-25-2024 09:04:10,60.2438393456557,1203.17183817562,13.21
12-25-2024 09:14:10,61.0171109687592,1204.78089522986,13.22
12-25-2024 09:24:10,61.6942214939973,1202.31295428679,13.23
12-25-2024 09:34:10,60.4430126337446,1201.8388561187,13.23
12-25-2024 09:44:10,60.4497150777761,1200.12612941542,13.25
12-25-2024 09:54:10,60.6489553746912,1197.36954301249,13.27
12-25-2024 10:04:10,58.056152912397,1192.52512238063,13.29
12-25-2024 10:14:10,58.8394359426328,1185.20413551789,13.33
12-25-2024 10:24:10,59.4271263545917,1182.81888652911,13.36
12-25-2024 10:34:10,60.0216733156165,1180.32859109823,13.41
12-25-2024 10:44:10,60.7129200177629,1177.26646591522,13.46
12-25-2024 10:54:10,58.7953167313351,1175.44706559597,13.49
12-25-2024 11:04:10,58.9979146358016,1175.24234681271,13.52
12-25-2024 11:14:10,59.875505229706,1176.74847666678,13.55
12-25-2024 11:34:10,59.2137341916689,1177.29981125361,13.59
12-25-2024 11:44:10,59.1238634329418,1176.62464399568,13.61
12-25-2024 11:54:10,60.2846128203862,1178.14149985364,13.62
12-25-2024 12:04:10,58.9407867929421,1179.84425751423,13.64
12-25-2024 12:14:10,59.3299478282345,1179.07870148191,13.65
12-25-2024 12:24:10,60.1083996616177,1180.4014354336,13.67
12-25-2024 12:34:10,59.339839938742,1175.82985538377,13.68
12-25-2024 12:44:10,59.5394330533597,1172.01365382584,13.7
12-25-2024 12:54:10,60.5145064950307,1174.18740872468,13.73
12-25-2024 13:04:10,59.6525096525097,1171.98786220027,13.75
12-25-2024 13:14:10,58.2111060998289,1170.0732788264,13.77
12-25-2024 13:24:10,60.7244142652365,1169.87752945785,13.78
12-25-2024 13:34:10,59.6690972007662,1169.77164548957,13.8
12-25-2024 13:44:10,60.3483169675135,1166.90904252599,13.81
12-25-2024 13:54:10,59.1929214149754,1166.14149183434,13.82
12-25-2024 14:04:10,58.2337725750028,1166.41605805483,13.84
12-25-2024 14:14:10,59.1995067802267,1168.60713689632,13.84
12-25-2024 14:24:10,60.0686675649282,1167.46396532684,13.84
12-25-2024 14:34:10,59.5824861096519,1171.0892415916,13.83
12-25-2024 14:44:10,59.0963587373001,1169.57047931339,13.82
12-25-2024 14:54:10,60.2517596603655,1171.76640141995,13.81
12-25-2024 15:04:10,58.7068427459971,1171.57591675744,13.81
12-25-2024 15:14:10,58.8999573602932,1168.52816215731,13.81
12-25-2024 15:24:10,58.4171708245531,1167.09952718849,13.81
12-25-2024 15:34:10,58.127498903109,1168.81388915107,13.81
12-25-2024 15:44:10,60.1552023532174,1167.76622350727,13.81
12-25-2024 15:54:10,58.7035778285856,1166.43842008925,13.8
12-25-2024 16:04:10,59.1830461137303,1165.68218690777,13.79
12-25-2024 16:14:10,59.7590022737383,1164.16430694707,13.78
12-25-2024 16:24:10,59.2762962779892,1162.73600131937,13.78
12-25-2024 16:34:10,58.6970490830903,1159.3080678129,13.78
12-25-2024 16:44:10,58.0212606890416,1159.7841696888,13.78
12-25-2024 16:54:10,60.2417082694874,1162.64078094419,13.78
12-25-2024 17:04:10,59.2762962779892,1161.78379756758,13.78
12-25-2024 17:14:10,58.6005078839405,1159.7841696888,13.78
12-25-2024 17:24:10,58.9866726805398,1160.64115306542,13.78
12-25-2024 17:34:10,57.8313941633352,1160.92080227046,13.79
12-25-2024 17:44:10,59.376139249501,1159.39715918652,13.79
12-25-2024 17:54:10,58.6970490830903,1157.97498256039,13.78
12-25-2024 18:04:10,58.7903210858968,1165.21741283078,13.77
12-25-2024 18:14:10,59.9454178147356,1161.41486397765,13.76
12-25-2024 18:24:10,59.8488873512659,1163.79500756314,13.76
12-25-2024 18:34:10,59.7457129796645,1159.80855924248,13.74
12-25-2024 18:44:10,59.9354203084754,1160.9568599396,13.73
12-25-2024 18:54:10,60.1284490373271,1163.52682265325,13.73
12-25-2024 19:04:10,60.1184226778656,1162.7829519404,13.7
12-25-2024 19:14:10,59.0602244442935,1165.34665422742,13.71
12-25-2024 19:24:10,60.5941780187479,1166.98116008108,13.68
12-25-2024 19:34:10,59.9154352967329,1170.50687999836,13.67
12-25-2024 19:44:10,61.4523199456673,1165.28552586958,13.65
12-25-2024 19:54:10,60.3844230567405,1170.62306764685,13.63
12-25-2024 20:04:10,61.2423615826184,1170.35357838364,13.6
12-25-2024 20:14:10,61.1425203216907,1169.50312376186,13.59
12-25-2024 20:24:10,60.7500138857175,1171.12994979228,13.57
12-25-2024 20:34:10,59.6859842267011,1171.89564577268,13.56
12-25-2024 20:44:10,61.5146092376045,1169.04923380652,13.55
12-25-2024 20:54:10,59.5796338686888,1170.48555477698,13.53
12-25-2024 21:04:10,60.7331474192076,1171.82124836643,13.52
12-25-2024 21:14:10,60.4439419553066,1175.33737732511,13.52
12-25-2024 21:24:10,60.1513964378035,1180.94864156223,13.51
12-25-2024 21:34:10,61.3081540616074,1181.99389703834,13.51
12-25-2024 21:44:10,60.4405858437544,1181.99389703834,13.51
12-25-2024 21:54:10,59.6694140945518,1181.61380413794,13.51
12-25-2024 22:04:10,60.1480567550895,1183.13847147859,13.5
12-25-2024 22:14:10,61.9794879703887,1186.46402934092,13.5
12-25-2024 22:24:10,59.7624922887107,1190.16965095895,13.5
12-25-2024 22:34:10,61.0121893294018,1188.93829444455,13.49
12-25-2024 22:44:10,61.0088022304741,1191.12717605388,13.48
12-25-2024 22:54:10,59.8522372592803,1192.93220208235,13.48
12-25-2024 23:04:10,61.2911383036463,1194.74403810567,13.46
12-25-2024 23:14:10,60.1313639026797,1197.40686901421,13.45
12-25-2024 23:24:10,59.6495420765364,1197.69180758858,13.45
12-25-2024 23:34:10,59.8323076733345,1199.79040938729,13.42
12-25-2024 23:44:10,60.8887600890363,1201.2176820838,13.41
12-25-2024 23:54:10,61.0814460386852,1197.3247151274,13.41
12-26-2024 00:04:10,60.0150124230112,1198.09061191576,13.39
12-26-2024 00:14:10,60.0116825310712,1200.37204413724,13.38
12-26-2024 00:24:10,61.6424001084906,1198.85936091713,13.36
12-26-2024 00:34:10,60.0946722220853,1199.62472937032,13.34
12-26-2024 00:44:10,61.4429501245038,1204.74930301054,13.34
12-26-2024 00:54:10,61.339839272288,1204.28014751957,13.32
12-26-2024 01:04:10,61.1404670939118,1205.04445154919,13.3
12-26-2024 01:14:10,61.0374126606613,1204.67025045,13.28
12-26-2024 01:24:10,61.2231696197541,1204.29616391174,13.26
12-26-2024 01:34:10,61.0272601262898,1202.78148552949,13.25
12-26-2024 01:44:10,60.2505189629365,1203.92488805831,13.23
12-26-2024 01:54:10,60.5325478409224,1204.78352529633,13.21
12-26-2024 02:04:10,61.8729946606396,1205.83148104562,13.19
12-26-2024 02:14:10,60.5191290479504,1203.46717585453,13.17
12-26-2024 02:24:10,61.3782593972232,1203.4726345011,13.15
12-26-2024 02:34:10,60.7942967254191,1201.67789593903,13.13
12-26-2024 02:44:10,61.4608404995968,1204.14667531513,13.11
12-26-2024 02:54:10,60.4889585051515,1203.77585939746,13.08
12-26-2024 03:04:10,61.7322887948011,1203.78126711046,13.06
12-26-2024 03:14:10,61.7220331891486,1205.4935209812,13.03
12-26-2024 03:24:10,60.3693837247218,1204.36274084297,13.01
12-26-2024 03:34:10,61.4200075049674,1208.81640954079,12.99
12-26-2024 03:44:10,61.6054238914484,1206.36062820463,12.97
12-26-2024 03:54:10,61.1181155632092,1205.51408443708,12.95
12-26-2024 04:04:10,61.3001315935113,1207.50828938123,12.92
12-26-2024 04:14:10,60.6242044874593,1208.45658546884,12.91
12-26-2024 04:24:10,60.3259599896716,1208.36904789824,12.88
12-26-2024 04:34:10,61.4684820358361,1207.90337151207,12.85
12-26-2024 04:44:10,60.1205330251884,1210.36373117616,12.84
12-26-2024 04:54:10,60.9781392890506,1210.27360085509,12.82
12-26-2024 05:04:10,61.1600476837144,1206.31114776088,12.79
12-26-2024 05:14:10,60.7726362228722,1211.32184799768,12.78
12-26-2024 05:24:10,60.2859319513903,1210.28681435504,12.76
12-26-2024 05:34:10,60.7591962355023,1206.41813313241,12.74
12-26-2024 05:44:10,60.7524784707804,1211.24012703287,12.72
12-26-2024 05:54:10,61.033656798919,1208.31684626942,12.7
12-26-2024 06:04:10,60.93095591938,1207.47174602983,12.68
12-26-2024 06:14:10,60.4445031193201,1207.57098196829,12.66
12-26-2024 06:24:10,61.9727519432199,1206.25428546401,12.64
12-26-2024 06:34:10,61.5788116708921,1206.45054680502,12.61
12-26-2024 06:44:10,60.999938616414,1209.66143823168,12.6
12-26-2024 06:54:10,59.2669768241186,1206.17496669904,12.58
12-26-2024 07:04:10,61.0823524357763,1208.82139630852,12.56
12-26-2024 07:14:10,62.4179266586485,1208.16576309689,12.54
12-26-2024 07:24:10,60.4011093862173,1207.13066295797,12.53
12-26-2024 07:34:10,61.3530808449546,1208.36143869131,12.51
12-26-2024 07:44:10,60.8703987730061,1206.47792366988,12.5
12-26-2024 07:54:10,61.3463060321823,1206.29183871065,12.49
12-26-2024 08:04:10,60.6719810082322,1202.80603201851,12.48
12-26-2024 08:14:10,61.2436896955719,1202.43171191867,12.47
12-26-2024 08:24:10,60.7644745962325,1202.43171191867,12.47
12-26-2024 08:34:10,62.2021198942507,1202.14889771751,12.47
12-26-2024 08:44:10,61.0520036558362,1201.5832693152,12.47
12-26-2024 08:54:10,60.7644745962325,1200.82909811211,12.47
12-26-2024 09:04:10,60.8636776306911,1196.1122533484,12.48
12-26-2024 09:14:10,61.250452429007,1194.5061204178,12.49
12-26-2024 09:24:10,58.6656441717791,1190.63671294878,12.5
12-26-2024 09:34:10,62.4075869219773,1193.83922380459,12.51
12-26-2024 09:44:10,60.7812519173897,1188.83748932913,12.52
12-26-2024 09:54:10,60.9797255835645,1187.79229094224,12.54
12-26-2024 10:04:10,60.8872081249425,1185.33583178909,12.55
12-26-2024 10:14:10,61.4693102241971,1182.78037069509,12.57
12-26-2024 10:24:10,61.6645082490425,1183.53088096627,12.58
12-26-2024 10:34:10,60.4244674973912,1181.63511424738,12.6
12-26-2024 10:44:10,59.8556098519264,1178.6062207531,12.62
12-26-2024 10:54:10,60.725622260152,1178.31381527876,12.64
12-26-2024 11:04:10,59.8721499321449,1174.71213557322,12.67
12-26-2024 11:14:10,59.1110920044955,1172.1527184774,12.69
12-26-2024 11:24:10,60.2659378454735,1170.7310623839,12.7
12-26-2024 11:34:10,60.6531499714393,1171.29251023512,12.71
12-26-2024 11:44:10,59.9913074995086,1170.14340420571,12.74
12-26-2024 11:54:10,59.2299681751717,1163.7082507737,12.76
12-26-2024 12:04:10,59.7132535006175,1169.93864294487,12.77
12-26-2024 12:14:10,59.1437823754601,1167.09304150778,12.79
12-26-2024 12:24:10,60.3026038433884,1163.01786548557,12.81
12-26-2024 12:34:10,59.8257964993362,1160.55445730231,12.82
12-26-2024 12:44:10,60.0211735493506,1164.51873349442,12.83
12-26-2024 12:54:10,59.7363762646441,1162.33867646731,12.84
12-26-2024 13:04:10,59.0673694563113,1162.8055389971,12.85
12-26-2024 13:14:10,59.742986058177,1161.75964179188,12.86
12-26-2024 13:24:10,58.4975748000516,1162.88844544849,12.87
12-26-2024 13:34:10,59.2692950853939,1162.12609403831,12.88
12-26-2024 13:44:10,59.5607719690868,1158.99928663145,12.89
12-26-2024 13:54:10,58.2190727988195,1159.74981485808,12.9
12-26-2024 14:04:10,59.4712877618658,1159.0816373149,12.91
12-26-2024 14:14:10,59.1863339523558,1154.72414324142,12.92
12-26-2024 14:24:10,59.1863339523558,1151.60250019014,12.92
12-26-2024 14:34:10,60.2465670026382,1154.43388985757,12.93
12-26-2024 14:44:10,58.1358699662985,1154.61664059539,12.94
12-26-2024 14:54:10,59.385070477971,1150.16998522764,12.94
12-26-2024 15:04:10,58.9078692456718,1148.93317065532,12.95
12-26-2024 15:14:10,58.0429902518528,1146.28389710032,12.95
12-26-2024 15:24:10,59.1994390660942,1148.92628098373,12.96
12-26-2024 15:34:10,59.1066079457734,1144.47171615209,12.97
12-26-2024 15:44:10,59.7826755573053,1145.3162320137,12.98
12-26-2024 15:54:10,59.5937475009074,1143.98402302846,12.99
12-26-2024 16:04:10,59.31195821362,1139.7097696887,13.01
12-26-2024 16:14:10,58.5429214782732,1139.61510940882,13.01
12-26-2024 16:24:10,58.1648443604905,1136.19160804959,13.03
12-26-2024 16:34:10,59.3218122746348,1136.27842258309,13.04
12-26-2024 16:44:10,59.9020030152918,1137.88027779921,13.05
12-26-2024 16:54:10,58.9437586155967,1133.70589441838,13.06
12-26-2024 17:04:10,58.7547003760301,1132.18257620735,13.07
12-26-2024 17:14:10,58.4694543261242,1134.16332936937,13.08
12-26-2024 17:24:10,59.5305873735913,1131.21904077589,13.09
12-26-2024 17:34:10,57.9918322880057,1131.40847710525,13.09
12-26-2024 17:44:10,58.8573820236476,1131.12432261121,13.09
12-26-2024 17:54:10,58.280348866553,1132.45037691673,13.09
12-26-2024 18:04:10,59.3349561171359,1133.68977474332,13.08
12-26-2024 18:14:10,59.2355080714149,1134.17135363105,13.07
12-26-2024 18:24:10,58.0751361496569,1138.4484130798,13.05
12-26-2024 18:34:10,59.0333755861034,1138.07738017238,13.04
12-26-2024 18:44:10,59.1262467466143,1140.16794731616,13.03
12-26-2024 18:54:10,59.31195821362,1138.00588465096,13.01
12-26-2024 19:04:10,59.1164257151646,1140.47459038893,13
12-26-2024 19:14:10,59.7826755573053,1139.35400076127,12.98
12-26-2024 19:24:10,59.1033360805973,1140.41010858309,12.96
12-26-2024 19:34:10,58.5234785817522,1143.25615589461,12.95
12-26-2024 19:44:10,59.0935226580901,1139.01368793617,12.93
12-26-2024 19:54:10,58.0333534208164,1141.29161859652,12.92
12-26-2024 20:04:10,58.6033571077226,1140.07700769037,12.9
12-26-2024 20:14:10,58.9811137478636,1139.80843123474,12.88
12-26-2024 20:24:10,58.4015196690171,1140.66704484023,12.87
12-26-2024 20:34:10,59.0673694563113,1140.96570815652,12.85
12-26-2024 20:44:10,60.0244938350523,1142.01311197439,12.84
12-26-2024 20:54:10,59.5410041609558,1140.88615914799,12.83
12-26-2024 21:04:10,60.6934106931034,1139.56273498459,12.83
12-26-2024 21:14:10,60.9781392890506,1142.9731631943,12.82
12-26-2024 21:24:10,58.5709457383396,1141.09766147751,12.8
12-26-2024 21:34:10,59.531125176673,1141.66471348752,12.8
12-26-2024 21:44:10,60.1999213464505,1142.33365876486,12.79
12-26-2024 21:54:10,60.1005849534249,1144.32542158139,12.78
12-26-2024 22:04:10,59.6205483323912,1144.51441009032,12.78
12-26-2024 22:14:10,60.3886069260452,1145.55384688945,12.78
12-26-2024 22:24:10,58.1740043989531,1145.66260038011,12.76
12-26-2024 22:34:10,59.2299681751717,1144.24540270522,12.76
12-26-2024 22:44:10,58.8459813474559,1144.71780193019,12.76
12-26-2024 22:54:10,58.5547534940869,1149.44863404369,12.75
12-26-2024 23:04:10,59.2266932882814,1152.94412179413,12.75
12-26-2024 23:14:10,60.2825986791583,1152.56623122651,12.75
12-26-2024 23:24:10,59.3194048555141,1152.28943606211,12.74
12-26-2024 23:34:10,60.947798738275,1152.95726548688,12.73
12-26-2024 23:44:10,59.8920100987143,1152.95726548688,12.73
12-26-2024 23:54:10,58.2571160059459,1155.41956285037,12.72
12-27-2024 00:04:10,59.8853885793957,1152.97040517258,12.71
12-27-2024 00:14:10,59.4022540228473,1155.62119951535,12.7
12-27-2024 00:24:10,60.0706876539191,1154.87212978156,12.69
12-27-2024 00:34:10,59.0151324395532,1157.32729538862,12.69
12-27-2024 00:44:10,58.6280536484113,1159.12755350815,12.68
12-27-2024 00:54:10,59.4883540992465,1161.30519752055,12.67
12-27-2024 01:04:10,59.2899026801339,1162.92187070034,12.65
12-27-2024 01:14:10,60.1467003923061,1164.06611986172,12.63
12-27-2024 01:24:10,59.7596874002406,1163.88308090384,12.62
12-27-2024 01:34:10,58.4103185808115,1162.19598044008,12.6
12-27-2024 01:44:10,60.2259893940882,1164.09470737897,12.58
12-27-2024 01:54:10,58.9760152697055,1161.93052927181,12.57
12-27-2024 02:04:10,59.0653861495505,1161.56497156222,12.55
12-27-2024 02:14:10,60.9763580470385,1160.256380632,12.53
12-27-2024 02:24:10,59.4390791621161,1161.48838002361,12.52
12-27-2024 02:34:10,59.4292339686766,1163.39182412465,12.49
12-27-2024 02:44:10,61.4387674980677,1165.5659957552,12.48
12-27-2024 02:54:10,59.5152297652052,1166.33130596114,12.46
12-27-2024 03:04:10,59.9877954542667,1167.2848831094,12.44
12-27-2024 03:14:10,59.1155622052845,1167.96087788067,12.41
12-27-2024 03:24:10,60.3577779140352,1167.30674284767,12.4
12-27-2024 03:34:10,61.5006621379699,1165.62194357497,12.38
12-27-2024 03:44:10,59.9613182447924,1168.27051504877,12.36
12-27-2024 03:54:10,61.1006233412809,1167.53330761207,12.33
12-27-2024 04:04:10,58.7956806050095,1167.16756509506,12.31
12-27-2024 04:14:10,59.8424219769715,1167.08436117312,12.29
12-27-2024 04:24:10,59.7400846777405,1163.98908075454,12.27
12-27-2024 04:34:10,58.7762291315669,1166.54157363117,12.25
12-27-2024 04:44:10,60.3012074024614,1166.64670187058,12.23
12-27-2024 04:54:10,60.1031477205211,1169.38618656569,12.21
12-27-2024 05:04:10,61.0534728899614,1166.38650750729,12.19
12-27-2024 05:14:10,59.8061400715301,1165.16920115503,12.18
12-27-2024 05:24:10,61.043378687862,1166.87332497671,12.16
12-27-2024 05:34:10,59.3146138963043,1165.84990721535,12.14
12-27-2024 05:44:10,58.0677205463685,1162.65851153947,12.13
12-27-2024 05:54:10,58.0645210662291,1165.29690531591,12.12
12-27-2024 06:04:10,59.113504049562,1165.96060647626,12.11
12-27-2024 06:14:10,60.4459842442569,1168.13370360424,12.09
12-27-2024 06:24:10,59.7731946773739,1165.50730021137,12.08
12-27-2024 06:34:10,60.7228757129918,1165.42449325509,12.06
12-27-2024 06:44:10,59.4764542088675,1167.40347871765,12.05
12-27-2024 06:54:10,61.1942673210374,1166.7511716373,12.04
12-27-2024 07:04:10,57.9401308261383,1168.82371329093,12.03
12-27-2024 07:14:10,61.2763842153564,1168.37003081085,12
12-27-2024 07:24:10,59.3644845518507,1173.06680694371,12
12-27-2024 07:34:10,60.4060510041168,1169.13743877853,11.97
12-27-2024 07:44:10,60.1160038168406,1170.55135081532,11.96
12-27-2024 07:54:10,60.3038319214655,1170.65044952245,11.95
12-27-2024 08:04:10,59.6315686466386,1169.05946250869,11.94
12-27-2024 08:14:10,58.7650285588483,1167.66190489423,11.92
12-27-2024 08:24:10,59.5261754652023,1169.16926463806,11.91
12-27-2024 08:34:10,61.4337470955118,1168.1420580889,11.9
12-27-2024 08:44:10,59.7139843463373,1167.01568567451,11.9
12-27-2024 08:54:10,59.7106983228268,1165.05014746383,11.89
12-27-2024 09:04:10,61.6248318454201,1162.41633164909,11.9
12-27-2024 09:14:10,58.6630182218417,1159.50653624526,11.9
12-27-2024 09:24:10,59.3350801988614,1161.00244600912,11.91
12-27-2024 09:34:10,59.4338988026076,1160.52713203911,11.92
12-27-2024 09:44:10,61.0616587060356,1158.73734620231,11.93
12-27-2024 09:54:10,59.8259885623414,1156.47155982341,11.95
12-27-2024 10:04:10,60.2148926148633,1154.86248571448,11.97
12-27-2024 10:14:10,59.5523954019051,1149.8715012492,11.99
12-27-2024 10:24:10,59.0776996023249,1147.89208687157,12
12-27-2024 10:34:10,58.7050170416649,1144.39492185558,12.03
12-27-2024 10:44:10,59.2884770741022,1140.33229587591,12.06
12-27-2024 10:54:10,59.6808452031903,1139.46380905211,12.09
12-27-2024 11:04:10,59.5026724544336,1141.31411347077,12.13
12-27-2024 11:14:10,58.460038210476,1133.86191713704,12.16
12-27-2024 11:24:10,58.3740101299004,1132.7090843532,12.19
12-27-2024 11:34:10,59.1493519221817,1131.64981878736,12.22
12-27-2024 11:44:10,57.5317812835044,1129.9312733373,12.25
12-27-2024 11:54:10,59.7433792080785,1128.58848589344,12.28
12-27-2024 12:04:10,58.5976995998505,1125.66166867363,12.29
12-27-2024 12:14:10,59.1819786469889,1126.29494256753,12.32
12-27-2024 12:24:10,57.1772483205021,1124.11168712627,12.34
12-27-2024 12:34:10,58.3329757365472,1124.56515997479,12.36
12-27-2024 12:44:10,57.7646406062241,1125.01877072434,12.38
12-27-2024 12:54:10,58.7290759703231,1121.703670482,12.4
12-27-2024 13:04:10,58.2629067670833,1120.63118774088,12.44
12-27-2024 13:14:10,57.7869606550339,1118.26574552385,12.45
12-27-2024 13:24:10,57.6048350488903,1116.6354164624,12.48
12-27-2024 13:34:10,58.5730193691676,1114.24994221762,12.51
12-27-2024 13:44:10,58.1001147429329,1112.34463934107,12.53
12-27-2024 13:54:10,57.8188763769139,1107.32590556837,12.55
12-27-2024 14:04:10,57.6366554551704,1107.86189447592,12.58
12-27-2024 14:14:10,58.7939659934933,1107.18134447089,12.6
12-27-2024 14:24:10,58.0330832698966,1104.99052150683,12.62
12-27-2024 14:34:10,59.7662917347152,1101.76070271038,12.64
12-27-2024 14:44:10,58.234580787769,1100.71182826252,12.65
12-27-2024 14:54:10,57.5693749347547,1095.96997827793,12.67
12-27-2024 15:04:10,57.4797794004753,1094.62614296222,12.69
12-27-2024 15:14:10,57.1982237072434,1093.94300484223,12.71
12-27-2024 15:24:10,58.5515161195204,1091.45369275796,12.74
12-27-2024 15:34:10,57.5020274504503,1090.29741121446,12.76
12-27-2024 15:44:10,58.7597318405545,1087.80631585393,12.79
12-27-2024 15:54:10,57.8091966173362,1087.20454209898,12.82
12-27-2024 16:04:10,58.0076708421945,1082.35994362539,12.84
12-27-2024 16:14:10,57.2488580966023,1084.2152313801,12.87
12-27-2024 16:24:10,57.4536834920772,1082.84369054847,12.91
12-27-2024 16:34:10,57.6585995879332,1081.94439647893,12.95
12-27-2024 16:44:10,56.6109258894739,1081.71909865449,12.98
12-27-2024 16:54:10,58.54940531494,1081.37493101761,13.03
12-27-2024 17:04:10,57.6969234461834,1079.62203000951,13.07
12-27-2024 17:14:10,57.9020750872571,1078.15225487857,13.11
12-27-2024 17:24:10,57.8187051688576,1080.4720455576,13.15
12-27-2024 17:34:10,58.1202002722027,1078.24330609967,13.19
12-27-2024 17:44:10,58.6143227610676,1081.0386428883,13.23
12-27-2024 17:54:10,57.5683735143894,1082.88720473492,13.27
12-27-2024 18:04:10,58.0625928231169,1081.51105662179,13.31
12-27-2024 18:14:10,57.7865442105588,1082.88636194314,13.35
12-27-2024 18:24:10,57.6067053434362,1083.88276673869,13.39
12-27-2024 18:34:10,58.2907345287719,1084.22690101971,13.42
12-27-2024 18:44:10,57.0477042153628,1088.27539503172,13.45
12-27-2024 18:54:10,56.9639871938017,1086.51896557998,13.49
12-27-2024 19:04:10,59.1907182784023,1086.57887874639,13.52
12-27-2024 19:14:10,58.2364012218074,1088.63491948826,13.55
12-27-2024 19:24:10,59.5994914176732,1091.15592262529,13.59
12-27-2024 19:34:10,57.9664631699804,1089.32637977617,13.61
12-27-2024 19:44:10,56.9149987034956,1092.62100822847,13.64
12-27-2024 19:54:10,59.2367680110647,1095.2622226907,13.66
12-27-2024 20:04:10,59.0536593198254,1095.1339191112,13.69
12-27-2024 20:14:10,58.4812026360161,1098.25237972923,13.71
12-27-2024 20:24:10,58.7739805561389,1097.76567471187,13.72
12-27-2024 20:34:10,58.1113390088098,1096.96057568247,13.76
12-27-2024 20:44:10,58.0212606890416,1097.70048507164,13.78
12-27-2024 20:54:10,58.5137281317011,1100.52513764184,13.81
12-27-2024 21:04:10,59.0030778168514,1101.36113643094,13.83
12-27-2024 21:14:10,58.0438544982539,1101.05413285913,13.85
12-27-2024 21:24:10,58.8295754533258,1104.91898610865,13.89
12-27-2024 21:34:10,59.4190957321824,1103.5534860737,13.92
12-27-2024 21:44:10,58.7525897523115,1103.52218461924,13.95
12-27-2024 21:54:10,56.5394821486008,1101.20206213843,13.98
12-27-2024 22:04:10,58.578887782184,1105.46270658746,14.01
12-27-2024 22:14:10,57.8184462114415,1106.85280241294,14.05
12-27-2024 22:24:10,58.211675444188,1107.59588801925,14.07
12-27-2024 22:34:10,59.088531834696,1108.43465031812,14.09
12-27-2024 22:44:10,60.1590209902755,1111.08745763734,14.11
12-27-2024 22:54:10,58.2343800302122,1118.88758244849,14.14
12-27-2024 23:04:10,58.1441246764826,1117.43655603781,14.16
12-27-2024 23:14:10,57.2797978797186,1119.80564055767,14.18
12-27-2024 23:24:10,58.7376912119898,1123.13074246804,14.2
12-27-2024 23:34:10,59.8054638581453,1124.93698203339,14.21
12-27-2024 23:44:10,60.0056986056998,1127.97699213588,14.23
12-27-2024 23:54:10,58.4604234547865,1129.30623253197,14.24
12-28-2024 00:04:10,59.2380362397398,1133.59820910214,14.25
12-28-2024 00:14:10,58.1733002942543,1129.29776066093,14.25
12-28-2024 00:24:10,58.6572711785659,1130.15785034917,14.25
12-28-2024 00:34:10,58.9509404272191,1133.11220314821,14.26
12-28-2024 00:44:10,58.3701429845864,1135.97938989707,14.26
12-28-2024 00:54:10,59.9222772246557,1136.06701170505,14.27
12-28-2024 01:04:10,58.4669425583585,1138.27313929615,14.26
12-28-2024 01:14:10,58.0797442632701,1141.42704471989,14.26
12-28-2024 01:24:10,58.1733002942543,1139.33214035708,14.25
12-28-2024 01:34:10,58.9476537091529,1142.86806463096,14.25
12-28-2024 01:44:10,57.4893305996544,1144.9850314921,14.23
12-28-2024 01:54:10,59.8087976612244,1145.37446617505,14.22
12-28-2024 02:04:10,58.163571835592,1148.62294230534,14.22
12-28-2024 02:14:10,58.7376912119898,1149.5921880463,14.2
12-28-2024 02:24:10,57.2797978797186,1150.46562099259,14.18
12-28-2024 02:34:10,60.369274206531,1148.95130379376,14.16
12-28-2024 02:44:10,59.0115469151472,1151.82301153685,14.15
12-28-2024 02:54:10,57.9474042658577,1152.20497904192,14.15
12-28-2024 03:04:10,58.424594355333,1152.50480990068,14.13
12-28-2024 03:14:10,59.4819902074268,1150.89529936213,14.11
12-28-2024 03:24:10,58.8016835850458,1150.61573309991,14.1
12-28-2024 03:34:10,59.7621582146084,1151.20201447945,14.08
12-28-2024 03:44:10,58.1182153510998,1150.62937212438,14.08
12-28-2024 03:54:10,58.9819673754301,1149.0207701655,14.06
12-28-2024 04:04:10,57.5283871167352,1150.07731271407,14.05
12-28-2024 04:14:10,59.3654280498747,1148.93229257364,14.05
12-28-2024 04:24:10,58.68208732668,1145.13003947135,14.03
12-28-2024 04:34:10,58.7754900019798,1143.99252245581,14.02
12-28-2024 04:44:10,57.7056913083823,1143.05335647927,14
12-28-2024 04:54:10,58.0923291060934,1144.1979359417,14
12-28-2024 05:04:10,58.472455897271,1142.01911267928,13.98
12-28-2024 05:14:10,58.855774167012,1146.50848924549,13.97
12-28-2024 05:24:10,57.6928429177542,1144.41786870909,13.96
12-28-2024 05:34:10,59.622282692724,1143.09032930708,13.95
12-28-2024 05:44:10,58.8426718940345,1142.72378944635,13.93
12-28-2024 05:54:10,60.1920270587799,1141.77797842194,13.92
12-28-2024 06:04:10,59.1259560628451,1143.02457150161,13.91
12-28-2024 06:14:10,58.6396376901199,1141.69764979361,13.9
12-28-2024 06:24:10,58.9228971673735,1140.75970346156,13.88
12-28-2024 06:34:10,58.9196189581311,1144.76929335032,13.87
12-28-2024 06:44:10,59.6890144397191,1143.63320349354,13.86
12-28-2024 06:54:10,58.913063633835,1142.40201670969,13.85
12-28-2024 07:04:10,57.3646117903012,1142.31419079838,13.84
12-28-2024 07:14:10,59.8688601587027,1142.51957808976,13.82
12-28-2024 07:24:10,58.8034000531451,1141.76506707489,13.81
12-28-2024 07:34:10,58.7035778285856,1140.62973198963,13.8
12-28-2024 07:44:10,58.4106735706474,1138.16138370408,13.79
12-28-2024 07:54:10,59.4726858173864,1137.49478985486,13.79
12-28-2024 08:04:10,58.2143430873412,1141.12097615358,13.78
12-28-2024 08:14:10,58.310884286491,1137.69304264711,13.78
12-28-2024 08:24:10,58.310884286491,1136.3599573946,13.78
12-28-2024 08:34:10,58.2143430873412,1135.4077536428,13.78
12-28-2024 08:44:10,59.0832138796896,1135.78863514352,13.78
12-28-2024 08:54:10,58.314127002762,1135.68546369268,13.79
12-28-2024 09:04:10,58.9866726805398,1136.64561852013,13.78
12-28-2024 09:14:10,58.5072201385327,1131.49544521184,13.79
12-28-2024 09:24:10,58.3173700797133,1128.24918050273,13.8
12-28-2024 09:34:10,58.2272946382221,1128.51787921696,13.82
12-28-2024 09:44:10,56.9751487920496,1128.60463107021,13.83
12-28-2024 09:54:10,58.3335908767809,1125.63421127721,13.85
12-28-2024 10:04:10,57.7605444868236,1121.6147288186,13.87
12-28-2024 10:14:10,57.480369729195,1121.11106557494,13.9
12-28-2024 10:24:10,58.1663193435284,1117.36594111126,13.93
12-28-2024 10:34:10,58.0793946290959,1115.04937149509,13.96
12-28-2024 10:44:10,56.8357562635323,1113.58043532172,14
12-28-2024 10:54:10,57.5251834618288,1111.91977232646,14.04
12-28-2024 11:04:10,58.1149783088986,1109.12281669479,14.07
12-28-2024 11:14:10,56.0001176099189,1109.84644578501,14.11
12-28-2024 11:24:10,57.0735618236299,1106.66556413876,14.14
12-28-2024 11:34:10,56.7928506411884,1107.87651493757,14.17
12-28-2024 11:44:10,57.4797175945996,1107.65509559555,14.2
12-28-2024 11:54:10,57.0054136754149,1105.04480423986,14.23
12-28-2024 12:04:10,57.5957463944095,1105.49163746756,14.26
12-28-2024 12:14:10,58.1862766359541,1101.63690204484,14.29
12-28-2024 12:24:10,56.6467012059841,1102.08315325439,14.32
12-28-2024 12:34:10,57.1372347282824,1100.24498979703,14.34
12-28-2024 12:44:10,58.0152920174057,1097.44979219806,14.36
12-28-2024 12:54:10,57.1563643127286,1101.52010348338,14.4
12-28-2024 13:04:10,56.9689716751823,1102.64713779673,14.42
12-28-2024 13:14:10,58.3318863408039,1101.19046479693,14.44
12-28-2024 13:24:10,57.9572380255306,1100.47768102978,14.48
12-28-2024 13:34:10,59.033227661594,1097.572805168,14.51
12-28-2024 13:44:10,56.3284914745228,1101.3711635188,14.54
12-28-2024 13:54:10,57.1104774552269,1099.52976374767,14.56
12-28-2024 14:04:10,57.3108025917283,1098.16684126325,14.58
12-28-2024 14:14:10,58.2870399106201,1098.04921146287,14.6
12-28-2024 14:24:10,57.9055756958756,1098.21906226142,14.62
12-28-2024 14:34:10,57.9088109856409,1099.55001069167,14.63
12-28-2024 14:44:10,58.6848084527852,1100.41262837788,14.63
12-28-2024 14:54:10,57.4238125686758,1098.39985377672,14.63
12-28-2024 15:04:10,56.3631142706361,1094.06432001549,14.65
12-28-2024 15:14:10,57.4334393006159,1096.5456797845,14.66
12-28-2024 15:24:10,57.6306916614405,1092.98723093698,14.67
12-28-2024 15:34:10,56.8576981830375,1087.31879458343,14.68
12-28-2024 15:44:10,56.9579082028703,1086.15635377494,14.69
12-28-2024 15:54:10,56.8640541547634,1081.0619014146,14.7
12-28-2024 16:04:10,56.6731465552043,1078.55611584763,14.71
12-28-2024 16:14:10,58.2258355019222,1079.03564462046,14.71
12-28-2024 16:24:10,57.2554049102235,1079.89879641155,14.71
12-28-2024 16:34:10,57.7373928704509,1081.54139307672,14.7
12-28-2024 16:44:10,56.3788659793814,1079.43162976339,14.7
12-28-2024 16:54:10,57.6339124927036,1079.07281430704,14.68
12-28-2024 17:04:10,56.8576981830375,1075.71689210154,14.68
12-28-2024 17:14:10,57.533670295007,1076.01716603559,14.67
12-28-2024 17:24:10,57.5272405550554,1078.53479930731,14.65
12-28-2024 17:34:10,58.6848084527852,1076.83441162142,14.63
12-28-2024 17:44:10,57.7083630765793,1078.77615016349,14.61
12-28-2024 17:54:10,57.2170259249375,1080.52565460337,14.59
12-28-2024 18:04:10,55.9500611281084,1078.72994589777,14.57
12-28-2024 18:14:10,57.7892097849155,1079.12552610363,14.56
12-28-2024 18:24:10,57.2042443610189,1080.47891653252,14.55
12-28-2024 18:34:10,56.8100736475712,1080.59921683134,14.53
12-28-2024 18:44:10,57.9701827747515,1080.6114705701,14.52
12-28-2024 18:54:10,58.2512452778691,1084.19070152328,14.49
12-28-2024 19:04:10,57.6632635972883,1083.83173287386,14.47
12-28-2024 19:14:10,57.1691244868344,1088.94012762554,14.44
12-28-2024 19:24:10,57.9345986198002,1092.22816746886,14.41
12-28-2024 19:34:10,56.4719356758499,1087.76610857151,14.38
12-28-2024 19:44:10,58.4027063213617,1092.38051914712,14.36
12-28-2024 19:54:10,58.97395772003,1091.17138027012,14.33
12-28-2024 20:04:10,58.4799851282687,1091.49243928531,14.3
12-28-2024 20:14:10,57.21173802871,1088.94594181016,14.27
12-28-2024 20:24:10,58.7540653554282,1090.88042125282,14.25
12-28-2024 20:34:10,58.5506837945643,1091.48797977843,14.22
12-28-2024 20:44:10,58.1506056177549,1092.29762072821,14.18
12-28-2024 20:54:10,57.9506334130001,1091.84276089054,14.16
12-28-2024 21:04:10,57.460501225824,1092.72482450423,14.14
12-28-2024 21:14:10,58.7115115573659,1094.84772375163,14.12
12-28-2024 21:24:10,57.2574604923523,1093.42690435417,14.11
12-28-2024 21:34:10,57.247892658654,1095.65570603748,14.08
12-28-2024 21:44:10,57.718545423045,1092.93298369655,14.04
12-28-2024 21:54:10,58.578887782184,1098.97625701908,14.01
12-28-2024 22:04:10,57.6026177103694,1099.48545720914,13.98
12-28-2024 22:14:10,58.5625842682731,1103.89315664432,13.96
12-28-2024 22:24:10,58.8459469153515,1103.62795763426,13.94
12-28-2024 22:34:10,57.5833838315133,1106.12720500987,13.92
12-28-2024 22:44:10,58.9294546803512,1108.91160826018,13.9
12-28-2024 22:54:10,58.9228971673735,1107.8834109468,13.88
12-28-2024 23:04:10,57.5641627929977,1112.00059301617,13.86
12-28-2024 23:14:10,59.2960802007491,1113.7349015615,13.84
12-28-2024 23:24:10,57.9408292800504,1113.93505703368,13.83
12-28-2024 23:34:10,58.6102854388491,1116.14487996752,13.81
12-28-2024 23:44:10,59.1830461137303,1115.02105436673,13.79
12-28-2024 23:54:10,57.9214986067949,1117.32524428576,13.77
12-29-2024 00:04:10,59.0733590733591,1121.53269471054,13.75
12-29-2024 00:14:10,58.7772479353647,1121.93150021383,13.73
12-29-2024 00:24:10,59.7357498872838,1123.47221340585,13.71
12-29-2024 00:34:10,57.9954607213439,1119.86494626685,13.7
12-29-2024 00:44:10,59.246645134596,1120.44503410673,13.69
12-29-2024 00:54:10,57.7896156980908,1124.56307951244,13.66
12-29-2024 01:04:10,57.304047170685,1123.14499624017,13.65
12-29-2024 01:14:10,59.6127371390825,1123.25791590099,13.63
12-29-2024 01:24:10,59.7956916239738,1125.56672955209,13.6
12-29-2024 01:34:10,58.7250134228602,1127.87448042338,13.57
12-29-2024 01:44:10,58.4292369874425,1129.50744331432,13.55
12-29-2024 01:54:10,58.9015128145013,1131.14818906054,13.52
12-29-2024 02:04:10,59.2772455570018,1132.12311943433,13.49
12-29-2024 02:14:10,57.4363497310899,1134.99733751985,13.46
12-29-2024 02:24:10,60.7991650376473,1139.67456835336,13.43
12-29-2024 02:34:10,59.7293297983846,1136.84914104943,13.4
12-29-2024 02:44:10,58.175015102388,1140.86687659123,13.36
12-29-2024 02:54:10,58.3611720618328,1139.93293641296,13.34
12-29-2024 03:04:10,60.5661208718748,1141.94816014561,13.31
12-29-2024 03:14:10,58.8231216650852,1143.10875497424,13.28
12-29-2024 03:24:10,60.0646850454335,1141.51862661188,13.25
12-29-2024 03:34:10,58.4218290902595,1142.10248693883,13.23
12-29-2024 03:44:10,58.4185904700897,1142.48916247106,13.22
12-29-2024 03:54:10,58.3158834760116,1143.45193179104,13.2
12-29-2024 04:04:10,59.9484847178514,1140.6155342679,13.19
12-29-2024 04:14:10,59.271621055743,1139.58045468341,13.18
12-29-2024 04:24:10,58.6877947859069,1139.87999228202,13.16
12-29-2024 04:34:10,58.2067472876618,1140.54337438595,13.16
12-29-2024 04:44:10,59.2617676938706,1138.46615991308,13.15
12-29-2024 04:54:10,58.7774897798355,1138.94763133952,13.14
12-29-2024 05:04:10,59.6432793183273,1140.55845577652,13.14
12-29-2024 05:14:10,58.8704265758805,1142.17669601396,13.13
12-29-2024 05:24:10,57.5205304046983,1139.15243420883,13.12
12-29-2024 05:34:10,60.1142806138466,1139.34954480489,13.11
12-29-2024 05:44:10,59.533885264065,1136.51541229706,13.1
12-29-2024 05:54:10,58.0912224547581,1137.17849013388,13.1
12-29-2024 06:04:10,57.2224547452129,1139.83839376179,13.09
12-29-2024 06:14:10,58.950288654464,1139.37243025582,13.08
12-29-2024 06:24:10,58.6552899763686,1138.81950269591,13.06
12-29-2024 06:34:10,58.8410844604157,1139.40292786975,13.04
12-29-2024 06:44:10,59.2223869852267,1141.68274322723,13.03
12-29-2024 06:54:10,58.6390510701915,1139.42578884908,13.01
12-29-2024 07:04:10,58.8247959202505,1141.99646081422,12.99
12-29-2024 07:14:10,59.2027162513763,1138.69920294841,12.97
12-29-2024 07:24:10,60.0610412374304,1140.89073307765,12.95
12-29-2024 07:34:10,58.8980888194709,1139.39971371695,12.92
12-29-2024 07:44:10,57.9308595671422,1137.33416438333,12.9
12-29-2024 07:54:10,59.3686404466059,1135.63961108694,12.89
12-29-2024 08:04:10,58.7857401931553,1137.0737970823,12.87
12-29-2024 08:14:10,59.1634139594923,1134.91484593228,12.85
12-29-2024 08:24:10,59.1601411238276,1136.34086141822,12.84
12-29-2024 08:34:10,58.5806653841662,1134.07997773622,12.83
12-29-2024 08:44:10,59.9251396716717,1133.6073262493,12.83
12-29-2024 08:54:10,57.8123943627346,1132.9456141676,12.83
12-29-2024 09:04:10,57.7163604850556,1129.82611435387,12.83
12-29-2024 09:14:10,59.3489364055979,1129.35346286694,12.83
12-29-2024 09:24:10,57.7163604850556,1126.51755394537,12.83
12-29-2024 09:34:10,57.8155924619224,1123.01107261124,12.84
12-29-2024 09:44:10,57.5306574054154,1124.23129231763,12.85
12-29-2024 09:54:10,58.3022388059701,1122.61514014772,12.86
12-29-2024 10:04:10,58.4047510728031,1120.51689220115,12.88
12-29-2024 10:14:10,57.8347884899164,1115.95890274918,12.9
12-29-2024 10:24:10,57.943685272195,1115.73205854977,12.94
12-29-2024 10:34:10,58.0526302839427,1109.73212168176,12.98
12-29-2024 10:44:10,57.2932367833347,1108.56653761,13.01
12-29-2024 10:54:10,57.2129467802284,1106.71740628697,13.06
12-29-2024 11:04:10,58.7612098307985,1104.22436384202,13.09
12-29-2024 11:14:10,57.5205304046983,1105.6145132416,13.12
12-29-2024 11:24:10,58.5883385155312,1104.54149824762,13.15
12-29-2024 11:34:10,57.4370712904696,1107.65857580581,13.16
12-29-2024 11:44:10,58.7905202354854,1109.6289098377,13.18
12-29-2024 11:54:10,57.8347293219191,1107.71313405557,13.2
12-29-2024 12:04:10,57.8411414703853,1106.27083383505,13.22
12-29-2024 12:14:10,58.6175724124336,1107.38841814714,13.24
12-29-2024 12:24:10,57.3726558071909,1107.74761336346,13.26
12-29-2024 12:34:10,57.7609098806583,1108.30664687112,13.27
12-29-2024 12:44:10,57.3790188418835,1104.88181710563,13.28
12-29-2024 12:54:10,57.1928148878482,1103.05871816741,13.3
12-29-2024 13:04:10,58.0658133142695,1100.95040589896,13.32
12-29-2024 13:14:10,57.4013005824884,1099.87467559676,13.35
12-29-2024 13:24:10,57.0192201003538,1097.68098400812,13.36
12-29-2024 13:34:10,58.8590250248152,1097.55353124866,13.39
12-29-2024 13:44:10,58.2939696478235,1094.6611740196,13.43
12-29-2024 13:54:10,58.400046874229,1090.9234598222,13.46
12-29-2024 14:04:10,59.4700170872684,1089.17920788815,13.49
12-29-2024 14:14:10,56.2955376917904,1083.35978938292,13.51
12-29-2024 14:24:10,57.4618669167736,1086.93565314321,13.54
12-29-2024 14:34:10,58.4324821347025,1084.91604519821,13.56
12-29-2024 14:44:10,57.3782000641864,1082.51552039752,13.58
12-29-2024 14:54:10,58.3457804331591,1083.35923513355,13.59
12-29-2024 15:04:10,58.5451633014611,1085.23724539552,13.61
12-29-2024 15:14:10,57.1015852634698,1083.79888055635,13.62
12-29-2024 15:24:10,58.3555052101338,1083.41846676886,13.62
12-29-2024 15:34:10,57.3909514050077,1080.85067370331,13.62
12-29-2024 15:44:10,57.5902613999778,1079.20936357276,13.64
12-29-2024 15:54:10,56.4263975998815,1081.04088059705,13.62
12-29-2024 16:04:10,57.3909514050077,1078.18777719088,13.62
12-29-2024 16:14:10,58.0693653037665,1077.31942535228,13.63
12-29-2024 16:24:10,57.6835223449374,1076.74876087342,13.63
12-29-2024 16:34:10,57.5870616052302,1077.41453609876,13.63
12-29-2024 16:44:10,57.5838621660329,1077.14163927529,13.62
12-29-2024 16:54:10,56.5197128412788,1075.34724596324,13.61
12-29-2024 17:04:10,58.9244162721656,1076.70352629913,13.59
12-29-2024 17:14:10,56.6067284666848,1079.09284705005,13.58
12-29-2024 17:24:10,58.9145983239327,1081.77907599717,13.56
12-29-2024 17:34:10,58.7119692977856,1079.2492659993,13.53
12-29-2024 17:44:10,57.934277658846,1078.98872102825,13.51
12-29-2024 17:54:10,57.8378811901956,1077.75341910193,13.51
12-29-2024 18:04:10,57.5359132038464,1078.37287668029,13.47
12-29-2024 18:14:10,58.7790002096772,1078.40984550675,13.44
12-29-2024 18:24:10,57.8122013036266,1077.09265513406,13.43
12-29-2024 18:34:10,57.6162962780258,1077.38994736115,13.42
12-29-2024 18:44:10,57.1282138232937,1079.97820105539,13.4
12-29-2024 18:54:10,56.8265876000148,1081.64050962011,13.36
12-29-2024 19:04:10,58.1717878386291,1080.60859921863,13.35
12-29-2024 19:14:10,58.5440405248011,1079.8032577781,13.31
12-29-2024 19:24:10,58.251941089475,1082.28208969242,13.3
12-29-2024 19:34:10,58.6273235288681,1084.12023737586,13.27
12-29-2024 19:44:10,58.4250680695357,1082.16446548168,13.24
12-29-2024 19:54:10,59.0890053645888,1084.57062711599,13.21
12-29-2024 20:04:10,58.1169790871247,1083.56348315235,13.18
12-29-2024 20:14:10,58.5915852862579,1086.71465509627,13.16
12-29-2024 20:24:10,59.3546828054967,1087.40124935543,13.14
12-29-2024 20:34:10,57.228795144382,1086.10979722193,13.11
12-29-2024 20:44:10,57.6969234461834,1088.42947288591,13.07
12-29-2024 20:54:10,58.6520414756469,1088.35781917485,13.05
12-29-2024 21:04:10,56.7227407813048,1086.86606619526,13.03
12-29-2024 21:14:10,58.9209148678326,1088.33228102956,12.99
12-29-2024 21:24:10,58.2448575365386,1091.46687355925,12.98
12-29-2024 21:34:10,57.7546972539131,1093.10919217499,12.95
12-29-2024 21:44:10,58.9974356293777,1096.72638573455,12.93
12-29-2024 21:54:10,57.7419126734755,1096.27518985472,12.91
12-29-2024 22:04:10,57.8315882667585,1099.22878078477,12.89
12-29-2024 22:14:10,58.7922458791631,1100.83653173317,12.89
12-29-2024 22:24:10,58.8785377068529,1101.43550640788,12.86
12-29-2024 22:34:10,59.640337074508,1103.72542072028,12.84
12-29-2024 22:44:10,57.9084282404135,1101.56155543554,12.83
12-29-2024 22:54:10,59.1503247890561,1101.58254548836,12.81
12-29-2024 23:04:10,58.8589995698396,1100.93147743511,12.8
12-29-2024 23:14:10,57.415554968385,1104.06056712028,12.79
12-29-2024 23:24:10,58.4684604419102,1104.63783470574,12.78
12-29-2024 23:34:10,58.9419780543848,1105.0362670333,12.76
12-29-2024 23:44:10,59.8026416833052,1103.53493007844,12.75
12-29-2024 23:54:10,59.7960293132997,1105.72814597652,12.73
12-30-2024 00:04:10,58.0651650471124,1104.41600166838,12.72
12-30-2024 00:14:10,59.0216570133468,1107.16514251623,12.71
12-30-2024 00:24:10,57.4797794004753,1106.61868265823,12.69
12-30-2024 00:34:10,58.1482823419595,1109.65029397424,12.68
12-30-2024 00:44:10,59.2931792503807,1111.93581624756,12.66
12-30-2024 00:54:10,58.5223958493231,1110.71829942855,12.65
12-30-2024 01:04:10,57.2751972492555,1114.39992561227,12.65
12-30-2024 01:14:10,58.5159286113345,1112.53120528744,12.63
12-30-2024 01:24:10,59.8523029324559,1113.87169930692,12.61
12-30-2024 01:34:10,57.8316525389918,1115.68357273886,12.59
12-30-2024 01:44:10,59.0751743101247,1117.95738269845,12.58
12-30-2024 01:54:10,58.2120629971521,1117.86303234123,12.58
12-30-2024 02:04:10,58.3974138671707,1116.84380450262,12.56
12-30-2024 02:14:10,57.0517934399067,1115.15519683357,12.55
12-30-2024 02:24:10,58.2024178454174,1117.6077459046,12.55
12-30-2024 02:34:10,58.7744839351022,1118.37157100787,12.54
12-30-2024 02:44:10,58.483613850147,1116.58878965227,12.53
12-30-2024 02:54:10,58.7712381805575,1117.81487751995,12.53
12-30-2024 03:04:10,58.7712381805575,1118.56939313083,12.53
12-30-2024 03:14:10,58.0010369243229,1114.90058693075,12.52
12-30-2024 03:24:10,57.8092979592838,1115.74935239195,12.52
12-30-2024 03:34:10,59.53166125737,1115.38154337762,12.51
12-30-2024 03:44:10,59.1514707145574,1116.22088875929,12.52
12-30-2024 03:54:10,59.3432096795965,1116.22088875929,12.52
12-30-2024 04:04:10,58.3845148544011,1113.67459237567,12.52
12-30-2024 04:14:10,59.6308181271552,1112.731519641,12.52
12-30-2024 04:24:10,59.5382363949857,1114.13661391691,12.53
12-30-2024 04:34:10,59.3464868413786,1113.66504166011,12.53
12-30-2024 04:44:10,59.4456444368081,1114.59870579405,12.54
12-30-2024 04:54:10,58.3941885796692,1113.64593586679,12.55
12-30-2024 05:04:10,56.9590539197035,1113.44770880517,12.56
12-30-2024 05:14:10,58.7842233501292,1112.68339251638,12.57
12-30-2024 05:24:10,58.3079642541491,1114.27771876687,12.58
12-30-2024 05:34:10,56.7766804362904,1116.43843307224,12.59
12-30-2024 05:44:10,57.5471119022773,1116.80654664732,12.6
12-30-2024 05:54:10,58.6980541403229,1116.14599355678,12.6
12-30-2024 06:04:10,57.6462084333429,1114.81541844554,12.61
12-30-2024 06:14:10,57.8380427376136,1116.32536906732,12.61
12-30-2024 06:24:10,57.5502912812076,1116.60848480891,12.61
12-30-2024 06:34:10,56.6870369119895,1117.92969160297,12.61
12-30-2024 06:44:10,58.7972142589671,1115.28727801485,12.61
12-30-2024 06:54:10,58.3176284982904,1119.15652648317,12.61
12-30-2024 07:04:10,58.9857896998343,1115.2967110118,12.6
12-30-2024 07:14:10,57.7389356086183,1114.63615792126,12.6
12-30-2024 07:24:10,58.4070918677379,1114.45692469711,12.59
12-30-2024 07:34:10,58.4103185808115,1115.67416992068,12.6
12-30-2024 07:44:10,58.8866246416931,1114.64563978046,12.59
12-30-2024 07:54:10,58.5956680251399,1115.97602519683,12.58
12-30-2024 08:04:10,57.5407541981734,1115.59862376795,12.58
12-30-2024 08:14:10,57.7293677924597,1112.30601982093,12.57
12-30-2024 08:24:10,56.4827203152138,1112.21167664707,12.57
12-30-2024 08:34:10,56.9590539197035,1108.16489327581,12.56
12-30-2024 08:44:10,57.9147617440398,1110.15576988109,12.55
12-30-2024 08:54:10,59.1645391724866,1109.76860513293,12.56
12-30-2024 09:04:10,58.2024178454174,1108.08053605176,12.55
12-30-2024 09:14:10,57.1476788070326,1107.60889199964,12.55
12-30-2024 09:24:10,57.0549445828679,1104.67446158676,12.56
12-30-2024 09:34:10,57.3426165723614,1107.22153335985,12.56
12-30-2024 09:44:10,58.5924314305529,1104.94725225978,12.57
12-30-2024 09:54:10,58.1129516316122,1102.58867291325,12.57
12-30-2024 10:04:10,58.3079642541491,1103.61612840102,12.58
12-30-2024 10:14:10,57.0612479131887,1097.86075661061,12.58
12-30-2024 10:24:10,57.8348474617887,1102.74620229155,12.6
12-30-2024 10:34:10,56.6870369119895,1097.73410203661,12.61
12-30-2024 10:44:10,57.6525788449378,1096.4855359145,12.63
12-30-2024 10:54:10,57.1792588954042,1093.91497992334,12.65
12-30-2024 11:04:10,57.0896301436318,1091.4380555559,12.67
12-30-2024 11:14:10,56.8112025549687,1090.08216932301,12.7
12-30-2024 11:24:10,57.8796134755259,1086.73042076229,12.74
12-30-2024 11:34:10,58.365997812811,1086.14029803478,12.76
12-30-2024 11:44:10,57.3195423346586,1087.14480562798,12.79
12-30-2024 11:54:10,56.0806824327646,1081.43863381624,12.82
12-30-2024 12:04:10,57.7227464117774,1080.64617535871,12.85
12-30-2024 12:14:10,58.9811137478636,1079.28595583524,12.88
12-30-2024 12:24:10,57.7419126734755,1076.03335287207,12.91
12-30-2024 12:34:10,57.4664042559734,1076.17276480554,12.95
12-30-2024 12:44:10,56.8000086113042,1075.86397725592,12.97
12-30-2024 12:54:10,58.1584031105998,1076.00340133318,13.01
12-30-2024 13:04:10,57.7834832691337,1071.13722145509,13.04
12-30-2024 13:14:10,56.065282684425,1070.70700947981,13.08
12-30-2024 13:24:10,57.0395895150269,1067.33959778748,13.12
12-30-2024 13:34:10,57.7256997894166,1066.71842310662,13.16
12-30-2024 13:44:10,55.5251893822751,1063.72692145807,13.2
12-30-2024 13:54:10,57.5587985264948,1062.44047241998,13.24
12-30-2024 14:04:10,56.3168871336418,1059.1750385631,13.27
12-30-2024 14:14:10,56.4256706373905,1056.08382939355,13.31
12-30-2024 14:24:10,56.6276719015803,1055.28257183751,13.34
12-30-2024 14:34:10,55.8634250983196,1055.91880216951,13.36
12-30-2024 14:44:10,57.5103730602532,1053.2184824559,13.39
12-30-2024 14:54:10,56.7491613842094,1053.6505249356,13.42
12-30-2024 15:04:10,56.1773067577735,1050.58297763062,13.44
12-30-2024 15:14:10,56.5690223022648,1054.92346058209,13.46
12-30-2024 15:24:10,56.3825423456988,1054.32520336943,13.48
12-30-2024 15:34:10,56.3888032078964,1052.96663515305,13.5
12-30-2024 15:44:10,55.8166545328908,1051.79771120911,13.52
12-30-2024 15:54:10,56.4977416329351,1056.42617914365,13.54
12-30-2024 16:04:10,56.790132979544,1054.41606233155,13.55
12-30-2024 16:14:10,55.8290547128593,1054.68706926086,13.56
12-30-2024 16:24:10,57.0857273338805,1054.29264901343,13.57
12-30-2024 16:34:10,56.6035843665336,1053.62718025391,13.57
12-30-2024 16:44:10,55.9285842122478,1054.00744811649,13.57
12-30-2024 16:54:10,56.700012960003,1055.90878742941,13.57
12-30-2024 17:04:10,56.0250128057172,1054.38771597907,13.57
12-30-2024 17:14:10,58.2396356590104,1057.15862075259,13.56
12-30-2024 17:24:10,56.6937150967264,1056.60226709434,13.55
12-30-2024 17:34:10,56.9798042748544,1056.80635950501,13.54
12-30-2024 17:44:10,57.4618669167736,1056.52122423399,13.54
12-30-2024 17:54:10,57.8443047268823,1055.6798913984,13.53
12-30-2024 18:04:10,57.5518873162967,1060.54051834963,13.52
12-30-2024 18:14:10,56.4851943244911,1057.62241616031,13.5
12-30-2024 18:24:10,56.5784441332684,1058.87144730578,13.49
12-30-2024 18:34:10,56.9639871938017,1060.106559806,13.49
12-30-2024 18:44:10,57.6290891597178,1061.19258973736,13.46
12-30-2024 18:54:10,58.2008461092542,1058.56064623674,13.44
12-30-2024 19:04:10,56.2705426021966,1059.14427638072,13.43
12-30-2024 19:14:10,57.9984708443036,1060.59611958549,13.41
12-30-2024 19:24:10,57.1218743835076,1062.4408001569,13.38
12-30-2024 19:34:10,57.6934338515404,1064.36615258686,13.36
12-30-2024 19:44:10,57.5939223965236,1063.7151923452,13.35
12-30-2024 19:54:10,57.8732235520331,1063.85037929321,13.32
12-30-2024 20:04:10,58.5407936899187,1064.73105650579,13.3
12-30-2024 20:14:10,56.5125571479624,1065.7063199847,13.28
12-30-2024 20:24:10,57.6582473432928,1067.83249444628,13.25
12-30-2024 20:34:10,59.3842974443,1069.28100831957,13.23
12-30-2024 20:44:10,57.9373829703361,1071.47469087846,13.22
12-30-2024 20:54:10,58.3094194152277,1069.81989453644,13.18
12-30-2024 21:04:10,57.7288989328621,1075.04553281761,13.17
12-30-2024 21:14:10,58.6845426838654,1074.02825507366,13.15
12-30-2024 21:24:10,57.9084915011112,1076.13794386782,13.13
12-30-2024 21:34:10,57.9052831164354,1074.35034962809,13.12
12-30-2024 21:44:10,58.0944407852214,1077.29966105606,13.11
12-30-2024 21:54:10,58.1873999753786,1074.37554644718,13.1
12-30-2024 22:04:10,57.5109713237602,1076.75609608476,13.09
12-30-2024 22:14:10,57.4147991309111,1077.9874322256,13.09
12-30-2024 22:24:10,58.283577495999,1076.6489561734,13.1
12-30-2024 22:34:10,56.9370922073126,1079.8696199522,13.1
12-30-2024 22:44:10,57.033269727933,1081.38522643634,13.1
12-30-2024 22:54:10,56.8472131591583,1079.75052334315,13.12
12-30-2024 23:04:10,58.2932655310189,1085.23366869713,13.13
12-30-2024 23:14:10,58.0078990789538,1084.65337237466,13.14
12-30-2024 23:24:10,58.880213785205,1087.75711268815,13.16
12-30-2024 23:34:10,57.3472177747124,1089.06091859872,13.18
12-30-2024 23:44:10,58.4121143068301,1093.30385751501,13.2
12-30-2024 23:54:10,58.4185904700897,1093.94522461337,13.22
12-31-2024 00:04:10,58.9993101026838,1094.40821122856,13.23
12-31-2024 00:14:10,57.6582473432928,1095.71373364407,13.25
12-31-2024 00:24:10,56.217501663422,1095.60791349098,13.26
12-31-2024 00:34:10,59.4970363159127,1097.00877531136,13.28
12-31-2024 00:44:10,57.0933643068846,1098.61056736059,13.29
12-31-2024 00:54:10,57.7705200887355,1103.15358861706,13.3
12-31-2024 01:04:10,57.8700137424432,1100.10708847527,13.31
12-31-2024 01:14:10,58.3579348301726,1101.22449901402,13.33
12-31-2024 01:24:10,57.590727546165,1101.30883508761,13.34
12-31-2024 01:34:10,56.5313663371219,1102.6374282536,13.34
12-31-2024 01:44:10,57.4013005824884,1103.95566714484,13.35
12-31-2024 01:54:10,60.4798944799191,1104.345619467,13.34
12-31-2024 02:04:10,58.1685609329159,1103.20682532473,13.34
12-31-2024 02:14:10,56.2424496437465,1106.7181072634,13.34
12-31-2024 02:24:10,58.6500887552082,1108.61609750052,13.34
12-31-2024 02:34:10,57.8764337177125,1108.24652511717,13.33
12-31-2024 02:44:10,59.7061379450611,1111.3779691902,13.33
12-31-2024 02:54:10,58.1621081953877,1111.672408473,13.32
12-31-2024 03:04:10,58.8329091458116,1113.86435693831,13.31
12-31-2024 03:14:10,56.2299728863692,1115.86622887117,13.3
12-31-2024 03:24:10,56.8076780872566,1113.39959718007,13.3
12-31-2024 03:34:10,56.705104191056,1114.4622655541,13.28
12-31-2024 03:44:10,57.1864717987899,1113.70341815224,13.28
12-31-2024 03:54:10,58.1427585697035,1113.72262189444,13.26
12-31-2024 04:04:10,58.3320498998922,1117.33591914441,13.25
12-31-2024 04:14:10,57.9438072122907,1113.64699286864,13.24
12-31-2024 04:24:10,56.3012774711738,1114.70913553297,13.22
12-31-2024 04:34:10,57.7448999704346,1116.70019548416,13.22
12-31-2024 04:44:10,58.7970376301041,1112.35822978246,13.2
12-31-2024 04:54:10,58.5980799073823,1113.70459473759,13.18
12-31-2024 05:04:10,58.5018597433308,1112.37762756088,13.18
12-31-2024 05:14:10,58.3061879221907,1110.01792121659,13.17
12-31-2024 05:24:10,56.7604593171813,1113.07004447637,13.15
12-31-2024 05:34:10,56.6642551488471,1110.32195735822,13.15
12-31-2024 05:44:10,56.1770083665265,1110.53115337865,13.13
12-31-2024 05:54:10,58.097659472304,1111.01468695667,13.12
12-31-2024 06:04:10,57.6135265403106,1111.97180983785,13.11
12-31-2024 06:14:10,56.8409146866921,1112.36043395603,13.1
12-31-2024 06:24:10,58.6650376379494,1110.5704808756,13.09
12-31-2024 06:34:10,57.6039525351124,1112.37981657146,13.08
12-31-2024 06:44:10,57.5077856694445,1110.76973084292,13.08
12-31-2024 06:54:10,57.7930849852604,1109.3589876782,13.07
12-31-2024 07:04:10,57.594381711332,1109.47351376994,13.05
12-31-2024 07:14:10,58.5526477718843,1110.6196064411,13.04
12-31-2024 07:24:10,58.2642110833528,1111.28238028979,13.04
12-31-2024 07:34:10,59.1262467466143,1109.6826796058,13.03
12-31-2024 07:44:10,57.2002744075013,1110.92324869364,13.02
12-31-2024 07:54:10,57.100977599498,1110.17576236786,13.01
12-31-2024 08:04:10,58.5396800984313,1109.99630853108,13
12-31-2024 08:14:10,57.2837212735594,1108.88037435998,12.98
12-31-2024 08:24:10,58.2416331953474,1108.32253510611,12.97
12-31-2024 08:34:10,58.9143913345676,1106.52453919021,12.97
12-31-2024 08:44:10,57.9533082785388,1108.32253510611,12.97
12-31-2024 08:54:10,56.9890703996654,1106.44004311833,12.96
12-31-2024 09:04:10,57.4664042559734,1105.22015699784,12.95
12-31-2024 09:14:10,57.850794919893,1104.36860478374,12.95
12-31-2024 09:24:10,58.6195762477321,1102.38164961749,12.95
12-31-2024 09:34:10,58.9078692456718,1104.55783860909,12.95
12-31-2024 09:44:10,58.6195762477321,1097.17771942017,12.95
12-31-2024 09:54:10,58.2384092111252,1099.91097761117,12.96
12-31-2024 10:04:10,58.5299581121561,1099.71108098259,12.97
12-31-2024 10:14:10,56.9953803946656,1098.56476790737,12.98
12-31-2024 10:24:10,56.8094432482313,1095.41973894689,13
12-31-2024 10:34:10,57.4886791524131,1092.65241895372,13.02
12-31-2024 10:44:10,57.3091029933045,1087.77811637019,13.06
12-31-2024 10:54:10,57.9052831164354,1087.6139341914,13.12
12-31-2024 11:04:10,57.344039606643,1084.52314484985,13.17
12-31-2024 11:14:10,58.5115883740553,1082.20049899729,13.21
12-31-2024 11:24:10,56.6956722624365,1077.41074328633,13.25
12-31-2024 11:34:10,56.6088306695092,1076.04561583502,13.28
12-31-2024 11:44:10,56.4288003352603,1075.3314616955,13.32
12-31-2024 11:54:10,57.1155363505233,1073.76264350055,13.36
12-31-2024 12:04:10,56.4538504223442,1073.23723821803,13.4
12-31-2024 12:14:10,56.9481788916709,1070.90703812718,13.44
12-31-2024 12:24:10,56.5721625639159,1067.2585684904,13.47
12-31-2024 12:34:10,57.6418877236274,1069.9744882204,13.5
12-31-2024 12:44:10,56.2986636393924,1069.47338651494,13.52
12-31-2024 12:54:10,56.4977416329351,1070.01762706245,13.54
12-31-2024 13:04:10,56.9892987404111,1070.35896620759,13.57
12-31-2024 13:14:10,55.1632833186231,1069.76257280038,13.59
12-31-2024 13:24:10,56.9055129289325,1069.64147706,13.61
12-31-2024 13:34:10,56.7220665045007,1065.79771891704,13.64
12-31-2024 13:44:10,54.7023574304132,1067.76888625731,13.66
12-31-2024 13:54:10,56.7346762341143,1065.74447403736,13.68
12-31-2024 14:04:10,56.4514883893281,1065.43235370527,13.7
12-31-2024 14:14:10,55.6856925794617,1066.45260838794,13.72
12-31-2024 14:24:10,57.2361999950582,1064.04629638972,13.74
12-31-2024 14:34:10,56.0841992759443,1065.73309184079,13.76
12-31-2024 14:44:10,56.2803894796024,1062.76816162912,13.77
12-31-2024 14:54:10,56.5762887808254,1059.88422026661,13.79
12-31-2024 15:04:10,55.9035716492616,1059.58473725613,13.8
12-31-2024 15:14:10,57.5513558944948,1054.88989806954,13.82
12-31-2024 15:24:10,56.7820126944494,1056.11407365593,13.83
12-31-2024 15:34:10,57.1714649492565,1053.62312986658,13.84
12-31-2024 15:44:10,57.0812419641974,1053.5945983697,13.86
12-31-2024 15:54:10,56.9878281726186,1053.10389796136,13.87
12-31-2024 16:04:10,56.8944039862016,1047.7531484053,13.88
12-31-2024 16:14:10,55.5420751987537,1048.9919652247,13.88
12-31-2024 16:24:10,56.3148345058668,1050.23078204409,13.88
12-31-2024 16:34:10,56.8944039862016,1049.37313963066,13.88
12-31-2024 16:44:10,57.9569480334821,1049.65902043514,13.88
12-31-2024 16:54:10,56.9909988995907,1047.46726760082,13.88
12-31-2024 17:04:10,56.4082909369649,1049.10187446205,13.87
12-31-2024 17:14:10,55.9191210557221,1046.93985169067,13.85
12-31-2024 17:24:10,54.853702856719,1045.14460739297,13.84
12-31-2024 17:34:10,56.5888765968493,1047.15991807519,13.83
12-31-2024 17:44:10,57.3550404459248,1046.52273582073,13.81
12-31-2024 17:54:10,56.1932274609158,1047.87083084929,13.8
12-31-2024 18:04:10,56.2835191043448,1048.66199185409,13.78
12-31-2024 18:14:10,55.2154251047163,1047.35838336078,13.76
12-31-2024 18:24:10,58.1016473843835,1048.06886814749,13.73
12-31-2024 18:34:10,55.6795022233202,1046.49514055885,13.7
12-31-2024 18:44:10,56.7378295425773,1048.50818096153,13.69
12-31-2024 18:54:10,56.4389402059819,1052.64279458634,13.66
12-31-2024 19:04:10,56.5259934684504,1052.78085276105,13.63
12-31-2024 19:14:10,56.8090629070191,1052.90455494384,13.61
12-31-2024 19:24:10,56.7031624163725,1053.70801972296,13.58
12-31-2024 19:34:10,56.3111709020895,1056.58826271604,13.56
12-31-2024 19:44:10,56.8802329814343,1054.25432438625,13.53
12-31-2024 19:54:10,58.1238433066009,1057.33736834354,13.5
12-31-2024 20:04:10,55.5151186173035,1056.98524172719,13.48
12-31-2024 20:14:10,57.7254588740317,1054.06857933364,13.46
12-31-2024 20:24:10,56.2736657745106,1057.23103480239,13.44
12-31-2024 20:34:10,56.8455097057445,1056.02446717816,13.42
12-31-2024 20:44:10,56.26117516493,1057.47667721801,13.4
12-31-2024 20:54:10,55.3910628302271,1055.97162253083,13.39
12-31-2024 21:04:10,55.2855275973025,1058.1967393607,13.36
12-31-2024 21:14:10,55.7609218214541,1056.04176793235,13.34
12-31-2024 21:24:10,56.624530825316,1056.62514403457,13.33
12-31-2024 21:34:10,56.6182497180642,1059.11991622677,13.31
12-31-2024 21:44:10,56.5188254868129,1059.32344087531,13.3
12-31-2024 21:54:10,56.034296840821,1060.19097667058,13.29
12-31-2024 22:04:10,57.9566599711642,1061.81722705018,13.28
12-31-2024 22:14:10,58.5278099509599,1063.83604273098,13.26
12-31-2024 22:24:10,57.1769598028646,1063.75462612823,13.25
12-31-2024 22:34:10,57.6550506979438,1066.04389422933,13.24
12-31-2024 22:44:10,55.730007268964,1067.46629757512,13.24
12-31-2024 22:54:10,57.6486584704839,1066.82888432567,13.22
12-31-2024 23:04:10,56.5868650722772,1065.9888226654,13.21
12-31-2024 23:14:10,56.2981565770105,1069.87583278007,13.21
12-31-2024 23:24:10,57.2605182278996,1067.97973028511,13.21
12-31-2024 23:34:10,57.0648826753711,1066.85525123332,13.2
12-31-2024 23:44:10,58.5083451376486,1070.64716611242,13.2
12-31-2024 23:54:10,57.1611135061896,1074.0598895036,13.2
