t_wql,trp,cdom,temp
01-01-2025 00:04:10,57.4915822643848,1077.69891590586,13.2
01-01-2025 00:14:10,58.0627253888554,1077.55506287147,13.19
01-01-2025 00:24:10,55.6997220179707,1077.41125521239,13.19
01-01-2025 00:34:10,56.6543875927456,1077.2674929286,13.19
01-01-2025 00:44:10,56.5663535786235,1077.12377602012,13.19
01-01-2025 00:54:10,56.9565918905728,1076.98010448694,13.2
01-01-2025 01:04:10,57.1529387098895,1079.12353864423,13.2
01-01-2025 01:14:10,57.6336763797221,1080.31903945705,13.2
01-01-2025 01:24:10,56.3132517165685,1083.31574521274,13.2
01-01-2025 01:34:10,57.7375825721497,1084.52270428932,13.19
01-01-2025 01:44:10,57.7443225858469,1087.70885723476,13.19
01-01-2025 01:54:10,56.2301465847512,1087.20939137241,13.18
01-01-2025 02:04:10,57.7534149838545,1085.656227312,13.18
01-01-2025 02:14:10,56.0455503487756,1087.34807809181,13.16
01-01-2025 02:24:10,56.5239639877038,1086.6481710921,13.16
01-01-2025 02:34:10,57.0023748612158,1089.18148554971,13.15
01-01-2025 02:44:10,58.6156040338944,1090.86167746037,13.14
01-01-2025 02:54:10,57.6704121630435,1091.97318392707,13.13
01-01-2025 03:04:10,56.7253630838942,1091.75821627899,13.12
01-01-2025 03:14:10,57.4856444080694,1092.49066227705,13.11
01-01-2025 03:24:10,58.0563569459826,1095.49646033473,13.1
01-01-2025 03:34:10,57.3009261913628,1095.66030826125,13.09
01-01-2025 03:44:10,57.4883681692201,1097.25529122247,13.07
01-01-2025 03:54:10,55.5925894432573,1100.64894501044,13.05
01-01-2025 04:04:10,56.3525430057853,1101.38060045069,13.04
01-01-2025 04:14:10,57.7707332801067,1102.50094797204,13.02
01-01-2025 04:24:10,57.0114693890609,1102.7691390628,13
01-01-2025 04:34:10,57.3924368745011,1103.3112335113,12.99
01-01-2025 04:44:10,56.9129972570818,1105.38719651747,12.96
01-01-2025 04:54:10,56.6315350515685,1105.92904320156,12.95
01-01-2025 05:04:10,57.8594992453906,1104.21016462207,12.93
01-01-2025 05:14:10,56.0645023624158,1104.37370933698,12.92
01-01-2025 05:24:10,57.3868507803074,1105.02010413024,12.9
01-01-2025 05:34:10,57.3848656619158,1106.51746231938,12.88
01-01-2025 05:44:10,56.3428091220003,1104.04324558342,12.86
01-01-2025 06:04:10,55.7611457405295,1106.89318555926,12.81
01-01-2025 06:14:10,56.7989253551528,1106.49940486656,12.79
01-01-2025 06:24:10,57.2694654159475,1106.20029477224,12.77
01-01-2025 06:34:10,57.0742531674871,1104.39971995783,12.74
01-01-2025 06:44:10,56.0333543422652,1104.6678816057,12.72
01-01-2025 06:54:10,56.9759415924548,1104.08609519671,12.7
01-01-2025 07:04:10,56.3173006374076,1104.06110614531,12.69
01-01-2025 07:14:10,57.0665027199681,1102.54561327431,12.66
01-01-2025 07:24:10,56.6827271926802,1104.90072349357,12.63
01-01-2025 07:34:10,56.7752197915019,1104.69704652221,12.61
01-01-2025 07:44:10,57.3351605138526,1102.33339149139,12.58
01-01-2025 07:54:10,56.0082695491507,1103.366725832,12.55
01-01-2025 08:04:10,57.1425592806071,1102.87057928022,12.54
01-01-2025 08:14:10,57.8863693629454,1101.46200373161,12.5
01-01-2025 08:24:10,55.9044565231092,1101.35366128912,12.48
01-01-2025 08:34:10,57.1281297896316,1098.2289600655,12.46
01-01-2025 08:44:10,55.9951827781271,1098.12126955737,12.44
01-01-2025 08:54:10,55.6248070858114,1098.27548768465,12.44
01-01-2025 09:04:10,56.0042272564502,1096.55533757761,12.43
01-01-2025 09:14:10,56.0066457420177,1095.30668137491,12.42
01-01-2025 09:24:10,56.3944320480607,1094.79064649814,12.43
01-01-2025 09:34:10,55.5528603585385,1092.11775731165,12.43
01-01-2025 09:44:10,56.6003838319917,1089.81076976653,12.44
01-01-2025 09:54:10,55.5744076016661,1088.63455218062,12.45
01-01-2025 10:04:10,55.9664301766481,1085.84427189682,12.47
01-01-2025 10:14:10,56.4528530362371,1084.37316985481,12.49
01-01-2025 10:24:10,56.2877590711584,1080.33182222003,12.53
01-01-2025 10:34:10,56.4999304614505,1078.83528737852,12.57
01-01-2025 10:44:10,56.9953400776875,1073.46860084457,12.61
01-01-2025 10:54:10,55.6072028386066,1073.7503034326,12.66
01-01-2025 11:04:10,56.106876636348,1074.78777070261,12.71
01-01-2025 11:14:10,56.6026738007853,1070.45333698963,12.75
01-01-2025 11:24:10,56.1537520602481,1068.38430229387,12.79
01-01-2025 11:34:10,55.5113211381653,1069.44626586988,12.82
01-01-2025 11:44:10,56.7552219144299,1072.88484827109,12.84
01-01-2025 11:54:10,56.8691457274529,1073.09725476455,12.87
01-01-2025 12:04:10,56.4113938609109,1072.75481225174,12.89
01-01-2025 12:14:10,57.0928428291722,1073.25109546846,12.92
01-01-2025 12:24:10,57.4864275265513,1070.82718151289,12.94
01-01-2025 12:34:10,57.7855035343832,1069.44341946353,12.96
01-01-2025 12:44:10,55.0562312157086,1074.96787859999,12.98
01-01-2025 12:54:10,56.6759023021885,1073.21828607186,12.99
01-01-2025 13:04:10,55.7401847289546,1073.1722171925,13
01-01-2025 13:14:10,56.3231154691422,1073.77631315646,13.02
01-01-2025 13:24:10,56.4328097126148,1072.67634482786,13.04
01-01-2025 13:34:10,56.0648390311046,1072.91438333784,13.05
01-01-2025 13:44:10,55.2274730444698,1072.57171856474,13.07
01-01-2025 13:54:10,56.9472367132087,1069.95573970715,13.09
01-01-2025 14:04:10,56.8676012229356,1073.49660956345,13.11
01-01-2025 14:14:10,56.7836699540532,1072.40860970355,13.12
01-01-2025 14:24:10,56.6007227820614,1074.93331245933,13.12
01-01-2025 14:34:10,55.095550655637,1076.5930827955,13.13
01-01-2025 14:44:10,56.8075261377844,1077.4126162378,13.13
01-01-2025 14:54:10,56.2371219046614,1079.29865807573,13.11
01-01-2025 15:04:10,55.7741665501944,1077.26390627696,13.12
01-01-2025 15:14:10,54.7344398797673,1078.94833446391,13.11
01-01-2025 15:24:10,55.4988170703125,1077.87328057498,13.11
01-01-2025 15:34:10,56.1642441873513,1076.14752372857,13.1
01-01-2025 15:44:10,56.0760292662469,1076.49352856935,13.1
01-01-2025 15:54:10,57.4000770284638,1076.2012701429,13.08
01-01-2025 16:04:10,55.3187940438535,1076.18086758929,13.07
01-01-2025 16:14:10,57.1203818244205,1078.24384488392,13.06
01-01-2025 16:24:10,56.3608584693407,1077.47818183553,13.04
01-01-2025 16:34:10,57.1119654360089,1077.29313471371,13.01
01-01-2025 16:44:10,56.3527323619748,1077.66379251859,12.99
01-01-2025 16:54:10,56.4411853723587,1077.66816469054,12.96
01-01-2025 17:04:10,57.3810202654234,1077.10499390744,12.93
01-01-2025 17:14:10,56.8071320984045,1076.44757408707,12.9
01-01-2025 17:24:10,55.2837810764393,1075.14110149137,12.86
01-01-2025 17:34:10,55.943756995275,1075.98469642573,12.84
01-01-2025 17:44:10,55.4651081464796,1074.66659471947,12.81
01-01-2025 17:54:10,57.245981377523,1074.79162135178,12.76
01-01-2025 18:04:10,57.1451609595398,1076.59187550251,12.73
01-01-2025 18:14:10,55.4348259177207,1077.27047242626,12.69
01-01-2025 18:24:10,56.4715836921289,1075.37496870507,12.67
01-01-2025 18:34:10,56.933121576322,1077.65835062352,12.63
01-01-2025 18:44:10,55.7903012679405,1075.03383291148,12.59
01-01-2025 18:54:10,57.9540095213212,1074.09633725752,12.56
01-01-2025 19:04:10,56.815724058945,1072.78208592913,12.53
01-01-2025 19:14:10,55.8665443230948,1073.92012460707,12.5
01-01-2025 19:24:10,55.6719692347895,1072.22957583457,12.47
01-01-2025 19:34:10,55.2889833410395,1074.12136841039,12.44
01-01-2025 19:44:10,57.2661457835546,1071.28815008534,12.42
01-01-2025 19:54:10,57.165583904889,1072.70851126355,12.39
01-01-2025 20:04:10,57.1592606384779,1070.64317343744,12.36
01-01-2025 20:14:10,56.9688352737071,1073.46310502047,12.34
01-01-2025 20:24:10,57.0609588157868,1073.36316170914,12.32
01-01-2025 20:34:10,56.6780923547795,1071.86384069054,12.29
01-01-2025 20:44:10,57.2366108539998,1074.41248144838,12.26
01-01-2025 20:54:10,56.7639958857591,1071.86588278073,12.24
01-01-2025 21:04:10,57.8867944184441,1071.68522537574,12.21
01-01-2025 21:14:10,56.4777411781276,1071.85541971194,12.2
01-01-2025 21:24:10,56.852029093194,1072.79092619028,12.18
01-01-2025 21:34:10,55.7255423591904,1073.3373395667,12.17
01-01-2025 21:44:10,56.7581543086305,1072.95593813983,12.15
01-01-2025 21:54:10,57.0466898444312,1070.76242667463,12.15
01-01-2025 22:04:10,56.4846513418921,1073.84798826314,12.14
01-01-2025 22:14:10,57.7135131451497,1073.06526863774,12.14
01-01-2025 22:24:10,57.2454908038836,1077.27886479543,12.13
01-01-2025 22:34:10,56.8757751646763,1076.49630013987,12.13
01-01-2025 22:44:10,57.061765130452,1078.74727420968,12.11
01-01-2025 22:54:10,55.9358458688112,1080.60947580688,12.1
01-01-2025 23:04:10,55.8440918277547,1079.27546168587,12.09
01-01-2025 23:14:10,56.6024751023356,1081.78332321043,12.09
01-01-2025 23:24:10,57.732576193371,1083.45718729095,12.08
01-01-2025 23:34:10,57.1707669453036,1085.31882332028,12.07
01-01-2025 23:44:10,57.360867254069,1083.79701442779,12.06
01-01-2025 23:54:10,58.0207926349384,1086.59816389438,12.05
01-02-2025 00:04:10,56.6134078089351,1086.76795121967,12.04
01-02-2025 00:14:10,56.5216310706132,1088.81690569548,12.03
01-02-2025 00:24:10,56.8098684235345,1088.03548182493,12.03
01-02-2025 00:34:10,58.5031252307483,1088.86294323141,12.02
01-02-2025 00:44:10,57.3778441779579,1091.85101510358,12.01
01-02-2025 00:54:10,58.9768620872743,1089.10862218705,12
01-02-2025 01:04:10,58.1334973228664,1092.37811789411,11.99
01-02-2025 01:14:10,58.4173139981031,1094.61403900101,11.98
01-02-2025 01:24:10,59.0767425102422,1094.78356470413,11.97
01-02-2025 01:34:10,57.9475515218623,1098.15685107264,11.95
01-02-2025 01:44:10,56.4473278182965,1100.3918269418,11.94
01-02-2025 01:54:10,56.1678437806646,1096.80560571362,11.93
01-02-2025 02:04:10,58.1414864507335,1098.57106267414,11.92
01-02-2025 02:14:10,57.3883174814883,1097.43725304579,11.9
01-02-2025 02:24:10,57.9492779354096,1098.65010562135,11.88
01-02-2025 02:34:10,58.1390160993097,1099.9457144807,11.87
01-02-2025 02:44:10,58.1367602805584,1098.81231596075,11.85
01-02-2025 02:54:10,58.3221335430839,1096.1782917001,11.83
01-02-2025 03:04:10,58.4136494059749,1099.45455650793,11.81
01-02-2025 03:14:10,57.285915825861,1097.29029360473,11.79
01-02-2025 03:24:10,57.8464192512696,1096.34578721304,11.77
01-02-2025 03:34:10,56.9066267854378,1096.52672577638,11.75
01-02-2025 03:44:10,57.8419908862552,1097.83259846826,11.73
01-02-2025 03:54:10,57.9335058957907,1097.82592854308,11.71
01-02-2025 04:04:10,58.4935688295035,1096.13245044065,11.69
01-02-2025 04:14:10,56.8088153089193,1098.27035794878,11.68
01-02-2025 04:24:10,57.55630715694,1098.35750870734,11.66
01-02-2025 04:34:10,59.2403707933307,1095.91534176614,11.64
01-02-2025 04:44:10,57.5477254103382,1095.45211952508,11.61
01-02-2025 04:54:10,57.9243907270941,1097.68267807146,11.6
01-02-2025 05:04:10,57.9221594930828,1096.83375147552,11.58
01-02-2025 05:14:10,58.388044297821,1098.23210449646,11.56
01-02-2025 05:24:10,57.1646235110296,1097.95612155157,11.53
01-02-2025 05:34:10,56.6092922867446,1100.26816504217,11.53
01-02-2025 05:44:10,58.4704210500556,1098.41200203486,11.49
01-02-2025 05:54:10,57.1582705836423,1098.31247811149,11.47
01-02-2025 06:04:10,56.8755159785438,1098.49368595318,11.45
01-02-2025 06:14:10,58.0893479376519,1096.61721396371,11.43
01-02-2025 06:24:10,57.619501887023,1098.10799508939,11.41
01-02-2025 06:34:10,57.8043188167015,1097.9153348197,11.39
01-02-2025 06:44:10,57.8063403953075,1097.61827259835,11.38
01-02-2025 06:54:10,58.178049058177,1099.01504914272,11.36
01-02-2025 07:04:10,59.106116487182,1097.43155507056,11.33
01-02-2025 07:14:10,57.9865894877874,1096.01339919217,11.32
01-02-2025 07:24:10,58.0735256796878,1096.58015309148,11.29
01-02-2025 07:34:10,57.6041717728936,1097.5093117253,11.27
01-02-2025 07:44:10,57.6996100287266,1097.58655664234,11.26
01-02-2025 07:54:10,57.6082231200114,1096.63639602679,11.25
01-02-2025 08:04:10,57.1432584174259,1098.95534427313,11.24
01-02-2025 08:14:10,56.9502008799765,1095.50625110454,11.21
01-02-2025 08:24:10,57.6992239145682,1096.89101343372,11.2
01-02-2025 08:34:10,58.0789322386224,1096.4905785305,11.2
01-02-2025 08:44:10,57.5165319983981,1095.17902779097,11.18
01-02-2025 08:54:10,57.0601525336235,1091.87322402168,11.19
01-02-2025 09:04:10,56.5995641545975,1091.75304717407,11.19
01-02-2025 09:14:10,56.4231821317439,1089.19376617987,11.2
01-02-2025 09:24:10,56.9937804039959,1086.44738217202,11.21
01-02-2025 09:34:10,56.54137528895,1084.62236498059,11.23
01-02-2025 09:44:10,57.4898962763658,1083.35724965683,11.25
01-02-2025 09:54:10,57.313485842837,1080.42266341298,11.26
01-02-2025 10:04:10,56.8692578483063,1077.16940522596,11.3
01-02-2025 10:14:10,55.7664054109869,1074.02057581407,11.33
01-02-2025 10:24:10,57.3782222543615,1073.66184283527,11.37
01-02-2025 10:34:10,56.5636929774662,1071.69999379568,11.42
01-02-2025 10:44:10,56.3098990243301,1070.48513534345,11.47
01-02-2025 10:54:10,57.276832843669,1068.69442526796,11.53
01-02-2025 11:04:10,56.0826044408328,1066.08641213834,11.57
01-02-2025 11:14:10,56.6754591338134,1061.8568400512,11.63
01-02-2025 11:24:10,56.8856486463632,1059.33848721784,11.67
01-02-2025 11:34:10,55.6900167859402,1057.84963938045,11.71
01-02-2025 11:44:10,57.020938290212,1055.99923192495,11.74
01-02-2025 11:54:10,56.1019298575795,1053.4915949394,11.77
01-02-2025 12:04:10,56.4018116598865,1053.32766693968,11.8
01-02-2025 12:14:10,57.0770826085421,1052.03790376718,11.83
01-02-2025 12:24:10,55.2190845247268,1051.49825682255,11.86
01-02-2025 12:34:10,55.6128106922125,1053.77409710096,11.89
01-02-2025 12:44:10,56.0923683458331,1055.23502987393,11.9
01-02-2025 12:54:10,56.4822624915207,1053.67773452098,11.92
01-02-2025 13:04:10,55.4598159092815,1052.88580034628,11.93
01-02-2025 13:14:10,55.755794094794,1054.05094784662,11.95
01-02-2025 13:24:10,56.4316496957729,1055.48373346741,11.98
01-02-2025 13:34:10,56.9199218719253,1056.25958687943,12.01
01-02-2025 13:44:10,56.3706741748425,1054.79522409949,12.03
01-02-2025 13:54:10,56.6669955047371,1053.98823990852,12.05
01-02-2025 14:04:10,57.2453582907228,1051.48929856309,12.07
01-02-2025 14:14:10,56.4138971273438,1053.59560679052,12.09
01-02-2025 14:24:10,56.1421472201587,1055.99911037553,12.1
01-02-2025 14:34:10,55.8703523818217,1053.60830392237,12.11
01-02-2025 14:44:10,57.1028494177303,1054.41388544573,12.12
01-02-2025 14:54:10,57.0149544580992,1056.92656856199,12.12
01-02-2025 15:04:10,56.6449935802403,1056.52464447449,12.12
01-02-2025 15:14:10,56.0910972422581,1057.80076479526,12.13
01-02-2025 15:24:10,56.4733277786144,1056.83472667448,12.13
01-02-2025 15:34:10,56.2872627616643,1055.88327076944,12.12
01-02-2025 15:44:10,56.7676396284551,1055.37292748545,12.13
01-02-2025 15:54:10,54.6111008647969,1051.58617993084,12.13
01-02-2025 16:04:10,56.8738840459818,1050.15018238465,12.13
01-02-2025 16:14:10,56.9740161992832,1051.44104758817,12.13
01-02-2025 16:24:10,55.0995536953505,1048.12457708608,12.13
01-02-2025 16:34:10,56.8880211713967,1050.27678014936,12.12
01-02-2025 16:44:10,57.9283484034344,1047.71282564332,12.12
01-02-2025 16:54:10,56.7080160641211,1049.01887776673,12.11
01-02-2025 17:04:10,55.3038974405319,1049.46365910807,12.11
01-02-2025 17:14:10,57.6561104810601,1052.27369427709,12.1
01-02-2025 17:24:10,56.3461000953868,1049.33429356539,12.1
01-02-2025 17:34:10,57.5700556463261,1050.07623939549,12.09
01-02-2025 17:44:10,58.0461329969036,1050.89714380165,12.09
01-02-2025 17:54:10,58.2316817158616,1051.09003390017,12.07
01-02-2025 18:04:10,57.7636014459005,1051.54991043485,12.06
01-02-2025 18:14:10,57.111824357519,1055.00217135692,12.06
01-02-2025 18:24:10,57.1137160616785,1054.8979959494,12.05
01-02-2025 18:34:10,58.8069578999982,1056.48524446026,12.04
01-02-2025 18:44:10,55.9859214612357,1048.69178928993,12.02
01-02-2025 18:54:10,56.9314788481837,1056.55884471379,12.02
01-02-2025 19:04:10,57.4970321327052,1053.35469905243,12.01
01-02-2025 19:14:10,57.0250416812526,1056.45936872149,11.99
01-02-2025 19:24:10,57.8722198903714,1056.44939979938,11.98
01-02-2025 19:34:10,59.5601396595195,1055.79674018977,11.96
01-02-2025 19:44:10,58.2429767726759,1053.36038128353,11.94
01-02-2025 19:54:10,58.7099053195026,1056.08814957459,11.92
01-02-2025 20:04:10,57.5809972015969,1057.12559917865,11.9
01-02-2025 20:14:10,58.7048337451571,1058.53820153157,11.88
01-02-2025 20:24:10,58.2373676050214,1060.2176198461,11.87
01-02-2025 20:34:10,58.9898375813627,1058.8940897761,11.86
01-02-2025 20:44:10,57.0169997178035,1062.65172851577,11.84
01-02-2025 20:54:10,58.7075341698703,1064.33049985638,11.83
01-02-2025 21:04:10,57.400153210138,1063.27453905101,11.83
01-02-2025 21:14:10,57.5896061705293,1063.54612993093,11.82
01-02-2025 21:24:10,58.1542302776587,1065.41234279652,11.81
01-02-2025 21:34:10,59.2815269810043,1064.46452948435,11.8
01-02-2025 21:44:10,58.6352605648476,1067.3344977722,11.81
01-02-2025 21:54:10,57.0508174087355,1064.10744646211,11.82
01-02-2025 22:04:10,58.5577449327405,1064.55276347835,11.82
01-02-2025 22:14:10,57.3442515649395,1064.7167033051,11.82
01-02-2025 22:24:10,57.0729853279483,1067.30583106,11.83
01-02-2025 22:34:10,58.0213567865766,1067.26837728257,11.84
01-02-2025 22:44:10,58.3130663762893,1068.16924088267,11.85
01-02-2025 22:54:10,57.1972774303857,1072.54220528927,11.86
01-02-2025 23:04:10,58.7984789303945,1072.42489259868,11.86
01-02-2025 23:14:10,58.0580075227445,1074.92172438531,11.87
01-02-2025 23:24:10,58.1620716289777,1075.16656549204,11.88
01-02-2025 23:34:10,57.13570227039,1076.26941244785,11.88
01-02-2025 23:44:10,57.2396975101441,1076.42059165783,11.89
01-02-2025 23:54:10,58.8455347194292,1078.07365834547,11.9
01-03-2025 00:04:10,59.3208305521743,1078.70747598613,11.9
01-03-2025 00:14:10,57.7311075264574,1081.2186263594,11.9
01-03-2025 00:24:10,57.4554828854443,1083.54209337224,11.9
01-03-2025 00:34:10,58.3062278934038,1083.23740346015,11.9
01-03-2025 00:44:10,58.9692414002156,1086.68733363798,11.9
01-03-2025 00:54:10,57.656905781493,1088.83551875229,11.89
01-03-2025 01:04:10,57.7567204407274,1088.43713614599,11.89
01-03-2025 01:14:10,57.4727443691432,1089.37735949667,11.87
01-03-2025 01:24:10,57.9479114514502,1090.0114121872,11.87
01-03-2025 01:34:10,57.3866308911844,1090.47002979797,11.86
01-03-2025 01:44:10,58.6039187521328,1090.00259033898,11.84
01-03-2025 01:54:10,59.0703768677182,1091.3177022367,11.82
01-03-2025 02:04:10,58.5134725465426,1093.17122108417,11.82
01-03-2025 02:14:10,58.7027579664352,1092.69165164003,11.81
01-03-2025 02:24:10,58.9858061861321,1095.02601057494,11.8
01-03-2025 02:34:10,56.6386858988272,1092.87038256267,11.78
01-03-2025 02:44:10,58.1366372668112,1097.56031400157,11.76
01-03-2025 02:54:10,58.1383430229154,1097.3621391025,11.75
01-03-2025 03:04:10,59.2607505259738,1097.8319907472,11.73
01-03-2025 03:14:10,58.1375288454335,1097.16527522801,11.72
01-03-2025 03:24:10,58.0412884451102,1099.79079339378,11.7
01-03-2025 03:34:10,58.5967820754268,1098.30408370697,11.67
01-03-2025 03:44:10,58.5941940602563,1101.30332439876,11.65
01-03-2025 03:54:10,60.0903704466622,1102.61561505626,11.63
01-03-2025 04:04:10,59.1466796854029,1102.15944117731,11.6
01-03-2025 04:14:10,58.6715682666079,1103.95067967804,11.57
01-03-2025 04:24:10,58.298725816915,1102.81663354289,11.56
01-03-2025 04:34:10,58.5770078357436,1100.85175842079,11.54
01-03-2025 04:44:10,59.8847493551004,1101.6017978591,11.52
01-03-2025 04:54:10,58.665412616874,1101.13512711727,11.5
01-03-2025 05:04:10,59.2242103055948,1100.85579781362,11.48
01-03-2025 05:14:10,59.0344177526042,1100.95083023284,11.46
01-03-2025 05:24:10,58.2834508818637,1099.92343981118,11.44
01-03-2025 05:34:10,57.4433362259023,1099.72655031685,11.43
01-03-2025 05:44:10,58.0997356258827,1098.03335768614,11.42
01-03-2025 05:54:10,58.1865191113123,1097.8602453275,11.39
01-03-2025 06:04:10,58.8384079770746,1097.86250639076,11.37
01-03-2025 06:14:10,57.2508330243706,1100.19013137648,11.36
01-03-2025 06:24:10,57.7199442859626,1098.31108938859,11.35
01-03-2025 06:34:10,57.5264038815805,1096.26921489958,11.32
01-03-2025 06:44:10,58.2672773960219,1097.40505229264,11.29
01-03-2025 06:54:10,58.1671120432623,1097.23269284541,11.26
01-03-2025 07:04:10,58.0711800722082,1094.62032659753,11.24
01-03-2025 07:14:10,58.9939789966956,1094.83431785615,11.2
01-03-2025 07:24:10,58.8003687862778,1095.78306892377,11.17
01-03-2025 07:34:10,59.6377460079099,1093.63958065235,11.15
01-03-2025 07:44:10,58.1376800403543,1091.69569113414,11.12
01-03-2025 07:54:10,57.944379035635,1090.21921774636,11.09
01-03-2025 08:04:10,58.4973323753258,1089.95601105209,11.06
01-03-2025 08:14:10,57.0067368759309,1089.94798217333,11.05
01-03-2025 08:24:10,60.0816198815446,1087.99415468987,11.03
01-03-2025 08:34:10,58.1250242075352,1086.86747953405,11.02
01-03-2025 08:44:10,57.4781546372848,1084.14318578878,11.02
01-03-2025 08:54:10,57.7637105330835,1084.86892187524,11.02
01-03-2025 09:04:10,57.5830495477335,1080.55959088709,11.02
01-03-2025 09:14:10,58.1525103751603,1079.50060152026,11.03
01-03-2025 09:24:10,58.815310131905,1077.88194598004,11.04
01-03-2025 09:34:10,57.3413788801633,1075.76976704396,11.07
01-03-2025 09:44:10,56.5158093223617,1072.92397655103,11.09
01-03-2025 09:54:10,57.186993160958,1071.08985148839,11.12
01-03-2025 10:04:10,57.4892723807704,1069.14755278176,11.16
01-03-2025 10:14:10,57.9826383567317,1067.00315058419,11.21
01-03-2025 10:24:10,56.7990462545703,1065.21642606557,11.27
01-03-2025 10:34:10,57.8574349382884,1066.1384275479,11.33
01-03-2025 10:44:10,59.0995190741489,1063.14863358256,11.38
01-03-2025 10:54:10,58.5738821019204,1060.59477806378,11.45
01-03-2025 11:04:10,57.1076167691016,1057.77235926141,11.51
01-03-2025 11:14:10,58.5425538524307,1054.85372962397,11.57
01-03-2025 11:24:10,56.8834829655446,1052.60350935173,11.62
01-03-2025 11:34:10,57.8467817680146,1049.60196820594,11.67
01-03-2025 11:44:10,56.5570478020211,1049.05095592082,11.71
01-03-2025 11:54:10,56.3916209458114,1049.81222053305,11.75
01-03-2025 12:04:10,57.8204534365791,1048.04171874324,11.79
01-03-2025 12:14:10,56.8109648472158,1046.45777448322,11.83
01-03-2025 12:24:10,57.1146609902602,1045.62361550541,11.87
01-03-2025 12:34:10,56.8512032184716,1043.67861055447,11.9
01-03-2025 12:44:10,56.0243060754428,1046.52090398649,11.93
01-03-2025 12:54:10,57.0751685137659,1044.38742796139,11.96
01-03-2025 13:04:10,55.9701874757228,1043.08216030964,12
01-03-2025 13:14:10,56.9276272630313,1043.76549408466,12.03
01-03-2025 13:24:10,56.4758233319009,1040.22012837939,12.06
01-03-2025 13:34:10,57.7158021569543,1038.92915229187,12.09
01-03-2025 13:44:10,55.6656033163756,1034.25284220097,12.12
01-03-2025 13:54:10,55.871484504338,1034.93483432314,12.15
01-03-2025 14:04:10,56.3555760128886,1031.68357693316,12.17
01-03-2025 14:14:10,55.4287447963633,1030.97127242093,12.19
01-03-2025 14:24:10,56.0110359609728,1031.08837055301,12.22
01-03-2025 14:34:10,56.4953920495131,1028.96414396371,12.24
01-03-2025 14:44:10,56.4151646031481,1028.62759429141,12.26
01-03-2025 14:54:10,56.6132240900858,1027.36709204381,12.27
01-03-2025 15:04:10,54.9286034091727,1026.76537963139,12.28
01-03-2025 15:14:10,55.6874083994084,1026.65186955485,12.28
01-03-2025 15:24:10,57.7641052611874,1026.16186352876,12.28
01-03-2025 15:34:10,56.3537233797635,1025.97191788794,12.27
01-03-2025 15:44:10,56.0811001533903,1023.86409296554,12.28
01-03-2025 15:54:10,57.3022909079266,1023.69221622247,12.26
01-03-2025 16:04:10,57.684483545337,1020.6612096623,12.26
01-03-2025 16:14:10,55.9018897046368,1022.8069051817,12.26
01-03-2025 16:24:10,56.7587786693052,1018.72247257485,12.27
01-03-2025 16:34:10,56.3879661642965,1020.11539069093,12.27
01-03-2025 16:44:10,56.3936636160954,1018.59038058507,12.27
01-03-2025 16:54:10,56.7758710247018,1018.47733856286,12.27
01-03-2025 17:04:10,56.7815629456684,1018.36434191594,12.27
01-03-2025 17:14:10,56.7831553980621,1016.29309879615,12.26
01-03-2025 17:24:10,58.2947782839837,1018.25086988069,12.26
01-03-2025 17:34:10,56.5080876845354,1017.68572272215,12.25
01-03-2025 17:44:10,54.6275598251858,1018.34410578626,12.24
01-03-2025 17:54:10,55.2018522826736,1016.80139782072,12.25
01-03-2025 18:04:10,55.2035536581776,1015.48370881957,12.24
01-03-2025 18:14:10,57.275443825289,1014.73087432435,12.23
01-03-2025 18:24:10,56.1478743591284,1017.08326164909,12.22
01-03-2025 18:34:10,55.7731566095046,1016.80096023013,12.21
01-03-2025 18:44:10,56.0610767745874,1015.18313830768,12.21
01-03-2025 18:54:10,55.8745461361401,1015.08926688194,12.2
01-03-2025 19:04:10,56.1583969849124,1017.3472419465,12.19
01-03-2025 19:14:10,55.6896918453233,1015.46612065677,12.18
01-03-2025 19:24:10,57.1063031530972,1017.7995485894,12.18
01-03-2025 19:34:10,55.6969900601733,1020.80959393063,12.17
01-03-2025 19:44:10,56.0707985277329,1020.73373631918,12.15
01-03-2025 19:54:10,57.3031209361091,1022.20237764622,12.16
01-03-2025 20:04:10,56.0780534274827,1022.40853995568,12.14
01-03-2025 20:14:10,56.3617458208243,1025.32352138109,12.13
01-03-2025 20:24:10,56.1712505489618,1023.93105772966,12.11
01-03-2025 20:34:10,55.142731302233,1026.35761826599,12.11
01-03-2025 20:44:10,55.242376301676,1029.72436335395,12.11
01-03-2025 20:54:10,57.2222968883496,1031.11686154693,12.11
01-03-2025 21:04:10,56.7537732198575,1032.99671737729,12.1
01-03-2025 21:14:10,56.951503471993,1034.93614715275,12.11
01-03-2025 21:24:10,57.0511374097713,1041.02947735325,12.11
01-03-2025 21:34:10,56.492671158707,1041.29399003585,12.11
01-03-2025 21:44:10,56.4042717303883,1039.6782697411,12.11
01-03-2025 21:54:10,57.4440365482415,1039.84885925667,12.11
01-03-2025 22:04:10,56.8814752373975,1043.79650898227,12.1
01-03-2025 22:14:10,56.8870814304625,1044.06118890163,12.1
01-03-2025 22:24:10,56.4226509310626,1044.32591419629,12.1
01-03-2025 22:34:10,54.8301362413292,1044.21465772461,12.1
01-03-2025 22:44:10,57.190011933589,1049.63380963911,12.11
01-03-2025 22:54:10,56.9135653120923,1051.21488017097,12.11
01-03-2025 23:04:10,55.8850045841208,1054.30021876025,12.11
01-03-2025 23:14:10,56.8307333610122,1052.59089292558,12.11
01-03-2025 23:24:10,56.3662506080024,1053.13794648939,12.11
01-03-2025 23:34:10,54.9576889263957,1053.88881817094,12.1
01-03-2025 23:44:10,57.0355134054839,1054.89028716634,12.11
01-03-2025 23:54:10,58.5453146265046,1060.13817273767,12.11
01-04-2025 00:04:10,57.4227233884037,1058.42907377951,12.11
01-04-2025 00:14:10,57.522310314107,1062.64289700748,12.11
01-04-2025 00:24:10,57.8099223096588,1064.50641766996,12.11
01-04-2025 00:34:10,56.7772641938556,1064.50467998222,12.1
01-04-2025 00:44:10,57.4408764035465,1063.54795232077,12.1
01-04-2025 00:54:10,57.7284587061821,1067.38561609052,12.1
01-04-2025 01:04:10,56.6059364622549,1068.68514202951,12.1
01-04-2025 01:14:10,55.757445537602,1069.73189384436,12.08
01-04-2025 01:24:10,57.2668795751293,1071.50128775941,12.08
01-04-2025 01:34:10,57.362309564294,1073.94296527946,12.07
01-04-2025 01:44:10,57.8336362244478,1074.50476423863,12.06
01-04-2025 01:54:10,56.7073800859324,1077.69772707248,12.05
01-04-2025 02:04:10,57.7466052201788,1076.27189880458,12.05
01-04-2025 02:14:10,56.8083648439971,1076.08188940872,12.04
01-04-2025 02:24:10,55.7763079331525,1075.89196599373,12.03
01-04-2025 02:34:10,57.6568483558268,1077.20532481538,12.02
01-04-2025 02:44:10,57.9442291823442,1077.75296512986,12.02
01-04-2025 02:54:10,58.1293247920087,1078.61045483461,12
01-04-2025 03:04:10,57.9386780632771,1078.05893432542,11.98
01-04-2025 03:14:10,57.6583089032258,1080.2170933309,11.97
01-04-2025 03:24:10,58.2231437395089,1079.18214280938,11.96
01-04-2025 03:34:10,57.0037923399193,1080.11930491428,11.95
01-04-2025 03:44:10,57.0011541719515,1078.44139461425,11.93
01-04-2025 03:54:10,57.2842264868326,1077.4070697911,11.92
01-04-2025 04:04:10,58.2201875050635,1079.29692986648,11.9
01-04-2025 04:14:10,57.4706698798912,1080.42161258485,11.89
01-04-2025 04:24:10,57.9330292063553,1079.32170247918,11.86
01-04-2025 04:34:10,56.8900819087508,1080.95683586137,11.82
01-04-2025 04:44:10,57.0750440290676,1083.12639622859,11.8
01-04-2025 04:54:10,57.2599490568703,1080.51263360976,11.78
01-04-2025 05:04:10,58.3866185326002,1077.88564955465,11.77
01-04-2025 05:14:10,57.7233386777252,1081.47523785208,11.74
01-04-2025 05:24:10,57.0603595706918,1079.81442775417,11.71
01-04-2025 05:34:10,57.2492196865307,1078.87608572203,11.7
01-04-2025 05:44:10,57.5235584831268,1079.55904579802,11.67
01-04-2025 05:54:10,57.0523990805004,1077.97936875199,11.65
01-04-2025 06:04:10,57.9906085176291,1078.07225929582,11.64
01-04-2025 06:14:10,57.140749184834,1078.00604829187,11.61
01-04-2025 06:24:10,56.6779267363632,1077.42932763958,11.61
01-04-2025 06:34:10,58.3650878381702,1076.21128781277,11.6
01-04-2025 06:44:10,57.5276890557265,1074.88549506953,11.6
01-04-2025 06:54:10,57.716342604721,1074.13607053849,11.59
01-04-2025 07:04:10,57.9986030976612,1075.63411407139,11.58
01-04-2025 07:14:10,57.4422355871731,1074.58958194404,11.58
01-04-2025 07:24:10,57.5454242435761,1073.15604225394,11.59
01-04-2025 07:34:10,57.3595036169277,1075.12250088029,11.58
01-04-2025 07:44:10,57.5522269716307,1073.7971926933,11.58
01-04-2025 07:54:10,58.0258597464574,1073.0337542527,11.58
01-04-2025 08:04:10,56.3498348411381,1072.81763266718,11.59
01-04-2025 08:14:10,55.9846746938012,1071.00943546659,11.6
01-04-2025 08:24:10,57.4885369774286,1072.39999139184,11.6
01-04-2025 08:34:10,58.3368356539746,1070.23183383764,11.6
01-04-2025 08:44:10,56.7501912960622,1068.43832785397,11.6
01-04-2025 08:54:10,56.4826933903232,1068.58173924988,11.62
01-04-2025 09:04:10,56.6754512447729,1066.41337803177,11.62
01-04-2025 09:14:10,56.6889332065249,1064.58928234408,11.64
01-04-2025 09:24:10,56.698384173658,1060.25047732386,11.65
01-04-2025 09:34:10,57.648875463017,1064.79676055461,11.67
01-04-2025 09:44:10,55.5070452106519,1065.59582861924,11.69
01-04-2025 09:54:10,55.7975659288812,1063.69232872133,11.7
01-04-2025 10:04:10,57.4044235544247,1062.80420143335,11.72
01-04-2025 10:14:10,56.3867422204295,1061.35332210785,11.74
01-04-2025 10:24:10,58.2796122620129,1059.13621298908,11.77
01-04-2025 10:34:10,56.6132161603182,1058.87204258638,11.81
01-04-2025 10:44:10,57.7606695132065,1056.07433062635,11.85
01-04-2025 10:54:10,56.1949433692945,1052.7732180344,11.91
01-04-2025 11:04:10,55.9306503269784,1053.55587847584,11.94
01-04-2025 11:14:10,55.8620046992389,1049.98596976536,11.99
01-04-2025 11:24:10,55.2255903925846,1047.65150380703,12.03
01-04-2025 11:34:10,56.2765151312597,1044.95652377315,12.06
01-04-2025 11:44:10,55.3578566280084,1046.00353559468,12.1
01-04-2025 11:54:10,57.5376970724353,1044.34107050448,12.13
01-04-2025 12:14:10,55.2119976041837,1043.30219892236,12.18
01-04-2025 12:24:10,55.4173263555316,1044.17841708981,12.21
01-04-2025 12:34:10,55.7128839858573,1043.84863940415,12.23
01-04-2025 12:44:10,55.3457916158094,1048.42934757657,12.24
01-04-2025 12:54:10,58.0926908966395,1046.8598451958,12.27
01-04-2025 13:04:10,55.6586445668212,1049.07223435102,12.29
01-04-2025 13:14:10,58.2141638961461,1046.67163410028,12.31
01-04-2025 13:24:10,56.9094405360175,1045.9654047613,12.33
01-04-2025 13:34:10,55.8908529557825,1046.18397846611,12.36
01-04-2025 13:44:10,55.4370798647443,1042.53988393089,12.39
01-04-2025 13:54:10,55.9254500607154,1041.1557884356,12.42
01-04-2025 14:04:10,56.6025520561902,1036.09504441573,12.45
01-04-2025 14:14:10,56.4314507852664,1034.61458437952,12.48
01-04-2025 14:24:10,54.2722436796592,1032.1321114967,12.49
01-04-2025 14:34:10,55.9866941427264,1030.17878870913,12.52
01-04-2025 14:44:10,55.1511170762194,1030.41227138638,12.54
01-04-2025 14:54:10,56.6696379627974,1029.43768633758,12.55
01-04-2025 15:04:10,55.7396224906042,1027.21823449033,12.57
01-04-2025 15:14:10,56.2286920202092,1027.9048694236,12.6
01-04-2025 15:24:10,56.7098858561369,1025.51414985996,12.61
01-04-2025 15:34:10,55.7754628909018,1026.04885126449,12.62
01-04-2025 15:44:10,56.2566883565323,1022.71382920157,12.63
01-04-2025 15:54:10,56.0732316000407,1022.70087366632,12.63
01-04-2025 16:04:10,57.21118014414,1024.57568931495,12.63
01-04-2025 16:14:10,55.1399920482347,1021.73123581743,12.63
01-04-2025 16:24:10,54.3902092529202,1022.66227931237,12.63
01-04-2025 16:34:10,56.7551712763489,1023.49898189218,12.63
01-04-2025 16:44:10,56.2885418214893,1024.9964338803,12.63
01-04-2025 16:54:10,54.59100585674,1024.24734817039,12.62
01-04-2025 17:04:10,56.1927405218661,1023.70591071731,12.6
01-04-2025 17:14:10,56.1036694956835,1021.23985683996,12.6
01-04-2025 17:24:10,55.5388200170743,1022.66162522437,12.59
01-04-2025 17:34:10,55.3475195430705,1021.5546860147,12.57
01-04-2025 17:44:10,57.0469169152631,1021.93853171562,12.56
01-04-2025 17:54:10,56.576490959329,1023.45432255125,12.55
01-04-2025 18:04:10,57.3323158520226,1023.27215113888,12.54
01-04-2025 18:14:10,56.4846780555702,1019.60043061773,12.53
01-04-2025 18:24:10,57.1460836930107,1023.00237235306,12.52
01-04-2025 18:34:10,56.7700856382811,1023.48055118766,12.51
01-04-2025 18:44:10,57.431364973642,1022.63861423401,12.5
01-04-2025 18:54:10,55.8296838015168,1024.24829269348,12.49
01-04-2025 19:04:10,55.0767515414563,1023.59509835813,12.48
01-04-2025 19:14:10,55.7340443036889,1026.92000932555,12.46
01-04-2025 19:24:10,56.2066293699147,1025.1357981682,12.45
01-04-2025 19:34:10,57.0561401397434,1026.83916224772,12.44
01-04-2025 19:44:10,55.4552089656438,1025.80928622039,12.43
01-04-2025 19:54:10,57.6239415038835,1029.02022470894,12.42
01-04-2025 20:04:10,55.2654604415033,1030.92980253122,12.4
01-04-2025 20:14:10,54.6976264767378,1033.02728392963,12.38
01-04-2025 20:24:10,56.4887882308216,1033.03384854298,12.37
01-04-2025 20:34:10,56.3918221206797,1033.05858737402,12.35
01-04-2025 20:44:10,56.4872345351015,1034.19540937118,12.34
01-04-2025 20:54:10,56.1077961876576,1034.03177288732,12.32
01-04-2025 21:04:10,55.6382641539576,1036.39242225223,12.31
01-04-2025 21:14:10,56.5810460352456,1034.70433652317,12.3
01-04-2025 21:24:10,58.1826800741579,1038.28854430632,12.29
01-04-2025 21:34:10,56.395196874489,1039.33061155715,12.28
01-04-2025 21:44:10,56.4865431146782,1038.60187092843,12.26
01-04-2025 21:54:10,56.8682435080093,1039.90850859728,12.26
01-04-2025 22:04:10,55.7400586774156,1041.42095873701,12.25
01-04-2025 22:14:10,56.1217249459816,1043.57461916871,12.25
01-04-2025 22:24:10,56.5975023316349,1042.7166807356,12.25
01-04-2025 22:34:10,56.8850491868651,1045.34100133043,12.25
01-04-2025 22:44:10,55.6667711566227,1047.68302565305,12.25
01-04-2025 22:54:10,57.079633644123,1047.31290058106,12.24
01-04-2025 23:04:10,55.6732295290025,1047.96092288483,12.24
01-04-2025 23:14:10,56.0588174210499,1046.14500756488,12.25
01-04-2025 23:24:10,55.7777217908022,1047.28086218105,12.24
01-04-2025 23:34:10,57.9473653134651,1051.22275633944,12.24
01-04-2025 23:44:10,55.9763097260432,1058.74075180716,12.24
01-04-2025 23:54:10,58.5223746582982,1053.08384973533,12.24
01-05-2025 00:04:10,56.9277404804684,1056.17891940367,12.24
01-05-2025 00:14:10,57.6816842244702,1056.56139403927,12.23
01-05-2025 00:24:10,56.4595701766063,1059.10799487868,12.22
01-05-2025 00:34:10,56.8451347361894,1057.5758255048,12.23
01-05-2025 00:44:10,59.4808696508038,1062.75704120767,12.22
01-05-2025 00:54:10,57.8782637501657,1061.55582527417,12.2
01-05-2025 01:04:10,57.9775056330118,1059.28779776169,12.2
01-05-2025 01:14:10,57.2219429613503,1064.29563550638,12.18
01-05-2025 01:24:10,57.5052230892722,1063.45498261659,12.17
01-05-2025 01:34:10,57.1301110690745,1067.78724318752,12.16
01-05-2025 01:44:10,56.9350894955866,1068.48244104619,12.13
01-05-2025 01:54:10,57.5943629570252,1069.05229230391,12.12
01-05-2025 02:04:10,57.0273237623727,1070.95372690965,12.1
01-05-2025 02:14:10,57.7722658432073,1073.43384225747,12.07
01-05-2025 02:24:10,57.3933549351697,1072.89078991286,12.05
01-05-2025 02:34:10,57.4843421927728,1071.69027498087,12.03
01-05-2025 02:44:10,56.917702143205,1073.21453172884,12.01
01-05-2025 02:54:10,57.0087315075131,1071.3569747966,11.99
01-05-2025 03:04:10,57.9449595506478,1074.38358853574,11.97
01-05-2025 03:14:10,57.6561337460935,1073.10523885436,11.94
01-05-2025 03:24:10,57.2776067556981,1075.66119661698,11.92
01-05-2025 03:34:10,56.7114645084785,1073.89869001444,11.9
01-05-2025 03:44:10,57.1778442076928,1071.6675376179,11.88
01-05-2025 03:54:10,57.3625736162928,1070.93850703746,11.86
01-05-2025 04:04:10,58.106077738237,1074.16549969742,11.83
01-05-2025 04:14:10,56.6959875041584,1073.62411616878,11.81
01-05-2025 04:24:10,58.2874820493821,1075.61519557791,11.79
01-05-2025 04:34:10,56.3111972581198,1074.80776401523,11.76
01-05-2025 04:44:10,56.4021340308413,1074.36054030229,11.74
01-05-2025 04:54:10,57.3366711110765,1077.94419508535,11.72
01-05-2025 05:04:10,57.0525332824833,1075.15371484552,11.7
01-05-2025 05:14:10,57.8929786529316,1074.14460570659,11.68
01-05-2025 05:24:10,57.8939960774291,1077.05599133662,11.67
01-05-2025 05:34:10,58.0742253682888,1075.31263172393,11.64
01-05-2025 05:44:10,57.134483012257,1076.45848077724,11.62
01-05-2025 05:54:10,56.007720421694,1077.04214527022,11.6
01-05-2025 06:04:10,56.6604076876531,1075.47204439551,11.58
01-05-2025 06:14:10,58.2491289295353,1075.58770760564,11.56
01-05-2025 06:24:10,57.224348458586,1078.94989961601,11.56
01-05-2025 06:34:10,58.2510866312066,1077.56740372217,11.54
01-05-2025 06:44:10,56.2864196357483,1077.66789560294,11.53
01-05-2025 06:54:10,57.7810034549996,1077.03474564601,11.51
01-05-2025 07:04:10,57.4972332128807,1077.89903824941,11.49
01-05-2025 07:14:10,58.6210604568628,1079.87098873752,11.48
01-05-2025 07:24:10,57.8694619718935,1079.51860998432,11.46
01-05-2025 07:34:10,56.4672744573573,1078.02893115208,11.45
01-05-2025 07:44:10,56.936065419097,1077.75553524378,11.44
01-05-2025 07:54:10,57.0306580930395,1074.86336030927,11.43
01-05-2025 08:04:10,58.9063332554322,1078.69044763547,11.43
01-05-2025 08:14:10,58.8095880501909,1077.31001406039,11.41
01-05-2025 08:24:10,57.5013588465979,1079.09421271726,11.4
01-05-2025 08:34:10,57.408866002663,1083.02877287731,11.39
01-05-2025 08:44:10,57.1333930737,1079.84217633114,11.39
01-05-2025 08:54:10,57.5084110507428,1079.10168871042,11.38
01-05-2025 09:04:10,57.5174704071783,1075.99370438136,11.39
01-05-2025 09:14:10,57.5265276061812,1074.94250786316,11.4
01-05-2025 09:24:10,56.8809618150301,1072.39490886339,11.41
01-05-2025 09:34:10,56.9874780601172,1072.9177824168,11.43
01-05-2025 09:44:10,57.1875676880422,1071.00865017343,11.45
01-05-2025 09:54:10,58.1402667105804,1069.36387452804,11.48
01-05-2025 10:04:10,57.0304655384439,1066.79845095192,11.5
01-05-2025 10:14:10,57.8003266667528,1064.57435985115,11.54
01-05-2025 10:24:10,57.1660864710781,1061.50618081067,11.58
01-05-2025 10:34:10,56.2504598322178,1059.5601279931,11.62
01-05-2025 10:44:10,57.4035913168699,1059.07879959423,11.68
01-05-2025 10:54:10,56.491288499008,1058.6136508098,11.73
01-05-2025 11:04:10,56.4262542503107,1057.28735593265,11.79
01-05-2025 11:14:10,57.2015992250235,1057.29020322612,11.84
01-05-2025 11:24:10,56.0964487666636,1050.45875863347,11.88
01-05-2025 11:34:10,56.0272134557613,1050.74064404072,11.93
01-05-2025 11:44:10,56.987052820628,1050.2886963919,11.97
01-05-2025 11:54:10,56.5343622441202,1051.63862973814,12
01-05-2025 12:04:10,57.5847709302486,1051.67378661226,12.03
01-05-2025 12:14:10,57.1360132930921,1048.4022086205,12.07
01-05-2025 12:24:10,57.5250154254895,1047.89017998038,12.09
01-05-2025 12:34:10,56.2258255358563,1049.33484076791,12.12
01-05-2025 12:44:10,56.8969341600699,1049.29296731628,12.14
01-05-2025 12:54:10,57.5641952132865,1053.31241705455,12.15
01-05-2025 13:04:10,56.8208101098753,1055.16936839133,12.16
01-05-2025 13:14:10,56.7317223659865,1052.90536731045,12.16
01-05-2025 13:24:10,57.7793514767117,1054.55727505849,12.18
01-05-2025 13:34:10,57.3180158902557,1053.68678079431,12.19
01-05-2025 13:44:10,55.8295764002832,1053.53439994762,12.22
01-05-2025 13:54:10,56.7794386618447,1052.47541537191,12.23
01-05-2025 14:04:10,57.5452736356867,1048.76372676475,12.25
01-05-2025 14:14:10,57.9307490597185,1046.85710678964,12.26
01-05-2025 14:24:10,55.8728653943201,1046.25022883011,12.28
01-05-2025 14:34:10,55.5992968278359,1049.14430747763,12.29
01-05-2025 14:44:10,56.8320773470222,1045.35423382517,12.3
01-05-2025 14:54:10,56.7468466392513,1045.61235821143,12.31
01-05-2025 15:04:10,56.7557634074481,1047.47134093524,12.32
01-05-2025 15:14:10,56.9530202175515,1045.7521364196,12.33
01-05-2025 15:24:10,56.5852339490118,1044.50359390026,12.34
01-05-2025 15:34:10,55.840646592174,1041.55955611516,12.35
01-05-2025 15:44:10,57.6350898705107,1042.1184026196,12.35
01-05-2025 15:54:10,55.4815185515823,1041.228018196,12.37
01-05-2025 16:04:10,55.5845289999148,1038.09474216094,12.38
01-05-2025 16:14:10,55.7778548686502,1038.18279771011,12.38
01-05-2025 16:24:10,56.3519593288867,1034.67226635131,12.39
01-05-2025 16:34:10,56.4471190025683,1035.90966559765,12.38
01-05-2025 16:44:10,56.1733415286436,1032.68168094188,12.39
01-05-2025 16:54:10,55.6090617137776,1032.31781842049,12.38
01-05-2025 17:04:10,56.7444427310848,1031.18141117782,12.38
01-05-2025 17:14:10,55.3362347487137,1030.04504931045,12.38
01-05-2025 17:24:10,56.8444488522588,1029.96417705938,12.37
01-05-2025 17:34:10,56.1899406502998,1028.07440115426,12.37
01-05-2025 17:44:10,55.5315415623671,1028.18218090411,12.36
01-05-2025 17:54:10,57.043507191258,1025.63329808976,12.36
01-05-2025 18:04:10,55.8199763550412,1028.28437235422,12.35
01-05-2025 18:14:10,56.2918381201166,1027.07379390474,12.34
01-05-2025 18:24:10,55.3471881851996,1028.23706852144,12.32
01-05-2025 18:34:10,57.1331634977834,1030.24740863953,12.3
01-05-2025 18:44:10,56.2867461594659,1028.37833351386,12.29
01-05-2025 18:54:10,56.1935380453653,1028.29817251545,12.28
01-05-2025 19:04:10,56.1905379833194,1029.08452267366,12.26
01-05-2025 19:14:10,57.1326074387135,1029.38090630372,12.25
01-05-2025 19:24:10,56.5609065038809,1030.28035376467,12.22
01-05-2025 19:34:10,55.6170665975562,1030.50179287533,12.2
01-05-2025 19:44:10,55.4260229744209,1031.28762037756,12.18
01-05-2025 19:54:10,56.2617165250315,1032.95774841845,12.14
01-05-2025 20:04:10,56.9208306472289,1035.41655808378,12.13
01-05-2025 20:14:10,55.5976402025986,1034.2460728977,12.1
01-05-2025 20:24:10,56.1626017259831,1034.91817663097,12.09
01-05-2025 20:34:10,57.0954617597922,1037.31949244529,12.06
01-05-2025 20:44:10,55.6828575181416,1039.04353973839,12.04
01-05-2025 20:54:10,57.187119466243,1039.5272571659,12.03
01-05-2025 21:04:10,56.4324181473469,1040.31128929764,12.01
01-05-2025 21:14:10,56.1515025491301,1040.32524761416,12
01-05-2025 21:24:10,57.0916967347319,1042.31175919434,11.99
01-05-2025 21:34:10,55.7776355698099,1041.01078367063,11.98
01-05-2025 21:44:10,56.6237973452606,1040.2735492775,11.97
01-05-2025 21:54:10,56.061223119646,1042.16588291087,11.96
01-05-2025 22:04:10,57.1889308915326,1045.84208741076,11.95
01-05-2025 22:14:10,56.1569309441171,1047.92161588142,11.94
01-05-2025 22:24:10,56.1656539137629,1044.80081179294,11.95
01-05-2025 22:34:10,56.5421189524846,1047.16220195893,11.94
01-05-2025 22:44:10,55.8896734569597,1046.87645587748,11.94
01-05-2025 22:54:10,57.2089743497156,1049.5953253103,11.94
01-05-2025 23:04:10,56.9320945907292,1052.03256166789,11.94
01-05-2025 23:14:10,55.4307497347942,1051.9524122578,11.93
01-05-2025 23:24:10,57.1254855491773,1055.79784706421,11.93
01-05-2025 23:34:10,56.9464740728572,1058.03004355668,11.94
01-05-2025 23:44:10,56.7595207624199,1057.66793921804,11.93
01-05-2025 23:54:10,56.0132200030258,1061.51351015034,11.93
01-06-2025 00:04:10,56.3935449139979,1064.79581224006,11.93
01-06-2025 00:14:10,55.5494906796473,1063.87011465782,11.92
01-06-2025 00:24:10,57.0523492477779,1067.07496142688,11.91
01-06-2025 00:34:10,58.3672493596978,1070.7487035626,11.9
01-06-2025 00:44:10,55.5522288750528,1070.10451435488,11.89
01-06-2025 00:54:10,57.2424399428679,1070.58668358723,11.88
01-06-2025 01:04:10,57.802247170414,1074.18171651506,11.86
01-06-2025 01:14:10,56.5792707270408,1074.58579472738,11.84
01-06-2025 01:24:10,57.1429833309742,1076.85011091423,11.83
01-06-2025 01:34:10,56.580918281883,1077.70703053275,11.82
01-06-2025 01:44:10,57.7073438526288,1078.09487740668,11.81
01-06-2025 01:54:10,56.8639371200783,1080.17100443852,11.8
01-06-2025 02:04:10,55.8292082105656,1081.2307830384,11.78
01-06-2025 02:14:10,57.6077391196797,1081.0713695925,11.76
01-06-2025 02:24:10,57.1357126079868,1082.78709211964,11.74
01-06-2025 02:34:10,56.3826179111218,1083.1900565102,11.72
01-06-2025 02:44:10,56.9458187929776,1084.60860145845,11.71
01-06-2025 02:54:10,56.6614971285222,1085.38619894317,11.69
01-06-2025 03:04:10,57.2205702108665,1087.10064531998,11.67
01-06-2025 03:14:10,57.6857859316322,1085.25454194737,11.65
01-06-2025 03:24:10,58.1549032580457,1085.45459896057,11.64
01-06-2025 03:34:10,56.4694735014333,1085.46733930088,11.63
01-06-2025 03:44:10,56.9346573902745,1087.18127375883,11.61
01-06-2025 03:54:10,57.025121437212,1086.46000680279,11.59
01-06-2025 04:04:10,56.5616148089693,1084.67839456916,11.59
01-06-2025 04:14:10,56.5584878469349,1087.42206880095,11.57
01-06-2025 04:24:10,56.555360488655,1087.16926935775,11.55
01-06-2025 04:34:10,58.2411138448443,1085.96532877443,11.54
01-06-2025 04:44:10,57.3953753334848,1088.14641469636,11.52
01-06-2025 04:54:10,56.7409822633389,1086.84921048114,11.51
01-06-2025 05:04:10,57.5839791518009,1087.61103950614,11.5
01-06-2025 05:14:10,56.6489452900642,1088.37281267543,11.49
01-06-2025 05:24:10,57.5813929413715,1089.14958857894,11.47
01-06-2025 05:34:10,57.1103751666453,1087.21338344863,11.45
01-06-2025 05:44:10,57.2942179062995,1088.73849698223,11.43
01-06-2025 05:54:10,56.0791197862561,1087.62955376428,11.42
01-06-2025 06:04:10,56.2669619386333,1087.45600977283,11.41
01-06-2025 06:14:10,56.4547736821442,1085.8798981356,11.4
01-06-2025 06:24:10,58.2321085520564,1086.92217176057,11.39
01-06-2025 06:34:10,56.826376959744,1088.16650941269,11.37
01-06-2025 06:44:10,58.1358678470979,1088.55412616192,11.36
01-06-2025 06:54:10,56.6330853842636,1087.75699196496,11.33
01-06-2025 07:04:10,57.007654533955,1087.49047854695,11.32
01-06-2025 07:14:10,57.7519567592061,1087.23932415224,11.3
01-06-2025 07:24:10,55.5998394688378,1085.21323220656,11.28
01-06-2025 07:34:10,57.0019439961228,1087.09582957234,11.27
01-06-2025 07:44:10,55.9751356145235,1085.0549186504,11.26
01-06-2025 07:54:10,55.5984815093867,1084.52433143906,11.24
01-06-2025 08:04:10,55.7860824493873,1085.65947480329,11.23
01-06-2025 08:14:10,56.5339532059029,1085.76728942103,11.22
01-06-2025 08:24:10,56.9082038959572,1083.54073902902,11.21
01-06-2025 08:34:10,57.1929739264186,1085.7808967763,11.21
01-06-2025 08:44:10,56.4544930349404,1086.88524664193,11.22
01-06-2025 08:54:10,56.3657452075061,1082.58882182842,11.22
01-06-2025 09:04:10,56.8412149009786,1082.7591801992,11.23
01-06-2025 09:14:10,57.223355368271,1081.90222386118,11.24
01-06-2025 09:24:10,57.3292936610316,1077.01266313121,11.26
01-06-2025 09:34:10,56.7812805208954,1079.40884225839,11.28
01-06-2025 09:44:10,56.7937360826726,1076.01250057893,11.3
01-06-2025 09:54:10,57.0904927441507,1076.80441276577,11.33
01-06-2025 10:04:10,58.3181651462406,1074.43464917387,11.35
01-06-2025 10:14:10,56.1883441798793,1070.25454878692,11.39
01-06-2025 10:24:10,57.420393974479,1072.26152125851,11.42
01-06-2025 10:34:10,56.1350094198439,1067.68743794286,11.47
01-06-2025 10:44:10,55.4999882530507,1068.18087291448,11.51
01-06-2025 10:54:10,57.4898056435737,1067.44064798352,11.56
01-06-2025 11:04:10,56.3942797647173,1070.05479499809,11.62
01-06-2025 11:14:10,56.4183540096964,1065.9413653665,11.67
01-06-2025 11:24:10,56.723649904601,1066.4178904323,11.72
01-06-2025 11:34:10,56.36887092594,1067.09931419804,11.76
01-06-2025 11:44:10,56.2014582140823,1064.59216654707,11.8
01-06-2025 11:54:10,55.4710081931542,1065.5548929955,11.84
01-06-2025 12:04:10,55.201742247569,1065.14484463971,11.86
01-06-2025 12:14:10,57.0049848746457,1063.47996547454,11.9
01-06-2025 12:24:10,56.0825462925402,1066.15028386488,11.93
01-06-2025 12:34:10,55.8131758859306,1065.92787583441,11.95
01-06-2025 12:44:10,54.8863205118336,1067.77152901016,11.97
01-06-2025 12:54:10,55.7438196068945,1067.36147651197,11.99
01-06-2025 13:04:10,56.5076319407888,1065.44823432804,12.01
01-06-2025 13:14:10,55.5804477606779,1066.82291997464,12.03
01-06-2025 13:24:10,55.8746030066485,1065.94273217459,12.05
01-06-2025 13:34:10,55.9847435898512,1062.03723448788,12.08
01-06-2025 13:44:10,56.1889433880411,1063.01868532256,12.11
01-06-2025 13:54:10,55.1745830718676,1060.59765417128,12.15
01-06-2025 14:04:10,56.4094939886267,1058.02273744379,12.17
01-06-2025 14:14:10,56.5159235801811,1057.14033390429,12.19
01-06-2025 14:24:10,55.2072874650727,1056.84016701114,12.2
01-06-2025 14:34:10,55.7801551618024,1055.88138852789,12.21
01-06-2025 14:44:10,55.8826441842506,1053.32292397823,12.22
01-06-2025 14:54:10,54.7580708384445,1055.01672210903,12.22
01-06-2025 15:04:10,54.6722842861213,1053.49316238039,12.23
01-06-2025 15:14:10,56.5627226870974,1053.19278985377,12.24
01-06-2025 15:24:10,55.6223383009925,1053.87004161479,12.23
01-06-2025 15:34:10,55.1601742566026,1052.25227983991,12.24
01-06-2025 15:44:10,55.1646964065267,1049.14710431296,12.24
01-06-2025 15:54:10,54.8906837063489,1047.6230440814,12.25
01-06-2025 16:04:10,54.7031987345958,1045.94830490835,12.24
01-06-2025 16:14:10,55.5585113566408,1043.95350870858,12.25
01-06-2025 16:24:10,55.5630224449003,1043.57757426392,12.25
01-06-2025 16:34:10,55.7557585327505,1042.91934354706,12.25
01-06-2025 16:44:10,54.3485558526247,1041.97881655798,12.25
01-06-2025 16:54:10,55.2000835871673,1041.79124600424,12.25
01-06-2025 17:04:10,54.8281280837479,1037.93327940816,12.25
01-06-2025 17:14:10,55.2052713121157,1039.45927306954,12.24
01-06-2025 17:24:10,55.3941560012256,1040.04409886266,12.23
01-06-2025 17:34:10,54.4576518436297,1037.97476091536,12.23
01-06-2025 17:44:10,55.0229442259895,1039.12432205912,12.22
01-06-2025 17:54:10,57.0935134736901,1039.70925664232,12.21
01-06-2025 18:04:10,56.4336255271549,1036.24880149082,12.2
01-06-2025 18:14:10,55.7737348152035,1038.92304621198,12.18
01-06-2025 18:24:10,55.4921941630267,1036.68630310193,12.17
01-06-2025 18:34:10,55.6847827682858,1038.94483282392,12.17
01-06-2025 18:44:10,57.2802962357029,1038.98507178609,12.15
01-06-2025 18:54:10,56.3365630163999,1039.96565468006,12.13
01-06-2025 19:04:10,56.6192047696556,1041.67881168328,12.12
01-06-2025 19:14:10,55.2095510302795,1039.44318403936,12.11
01-06-2025 19:24:10,55.9584072026873,1039.29561249106,12.09
01-06-2025 19:34:10,55.3950532410314,1042.79434526243,12.08
01-06-2025 19:44:10,55.5836658086851,1044.41289925936,12.07
01-06-2025 19:54:10,55.4826735098217,1043.15640288539,12.04
01-06-2025 20:04:10,55.8591325053228,1048.2509776892,12.03
01-06-2025 20:14:10,56.1338481184956,1050.28189598241,12
01-06-2025 20:24:10,56.5062458731265,1049.38187293015,11.98
01-06-2025 20:34:10,55.751644750431,1050.73596624311,11.96
01-06-2025 20:44:10,54.7155924671304,1052.18361636782,11.94
01-06-2025 20:54:10,56.6878725332472,1051.07752647442,11.93
01-06-2025 21:04:10,55.2802224190299,1051.94311447003,11.92
01-06-2025 21:14:10,55.1869841810947,1055.06154671128,11.91
01-06-2025 21:24:10,55.9346910181719,1057.54069905586,11.89
01-06-2025 21:34:10,55.0005437953801,1052.19301967579,11.89
01-06-2025 21:44:10,56.0296912297097,1054.015464076,11.87
01-06-2025 21:54:10,55.7487516250259,1059.94788366051,11.86
01-06-2025 22:04:10,55.7493389623186,1056.59041051755,11.85
01-06-2025 22:14:10,57.0673568933136,1058.84469673117,11.85
01-06-2025 22:24:10,55.9496663933522,1057.51531082316,11.86
01-06-2025 22:34:10,55.9579196807319,1060.78406343679,11.87
01-06-2025 22:44:10,55.0238952587368,1059.66046311433,11.87
01-06-2025 22:54:10,56.3421010899811,1054.9708725543,11.87
01-06-2025 23:04:10,56.2565249432051,1058.70903771205,11.88
01-06-2025 23:14:10,55.9870641511714,1059.80170590371,11.9
01-06-2025 23:24:10,55.6198200276711,1061.47596825166,11.91
01-06-2025 23:34:10,56.0974241397773,1061.46070040778,11.92
01-06-2025 23:44:10,56.2973100243467,1065.08928581116,11.94
01-06-2025 23:54:10,56.5911594525266,1063.74191370458,11.96
01-07-2025 00:04:10,56.9750930427293,1066.45040014461,11.97
01-07-2025 00:14:10,56.235891761132,1067.54510589751,11.99
01-07-2025 00:24:10,57.5632003946402,1068.73410229138,12.01
01-07-2025 00:34:10,57.4775934394397,1070.2227244637,12.02
01-07-2025 00:44:10,56.6403149522057,1072.46325818842,12.03
01-07-2025 00:54:10,56.6485821895721,1073.57659420943,12.04
01-07-2025 01:04:10,55.9050781284219,1072.24688010696,12.05
01-07-2025 01:14:10,57.3190097574695,1075.53893874358,12.05
01-07-2025 01:24:10,56.101746686456,1073.56865888621,12.05
01-07-2025 01:34:10,57.0497439569489,1077.68968953253,12.06
01-07-2025 01:44:10,56.6781871125516,1077.8808437846,12.06
01-07-2025 01:54:10,56.5885623047512,1078.91784781802,12.06
01-07-2025 02:04:10,57.4387174049119,1079.39102762271,12.06
01-07-2025 02:14:10,56.8752831083271,1077.53169788574,12.05
01-07-2025 02:24:10,57.4434551147541,1079.3205359011,12.05
01-07-2025 02:34:10,56.5981665972375,1084.32083847138,12.04
01-07-2025 02:44:10,56.0310280988275,1082.19628565346,12.02
01-07-2025 02:54:10,58.2821258005277,1087.21155169654,12
01-07-2025 03:04:10,55.5547115658703,1087.5293080015,11.98
01-07-2025 03:14:10,56.9639471519517,1084.63780854634,11.97
01-07-2025 03:24:10,57.8055468964337,1086.08282435505,11.95
01-07-2025 03:34:10,57.8918213472372,1087.73142003855,11.92
01-07-2025 03:44:10,57.4188580412741,1086.82896800353,11.9
01-07-2025 03:54:10,57.3174996643114,1088.10156987478,11.87
01-07-2025 04:04:10,56.0941691648419,1088.23167794369,11.85
01-07-2025 04:14:10,56.7475001453712,1088.92470934903,11.83
01-07-2025 04:24:10,58.0572347909146,1087.83539792555,11.81
01-07-2025 04:34:10,55.4275501409793,1088.1532846266,11.79
01-07-2025 04:44:10,56.5456669495412,1090.08130046582,11.76
01-07-2025 04:54:10,56.3585813615253,1087.66390040965,11.75
01-07-2025 05:04:10,57.4761462899651,1088.37303352687,11.72
01-07-2025 05:14:10,57.4725607310073,1090.00304333111,11.7
01-07-2025 05:24:10,56.8091271810298,1088.74382652142,11.67
01-07-2025 05:34:10,55.7788958331271,1091.20054036093,11.66
01-07-2025 05:44:10,56.618682945602,1090.67497146273,11.64
01-07-2025 05:54:10,58.1138746246674,1087.99532530331,11.62
01-07-2025 06:04:10,56.5181117164179,1088.78167162139,11.6
01-07-2025 06:14:10,56.6980629685058,1091.0820477196,11.57
01-07-2025 06:24:10,57.1665813614639,1092.88170425587,11.56
01-07-2025 06:34:10,58.4735625726267,1091.51417188904,11.54
01-07-2025 06:44:10,56.0363490412275,1089.5855580597,11.52
01-07-2025 06:54:10,56.5047347735385,1091.94637098463,11.51
01-07-2025 07:04:10,56.7820063951714,1091.8897467724,11.49
01-07-2025 07:14:10,57.6205505611095,1089.30710490436,11.47
01-07-2025 07:24:10,58.3652945378506,1087.56722758153,11.45
01-07-2025 07:34:10,56.5883269107322,1088.80474751655,11.44
01-07-2025 07:44:10,56.6822529949995,1088.17151333729,11.43
01-07-2025 07:54:10,57.4308330182037,1088.38015391378,11.42
01-07-2025 08:04:10,57.244125311374,1086.53144353446,11.41
01-07-2025 08:14:10,57.053548745827,1084.51260949707,11.39
01-07-2025 08:24:10,57.1551994727569,1086.74577777141,11.4
01-07-2025 08:34:10,56.4113606774981,1084.78758963859,11.4
01-07-2025 08:44:10,56.8792709769674,1084.43570601828,11.39
01-07-2025 08:54:10,57.0744095004108,1082.835063799,11.4
01-07-2025 09:04:10,55.8668151449122,1080.76662408799,11.41
01-07-2025 09:14:10,56.9036187798378,1081.41010783415,11.42
01-07-2025 09:24:10,54.760508634257,1080.27662291357,11.43
01-07-2025 09:34:10,57.1108144847088,1078.65824083527,11.45
01-07-2025 09:44:10,57.9648720843425,1075.72955059893,11.47
01-07-2025 09:54:10,57.6962985350871,1074.11002369324,11.49
01-07-2025 10:04:10,56.1212335531959,1071.44291535949,11.52
01-07-2025 10:14:10,56.0433086975914,1069.80437625187,11.55
01-07-2025 10:24:10,58.3142613613651,1067.84830890785,11.6
01-07-2025 10:34:10,56.5545260457436,1069.09394870085,11.64
01-07-2025 10:44:10,55.7346014993124,1067.13622901674,11.69
01-07-2025 10:54:10,55.1953029080138,1064.23949074332,11.74
01-07-2025 11:04:10,56.8165563441515,1062.44756051868,11.8
01-07-2025 11:14:10,55.8080618192106,1061.1416567403,11.85
01-07-2025 11:24:10,57.1493174705386,1056.62446937211,11.91
01-07-2025 11:34:10,58.0142592304158,1052.23549435482,11.95
01-07-2025 11:44:10,57.0050540806006,1051.205950734,12
01-07-2025 11:54:10,56.558904503003,1049.14191343357,12.05
01-07-2025 12:04:10,56.2064173040127,1046.23021876841,12.1
01-07-2025 12:14:10,56.0379092387497,1045.59308944004,12.14
01-07-2025 12:24:10,56.5277406520352,1044.7674300777,12.18
01-07-2025 12:34:10,57.3902976668243,1043.20850759872,12.21
01-07-2025 12:44:10,55.9985124124755,1041.53463661839,12.25
01-07-2025 12:54:10,56.2024505243885,1042.89233551813,12.28
01-07-2025 13:04:10,56.4026138316626,1041.3519636009,12.3
01-07-2025 13:14:10,56.5125414487077,1041.76843270829,12.33
01-07-2025 13:24:10,56.3399368096397,1040.48962502576,12.36
01-07-2025 13:34:10,55.4097472587967,1040.45529067574,12.38
01-07-2025 13:44:10,56.1752527939202,1040.13829705112,12.4
01-07-2025 13:54:10,56.1909513911668,1040.55481959437,12.43
01-07-2025 14:04:10,55.9200308911206,1040.61477076656,12.45
01-07-2025 14:14:10,55.5509517075407,1041.63769626616,12.46
01-07-2025 14:24:10,54.5256356603617,1041.98069881863,12.48
01-07-2025 14:34:10,54.5335020074131,1039.60972736286,12.49
01-07-2025 14:44:10,55.7671741281226,1039.78433399222,12.5
01-07-2025 14:54:10,55.0169685175266,1041.8652459659,12.5
01-07-2025 15:04:10,54.5570878562346,1040.51094621216,12.52
01-07-2025 15:14:10,55.1308321169895,1037.5733745307,12.53
01-07-2025 15:24:10,54.2935407925915,1035.55784742708,12.55
01-07-2025 15:34:10,56.9505956367917,1035.78520767436,12.58
01-07-2025 15:44:10,55.2639717568262,1031.03208529171,12.6
01-07-2025 15:54:10,55.6531702505705,1030.52458902382,12.62
01-07-2025 16:04:10,55.1023166047579,1030.18452922224,12.65
01-07-2025 16:14:10,56.337503133627,1027.90424258933,12.66
01-07-2025 16:24:10,56.1604976001021,1026.35743658347,12.68
01-07-2025 16:34:10,55.9757632009782,1028.44151824142,12.68
01-07-2025 16:44:10,55.9837056900879,1027.10496182166,12.69
01-07-2025 16:54:10,57.9708286371009,1027.30069640524,12.69
01-07-2025 17:04:10,56.6529181938119,1028.25191193553,12.69
01-07-2025 17:14:10,56.4681583422105,1029.86417896609,12.69
01-07-2025 17:24:10,55.6147774402801,1030.76352810924,12.67
01-07-2025 17:34:10,56.2759207851193,1029.94216741322,12.66
01-07-2025 17:44:10,56.1856036666247,1032.87593533175,12.66
01-07-2025 17:54:10,54.4829140200646,1032.54771055345,12.64
01-07-2025 18:04:10,55.9934626890901,1031.72658416275,12.63
01-07-2025 18:14:10,56.3673700827572,1033.94679602369,12.61
01-07-2025 18:24:10,55.707037449022,1033.59770376564,12.6
01-07-2025 18:34:10,54.6656443375254,1032.42065562922,12.58
01-07-2025 18:44:10,56.3603105798494,1031.90439422721,12.56
01-07-2025 18:54:10,55.7002240047616,1031.27280196118,12.55
01-07-2025 19:04:10,56.451197933402,1032.83189609714,12.53
01-07-2025 19:14:10,55.9798657160068,1033.89803787981,12.52
01-07-2025 19:24:10,56.0705718408442,1033.19349149936,12.5
01-07-2025 19:34:10,57.8622301017888,1032.37377701474,12.49
01-07-2025 19:44:10,56.5424206833646,1032.59131246441,12.48
01-07-2025 19:54:10,57.0139665385606,1032.99741852262,12.47
01-07-2025 20:04:10,55.7886823803061,1035.76012943333,12.46
01-07-2025 20:14:10,55.8831812997537,1036.35456861621,12.45
01-07-2025 20:24:10,55.5101995629223,1034.948713694,12.45
01-07-2025 20:34:10,56.7357065446376,1035.73178323614,12.44
01-07-2025 20:44:10,56.7436260276705,1039.96047585533,12.45
01-07-2025 20:54:10,56.2725362660735,1035.84227625998,12.44
01-07-2025 21:04:10,57.1326356882273,1038.16510627378,12.46
01-07-2025 21:14:10,55.2513837786087,1038.45611962686,12.46
01-07-2025 21:24:10,56.6771227583589,1038.51705906534,12.48
01-07-2025 21:34:10,56.4964521092567,1039.73026350426,12.49
01-07-2025 21:44:10,54.6184780085469,1037.73772303111,12.5
01-07-2025 21:54:10,55.8521178915949,1040.55421397896,12.51
01-07-2025 22:04:10,56.7087130779394,1044.78577248061,12.52
01-07-2025 22:14:10,56.618421883236,1049.79250784771,12.52
01-07-2025 22:24:10,56.8110497435184,1049.80100309634,12.52
01-07-2025 22:34:10,55.5890657363746,1055.56228740178,12.52
01-07-2025 22:44:10,57.3888380221179,1057.43759137434,12.53
01-07-2025 22:54:10,56.4458439971952,1059.16318116731,12.52
01-07-2025 23:04:10,56.8309585827395,1059.34117417013,12.53
01-07-2025 23:14:10,57.2083039228837,1062.38702734018,12.52
01-07-2025 23:24:10,56.4578424559957,1064.7534766773,12.52
01-07-2025 23:34:10,57.4992164195708,1064.95090409998,12.52
01-07-2025 23:44:10,56.8391740463564,1065.35586337042,12.51
01-07-2025 23:54:10,56.6545622776244,1065.8362746569,12.51
01-08-2025 00:04:10,57.3147306768733,1066.42983588741,12.5
01-08-2025 00:14:10,57.2166009131378,1073.45307371352,12.48
01-08-2025 00:24:10,57.495556371505,1077.08073903704,12.46
01-08-2025 00:34:10,57.2992621922492,1076.10721489369,12.43
01-08-2025 00:44:10,56.447355545345,1078.97943165957,12.41
01-08-2025 00:54:10,57.6684157502768,1081.00292520974,12.39
01-08-2025 01:04:10,57.660568289424,1082.38410095044,12.36
01-08-2025 01:14:10,57.0876968464649,1083.95308169095,12.33
01-08-2025 01:24:10,58.7746768613464,1086.65123539742,12.3
01-08-2025 01:34:10,56.797625600009,1084.79520755193,12.29
01-08-2025 01:44:10,57.0723411840242,1086.92779288513,12.26
01-08-2025 01:54:10,56.5979857890496,1086.50148351921,12.24
01-08-2025 02:04:10,57.8213810554539,1088.22230406753,12.23
01-08-2025 02:14:10,57.6292724341246,1087.23152933597,12.21
01-08-2025 02:24:10,56.1240401943318,1089.79873608351,12.2
01-08-2025 02:34:10,57.2452254740474,1088.54309870884,12.17
01-08-2025 02:44:10,56.3949898796509,1089.6218912201,12.15
01-08-2025 02:54:10,56.6772021600221,1086.54583551759,12.14
01-08-2025 03:04:10,56.7674533694995,1086.30853682533,12.12
01-08-2025 03:14:10,56.5756552646082,1089.3616245883,12.1
01-08-2025 03:24:10,56.0981293342895,1087.54355071567,12.07
01-08-2025 03:34:10,56.6582717474888,1089.27985936693,12.05
01-08-2025 03:44:10,57.2221327599751,1089.68317592413,12.04
01-08-2025 03:54:10,58.8114113512194,1090.21467661834,12.01
01-08-2025 04:04:10,56.6431148866482,1092.53053278942,11.98
01-08-2025 04:14:10,57.4804116470519,1093.71862966121,11.95
01-08-2025 04:24:10,58.3177056420393,1090.68174273971,11.92
01-08-2025 04:34:10,58.1259518373295,1088.66151389118,11.9
01-08-2025 04:44:10,57.0896031949478,1092.74223383495,11.88
01-08-2025 04:54:10,58.0241215420426,1090.25327922693,11.86
01-08-2025 05:04:10,57.1796213501053,1090.56268924396,11.85
01-08-2025 05:14:10,55.3932862678549,1089.9510686087,11.83
01-08-2025 05:24:10,57.7347089903582,1089.52731107194,11.81
01-08-2025 05:34:10,57.9222709056261,1086.83547216023,11.8
01-08-2025 05:44:10,58.2973746975443,1088.27069571462,11.79
01-08-2025 05:54:10,57.4532909219267,1088.20529728345,11.78
01-08-2025 06:04:10,56.6992660442019,1085.81318524015,11.76
01-08-2025 06:14:10,56.8829752071576,1084.26563093065,11.74
01-08-2025 06:24:10,57.2579792419649,1086.91932571557,11.73
01-08-2025 06:34:10,57.9141340453493,1085.7294812974,11.72
01-08-2025 06:44:10,56.8792075433426,1083.99517859102,11.7
01-08-2025 06:54:10,57.5313402136128,1083.01114330146,11.68
01-08-2025 07:04:10,57.343910231587,1086.69470219041,11.67
01-08-2025 07:14:10,57.2502004482517,1084.56873512805,11.66
01-08-2025 07:24:10,59.0262328774567,1086.58288210743,11.64
01-08-2025 07:34:10,56.2121070917886,1086.62951746134,11.62
01-08-2025 07:44:10,58.8306202694033,1086.86351902236,11.6
01-08-2025 07:54:10,57.1448838426452,1087.82920037083,11.59
01-08-2025 08:04:10,56.3919674883476,1087.96948374887,11.57
01-08-2025 08:14:10,58.5493150014382,1085.07879317473,11.57
01-08-2025 08:24:10,56.021366159137,1085.29558842801,11.56
01-08-2025 08:34:10,57.5231827153469,1085.58840533515,11.56
01-08-2025 08:44:10,57.5270245728917,1082.79170050526,11.56
01-08-2025 08:54:10,57.2538634828776,1081.47506182857,11.57
01-08-2025 09:04:10,58.01066911118,1082.87373803414,11.58
01-08-2025 09:14:10,58.8572392290959,1081.20037944241,11.58
01-08-2025 09:24:10,55.5875045457314,1081.38182924254,11.59
01-08-2025 09:34:10,57.1910176407818,1082.20096299753,11.61
01-08-2025 09:44:10,56.734210356287,1079.92915582958,11.63
01-08-2025 09:54:10,56.7418640179255,1082.17160735904,11.64
01-08-2025 10:04:10,55.7189590257585,1078.88689718334,11.65
01-08-2025 10:14:10,56.4798943226886,1077.45726778826,11.67
01-08-2025 10:24:10,57.0574812100923,1074.04059492457,11.7
01-08-2025 10:34:10,56.9868230830813,1073.02231573787,11.75
01-08-2025 10:44:10,56.630899612151,1070.70901122905,11.79
01-08-2025 10:54:10,55.0625815813501,1072.0154564609,11.85
01-08-2025 11:04:10,56.2151045199848,1071.7272230131,11.91
01-08-2025 11:14:10,57.2708764311822,1068.07690107196,11.96
01-08-2025 11:24:10,57.1061887216997,1069.49667932914,12.01
01-08-2025 11:34:10,56.9375148600101,1067.45951404086,12.05
01-08-2025 11:44:10,56.2987352968934,1070.49707461838,12.09
01-08-2025 11:54:10,55.5617820247179,1069.32428727505,12.12
01-08-2025 12:04:10,56.4232104622583,1070.69010913741,12.15
01-08-2025 12:14:10,55.5881214935839,1074.05065163673,12.17
01-08-2025 12:24:10,56.6303606574469,1072.06910010566,12.18
01-08-2025 12:34:10,57.5825903700723,1071.29121262971,12.2
01-08-2025 12:44:10,57.2178111808841,1075.78227870506,12.22
01-08-2025 12:54:10,56.2768516398803,1073.8378097435,12.21
01-08-2025 13:04:10,56.1000386522731,1072.96597729944,12.23
01-08-2025 13:14:10,57.3309880915776,1072.86571295075,12.24
01-08-2025 13:24:10,55.7424719497475,1072.55829431983,12.26
01-08-2025 13:34:10,56.3185818158998,1071.7801185138,12.28
01-08-2025 13:44:10,56.1454645048648,1066.55726637206,12.31
01-08-2025 13:54:10,57.6674724143504,1063.68648559346,12.34
01-08-2025 14:04:10,57.4906723659687,1062.90651013006,12.36
01-08-2025 14:14:10,57.3138146459024,1060.8074137263,12.38
01-08-2025 14:24:10,54.7776721573443,1059.38725260711,12.39
01-08-2025 14:34:10,56.8618352875162,1058.88905845359,12.41
01-08-2025 14:44:10,56.2059788692102,1057.3001967587,12.41
01-08-2025 14:54:10,54.8905209646196,1053.9210410539,12.41
01-08-2025 15:04:10,56.0287891560953,1054.38486776534,12.42
01-08-2025 15:14:10,55.8440520532398,1053.73836875619,12.42
01-08-2025 15:24:10,57.0689759235578,1050.19137662259,12.41
01-08-2025 15:34:10,57.2611611764304,1050.8642231329,12.41
01-08-2025 15:44:10,56.3226029995409,1049.36986207852,12.41
01-08-2025 15:54:10,55.2935470968256,1049.36235093552,12.42
01-08-2025 16:04:10,56.1453872673211,1048.33913658454,12.42
01-08-2025 16:14:10,55.8663980173839,1049.10644314598,12.42
01-08-2025 16:24:10,57.1894104299707,1047.80061288185,12.42
01-08-2025 16:34:10,56.9930657228835,1047.12340419591,12.39
01-08-2025 16:44:10,55.764457553811,1044.3530987624,12.37
01-08-2025 16:54:10,56.6986490240982,1042.35861870369,12.34
01-08-2025 17:04:10,57.6363201457726,1040.24940209888,12.32
01-08-2025 17:14:10,55.3688832620653,1040.6103579397,12.29
01-08-2025 17:24:10,55.9298845498292,1039.53778253059,12.27
01-08-2025 17:34:10,56.4907137636709,1039.97143326768,12.25
01-08-2025 17:44:10,56.573228224768,1041.48314514211,12.21
01-08-2025 17:54:10,55.3426247631736,1039.77448340736,12.18
01-08-2025 18:04:10,57.2198502675295,1039.54971395511,12.16
01-08-2025 18:14:10,56.9336919230365,1040.73562074853,12.14
01-08-2025 18:24:10,56.3579521013921,1039.61405215194,12.1
01-08-2025 18:34:10,55.128419697391,1039.22340695164,12.07
01-08-2025 18:44:10,55.5945388831417,1042.288235879,12.05
01-08-2025 18:54:10,55.8650793447748,1041.26121285544,12.01
01-08-2025 19:04:10,57.0861514350201,1042.33054350143,12
01-08-2025 19:14:10,56.5147795326286,1043.16082299706,11.97
01-08-2025 19:24:10,56.6986295514569,1045.84746233617,11.95
01-08-2025 19:34:10,56.4091954564035,1044.70535876131,11.92
01-08-2025 19:44:10,55.2825994039254,1047.74528879286,11.91
01-08-2025 19:54:10,57.339825718501,1045.47707119577,11.88
01-08-2025 20:04:10,56.6750801960188,1049.12119517863,11.85
01-08-2025 20:14:10,55.8267703278378,1048.61520169438,11.83
01-08-2025 20:24:10,57.7888304501338,1050.56913544155,11.8
01-08-2025 20:34:10,57.9722403272837,1049.78194171902,11.78
01-08-2025 20:44:10,57.3078492346418,1052.20384192734,11.75
01-08-2025 20:54:10,56.9287975495654,1056.1040460809,11.73
01-08-2025 21:04:10,56.5498588857778,1058.03482964946,11.71
01-08-2025 21:14:10,56.3546793260146,1057.92372182864,11.68
01-08-2025 21:24:10,57.1041360950886,1057.58462826874,11.67
01-08-2025 21:34:10,55.8821552549478,1057.26606026744,11.65
01-08-2025 21:44:10,56.4441138745737,1058.23874347745,11.64
01-08-2025 21:54:10,56.814823319421,1056.88997454473,11.62
01-08-2025 22:04:10,57.5638971167045,1060.57869782146,11.61
01-08-2025 22:14:10,57.0017337873108,1058.46052939641,11.6
01-08-2025 22:24:10,57.9379647492587,1061.21225552567,11.59
01-08-2025 22:34:10,56.6229551264852,1062.95363616672,11.57
01-08-2025 22:44:10,57.6487455355146,1062.44778085834,11.55
01-08-2025 22:54:10,57.0868222700493,1063.41979571692,11.54
01-08-2025 23:04:10,57.2737979144027,1061.49006271908,11.53
01-08-2025 23:14:10,58.2055866575188,1062.38861846364,11.51
01-08-2025 23:24:10,58.579592928718,1062.79905323207,11.5
01-08-2025 23:34:10,57.4486453349535,1064.46583010671,11.47
01-08-2025 23:44:10,57.354829090807,1062.53731043157,11.46
01-08-2025 23:54:10,57.8184140609626,1069.14138368103,11.44
01-09-2025 00:04:10,58.2818573948901,1067.79397449327,11.42
01-09-2025 00:14:10,56.5982140915033,1069.79385872422,11.41
01-09-2025 00:24:10,57.1590675828241,1069.54925815956,11.4
01-09-2025 00:34:10,56.8744962028731,1072.6902255662,11.38
01-09-2025 00:44:10,57.3340217054879,1076.12986983632,11.35
01-09-2025 00:54:10,58.1710581698862,1075.06308787798,11.33
01-09-2025 01:04:10,56.6792556550959,1076.01429796416,11.33
01-09-2025 01:14:10,57.613569479252,1076.05007184843,11.32
01-09-2025 01:24:10,57.2356525559633,1077.97382422304,11.3
01-09-2025 01:34:10,58.8197855758039,1078.58911659035,11.28
01-09-2025 01:44:10,57.4181157065085,1080.30641949559,11.27
01-09-2025 01:54:10,58.1573188647965,1083.46188063121,11.24
01-09-2025 02:04:10,57.59663113118,1085.8321719776,11.23
01-09-2025 02:14:10,58.2539154015221,1083.98135383053,11.23
01-09-2025 02:24:10,56.4792742420195,1084.20372583514,11.22
01-09-2025 02:34:10,56.9421236728323,1084.44466974988,11.2
01-09-2025 02:44:10,58.9918706376929,1086.92614496067,11.18
01-09-2025 02:54:10,56.7510952362958,1089.20207413881,11.17
01-09-2025 03:04:10,56.6537193081261,1089.53573615387,11.15
01-09-2025 03:14:10,57.676211801967,1090.14933654892,11.13
01-09-2025 03:24:10,58.0452525440893,1088.8967105937,11.11
01-09-2025 03:34:10,57.2946768967546,1088.20429235011,11.09
01-09-2025 03:44:10,56.7308813809548,1090.21722092341,11.07
01-09-2025 03:54:10,57.7527397978144,1087.56642839097,11.05
01-09-2025 04:04:10,57.0996024792965,1089.46753939121,11.04
01-09-2025 04:14:10,56.4428002388798,1087.93652108812,11.02
01-09-2025 04:24:10,56.9049394649551,1088.82999090312,11
01-09-2025 04:34:10,57.6504321139142,1089.23894614375,10.99
01-09-2025 04:44:10,56.8035874954672,1090.42995891976,10.96
01-09-2025 04:54:10,57.3624720841653,1089.72048683041,10.95
01-09-2025 05:04:10,56.3370960177429,1090.03623753115,10.94
01-09-2025 05:14:10,57.0784822196333,1091.76778570277,10.92
01-09-2025 05:24:10,56.6123488192364,1091.2449524224,10.91
01-09-2025 05:34:10,57.1672193491657,1094.93226336389,10.89
01-09-2025 05:44:10,58.7464360242239,1094.2410727384,10.87
01-09-2025 05:54:10,56.972723085355,1093.1776739316,10.85
01-09-2025 06:04:10,58.8347521971044,1094.14515042473,10.84
01-09-2025 06:14:10,57.4414867908774,1096.30518706617,10.84
01-09-2025 06:24:10,58.5584583837236,1098.48289789875,10.83
01-09-2025 06:34:10,59.1087402815639,1100.04365922462,10.8
01-09-2025 06:44:10,57.9874192824606,1100.37643806847,10.78
01-09-2025 06:54:10,58.2623447643695,1098.10349464729,10.76
01-09-2025 07:04:10,58.8124000254717,1104.68794024667,10.73
01-09-2025 07:14:10,57.1373522920696,1103.97956701011,10.72
01-09-2025 07:24:10,58.8114835450861,1103.36438810982,10.71
01-09-2025 07:34:10,58.531965512279,1102.37728835464,10.7
01-09-2025 07:44:10,57.3223685876965,1103.15762430249,10.69
01-09-2025 07:54:10,57.6901949724351,1105.16415038608,10.67
01-09-2025 08:04:10,57.7789573964329,1106.05434585893,10.65
01-09-2025 08:14:10,57.8715420745183,1105.06775408862,10.64
01-09-2025 08:24:10,57.7781706315102,1107.14938222963,10.63
01-09-2025 08:34:10,58.5214780922914,1104.86149848561,10.62
01-09-2025 08:44:10,56.107883319634,1102.92846197263,10.62
01-09-2025 08:54:10,57.7846584758684,1104.80695448192,10.62
01-09-2025 09:04:10,56.7692697556873,1103.8792726971,10.63
01-09-2025 09:14:10,57.0554029076381,1100.53407910909,10.64
01-09-2025 09:24:10,58.271415151031,1102.30252888012,10.65
01-09-2025 09:34:10,57.5850171295675,1099.79369022636,10.66
01-09-2025 09:44:10,56.8986163426879,1099.38804222149,10.69
01-09-2025 09:54:10,57.2778932814046,1096.97129044813,10.7
01-09-2025 10:04:10,56.8275348955683,1097.58832894855,10.73
01-09-2025 10:14:10,58.4204134220823,1094.96658952295,10.75
01-09-2025 10:24:10,57.4116865708162,1091.86041632994,10.78
01-09-2025 10:34:10,56.3131401357513,1090.96873481246,10.82
01-09-2025 10:44:10,56.8940608962996,1087.63643090652,10.87
01-09-2025 10:54:10,57.941276691194,1087.74897246862,10.92
01-09-2025 11:04:10,55.6301081850644,1084.33861077883,10.96
01-09-2025 11:14:10,57.3301978683026,1079.97459869524,11.01
01-09-2025 11:24:10,56.2371701478931,1077.45318591172,11.07
01-09-2025 11:34:10,56.348819083218,1074.59561417694,11.11
01-09-2025 11:44:10,56.4642847773344,1073.86318780996,11.16
01-09-2025 11:54:10,56.6656666557662,1072.609725548,11.19
01-09-2025 12:04:10,56.9643120991205,1073.85721863488,11.23
01-09-2025 12:14:10,56.6016683669269,1073.93066665955,11.25
01-09-2025 12:24:10,57.0834818793713,1074.07773589397,11.28
01-09-2025 12:34:10,56.1600734083476,1074.61845731669,11.3
01-09-2025 12:44:10,56.9147591957972,1076.95461338677,11.31
01-09-2025 12:54:10,57.4826479679255,1077.70243575336,11.32
01-09-2025 13:04:10,57.6806248804713,1078.430853626,11.34
01-09-2025 13:14:10,57.4074187179868,1078.43120512244,11.35
01-09-2025 13:24:10,56.8499353115665,1080.0402244314,11.35
01-09-2025 13:34:10,57.2348290582267,1078.24501499854,11.37
01-09-2025 13:44:10,57.3355019730507,1079.55438265621,11.38
01-09-2025 13:54:10,57.4361868082459,1082.73403913609,11.39
01-09-2025 14:04:10,57.0693325432938,1079.64902002435,11.4
01-09-2025 14:14:10,56.3283505873314,1081.89404742282,11.41
01-09-2025 14:24:10,56.6160210296627,1083.76534464483,11.42
01-09-2025 14:34:10,57.4649199025682,1081.52157188603,11.43
01-09-2025 14:44:10,57.0941384685223,1082.47713764358,11.43
01-09-2025 14:54:10,56.2594393135826,1080.51377858023,11.44
01-09-2025 15:04:10,57.576157381438,1081.35651629626,11.45
01-09-2025 15:14:10,56.8311291616991,1079.59952575188,11.45
01-09-2025 15:24:10,55.9027219958587,1079.97456020868,11.46
01-09-2025 15:34:10,58.5294371787415,1079.50764282402,11.47
01-09-2025 15:44:10,57.2229298961138,1077.65694626171,11.47
01-09-2025 15:54:10,57.0429360848316,1077.3770169251,11.48
01-09-2025 16:04:10,58.4575735520747,1076.2350199956,11.5
01-09-2025 16:14:10,57.2481586166809,1076.3293190662,11.51
01-09-2025 16:24:10,57.8130023920488,1078.22172609608,11.51
01-09-2025 16:34:10,58.1945554593846,1076.63153794036,11.52
01-09-2025 16:44:10,59.1377750822186,1076.91317825563,11.53
01-09-2025 16:54:10,57.4562466777503,1076.55954133048,11.53
01-09-2025 17:04:10,58.2044798560532,1080.06329129048,11.52
01-09-2025 17:14:10,57.8295430531631,1084.03451412013,11.51
01-09-2025 17:24:10,57.454660613928,1082.29676957387,11.5
01-09-2025 17:34:10,57.8245647633906,1084.69592390427,11.48
01-09-2025 17:44:10,57.9175614616671,1084.45561104145,11.47
01-09-2025 17:54:10,57.1647621495494,1088.16368438275,11.45
01-09-2025 18:04:10,57.7216276588069,1085.51058439062,11.43
01-09-2025 18:14:10,57.9977715068681,1086.31850398507,11.41
01-09-2025 18:24:10,57.8998176382713,1087.59377547639,11.39
01-09-2025 18:34:10,57.0539792362383,1086.1575599687,11.37
01-09-2025 18:44:10,57.7039932458045,1087.24568109909,11.35
01-09-2025 18:54:10,58.2564647861442,1085.36213139402,11.32
01-09-2025 19:04:10,57.5978933691153,1088.31892479919,11.3
01-09-2025 19:14:10,58.9948820489409,1086.88390320793,11.28
01-09-2025 19:24:10,57.211653911931,1085.09510838054,11.25
01-09-2025 19:34:10,57.9505814993468,1086.85578743493,11.22
01-09-2025 19:44:10,58.0395000731019,1088.50329528477,11.2
01-09-2025 19:54:10,58.3112184911268,1086.71549600871,11.17
01-09-2025 20:04:10,57.9333753126537,1087.89590273003,11.15
01-09-2025 20:14:10,57.1785691440126,1089.6549954447,11.12
01-09-2025 20:24:10,58.0139222725249,1092.42076676636,11.1
01-09-2025 20:34:10,56.5168985797384,1091.36110282786,11.08
01-09-2025 20:44:10,57.4453671311455,1093.65959031836,11.06
01-09-2025 20:54:10,57.6313248213917,1092.48811255337,11.05
01-09-2025 21:04:10,57.3509679557657,1094.48760703251,11.04
01-09-2025 21:14:10,59.4018970052208,1096.02061413749,11.03
01-09-2025 21:24:10,57.070102436061,1097.83318176898,11.02
01-09-2025 21:34:10,57.8192757218031,1095.05829798382,11.02
01-09-2025 21:44:10,58.5606593889094,1100.0592552308,11
01-09-2025 21:54:10,57.4451390452827,1102.03956556938,11
01-09-2025 22:04:10,57.6309966232604,1102.35996524708,10.99
01-09-2025 22:14:10,58.1896830251532,1105.94289634756,10.98
01-09-2025 22:24:10,57.9987723287272,1109.82258874144,10.96
01-09-2025 22:34:10,57.7147305347648,1112.39658014955,10.94
01-09-2025 22:44:10,59.5777103014025,1115.23217748042,10.93
01-09-2025 22:54:10,57.1544628076073,1116.85616593,10.92
01-09-2025 23:04:10,58.7377028722614,1120.06379004242,10.91
01-09-2025 23:14:10,57.9062533739491,1119.60397879034,10.92
01-09-2025 23:24:10,57.0633482331729,1121.43080475881,10.9
01-09-2025 23:34:10,58.3746408818427,1120.97121287458,10.91
01-09-2025 23:44:10,58.7465971751734,1125.85536829675,10.9
01-09-2025 23:54:10,57.5425362416078,1126.04834230659,10.91
01-10-2025 00:04:10,59.5022053362571,1123.64919254307,10.91
01-10-2025 00:14:10,59.0395632484249,1126.46736782238,10.91
01-10-2025 00:24:10,57.1794327699466,1128.72659422689,10.91
01-10-2025 00:34:10,58.215156757176,1128.62411076981,10.93
01-10-2025 00:44:10,59.522850991089,1131.9087271038,10.93
01-10-2025 00:54:10,58.2253713141089,1133.03426064364,10.94
01-10-2025 01:04:10,58.5119867347074,1133.78721638322,10.95
01-10-2025 01:14:10,57.2104443014914,1135.02218319619,10.95
01-10-2025 01:24:10,57.6834001865192,1135.58900803448,10.96
01-10-2025 01:34:10,57.9700084696032,1139.23180188536,10.97
01-10-2025 01:44:10,58.1595855450612,1139.72141102085,10.97
01-10-2025 01:54:10,58.2559520999568,1143.10050594118,10.97
01-10-2025 02:04:10,59.0086895981962,1140.6852800258,10.98
01-10-2025 02:14:10,58.4525542672978,1142.57327483269,10.98
01-10-2025 02:24:10,58.2692752375268,1143.52916734853,10.98
01-10-2025 02:34:10,57.9927786757038,1146.9086891722,10.98
01-10-2025 02:44:10,58.2755679482799,1147.39859860546,10.98
01-10-2025 02:54:10,57.9058510889886,1144.99889564831,10.98
01-10-2025 03:04:10,58.4644017768418,1144.75841067739,10.97
01-10-2025 03:14:10,58.8364646615631,1148.24605466648,10.96
01-10-2025 03:24:10,58.0901444649787,1151.36046212324,10.95
01-10-2025 03:34:10,56.9711873153893,1152.61072962988,10.94
01-10-2025 03:44:10,58.3682485863313,1153.02225464148,10.93
01-10-2025 03:54:10,58.270474209039,1155.12538032953,10.91
01-10-2025 04:04:10,57.8001206016085,1154.06079644801,10.89
01-10-2025 04:14:10,58.1719963870231,1152.42308109961,10.88
01-10-2025 04:24:10,58.4468053306534,1153.8738248224,10.86
01-10-2025 04:34:10,58.5352964402606,1154.02057935097,10.84
01-10-2025 04:44:10,57.4210078078669,1152.64830699455,10.84
01-10-2025 04:54:10,58.7238604631102,1155.76016897086,10.83
01-10-2025 05:04:10,58.5329966634956,1155.99991833029,10.81
01-10-2025 05:14:10,57.2289836110182,1156.87683284864,10.8
01-10-2025 05:24:10,58.1552803293718,1153.48659832862,10.78
01-10-2025 05:34:10,57.9645678685001,1152.70316419058,10.76
01-10-2025 05:44:10,57.7777259152644,1153.11493503952,10.75
01-10-2025 05:54:10,58.2422371914172,1152.50319252951,10.74
01-10-2025 06:04:10,58.7066764126255,1153.65936107429,10.73
01-10-2025 06:14:10,57.0275314932771,1150.64387177241,10.71
01-10-2025 06:24:10,57.7671972659065,1150.3267126154,10.69
01-10-2025 06:34:10,58.9716286525011,1151.86968747843,10.67
01-10-2025 06:44:10,57.8510981091719,1150.80872962978,10.65
01-10-2025 06:54:10,58.3113918419683,1151.04975087885,10.63
01-10-2025 07:04:10,57.6484735208693,1151.13471715018,10.59
01-10-2025 07:14:10,58.1976758539664,1150.08977328478,10.56
01-10-2025 07:24:10,57.9143441332346,1147.82251286329,10.54
01-10-2025 07:34:10,57.998846024404,1146.7788937658,10.51
01-10-2025 07:44:10,58.6366321801015,1145.10118157762,10.47
01-10-2025 07:54:10,58.7247993125709,1143.95060197658,10.45
01-10-2025 08:04:10,57.1419856712843,1143.45026289026,10.43
01-10-2025 08:14:10,57.8800641139041,1140.62973488927,10.41
01-10-2025 08:24:10,58.6140555867869,1139.218039127,10.38
01-10-2025 08:34:10,57.039572858171,1138.87269794934,10.38
01-10-2025 08:44:10,58.7052049339738,1135.31188884348,10.36
01-10-2025 08:54:10,58.1553834670952,1132.63077745865,10.37
01-10-2025 09:04:10,56.6775170710472,1131.99080270123,10.38
01-10-2025 09:14:10,57.8907097775788,1129.40189907205,10.39
01-10-2025 09:24:10,57.247884266888,1128.66883194166,10.4
01-10-2025 09:34:10,56.6123853733392,1127.15948625169,10.43
01-10-2025 09:44:10,57.4584440102673,1126.03779041554,10.45
01-10-2025 09:54:10,57.2908391026663,1123.58149973611,10.49
01-10-2025 10:04:10,57.9592317048639,1121.21661015412,10.53
01-10-2025 10:14:10,58.0704517787442,1116.99171256635,10.57
01-10-2025 10:24:10,58.2823756228816,1117.09787603336,10.63
01-10-2025 10:34:10,58.6805085904798,1116.7390138856,10.69
01-10-2025 10:44:10,57.9585275724435,1116.49055785428,10.74
01-10-2025 10:54:10,56.7780591489725,1116.57870707461,10.81
01-10-2025 11:04:10,58.4799636766653,1114.35618489509,10.87
01-10-2025 11:14:10,58.2266243291067,1110.73389912874,10.93
01-10-2025 11:24:10,57.5031481171914,1110.38930788744,10.98
01-10-2025 11:34:10,57.8048706856364,1107.80641669052,11.03
01-10-2025 11:44:10,56.8941111563162,1104.38197206057,11.08
01-10-2025 11:54:10,57.7481108520347,1101.45947110389,11.11
01-10-2025 12:04:10,57.4825672143584,1101.14879948752,11.14
01-10-2025 12:14:10,56.9368548792274,1100.55793421409,11.17
01-10-2025 12:24:10,57.7876111445584,1101.57308291713,11.19
01-10-2025 12:34:10,57.3313516631106,1101.18790206768,11.21
01-10-2025 12:44:10,57.248512560862,1101.82990875267,11.23
01-10-2025 12:54:10,57.9090508384201,1099.87596704655,11.24
01-10-2025 13:04:10,56.8884049058339,1100.63048790229,11.25
01-10-2025 13:14:10,57.3621861610761,1098.76962732739,11.26
01-10-2025 13:24:10,56.1618975255383,1098.2711416463,11.29
01-10-2025 13:34:10,56.9198348512432,1091.8112077939,11.31
01-10-2025 13:44:10,55.7116543946067,1090.69652506726,11.32
01-10-2025 13:54:10,55.5350093651202,1086.47724335574,11.34
01-10-2025 14:04:10,56.0126812827236,1082.06973359691,11.36
01-10-2025 14:14:10,56.8607254207611,1078.1492878905,11.37
01-10-2025 14:24:10,56.9646858513931,1078.13419887301,11.39
01-10-2025 14:34:10,56.6908647149982,1073.8385732198,11.4
01-10-2025 14:44:10,57.1651371331238,1069.63584368199,11.41
01-10-2025 14:54:10,57.0821016242575,1068.4036023516,11.43
01-10-2025 15:04:10,55.7829458775052,1064.73881493769,11.45
01-10-2025 15:14:10,56.8186340852111,1063.52755739861,11.46
01-10-2025 15:24:10,56.829070850909,1061.26473092333,11.48
01-10-2025 15:34:10,55.8963359749701,1057.45547415969,11.48
01-10-2025 15:44:10,57.4001265293434,1056.05632625202,11.49
01-10-2025 15:54:10,55.9095546581967,1053.81476676857,11.5
01-10-2025 16:04:10,56.3841001415631,1053.91259312766,11.51
01-10-2025 16:14:10,55.3575543128777,1052.72308841769,11.51
01-10-2025 16:24:10,55.3604725214197,1049.94263493348,11.51
01-10-2025 16:34:10,57.1377837276269,1050.64810847037,11.5
01-10-2025 16:44:10,56.2011852390509,1048.82704765062,11.49
01-10-2025 16:54:10,55.9160120847348,1048.62025502769,11.47
01-10-2025 17:04:10,57.7862904303764,1051.10331404107,11.46
01-10-2025 17:14:10,57.2203232384511,1048.5579182562,11.44
01-10-2025 17:24:10,56.5647279586124,1048.88933439273,11.43
01-10-2025 17:34:10,56.7472073812286,1048.68293529416,11.41
01-10-2025 17:44:10,56.6528530154358,1047.89228093599,11.4
01-10-2025 17:54:10,55.7133207086736,1047.96672200785,11.38
01-10-2025 18:04:10,56.3669735820845,1048.29830556784,11.37
01-10-2025 18:14:10,56.9232919872387,1047.62502379903,11.35
01-10-2025 18:24:10,55.9914276568153,1047.65286450867,11.35
01-10-2025 18:34:10,56.0840973437002,1047.14337674653,11.34
01-10-2025 18:44:10,57.0216556835679,1045.021553909,11.34
01-10-2025 18:54:10,56.3665491186066,1047.0358637968,11.33
01-10-2025 19:04:10,55.4275411692828,1045.98954354729,11.31
01-10-2025 19:14:10,56.8208901825408,1047.11607561445,11.28
01-10-2025 19:24:10,57.5597762317964,1048.05538958302,11.25
01-10-2025 19:34:10,55.2166758553604,1047.31347871247,11.22
01-10-2025 19:44:10,56.7958478141201,1046.47864133902,11.19
01-10-2025 19:54:10,56.2274580383998,1052.08482127716,11.16
01-10-2025 20:04:10,56.3088676994968,1053.2322659845,11.12
01-10-2025 20:14:10,56.95368024097,1050.158023422,11.09
01-10-2025 20:24:10,58.3482147739407,1053.31135873123,11.07
01-10-2025 20:34:10,55.5381821078706,1053.24573778475,11.03
01-10-2025 20:44:10,56.8353290996361,1053.2504250999,11
01-10-2025 20:54:10,56.8307107330873,1053.04570234427,10.98
01-10-2025 21:04:10,56.0731406100102,1055.58976276278,10.94
01-10-2025 21:14:10,56.9071899739308,1055.94399934284,10.92
01-10-2025 21:24:10,57.2751930924502,1059.18613131839,10.9
01-10-2025 21:34:10,57.5499389509592,1060.47133189295,10.88
01-10-2025 21:44:10,56.7964392307586,1062.80305222363,10.85
01-10-2025 21:54:10,58.2854105793224,1067.51042210158,10.84
01-10-2025 22:04:10,57.0664895529963,1069.28146351405,10.81
01-10-2025 22:14:10,56.2277709113067,1069.61190817536,10.8
01-10-2025 22:24:10,57.0571667109644,1073.05734608921,10.77
01-10-2025 22:34:10,58.1729723607287,1074.59734364789,10.76
01-10-2025 22:44:10,57.5168133420419,1077.36820189872,10.74
01-10-2025 22:54:10,57.1436919475372,1077.3259891057,10.73
01-10-2025 23:04:10,57.6971669300532,1080.09596875646,10.71
01-10-2025 23:14:10,57.4171303901128,1078.75143365439,10.7
01-10-2025 23:24:10,57.416169127564,1080.94161488997,10.69
01-10-2025 23:34:10,57.415205664511,1081.9224677109,10.68
01-10-2025 23:44:10,58.5263694226629,1082.08727348842,10.66
01-10-2025 23:54:10,57.4057505713347,1084.20462831578,10.64
01-11-2025 00:04:10,58.7993314921215,1085.46398813942,10.63
01-11-2025 00:14:10,57.4930077310071,1088.69598760419,10.61
01-11-2025 00:24:10,58.3285696083524,1088.56062792775,10.6
01-11-2025 00:34:10,56.1898566635999,1090.56302062706,10.59
01-11-2025 00:44:10,57.1183213754548,1091.17114988636,10.58
01-11-2025 00:54:10,57.3961473768523,1095.31052176421,10.57
01-11-2025 01:04:10,56.9305598468349,1096.1970950448,10.56
01-11-2025 01:14:10,57.6729246753342,1093.459944552,10.55
01-11-2025 01:24:10,56.9249402697248,1097.43252946143,10.53
01-11-2025 01:34:10,58.596067334735,1099.06202517689,10.52
01-11-2025 01:44:10,56.5477970469222,1099.31785639272,10.5
01-11-2025 01:54:10,56.6397406670375,1097.23208378654,10.49
01-11-2025 02:04:10,58.6779948730605,1100.92405244833,10.47
01-11-2025 02:14:10,57.6555349600223,1102.55282782611,10.46
01-11-2025 02:24:10,57.3759827554096,1102.41737549927,10.45
01-11-2025 02:34:10,57.4715768790844,1105.41909730518,10.45
01-11-2025 02:44:10,58.6774568818698,1103.42680590392,10.44
01-11-2025 02:54:10,57.9299194274756,1103.86799835634,10.42
01-11-2025 03:04:10,57.928871378613,1106.05316332708,10.41
01-11-2025 03:14:10,57.7422014592329,1103.69038289057,10.4
01-11-2025 03:24:10,58.3017961684535,1103.53571929281,10.4
01-11-2025 03:34:10,57.6473262367524,1100.82199409257,10.38
01-11-2025 03:44:10,57.9208707698931,1103.11939425872,10.36
01-11-2025 03:54:10,57.8232588498521,1101.89099930698,10.34
01-11-2025 04:04:10,56.4307876414389,1104.16816677034,10.33
01-11-2025 04:14:10,58.2849216300509,1103.38416668592,10.32
01-11-2025 04:24:10,57.2636088668142,1103.06408448528,10.31
01-11-2025 04:34:10,56.9806565623535,1105.36033009412,10.29
01-11-2025 04:44:10,58.1851020758569,1103.64941158735,10.28
01-11-2025 04:54:10,57.9985716111474,1103.97864335198,10.27
01-11-2025 05:04:10,57.3447650059456,1103.02959496202,10.25
01-11-2025 05:14:10,58.1742211225092,1106.90088749792,10.23
01-11-2025 05:24:10,58.0804394388854,1104.63478665856,10.22
01-11-2025 05:34:10,58.3535691925257,1105.539653733,10.2
01-11-2025 05:44:10,58.1671265258528,1105.96155890097,10.19
01-11-2025 05:54:10,57.0504244378549,1105.01317578784,10.17
01-11-2025 06:04:10,57.5051264943812,1103.34376578265,10.14
01-11-2025 06:14:10,56.5778441229078,1105.5256938003,10.13
01-11-2025 06:24:10,57.688241403878,1106.41074112121,10.12
01-11-2025 06:34:10,58.1464170401703,1107.22254159291,10.1
01-11-2025 06:44:10,57.4045467144139,1108.47778040594,10.09
01-11-2025 06:54:10,58.8810490444867,1107.80794980721,10.07
01-11-2025 07:04:10,58.6021560505022,1110.91448278188,10.06
01-11-2025 07:14:10,58.7861382556699,1108.92942077435,10.05
01-11-2025 07:24:10,58.7849700789657,1108.7033643768,10.04
01-11-2025 07:34:10,56.9364313333761,1108.45802361039,10.04
01-11-2025 07:44:10,58.2311433902363,1109.52788496008,10.03
01-11-2025 07:54:10,57.4896380229996,1108.74672175624,10.02
01-11-2025 08:04:10,58.9691897108179,1106.20748823729,10.01
01-11-2025 08:14:10,58.7829309432049,1106.53720914625,10
01-11-2025 08:24:10,56.7498660813435,1108.60552128931,10
01-11-2025 08:34:10,58.7920688405293,1105.93509305214,10.01
01-11-2025 08:44:10,59.6275717905385,1105.96777144507,10.01
01-11-2025 08:54:10,57.4129996589455,1109.59016734359,10.02
01-11-2025 09:04:10,57.3230948865294,1105.36579336614,10.02
01-11-2025 09:14:10,58.9954198722765,1106.11932363836,10.03
01-11-2025 09:24:10,57.8023847531215,1104.26150578471,10.05
01-11-2025 09:34:10,57.2570566201533,1101.29216848217,10.07
01-11-2025 09:44:10,56.9041422950183,1099.39270992839,10.11
01-11-2025 09:54:10,57.9367842838169,1097.97558188086,10.14
01-11-2025 10:04:10,58.3213339530137,1098.22551134543,10.17
01-11-2025 10:14:10,58.2464953031956,1097.25042384098,10.21
01-11-2025 10:24:10,57.6153734172991,1098.40695367965,10.25
01-11-2025 10:34:10,55.8746909644222,1094.90687144977,10.3
01-11-2025 10:44:10,58.4931299283937,1096.97062557104,10.35
01-11-2025 10:54:10,56.4730334975495,1096.3443913213,10.4
01-11-2025 11:04:10,57.4224461521173,1095.99617279142,10.45
01-11-2025 11:14:10,57.2692097519318,1097.35088356701,10.53
01-11-2025 11:24:10,57.0116799426036,1092.82049586675,10.58
01-11-2025 11:34:10,56.7539521986193,1092.09842965632,10.63
01-11-2025 11:44:10,57.7943184633554,1088.79282383754,10.67
01-11-2025 11:54:10,58.3663563373895,1088.85532987295,10.7
01-11-2025 12:04:10,58.1981371193336,1088.33836470142,10.74
01-11-2025 12:14:10,57.7468134482591,1088.49383658702,10.77
01-11-2025 12:24:10,58.4085221490311,1087.36747720126,10.79
01-11-2025 12:34:10,57.49155513437,1086.68485073379,10.82
01-11-2025 12:44:10,57.9672334104374,1086.1165018655,10.84
01-11-2025 12:54:10,57.507985781415,1082.31018553525,10.85
01-11-2025 13:04:10,55.0964982533001,1084.34893073324,10.87
01-11-2025 13:14:10,56.8761086193297,1084.71156571615,10.89
01-11-2025 13:24:10,56.2339422272932,1084.79481998142,10.91
01-11-2025 13:34:10,56.8960952196831,1083.66677026133,10.93
01-11-2025 13:44:10,56.2537315748701,1081.69964488298,10.95
01-11-2025 13:54:10,59.0598580626111,1078.70664963073,10.97
01-11-2025 14:04:10,56.1802969034369,1076.83142234825,10.99
01-11-2025 14:14:10,57.029297858529,1076.35417505125,11.01
01-11-2025 14:24:10,56.7595527580681,1073.45229549272,11.03
01-11-2025 14:34:10,57.51562555799,1073.44072969489,11.05
01-11-2025 14:44:10,58.0853666438413,1071.93672092773,11.07
01-11-2025 14:54:10,57.4462381856208,1070.50274687772,11.1
01-11-2025 15:04:10,57.4525387916603,1066.40810358772,11.11
01-11-2025 15:14:10,58.5824376131805,1067.60865935519,11.13
01-11-2025 15:24:10,56.8193154925933,1064.98288487927,11.15
01-11-2025 15:34:10,55.9891404208046,1062.82306720912,11.17
01-11-2025 15:44:10,55.8086109715458,1057.97892051968,11.18
01-11-2025 15:54:10,57.499059804899,1056.0976907229,11.2
01-11-2025 16:04:10,57.4082160376107,1055.66468943671,11.2
01-11-2025 16:14:10,56.2042699346512,1052.94241030488,11.22
01-11-2025 16:24:10,55.2765527138324,1053.60582222576,11.23
01-11-2025 16:34:10,55.5664777623422,1052.28370785699,11.25
01-11-2025 16:44:10,57.0671956354723,1047.34257186518,11.26
01-11-2025 16:54:10,55.2948884948042,1045.88201737792,11.26
01-11-2025 17:04:10,55.9549258937546,1041.87427379588,11.27
01-11-2025 17:14:10,55.8567324301951,1036.16756704957,11.25
01-11-2025 17:24:10,56.8829679166759,1035.94711418708,11.24
01-11-2025 17:34:10,57.4420943416686,1034.60607439095,11.23
01-11-2025 17:44:10,56.1298077431181,1034.87850002985,11.21
01-11-2025 17:54:10,57.0586086676613,1031.78988634675,11.19
01-11-2025 18:04:10,57.3336904053953,1030.84929547822,11.17
01-11-2025 18:14:10,57.4257732993015,1031.0030925249,11.16
01-11-2025 18:24:10,58.1635594395574,1028.68925514995,11.13
01-11-2025 18:34:10,55.4561565473314,1031.5493951411,11.12
01-11-2025 18:44:10,56.5747054832053,1029.27733837777,11.11
01-11-2025 18:54:10,56.1929811725106,1029.67029584129,11.08
01-11-2025 19:04:10,56.6544949719754,1029.10437994818,11.06
01-11-2025 19:14:10,56.7428403894125,1032.64202007184,11.04
01-11-2025 19:24:10,56.275363008271,1032.88929164503,11.03
01-11-2025 19:34:10,57.4788181567082,1032.72219873836,11
01-11-2025 19:44:10,55.42305398372,1033.46150662773,10.98
01-11-2025 19:54:10,56.8163338219063,1032.6162633831,10.96
01-11-2025 20:04:10,56.3491233418018,1034.91394744776,10.95
01-11-2025 20:14:10,55.6919915296766,1038.07556266176,10.93
01-11-2025 20:24:10,56.7120380662439,1036.48485990407,10.91
01-11-2025 20:34:10,56.4239829860591,1037.24911532342,10.88
01-11-2025 20:44:10,56.3296248761103,1037.77575056081,10.87
01-11-2025 20:54:10,56.6972436502143,1041.02849442704,10.85
01-11-2025 21:04:10,56.6959983681573,1043.88278351097,10.84
01-11-2025 21:14:10,56.2292023502542,1045.80561130326,10.83
01-11-2025 21:24:10,56.8797065887507,1044.46962003626,10.82
01-11-2025 21:34:10,57.1540072362642,1047.16191114595,10.8
01-11-2025 21:44:10,56.0357379581289,1050.10801765281,10.79
01-11-2025 21:54:10,57.8029511151403,1048.86538314188,10.78
01-11-2025 22:04:10,57.5299003077818,1052.04113927985,10.79
01-11-2025 22:14:10,56.4116792241575,1051.17076862055,10.78
01-11-2025 22:24:10,58.1825196601445,1054.27809889913,10.78
01-11-2025 22:34:10,57.8088705330029,1051.17411948051,10.77
01-11-2025 22:44:10,57.1598112101223,1048.88338751711,10.77
01-11-2025 22:54:10,57.6275620801318,1051.52529149486,10.77
01-11-2025 23:04:10,57.2577004659953,1054.16724084792,10.77
01-11-2025 23:14:10,57.6323780586469,1054.11027092704,10.77
01-11-2025 23:24:10,57.7278496463058,1055.82163356544,10.77
01-11-2025 23:34:10,56.8926410032932,1061.34881918669,10.77
01-11-2025 23:44:10,55.8676735974568,1061.78124582917,10.76
01-11-2025 23:54:10,56.6145551994206,1059.11877018849,10.76
01-12-2025 00:04:10,57.2683732788333,1065.4832333652,10.76
01-12-2025 00:14:10,55.1268018249135,1066.0085458078,10.75
01-12-2025 00:24:10,58.0138559061623,1067.71994307657,10.75
01-12-2025 00:34:10,57.1750392311959,1069.08258906787,10.74
01-12-2025 00:44:10,58.7553807875887,1070.25901567136,10.73
01-12-2025 00:54:10,58.3817936286649,1070.78410078956,10.72
01-12-2025 01:04:10,58.4733892828758,1074.28599833591,10.71
01-12-2025 01:14:10,57.2627049773587,1070.15988986429,10.7
01-12-2025 01:24:10,57.354366062951,1075.05661615193,10.69
01-12-2025 01:34:10,56.9809865808516,1073.62834042043,10.68
01-12-2025 01:44:10,57.5376397307788,1077.50122421957,10.67
01-12-2025 01:54:10,56.5096978932225,1075.81711146342,10.65
01-12-2025 02:04:10,57.1555223208072,1080.73445780339,10.63
01-12-2025 02:14:10,57.7119466956586,1081.35186426588,10.62
01-12-2025 02:24:10,57.8889311409269,1082.10724678556,10.59
01-12-2025 02:34:10,57.6049703558389,1084.32677359283,10.57
01-12-2025 02:44:10,57.1352642339805,1089.33314575323,10.55
01-12-2025 02:54:10,56.9480893911566,1087.72006152468,10.54
01-12-2025 03:04:10,57.5933030045584,1088.08029175413,10.52
01-12-2025 03:14:10,57.9596829082547,1088.81201599815,10.5
01-12-2025 03:24:10,58.1364411983548,1089.00845572377,10.47
01-12-2025 03:34:10,57.4813078421113,1089.73994534897,10.45
01-12-2025 03:44:10,57.2905222093217,1092.04942202247,10.43
01-12-2025 03:54:10,57.3745228502262,1091.59565478523,10.4
01-12-2025 04:04:10,57.3656950446513,1092.07008527022,10.37
01-12-2025 04:14:10,56.9857968930581,1090.68904367989,10.34
01-12-2025 04:24:10,59.2995997977194,1090.12146162134,10.32
01-12-2025 04:34:10,57.4319515801823,1092.75091044394,10.28
01-12-2025 04:44:10,58.1685306699046,1092.36888833976,10.26
01-12-2025 04:54:10,56.9582135329434,1092.17246252209,10.24
01-12-2025 05:04:10,56.3007333590398,1095.89052833599,10.21
01-12-2025 05:14:10,58.0488707879844,1094.53257441555,10.17
01-12-2025 05:24:10,56.839380160934,1091.37187579674,10.15
01-12-2025 05:34:10,57.1085197996946,1094.53223850746,10.12
01-12-2025 05:44:10,58.6776706700583,1095.53997920319,10.1
01-12-2025 05:54:10,58.2982270161991,1094.16195585518,10.07
01-12-2025 06:04:10,59.0373366036378,1095.5181805872,10.06
01-12-2025 06:14:10,58.3802618506417,1095.0662959327,10.03
01-12-2025 06:24:10,57.3533492851632,1094.61471784281,10
01-12-2025 06:34:10,57.5332656527563,1095.71450415088,9.98
01-12-2025 06:44:10,56.7844166285703,1095.54064211189,9.95
01-12-2025 06:54:10,58.4440951786578,1092.66323484587,9.93
01-12-2025 07:04:10,59.2671987098649,1093.41495488531,9.9
01-12-2025 07:14:10,57.1354429083808,1096.17855332683,9.88
01-12-2025 07:24:10,57.781131219586,1093.65073141045,9.87
01-12-2025 07:34:10,58.2380842341895,1093.6409629846,9.85
01-12-2025 07:44:10,56.0184531486741,1094.71850124091,9.84
01-12-2025 07:54:10,58.5085474814686,1093.13779216165,9.82
01-12-2025 08:04:10,57.7603582905487,1092.13397878402,9.79
01-12-2025 08:14:10,57.4817467997369,1091.36375470527,9.78
01-12-2025 08:24:10,58.1269140752176,1092.62593770295,9.77
01-12-2025 08:34:10,58.2215397841153,1090.26354721933,9.77
01-12-2025 08:44:10,56.4650547154468,1091.15637001917,9.76
01-12-2025 08:54:10,58.0375412891686,1089.16372451704,9.76
01-12-2025 09:04:10,59.0634661772552,1089.89775492506,9.78
01-12-2025 09:14:10,58.703774184585,1089.43088013968,9.8
01-12-2025 09:24:10,57.2313840254839,1087.96974393933,9.81
01-12-2025 09:34:10,55.7623479776139,1086.30110009999,9.83
01-12-2025 09:44:10,56.6108788540201,1085.51111046793,9.87
01-12-2025 09:54:10,57.2712797683911,1082.70906686602,9.9
01-12-2025 10:04:10,57.5657494006686,1083.48988497855,9.94
01-12-2025 10:14:10,57.1202404222804,1081.31053432861,9.98
01-12-2025 10:24:10,57.6961977536538,1082.16098973127,10.03
01-12-2025 10:34:10,57.8096413617909,1081.90097202748,10.08
01-12-2025 10:44:10,57.4600526813718,1082.01119662012,10.13
01-12-2025 10:54:10,56.5615449534587,1082.53889679769,10.2
01-12-2025 11:04:10,57.8873603130873,1082.69617827326,10.27
01-12-2025 11:14:10,58.847307607348,1081.53173492309,10.35
01-12-2025 11:24:10,56.9232919718564,1078.37011626062,10.41
01-12-2025 11:34:10,57.7870410130754,1075.55348234428,10.48
01-12-2025 11:44:10,57.4400867752856,1073.77954397381,10.54
01-12-2025 11:54:10,56.9032363606772,1071.74894842493,10.59
01-12-2025 12:04:10,56.8345403307011,1068.85588752065,10.65
01-12-2025 12:14:10,57.2234913119639,1071.96156789637,10.69
01-12-2025 12:24:10,56.9613932741982,1072.743084528,10.73
01-12-2025 12:34:10,57.2538287886086,1070.75700952496,10.76
01-12-2025 12:44:10,57.6357336347138,1072.51718100072,10.78
01-12-2025 12:54:10,56.9937738873065,1071.76449138201,10.8
01-12-2025 13:04:10,57.0033367522709,1074.17707310546,10.82
01-12-2025 13:14:10,56.8229853804335,1072.79650555091,10.83
01-12-2025 13:24:10,57.856878750057,1074.55794122832,10.85
01-12-2025 13:34:10,57.4940140665854,1072.03557774292,10.87
01-12-2025 13:44:10,56.2926715438332,1073.89059111675,10.89
01-12-2025 13:54:10,57.6996041475856,1072.0195393743,10.91
01-12-2025 14:04:10,56.5874398332041,1073.89900718037,10.92
01-12-2025 14:14:10,56.6864415243143,1074.10154803079,10.93
01-12-2025 14:24:10,56.1331479266376,1072.71997031911,10.94
01-12-2025 14:34:10,56.0421133878944,1074.34429805107,10.94
01-12-2025 14:44:10,55.8578893567307,1073.3594428022,10.94
01-12-2025 14:54:10,56.8814041859915,1072.58504534684,10.93
01-12-2025 15:04:10,56.6935173800371,1071.53131164614,10.92
01-12-2025 15:14:10,56.9788689243331,1068.47259634632,10.93
01-12-2025 15:24:10,56.0492100881918,1068.32662416352,10.93
01-12-2025 15:34:10,56.334528624736,1068.62222064142,10.94
01-12-2025 15:44:10,56.8025950901063,1067.73082437137,10.94
01-12-2025 15:54:10,58.3888995141139,1064.97573893653,10.94
01-12-2025 16:04:10,56.8031736366091,1062.52512488033,10.93
01-12-2025 16:14:10,55.9594508192267,1057.5845252015,10.91
01-12-2025 16:24:10,56.9827042128732,1053.17882775506,10.9
01-12-2025 16:34:10,56.7016775006886,1053.15198814432,10.89
01-12-2025 16:44:10,55.9621937073849,1055.12349901364,10.9
01-12-2025 16:54:10,56.1433699648708,1050.09227365369,10.88
01-12-2025 17:04:10,56.3281295745256,1046.52662398862,10.87
01-12-2025 17:14:10,56.6991203609058,1042.68218371225,10.86
01-12-2025 17:24:10,56.8874869337285,1041.88498820908,10.86
01-12-2025 17:34:10,57.1578759354953,1039.11906455027,10.83
01-12-2025 17:44:10,55.2835414590749,1039.36001306491,10.79
01-12-2025 17:54:10,56.6708752930971,1037.99224542514,10.76
01-12-2025 18:04:10,55.3594282517216,1034.29920493507,10.73
01-12-2025 18:14:10,56.2810222880851,1035.25887578206,10.7
01-12-2025 18:24:10,57.7564462172314,1034.10635779496,10.66
01-12-2025 18:34:10,56.0702405939111,1031.74613833684,10.62
01-12-2025 18:44:10,56.619140777437,1034.93653990837,10.59
01-12-2025 18:54:10,58.0040828742339,1035.15213385661,10.56
01-12-2025 19:04:10,58.1769287212175,1033.53687462899,10.52
01-12-2025 19:14:10,55.9423642226115,1030.47498145578,10.5
01-12-2025 19:24:10,55.4657860189925,1032.57614471414,10.46
01-12-2025 19:34:10,56.6639699887082,1030.00757183813,10.43
01-12-2025 19:44:10,56.9335153131343,1032.08075096681,10.4
01-12-2025 19:54:10,55.6219538541869,1030.74728255578,10.36
01-12-2025 20:04:10,57.1011646336742,1032.88497989726,10.34
01-12-2025 20:14:10,55.4191770677056,1032.29402452558,10.3
01-12-2025 20:24:10,57.5394121914639,1033.5578014036,10.26
01-12-2025 20:34:10,56.5107239889474,1035.25732975586,10.23
01-12-2025 20:44:10,56.9615659098853,1036.98312127705,10.19
01-12-2025 20:54:10,56.3967586626373,1040.81200991921,10.16
01-12-2025 21:04:10,56.1564360818893,1042.23110150546,10.13
01-12-2025 21:14:10,55.9161107357251,1044.94608749649,10.1
01-12-2025 21:24:10,56.1851411581766,1042.93833080222,10.07
01-12-2025 21:34:10,55.9058514297467,1042.82234153823,10.06
01-12-2025 21:44:10,58.0296069371992,1045.41720360277,10.04
01-12-2025 21:54:10,56.9136004592165,1042.73622922824,10.02
01-12-2025 22:04:10,57.3709796699118,1043.66491354,10
01-12-2025 22:14:10,56.3515323169244,1046.23246880065,9.99
01-12-2025 22:24:10,57.4564717926962,1044.20020400442,9.97
01-12-2025 22:34:10,56.0672216445132,1045.5647207621,9.96
01-12-2025 22:44:10,55.7881534180535,1044.70914545182,9.95
01-12-2025 22:54:10,56.8040008749529,1046.16604291803,9.94
01-12-2025 23:04:10,56.894851485214,1045.86558731261,9.93
01-12-2025 23:14:10,55.9684349710154,1046.67497064722,9.92
01-12-2025 23:24:10,57.2651238091298,1045.97841928435,9.92
01-12-2025 23:34:10,56.2462732433974,1049.19208719559,9.91
01-12-2025 23:44:10,55.8712436105098,1046.8838295745,9.89
01-12-2025 23:54:10,55.5923184925916,1046.7686601651,9.88
01-13-2025 00:04:10,55.8680897912416,1048.31754539115,9.87
01-13-2025 00:14:10,56.0477961880997,1046.28763165716,9.85
01-13-2025 00:24:10,56.9740760892956,1047.62522703407,9.85
01-13-2025 00:34:10,56.8799864468944,1050.65265386337,9.84
01-13-2025 00:44:10,55.3961433965259,1054.07516952146,9.82
01-13-2025 00:54:10,55.394589193437,1052.85110978855,9.81
01-13-2025 01:04:10,56.5941629231753,1051.44250901552,9.8
01-13-2025 01:14:10,56.5001269509925,1052.25148972606,9.79
01-13-2025 01:24:10,55.4822940063413,1054.44612828893,9.78
01-13-2025 01:34:10,56.8663334476758,1050.72857154273,9.77
01-13-2025 01:44:10,56.9570249629077,1056.06360855934,9.76
01-13-2025 01:54:10,56.6818878626378,1054.53742673833,9.76
01-13-2025 02:04:10,57.2380517176455,1055.78230269494,9.76
01-13-2025 02:14:10,55.5738573418527,1058.34593631854,9.75
01-13-2025 02:24:10,57.1459365095166,1058.66721845588,9.75
01-13-2025 02:34:10,56.8635267752062,1059.03962581085,9.73
01-13-2025 02:44:10,56.3077995008715,1059.47883116344,9.72
01-13-2025 02:54:10,56.6754792448218,1062.04168815785,9.71
01-13-2025 03:04:10,58.6088707615152,1060.84429818257,9.69
01-13-2025 03:14:10,56.7644345828396,1058.39615733193,9.69
01-13-2025 03:24:10,58.0513840548806,1062.73795009389,9.67
01-13-2025 03:34:10,57.9535768391906,1062.09479955697,9.65
01-13-2025 03:44:10,54.906402523893,1063.54906035125,9.64
01-13-2025 03:54:10,56.5658402713661,1062.51167347763,9.63
01-13-2025 04:04:10,56.8373322258399,1064.45237599212,9.61
01-13-2025 04:14:10,56.1862393219833,1064.27083258464,9.59
01-13-2025 04:24:10,56.1845773355407,1064.89437547395,9.58
01-13-2025 04:34:10,57.2860845447277,1065.72749439586,9.56
01-13-2025 04:44:10,57.007668100051,1064.78314519444,9.55
01-13-2025 04:54:10,57.743665037101,1065.31445604839,9.54
01-13-2025 05:04:10,56.9083607167067,1066.70071549493,9.52
01-13-2025 05:14:10,55.247118830685,1066.12556361297,9.51
01-13-2025 05:24:10,55.3377015218937,1065.64275153313,9.5
01-13-2025 05:34:10,56.8073642928232,1068.04270963721,9.48
01-13-2025 05:44:10,58.1881557139395,1068.29734729095,9.47
01-13-2025 05:54:10,56.5238214921771,1068.20837576387,9.45
01-13-2025 06:04:10,56.890701029665,1069.29241169933,9.44
01-13-2025 06:14:10,56.70468094023,1068.71782450638,9.43
01-13-2025 06:24:10,56.7914632297793,1068.997562219,9.41
01-13-2025 06:34:10,57.430895712071,1071.30378979297,9.39
01-13-2025 06:44:10,56.2281490701511,1068.91235165773,9.37
01-13-2025 06:54:10,58.160392891307,1070.45651305593,9.36
01-13-2025 07:04:10,56.3132497341663,1071.28865469498,9.34
01-13-2025 07:14:10,56.7682815055571,1072.21270049775,9.32
01-13-2025 07:24:10,56.9470215115905,1072.12399212881,9.3
01-13-2025 07:34:10,58.3221972835758,1071.6672453659,9.28
01-13-2025 07:44:10,57.4920539660569,1071.64601421293,9.27
01-13-2025 07:54:10,57.3025442618585,1073.02994809546,9.25
01-13-2025 08:04:10,58.0405442545564,1070.49955172437,9.25
01-13-2025 08:14:10,56.3789188210264,1072.25161703457,9.23
01-13-2025 08:24:10,58.772868908539,1072.20580507641,9.23
01-13-2025 08:34:10,56.6550329643835,1071.72488730886,9.22
01-13-2025 08:44:10,57.1168676081262,1071.03520232207,9.22
01-13-2025 08:54:10,57.0303526369696,1070.59658373141,9.23
01-13-2025 09:04:10,56.8518113389318,1069.23782044483,9.24
01-13-2025 09:14:10,56.5848244787794,1067.3015364435,9.26
01-13-2025 09:24:10,57.6099619106124,1067.08812728561,9.29
01-13-2025 09:34:10,57.2545758279096,1063.09993641176,9.32
01-13-2025 09:44:10,56.6227707440006,1062.24086309043,9.35
01-13-2025 09:54:10,55.6257884733011,1060.25028617602,9.39
01-13-2025 10:04:10,55.8260348806733,1059.91701582438,9.43
01-13-2025 10:14:10,58.2421544536289,1057.99062089378,9.48
01-13-2025 10:24:10,56.0531863235243,1057.88084862761,9.54
01-13-2025 10:34:10,56.5341068120972,1056.04424232741,9.59
01-13-2025 10:44:10,57.0226675526102,1055.07642198844,9.66
01-13-2025 10:54:10,57.4157122255416,1055.70367977943,9.72
01-13-2025 11:04:10,56.8925694911986,1053.50703033675,9.8
01-13-2025 11:14:10,56.3579984395575,1050.00121263413,9.85
01-13-2025 11:24:10,57.9571252579252,1051.06248154103,9.92
01-13-2025 11:34:10,56.6859953011706,1049.74592696528,9.98
01-13-2025 11:44:10,57.0761491746935,1048.54761868559,10.03
01-13-2025 11:54:10,56.6296743184711,1046.54217882046,10.07
01-13-2025 12:04:10,56.7385808084093,1045.73941506004,10.11
01-13-2025 12:14:10,57.1217945393146,1041.0729629103,10.14
01-13-2025 12:24:10,55.4704116239209,1041.84324949016,10.18
01-13-2025 12:34:10,55.9462121158404,1038.00753699793,10.21
01-13-2025 12:44:10,55.8660301030075,1036.95104818871,10.24
01-13-2025 12:54:10,56.2422060504228,1034.37408589165,10.25
01-13-2025 13:04:10,57.456539432422,1032.51019042449,10.27
01-13-2025 13:14:10,56.9874064787167,1031.50106950998,10.25
01-13-2025 13:24:10,55.5058888458521,1030.43545212187,10.25
01-13-2025 13:34:10,54.8657117789973,1026.90208868406,10.27
01-13-2025 13:44:10,55.9908562627732,1024.63702887993,10.3
01-13-2025 13:54:10,56.0033681063972,1021.25779993845,10.33
01-13-2025 14:04:10,55.4556470360602,1020.87528886725,10.35
01-13-2025 14:14:10,55.1790812555425,1019.62344586152,10.35
01-13-2025 14:24:10,55.4591632689727,1017.81499767172,10.35
01-13-2025 14:34:10,54.2617464080689,1015.57618636506,10.37
01-13-2025 14:44:10,54.4490755856999,1013.86032613649,10.37
01-13-2025 14:54:10,55.9390263632241,1015.26963443994,10.38
01-13-2025 15:04:10,55.1056086114567,1015.31684877314,10.38
01-13-2025 15:14:10,54.8324593924851,1012.55030115043,10.39
01-13-2025 15:24:10,54.6520760669683,1010.8042717081,10.4
01-13-2025 15:34:10,54.7466232791609,1011.96532630312,10.4
01-13-2025 15:44:10,54.7448686343398,1010.92907685139,10.39
01-13-2025 15:54:10,55.121329080013,1008.16212241946,10.4
01-13-2025 16:04:10,53.9199574991613,1006.4157625164,10.41
01-13-2025 16:14:10,54.5679254556234,1005.38000823694,10.4
01-13-2025 16:24:10,54.9408883498082,1004.40666347224,10.4
01-13-2025 16:34:10,54.664179624073,1006.58889851901,10.4
01-13-2025 16:44:10,54.8515173147101,1005.33721499584,10.4
01-13-2025 16:54:10,55.4065536751684,1006.52912238485,10.39
01-13-2025 17:04:10,55.7687837695839,1005.92608077931,10.36
01-13-2025 17:14:10,55.4886046340163,1006.37554025759,10.35
01-13-2025 17:24:10,56.3216827122985,1009.05143441167,10.34
01-13-2025 17:34:10,54.3683396315588,1008.88173688044,10.32
01-13-2025 17:44:10,54.8233378636611,1010.31900000102,10.29
01-13-2025 17:54:10,55.6596374457923,1009.62518072821,10.29
01-13-2025 18:04:10,56.4887040850211,1011.21738437651,10.27
01-13-2025 18:14:10,54.8144668713716,1010.58426263125,10.25
01-13-2025 18:24:10,55.5507155555079,1013.2883232144,10.23
01-13-2025 18:34:10,54.711216558586,1013.67471360416,10.21
01-13-2025 18:44:10,55.8107899259378,1013.47250430763,10.17
01-13-2025 18:54:10,55.7127153711999,1015.71161759266,10.15
01-13-2025 19:04:10,54.4036666411089,1017.91695423428,10.11
01-13-2025 19:14:10,55.6021699393561,1018.48788831571,10.09
01-13-2025 19:24:10,55.5932184144194,1020.19926262342,10.06
01-13-2025 19:34:10,56.8763799159007,1018.60772972827,10.02
01-13-2025 19:44:10,57.1447208594066,1019.67073054632,9.99
01-13-2025 19:54:10,55.0078099318135,1020.45584893201,9.96
01-13-2025 20:04:10,55.6428414103312,1020.43791057816,9.92
01-13-2025 20:14:10,55.5414256261256,1018.35651816987,9.89
01-13-2025 20:24:10,55.0703092823293,1020.89796511453,9.86
01-13-2025 20:34:10,57.2794454472253,1019.37211027154,9.83
01-13-2025 20:44:10,54.4058867049938,1019.51015005362,9.8
01-13-2025 20:54:10,55.87163463435,1021.61756428106,9.76
01-13-2025 21:04:10,56.047317914642,1022.30933651014,9.73
01-13-2025 21:14:10,55.1150111697432,1020.41578611575,9.7
01-13-2025 21:24:10,56.0292222014669,1024.43072071675,9.67
01-13-2025 21:34:10,56.666169093789,1024.291165994,9.64
01-13-2025 21:44:10,55.7343427706027,1025.35121328357,9.61
01-13-2025 21:54:10,55.9063006040964,1026.25555979512,9.57
01-13-2025 22:04:10,57.0075047884861,1027.28576847399,9.55
01-13-2025 22:14:10,55.5230073725014,1027.79155073379,9.52
01-13-2025 22:24:10,55.514075420179,1028.48157909345,9.49
01-13-2025 22:34:10,54.5835355226879,1030.09301816761,9.46
01-13-2025 22:44:10,55.7761741812104,1033.79446665716,9.44
01-13-2025 22:54:10,55.4056926147308,1032.85953470274,9.43
01-13-2025 23:04:10,55.2230246858518,1036.50305934512,9.43
01-13-2025 23:14:10,56.6031446363937,1037.04225525053,9.42
01-13-2025 23:24:10,56.4169024391269,1041.45076016164,9.41
01-13-2025 23:34:10,55.4051130461056,1042.33009841038,9.41
01-13-2025 23:44:10,57.337725850186,1041.94777115444,9.4
01-13-2025 23:54:10,56.6944857873126,1044.94590262958,9.4
01-14-2025 00:04:10,57.2488014136936,1046.83864090648,9.4
01-14-2025 00:14:10,56.694073783859,1048.11421999659,9.39
01-14-2025 00:24:10,56.5999570241944,1049.29756983341,9.38
01-14-2025 00:34:10,56.2331203209814,1049.90069742799,9.38
01-14-2025 00:44:10,58.261041705086,1054.09601167696,9.38
01-14-2025 00:54:10,57.1464463735814,1055.3332760746,9.35
01-14-2025 01:04:10,55.3948952784022,1053.56948209941,9.34
01-14-2025 01:14:10,56.40218333782,1054.59537813532,9.32
01-14-2025 01:24:10,56.0319472840389,1054.48922503828,9.31
01-14-2025 01:34:10,58.0514022576135,1056.52741155273,9.29
01-14-2025 01:44:10,57.2209323835653,1058.17000013272,9.28
01-14-2025 01:54:10,58.0434427643221,1059.19508573486,9.26
01-14-2025 02:04:10,56.661049909819,1058.72085686195,9.25
01-14-2025 02:14:10,56.106953766305,1058.89083810053,9.24
01-14-2025 02:24:10,57.2973652701944,1059.27177709666,9.22
01-14-2025 02:34:10,58.3071694498589,1059.53381338012,9.21
01-14-2025 02:44:10,57.4735061158542,1061.93821562761,9.19
01-14-2025 02:54:10,56.6472688169811,1062.63330529412,9.19
01-14-2025 03:04:10,55.9978960368083,1064.11741872721,9.17
01-14-2025 03:14:10,56.4521015980587,1062.93465878594,9.15
01-14-2025 03:24:10,57.3658468011247,1062.57975589434,9.13
01-14-2025 03:34:10,57.1762580608461,1063.51195014996,9.11
01-14-2025 03:44:10,57.541825776025,1063.13056269448,9.1
01-14-2025 03:54:10,56.2458757195256,1064.08925066423,9.07
01-14-2025 04:04:10,56.9753386233018,1063.45909626017,9.05
01-14-2025 04:14:10,57.3443890836899,1068.38049350853,9.05
01-14-2025 04:24:10,55.6850291419791,1069.49542749302,9.03
01-14-2025 04:34:10,56.686324523147,1067.60533676507,9
01-14-2025 04:44:10,56.4970028661372,1068.72015907024,8.98
01-14-2025 04:54:10,56.9504717881667,1071.12021248672,8.96
01-14-2025 05:04:10,57.5910686413871,1068.44397433183,8.95
01-14-2025 05:14:10,57.1298968162637,1068.52237745618,8.94
01-14-2025 05:24:10,56.5734147657479,1074.77726967975,8.92
01-14-2025 05:34:10,55.4699170858731,1074.02926049613,8.91
01-14-2025 05:44:10,56.1032942285251,1070.48873855767,8.88
01-14-2025 05:54:10,58.119937174474,1073.04472372655,8.87
01-14-2025 06:04:10,57.5672354355532,1074.4076268965,8.86
01-14-2025 06:14:10,57.3779582647527,1076.25493942839,8.84
01-14-2025 06:24:10,58.293128058085,1075.78282282099,8.83
01-14-2025 06:34:10,57.6451927122374,1076.62079344442,8.81
01-14-2025 06:44:10,57.7347372600963,1078.07482570773,8.8
01-14-2025 06:54:10,56.8119319255247,1080.47128958476,8.78
01-14-2025 07:04:10,58.2768700501616,1078.62400202598,8.77
01-14-2025 07:14:10,57.1708307816228,1078.54474235729,8.75
01-14-2025 07:24:10,57.9020514314699,1078.53155350363,8.74
01-14-2025 07:34:10,56.9796213589439,1081.5688130449,8.72
01-14-2025 07:44:10,56.3359424795093,1079.99750166368,8.71
01-14-2025 07:54:10,57.3383042674268,1080.55985852557,8.69
01-14-2025 08:04:10,56.9732230368406,1080.61286086794,8.69
01-14-2025 08:14:10,56.8758655975874,1080.2589719097,8.67
01-14-2025 08:24:10,56.8701437243119,1080.63814863726,8.65
01-14-2025 08:34:10,57.4248840280508,1080.39086061902,8.66
01-14-2025 08:44:10,58.1555790976384,1079.46199761338,8.65
01-14-2025 08:54:10,58.4355610455892,1081.96316845095,8.66
01-14-2025 09:04:10,57.4328642263543,1079.79197763099,8.67
01-14-2025 09:14:10,56.7965338650507,1079.0865605626,8.68
01-14-2025 09:24:10,58.3630756545363,1078.35522514478,8.7
01-14-2025 09:34:10,56.8173419676585,1076.49780551933,8.73
01-14-2025 09:44:10,55.7293370149067,1077.48173601367,8.76
01-14-2025 09:54:10,57.9458621875913,1075.9640094804,8.8
01-14-2025 10:04:10,56.582343621038,1076.48962651484,8.83
01-14-2025 10:14:10,55.5922205612275,1076.50457769218,8.88
01-14-2025 10:24:10,57.8143298517376,1076.06048206506,8.93
01-14-2025 10:34:10,56.919355509823,1075.49798133747,8.99
01-14-2025 10:44:10,58.5962436056822,1077.69132060693,9.05
01-14-2025 10:54:10,56.505830326644,1076.57734677985,9.11
01-14-2025 11:04:10,56.8081769991322,1079.02285147842,9.18
01-14-2025 11:14:10,56.0066264996438,1078.71027456,9.25
01-14-2025 11:24:10,56.6700990134068,1078.44942941542,9.3
01-14-2025 11:34:10,57.2419751097956,1078.0962419916,9.35
01-14-2025 11:44:10,57.7221526517065,1076.45305081138,9.4
01-14-2025 11:54:10,57.28114213365,1075.26934535976,9.45
01-14-2025 12:04:10,56.4638868947843,1072.57068734585,9.48
01-14-2025 12:14:10,56.9369972672975,1071.43812459845,9.51
01-14-2025 12:24:10,57.2258837865487,1072.33378528434,9.54
01-14-2025 12:34:10,56.2200226711659,1070.67399032567,9.56
01-14-2025 12:44:10,56.7856004715378,1073.23028835029,9.59
01-14-2025 12:54:10,58.2667024620445,1072.88834634464,9.6
01-14-2025 13:04:10,56.9764843952198,1073.77240255587,9.6
01-14-2025 13:14:10,57.1660101645992,1074.35317279433,9.61
01-14-2025 13:24:10,55.9750448970137,1071.12413529981,9.63
01-14-2025 13:34:10,56.9950931842202,1074.10427229494,9.64
01-14-2025 13:44:10,57.2769591948852,1075.88508852993,9.65
01-14-2025 13:54:10,57.0050745411887,1076.09712287855,9.66
01-14-2025 14:04:10,56.9177567250225,1075.20155053398,9.67
01-14-2025 14:14:10,56.9263524606378,1075.2024105515,9.69
01-14-2025 14:24:10,56.4697000703614,1074.86056235049,9.7
01-14-2025 14:34:10,57.9556574790024,1071.99886017262,9.72
01-14-2025 14:44:10,56.7638086584017,1072.09161258682,9.74
01-14-2025 14:54:10,57.3302251834843,1070.4947983967,9.77
01-14-2025 15:04:10,56.6921588005281,1069.66347618401,9.79
01-14-2025 15:14:10,57.2587638567976,1069.35921165976,9.82
01-14-2025 15:24:10,55.9699372992043,1064.76555721917,9.83
01-14-2025 15:34:10,56.440521972376,1064.11787137458,9.85
01-14-2025 15:44:10,56.3565866380584,1062.08335069301,9.87
01-14-2025 15:54:10,56.9161983942013,1061.00057986791,9.88
01-14-2025 16:04:10,56.4588672940694,1062.13663108498,9.89
01-14-2025 16:14:10,55.446683549565,1058.0024517221,9.9
01-14-2025 16:24:10,56.1877174517045,1058.14935903709,9.9
01-14-2025 16:34:10,56.7438214450992,1056.63196743741,9.9
01-14-2025 16:44:10,57.1077245879465,1054.89383310684,9.88
01-14-2025 16:54:10,55.9036495501914,1053.95985698303,9.87
01-14-2025 17:04:10,57.6577030078527,1055.3369870655,9.86
01-14-2025 17:14:10,55.7107991116514,1051.1968332139,9.84
01-14-2025 17:24:10,56.4443174510278,1053.06455019271,9.82
01-14-2025 17:34:10,56.161273729571,1055.30137791096,9.8
01-14-2025 17:44:10,57.1716439689172,1054.48905974919,9.78
01-14-2025 17:54:10,55.7801664964732,1053.67707307452,9.76
01-14-2025 18:04:10,56.0550129832826,1053.20634991748,9.75
01-14-2025 18:14:10,56.695629631324,1055.71937503242,9.73
01-14-2025 18:24:10,56.7820569586962,1056.75441776901,9.71
01-14-2025 18:34:10,57.6993263377927,1055.20431190056,9.69
01-14-2025 18:44:10,55.8471653437354,1055.77777581604,9.67
01-14-2025 18:54:10,56.8601963632411,1057.89194418048,9.66
01-14-2025 19:04:10,56.6660967154136,1057.8472357714,9.63
01-14-2025 19:14:10,57.7673552965721,1059.15842925704,9.61
01-14-2025 19:24:10,57.5731208228349,1060.58955934491,9.58
01-14-2025 19:34:10,56.4603198705877,1063.19126051122,9.56
01-14-2025 19:44:10,57.5573708818692,1061.8548996866,9.53
01-14-2025 19:54:10,57.2747390278884,1063.62587695587,9.51
01-14-2025 20:04:10,56.7192377784144,1062.87967426209,9.5
01-14-2025 20:14:10,56.2453235146082,1062.9546396972,9.46
01-14-2025 20:24:10,58.0824143379164,1065.36984160372,9.44
01-14-2025 20:34:10,55.3122774218907,1064.928273632,9.42
01-14-2025 20:44:10,57.0568360254491,1063.9342070769,9.4
01-14-2025 20:54:10,57.2314401439765,1066.46816642658,9.37
01-14-2025 21:04:10,57.1333475477058,1066.0269440799,9.35
01-14-2025 21:14:10,57.4072093399683,1067.86022730147,9.34
01-14-2025 21:24:10,56.7531260442291,1067.81485131007,9.31
01-14-2025 21:34:10,58.772167110785,1068.2022952761,9.29
01-14-2025 21:44:10,57.1093683838899,1070.61439425102,9.27
01-14-2025 21:54:10,57.1953893241744,1068.88508897481,9.25
01-14-2025 22:04:10,56.9133678878079,1068.99645888346,9.23
01-14-2025 22:14:10,57.5549742061012,1069.72439743163,9.22
01-14-2025 22:24:10,56.6290754629176,1064.13283243471,9.2
01-14-2025 22:34:10,56.9026497709573,1069.36795405506,9.19
01-14-2025 22:44:10,56.0690117398591,1072.23841768217,9.17
01-14-2025 22:54:10,56.155108660914,1071.61405710973,9.15
01-14-2025 23:04:10,57.2560886013117,1070.87066477651,9.14
01-14-2025 23:14:10,57.0661997475603,1072.54502726773,9.12
01-14-2025 23:24:10,56.0491308138502,1074.31089737883,9.1
01-14-2025 23:34:10,56.5027813043703,1072.21648036463,9.08
01-14-2025 23:44:10,56.963491239275,1070.61926031219,9.08
01-14-2025 23:54:10,56.8656080863459,1071.83381297885,9.06
01-15-2025 00:04:10,56.3119307300603,1072.83707362016,9.05
01-15-2025 00:14:10,57.8714349290144,1072.64589093898,9.04
01-15-2025 00:24:10,56.3955330749452,1074.50305221265,9.02
01-15-2025 00:34:10,58.502090137988,1077.27822007757,9
01-15-2025 00:44:10,57.393860095164,1078.85882391926,8.98
01-15-2025 00:54:10,57.1159381882635,1079.31038159477,8.97
01-15-2025 01:04:10,57.1135134988139,1076.73189501771,8.96
01-15-2025 01:14:10,56.2847719461881,1077.45911655876,8.95
01-15-2025 01:24:10,55.9116640763391,1081.33441167475,8.93
01-15-2025 01:34:10,56.2729486095863,1079.15080296848,8.91
01-15-2025 01:44:10,55.3493165517926,1081.1894399635,8.89
01-15-2025 01:54:10,56.7199143459543,1083.86987119829,8.87
01-15-2025 02:04:10,57.0845117937044,1081.75216312886,8.86
01-15-2025 02:14:10,57.265563139247,1083.67160562486,8.85
01-15-2025 02:24:10,56.6138132489109,1082.43335720784,8.82
01-15-2025 02:34:10,57.9835040313225,1085.11256315708,8.8
01-15-2025 02:44:10,57.7022366980669,1084.03147902697,8.78
01-15-2025 02:54:10,57.5163633228614,1085.3080978244,8.77
01-15-2025 03:04:10,57.2352226043181,1086.2442844691,8.75
01-15-2025 03:14:10,57.5041425769593,1084.15539419241,8.73
01-15-2025 03:24:10,57.0397824632985,1085.73320211935,8.71
01-15-2025 03:34:10,57.4002831487621,1085.56954510111,8.69
01-15-2025 03:44:10,57.8486462387971,1089.37201982478,8.66
01-15-2025 03:54:10,57.842479967877,1087.83404076897,8.64
01-15-2025 04:04:10,57.473579868554,1089.56758539194,8.63
01-15-2025 04:14:10,57.3722693077569,1088.88060241026,8.6
01-15-2025 04:24:10,57.369781935482,1088.50763926525,8.59
01-15-2025 04:34:10,55.6206520724307,1089.65225984261,8.56
01-15-2025 04:44:10,57.0829527489062,1087.8148442723,8.55
01-15-2025 04:54:10,56.9853765982283,1086.82803956091,8.53
01-15-2025 05:04:10,56.8877976821343,1086.84827445088,8.51
01-15-2025 05:14:10,57.705268496663,1083.94056508562,8.49
01-15-2025 05:24:10,57.2380724309305,1088.65360022805,8.46
01-15-2025 05:34:10,57.3270537781198,1090.84285783309,8.45
01-15-2025 05:44:10,56.5892643735136,1089.2165608184,8.43
01-15-2025 05:54:10,57.2233931670904,1091.34015480493,8.41
01-15-2025 06:04:10,58.3144991666221,1090.99451107835,8.39
01-15-2025 06:14:10,56.8526611820361,1090.68801773589,8.39
01-15-2025 06:24:10,58.6750148069953,1087.14298320498,8.37
01-15-2025 06:34:10,57.6632304071029,1087.98659091038,8.35
01-15-2025 06:44:10,57.5692910245884,1089.26064253976,8.34
01-15-2025 06:54:10,56.2837301209849,1092.57134615651,8.32
01-15-2025 07:04:10,57.2864611687936,1092.29147403995,8.31
01-15-2025 07:14:10,57.0976127100278,1091.94652919398,8.29
01-15-2025 07:24:10,58.1037145525,1095.38669432606,8.29
01-15-2025 07:34:10,57.2788976270215,1091.3611518468,8.28
01-15-2025 07:44:10,57.7331343479634,1090.71631209866,8.27
01-15-2025 07:54:10,58.2823173388565,1090.41067694519,8.27
01-15-2025 08:04:10,58.1006777699698,1090.92725943569,8.27
01-15-2025 08:14:10,58.6498552300306,1092.08335462155,8.27
01-15-2025 08:24:10,57.0065705415839,1092.50867538834,8.27
01-15-2025 08:34:10,57.1903325736305,1089.27994255863,8.27
01-15-2025 08:44:10,57.5604135553231,1088.49123162165,8.28
01-15-2025 08:54:10,56.0118613333303,1086.60603608697,8.29
01-15-2025 09:04:10,57.2006674127505,1086.02655336765,8.29
01-15-2025 09:14:10,57.8485516792647,1085.48488323625,8.31
01-15-2025 09:24:10,57.6813418620737,1082.6041696598,8.35
01-15-2025 09:34:10,57.8761205287167,1083.86317397538,8.38
01-15-2025 09:44:10,57.8953780216353,1086.62376535723,8.43
01-15-2025 09:54:10,57.7316579599332,1085.81805774624,8.48
01-15-2025 10:04:10,57.6520816159253,1081.40498036839,8.51
01-15-2025 10:14:10,56.2945111478105,1081.99715846455,8.55
01-15-2025 10:24:10,56.8626460826328,1082.01303755394,8.6
01-15-2025 10:34:10,57.5264301871594,1082.02896201863,8.66
01-15-2025 10:44:10,57.8241736268246,1082.04493185862,8.72
01-15-2025 10:54:10,56.288233049364,1082.06094707392,8.78
01-15-2025 11:04:10,57.1397112788833,1082.07700766451,8.85
01-15-2025 11:14:10,56.5269478759169,1082.09311363041,8.93
01-15-2025 11:24:10,49.9609358748633,861.275104107478,8.99
01-15-2025 11:34:10,21.6412620205449,19.0066736006525,12.22
01-15-2025 11:44:10,41.0386194031005,21.1379823558683,23.74
01-15-2025 11:54:10,41.8515587675528,26.7558472717937,24.89
01-15-2025 11:57:41,9.26956904262178,15.7179648983587,20.93
01-15-2025 12:02:41,10.6660295491683,10.9569212641456,16.12
01-15-2025 12:07:41,48.5977950406183,517.319330701093,11.07
01-15-2025 12:12:41,49.4748827087238,531.947987018609,10.67
01-15-2025 12:17:41,49.7125621511368,591.635137988995,10.31
01-15-2025 12:22:41,48.8864264614819,523.955089669557,10.08
01-15-2025 12:27:41,49.3902889072926,491.868083162887,9.94
01-15-2025 12:32:41,50.9284270741434,561.783992298808,9.85
01-15-2025 12:37:41,51.6447465975212,536.587993270846,9.79
01-15-2025 12:42:41,52.0833862401419,551.677569855687,9.73
01-15-2025 12:47:41,51.6062705588442,532.033876977852,9.69
01-15-2025 12:52:41,52.9752672874494,490.897990769936,9.65
01-15-2025 12:57:41,53.4247872189455,442.530707257448,9.62
01-15-2025 13:02:41,52.7913378641953,1102.84137546496,9.59
01-15-2025 13:07:41,52.2490084257595,1100.6878839987,9.58
01-15-2025 13:12:41,52.5368735338343,1098.53378604717,9.57
01-15-2025 13:17:41,52.9169111421441,1096.37908161037,9.56
01-15-2025 13:22:41,54.2232579073564,1094.22377068828,9.56
01-15-2025 13:27:41,51.6559456638071,1092.06785328092,9.56
01-15-2025 13:32:41,53.7042083095693,1089.91132938829,9.57
01-15-2025 13:37:41,52.8891633922817,1087.75419901038,9.57
01-15-2025 13:42:41,53.8307141821301,1085.59646214719,9.58
01-15-2025 13:47:41,52.742882421228,1085.40792090685,9.59
01-15-2025 13:52:41,53.961296205239,1083.28131624163,9.6
01-15-2025 13:57:41,53.7959139074862,1081.7073412055,9.61
01-15-2025 14:02:41,54.0918422021935,1078.47162043246,9.62
01-15-2025 14:07:41,53.4650192383083,1075.60389135675,9.63
01-15-2025 14:12:41,53.5763604543249,1074.02708166237,9.64
01-15-2025 14:17:41,51.8418714076074,1071.06502913834,9.65
01-15-2025 14:22:41,52.5068605566891,1068.65568827712,9.66
01-15-2025 14:27:41,53.7216564297658,1068.76544688422,9.66
01-15-2025 14:32:41,53.0985836840244,1065.4033241493,9.68
01-15-2025 14:37:41,52.6559320285588,1062.71415634409,9.69
01-15-2025 14:42:41,52.9477575118608,1059.22163738547,9.69
01-15-2025 14:47:41,52.0433963916714,1056.16124766949,9.7
01-15-2025 14:52:41,52.6162044772298,1056.60840701209,9.71
01-15-2025 14:57:41,52.8156890967319,1055.51416764208,9.71
01-15-2025 15:02:41,53.0192029292571,1054.11326370829,9.72
01-15-2025 15:07:41,52.2069176741899,1051.2339721332,9.73
01-15-2025 15:12:41,52.6914589936492,1052.20321632254,9.75
01-15-2025 15:17:41,53.3568024564828,1051.35392784069,9.76
01-15-2025 15:22:41,53.9298524612838,1054.66070548547,9.77
01-15-2025 15:27:41,53.0289186251884,1054.98206976196,9.79
01-15-2025 15:32:41,53.3248500079628,1057.64180944713,9.8
01-15-2025 15:37:41,53.2512007690859,1049.3055296825,9.81
01-15-2025 15:42:41,52.6230714115031,1049.00690280828,9.82
01-15-2025 15:47:41,53.5699703155673,1049.41735149176,9.84
01-15-2025 15:52:41,53.4038311642409,1048.37794854652,9.85
01-15-2025 15:57:41,52.3132887318527,1049.6486549906,9.86
01-15-2025 16:02:41,51.9621079394531,1047.12875802867,9.87
01-15-2025 16:13:00,53.0940946502713,1046.61190086822,9.89
01-15-2025 16:23:00,53.9489869937387,1048.12857662711,9.91
01-15-2025 16:33:00,53.4127842995963,1047.73267242845,9.92
01-15-2025 16:43:00,53.153935728108,1048.35340150009,9.93
01-15-2025 16:53:00,53.1684581944114,1046.2287958746,9.93
01-15-2025 17:03:00,52.2581214241485,1051.03990436391,9.93
01-15-2025 17:13:00,52.3650951853383,1052.61345675458,9.93
01-15-2025 17:23:00,52.9344738299754,1054.27888693464,9.93
01-15-2025 17:33:00,53.0333536406383,1053.78295208548,9.91
01-15-2025 17:43:00,53.0477936574888,1055.72435986139,9.91
01-15-2025 17:53:00,52.0371352195491,1059.48016005517,9.89
01-15-2025 18:03:00,53.7157623656303,1061.42009268118,9.89
01-15-2025 18:13:00,51.9695305253825,1059.59773940754,9.88
01-15-2025 18:23:00,53.6398628145751,1061.31683332953,9.86
01-15-2025 18:33:00,53.55772334787,1063.7454886645,9.85
01-15-2025 18:43:00,54.3073815267509,1064.13991404191,9.84
01-15-2025 18:53:00,52.8349422195266,1065.57890851728,9.82
01-15-2025 19:03:00,53.2108224204542,1065.35381776526,9.8
01-15-2025 19:13:00,53.9561017177715,1066.60633485009,9.78
01-15-2025 19:23:00,54.4281629080287,1070.60064787353,9.77
01-15-2025 19:33:00,54.799483900264,1072.52566201792,9.74
01-15-2025 19:43:00,54.528421483776,1073.2208532879,9.72
01-15-2025 19:53:00,54.442079182366,1074.09993527052,9.7
01-15-2025 20:03:00,54.6326864558092,1076.1782578565,9.68
01-15-2025 20:13:00,53.6233470341112,1077.88621405197,9.66
01-15-2025 20:23:00,55.1982629552516,1082.63849680758,9.64
01-15-2025 20:33:00,53.3586783022079,1082.03710386291,9.62
01-15-2025 20:43:00,54.8408830252292,1082.72693410064,9.6
01-15-2025 20:53:00,54.2932811965255,1083.2315174954,9.58
01-15-2025 21:03:00,54.5800085582342,1085.18377633201,9.57
01-15-2025 21:13:00,53.2947604433556,1088.45344000242,9.55
01-15-2025 21:23:00,53.8540624812516,1089.13972323659,9.53
01-15-2025 21:33:00,54.7778446239703,1087.54750968702,9.5
01-15-2025 21:43:00,53.4972254649101,1086.26965876551,9.49
01-15-2025 21:53:00,54.4248822441659,1087.04646144099,9.47
01-15-2025 22:03:00,54.0661572021949,1091.20528142324,9.46
01-15-2025 22:13:00,54.352550056075,1089.37288265705,9.45
01-15-2025 22:23:00,54.4586824911523,1092.76576461487,9.45
01-15-2025 22:33:00,54.74499499981,1096.46104749235,9.44
01-15-2025 22:43:00,53.8334249196282,1095.36389677381,9.43
01-15-2025 22:53:00,55.0410483098089,1095.92473188019,9.42
01-15-2025 23:03:00,54.502159172043,1094.70778947091,9.42
01-15-2025 23:13:00,55.2448360325638,1093.08325148639,9.4
01-15-2025 23:23:00,55.0744756308771,1096.10281611683,9.4
01-15-2025 23:33:00,55.3605484075698,1100.43776558759,9.39
01-15-2025 23:43:00,54.9097147346658,1101.4556656904,9.38
01-15-2025 23:53:00,54.7352316685718,1102.19653415148,9.37
01-16-2025 00:03:00,54.5607601029145,1103.76554255619,9.36
01-16-2025 00:13:00,56.5000412738516,1106.37258770042,9.34
01-16-2025 00:23:00,55.0364420654545,1110.88608601202,9.33
01-16-2025 00:33:00,54.9540228097264,1108.95377203703,9.32
01-16-2025 00:43:00,55.0516010953398,1112.29398302974,9.3
01-16-2025 00:53:00,55.8896173289672,1112.20173357022,9.29
01-16-2025 01:03:00,57.0913803433835,1114.61927809725,9.27
01-16-2025 01:13:00,56.1763767320017,1118.50782126448,9.25
01-16-2025 01:23:00,55.2657586641413,1117.49331476556,9.24
01-16-2025 01:33:00,56.2831363766337,1118.9875175314,9.22
01-16-2025 01:43:00,56.1964021442445,1119.56088526752,9.2
01-16-2025 01:53:00,56.3897946951109,1118.63692678545,9.19
01-16-2025 02:03:00,55.5673369304947,1121.60011519048,9.17
01-16-2025 02:13:00,56.0365726330616,1122.69808342352,9.16
01-16-2025 02:23:00,54.938497937108,1123.17643800598,9.14
01-16-2025 02:33:00,55.7753893116628,1125.10030698514,9.13
01-16-2025 02:43:00,55.2291020571159,1127.04781240812,9.11
01-16-2025 02:53:00,56.1576725867849,1124.55789485094,9.1
01-16-2025 03:03:00,56.2547330239226,1123.83877667773,9.08
01-16-2025 03:13:00,53.782898607092,1126.03511058388,9.07
01-16-2025 03:23:00,53.4208595855047,1125.86608325058,9.05
01-16-2025 03:33:00,55.9986655316003,1127.44202044925,9.03
01-16-2025 03:43:00,55.5445268072168,1128.55766012258,9.01
01-16-2025 03:53:00,55.1864481093711,1127.99479783211,9
01-16-2025 04:03:00,57.2077533302175,1127.20503218804,8.97
01-16-2025 04:13:00,55.2886983325173,1126.82492858363,8.96
01-16-2025 04:23:00,56.3079207883825,1129.93318049597,8.95
01-16-2025 04:33:00,55.9457399869997,1128.29098000794,8.93
01-16-2025 04:43:00,55.3123972452259,1128.36812650484,8.92
01-16-2025 04:53:00,56.8819866389771,1129.27074629415,8.91
01-16-2025 05:03:00,55.1432094375116,1130.19703240024,8.89
01-16-2025 05:13:00,57.4423020123794,1130.38841330009,8.87
01-16-2025 05:23:00,56.7089265405307,1130.05311261488,8.84
01-16-2025 05:33:00,55.8924182837909,1131.87008645821,8.83
01-16-2025 05:43:00,54.9802253328798,1130.50024248108,8.81
01-16-2025 05:53:00,54.8059739095273,1128.73889752379,8.8
01-16-2025 06:03:00,56.7367324871824,1131.95354278916,8.78
01-16-2025 06:13:00,57.0208139489773,1130.28301058872,8.77
01-16-2025 06:23:00,57.2089293256576,1130.74526657323,8.75
01-16-2025 06:33:00,56.5761836833069,1130.44908443927,8.74
01-16-2025 06:43:00,58.1434368321044,1130.51901330771,8.73
01-16-2025 07:03:00,56.5857700080028,1129.81242627723,8.7
01-16-2025 07:13:00,56.5947161787187,1128.78159489522,8.69
01-16-2025 07:23:00,57.0617936345334,1130.31595366568,8.68
01-16-2025 07:33:00,56.6083880993796,1134.43910707684,8.66
01-16-2025 07:43:00,56.5256781597328,1133.31488013685,8.65
01-16-2025 07:53:00,56.1681588788978,1135.02990521427,8.64
01-16-2025 08:03:00,56.177060157578,1133.81303188093,8.63
01-16-2025 08:13:00,56.3691231506222,1133.87799474307,8.62
01-16-2025 08:23:00,56.1032330525015,1133.20970485635,8.61
01-16-2025 08:33:00,56.8488781775415,1133.61554904888,8.61
01-16-2025 08:43:00,57.1365966760899,1133.10496648293,8.61
01-16-2025 08:53:00,56.7832244935063,1132.59377743171,8.61
01-16-2025 09:03:00,55.6137751621755,1130.38440503544,8.63
01-16-2025 09:13:00,56.730015858155,1131.22134027562,8.64
01-16-2025 09:23:00,56.8428819530978,1128.82676334401,8.66
01-16-2025 09:33:00,55.2229202154721,1129.40527761555,8.7
01-16-2025 09:43:00,56.8979154228682,1128.08316202943,8.73
01-16-2025 09:53:00,57.4776544642959,1125.26785487792,8.77
01-16-2025 10:03:00,56.1316431205529,1123.82596343581,8.81
01-16-2025 10:13:00,55.9816089414686,1121.34801609951,8.86
01-16-2025 10:23:00,56.6533401931545,1122.74777204541,8.9
01-16-2025 10:33:00,55.6770335770743,1123.84708086937,8.95
01-16-2025 10:43:00,56.5410724268225,1125.83992253307,9.01
01-16-2025 10:53:00,57.5896412148852,1123.33099386619,9.07
01-16-2025 11:03:00,56.6123707995593,1117.90286721429,9.12
01-16-2025 11:13:00,56.1861250082986,1116.14852071355,9.17
01-16-2025 11:23:00,56.7673217468914,1115.52203088764,9.21
01-16-2025 11:33:00,57.8046694209432,1114.46039222628,9.24
01-16-2025 11:43:00,56.4496527736474,1113.94980608251,9.27
01-16-2025 11:53:00,57.4873477223841,1110.86089199933,9.3
01-16-2025 12:03:00,55.3909592192197,1113.87276478743,9.32
01-16-2025 12:13:00,55.7800552249009,1111.17600491676,9.34
01-16-2025 12:23:00,55.6166916782369,1113.72707416206,9.36
01-16-2025 12:33:00,56.1901088147,1110.93610174695,9.38
01-16-2025 12:43:00,58.1454744464901,1113.21025172135,9.4
01-16-2025 12:53:00,56.6003253597317,1110.4170901961,9.42
01-16-2025 13:03:00,58.0076787967225,1109.71538863165,9.45
01-16-2025 13:13:00,57.6600751604891,1109.40791014729,9.47
01-16-2025 13:23:00,56.855623435098,1107.5059662163,9.5
01-16-2025 13:33:00,55.8663724764657,1106.43239690004,9.53
01-16-2025 13:43:00,57.8280043539932,1104.25093624322,9.56
01-16-2025 13:53:00,56.7462343706852,1103.26709690365,9.59
01-16-2025 14:03:00,56.5866669188577,1101.72853688522,9.62
01-16-2025 14:13:00,56.0619650628231,1101.17664687143,9.66
01-16-2025 14:23:00,56.0867542485519,1101.29723720905,9.69
01-16-2025 14:33:00,56.4892041090617,1097.7610298117,9.74
01-16-2025 14:43:00,56.1486937948938,1099.23782510247,9.78
01-16-2025 14:53:00,55.9927732790801,1099.42111239791,9.82
01-16-2025 15:03:00,57.2190628407294,1097.69021747532,9.85
01-16-2025 15:13:00,57.6180735670822,1098.33408825968,9.89
01-16-2025 15:23:00,56.5417128340653,1095.43553721339,9.94
01-16-2025 15:33:00,56.0114291738694,1091.29490223195,9.97
01-16-2025 15:43:00,56.7805232926965,1091.19511300557,10.01
01-16-2025 15:53:00,56.1574106946815,1090.65989770326,10.04
01-16-2025 16:03:00,55.8158488175885,1089.26230500087,10.08
01-16-2025 16:13:00,56.686411198129,1091.04847470406,10.14
01-16-2025 16:23:00,56.1717998703168,1104.29958133876,10.21
01-16-2025 16:33:00,55.2897875028438,1111.13904245433,10.29
01-16-2025 16:43:00,56.7264119843935,1117.7076022326,10.37
01-16-2025 16:53:00,56.4935247132629,1120.47667961575,10.45
01-16-2025 17:03:00,56.1632829792876,1120.76607978725,10.52
01-16-2025 17:13:00,57.8731184438974,1124.33383360191,10.58
01-16-2025 17:23:00,56.6092030922878,1124.74288680108,10.64
01-16-2025 17:33:00,57.66107542178,1124.18007686394,10.68
01-16-2025 17:43:00,57.6901948594432,1131.05888814239,10.72
01-16-2025 17:53:00,56.7928941063763,1130.1917137168,10.77
01-16-2025 18:03:00,57.1898826566941,1127.69859245782,10.8
01-16-2025 18:13:00,56.6559312129252,1128.36942717068,10.83
01-16-2025 18:23:00,55.9395856188272,1127.61730952074,10.87
01-16-2025 18:33:00,56.1502960908513,1128.84612457484,10.9
01-16-2025 18:43:00,56.3569180328417,1130.75253945635,10.92
01-16-2025 18:53:00,56.9363289416609,1130.14285137927,10.94
01-16-2025 19:03:00,55.3722769490087,1131.4895609015,10.96
01-16-2025 19:13:00,56.0448886510225,1131.53103447656,10.98
01-16-2025 19:23:00,56.2515387254061,1131.94480144673,11
01-16-2025 19:33:00,56.1743561675774,1132.75636792673,11.01
01-16-2025 19:43:00,56.5633578291213,1133.84716482122,11.02
01-16-2025 19:53:00,57.4228877235772,1135.75162651255,11.04
01-16-2025 20:03:00,56.0358859615604,1137.33298686288,11.04
01-16-2025 20:13:00,57.6415946792735,1136.53215054305,11.06
01-16-2025 20:23:00,57.0005165276589,1140.53756585422,11.06
01-16-2025 20:33:00,55.8039108086269,1142.74559397473,11.07
01-16-2025 20:43:00,57.4056548474344,1141.12865236768,11.08
01-16-2025 20:53:00,57.5107084416033,1141.77458020542,11.08
01-16-2025 21:03:00,57.429175666693,1145.21844974572,11.08
01-16-2025 21:13:00,55.9565980566605,1147.49368190503,11.1
01-16-2025 21:23:00,55.6033133205064,1155.64768872444,11.12
01-16-2025 21:33:00,58.2277810898666,1150.97251602667,11.12
01-16-2025 21:43:00,57.3105603420013,1160.45696279667,11.13
01-16-2025 21:53:00,57.6106811980057,1154.79943823456,11.15
01-16-2025 22:03:00,56.9689955584104,1158.6147759803,11.15
01-16-2025 22:13:00,58.384946822627,1156.15241706156,11.16
01-16-2025 22:23:00,55.5963324458614,1151.00607226592,11.16
01-16-2025 22:33:00,57.5681004371574,1152.11297830819,11.16
01-16-2025 22:43:00,56.739617316238,1147.43212631238,11.16
01-16-2025 22:53:00,56.5645057839705,1140.2304566712,11.16
01-16-2025 23:03:00,55.6385567693168,1136.78702107761,11.15
01-16-2025 23:13:00,54.899386669041,1131.2903134123,11.14
01-16-2025 23:23:00,55.3775434457867,1122.22137911095,11.14
01-16-2025 23:33:00,55.7500658225732,1120.79057126251,11.11
01-16-2025 23:43:00,56.9703452734869,1113.98875900205,11.1
01-16-2025 23:53:00,55.8540256607688,1109.6402205725,11.08
01-17-2025 00:03:00,56.7983304033649,1107.47607700218,11.08
01-17-2025 00:13:00,55.6821769341447,1102.19528559247,11.06
01-17-2025 00:23:00,55.5029859450639,1101.92352910916,11.05
01-17-2025 00:33:00,55.7900914452421,1097.73443007977,11.04
01-17-2025 00:43:00,54.3014134961547,1096.55761442076,11.02
01-17-2025 00:53:00,54.957432725204,1096.77900007091,11
01-17-2025 01:03:00,55.8887910819724,1097.40078346231,10.97
01-17-2025 01:13:00,55.7014771105956,1101.56280750085,10.94
01-17-2025 01:23:00,56.1705082540512,1101.87473571845,10.92
01-17-2025 01:33:00,55.894115633551,1100.50912797557,10.9
01-17-2025 01:43:00,55.6218611915027,1102.00298684543,10.89
01-17-2025 01:53:00,55.7222116831289,1101.16740748816,10.88
01-17-2025 02:03:00,57.1222811287014,1103.71203823876,10.86
01-17-2025 02:13:00,55.8174531832384,1104.14132389868,10.83
01-17-2025 02:23:00,57.1196861349334,1106.71088027591,10.8
01-17-2025 02:33:00,56.839169133459,1104.81145023895,10.77
01-17-2025 02:43:00,55.2561121326568,1108.02987200825,10.74
01-17-2025 02:53:00,56.7436089964456,1108.82759541525,10.71
01-17-2025 03:03:00,57.3045573597423,1111.64337124095,10.69
01-17-2025 03:13:00,55.8153016905096,1111.22993988594,10.66
01-17-2025 03:23:00,56.4650147328604,1109.14265676471,10.63
01-17-2025 03:33:00,56.370831327125,1105.66149867537,10.6
01-17-2025 03:43:00,57.4889335224884,1106.05677751746,10.58
01-17-2025 03:53:00,55.2615243606421,1104.96461068193,10.56
01-17-2025 04:03:00,58.3304836160804,1106.93812256318,10.54
01-17-2025 04:13:00,57.4928048490721,1107.08004765769,10.51
01-17-2025 04:23:00,56.9382289144931,1109.98005478931,10.49
01-17-2025 04:33:00,55.9195134254633,1111.11429194025,10.47
01-17-2025 04:43:00,57.1293605902338,1115.40431673859,10.45
01-17-2025 04:53:00,57.6932109456551,1114.37420481024,10.44
01-17-2025 05:03:00,57.9742558684294,1114.20605477343,10.42
01-17-2025 05:13:00,57.0486755140748,1115.42951309978,10.4
01-17-2025 05:23:00,57.7936860490304,1116.83760707442,10.38
01-17-2025 05:33:00,56.6869324110011,1116.08391555562,10.37
01-17-2025 05:43:00,56.7823768695105,1118.97481267649,10.35
01-17-2025 05:53:00,55.9542230561099,1120.07530083765,10.34
01-17-2025 06:03:00,57.1669248414893,1120.06189131817,10.33
01-17-2025 06:13:00,56.1533279790874,1123.3870385885,10.32
01-17-2025 06:23:00,56.9948143287256,1121.42449234623,10.31
01-17-2025 06:33:00,56.8119001134955,1121.15738667288,10.29
01-17-2025 06:43:00,57.278064298498,1120.98248929375,10.27
01-17-2025 06:53:00,57.1878416131407,1122.10493245034,10.25
01-17-2025 07:03:00,55.4291799751328,1122.76298910694,10.23
01-17-2025 07:13:00,58.3007077715816,1125.48526419256,10.2
01-17-2025 07:23:00,56.8204829631358,1122.80573156775,10.18
01-17-2025 07:33:00,56.1785364129946,1119.45136435926,10.17
01-17-2025 07:43:00,56.5475755129797,1122.91243141763,10.14
01-17-2025 07:53:00,57.754089380309,1121.62194247721,10.12
01-17-2025 08:03:00,57.2007957274619,1122.83149431936,10.1
01-17-2025 08:13:00,57.5776914710145,1124.75465299819,10.09
01-17-2025 08:23:00,57.7693401358357,1122.6956435792,10.08
01-17-2025 08:33:00,58.983597573825,1124.49857845926,10.08
01-17-2025 08:43:00,56.7761809306765,1124.33037660614,10.09
01-17-2025 08:53:00,56.7867623131284,1126.13222996799,10.09
01-17-2025 09:03:00,56.8014235960543,1128.37056096935,10.1
01-17-2025 09:13:00,58.7608514418085,1123.66296220725,10.11
01-17-2025 09:23:00,57.3905319486939,1127.3560896523,10.13
01-17-2025 09:33:00,57.4978172099147,1122.09035423969,10.14
01-17-2025 09:43:00,57.8871858409321,1125.59755405902,10.16
01-17-2025 09:53:00,58.4661853199123,1120.73954694416,10.19
01-17-2025 10:03:00,56.8209862632396,1118.93733683283,10.22
01-17-2025 10:13:00,57.4926696438418,1119.35863050237,10.25
01-17-2025 10:23:00,57.0478010873732,1117.39537267881,10.27
01-17-2025 10:33:00,57.5301141073606,1116.54371080743,10.29
01-17-2025 10:43:00,56.3431002037478,1111.6102945819,10.31
01-17-2025 10:53:00,57.757191635023,1112.58435100957,10.34
01-17-2025 11:03:00,56.9449615437263,1112.63033285883,10.37
01-17-2025 11:13:00,57.068675150401,1106.68066087762,10.42
01-17-2025 11:23:00,57.7537768082844,1106.45548134518,10.48
01-17-2025 11:33:00,58.6168144075776,1106.37770612651,10.52
01-17-2025 11:43:00,56.6927113795375,1105.55588854448,10.56
01-17-2025 11:53:00,56.8970477619341,1105.90378263282,10.58
01-17-2025 12:03:00,56.7337225296207,1107.98963066607,10.61
01-17-2025 12:13:00,56.6591918260392,1106.66332638355,10.63
01-17-2025 12:23:00,58.0765559659018,1104.65728909442,10.66
01-17-2025 12:33:00,56.7041815119526,1108.50947567567,10.69
01-17-2025 12:43:00,56.9127255296576,1106.12957961442,10.72
01-17-2025 12:53:00,57.7685473922328,1107.86997549115,10.74
01-17-2025 13:03:00,57.6898341716098,1108.80028452298,10.75
01-17-2025 13:13:00,58.262516410905,1109.17175814535,10.76
01-17-2025 13:23:00,57.9976569399056,1106.75064466317,10.77
01-17-2025 13:33:00,56.5227680878909,1107.67924758822,10.78
01-17-2025 13:43:00,57.9373547691852,1110.16230535665,10.8
01-17-2025 13:53:00,57.1178820362139,1107.33864095832,10.82
01-17-2025 14:03:00,58.1562794500132,1103.98275582299,10.83
01-17-2025 14:13:00,55.6603899957158,1100.59755813683,10.85
01-17-2025 14:23:00,56.9823762704858,1100.0979978975,10.87
01-17-2025 14:33:00,56.2513489628571,1099.16023580452,10.88
01-17-2025 14:43:00,57.0147317653928,1096.33015443704,10.9
01-17-2025 14:53:00,56.0971738418717,1096.04283633281,10.91
01-17-2025 15:03:00,56.1111870785742,1097.15245612335,10.92
01-17-2025 15:13:00,57.7092396687149,1100.59112627535,10.93
01-17-2025 15:23:00,56.3255393600988,1098.0657536678,10.94
01-17-2025 15:33:00,57.4619863356871,1095.51077556653,10.96
01-17-2025 15:43:00,56.5439572482354,1095.68625582317,10.97
01-17-2025 15:53:00,57.2104230972435,1093.43756940203,10.98
01-17-2025 16:03:00,57.0420852017834,1090.78606425356,11
01-17-2025 16:13:00,56.2209774153012,1089.43854911509,11.02
01-17-2025 16:23:00,57.353863506088,1085.50821972072,11.03
01-17-2025 16:33:00,55.5066764389058,1083.87859299346,11.05
01-17-2025 16:43:00,55.3339353469512,1084.51601286349,11.06
01-17-2025 16:53:00,57.1199865509172,1082.72769424131,11.07
01-17-2025 17:03:00,56.107740514433,1083.17733640793,11.08
01-17-2025 17:13:00,57.2369166774866,1083.65598810245,11.08
01-17-2025 17:23:00,56.3178600124473,1082.70513874522,11.09
01-17-2025 17:33:00,58.0959454400079,1085.17118167322,11.08
01-17-2025 17:43:00,57.7325130998814,1084.43530969719,11.08
01-17-2025 17:53:00,57.3690642698643,1087.52351375925,11.08
01-17-2025 18:03:00,56.8190290707681,1088.55884266495,11.08
01-17-2025 18:13:00,56.2608885891858,1084.80168089057,11.06
01-17-2025 18:23:00,56.5462781946149,1089.40905212313,11.05
01-17-2025 18:33:00,56.9207752724431,1089.38139565521,11.03
01-17-2025 18:43:00,57.8545608911922,1092.52316069811,11.01
01-17-2025 18:53:00,57.9532219824261,1091.06653148829,11
01-17-2025 19:03:00,57.3019625852898,1091.31646673007,10.98
01-17-2025 19:13:00,57.5870291155158,1087.15602138536,10.97
01-17-2025 19:23:00,58.0542686203772,1087.77805323873,10.95
01-17-2025 19:33:00,56.3863074138783,1088.90011426539,10.95
01-17-2025 19:43:00,57.3195271504012,1088.68196169234,10.93
01-17-2025 19:53:00,56.0204895606134,1087.03651896372,10.92
01-17-2025 20:03:00,56.5849464109452,1088.09252309568,10.91
01-17-2025 20:13:00,56.4931446280099,1088.71110547246,10.89
01-17-2025 20:23:00,58.0820009345568,1088.92723100874,10.88
01-17-2025 20:33:00,56.7792677399411,1089.73059747095,10.86
01-17-2025 20:43:00,56.7805462889214,1091.65051642073,10.84
01-17-2025 20:53:00,57.1583141098966,1090.56098485473,10.83
01-17-2025 21:03:00,55.7630716644389,1090.24483583339,10.81
01-17-2025 21:13:00,58.3707490958681,1093.09295356947,10.79
01-17-2025 21:23:00,57.0728665074919,1091.35037941919,10.78
01-17-2025 21:33:00,57.7295864666187,1091.65495052072,10.77
01-17-2025 21:43:00,57.5445297505482,1093.66269556579,10.75
01-17-2025 21:53:00,57.8288497513892,1097.59463456162,10.74
01-17-2025 22:03:00,57.089674215034,1099.0133014417,10.73
01-17-2025 22:13:00,57.741959094581,1103.25013575548,10.71
01-17-2025 22:23:00,56.9139723625897,1103.15053588256,10.71
01-17-2025 22:33:00,58.2172399114996,1106.91983801849,10.69
01-17-2025 22:43:00,58.4124763545914,1108.58626449498,10.69
01-17-2025 22:53:00,58.1384833092269,1112.88368837704,10.68
01-17-2025 23:03:00,58.9847069689989,1112.68867862938,10.68
01-17-2025 23:13:00,59.4546438292332,1114.65930970788,10.67
01-17-2025 23:23:00,58.905803192233,1114.5560988494,10.67
01-17-2025 23:33:00,57.3298795294846,1119.22196343446,10.66
01-17-2025 23:53:00,58.2647437183636,1121.84087292832,10.65
01-18-2025 00:03:00,57.6188440683897,1121.1116104308,10.64
01-18-2025 00:13:00,57.7167861371167,1124.10064869075,10.63
01-18-2025 00:23:00,57.1680305066601,1126.31868307762,10.63
01-18-2025 00:33:00,59.1294481296962,1127.42047109326,10.63
01-18-2025 00:43:00,57.3679624594682,1128.64069112923,10.62
01-18-2025 00:53:00,57.3728907319719,1130.97559194515,10.61
01-18-2025 01:03:00,58.4002428920069,1130.89285792776,10.6
01-18-2025 01:13:00,57.5726831296896,1131.52722360276,10.6
01-18-2025 01:23:00,58.8787385860945,1129.67733801348,10.59
01-18-2025 01:33:00,60.1845829926041,1130.986915215,10.58
01-18-2025 01:43:00,58.5206830931962,1132.82752049532,10.58
01-18-2025 01:53:00,57.7861179776758,1131.69359521428,10.58
01-18-2025 02:03:00,58.534330657572,1132.07181658349,10.57
01-18-2025 02:13:00,57.521003844485,1135.11852907085,10.57
01-18-2025 02:23:00,58.1803673835568,1135.00507770462,10.57
01-18-2025 02:33:00,58.096289169605,1135.82030143204,10.57
01-18-2025 02:43:00,59.406116834137,1135.42685262158,10.57
01-18-2025 02:53:00,57.1887212193417,1136.12245774995,10.58
01-18-2025 03:03:00,58.6844837316547,1138.42288678495,10.58
01-18-2025 03:13:00,58.0468483791339,1140.04698188346,10.59
01-18-2025 03:23:00,57.4009434272296,1141.90670387061,10.58
01-18-2025 03:33:00,58.6220194656739,1143.62279297667,10.59
01-18-2025 03:43:00,59.4672328615649,1141.36680753631,10.59
01-18-2025 03:53:00,59.290066690561,1141.61965225422,10.59
01-18-2025 04:03:00,57.0681578756579,1142.15071678058,10.59
01-18-2025 04:13:00,58.0062638997866,1144.72590097568,10.59
01-18-2025 04:23:00,58.3825533802263,1146.86042696566,10.58
01-18-2025 04:33:00,58.5770757002346,1146.27440868447,10.58
01-18-2025 04:43:00,58.4886223344534,1147.6640139388,10.57
01-18-2025 04:53:00,58.4889356611558,1150.00642263055,10.55
01-18-2025 05:03:00,59.0508298456746,1151.30130436253,10.54
01-18-2025 05:13:00,59.0552228367887,1150.36577395149,10.53
01-18-2025 05:23:00,58.6880266621462,1151.7521058496,10.52
01-18-2025 05:33:00,58.4096142010462,1149.16796025752,10.5
01-18-2025 05:43:00,59.1527915484259,1153.82748062521,10.48
01-18-2025 05:53:00,59.1571153908512,1155.2111952372,10.47
01-18-2025 06:03:00,59.6214513537443,1158.47486339689,10.45
01-18-2025 06:13:00,59.6172528296042,1160.64653913051,10.42
01-18-2025 06:23:00,58.2210002311579,1161.23896798668,10.39
01-18-2025 06:33:00,58.1284237429405,1163.1988772782,10.37
01-18-2025 06:43:00,58.8666695574288,1163.23266026216,10.34
01-18-2025 06:53:00,58.5884952504905,1161.10911303058,10.32
01-18-2025 07:03:00,58.7657782643963,1165.52374830385,10.28
01-18-2025 07:13:00,58.1168667651552,1163.86313396643,10.26
01-18-2025 07:23:00,59.7856042065383,1161.92430239839,10.24
01-18-2025 07:33:00,60.9860853459378,1167.79393962273,10.21
01-18-2025 07:43:00,57.4645533503684,1161.86945011182,10.19
01-18-2025 07:53:00,59.7725751504217,1164.42371329267,10.15
01-18-2025 08:03:00,59.4987684621964,1166.81414424966,10.14
01-18-2025 08:13:00,59.591268595174,1164.59566665334,10.12
01-18-2025 08:23:00,58.3914200921957,1163.09475554012,10.11
01-18-2025 08:33:00,59.4141780728787,1159.83402236258,10.1
01-18-2025 08:43:00,59.7886040162,1158.33246569084,10.09
01-18-2025 08:53:00,58.7782840223627,1158.01050501441,10.09
01-18-2025 09:03:00,59.7124393350554,1157.5027481578,10.09
01-18-2025 09:13:00,58.2432154341368,1154.84081297028,10.1
01-18-2025 09:23:00,57.8850584652707,1153.19657576527,10.11
01-18-2025 09:33:00,58.5538544025346,1152.33688177873,10.14
01-18-2025 09:43:00,58.662893508905,1150.11071090303,10.16
01-18-2025 09:53:00,60.5367074892936,1148.32218779644,10.19
01-18-2025 10:03:00,56.4795097711368,1145.23468865138,10.22
01-18-2025 10:13:00,59.1879857258762,1144.9263893854,10.25
01-18-2025 10:23:00,58.7490994759255,1143.38716641674,10.29
01-18-2025 10:33:00,57.6646631553126,1143.02755176096,10.34
01-18-2025 10:43:00,58.9922671813211,1142.01747872444,10.39
01-18-2025 10:53:00,57.3540799331934,1140.33121344983,10.45
01-18-2025 11:03:00,59.522736287435,1140.22193932788,10.51
01-18-2025 11:13:00,58.909636600057,1138.60000680211,10.58
01-18-2025 11:23:00,58.5665458991769,1135.44588756177,10.63
01-18-2025 11:33:00,58.874209373987,1131.35878570044,10.68
01-18-2025 11:43:00,59.2793129265589,1129.66124463014,10.74
01-18-2025 11:53:00,58.0981451393444,1123.89199416608,10.79
01-18-2025 12:03:00,58.774245281905,1120.93785203871,10.83
01-18-2025 12:13:00,58.0536652419903,1120.86862924598,10.87
01-18-2025 12:23:00,59.2001338071358,1116.9521853709,10.92
01-18-2025 12:33:00,58.758753290232,1117.16017806416,10.96
01-18-2025 12:43:00,57.4739658826173,1112.0808716279,10.99
01-18-2025 12:53:00,59.2697875759848,1111.35386130811,11.03
01-18-2025 13:03:00,57.5180434920005,1112.89164522962,11.06
01-18-2025 13:13:00,58.2843710853641,1110.60457364662,11.09
01-18-2025 13:23:00,59.4284864400411,1108.66168864979,11.13
01-18-2025 13:33:00,59.0755153679058,1105.90459534559,11.16
01-18-2025 13:43:00,59.0958137409732,1104.5461106111,11.19
01-18-2025 13:53:00,57.7153509089333,1101.87906603139,11.22
01-18-2025 14:03:00,57.1708430522399,1100.63936981771,11.24
01-18-2025 14:13:00,58.1207364738947,1102.29446934323,11.26
01-18-2025 14:23:00,57.6695135073808,1100.58615899404,11.28
01-18-2025 14:33:00,58.4287160093258,1098.34434292454,11.29
01-18-2025 14:43:00,58.3511873362183,1095.79285068066,11.31
01-18-2025 14:53:00,57.9891317123665,1093.82933876745,11.32
01-18-2025 15:03:00,57.9114821667057,1094.82718930948,11.34
01-18-2025 15:13:00,59.6991990977014,1090.33814892043,11.35
01-18-2025 15:23:00,58.4063954940284,1089.8386961857,11.37
01-18-2025 15:33:00,58.6050849843554,1086.28203666932,11.38
01-18-2025 15:43:00,58.4339090512679,1084.75206939222,11.4
01-18-2025 15:53:00,58.8238085922117,1086.12030850071,11.42
01-18-2025 16:03:00,57.9001739907948,1084.05675011318,11.43
01-18-2025 16:13:00,59.1277664299697,1083.76951465855,11.44
01-18-2025 16:23:00,58.5740170763827,1079.39527847307,11.44
01-18-2025 16:33:00,58.5814818695128,1079.97797309234,11.44
01-18-2025 16:43:00,58.4018532938831,1081.21483030239,11.44
01-18-2025 16:53:00,57.0997469551474,1079.83200472299,11.44
01-18-2025 17:03:00,58.1360851123864,1079.19688017379,11.44
01-18-2025 17:13:00,58.3264376301502,1082.14501283135,11.43
01-18-2025 17:23:00,58.053225836318,1082.06990594821,11.43
01-18-2025 17:33:00,58.9917334951242,1082.86531001472,11.42
01-18-2025 17:43:00,59.2754632875598,1082.070182661,11.41
01-18-2025 17:53:00,57.7824409866543,1084.54741447526,11.4
01-18-2025 18:03:00,57.8750973401485,1084.71524479044,11.38
01-18-2025 18:13:00,58.4392472810069,1084.94673736317,11.37
01-18-2025 18:23:00,59.2795539389475,1083.80456635458,11.35
01-18-2025 18:33:00,58.1528129948386,1084.28011484846,11.32
01-18-2025 18:43:00,57.9649813721011,1086.96823590051,11.3
01-18-2025 18:53:00,58.8048737243484,1084.14280510167,11.28
01-18-2025 19:03:00,59.0840294080638,1081.6912415535,11.26
01-18-2025 19:13:00,57.9539604508462,1083.59442518941,11.22
01-18-2025 19:23:00,58.8866756240216,1085.06428843715,11.2
01-18-2025 19:33:00,59.258964088315,1085.22610437269,11.18
01-18-2025 19:43:00,58.3243498929142,1083.80044044196,11.16
01-18-2025 19:53:00,57.7551870845889,1084.11264678782,11.12
01-18-2025 20:03:00,58.3626124795027,1085.39218919021,11.1
01-18-2025 20:13:00,58.9700213845259,1085.14916684176,11.09
01-18-2025 20:23:00,58.9646568155635,1085.24336620725,11.06
01-18-2025 20:33:00,58.5862820184707,1087.57487387187,11.03
01-18-2025 20:43:00,60.3608293620004,1088.44884530111,11.02
01-18-2025 20:53:00,58.3042336326156,1090.59120608673,10.99
01-18-2025 21:03:00,60.2604260207227,1091.95793067237,10.97
01-18-2025 21:13:00,58.0222974606096,1092.29847992496,10.95
01-18-2025 21:23:00,59.4188367801386,1091.05423823838,10.93
01-18-2025 21:33:00,59.1421130297739,1091.27195064317,10.92
01-18-2025 21:43:00,58.3064211983153,1091.58217596005,10.91
01-18-2025 21:53:00,59.5161502427635,1089.40501195958,10.89
01-18-2025 22:03:00,59.142160310019,1089.64944868468,10.87
01-18-2025 22:13:00,57.7519989735818,1089.09106523744,10.87
01-18-2025 22:23:00,58.5930169626547,1087.44310553656,10.86
01-18-2025 22:33:00,59.4338930906693,1093.71028747299,10.85
01-18-2025 22:43:00,59.5296937725103,1095.13383842673,10.84
01-18-2025 22:53:00,57.7673146180234,1095.41118433618,10.84
01-18-2025 23:03:00,59.259847465426,1096.3677176743,10.83
01-18-2025 23:13:00,58.2424459087357,1098.04046820013,10.83
01-18-2025 23:23:00,58.8037723821543,1099.7403192025,10.82
01-18-2025 23:33:00,59.4580947573779,1103.11501660268,10.81
01-18-2025 23:43:00,57.7850853264555,1104.6268114096,10.8
01-18-2025 23:53:00,58.9047636170383,1105.85851267707,10.79
01-19-2025 00:03:00,58.3489129637137,1108.4855286484,10.78
01-19-2025 00:13:00,57.7931303254045,1110.92539310786,10.77
01-19-2025 00:23:00,59.0986308257694,1109.64183931295,10.76
01-19-2025 00:33:00,58.9150594687374,1111.89389991643,10.75
01-19-2025 00:43:00,56.9636113437316,1112.19101821841,10.74
01-19-2025 00:53:00,58.1757938089191,1109.78931606968,10.73
01-19-2025 01:03:00,60.59295893718,1110.57726341459,10.71
01-19-2025 01:13:00,58.3628683058886,1111.98874437073,10.7
01-19-2025 01:23:00,57.896280316493,1112.86792184256,10.68
01-19-2025 01:33:00,59.3867796608072,1113.25468430027,10.67
01-19-2025 01:43:00,58.5481777497657,1112.83043086271,10.65
01-19-2025 01:53:00,59.5692127972166,1112.49863661121,10.63
01-19-2025 02:03:00,59.3814983962337,1112.90995195232,10.61
01-19-2025 02:13:00,58.3614183004683,1113.10809733547,10.6
01-19-2025 02:23:00,60.1255354185465,1112.21686788288,10.58
01-19-2025 02:33:00,58.0793400802722,1113.36953308515,10.56
01-19-2025 02:43:00,57.9888367109893,1111.98614401972,10.55
01-19-2025 02:53:00,60.0310051581407,1113.88051690988,10.53
01-19-2025 03:03:00,59.3788422044729,1114.10172789373,10.51
01-19-2025 03:13:00,59.9342019156952,1115.15808496949,10.49
01-19-2025 03:23:00,58.5393516605909,1114.63489083279,10.47
01-19-2025 03:33:00,60.3058304192175,1116.22044258369,10.46
01-19-2025 03:43:00,59.0081569523797,1116.04108594893,10.45
01-19-2025 03:53:00,60.3101165808683,1116.418158713,10.44
01-19-2025 04:03:00,58.6412833675972,1117.35153568591,10.43
01-19-2025 04:13:00,60.8712817504535,1116.2420269701,10.42
01-19-2025 04:23:00,58.7385414799637,1114.9464272471,10.41
01-19-2025 04:33:00,60.4113084270513,1118.94055853904,10.4
01-19-2025 04:43:00,59.3038514218758,1116.59677458457,10.4
01-19-2025 04:53:00,58.8419528145084,1116.50591716175,10.39
01-19-2025 05:03:00,59.5906039510444,1115.83153899541,10.39
01-19-2025 05:13:00,58.9471953129392,1116.8270062855,10.39
01-19-2025 05:23:00,59.1348819531529,1118.03342690401,10.38
01-19-2025 05:33:00,59.2338564708002,1116.24371974805,10.38
01-19-2025 05:43:00,58.683242946673,1117.14448825032,10.38
01-19-2025 05:53:00,61.1948788201081,1117.30228277946,10.38
01-19-2025 06:03:00,59.0667014044815,1116.9954911434,10.38
01-19-2025 06:13:00,60.468964564308,1117.59011223883,10.39
01-19-2025 06:23:00,59.4500939027277,1116.65847622341,10.38
01-19-2025 06:33:00,58.7138060571806,1115.60749764365,10.38
01-19-2025 06:43:00,58.5383428926181,1114.99378532347,10.39
01-19-2025 06:53:00,59.0970996160833,1118.42190563544,10.38
01-19-2025 07:03:00,59.7527013406158,1120.24578161535,10.38
01-19-2025 07:13:00,58.2699359474053,1121.44507533367,10.37
01-19-2025 07:23:00,59.4821899759214,1122.06133558623,10.37
01-19-2025 07:33:00,59.4840368656608,1120.66126525976,10.36
01-19-2025 07:43:00,59.8611292378363,1122.76076959745,10.36
01-19-2025 07:53:00,58.5681284042194,1122.91124461464,10.36
01-19-2025 08:03:00,57.2751110807119,1123.6178053852,10.36
01-19-2025 08:13:00,59.318111397963,1124.16352667925,10.35
01-19-2025 08:23:00,59.0456843718047,1122.45665953643,10.35
01-19-2025 08:33:00,58.2165902963916,1122.23358739998,10.35
01-19-2025 08:43:00,59.5213068753175,1121.45325821889,10.35
01-19-2025 08:53:00,59.8054809388516,1124.10500100193,10.35
01-19-2025 09:03:00,59.9040883260405,1123.13790866383,10.35
01-19-2025 09:13:00,60.4707573491694,1123.62930108341,10.36
01-19-2025 09:23:00,61.594227800731,1123.65623554933,10.37
01-19-2025 09:33:00,58.9132157836392,1119.9707500938,10.38
01-19-2025 09:43:00,59.8510973785132,1118.23298678685,10.39
01-19-2025 09:53:00,58.1984913245578,1116.53556504903,10.42
01-19-2025 10:03:00,59.3263435240236,1111.2421018128,10.44
01-19-2025 10:13:00,58.3270154270271,1110.62942672069,10.48
01-19-2025 10:23:00,59.0920412918252,1107.69352633571,10.52
01-19-2025 10:33:00,59.3929002382326,1108.28634558751,10.56
01-19-2025 10:43:00,59.600970753675,1105.81167735529,10.6
01-19-2025 10:53:00,60.0922562812489,1103.77313188067,10.65
01-19-2025 11:03:00,60.0257768094572,1107.22066557158,10.7
01-19-2025 11:13:00,58.4744266196626,1104.22285587543,10.76
01-19-2025 11:23:00,58.225094096454,1101.68737662071,10.82
01-19-2025 11:33:00,59.7411058475662,1097.4066191151,10.87
01-19-2025 11:43:00,59.3016098206527,1095.07876956934,10.92
01-19-2025 11:53:00,57.7392595017531,1092.96265379914,10.96
01-19-2025 12:03:00,57.2014657165451,1091.2176587808,11
01-19-2025 12:13:00,57.2228694676407,1089.93737707871,11.04
01-19-2025 12:23:00,58.2663489081532,1087.93746257796,11.07
01-19-2025 12:33:00,58.3772909000313,1084.6299174708,11.1
01-19-2025 12:43:00,59.0440734538787,1085.54784611472,11.12
01-19-2025 12:53:00,58.5018565766958,1086.43745815438,11.15
01-19-2025 13:03:00,58.137999165303,1083.08915207216,11.16
01-19-2025 13:13:00,57.5953769938752,1081.26986838839,11.19
01-19-2025 13:23:00,59.1069244358411,1082.53087306274,11.22
01-19-2025 13:33:00,57.4433843653654,1077.16019061754,11.25
01-19-2025 13:43:00,58.025323694894,1075.68159941993,11.29
01-19-2025 13:53:00,58.4166057399573,1074.97815410088,11.32
01-19-2025 14:03:00,58.1537214205194,1071.56307854386,11.35
01-19-2025 14:13:00,57.3297226220001,1066.93046929653,11.38
01-19-2025 14:23:00,58.3756770455015,1065.19425932344,11.41
01-19-2025 14:33:00,56.8030099988976,1061.67949479076,11.44
01-19-2025 14:43:00,58.874333190034,1059.03468204919,11.46
01-19-2025 14:53:00,57.7690167330711,1058.41689503718,11.49
01-19-2025 15:03:00,56.1874023248748,1058.32643904721,11.5
01-19-2025 15:13:00,56.9491875376862,1055.67824044704,11.52
01-19-2025 15:23:00,57.6175757706447,1054.90086387234,11.54
01-19-2025 15:33:00,57.7244084630155,1053.37370680292,11.56
01-19-2025 15:43:00,57.4567058076951,1051.19006696427,11.58
01-19-2025 15:53:00,57.6571619143467,1048.81790468623,11.6
01-19-2025 16:03:00,57.5726564694336,1048.81686618856,11.61
01-19-2025 16:13:00,55.9933569022068,1044.75656716663,11.63
01-19-2025 16:23:00,57.3138696207457,1044.94142777916,11.64
01-19-2025 16:33:00,57.6976952368126,1044.37623825899,11.65
01-19-2025 16:43:00,58.4563377777001,1045.12209738577,11.66
01-19-2025 16:53:00,57.7158598700228,1042.58794781799,11.67
01-19-2025 17:03:00,57.1586939278859,1041.86451330436,11.67
01-19-2025 17:13:00,58.0070282992334,1041.23417342567,11.67
01-19-2025 17:23:00,55.3884047323652,1036.48037777181,11.67
01-19-2025 17:33:00,58.4855330093316,1035.75512380235,11.67
01-19-2025 17:43:00,56.6164854244822,1037.93399807459,11.67
01-19-2025 17:53:00,57.1836504755923,1038.98785241886,11.67
01-19-2025 18:03:00,57.1885923154618,1036.57415882952,11.67
01-19-2025 18:13:00,57.7517072805198,1037.75194792375,11.66
01-19-2025 18:23:00,57.1007578929377,1037.30478614311,11.66
01-19-2025 18:33:00,59.256483237713,1036.70112832185,11.65
01-19-2025 18:43:00,57.3836325250895,1036.94004890529,11.64
01-19-2025 18:53:00,57.384504957632,1038.95808454722,11.63
01-19-2025 19:03:00,58.5174932429297,1037.16572337283,11.64
01-19-2025 19:13:00,58.1435565670158,1036.84068387248,11.63
01-19-2025 19:23:00,58.0506577814246,1035.29740727208,11.62
01-19-2025 19:33:00,57.6807883854065,1037.00039633502,11.62
01-19-2025 19:43:00,57.1235710860617,1036.54846765817,11.62
01-19-2025 19:53:00,57.4093286572889,1036.28326390949,11.62
01-19-2025 20:03:00,57.0394097915991,1035.54912514193,11.62
01-19-2025 20:13:00,57.0480952957918,1035.15756556555,11.63
01-19-2025 20:23:00,58.6452436609159,1036.38929987692,11.63
01-19-2025 20:33:00,56.3120204487914,1035.90292060184,11.64
01-19-2025 20:43:00,57.8155763529416,1037.22722803602,11.64
01-19-2025 20:53:00,58.6674363207042,1040.48717993742,11.65
01-19-2025 21:03:00,56.146422640034,1038.31279076908,11.66
01-19-2025 21:13:00,56.623446352195,1041.7595600726,11.67
01-19-2025 21:23:00,57.662774258736,1039.58377850732,11.68
01-19-2025 21:33:00,56.7342210272039,1037.12594224817,11.69
01-19-2025 21:43:00,58.152610484709,1040.63442467045,11.71
01-19-2025 21:53:00,57.3215636345925,1041.42485031489,11.73
01-19-2025 22:03:00,57.0527944225587,1043.80884605397,11.75
01-19-2025 22:13:00,57.2527861273361,1045.91169516154,11.77
01-19-2025 22:23:00,57.265248072804,1046.13890446675,11.79
01-19-2025 22:33:00,57.0861333679106,1049.49129416696,11.8
01-19-2025 22:43:00,57.8489977154037,1050.74986262452,11.82
01-19-2025 22:53:00,57.4862145341029,1054.35380400419,11.84
01-19-2025 23:03:00,58.4370067286949,1054.20484836215,11.86
01-19-2025 23:13:00,58.1680171790705,1055.275348515,11.88
01-19-2025 23:23:00,57.2418777197654,1057.5658589704,11.9
01-19-2025 23:33:00,58.1889650191779,1059.22881641997,11.91
01-19-2025 23:43:00,57.0748115008012,1061.70710283626,11.93
01-19-2025 23:53:00,56.2381032634052,1065.05967991048,11.94
01-20-2025 00:03:00,58.9694484754441,1066.90978789235,11.95
01-20-2025 00:13:00,57.6591811444179,1067.56758061925,11.95
01-20-2025 00:23:00,57.6675026862206,1067.63261447737,11.96
01-20-2025 00:33:00,57.7697225102951,1070.60841930302,11.97
01-20-2025 00:43:00,57.8719406882344,1071.42390780941,11.98
01-20-2025 00:53:00,57.5944425933798,1072.83083702136,11.98
01-20-2025 01:03:00,58.1662632925262,1073.64538588454,11.99
01-20-2025 01:13:00,57.329120712526,1073.2383188209,12
01-20-2025 01:23:00,57.7050703401643,1074.20217228092,11.99
01-20-2025 01:33:00,58.1789121465766,1078.8003622581,11.99
01-20-2025 01:43:00,58.2770238538028,1080.01652326634,11.99
01-20-2025 01:53:00,57.2479782432516,1082.26529021487,11.99
01-20-2025 02:03:00,56.8764149590771,1083.85595186186,11.99
01-20-2025 02:13:00,57.6319760128988,1084.97636501195,11.99
01-20-2025 02:23:00,57.8199349036402,1085.93551450686,11.98
01-20-2025 02:33:00,58.5754060236489,1089.02696196132,11.98
01-20-2025 02:43:00,58.7673329553475,1088.64271545691,11.98
01-20-2025 02:53:00,58.9551433284336,1090.53877727317,11.97
01-20-2025 03:03:00,57.5504822407853,1090.05941786967,11.97
01-20-2025 03:13:00,57.9261526370174,1092.14178492373,11.96
01-20-2025 03:23:00,59.5265908555978,1093.82109600034,11.96
01-20-2025 03:33:00,58.5874519317811,1094.02376349415,11.95
01-20-2025 03:43:00,58.1259724809329,1094.54850135936,11.96
01-20-2025 03:53:00,58.4076064307575,1093.62307130903,11.95
01-20-2025 04:03:00,58.8769674461861,1096.45285728258,11.94
01-20-2025 04:13:00,58.3175465016731,1095.68763807578,11.94
01-20-2025 04:23:00,58.7868466964156,1095.6992233741,11.93
01-20-2025 04:33:00,57.851892643359,1095.77780520675,11.93
01-20-2025 04:43:00,59.0721891932325,1094.4738234999,11.92
01-20-2025 04:53:00,58.0393694728238,1094.38973123307,11.91
01-20-2025 05:03:00,56.1619110072081,1094.02342116802,11.9
01-20-2025 05:13:00,57.3780369309265,1093.02591188632,11.88
01-20-2025 05:23:00,58.1245994789166,1092.12187195661,11.86
01-20-2025 05:33:00,58.4956336859019,1092.06183245534,11.84
01-20-2025 05:43:00,58.2098875505818,1090.96925931655,11.82
01-20-2025 05:53:00,57.54903930283,1092.50256069792,11.8
01-20-2025 06:03:00,59.9789211293248,1090.12250821125,11.77
01-20-2025 06:13:00,59.5951628226487,1090.27410507291,11.74
01-20-2025 06:23:00,58.4617281241676,1089.39390755963,11.71
01-20-2025 06:33:00,58.1681419590631,1092.00690420564,11.67
01-20-2025 06:43:00,60.2207169352479,1090.37592129631,11.64
01-20-2025 06:53:00,59.6457709023796,1089.61433132079,11.6
01-20-2025 07:03:00,59.168877288453,1090.97950332371,11.57
01-20-2025 07:13:00,56.8200029810771,1089.44147177833,11.54
01-20-2025 07:23:00,60.3640312765361,1091.01808830789,11.5
01-20-2025 07:33:00,59.1429041514431,1089.54665794766,11.48
01-20-2025 07:43:00,59.3213155855692,1091.28197940072,11.45
01-20-2025 07:53:00,58.1943075673932,1090.46442574347,11.43
01-20-2025 08:03:00,58.5639005414721,1092.07789624195,11.41
01-20-2025 08:13:00,59.1203728431309,1087.61250345659,11.39
01-20-2025 08:23:00,58.2783468985255,1086.48692170851,11.38
01-20-2025 08:33:00,59.0257457293197,1086.76320616786,11.37
01-20-2025 08:43:00,59.3056058961967,1085.7300618,11.36
01-20-2025 08:53:00,59.3090801358036,1086.35255579082,11.36
01-20-2025 09:03:00,59.7799478212341,1082.76775387494,11.36
01-20-2025 09:13:00,58.1047193084395,1080.18378618632,11.37
01-20-2025 09:23:00,58.1161578839606,1080.75091672269,11.39
01-20-2025 09:33:00,57.7535133414004,1080.66305775519,11.41
01-20-2025 09:43:00,58.891310569811,1077.55460476403,11.44
01-20-2025 09:53:00,59.0004493189326,1074.35067799639,11.47
01-20-2025 10:03:00,59.2032003249405,1073.85863767562,11.5
01-20-2025 10:13:00,58.7508110010804,1071.11942025972,11.53
01-20-2025 10:23:00,57.459550900076,1068.44440823303,11.57
01-20-2025 10:33:00,58.7939967140535,1063.39779627464,11.62
01-20-2025 10:43:00,57.4160611409915,1063.37874927396,11.68
01-20-2025 10:53:00,57.9118699682607,1062.0467728188,11.74
01-20-2025 11:03:00,58.6894896325488,1060.43180547418,11.8
01-20-2025 11:13:00,58.5375389312396,1056.88120361416,11.88
01-20-2025 11:23:00,58.5691415286012,1057.29855833878,11.95
01-20-2025 11:33:00,57.5752750815438,1057.09527759696,12.04
01-20-2025 11:43:00,57.2342679960141,1053.25313126843,12.12
01-20-2025 11:53:00,59.3306171620813,1053.03859909647,12.18
01-20-2025 12:03:00,58.3192903366395,1049.55881388551,12.23
01-20-2025 12:13:00,56.6482290247591,1049.18241962691,12.28
01-20-2025 12:23:00,58.0835252183891,1043.90841112787,12.33
01-20-2025 12:33:00,58.0085585856584,1046.3842230131,12.37
01-20-2025 12:43:00,57.9335279651278,1048.38993384923,12.41
01-20-2025 12:53:00,57.4774190253463,1048.63461999872,12.44
01-20-2025 13:03:00,57.4884537299811,1038.7274507163,12.46
01-20-2025 13:13:00,58.7291775530728,1037.08329193107,12.49
01-20-2025 13:23:00,59.4004725767505,1052.63056833864,12.51
01-20-2025 13:33:00,57.3368354727096,1035.45492857313,12.53
01-20-2025 13:43:00,56.4084048801042,1032.39257306551,12.56
01-20-2025 13:53:00,59.253833915052,1030.83804063364,12.59
01-20-2025 14:03:00,57.5663521548562,1030.25650609548,12.61
01-20-2025 14:13:00,56.9165880565463,1029.29671513441,12.63
01-20-2025 14:23:00,58.3393676047537,1027.42269302715,12.64
01-20-2025 14:33:00,57.7799328962178,1025.642215968,12.65
01-20-2025 14:43:00,57.5076118344553,1025.81277236967,12.67
01-20-2025 14:53:00,58.5490580617997,1023.96703904222,12.67
01-20-2025 15:03:00,58.5600667548942,1024.23069246128,12.69
01-20-2025 15:13:00,57.8114944560029,1022.73034219653,12.7
01-20-2025 15:23:00,57.4405664886241,1023.21251426759,12.71
01-20-2025 15:33:00,57.4433811326073,1024.19718088997,12.71
01-20-2025 15:43:00,58.6780308749635,1022.50597014275,12.72
01-20-2025 15:53:00,59.4364208529726,1022.63945802461,12.72
01-20-2025 16:03:00,58.3057735565733,1022.58343734274,12.72
01-20-2025 16:13:00,58.1196201625423,1024.41583096012,12.72
01-20-2025 16:23:00,58.3072015689211,1025.99476998528,12.71
01-20-2025 16:33:00,57.6448085241994,1029.93374041913,12.7
01-20-2025 16:43:00,58.6822303938862,1029.14999410563,12.69
01-20-2025 16:53:00,59.0544143764247,1030.94518578448,12.67
01-20-2025 17:03:00,58.8600652444007,1033.77755576452,12.65
01-20-2025 17:13:00,59.6054745975578,1034.5616193055,12.62
01-20-2025 17:23:00,57.9012487467391,1036.16423515415,12.6
01-20-2025 17:33:00,60.5292100628523,1037.44721495114,12.56
01-20-2025 17:43:00,58.9158205467852,1034.92673645914,12.53
01-20-2025 17:53:00,59.0004249246064,1036.17840449333,12.5
01-20-2025 18:03:00,58.711963713577,1036.55088313211,12.48
01-20-2025 18:13:00,58.4195233766199,1034.87831205321,12.45
01-20-2025 18:23:00,60.0119122425489,1036.31555561239,12.42
01-20-2025 18:33:00,59.9118683837761,1037.72213207826,12.4
01-20-2025 18:43:00,58.9598879113846,1037.17856131957,12.37
01-20-2025 18:53:00,59.5151783309409,1036.54033757942,12.34
01-20-2025 19:03:00,57.6141548437439,1040.19678816928,12.29
01-20-2025 19:13:00,60.0518047703527,1039.55677997021,12.26
01-20-2025 19:23:00,59.6612039072306,1040.82725265584,12.22
01-20-2025 19:33:00,59.2708252358376,1041.81399960575,12.18
01-20-2025 19:43:00,58.7907010534101,1040.98386346346,12.15
01-20-2025 19:53:00,60.8451255100974,1040.9343793651,12.11
01-20-2025 20:03:00,59.7027849241162,1041.07213252176,12.07
01-20-2025 20:13:00,59.1248635537586,1043.83983116196,12.03
01-20-2025 20:23:00,59.9562036077273,1047.63829968917,11.99
01-20-2025 20:33:00,60.7870246149243,1046.08140488391,11.95
01-20-2025 20:43:00,59.4582830268464,1048.56116234474,11.91
01-20-2025 20:53:00,59.7215343126259,1049.37749471209,11.86
01-20-2025 21:03:00,59.7031703045407,1053.19401740391,11.81
01-20-2025 21:13:00,59.591040488264,1056.16296222761,11.76
01-20-2025 21:23:00,59.2956128085328,1056.28957066136,11.72
01-20-2025 21:33:00,59.6604237027834,1058.0748444537,11.69
01-20-2025 21:43:00,60.0209096055106,1063.16470319674,11.65
01-20-2025 21:53:00,58.5079898353174,1061.78827197784,11.61
01-20-2025 22:03:00,60.6475519023824,1065.1870517321,11.57
01-20-2025 22:13:00,58.8585722595321,1068.08862821279,11.54
01-20-2025 22:23:00,60.1546394334679,1067.64537894377,11.5
01-20-2025 22:33:00,60.4249978652075,1068.29795848511,11.47
01-20-2025 22:43:00,59.8533723643759,1070.63320624772,11.44
01-20-2025 22:53:00,60.4083616060396,1071.35085443039,11.42
01-20-2025 23:03:00,60.3085960310008,1074.12482257395,11.4
01-20-2025 23:13:00,59.4567847038121,1075.70746108647,11.37
01-20-2025 23:23:00,59.1702188745563,1077.54357970421,11.35
01-20-2025 23:33:00,59.7289810686147,1079.72700826804,11.34
01-20-2025 23:43:00,59.5358608997928,1080.71966464655,11.32
01-20-2025 23:53:00,60.2813303688256,1082.99449081219,11.31
01-21-2025 00:03:00,60.4660330668899,1082.09137663706,11.3
01-21-2025 00:13:00,59.2492020106568,1084.45789349602,11.29
01-21-2025 00:23:00,59.8076247003501,1084.30091433277,11.28
01-21-2025 00:33:00,59.2449242786581,1086.10510060598,11.27
01-21-2025 00:43:00,59.8032307037128,1085.94672492615,11.26
01-21-2025 00:53:00,58.5907721859586,1088.47200397207,11.26
01-21-2025 01:03:00,59.4292667152086,1085.8836698997,11.25
01-21-2025 01:13:00,60.2717652332232,1086.91305311896,11.25
01-21-2025 01:23:00,60.4562552527445,1086.00490968665,11.24
01-21-2025 01:33:00,60.1696109588551,1083.15981976707,11.22
01-21-2025 01:43:00,61.00766894034,1087.85342571687,11.21
01-21-2025 01:53:00,58.4802802788339,1085.8476001269,11.19
01-21-2025 02:03:00,60.6168767992494,1087.13326391098,11.16
01-21-2025 02:13:00,59.4944575119444,1086.5023949151,11.15
01-21-2025 02:23:00,60.2345932256951,1082.25592417575,11.13
01-21-2025 02:33:00,61.9075501725486,1084.54146170538,11.11
01-21-2025 02:43:00,60.132314933277,1084.28223189447,11.1
01-21-2025 02:53:00,59.7567102049906,1082.90288835562,11.09
01-21-2025 03:03:00,60.6829638502044,1084.90577369624,11.07
01-21-2025 03:13:00,60.5830200135523,1084.66903074649,11.05
01-21-2025 03:23:00,61.3181217533005,1085.94794609536,11.02
01-21-2025 03:33:00,59.349444338812,1088.71709698066,10.99
01-21-2025 03:43:00,60.2625922286963,1089.4817664912,10.94
01-21-2025 03:53:00,60.8997641176093,1090.03485080702,10.9
01-21-2025 04:03:00,60.601073075123,1092.37998733338,10.85
01-21-2025 04:13:00,60.4887685545743,1094.5363614089,10.8
01-21-2025 04:23:00,60.0043179758886,1094.3639482932,10.75
01-21-2025 04:33:00,60.35325193901,1094.30730215448,10.69
01-21-2025 04:43:00,60.0592847671165,1093.08719891481,10.65
01-21-2025 04:53:00,61.7133229314504,1094.67908333709,10.6
01-21-2025 05:03:00,59.7424508398637,1096.9193485418,10.55
01-21-2025 05:13:00,61.4840051535724,1096.30101827806,10.49
01-21-2025 05:23:00,58.8689625565494,1095.26462307278,10.45
01-21-2025 05:33:00,60.7065269705053,1097.5924852279,10.4
01-21-2025 05:43:00,59.2996148157337,1094.42082804759,10.36
01-21-2025 05:53:00,60.6761573014213,1095.79524592481,10.32
01-21-2025 06:03:00,62.1360809387677,1094.71072486772,10.26
01-21-2025 06:13:00,59.6220117672643,1096.3374849548,10.23
01-21-2025 06:23:00,60.8075941656166,1096.89656243033,10.18
01-21-2025 06:33:00,60.7923292917542,1095.94947686843,10.14
01-21-2025 06:43:00,59.198800615323,1097.24744712326,10.09
01-21-2025 06:53:00,59.3610543585771,1096.9003588001,10.03
01-21-2025 07:03:00,59.6278246763775,1094.35599154521,10
01-21-2025 07:13:00,60.9962879089712,1096.11322464964,9.95
01-21-2025 07:23:00,60.1486804369221,1095.16400897494,9.91
01-21-2025 07:33:00,59.5748438490574,1094.69965884235,9.86
01-21-2025 07:43:00,59.2866730955153,1094.00424131836,9.83
01-21-2025 07:53:00,60.6534666332415,1094.64755311435,9.78
01-21-2025 08:03:00,59.8110336363459,1091.91910943338,9.75
01-21-2025 08:13:00,60.1652884755242,1092.26128520047,9.71
01-21-2025 08:23:00,61.0814545939342,1089.41786011253,9.69
01-21-2025 08:33:00,59.8661869674506,1091.3280521671,9.65
01-21-2025 08:43:00,61.3356221210485,1090.05331706221,9.63
01-21-2025 08:53:00,59.9484891360606,1091.33875839771,9.62
01-21-2025 09:03:00,60.4990886971898,1089.11732729393,9.61
01-21-2025 09:13:00,60.684683251701,1089.64031182541,9.61
01-21-2025 09:23:00,61.8893758658723,1087.09483773846,9.62
01-21-2025 09:33:00,59.9567907854825,1086.30169948211,9.63
01-21-2025 09:43:00,60.2428196022099,1083.91570679495,9.65
01-21-2025 09:53:00,61.0869011014854,1082.61273278679,9.68
01-21-2025 10:03:00,60.5463530172447,1080.20071626675,9.71
01-21-2025 10:13:00,59.0860193746789,1077.85576845274,9.75
01-21-2025 10:23:00,59.8421033986388,1077.54153128984,9.79
01-21-2025 10:33:00,60.4178989585614,1077.66504062253,9.84
01-21-2025 10:43:00,59.2414522479213,1075.45297748184,9.9
01-21-2025 10:53:00,59.4474696495792,1075.76008159834,9.95
01-21-2025 11:03:00,58.8328143852395,1075.16264288303,10.03
01-21-2025 11:13:00,59.695083192756,1070.79149414939,10.1
01-21-2025 11:23:00,60.3688221924096,1066.81057013215,10.16
01-21-2025 11:33:00,57.8918626465725,1063.47454366722,10.22
01-21-2025 11:43:00,58.4726360265118,1061.80427567482,10.28
01-21-2025 11:53:00,60.2598998483505,1060.22495315397,10.34
01-21-2025 12:03:00,58.2395876045896,1062.65944726362,10.39
01-21-2025 12:13:00,58.1633779824918,1056.76516813762,10.43
01-21-2025 12:23:00,59.3871250084112,1054.76699762156,10.47
01-21-2025 12:33:00,59.953197498497,1054.58263194114,10.49
01-21-2025 12:43:00,59.1301592669207,1055.48713973632,10.52
01-21-2025 12:53:00,59.882186470932,1055.58053742296,10.54
01-21-2025 13:03:00,58.5901563762501,1056.23097997949,10.56
01-21-2025 13:13:00,58.6877484090046,1055.79100110902,10.57
01-21-2025 13:23:00,59.3429492540344,1060.55476518188,10.58
01-21-2025 13:33:00,58.8789115955704,1060.04573556624,10.58
01-21-2025 13:43:00,58.8795330841048,1060.55838586649,10.58
01-21-2025 13:53:00,58.791211011079,1059.18696380623,10.59
01-21-2025 14:03:00,59.2605535242624,1059.95260678069,10.6
01-21-2025 14:13:00,59.0792575804402,1059.41642230748,10.61
01-21-2025 14:23:00,59.8234614462939,1058.43953822545,10.61
01-21-2025 14:33:00,59.4562349925985,1058.64576449345,10.62
01-21-2025 14:43:00,59.5497205575691,1055.52946926225,10.62
01-21-2025 14:53:00,59.7402328572594,1053.03822357608,10.63
01-21-2025 15:03:00,60.3915123601388,1052.89554582871,10.63
01-21-2025 15:13:00,57.9747656867703,1053.40305152954,10.63
01-21-2025 15:23:00,60.0205620673037,1052.14352092567,10.63
01-21-2025 15:33:00,58.7234263878398,1051.50907097393,10.64
01-21-2025 15:43:00,59.3746887614951,1050.06230370937,10.64
01-21-2025 15:53:00,59.0072136355027,1049.70546326952,10.65
01-21-2025 16:03:00,59.37954003784,1048.8153029711,10.65
01-21-2025 16:13:00,59.1049955499472,1044.45859431307,10.66
01-21-2025 16:23:00,57.799544796148,1042.29098182198,10.65
01-21-2025 16:33:00,57.4240431709488,1038.63540662581,10.64
01-21-2025 16:43:00,57.9782813573655,1038.140703024,10.63
01-21-2025 16:53:00,59.2761240696674,1033.83393329987,10.62
01-21-2025 17:03:00,58.1529380766871,1029.8325210313,10.6
01-21-2025 17:13:00,59.2564733861256,1028.18157268548,10.57
01-21-2025 17:23:00,58.6951632646197,1025.26925945882,10.56
01-21-2025 17:33:00,58.0410066460265,1022.07798326757,10.55
01-21-2025 17:43:00,58.1222777166529,1018.29067816457,10.52
01-21-2025 17:53:00,57.5612136724715,1017.51456247665,10.51
01-21-2025 18:03:00,57.9211318753107,1016.69964736639,10.48
01-21-2025 18:13:00,57.3602181948573,1014.06534772914,10.47
01-21-2025 18:23:00,58.5595654605513,1013.22247690806,10.45
01-21-2025 18:33:00,58.4549295726627,1011.57127756353,10.42
01-21-2025 18:43:00,58.6327226407087,1010.44922372586,10.4
01-21-2025 18:53:00,58.2536703838689,1008.21324584443,10.38
01-21-2025 19:03:00,57.5963690771688,1005.42053631648,10.36
01-21-2025 19:13:00,57.4030888798278,1006.61698418259,10.34
01-21-2025 19:23:00,58.3229012039019,1007.5341016232,10.32
01-21-2025 19:33:00,58.689970713652,1007.03136685735,10.31
01-21-2025 19:43:00,58.8674834862352,1007.85408947237,10.29
01-21-2025 19:53:00,58.1177310650014,1005.24523226807,10.27
01-21-2025 20:03:00,58.0171263182623,1003.93432527508,10.25
01-21-2025 20:13:00,58.3799942607039,1004.56962839352,10.23
01-21-2025 20:23:00,57.0784020957206,1005.26896312121,10.22
01-21-2025 20:33:00,59.0167033742147,1004.32712181212,10.2
01-21-2025 20:43:00,59.8425224748983,1004.40408021512,10.18
01-21-2025 20:53:00,58.4446387516978,1005.12880782121,10.16
01-21-2025 21:03:00,57.8808215918402,1007.70519675013,10.14
01-21-2025 21:13:00,58.5171863668482,1009.10341112454,10.11
01-21-2025 21:23:00,59.4390945590575,1008.68645097591,10.1
01-21-2025 21:33:00,59.0564956874482,1010.54545722007,10.07
01-21-2025 21:43:00,57.5711285859652,1014.57069984882,10.06
01-21-2025 21:53:00,58.9555494518013,1013.04065111779,10.05
01-21-2025 22:03:00,58.7662224720394,1013.08369617729,10.04
01-21-2025 22:13:00,59.2247807157338,1014.42182235061,10.03
01-21-2025 22:23:00,59.0354288665446,1010.57648857873,10.02
01-21-2025 22:33:00,59.5864049978073,1012.93121796625,10.01
01-21-2025 22:43:00,58.5642278127731,1012.13882703752,10
01-21-2025 22:53:00,60.5955351265195,1013.75156313653,9.99
01-21-2025 23:03:00,59.11080817134,1013.23546619394,9.98
01-21-2025 23:13:00,58.0888458374845,1014.38400048841,9.97
01-21-2025 23:23:00,59.47618930883,1018.00306989947,9.97
01-21-2025 23:33:00,59.3833260007218,1015.97830734629,9.97
01-21-2025 23:43:00,58.2688650586457,1015.82955473362,9.96
01-21-2025 23:53:00,58.7310055985733,1015.28378331177,9.96
01-22-2025 00:03:00,57.9905648183402,1016.40249516963,9.96
01-22-2025 00:13:00,57.986218428884,1016.99177952332,9.95
01-22-2025 00:23:00,58.5368032024375,1018.96768305303,9.94
01-22-2025 00:33:00,58.7213352035415,1018.23453095305,9.94
01-22-2025 00:43:00,57.7920425461676,1018.82163593976,9.93
01-22-2025 00:53:00,56.7742321906891,1018.91965695348,9.93
01-22-2025 01:03:00,58.7079377851612,1019.2538369269,9.91
01-22-2025 01:13:00,60.0903937628766,1019.46889767706,9.9
01-22-2025 01:23:00,57.593344524132,1018.91775071829,9.9
01-22-2025 01:33:00,58.971746630361,1018.69509271502,9.88
01-22-2025 01:43:00,59.6183292704487,1018.32765992902,9.88
01-22-2025 01:53:00,58.6852908397489,1017.91887397363,9.86
01-22-2025 02:03:00,58.5882846750042,1014.43348501114,9.85
01-22-2025 02:13:00,60.3397202704494,1016.8629748671,9.84
01-22-2025 02:23:00,59.5032496239396,1015.40999815346,9.83
01-22-2025 02:33:00,58.0200282879438,1013.95657649853,9.82
01-22-2025 02:43:00,59.1202442809541,1014.28430988811,9.8
01-22-2025 02:53:00,59.485104828936,1017.07978216427,9.79
01-22-2025 03:03:00,59.2032284179616,1016.64084589546,9.78
01-22-2025 03:13:00,58.9253716685849,1016.36033559424,9.78
01-22-2025 03:23:00,58.0892810650939,1016.01256337113,9.77
01-22-2025 03:33:00,59.0082730290242,1015.20234542719,9.76
01-22-2025 03:43:00,58.2685727261322,1015.38183729835,9.76
01-22-2025 03:53:00,57.3402457712347,1015.49403204303,9.75
01-22-2025 04:03:00,59.090286633009,1016.99084731482,9.74
01-22-2025 04:13:00,59.358481514018,1018.32748757958,9.72
01-22-2025 04:23:00,58.3379674871838,1018.71441204773,9.71
01-22-2025 04:33:00,58.4215432973168,1018.75662259046,9.69
01-22-2025 04:43:00,58.2321021420259,1020.34213154701,9.68
01-22-2025 04:53:00,58.5925364662726,1021.12106640949,9.66
01-22-2025 05:03:00,57.757051756603,1020.67428014926,9.65
01-22-2025 05:13:00,59.0442191292177,1018.75034488615,9.64
01-22-2025 05:23:00,58.5779026132958,1018.76386393923,9.63
01-22-2025 05:33:00,59.7725131294705,1015.63951093791,9.62
01-22-2025 05:43:00,59.306178570456,1016.5745723745,9.61
01-22-2025 05:53:00,57.3599103707953,1017.25723580513,9.59
01-22-2025 06:03:00,58.9191899277276,1015.2641185639,9.57
01-22-2025 06:13:00,58.3608127959825,1015.64343541803,9.56
01-22-2025 06:23:00,57.7063812056448,1014.75618094065,9.54
01-22-2025 06:33:00,59.6337873387593,1015.80471444378,9.52
01-22-2025 06:43:00,60.5506390637741,1011.84862406795,9.51
01-22-2025 06:53:00,57.96026207701,1012.06630859282,9.49
01-22-2025 07:03:00,58.3200099683578,1014.12656383418,9.47
01-22-2025 07:13:00,58.8679243944298,1013.85645994371,9.46
01-22-2025 07:23:00,58.3941512935485,1013.17534767012,9.43
01-22-2025 07:33:00,59.3063841201456,1015.04810066409,9.41
01-22-2025 07:43:00,58.1957727479394,1013.39417170847,9.4
01-22-2025 07:53:00,59.2039095962206,1012.75306765268,9.39
01-22-2025 08:03:00,59.4750304176481,1012.2956068328,9.38
01-22-2025 08:13:00,58.6409021791431,1010.08766200671,9.37
01-22-2025 08:23:00,58.1752512385402,1010.64215563525,9.36
01-22-2025 08:33:00,58.6344718505865,1007.57917456229,9.36
01-22-2025 08:43:00,59.9225084388097,1008.84393432685,9.36
01-22-2025 08:53:00,59.1884977685195,1007.04366485211,9.37
01-22-2025 09:03:00,58.3583123613941,1007.11004341863,9.37
01-22-2025 09:13:00,58.549117450199,1003.25645295017,9.39
01-22-2025 09:23:00,59.3808300621324,1000.99312339528,9.4
01-22-2025 09:33:00,59.4836921611324,999.322123903396,9.43
01-22-2025 09:43:00,59.1257793249754,996.912661025923,9.46
01-22-2025 09:53:00,59.2326105336172,989.866119202486,9.5
01-22-2025 10:03:00,59.8046250166952,988.874708538986,9.55
01-22-2025 10:13:00,59.6389935157118,989.911904512793,9.6
01-22-2025 10:23:00,59.6578060244761,986.796449904972,9.65
01-22-2025 10:33:00,58.7533592387729,985.801857970852,9.7
01-22-2025 10:43:00,59.3300135002903,986.349678452964,9.76
01-22-2025 10:53:00,58.8906761148158,986.25088193942,9.82
01-22-2025 11:03:00,59.7492899439434,984.553342179794,9.89
01-22-2025 11:13:00,60.053756273568,985.073960993998,9.96
01-22-2025 11:23:00,58.6000123763756,982.818337527678,10.03
01-22-2025 11:33:00,58.2559538578327,978.337726516273,10.1
01-22-2025 11:43:00,58.3708024081457,978.1413295768,10.16
01-22-2025 11:53:00,58.1149994171192,978.03719721119,10.22
01-22-2025 12:03:00,58.7822132518545,977.681722617893,10.27
01-22-2025 12:13:00,58.2480705310373,985.647006379123,10.33
01-22-2025 12:23:00,58.4518736529131,980.839307609162,10.38
01-22-2025 12:33:00,58.4661682419197,974.384112894762,10.42
01-22-2025 12:43:00,57.2772820601552,973.746950728004,10.47
01-22-2025 12:53:00,59.5204759285418,970.628489303745,10.51
01-22-2025 13:03:00,56.8366798046714,968.836303836946,10.54
01-22-2025 13:13:00,58.9839245644844,968.343883573011,10.57
01-22-2025 13:23:00,57.3212081398367,966.735430572023,10.6
01-22-2025 13:33:00,57.7960372914298,966.613351386276,10.63
01-22-2025 13:43:00,57.9920917698108,965.467895446986,10.66
01-22-2025 13:53:00,58.0021951220218,963.763431130561,10.69
01-22-2025 14:03:00,57.9192545225983,961.12744988608,10.72
01-22-2025 14:13:00,56.9987769486231,959.141236627664,10.75
01-22-2025 14:23:00,58.4978120285437,957.619081535702,10.78
01-22-2025 14:33:00,59.2567983338748,954.112219097474,10.82
01-22-2025 14:43:00,58.1496362822758,952.214825829218,10.85
01-22-2025 14:53:00,57.6979142621233,950.19417441206,10.89
01-22-2025 15:03:00,59.5753981277715,947.146973891241,10.93
01-22-2025 15:13:00,56.7936086550411,945.588907615381,10.97
01-22-2025 15:23:00,57.5570258897702,945.119223131063,11.02
01-22-2025 15:33:00,58.7873923305331,949.219510586639,11.07
01-22-2025 15:43:00,57.3086714712789,946.353138511246,11.11
01-22-2025 15:53:00,58.353065971472,943.548810204104,11.16
01-22-2025 16:03:00,57.6240823361859,943.916872909455,11.21
01-22-2025 16:13:00,57.8246852016943,939.737215566357,11.25
01-22-2025 16:23:00,58.0214137560059,939.975432459345,11.28
01-22-2025 16:33:00,57.6614889552846,938.595255739923,11.32
01-22-2025 16:43:00,58.6060529433394,937.336940851624,11.35
01-22-2025 16:53:00,58.5225719491599,936.919105723428,11.38
01-22-2025 17:03:00,57.2233131958023,935.659010921398,11.41
01-22-2025 17:13:00,57.8837827435807,935.737076500074,11.43
01-22-2025 17:23:00,58.3573448724711,938.714597673826,11.45
01-22-2025 17:33:00,57.5211993984343,937.950154725897,11.47
01-22-2025 17:43:00,58.6498344075783,939.992215479251,11.49
01-22-2025 17:53:00,58.6517041699352,942.063432342424,11.5
01-22-2025 18:03:00,57.9008757897277,944.069665408273,11.5
01-22-2025 18:13:00,59.2088090348182,942.238478228722,11.5
01-22-2025 18:23:00,57.8964627343235,945.366468205032,11.5
01-22-2025 18:33:00,57.9878122952032,945.4992653467,11.5
01-22-2025 18:43:00,58.168726457599,946.221480188521,11.49
01-22-2025 18:53:00,58.9109966165446,946.194381118779,11.48
01-22-2025 19:03:00,58.4368627108677,947.008651378228,11.47
01-22-2025 19:13:00,59.7402822623085,945.763970809094,11.46
01-22-2025 19:23:00,58.7088903555303,947.951722352428,11.46
01-22-2025 19:33:00,58.6049429418713,947.388850025216,11.44
01-22-2025 19:43:00,58.4115020805296,945.768282251391,11.43
01-22-2025 19:53:00,59.1533167743346,947.981784382452,11.42
01-22-2025 20:03:00,59.3298130407678,945.079176326449,11.4
01-22-2025 20:13:00,58.0142873706644,947.571362244314,11.39
01-22-2025 20:23:00,58.3778593999923,945.041986901597,11.37
01-22-2025 20:33:00,57.619605283511,944.28866068851,11.35
01-22-2025 20:43:00,58.4503968998134,944.749814591424,11.33
01-22-2025 20:53:00,59.5612609006309,943.154262954438,11.31
01-22-2025 21:03:00,57.4016299778475,942.586213317961,11.29
01-22-2025 21:13:00,59.4505603759527,943.577513854503,11.28
01-22-2025 21:23:00,59.2530421199559,944.689492112478,11.26
01-22-2025 21:33:00,57.748002057094,943.558857813642,11.24
01-22-2025 21:43:00,56.9904652991558,945.04255939837,11.22
01-22-2025 21:53:00,57.8204174774626,945.68475105755,11.2
01-22-2025 22:03:00,58.5567470691918,945.01903680994,11.18
01-22-2025 22:13:00,59.016871290684,945.258346128434,11.17
01-22-2025 22:23:00,58.539476317068,947.29809032411,11.15
01-22-2025 22:33:00,58.6261555422901,946.135888039682,11.14
01-22-2025 22:43:00,57.6823277118189,947.893653768646,11.12
01-22-2025 22:53:00,59.7243344268413,949.836747927395,11.1
01-22-2025 23:03:00,59.5309648754455,946.713574235482,11.09
01-22-2025 23:13:00,58.9644677868902,947.228309923899,11.08
01-22-2025 23:23:00,58.5805718956807,943.94559474197,11.06
01-22-2025 23:33:00,57.268129240508,943.71293079302,11.05
01-22-2025 23:43:00,58.380545530651,944.785224123683,11.04
01-22-2025 23:53:00,59.3913607517182,942.368596590094,11.01
01-23-2025 00:03:00,57.9860709017301,940.922075940018,11
01-23-2025 00:13:00,58.9966359509559,941.860976277385,10.97
01-23-2025 00:23:00,58.8925303535654,938.577371914328,10.95
01-23-2025 00:33:00,57.4839226586212,939.487100782813,10.93
01-23-2025 00:43:00,57.566372580946,942.724956794601,10.91
01-23-2025 00:53:00,58.9529041833171,940.278843295091,10.89
01-23-2025 01:03:00,58.0065831787291,940.188762998503,10.86
01-23-2025 01:13:00,58.0888589273963,939.884115298552,10.84
01-23-2025 01:23:00,59.5676332290749,936.599529848596,10.82
01-23-2025 01:33:00,58.7227560937595,940.176272129953,10.81
01-23-2025 01:43:00,57.4938254558777,939.924475782764,10.77
01-23-2025 01:53:00,58.1343755568364,940.082337793618,10.75
01-23-2025 02:03:00,59.7940463561773,940.080701548652,10.72
01-23-2025 02:13:00,58.2905486050227,942.12451513591,10.69
01-23-2025 02:23:00,57.7176191949928,941.655841537862,10.66
01-23-2025 02:33:00,60.212939538418,944.16160631869,10.63
01-23-2025 02:43:00,59.728649478079,944.740358891142,10.59
01-23-2025 02:53:00,60.5495902523011,945.569873670436,10.56
01-23-2025 03:03:00,59.0476366239456,945.376299160812,10.53
01-23-2025 03:13:00,58.5640043825507,944.744336252352,10.49
01-23-2025 03:23:00,57.3378868471793,945.133160459834,10.45
01-23-2025 03:33:00,57.4158420889726,945.030158882923,10.42
01-23-2025 03:43:00,58.7889609509424,944.025023808662,10.38
01-23-2025 03:53:00,57.567662086821,944.29176325731,10.35
01-23-2025 04:03:00,58.3834956653635,944.769601056868,10.31
01-23-2025 04:13:00,58.2756094613774,943.365293525377,10.28
01-23-2025 04:23:00,58.9093992442277,943.629503984798,10.25
01-23-2025 04:33:00,58.3379831917318,943.614726293267,10.22
01-23-2025 04:43:00,59.6160062637944,943.903556198245,10.18
01-23-2025 04:53:00,58.8594218879926,944.072332447611,10.15
01-23-2025 05:03:00,58.840062246869,942.970008944417,10.11
01-23-2025 05:13:00,59.2836007895758,939.738095490599,10.07
01-23-2025 05:23:00,57.8757888197317,940.394468125183,10.03
01-23-2025 05:33:00,58.3232932347423,941.855931199764,10
01-23-2025 05:43:00,59.1406267889798,940.355542600613,9.97
01-23-2025 05:53:00,58.473727509583,942.11846369801,9.93
01-23-2025 06:03:00,59.660418540373,941.541767373983,9.9
01-23-2025 06:13:00,57.9768798603056,941.175647415423,9.86
01-23-2025 06:23:00,58.6045372742822,941.917759224086,9.82
01-23-2025 06:33:00,58.7779153661293,940.7585381916,9.8
01-23-2025 06:43:00,58.85081421282,942.330040732975,9.76
01-23-2025 06:53:00,59.8511341386929,940.918753964653,9.73
01-23-2025 07:03:00,59.0044730839754,940.430537791979,9.7
01-23-2025 07:13:00,58.4390692706603,940.192564700029,9.68
01-23-2025 07:23:00,60.4540367916691,942.19495898524,9.65
01-23-2025 07:33:00,58.5927128550496,940.043454238811,9.62
01-23-2025 07:43:00,59.3152073644484,939.275844148539,9.59
01-23-2025 07:53:00,59.6765854273225,937.809977715054,9.58
01-23-2025 08:03:00,58.0086907982925,935.329051040092,9.57
01-23-2025 08:13:00,58.7349948542642,935.456434771842,9.55
01-23-2025 08:23:00,58.4507462035617,937.216775722482,9.54
01-23-2025 08:33:00,58.3469682974633,938.080004922611,9.52
01-23-2025 08:43:00,58.8965481960118,934.00388266373,9.52
01-23-2025 08:53:00,59.1695052037764,934.906069135656,9.52
01-23-2025 09:03:00,58.7088286190402,929.695875771564,9.53
01-23-2025 09:13:00,59.1742615637255,927.59315416794,9.55
01-23-2025 09:23:00,59.7279762768306,926.807239402943,9.56
01-23-2025 09:33:00,58.2525556067563,923.345815990626,9.57
01-23-2025 09:43:00,58.2647017656722,920.079023419924,9.61
01-23-2025 09:53:00,58.8305893338846,918.009754494208,9.65
01-23-2025 10:03:00,58.8469034465394,914.896074074992,9.7
01-23-2025 10:13:00,58.3090548619138,912.703429915059,9.75
01-23-2025 10:23:00,60.4543765021833,913.06851744911,9.81
01-23-2025 10:33:00,58.7230186933062,907.766932935577,9.88
01-23-2025 10:43:00,56.8087166469705,911.311998467284,9.96
01-23-2025 10:53:00,59.0532824356328,907.57680489757,10.03
01-23-2025 11:03:00,59.2670075823422,906.865648109107,10.11
01-23-2025 11:13:00,59.948413407973,903.438303763441,10.2
01-23-2025 11:23:00,57.6593074659971,897.623801773157,10.28
01-23-2025 11:33:00,59.2642930200667,897.462018892774,10.36
01-23-2025 11:43:00,57.4283253399244,891.601860187289,10.42
01-23-2025 11:53:00,56.983675793969,887.965038110821,10.48
01-23-2025 12:03:00,57.188964041148,888.691420913234,10.54
01-23-2025 12:13:00,56.6469484246487,885.54369704318,10.59
01-23-2025 12:23:00,57.6811588097814,882.143934417903,10.63
01-23-2025 12:33:00,57.5070033404048,880.973770048374,10.67
01-23-2025 12:43:00,57.3287907313251,880.576349311604,10.7
01-23-2025 12:53:00,58.0848772458421,877.72960081096,10.74
01-23-2025 13:03:00,56.5998375529958,877.639422598306,10.76
01-23-2025 13:13:00,58.5581016851834,877.73490930384,10.78
01-23-2025 13:23:00,56.3279465475556,875.502749419761,10.8
01-23-2025 13:33:00,56.4246736405498,877.645288973443,10.82
01-23-2025 13:43:00,57.1732314653789,876.901397933305,10.84
01-23-2025 13:53:00,56.7112999989097,872.059075891029,10.86
01-23-2025 14:03:00,56.9943719925003,872.43094461782,10.88
01-23-2025 14:13:00,56.9980377590054,875.038277839878,10.9
01-23-2025 14:23:00,58.8610806690189,871.7127736071,10.91
01-23-2025 14:33:00,57.0906520585478,874.069773641167,10.92
01-23-2025 14:43:00,57.5562546064971,873.631205488614,10.93
01-23-2025 14:53:00,56.0611360615921,871.358111811238,10.93
01-23-2025 15:03:00,57.0818534595652,869.177591368319,10.93
01-23-2025 15:13:00,55.9594208138077,868.860058834768,10.93
01-23-2025 15:23:00,55.3960499965527,867.23740373969,10.93
01-23-2025 15:33:00,56.2303584853897,866.452759636927,10.93
01-23-2025 15:43:00,56.6958346560651,865.823838306369,10.94
01-23-2025 15:53:00,56.4158151192729,862.305286162704,10.95
01-23-2025 16:03:00,58.5589569860077,859.904083351946,10.96
01-23-2025 16:13:00,57.0673029763365,852.84160132844,10.97
01-23-2025 16:23:00,57.8125631169341,849.785761601562,10.98
01-23-2025 16:33:00,56.2235041560277,846.014500914085,10.98
01-23-2025 16:43:00,57.8037307708513,842.988351874419,10.98
01-23-2025 16:53:00,58.1761671175952,841.04853593694,10.99
01-23-2025 17:03:00,56.4043814497,836.777178541957,11
01-23-2025 17:13:00,57.8955666000194,833.809950031751,11.01
01-23-2025 17:23:00,57.7046046075991,832.831994712974,11.01
01-23-2025 17:33:00,56.6745038583677,833.065498405584,11.01
01-23-2025 17:43:00,58.1617534200072,832.645744960869,11.01
01-23-2025 17:53:00,57.9667365897678,831.977773680855,11
01-23-2025 18:03:00,56.843434739292,831.556800250934,11
01-23-2025 18:13:00,56.0891670765437,832.752067797715,10.99
01-23-2025 18:23:00,56.2671433808273,832.73467961432,10.98
01-23-2025 18:33:00,56.6353966405877,832.311872702427,10.98
01-23-2025 18:43:00,57.0889678554294,833.163862766621,10.96
01-23-2025 18:53:00,56.8861535911716,836.748737433677,10.93
01-23-2025 19:03:00,55.8488291481144,835.734863234101,10.91
01-23-2025 19:13:00,57.2337429629057,836.397262324471,10.89
01-23-2025 19:23:00,57.1240783952576,836.903767085961,10.86
01-23-2025 19:33:00,57.945541714214,839.736945625271,10.83
01-23-2025 19:43:00,55.8847122845481,839.185735938087,10.81
01-23-2025 19:53:00,57.7339167545291,838.727010791343,10.79
01-23-2025 20:03:00,57.7132255308195,840.5630620204,10.75
01-23-2025 20:13:00,57.1383114904732,837.342619825306,10.72
01-23-2025 20:23:00,56.935685175062,841.191687804887,10.69
01-23-2025 20:33:00,57.4770588166011,841.876489549742,10.66
01-23-2025 20:43:00,57.4563885190516,841.196242015676,10.62
01-23-2025 20:53:00,57.5326126014093,845.596643757654,10.59
01-23-2025 21:03:00,57.3300201543162,845.069400134399,10.56
01-23-2025 21:13:00,58.0605081203229,844.325475182089,10.54
01-23-2025 21:23:00,56.7431995519697,844.168614382301,10.51
01-23-2025 21:33:00,57.1019757113991,842.309066277223,10.49
01-23-2025 21:43:00,56.6248996848862,843.885076390778,10.47
01-23-2025 21:53:00,57.4438152359412,845.582699041889,10.44
01-23-2025 22:03:00,57.7094203103059,844.371347475174,10.42
01-23-2025 22:13:00,57.2285080964181,846.159379863576,10.39
01-23-2025 22:23:00,58.4218995259784,845.039615048746,10.37
01-23-2025 22:33:00,57.3883133407915,843.548320006052,10.35
01-23-2025 22:43:00,58.2989836831762,844.683866665958,10.32
01-23-2025 22:53:00,57.7334455930746,844.83114995041,10.31
01-23-2025 23:03:00,59.1073616176547,845.686278651008,10.28
01-23-2025 23:13:00,58.0782992730433,846.759186669339,10.27
01-23-2025 23:23:00,58.6214444478357,847.953387664917,10.25
01-23-2025 23:33:00,58.7049995210769,847.170497922921,10.24
01-23-2025 23:43:00,57.5795655364129,847.621397913499,10.22
01-23-2025 23:53:00,58.6785546693825,848.349409606886,10.2
01-24-2025 00:03:00,58.1093681760295,847.408608026894,10.18
01-24-2025 00:13:00,58.3741236253915,849.895123338228,10.16
01-24-2025 00:23:00,58.2722804095022,849.294295946424,10.15
01-24-2025 00:33:00,58.2590488547542,847.795709066681,10.13
01-24-2025 00:43:00,57.2271076472073,848.704628782244,10.11
01-24-2025 00:53:00,57.3991898508514,849.056940311102,10.09
01-24-2025 01:03:00,60.1593140902776,849.344678212356,10.06
01-24-2025 01:13:00,57.0912481985502,849.7877473484,10.04
01-24-2025 01:23:00,58.2772015347763,850.906413397993,10.01
01-24-2025 01:33:00,58.9115539659516,853.475599051792,9.99
01-24-2025 01:43:00,57.6029491342915,852.065237879837,9.97
01-24-2025 01:53:00,58.0481830393423,854.197746606442,9.94
01-24-2025 02:03:00,59.0520931378977,853.156136239259,9.92
01-24-2025 02:13:00,59.0385862226025,852.114068114661,9.9
01-24-2025 02:23:00,58.4703665985226,853.290336761533,9.88
01-24-2025 02:33:00,57.6210259555782,853.661710259981,9.85
01-24-2025 02:43:00,58.4394225753832,851.508780059101,9.83
01-24-2025 02:53:00,59.5347615403222,853.606192591726,9.81
01-24-2025 03:03:00,58.7820009378027,855.240271497824,9.79
01-24-2025 03:13:00,56.9170480862136,854.776376013441,9.76
01-24-2025 03:23:00,57.7309566551355,855.142954499932,9.73
01-24-2025 03:33:00,57.9865382344861,858.0288589002,9.69
01-24-2025 03:43:00,59.8150262536067,855.716125438193,9.66
01-24-2025 03:53:00,58.5092650045535,852.729786313758,9.64
01-24-2025 04:03:00,58.4876143148966,854.227941885854,9.6
01-24-2025 04:13:00,57.639851628796,853.852016008938,9.57
01-24-2025 04:23:00,57.8107966314067,854.831097885162,9.55
01-24-2025 04:33:00,56.5946543528374,853.254885242135,9.52
01-24-2025 04:43:00,57.9601194923789,852.692520204841,9.49
01-24-2025 04:53:00,58.675792458744,853.63162345928,9.45
01-24-2025 05:03:00,58.750174192498,852.330650803353,9.42
01-24-2025 05:13:00,59.2891501704239,848.422454526798,9.4
01-24-2025 05:23:00,59.2712305611952,848.502950729278,9.37
01-24-2025 05:33:00,58.6127785798804,849.291559635183,9.35
01-24-2025 05:43:00,58.7750668035188,846.912165803723,9.31
01-24-2025 05:53:00,58.3890655504806,848.647062223187,9.28
01-24-2025 06:03:00,59.4754935840608,848.632002730129,9.25
01-24-2025 06:13:00,57.2534621675869,846.472522225723,9.23
01-24-2025 06:23:00,59.9953983334925,846.456283947964,9.2
01-24-2025 06:33:00,58.3258942943407,845.032097396051,9.18
01-24-2025 06:43:00,59.4155420781867,845.722544729463,9.16
01-24-2025 06:53:00,58.7498711369147,846.46694369302,9.12
01-24-2025 07:03:00,57.7288527459918,845.013677079879,9.11
01-24-2025 07:13:00,58.2665198442322,843.403706877339,9.09
01-24-2025 07:23:00,59.7229536394675,845.469218684055,9.07
01-24-2025 07:33:00,57.8712279309932,841.285449139479,9.05
01-24-2025 07:43:00,58.684181635338,841.052435935222,9.03
01-24-2025 07:53:00,57.7595847318836,841.498434530609,9.03
01-24-2025 08:03:00,58.2968381424792,841.355813993655,9.01
01-24-2025 08:13:00,58.8420015911387,837.667039105854,9.01
01-24-2025 08:23:00,59.1993700935655,836.301812485127,9
01-24-2025 08:33:00,59.4689194245551,836.102233094888,9
01-24-2025 08:43:00,58.5484680051243,835.139457641102,9.01
01-24-2025 08:53:00,59.0935654942214,833.377181804849,9.01
01-24-2025 09:03:00,59.3671713164554,833.147929309229,9.02
01-24-2025 09:13:00,58.3546614453744,831.356378432968,9.03
01-24-2025 09:23:00,58.4444738643575,830.574653863779,9.04
01-24-2025 09:33:00,58.2626477717401,827.09953696977,9.06
01-24-2025 09:43:00,58.7321465844876,826.231610162334,9.1
01-24-2025 09:53:00,57.4510604233716,823.092788652781,9.13
01-24-2025 10:03:00,57.4567715132654,821.8832898272,9.16
01-24-2025 10:13:00,59.4021670491612,821.627687137592,9.21
01-24-2025 10:23:00,57.295991816256,822.228334673636,9.25
01-24-2025 10:33:00,59.1505525320767,822.432542547316,9.3
01-24-2025 10:43:00,57.9676530049717,821.255437639571,9.35
01-24-2025 10:53:00,58.7183797284504,817.59004173586,9.4
01-24-2025 11:03:00,57.6305454303717,819.14602481442,9.46
01-24-2025 11:13:00,57.187143836483,821.994134952132,9.52
01-24-2025 11:23:00,58.6845033486769,818.082412755748,9.59
01-24-2025 11:33:00,57.6873736632186,816.594970161499,9.65
01-24-2025 11:43:00,58.3472913229052,817.073633607857,9.7
01-24-2025 11:53:00,58.7346772418632,811.520146743187,9.76
01-24-2025 12:03:00,58.8410944636826,809.779367406104,9.81
01-24-2025 12:13:00,58.4813452381768,810.09966929599,9.85
01-24-2025 12:23:00,58.12539756273,809.004045076663,9.9
01-24-2025 12:33:00,58.963459873648,807.225664388912,9.93
01-24-2025 12:43:00,58.973434397857,804.954378485736,9.97
01-24-2025 12:53:00,57.4987825366296,800.490066765179,10
01-24-2025 13:03:00,56.860376997434,801.547189769895,10.04
01-24-2025 13:13:00,57.324677814258,801.459832346711,10.06
01-24-2025 13:23:00,57.7005207453252,799.398165707022,10.09
01-24-2025 13:33:00,57.0577469302128,797.613077006696,10.12
01-24-2025 13:43:00,57.2444238373986,794.837616896072,10.14
01-24-2025 13:53:00,57.2458554129407,794.191691510084,10.16
01-24-2025 14:03:00,56.0505045864184,797.099724549938,10.2
01-24-2025 14:13:00,56.5112309991455,796.667963609764,10.21
01-24-2025 14:23:00,56.8793259409846,791.045266063299,10.22
01-24-2025 14:33:00,57.3441393555673,789.933169419848,10.24
01-24-2025 14:43:00,56.1363520598969,788.201351925592,10.25
01-24-2025 14:53:00,56.6011290989758,788.571188505593,10.27
01-24-2025 15:03:00,57.4329674811895,784.148819519668,10.28
01-24-2025 15:13:00,55.8577251707062,782.755161618367,10.3
01-24-2025 15:23:00,55.116785055586,779.876588817694,10.32
01-24-2025 15:33:00,56.6948122614687,781.35682769751,10.34
01-24-2025 15:43:00,57.2566830754508,775.012614677817,10.37
01-24-2025 15:53:00,57.9963225617663,777.45044932102,10.38
01-24-2025 16:03:00,55.2172218515898,772.866208044469,10.41
01-24-2025 16:13:00,56.7962706250632,771.559802847558,10.43
01-24-2025 16:23:00,56.0546630381829,769.69551028189,10.45
01-24-2025 16:33:00,56.612837981337,766.158777536543,10.47
01-24-2025 16:43:00,56.0566965291108,764.942367710666,10.49
01-24-2025 16:53:00,55.5003738736913,770.22721098689,10.51
01-24-2025 17:03:00,56.5231748777359,766.037382104254,10.53
01-24-2025 17:13:00,56.3344542979634,769.774387494886,10.54
01-24-2025 17:23:00,56.3315183982162,770.445267240787,10.55
01-24-2025 17:33:00,56.0498030294806,769.721913126132,10.56
01-24-2025 17:43:00,54.9316765285709,767.882796087607,10.57
01-24-2025 17:53:00,55.1106184528881,769.790926733564,10.57
01-24-2025 18:03:00,57.05119293904,768.197887843133,10.56
01-24-2025 18:13:00,56.3008760521871,771.126750454591,10.56
01-24-2025 18:23:00,56.5687252459122,771.204838518831,10.55
01-24-2025 18:33:00,57.2041476777173,766.110132683624,10.53
01-24-2025 18:43:00,55.8926467843532,766.37292696768,10.52
01-24-2025 18:53:00,57.5496644470379,765.64389327973,10.5
01-24-2025 19:03:00,56.4202024079303,765.657214253588,10.48
01-24-2025 19:13:00,56.5909821744485,768.362438675426,10.46
01-24-2025 19:23:00,55.1796060715414,768.682564037414,10.43
01-24-2025 19:33:00,57.2028085016315,770.765053443512,10.4
01-24-2025 19:43:00,56.0741687743613,765.856170590929,10.38
01-24-2025 19:53:00,56.8942712953074,769.112788988788,10.36
01-24-2025 20:03:00,55.3949059192143,768.656917648804,10.34
01-24-2025 20:13:00,57.8844040176979,767.922131251394,10.32
01-24-2025 20:23:00,56.1998212918536,767.928698907809,10.3
01-24-2025 20:33:00,57.2047925628087,773.312612317457,10.28
01-24-2025 20:43:00,57.0929046894253,769.730795732447,10.25
01-24-2025 20:53:00,56.8923350607065,768.529682824311,10.23
01-24-2025 21:03:00,56.9698406401619,767.235461767789,10.21
01-24-2025 21:13:00,56.4913198455239,767.608791772717,10.19
01-24-2025 21:23:00,56.5609289183085,766.558473847861,10.15
01-24-2025 21:33:00,57.0048902398232,767.422888185622,10.12
01-24-2025 21:43:00,56.6192302134465,767.052618019249,10.1
01-24-2025 21:53:00,55.8555265304843,768.222168019949,10.06
01-24-2025 22:03:00,56.5848439328238,770.412631482129,10.05
01-24-2025 22:13:00,54.996198158611,769.391818071674,10.03
01-24-2025 22:23:00,57.6688558418997,773.616281980087,10.02
01-24-2025 22:33:00,57.098226038424,770.002770079526,10
01-24-2025 22:43:00,55.6064354678505,772.374284418152,9.99
01-24-2025 22:53:00,57.5340256943512,772.923266496479,9.97
01-24-2025 23:03:00,56.8710753805084,772.453814411885,9.95
01-24-2025 23:13:00,57.5071017037373,775.007054182628,9.94
01-24-2025 23:23:00,57.4031412894533,778.299087946818,9.93
01-24-2025 23:33:00,56.2819276899979,776.873585176217,9.92
01-24-2025 23:43:00,58.7630998341682,776.8630089227,9.9
01-24-2025 23:53:00,56.6249765649003,775.991227526107,9.89
01-25-2025 00:03:00,56.7059493186895,777.799920270755,9.88
01-25-2025 00:13:00,57.1526711908489,774.551665768736,9.86
01-25-2025 00:23:00,54.7417781597238,776.977470634314,9.86
01-25-2025 00:33:00,57.868933642124,775.669197123908,9.84
01-25-2025 00:43:00,57.2103900052992,775.810919393352,9.83
01-25-2025 00:53:00,57.6648595418473,777.494899911754,9.83
01-25-2025 01:03:00,58.0187794230377,777.293420819702,9.81
01-25-2025 01:13:00,56.528767395192,775.86218203963,9.8
01-25-2025 01:23:00,56.7019392375959,779.327006819769,9.79
01-25-2025 01:33:00,57.2445910371562,778.448714774293,9.78
01-25-2025 01:43:00,56.2167868819236,779.140210852659,9.77
01-25-2025 01:53:00,56.1088718074891,777.734112983929,9.75
01-25-2025 02:03:00,58.036652238073,778.516413451423,9.74
01-25-2025 02:13:00,58.205471705234,778.217255759496,9.72
01-25-2025 02:23:00,57.0856510936373,780.105889393242,9.71
01-25-2025 02:33:00,57.8124954684845,778.854464155755,9.7
01-25-2025 02:43:00,55.8580660405176,782.89172077897,9.68
01-25-2025 02:53:00,56.7654468050761,779.727713547777,9.66
01-25-2025 03:03:00,56.8419776526665,783.762047187493,9.64
01-25-2025 03:13:00,57.3798208344096,782.811761150792,9.62
01-25-2025 03:23:00,56.9949145164781,780.015821549063,9.6
01-25-2025 03:33:00,56.8868339251619,778.603568482668,9.58
01-25-2025 03:43:00,57.7932920997307,778.574383760059,9.56
01-25-2025 03:53:00,57.2240079020207,780.388728841046,9.54
01-25-2025 04:03:00,56.7470764308544,780.818705747297,9.52
01-25-2025 04:13:00,56.5468332841661,778.758671181058,9.5
01-25-2025 04:23:00,56.5349298539847,780.358749995678,9.49
01-25-2025 04:33:00,57.252401020397,778.693134782813,9.46
01-25-2025 04:43:00,57.328557350384,781.607899206244,9.44
01-25-2025 04:53:00,56.4833363690139,779.637920104075,9.42
01-25-2025 05:03:00,56.559546666751,774.719893522294,9.4
01-25-2025 05:13:00,57.2764539944023,776.645098803967,9.37
01-25-2025 05:23:00,57.9049936665863,773.937757914292,9.35
01-25-2025 05:33:00,57.7046799343418,773.716367287292,9.33
01-25-2025 05:43:00,56.3076490966236,774.506885941769,9.31
01-25-2025 05:53:00,58.6889529236198,771.49566034828,9.3
01-25-2025 06:03:00,57.9363144052517,771.916633754535,9.28
01-25-2025 06:13:00,57.0918564544429,772.520732174061,9.26
01-25-2025 06:23:00,56.9837139229672,772.571790238712,9.24
01-25-2025 06:33:00,57.4275652586196,774.921954121504,9.22
01-25-2025 06:43:00,57.2273840554243,773.683279938857,9.2
01-25-2025 06:53:00,57.3951212235489,774.19159458155,9.18
01-25-2025 07:03:00,57.8386571243762,771.848329152746,9.16
01-25-2025 07:13:00,57.0907853381888,766.903770364563,9.15
01-25-2025 07:23:00,57.4422950790663,770.904096896953,9.13
01-25-2025 07:33:00,56.4148559487949,764.331440554512,9.11
01-25-2025 07:43:00,56.6783765778412,763.247493580351,9.1
01-25-2025 07:53:00,56.5702546514779,764.487491284181,9.08
01-25-2025 08:03:00,57.2012468432581,761.656324998136,9.07
01-25-2025 08:13:00,57.0051390856856,760.938290768499,9.06
01-25-2025 08:23:00,56.1658769861507,759.392732358514,9.05
01-25-2025 08:33:00,56.800677182632,758.003385524776,9.05
01-25-2025 08:43:00,56.608533562812,758.359167672629,9.05
01-25-2025 08:53:00,57.4270624076033,757.795535194751,9.05
01-25-2025 09:03:00,56.7754817377739,754.84239506641,9.05
01-25-2025 09:13:00,58.9763254665186,757.650243863969,9.06
01-25-2025 09:23:00,56.494816725919,755.468687290481,9.08
01-25-2025 09:33:00,56.5861746688247,754.297135787946,9.1
01-25-2025 09:43:00,56.1259745748018,754.411824782122,9.12
01-25-2025 09:53:00,57.96824430403,749.993683885269,9.15
01-25-2025 10:03:00,58.1599535426283,746.64940223415,9.19
01-25-2025 10:13:00,57.3357023841452,744.710572716284,9.22
01-25-2025 10:23:00,56.7911070505912,739.79809555276,9.26
01-25-2025 10:33:00,58.4595214448113,737.339811745161,9.31
01-25-2025 10:43:00,55.060218527644,734.447364637544,9.35
01-25-2025 10:53:00,56.4527253031841,732.169408666688,9.4
01-25-2025 11:03:00,56.0953289985326,730.534723984649,9.45
01-25-2025 11:13:00,57.120482943104,726.593999851057,9.5
01-25-2025 11:23:00,56.1174899442387,725.50913488584,9.55
01-25-2025 11:33:00,57.6087401937039,719.689097975918,9.61
01-25-2025 11:43:00,55.3129118691095,712.693509457058,9.66
01-25-2025 11:53:00,56.4316715438033,708.554910684258,9.71
01-25-2025 12:03:00,55.8847097318751,707.398808686176,9.75
01-25-2025 12:13:00,56.7232264863288,706.518971716806,9.79
01-25-2025 12:23:00,55.3442650289803,704.899079254727,9.83
01-25-2025 12:33:00,56.1791332753254,703.30813740237,9.86
01-25-2025 12:43:00,58.2162994491928,700.514239524349,9.89
01-25-2025 12:53:00,56.555270351148,697.348874400502,9.92
01-25-2025 13:03:00,56.0034617492008,697.881708481666,9.95
01-25-2025 13:13:00,56.1955160341439,692.462512659069,9.99
01-25-2025 13:23:00,54.8990651620467,690.896236042325,10.01
01-25-2025 13:33:00,54.8092781750243,687.354413400508,10.04
01-25-2025 13:43:00,56.6636396597435,692.976218147028,10.07
01-25-2025 13:53:00,54.6334075758181,691.068805808178,10.11
01-25-2025 14:03:00,55.4776048341303,684.5897311247,10.16
01-25-2025 14:13:00,54.5576820381114,680.454065471879,10.2
01-25-2025 14:23:00,55.0315763373502,676.747573973085,10.25
01-25-2025 14:33:00,56.2517297922542,673.191816616895,10.31
01-25-2025 14:43:00,54.681548653801,668.305437690938,10.35
01-25-2025 14:53:00,56.0880741003317,669.198330216272,10.41
01-25-2025 15:03:00,56.0989912077059,666.874213518946,10.46
01-25-2025 15:13:00,56.109906761365,667.799279085908,10.51
01-25-2025 15:23:00,54.3553181785461,663.52135407527,10.56
01-25-2025 15:33:00,56.0387772326541,661.935848172715,10.61
01-25-2025 15:43:00,54.0038530869192,658.954192275556,10.66
01-25-2025 15:53:00,54.5759979188192,657.704968251449,10.72
01-25-2025 16:03:00,55.5169925079928,652.578562401118,10.77
01-25-2025 16:13:00,54.5966302712755,655.548146207514,10.82
01-25-2025 16:23:00,55.3480972625034,653.430226433909,10.86
01-25-2025 16:33:00,54.7996916530116,652.768438966358,10.91
01-25-2025 16:43:00,54.0644624791573,654.342879150771,10.96
01-25-2025 16:53:00,55.375902019737,653.15417053122,11
01-25-2025 17:03:00,54.8229830222044,653.083634227233,11.04
01-25-2025 17:13:00,56.6951285146936,652.919576696805,11.08
01-25-2025 17:23:00,55.1118667450463,650.641921184971,11.11
01-25-2025 17:33:00,55.0211107065968,655.175818005382,11.14
01-25-2025 17:43:00,55.5837386404423,656.070888926079,11.17
01-25-2025 17:53:00,55.7731314902435,657.432915337105,11.2
01-25-2025 18:03:00,55.7718193515314,657.986909183043,11.22
01-25-2025 18:13:00,54.9299162056283,658.073684069136,11.24
01-25-2025 18:23:00,55.3020952474999,661.242666613295,11.26
01-25-2025 18:33:00,55.2967050996384,659.959645207008,11.27
01-25-2025 18:43:00,55.8598697000161,662.816879874658,11.3
01-25-2025 18:53:00,56.3217249383689,663.868858230881,11.31
01-25-2025 19:03:00,55.1988816832239,663.019927468939,11.33
01-25-2025 19:13:00,56.1321345511132,662.54424276503,11.35
01-25-2025 19:23:00,55.4763417324637,665.059666471129,11.37
01-25-2025 19:33:00,54.7268341868723,665.237873583337,11.39
01-25-2025 19:43:00,54.9122593669929,666.724979271514,11.41
01-25-2025 19:53:00,55.5613882890844,666.091937724632,11.42
01-25-2025 20:03:00,54.9051075253589,667.952817197977,11.44
01-25-2025 20:13:00,56.2132187793345,667.849258550353,11.46
01-25-2025 20:23:00,55.5608101255504,669.024551644301,11.49
01-25-2025 20:33:00,55.2824734804016,671.416821394316,11.52
01-25-2025 20:43:00,55.5616927907915,671.874295829265,11.54
01-25-2025 20:53:00,57.1517083293645,673.73586184243,11.56
01-25-2025 21:03:00,55.7498135571618,675.942201166044,11.59
01-25-2025 21:13:00,56.1309693573612,679.243590132453,11.63
01-25-2025 21:23:00,56.2271820846336,684.262642637731,11.66
01-25-2025 21:33:00,55.6674193006934,686.940801914495,11.69
01-25-2025 21:43:00,56.3259656333846,691.68209301978,11.72
01-25-2025 21:53:00,56.043170109124,698.140927209334,11.74
01-25-2025 22:03:00,55.2016735495544,699.322589602128,11.77
01-25-2025 22:13:00,58.0135197680884,700.438475747114,11.79
01-25-2025 22:23:00,56.41758406084,704.086917813542,11.81
01-25-2025 22:33:00,57.5459451090174,707.708955072824,11.84
01-25-2025 22:43:00,56.6999954669069,707.418037701162,11.86
01-25-2025 22:53:00,57.4492285621522,710.505244942109,11.88
01-25-2025 23:03:00,55.8520659485146,711.903436534701,11.9
01-25-2025 23:13:00,56.3156526760478,713.609769236956,11.91
01-25-2025 23:23:00,57.4406128659871,714.632368376413,11.93
01-25-2025 23:33:00,56.4021110111799,717.183386261592,11.94
01-25-2025 23:43:00,55.8329364285216,717.386793419719,11.95
01-25-2025 23:53:00,57.8033499610439,717.65767937222,11.97
01-26-2025 00:03:00,57.5117084046955,717.510460909584,11.97
01-26-2025 00:13:00,58.449434247114,720.974082430007,11.99
01-26-2025 00:23:00,57.0305761708111,718.38359796097,11.99
01-26-2025 00:33:00,56.9308361508266,718.490743546523,12
01-26-2025 00:43:00,56.3613528061072,719.255005436237,12.01
01-26-2025 00:53:00,57.2010146274245,720.112834631353,12.02
01-26-2025 01:03:00,55.8757198945355,720.995638299263,12.02
01-26-2025 01:13:00,56.1475547033271,722.53548384784,12.02
01-26-2025 01:23:00,58.020743332536,725.646989339098,12.03
01-26-2025 01:33:00,58.1046527519934,723.521474167572,12.03
01-26-2025 01:43:00,57.441072731935,722.873679630997,12.04
01-26-2025 01:53:00,57.0551362223186,722.438196885326,12.04
01-26-2025 02:03:00,57.3269313263358,720.028863343806,12.04
01-26-2025 02:13:00,57.790849278746,717.969585818763,12.05
01-26-2025 02:23:00,57.0289502344302,715.934795605575,12.05
01-26-2025 02:33:00,55.3273232949935,715.684850577049,12.05
01-26-2025 02:43:00,55.7829544294016,717.338801419372,12.04
01-26-2025 02:53:00,56.9943072318577,719.342744146565,12.04
01-26-2025 03:03:00,55.5706043272757,715.639372602743,12.03
01-26-2025 03:13:00,57.5292908661008,717.478882938502,12.02
01-26-2025 03:23:00,57.6985433914435,718.59061533428,12
01-26-2025 03:33:00,56.0873070855637,720.615853722739,11.99
01-26-2025 03:43:00,56.9182503421506,717.756162237068,11.98
01-26-2025 03:53:00,56.7201294468639,717.595037322141,11.98
01-26-2025 04:03:00,56.1422139788599,718.866637127955,11.97
01-26-2025 04:13:00,56.8790667221295,734.505106105883,11.96
01-26-2025 04:23:00,57.0482279094477,760.209044730527,11.94
01-26-2025 04:33:00,58.1603504479277,783.537966437073,11.93
01-26-2025 04:43:00,56.5621854225339,799.485588009885,11.95
01-26-2025 04:53:00,57.3885267769825,806.492272647636,11.93
01-26-2025 05:03:00,58.6968225184362,810.158747483529,11.94
01-26-2025 05:13:00,57.5554941762937,814.704097548942,11.93
01-26-2025 05:23:00,55.5053760008806,671.715871520117,11.53
01-26-2025 05:33:00,59.5960341510913,856.55850801306,11.49
01-26-2025 05:43:00,64.4379415939201,1262.46376313114,11.66
01-26-2025 05:53:00,60.2187379772998,1668.36841176395,11.89
01-26-2025 06:03:00,47.4323586361011,2074.27245391149,12.13
01-26-2025 06:13:00,40.3280493437151,2480.17588957374,12.31
01-26-2025 06:23:00,35.8365684859557,2886.07871875072,12.46
01-26-2025 06:33:00,33.3942709968587,2981.6438806606,12.54
01-26-2025 06:43:00,30.2883399138189,3117.72004437306,12.62
01-26-2025 06:53:00,28.4946652225324,3196.99383425939,12.67
01-26-2025 07:03:00,26.9791530262761,3241.32723158474,12.7
01-26-2025 07:13:00,25.9407151513973,3246.23198843886,12.76
01-26-2025 07:23:00,25.372147382288,3304.65672448836,12.81
01-26-2025 07:33:00,26.4919486209075,3367.45441309609,12.79
01-26-2025 07:43:00,27.0540522392567,3395.13573607261,12.82
01-26-2025 07:53:00,25.5454380392699,3437.17486930516,12.9
01-26-2025 08:03:00,25.9075710273549,3443.44766886103,12.87
01-26-2025 08:13:00,26.5606614726864,3485.16300252902,12.88
01-26-2025 08:23:00,25.0386442917418,3516.48111586111,12.89
01-26-2025 08:33:00,26.3538040274981,3558.96405148088,12.9
01-26-2025 08:43:00,25.5882131797112,3563.23941809084,12.91
01-26-2025 08:53:00,27.6642913181132,3609.34284533601,12.94
01-26-2025 09:03:00,26.5163003613428,3623.0651666962,12.93
01-26-2025 09:13:00,26.8877326481189,3411.62825817138,12.95
01-26-2025 09:23:00,27.2728804779957,3549.43875118127,13.04
01-26-2025 09:33:00,27.4474849525085,3613.81672189161,13.02
01-26-2025 09:43:00,27.710727566581,3710.87480340051,12.97
01-26-2025 09:53:00,29.4978515172725,3774.95080165362,12.97
01-26-2025 10:03:00,28.4541723363246,3573.42019425758,13.01
01-26-2025 10:13:00,28.4575493754728,3456.788777659,13.08
01-26-2025 10:23:00,27.6080705923883,3306.39231072487,13.15
01-26-2025 10:33:00,28.6518645354864,3207.24501899654,13.21
01-26-2025 10:43:00,30.4510012126008,3118.97130051342,13.25
01-26-2025 10:53:00,27.3124632063742,2568.49191103439,13.26
01-26-2025 11:03:00,29.4283176317988,2704.30896617454,13.45
01-26-2025 11:13:00,29.1618618397592,2734.28114889773,13.59
01-26-2025 11:23:00,28.8739456274774,2563.23953255065,13.63
01-26-2025 11:33:00,26.77625540368,2518.98862157292,13.66
01-26-2025 11:43:00,27.4350897342796,2462.23531775919,13.68
01-26-2025 11:53:00,29.437053406825,2535.09027080299,13.75
01-26-2025 12:03:00,30.7104661620233,2431.34479003334,13.96
01-26-2025 12:13:00,33.5574734465375,2613.73314899905,13.95
01-26-2025 12:23:00,33.2700647701798,2676.41956492895,13.99
01-26-2025 12:33:00,32.593694905827,2744.46677919049,14
01-26-2025 12:43:00,33.3553778857247,2722.77840273654,14.04
01-26-2025 12:53:00,32.6907081777787,2514.91433854079,14.1
01-26-2025 13:03:00,34.1213821019167,2359.65097698558,14.14
01-26-2025 13:13:00,34.7163111126613,2103.90725244654,14.27
01-26-2025 13:23:00,29.7675798992714,1505.49522657911,14.42
01-26-2025 13:33:00,19.2453880258961,1371.97847220144,14.53
01-26-2025 13:43:00,20.8592764521643,1238.46111133848,14.51
01-26-2025 13:53:00,24.9710226126465,1104.94314399025,14.54
01-26-2025 14:03:00,28.9973683615568,971.424570156748,14.61
01-26-2025 14:13:00,32.1579992804227,1147.61404994664,14.65
01-26-2025 14:23:00,34.3591232415004,1314.39463920722,14.68
01-26-2025 14:33:00,35.3144833071601,1387.36069136353,14.71
01-26-2025 14:43:00,35.2124537819114,1492.74549235393,14.73
01-26-2025 14:53:00,36.4453450291808,1579.41507163512,14.72
01-26-2025 15:03:00,38.8317913237841,1706.69387694712,14.72
01-26-2025 15:13:00,39.488836880573,1728.60241471825,14.71
01-26-2025 15:23:00,40.340572540068,1921.08601007109,14.71
01-26-2025 15:33:00,40.3170891578607,1970.46203036569,14.67
01-26-2025 15:43:00,41.3633704447582,2092.88452789853,14.68
01-26-2025 15:53:00,42.6910762674426,2135.84624064469,14.67
01-26-2025 16:03:00,44.1177352696207,2183.78235963394,14.67
01-26-2025 16:13:00,42.0802322511088,2220.98156581039,14.63
01-26-2025 16:23:00,42.9249009149362,2310.1981914316,14.61
01-26-2025 16:33:00,40.9844684400103,2360.3680669573,14.57
01-26-2025 16:43:00,43.4605123865771,2351.44373734199,14.56
01-26-2025 16:53:00,42.2036187878774,2383.0503343874,14.56
01-26-2025 17:03:00,40.9375131863346,2477.72584973224,14.53
01-26-2025 17:13:00,41.7659609483655,2520.36778175083,14.46
01-26-2025 17:23:00,43.464277628735,2412.13662932116,14.42
01-26-2025 17:33:00,44.290601554985,2617.36186397929,14.35
01-26-2025 17:43:00,41.5979399827514,2604.88916638064,14.34
01-26-2025 17:53:00,44.3396394715196,2691.01571425684,14.28
01-26-2025 18:03:00,42.6933715330643,2718.03546129336,14.25
01-26-2025 18:13:00,43.314911453648,2722.85062351559,14.14
01-26-2025 18:23:00,43.4019353564521,2758.97200955141,14.15
01-26-2025 18:33:00,42.5116697306527,2801.84937156904,14.09
01-26-2025 18:43:00,42.2995243872874,2826.31863111645,14.06
01-26-2025 18:53:00,42.3673208101084,2842.09264657704,14.01
01-26-2025 19:03:00,41.004755567858,2857.85331794484,13.96
01-26-2025 19:13:00,42.502680596853,2934.31669160812,13.91
01-26-2025 19:23:00,40.3727926128,2973.06314056017,13.84
01-26-2025 19:33:00,41.5900644649643,3020.96533148082,13.81
01-26-2025 19:43:00,38.9833828884539,3053.85651869855,13.73
01-26-2025 19:53:00,41.4339041391564,3087.73633824493,13.69
01-26-2025 20:03:00,40.2711422376978,3101.496205302,13.66
01-26-2025 20:13:00,41.4866625205889,3127.23272233635,13.63
01-26-2025 20:23:00,40.8887992334567,3139.21570869669,13.58
01-26-2025 20:33:00,40.2053422977672,3103.11536464756,13.56
01-26-2025 20:43:00,40.7576610756389,3134.98248855841,13.54
01-26-2025 20:53:00,41.493642996504,3130.49042068635,13.5
01-26-2025 21:03:00,42.4254735121196,3132.5064426065,13.48
01-26-2025 21:13:00,42.2139967077399,3137.86889813347,13.45
01-26-2025 21:23:00,40.8051193015888,2824.59400017599,13.23
01-26-2025 21:33:00,43.9282054784546,2270.67486021486,12.96
01-26-2025 21:43:00,44.7376913325404,2456.68696166105,12.87
01-26-2025 21:53:00,45.8068634894947,2690.09552636928,12.99
01-26-2025 22:03:00,46.7517448293271,2647.57397901011,13.02
01-26-2025 22:13:00,47.6470604970298,2471.98609157346,12.91
01-26-2025 22:23:00,49.7731766550316,2374.29595679787,12.81
01-26-2025 22:33:00,50.5020439105499,2314.86761903224,12.77
01-26-2025 22:43:00,52.1711157040068,2292.96698874276,12.72
01-26-2025 22:53:00,52.5249504223175,2328.78973577009,12.69
01-26-2025 23:03:00,53.0674170740037,2336.74481832346,12.66
01-26-2025 23:13:00,53.4288513619606,2344.71825997176,12.65
01-26-2025 23:23:00,55.5101192385609,2348.12349373195,12.69
01-26-2025 23:33:00,53.7820222648881,2376.3554670302,12.65
01-26-2025 23:43:00,53.4865796246281,2389.90754471844,12.65
01-26-2025 23:53:00,54.2254577611841,2389.00061311485,12.64
01-27-2025 00:03:00,54.5250195347617,2434.20803121716,12.71
01-27-2025 00:13:00,54.5455154023397,2473.43800153598,12.79
01-27-2025 00:23:00,53.9946177511353,2476.76175538393,12.86
01-27-2025 00:33:00,52.5561095965788,2554.19495583796,12.84
01-27-2025 00:43:00,45.7681119876698,1648.47986768243,12.38
01-27-2025 00:53:00,46.5756413925494,2112.672344427,12.57
01-27-2025 01:03:00,48.2978226420871,1783.9508521344,12.41
01-27-2025 01:13:00,51.423627537909,1740.3774901796,12.24
01-27-2025 01:23:00,53.1912753013993,1700.68775891487,12.22
01-27-2025 01:33:00,41.8530756356939,1567.73797054261,12.41
01-27-2025 01:43:00,40.3782837327777,1367.55993006006,12.56
01-27-2025 01:53:00,45.8387680938679,1225.51752091175,12.29
01-27-2025 02:03:00,50.8108841242321,1186.7584643966,12.03
01-27-2025 02:13:00,54.9687693815339,1110.32478391119,11.89
01-27-2025 02:23:00,56.6202426522154,1095.36887526607,11.83
01-27-2025 02:33:00,56.778338374976,1100.79825873358,11.79
01-27-2025 02:43:00,56.4759824250378,1059.55025401272,11.77
01-27-2025 02:53:00,55.7132522699063,1096.71957762366,11.77
01-27-2025 03:03:00,55.4276694648664,1126.88422747665,11.79
01-27-2025 03:13:00,56.9156621029955,1157.68062373785,11.79
01-27-2025 03:23:00,56.8177916732415,1203.33529340523,11.81
01-27-2025 03:33:00,54.1011818169444,1213.67767250052,11.85
01-27-2025 03:43:00,55.8796780436622,1257.95332359998,11.87
01-27-2025 03:53:00,56.9035701828478,1274.90361715817,11.88
01-27-2025 04:03:00,54.1773791842271,1278.74228005568,11.9
01-27-2025 04:13:00,55.9607253741497,1304.95320503707,11.93
01-27-2025 04:23:00,56.2381320471269,1306.07411978525,11.95
01-27-2025 04:33:00,55.845615673047,1302.41441736739,11.94
01-27-2025 04:43:00,54.5306773925491,1289.38153180284,11.97
01-27-2025 04:53:00,56.3877259421552,1299.68526589217,11.95
01-27-2025 05:03:00,54.3214147797693,1304.40111402818,11.98
01-27-2025 05:13:00,56.8231209972265,1260.25373400044,11.93
01-27-2025 05:23:00,57.4848244789048,1281.60751135746,11.97
01-27-2025 05:33:00,57.2755531101238,1323.27207991022,11.95
01-27-2025 05:43:00,56.0335820564775,1315.63317299989,11.93
01-27-2025 05:53:00,56.4005210912492,1363.94957663532,11.94
01-27-2025 06:03:00,56.5583985457434,1387.5884194467,11.9
01-27-2025 06:13:00,58.145589214387,1409.42626155409,11.91
01-27-2025 06:23:00,55.1163457477962,1449.03743911406,11.88
01-27-2025 06:33:00,56.4343384678806,1457.01288113461,11.92
01-27-2025 06:43:00,57.0656496079535,1481.87913230412,11.89
01-27-2025 06:53:00,56.2249376131665,1523.56944658144,11.93
01-27-2025 07:03:00,56.864882344607,1486.36901352805,11.92
01-27-2025 07:13:00,55.635674542758,1560.3210731892,11.93
01-27-2025 07:23:00,55.1574084753474,1564.14592399006,11.94
01-27-2025 07:33:00,56.7405707106885,1567.54577157888,11.94
01-27-2025 07:43:00,56.168422172389,1572.68503329013,11.95
01-27-2025 07:53:00,56.7187731323129,1560.77829920023,11.95
01-27-2025 08:03:00,56.4367976379542,1563.01008604318,11.98
01-27-2025 08:13:00,56.9915508744858,1541.28565803733,11.99
01-27-2025 08:23:00,55.667663258521,1547.0805634998,12
01-27-2025 08:33:00,56.4060328494504,1538.45494703849,12
01-27-2025 08:43:00,57.6184218685044,1529.12428700029,12.01
01-27-2025 08:53:00,56.7640853649277,1521.01307838068,12.02
01-27-2025 09:03:00,57.8914634890952,1507.54175405505,12.05
01-27-2025 09:13:00,57.139493713369,1499.23365921825,12.08
01-27-2025 09:23:00,57.9854077392771,1490.54549871637,12.11
01-27-2025 09:33:00,57.6092372745721,1479.69034229184,12.14
01-27-2025 09:43:00,59.2125673656342,1464.64005384276,12.18
01-27-2025 09:53:00,57.8059047695664,1449.86279992315,12.22
01-27-2025 10:03:00,57.7073100397657,1439.23027767731,12.24
01-27-2025 10:13:00,57.8866396701566,1424.97777423178,12.25
01-27-2025 10:23:00,59.2134268583268,1411.81928699655,12.3
01-27-2025 10:33:00,58.2851977728583,1400.66682584889,12.36
01-27-2025 10:43:00,59.2273083804455,1382.70315062116,12.39
01-27-2025 10:53:00,60.0756028996969,1370.9506007375,12.42
01-27-2025 11:03:00,59.0301435565431,1356.0121227677,12.43
01-27-2025 11:13:00,60.7270064407456,1347.64284198075,12.46
01-27-2025 11:23:00,59.6096878937296,1338.61646049254,12.52
01-27-2025 11:33:00,60.4680899993,1327.94501820177,12.57
01-27-2025 11:43:00,61.1243890279313,1322.45269040471,12.59
01-27-2025 11:53:00,59.6955815146992,1316.98807307648,12.59
01-27-2025 12:03:00,61.3899270538085,1312.1530143679,12.61
01-27-2025 12:13:00,61.2017240793384,1318.58067447604,12.64
01-27-2025 12:23:00,61.1125089016694,1315.88523333149,12.68
01-27-2025 12:33:00,61.5805221178951,1308.49604385405,12.7
01-27-2025 12:43:00,62.3367850368152,1315.58782173951,12.73
01-27-2025 12:53:00,61.7659405665173,1317.26450970796,12.75
01-27-2025 13:03:00,61.955547098768,1315.19455010716,12.78
01-27-2025 13:13:00,60.448572951615,1315.89718393441,12.82
01-27-2025 13:23:00,61.9615857986931,1311.46181341346,12.85
01-27-2025 13:33:00,61.6832475750652,1311.2177028941,12.89
01-27-2025 13:43:00,62.1567845174236,1309.33258945594,12.92
01-27-2025 13:53:00,62.5311145055191,1308.64387416435,12.94
01-27-2025 14:03:00,61.9545510107604,1305.17815850365,12.95
01-27-2025 14:13:00,62.5037805021922,1306.18842597997,12.94
01-27-2025 14:23:00,61.2648656389026,1300.35601673973,12.95
01-27-2025 14:33:00,60.9719885433803,1301.24055389646,12.96
01-27-2025 14:43:00,62.1931541430196,1298.81265187509,12.97
01-27-2025 14:53:00,61.999676535792,1293.19794797982,12.99
01-27-2025 15:03:00,60.5662315438399,1291.58816041551,12.99
01-27-2025 15:13:00,60.3724491337415,1286.34931368452,13.01
01-27-2025 15:23:00,62.2614395991518,1283.57006353432,13.03
01-27-2025 15:33:00,61.5896474540914,1276.68720846506,13.04
01-27-2025 15:43:00,62.1486980349568,1274.9160431229,13.05
01-27-2025 15:53:00,60.6244977932241,1271.81838098168,13.06
01-27-2025 16:03:00,61.9459308884752,1266.47707548341,13.08
01-27-2025 16:13:00,62.0267686883876,1263.34714687497,13.08
01-27-2025 16:23:00,61.9181681479929,1264.95215804168,13.08
01-27-2025 16:33:00,60.0100435387499,1260.49506350978,13.08
01-27-2025 16:43:00,61.511495747115,1256.79504989427,13.08
01-27-2025 16:53:00,61.966333967162,1249.37148658227,13.07
01-27-2025 17:03:00,60.9959338061627,1246.37000419644,13.05
01-27-2025 17:13:00,61.5453508311574,1239.61017165808,13.04
01-27-2025 17:23:00,61.8011088941836,1238.0953364205,13.01
01-27-2025 17:33:00,62.5299198151549,1232.0375418771,12.98
01-27-2025 17:43:00,61.6546405406072,1233.10606472511,12.96
01-27-2025 17:53:00,62.3879725118303,1231.90275887862,12.94
01-27-2025 18:03:00,62.0805120973984,1222.75294998725,12.92
01-27-2025 18:13:00,60.9171983013838,1218.59049312399,12.89
01-27-2025 18:23:00,62.2175426058238,1210.01175578775,12.87
01-27-2025 18:33:00,62.9502009349334,1212.59104342654,12.85
01-27-2025 18:43:00,63.9563421970466,1217.9496054227,12.81
01-27-2025 18:53:00,66.2948811642969,1219.01260573657,12.79
01-27-2025 19:03:00,63.053087337617,1219.76320349447,12.76
01-27-2025 19:13:00,64.3467487095685,1222.87391082631,12.73
01-27-2025 19:23:00,64.4121192117024,1215.1219785227,12.7
01-27-2025 19:33:00,62.777965833118,1219.64654397056,12.67
01-27-2025 19:43:00,63.3107044563093,1208.09405142,12.63
01-27-2025 19:53:00,63.1874624071628,1203.27362916051,12.6
01-27-2025 20:03:00,64.2907149233777,1210.81336068704,12.57
01-27-2025 20:13:00,63.7948912171329,1211.77368348416,12.55
01-27-2025 20:23:00,62.9122360509835,1211.73446898985,12.51
01-27-2025 20:33:00,63.6376126494794,1200.50265811179,12.48
01-27-2025 20:43:00,64.9231734533775,1209.60692482389,12.44
01-27-2025 20:53:00,62.2554360730284,1206.76582878746,12.41
01-27-2025 21:03:00,64.7652803302725,1212.56414665954,12.37
01-27-2025 21:13:00,64.1659271397832,1201.40700306764,12.33
01-27-2025 21:23:00,63.4678787296013,1202.93744337715,12.28
01-27-2025 21:33:00,64.3799458366558,1199.53235108761,12.25
01-27-2025 21:43:00,64.4298490933778,1181.93648373877,12.19
01-27-2025 21:53:00,63.5540824655385,1199.03910018731,12.16
01-27-2025 22:03:00,65.0243877924115,1190.62469296254,12.12
01-27-2025 22:13:00,64.7079176963309,1189.54566929474,12.08
01-27-2025 22:23:00,64.8614343890958,1195.60742578841,12.04
01-27-2025 22:33:00,63.2349288247589,1188.25817393518,12.01
01-27-2025 22:43:00,65.084227330933,1187.29790488638,11.98
01-27-2025 22:53:00,66.9223602876687,1193.79479967508,11.93
01-27-2025 23:03:00,64.7334839918513,1190.20350518268,11.9
01-27-2025 23:13:00,65.1731843827355,1179.10539200207,11.87
01-27-2025 23:23:00,68.2291726888305,1185.40880813045,11.82
01-27-2025 23:33:00,65.0101020543927,1186.3209917291,11.79
01-27-2025 23:43:00,63.5740035009818,1185.82527958005,11.76
01-27-2025 23:53:00,65.5133051432948,1154.39337953437,11.73
01-28-2025 00:03:00,65.7596398580318,1181.33717438091,11.69
01-28-2025 00:13:00,67.9836826514249,1176.6499549329,11.67
01-28-2025 00:23:00,65.7986810647573,1176.05917502828,11.64
01-28-2025 00:33:00,65.5764314766537,1173.47463015196,11.6
01-28-2025 00:43:00,65.1770762484875,1174.03265686046,11.58
01-28-2025 00:53:00,63.6494401858795,1171.28667436472,11.55
01-28-2025 01:03:00,65.3982968603702,1170.22563649298,11.52
01-28-2025 01:13:00,64.9055639536942,1157.30541984199,11.5
01-28-2025 01:23:00,66.2791921520872,1166.35043760909,11.47
01-28-2025 01:33:00,65.5007909252681,1154.90543085378,11.44
01-28-2025 01:43:00,66.6865814754096,1159.17549664491,11.41
01-28-2025 01:53:00,66.843354980609,1153.71902553916,11.38
01-28-2025 02:03:00,67.2856351149671,1146.88663033323,11.36
01-28-2025 02:13:00,65.3910637200393,1143.2333288289,11.34
01-28-2025 02:23:00,66.2021073578223,1143.57414638691,11.31
01-28-2025 02:33:00,65.8967255493297,1142.16328601118,11.29
01-28-2025 02:43:00,65.4045777291617,1141.87299758728,11.27
01-28-2025 02:53:00,64.9125573103116,1132.98870849945,11.25
01-28-2025 03:03:00,65.1677874065646,1138.76851359055,11.23
01-28-2025 03:13:00,65.6979897945595,1133.87659292737,11.2
01-28-2025 03:23:00,65.672896632933,1131.43700706197,11.18
01-28-2025 03:33:00,64.9010607965628,1129.83734973628,11.16
01-28-2025 03:43:00,65.2443363013114,1123.64064422303,11.13
01-28-2025 03:53:00,65.6857906060967,1123.81375578922,11.11
01-28-2025 04:03:00,66.7749937775568,1121.90989302826,11.08
01-28-2025 04:13:00,65.1590293773021,1115.1561555591,11.05
01-28-2025 04:23:00,67.273484191958,1104.48825564735,11.02
01-28-2025 04:33:00,65.2902317561435,1094.49845537248,11
01-28-2025 04:43:00,64.1464879438427,1092.06117928044,10.98
01-28-2025 04:53:00,66.725959105973,1085.03575768938,10.95
01-28-2025 05:03:00,65.6755659083118,1077.38093303256,10.93
01-28-2025 05:13:00,67.3324569250265,1087.54366337324,10.92
01-28-2025 05:23:00,65.7181530501667,1095.3307117666,10.89
01-28-2025 05:33:00,65.9722496888204,1090.84183868885,10.87
01-28-2025 05:43:00,67.9903648261988,1078.97563271311,10.84
01-28-2025 05:53:00,66.3819271282712,1083.14763028004,10.82
01-28-2025 06:03:00,64.4946855224766,1065.62782329989,10.8
01-28-2025 06:13:00,67.5357500316351,1071.82577124471,10.77
01-28-2025 06:23:00,66.4401197494991,1071.52736390839,10.75
01-28-2025 06:33:00,65.3444729774725,1071.78640565246,10.73
01-28-2025 06:43:00,66.1563257726416,1072.97474841506,10.71
01-28-2025 06:53:00,66.2187157325197,1062.51512432045,10.68
01-28-2025 07:03:00,66.0798094069592,1060.83211617077,10.62
01-28-2025 07:13:00,65.6926001283911,1056.8528865718,10.62
01-28-2025 07:23:00,65.9459486228935,1045.76948909174,10.6
01-28-2025 07:33:00,65.1819393644743,1051.52947531127,10.59
01-28-2025 07:43:00,64.593930543864,976.963590240444,10.56
01-28-2025 07:53:00,65.4147980739087,1030.78029480756,10.56
01-28-2025 08:03:00,65.3064372195559,1036.18445318559,10.56
01-28-2025 08:13:00,65.1001151934004,1030.97657865094,10.55
01-28-2025 08:23:00,65.3633852148814,1023.74271607604,10.55
01-28-2025 08:33:00,65.6266387464718,1016.32241857176,10.55
01-28-2025 08:43:00,65.5232772293937,1012.17071782465,10.56
01-28-2025 08:53:00,64.9552452558087,1008.76135068169,10.57
01-28-2025 09:03:00,65.1305949363711,1001.54066305987,10.58
01-28-2025 09:13:00,65.2180551144561,940.888787988258,10.6
01-28-2025 09:23:00,66.7929379684245,990.844370210779,10.62
01-28-2025 09:33:00,65.7750995714151,984.036590214268,10.66
01-28-2025 09:43:00,65.4957245795988,974.605321430292,10.69
01-28-2025 09:53:00,63.9137549376407,964.146251469312,10.72
01-28-2025 10:03:00,64.7554786792527,853.841477793425,10.76
01-28-2025 10:13:00,65.411523746634,954.40940232522,10.8
01-28-2025 10:23:00,64.8624704180137,945.079800669996,10.85
01-28-2025 10:33:00,63.0970343111008,943.18314325746,10.89
01-28-2025 10:43:00,64.6849990311193,933.830916408449,10.93
01-28-2025 10:53:00,64.6994356625529,926.733465817885,10.99
01-28-2025 11:03:00,65.1802024236536,922.707541727148,11.05
01-28-2025 11:13:00,64.6350351900134,915.225887145798,11.11
01-28-2025 11:23:00,64.2760692558555,914.365421059903,11.17
01-28-2025 11:33:00,63.7349651838618,907.631409966711,11.24
01-28-2025 11:43:00,63.8474171848083,894.162496590205,11.31
01-28-2025 11:53:00,64.9000145576275,879.753413709153,11.39
01-28-2025 12:03:00,64.7274968699278,873.4506357671,11.45
01-28-2025 12:13:00,62.5845770381507,867.228120787926,11.5
01-28-2025 12:23:00,63.9038321458184,861.937162380038,11.55
01-28-2025 12:33:00,63.6270210234262,855.885952428242,11.59
01-28-2025 12:43:00,64.1981186586429,852.086108116519,11.64
01-28-2025 12:53:00,63.6400709847385,842.935412953485,11.68
01-28-2025 13:03:00,63.7378346675632,837.247390435001,11.72
01-28-2025 13:13:00,64.0181576480227,830.987749381886,11.75
01-28-2025 13:23:00,63.6471415937925,811.600153952807,11.79
01-28-2025 13:33:00,63.2758940083082,817.905982105284,11.83
01-28-2025 13:43:00,62.0549452718033,808.727413373873,11.86
01-28-2025 13:53:00,64.3010968811142,798.884090168937,11.88
01-28-2025 14:03:00,64.2114060843304,795.332780283116,11.92
01-28-2025 14:13:00,63.8298859431992,789.050375317364,11.94
01-28-2025 14:23:00,64.7731296495568,784.461115694136,11.98
01-28-2025 14:33:00,63.7389722703538,781.839583570161,12.01
01-28-2025 14:43:00,63.4560473223414,774.048658246183,12.04
01-28-2025 14:53:00,64.8596108710641,766.910498696674,12.06
01-28-2025 15:03:00,63.2508376130559,763.152389187349,12.07
01-28-2025 15:13:00,63.9026677877882,759.958223450591,12.09
01-28-2025 15:23:00,63.520531094859,753.660308029765,12.11
01-28-2025 15:33:00,63.6084077579096,747.830301154291,12.13
01-28-2025 15:43:00,62.2856626597481,744.537350225825,12.15
01-28-2025 15:53:00,63.1258092594956,740.584682007487,12.17
01-28-2025 16:03:00,62.6492052115222,732.773581790181,12.19
01-28-2025 16:13:00,62.63791407074,720.821554626933,12.2
01-28-2025 16:23:00,63.0970336898642,713.007002574205,12.21
01-28-2025 16:33:00,62.8925824416899,709.615371535453,12.21
01-28-2025 16:43:00,62.4949939664039,707.82487397803,12.2
01-28-2025 16:53:00,62.0082895554545,704.90260647005,12.2
01-28-2025 17:03:00,62.6505065310447,702.638279571378,12.2
01-28-2025 17:13:00,60.8418469778876,698.212352341633,12.19
01-28-2025 17:23:00,63.4594722822258,695.852841445625,12.19
01-28-2025 17:33:00,61.0913173336372,693.398653049944,12.19
01-28-2025 17:43:00,62.2037734278437,692.825278456925,12.19
01-28-2025 17:53:00,61.6229347730152,691.875013321044,12.19
01-28-2025 18:03:00,62.4481890679866,692.432159805036,12.18
01-28-2025 18:13:00,61.679232531687,688.000318378773,12.18
01-28-2025 18:23:00,63.0737285962021,686.295722798994,12.18
01-28-2025 18:33:00,61.6462919655588,679.228879943929,12.18
01-28-2025 18:43:00,62.3823079357302,681.473754080973,12.18
01-28-2025 18:53:00,64.3462435065379,677.78836603364,12.19
01-28-2025 19:03:00,62.3591807352805,673.537487808429,12.2
01-28-2025 19:13:00,61.7781673094936,672.017901852127,12.2
01-28-2025 19:23:00,63.1778002465063,664.566367051998,12.21
01-28-2025 19:33:00,63.2653677938005,655.038135455295,12.23
01-28-2025 19:43:00,62.0304172837528,651.535246298329,12.24
01-28-2025 19:53:00,61.6422901582217,650.101869341446,12.25
01-28-2025 20:03:00,60.2139549836442,643.026317534252,12.25
01-28-2025 20:13:00,61.2325642642676,637.361867479335,12.25
01-28-2025 20:23:00,60.9384236685208,634.890445365622,12.26
01-28-2025 20:33:00,61.2982313857711,628.000851513167,12.26
01-28-2025 20:43:00,62.3119016342204,626.858736295674,12.25
01-28-2025 20:53:00,60.8834840101898,602.933767093971,12.25
01-28-2025 21:03:00,61.4314414288427,622.112349593607,12.25
01-28-2025 21:13:00,62.3508632990148,616.827960571312,12.24
01-28-2025 21:23:00,60.263756270531,615.300318834006,12.24
01-28-2025 21:33:00,61.3713593758032,612.650204615639,12.23
01-28-2025 21:43:00,62.008313019384,610.376109807907,12.22
01-28-2025 21:53:00,60.580118040049,605.929868613409,12.22
01-28-2025 22:03:00,60.3702788974862,604.784047671644,12.21
01-28-2025 22:13:00,60.5367651982187,603.919882105073,12.2
01-28-2025 22:23:00,61.1735622463016,599.668538068227,12.19
01-28-2025 22:33:00,61.7161796937003,597.016172076506,12.18
01-28-2025 22:43:00,60.2835043083244,596.714873755991,12.17
01-28-2025 22:53:00,60.445031140688,595.762625917532,12.15
01-28-2025 23:03:00,61.645727972826,594.707628499765,12.14
01-28-2025 23:13:00,60.490674644967,591.027564103268,12.12
01-28-2025 23:23:00,61.8790831606005,590.817710687127,12.11
01-28-2025 23:33:00,61.2882132362893,586.573348046835,12.09
01-28-2025 23:43:00,62.0182582349864,585.046403901713,12.08
01-28-2025 23:53:00,58.9887576149437,582.39111278638,12.07
01-29-2025 00:03:00,59.9959523385533,581.529720742094,12.05
01-29-2025 00:13:00,60.0728842947868,577.737274950048,12.05
01-29-2025 00:23:00,60.8966877576269,572.919707908949,12.04
01-29-2025 00:33:00,60.2122071926892,568.205524093008,12.02
01-29-2025 00:43:00,59.0629777597597,564.891275470925,12.01
01-29-2025 00:53:00,58.6653876642501,560.919226343105,12
01-29-2025 01:03:00,60.3342636116623,560.798089467452,11.99
01-29-2025 01:13:00,58.4338587339226,557.482892842196,11.98
01-29-2025 01:23:00,60.2902894228895,552.289160859178,11.97
01-29-2025 01:33:00,59.3244404845771,546.542661661397,11.95
01-29-2025 01:43:00,61.2742350358522,543.790569113378,11.94
01-29-2025 01:53:00,60.8668002394563,541.153824574362,11.91
01-29-2025 02:03:00,58.6858142040911,533.238775999434,11.9
01-29-2025 02:13:00,60.071715274146,535.460755399934,11.89
01-29-2025 02:23:00,60.0399839530955,531.416504341503,11.86
01-29-2025 02:33:00,59.9240606184042,527.912731531569,11.85
01-29-2025 02:43:00,58.3961075845468,524.045263745937,11.83
01-29-2025 02:53:00,58.4679105480315,518.008456968509,11.82
01-29-2025 03:03:00,59.6652885794131,511.971808818895,11.81
01-29-2025 03:13:00,59.3617731044101,511.75050501234,11.8
01-29-2025 03:23:00,59.5320072537794,506.263590817825,11.8
01-29-2025 03:33:00,58.9471292546798,506.791589074126,11.79
01-29-2025 03:43:00,59.6752284034844,504.317819794753,11.78
01-29-2025 03:53:00,60.1218821518467,505.782094354544,11.77
01-29-2025 04:03:00,58.3180908121345,502.83843970675,11.76
01-29-2025 04:13:00,59.1397727576152,501.30084218882,11.75
01-29-2025 04:23:00,60.1536575393224,498.718485241896,11.75
01-29-2025 04:33:00,59.5688403452924,497.179878523326,11.74
01-29-2025 04:43:00,60.9527091903342,494.703311946112,11.73
01-29-2025 04:53:00,59.1493064759164,493.16372944009,11.72
01-29-2025 05:03:00,57.7210753229683,493.873130832543,11.71
01-29-2025 05:13:00,59.1047125114445,493.456999964483,11.7
01-29-2025 05:23:00,58.8949612906643,492.571599116274,11.69
01-29-2025 05:33:00,58.6852226494197,490.092536138781,11.68
01-29-2025 05:43:00,60.3495189856163,489.299711625209,11.67
01-29-2025 05:53:00,58.7295071286902,485.521334394778,11.65
01-29-2025 06:03:00,58.8055777498393,481.716187285497,11.65
01-29-2025 06:13:00,57.5606944284588,483.277212838006,11.63
01-29-2025 06:23:00,57.4400691786352,480.715879499997,11.61
01-29-2025 06:33:00,57.4131030383962,477.498901627379,11.59
01-29-2025 06:43:00,57.9479051390058,476.43548578598,11.57
01-29-2025 06:53:00,59.7091824385121,476.280587678325,11.57
01-29-2025 07:03:00,59.0265055595356,473.811609031246,11.55
01-29-2025 07:13:00,58.634309108819,470.472420754426,11.55
01-29-2025 07:23:00,59.0798610483901,471.920682611755,11.54
01-29-2025 07:33:00,57.7468879391005,466.628622061213,11.53
01-29-2025 07:43:00,57.6355046799181,463.381569931865,11.53
01-29-2025 07:53:00,58.2681984979961,462.394482614088,11.52
01-29-2025 08:03:00,57.6888145291557,457.274487992029,11.52
01-29-2025 08:13:00,58.8924904699026,454.759998989963,11.53
01-29-2025 08:23:00,58.9730252631778,451.589411346715,11.54
01-29-2025 08:33:00,58.6743342821037,450.024120902067,11.54
01-29-2025 08:43:00,58.2867488809819,442.358374053501,11.55
01-29-2025 08:53:00,58.0910560685458,436.173333987418,11.57
01-29-2025 09:03:00,58.0778620854666,432.998564177402,11.58
01-29-2025 09:13:00,57.3201605273906,428.870359803486,11.6
01-29-2025 09:23:00,58.6276295717477,422.288816055884,11.63
01-29-2025 09:33:00,58.8113549981243,416.734771077847,11.66
01-29-2025 09:43:00,59.0888707476102,410.990625842859,11.69
01-29-2025 09:53:00,57.4964602474904,408.600940949982,11.73
01-29-2025 10:03:00,57.7690984677578,400.900433037863,11.75
01-29-2025 10:13:00,57.0196273743733,398.787822703239,11.79
01-29-2025 10:23:00,58.0569123920621,390.463714817708,11.84
01-29-2025 10:33:00,56.6500568153686,383.560232262369,11.88
01-29-2025 10:43:00,58.438987772381,381.515263331598,11.93
01-29-2025 10:53:00,58.1725156692968,377.927765992234,12
01-29-2025 11:03:00,57.2431754152979,370.973116115567,12.06
01-29-2025 11:13:00,57.2531995066997,365.328744352386,12.12
01-29-2025 11:23:00,57.0751050049028,360.524396124699,12.18
01-29-2025 11:33:00,57.4614886562278,355.719441411736,12.24
01-29-2025 11:43:00,56.2476808504999,350.343798578095,12.3
01-29-2025 11:53:00,56.8271006527035,343.717675962241,12.37
01-29-2025 12:03:00,56.9312029591179,338.812395664658,12.43
01-29-2025 12:13:00,58.6334375339312,333.906508881799,12.48
01-29-2025 12:23:00,56.9322568738288,330.088195084686,12.51
01-29-2025 12:33:00,57.8665299205075,327.327893107976,12.53
01-29-2025 12:43:00,56.1645088621982,324.566984645989,12.56
01-29-2025 12:53:00,57.7263520047542,321.805469698727,16.54
01-29-2025 13:03:00,63.0971639310506,667.279424199589,12.85
01-29-2025 13:13:00,62.5238251427269,660.308824626855,12.78
01-29-2025 13:23:00,61.9504866575073,653.338285499982,12.75
01-29-2025 13:33:00,60.8256575430123,646.367806818969,12.75
01-29-2025 13:43:00,60.4615655919288,639.397388583816,12.76
01-29-2025 13:53:00,60.0127731927065,632.427030794524,12.79
01-29-2025 14:03:00,59.5588834801829,625.456733451092,12.81
01-29-2025 14:13:00,61.1895316722531,617.451619251281,12.84
01-29-2025 14:23:00,60.6510342561691,612.664607891462,12.88
01-29-2025 14:33:00,59.3554409261238,607.969266485057,12.92
01-29-2025 14:43:00,60.6139027469256,602.135565186335,12.96
01-29-2025 14:53:00,59.4072692791948,599.510779128108,12.99
01-29-2025 15:03:00,62.1761144508733,595.180788331676,13.02
01-29-2025 15:13:00,60.1121411575084,593.968285255289,13.04
01-29-2025 15:23:00,60.3202493376872,598.910709946117,13.06
01-29-2025 15:33:00,61.0966842920455,596.467222661826,13.08
01-29-2025 15:43:00,59.7893953421859,593.833566548939,13.1
01-29-2025 15:53:00,60.1820826247572,598.299038572398,13.11
01-29-2025 16:03:00,61.6220166894692,597.939055721152,13.13
01-29-2025 16:13:00,60.1247784455372,591.798532712373,13.15
01-29-2025 16:23:00,60.0437926748908,591.906307151594,13.16
01-29-2025 16:33:00,59.3941367437019,590.023844286395,13.17
01-29-2025 16:43:00,60.6400477727407,591.17420599962,13.18
01-29-2025 16:53:00,59.8007547186912,587.68004802889,13.19
01-29-2025 17:03:00,59.6200224315952,585.981966318768,13.19
01-29-2025 17:13:00,59.0601279663375,585.990176220202,13.19
01-29-2025 17:23:00,61.1493610419212,591.396520455372,13.18
01-29-2025 17:33:00,59.631890989705,588.93090167526,13.16
01-29-2025 17:43:00,61.5361185954356,588.181163686692,13.16
01-29-2025 17:53:00,58.9765279685738,589.69626583476,13.14
01-29-2025 18:03:00,57.938320604991,585.246870662116,13.13
01-29-2025 18:13:00,59.7424703425002,578.52447473549,13.12
01-29-2025 18:23:00,57.9417475131715,576.062383251979,13.1
01-29-2025 18:33:00,58.7934841282316,566.781949946231,13.08
01-29-2025 18:43:00,58.5134043009525,574.174627930316,13.07
01-29-2025 18:53:00,57.9397720098731,581.652607158246,13.04
01-29-2025 19:03:00,59.2644650900189,586.386641622281,13.02
01-29-2025 19:13:00,60.8727155790531,587.143893700607,13
01-29-2025 19:23:00,60.7769831222753,583.736908559301,12.98
01-29-2025 19:33:00,61.7221484295796,589.793469995957,12.96
01-29-2025 19:43:00,60.3963955620807,587.144182560823,12.94
01-29-2025 19:53:00,59.6434967014588,596.893055442403,12.93
01-29-2025 20:03:00,61.3501907893205,592.262039132633,12.92
01-29-2025 20:13:00,60.597337374105,593.874615681313,12.91
01-29-2025 20:23:00,59.7500197356513,605.701749198624,12.9
01-29-2025 20:33:00,60.9834519624179,601.355070675453,12.89
01-29-2025 20:43:00,60.1411453174411,608.079491524303,12.89
01-29-2025 20:53:00,60.5184229488389,603.727353558201,12.87
01-29-2025 21:03:00,60.8059997986959,604.393302373947,12.86
01-29-2025 21:13:00,62.3226158095299,610.353730390704,12.85
01-29-2025 21:23:00,60.1520392026825,615.273412725688,12.84
01-29-2025 21:33:00,61.6684770172824,607.525360997112,12.83
01-29-2025 21:43:00,60.2495596589764,609.130229191836,12.81
01-29-2025 21:53:00,59.8705942168577,617.822309748277,12.79
01-29-2025 22:03:00,60.7250218310742,618.770734416417,12.78
01-29-2025 22:13:00,60.2565021087444,615.183712508156,12.77
01-29-2025 22:23:00,59.4052956294985,608.47343987192,12.75
01-29-2025 22:33:00,61.5820199658335,608.194474563485,12.74
01-29-2025 22:43:00,60.7258730877725,615.742510106355,12.71
01-29-2025 22:53:00,61.0081466344055,617.156430085278,12.69
01-29-2025 23:03:00,61.4791672686876,618.097936321584,12.67
01-29-2025 23:13:00,59.878101667352,616.213811846637,12.66
01-29-2025 23:23:00,60.6323725961068,618.665719170175,12.64
01-29-2025 23:33:00,59.1213182960445,621.022592911398,12.62
01-29-2025 23:43:00,60.8141915340243,622.616878530407,12.59
01-29-2025 23:53:00,61.6722707898844,624.137660011665,12.59
01-30-2025 00:03:00,60.4495774507272,625.085140435532,12.58
01-30-2025 00:13:00,59.9720789240892,631.111752572399,12.55
01-30-2025 00:23:00,61.2022543154897,634.227980232814,12.54
01-30-2025 00:33:00,61.2905372334805,636.290267710508,12.51
01-30-2025 00:43:00,61.0066124664581,631.005622274257,12.49
01-30-2025 00:53:00,61.9483053052047,635.998260257838,12.47
01-30-2025 01:03:00,59.8686352199833,642.017851123782,12.44
01-30-2025 01:13:00,59.8726462426052,647.110170248377,12.43
01-30-2025 01:23:00,61.8506031620215,643.146662032662,12.41
01-30-2025 01:33:00,61.5618460722677,644.828661482295,12.38
01-30-2025 01:43:00,60.6188312588434,645.671021263014,12.36
01-30-2025 01:53:00,59.7702843849294,642.557730821343,12.34
01-30-2025 02:03:00,60.3393380583255,642.749664710413,12.33
01-30-2025 02:13:00,61.0966347864619,643.977449407797,12.32
01-30-2025 02:23:00,59.9706822853744,640.779754998886,12.31
01-30-2025 02:33:00,59.4049936453497,632.114330572222,12.29
01-30-2025 02:43:00,59.7807616900535,634.182244452105,12.27
01-30-2025 02:53:00,59.9730374799208,634.845716689439,12.26
01-30-2025 03:03:00,59.3182607705759,635.885620299642,12.25
01-30-2025 03:13:00,60.2536671231253,628.723516011067,12.22
01-30-2025 03:23:00,59.8764926615286,624.770206825058,12.2
01-30-2025 03:33:00,60.9153067537598,626.375081901292,12.19
01-30-2025 03:43:00,59.9786234399348,629.484811955262,12.18
01-30-2025 03:53:00,59.7004811070478,626.104231963247,12.17
01-30-2025 04:03:00,59.229501237903,619.896148592105,12.15
01-30-2025 04:13:00,60.3620128582397,620.936887394684,12.14
01-30-2025 04:23:00,59.0448556667873,621.218631491197,12.12
01-30-2025 04:33:00,60.1771274984341,621.695111054595,12.11
01-30-2025 04:43:00,60.2800115868905,619.451934399904,12.11
01-30-2025 04:53:00,58.8691738965311,608.548135261762,12.09
01-30-2025 05:03:00,60.5602852699378,611.27561945835,12.07
01-30-2025 05:13:00,60.0004112653401,618.425444324166,12.06
01-30-2025 05:23:00,58.782825841423,618.714368249974,12.05
01-30-2025 05:33:00,58.7822210203411,616.272117307264,12.03
01-30-2025 05:43:00,58.5045065341146,614.6823050604,12.02
01-30-2025 05:53:00,60.6693445500413,614.59589292197,12.01
01-30-2025 06:03:00,59.9122145959433,618.629926181106,11.98
01-30-2025 06:13:00,60.5687995509285,617.691860377607,11.96
01-30-2025 06:23:00,59.7229034270697,615.815243813166,11.94
01-30-2025 06:33:00,60.1964035908792,614.696395115206,11.93
01-30-2025 06:43:00,61.4060793835573,620.31756612159,11.89
01-30-2025 06:53:00,60.6494897268813,624.816335951625,11.86
01-30-2025 07:03:00,59.7152087398537,618.630997747386,11.85
01-30-2025 07:13:00,58.7716244778895,615.999619325326,11.82
01-30-2025 07:23:00,60.4593357342086,612.718922643883,11.8
01-30-2025 07:33:00,58.9533153909948,615.810186585254,11.77
01-30-2025 07:43:00,60.9216408325363,615.812478553614,11.75
01-30-2025 07:53:00,59.9881290460536,611.883420038962,11.74
01-30-2025 08:03:00,60.2685984621639,612.917585962706,11.72
01-30-2025 08:13:00,59.429081336615,608.146234624828,11.71
01-30-2025 08:23:00,61.9686538742871,598.038223455327,11.71
01-30-2025 08:33:00,60.0981280901086,598.329512464498,11.7
01-30-2025 08:43:00,59.7369011742212,598.630324864268,11.71
01-30-2025 08:53:00,59.4693551285704,597.993861181334,11.72
01-30-2025 09:03:00,59.4877645767035,589.486917021115,11.74
01-30-2025 09:13:00,58.8545412423879,581.63721737412,11.77
01-30-2025 09:23:00,59.4451037837009,582.322637994018,11.81
01-30-2025 09:33:00,59.2853883412966,574.751531196913,11.85
01-30-2025 09:43:00,59.4023801409682,583.315736568865,11.88
01-30-2025 09:53:00,58.8575995772885,576.673633827279,11.9
01-30-2025 10:03:00,60.2841019296749,576.601046977031,11.92
01-30-2025 10:13:00,58.7956404348478,572.957803709205,11.93
01-30-2025 10:23:00,58.8186725250066,571.854444041646,11.96
01-30-2025 10:33:00,58.3861270121594,560.23587698366,12.02
01-30-2025 10:43:00,58.9918321310636,559.13552245663,12.09
01-30-2025 10:53:00,58.8457749618968,562.642373133995,12.16
01-30-2025 11:03:00,59.5368900867138,543.850315892594,12.21
01-30-2025 11:13:00,58.8119830974362,539.820789570496,12.25
01-30-2025 11:23:00,59.2163402215966,536.730232872928,12.29
01-30-2025 11:33:00,58.4955871417765,535.615222585374,12.34
01-30-2025 11:43:00,58.2406655645644,521.216423870084,12.38
01-30-2025 11:53:00,59.0221748962691,520.0018364872,12.42
01-30-2025 12:03:00,57.6314383078618,511.435919844951,12.45
01-30-2025 12:13:00,57.6635249395443,507.103910203807,12.5
01-30-2025 12:23:00,59.2001301118485,514.278522415783,12.54
01-30-2025 12:33:00,59.4167611606526,496.360303320808,12.58
01-30-2025 12:43:00,57.4581708560348,487.872926773638,12.61
01-30-2025 12:53:00,58.6136664654367,486.555585687394,12.64
01-30-2025 13:03:00,57.494461045361,484.112994760515,12.65
01-30-2025 13:13:00,58.7400065651409,481.099228939265,12.67
01-30-2025 13:23:00,58.2815079039031,482.05494381834,12.68
01-30-2025 13:33:00,57.544284520832,478.851364045957,12.7
01-30-2025 13:43:00,58.5069526670955,475.457932256114,12.72
01-30-2025 13:53:00,57.8686591666771,481.977995114994,12.75
01-30-2025 14:03:00,58.1703289664651,466.678423277817,12.77
01-30-2025 14:13:00,58.3869861983657,465.727180261298,12.81
01-30-2025 14:23:00,57.8334361432317,462.429398600125,12.82
01-30-2025 14:33:00,56.5281161104127,467.160696975088,12.84
01-30-2025 14:43:00,59.6615389078682,461.120551569157,12.85
01-30-2025 14:53:00,59.018108972526,461.597633226955,12.87
01-30-2025 15:03:00,57.1496289874809,460.650222899539,12.9
01-30-2025 15:13:00,57.3615435953305,459.513183302693,12.93
01-30-2025 15:23:00,58.4157623962708,456.779774408787,12.94
01-30-2025 15:33:00,57.6724197934242,458.209135738006,12.95
01-30-2025 15:43:00,56.6450901968571,459.165638153417,12.96
01-30-2025 15:53:00,59.218357267832,458.128772347378,12.98
01-30-2025 16:03:00,57.7269763368183,450.932309217197,13.01
01-30-2025 16:13:00,58.407891349899,455.858342525371,13.03
01-30-2025 16:23:00,57.6593847824734,458.809987354979,13.03
01-30-2025 16:33:00,58.2410125345177,462.41840751966,13.04
01-30-2025 16:43:00,59.0121065468582,460.15669133183,13.05
01-30-2025 16:53:00,57.7853869343421,455.919094276408,13.04
01-30-2025 17:03:00,56.2839042553131,455.740147987428,13.05
01-30-2025 17:13:00,56.4776247411293,457.941400871132,13.04
01-30-2025 17:23:00,57.1492917965512,455.970162518197,13.04
01-30-2025 17:33:00,57.5322834972828,453.248289435864,13.03
01-30-2025 17:43:00,58.0052213863232,454.225636222873,13.01
01-30-2025 17:53:00,58.009451748282,455.196152653127,13
01-30-2025 18:03:00,57.8197436137577,456.646351654044,12.98
01-30-2025 18:13:00,59.0494585116084,451.945633398438,12.96
01-30-2025 18:23:00,58.1074447404298,454.997775209736,12.95
01-30-2025 18:33:00,57.3501876432916,456.447726356395,12.93
01-30-2025 18:43:00,58.7734044278756,457.134108093935,12.92
01-30-2025 18:53:00,56.7866739774713,453.854541769227,12.9
01-30-2025 19:03:00,58.7723404636434,457.857681616598,12.88
01-30-2025 19:13:00,58.2045016345148,458.455824685461,12.86
01-30-2025 19:23:00,60.099625410607,464.720161256492,12.85
01-30-2025 19:33:00,59.2528739138082,462.475243768689,12.84
01-30-2025 19:43:00,58.311722970667,461.648700870974,12.83
01-30-2025 19:53:00,57.9285704258102,462.063555386276,12.8
01-30-2025 20:03:00,57.8336916959721,470.693160376797,12.78
01-30-2025 20:13:00,57.0774860042317,471.572881039953,12.76
01-30-2025 20:23:00,58.2154824083154,473.675145400112,12.75
01-30-2025 20:33:00,58.1206044696458,475.121140786111,12.73
01-30-2025 20:43:00,58.8710458062817,477.70515874428,12.7
01-30-2025 20:53:00,58.3984218142752,480.188832148069,12.68
01-30-2025 21:03:00,57.3549091169211,476.634879583566,12.65
01-30-2025 21:13:00,59.2423600584864,474.304267706719,12.63
01-30-2025 21:23:00,58.7652483119765,476.415111996748,12.6
01-30-2025 21:33:00,58.2976692256878,480.59093313763,12.59
01-30-2025 21:43:00,59.235965779207,482.88857792417,12.56
01-30-2025 21:53:00,58.2922011636741,483.671612682177,12.54
01-30-2025 22:03:00,59.2348723348727,482.002514922235,12.52
01-30-2025 22:13:00,59.4229162230389,482.785636122934,12.5
01-30-2025 22:23:00,58.003543938714,488.004043175325,12.47
01-30-2025 22:33:00,58.945766802567,486.241211542597,12.45
01-30-2025 22:43:00,59.4164924312098,485.232952979699,12.43
01-30-2025 22:53:00,58.2851952828673,487.523089732116,12.41
01-30-2025 23:03:00,58.5674561015569,494.900184294205,12.39
01-30-2025 23:13:00,58.6565660208364,491.257890116765,12.36
01-30-2025 23:23:00,58.9386698244739,491.756799535147,12.34
01-30-2025 23:33:00,58.7451989486351,486.327842779773,12.31
01-30-2025 23:43:00,59.6814445937603,489.279517446669,12.28
01-30-2025 23:53:00,57.42196382891,495.520109660369,12.26
01-31-2025 00:03:00,59.4968066941286,494.508761764537,12.25
01-31-2025 00:13:00,59.6797260786135,496.046152706885,12.22
01-31-2025 00:23:00,58.4607865573085,498.234145118177,12.21
01-31-2025 00:33:00,58.2676382044061,498.64166201852,12.18
01-31-2025 00:43:00,59.3018378089395,502.337233099566,12.16
01-31-2025 00:53:00,57.6041283534703,508.385568833881,12.13
01-31-2025 01:03:00,59.2021265119641,508.881985322073,12.11
01-31-2025 01:13:00,58.9196497088869,505.336361251151,12.09
01-31-2025 01:23:00,59.9578050425026,504.420265634303,12.08
01-31-2025 01:33:00,59.3886447222861,513.096065519491,12.05
01-31-2025 01:43:00,59.7687061590429,511.240192277345,12.04
01-31-2025 01:53:00,59.5755393785448,510.423810993419,12.01
01-31-2025 02:03:00,59.2979274033453,519.183590235192,12
01-31-2025 02:13:00,60.3305869003175,523.998917476258,11.98
01-31-2025 02:23:00,58.5503581645097,525.618364108348,11.97
01-31-2025 02:33:00,59.7659770788562,529.306409882514,11.94
01-31-2025 02:43:00,60.5164694895341,529.987642374475,11.92
01-31-2025 02:53:00,59.5771788866337,535.831304025253,11.9
01-31-2025 03:03:00,58.7320259925704,538.106985003508,11.88
01-31-2025 03:13:00,61.1617416723153,537.474800249323,11.84
01-31-2025 03:23:00,59.3692923505861,538.812788320852,11.8
01-31-2025 03:33:00,61.1506377108797,540.242604618812,11.78
01-31-2025 03:43:00,60.4840243909054,540.735634144462,11.74
01-31-2025 03:53:00,59.9162638578222,542.165219196727,11.71
01-31-2025 04:03:00,61.3166376135107,541.532687946455,11.68
01-31-2025 04:13:00,60.6552675252888,542.399547759521,11.65
01-31-2025 04:23:00,59.6195389063119,542.42313598231,11.62
01-31-2025 04:33:00,61.1126849881758,540.293003598064,11.59
01-31-2025 04:43:00,60.1709541437318,536.291484884441,11.56
01-31-2025 04:53:00,60.5353248512547,534.258684707156,11.52
01-31-2025 05:03:00,59.973240449288,536.342176609263,11.5
01-31-2025 05:13:00,59.0370620464483,535.992400738045,11.48
01-31-2025 05:23:00,60.6175691659899,536.206197411142,11.44
01-31-2025 05:33:00,60.1446244893636,534.361595533751,11.41
01-31-2025 05:43:00,60.7890829648193,532.799732004325,11.37
01-31-2025 05:53:00,60.0312457410852,533.482001501374,11.33
01-31-2025 06:03:00,59.6522800392321,527.902314799214,11.3
01-31-2025 06:13:00,61.7861159781295,531.016114426158,11.25
01-31-2025 06:23:00,61.03823733872,527.399900922059,11.23
01-31-2025 06:33:00,60.1830709371981,527.71186116682,11.18
01-31-2025 06:43:00,60.644525545177,524.473613868904,11.15
01-31-2025 06:53:00,59.9813259742232,526.744228885546,11.11
01-31-2025 07:03:00,59.043318213131,525.093985558852,11.08
01-31-2025 07:13:00,60.1575436569441,525.403142019548,11.05
01-31-2025 07:23:00,60.4320849695685,524.686601018015,11.02
01-31-2025 07:33:00,59.0285146633363,522.572169947215,10.99
01-31-2025 07:43:00,60.6080059163118,517.942386167093,10.96
01-31-2025 07:53:00,57.9982351849038,521.232799245716,10.94
01-31-2025 08:03:00,59.7683698930173,516.043601407125,10.92
01-31-2025 08:13:00,60.6995469401006,509.924472657574,10.9
01-31-2025 08:23:00,59.4881189133464,515.077788020922,10.88
01-31-2025 08:33:00,58.9289729462867,511.661625599766,10.86
01-31-2025 08:43:00,59.4966782285091,509.543815030792,10.86
01-31-2025 08:53:00,59.2215882887273,508.081301265713,10.85
01-31-2025 09:03:00,59.5191622567791,503.628357696449,10.87
01-31-2025 09:13:00,60.3757335309211,496.752156054775,10.89
01-31-2025 09:23:00,57.6967674331256,487.446702532042,10.92
01-31-2025 09:33:00,58.8375318933008,487.549624641035,10.95
01-31-2025 09:43:00,58.2077269426777,477.212546695034,10.98
01-31-2025 09:53:00,59.819958769095,473.018356215005,11.02
01-31-2025 10:03:00,58.8215712385294,468.448546130298,11.06
01-31-2025 10:13:00,58.0137065114022,469.747524551657,11.11
01-31-2025 10:23:00,60.2807815005499,461.533570418333,11.15
01-31-2025 10:33:00,57.2365184038952,451.525412865318,11.21
01-31-2025 10:43:00,58.9538400425552,454.960427580505,11.27
01-31-2025 10:53:00,60.3035740158586,456.802363195253,11.34
01-31-2025 11:03:00,59.3214305825763,472.9482193597,11.42
01-31-2025 11:13:00,57.9592298363812,456.741876819583,11.49
01-31-2025 11:23:00,58.4680439934703,432.279481684143,11.56
01-31-2025 11:33:00,59.6330970038798,420.717977523891,11.63
01-31-2025 11:43:00,58.6437597443838,416.079622502278,11.7
01-31-2025 11:53:00,58.0193574691594,420.458674640897,11.75
01-31-2025 12:03:00,57.680378700418,415.357353531571,11.81
01-31-2025 12:13:00,59.1148359320827,414.589340949374,11.85
01-31-2025 12:23:00,59.8039843832888,412.87153238624,11.9
01-31-2025 12:33:00,58.2354824365115,409.473211882241,11.94
01-31-2025 12:43:00,57.3279726590034,410.006524043849,11.99
01-31-2025 12:53:00,59.3280003189735,407.356638528817,12.03
01-31-2025 13:03:00,58.9796015397704,404.611148087245,12.07
01-31-2025 13:13:00,57.2162841175131,404.507813410739,12.1
01-31-2025 13:23:00,58.555090237669,401.771648784495,12.13
01-31-2025 13:33:00,58.0135103712356,398.940194792517,12.16
01-31-2025 13:43:00,57.6552947610112,400.258382779967,12.18
01-31-2025 13:53:00,57.6732805829579,398.096103559785,12.2
01-31-2025 14:03:00,58.1617316762268,397.438670927927,12.22
01-31-2025 14:13:00,57.521047918345,392.16983278059,12.24
01-31-2025 14:23:00,58.9508297775443,386.993539065134,12.26
01-31-2025 14:33:00,58.5029284861705,382.08486777264,12.29
01-31-2025 14:43:00,57.3956715957283,376.138161007262,12.32
01-31-2025 14:53:00,57.9923508586289,369.312617819172,12.37
01-31-2025 15:03:00,56.8932374124575,363.141502338491,12.42
01-31-2025 15:13:00,57.3868742459585,355.393689560019,12.45
01-31-2025 15:23:00,57.6921755027392,351.602045798483,12.48
01-31-2025 15:33:00,56.7672478374967,349.050404348851,12.5
01-31-2025 15:43:00,56.5021870999856,349.893071937973,12.52
01-31-2025 15:53:00,57.9348325886147,350.170090262774,12.54
01-31-2025 16:03:00,57.0050310830242,349.236694764939,12.55
01-31-2025 16:13:00,57.112782857763,356.32175861257,12.56
01-31-2025 16:23:00,57.2205499824654,359.634216514034,12.57
01-31-2025 16:33:00,56.7622303172491,358.984505994077,12.58
01-31-2025 16:43:00,56.3082660924571,358.130814849352,12.6
01-31-2025 16:53:00,56.7934885773959,358.896495227417,12.61
01-31-2025 17:03:00,56.1462346979796,359.001680651398,12.62
01-31-2025 17:13:00,58.79778609334,360.160259698517,12.62
01-31-2025 17:23:00,57.6696454540165,358.125259049709,12.61
01-31-2025 17:33:00,57.8582432153136,358.464995612298,12.59
01-31-2025 17:43:00,58.0558957585939,362.265530004661,12.59
01-31-2025 17:53:00,58.3433296501634,365.231639218178,12.58
01-31-2025 18:03:00,57.21108491461,365.570480131591,12.56
01-31-2025 18:13:00,57.3996907631811,366.475244858924,12.54
01-31-2025 18:23:00,57.3098137602614,370.194675310399,12.53
01-31-2025 18:33:00,57.1211665045177,366.760910464731,12.51
01-31-2025 18:43:00,57.2199210622003,367.179384731275,12.5
01-31-2025 18:53:00,56.2726962816747,365.74163406774,12.47
01-31-2025 19:03:00,57.5071643714555,370.104920919101,12.47
01-31-2025 19:13:00,56.6632228953759,367.978125041698,12.46
01-31-2025 19:23:00,57.9873238242958,367.454101589264,12.45
01-31-2025 19:33:00,56.7709228540626,367.104071466886,12.45
01-31-2025 19:43:00,58.5707480683195,367.319644143129,12.45
01-31-2025 19:53:00,57.5383595894436,370.188924881869,12.44
01-31-2025 20:03:00,58.3013004099028,372.00685940444,12.44
01-31-2025 20:13:00,57.8389929682322,371.374357242403,12.44
01-31-2025 20:23:00,57.5606840613193,378.766980295494,12.43
01-31-2025 20:33:00,57.5696266740238,376.532530103147,12.43
01-31-2025 20:43:00,57.5740687268875,383.453169548168,12.42
01-31-2025 20:53:00,58.2426608278932,389.323277116308,12.42
01-31-2025 21:03:00,58.8124243424256,386.160128725971,12.41
01-31-2025 21:13:00,58.5341118593881,390.535238245189,12.4
01-31-2025 21:23:00,58.538485540636,389.539560024136,12.39
01-31-2025 21:33:00,58.2602395272283,396.551698472737,12.38
01-31-2025 21:43:00,59.2066340493284,397.157267748512,12.37
01-31-2025 21:53:00,57.0445313625394,402.755030467174,12.36
01-31-2025 22:03:00,59.1257133661715,403.630732931392,12.36
01-31-2025 22:13:00,58.0894776244616,405.566375320303,12.34
01-31-2025 22:23:00,57.8113797750917,407.96064235555,12.33
01-31-2025 22:33:00,57.5333258539163,408.283017755687,12.32
01-31-2025 22:43:00,58.6630963442902,414.171923855141,12.3
01-31-2025 22:53:00,57.5377627474411,412.234501669547,12.29
01-31-2025 23:03:00,57.3494859423864,414.827165125925,12.27
01-31-2025 23:13:00,58.017330668648,412.314161050877,12.27
01-31-2025 23:23:00,58.1113559475092,410.295015074523,12.25
01-31-2025 23:33:00,57.9230569205018,418.533435299174,12.23
01-31-2025 23:43:00,58.5861437591599,419.137621566949,12.22
01-31-2025 23:53:00,59.719558064723,422.188012960273,12.21
