t_wql,trp,cdom,temp
09-01-2024 00:06:00,105.33887749487,3439.86664321966,24.78
09-01-2024 00:16:00,106.678964751032,3507.36489514218,24.78
09-01-2024 00:26:00,106.887912554649,3485.10070226727,24.78
09-01-2024 00:36:00,107.51252017935,3503.89391035276,24.79
09-01-2024 00:46:00,106.898789775386,3557.66738277038,24.79
09-01-2024 00:56:00,107.823274240105,3572.14287112668,24.78
09-01-2024 01:06:00,108.953303965252,3522.02988231319,24.77
09-01-2024 01:16:00,107.204270883157,3385.40178099851,24.76
09-01-2024 01:26:00,106.894830922797,3444.39448769087,24.75
09-01-2024 01:36:00,107.202273345519,3518.35015476338,24.74
09-01-2024 01:46:00,103.085184024022,3530.5615412478,24.72
09-01-2024 01:56:00,104.8235107047,3543.83263564348,24.69
09-01-2024 02:06:00,107.691565463624,3575.80057533242,24.66
09-01-2024 02:16:00,106.551749044845,3524.75132758536,24.63
09-01-2024 02:26:00,107.158611694221,3534.6909819204,24.6
09-01-2024 02:36:00,109.189846135047,3497.3640938433,24.54
09-01-2024 02:46:00,109.483489909161,3486.78464725859,24.5
09-01-2024 02:56:00,107.518993177527,3602.87118877427,24.46
09-01-2024 03:06:00,109.651038161641,3642.17503992494,24.4
09-01-2024 03:16:00,111.170727072148,3583.59250479758,24.35
09-01-2024 03:26:00,110.126031904567,3613.83992088974,24.3
09-01-2024 03:36:00,109.180056924847,3661.36977258832,24.24
09-01-2024 03:46:00,107.21438174893,3688.76282183194,24.19
09-01-2024 03:56:00,108.929028549345,3660.39914812065,24.12
09-01-2024 04:06:00,108.705641420673,3711.44326987278,24.07
09-01-2024 04:16:00,109.087814645103,3648.99440543721,24
09-01-2024 04:26:00,111.008931706932,3664.57740898753,23.94
09-01-2024 04:36:00,108.530400374408,3651.0335165223,23.88
09-01-2024 04:46:00,110.548139287483,3638.65466351166,23.81
09-01-2024 04:56:00,109.400380716675,3702.06683175102,23.75
09-01-2024 05:06:00,110.194699522765,3685.331129072,23.69
09-01-2024 05:16:00,110.677575291788,3650.80554766,23.62
09-01-2024 05:26:00,108.510138255514,3558.13097846473,23.56
09-01-2024 05:36:00,109.303903560675,3594.28512773272,23.5
09-01-2024 05:46:00,109.280943669527,3578.87294819895,23.44
09-01-2024 05:56:00,108.845697138466,3618.59731703787,23.37
09-01-2024 06:06:00,109.642890347745,3575.22202299404,23.32
09-01-2024 06:16:00,106.664357691915,3594.55619265993,23.26
09-01-2024 06:26:00,109.4949642427,3610.58652692578,23.2
09-01-2024 06:36:00,110.596734479569,3692.04796918856,23.15
09-01-2024 06:46:00,107.926291240565,3697.1446266726,23.09
09-01-2024 06:56:00,110.249210184084,3629.6447799581,23.04
09-01-2024 07:06:00,109.009439063323,3694.28811826194,22.99
09-01-2024 07:16:00,108.482458749298,3636.98623159387,22.94
09-01-2024 07:26:00,108.468588078369,3629.27054896612,22.9
09-01-2024 07:36:00,108.759754480013,3606.71757373911,22.86
09-01-2024 07:46:00,108.436556684133,3642.01145851772,22.81
09-01-2024 07:56:00,109.134074394391,3629.29089994485,22.77
09-01-2024 08:06:00,108.71369765279,3692.24594471404,22.73
09-01-2024 08:16:00,108.801392519327,3692.1927175068,22.69
09-01-2024 08:26:00,108.685951953472,3663.11908312277,22.65
09-01-2024 08:36:00,110.097883222694,3623.01480138239,22.62
09-01-2024 08:46:00,107.753290440294,3586.91376906851,22.59
09-01-2024 08:56:00,108.661749370615,3634.33961379546,22.57
09-01-2024 09:06:00,110.276009887517,3654.40193925259,22.54
09-01-2024 09:16:00,111.483841779875,3640.3639835124,22.51
09-01-2024 09:26:00,110.768173381632,3617.33528910638,22.49
09-01-2024 09:36:00,110.255563676216,3623.70006684719,22.47
09-01-2024 09:46:00,108.323039084813,3665.66683621164,22.45
09-01-2024 09:56:00,109.742206561153,3591.829428085,22.44
09-01-2024 10:06:00,108.321465360223,3543.19836076687,22.43
09-01-2024 10:16:00,108.722009705368,3601.27836528507,22.41
09-01-2024 10:26:00,109.942433253159,3608.11429986325,22.41
09-01-2024 10:36:00,109.945968483784,3564.67250568465,22.41
09-01-2024 10:46:00,107.519982091166,3633.80372230816,22.42
09-01-2024 10:56:00,106.213514058759,3587.97154090136,22.44
09-01-2024 11:06:00,107.235559144487,3567.55097420676,22.45
09-01-2024 11:16:00,106.740381628703,3571.28516086618,22.47
09-01-2024 11:26:00,107.365349070315,3550.40271227955,22.5
09-01-2024 11:36:00,107.495923343238,3555.1651499889,22.56
09-01-2024 11:46:00,106.310864065337,3547.24042247666,22.63
09-01-2024 11:56:00,107.672877098155,3532.71344639618,22.72
09-01-2024 12:06:00,107.100824380914,3539.77912357499,22.8
09-01-2024 12:16:00,107.545104946003,3536.82092326562,22.88
09-01-2024 12:26:00,106.162772426019,3529.63284582366,22.97
09-01-2024 12:36:00,107.022697229395,3530.91864272313,23.07
09-01-2024 12:46:00,106.551015066505,3538.00345866486,23.15
09-01-2024 12:56:00,107.611609198979,3541.37657670381,23.24
09-01-2024 13:06:00,108.265502399412,3555.64740163625,23.33
09-01-2024 13:16:00,108.099696129685,3553.61196046383,23.41
09-01-2024 13:26:00,107.419200369158,3556.12486215344,23.48
09-01-2024 13:36:00,106.636058045762,3554.72859695421,23.55
09-01-2024 13:46:00,105.950208104676,3539.14043567817,23.61
09-01-2024 13:56:00,106.174896490079,3550.37847260295,23.65
09-01-2024 14:06:00,104.662775922385,3536.78434235783,23.69
09-01-2024 14:16:00,107.029121605941,3547.74419586617,23.72
09-01-2024 14:26:00,106.42383601484,3576.79959698729,23.73
09-01-2024 14:36:00,108.880165239094,3598.55911146418,23.73
09-01-2024 14:46:00,107.653160077363,3535.38683655566,23.72
09-01-2024 14:56:00,107.652507355812,3569.53873826958,23.71
09-01-2024 15:06:00,109.993081256791,3565.90129848274,23.68
09-01-2024 15:16:00,108.455566878436,3613.14614677235,23.66
09-01-2024 15:26:00,108.037661772111,3590.5443837985,23.63
09-01-2024 15:36:00,107.717732637881,3609.89108604576,23.59
09-01-2024 15:46:00,108.72944954784,3569.38894228003,23.56
09-01-2024 15:56:00,108.209682735134,3673.7328117868,23.53
09-01-2024 16:06:00,109.833311693645,3632.00039256642,23.5
09-01-2024 16:16:00,109.717294463175,3580.12543174806,23.46
09-01-2024 16:26:00,107.969185501087,3594.41010469942,23.42
09-01-2024 16:36:00,108.066259611869,3594.66308145958,23.4
09-01-2024 16:46:00,107.449417122577,3558.52345205899,23.38
09-01-2024 16:56:00,107.244877596657,3546.52640212862,23.37
09-01-2024 17:06:00,106.734445962661,3518.49668402524,23.36
09-01-2024 17:16:00,107.651624744149,3582.35578266847,23.35
09-01-2024 17:26:00,105.819911743133,3531.79558962787,23.35
09-01-2024 17:36:00,107.455100088006,3566.54171718471,23.35
09-01-2024 17:46:00,107.458811470939,3587.61840515015,23.35
09-01-2024 17:56:00,108.27826747969,3605.92018164467,23.35
09-01-2024 18:06:00,108.791824886537,3495.23496617825,23.35
09-01-2024 18:16:00,109.199047188298,3580.57035966838,23.34
09-01-2024 18:26:00,109.10517902683,3527.4195899927,23.35
09-01-2024 18:36:00,106.457754172519,3521.5688425724,23.35
09-01-2024 18:46:00,106.159779908062,3543.85468813297,23.36
09-01-2024 18:56:00,108.011947830039,3558.79859795753,23.39
09-01-2024 19:06:00,110.077638433181,3610.8359843878,23.44
09-01-2024 19:16:00,107.752042696065,3628.77229604572,23.48
09-01-2024 19:26:00,108.695923698036,3647.32178203521,23.53
09-01-2024 19:36:00,109.840159212427,3610.71147713073,23.57
09-01-2024 19:46:00,107.414883861464,3566.74076356427,23.62
09-01-2024 19:56:00,107.333585522639,3571.19068076111,23.66
09-01-2024 20:06:00,108.793624074164,3539.61875714432,23.72
09-01-2024 20:16:00,108.303751953264,3554.89197535486,23.76
09-01-2024 20:26:00,108.733791391884,3592.04608794703,23.8
09-01-2024 20:36:00,108.554807787635,3573.6819122286,23.85
09-01-2024 20:46:00,108.678262860267,3600.5461108018,23.89
09-01-2024 20:56:00,110.336520090117,3553.48307750704,23.93
09-01-2024 21:06:00,109.953185243837,3549.96084453105,23.98
09-01-2024 21:16:00,109.565219444949,3579.84358809952,24.02
09-01-2024 21:26:00,107.845943639038,3544.81902171124,24.06
09-01-2024 21:36:00,109.910922860415,3523.03600603443,24.09
09-01-2024 21:46:00,107.576402270221,3536.28221468662,24.13
09-01-2024 21:56:00,109.232372142518,3552.76970832462,24.16
09-01-2024 22:06:00,108.429576158981,3520.93117434194,24.19
09-01-2024 22:16:00,108.143281354036,3530.87477348322,24.23
09-01-2024 22:26:00,110.009805881116,3535.8537499946,24.27
09-01-2024 22:36:00,109.407310602426,3543.99469031797,24.29
09-01-2024 22:46:00,108.40317989719,3533.85199919323,24.33
09-01-2024 22:56:00,107.800287134649,3507.8998584407,24.35
09-01-2024 23:06:00,108.329998479761,3537.67995119831,24.38
09-01-2024 23:16:00,108.449474935085,3489.2926381595,24.41
09-01-2024 23:26:00,108.876870182246,3507.67433394257,24.44
09-01-2024 23:36:00,106.635707913429,3526.89525428409,24.47
09-01-2024 23:46:00,107.982565223879,3504.85471384747,24.49
09-01-2024 23:56:00,108.504055069432,3515.42061004408,24.5
09-02-2024 00:06:00,108.212944785294,3530.91672417801,24.53
09-02-2024 00:16:00,108.42217430928,3501.96842983905,24.53
09-02-2024 00:26:00,109.042124679847,3478.0023776519,24.53
09-02-2024 00:36:00,108.94770356561,3488.88133715792,24.54
09-02-2024 00:46:00,110.799921695803,3499.9989413111,24.54
09-02-2024 00:56:00,108.955474539526,3490.9788504399,24.54
09-02-2024 01:06:00,109.673741752701,3512.81644602019,24.53
09-02-2024 01:16:00,108.753524793539,3541.88989325355,24.53
09-02-2024 01:26:00,107.21296182378,3562.47621552121,24.52
09-02-2024 01:36:00,109.26593213648,3546.42592435692,24.51
09-02-2024 01:46:00,108.640762546353,3546.09805627051,24.48
09-02-2024 01:56:00,107.71223007815,3539.20998241188,24.46
09-02-2024 02:06:00,109.340741099819,3553.84292594513,24.42
09-02-2024 02:16:00,108.51071871377,3479.18051329833,24.39
09-02-2024 02:26:00,109.112679271995,3518.38758222234,24.35
09-02-2024 02:36:00,109.304178296166,3581.39742048041,24.31
09-02-2024 02:46:00,111.434470306419,3584.44313386588,24.25
09-02-2024 02:56:00,111.518316218032,3692.52511611684,24.2
09-02-2024 03:06:00,111.089874374067,3685.15347637755,24.15
09-02-2024 03:16:00,110.862052281373,3682.04244356444,24.09
09-02-2024 03:26:00,109.922182540884,3627.44220189733,24.04
09-02-2024 03:36:00,110.611592693896,3641.42821991785,23.97
09-02-2024 03:46:00,110.998026320174,3718.6792551937,23.91
09-02-2024 03:56:00,110.872854215767,3664.05850946817,23.85
09-02-2024 04:06:00,110.436639701704,3698.01219922545,23.78
09-02-2024 04:16:00,112.657566198263,3680.48648867098,23.71
09-02-2024 04:26:00,110.284730583496,3680.27574500883,23.65
09-02-2024 04:36:00,109.742792173215,3687.81618068643,23.57
09-02-2024 04:46:00,111.04276726593,3719.41414510649,23.5
09-02-2024 04:56:00,111.627571803628,3703.97464760981,23.43
09-02-2024 05:06:00,109.764537492475,3640.03781809962,23.36
09-02-2024 05:16:00,110.655196355752,3678.90288509764,23.29
09-02-2024 05:26:00,112.059100609587,3736.8099043842,23.23
09-02-2024 05:36:00,112.438882865191,3671.42141061927,23.16
09-02-2024 05:46:00,110.994652281434,3692.64117472465,23.11
09-02-2024 05:56:00,110.055847304185,3660.13264619002,23.05
09-02-2024 06:06:00,109.829976463839,3679.61020823603,22.99
09-02-2024 06:16:00,109.502554692944,3716.3779579327,22.93
09-02-2024 06:26:00,110.80670141422,3740.50868970868,22.88
09-02-2024 06:36:00,111.906776767301,3625.64580049692,22.83
09-02-2024 06:46:00,110.876478726019,3675.76287490843,22.79
09-02-2024 06:56:00,110.151497554411,3653.54242713788,22.75
09-02-2024 07:06:00,112.673063487844,3675.21059653918,22.7
09-02-2024 07:16:00,108.499447151164,3652.88859566288,22.67
09-02-2024 07:26:00,110.419948235038,3648.2544033278,22.64
09-02-2024 07:36:00,109.797253829842,3670.40137729798,22.6
09-02-2024 07:46:00,112.325767948412,3712.74011674117,22.57
09-02-2024 07:56:00,112.41776645267,3719.22356646225,22.54
09-02-2024 08:06:00,110.881837088207,3636.51482922356,22.5
09-02-2024 08:16:00,111.075505606641,3668.52217626149,22.47
09-02-2024 08:26:00,110.969267785979,3601.95289251595,22.45
09-02-2024 08:36:00,109.540257228663,3620.79898199886,22.42
09-02-2024 08:46:00,111.360873892706,3507.05080289809,22.4
09-02-2024 08:56:00,110.333366060829,3715.34711519058,22.36
09-02-2024 09:06:00,110.729720396414,3735.7824438359,22.33
09-02-2024 09:16:00,110.218241954757,3575.12430877203,22.31
09-02-2024 09:26:00,109.200204628836,3719.14880719913,22.29
09-02-2024 09:36:00,110.521681911438,3622.48041860999,22.29
09-02-2024 09:46:00,109.91776653727,3633.1966375971,22.29
09-02-2024 09:56:00,109.516528602123,3612.94058757407,22.29
09-02-2024 10:06:00,108.106187109695,3569.63574624078,22.3
09-02-2024 10:16:00,108.008961466005,3680.91978298747,22.3
09-02-2024 10:26:00,109.436215182026,3616.42204768109,22.31
09-02-2024 10:36:00,108.735196353081,3604.49830198526,22.32
09-02-2024 10:46:00,108.241086922815,3643.00387888483,22.34
09-02-2024 10:56:00,109.069096248033,3576.90737395728,22.37
09-02-2024 11:06:00,109.086184167212,3585.72994684401,22.4
09-02-2024 11:16:00,109.310451023907,3590.96519514197,22.44
09-02-2024 11:26:00,108.114536343176,3630.49011230568,22.48
09-02-2024 11:36:00,109.565055767824,3588.23437656375,22.54
09-02-2024 11:46:00,109.705545190723,3596.25071775585,22.62
09-02-2024 11:56:00,110.248093480793,3570.25937437077,22.69
09-02-2024 12:06:00,110.791087039001,3566.43230502359,22.76
09-02-2024 12:16:00,110.127804547358,3556.18168888752,22.86
09-02-2024 12:26:00,109.658486292694,3559.99819362909,22.94
09-02-2024 12:36:00,109.799349932467,3553.1599034008,23.02
09-02-2024 12:46:00,108.421662782984,3535.28486728211,23.12
09-02-2024 12:56:00,111.822184423462,3552.95343231031,23.2
09-02-2024 13:06:00,108.605041240497,3623.73179308294,23.29
09-02-2024 13:16:00,109.353221971807,3581.16565617112,23.36
09-02-2024 13:26:00,108.673801847744,3567.75852026398,23.43
09-02-2024 13:36:00,109.524685392568,3580.67985253468,23.5
09-02-2024 13:46:00,109.040295393519,3566.06947479081,23.55
09-02-2024 13:56:00,109.372562171465,3557.4205046428,23.6
09-02-2024 14:06:00,107.657814186791,3553.63221406278,23.64
09-02-2024 14:16:00,108.496400634775,3553.24243232182,23.68
09-02-2024 14:26:00,108.913617359928,3574.77903987507,23.69
09-02-2024 14:36:00,107.998296449798,3579.74688412288,23.69
09-02-2024 14:46:00,110.148127515314,3561.93653919171,23.69
09-02-2024 14:56:00,108.313270434591,3531.75799694218,23.69
09-02-2024 15:06:00,108.108876051816,3564.5792426086,23.68
09-02-2024 15:16:00,105.661141889134,3568.82569875265,23.68
09-02-2024 15:26:00,107.193637253939,3562.89379955393,23.67
09-02-2024 15:36:00,108.828110429804,3523.98909296471,23.66
09-02-2024 15:46:00,107.193674264177,3575.86477396292,23.65
09-02-2024 15:56:00,108.317256605336,3582.19429971283,23.64
09-02-2024 16:06:00,108.317220497615,3525.47600132664,23.63
09-02-2024 16:16:00,109.134225176845,3562.50568120297,23.62
09-02-2024 16:26:00,109.134150212505,3546.99898476634,23.61
09-02-2024 16:36:00,106.074717358905,3530.23178063322,23.61
09-02-2024 16:46:00,105.780914469022,3577.27828797986,23.63
09-02-2024 16:56:00,107.223553874863,3600.3333687241,23.65
09-02-2024 17:06:00,108.372954094664,3585.50779059646,23.7
09-02-2024 17:16:00,106.354594292494,3551.28319078496,23.75
09-02-2024 17:26:00,108.526796472172,3566.85812969425,23.8
09-02-2024 17:36:00,107.010190676261,3591.57286660508,23.83
09-02-2024 17:46:00,108.463303085607,3518.52681551261,23.87
09-02-2024 17:56:00,106.643372956591,3533.82109543155,23.91
09-02-2024 18:06:00,106.672902476885,3546.69764710305,23.97
09-02-2024 18:16:00,106.698246385767,3521.16485009194,24.02
09-02-2024 18:26:00,106.518805600098,3563.85213441013,24.07
09-02-2024 18:36:00,106.343448838951,3537.14038377674,24.13
09-02-2024 18:46:00,105.139118898737,3542.40980439627,24.18
09-02-2024 18:56:00,106.504912829612,3532.20215466594,24.25
09-02-2024 19:06:00,106.948870401163,3491.83137643607,24.32
09-02-2024 19:16:00,105.95687643308,3505.01213668817,24.39
09-02-2024 19:26:00,107.529979326428,3488.85169700886,24.46
09-02-2024 19:36:00,105.506466233949,3523.45602117261,24.52
09-02-2024 19:46:00,106.665513974337,3492.0542128086,24.58
09-02-2024 19:56:00,106.900671571037,3491.58005746216,24.64
09-02-2024 20:06:00,103.744173790086,3515.42793595259,24.7
09-02-2024 20:16:00,107.577129242393,3477.94289755344,24.76
09-02-2024 20:26:00,105.751584831382,3454.50063102119,24.81
09-02-2024 20:36:00,106.604058702729,3488.14837311541,24.87
09-02-2024 20:46:00,107.345688294999,3490.96181798699,24.91
09-02-2024 20:56:00,107.264192647088,3467.32031987989,24.95
09-02-2024 21:06:00,107.590217521984,3464.01462662302,24.98
09-02-2024 21:16:00,106.783674338586,3479.88258019736,25.01
09-02-2024 21:26:00,106.496011654578,3474.87803733824,25.05
09-02-2024 21:36:00,106.616072022861,3497.95312179038,25.08
09-02-2024 21:46:00,107.76221164998,3488.52944763845,25.1
09-02-2024 21:56:00,106.955134767134,3493.98793331679,25.13
09-02-2024 22:06:00,109.02917443826,3481.7426673057,25.15
09-02-2024 22:16:00,108.531315273431,3495.02903468492,25.18
09-02-2024 22:26:00,107.513533263233,3490.39866431864,25.2
09-02-2024 22:36:00,105.052113569036,3483.15685501298,25.22
09-02-2024 22:46:00,106.925067674495,3486.21800262024,25.25
09-02-2024 22:56:00,106.624367447288,3495.81868981874,25.26
09-02-2024 23:06:00,105.812160697324,3468.72871716316,25.28
09-02-2024 23:16:00,105.614490437907,3476.55471342769,25.29
09-02-2024 23:26:00,104.599821938229,3503.0210556711,25.32
09-02-2024 23:36:00,107.187556881017,3485.04256207524,25.33
09-02-2024 23:46:00,106.160332453358,3488.30703318781,25.33
09-02-2024 23:56:00,107.402793145421,3522.81551100318,25.33
09-03-2024 00:06:00,104.522666815642,3570.67463037241,25.34
09-03-2024 00:16:00,105.864201369102,3564.76868483538,25.33
09-03-2024 00:26:00,108.340354197449,3548.31079847657,25.32
09-03-2024 00:36:00,105.65846443106,3550.55720531057,25.31
09-03-2024 00:46:00,107.511173502306,3520.34281479371,25.29
09-03-2024 00:56:00,105.960139407705,3513.11595928912,25.27
09-03-2024 01:06:00,109.457884302024,3549.56761568994,25.24
09-03-2024 01:16:00,109.144289239384,3519.99806972506,25.22
09-03-2024 01:26:00,107.585165223908,3578.68825454252,25.18
09-03-2024 01:36:00,107.473771158425,3544.87794407103,25.15
09-03-2024 01:46:00,109.826534787736,3530.43869103365,25.1
09-03-2024 01:56:00,109.60301073738,3573.45272400796,25.05
09-03-2024 02:06:00,108.555902792461,3630.08161536957,25
09-03-2024 02:16:00,109.465185157523,3631.56202989486,24.95
09-03-2024 02:26:00,108.212943500778,3622.2132420169,24.9
09-03-2024 02:36:00,107.565894979578,3638.01178468535,24.82
09-03-2024 02:46:00,108.881480866991,3652.40174377843,24.76
09-03-2024 02:56:00,109.476661728186,3655.75956271809,24.7
09-03-2024 03:06:00,109.865935151691,3691.52797127851,24.64
09-03-2024 03:16:00,109.32619091291,3693.63170268616,24.57
09-03-2024 03:26:00,108.782573258545,3703.52956206712,24.49
09-03-2024 03:36:00,110.398632770256,3700.0244228469,24.42
09-03-2024 03:46:00,108.525983665877,3641.59542441664,24.35
09-03-2024 03:56:00,109.521297978141,3647.98937343901,24.27
09-03-2024 04:06:00,109.081056933595,3694.1189358663,24.19
09-03-2024 04:16:00,109.260133398279,3710.17915937234,24.12
09-03-2024 04:26:00,111.179674697028,3684.97275631006,24.05
09-03-2024 04:36:00,109.404474759444,3691.9574502693,23.96
09-03-2024 04:46:00,110.397129708997,3650.60512636873,23.88
09-03-2024 04:56:00,107.508054884403,3674.69778129551,23.81
09-03-2024 05:06:00,108.700833266385,3677.45022260819,23.72
09-03-2024 05:16:00,110.003242653379,3642.97190230257,23.65
09-03-2024 05:26:00,110.381242582164,3683.10329526882,23.57
09-03-2024 05:36:00,110.048908402755,3640.12393096487,23.5
09-03-2024 05:46:00,109.716855493359,3700.24727564571,23.43
09-03-2024 05:56:00,110.710739732314,3627.9112895151,23.36
09-03-2024 06:06:00,109.970976926711,3642.46421317967,23.29
09-03-2024 06:16:00,109.028050279024,3700.01835702034,23.22
09-03-2024 06:26:00,109.715472801282,3640.73773640814,23.15
09-03-2024 06:36:00,109.180665392773,3674.23028229309,23.08
09-03-2024 06:46:00,110.380677290719,3638.27973903306,23.02
09-03-2024 06:56:00,106.387248476109,3634.34810444393,22.95
09-03-2024 07:06:00,107.383957663939,3643.50713225391,22.89
09-03-2024 07:16:00,109.498201870576,3654.19238406791,22.83
09-03-2024 07:26:00,108.464964521542,3645.10740505849,22.78
09-03-2024 07:36:00,109.053607857241,3716.10678056406,22.72
09-03-2024 07:46:00,109.138360682427,3667.5549385271,22.67
09-03-2024 07:56:00,109.121538511903,3646.93302792721,22.62
09-03-2024 08:06:00,110.026945027342,3582.47220630385,22.59
09-03-2024 08:16:00,108.191630705554,3602.28376966683,22.56
09-03-2024 08:26:00,108.289304918747,3594.90854230514,22.54
09-03-2024 08:36:00,108.08254278451,3517.92016612515,22.52
09-03-2024 08:46:00,109.093366639102,3558.93755954583,22.5
09-03-2024 08:56:00,108.582221693977,3611.37032667958,22.48
09-03-2024 09:06:00,110.201385251432,3684.80321865193,22.46
09-03-2024 09:16:00,108.781677926532,3542.02864220498,22.45
09-03-2024 09:26:00,108.482070092257,3577.66657138566,22.45
09-03-2024 09:36:00,108.385329154379,3568.62115139931,22.45
09-03-2024 09:46:00,108.085729513234,3593.24146105765,22.45
09-03-2024 09:56:00,107.283155097777,3524.2836039092,22.46
09-03-2024 10:06:00,107.799252733755,3530.20730931,22.47
09-03-2024 10:16:00,108.416863414005,3565.82636732866,22.48
09-03-2024 10:26:00,106.193806751287,3582.57201182603,22.49
09-03-2024 10:36:00,108.743426217203,3546.83529507362,22.51
09-03-2024 10:46:00,106.223820047114,3539.03043463617,22.54
09-03-2024 10:56:00,107.564625705343,3542.01896143612,22.58
09-03-2024 11:06:00,107.886522487662,3541.25693860359,22.61
09-03-2024 11:16:00,108.720519910725,3541.08023134883,22.65
09-03-2024 11:26:00,105.703282357183,3536.04343634085,22.71
09-03-2024 11:36:00,108.480598734224,3532.71234313248,22.78
09-03-2024 11:46:00,106.790912451953,3551.76628562302,22.86
09-03-2024 11:56:00,106.218590504783,3537.04337740373,22.94
09-03-2024 12:06:00,106.052812671597,3523.63338601813,23.02
09-03-2024 12:16:00,108.33476428447,3520.84315711239,23.11
09-03-2024 12:26:00,107.0575810268,3535.77921329097,23.21
09-03-2024 12:36:00,108.930565434659,3538.67177807417,23.29
09-03-2024 12:46:00,107.852132359269,3558.09193522921,23.38
09-03-2024 12:56:00,105.650123093348,3560.3598969078,23.47
09-03-2024 13:06:00,108.550456445555,3543.89281602132,23.56
09-03-2024 13:16:00,109.513057027801,3539.04394064485,23.65
09-03-2024 13:26:00,106.891256369692,3591.9776369839,23.72
09-03-2024 13:36:00,105.289612061481,3561.62371073884,23.79
09-03-2024 13:46:00,107.372719667229,3556.59869964566,23.87
09-03-2024 13:56:00,106.375481671827,3549.06628143789,23.92
09-03-2024 14:06:00,106.396903120324,3561.59588435443,23.96
09-03-2024 14:16:00,106.930128184989,3537.65636977795,24
09-03-2024 14:26:00,106.632032789871,3565.67041034877,24.01
09-03-2024 14:36:00,107.148668005379,3558.98909493596,24.01
09-03-2024 14:46:00,107.972400431361,3552.10120077855,24.01
09-03-2024 14:56:00,107.154106486228,3553.8179083619,24
09-03-2024 15:06:00,106.741147496134,3534.89755134286,23.98
09-03-2024 15:16:00,107.654407526167,3554.54188132517,23.95
09-03-2024 15:26:00,105.29751592971,3563.20414151116,23.93
09-03-2024 15:36:00,106.219056550757,3558.20701748666,23.92
09-03-2024 15:46:00,107.238595675887,3574.09427311911,23.9
09-03-2024 15:56:00,106.109894425312,3542.90243009239,23.88
09-03-2024 16:06:00,107.9474079831,3530.91915833506,23.86
09-03-2024 16:16:00,108.046042069513,3545.04912444228,23.84
09-03-2024 16:26:00,107.126351551516,3537.27185654926,23.83
09-03-2024 16:36:00,105.4951205371,3512.54394014411,23.83
09-03-2024 16:46:00,105.40182103089,3552.48876544322,23.84
09-03-2024 16:56:00,105.316683866034,3604.98601682337,23.87
09-03-2024 17:06:00,107.175181409075,3552.50473617383,23.9
09-03-2024 17:16:00,106.378268475697,3546.85663618232,23.94
09-03-2024 17:26:00,107.42742592747,3562.46202008338,23.99
09-03-2024 17:36:00,106.126542328723,3592.94187032691,24.05
09-03-2024 17:46:00,108.61445461922,3528.39953933916,24.11
09-03-2024 17:56:00,107.505333212054,3527.83260597347,24.14
09-03-2024 18:06:00,106.510765671456,3540.94383411279,24.2
09-03-2024 18:16:00,107.5658036969,3520.30754924384,24.26
09-03-2024 18:26:00,105.647587490262,3508.25033588995,24.32
09-03-2024 18:36:00,106.80984004951,3515.22470753814,24.39
09-03-2024 18:46:00,106.741414244875,3526.56400761621,24.46
09-03-2024 18:56:00,106.262215059601,3530.23576077775,24.53
09-03-2024 19:06:00,104.241793233655,3523.63008874335,24.6
09-03-2024 19:16:00,105.919211084262,3504.44273384612,24.67
09-03-2024 19:26:00,104.50975905652,3528.30893232843,24.73
09-03-2024 19:36:00,106.715355465107,3529.50873244152,24.83
09-03-2024 19:46:00,105.206050276304,3492.58765034713,24.9
09-03-2024 19:56:00,104.724962978393,3546.04988388627,24.97
09-03-2024 20:06:00,104.663574390968,3499.85773456189,25.06
09-03-2024 20:16:00,106.24270125843,3541.92106561597,25.13
09-03-2024 20:26:00,105.142861093293,3480.90629382447,25.2
09-03-2024 20:36:00,104.347442512235,3512.07269656212,25.26
09-03-2024 20:46:00,105.412478272488,3498.30938254981,25.33
09-03-2024 20:56:00,106.577420191673,3495.64529436659,25.39
09-03-2024 21:06:00,107.222759468345,3502.63372262583,25.44
09-03-2024 21:16:00,107.459666326361,3502.27147390042,25.5
09-03-2024 21:26:00,106.655261309776,3507.62577418385,25.54
09-03-2024 21:36:00,108.334472909313,3474.51870258851,25.59
09-03-2024 21:46:00,108.662396767476,3462.40834522739,25.62
09-03-2024 21:56:00,107.965356472343,3522.94657347825,25.67
09-03-2024 22:06:00,106.225481586004,3498.57622126916,25.7
09-03-2024 22:16:00,105.312292223431,3493.27592412775,25.73
09-03-2024 22:26:00,106.674274219926,3515.45020151421,25.76
09-03-2024 22:36:00,108.140195566195,3512.77410942625,25.79
09-03-2024 22:46:00,105.885930342989,3501.98493897704,25.83
09-03-2024 22:56:00,106.830646883422,3483.06842520737,25.85
09-03-2024 23:06:00,105.291605036836,3500.25615349269,25.87
09-03-2024 23:16:00,107.168087851319,3502.12116375952,25.89
09-03-2024 23:26:00,107.078062729927,3486.66050872792,25.91
09-03-2024 23:36:00,105.94433190734,3479.98031318898,25.91
09-03-2024 23:46:00,105.228819414268,3484.50224497678,25.92
09-03-2024 23:56:00,107.196702867105,3506.41837121506,25.91
09-04-2024 00:06:00,103.98845863479,3548.70078851286,25.9
09-04-2024 00:16:00,104.084882444141,3535.39040963326,25.87
09-04-2024 00:26:00,107.703891725141,3533.91616623979,25.85
09-04-2024 00:36:00,105.937199236792,3518.30711352355,25.82
09-04-2024 00:46:00,105.722895822323,3539.31681645682,25.79
09-04-2024 00:56:00,106.336127820532,3504.20795135275,25.76
09-04-2024 01:06:00,106.936508698006,3513.98156705863,25.7
09-04-2024 01:16:00,105.266709183913,3523.71494329998,25.65
09-04-2024 01:26:00,108.661233181468,3536.47758638821,25.6
09-04-2024 01:36:00,106.157187721752,3493.81080582303,25.53
09-04-2024 01:46:00,107.2646590349,3588.57186515373,25.45
09-04-2024 01:56:00,107.863641227859,3540.25463231746,25.39
09-04-2024 02:06:00,109.695847083535,3657.00290915061,25.32
09-04-2024 02:16:00,109.047374702266,3680.06703499765,25.24
09-04-2024 02:26:00,108.717320141784,3661.32445915051,25.18
09-04-2024 02:36:00,107.3571210195,3644.06141328473,25.12
09-04-2024 02:46:00,108.152411233349,3704.72685824455,25.04
09-04-2024 02:56:00,108.749669079541,3697.0479956436,24.98
09-04-2024 03:06:00,109.445088895462,3669.19332966478,24.91
09-04-2024 03:16:00,108.185452188694,3670.09353710041,24.84
09-04-2024 03:26:00,108.87624665775,3665.91538268832,24.76
09-04-2024 03:36:00,106.791596086595,3669.32966795262,24.68
09-04-2024 03:46:00,108.82208774371,3643.32815289143,24.61
09-04-2024 03:56:00,109.306309485079,3664.91791201047,24.53
09-04-2024 04:06:00,108.768059484396,3654.20105070434,24.46
09-04-2024 04:16:00,109.563988248482,3656.87082310297,24.39
09-04-2024 04:26:00,112.000096230126,3646.3790083703,24.32
09-04-2024 04:36:00,108.99690783703,3626.29135804448,24.24
09-04-2024 04:46:00,108.869584709897,3664.05392972722,24.17
09-04-2024 04:56:00,107.9272489466,3642.80164528907,24.11
09-04-2024 05:06:00,107.702307471239,3634.70000091097,24.05
09-04-2024 05:16:00,108.906187132244,3648.01551522136,23.98
09-04-2024 05:26:00,108.988017897812,3674.41167642814,23.92
09-04-2024 05:36:00,109.274346407482,3644.52944324231,23.86
09-04-2024 05:46:00,108.947053653399,3625.61266572512,23.8
09-04-2024 05:56:00,108.624253727385,3608.03206685248,23.75
09-04-2024 06:06:00,108.403828543472,3627.4712566123,23.7
09-04-2024 06:16:00,109.405013868994,3663.50196537399,23.64
09-04-2024 06:26:00,108.265512776246,3588.67085051685,23.59
09-04-2024 06:36:00,107.734982398468,3634.05531474262,23.53
09-04-2024 06:46:00,108.637633110231,3621.65629466596,23.48
09-04-2024 06:56:00,108.821396212731,3652.27753544467,23.42
09-04-2024 07:06:00,109.009302407216,3650.88188388866,23.37
09-04-2024 07:16:00,109.498661955029,3625.87639936936,23.31
09-04-2024 07:26:00,108.866699744227,3694.03894733499,23.25
09-04-2024 07:36:00,109.461938534172,3663.47584883462,23.2
09-04-2024 07:46:00,107.200941013249,3658.9174423298,23.14
09-04-2024 07:56:00,108.407171448263,3674.95824456289,23.09
09-04-2024 08:06:00,106.559234443741,3646.18696489486,23.04
09-04-2024 08:16:00,110.007825530183,3616.80214643493,23
09-04-2024 08:26:00,110.097566906649,3636.91895890993,22.96
09-04-2024 08:36:00,107.750393494999,3656.79841703974,22.93
09-04-2024 08:46:00,109.777098373984,3615.84475248324,22.9
09-04-2024 08:56:00,107.943409311912,3663.85310487602,22.88
09-04-2024 09:06:00,109.058728760299,3619.92418576772,22.86
09-04-2024 09:16:00,108.140531401057,3595.45561091438,22.84
09-04-2024 09:26:00,108.751553480281,3608.42411783787,22.83
09-04-2024 09:36:00,108.151088039368,3568.63776676906,22.84
09-04-2024 09:46:00,108.058900739823,3597.62687822856,22.85
09-04-2024 09:56:00,107.352506312462,3585.39418271341,22.85
09-04-2024 10:06:00,107.361949062169,3493.39472321909,22.86
09-04-2024 10:16:00,107.981481839068,3468.94501067007,22.87
09-04-2024 10:26:00,106.262292816376,3549.53267124611,22.88
09-04-2024 10:36:00,107.089360516296,3475.59580507587,22.9
09-04-2024 10:46:00,104.462442024727,3484.55549962851,22.93
09-04-2024 10:56:00,106.420848273581,3476.5468458145,22.98
09-04-2024 11:06:00,106.743750357425,3480.69573906511,23.01
09-04-2024 11:16:00,106.057097847906,3470.01434860373,23.06
09-04-2024 11:26:00,106.192806584442,3475.15369336569,23.13
09-04-2024 11:36:00,106.838015592132,3496.00451164194,23.2
09-04-2024 11:46:00,106.268904544415,3507.67404367792,23.29
09-04-2024 11:56:00,106.30700579311,3474.26476953083,23.37
09-04-2024 12:06:00,107.777712217811,3482.23089446123,23.46
09-04-2024 12:16:00,107.310311531123,3485.67904129831,23.55
09-04-2024 12:26:00,107.561581825418,3524.95460171259,23.65
09-04-2024 12:36:00,107.293780609379,3487.2290831146,23.73
09-04-2024 12:46:00,109.283653155382,3477.44638985307,23.83
09-04-2024 12:56:00,108.509095183395,3478.31941469133,23.92
09-04-2024 13:06:00,107.836077939127,3469.89264213538,24.01
09-04-2024 13:16:00,108.382899183751,3463.28353350879,24.08
09-04-2024 13:26:00,105.450970766597,3513.23004312162,24.16
09-04-2024 13:36:00,107.325579678227,3496.83548739278,24.22
09-04-2024 13:46:00,107.561075879538,3494.9252956825,24.28
09-04-2024 13:56:00,106.766955752376,3488.1767340025,24.33
09-04-2024 14:06:00,106.784780841044,3486.36343314791,24.36
09-04-2024 14:16:00,105.76850044725,3480.99034500234,24.37
09-04-2024 14:26:00,107.11163146836,3479.76300881895,24.38
09-04-2024 14:36:00,105.065271200966,3469.86280906156,24.38
09-04-2024 14:46:00,107.528606194274,3467.35887236146,24.37
09-04-2024 14:56:00,105.888612677124,3442.77871459222,24.36
09-04-2024 15:06:00,107.223347497781,3452.92158984893,24.35
09-04-2024 15:16:00,106.203067210801,3441.88433262329,24.35
09-04-2024 15:26:00,103.435156385597,3453.78839463946,24.34
09-04-2024 15:36:00,106.312374388499,3456.12049850287,24.34
09-04-2024 15:46:00,107.446009605648,3472.64995355036,24.34
09-04-2024 15:56:00,105.088433939275,3460.61441664838,24.33
09-04-2024 16:06:00,106.837357955584,3461.4959763964,24.33
09-04-2024 16:16:00,106.941210277669,3440.86282732207,24.32
09-04-2024 16:26:00,105.510933160932,3487.85196125578,24.32
09-04-2024 16:36:00,106.644455575318,3454.64538632207,24.32
09-04-2024 16:46:00,107.166833081556,3468.65004297604,24.33
09-04-2024 16:56:00,106.569326023484,3478.44149060978,24.36
09-04-2024 17:06:00,106.689768943077,3493.93989124519,24.39
09-04-2024 17:16:00,106.917017789396,3491.78313491286,24.43
09-04-2024 17:26:00,107.65339638379,3490.48917373872,24.46
09-04-2024 17:36:00,105.934503929899,3488.50307164744,24.51
09-04-2024 17:46:00,105.241569634783,3472.18805304556,24.56
09-04-2024 17:56:00,107.10393183599,3490.23765745018,24.58
09-04-2024 18:06:00,106.209689593861,3476.78692335441,24.64
09-04-2024 18:16:00,106.646847561685,3457.01934930672,24.69
09-04-2024 18:26:00,106.056196499772,3470.92381747533,24.74
09-04-2024 18:36:00,107.007756253112,3461.0191349792,24.79
09-04-2024 18:46:00,106.836637495693,3470.49382277639,24.86
09-04-2024 18:56:00,106.146650626182,3463.66587887972,24.92
09-04-2024 19:06:00,107.408095631478,3454.68065353671,24.97
09-04-2024 19:16:00,105.486132729113,3456.66050649475,25.04
09-04-2024 19:26:00,104.584852744253,3474.25550000016,25.09
09-04-2024 19:36:00,106.572607053268,3436.63684814813,25.15
09-04-2024 19:46:00,106.293714279719,3490.84244092491,25.21
09-04-2024 19:56:00,106.315757250314,3480.00235063115,25.25
09-04-2024 20:06:00,106.659688229791,3465.80622824431,25.32
09-04-2024 20:16:00,104.840661710718,3473.72113310301,25.4
09-04-2024 20:26:00,105.684170208246,3434.76215760285,25.43
09-04-2024 20:36:00,105.408576015849,3438.93497803777,25.5
09-04-2024 20:46:00,105.434531876431,3444.55137060027,25.55
09-04-2024 20:56:00,105.154570276614,3470.24462390219,25.61
09-04-2024 21:06:00,105.486492326125,3424.67944713455,25.65
09-04-2024 21:16:00,105.921962450189,3450.98503881549,25.69
09-04-2024 21:26:00,105.323510234887,3453.71757089349,25.73
09-04-2024 21:36:00,105.341321308138,3457.11909171134,25.76
09-04-2024 21:46:00,104.941284570352,3434.75633304137,25.78
09-04-2024 21:56:00,106.829698060606,3434.71758883048,25.83
09-04-2024 22:06:00,105.386638954813,3463.00089740473,25.83
09-04-2024 22:16:00,105.400397070489,3460.1476350168,25.85
09-04-2024 22:26:00,106.242156752315,3455.61389894669,25.87
09-04-2024 22:36:00,105.009823595134,3445.13319636583,25.88
09-04-2024 22:46:00,104.915976519857,3423.3118332376,25.89
09-04-2024 22:56:00,105.132675543801,3401.17185669147,25.9
09-04-2024 23:06:00,105.452927965889,3379.97328447287,25.91
09-04-2024 23:16:00,105.251495997843,3424.02766221594,25.91
09-04-2024 23:26:00,104.32539923793,3449.60070113344,25.91
09-04-2024 23:36:00,105.37034567031,3463.795484572,25.92
09-04-2024 23:46:00,105.168913644958,3495.67192463516,25.92
09-04-2024 23:56:00,105.584574487421,3504.16374018683,25.91
09-05-2024 00:06:00,106.724816208568,3494.80436717754,25.9
09-05-2024 00:16:00,105.587667522911,3499.62042635182,25.89
09-05-2024 00:26:00,107.038299469093,3518.39835182103,25.88
09-05-2024 00:36:00,105.487279456108,3494.97422822584,25.87
09-05-2024 00:46:00,105.588251355696,3440.41951074498,25.85
09-05-2024 00:56:00,105.378780331095,3434.78412193886,25.83
09-05-2024 01:06:00,105.997064143804,3444.88870455188,25.81
09-05-2024 01:16:00,108.059272839897,3447.05650425021,25.78
09-05-2024 01:26:00,103.811798038079,3437.16380007893,25.75
09-05-2024 01:36:00,104.529381864167,3450.02646634617,25.72
09-05-2024 01:46:00,105.966328431864,3468.47506574685,25.68
09-05-2024 01:56:00,105.021321224153,3417.59613619793,25.63
09-05-2024 02:06:00,105.114144403313,3468.08773930536,25.59
09-05-2024 02:16:00,108.508352772133,3502.77170770606,25.54
09-05-2024 02:26:00,107.460133084433,3559.60942911166,25.49
09-05-2024 02:36:00,108.472992483946,3507.13505782664,25.43
09-05-2024 02:46:00,107.425483999358,3590.47153617478,25.38
09-05-2024 02:56:00,107.917692746813,3604.09153505157,25.31
09-05-2024 03:06:00,109.028174102887,3634.19340123493,25.24
09-05-2024 03:16:00,109.00825010676,3579.49696160467,25.18
09-05-2024 03:26:00,107.854922371431,3623.53323129194,25.12
09-05-2024 03:36:00,109.685175542454,3594.67601463241,25.05
09-05-2024 03:46:00,109.244668327422,3659.22583515775,24.97
09-05-2024 03:56:00,110.142265938704,3634.57246294148,24.89
09-05-2024 04:06:00,109.290580656646,3662.49194523332,24.81
09-05-2024 04:16:00,109.065039568805,3648.74289893884,24.75
09-05-2024 04:26:00,108.218798136054,3603.43789338459,24.68
09-05-2024 04:36:00,110.656203980026,3585.11444443385,24.6
09-05-2024 04:46:00,107.75648883816,3629.2712863331,24.53
09-05-2024 04:56:00,108.656740277379,3642.46406695757,24.46
09-05-2024 05:06:00,108.735501867177,3618.63049051638,24.39
09-05-2024 05:16:00,108.301448095655,3651.39736084917,24.32
09-05-2024 05:26:00,109.81973280359,3610.99366519641,24.26
09-05-2024 05:36:00,109.89794713374,3585.77020086652,24.19
09-05-2024 05:46:00,108.034102711934,3568.61610287414,24.13
09-05-2024 05:56:00,109.853719154206,3655.7240610701,24.06
09-05-2024 06:06:00,109.629069024064,3649.71437539307,24
09-05-2024 06:16:00,109.604960819648,3649.62008107699,23.93
09-05-2024 06:26:00,109.38058738756,3611.00180679279,23.87
09-05-2024 06:36:00,109.463112117081,3607.81045839869,23.81
09-05-2024 06:46:00,108.319094505587,3555.33088257432,23.75
09-05-2024 06:56:00,108.810638539392,3610.09595859741,23.69
09-05-2024 07:06:00,109.203944565925,3587.92832719104,23.64
09-05-2024 07:16:00,110.201108490095,3591.88767794101,23.57
09-05-2024 07:26:00,108.756493378635,3561.00171261234,23.52
09-05-2024 07:36:00,108.639248137846,3633.02260365256,23.47
09-05-2024 07:46:00,109.134136338229,3538.90015856214,23.42
09-05-2024 07:56:00,107.691129996846,3642.73760906198,23.37
09-05-2024 08:06:00,109.821477484041,3538.48596128269,23.33
09-05-2024 08:16:00,109.202902182572,3578.7106183683,23.3
09-05-2024 08:26:00,110.113346079988,3571.46325193548,23.27
09-05-2024 08:36:00,106.539799340092,3562.88477830557,23.24
09-05-2024 08:46:00,106.235894928135,3587.00473954303,23.23
09-05-2024 08:56:00,109.086398356578,3560.94560944497,23.21
09-05-2024 09:06:00,106.846729491897,3504.78705687594,23.2
09-05-2024 09:16:00,107.969098766794,3527.26198768629,23.19
09-05-2024 09:26:00,107.363733940128,3510.18570996742,23.19
09-05-2024 09:36:00,106.151183337927,3529.31026980555,23.2
09-05-2024 09:46:00,106.462691142815,3517.57062779567,23.2
09-05-2024 09:56:00,108.408421170187,3504.05188537068,23.21
09-05-2024 10:06:00,107.904884780055,3504.73325910688,23.21
09-05-2024 10:16:00,107.40546631892,3492.54719317882,23.22
09-05-2024 10:26:00,106.808175803055,3539.67488882061,23.24
09-05-2024 10:36:00,105.395438194539,3505.78646154448,23.26
09-05-2024 10:46:00,105.001628146896,3507.63303893728,23.28
09-05-2024 10:56:00,106.042924381722,3518.96868498867,23.32
09-05-2024 11:06:00,106.982737682908,3516.43559374703,23.36
09-05-2024 11:16:00,108.534979137343,3509.99361292226,23.4
09-05-2024 11:26:00,108.361932572534,3520.24678288864,23.46
09-05-2024 11:36:00,107.478400332859,3547.25588750658,23.53
09-05-2024 11:46:00,108.640682718564,3562.42267660302,23.61
09-05-2024 11:56:00,106.94325335672,3537.00025963522,23.69
09-05-2024 12:06:00,106.168251650093,3529.97321502991,23.78
09-05-2024 12:16:00,107.842993108174,3532.98031888333,23.86
09-05-2024 12:26:00,106.867127261887,3534.48127860099,23.96
09-05-2024 12:36:00,107.22535559206,3521.78735871487,24.07
09-05-2024 12:46:00,106.969242970632,3503.48139812771,24.18
09-05-2024 12:56:00,107.52478008163,3492.98180605887,24.27
09-05-2024 13:06:00,105.405892989123,3509.89753788622,24.34
09-05-2024 13:16:00,107.184293762873,3508.47983168802,24.41
09-05-2024 13:26:00,107.933508177914,3523.17498257536,24.47
09-05-2024 13:36:00,106.202682494768,3570.1783103591,24.49
09-05-2024 13:46:00,107.264108913152,3524.46263361367,24.56
09-05-2024 13:56:00,106.666186936051,3541.46075717451,24.59
09-05-2024 14:06:00,108.426733178047,3526.50767841576,24.61
09-05-2024 14:16:00,107.310980210867,3534.61131692527,24.63
09-05-2024 14:26:00,106.19089755916,3520.93249515651,24.64
09-05-2024 14:36:00,104.248668809752,3509.84893214056,24.65
09-05-2024 14:46:00,106.617964665534,3506.59142240921,24.65
09-05-2024 14:56:00,105.801949127796,3535.12707262222,24.65
09-05-2024 15:06:00,103.958416560789,3563.03943953877,24.65
09-05-2024 15:16:00,106.430476818851,3553.75612565638,24.65
09-05-2024 15:26:00,106.333738358892,3556.62908783208,24.65
09-05-2024 15:36:00,105.110732559119,3573.49928323456,24.66
09-05-2024 15:46:00,104.19193065573,3509.04058702323,24.66
09-05-2024 15:56:00,105.22954689982,3530.3767830041,24.67
09-05-2024 16:06:00,105.547896851662,3526.15108937097,24.68
09-05-2024 16:16:00,106.478864227487,3521.43875559651,24.68
09-05-2024 16:26:00,107.726457915421,3531.62610426347,24.7
09-05-2024 16:36:00,105.688954900535,3552.59767088455,24.73
09-05-2024 16:46:00,107.05199227967,3539.61313655937,24.78
09-05-2024 16:56:00,105.642606716239,3509.51774108579,24.84
09-05-2024 17:06:00,107.825540689945,3532.97376578066,24.88
09-05-2024 17:16:00,104.772719648691,3493.33560928333,24.95
09-05-2024 17:26:00,106.137265105421,3548.2434021821,25
09-05-2024 17:36:00,105.034720367576,3512.36227901352,25.06
09-05-2024 17:46:00,105.889126152368,3517.33433428515,25.12
09-05-2024 17:56:00,106.224687725418,3499.28301501242,25.17
09-05-2024 18:06:00,104.700664786411,3511.94417112262,25.21
09-05-2024 18:16:00,106.281707394801,3493.90863794191,25.28
09-05-2024 18:26:00,105.693246354381,3506.50909980101,25.34
09-05-2024 18:36:00,105.001155014393,3516.50834510406,25.4
09-05-2024 18:46:00,105.241815259907,3523.65929564389,25.47
09-05-2024 18:56:00,103.20625559859,3508.55698506683,25.53
09-05-2024 19:06:00,105.095666478473,3466.3157120187,25.59
09-05-2024 19:16:00,106.477805768448,3492.48263307014,25.67
09-05-2024 19:26:00,106.194200754206,3500.86069969291,25.72
09-05-2024 19:36:00,104.677161912199,3494.17430673936,25.79
09-05-2024 19:46:00,105.841550648993,3458.37924258973,25.84
09-05-2024 19:56:00,105.768553883853,3474.90577599556,25.9
09-05-2024 20:06:00,107.145274607703,3492.18442381156,25.96
09-05-2024 20:16:00,103.960973712222,3471.78606331974,26.01
09-05-2024 20:26:00,106.370080325855,3475.97355627062,26.06
09-05-2024 20:36:00,105.774841262623,3459.86356979471,26.11
09-05-2024 20:46:00,104.764532415861,3463.52332321332,26.16
09-05-2024 20:56:00,104.268191601899,3469.12006165896,26.2
09-05-2024 21:06:00,107.294216657518,3459.07032021042,26.23
09-05-2024 21:16:00,104.304371487547,3469.44767206244,26.26
09-05-2024 21:26:00,104.218714756166,3461.92126792385,26.29
09-05-2024 21:36:00,102.676256236738,3437.78360745784,26.31
09-05-2024 21:46:00,104.558305141908,3481.39925172599,26.33
09-05-2024 21:56:00,105.402842161745,3474.2263910597,26.35
09-05-2024 22:06:00,104.375039352141,3465.08762508737,26.36
09-05-2024 22:16:00,105.111867813137,3506.232326823,26.37
09-05-2024 22:26:00,105.437575214298,3512.662817464,26.39
09-05-2024 22:36:00,103.682745837338,3493.71795090239,26.4
09-05-2024 22:46:00,105.665723347029,3509.14828688253,26.41
09-05-2024 22:56:00,105.779822916127,3527.21792991036,26.42
09-05-2024 23:06:00,106.097544761939,3528.97653500418,26.42
09-05-2024 23:16:00,105.277068911626,3530.38484362123,26.43
09-05-2024 23:26:00,106.529432738793,3521.49102957067,26.43
09-05-2024 23:36:00,104.566564979952,3514.038508835,26.44
09-05-2024 23:46:00,106.334173347438,3558.23327446116,26.43
09-05-2024 23:56:00,107.790055356534,3520.15871543686,26.42
09-06-2024 00:06:00,106.238683274639,3545.96377797432,26.42
09-06-2024 00:16:00,105.621874542859,3529.79426720542,26.42
09-06-2024 00:26:00,105.935555086257,3478.86024206825,26.41
09-06-2024 00:36:00,105.206898346963,3460.45249781001,26.39
09-06-2024 00:46:00,105.832002729284,3471.4239839946,26.38
09-06-2024 00:56:00,107.702743664945,3530.35946456424,26.37
09-06-2024 01:06:00,104.89813670813,3485.599394644,26.35
09-06-2024 01:16:00,106.037999855834,3519.47066770925,26.33
09-06-2024 01:26:00,107.796045560488,3549.35927155339,26.3
09-06-2024 01:36:00,107.370630101077,3544.08577735474,26.26
09-06-2024 01:46:00,106.020124953068,3496.62807142732,26.24
09-06-2024 01:56:00,107.768897465966,3585.93478720475,26.19
09-06-2024 02:06:00,107.961639037413,3542.80760790766,26.14
09-06-2024 02:16:00,107.018410986061,3555.84532194669,26.1
09-06-2024 02:26:00,107.629892491462,3571.81838982915,26.06
09-06-2024 02:36:00,107.814206127905,3651.96729998155,25.99
09-06-2024 02:46:00,107.907367779927,3554.23595588978,25.95
09-06-2024 02:56:00,108.720938805594,3677.95014363263,25.9
09-06-2024 03:06:00,106.942740898951,3687.38981257695,25.84
09-06-2024 03:16:00,108.691349690545,3664.1528251138,25.8
09-06-2024 03:26:00,107.327915234549,3684.70692522224,25.74
09-06-2024 03:36:00,107.830507634847,3631.74725873968,25.69
09-06-2024 03:46:00,106.778345016602,3618.25236110909,25.63
09-06-2024 03:56:00,107.280788015519,3649.03814336621,25.58
09-06-2024 04:06:00,106.130298691485,3631.02141713417,25.53
09-06-2024 04:16:00,108.280618882434,3611.47810946653,25.47
09-06-2024 04:26:00,107.948059981206,3670.81937014507,25.4
09-06-2024 04:36:00,108.432752191148,3674.02141740528,25.31
09-06-2024 04:46:00,105.308439751492,3648.92718849449,25.22
09-06-2024 04:56:00,106.626552347498,3632.68737058602,25.15
09-06-2024 05:06:00,108.14544555532,3641.62203255223,25.07
09-06-2024 05:16:00,107.294843810005,3708.47794489983,24.99
09-06-2024 05:26:00,108.61036380853,3631.94154749588,24.92
09-06-2024 05:36:00,107.352954734172,3663.52363415319,24.85
09-06-2024 05:46:00,107.947559885752,3660.12082086632,24.78
09-06-2024 05:56:00,108.027738479942,3653.81169418243,24.71
09-06-2024 06:06:00,109.032574300909,3710.98717434741,24.64
09-06-2024 06:16:00,107.87981412004,3681.29468624932,24.57
09-06-2024 06:26:00,107.348081384819,3697.79415252192,24.51
09-06-2024 06:36:00,107.531041734142,3713.15517804565,24.44
09-06-2024 06:46:00,107.508695884315,3640.28770230682,24.37
09-06-2024 06:56:00,106.366509085583,3672.19573120085,24.32
09-06-2024 07:06:00,106.447187827458,3671.08358001129,24.25
09-06-2024 07:16:00,108.278035983571,3658.33523495949,24.2
09-06-2024 07:26:00,107.235160795263,3677.48686773358,24.14
09-06-2024 07:36:00,107.634929429234,3686.75407092276,24.1
09-06-2024 07:46:00,107.010570978427,3678.33607366333,24.06
09-06-2024 07:56:00,108.429775620917,3559.36800290223,24.01
09-06-2024 08:06:00,108.833146838451,3673.91583184881,23.98
09-06-2024 08:16:00,108.213100068089,3634.8104653983,23.95
09-06-2024 08:26:00,107.695588985061,3600.78492586748,23.92
09-06-2024 08:36:00,107.084100667429,3561.75798470199,23.91
09-06-2024 08:46:00,106.268093221474,3546.38183990561,23.9
09-06-2024 08:56:00,108.00537043169,3506.0602761311,23.88
09-06-2024 09:06:00,107.598582792606,3527.13090079709,23.87
09-06-2024 09:16:00,105.657739176774,3548.30137086378,23.86
09-06-2024 09:26:00,106.682897964415,3525.50245314472,23.85
09-06-2024 09:36:00,106.178018678704,3550.97162921393,23.85
09-06-2024 09:46:00,105.877679275139,3543.10519084024,23.85
09-06-2024 09:56:00,108.440844966274,3542.15370295063,23.85
09-06-2024 10:06:00,106.606495363981,3509.10507953894,23.85
09-06-2024 10:16:00,106.617002371632,3542.59154662514,23.86
09-06-2024 10:26:00,107.036633721373,3576.08367184992,23.87
09-06-2024 10:36:00,106.335185983378,3558.75917677965,23.89
09-06-2024 10:46:00,104.811218756787,3597.93989059702,23.9
09-06-2024 10:56:00,104.935733871096,3566.09470269127,23.94
09-06-2024 11:06:00,105.977431236383,3564.84203849249,23.97
09-06-2024 11:16:00,106.61006555652,3542.19828017177,24
09-06-2024 11:26:00,105.924005263796,3563.68696518038,24.06
09-06-2024 11:36:00,107.384426578671,3558.23162628786,24.11
09-06-2024 11:46:00,108.034306133142,3576.92330340614,24.18
09-06-2024 11:56:00,106.322985939279,3580.54856897532,24.24
09-06-2024 12:06:00,106.976981880592,3570.54403208162,24.32
09-06-2024 12:16:00,108.96539807384,3581.88435749698,24.4
09-06-2024 12:26:00,108.077399139339,3580.71631468542,24.47
09-06-2024 12:36:00,107.29543047427,3588.65165683992,24.55
09-06-2024 12:46:00,104.963729180121,3583.7767230088,24.61
09-06-2024 12:56:00,106.231141804019,3589.57038498736,24.68
09-06-2024 13:06:00,107.491409591779,3595.6373672958,24.73
09-06-2024 13:16:00,107.510252072302,3582.94400920524,24.76
09-06-2024 13:26:00,106.603567112244,3588.65598420763,24.79
09-06-2024 13:36:00,105.482893039379,3608.7859318286,24.8
09-06-2024 13:46:00,106.929263437979,3595.65644180488,24.8
09-06-2024 13:56:00,106.837044369969,3573.65327651562,24.81
09-06-2024 14:06:00,106.843615155473,3570.40653890028,24.81
09-06-2024 14:16:00,106.237114572449,3592.61962344372,24.82
09-06-2024 14:26:00,106.655115953528,3566.58648828417,24.82
09-06-2024 14:36:00,106.143405540209,3530.59987928422,24.81
09-06-2024 14:46:00,105.010752616569,3587.23608084992,24.79
09-06-2024 14:56:00,105.527552987573,3574.1397892413,24.78
09-06-2024 15:06:00,106.764073007806,3618.87178343414,24.77
09-06-2024 15:16:00,108.206089546305,3586.84826901549,24.76
09-06-2024 15:26:00,105.539397761952,3605.85873200924,24.76
09-06-2024 15:36:00,104.723453003504,3613.01390084064,24.76
09-06-2024 15:46:00,104.935702857921,3585.43492567524,24.76
09-06-2024 15:56:00,106.899936422087,3597.03261240473,24.77
09-06-2024 16:06:00,105.470975337977,3582.0051935059,24.78
09-06-2024 16:16:00,107.439567570337,3613.86068026293,24.8
09-06-2024 16:26:00,106.425816427403,3592.87095345828,24.82
09-06-2024 16:36:00,106.753156196061,3581.52137137335,24.85
09-06-2024 16:46:00,105.537231469619,3607.64194282024,24.88
09-06-2024 16:56:00,106.794778123402,3591.47052650698,24.92
09-06-2024 17:06:00,106.401838262399,3584.90247961293,24.95
09-06-2024 17:16:00,108.380829430576,3584.86424234263,24.99
09-06-2024 17:26:00,105.528480173786,3586.11975586387,25.05
09-06-2024 17:36:00,104.726888848071,3563.13944167932,25.09
09-06-2024 17:46:00,107.119308241054,3578.01132155305,25.13
09-06-2024 17:56:00,106.012516075527,3551.01366862389,25.18
09-06-2024 18:06:00,106.54668162676,3569.36994326504,25.21
09-06-2024 18:16:00,104.927517493256,3570.93299614501,25.27
09-06-2024 18:26:00,107.425701273436,3569.21812613862,25.31
09-06-2024 18:36:00,107.659231695333,3593.28641628352,25.36
09-06-2024 18:46:00,104.482839302593,3551.3235390495,25.4
09-06-2024 18:56:00,106.256180490745,3539.69866139703,25.43
09-06-2024 19:06:00,106.902568790562,3536.99426554253,25.48
09-06-2024 19:16:00,107.342761617395,3569.24770584179,25.53
09-06-2024 19:26:00,106.754066911689,3576.26016870531,25.59
09-06-2024 19:36:00,106.789196069937,3555.06095016853,25.66
09-06-2024 19:46:00,105.475997122296,3566.79151618327,25.72
09-06-2024 19:56:00,106.127293358994,3570.56207100652,25.78
09-06-2024 20:06:00,107.292364104762,3568.17715242356,25.83
09-06-2024 20:16:00,106.802039774634,3555.6069522108,25.88
09-06-2024 20:26:00,107.968006711813,3563.50612238982,25.93
09-06-2024 20:36:00,107.995428362277,3552.81444979757,25.98
09-06-2024 20:46:00,106.568435715443,3555.91748486875,26.02
09-06-2024 20:56:00,107.523949165459,3544.82845277883,26.06
09-06-2024 21:06:00,107.547145882767,3526.89532859209,26.1
09-06-2024 21:16:00,105.289695869162,3518.31398672137,26.14
09-06-2024 21:26:00,107.071032666382,3557.12261711199,26.17
09-06-2024 21:36:00,106.057042897793,3571.391283444,26.21
09-06-2024 21:46:00,107.225089819465,3580.05625546036,26.26
09-06-2024 21:56:00,107.762944120796,3593.74216763622,26.29
09-06-2024 22:06:00,106.225436084351,3587.20320057256,26.32
09-06-2024 22:16:00,107.58955873342,3582.27367154327,26.34
09-06-2024 22:26:00,107.089652388831,3624.85436810204,26.37
09-06-2024 22:36:00,107.416077949574,3636.90459608286,26.39
09-06-2024 22:46:00,108.054085196415,3638.72983038727,26.41
09-06-2024 22:56:00,108.380709182424,3641.08309553793,26.43
09-06-2024 23:06:00,107.876545374932,3659.47183272953,26.45
09-06-2024 23:16:00,108.614532995939,3677.99611110606,26.46
09-06-2024 23:26:00,108.210031420734,3673.83920174012,26.47
09-06-2024 23:36:00,108.320706691068,3648.49883295484,26.47
09-06-2024 23:46:00,107.604538718234,3641.49024468008,26.48
09-06-2024 23:56:00,108.754000352122,3668.48480543772,26.48
09-07-2024 00:06:00,108.756628062071,3635.99475974434,26.47
09-07-2024 00:16:00,108.23993653773,3628.72487574392,26.46
09-07-2024 00:26:00,108.138745957439,3606.37116458628,26.45
09-07-2024 00:36:00,108.556834097693,3619.35786618,26.44
09-07-2024 00:46:00,109.074518265541,3671.60286666123,26.42
09-07-2024 00:56:00,108.76146435012,3670.79088193527,26.4
09-07-2024 01:06:00,108.647766396864,3678.25047614881,26.36
09-07-2024 01:16:00,111.543687707453,3631.64819858415,26.32
09-07-2024 01:26:00,109.877345768631,3693.02720925071,26.29
09-07-2024 01:36:00,110.489618617459,3577.25834079985,26.25
09-07-2024 01:46:00,107.471768388622,3601.26947529957,26.21
09-07-2024 01:56:00,110.780144934702,3711.45618352172,26.17
09-07-2024 02:06:00,109.314374786906,3686.08832129782,26.12
09-07-2024 02:16:00,109.917704924767,3778.52656751391,26.06
09-07-2024 02:26:00,109.489029828807,3679.79658588799,26.01
09-07-2024 02:36:00,109.569957109424,3789.28909509282,25.94
09-07-2024 02:46:00,109.038197816349,3783.6770452555,25.89
09-07-2024 02:56:00,109.537360526144,3691.93215466775,25.83
09-07-2024 03:06:00,110.557635351217,3670.73809321709,25.78
09-07-2024 03:16:00,110.121039490651,3764.08995545507,25.71
09-07-2024 03:26:00,110.210098536487,3610.75202913322,25.66
09-07-2024 03:36:00,110.083959031803,3704.98787251703,25.59
09-07-2024 03:46:00,109.449909179678,3755.64292008738,25.54
09-07-2024 03:56:00,109.943714366333,3712.33468208247,25.47
09-07-2024 04:06:00,111.060669072651,3686.62015360406,25.41
09-07-2024 04:16:00,110.319603744393,3639.61145667084,25.35
09-07-2024 04:26:00,108.543511764631,3720.21599021503,25.28
09-07-2024 04:36:00,111.515531250946,3717.50709553804,25.22
09-07-2024 04:46:00,110.569040857015,3701.75811446847,25.16
09-07-2024 04:56:00,109.936525777002,3718.02246278058,25.11
09-07-2024 05:06:00,110.845159780951,3690.612564289,25.05
09-07-2024 05:16:00,111.139680931054,3689.98596581191,25
09-07-2024 05:26:00,111.018024266101,3678.65557223534,24.94
09-07-2024 05:36:00,109.460150077036,3735.08652078773,24.89
09-07-2024 05:46:00,108.314678330329,3747.6591401842,24.84
09-07-2024 05:56:00,110.559285536868,3693.46276965263,24.78
09-07-2024 06:06:00,109.829648770564,3711.01102724485,24.74
09-07-2024 06:16:00,110.021203237742,3718.2781309756,24.69
09-07-2024 06:26:00,109.08244621323,3775.82224770835,24.64
09-07-2024 06:36:00,110.716385805254,3688.11762720458,24.6
09-07-2024 06:46:00,109.161790952002,3702.86105654456,24.55
09-07-2024 06:56:00,107.920180143093,3744.65745039248,24.51
09-07-2024 07:06:00,109.035809103967,3731.66976874039,24.46
09-07-2024 07:16:00,109.744539934941,3661.83280107385,24.42
09-07-2024 07:26:00,108.602246149553,3591.99594325009,24.37
09-07-2024 07:36:00,108.59281271302,3755.10750544742,24.33
09-07-2024 07:46:00,110.326463144387,3693.22462150668,24.29
09-07-2024 07:56:00,106.93783765778,3735.53689342651,24.26
09-07-2024 08:06:00,109.593598353423,3663.86227522244,24.22
09-07-2024 08:16:00,109.489811887005,3680.56924301423,24.2
09-07-2024 08:26:00,109.381907189653,3719.9560049753,24.17
09-07-2024 08:36:00,107.028320033342,3638.53461132495,24.16
09-07-2024 08:46:00,108.154205041861,3615.71760005497,24.14
09-07-2024 08:56:00,109.181533242095,3642.11823426948,24.13
09-07-2024 09:06:00,107.033390159648,3613.27807781726,24.12
09-07-2024 09:16:00,107.55258607987,3612.75316594893,24.12
09-07-2024 09:26:00,108.481509320425,3637.46752566875,24.12
09-07-2024 09:36:00,108.898282627835,3643.25262392232,24.12
09-07-2024 09:46:00,109.212629225869,3657.83016295456,24.12
09-07-2024 09:56:00,108.502671861049,3658.34008233217,24.12
09-07-2024 10:06:00,109.230883827594,3644.3414917593,24.13
09-07-2024 10:16:00,106.68101238115,3655.99784220175,24.14
09-07-2024 10:26:00,108.232875792565,3637.72707636191,24.16
09-07-2024 10:36:00,109.170305525393,3650.60104726518,24.18
09-07-2024 10:46:00,106.726146207167,3663.27234606444,24.2
09-07-2024 10:56:00,108.17608063621,3653.79344265598,24.22
09-07-2024 11:06:00,107.477819837424,3668.72231616595,24.25
09-07-2024 11:16:00,107.086895982232,3642.43483071381,24.28
09-07-2024 11:26:00,108.242175259501,3630.58173634279,24.33
09-07-2024 11:36:00,107.247804750385,3642.53393402619,24.39
09-07-2024 11:46:00,108.818493618907,3643.39947944509,24.45
09-07-2024 11:56:00,108.649060889764,3653.16396012182,24.52
09-07-2024 12:06:00,107.452329658164,3662.4205381076,24.59
09-07-2024 12:16:00,110.266377545814,3667.71385396195,24.67
09-07-2024 12:26:00,107.629953458977,3696.43411804858,24.74
09-07-2024 12:36:00,109.113596456124,3679.15378749224,24.83
09-07-2024 12:46:00,108.639292404272,3675.61784777669,24.91
09-07-2024 12:56:00,108.580482372127,3665.7994213099,25
09-07-2024 13:06:00,109.028431672301,3651.95290357872,25.07
09-07-2024 13:16:00,107.514733887402,3658.98188898635,25.13
09-07-2024 13:26:00,108.465701387136,3643.94664318757,25.17
09-07-2024 13:36:00,108.49749370995,3638.97059060832,25.23
09-07-2024 13:46:00,108.937742929482,3632.66019617489,25.28
09-07-2024 13:56:00,108.34247925474,3636.50886048716,25.32
09-07-2024 14:06:00,108.163766943229,3647.85808519302,25.37
09-07-2024 14:16:00,107.873576436327,3640.55443033426,25.4
09-07-2024 14:26:00,108.301784673268,3646.13849576413,25.42
09-07-2024 14:36:00,107.79691424708,3660.43213186911,25.43
09-07-2024 14:46:00,108.212912206395,3669.44566735269,25.42
09-07-2024 14:56:00,107.287052610047,3607.56263378967,25.41
09-07-2024 15:06:00,106.262074002447,3650.2191037364,25.41
09-07-2024 15:16:00,106.682128920468,3638.18809448212,25.41
09-07-2024 15:26:00,107.102187935055,3657.84044455489,25.41
09-07-2024 15:36:00,105.763626927418,3611.22936484557,25.4
09-07-2024 15:46:00,106.695720573181,3637.07773654364,25.39
09-07-2024 15:56:00,106.909334558856,3611.14440881981,25.39
09-07-2024 16:06:00,107.015730320594,3605.31564740345,25.38
09-07-2024 16:16:00,106.614146005972,3619.70655842912,25.39
09-07-2024 16:26:00,108.900113335919,3613.9945185145,25.41
09-07-2024 16:36:00,105.516907820894,3613.44832184746,25.45
09-07-2024 16:46:00,107.50189923438,3626.1904769562,25.49
09-07-2024 16:56:00,110.107576552109,3640.7206244873,25.53
09-07-2024 17:06:00,109.106770472579,3637.82181079279,25.59
09-07-2024 17:16:00,106.55479018528,3637.74894747349,25.65
09-07-2024 17:26:00,108.550620602722,3643.54642389397,25.71
09-07-2024 17:36:00,106.613241981504,3630.50006143831,25.76
09-07-2024 17:46:00,108.20062039926,3644.24529961895,25.83
09-07-2024 17:56:00,107.611383722539,3637.77074456805,25.89
09-07-2024 18:06:00,108.061301277306,3635.46212749616,25.96
09-07-2024 18:16:00,108.822387505506,3640.40357859771,26.03
09-07-2024 18:26:00,109.480466300113,3631.15179490175,26.1
09-07-2024 18:36:00,108.272765547688,3622.41507718873,26.17
09-07-2024 18:46:00,108.308791514355,3626.0935503647,26.24
09-07-2024 18:56:00,105.33153573217,3644.66131198182,26.3
09-07-2024 19:06:00,107.238962068716,3649.38288535415,26.38
09-07-2024 19:16:00,105.824538826882,3621.08923770676,26.46
09-07-2024 19:26:00,107.002584269912,3623.08644365745,26.53
09-07-2024 19:36:00,106.730310658071,3643.22475414367,26.61
09-07-2024 19:46:00,107.905697002492,3637.65649269029,26.67
09-07-2024 19:56:00,107.213389093646,3630.25483468682,26.74
09-07-2024 20:06:00,106.516486047253,3616.63225454859,26.8
09-07-2024 20:16:00,107.484902971975,3619.50983867635,26.86
09-07-2024 20:26:00,105.846257513032,3599.12175309123,26.91
09-07-2024 20:36:00,107.64444934466,3603.50869527053,26.96
09-07-2024 20:46:00,107.147098863641,3599.66435174784,27
09-07-2024 20:56:00,108.525585712892,3588.39570075125,27.04
09-07-2024 21:06:00,108.128347876193,3576.83587043796,27.07
09-07-2024 21:16:00,107.414106565899,3593.20197696825,27.09
09-07-2024 21:26:00,106.603467692223,3583.30175349399,27.13
09-07-2024 21:36:00,106.197678289721,3563.52531158207,27.14
09-07-2024 21:46:00,105.791843346432,3605.40323553826,27.15
09-07-2024 21:56:00,107.680597247225,3599.42266751615,27.16
09-07-2024 22:06:00,106.657009812793,3560.78318061779,27.19
09-07-2024 22:16:00,107.294355631945,3563.50269739243,27.2
09-07-2024 22:26:00,107.097118036355,3558.25940962776,27.21
09-07-2024 22:36:00,107.947352981388,3570.81925341318,27.23
09-07-2024 22:46:00,106.911272241727,3561.68205368067,27.23
09-07-2024 22:56:00,108.166681554677,3572.33281801921,27.22
09-07-2024 23:06:00,107.965385111906,3565.74512750929,27.22
09-07-2024 23:16:00,107.134007080684,3567.05124635652,27.21
09-07-2024 23:26:00,106.411066852926,3598.58223510143,27.21
09-07-2024 23:36:00,105.892821610718,3585.97758463069,27.2
09-07-2024 23:46:00,106.738858051025,3610.67913520809,27.21
09-07-2024 23:56:00,106.42925546153,3641.60292564744,27.2
09-08-2024 00:06:00,104.972171046606,3583.34738296158,27.19
09-08-2024 00:16:00,106.644689633609,3566.07611537982,27.18
09-08-2024 00:26:00,106.752394784488,3537.76923084345,27.17
09-08-2024 00:36:00,106.964393544846,3569.64444624525,27.16
09-08-2024 00:46:00,106.025145230256,3618.10122047697,27.14
09-08-2024 00:56:00,107.368038110785,3557.79736862347,27.09
09-08-2024 01:06:00,105.579392615149,3581.86881110886,27.03
09-08-2024 01:16:00,107.129928093172,3617.53980164279,26.98
09-08-2024 01:26:00,108.783699527476,3626.59371597257,26.93
09-08-2024 01:36:00,107.833327529417,3614.25271704415,26.88
09-08-2024 01:46:00,106.783452212054,3581.99114895494,26.84
09-08-2024 01:56:00,106.987030184297,3655.31800140943,26.81
09-08-2024 02:06:00,106.866300706069,3668.60191541087,26.75
09-08-2024 02:16:00,107.257632526439,3664.90908111368,26.67
09-08-2024 02:26:00,108.180597477854,3649.41125150412,26.62
09-08-2024 02:36:00,108.267459310379,3685.37948722068,26.56
09-08-2024 02:46:00,108.670052878449,3682.23680650395,26.51
09-08-2024 02:56:00,108.868810850733,3708.92963418373,26.47
09-08-2024 03:06:00,108.432107866469,3683.36831344172,26.4
09-08-2024 03:16:00,107.476860474816,3705.57642509609,26.33
09-08-2024 03:26:00,108.70097597425,3718.06897610015,26.26
09-08-2024 03:36:00,107.439376283203,3753.15729767244,26.2
09-08-2024 03:46:00,108.044683517455,3719.29548323475,26.14
09-08-2024 03:56:00,108.33459681861,3716.5139238624,26.07
09-08-2024 04:06:00,108.421203964445,3740.19697849994,26.01
09-08-2024 04:16:00,108.917840869093,3699.38414020417,25.94
09-08-2024 04:26:00,108.279652359218,3738.27281013103,25.88
09-08-2024 04:36:00,108.676615720673,3716.1590022806,25.82
09-08-2024 04:46:00,107.211535727929,3703.50672143891,25.76
09-08-2024 04:56:00,108.224920083615,3683.97548952087,25.69
09-08-2024 05:06:00,108.30736153971,3689.5031756406,25.62
09-08-2024 05:16:00,108.397883907203,3664.50470705228,25.57
09-08-2024 05:26:00,108.68675762606,3711.26898043725,25.5
09-08-2024 05:36:00,108.566562436943,3661.52497043666,25.44
09-08-2024 05:46:00,108.343264478049,3678.84096066118,25.38
09-08-2024 05:56:00,107.394004293069,3714.44834141336,25.31
09-08-2024 06:06:00,108.305617295958,3680.55141624251,25.25
09-08-2024 06:16:00,108.701182446418,3716.20044219631,25.19
09-08-2024 06:26:00,107.859937116367,3714.05041022143,25.13
09-08-2024 06:36:00,108.87344725385,3686.35769576473,25.07
09-08-2024 06:46:00,108.032758326329,3690.16570721802,25.01
09-08-2024 06:56:00,107.089742140597,3696.26174154454,24.95
09-08-2024 07:06:00,107.386174229051,3693.3732588021,24.9
09-08-2024 07:16:00,109.945664719504,3646.4644514501,24.85
09-08-2024 07:26:00,109.722751227044,3687.00618620081,24.79
09-08-2024 07:36:00,108.887273451127,3686.10191879084,24.74
09-08-2024 07:46:00,109.495276214006,3655.1332414465,24.7
09-08-2024 07:56:00,108.767142247937,3650.78592974566,24.66
09-08-2024 08:06:00,108.244828415932,3654.64773233198,24.62
09-08-2024 08:16:00,109.267502527217,3687.97127647048,24.59
09-08-2024 08:26:00,108.650714139851,3680.65795011876,24.57
09-08-2024 08:36:00,108.342151586024,3644.69519550486,24.55
09-08-2024 08:46:00,107.828309552876,3612.48127111025,24.53
09-08-2024 08:56:00,108.34529700775,3611.37907020638,24.52
09-08-2024 09:06:00,106.500886317602,3626.15508653596,24.51
09-08-2024 09:16:00,109.69119645849,3658.85227921581,24.51
09-08-2024 09:26:00,105.489483572132,3613.50924920775,24.51
09-08-2024 09:36:00,106.934462168584,3630.1212206925,24.51
09-08-2024 09:46:00,108.48614958523,3644.21295176087,24.52
09-08-2024 09:56:00,107.779081612724,3640.66206538063,24.53
09-08-2024 10:06:00,107.688044754404,3643.65025426893,24.54
09-08-2024 10:16:00,107.083543645211,3650.16861924472,24.55
09-08-2024 10:26:00,108.639665944629,3657.07472379457,24.57
09-08-2024 10:36:00,106.91714740277,3657.90274860861,24.61
09-08-2024 10:46:00,107.343666735331,3659.72347204456,24.63
09-08-2024 10:56:00,107.979801432499,3652.26865790275,24.66
09-08-2024 11:06:00,107.999504789207,3659.1529458374,24.69
09-08-2024 11:16:00,108.948434803773,3666.63642396797,24.73
09-08-2024 11:26:00,106.91983238599,3666.50455951194,24.78
09-08-2024 11:36:00,107.766157368867,3666.60872425481,24.82
09-08-2024 11:46:00,107.592059445169,3658.22461248868,24.88
09-08-2024 11:56:00,109.274643069723,3666.5722595425,24.95
09-08-2024 12:06:00,108.487158793319,3663.25670569404,25.02
09-08-2024 12:16:00,107.703016280493,3677.63800278684,25.1
09-08-2024 12:26:00,108.674465783846,3671.55556373886,25.19
09-08-2024 12:36:00,108.302135694056,3666.95427215382,25.27
09-08-2024 12:46:00,109.270782882001,3652.20889838678,25.35
09-08-2024 12:56:00,107.762860458461,3666.9357873629,25.43
09-08-2024 13:06:00,108.112499733819,3665.87971555512,25.51
09-08-2024 13:16:00,109.082430473793,3651.83622484053,25.59
09-08-2024 13:26:00,108.498583027205,3627.2210747346,25.66
09-08-2024 13:36:00,110.08592206625,3634.24080486962,25.73
09-08-2024 13:46:00,106.17964006922,3661.18386737566,25.77
09-08-2024 13:56:00,107.965956411919,3656.43005473959,25.82
09-08-2024 14:06:00,107.169831160116,3648.59778373731,25.88
09-08-2024 14:16:00,107.293052855875,3656.60119676469,25.91
09-08-2024 14:26:00,105.86318022283,3650.32392802835,25.94
09-08-2024 14:36:00,107.220980887362,3660.59657048078,25.95
09-08-2024 14:46:00,107.854061689178,3655.00806334849,25.96
09-08-2024 14:56:00,105.894287734312,3655.96214700726,25.96
09-08-2024 15:06:00,107.969135902156,3658.73166176064,25.95
09-08-2024 15:16:00,106.216585143604,3664.62296312617,25.95
09-08-2024 15:26:00,108.191796193934,3641.94245055638,25.95
09-08-2024 15:36:00,106.025058327144,3632.81270285649,25.95
09-08-2024 15:46:00,105.618654587735,3633.45214187939,25.95
09-08-2024 15:56:00,106.765487325023,3629.88993724829,25.95
09-08-2024 16:06:00,105.016804975969,3629.7622997264,25.96
09-08-2024 16:16:00,105.438828834782,3640.69727269154,25.96
09-08-2024 16:26:00,105.554071056452,3648.55538986836,25.97
09-08-2024 16:36:00,105.98003226331,3648.95490261961,25.98
09-08-2024 16:46:00,107.756513848825,3657.20576820675,26
09-08-2024 16:56:00,106.843983923604,3660.91044193311,26.03
09-08-2024 17:06:00,107.800244819953,3653.75729073702,26.07
09-08-2024 17:16:00,106.576418871044,3657.25290920217,26.1
09-08-2024 17:26:00,108.262723249607,3639.75195820829,26.15
09-08-2024 17:36:00,108.494128738718,3659.2144770829,26.19
09-08-2024 17:46:00,106.547482237875,3649.10263964807,26.23
09-08-2024 17:56:00,107.197556865162,3660.96813425397,26.28
09-08-2024 18:06:00,107.225315214681,3667.04756011946,26.33
09-08-2024 18:16:00,107.149274486509,3660.79698843009,26.38
09-08-2024 18:26:00,107.496573677726,3660.28246390446,26.45
09-08-2024 18:36:00,108.043895126407,3655.07778781028,26.5
09-08-2024 18:46:00,107.136653490131,3657.89274279585,26.55
09-08-2024 18:56:00,106.852579015922,3674.6526298742,26.6
09-08-2024 19:06:00,108.431906815887,3662.53235759664,26.63
09-08-2024 19:16:00,105.860047553079,3661.75968499285,26.68
09-08-2024 19:26:00,107.135860545028,3658.87141340405,26.73
09-08-2024 19:36:00,106.227093848327,3633.23614297413,26.78
09-08-2024 19:46:00,107.711970957436,3643.87973145836,26.83
09-08-2024 19:56:00,108.160521080899,3628.559310374,26.89
09-08-2024 20:06:00,108.084498111944,3637.51580427159,26.94
09-08-2024 20:16:00,107.383257993123,3638.84945098206,26.99
09-08-2024 20:26:00,105.743558433065,3622.69028239143,27.04
09-08-2024 20:36:00,105.86742953102,3626.73642910747,27.07
09-08-2024 20:46:00,106.304138449548,3625.1625183754,27.1
09-08-2024 20:56:00,106.115309393808,3604.80717455885,27.13
09-08-2024 21:06:00,106.131087970306,3600.92725603871,27.15
09-08-2024 21:16:00,105.312409891908,3614.24097307627,27.17
09-08-2024 21:26:00,106.575989379973,3617.72039781698,27.18
09-08-2024 21:46:00,108.794959220121,3606.30442815561,27.23
09-08-2024 21:56:00,106.202127499672,3587.33910057749,27.25
09-08-2024 22:06:00,106.422732555355,3582.21462591431,27.26
09-08-2024 22:16:00,104.86906814601,3581.65734366951,27.27
09-08-2024 22:26:00,107.068800753448,3586.34265817082,27.27
09-08-2024 22:36:00,105.932595785894,3577.60523686368,27.28
09-08-2024 22:46:00,106.984323426845,3578.25397070986,27.28
09-08-2024 22:56:00,106.679156608603,3581.7713390762,27.28
09-08-2024 23:06:00,105.856019538385,3583.76435660868,27.29
09-08-2024 23:16:00,104.820160473201,3579.63217202633,27.29
09-08-2024 23:26:00,104.932519468201,3594.73148563256,27.29
09-08-2024 23:36:00,105.671181085375,3606.537135387,27.29
09-08-2024 23:46:00,106.305463711513,3582.00513357944,27.29
09-08-2024 23:56:00,105.787633034852,3608.40242201803,27.28
09-09-2024 00:06:00,105.579091338911,3558.13482100596,27.26
09-09-2024 00:16:00,105.687556237483,3547.03402315305,27.25
09-09-2024 00:26:00,107.565984633369,3565.07433063452,27.23
09-09-2024 00:36:00,106.105314586408,3587.56811495693,27.21
09-09-2024 00:46:00,107.461651502147,3572.15535137625,27.19
09-09-2024 00:56:00,105.893145163154,3570.79710536765,27.16
09-09-2024 01:06:00,106.824038963482,3581.78541585524,27.12
09-09-2024 01:16:00,105.360579011264,3613.94374340365,27.09
09-09-2024 01:26:00,105.561596134287,3600.31165833965,27.05
09-09-2024 01:36:00,104.098992909852,3631.81041243542,27.02
09-09-2024 01:46:00,106.380095284202,3687.30116818935,26.97
09-09-2024 01:56:00,105.955801034449,3661.68938695562,26.93
09-09-2024 02:06:00,108.126978314046,3714.08097613678,26.87
09-09-2024 02:16:00,107.806631558387,3753.99332005953,26.83
09-09-2024 02:26:00,107.474489456343,3765.59036898279,26.76
09-09-2024 02:36:00,106.734482128707,3719.30078814158,26.71
09-09-2024 02:46:00,107.966710557205,3763.21793563976,26.65
09-09-2024 02:56:00,106.807314542805,3783.43233401044,26.59
09-09-2024 03:06:00,109.389459240311,3777.76350937661,26.53
09-09-2024 03:16:00,107.922794136142,3729.66135045327,26.48
09-09-2024 03:26:00,107.595341264023,3727.40080377331,26.42
09-09-2024 03:36:00,107.890949215722,3786.59705239673,26.36
09-09-2024 03:46:00,106.629873435589,3798.95499299385,26.3
09-09-2024 03:56:00,108.166364690125,3798.05162772427,26.23
09-09-2024 04:06:00,106.802504693161,3791.76329060385,26.17
09-09-2024 04:16:00,108.860006997123,3806.41381472428,26.11
09-09-2024 04:26:00,108.537027040108,3805.36645110457,26.06
09-09-2024 04:36:00,109.552695707091,3756.65140212856,25.99
09-09-2024 04:46:00,108.500940706088,3745.04194666259,25.93
09-09-2024 04:56:00,108.592465060616,3790.94989243618,25.88
09-09-2024 05:06:00,110.124364384099,3795.30297084913,25.81
09-09-2024 05:16:00,107.315329874232,3745.52135656259,25.75
09-09-2024 05:26:00,110.087184985397,3793.60053663739,25.68
09-09-2024 05:36:00,107.697701484881,3755.27022748561,25.63
09-09-2024 05:46:00,107.884725860321,3731.26359648889,25.56
09-09-2024 05:56:00,109.624660513833,3754.03501270426,25.5
09-09-2024 06:06:00,108.163084706714,3735.26081780659,25.44
09-09-2024 06:16:00,108.659311408839,3743.6053175041,25.37
09-09-2024 06:26:00,109.984415599292,3740.63370784035,25.31
09-09-2024 06:36:00,107.802563112362,3763.98034080632,25.25
09-09-2024 06:46:00,109.848619118326,3753.90486356222,25.19
09-09-2024 06:56:00,110.656689514235,3747.59537922464,25.13
09-09-2024 07:06:00,109.811993600389,3749.34446271265,25.06
09-09-2024 07:16:00,107.324581380993,3761.90592154155,25
09-09-2024 07:26:00,109.577724637246,3720.68677178079,24.95
09-09-2024 07:36:00,108.022079528497,3730.72817251081,24.9
09-09-2024 07:46:00,109.142086170508,3710.58016219879,24.85
09-09-2024 07:56:00,110.16267690117,3685.32312488771,24.81
09-09-2024 08:06:00,109.331939488193,3704.59680862168,24.77
09-09-2024 08:16:00,108.814005443754,3701.26916128125,24.74
09-09-2024 08:26:00,107.78231932601,3711.04125963912,24.71
09-09-2024 08:36:00,107.268764325629,3697.18984950009,24.69
09-09-2024 08:46:00,108.50232966366,3667.13233270241,24.67
09-09-2024 08:56:00,107.067946408541,3656.89851325238,24.66
09-09-2024 09:06:00,108.09978871231,3688.22610104672,24.65
09-09-2024 09:16:00,109.649288005811,3668.92380333958,24.65
09-09-2024 09:26:00,108.626005496059,3692.24849292497,24.64
09-09-2024 09:36:00,107.405189028171,3679.98319088032,24.65
09-09-2024 09:46:00,107.20791469745,3630.5505543046,24.65
09-09-2024 09:56:00,108.757430377212,3682.00381727311,24.65
09-09-2024 10:06:00,108.461383520246,3668.80171162214,24.66
09-09-2024 10:16:00,108.16530473724,3669.10657949332,24.67
09-09-2024 10:26:00,107.663653301715,3681.25901928232,24.68
09-09-2024 10:36:00,106.651927122482,3690.99449649581,24.7
09-09-2024 10:46:00,108.62100977162,3686.17889065674,24.72
09-09-2024 10:56:00,108.53442348473,3680.52988203984,24.74
09-09-2024 11:06:00,108.143313881928,3673.60094023812,24.77
09-09-2024 11:16:00,106.418952546659,3683.17986562848,24.81
09-09-2024 11:26:00,107.57816259391,3665.36299683247,24.86
09-09-2024 11:36:00,106.683717251154,3674.9901848284,24.92
09-09-2024 11:46:00,107.641791068796,3657.74668084297,24.98
09-09-2024 11:56:00,107.784496490526,3660.01982775495,25.06
09-09-2024 12:06:00,108.545639481142,3673.04156425439,25.14
09-09-2024 12:16:00,107.657903090885,3659.56360925685,25.22
09-09-2024 12:26:00,108.114214337737,3645.61661233548,25.31
09-09-2024 12:36:00,108.567021090631,3657.4008907793,25.39
09-09-2024 12:46:00,108.507974485487,3664.14790529395,25.48
09-09-2024 12:56:00,108.858110120367,3663.18808650838,25.56
09-09-2024 13:06:00,107.45149421406,3668.40810638515,25.64
09-09-2024 13:16:00,107.690162705049,3651.15957103194,25.7
09-09-2024 13:26:00,106.898578531601,3646.44542077777,25.77
09-09-2024 13:36:00,106.930280489807,3644.80208941808,25.83
09-09-2024 13:46:00,107.47956218143,3635.7026386082,25.89
09-09-2024 13:56:00,108.124842481153,3647.03835384528,25.93
09-09-2024 14:06:00,108.252624940468,3653.86405820029,25.97
09-09-2024 14:16:00,106.926366315759,3653.89551881534,26
09-09-2024 14:26:00,107.24936826317,3655.88376743058,26.01
09-09-2024 14:36:00,108.293575908825,3647.81528363511,26.01
09-09-2024 14:46:00,107.887585119903,3659.82049250062,26.01
09-09-2024 14:56:00,106.856189573297,3646.21530056264,26
09-09-2024 15:06:00,107.999966429714,3618.00651960049,25.99
09-09-2024 15:16:00,105.004698979775,3660.37802790071,25.99
09-09-2024 15:26:00,105.734258316826,3625.44620157076,25.98
09-09-2024 15:36:00,105.639064234162,3611.81174925889,25.98
09-09-2024 15:46:00,106.886357797359,3623.32453084555,25.97
09-09-2024 15:56:00,107.305067645851,3611.82895939558,25.96
09-09-2024 16:06:00,105.342109660685,3654.0128875334,25.95
09-09-2024 16:16:00,106.899841003649,3627.70703740962,25.94
09-09-2024 16:26:00,106.390521512548,3614.81308127579,25.94
09-09-2024 16:36:00,105.574388582541,3610.60070750396,25.95
09-09-2024 16:46:00,105.701610268432,3649.99028910788,25.99
09-09-2024 16:56:00,105.717654503804,3654.1534706852,26.01
09-09-2024 17:06:00,105.315516121269,3641.00803488087,26.02
09-09-2024 17:16:00,106.985297989509,3637.42591486379,26.03
09-09-2024 17:26:00,106.164930265477,3647.9632664983,26.03
09-09-2024 17:36:00,107.312933531653,3646.72783424351,26.03
09-09-2024 17:46:00,106.185624647234,3645.03837772746,26.04
09-09-2024 17:56:00,106.40512239751,3622.00671360272,26.05
09-09-2024 18:06:00,107.246350279579,3621.99728236515,26.06
09-09-2024 18:16:00,106.32609081848,3628.08666571778,26.07
09-09-2024 18:26:00,108.618229061972,3606.4149848892,26.08
09-09-2024 18:36:00,106.864980070982,3593.40169805722,26.08
09-09-2024 18:46:00,106.362993558655,3599.76776968841,26.1
09-09-2024 18:56:00,105.761053923671,3643.65684513762,26.13
09-09-2024 19:06:00,105.884650472087,3636.5311561164,26.16
09-09-2024 19:16:00,105.904595115976,3618.87602602705,26.19
09-09-2024 19:26:00,105.405968729564,3617.95216974416,26.22
09-09-2024 19:36:00,106.048243481578,3610.28788513584,26.25
09-09-2024 19:46:00,105.960646670844,3615.08615782225,26.27
09-09-2024 19:56:00,106.191999118153,3614.44014760549,26.31
09-09-2024 20:06:00,105.585470954264,3617.66084294579,26.33
09-09-2024 20:16:00,108.19649004678,3608.0237125173,26.35
09-09-2024 20:26:00,106.971099539164,3617.42775793028,26.38
09-09-2024 20:36:00,107.5104433621,3606.16740312077,26.41
09-09-2024 20:46:00,106.596049046587,3606.71526746203,26.44
09-09-2024 20:56:00,105.369714586862,3605.99729268694,26.47
09-09-2024 21:06:00,104.662389002315,3605.49001082437,26.5
09-09-2024 21:16:00,107.283787463731,3616.66327550161,26.54
09-09-2024 21:26:00,105.117663754705,3600.67339846701,26.56
09-09-2024 21:36:00,107.628295731749,3602.10339245937,26.58
09-09-2024 21:46:00,104.106602890026,3610.12000461504,26.59
09-09-2024 21:56:00,106.509745866521,3594.37223772492,26.6
09-09-2024 22:06:00,105.794437992858,3582.42470954165,26.61
09-09-2024 22:16:00,105.702833220788,3574.9122551237,26.62
09-09-2024 22:26:00,106.439124434234,3599.44970641448,26.62
09-09-2024 22:36:00,106.035647916748,3586.44427274659,26.63
09-09-2024 22:46:00,105.944056350844,3601.12010014537,26.64
09-09-2024 22:56:00,105.952609873947,3582.34065794349,26.64
09-09-2024 23:06:00,104.717201907703,3592.05101389565,26.65
09-09-2024 23:16:00,106.289357194527,3594.9995819281,26.66
09-09-2024 23:26:00,106.606022778499,3597.81449600334,26.65
09-09-2024 23:36:00,106.30264379757,3569.10080850843,26.65
09-09-2024 23:46:00,104.855456315462,3572.93386209504,26.65
09-09-2024 23:56:00,105.484133361292,3547.85609536484,26.64
09-10-2024 00:06:00,105.177005651183,3523.83928442997,26.63
09-10-2024 00:16:00,108.092812617965,3562.47352476624,26.62
09-10-2024 00:26:00,108.40932407604,3556.62905801981,26.61
09-10-2024 00:36:00,105.811336201075,3555.47558105159,26.59
09-10-2024 00:46:00,104.876907216006,3544.50199708138,26.57
09-10-2024 00:56:00,106.84861315379,3559.33607074958,26.54
09-10-2024 01:06:00,104.975472049602,3537.96090477881,26.51
09-10-2024 01:16:00,108.192993170565,3590.03735916802,26.48
09-10-2024 01:26:00,107.354981450473,3604.46535636139,26.44
09-10-2024 01:36:00,108.074791337224,3588.72622707122,26.4
09-10-2024 01:46:00,108.059765303917,3642.42792618112,26.34
09-10-2024 01:56:00,108.35997557253,3658.96248651692,26.29
09-10-2024 02:06:00,108.241155184907,3690.25659712818,26.23
09-10-2024 02:16:00,108.640854622685,3706.68031597781,26.17
09-10-2024 02:26:00,108.621720849089,3725.42969280329,26.1
09-10-2024 02:36:00,110.471457176395,3721.63431224422,26.04
09-10-2024 02:46:00,109.10530063932,3727.85258580594,25.97
09-10-2024 02:56:00,108.675920344992,3676.38715023303,25.91
09-10-2024 03:06:00,109.281728486539,3718.17430109752,25.85
09-10-2024 03:16:00,108.952087070296,3722.18302753129,25.78
09-10-2024 03:26:00,109.24313670248,3680.27161761353,25.71
09-10-2024 03:36:00,110.360816831448,3712.58632509571,25.64
09-10-2024 03:46:00,110.23780112575,3722.03717447289,25.57
09-10-2024 03:56:00,109.805084246899,3690.03796478179,25.5
09-10-2024 04:06:00,109.579196220701,3709.11338264388,25.43
09-10-2024 04:16:00,108.940764615216,3703.60421780251,25.36
09-10-2024 04:26:00,108.509160945938,3694.02803492713,25.29
09-10-2024 04:36:00,108.074021414785,3713.51512053212,25.21
09-10-2024 04:46:00,108.776745962699,3734.93126664005,25.14
09-10-2024 04:56:00,108.959903197238,3696.92133090506,25.06
09-10-2024 05:06:00,110.382373099068,3777.40011869162,24.99
09-10-2024 05:16:00,108.71617658617,3774.78934108351,24.92
09-10-2024 05:26:00,108.491608017609,3771.45351621069,24.85
09-10-2024 05:36:00,109.50121177102,3737.85444893474,24.78
09-10-2024 05:46:00,108.762583561223,3768.95285487102,24.71
09-10-2024 05:56:00,110.182245322375,3777.3671037279,24.64
09-10-2024 06:06:00,108.31813194086,3795.7173559245,24.58
09-10-2024 06:16:00,109.223573199621,3752.6341150122,24.51
09-10-2024 06:26:00,110.641399279635,3789.04839136117,24.44
09-10-2024 06:36:00,110.621914218161,3795.36032294068,24.37
09-10-2024 06:46:00,110.298846983686,3790.24721423408,24.31
09-10-2024 06:56:00,110.587050718767,3793.86024449484,24.24
09-10-2024 07:06:00,110.366731890295,3744.14953974763,24.18
09-10-2024 07:16:00,109.327132894992,3777.55065335115,24.12
09-10-2024 07:26:00,109.517014670567,3797.16815601318,24.06
09-10-2024 07:36:00,109.506008810519,3789.66972578871,24.01
09-10-2024 07:46:00,110.51836072397,3797.67304363628,23.96
09-10-2024 07:56:00,109.487993224062,3780.24497596759,23.92
09-10-2024 08:06:00,107.742117822926,3778.82981455442,23.88
09-10-2024 08:16:00,109.47397689458,3803.21536495359,23.84
09-10-2024 08:26:00,107.83502898265,3775.66970908097,23.81
09-10-2024 08:36:00,108.956762295457,3660.66986125477,23.78
09-10-2024 08:46:00,110.286511546468,3708.73193606901,23.76
09-10-2024 08:56:00,108.144959863201,3671.67807271036,23.75
09-10-2024 09:06:00,109.887328882019,3662.47079623931,23.74
09-10-2024 09:16:00,108.052650044853,3716.9831841157,23.73
09-10-2024 09:26:00,108.364174717958,3643.64891215688,23.72
09-10-2024 09:36:00,109.292697161505,3695.54620732122,23.72
09-10-2024 09:46:00,109.71027551258,3692.59709803053,23.72
09-10-2024 09:56:00,110.540616727172,3696.62787063771,23.73
09-10-2024 10:06:00,108.713815360532,3683.95522113697,23.74
09-10-2024 10:16:00,109.084288497266,3699.43247950154,23.75
09-10-2024 10:26:00,109.454765730566,3724.70966362034,23.76
09-10-2024 10:36:00,109.986573904789,3714.24679951748,23.79
09-10-2024 10:46:00,109.185403123413,3729.29244421116,23.81
09-10-2024 10:56:00,109.206013443924,3720.58072702428,23.84
09-10-2024 11:06:00,109.427257390462,3704.77239031007,23.86
09-10-2024 11:16:00,109.750841455833,3694.63659340392,23.88
09-10-2024 11:26:00,108.854728382827,3714.07114755831,23.92
09-10-2024 11:36:00,109.489267004893,3694.81175454552,23.95
09-10-2024 11:46:00,110.12800731492,3716.6341428641,23.99
09-10-2024 11:56:00,109.243176475537,3697.96397635593,24.06
09-10-2024 12:06:00,107.325616179014,3708.60765941366,24.11
09-10-2024 12:16:00,109.197757568853,3700.01401756058,24.16
09-10-2024 12:26:00,107.385352523442,3703.49403582097,24.22
09-10-2024 12:36:00,109.467709384002,3688.74776055584,24.28
09-10-2024 12:46:00,109.906548809629,3698.99225468692,24.33
09-10-2024 12:56:00,109.426293344426,3695.84124870902,24.39
09-10-2024 13:06:00,110.07065215053,3696.97089699043,24.44
09-10-2024 13:16:00,111.228665304741,3707.23224244762,24.49
09-10-2024 13:26:00,109.409489656141,3695.70343012973,24.54
09-10-2024 13:36:00,108.612497719043,3709.01452572808,24.58
09-10-2024 13:46:00,109.664338053373,3698.33989011913,24.62
09-10-2024 13:56:00,109.578430352359,3695.72192341009,24.64
09-10-2024 14:06:00,107.540098603827,3697.05159234442,24.66
09-10-2024 14:16:00,109.505382236992,3699.14047109945,24.67
09-10-2024 14:26:00,108.593331501062,3691.56474338479,24.68
09-10-2024 14:36:00,110.970022025434,3713.71285508912,24.69
09-10-2024 14:46:00,107.796740455967,3717.98665193376,24.7
09-10-2024 14:56:00,108.011252306567,3727.79959506377,24.7
09-10-2024 15:06:00,109.771467757017,3713.46783264808,24.71
09-10-2024 15:16:00,109.586696531996,3717.68286362826,24.74
09-10-2024 15:26:00,109.504685701602,3746.75683753168,24.77
09-10-2024 15:36:00,107.773308036872,3757.56277140385,24.79
09-10-2024 15:46:00,108.711710007709,3756.22655691925,24.8
09-10-2024 15:56:00,108.103620892088,3783.00502734398,24.8
09-10-2024 16:06:00,107.807910534733,3802.99887112284,24.81
09-10-2024 16:16:00,108.437868577323,3795.9438775183,24.82
09-10-2024 16:26:00,109.582212773532,3793.57028228241,24.83
09-10-2024 16:36:00,109.911690064868,3763.35868453737,24.86
09-10-2024 16:46:00,108.183319945249,3758.74249585828,24.89
09-10-2024 16:56:00,109.854548711487,3732.64338726753,24.93
09-10-2024 17:06:00,109.059759346313,3721.81109557564,24.98
09-10-2024 17:16:00,109.18742306352,3723.71543423803,25.02
09-10-2024 17:26:00,108.392009419443,3723.29760404582,25.07
09-10-2024 17:36:00,109.133852267174,3698.11733344284,25.1
09-10-2024 17:46:00,108.738564975687,3673.79283494047,25.12
09-10-2024 17:56:00,108.247879649204,3675.57870287695,25.16
09-10-2024 18:06:00,108.787837867584,3679.03579753007,25.2
09-10-2024 18:16:00,107.472033339565,3690.01307066283,25.24
09-10-2024 18:26:00,108.111334187478,3678.47004909551,25.27
09-10-2024 18:36:00,108.651612818471,3682.45355031245,25.31
09-10-2024 18:46:00,108.049447182066,3651.70911878406,25.33
09-10-2024 18:56:00,108.177137060766,3712.44526187625,25.37
09-10-2024 19:06:00,107.68558913925,3690.19759264611,25.41
09-10-2024 19:16:00,108.948903135876,3699.31498443634,25.45
09-10-2024 19:26:00,109.69252898458,3506.01661162628,25.48
09-10-2024 19:36:00,108.374748440851,3633.8688119787,25.52
09-10-2024 19:46:00,108.911977976555,3642.2795951126,25.55
09-10-2024 19:56:00,109.556675001762,3508.12860336643,25.59
09-10-2024 20:06:00,108.234123169593,3459.52797869187,25.62
09-10-2024 20:16:00,108.155337349426,3507.87807158282,25.66
09-10-2024 20:26:00,107.348927485999,3500.12555071987,25.69
09-10-2024 20:36:00,108.196741805175,3504.32077042124,25.72
09-10-2024 20:46:00,108.106293196639,3498.23512150924,25.73
09-10-2024 20:56:00,107.912417535785,3474.74221878963,25.74
09-10-2024 21:06:00,105.446871233906,3516.42420446891,25.76
09-10-2024 21:16:00,109.808039165714,3524.0302071255,25.78
09-10-2024 21:26:00,107.027962541097,3498.01206406767,25.79
09-10-2024 21:36:00,108.282352005383,3598.9312121522,25.8
09-10-2024 21:46:00,108.2953448009,3580.57424893427,25.81
09-10-2024 21:56:00,108.722216549317,3590.85964354794,25.82
09-10-2024 22:06:00,106.248093130468,3576.21480101911,25.82
09-10-2024 22:16:00,106.774563165321,3584.54934522244,25.82
09-10-2024 22:26:00,108.546551780309,3605.74964808408,25.83
09-10-2024 22:36:00,106.800402919578,3590.74724611897,25.84
09-10-2024 22:46:00,108.154794380741,3615.7698988776,25.84
09-10-2024 22:56:00,107.64653314416,3626.20517053584,25.84
09-10-2024 23:06:00,108.176952890067,3595.04042396656,25.85
09-10-2024 23:16:00,108.906603487072,3592.18929688231,25.84
09-10-2024 23:26:00,107.363545210014,3600.42103253073,25.84
09-10-2024 23:36:00,107.575836801779,3571.12582903724,25.83
09-10-2024 23:46:00,106.55025305909,3593.83842746069,25.83
09-10-2024 23:56:00,108.00421348259,3595.81515179139,25.82
09-11-2024 00:06:00,106.457595260761,3576.80783046381,25.81
09-11-2024 00:16:00,107.911398299147,3583.40202765906,25.8
09-11-2024 00:26:00,107.813281737019,3607.72362471958,25.79
09-11-2024 00:36:00,108.2324017495,3568.79097327278,25.78
09-11-2024 00:46:00,108.341163685054,3583.88022206126,25.77
09-11-2024 00:56:00,108.239191217831,3556.64258256364,25.75
09-11-2024 01:06:00,110.106072171232,3539.85277652286,25.74
09-11-2024 01:16:00,108.249863243868,3557.24651111097,25.73
09-11-2024 01:26:00,109.181951825008,3580.97079437532,25.71
09-11-2024 01:36:00,109.175497470962,3604.76918899215,25.67
09-11-2024 01:46:00,109.176881674949,3617.89132165486,25.65
09-11-2024 01:56:00,108.240393328721,3653.18730234598,25.61
09-11-2024 02:06:00,110.610428586831,3700.39625394312,25.57
09-11-2024 02:16:00,109.880641940782,3637.87820066861,25.53
09-11-2024 02:26:00,110.179898370731,3745.15111481685,25.48
09-11-2024 02:36:00,109.859614474714,3773.26920030497,25.43
09-11-2024 02:46:00,112.738667977139,3742.29951772914,25.38
09-11-2024 02:56:00,111.592494755829,3721.91023692133,25.33
09-11-2024 03:06:00,110.447012025275,3763.47767474941,25.28
09-11-2024 03:16:00,109.508431272229,3768.9901415639,25.23
09-11-2024 03:26:00,110.528850741841,3759.99188772009,25.18
09-11-2024 03:36:00,109.896017975936,3794.52749781273,25.12
09-11-2024 03:46:00,110.400635360065,3795.74557639871,25.07
09-11-2024 03:56:00,111.110918257179,3796.4418469842,25.02
09-11-2024 04:06:00,109.963804828553,3696.22237293265,24.96
09-11-2024 04:16:00,111.390127329053,3733.64301059154,24.9
09-11-2024 04:26:00,110.655222796633,3766.96778707647,24.84
09-11-2024 04:36:00,110.019748127542,3793.31577024276,24.77
09-11-2024 04:46:00,110.313804115497,3797.05280517087,24.71
09-11-2024 04:56:00,111.429678851177,3810.65684222411,24.65
09-11-2024 05:06:00,109.672642002333,3714.2421318267,24.6
09-11-2024 05:16:00,111.50282158546,3804.50699634832,24.53
09-11-2024 05:26:00,110.769549343861,3812.58955886088,24.47
09-11-2024 05:36:00,111.370690600835,3495.59560097825,24.41
09-11-2024 05:46:00,110.330296465299,3613.06043643449,24.35
09-11-2024 05:56:00,109.799412988637,3620.4390256055,24.28
09-11-2024 06:06:00,109.785308566896,3632.73950204276,24.22
09-11-2024 06:16:00,110.287430074498,3632.67592661995,24.17
09-11-2024 06:26:00,109.961999200949,3637.86128700446,24.1
09-11-2024 06:36:00,111.995533927965,3617.05723455547,24.04
09-11-2024 06:46:00,110.65416007658,3560.27478356226,23.99
09-11-2024 06:56:00,112.379204278825,3587.24255069613,23.93
09-11-2024 07:06:00,110.420961709536,3597.87437500324,23.87
09-11-2024 07:16:00,110.41067215306,3583.17589625267,23.82
09-11-2024 07:26:00,110.400398255611,3664.51132221929,23.77
09-11-2024 07:36:00,109.572622904523,3661.96321040358,23.72
09-11-2024 07:46:00,111.095014398285,3532.97263861848,23.67
09-11-2024 07:56:00,109.658639098466,3692.17267590806,23.63
09-11-2024 08:06:00,111.184181731244,3699.16042112451,23.59
09-11-2024 08:16:00,110.667265525562,3695.54002321908,23.55
09-11-2024 08:26:00,110.762981806168,3671.03054034961,23.51
09-11-2024 08:36:00,110.352374667297,3715.43593445464,23.48
09-11-2024 08:46:00,109.32975477404,3733.2805696879,23.45
09-11-2024 08:56:00,111.061759458057,3641.49095880447,23.42
09-11-2024 09:06:00,110.039389807742,3641.76462899777,23.39
09-11-2024 09:16:00,108.711467202319,3574.91843188141,23.36
09-11-2024 09:26:00,109.223058729954,3621.20635137665,23.34
09-11-2024 09:36:00,111.263780433412,3634.70090784476,23.32
09-11-2024 09:46:00,111.265276540199,3557.78353997913,23.3
09-11-2024 09:56:00,110.251417785184,3573.70597981153,23.29
09-11-2024 10:06:00,109.233847776804,3553.51437087989,23.27
09-11-2024 10:16:00,109.956707514317,3508.99561109857,23.27
09-11-2024 10:26:00,109.966133605827,3551.16455130768,23.27
09-11-2024 10:36:00,109.36788721338,3590.31248719575,23.28
09-11-2024 10:46:00,112.235249506358,3574.61052475077,23.29
09-11-2024 10:56:00,110.72747516338,3446.40388801644,23.32
09-11-2024 11:06:00,107.991798653231,3488.69410480195,23.34
09-11-2024 11:16:00,108.620608610239,3502.83471238272,23.36
09-11-2024 11:26:00,106.914992174486,3460.99721688561,23.41
09-11-2024 11:36:00,108.677510411783,3488.25514880245,23.46
09-11-2024 11:46:00,109.326046196766,3480.64657497777,23.53
09-11-2024 11:56:00,108.443349712665,3485.28501361098,23.6
09-11-2024 12:06:00,109.811304540384,3474.72753548616,23.68
09-11-2024 12:16:00,110.05230512699,3482.04903640635,23.75
09-11-2024 12:26:00,107.331983736459,3474.77781310203,23.83
09-11-2024 12:36:00,109.212774988129,3464.50216546188,23.91
09-11-2024 12:46:00,110.174164791421,3487.48387839492,23.99
09-11-2024 12:56:00,108.675031751368,3443.96430049265,24.06
09-11-2024 13:06:00,109.018519905864,3521.11726860481,24.13
09-11-2024 13:16:00,109.665854475724,3517.67304309142,24.19
09-11-2024 13:26:00,109.387204851026,3522.55823020364,24.24
09-11-2024 13:36:00,109.104550136585,3529.360308092,24.28
09-11-2024 13:46:00,108.510301980887,3533.10659195264,24.31
09-11-2024 13:56:00,110.68113798146,3534.51925448634,24.33
09-11-2024 14:06:00,111.006228957645,3493.33712444811,24.35
09-11-2024 14:16:00,110.293850930062,3479.24970829146,24.34
09-11-2024 14:26:00,109.37644653801,3458.22220661669,24.33
09-11-2024 14:36:00,109.890998423702,3414.7726290824,24.31
09-11-2024 14:46:00,109.683830285292,3473.7341022717,24.28
09-11-2024 14:56:00,107.73408268983,3455.72744676878,24.25
09-11-2024 15:06:00,109.372227846719,3447.97909567513,24.22
09-11-2024 15:16:00,110.501348260843,3442.76658076278,24.2
09-11-2024 15:26:00,109.375932711207,3394.91770524396,24.18
09-11-2024 15:36:00,109.58270398356,3447.35106237562,24.16
09-11-2024 15:46:00,110.29774857065,3415.92198551412,24.13
09-11-2024 15:56:00,109.172841429562,3467.19263740982,24.11
09-11-2024 16:06:00,109.481983576808,3441.71371187464,24.09
09-11-2024 16:16:00,109.995860336563,3441.36872500502,24.07
09-11-2024 16:26:00,107.748876257739,3394.96063428813,24.06
09-11-2024 16:36:00,109.294372294861,3411.45961209931,24.06
09-11-2024 16:46:00,108.68578830178,3407.23671719406,24.05
09-11-2024 16:56:00,108.187199773429,3416.75007253965,24.06
09-11-2024 17:06:00,110.453371532283,3441.67108952738,24.07
09-11-2024 17:16:00,108.828361361358,3511.57735822508,24.08
09-11-2024 17:26:00,109.349992698192,3455.28271327766,24.08
09-11-2024 17:36:00,109.666814855758,3429.4925530174,24.08
09-11-2024 17:46:00,108.443760360584,3422.68329629962,24.07
09-11-2024 17:56:00,108.248569602148,3401.65174750566,24.07
09-11-2024 18:06:00,108.360584733353,3418.77344448894,24.07
09-11-2024 18:16:00,110.619108948361,3400.59345457782,24.06
09-11-2024 18:26:00,108.990418744128,3378.63352576313,24.06
09-11-2024 18:36:00,110.535963940033,3420.77389828536,24.06
09-11-2024 18:46:00,106.86307486768,3439.59575993989,24.07
09-11-2024 18:56:00,109.436560368895,3430.81178353821,24.08
09-11-2024 19:06:00,109.146615763075,3410.28174440799,24.1
09-11-2024 19:16:00,106.906732962766,3421.45532603463,24.11
09-11-2024 19:26:00,107.94812175357,3343.40165610567,24.13
09-11-2024 19:36:00,109.604451812322,3307.12183692415,24.15
09-11-2024 19:46:00,109.416876123063,3304.8756213114,24.17
09-11-2024 19:56:00,108.508166028384,3354.54578417965,24.18
09-11-2024 20:06:00,109.345223664689,3345.47544217001,24.2
09-11-2024 20:16:00,108.231383303053,3331.80917387171,24.21
09-11-2024 20:26:00,109.171058039298,3394.99973148876,24.23
09-11-2024 20:36:00,111.132116798881,3338.88169077837,24.24
09-11-2024 20:46:00,108.586778306741,3322.34797095118,24.26
09-11-2024 20:56:00,107.776338610354,3405.05191212693,24.26
09-11-2024 21:06:00,107.379675917075,3330.27843825779,24.27
09-11-2024 21:16:00,109.136048762261,3328.41110741913,24.28
09-11-2024 21:26:00,108.538137029783,3335.90428040846,24.3
09-11-2024 21:36:00,108.855456701286,3342.28682665598,24.3
09-11-2024 21:46:00,108.872756842966,3292.7969643241,24.32
09-11-2024 21:56:00,108.373474635081,3329.05842099366,24.33
09-11-2024 22:06:00,109.310031464176,3331.64642012988,24.34
09-11-2024 22:16:00,108.810721993616,3330.60758090484,24.35
09-11-2024 22:26:00,107.597045509577,3319.86236928601,24.37
09-11-2024 22:36:00,108.944138804141,3330.43277762248,24.38
09-11-2024 22:46:00,108.440927158534,3332.88094463136,24.38
09-11-2024 22:56:00,108.868603740356,3353.34168023907,24.4
09-11-2024 23:06:00,109.087349846248,3330.94425356502,24.41
09-11-2024 23:16:00,109.815335934327,3335.67448097687,24.41
09-11-2024 23:26:00,107.062084577453,3315.69499984095,24.43
09-11-2024 23:36:00,107.588645208388,3361.63799076126,24.44
09-11-2024 23:46:00,108.316770956236,3338.98858103801,24.44
09-11-2024 23:56:00,107.813406061595,3395.05990405237,24.44
09-12-2024 00:06:00,108.8532053597,3394.5448595207,24.45
09-12-2024 00:16:00,108.760340837865,3404.46348473049,24.45
09-12-2024 00:26:00,107.435912873431,3371.33637907446,24.45
09-12-2024 00:36:00,110.216714136109,3359.36926640472,24.45
09-12-2024 00:46:00,109.914748308321,3379.41203008365,24.44
09-12-2024 00:56:00,108.788090754653,3354.81820059524,24.42
09-12-2024 01:06:00,108.182202761582,3381.01567688178,24.42
09-12-2024 01:16:00,109.829947424997,3367.76751019901,24.41
09-12-2024 01:26:00,110.759300471723,3359.80947369598,24.4
09-12-2024 01:36:00,108.713316003784,3390.7302427375,24.39
09-12-2024 01:46:00,109.433640511396,3364.59086501241,24.37
09-12-2024 01:56:00,109.431993756776,3405.78199705757,24.34
09-12-2024 02:06:00,109.529079173822,3436.96096238097,24.3
09-12-2024 02:16:00,108.809781150757,3455.01450784037,24.27
09-12-2024 02:26:00,109.210682264303,3507.74635402141,24.22
09-12-2024 02:36:00,108.795441961783,3469.52190189209,24.18
09-12-2024 02:46:00,110.118085264175,3486.31233212737,24.13
09-12-2024 02:56:00,110.313485265623,3492.33500483578,24.08
09-12-2024 03:06:00,109.378835955168,3475.15125342625,24.02
09-12-2024 03:16:00,109.058864020992,3498.37585223825,23.96
09-12-2024 03:26:00,110.5804937981,3432.88622956239,23.9
09-12-2024 03:36:00,111.896535352243,3507.50210021485,23.84
09-12-2024 03:46:00,111.576046217414,3479.82570028666,23.78
09-12-2024 03:56:00,109.518570667954,3531.04495363908,23.72
09-12-2024 04:06:00,109.812090819391,3536.77129094436,23.66
09-12-2024 04:16:00,109.3905922894,3457.1118272791,23.6
09-12-2024 04:26:00,109.786054078201,3504.9728587019,23.54
09-12-2024 04:36:00,110.487384433629,3487.76041713935,23.48
09-12-2024 04:46:00,110.674324023688,3575.60960023362,23.41
09-12-2024 04:56:00,110.46096555482,3461.30269034532,23.36
09-12-2024 05:06:00,109.428410357136,3563.10705321741,23.3
09-12-2024 05:16:00,108.906102147556,3498.25568842608,23.24
09-12-2024 05:26:00,110.425327311636,3519.63074205248,23.19
09-12-2024 05:36:00,110.314199914354,3504.25768573329,23.14
09-12-2024 05:46:00,110.301132720703,3521.86929603452,23.08
09-12-2024 05:56:00,110.190133766438,3548.12763990718,23.03
09-12-2024 06:06:00,109.875716850699,3531.02228698444,22.98
09-12-2024 06:16:00,110.171793959957,3563.29870501366,22.93
09-12-2024 06:26:00,108.535657157493,3554.59700919552,22.88
09-12-2024 06:36:00,110.153515231887,3587.14472409865,22.83
09-12-2024 06:46:00,110.347653424214,3563.91516252778,22.78
09-12-2024 06:56:00,110.443913498847,3517.34042081046,22.74
09-12-2024 07:06:00,111.044179045145,3471.46493121286,22.69
09-12-2024 07:16:00,109.207044514247,3577.76894788938,22.64
09-12-2024 07:26:00,109.502797197284,3585.93632481778,22.59
09-12-2024 07:36:00,110.715582268984,3571.18191420796,22.55
09-12-2024 07:46:00,108.372770808426,3509.23204144224,22.5
09-12-2024 07:56:00,110.498136246638,3569.80919991149,22.46
09-12-2024 08:06:00,110.188590225155,3500.81712711933,22.42
09-12-2024 08:16:00,109.774036034729,3492.18126622516,22.37
09-12-2024 08:26:00,109.97164152928,3452.61831551269,22.33
09-12-2024 08:36:00,111.385203555504,3544.81617292875,22.29
09-12-2024 08:46:00,110.163975977151,3509.33648959331,22.25
09-12-2024 08:56:00,108.740748402222,3424.80517810667,22.21
09-12-2024 09:06:00,110.663779123506,3518.70324687775,22.18
09-12-2024 09:16:00,109.548526642229,3443.92955335105,22.15
09-12-2024 09:26:00,107.826254653762,3495.55479136578,22.12
09-12-2024 09:36:00,109.347320706437,3483.020069058,22.1
09-12-2024 09:46:00,108.941287708128,3508.68175701212,22.07
09-12-2024 09:56:00,109.251183050016,3375.08579518614,22.06
09-12-2024 10:06:00,108.848979134682,3471.97866415608,22.04
09-12-2024 10:16:00,110.174448182696,3364.07650108386,22.04
09-12-2024 10:26:00,108.970196043298,3457.69199086145,22.04
09-12-2024 10:36:00,109.384972182211,3362.90597232237,22.04
09-12-2024 10:46:00,110.912831542638,3365.6252723767,22.04
09-12-2024 10:56:00,109.914732723998,3453.38911556256,22.05
09-12-2024 11:06:00,110.738135020706,3482.08523309566,22.06
09-12-2024 11:16:00,108.427904124256,3450.42182449155,22.08
09-12-2024 11:26:00,108.036746915338,3400.80388476499,22.09
09-12-2024 11:36:00,109.377553986735,3475.11632862839,22.13
09-12-2024 11:46:00,107.279560172645,3445.80567769494,22.18
09-12-2024 11:56:00,108.526962499517,3405.31032252893,22.24
09-12-2024 12:06:00,107.748383929712,3402.16891503558,22.3
09-12-2024 12:16:00,107.780281585525,3390.46115408054,22.36
09-12-2024 12:26:00,108.428038861964,3388.51028778441,22.44
09-12-2024 12:36:00,108.768277207394,3449.49266031237,22.51
09-12-2024 12:46:00,108.300395969563,3411.4221088377,22.59
09-12-2024 12:56:00,110.160427734874,3484.81048358545,22.65
09-12-2024 13:06:00,106.942476944734,3461.96516130152,22.71
09-12-2024 13:16:00,107.990361221508,3387.34007145191,22.77
09-12-2024 13:26:00,109.340212146073,3447.27204674189,22.82
09-12-2024 13:36:00,109.165638230001,3455.86316735908,22.87
09-12-2024 13:46:00,109.394061111707,3454.6868536962,22.91
09-12-2024 13:56:00,108.398163979377,3359.33126116221,22.94
09-12-2024 14:06:00,106.889619718066,3431.70746313008,22.96
09-12-2024 14:16:00,109.243356346907,3421.68409764148,22.97
09-12-2024 14:26:00,108.337806206421,3367.04941554416,22.97
09-12-2024 14:36:00,107.733838926264,3350.18456706836,22.96
09-12-2024 14:46:00,109.978347721203,3415.58094515611,22.95
09-12-2024 14:56:00,107.746803876208,3420.12310599424,22.94
09-12-2024 15:06:00,108.868469739358,3417.35084701879,22.92
09-12-2024 15:16:00,108.264670002249,3339.96819593454,22.91
09-12-2024 15:26:00,108.979319162431,3370.69110331622,22.89
09-12-2024 15:36:00,108.273943327695,3338.58354604694,22.88
09-12-2024 15:46:00,106.649954284543,3333.06310931412,22.86
09-12-2024 15:56:00,108.377559686761,3410.60818369136,22.83
09-12-2024 16:06:00,105.635950382593,3345.83511537315,22.81
09-12-2024 16:16:00,107.366854190433,3401.18782227499,22.79
09-12-2024 16:26:00,110.523853897987,3314.37735554826,22.78
09-12-2024 16:36:00,108.599419829018,3332.01589572774,22.77
09-12-2024 16:46:00,108.711212885006,3313.88740765392,22.77
09-12-2024 16:56:00,107.806796141605,3322.25123350369,22.77
09-12-2024 17:06:00,107.316079234808,3332.62771410272,22.79
09-12-2024 17:16:00,107.841701002912,3429.05899911495,22.81
09-12-2024 17:26:00,108.160478800613,3407.89599103181,22.82
09-12-2024 17:36:00,107.466339280391,3417.36986538825,22.84
09-12-2024 17:46:00,107.992138290608,3374.43726166733,22.86
09-12-2024 17:56:00,108.107663950939,3371.27843828564,22.87
09-12-2024 18:06:00,107.820091945701,3431.22749257643,22.89
09-12-2024 18:16:00,108.545825693223,3354.85926779572,22.9
09-12-2024 18:26:00,107.746076359942,3337.66848386546,22.91
09-12-2024 18:36:00,108.170417461456,3342.63140497345,22.93
09-12-2024 18:46:00,108.798316866882,3329.56677057092,22.95
09-12-2024 18:56:00,108.009284952463,3304.26716283407,22.99
09-12-2024 19:06:00,109.05185535447,3411.28662425857,23.03
09-12-2024 19:16:00,109.386038078893,3393.72707943559,23.08
09-12-2024 19:26:00,108.291049685383,3416.9429295576,23.12
09-12-2024 19:36:00,108.014023189939,3400.60391447087,23.17
09-12-2024 19:46:00,108.242621650127,3427.84288707563,23.21
09-12-2024 19:56:00,106.942711057818,3452.94327844934,23.25
09-12-2024 20:06:00,108.088548669435,3416.21831575879,23.29
09-12-2024 20:16:00,107.399723271909,3338.7753471009,23.33
09-12-2024 20:26:00,106.503056336263,3336.18436475515,23.36
09-12-2024 20:36:00,108.159517161372,3336.1969060458,23.4
09-12-2024 20:46:00,108.286433563489,3333.53513683872,23.44
09-12-2024 20:56:00,108.821590837351,3404.23173863958,23.48
09-12-2024 21:06:00,107.931669114658,3361.28113571388,23.53
09-12-2024 21:16:00,108.463349628365,3393.79981957436,23.56
09-12-2024 21:26:00,107.157211193819,3348.17015797681,23.59
09-12-2024 21:36:00,107.488301569351,3387.84811000105,23.63
09-12-2024 21:46:00,106.692221168185,3397.73076721156,23.66
09-12-2024 21:56:00,107.632777260002,3318.87571951446,23.69
09-12-2024 22:06:00,107.756148882515,3385.34515721266,23.72
09-12-2024 22:16:00,107.879564540882,3395.64697454966,23.75
09-12-2024 22:26:00,106.162960925378,3395.12352732989,23.78
09-12-2024 22:36:00,108.429586625474,3337.51108298493,23.8
09-12-2024 22:46:00,107.530622941607,3316.33497356787,23.83
09-12-2024 22:56:00,107.244985464632,3381.74577779401,23.86
09-12-2024 23:06:00,108.796809000026,3388.71616650901,23.88
09-12-2024 23:16:00,106.666271134168,3389.28741890756,23.9
09-12-2024 23:26:00,107.90782392663,3386.72238638371,23.91
09-12-2024 23:36:00,107.205634413115,3375.37931173722,23.92
09-12-2024 23:46:00,106.916211423945,3375.43220129964,23.94
09-12-2024 23:56:00,106.312626405259,3361.26024724403,23.94
09-13-2024 00:06:00,108.066103431121,3360.55153773325,23.95
09-13-2024 00:16:00,106.643865055446,3269.01243556085,23.95
09-13-2024 00:26:00,108.697103650724,3320.60415608569,23.94
09-13-2024 00:36:00,107.066725617332,3380.55274137257,23.93
09-13-2024 00:46:00,106.770145590949,3358.43033667804,23.93
09-13-2024 00:56:00,107.08387873451,3361.47106826308,23.92
09-13-2024 01:06:00,107.909100476843,3349.9520479661,23.91
09-13-2024 01:16:00,107.506654015005,3358.5687720846,23.9
09-13-2024 01:26:00,107.100674405789,3364.05068992496,23.88
09-13-2024 01:36:00,107.304843835581,3381.67264387384,23.85
09-13-2024 01:46:00,105.566202241693,3368.22862855557,23.82
09-13-2024 01:56:00,109.447209391957,3430.56879334851,23.78
09-13-2024 02:06:00,106.887692631065,3433.47518630194,23.74
09-13-2024 02:16:00,106.774533338613,3456.8047551088,23.68
09-13-2024 02:26:00,109.626946677206,3504.67541525602,23.63
09-13-2024 02:36:00,108.189261775756,3481.86578813115,23.58
09-13-2024 02:46:00,107.87526267074,3484.80851875691,23.53
09-13-2024 02:56:00,108.476215082458,3493.1556209671,23.47
09-13-2024 03:06:00,107.754317647819,3512.03163759229,23.42
09-13-2024 03:16:00,109.170735121776,3455.70526611979,23.36
09-13-2024 03:26:00,108.547413433724,3489.12382613168,23.3
09-13-2024 03:36:00,109.554969918422,3446.21468642656,23.24
09-13-2024 03:46:00,109.139388458876,3510.03300539885,23.19
09-13-2024 03:56:00,108.82224102218,3444.89100267308,23.13
09-13-2024 04:06:00,108.508969643297,3447.53334491789,23.08
09-13-2024 04:16:00,107.886959772003,3473.60314386044,23.02
09-13-2024 04:26:00,109.198354868017,3471.78184528048,22.96
09-13-2024 04:36:00,107.762972615917,3368.38553940543,22.9
09-13-2024 04:46:00,109.585525018941,3396.33739098823,22.85
09-13-2024 04:56:00,108.964019670047,3432.3080438006,22.79
09-13-2024 05:06:00,108.038169412334,3445.44111491145,22.73
09-13-2024 05:16:00,107.421231385088,3472.19877389407,22.68
09-13-2024 05:26:00,108.936966219145,3446.93098882595,22.63
09-13-2024 05:36:00,108.621040028541,3438.49377848249,22.57
09-13-2024 05:46:00,109.327359037991,3442.90725720887,22.53
09-13-2024 05:56:00,106.783271798342,3439.92900024035,22.48
09-13-2024 06:06:00,107.790365202697,3435.11754057602,22.43
09-13-2024 06:16:00,109.20244042404,3678.47682321064,22.38
09-13-2024 06:26:00,109.296017076051,3463.93000408714,22.33
09-13-2024 06:36:00,108.680234044189,3477.24931340137,22.28
09-13-2024 06:46:00,107.561873133814,3444.36767163409,22.24
09-13-2024 06:56:00,107.254310895239,3442.35561344906,22.2
09-13-2024 07:06:00,109.579656865268,3460.39466588197,22.16
09-13-2024 07:16:00,107.652006017115,3447.89998581366,22.12
09-13-2024 07:26:00,108.761641448752,3464.29866155052,22.08
09-13-2024 07:36:00,108.454122329194,3498.98816558329,22.04
09-13-2024 07:46:00,106.325777911494,3485.27434149565,22
09-13-2024 07:56:00,109.259174535996,3527.19709296811,21.97
09-13-2024 08:06:00,107.337310448275,3498.59568331402,21.94
09-13-2024 08:16:00,108.554214263793,3491.99195975091,21.92
09-13-2024 08:26:00,107.445391435344,3569.27683458403,21.9
09-13-2024 08:36:00,108.965296533119,3596.680182169,21.88
09-13-2024 08:46:00,107.553448298148,3657.67916408525,21.86
09-13-2024 08:56:00,108.166936971116,3496.09837407289,21.85
09-13-2024 09:06:00,108.170355081053,3491.53091257545,21.83
09-13-2024 09:16:00,107.469939438989,3585.96315016863,21.82
09-13-2024 09:26:00,109.801216977584,3617.96845053767,21.81
09-13-2024 09:36:00,107.985710444819,3596.43832476811,21.79
09-13-2024 09:46:00,108.198383523231,3593.68863998638,21.79
09-13-2024 09:56:00,106.891935204322,3596.77056288562,21.78
09-13-2024 10:06:00,107.606244693448,3581.38840506931,21.77
09-13-2024 10:16:00,107.616846499195,3576.50911737081,21.77
09-13-2024 10:26:00,106.415092146233,3578.93427389696,21.77
09-13-2024 10:36:00,107.537032379112,3372.67876493921,21.77
09-13-2024 10:46:00,107.349108319423,3379.6035052114,21.78
09-13-2024 10:56:00,109.690867745883,3387.37738905789,21.8
09-13-2024 11:06:00,108.896720079617,3369.94937608522,21.81
09-13-2024 11:16:00,107.199972735178,3422.42223205556,21.84
09-13-2024 11:26:00,108.943268119886,3414.14142058274,21.88
09-13-2024 11:36:00,107.852511705482,3379.30882380631,21.91
09-13-2024 11:46:00,107.375201212911,3348.48700099337,21.96
09-13-2024 11:56:00,106.698752401309,3354.26676184196,22.02
09-13-2024 12:06:00,107.944866561948,3421.00737855101,22.08
09-13-2024 12:16:00,107.065640935294,3487.74810510283,22.14
09-13-2024 12:26:00,107.809883251371,3554.22980797501,22.21
09-13-2024 12:36:00,108.352067587943,3561.29312061361,22.28
09-13-2024 12:46:00,107.171363570777,3552.76857052545,22.35
09-13-2024 12:56:00,108.017961846629,3617.77008225136,22.42
09-13-2024 13:06:00,107.339894017505,3610.94813234762,22.48
09-13-2024 13:16:00,107.574710024094,3620.14780455017,22.54
09-13-2024 13:26:00,108.919169811919,3612.80198314101,22.58
09-13-2024 13:36:00,110.568854449634,3611.78515160297,22.62
09-13-2024 13:46:00,108.664850172688,3610.15440095062,22.66
09-13-2024 13:56:00,109.194231045079,3630.24084100698,22.69
09-13-2024 14:06:00,109.516958963315,3630.54793710816,22.71
09-13-2024 14:16:00,108.413806710963,3642.5571400708,22.72
09-13-2024 14:26:00,106.799044421954,3661.46296517321,22.72
09-13-2024 14:36:00,108.634800211936,3628.47518261787,22.71
09-13-2024 14:46:00,107.020141227581,3624.47885774919,22.71
09-13-2024 14:56:00,106.925771141574,3628.2990170971,22.7
09-13-2024 15:06:00,108.862893958266,3627.62106911358,22.69
09-13-2024 15:16:00,105.924537081823,3622.1394951826,22.68
09-13-2024 15:26:00,107.05251259517,3627.44583402698,22.68
09-13-2024 15:36:00,107.262863777621,3625.54209493515,22.67
09-13-2024 15:46:00,107.77786370404,3637.33278608852,22.66
09-13-2024 15:56:00,106.363357593252,3634.81575199587,22.65
09-13-2024 16:06:00,107.585635785478,3621.72003503523,22.63
09-13-2024 16:16:00,107.389787343441,3641.98693554231,22.62
09-13-2024 16:26:00,107.908201939062,3641.77481549748,22.62
09-13-2024 16:36:00,106.700572493592,3635.84184473798,22.62
09-13-2024 16:46:00,108.132785472866,3650.95394587189,22.62
09-13-2024 16:56:00,108.451728614463,3661.83365196285,22.63
09-13-2024 17:06:00,107.860360761496,3669.81094217756,22.65
09-13-2024 17:16:00,107.671568980261,3670.98658903929,22.66
09-13-2024 17:26:00,108.498377360632,3660.00043573892,22.67
09-13-2024 17:36:00,105.87540604828,3662.97140740928,22.69
09-13-2024 17:46:00,107.409799581688,3654.48013209339,22.69
09-13-2024 17:56:00,109.049384429245,3660.86874309531,22.7
09-13-2024 18:06:00,108.965815169622,3653.6162702381,22.72
09-13-2024 18:16:00,107.757513728837,3662.60692429894,22.72
09-13-2024 18:26:00,107.165770140838,3663.43224566279,22.74
09-13-2024 18:36:00,107.386813113273,3664.76924060517,22.76
09-13-2024 18:46:00,107.4046547325,3662.01488993079,22.78
09-13-2024 18:56:00,108.03233752051,3655.98566146388,22.8
09-13-2024 19:06:00,108.358786736868,3654.41196470702,22.83
09-13-2024 19:16:00,107.773813608232,3635.79873690625,22.87
09-13-2024 19:26:00,107.486637954223,3643.68540713085,22.89
09-13-2024 19:36:00,108.830271190242,3635.04085429336,22.92
09-13-2024 19:46:00,107.424188963224,3624.49321173728,22.94
09-13-2024 19:56:00,107.754337003496,3609.74656273722,22.98
09-13-2024 20:06:00,108.382803702221,3610.35990960965,23
09-13-2024 20:16:00,105.551228607632,3597.95622106529,23.02
09-13-2024 20:26:00,105.473915078675,3575.60349499157,23.06
09-13-2024 20:36:00,107.324086006691,3576.21157740395,23.08
09-13-2024 20:46:00,105.818118205086,3580.05051964124,23.11
09-13-2024 20:56:00,107.057858724073,3594.81719363837,23.13
09-13-2024 21:06:00,106.162526914203,3579.47294120798,23.16
09-13-2024 21:16:00,107.409703732718,3563.65752195798,23.2
09-13-2024 21:26:00,106.211823630241,3567.9577645467,23.24
09-13-2024 21:36:00,106.334960949067,3573.85372800792,23.27
09-13-2024 21:46:00,107.375580586503,3584.27296627391,23.3
09-13-2024 21:56:00,105.96963300183,3562.32746933766,23.33
09-13-2024 22:06:00,106.300190843855,3567.04280324851,23.37
09-13-2024 22:16:00,107.851403457707,3577.16038100526,23.4
09-13-2024 22:26:00,106.852775734783,3565.6851262499,23.43
09-13-2024 22:36:00,108.098532825282,3546.69442769141,23.46
09-13-2024 22:46:00,107.402236355039,3570.86120093583,23.48
09-13-2024 22:56:00,106.402882968131,3564.72824192137,23.51
09-13-2024 23:06:00,105.403533677788,3565.38627710181,23.54
09-13-2024 23:16:00,107.054746210048,3549.21270116339,23.56
09-13-2024 23:26:00,107.276871760658,3553.11388505264,23.58
09-13-2024 23:36:00,106.069405977498,3543.52440626034,23.6
09-13-2024 23:46:00,106.798640145125,3539.65275002276,23.61
09-13-2024 23:56:00,107.12294165003,3522.33234840393,23.63
09-14-2024 00:06:00,107.54946855112,3554.05082915699,23.65
09-14-2024 00:16:00,106.641086517513,3553.94253198932,23.65
09-14-2024 00:26:00,107.574886581177,3553.77991098674,23.66
09-14-2024 00:36:00,107.895841919926,3554.95699930579,23.67
09-14-2024 00:46:00,108.519757556551,3579.68451517874,23.67
09-14-2024 00:56:00,107.202645429032,3564.22182842922,23.67
09-14-2024 01:06:00,106.498494827775,3563.80485567614,23.67
09-14-2024 01:16:00,106.815944039247,3560.29643026852,23.67
09-14-2024 01:26:00,105.287756940656,3553.49663225108,23.65
09-14-2024 01:36:00,107.440324517173,3559.83148813165,23.64
09-14-2024 01:46:00,105.605957795853,3587.12992203597,23.62
09-14-2024 01:56:00,107.134928373467,3570.03346839187,23.58
09-14-2024 02:06:00,105.910404479623,3561.95352106894,23.55
09-14-2024 02:16:00,107.949009538977,3672.69657841973,23.51
09-14-2024 02:26:00,108.762191514068,3680.99983225753,23.47
09-14-2024 02:36:00,109.163335992273,3677.61773396142,23.42
09-14-2024 02:46:00,109.156337215843,3695.62029332745,23.37
09-14-2024 02:56:00,106.804512248971,3692.44116994158,23.32
09-14-2024 03:06:00,107.817427856964,3693.06533014195,23.27
09-14-2024 03:16:00,108.323856916559,3686.97229120493,23.23
09-14-2024 03:26:00,109.233946514033,3700.53081705959,23.18
09-14-2024 03:36:00,109.023317052519,3681.6596092518,23.13
09-14-2024 03:46:00,107.387535959438,3689.77474639059,23.08
09-14-2024 03:56:00,108.297131403362,3688.04290964293,23.03
09-14-2024 04:06:00,109.0027114193,3680.77980560533,22.98
09-14-2024 04:16:00,109.602560739137,3693.74327869222,22.92
09-14-2024 04:26:00,109.490275689227,3692.36355827884,22.86
09-14-2024 04:36:00,109.686611191155,3673.8547735404,22.81
09-14-2024 04:46:00,108.256995276228,3645.54293491332,22.76
09-14-2024 04:56:00,108.352012128894,3687.69533064099,22.71
09-14-2024 05:06:00,108.954763968953,3701.60786197615,22.66
09-14-2024 05:16:00,108.135805609758,3678.32610915037,22.61
09-14-2024 05:26:00,108.335827709917,3672.58182727002,22.57
09-14-2024 05:36:00,107.41602861807,3663.31438276282,22.52
09-14-2024 05:46:00,109.13430213577,3693.23592288595,22.47
09-14-2024 05:56:00,106.798467711205,3681.37432466201,22.43
09-14-2024 06:06:00,107.911193040367,3698.88724574827,22.39
09-14-2024 06:16:00,107.397990580886,3649.15998775147,22.34
09-14-2024 06:26:00,108.510010542632,3656.88963846918,22.3
09-14-2024 06:36:00,109.111366574653,3662.31761222089,22.25
09-14-2024 06:46:00,106.170847053259,3676.96135051005,22.21
09-14-2024 06:56:00,109.813982101316,3649.45786365546,22.17
09-14-2024 07:06:00,107.485601715165,3642.17329970442,22.14
09-14-2024 07:16:00,108.292677654537,3634.53380331688,22.1
09-14-2024 07:26:00,107.884976809017,3643.67857110872,22.06
09-14-2024 07:36:00,108.695128192372,3666.49582571408,22.03
09-14-2024 07:46:00,109.302673459527,3640.92124552181,22
09-14-2024 07:56:00,108.291650437647,3659.76547189667,21.97
09-14-2024 08:06:00,108.393419508104,3656.86032779303,21.94
09-14-2024 08:16:00,107.484037023164,3670.91831271201,21.91
09-14-2024 08:26:00,108.195987083467,3637.096033885,21.89
09-14-2024 08:36:00,108.200156079707,3668.77332840396,21.87
09-14-2024 08:46:00,108.81079326245,3671.20396760786,21.85
09-14-2024 08:56:00,108.313071477867,3630.34683812736,21.84
09-14-2024 09:06:00,108.927131438749,3601.47343808498,21.83
09-14-2024 09:16:00,108.530531044895,3651.56464113004,21.82
09-14-2024 09:26:00,108.541702273217,3633.30173916263,21.82
09-14-2024 09:36:00,107.946521041046,3608.94950902615,21.82
09-14-2024 09:46:00,109.170413576616,3633.92183662849,21.82
09-14-2024 09:56:00,107.160408571105,3625.0978931078,21.82
09-14-2024 10:06:00,107.9800715951,3636.97814867021,21.82
09-14-2024 10:16:00,109.10645269813,3618.26001197463,21.83
09-14-2024 10:26:00,107.904864795308,3639.27634010509,21.83
09-14-2024 10:36:00,108.125150279742,3660.09838032242,21.85
09-14-2024 10:46:00,107.833123048578,3665.48492187362,21.85
09-14-2024 10:56:00,108.360187327355,3665.25147476771,21.88
09-14-2024 11:06:00,107.468423496986,3650.94757163151,21.9
09-14-2024 11:16:00,110.418948310774,3655.02384881708,21.92
09-14-2024 11:26:00,109.639043468602,3654.08379192271,21.97
09-14-2024 11:36:00,107.135249258126,3658.47579839411,22.01
09-14-2024 11:46:00,109.595963130366,3655.86208620049,22.07
09-14-2024 11:56:00,109.632150562396,3665.81617557401,22.14
09-14-2024 12:06:00,107.841690995184,3669.31131961786,22.2
09-14-2024 12:16:00,107.167905782812,3672.45828711646,22.27
09-14-2024 12:26:00,108.318157303459,3662.35841493981,22.34
09-14-2024 12:36:00,107.140391091257,3641.18390869706,22.42
09-14-2024 12:46:00,107.074167452343,3632.88991699322,22.49
09-14-2024 12:56:00,107.721820448873,3628.00809744169,22.57
09-14-2024 13:06:00,109.178927673102,3612.74768931695,22.64
09-14-2024 13:16:00,108.805155931925,3623.07862280029,22.7
09-14-2024 13:26:00,106.700253513087,3621.91256336656,22.75
09-14-2024 13:36:00,108.761325037449,3607.24023032132,22.8
09-14-2024 13:46:00,108.07157287838,3628.17243400448,22.83
09-14-2024 13:56:00,108.096786777166,3614.77240975624,22.87
09-14-2024 14:06:00,108.21673400848,3609.76135200119,22.89
09-14-2024 14:16:00,108.024638398499,3609.56248180149,22.89
09-14-2024 14:26:00,109.357939175304,3632.81055554347,22.89
09-14-2024 14:36:00,106.315075586386,3645.35670039074,22.88
09-14-2024 14:46:00,107.953367713333,3610.55394368554,22.88
09-14-2024 14:56:00,107.046073836963,3608.35976342532,22.87
09-14-2024 15:06:00,108.985790322322,3615.58346173465,22.86
09-14-2024 15:16:00,107.160108831408,3582.2255486246,22.84
09-14-2024 15:26:00,108.99783231506,3600.50238090909,22.83
09-14-2024 15:36:00,108.087289608012,3607.26517502455,22.81
09-14-2024 15:46:00,107.278600151994,3596.63437278209,22.79
09-14-2024 15:56:00,105.660466912923,3578.69059750639,22.78
09-14-2024 16:06:00,105.868370792995,3582.07963994405,22.76
09-14-2024 16:16:00,106.587634084517,3577.13009956705,22.75
09-14-2024 16:26:00,107.41185332371,3580.71722472495,22.75
09-14-2024 16:36:00,107.626419693122,3586.86120018835,22.75
09-14-2024 16:46:00,106.015367564027,3594.48615759707,22.76
09-14-2024 16:56:00,109.488750421951,3593.16018961104,22.78
09-14-2024 17:06:00,107.477862846065,3593.11048376615,22.81
09-14-2024 17:16:00,108.512665888223,3597.30993478184,22.83
09-14-2024 17:26:00,105.582621830107,3597.72367760415,22.85
09-14-2024 17:36:00,107.837619053969,3588.61705941963,22.87
09-14-2024 17:46:00,106.537275005181,3594.09548771042,22.9
09-14-2024 17:56:00,107.463944145575,3592.77263154043,22.9
09-14-2024 18:06:00,107.882123500734,3589.60675032749,22.9
09-14-2024 18:16:00,107.083329446411,3585.67000321899,22.91
09-14-2024 18:26:00,107.304972010941,3584.95559373956,22.93
09-14-2024 18:36:00,106.506008587216,3576.81793529124,22.94
09-14-2024 18:46:00,107.748417283953,3583.42362649325,22.97
09-14-2024 18:56:00,106.552437775284,3591.82336623006,23.01
09-14-2024 19:06:00,108.914968735211,3581.52151516593,23.04
09-14-2024 19:16:00,108.125994574683,3572.08180723489,23.08
09-14-2024 19:26:00,108.045995005545,3564.64104636955,23.11
09-14-2024 19:36:00,106.339859730591,3573.1465646615,23.15
09-14-2024 19:46:00,106.870707523777,3570.1148888829,23.18
09-14-2024 19:56:00,106.691940118579,3576.77895884312,23.22
09-14-2024 20:06:00,108.038329205959,3574.56785302541,23.25
09-14-2024 20:16:00,107.037497748606,3566.55689166147,23.27
09-14-2024 20:26:00,106.858673237757,3547.43566791619,23.31
09-14-2024 20:36:00,107.492072518609,3546.14039762664,23.34
09-14-2024 20:46:00,105.579525285951,3529.77683113938,23.38
09-14-2024 20:56:00,107.437001201208,3534.95456335471,23.41
09-14-2024 21:06:00,105.4183152963,3536.53488881639,23.44
09-14-2024 21:16:00,107.072338969224,3532.86902392589,23.47
09-14-2024 21:26:00,106.893307363702,3526.87748538459,23.51
09-14-2024 21:36:00,106.098315861118,3537.82455096681,23.54
09-14-2024 21:46:00,106.528237797702,3526.33033890316,23.57
09-14-2024 21:56:00,106.954912018385,3533.0164327419,23.59
09-14-2024 22:06:00,105.955299024994,3542.11802307362,23.62
09-14-2024 22:16:00,108.734792542705,3557.61227186603,23.65
09-14-2024 22:26:00,107.019981825305,3549.10107117677,23.68
09-14-2024 22:36:00,107.038283267193,3545.17999431612,23.7
09-14-2024 22:46:00,107.468777715783,3540.88932241882,23.73
09-14-2024 22:56:00,106.979500939786,3545.15618826661,23.76
09-14-2024 23:06:00,106.99780904797,3542.05697333627,23.78
09-14-2024 23:16:00,105.997086721695,3543.84970191872,23.81
09-14-2024 23:26:00,107.855891810902,3534.4544069851,23.83
09-14-2024 23:36:00,106.544831588231,3538.98887339129,23.85
09-14-2024 23:46:00,108.608701899984,3536.09274265482,23.87
09-14-2024 23:56:00,106.990548173806,3541.97113275242,23.89
09-15-2024 00:06:00,106.596287272982,3538.82425334986,23.9
09-15-2024 00:16:00,107.126125396983,3542.74253281411,23.92
09-15-2024 00:26:00,106.527175356293,3547.96032393709,23.93
09-15-2024 00:36:00,104.70029177583,3546.67214957354,23.94
09-15-2024 00:46:00,107.3756350779,3532.05907069259,23.95
09-15-2024 00:56:00,106.97787460465,3539.91953033506,23.95
09-15-2024 01:06:00,106.578444633259,3549.84595195591,23.95
09-15-2024 01:16:00,106.179018758434,3542.58199878845,23.94
09-15-2024 01:26:00,107.056872337267,3523.48503616777,23.94
09-15-2024 01:36:00,107.934730012665,3505.54605562169,23.92
09-15-2024 01:46:00,106.715205597115,3505.61943015146,23.91
09-15-2024 01:56:00,106.310863297006,3499.25130580979,23.89
09-15-2024 02:06:00,107.335131989926,3566.7479781705,23.86
09-15-2024 02:16:00,104.882348143471,3601.29378170587,23.83
09-15-2024 02:26:00,106.110999237765,3627.6726735409,23.8
09-15-2024 02:36:00,105.904826327669,3637.79446150949,23.76
09-15-2024 02:46:00,107.231604625085,3637.90962592046,23.72
09-15-2024 02:56:00,107.1274496913,3644.72397984881,23.68
09-15-2024 03:06:00,106.30502155372,3650.3483696332,23.63
09-15-2024 03:16:00,107.320986977536,3649.99591196799,23.58
09-15-2024 03:26:00,107.421089753137,3650.72584158832,23.54
09-15-2024 03:36:00,106.599284200675,3653.97564960331,23.49
09-15-2024 03:46:00,107.515743401554,3653.36715570747,23.45
09-15-2024 03:56:00,107.306350857522,3661.03548007353,23.4
09-15-2024 04:06:00,107.606930052332,3662.11999283601,23.35
09-15-2024 04:16:00,108.722844727948,3660.22464053206,23.3
09-15-2024 04:26:00,106.984699353719,3660.79587729714,23.25
09-15-2024 04:36:00,107.387018925799,3664.44654344646,23.2
09-15-2024 04:46:00,106.363242402471,3667.17108836427,23.15
09-15-2024 04:56:00,109.209163629206,3669.4834914766,23.1
09-15-2024 05:06:00,106.146398768531,3669.79291464151,23.04
09-15-2024 05:16:00,107.36253256519,3678.04632073903,22.99
09-15-2024 05:26:00,107.662461227164,3669.69958249477,22.94
09-15-2024 05:36:00,107.506344904801,3659.92668679069,22.89
09-15-2024 05:46:00,107.350232679004,3668.63765752461,22.85
09-15-2024 05:56:00,107.345033495577,3662.14716789917,22.8
09-15-2024 06:06:00,107.23823879035,3678.16172779492,22.75
09-15-2024 06:16:00,107.23309726927,3679.9538395355,22.7
09-15-2024 06:26:00,106.923319505717,3673.97876860745,22.65
09-15-2024 06:36:00,108.241479333849,3673.0673442197,22.61
09-15-2024 06:46:00,108.036493751149,3657.04339257537,22.57
09-15-2024 06:56:00,107.019782942628,3677.37232316432,22.53
09-15-2024 07:06:00,107.522010346851,3674.67345718492,22.48
09-15-2024 07:16:00,108.331632690095,3674.88649380629,22.44
09-15-2024 07:26:00,107.417056067788,3663.47455748143,22.4
09-15-2024 07:36:00,106.60760966098,3673.02152209387,22.37
09-15-2024 07:46:00,107.721034617728,3678.63741868596,22.33
09-15-2024 07:56:00,106.911882813402,3676.96768215981,22.3
09-15-2024 08:06:00,107.420245512482,3677.03076247501,22.27
09-15-2024 08:16:00,107.621147719404,3677.95734346779,22.23
09-15-2024 08:26:00,106.913794201985,3670.4869559472,22.2
09-15-2024 08:36:00,106.513795724597,3667.85668620194,22.18
09-15-2024 08:46:00,107.021905096492,3666.19301217484,22.15
09-15-2024 08:56:00,107.836930427832,3667.63494639216,22.13
09-15-2024 09:06:00,107.534880678022,3673.39836907282,22.1
09-15-2024 09:16:00,107.337496902292,3676.26288982693,22.08
09-15-2024 09:26:00,106.229358712993,3672.61849349194,22.06
09-15-2024 09:36:00,105.997434977465,3671.36321734396,22.03
09-15-2024 09:46:00,105.765515338502,3678.29305652883,22.01
09-15-2024 09:56:00,105.533599796104,3675.26088919645,21.99
09-15-2024 10:06:00,106.194635114548,3676.14019055256,21.96
09-15-2024 10:16:00,106.855674529558,3670.57031741791,21.94
09-15-2024 10:26:00,106.055156320783,3669.82861079834,21.93
09-15-2024 10:36:00,105.704958961443,3673.75626123659,21.9
09-15-2024 10:46:00,105.354765698668,3676.51649131775,21.88
09-15-2024 10:56:00,106.170351041337,3668.41297703505,21.86
09-15-2024 11:06:00,106.985940480571,3673.35756581797,21.85
09-15-2024 11:16:00,107.49644776833,3661.4000073427,21.83
09-15-2024 11:26:00,107.400534318952,3648.93917130774,21.81
09-15-2024 11:36:00,107.30462496614,3668.85019263982,21.79
09-15-2024 11:46:00,107.010007501533,3673.08244370797,21.78
09-15-2024 11:56:00,107.924427307305,3668.63924132575,21.76
09-15-2024 12:06:00,107.626492507383,3672.92018996167,21.74
09-15-2024 12:16:00,107.129946792304,3675.73109756949,21.73
09-15-2024 12:26:00,107.74112225352,3676.25846857003,21.71
09-15-2024 12:36:00,108.254556987829,3626.142673681,21.7
09-15-2024 12:46:00,106.445328259786,3652.07225843216,21.69
09-15-2024 12:56:00,107.662287923412,3642.46731512434,21.67
09-15-2024 13:06:00,108.175624915006,3644.26639693944,21.66
09-15-2024 13:16:00,107.679312484972,3660.86237783077,21.65
09-15-2024 13:26:00,107.994050494076,3647.00178265316,21.65
09-15-2024 13:36:00,106.999618580723,3656.90755769912,21.66
09-15-2024 13:46:00,106.970889134209,3650.79770824084,21.69
09-15-2024 13:56:00,106.942163784261,3636.97783135952,21.72
09-15-2024 14:06:00,106.960633092351,3631.21738335574,21.74
09-15-2024 14:16:00,107.181156316392,3621.90462384199,21.76
09-15-2024 14:26:00,105.78515779223,3628.11179790764,21.78
09-15-2024 14:36:00,108.733885063063,3620.92643774397,21.8
09-15-2024 14:46:00,107.947454808112,3623.83394401839,21.83
09-15-2024 14:56:00,107.662827727594,3613.70096499858,21.85
09-15-2024 15:06:00,106.771602591549,3615.95159676382,21.87
09-15-2024 15:16:00,107.898833831566,3603.33092369402,21.88
09-15-2024 15:26:00,107.91074244164,3593.30344506489,21.88
09-15-2024 15:36:00,108.225939352268,3602.77185848791,21.88
09-15-2024 15:46:00,108.342324225107,3607.41259766117,21.89
09-15-2024 15:56:00,107.646540772212,3586.31577475385,21.89
09-15-2024 16:06:00,108.767175724891,3577.25973514089,21.88
09-15-2024 16:16:00,108.071441675152,3609.981369841,21.88
09-15-2024 16:26:00,108.689943272594,3619.14571088092,21.88
09-15-2024 16:36:00,107.485423778688,3597.90429556505,21.87
09-15-2024 16:46:00,107.80063170589,3625.64852734248,21.87
09-15-2024 16:56:00,106.899493288506,3646.43951256277,21.86
09-15-2024 17:06:00,107.514621447942,3667.63331758514,21.85
09-15-2024 17:16:00,107.32111392999,3663.14247736253,21.84
09-15-2024 17:26:00,107.228699739094,3654.59257900718,21.83
09-15-2024 17:36:00,107.031954135981,3673.90288271871,21.81
09-15-2024 17:46:00,106.434346274138,3663.93392269037,21.8
09-15-2024 17:56:00,108.157422661715,3672.17950699281,21.78
09-15-2024 18:06:00,107.963985395614,3667.79319165768,21.77
09-15-2024 18:16:00,108.474376894833,3618.22001512224,21.75
09-15-2024 18:26:00,107.775904695825,3659.3790046416,21.74
09-15-2024 18:36:00,107.377236370862,3662.45031833548,21.72
09-15-2024 18:46:00,108.796467589541,3667.04170998111,21.7
09-15-2024 18:56:00,107.085084306481,3670.00982729703,21.68
09-15-2024 19:06:00,108.810311627207,3670.49394335667,21.67
09-15-2024 19:16:00,107.200197894121,3662.71812837401,21.65
09-15-2024 19:26:00,108.622268295103,3664.01380731981,21.64
09-15-2024 19:36:00,106.107215452164,3658.82413014996,21.63
09-15-2024 19:46:00,108.743872814008,3620.34612430461,21.63
09-15-2024 19:56:00,108.34874951265,3611.91835433822,21.62
09-15-2024 20:06:00,108.357421811565,3605.61977059243,21.61
09-15-2024 20:16:00,107.057280695989,3611.42369585782,21.61
09-15-2024 20:26:00,109.488362000869,3619.61302567874,21.6
09-15-2024 20:36:00,108.084042556034,3614.53090596303,21.59
09-15-2024 20:46:00,108.597342202409,3609.75365597158,21.58
09-15-2024 20:56:00,108.10479380651,3576.05298312773,21.58
09-15-2024 21:06:00,109.12263556653,3595.28369993897,21.57
09-15-2024 21:16:00,107.318261250015,3579.00674733034,21.57
09-15-2024 21:26:00,106.825754473558,3591.39306392729,21.57
09-15-2024 21:36:00,108.048765527464,3594.25886499564,21.57
09-15-2024 21:46:00,107.051704081255,3598.23889164171,21.57
09-15-2024 21:56:00,107.672550422125,3598.8197359042,21.58
09-15-2024 22:06:00,108.892271236435,3595.86838310177,21.57
09-15-2024 22:16:00,107.895222079922,3597.51922455766,21.57
09-15-2024 22:26:00,108.008215318315,3587.9277352582,21.57
09-15-2024 22:36:00,108.323037798425,3611.75982785003,21.57
09-15-2024 22:46:00,108.439382820883,3631.79016331243,21.58
09-15-2024 22:56:00,107.644128268192,3616.01940899438,21.58
09-15-2024 23:06:00,108.362654389947,3533.59893925714,21.58
09-15-2024 23:16:00,107.466489591861,3616.68893571235,21.58
09-15-2024 23:26:00,107.983187029696,3601.12109397816,21.58
09-15-2024 23:36:00,107.288867301791,3600.64579972207,21.58
09-15-2024 23:46:00,107.099143863079,3617.69404961016,21.58
09-15-2024 23:56:00,108.218038228673,3614.43881346415,21.57
09-16-2024 00:06:00,107.015953765972,3629.10994389793,21.56
09-16-2024 00:16:00,108.037146567098,3627.31864684687,21.56
09-16-2024 00:26:00,109.159250172099,3618.84331156162,21.56
09-16-2024 00:36:00,108.966204406649,3615.48785066417,21.55
09-16-2024 00:46:00,106.052217985388,3603.87418758478,21.55
09-16-2024 00:56:00,108.586881167779,3603.19743734851,21.55
09-16-2024 01:06:00,106.678680355942,3604.19808047097,21.54
09-16-2024 01:16:00,107.598885472749,3611.31853096349,21.54
09-16-2024 01:26:00,107.708645587914,3596.92870868036,21.53
09-16-2024 01:36:00,109.73858640043,3597.97381577941,21.53
09-16-2024 01:46:00,108.741857841572,3600.63903505201,21.53
09-16-2024 01:56:00,108.649793771419,3602.75412578093,21.52
09-16-2024 02:06:00,108.762847814729,3599.24362020265,21.52
09-16-2024 02:16:00,107.867073424032,3597.96054568007,21.52
09-16-2024 02:26:00,108.682977171966,3602.30326122909,21.51
09-16-2024 02:36:00,108.190773295926,3600.21066990973,21.51
09-16-2024 02:46:00,108.505592646032,3613.10076157469,21.51
09-16-2024 02:56:00,108.921293483902,3615.96883645396,21.51
09-16-2024 03:06:00,107.921420959357,3588.62677408712,21.5
09-16-2024 03:16:00,107.933620425566,3607.08356313894,21.5
09-16-2024 03:26:00,108.850321414579,3602.82225293027,21.49
09-16-2024 03:36:00,108.660797734875,3599.11124454912,21.49
09-16-2024 03:46:00,107.862796777644,3600.62013738631,21.48
09-16-2024 03:56:00,108.379311678644,3614.21638372302,21.48
09-16-2024 04:06:00,108.48906930755,3609.4497891946,21.47
09-16-2024 04:16:00,107.792034964463,3606.80917583222,21.46
09-16-2024 04:26:00,108.106807382976,3601.98659359459,21.46
09-16-2024 04:36:00,106.804792648377,3600.15657982177,21.45
09-16-2024 04:46:00,108.427189618056,3574.44955461197,21.44
09-16-2024 04:56:00,107.528640632408,3588.60688031188,21.43
09-16-2024 05:06:00,109.550738453807,3595.84037242495,21.41
09-16-2024 05:16:00,109.354617320536,3592.75600901703,21.39
09-16-2024 05:26:00,108.755367087544,3667.23034039952,21.37
09-16-2024 05:36:00,109.463081197285,3679.15034143989,21.34
09-16-2024 05:46:00,108.763240728762,3680.30005875902,21.32
09-16-2024 05:56:00,109.578260456053,3684.73347815304,21.31
09-16-2024 06:06:00,108.173301414593,3682.74980545232,21.29
09-16-2024 06:16:00,108.984887439567,3683.79806530479,21.27
09-16-2024 06:26:00,108.889765069493,3688.17983183084,21.25
09-16-2024 06:36:00,108.99943504471,3690.79262842644,21.24
09-16-2024 06:46:00,110.414956115721,3693.15271025724,21.22
09-16-2024 06:56:00,110.219019554351,3695.71419913343,21.2
09-16-2024 07:06:00,110.321778547551,3684.42563481836,21.17
09-16-2024 07:16:00,108.011921047926,3673.13718034607,21.15
09-16-2024 07:26:00,110.53405309635,3661.84883571657,21.13
09-16-2024 07:36:00,109.529725260997,3650.56060092984,21.1
09-16-2024 07:46:00,109.535315702245,3683.59320569583,21.08
09-16-2024 07:56:00,109.339683176302,3698.96183965277,21.06
09-16-2024 08:06:00,108.741692346116,3714.33058345249,21.04
09-16-2024 08:16:00,109.250347972908,3711.71171840985,21.02
09-16-2024 08:26:00,109.155416656694,3709.09296321,21
09-16-2024 08:36:00,108.557675867197,3706.47431785294,20.98
09-16-2024 08:46:00,108.063904135044,3699.40668146394,20.97
09-16-2024 08:56:00,109.584670772771,3709.22203342467,20.97
09-16-2024 09:06:00,109.291990562131,3707.09330895953,20.96
09-16-2024 09:16:00,108.39604851553,3707.05647381279,20.95
09-16-2024 09:26:00,108.006198711642,3707.01974850883,20.95
09-16-2024 09:36:00,109.727907430137,3639.74298060544,20.95
09-16-2024 09:46:00,109.341402911762,3639.22321525926,20.96
09-16-2024 09:56:00,107.845425720845,3603.78789056371,20.96
09-16-2024 10:06:00,107.157110242108,3622.01204242841,20.97
09-16-2024 10:16:00,107.672291060158,3587.38033914898,20.97
09-16-2024 10:26:00,108.291311621929,3648.54436706834,20.98
09-16-2024 10:36:00,108.605394390407,3660.78072006359,20.98
09-16-2024 10:46:00,109.224510909368,3636.37207666814,20.99
09-16-2024 10:56:00,108.130590203339,3674.31498482606,20.99
09-16-2024 11:06:00,108.74972112342,3574.19460516603,21
09-16-2024 11:16:00,109.3722600304,3627.35132975117,21.02
09-16-2024 11:26:00,108.89492687852,3637.45322481807,21.06
09-16-2024 11:36:00,108.216095434946,3652.80816044172,21.1
09-16-2024 11:46:00,109.560201577503,3663.97466432594,21.17
09-16-2024 11:56:00,107.984531458462,3657.77977327783,21.24
09-16-2024 12:06:00,109.329623679575,3671.48801415382,21.31
09-16-2024 12:16:00,109.869393285923,3630.30010694365,21.38
09-16-2024 12:26:00,109.199489012553,3664.95283543451,21.45
09-16-2024 12:36:00,108.730800251791,3653.78234910958,21.52
09-16-2024 12:46:00,109.67802040358,3659.96794081165,21.6
09-16-2024 12:56:00,109.108133546332,3661.04559614883,21.67
09-16-2024 13:06:00,107.723189660332,3640.02466037924,21.72
09-16-2024 13:16:00,108.152708385787,3641.56413333794,21.76
09-16-2024 13:26:00,108.784520733058,3643.91629137554,21.8
09-16-2024 13:36:00,109.406600945133,3641.5660693376,21.81
09-16-2024 13:46:00,108.212957522996,3639.56511451581,21.83
09-16-2024 13:56:00,108.333039324085,3634.11197137911,21.85
09-16-2024 14:06:00,107.644439501797,3628.14937687373,21.87
09-16-2024 14:16:00,107.862336364172,3640.92618307515,21.88
09-16-2024 14:26:00,107.372556896104,3628.01327678341,21.89
09-16-2024 14:36:00,107.688336794181,3628.66284716051,21.89
09-16-2024 14:46:00,108.607433604758,3623.98828029997,21.88
09-16-2024 14:56:00,107.807918513244,3608.24763470047,21.87
09-16-2024 15:06:00,107.817165773288,3628.85528878933,21.86
09-16-2024 15:16:00,107.118877966169,3631.18692898011,21.85
09-16-2024 15:26:00,107.936744908811,3670.16247482378,21.84
09-16-2024 15:36:00,108.65016825551,3665.64329729762,21.82
09-16-2024 15:46:00,106.534097974229,3636.56911232515,21.8
09-16-2024 15:56:00,108.766363997811,3651.88730749844,21.79
09-16-2024 16:06:00,108.56695286712,3637.18418638566,21.76
09-16-2024 16:16:00,107.865825421797,3650.82918640913,21.74
09-16-2024 16:26:00,107.774103848677,3625.26867816886,21.73
09-16-2024 16:36:00,108.187401668654,3634.79954185739,21.72
09-16-2024 16:46:00,107.593929155796,3638.79656642864,21.72
09-16-2024 16:56:00,108.414469608167,3604.25882130067,21.72
09-16-2024 17:06:00,107.622224174463,3612.55749801331,21.73
09-16-2024 17:16:00,106.93090157405,3622.5817973438,21.74
09-16-2024 17:26:00,107.047647271972,3625.20321980478,21.75
09-16-2024 17:36:00,106.760312623624,3623.97037474142,21.76
09-16-2024 17:46:00,107.78956535246,3621.96877656934,21.78
09-16-2024 17:56:00,108.815771410778,3615.86508774395,21.79
09-16-2024 18:06:00,107.521214720574,3623.19806456067,21.81
09-16-2024 18:16:00,107.647709251223,3631.22979928569,21.85
09-16-2024 18:26:00,107.872129531862,3619.42194714421,21.88
09-16-2024 18:36:00,107.695399740142,3608.15781802341,21.92
09-16-2024 18:46:00,108.428862476029,3584.89653918495,21.96
09-16-2024 18:56:00,106.630370162785,3568.5945790747,21.99
09-16-2024 19:06:00,107.768613493451,3565.53818252524,22.03
09-16-2024 19:16:00,105.763760220664,3561.89535180678,22.05
09-16-2024 19:26:00,106.092449467487,3562.08996830002,22.09
09-16-2024 19:36:00,107.228033362601,3552.98829985151,22.12
09-16-2024 19:46:00,106.032050212394,3549.03534453524,22.14
09-16-2024 19:56:00,106.762891870578,3554.27794514214,22.17
09-16-2024 20:06:00,106.781837849795,3551.23973226872,22.19
09-16-2024 20:16:00,106.800789403458,3542.3970123914,22.21
09-16-2024 20:26:00,105.708536792065,3553.54763919878,22.24
09-16-2024 20:36:00,107.649213369763,3548.4337303292,22.25
09-16-2024 20:46:00,106.047078775645,3549.26345017189,22.27
09-16-2024 20:56:00,106.56948884097,3547.3061119912,22.28
09-16-2024 21:06:00,106.791117217421,3547.62641385122,22.3
09-16-2024 21:16:00,106.911444074662,3547.23346031385,22.32
09-16-2024 21:26:00,106.116379115154,3550.06531818738,22.33
09-16-2024 21:36:00,106.436252736868,3545.4571892712,22.34
09-16-2024 21:46:00,107.668515896634,3544.31408031847,22.35
09-16-2024 21:56:00,105.761306880104,3544.22633539552,22.37
09-16-2024 22:06:00,106.68642537919,3539.27480820692,22.37
09-16-2024 22:16:00,105.688348343528,3539.7623976344,22.38
09-16-2024 22:26:00,105.501324188763,3540.046186229,22.39
09-16-2024 22:36:00,106.93670925416,3541.14587417715,22.4
09-16-2024 22:46:00,106.645182683964,3542.92383102937,22.4
09-16-2024 22:56:00,106.965239664424,3547.59340011719,22.41
09-16-2024 23:06:00,106.977926621903,3547.12805835197,22.41
09-16-2024 23:16:00,106.280763767937,3540.44183625799,22.41
09-16-2024 23:26:00,107.003312826556,3539.46679695116,22.41
09-16-2024 23:36:00,106.508973568009,3536.35021513298,22.41
09-16-2024 23:46:00,105.81182300374,3536.90514719324,22.41
09-16-2024 23:56:00,105.922834512775,3528.85909085885,22.4
09-17-2024 00:06:00,106.33489960967,3515.68282322861,22.38
09-17-2024 00:16:00,107.253765990313,3509.74896311038,22.36
09-17-2024 00:26:00,107.361494798518,3511.3597104673,22.34
09-17-2024 00:36:00,105.239408290418,3481.27677733095,22.32
09-17-2024 00:46:00,106.053653790419,3522.59589894974,22.29
09-17-2024 00:56:00,107.576855234075,3534.35619212073,22.26
09-17-2024 01:06:00,107.526189530459,3539.04944817732,22.22
09-17-2024 01:16:00,107.475527923407,3594.43176163992,22.18
09-17-2024 01:26:00,106.156208812675,3614.63055872606,22.13
09-17-2024 01:36:00,104.837670370999,3627.388549092,22.08
09-17-2024 01:46:00,107.971968931713,3629.25826317612,22.03
09-17-2024 01:56:00,107.867536451972,3634.78529967315,21.98
09-17-2024 02:06:00,107.05530708776,3637.56548589726,21.93
09-17-2024 02:16:00,108.568741113746,3643.69463020981,21.88
09-17-2024 02:26:00,107.554672912158,3649.920651775,21.83
09-17-2024 02:36:00,106.642242293104,3649.03995671122,21.78
09-17-2024 02:46:00,108.050301249707,3656.83786531795,21.72
09-17-2024 02:56:00,107.236151978685,3665.23672302498,21.66
09-17-2024 03:06:00,108.239326799632,3668.05585214289,21.6
09-17-2024 03:16:00,107.728390350946,3667.02485307285,21.54
09-17-2024 03:26:00,106.716641484375,3668.36814000793,21.49
09-17-2024 03:36:00,109.433164009565,3676.54503790929,21.43
09-17-2024 03:46:00,108.519172673317,3681.68084627047,21.37
09-17-2024 03:56:00,107.404310309619,3680.74797597382,21.31
09-17-2024 04:06:00,109.516716975467,3687.5403006993,21.26
09-17-2024 04:16:00,108.502940042733,3687.0101958794,21.2
09-17-2024 04:26:00,107.791864417148,3687.38942165155,21.14
09-17-2024 04:36:00,107.990108950472,3685.29279878393,21.09
09-17-2024 04:46:00,108.389455433646,3678.25680748,21.04
09-17-2024 04:56:00,107.930698954595,3685.9993137253,20.98
09-17-2024 05:06:00,107.471946572109,3686.88385807471,20.92
09-17-2024 05:16:00,106.86604964316,3687.81404941648,20.87
09-17-2024 05:26:00,107.563538568212,3685.17477194808,20.81
09-17-2024 05:36:00,108.160122434758,3696.8249901981,20.75
09-17-2024 05:46:00,109.763564568196,3693.62782220364,20.7
09-17-2024 05:56:00,108.254441156866,3690.53417301831,20.65
09-17-2024 06:06:00,108.452097116968,3657.49843664131,20.6
09-17-2024 06:16:00,109.953781880866,3663.96508740144,20.55
09-17-2024 06:26:00,108.047953756996,3652.49723373833,20.51
09-17-2024 06:36:00,107.145730813353,3668.94299612171,20.47
09-17-2024 06:46:00,108.148652293265,3664.3053184277,20.43
09-17-2024 06:56:00,107.644607630316,3561.12560851099,20.38
09-17-2024 07:06:00,107.742008031238,3590.8835875705,20.33
09-17-2024 07:16:00,107.942674840994,3607.92816502202,20.29
09-17-2024 07:26:00,108.540653187932,3603.07938450771,20.24
09-17-2024 07:36:00,106.938976468686,3590.36031478961,20.2
09-17-2024 07:46:00,108.83808035725,3598.43855808072,20.15
09-17-2024 07:56:00,107.637440333377,3604.04720189074,20.11
09-17-2024 08:06:00,107.237686522859,3598.14606272256,20.07
09-17-2024 08:16:00,107.638265260305,3608.35297303364,20.03
09-17-2024 08:26:00,108.138663708227,3592.65572428045,19.99
09-17-2024 08:36:00,107.542272939648,3586.90195428618,19.96
09-17-2024 08:46:00,107.645814634477,3602.73905624479,19.93
09-17-2024 08:56:00,108.955025300808,3604.65678925861,19.92
09-17-2024 09:06:00,106.962722412746,3583.55443970438,19.9
09-17-2024 09:16:00,108.368536851676,3576.14586616221,19.88
09-17-2024 09:26:00,106.479741760377,3518.32820023229,19.87
09-17-2024 09:36:00,107.588752418381,3540.62951528985,19.86
09-17-2024 09:46:00,108.101298680917,3511.52036251347,19.86
09-17-2024 09:56:00,107.311802805222,3523.83282525115,19.85
09-17-2024 10:06:00,106.228740171388,3533.71154022717,19.86
09-17-2024 10:16:00,107.643684867798,3525.81055452483,19.87
09-17-2024 10:26:00,107.256949687604,3521.3735800349,19.87
09-17-2024 10:36:00,108.76879694851,3518.93461938668,19.87
09-17-2024 10:46:00,108.082294433362,3545.56527176545,19.87
09-17-2024 10:56:00,107.195945662722,3547.12233880062,19.87
09-17-2024 11:06:00,106.712355853189,3595.46770514194,19.88
09-17-2024 11:16:00,108.130645299919,3545.3415405293,19.9
09-17-2024 11:26:00,107.044268638485,3560.88793818447,19.9
09-17-2024 11:36:00,106.566682848221,3577.94055129954,19.93
09-17-2024 11:46:00,105.891983226576,3585.04088776696,19.97
09-17-2024 11:56:00,107.014004221167,3591.20882461192,20
09-17-2024 12:06:00,106.136066995665,3601.18060487867,20.03
09-17-2024 12:16:00,106.061117162728,3608.79415521262,20.07
09-17-2024 12:26:00,106.989833253853,3594.4299485249,20.12
09-17-2024 12:36:00,107.418591322647,3594.6740107328,20.17
09-17-2024 12:46:00,106.145436284357,3599.92698230995,20.22
09-17-2024 12:56:00,108.273696238701,3616.77059200838,20.26
09-17-2024 13:06:00,107.901730555853,3606.79787249778,20.31
09-17-2024 13:16:00,106.925234682267,3612.92539167132,20.35
09-17-2024 13:26:00,107.053835031491,3604.54869672696,20.4
09-17-2024 13:36:00,106.176885284406,3602.14938839941,20.44
09-17-2024 13:46:00,106.90702846858,3596.27181042949,20.49
09-17-2024 13:56:00,106.929274552754,3603.67228309264,20.52
09-17-2024 14:06:00,107.754070375717,3606.05399820638,20.55
09-17-2024 14:16:00,108.168401347885,3623.49031059576,20.55
09-17-2024 14:26:00,106.074791246319,3623.14782112833,20.55
09-17-2024 14:36:00,106.486093132291,3592.73553122699,20.54
09-17-2024 14:46:00,107.502285271681,3593.29725762151,20.54
09-17-2024 14:56:00,106.007673295665,3619.83371249899,20.53
09-17-2024 15:06:00,106.020753523411,3594.08310092811,20.53
09-17-2024 15:16:00,106.9335340236,3546.20538543273,20.52
09-17-2024 15:26:00,106.946622444477,3557.21134511389,20.52
09-17-2024 15:36:00,106.458212862832,3541.9070056375,20.52
09-17-2024 15:46:00,107.070046797506,3574.36846119875,20.51
09-17-2024 15:56:00,107.885504512013,3588.08504614762,20.51
09-17-2024 16:06:00,106.491454480095,3572.84799837015,20.5
09-17-2024 16:16:00,106.103408056455,3524.21213223234,20.5
09-17-2024 16:26:00,107.219698206916,3551.38225264985,20.5
09-17-2024 16:36:00,109.041189200367,3552.88178037447,20.51
09-17-2024 16:46:00,107.15177770766,3542.13019047835,20.52
09-17-2024 16:56:00,106.870098425306,3536.32957653702,20.54
09-17-2024 17:06:00,106.789002304377,3540.0702013263,20.56
09-17-2024 17:16:00,106.504191362114,3537.95305099736,20.57
09-17-2024 17:26:00,107.323037276359,3539.95488911907,20.58
09-17-2024 17:36:00,106.840592270974,3544.3002701691,20.6
09-17-2024 17:46:00,106.753391245229,3551.99861693997,20.6
09-17-2024 17:56:00,106.167464907636,3550.88689838295,20.61
09-17-2024 18:06:00,107.18720780437,3536.40817061566,20.62
09-17-2024 18:16:00,105.898694541898,3550.47227126406,20.63
09-17-2024 18:26:00,105.619677563772,3541.68397063952,20.66
09-17-2024 18:36:00,108.245888455407,3535.64438094125,20.67
09-17-2024 18:46:00,106.455103962783,3547.803735571,20.68
09-17-2024 18:56:00,106.376925748873,3540.31862685412,20.71
09-17-2024 19:06:00,107.205634246849,3545.43693065277,20.75
09-17-2024 19:16:00,107.127552929037,3517.21633583009,20.78
09-17-2024 19:26:00,106.148225558996,3509.14255416177,20.82
09-17-2024 19:36:00,107.175339354999,3511.30548290831,20.85
09-17-2024 19:46:00,108.102299982195,3525.45451223308,20.88
09-17-2024 19:56:00,107.524757752631,3522.91766357182,20.92
09-17-2024 20:06:00,106.742799573367,3513.79895079625,20.95
09-17-2024 20:16:00,107.569652074326,3540.86190159255,20.98
09-17-2024 20:26:00,107.99445085611,3501.09316369286,21.01
09-17-2024 20:36:00,108.620602136555,3516.16537124578,21.04
09-17-2024 20:46:00,108.140149095196,3517.42554352697,21.07
09-17-2024 20:56:00,105.74443827799,3525.92054156787,21.09
09-17-2024 21:06:00,107.078084964981,3520.2502911042,21.13
09-17-2024 21:16:00,107.19808845348,3525.62078451467,21.15
09-17-2024 21:26:00,107.92219176063,3521.70532542562,21.17
09-17-2024 21:36:00,107.740252542231,3515.16337028377,21.19
09-17-2024 21:46:00,107.356868432238,3499.42953831286,21.21
09-17-2024 21:56:00,106.369115172096,3510.25424091155,21.23
09-17-2024 22:06:00,105.078958040414,3506.63674275145,21.25
09-17-2024 22:16:00,106.505383123575,3506.12175836783,21.26
09-17-2024 22:26:00,107.629765568058,3500.55496505912,21.27
09-17-2024 22:36:00,105.832741131501,3505.6979506534,21.28
09-17-2024 22:46:00,105.748236926103,3515.38916436945,21.29
09-17-2024 22:56:00,106.472772566975,3520.36162491907,21.31
09-17-2024 23:06:00,105.679967054685,3516.38202406165,21.31
09-17-2024 23:16:00,106.09927766185,3520.51741206192,21.32
09-17-2024 23:26:00,106.011796572706,3519.16567084423,21.32
09-17-2024 23:36:00,107.4388766007,3526.73864173202,21.33
09-17-2024 23:46:00,106.54522190301,3522.85985615504,21.33
09-17-2024 23:56:00,106.054659278255,3506.44664600955,21.33
09-18-2024 00:06:00,107.579540631912,3510.2505366928,21.33
09-18-2024 00:16:00,106.282810247549,3507.1807602836,21.33
09-18-2024 00:26:00,107.505383812059,3504.61651849184,21.33
09-18-2024 00:36:00,108.324873496766,3507.10663428935,21.33
09-18-2024 00:46:00,104.811171532066,3499.48836443666,21.33
09-18-2024 00:56:00,106.839933339012,3508.04379721552,21.33
09-18-2024 01:06:00,107.857896911535,3497.87139338577,21.32
09-18-2024 01:16:00,107.16586401368,3489.3444140613,21.32
09-18-2024 01:26:00,106.87689979301,3491.63275250046,21.32
09-18-2024 01:36:00,106.481173558671,3513.97856320193,21.3
09-18-2024 01:46:00,107.096008120827,3503.20250145772,21.29
09-18-2024 01:56:00,106.8010758665,3499.97940705922,21.27
09-18-2024 02:06:00,106.707669694462,3495.74740329545,21.25
09-18-2024 02:16:00,107.621427743802,3492.32502973917,21.23
09-18-2024 02:26:00,107.326558761262,3494.96316770137,21.21
09-18-2024 02:36:00,107.635906405334,3490.93667942007,21.19
09-18-2024 02:46:00,107.83836968244,3485.14381429445,21.15
09-18-2024 02:56:00,108.94340775358,3507.68140949747,21.1
09-18-2024 03:06:00,107.032583168044,3533.96243676445,21.06
09-18-2024 03:16:00,106.729109073549,3579.250177738,21.01
09-18-2024 03:26:00,108.634945399809,3586.77552979329,20.95
09-18-2024 03:36:00,108.63278846977,3591.81024465733,20.9
09-18-2024 03:46:00,107.120245746539,3596.00113474233,20.84
09-18-2024 03:56:00,107.721295599287,3603.14192884249,20.79
09-18-2024 04:06:00,108.318924988002,3601.89246633444,20.73
09-18-2024 04:16:00,108.414216013743,3612.0061202468,20.67
09-18-2024 04:26:00,106.204303084986,3606.26750130788,20.62
09-18-2024 04:36:00,108.504322207235,3608.09832448535,20.55
09-18-2024 04:46:00,108.198357912438,3614.98291632493,20.49
09-18-2024 04:56:00,107.695161639155,3619.58947929901,20.44
09-18-2024 05:06:00,108.592330216783,3621.0466579304,20.38
09-18-2024 05:16:00,109.088152277507,3623.20470350402,20.32
09-18-2024 05:26:00,108.481994673442,3628.86848327257,20.26
09-18-2024 05:36:00,108.376846584888,3628.01673064185,20.2
09-18-2024 05:46:00,108.273353493965,3630.97057104127,20.14
09-18-2024 05:56:00,108.169864499607,3639.26294982977,20.09
09-18-2024 06:06:00,107.067784483401,3640.54678339082,20.04
09-18-2024 06:16:00,106.769276982886,3636.86762097554,20
09-18-2024 06:26:00,106.870825158457,3629.0925054399,19.96
09-18-2024 06:36:00,108.871461740182,3630.71669087521,19.92
09-18-2024 06:46:00,107.973190456009,3626.44588609639,19.88
09-18-2024 06:56:00,107.674790558926,3643.35084615938,19.84
09-18-2024 07:06:00,107.582331456564,3634.95992288108,19.82
09-18-2024 07:16:00,106.590936436536,3599.11624691325,19.8
09-18-2024 07:26:00,107.896865871365,3582.05103203497,19.78
09-18-2024 07:36:00,108.30679477298,3562.52730873834,19.77
09-18-2024 07:46:00,107.418476803052,3570.35393450206,19.76
09-18-2024 07:56:00,108.72710322393,3583.36899948632,19.75
09-18-2024 08:06:00,107.239771774758,3568.14139275354,19.74
09-18-2024 08:16:00,107.552825340565,3565.81943054381,19.74
09-18-2024 08:26:00,108.362086078497,3577.536070411,19.73
09-18-2024 08:36:00,107.377149230707,3570.62454599637,19.73
09-18-2024 08:46:00,108.885256914275,3575.854819523,19.72
09-18-2024 08:56:00,108.9986144542,3579.42042898781,19.72
09-18-2024 09:06:00,107.910888497233,3578.66389197893,19.71
09-18-2024 09:16:00,108.919670741579,3579.50378242447,19.7
09-18-2024 09:26:00,107.133333401901,3584.83247799473,19.69
09-18-2024 09:36:00,107.343527504401,3598.04013723114,19.68
09-18-2024 09:46:00,105.357876917703,3601.87080699203,19.67
09-18-2024 09:56:00,106.868574266606,3605.23632185162,19.67
09-18-2024 10:06:00,106.882121502795,3600.92239795986,19.67
09-18-2024 10:16:00,107.793965361117,3605.38521087561,19.67
09-18-2024 10:26:00,107.408279667962,3606.15796093307,19.67
09-18-2024 10:36:00,108.419942000033,3598.45339706055,19.67
09-18-2024 10:46:00,106.736730851967,3597.03221006239,19.67
09-18-2024 10:56:00,108.546883622117,3583.84247402248,19.67
09-18-2024 11:06:00,105.466336738522,3574.54248932109,19.67
09-18-2024 11:16:00,108.277630433333,3574.34964420719,19.68
09-18-2024 11:26:00,109.189554614066,3575.92102483397,19.68
09-18-2024 11:36:00,108.108181304553,3588.79571394822,19.69
09-18-2024 11:46:00,106.730142799053,3578.75954574268,19.71
09-18-2024 11:56:00,107.953769456004,3577.06471375462,19.75
09-18-2024 12:06:00,107.973385675881,3564.8257988709,19.77
09-18-2024 12:16:00,106.694577957841,3552.98225224256,19.79
09-18-2024 12:26:00,107.210543629988,3565.26753671074,19.8
09-18-2024 12:36:00,107.227117809231,3582.44734870989,19.81
09-18-2024 12:46:00,107.346564779275,3577.79298754482,19.83
09-18-2024 12:56:00,109.161496572121,3574.90395102839,19.84
09-18-2024 13:06:00,108.08215643555,3569.84770746549,19.86
09-18-2024 13:16:00,107.708068061633,3572.24410239748,19.9
09-18-2024 13:26:00,107.630714340703,3585.5048619216,19.93
09-18-2024 13:36:00,108.350120812366,3580.54649248452,19.95
09-18-2024 13:46:00,108.469797624735,3572.98714071262,19.97
09-18-2024 13:56:00,107.592544068584,3572.75541535836,20
09-18-2024 14:06:00,108.812295925786,3581.59434912827,20.02
09-18-2024 14:16:00,106.934560312321,3581.66462162346,20.05
09-18-2024 14:26:00,109.558249387282,3559.12025568262,20.08
09-18-2024 14:36:00,107.070754699647,3558.29603899984,20.08
09-18-2024 14:46:00,108.388042919109,3573.312721491,20.09
09-18-2024 14:56:00,106.906812926476,3585.36098552735,20.11
09-18-2024 15:06:00,105.519595457239,3573.72721172887,20.11
09-18-2024 15:16:00,108.532138263935,3595.99133740376,20.1
09-18-2024 15:26:00,106.944894459066,3588.96246853225,20.1
09-18-2024 15:36:00,107.862088639992,3571.25533642437,20.11
09-18-2024 15:46:00,106.474887557016,3567.52902105784,20.11
09-18-2024 15:56:00,108.089592575716,3568.60708027991,20.11
09-18-2024 16:06:00,108.103287288255,3581.49573351155,20.11
09-18-2024 16:16:00,107.316478895997,3573.36583832304,20.11
09-18-2024 16:26:00,107.630372002178,3574.94467131781,20.11
09-18-2024 16:36:00,106.74643259557,3577.75529359676,20.12
09-18-2024 16:46:00,107.760835372459,3575.83105061162,20.12
09-18-2024 16:56:00,109.078506950125,3592.3564874128,20.13
09-18-2024 17:06:00,107.393911808947,3569.94064425532,20.14
09-18-2024 17:16:00,109.312238039037,3571.95079951919,20.15
09-18-2024 17:26:00,107.72755940288,3566.35150253812,20.16
09-18-2024 17:36:00,107.443974754123,3574.47017012026,20.17
09-18-2024 17:46:00,108.865166304531,3565.09413445026,20.19
09-18-2024 17:56:00,108.181141099745,3564.20018631342,20.2
09-18-2024 18:06:00,108.197887257083,3549.68305521069,20.21
09-18-2024 18:16:00,108.214637857288,3534.76291403783,20.22
09-18-2024 18:26:00,108.832188834875,3538.4749964968,20.23
09-18-2024 18:36:00,107.650290812171,3540.11088691164,20.25
09-18-2024 18:46:00,106.665520579963,3554.34644626138,20.26
09-18-2024 18:56:00,107.182975668055,3553.55160186737,20.27
09-18-2024 19:06:00,109.30307762014,3551.45373322899,20.28
09-18-2024 19:16:00,106.915897347339,3553.76589511954,20.29
09-18-2024 19:26:00,107.436417706015,3551.29482925741,20.31
09-18-2024 19:36:00,108.758582673294,3564.16380476831,20.33
09-18-2024 19:46:00,107.776407631146,3563.4986942743,20.35
09-18-2024 19:56:00,107.395288177347,3572.56240523312,20.37
09-18-2024 20:06:00,108.32001161306,3573.93445610817,20.4
09-18-2024 20:16:00,107.042521475592,3577.44440328689,20.44
09-18-2024 20:26:00,106.664026571039,3577.41290762893,20.47
09-18-2024 20:36:00,108.190887598797,3572.16025455904,20.5
09-18-2024 20:46:00,108.617928414834,3578.48437798354,20.54
09-18-2024 20:56:00,108.443153183729,3577.17672657546,20.58
09-18-2024 21:06:00,107.763532710975,3572.32102127943,20.61
09-18-2024 21:16:00,107.886635827724,3567.46287712625,20.64
09-18-2024 21:26:00,107.708618709674,3569.43925905052,20.67
09-18-2024 21:36:00,108.534587441707,3570.41084656732,20.7
09-18-2024 21:46:00,106.147329954654,3570.27631288846,20.73
09-18-2024 21:56:00,108.781227336571,3573.5626193174,20.76
09-18-2024 22:06:00,108.600222425939,3557.49914065186,20.78
09-18-2024 22:16:00,108.723588481547,3564.10526003499,20.81
09-18-2024 22:26:00,107.336760982573,3565.3496442462,20.83
09-18-2024 22:36:00,107.356501400445,3561.76126567807,20.85
09-18-2024 22:46:00,108.280780072574,3562.50210963632,20.87
09-18-2024 22:56:00,107.094452770592,3556.09181689323,20.89
09-18-2024 23:06:00,107.516282334963,3559.95488509861,20.91
09-18-2024 23:16:00,108.440903321675,3560.09121642645,20.93
09-18-2024 23:26:00,108.862988342559,3553.47581520828,20.95
09-18-2024 23:36:00,108.178991588625,3546.55588022938,20.97
09-18-2024 23:46:00,108.195863094076,3556.64200089181,20.98
09-18-2024 23:56:00,108.618045433683,3553.04774164856,21
09-19-2024 00:06:00,108.836119808728,3554.86953147976,21.01
09-19-2024 00:16:00,108.554274548786,3553.89590056356,21.03
09-19-2024 00:26:00,106.35792370415,3550.27256339988,21.04
09-19-2024 00:36:00,108.286268469509,3557.33927061008,21.05
09-19-2024 00:46:00,107.803058084767,3559.89622790353,21.07
09-19-2024 00:56:00,107.71930659715,3560.50923791128,21.08
09-19-2024 01:06:00,108.544238321196,3558.22434599609,21.1
09-19-2024 01:16:00,107.652419584038,3560.22226488293,21.1
09-19-2024 01:26:00,108.172513093242,3558.61570832292,21.11
09-19-2024 01:36:00,107.283579064846,3553.98157493535,21.12
09-19-2024 01:46:00,107.09913045129,3561.55809062311,21.13
09-19-2024 01:56:00,107.317306850802,3565.4015324959,21.14
09-19-2024 02:06:00,106.626620495434,3568.61166880772,21.14
09-19-2024 02:16:00,106.539904118195,3561.72906274046,21.14
09-19-2024 02:26:00,107.359140659868,3551.61685380498,21.14
09-19-2024 02:36:00,107.775737377064,3562.19510176711,21.14
09-19-2024 02:46:00,108.292999171086,3558.94625202807,21.14
09-19-2024 02:56:00,108.605943367237,3551.43171385418,21.13
09-19-2024 03:06:00,107.912363905237,3550.98241795093,21.12
09-19-2024 03:16:00,108.222329960044,3561.5043378566,21.1
09-19-2024 03:26:00,109.032340381192,3538.70726567459,21.07
09-19-2024 03:36:00,109.540270180169,3628.56703350765,21.04
09-19-2024 03:46:00,108.740425231551,3638.22992599488,21.01
09-19-2024 03:56:00,108.242570287965,3641.13499025466,20.98
09-19-2024 04:06:00,108.649849203084,3648.77524581158,20.95
09-19-2024 04:16:00,107.948184048073,3654.66446120276,20.91
09-19-2024 04:26:00,109.762500236577,3659.37695604262,20.88
09-19-2024 04:36:00,109.063895048515,3647.4734877266,20.85
09-19-2024 04:56:00,108.049352401064,3655.53513181363,20.77
09-19-2024 05:06:00,109.460500362651,3660.04190666134,20.74
09-19-2024 05:16:00,108.458339024519,3661.19255876408,20.7
09-19-2024 05:26:00,109.166151679763,3666.09819817462,20.67
09-19-2024 05:36:00,108.465576900977,3661.91983806828,20.63
09-19-2024 05:46:00,108.269999461744,3667.32557552029,20.6
09-19-2024 05:56:00,107.569935559095,3665.15895742283,20.56
09-19-2024 06:06:00,108.87920441016,3665.3391309147,20.53
09-19-2024 06:16:00,107.781096467914,3652.06522658485,20.5
09-19-2024 06:26:00,107.786364027223,3652.4498516176,20.47
09-19-2024 06:36:00,107.290368303817,3652.53351855477,20.44
09-19-2024 06:46:00,109.300471340905,3656.83138536517,20.41
09-19-2024 06:56:00,108.704183762268,3665.54099714702,20.38
09-19-2024 07:06:00,110.512959814685,3669.13223190013,20.35
09-19-2024 07:16:00,109.315578753217,3643.24590201544,20.32
09-19-2024 07:26:00,108.318955803028,3620.17900178366,20.29
09-19-2024 07:36:00,108.424336598699,3654.44386130383,20.26
09-19-2024 07:46:00,108.029026613902,3632.98900575619,20.23
09-19-2024 07:56:00,108.83821978478,3644.83176545279,20.21
09-19-2024 08:06:00,109.547124097491,3624.42148359749,20.19
09-19-2024 08:16:00,107.252931783913,3655.28837226415,20.17
09-19-2024 08:26:00,107.261264773002,3651.60370742957,20.15
09-19-2024 08:36:00,109.070952036564,3646.71920829774,20.13
09-19-2024 08:46:00,109.182139264033,3625.2532520216,20.12
09-19-2024 08:56:00,108.592875595367,3619.70506298929,20.11
09-19-2024 09:06:00,109.907808263215,3622.39574775711,20.11
09-19-2024 09:16:00,108.918316832292,3616.94863221115,20.1
09-19-2024 09:26:00,109.032491124253,3619.63935073958,20.1
09-19-2024 09:36:00,109.747015311959,3611.12113341091,20.1
09-19-2024 09:46:00,108.263205288505,3602.13204210615,20.11
09-19-2024 09:56:00,109.177904838498,3611.12887356676,20.11
09-19-2024 10:06:00,109.892481684716,3608.31533070336,20.11
09-19-2024 10:16:00,104.585818713698,3591.15087000538,20.11
09-19-2024 10:26:00,105.052243173444,3601.17343981612,18.61
09-19-2024 10:36:00,105.518668587651,3611.19598167317,19.61
09-19-2024 10:46:00,105.985094956318,3621.21849557653,20.84
09-19-2024 10:56:00,106.451522279446,3631.24098152621,20.2
09-19-2024 11:06:00,106.917950557034,3641.2634395222,20.12
09-19-2024 11:16:00,107.205433640883,3641.34183312351,20.09
09-19-2024 11:26:00,106.796859242407,3635.27113699627,20.07
09-19-2024 11:36:00,107.497342873578,3631.41043399783,20.07
09-19-2024 11:46:00,108.097787122946,3636.65484654125,20.07
09-19-2024 11:56:00,105.90133440662,3634.14861294432,20.08
09-19-2024 12:06:00,106.706185465377,3630.04076081395,20.09
09-19-2024 12:16:00,107.619850354202,3633.24542494908,20.12
09-19-2024 12:26:00,106.440545186614,3666.20018177186,20.17
09-19-2024 12:36:00,107.572141909161,3663.32992615834,20.24
09-19-2024 12:46:00,108.203759173813,3618.85215057095,20.31
09-19-2024 12:56:00,106.831500475593,3655.87386274288,20.38
09-19-2024 13:06:00,108.064889811181,3628.70410318403,20.45
09-19-2024 13:16:00,108.396573746279,3659.3460608367,20.52
09-19-2024 13:26:00,106.822047869086,3656.46282684127,20.59
09-19-2024 13:36:00,107.358592125574,3650.71587831006,20.67
09-19-2024 13:46:00,108.188174783978,3630.36625763675,20.73
09-19-2024 13:56:00,107.009191875579,3648.94494552816,20.79
09-19-2024 14:06:00,108.035841050783,3611.30405401117,20.84
09-19-2024 14:16:00,108.049181102537,3606.66692207939,20.87
09-19-2024 14:26:00,106.34939035426,3608.42236503138,20.89
09-19-2024 14:36:00,106.44584117954,3634.89893099856,20.88
09-19-2024 14:46:00,106.944296392919,3642.84109044204,20.87
09-19-2024 14:56:00,107.849049554195,3641.16936227221,20.87
09-19-2024 15:06:00,108.142020663324,3645.43035128408,20.85
09-19-2024 15:16:00,107.02388485045,3644.09818390937,20.82
09-19-2024 15:26:00,108.522423914979,3652.48365539539,20.8
09-19-2024 15:36:00,107.011390768629,3644.41721773561,20.79
09-19-2024 15:46:00,107.601317012183,3642.58294842875,20.76
09-19-2024 15:56:00,107.592851209684,3644.32498404641,20.74
09-19-2024 16:06:00,107.580044184065,3646.21287349679,20.71
09-19-2024 16:16:00,109.282810649052,3642.67843843334,20.7
09-19-2024 16:26:00,109.479395765121,3637.03281300951,20.69
09-19-2024 16:36:00,108.270454044168,3634.60575592155,20.68
09-19-2024 16:46:00,109.073830671086,3631.72989359623,20.68
09-19-2024 16:56:00,107.367377748346,3622.31813709776,20.68
09-19-2024 17:06:00,107.969969843856,3620.14608138101,20.68
09-19-2024 17:16:00,108.074968502986,3616.41742084612,20.69
09-19-2024 17:26:00,108.978794419424,3617.0608000856,20.69
09-19-2024 17:36:00,108.280620704541,3615.74513102407,20.7
09-19-2024 17:46:00,107.481956517623,3602.86292635596,20.71
09-19-2024 17:56:00,108.189447574867,3608.58670020582,20.72
09-19-2024 18:06:00,107.984485762484,3613.60382195348,20.71
09-19-2024 18:16:00,108.189925531895,3609.16936092943,20.72
09-19-2024 18:26:00,106.980859234926,3606.14030052871,20.71
09-19-2024 18:36:00,107.989574412586,3597.98353084902,20.72
09-19-2024 18:46:00,107.797696957363,3598.92947090056,20.74
09-19-2024 18:56:00,108.30446691863,3593.1846305436,20.75
09-19-2024 19:06:00,108.92058113233,3587.73970406334,20.78
09-19-2024 19:16:00,107.929410191085,3580.27886804962,20.81
09-19-2024 19:26:00,108.143730213749,3572.81429850635,20.84
09-19-2024 19:36:00,105.845534450922,3574.30892054308,20.87
09-19-2024 19:46:00,107.165300811405,3564.9251609467,20.9
09-19-2024 19:56:00,107.886662128167,3560.62217490942,20.94
09-19-2024 20:06:00,110.414062329458,3557.57923362342,20.97
09-19-2024 20:16:00,106.304105687418,3559.57538887418,21
09-19-2024 20:26:00,106.422072041796,3558.0905233722,21.04
09-19-2024 20:36:00,107.948857569849,3556.30193396162,21.08
09-19-2024 20:46:00,108.868027652055,3550.42875158157,21.11
09-19-2024 20:56:00,108.181331905866,3552.16920495036,21.15
09-19-2024 21:06:00,107.989010579087,3543.92305079904,21.17
09-19-2024 21:16:00,108.405190006078,3544.60580708675,21.2
09-19-2024 21:26:00,106.907957986265,3543.16774709711,21.23
09-19-2024 21:36:00,107.02190265753,3538.49601475845,21.26
09-19-2024 21:46:00,109.146410940269,3540.14219223167,21.28
09-19-2024 21:56:00,107.346334525299,3543.55311023517,21.31
09-19-2024 22:06:00,108.161462903062,3535.5975549202,21.33
09-19-2024 22:16:00,106.562273262478,3537.28970574949,21.36
09-19-2024 22:26:00,107.276747753867,3536.61080988545,21.38
09-19-2024 22:36:00,107.794136397099,3533.54962266167,21.41
09-19-2024 22:46:00,107.702319059824,3531.45333562639,21.43
09-19-2024 22:56:00,108.614481520111,3536.29233802601,21.44
09-19-2024 23:06:00,106.606631538249,3531.36246613826,21.46
09-19-2024 23:16:00,107.22067091493,3533.11069070864,21.48
09-19-2024 23:26:00,107.830476099979,3533.396861776,21.49
09-19-2024 23:36:00,107.435992625321,3532.51363781841,21.51
09-19-2024 23:46:00,107.037085927629,3535.53324790489,21.52
09-19-2024 23:56:00,108.151470524239,3539.46455200699,21.53
09-20-2024 00:06:00,107.454232831455,3537.77169962118,21.55
09-20-2024 00:16:00,108.266117693171,3534.31096479334,21.56
09-20-2024 00:26:00,107.160758981223,3536.72404190878,21.57
09-20-2024 00:36:00,107.669967701358,3537.61808986435,21.58
09-20-2024 00:46:00,109.789531590092,3542.31555815075,21.58
09-20-2024 00:56:00,108.57878796195,3548.43107987201,21.58
09-20-2024 01:06:00,108.780903427623,3549.38070572414,21.58
09-20-2024 01:16:00,108.478427655131,3556.61037834332,21.58
09-20-2024 01:26:00,108.171553375341,3556.70242154187,21.57
09-20-2024 01:36:00,107.763809047765,3557.40209432622,21.56
09-20-2024 01:46:00,106.750708046313,3566.10171641367,21.55
09-20-2024 01:56:00,108.154807860949,3577.58629573285,21.53
09-20-2024 02:06:00,107.839288402346,3576.16176032538,21.5
09-20-2024 02:16:00,106.519641071767,3578.22763450228,21.48
09-20-2024 02:26:00,107.318111321698,3581.70954309214,21.46
09-20-2024 02:36:00,108.31366581797,3589.49115070336,21.43
09-20-2024 02:46:00,109.10724859669,3588.77299987562,21.4
09-20-2024 02:56:00,107.279875674079,3593.92008187006,21.37
09-20-2024 03:06:00,107.968204989025,3624.38656762598,21.33
09-20-2024 03:16:00,109.558480898006,3642.34990366285,21.28
09-20-2024 03:26:00,109.339449841188,3649.74792220577,21.24
09-20-2024 03:36:00,110.122978881462,3653.65313139552,21.19
09-20-2024 03:46:00,109.899444947601,3657.05060236645,21.14
09-20-2024 03:56:00,109.177327688256,3659.49172316225,21.1
09-20-2024 04:06:00,108.144934597087,3661.82057687425,21.04
09-20-2024 04:16:00,109.636389898226,3663.65342536268,21
09-20-2024 04:26:00,109.513797548605,3666.73959121808,20.95
09-20-2024 04:36:00,109.190235104182,3669.72260152702,20.9
09-20-2024 04:46:00,107.966801679968,3674.37057385754,20.86
09-20-2024 04:56:00,108.447607593249,3671.30898389162,20.81
09-20-2024 05:06:00,109.937013678121,3673.33692237151,20.77
09-20-2024 05:16:00,109.412837288144,3675.50853712878,20.72
09-20-2024 05:26:00,108.993775987815,3675.32162746745,20.68
09-20-2024 05:36:00,109.076759620123,3677.44684178235,20.64
09-20-2024 05:46:00,109.251179769095,3677.74978237002,20.58
09-20-2024 05:56:00,109.530231138889,3682.82904790973,20.53
09-20-2024 06:06:00,110.118921226086,3681.2913336299,20.5
09-20-2024 06:16:00,108.693177492348,3684.35873032287,20.45
09-20-2024 06:26:00,109.678256350988,3684.37043121637,20.41
09-20-2024 06:36:00,108.959250635118,3684.18158722906,20.37
09-20-2024 06:46:00,109.23805365996,3684.63808642861,20.32
09-20-2024 06:56:00,108.824413266096,3682.10046278757,20.29
09-20-2024 07:06:00,108.807114999731,3685.92080723858,20.25
09-20-2024 07:16:00,108.689704706413,3684.73025468002,20.21
09-20-2024 07:26:00,109.3775664075,3685.59995032682,20.18
09-20-2024 07:36:00,109.560316249955,3684.91085193663,20.14
09-20-2024 07:46:00,108.551057639632,3681.43247510607,20.12
09-20-2024 07:56:00,110.339160265157,3686.60558002597,20.09
09-20-2024 08:06:00,108.734255649926,3674.27901291225,20.08
09-20-2024 08:16:00,109.630545392058,3679.56437864193,20.07
09-20-2024 08:26:00,108.025868538509,3676.54486443855,20.06
09-20-2024 08:36:00,109.122155412403,3672.02522662595,20.05
09-20-2024 08:46:00,109.122477906206,3661.55895555996,20.05
09-20-2024 08:56:00,108.82271492958,3655.49443265694,20.05
09-20-2024 09:06:00,107.72272244104,3654.7320212135,20.05
09-20-2024 09:16:00,108.623307072896,3646.16643324591,20.05
09-20-2024 09:26:00,108.523604576244,3647.90497505229,20.05
09-20-2024 09:36:00,108.623960650647,3655.64591088224,20.05
09-20-2024 09:46:00,107.628329290353,3654.8373223409,20.06
09-20-2024 09:56:00,109.929453620185,3655.97561886017,20.06
09-20-2024 10:06:00,108.729368886295,3651.5111745922,20.06
09-20-2024 10:16:00,109.034213387457,3649.20121069592,20.07
09-20-2024 10:26:00,108.33426307202,3648.63854326606,20.07
09-20-2024 10:36:00,107.642973209827,3635.47339886096,20.09
09-20-2024 10:46:00,107.64763765516,3632.76110630654,20.1
09-20-2024 10:56:00,108.352747355336,3634.85259015121,20.11
09-20-2024 11:06:00,108.457524249333,3637.54494330081,20.12
09-20-2024 11:16:00,107.161265032844,3642.84041178885,20.13
09-20-2024 11:26:00,108.162352159136,3640.77566184649,20.13
09-20-2024 11:36:00,106.961791645421,3650.12285625058,20.13
09-20-2024 11:46:00,108.363180425083,3656.46687209569,20.13
09-20-2024 11:56:00,107.558595337209,3656.35015107062,20.12
09-20-2024 12:06:00,106.766944233418,3640.87782580833,20.14
09-20-2024 12:16:00,106.675757155739,3628.40430585083,20.16
09-20-2024 12:26:00,106.984965072637,3626.34181022253,20.18
09-20-2024 12:36:00,107.089713666686,3640.45207574099,20.19
09-20-2024 12:46:00,107.49049730715,3652.20722620661,20.19
09-20-2024 12:56:00,106.790076743148,3648.63885320286,20.19
09-20-2024 13:06:00,108.196322250149,3646.62590586526,20.2
09-20-2024 13:16:00,106.590553197354,3658.52812946285,20.19
09-20-2024 13:26:00,108.197019733081,3648.50297050826,20.2
09-20-2024 13:36:00,106.804323802692,3637.22629937324,20.22
09-20-2024 13:46:00,109.011878376217,3641.12272294765,20.23
09-20-2024 13:56:00,108.816366173209,3640.71138208803,20.24
09-20-2024 14:06:00,109.121553366852,3647.21387346264,20.25
09-20-2024 14:16:00,108.521042111896,3649.95621485568,20.25
09-20-2024 14:26:00,108.116459126631,3651.84340193026,20.24
09-20-2024 14:36:00,107.115430712875,3645.76839984921,20.24
09-20-2024 14:46:00,109.632593124358,3639.04916172585,20.27
09-20-2024 14:56:00,108.235138649914,3635.63044730547,20.28
09-20-2024 15:06:00,107.843543305275,3628.35356313192,20.3
09-20-2024 15:16:00,106.741998932768,3629.49290757412,20.3
09-20-2024 15:26:00,106.642186505875,3633.23853393884,20.3
09-20-2024 15:36:00,107.147719945523,3631.12159067313,20.31
09-20-2024 15:46:00,108.045334101313,3626.79596923826,20.3
09-20-2024 15:56:00,107.444659042224,3627.63447380308,20.3
09-20-2024 16:06:00,107.850062708181,3617.69739788515,20.31
09-20-2024 16:16:00,107.654406113078,3616.6817067498,20.32
09-20-2024 16:26:00,107.3585374057,3612.25672244258,20.33
09-20-2024 16:36:00,109.171180134673,3605.87515345006,20.35
09-20-2024 16:46:00,106.67077814654,3602.65160526755,20.36
09-20-2024 16:56:00,107.581682902751,3600.17879467996,20.38
09-20-2024 17:06:00,107.185485974866,3610.69714538476,20.39
09-20-2024 17:16:00,106.985406854617,3606.52015138914,20.39
09-20-2024 17:26:00,107.090309133355,3607.40868883719,20.4
09-20-2024 17:36:00,108.193222466305,3609.65201580514,20.4
09-20-2024 17:46:00,108.398439100028,3612.04576922781,20.41
09-20-2024 17:56:00,108.198340651085,3606.96497717961,20.41
09-20-2024 18:06:00,107.898006437567,3604.19179245054,20.41
09-20-2024 18:16:00,109.306130731649,3600.36408375369,20.42
09-20-2024 18:26:00,107.711311436071,3600.09702363604,20.44
09-20-2024 18:36:00,107.114473232978,3595.26429733634,20.45
09-20-2024 18:46:00,106.922926564631,3583.25166694893,20.47
09-20-2024 18:56:00,107.633883855376,3583.48350533665,20.49
09-20-2024 19:06:00,108.946774052727,3579.09633627574,20.51
09-20-2024 19:16:00,107.150475873312,3574.20552508532,20.53
09-20-2024 19:26:00,109.366475650002,3576.94693896197,20.55
09-20-2024 19:36:00,108.472777094426,3571.45127624188,20.57
09-20-2024 19:46:00,108.285638548434,3570.62248197298,20.6
09-20-2024 19:56:00,108.591462056335,3567.38852073776,20.61
09-20-2024 20:06:00,107.898094906449,3566.91396679992,20.63
09-20-2024 20:16:00,106.205070122109,3567.79251819149,20.66
09-20-2024 20:26:00,106.916733293402,3559.07243536147,20.68
09-20-2024 20:36:00,107.929776456934,3559.40057940931,20.7
09-20-2024 20:46:00,108.641805520522,3555.80596488613,20.72
09-20-2024 20:56:00,108.74702272064,3559.70935861202,20.73
09-20-2024 21:06:00,108.048828486095,3560.39411153465,20.74
09-20-2024 21:16:00,107.6562022019,3561.2254491947,20.76
09-20-2024 21:26:00,107.962280424511,3558.69037213381,20.77
09-20-2024 21:36:00,108.469297590483,3559.87827084549,20.78
09-20-2024 21:46:00,108.172717379829,3559.15412170282,20.79
09-20-2024 21:56:00,108.780270152255,3555.71226043725,20.8
09-20-2024 22:06:00,108.081800440429,3555.49084505489,20.81
09-20-2024 22:16:00,107.986098160028,3553.05468842514,20.82
09-20-2024 22:26:00,108.384007246047,3556.26559397979,20.81
09-20-2024 22:36:00,108.589748002301,3561.37938344139,20.82
09-20-2024 22:46:00,108.79109979368,3560.00505086969,20.82
09-20-2024 22:56:00,108.586152745463,3563.11468307366,20.81
09-20-2024 23:06:00,109.088901057795,3563.04897087521,20.81
09-20-2024 23:16:00,108.386025360756,3565.0970481132,20.81
09-20-2024 23:26:00,107.477876037037,3562.97218499939,20.8
09-20-2024 23:36:00,109.985374894549,3553.09825632276,20.79
09-20-2024 23:46:00,107.972275742565,3562.54754733203,20.78
09-20-2024 23:56:00,108.068765947594,3569.17779002984,20.77
09-21-2024 00:06:00,108.968763468015,3570.57486059681,20.76
09-21-2024 00:16:00,109.065186866116,3569.45647495276,20.75
09-21-2024 00:26:00,108.759887852404,3571.65809026597,20.74
09-21-2024 00:36:00,108.555047415295,3574.06052736101,20.73
09-21-2024 00:46:00,107.446483652527,3575.75847740571,20.72
09-21-2024 00:56:00,108.547083188796,3576.45038311687,20.71
09-21-2024 01:06:00,109.547151592902,3579.55580514919,20.7
09-21-2024 01:16:00,108.835909541844,3582.91500860117,20.68
09-21-2024 01:26:00,109.63055719817,3581.84957706216,20.66
09-21-2024 01:36:00,110.329149492451,3583.94803219816,20.65
09-21-2024 01:46:00,108.714747925215,3584.79242234841,20.63
09-21-2024 01:56:00,109.910593448117,3590.9627738519,20.61
09-21-2024 02:06:00,109.801730575367,3590.90147862526,20.59
09-21-2024 02:16:00,108.685199469339,3591.49548173815,20.56
09-21-2024 02:26:00,110.181503948748,3594.94948669551,20.54
09-21-2024 02:36:00,109.370554040478,3598.8040734576,20.52
09-21-2024 02:46:00,109.056816677524,3600.80146808702,20.49
09-21-2024 02:56:00,110.54797108244,3620.86499819774,20.46
09-21-2024 03:06:00,110.133892362496,3636.80454038803,20.43
09-21-2024 03:16:00,109.314602147081,3647.06590224,20.39
09-21-2024 03:26:00,108.595893382763,3652.90821697806,20.35
09-21-2024 03:36:00,110.682526167935,3660.2505717607,20.31
09-21-2024 03:46:00,110.869756229186,3662.33014831196,20.28
09-21-2024 03:56:00,109.650455942463,3663.35318216477,20.24
09-21-2024 04:06:00,109.828877245306,3669.02923587719,20.19
09-21-2024 04:16:00,108.815021866272,3668.60158062236,20.16
09-21-2024 04:26:00,109.598425499268,3672.82487574418,20.12
09-21-2024 04:36:00,110.58156133099,3674.9441449802,20.08
09-21-2024 04:46:00,109.963876459815,3676.46191085627,20.04
09-21-2024 04:56:00,109.542042429125,3676.32433271314,19.99
09-21-2024 05:06:00,108.425063405288,3682.0389860591,19.95
09-21-2024 05:16:00,109.811752770152,3678.41136407125,19.92
09-21-2024 05:26:00,110.49392069033,3685.52087169855,19.88
09-21-2024 05:36:00,109.472914210238,3688.1762633082,19.83
09-21-2024 05:46:00,109.955050863917,3688.58893288843,19.79
09-21-2024 05:56:00,110.237254412554,3689.9993818431,19.75
09-21-2024 06:06:00,110.914155978591,3691.05427525759,19.7
09-21-2024 06:16:00,111.695018029639,3693.06139523736,19.66
09-21-2024 06:26:00,109.386708767319,3694.12593072055,19.63
09-21-2024 06:36:00,109.968081311709,3694.43664483786,19.59
09-21-2024 06:46:00,110.6534163306,3696.49679564502,19.56
09-21-2024 06:56:00,109.538953562712,3699.79510267747,19.52
09-21-2024 07:06:00,110.024675043047,3697.76969213628,19.49
09-21-2024 07:16:00,109.214261270214,3698.43357980926,19.46
09-21-2024 07:26:00,109.101837050659,3698.99764212831,19.43
09-21-2024 07:36:00,108.291863529376,3697.86966109583,19.4
09-21-2024 07:46:00,109.678641851809,3698.38990284771,19.38
09-21-2024 07:56:00,109.570612183323,3701.29766082735,19.36
09-21-2024 08:06:00,111.260307662758,3700.1820670059,19.35
09-21-2024 08:16:00,109.060190338498,3697.61843457431,19.33
09-21-2024 08:26:00,110.844744307247,3692.56948384838,19.31
09-21-2024 08:36:00,110.2475784889,3693.69795676598,19.31
09-21-2024 08:46:00,109.849621891678,3685.57790016117,19.31
09-21-2024 08:56:00,108.555229048925,3676.06556805469,19.31
09-21-2024 09:06:00,110.547773560604,3661.58089532318,19.31
09-21-2024 09:16:00,109.755832274512,3653.71167427013,19.32
09-21-2024 09:26:00,109.059027091435,3641.91103669218,19.32
09-21-2024 09:36:00,108.366572335573,3637.52069466017,19.33
09-21-2024 09:46:00,108.375738441524,3619.45196758236,19.35
09-21-2024 09:56:00,109.182014955731,3614.80907832619,19.37
09-21-2024 10:06:00,107.995480028633,3610.26413689992,19.39
09-21-2024 10:16:00,108.498556594721,3609.65024413678,19.4
09-21-2024 10:26:00,109.105747148561,3607.69113477391,19.42
09-21-2024 10:36:00,107.918865408068,3602.5457213167,19.44
09-21-2024 10:46:00,108.625820469075,3601.28166153121,19.46
09-21-2024 10:56:00,108.236223653421,3602.30751311094,19.48
09-21-2024 11:06:00,108.548892165909,3599.59653355315,19.51
09-21-2024 11:16:00,108.761933502219,3599.77342823007,19.54
09-21-2024 11:26:00,106.984266434992,3589.93210936902,19.58
09-21-2024 11:36:00,106.511443569083,3607.29772982337,19.64
09-21-2024 11:46:00,108.034845039343,3607.22223477544,19.7
09-21-2024 11:56:00,108.065712188852,3612.78443146346,19.77
09-21-2024 12:06:00,108.300778920083,3625.89287812051,19.85
09-21-2024 12:16:00,108.740367942446,3602.48666592285,19.94
09-21-2024 12:26:00,106.975746366028,3593.30243858281,20.02
09-21-2024 12:36:00,107.906712153757,3598.97045484142,20.09
09-21-2024 12:46:00,108.733946487878,3603.19481871594,20.15
09-21-2024 12:56:00,107.959816215306,3597.70665664149,20.21
09-21-2024 13:06:00,107.681596242829,3566.5119792546,20.26
09-21-2024 13:16:00,106.706242157478,3550.0725999473,20.32
09-21-2024 13:26:00,107.024468767891,3550.58166875296,20.36
09-21-2024 13:36:00,106.140071900643,3541.56018774143,20.4
09-21-2024 13:46:00,107.155787795919,3546.13771148801,20.43
09-21-2024 13:56:00,107.365411557308,3540.837786244,20.45
09-21-2024 14:06:00,107.470487271856,3554.46386889402,20.46
09-21-2024 14:16:00,106.973947292493,3565.38182983089,20.47
09-21-2024 14:26:00,108.282341288387,3563.95367970958,20.48
09-21-2024 14:36:00,107.38033941183,3558.16374064774,20.48
09-21-2024 14:46:00,108.087136049415,3559.04393276153,20.49
09-21-2024 14:56:00,108.08763130056,3556.66695590834,20.49
09-21-2024 15:06:00,108.894800279941,3553.02877877013,20.5
09-21-2024 15:16:00,108.5944309445,3548.64343994365,20.5
09-21-2024 15:26:00,108.193773731684,3548.6758990911,20.5
09-21-2024 15:36:00,107.692828641492,3546.09779678218,20.5
09-21-2024 15:46:00,107.793617496775,3547.03384623472,20.5
09-21-2024 15:56:00,108.496140297533,3543.85325721012,20.5
09-21-2024 16:06:00,110.411122308617,3541.16019273604,20.52
09-21-2024 16:16:00,110.014897252426,3530.48950257982,20.53
09-21-2024 16:26:00,108.820536435509,3525.68412304787,20.55
09-21-2024 16:36:00,107.931243130697,3514.38786424648,20.58
09-21-2024 16:46:00,109.76008484616,3528.7960831776,20.63
09-21-2024 16:56:00,107.87543563259,3541.40592593098,20.68
09-21-2024 17:06:00,108.901942348108,3534.61149751815,20.73
09-21-2024 17:16:00,110.029494968296,3545.42226891871,20.78
09-21-2024 17:26:00,111.061762608956,3504.93783329256,20.84
09-21-2024 17:36:00,109.074686123714,3494.69473272822,20.89
09-21-2024 17:46:00,110.610031893808,3512.69789047817,20.95
09-21-2024 17:56:00,110.029670256104,3485.91507278513,21
09-21-2024 18:06:00,109.65465619011,3493.33916407797,21.06
09-21-2024 18:16:00,109.983926990374,3494.81654013618,21.12
09-21-2024 18:26:00,110.011374542825,3500.9394283463,21.18
09-21-2024 18:36:00,110.340999933487,3472.32043504903,21.24
09-21-2024 18:46:00,110.464826921893,3481.73475289526,21.29
09-21-2024 18:56:00,111.298740430571,3494.22865919006,21.35
09-21-2024 19:06:00,110.313983350736,3469.37270912574,21.4
09-21-2024 19:16:00,108.122935587243,3484.7048605767,21.46
09-21-2024 19:26:00,109.053298142187,3461.23967108618,21.51
09-21-2024 19:36:00,110.488735633083,3494.26660150181,21.56
09-21-2024 19:46:00,110.007223557424,3483.0451443775,21.61
09-21-2024 19:56:00,108.309443859204,3487.68879782323,21.65
09-21-2024 20:06:00,109.846824850222,3458.61131181506,21.7
09-21-2024 20:16:00,109.158244038646,3452.39775964087,21.74
09-21-2024 20:26:00,109.378666459766,3441.51298291931,21.78
09-21-2024 20:36:00,109.291549254605,3439.41584025947,21.81
09-21-2024 20:46:00,109.41101692297,3435.11886181762,21.85
09-21-2024 20:56:00,109.323871368261,3432.71412625752,21.88
09-21-2024 21:06:00,110.551157306488,3426.44862625046,21.91
09-21-2024 21:16:00,109.149491193363,3427.90082789305,21.94
09-21-2024 21:26:00,108.147525049201,3427.28754296101,21.96
09-21-2024 21:36:00,108.561477137186,3423.93014287136,21.98
09-21-2024 21:46:00,109.182320197645,3430.15979597317,22.01
09-21-2024 21:56:00,108.984964426842,3428.29245364412,22.02
09-21-2024 22:06:00,108.690838308225,3429.71202224295,22.04
09-21-2024 22:16:00,108.801447671862,3433.57255819131,22.06
09-21-2024 22:26:00,109.510391531905,3439.80567983478,22.06
09-21-2024 22:36:00,110.228386718609,3440.10863308752,22.08
09-21-2024 22:46:00,110.638326842566,3443.32654316203,22.09
09-21-2024 22:56:00,109.93033834553,3448.44221222496,22.09
09-21-2024 23:06:00,109.622734266264,3455.65782746805,22.08
09-21-2024 23:16:00,109.830204830507,3456.639155185,22.09
09-21-2024 23:26:00,109.725033777074,3457.95504476527,22.08
09-21-2024 23:36:00,108.713452580022,3466.01970221596,22.08
09-21-2024 23:46:00,110.227662087886,3461.02936049646,22.07
09-21-2024 23:56:00,108.908073449547,3463.8700017754,22.06
09-22-2024 00:06:00,110.422097128239,3465.38830215107,22.05
09-22-2024 00:16:00,110.312391916623,3470.32609142784,22.03
09-22-2024 00:26:00,108.786314864295,3479.22657944375,22.01
09-22-2024 00:36:00,109.688423323893,3483.7539805643,21.99
09-22-2024 00:46:00,110.48010076118,3487.49156350704,21.95
09-22-2024 00:56:00,110.168208732289,3493.13283812224,21.93
09-22-2024 01:06:00,110.155211146982,3500.56090659614,21.9
09-22-2024 01:16:00,111.653949296959,3504.59493930986,21.86
09-22-2024 01:26:00,111.34208735516,3512.56399724551,21.84
09-22-2024 01:36:00,109.505455303139,3534.24868869415,21.8
09-22-2024 01:46:00,111.908079009661,3557.70103400762,21.75
09-22-2024 01:56:00,111.284216392144,3576.00893168062,21.71
09-22-2024 02:06:00,111.06453030795,3581.93824185224,21.67
09-22-2024 02:16:00,110.340208736621,3589.38372498821,21.63
09-22-2024 02:26:00,111.130089810011,3595.81139850888,21.59
09-22-2024 02:36:00,111.713205856731,3603.70616068852,21.54
09-22-2024 02:46:00,110.993838440187,3605.11113980632,21.51
09-22-2024 02:56:00,112.186436451828,3605.15191569549,21.47
09-22-2024 03:06:00,111.664362712505,3608.83475190085,21.43
09-22-2024 03:16:00,110.945466818996,3612.36134057257,21.4
09-22-2024 03:26:00,111.129422634613,3615.53427603958,21.36
09-22-2024 03:36:00,111.917891122541,3615.57182044156,21.32
09-22-2024 03:46:00,112.211518590301,3618.33409524686,21.3
09-22-2024 03:56:00,113.004128027066,3618.52060559481,21.27
09-22-2024 04:06:00,111.173201481428,3622.79939642846,21.23
09-22-2024 04:16:00,111.864976111562,3627.22586190851,21.2
09-22-2024 04:26:00,112.451203098583,3630.08625051707,21.16
09-22-2024 04:36:00,111.733305013419,3634.10481335994,21.13
09-22-2024 04:46:00,111.413640815373,3640.59338294601,21.09
09-22-2024 04:56:00,112.306045669989,3643.80027032699,21.06
09-22-2024 05:06:00,112.589926744555,3643.32482389411,21.02
09-22-2024 05:16:00,110.967429872799,3644.61399878719,20.99
09-22-2024 05:26:00,111.452608802145,3646.25488570178,20.95
09-22-2024 05:36:00,111.837037283424,3651.21917584894,20.91
09-22-2024 05:46:00,110.91474158042,3651.74918489194,20.87
09-22-2024 05:56:00,111.399599408128,3655.39981042109,20.83
09-22-2024 06:06:00,111.888820564801,3652.15503332725,20.8
09-22-2024 06:16:00,112.373259037166,3653.38874450587,20.76
09-22-2024 06:26:00,110.447479844759,3654.62171125487,20.72
09-22-2024 06:36:00,110.032967280953,3654.09526647552,20.69
09-22-2024 06:46:00,112.023167599811,3659.95166302097,20.65
09-22-2024 06:56:00,111.900461968396,3663.34047969137,20.6
09-22-2024 07:06:00,111.084670924913,3665.0227310472,20.57
09-22-2024 07:16:00,111.769271234366,3664.94471562037,20.53
09-22-2024 07:26:00,110.352102162627,3664.71800657436,20.5
09-22-2024 07:36:00,109.837868446807,3663.2868742296,20.47
09-22-2024 07:46:00,112.130928411449,3663.46217412425,20.44
09-22-2024 07:56:00,110.805646143534,3666.34259998395,20.39
09-22-2024 08:06:00,111.894988587744,3665.61451365945,20.36
09-22-2024 08:16:00,112.28721882761,3668.34806187847,20.34
09-22-2024 08:26:00,110.976220396219,3668.57426684061,20.32
09-22-2024 08:36:00,110.061750380109,3665.74120952179,20.29
09-22-2024 08:46:00,111.951797609018,3662.60893118751,20.26
09-22-2024 08:56:00,111.642830474232,3661.83404066221,20.24
09-22-2024 09:06:00,110.532920662021,3651.44234062504,20.22
09-22-2024 09:16:00,110.529028503926,3653.22440233088,20.21
09-22-2024 09:26:00,111.025714482729,3643.58773964377,20.2
09-22-2024 09:36:00,111.922782444023,3645.37013420069,20.19
09-22-2024 09:46:00,109.720975231348,3634.7834920729,20.19
09-22-2024 09:56:00,111.823880048934,3628.10281104443,20.19
09-22-2024 10:06:00,112.325032862542,3631.6377657394,20.19
09-22-2024 10:16:00,110.924104992467,3623.85533958349,20.19
09-22-2024 10:26:00,110.733499134362,3617.87128000834,20.21
09-22-2024 10:36:00,109.441390903684,3610.98354169895,20.23
09-22-2024 10:46:00,111.649475130233,3610.35895482725,20.24
09-22-2024 10:56:00,108.750460388519,3603.82229071316,20.25
09-22-2024 11:06:00,109.064728734868,3590.16065403897,20.28
09-22-2024 11:16:00,109.283350183817,3591.17463759792,20.32
09-22-2024 11:26:00,108.900826509613,3582.66148604966,20.36
09-22-2024 11:36:00,109.219743357416,3573.13947032218,20.4
09-22-2024 11:46:00,108.344502063383,3592.70589103864,20.46
09-22-2024 11:56:00,108.881669292537,3584.5649085718,20.54
09-22-2024 12:06:00,108.716824935026,3606.36301678606,20.62
09-22-2024 12:16:00,108.455807929196,3584.28621975121,20.71
09-22-2024 12:26:00,107.08942709433,3569.82631290787,20.8
09-22-2024 12:36:00,108.029109699092,3565.9779060516,20.88
09-22-2024 12:46:00,108.471275064192,3595.12580106978,20.97
09-22-2024 12:56:00,108.913901989968,3576.60807958787,21.06
09-22-2024 13:06:00,108.144611842335,3578.60918584559,21.14
09-22-2024 13:16:00,107.168869998156,3547.44419035044,21.21
09-22-2024 13:26:00,107.396911600292,3511.0507935809,21.27
09-22-2024 13:36:00,108.330516520014,3523.54673485393,21.33
09-22-2024 13:46:00,106.836786891455,3512.81581840694,21.37
09-22-2024 13:56:00,108.068851430972,3511.42312888733,21.42
09-22-2024 14:06:00,106.876825653701,3506.95405093191,21.46
09-22-2024 14:16:00,108.802415060199,3513.43624080169,21.48
09-22-2024 14:26:00,107.294484008762,3513.09878918922,21.49
09-22-2024 14:36:00,108.303771488512,3527.1957227888,21.49
09-22-2024 14:46:00,108.300008365257,3537.40482675332,21.48
09-22-2024 14:56:00,108.901370410495,3552.06507969422,21.47
09-22-2024 15:06:00,108.196026404414,3557.3552016741,21.47
09-22-2024 15:16:00,109.003492611347,3554.24565156184,21.47
09-22-2024 15:26:00,109.306690019889,3554.88049317207,21.47
09-22-2024 15:36:00,107.79015272379,3548.59126325687,21.46
09-22-2024 15:46:00,109.101815387043,3541.4342030383,21.46
09-22-2024 15:56:00,107.484537864925,3540.8128645407,21.45
09-22-2024 16:06:00,108.49359958301,3539.52501561242,21.45
09-22-2024 16:16:00,109.094853641108,3533.23801774554,21.44
09-22-2024 16:26:00,108.595723430079,3522.98584125584,21.45
09-22-2024 16:36:00,108.504334038038,3520.46259753366,21.47
09-22-2024 16:46:00,106.79907350046,3523.91026620672,21.49
09-22-2024 16:56:00,107.716229599761,3528.16886035166,21.51
09-22-2024 17:06:00,106.212260921022,3503.16748427595,21.53
09-22-2024 17:16:00,107.638425236753,3491.25891380013,21.56
09-22-2024 17:26:00,107.950543856273,3488.52527079841,21.58
09-22-2024 17:36:00,106.353630355284,3477.75908736916,21.62
09-22-2024 17:46:00,105.866593843123,3466.37760003468,21.66
09-22-2024 17:56:00,108.000660190325,3461.64512969164,21.69
09-22-2024 18:06:00,107.513809966051,3453.49694117389,21.73
09-22-2024 18:16:00,105.309223380268,3451.53169831912,21.77
09-22-2024 18:26:00,107.141417835055,3454.3001005525,21.8
09-22-2024 18:36:00,106.755128932307,3449.99911333854,21.84
09-22-2024 18:46:00,106.861173924498,3457.67381880052,21.85
09-22-2024 18:56:00,106.37360805926,3466.26868697626,21.89
09-22-2024 19:06:00,106.791615952795,3461.72975661883,21.92
09-22-2024 19:16:00,106.198411084957,3462.9796344922,21.95
09-22-2024 19:26:00,106.317365862562,3460.30180969998,21.99
09-22-2024 19:36:00,106.739926092239,3461.18040753413,22.03
09-22-2024 19:46:00,105.94820354043,3451.07599224107,22.07
09-22-2024 19:56:00,106.978257949906,3451.64671642303,22.11
09-22-2024 20:06:00,106.688175968506,3447.80769634914,22.14
09-22-2024 20:16:00,105.895935304128,3440.53957224418,22.18
09-22-2024 20:26:00,108.239070526577,3437.20449285179,22.21
09-22-2024 20:36:00,107.74642790916,3440.79286300048,22.24
09-22-2024 20:46:00,108.169942997217,3435.6555047787,22.28
09-22-2024 20:56:00,105.949886516709,3436.56282638078,22.3
09-22-2024 21:06:00,106.267468945497,3437.60551250742,22.33
09-22-2024 21:16:00,106.479475871148,3439.43077549609,22.35
09-22-2024 21:26:00,107.097069171212,3427.69723466116,22.37
09-22-2024 21:36:00,106.193869710278,3424.83086127917,22.39
09-22-2024 21:46:00,105.391867721663,3428.28644786938,22.41
09-22-2024 21:56:00,105.599615012392,3424.46896125295,22.42
09-22-2024 22:06:00,105.50738298169,3427.92521212724,22.44
09-22-2024 22:16:00,105.009380886936,3424.34277664296,22.46
09-22-2024 22:26:00,107.038803057892,3427.02107727006,22.46
09-22-2024 22:36:00,105.32353323522,3427.82559986471,22.48
09-22-2024 22:46:00,107.154647571382,3431.04710247158,22.49
09-22-2024 22:56:00,106.44514031057,3430.46032905429,22.49
09-22-2024 23:06:00,107.058896530914,3437.86664724209,22.5
09-22-2024 23:16:00,106.252187804346,3434.1487847689,22.51
09-22-2024 23:26:00,107.166071894918,3434.48041683842,22.51
09-22-2024 23:36:00,106.557952407219,3438.3843816202,22.51
09-22-2024 23:46:00,106.964503562468,3439.73663225834,22.51
09-22-2024 23:56:00,106.965187796782,3440.78265259999,22.51
09-23-2024 00:06:00,107.777608736348,3438.35835176962,22.51
09-23-2024 00:16:00,106.150530139242,3436.51343720536,22.5
09-23-2024 00:26:00,108.38336009408,3437.45723898682,22.5
09-23-2024 00:36:00,107.669439198606,3430.50999432225,22.49
09-23-2024 00:46:00,105.028068329526,3433.46198339962,22.48
09-23-2024 00:56:00,107.357726592289,3437.22974998287,22.47
09-23-2024 01:06:00,106.339681886862,3434.77333794852,22.46
09-23-2024 01:16:00,106.031776973516,3433.74556178513,22.45
09-23-2024 01:26:00,105.419632649187,3435.26816361292,22.44
09-23-2024 01:36:00,106.527380291431,3444.91694985664,22.42
09-23-2024 01:46:00,105.911040018389,3463.84230365913,22.4
09-23-2024 01:56:00,106.410134118321,3470.83232481029,22.38
09-23-2024 02:06:00,107.513012724348,3476.45869936267,22.35
09-23-2024 02:16:00,108.41721769394,3484.56488861037,22.33
09-23-2024 02:26:00,108.505999416564,3495.5858551954,22.3
09-23-2024 02:36:00,107.374495044751,3526.32327702596,22.26
09-23-2024 02:46:00,108.679039793619,3560.44368636426,22.23
09-23-2024 02:56:00,107.045908647323,3574.08400507743,22.2
09-23-2024 03:06:00,108.350056736713,3588.22654803475,22.17
09-23-2024 03:16:00,107.831285262246,3596.96901897446,22.14
09-23-2024 03:26:00,108.52303944171,3602.40548218675,22.1
09-23-2024 03:36:00,109.218932343758,3608.0885529126,22.07
09-23-2024 03:46:00,108.291153513794,3610.36671459244,22.03
09-23-2024 03:56:00,109.488158596364,3616.30219378846,21.99
09-23-2024 04:06:00,109.572111567265,3618.57627780499,21.95
09-23-2024 04:16:00,108.341565530605,3618.91918132003,21.91
09-23-2024 04:26:00,110.043170586316,3623.12013922656,21.87
09-23-2024 04:36:00,108.404422877377,3628.58961650655,21.82
09-23-2024 04:46:00,108.084406644754,3629.43633802644,21.78
09-23-2024 04:56:00,108.366213193962,3628.00306325174,21.73
09-23-2024 05:06:00,107.541460946669,3631.48542329837,21.69
09-23-2024 05:16:00,109.342041179421,3630.30348174248,21.65
09-23-2024 05:26:00,109.421412860929,3634.13960235319,21.6
09-23-2024 05:36:00,109.202482610466,3636.19858142903,21.56
09-23-2024 05:46:00,110.295137711485,3632.5867245191,21.52
09-23-2024 05:56:00,109.466491089389,3640.16246502269,21.47
09-23-2024 06:06:00,109.142450401167,3637.71733309523,21.42
09-23-2024 06:16:00,109.331472264368,3633.24752443967,21.39
09-23-2024 06:26:00,107.999845467385,3636.56925118836,21.34
09-23-2024 06:36:00,107.781583370361,3635.99585374142,21.3
09-23-2024 06:46:00,108.872927728743,3644.71739312324,21.26
09-23-2024 06:56:00,108.654566916551,3639.29409412711,21.22
09-23-2024 07:06:00,108.029203982023,3648.16145166084,21.17
09-23-2024 07:16:00,109.02344086279,3649.75417860841,21.14
09-23-2024 07:26:00,109.107113836635,3648.26963131605,21.1
09-23-2024 07:36:00,108.78829206578,3653.7456381509,21.06
09-23-2024 07:46:00,108.675201961608,3650.39462693283,21.03
09-23-2024 07:56:00,109.261773695476,3653.75000932551,20.99
09-23-2024 08:06:00,109.751985836177,3657.65719756824,20.96
09-23-2024 08:16:00,108.629016302017,3656.27325057882,20.92
09-23-2024 08:26:00,108.616565726186,3656.6523577573,20.89
09-23-2024 08:36:00,109.01052772011,3660.50531115731,20.87
09-23-2024 08:46:00,109.098503069893,3664.91058969873,20.84
09-23-2024 08:56:00,108.583636600565,3662.36835459704,20.81
09-23-2024 09:06:00,108.073309415227,3664.5070278878,20.79
09-23-2024 09:16:00,108.467110920813,3665.23626557567,20.77
09-23-2024 09:26:00,110.166462792413,3660.33117895696,20.75
09-23-2024 09:36:00,110.062295000008,3661.41285680477,20.74
09-23-2024 09:46:00,109.250758501081,3656.50960093172,20.72
09-23-2024 09:56:00,108.548584873397,3647.38156892965,20.72
09-23-2024 10:06:00,109.85474114196,3645.99851053095,20.72
09-23-2024 10:16:00,107.746739163946,3638.88211133763,20.72
09-23-2024 10:26:00,108.756044966954,3630.60631060556,20.73
09-23-2024 10:36:00,110.774263233248,3629.92175695945,20.75
09-23-2024 10:46:00,108.368971774846,3614.59990847243,20.76
09-23-2024 10:56:00,107.976665794813,3605.35861791028,20.78
09-23-2024 11:06:00,107.689069810915,3595.75645608597,20.81
09-23-2024 11:16:00,107.099916068054,3590.27750677703,20.84
09-23-2024 11:26:00,107.821452174146,3576.17820308167,20.88
09-23-2024 11:36:00,107.83959394055,3570.02871069599,20.92
09-23-2024 11:46:00,108.570420923481,3579.07914344003,20.98
09-23-2024 12:06:00,108.129472099113,3585.2630329309,21.12
09-23-2024 12:16:00,107.061860201375,3606.78989706158,21.21
09-23-2024 12:26:00,107.298614353836,3625.67323475505,21.29
09-23-2024 12:36:00,108.44274725737,3626.8853943464,21.37
09-23-2024 12:46:00,106.966045633742,3549.37779032872,21.45
09-23-2024 12:56:00,107.303975313254,3555.70503638865,21.53
09-23-2024 13:06:00,107.839725885897,3575.67473715266,21.6
09-23-2024 13:16:00,108.068618652217,3582.95242641426,21.66
09-23-2024 13:26:00,105.974657066525,3557.27964891717,21.72
09-23-2024 13:36:00,108.219385232898,3555.48372425925,21.77
09-23-2024 13:46:00,107.02940008185,3542.82670044395,21.82
09-23-2024 13:56:00,106.643130830247,3593.57195957951,21.86
09-23-2024 14:06:00,107.065534292166,3540.76206032557,21.9
09-23-2024 14:16:00,108.79396716654,3531.82650916743,21.92
09-23-2024 14:26:00,106.275340699397,3546.55854067602,21.94
09-23-2024 14:36:00,106.280390919657,3556.47800041148,21.95
09-23-2024 14:46:00,106.281159146491,3559.95571451937,21.95
09-23-2024 14:56:00,106.787608123249,3564.3477899606,21.95
09-23-2024 15:06:00,108.103145727206,3568.2318433998,21.95
09-23-2024 15:16:00,108.103916817422,3573.63985103034,21.95
09-23-2024 15:26:00,106.587649475709,3567.770362834,21.95
09-23-2024 15:36:00,107.494292463641,3569.4779572585,21.94
09-23-2024 15:46:00,107.292806281577,3573.36159069412,21.94
09-23-2024 15:56:00,108.401605784718,3571.10685763539,21.93
09-23-2024 16:06:00,107.496617187812,3570.36018279881,21.94
09-23-2024 16:16:00,106.692659975088,3572.66130140525,21.95
09-23-2024 16:26:00,107.506879569571,3563.98917780723,21.96
09-23-2024 16:36:00,107.92098266623,3556.37340942809,21.98
09-23-2024 16:46:00,106.514205394444,3549.5681973189,22
09-23-2024 16:56:00,107.438528759778,3537.31130095527,22.03
09-23-2024 17:06:00,106.739651118368,3533.24543927454,22.05
09-23-2024 17:16:00,106.044883026193,3529.31931699425,22.08
09-23-2024 17:26:00,107.779400054215,3524.17038425887,22.11
09-23-2024 17:36:00,107.69642997765,3516.10622409239,22.15
09-23-2024 17:46:00,107.613421768397,3513.53380710608,22.19
09-23-2024 17:56:00,106.517363463377,3507.08995076184,22.23
09-23-2024 18:06:00,104.812844935204,3504.30892553223,22.27
09-23-2024 18:16:00,107.76518420456,3499.34907372723,22.3
09-23-2024 18:26:00,106.364360434576,3502.78109932872,22.34
09-23-2024 18:36:00,106.98634737574,3501.08022131956,22.37
09-23-2024 18:46:00,105.580517402751,3509.88184458657,22.4
09-23-2024 18:56:00,107.013942731211,3503.38769028886,22.43
09-23-2024 19:06:00,106.419124721856,3502.50163710374,22.46
09-23-2024 19:16:00,107.244470365265,3509.88115828007,22.49
09-23-2024 19:26:00,107.465634146725,3500.35671685123,22.53
09-23-2024 19:36:00,105.961358387869,3505.7351020382,22.57
09-23-2024 19:46:00,107.096063413625,3518.47183874986,22.61
09-23-2024 19:56:00,107.317349456806,3515.07159338414,22.65
09-23-2024 20:06:00,106.213983579742,3503.14750455686,22.68
09-23-2024 20:16:00,105.012871812771,3504.03428883468,22.72
09-23-2024 20:26:00,106.245668947353,3494.35032103403,22.75
09-23-2024 20:36:00,107.377272404977,3491.82211350682,22.78
09-23-2024 20:46:00,106.480685073485,3485.64489716561,22.82
09-23-2024 20:56:00,106.38845666469,3481.74673534121,22.84
09-23-2024 21:06:00,108.232450064291,3477.57532009454,22.87
09-23-2024 21:16:00,107.326858793981,3474.59555751336,22.89
09-23-2024 21:26:00,105.916816509512,3480.35456775757,22.92
09-23-2024 21:36:00,106.536529234853,3478.70547815548,22.94
09-23-2024 21:46:00,106.851184384536,3480.64142547015,22.96
09-23-2024 21:56:00,105.025005006828,3481.21043518039,22.97
09-23-2024 22:06:00,105.543044721688,3470.44054812183,22.99
09-23-2024 22:16:00,105.552384915315,3467.14876572812,23.01
09-23-2024 22:26:00,105.663504344472,3463.44579923323,23.03
09-23-2024 22:36:00,105.163921305157,3461.6894841395,23.05
09-23-2024 22:46:00,106.59409730204,3459.48870384272,23.06
09-23-2024 22:56:00,104.872863626588,3462.14077356223,23.08
09-23-2024 23:06:00,107.525020945774,3464.24678801318,23.09
09-23-2024 23:16:00,106.720011503988,3463.82294510918,23.11
09-23-2024 23:26:00,105.197715210479,3467.26309214927,23.12
09-23-2024 23:36:00,106.322976680887,3469.370072662,23.13
09-23-2024 23:46:00,107.142845164571,3472.29815256193,23.14
09-23-2024 23:56:00,105.819720480535,3474.26836597676,23.14
09-24-2024 00:06:00,107.246329517672,3477.05935031735,23.14
09-24-2024 00:16:00,107.043468240106,3479.43990726453,23.14
09-24-2024 00:26:00,106.225249083457,3484.65757784929,23.13
09-24-2024 00:36:00,106.327909603983,3493.91151350563,23.13
09-24-2024 00:46:00,108.157362656731,3500.56368906247,23.12
09-24-2024 00:56:00,107.237353217652,3494.39295814297,23.11
09-24-2024 01:06:00,104.684148206325,3495.36636530026,23.09
09-24-2024 01:16:00,106.101749137287,3515.30944243276,23.07
09-24-2024 01:26:00,107.616420868108,3524.13456554747,23.04
09-24-2024 01:36:00,107.807624594018,3545.76653516542,23.01
09-24-2024 01:46:00,108.60479894134,3612.11856007815,22.97
09-24-2024 01:56:00,109.100920887754,3627.87774699837,22.94
09-24-2024 02:06:00,107.76179365271,3630.06421196848,22.9
09-24-2024 02:16:00,108.969629214856,3640.28187981709,22.87
09-24-2024 02:26:00,108.338261465691,3659.40118014262,22.82
09-24-2024 02:36:00,109.333206957587,3666.02581870261,22.77
09-24-2024 02:46:00,107.787780262796,3674.99668368335,22.72
09-24-2024 02:56:00,108.78675199994,3675.83518380469,22.68
09-24-2024 03:06:00,108.871360564815,3681.06678880553,22.64
09-24-2024 03:16:00,108.64693549932,3678.27654664649,22.59
09-24-2024 03:26:00,108.427062900009,3680.95105649794,22.55
09-24-2024 03:36:00,110.232109324447,3689.28750210106,22.5
09-24-2024 03:46:00,108.486003608968,3689.65982932543,22.45
09-24-2024 03:56:00,109.381837265006,3691.10388777428,22.41
09-24-2024 04:06:00,109.567565662162,3687.95930384897,22.37
09-24-2024 04:16:00,108.435524281877,3684.81684176227,22.33
09-24-2024 04:26:00,109.528942231253,3681.62514219789,22.28
09-24-2024 04:36:00,111.330831980243,3690.35055135222,22.23
09-24-2024 04:46:00,108.878262882495,3684.10562345282,22.18
09-24-2024 04:56:00,110.987578969042,3689.92421588826,22.14
09-24-2024 05:06:00,110.459551354884,3689.17685229011,22.09
09-24-2024 05:16:00,108.211619757896,3687.31176231238,22.04
09-24-2024 05:26:00,108.801893218527,3675.43735561154,22
09-24-2024 05:36:00,106.964488501986,3675.56043320651,21.96
09-24-2024 05:46:00,108.363726477446,3673.14413680937,21.92
09-24-2024 05:56:00,109.656745532894,3674.94363228355,21.87
09-24-2024 06:06:00,109.235450700528,3663.59752650929,21.83
09-24-2024 06:16:00,109.728204833155,3670.06549336169,21.8
09-24-2024 06:26:00,108.898544743449,3666.69161142227,21.75
09-24-2024 06:36:00,109.795133483799,3673.05326084596,21.72
09-24-2024 06:46:00,109.778087915621,3683.82151317529,21.68
09-24-2024 06:56:00,109.357237037223,3678.77354029723,21.64
09-24-2024 07:06:00,108.936583245588,3682.84664912404,21.6
09-24-2024 07:16:00,109.727006891628,3679.62534887661,21.56
09-24-2024 07:26:00,110.017133027324,3684.96165009892,21.53
09-24-2024 07:36:00,108.688807702862,3681.84281153367,21.49
09-24-2024 07:46:00,109.98748027236,3683.12790215876,21.46
09-24-2024 07:56:00,108.764938528304,3679.35402099335,21.43
09-24-2024 08:06:00,109.155831276661,3670.12031349372,21.4
09-24-2024 08:16:00,109.445793717978,3676.76667688112,21.37
09-24-2024 08:26:00,109.336985425318,3682.95518086878,21.35
09-24-2024 08:36:00,109.530519534217,3673.27133946181,21.33
09-24-2024 08:46:00,109.623249573457,3676.52743281846,21.31
09-24-2024 08:56:00,107.700987196163,3659.57207958346,21.29
09-24-2024 09:06:00,107.596773914115,3666.51606570689,21.28
09-24-2024 09:16:00,108.701416709487,3666.58849719869,21.27
09-24-2024 09:26:00,108.601554925243,3665.39685823869,21.27
09-24-2024 09:36:00,107.78783906527,3671.07711876054,21.25
09-24-2024 09:46:00,110.508297083673,3658.47048771718,21.25
09-24-2024 09:56:00,110.912075959841,3649.50051378069,21.25
09-24-2024 10:06:00,107.689747813032,3651.23852901323,21.25
09-24-2024 10:16:00,106.989852482599,3648.98366732464,21.26
09-24-2024 10:26:00,107.292926533115,3646.17553148068,21.26
09-24-2024 10:36:00,108.305496803021,3639.57546083725,21.27
09-24-2024 10:46:00,107.706301340468,3633.68157222481,21.28
09-24-2024 10:56:00,106.905539981032,3629.2014022855,21.29
09-24-2024 11:06:00,107.116540689275,3623.55353931721,21.31
09-24-2024 11:16:00,108.53685506555,3614.06253753783,21.33
09-24-2024 11:26:00,108.046974636876,3605.11818089055,21.36
09-24-2024 11:36:00,107.460448815695,3598.13464898448,21.4
09-24-2024 11:46:00,108.394971099847,3595.88765638674,21.46
09-24-2024 11:56:00,106.707180786529,3621.5810708052,21.52
09-24-2024 12:06:00,107.646440067306,3625.77048032045,21.59
09-24-2024 12:16:00,107.273914229494,3622.66675806976,21.66
09-24-2024 12:26:00,108.214169817361,3644.50761838364,21.73
09-24-2024 12:36:00,107.134238555079,3669.41757152969,21.8
09-24-2024 12:46:00,107.771937599643,3668.05908903851,21.87
09-24-2024 12:56:00,105.98303529328,3649.53008902605,21.94
09-24-2024 13:06:00,107.830472823501,3642.21517470939,22
09-24-2024 13:16:00,108.768395689071,3586.99667294483,22.06
09-24-2024 13:26:00,108.285270472146,3594.14879679379,22.11
09-24-2024 13:36:00,106.784954393395,3586.09942870853,22.15
09-24-2024 13:46:00,105.790326449572,3580.08064542853,22.19
09-24-2024 13:56:00,105.803991107532,3573.81223131383,22.22
09-24-2024 14:06:00,106.932104372688,3564.79070635571,22.25
09-24-2024 14:16:00,106.739002215465,3565.29964321638,22.27
09-24-2024 14:26:00,105.933571213184,3566.68431920675,22.28
09-24-2024 14:36:00,105.837403732565,3569.08800329528,22.29
09-24-2024 14:46:00,106.446329429073,3578.37838561891,22.29
09-24-2024 14:56:00,106.345899381444,3578.29552007284,22.29
09-24-2024 15:06:00,106.650816973188,3577.29568114652,22.29
09-24-2024 15:16:00,108.577122259044,3583.52949485386,22.29
09-24-2024 15:26:00,106.449961650233,3580.39006069151,22.29
09-24-2024 15:36:00,107.666912146412,3577.86189552651,22.29
09-24-2024 15:46:00,106.654456830032,3575.435585233,22.29
09-24-2024 15:56:00,107.871409235132,3574.2318408879,22.29
09-24-2024 16:06:00,107.876699905569,3577.85868669964,22.3
09-24-2024 16:16:00,108.688354857549,3582.9720321024,22.3
09-24-2024 16:26:00,107.680210250008,3583.13522344099,22.31
09-24-2024 16:36:00,107.284418689586,3579.46812959605,22.33
09-24-2024 16:46:00,105.976185864282,3561.22332668985,22.35
09-24-2024 16:56:00,105.377336284826,3557.65323507563,22.37
09-24-2024 17:06:00,107.009056374517,3552.5524008103,22.39
09-24-2024 17:16:00,107.428619916875,3555.75075674274,22.42
09-24-2024 17:26:00,108.04680300089,3549.72928683057,22.44
09-24-2024 17:36:00,106.234920773605,3545.58166134898,22.47
09-24-2024 17:46:00,105.432774857573,3534.04515744961,22.49
09-24-2024 17:56:00,107.475876259453,3530.40216194075,22.52
09-24-2024 18:06:00,106.779446139357,3524.40895295071,22.55
09-24-2024 18:16:00,105.270704352474,3526.99130471477,22.58
09-24-2024 18:26:00,108.021145411638,3530.76245039167,22.6
09-24-2024 18:36:00,107.320134344649,3529.12029153154,22.62
09-24-2024 18:46:00,106.618960008191,3523.79915654578,22.64
09-24-2024 18:56:00,107.745630352114,3527.571438839,22.66
09-24-2024 19:06:00,107.86127173603,3529.44098564451,22.69
09-24-2024 19:16:00,106.148304526991,3534.37869964012,22.72
09-24-2024 19:26:00,107.381411752972,3527.35322591206,22.75
09-24-2024 19:36:00,107.497051982227,3528.9169603993,22.78
09-24-2024 19:46:00,107.307797895755,3521.17023608504,22.81
09-24-2024 19:56:00,107.728456210039,3517.61575656657,22.84
09-24-2024 20:06:00,105.912283010166,3515.28787975163,22.87
09-24-2024 20:16:00,106.231146407112,3507.32696026129,22.9
09-24-2024 20:26:00,106.75355582317,3509.19449548895,22.93
09-24-2024 20:36:00,106.763149042134,3506.62144048842,22.95
09-24-2024 20:46:00,106.564947838199,3501.55275680119,22.96
09-24-2024 20:56:00,106.879761533065,3502.15406209034,22.98
09-24-2024 21:06:00,107.190296052221,3502.61716597468,22.99
09-24-2024 21:16:00,106.585042354014,3501.44060161246,23
09-24-2024 21:26:00,107.811476836879,3500.98122164729,23.01
09-24-2024 21:36:00,107.816812170198,3500.93170999301,23.02
09-24-2024 21:46:00,106.295504756573,3499.95958388366,23.03
09-24-2024 21:56:00,109.553292462021,3505.61466088819,23.03
09-24-2024 22:06:00,106.70883018342,3505.05281606514,23.04
09-24-2024 22:16:00,107.015125546899,3507.9403906534,23.04
09-24-2024 22:26:00,108.241878041567,3507.58365307509,23.05
09-24-2024 22:36:00,107.326734632038,3504.93513385704,23.05
09-24-2024 22:46:00,107.332048865246,3503.04005332737,23.06
09-24-2024 22:56:00,107.129412935823,3502.13429221129,23.06
09-24-2024 23:06:00,108.35631948127,3496.44474163283,23.07
09-24-2024 23:16:00,108.361697297163,3497.00968541998,23.08
09-24-2024 23:26:00,107.039173011594,3505.33307307079,23.08
09-24-2024 23:36:00,105.415482163889,3509.07799313721,23.09
09-24-2024 23:46:00,107.660688115504,3511.90039239769,23.1
09-24-2024 23:56:00,106.643465646578,3517.66090700197,23.1
09-25-2024 00:06:00,107.556410596512,3514.25636285372,23.09
09-25-2024 00:16:00,109.084552055063,3517.96520662669,23.09
09-25-2024 00:26:00,107.660143790086,3520.03310401162,23.09
09-25-2024 00:36:00,107.249499088163,3520.3203618747,23.08
09-25-2024 00:46:00,108.264105745753,3512.30178924495,23.07
09-25-2024 00:56:00,107.043467807509,3520.52170600885,23.07
09-25-2024 01:06:00,107.243675665399,3517.0151594451,23.06
09-25-2024 01:16:00,106.324190745465,3507.35777721675,23.05
09-25-2024 01:26:00,107.639644531599,3512.7352430873,23.03
09-25-2024 01:36:00,107.830993208831,3523.30060952919,23
09-25-2024 01:46:00,107.513573424711,3548.20455626927,22.97
09-25-2024 01:56:00,108.116174840018,3548.34739228724,22.95
09-25-2024 02:06:00,107.798800447586,3564.93941199879,22.92
09-25-2024 02:16:00,108.082892890926,3628.8369601936,22.87
09-25-2024 02:26:00,109.89609337786,3650.36539962978,22.83
09-25-2024 02:36:00,108.55781419029,3660.21708414905,22.79
09-25-2024 02:46:00,108.54551120144,3664.79312180994,22.76
09-25-2024 02:56:00,109.447592246765,3669.46917750163,22.73
09-25-2024 03:06:00,109.227517198089,3668.16469264469,22.69
09-25-2024 03:16:00,110.830891949506,3673.65804412303,22.64
09-25-2024 03:26:00,109.493887984579,3675.82612422525,22.6
09-25-2024 03:36:00,109.070980401837,3673.39789792514,22.56
09-25-2024 03:46:00,109.151182608376,3680.61854870201,22.51
09-25-2024 03:56:00,108.119920884992,3679.31302591109,22.47
09-25-2024 04:06:00,109.016113959504,3683.41442549407,22.43
09-25-2024 04:16:00,108.487936157997,3683.58830085873,22.38
09-25-2024 04:26:00,109.277752632328,3685.69851338079,22.33
09-25-2024 04:36:00,108.85557065498,3687.14430829695,22.29
09-25-2024 04:46:00,109.644868074041,3689.96451473705,22.24
09-25-2024 04:56:00,109.015820800769,3687.99791484048,22.19
09-25-2024 05:06:00,108.893382028848,3690.10329242731,22.14
09-25-2024 05:16:00,108.977885269356,3691.95251048955,22.1
09-25-2024 05:26:00,108.855524787225,3684.59839690831,22.05
09-25-2024 05:36:00,110.761079200806,3690.61576675871,22.01
09-25-2024 05:46:00,109.82465376579,3686.77386865264,21.95
09-25-2024 05:56:00,109.50440278732,3685.67612704129,21.91
09-25-2024 06:06:00,108.169034905139,3676.6103929273,21.86
09-25-2024 06:16:00,109.971588040458,3680.18546822281,21.82
09-25-2024 06:26:00,108.43911864318,3674.83000061376,21.78
09-25-2024 06:36:00,109.230648865153,3674.0421772552,21.74
09-25-2024 06:46:00,106.684890894686,3673.61158643808,21.69
09-25-2024 06:56:00,109.596567701223,3675.86533572633,21.65
09-25-2024 07:06:00,109.8825546149,3686.42560281801,21.61
09-25-2024 07:16:00,107.746508220459,3688.57250440469,21.57
09-25-2024 07:26:00,108.638129755044,3690.92055220003,21.53
09-25-2024 07:36:00,108.52068159829,3687.39652515512,21.49
09-25-2024 07:46:00,109.210027312298,3688.02339354684,21.45
09-25-2024 07:56:00,108.391151624296,3686.06970683901,21.42
09-25-2024 08:06:00,107.975790936018,3686.34196471357,21.39
09-25-2024 08:16:00,108.765650840859,3692.73157650156,21.35
09-25-2024 08:26:00,109.861888544505,3688.45366602274,21.32
09-25-2024 08:36:00,110.760762460093,3689.2803824538,21.3
09-25-2024 08:46:00,108.729097807472,3700.31171986719,21.26
09-25-2024 08:56:00,107.814843961893,3684.16632541582,21.24
09-25-2024 09:06:00,109.313360235568,3686.86249406717,21.21
09-25-2024 09:16:00,109.506898054628,3683.65001388517,21.19
09-25-2024 09:26:00,109.700392169146,3693.6634588991,21.17
09-25-2024 09:36:00,108.685840790707,3693.37810389006,21.15
09-25-2024 09:46:00,107.977839181795,3686.27980003463,21.14
09-25-2024 09:56:00,108.880403048352,3683.21945570685,21.13
09-25-2024 10:06:00,109.984161954269,3684.09517230968,21.12
09-25-2024 10:16:00,110.685220064801,3682.4481408426,21.11
09-25-2024 10:26:00,109.272807529034,3673.1332993411,21.1
09-25-2024 10:36:00,109.877652619492,3673.15000525965,21.1
09-25-2024 10:46:00,109.581199599321,3666.2527114336,21.11
09-25-2024 10:56:00,107.879964242539,3663.23648700597,21.13
09-25-2024 11:06:00,106.782335927036,3661.53139123257,21.15
09-25-2024 11:16:00,108.906165479365,3649.32654180577,21.17
09-25-2024 11:26:00,108.018485619828,3638.21842578174,21.21
09-25-2024 11:36:00,108.444199407321,3637.95752888421,21.26
09-25-2024 11:46:00,109.172441520562,3627.99372277024,21.31
09-25-2024 11:56:00,108.192049841508,3646.47973744793,21.37
09-25-2024 12:06:00,109.126755022356,3628.05758878659,21.43
09-25-2024 12:16:00,107.948287391609,3678.99986444424,21.5
09-25-2024 12:26:00,107.269106915786,3665.53626760927,21.56
09-25-2024 12:36:00,108.406407169191,3668.37258677313,21.62
09-25-2024 12:46:00,109.136164826811,3689.61183612386,21.67
09-25-2024 12:56:00,107.547669444613,3643.7826334912,21.73
09-25-2024 13:06:00,109.490075846446,3633.37598037025,21.78
09-25-2024 13:16:00,107.790908768716,3625.65650612895,21.82
09-25-2024 13:26:00,108.213692919001,3617.11967635617,21.86
09-25-2024 13:36:00,107.317962333901,3607.72150601502,21.89
09-25-2024 13:46:00,107.327655336074,3613.91731047522,21.91
09-25-2024 13:56:00,107.944096372902,3621.02931961192,21.93
09-25-2024 14:06:00,108.147384021011,3627.44442758881,21.93
09-25-2024 14:16:00,108.148424269074,3638.1259580035,21.93
09-25-2024 14:26:00,108.54956243272,3642.05707983139,21.92
09-25-2024 14:36:00,108.946232669864,3643.50391639968,21.9
09-25-2024 14:46:00,108.331864364252,3649.62115359491,21.88
09-25-2024 14:56:00,106.302478865464,3647.30991321397,21.86
09-25-2024 15:06:00,108.615227416876,3650.23126205631,21.83
09-25-2024 15:16:00,108.712932307817,3651.82389204609,21.82
09-25-2024 15:26:00,109.008310976197,3648.29576933818,21.8
09-25-2024 15:36:00,108.192227172789,3644.87026979698,21.78
09-25-2024 15:46:00,107.780431088488,3642.66319162384,21.76
09-25-2024 15:56:00,109.287967385408,3642.78960240157,21.74
09-25-2024 16:06:00,107.870489956299,3642.65759247811,21.73
09-25-2024 16:16:00,107.968188033416,3635.02143455144,21.72
09-25-2024 16:26:00,108.171241956416,3632.60286829811,21.72
09-25-2024 16:36:00,108.378680472782,3652.74338626027,21.73
09-25-2024 16:46:00,107.479339469054,3632.5653077451,21.75
09-25-2024 16:56:00,109.000089388971,3622.17698937003,21.76
09-25-2024 17:06:00,109.009988284301,3618.42492449246,21.78
09-25-2024 17:16:00,108.106091664689,3611.68555806096,21.79
09-25-2024 17:26:00,108.21694323718,3601.84179092051,21.81
09-25-2024 17:36:00,107.009665928716,3593.47545661654,21.82
09-25-2024 17:46:00,106.812901983529,3595.66359516447,21.83
09-25-2024 17:56:00,108.536468625025,3589.12242072985,21.84
09-25-2024 18:06:00,107.526818896366,3584.77244489844,21.84
09-25-2024 18:16:00,109.048375017955,3581.68128745994,21.85
09-25-2024 18:26:00,106.926820503471,3584.23394904921,21.85
09-25-2024 18:36:00,107.83322480388,3584.7152790923,21.84
09-25-2024 18:46:00,107.733219629444,3575.89887196137,21.84
09-25-2024 18:56:00,106.521432287225,3571.75177088355,21.84
09-25-2024 19:06:00,107.946218111537,3569.91729748388,21.86
09-25-2024 19:16:00,108.259294424622,3563.30975174065,21.88
09-25-2024 19:26:00,107.359166258413,3557.61398842396,21.9
09-25-2024 19:36:00,107.975603399132,3552.32258685341,21.92
09-25-2024 19:46:00,108.996705148252,3553.6327652434,21.94
09-25-2024 19:56:00,107.995208529435,3555.85777159884,21.96
09-25-2024 20:06:00,107.094632845299,3549.85191353259,21.98
09-25-2024 20:16:00,106.902005934489,3547.09651422983,22
09-25-2024 20:26:00,105.899917086674,3546.57660211865,22.02
09-25-2024 20:36:00,107.321802864299,3536.56379580752,22.03
09-25-2024 20:46:00,106.720074992572,3535.49659697253,22.04
09-25-2024 20:56:00,107.741749683235,3529.17807147145,22.06
09-25-2024 21:06:00,107.949596316398,3524.65213869974,22.07
09-25-2024 21:16:00,108.861537022168,3526.09003653582,22.07
09-25-2024 21:26:00,107.450061046211,3522.07193048141,22.08
09-25-2024 21:36:00,107.957206330603,3522.59451597396,22.08
09-25-2024 21:46:00,106.748034076344,3521.42374457679,22.09
09-25-2024 21:56:00,107.158312215531,3524.01651886733,22.1
09-25-2024 22:06:00,107.264948090099,3520.91266500464,22.11
09-25-2024 22:16:00,107.371597228892,3521.87787928024,22.12
09-25-2024 22:26:00,107.271448029839,3520.5691274688,22.12
09-25-2024 22:36:00,107.475008432278,3523.22823185285,22.12
09-25-2024 22:46:00,107.581678650008,3529.68803823778,22.13
09-25-2024 22:56:00,107.890858184237,3525.46433910947,22.14
09-25-2024 23:06:00,107.588204947788,3525.07105750864,22.14
09-25-2024 23:16:00,108.606182113435,3527.15602047348,22.15
09-25-2024 23:26:00,107.497822333116,3533.92288500959,22.16
09-25-2024 23:36:00,108.414648895531,3534.99099968225,22.17
09-25-2024 23:46:00,107.609965233259,3537.07715056149,22.18
09-25-2024 23:56:00,107.311576291873,3544.45715186813,22.19
09-26-2024 00:06:00,108.021615742283,3547.93186036334,22.19
09-26-2024 00:16:00,108.432219374005,3548.08494366646,22.2
09-26-2024 00:26:00,107.825617059816,3553.59602205929,22.2
09-26-2024 00:36:00,108.130566876596,3557.07092269482,22.2
09-26-2024 00:46:00,109.043218432175,3561.86929274901,22.2
09-26-2024 00:56:00,108.031485125141,3564.42787006554,22.2
09-26-2024 01:06:00,108.028215153327,3570.71370771072,22.19
09-26-2024 01:16:00,107.928040840182,3575.51160917465,22.19
09-26-2024 01:26:00,109.03876732125,3578.02973419026,22.18
09-26-2024 01:36:00,108.828492699667,3570.02435484564,22.16
09-26-2024 01:46:00,109.529500555003,3579.21860345099,22.14
09-26-2024 01:56:00,109.917677314167,3599.21237762249,22.1
09-26-2024 02:06:00,108.38285916638,3615.63390483984,22.06
09-26-2024 02:16:00,109.782897357196,3649.63138978372,22.02
09-26-2024 02:26:00,110.47871789711,3665.97132881999,21.99
09-26-2024 02:36:00,110.769729153837,3670.82165062948,21.96
09-26-2024 02:46:00,109.746025744847,3672.82531506489,21.93
09-26-2024 02:56:00,109.122679774171,3672.03828694145,21.89
09-26-2024 03:06:00,110.420090077233,3673.48516463895,21.85
09-26-2024 03:16:00,109.594773287773,3676.85930578273,21.81
09-26-2024 03:26:00,108.466752131106,3676.68056615179,21.77
09-26-2024 03:36:00,109.763413704094,3677.61756539455,21.73
09-26-2024 03:46:00,109.241779213934,3683.62313287514,21.69
09-26-2024 03:56:00,111.042457816944,3683.74654581587,21.65
09-26-2024 04:06:00,110.718131036923,3688.58292861047,21.6
09-26-2024 04:16:00,110.196673214861,3685.97030856449,21.56
09-26-2024 04:26:00,111.18417099484,3685.13326734363,21.51
09-26-2024 04:36:00,109.351779170619,3686.87542065446,21.47
09-26-2024 04:46:00,108.927463981413,3690.08511578883,21.42
09-26-2024 04:56:00,108.810178041014,3691.92560231679,21.38
09-26-2024 05:06:00,110.00306001112,3684.76763948194,21.34
09-26-2024 05:16:00,110.183372258516,3685.75182542222,21.29
09-26-2024 05:26:00,109.562261705684,3686.98580980689,21.25
09-26-2024 05:36:00,108.941440846822,3686.90621704805,21.21
09-26-2024 05:46:00,111.039228778411,3691.57152270714,21.17
09-26-2024 05:56:00,109.915080579935,3691.79334199777,21.13
09-26-2024 06:06:00,109.999036821018,3694.73902411881,21.09
09-26-2024 06:16:00,109.282501578303,3696.01743397486,21.06
09-26-2024 06:26:00,109.160985356331,3698.91080561943,21.01
09-26-2024 06:36:00,111.36592604736,3694.79337404208,20.99
09-26-2024 06:46:00,109.539029879456,3700.05266276983,20.95
09-26-2024 06:56:00,109.325824680224,3696.89553947966,20.92
09-26-2024 07:06:00,109.615271301062,3704.11449652887,20.89
09-26-2024 07:16:00,108.794762335914,3702.31825420889,20.85
09-26-2024 07:26:00,110.193867050401,3704.85022831718,20.83
09-26-2024 07:36:00,109.570002832326,3694.04880246476,20.78
09-26-2024 07:46:00,111.068893565426,3686.82086719831,20.76
09-26-2024 07:56:00,109.043673608978,3695.39248902923,20.72
09-26-2024 08:06:00,108.529650427002,3691.94092511175,20.69
09-26-2024 08:16:00,110.730597196423,3693.36541715342,20.67
09-26-2024 08:36:00,110.10716233573,3699.4673849357,20.62
09-26-2024 08:46:00,108.794900933448,3701.99524554967,20.6
09-26-2024 08:56:00,109.389312905737,3706.83311132826,20.58
09-26-2024 09:06:00,109.778512582659,3714.23095989838,20.55
09-26-2024 09:16:00,109.465475761469,3711.2818336778,20.52
09-26-2024 09:26:00,110.86185000961,3717.31996547794,20.5
09-26-2024 09:36:00,109.349862711686,3715.82698454001,20.48
09-26-2024 09:46:00,109.747697843793,3709.86755877287,20.47
09-26-2024 09:56:00,109.439222037156,3712.59146428813,20.45
09-26-2024 10:06:00,108.629577225453,3710.29708542892,20.43
09-26-2024 10:16:00,109.624381560849,3716.0300159912,20.41
09-26-2024 10:26:00,110.823892072245,3715.7923998236,20.4
09-26-2024 10:36:00,108.615610220614,3710.94028928362,20.39
09-26-2024 10:46:00,109.218117787456,3703.22923907518,20.39
09-26-2024 10:56:00,108.814006698933,3701.38773804812,20.38
09-26-2024 11:06:00,109.211651952913,3702.55551008424,20.37
09-26-2024 11:16:00,109.613665809217,3697.45342928159,20.37
09-26-2024 11:26:00,109.619240246873,3694.40576013942,20.38
09-26-2024 11:36:00,109.424365857085,3685.84018642352,20.39
09-26-2024 11:46:00,109.538982431226,3671.74826198464,20.42
09-26-2024 11:56:00,108.751300409147,3678.72594575358,20.45
09-26-2024 12:06:00,108.172566261529,3655.58051138549,20.5
09-26-2024 12:16:00,109.996685356497,3654.06728972349,20.54
09-26-2024 12:26:00,108.213918707828,3680.43059157099,20.59
09-26-2024 12:36:00,108.646990028941,3676.85406575802,20.66
09-26-2024 12:46:00,108.971219614494,3665.13362716081,20.71
09-26-2024 12:56:00,108.195141414797,3688.36571737558,20.77
09-26-2024 13:06:00,107.925253200228,3685.59349130493,20.84
09-26-2024 13:16:00,108.957607516537,3664.43718414695,20.9
09-26-2024 13:26:00,107.979558811382,3651.82645621419,20.96
09-26-2024 13:36:00,107.906149153082,3651.40370286883,21.02
09-26-2024 13:46:00,107.220348524393,3615.68916404982,21.06
09-26-2024 13:56:00,106.232317353551,3609.81637240873,21.1
09-26-2024 14:06:00,107.659691824384,3605.04986621981,21.14
09-26-2024 14:16:00,108.676233973078,3620.58916024299,21.16
09-26-2024 14:26:00,107.040948681972,3693.09156490973,21.1
09-26-2024 14:36:00,105.046039408705,3656.6604392787,21.14
09-26-2024 14:46:00,104.816820248187,3658.06893221386,21.07
09-26-2024 14:56:00,107.618107061271,3620.9919226585,21.03
09-26-2024 15:06:00,107.610662709898,3539.85817748391,21.01
09-26-2024 15:16:00,104.070828054104,3536.66724211262,20.96
09-26-2024 15:26:00,107.561315382621,3489.39212092716,20.89
09-26-2024 15:36:00,107.558193563632,3495.51603369034,20.88
09-26-2024 15:46:00,107.546463309029,3484.85881475907,20.85
09-26-2024 15:56:00,104.99793762798,3499.4800904637,20.76
09-26-2024 16:06:00,104.392367161706,3507.50835284961,20.75
09-26-2024 16:16:00,105.912685173806,3524.12378653626,20.78
09-26-2024 16:26:00,104.323117095634,3530.31382481115,20.82
09-26-2024 16:36:00,106.053459486935,3538.45674977075,20.87
09-26-2024 16:46:00,108.475454614091,3547.20219848736,20.89
09-26-2024 16:56:00,107.182799679095,3551.75611734622,20.92
09-26-2024 17:06:00,106.895198192303,3555.60676736987,20.95
09-26-2024 17:16:00,106.909200339414,3559.25761954511,20.98
09-26-2024 17:26:00,108.226467884861,3558.43670481515,21
09-26-2024 17:36:00,106.02335667303,3562.85861687328,21.02
09-26-2024 17:46:00,108.246252087696,3568.08867492076,21.04
09-26-2024 17:56:00,105.942019497615,3578.16178567444,21.06
09-26-2024 18:06:00,107.657976648314,3571.15119513062,21.07
09-26-2024 18:16:00,106.959110152773,3566.56051823413,21.08
09-26-2024 18:26:00,107.572687789362,3574.82036379931,21.1
09-26-2024 18:36:00,106.773052895384,3569.21972393179,21.11
09-26-2024 18:46:00,105.772027482836,3563.41630147062,21.12
09-26-2024 18:56:00,106.78825585428,3553.71287362024,21.14
09-26-2024 19:06:00,107.804720615005,3545.82322877657,21.16
09-26-2024 19:16:00,104.596820099243,3540.79368985571,21.19
09-26-2024 19:26:00,104.908413749869,3535.82718311853,21.21
09-26-2024 19:36:00,105.7320622202,3540.32379102396,21.25
09-26-2024 19:46:00,107.257036706302,3538.21923576184,21.28
09-26-2024 19:56:00,106.670839909993,3533.72317142041,21.32
09-26-2024 20:06:00,105.378844439495,3535.49287246901,21.36
09-26-2024 20:16:00,107.51388966277,3528.96992575007,21.4
09-26-2024 20:26:00,106.116419944549,3525.74681120099,21.43
09-26-2024 20:36:00,106.134572649271,3518.8119564264,21.47
09-26-2024 20:46:00,105.442395840698,3513.05370134362,21.5
09-26-2024 20:56:00,106.56598230086,3511.24129612657,21.53
09-26-2024 21:06:00,105.97877595747,3509.8663242172,21.57
09-26-2024 21:16:00,105.588961613804,3509.47023848293,21.6
09-26-2024 21:26:00,105.400907360401,3509.78320619704,21.63
09-26-2024 21:36:00,106.424372705713,3507.15686821659,21.66
09-26-2024 21:46:00,107.443878775442,3505.61141201009,21.68
09-26-2024 21:56:00,105.736922887983,3502.13895679385,21.7
09-26-2024 22:06:00,106.352585022928,3504.24271714816,21.72
09-26-2024 22:16:00,106.261304406839,3506.54995010797,21.74
09-26-2024 22:26:00,106.877172210627,3506.52473603442,21.76
09-26-2024 22:36:00,106.680622365115,3507.48093577812,21.77
09-26-2024 22:46:00,105.574727346486,3513.30720082956,21.78
09-26-2024 22:56:00,108.413709328969,3514.80502011345,21.8
09-26-2024 23:06:00,107.307723628119,3518.8065330461,21.81
09-26-2024 23:16:00,107.010085388893,3519.76393622488,21.82
09-26-2024 23:26:00,106.510282689502,3521.93943738768,21.83
09-26-2024 23:36:00,106.006186329138,3531.18576638556,21.83
09-26-2024 23:46:00,106.71487463377,3531.80465696934,21.83
09-26-2024 23:56:00,106.918237346805,3544.19739740424,21.83
09-27-2024 00:06:00,107.319419368185,3550.26065237055,21.82
09-27-2024 00:16:00,106.71429681466,3546.71830155319,21.82
09-27-2024 00:26:00,106.614472346478,3548.25045445868,21.82
09-27-2024 00:36:00,108.834615637034,3544.06311903764,21.81
09-27-2024 00:46:00,106.604134858892,3546.74050332069,21.79
09-27-2024 00:56:00,107.101985093566,3561.18511357316,21.77
09-27-2024 01:06:00,106.084446736576,3575.01640788761,21.75
09-27-2024 01:16:00,106.274976052351,3584.5444807527,21.72
09-27-2024 01:26:00,105.85954220702,3590.41812619094,21.69
09-27-2024 01:36:00,107.463562522646,3604.80297157001,21.66
09-27-2024 01:46:00,108.158494615958,3615.02613482715,21.63
09-27-2024 01:56:00,107.444476256682,3625.28679778318,21.61
09-27-2024 02:06:00,108.740335304702,3633.53311842142,21.57
09-27-2024 02:16:00,108.526630674486,3633.71721601345,21.54
09-27-2024 02:26:00,107.707737590081,3633.4963154006,21.51
09-27-2024 02:36:00,108.901933179874,3637.17931114298,21.47
09-27-2024 02:46:00,108.280626073113,3646.7276598827,21.43
09-27-2024 02:56:00,107.966368002363,3653.07814519011,21.4
09-27-2024 03:06:00,107.446323181826,3650.48276702527,21.36
09-27-2024 03:16:00,108.538779691364,3653.54942258493,21.32
09-27-2024 03:26:00,106.301981619344,3659.39826947846,21.27
09-27-2024 03:36:00,106.592681738362,3658.26271596489,21.24
09-27-2024 03:46:00,108.687166397787,3661.07684728345,21.19
09-27-2024 03:56:00,106.96386656702,3653.58216112488,21.16
09-27-2024 04:06:00,107.245692972055,3654.17658620277,21.11
09-27-2024 04:16:00,107.8292006624,3660.21718079827,21.06
09-27-2024 04:26:00,108.014361474982,3658.73616037312,21.02
09-27-2024 04:36:00,107.897734965081,3664.11035492717,20.98
09-27-2024 04:46:00,106.771463869787,3666.00969023323,20.93
09-27-2024 04:56:00,108.263433622548,3670.57189787773,20.89
09-27-2024 05:06:00,107.543889836091,3669.19043313602,20.85
09-27-2024 05:16:00,107.829368178044,3675.35925781348,20.81
09-27-2024 05:26:00,108.416052411999,3679.41098802607,20.77
09-27-2024 05:36:00,107.897821888999,3674.70857441954,20.73
09-27-2024 05:46:00,109.387813176759,3672.62381606848,20.69
09-27-2024 05:56:00,108.166970046503,3672.45047342894,20.65
09-27-2024 06:06:00,110.157976168984,3671.97580278539,20.61
09-27-2024 06:16:00,107.332252082572,3666.98068840635,20.57
09-27-2024 06:26:00,107.517022062112,3669.62150187937,20.53
09-27-2024 06:36:00,107.505428932242,3666.18159842951,20.5
09-27-2024 06:46:00,107.3892902257,3672.4346652424,20.46
09-27-2024 06:56:00,106.876485296395,3676.62255306853,20.43
09-27-2024 07:06:00,107.457836419934,3678.91032475012,20.38
09-27-2024 07:16:00,107.646673387547,3669.15462619975,20.35
09-27-2024 07:26:00,108.741461875976,3667.77036858991,20.33
09-27-2024 07:36:00,107.427428400991,3666.44174739222,20.3
09-27-2024 07:46:00,107.215564544125,3664.41226782155,20.27
09-27-2024 07:56:00,108.706128738403,3672.20281574277,20.24
09-27-2024 08:06:00,108.09794872698,3674.92664564752,20.22
09-27-2024 08:16:00,107.886070726726,3665.78558515837,20.19
09-27-2024 08:26:00,108.984192802451,3667.55306635119,20.18
09-27-2024 08:36:00,109.076840572966,3667.27247128944,20.16
09-27-2024 08:46:00,108.568983999733,3666.09095650291,20.14
09-27-2024 08:56:00,108.061245767782,3672.6172949391,20.12
09-27-2024 09:06:00,107.153395303735,3670.23434440822,20.1
09-27-2024 09:16:00,108.446769582786,3667.55197730806,20.08
09-27-2024 09:26:00,108.443726581761,3666.21597697184,20.07
09-27-2024 09:36:00,107.135982024161,3677.94072724722,20.05
09-27-2024 09:46:00,107.133017347424,3676.40413563613,20.04
09-27-2024 09:56:00,107.225813531993,3678.62287480345,20.02
09-27-2024 10:06:00,106.922829192052,3679.98682259177,20.01
09-27-2024 10:16:00,108.124189587195,3679.99644928966,20.01
09-27-2024 10:26:00,108.021173084633,3677.96014679965,20
09-27-2024 10:36:00,108.518134994196,3682.72361396204,19.99
09-27-2024 10:46:00,107.719475206085,3693.43230951855,19.99
09-27-2024 10:56:00,107.716485595512,3685.09622854307,19.98
09-27-2024 11:06:00,108.817654933572,3679.50664337473,19.98
09-27-2024 11:16:00,105.519332047706,3680.01604587157,19.98
09-27-2024 11:26:00,107.620388107956,3679.12564633827,19.98
09-27-2024 11:36:00,108.425919878025,3680.78070990474,19.99
09-27-2024 11:46:00,107.831545250181,3676.43599498583,20
09-27-2024 11:56:00,108.837195116452,3666.99012156056,20.01
09-27-2024 12:06:00,108.059973081377,3650.11508172324,20.06
09-27-2024 12:16:00,107.782620287598,3666.05543779973,20.11
09-27-2024 12:26:00,107.813972219607,3689.21093401287,20.18
09-27-2024 12:36:00,106.547697628613,3624.45638503056,20.26
09-27-2024 12:46:00,107.881053303832,3644.60810082885,20.33
09-27-2024 12:56:00,106.404802268682,3672.8633987295,20.39
09-27-2024 13:06:00,106.836710142154,3654.21928929884,20.46
09-27-2024 13:16:00,107.064095518463,3651.47853579484,20.52
09-27-2024 13:26:00,107.391973837237,3649.33780309663,20.58
09-27-2024 13:36:00,106.616009626284,3639.65591528969,20.64
09-27-2024 13:46:00,106.835055194348,3618.2166237522,20.68
09-27-2024 13:56:00,106.399294456218,3612.35389889867,20.72
09-27-2024 14:06:00,105.963534672549,3622.14224444949,20.75
09-27-2024 14:16:00,106.680612278519,3613.61999106962,20.78
09-27-2024 14:26:00,106.887096607431,3613.50818400091,20.8
09-27-2024 14:36:00,107.093581890803,3621.36712619454,20.8
09-27-2024 14:46:00,106.291195466827,3633.25203223756,20.8
09-27-2024 14:56:00,105.283721939176,3646.30148551786,20.79
09-27-2024 15:06:00,107.189454024659,3647.2727953255,20.78
09-27-2024 15:16:00,107.784869228092,3654.13699792412,20.76
09-27-2024 15:26:00,107.283991663707,3654.04453191872,20.76
09-27-2024 15:36:00,107.07590489482,3660.40351370016,20.74
09-27-2024 15:46:00,107.068700423235,3665.0505027498,20.72
09-27-2024 15:56:00,107.668225101964,3662.39895935193,20.71
09-27-2024 16:06:00,107.464442885152,3662.2620387633,20.7
09-27-2024 16:16:00,106.96374435547,3658.14680661066,20.7
09-27-2024 16:26:00,108.174255193929,3659.80813277534,20.71
09-27-2024 16:36:00,108.376404013288,3662.12938328482,20.71
09-27-2024 16:46:00,107.181342705888,3650.45678979367,20.73
09-27-2024 16:56:00,107.287369895724,3643.26489196014,20.74
09-27-2024 17:06:00,105.589778112394,3643.86156076793,20.76
09-27-2024 17:16:00,105.29395116365,3638.07602921622,20.77
09-27-2024 17:26:00,106.006806255789,3631.32504466896,20.79
09-27-2024 17:36:00,106.816045872341,3630.9720740485,20.8
09-27-2024 17:46:00,106.930611587586,3629.09182885171,20.83
09-27-2024 17:56:00,107.54341365425,3625.25593320152,20.85
09-27-2024 18:06:00,106.548299965129,3624.74206018044,20.87
09-27-2024 18:16:00,106.558109280828,3622.11276496541,20.89
09-27-2024 18:26:00,106.471626602596,3622.04215011712,20.92
09-27-2024 18:36:00,105.77762037707,3624.4494305395,20.94
09-27-2024 18:46:00,105.887902284851,3626.75665016494,20.96
09-27-2024 18:56:00,107.305590287858,3625.93984523778,20.98
09-27-2024 19:06:00,107.617234755436,3633.38942371104,21
09-27-2024 19:16:00,107.119952271861,3638.58066233975,21.01
09-27-2024 19:26:00,107.13411317644,3636.1941003825,21.04
09-27-2024 19:36:00,108.154480913147,3630.27580664819,21.07
09-27-2024 19:46:00,107.061813582434,3623.85006260695,21.1
09-27-2024 19:56:00,106.266507254633,3618.69223672228,21.12
09-27-2024 20:06:00,107.081592803403,3615.65216625443,21.14
09-27-2024 20:16:00,106.185432928057,3614.52899639206,21.16
09-27-2024 20:26:00,107.403436762649,3609.66982498597,21.18
09-27-2024 20:36:00,106.410646160442,3609.59503826812,21.21
09-27-2024 20:46:00,105.811986474013,3607.21813207267,21.22
09-27-2024 20:56:00,107.03037287195,3606.0926021586,21.24
09-27-2024 21:06:00,107.438898674827,3605.43205274845,21.25
09-27-2024 21:16:00,108.149665878701,3604.67032283076,21.26
09-27-2024 21:26:00,107.853147257153,3602.79703263526,21.27
09-27-2024 21:36:00,106.851395726771,3602.33800378703,21.28
09-27-2024 21:46:00,107.965249378496,3606.12303776787,21.29
09-27-2024 21:56:00,106.862635226217,3604.85563246855,21.3
09-27-2024 22:06:00,107.775099821795,3604.09331723324,21.31
09-27-2024 22:16:00,108.284606554716,3603.93729237726,21.32
09-27-2024 22:26:00,108.185201356335,3606.16749742704,21.32
09-27-2024 22:36:00,107.279667951175,3607.18475400864,21.32
09-27-2024 22:46:00,107.184546083966,3604.50172576573,21.33
09-27-2024 22:56:00,107.794858875682,3606.4685015245,21.34
09-27-2024 23:06:00,106.990000890627,3604.65521302756,21.34
09-27-2024 23:16:00,108.310172622026,3603.72963928222,21.36
09-27-2024 23:26:00,108.91627656544,3599.99489714105,21.36
09-27-2024 23:36:00,106.805323753244,3600.95043390035,21.37
09-27-2024 23:46:00,107.919766573411,3601.70382873301,21.38
09-27-2024 23:56:00,108.727546102071,3605.85621938173,21.38
09-28-2024 00:06:00,107.821705352739,3604.75001956954,21.38
09-28-2024 00:16:00,106.714263059932,3608.29559709851,21.38
09-28-2024 00:26:00,107.72364794991,3607.49271998514,21.38
09-28-2024 00:36:00,109.53944378609,3610.22923199025,21.38
09-28-2024 00:46:00,107.927998111825,3613.37022084991,21.38
09-28-2024 00:56:00,108.933002467109,3615.86401039861,21.37
09-28-2024 01:06:00,108.325258526253,3619.77291830783,21.36
09-28-2024 01:16:00,107.818369954428,3624.79329384778,21.35
09-28-2024 01:26:00,107.41231918843,3632.23907660528,21.34
09-28-2024 01:36:00,109.324072539166,3630.88924301445,21.33
09-28-2024 01:46:00,108.510562211329,3633.84410034964,21.31
09-28-2024 01:56:00,108.700360890124,3647.16347034277,21.28
09-28-2024 02:06:00,107.387796375165,3652.17831161048,21.27
09-28-2024 02:16:00,107.783500395797,3650.2793599742,21.25
09-28-2024 02:26:00,109.589103364608,3657.47126491865,21.23
09-28-2024 02:36:00,108.066799543121,3665.72734482574,21.2
09-28-2024 02:46:00,108.059530748863,3662.61576080665,21.18
09-28-2024 02:56:00,107.544605309282,3668.84852602676,21.15
09-28-2024 03:06:00,107.331808346718,3676.4910392388,21.12
09-28-2024 03:16:00,108.527932122796,3681.40588255354,21.09
09-28-2024 03:26:00,108.315041066076,3685.20885895923,21.06
09-28-2024 03:36:00,107.796127647665,3686.84646488199,21.02
09-28-2024 03:46:00,109.590513043535,3691.10377291318,20.98
09-28-2024 03:56:00,106.863822197161,3689.35857957915,20.95
09-28-2024 04:06:00,109.260860868807,3687.36685437511,20.91
09-28-2024 04:16:00,108.536832143791,3687.04262778494,20.86
09-28-2024 04:26:00,108.319899685196,3686.96585955452,20.82
09-28-2024 04:36:00,108.098751094171,3692.3777820108,20.77
09-28-2024 04:46:00,108.38414748699,3695.82016968953,20.73
09-28-2024 04:56:00,107.76582221226,3685.48365085661,20.69
09-28-2024 05:06:00,110.054255218755,3695.91658357093,20.64
09-28-2024 05:16:00,108.432400765818,3694.12902556464,20.6
09-28-2024 05:26:00,108.416475344637,3694.25129338618,20.56
09-28-2024 05:36:00,108.400558885932,3689.35245255972,20.52
09-28-2024 05:46:00,106.880492686186,3688.97432670779,20.48
09-28-2024 05:56:00,109.968401190285,3687.34657432397,20.43
09-28-2024 06:06:00,107.450784840592,3682.40014951038,20.4
09-28-2024 06:16:00,109.038437101074,3689.04516001635,20.36
09-28-2024 06:26:00,108.321110835472,3689.97115244433,20.32
09-28-2024 06:36:00,108.605732656844,3688.39092470252,20.28
09-28-2024 06:46:00,108.289394158752,3676.59196619693,20.24
09-28-2024 06:56:00,107.873087869019,3685.93478858518,20.2
09-28-2024 07:06:00,107.752970368088,3683.01071647749,20.15
09-28-2024 07:16:00,107.637197189592,3687.44040960222,20.11
09-28-2024 07:26:00,108.326113881106,3686.60964954548,20.08
09-28-2024 07:36:00,107.214275307835,3685.67927497208,20.05
09-28-2024 07:46:00,108.303075942449,3684.94940665124,20.02
09-28-2024 07:56:00,108.787199779875,3685.57457727404,19.98
09-28-2024 08:06:00,107.775897407125,3682.74604871059,19.95
09-28-2024 08:16:00,109.359380732789,3684.37092369013,19.91
09-28-2024 08:26:00,108.25276184987,3681.38935287419,19.89
09-28-2024 08:36:00,106.142966246697,3682.0600084956,19.86
09-28-2024 08:46:00,108.533815979881,3673.48725400495,19.84
09-28-2024 08:56:00,108.630821684147,3669.85400641122,19.83
09-28-2024 09:06:00,108.328231633392,3669.01727209563,19.82
09-28-2024 09:16:00,107.422080602107,3670.83262500234,19.8
09-28-2024 09:26:00,108.222584003732,3657.2604503775,19.8
09-28-2024 09:36:00,108.019952203992,3658.92067056735,19.79
09-28-2024 09:46:00,107.713202787317,3653.15128439851,19.77
09-28-2024 09:56:00,106.520416915946,3643.1174693594,19.78
09-28-2024 10:06:00,109.422541223538,3636.27657875805,19.79
09-28-2024 10:16:00,108.629257756688,3636.52309990571,19.8
09-28-2024 10:26:00,107.740263687606,3622.03218528608,19.82
09-28-2024 10:36:00,106.351525983969,3615.32647866715,19.84
09-28-2024 10:46:00,105.961663447845,3613.41313098106,19.86
09-28-2024 10:56:00,106.770882907202,3605.20519929707,19.88
09-28-2024 11:06:00,106.884915512728,3605.9259893301,19.91
09-28-2024 11:16:00,107.394596326866,3602.51069740144,19.93
09-28-2024 11:26:00,106.713169417819,3595.27130783408,19.97
09-28-2024 11:36:00,105.335524854576,3601.36646988136,20.02
09-28-2024 11:46:00,106.062113246719,3603.90286885272,20.08
09-28-2024 11:56:00,106.497374717766,3618.23409889823,20.16
09-28-2024 12:06:00,107.433729665048,3596.113068789,20.24
09-28-2024 12:16:00,107.469286832906,3628.90511969874,20.32
09-28-2024 12:26:00,107.404645537995,3616.09213485597,20.4
09-28-2024 12:36:00,108.13785311287,3628.4194481392,20.47
09-28-2024 12:46:00,108.27409978547,3624.52992748934,20.55
09-28-2024 12:56:00,107.101484835115,3611.95201684321,20.62
09-28-2024 13:06:00,108.931171384085,3587.82126792444,20.67
09-28-2024 13:16:00,106.347803765872,3591.97266571245,20.73
09-28-2024 13:26:00,104.963995105084,3590.25327105506,20.78
09-28-2024 13:36:00,107.292891282612,3589.80367121895,20.82
09-28-2024 13:46:00,107.709114486536,3573.10505992966,20.85
09-28-2024 13:56:00,105.608574295746,3573.08085573952,20.87
09-28-2024 14:06:00,108.432797060868,3575.67539066106,20.89
09-28-2024 14:16:00,107.525328233658,3584.50625252337,20.88
09-28-2024 14:26:00,107.828309195724,3592.56766702703,20.88
09-28-2024 14:36:00,106.719922769195,3594.04479307684,20.87
09-28-2024 14:46:00,108.530442842575,3595.05601125238,20.87
09-28-2024 14:56:00,106.718597311878,3593.81391521406,20.86
09-28-2024 15:06:00,107.720738904195,3595.29065868677,20.85
09-28-2024 15:16:00,108.325148304727,3594.99266676275,20.85
09-28-2024 15:26:00,107.920334374153,3591.53572128751,20.84
09-28-2024 15:36:00,107.616048802013,3592.30764831322,20.83
09-28-2024 15:46:00,107.918950142427,3585.76782971652,20.83
09-28-2024 15:56:00,108.523293567055,3581.14079537358,20.83
09-28-2024 16:06:00,108.122834180299,3577.82249932415,20.83
09-28-2024 16:16:00,107.525695430186,3572.72797508662,20.84
09-28-2024 16:26:00,108.038210946229,3567.56740292724,20.86
09-28-2024 16:36:00,106.54488123772,3560.72789192051,20.89
09-28-2024 16:46:00,107.258486540516,3550.72762796699,20.91
09-28-2024 16:56:00,107.377574362388,3547.64325661566,20.95
09-28-2024 17:06:00,106.788461806569,3542.91037992159,20.98
09-28-2024 17:16:00,106.706307644137,3543.95555280678,21.02
09-28-2024 17:26:00,108.535787569965,3537.73918867761,21.06
09-28-2024 17:36:00,107.753837205221,3555.26368387452,21.11
09-28-2024 17:46:00,108.078832707526,3548.777440083,21.16
09-28-2024 17:56:00,107.79980571217,3538.34733942115,21.21
09-28-2024 18:06:00,106.714768396066,3524.77677696589,21.26
09-28-2024 18:16:00,106.930471723558,3523.2593661574,21.29
09-28-2024 18:26:00,106.243572387763,3519.14473912152,21.33
09-28-2024 18:36:00,107.169080626432,3517.6563966805,21.37
09-28-2024 18:46:00,107.595222658603,3514.37748580637,21.42
09-28-2024 18:56:00,106.907959787966,3513.99940664918,21.46
09-28-2024 19:06:00,107.632579154116,3509.06584442321,21.5
09-28-2024 19:16:00,106.343863978118,3509.02015187533,21.55
09-28-2024 19:26:00,106.055276444209,3510.63469573384,21.58
09-28-2024 19:36:00,108.1890536498,3505.96833749568,21.61
09-28-2024 19:46:00,107.597827247925,3503.93448249891,21.64
09-28-2024 19:56:00,106.804452445019,3500.48042483873,21.67
09-28-2024 20:06:00,107.723300570871,3499.22521101306,21.69
09-28-2024 20:16:00,107.93539980839,3497.36112867529,21.71
09-28-2024 20:26:00,108.955601091416,3499.65442507934,21.73
09-28-2024 20:36:00,107.45058382812,3497.28251630007,21.75
09-28-2024 20:46:00,106.450366951671,3500.38801958922,21.77
09-28-2024 20:56:00,106.96127545507,3500.52190387761,21.78
09-28-2024 21:06:00,108.385972165607,3495.71361230745,21.8
09-28-2024 21:16:00,106.876013148334,3501.02264666911,21.81
09-28-2024 21:26:00,107.892364776148,3500.64903025318,21.82
09-28-2024 21:36:00,106.685398712997,3499.56481505778,21.83
09-28-2024 21:46:00,107.499716757118,3504.87533473201,21.84
09-28-2024 21:56:00,107.602283475746,3506.90762537094,21.84
09-28-2024 22:06:00,108.816634271078,3510.7670187545,21.84
09-28-2024 22:16:00,107.600970507609,3512.86973608616,21.83
09-28-2024 22:26:00,107.7035342059,3507.69535968185,21.83
09-28-2024 22:36:00,108.109294786284,3508.10339738649,21.83
09-28-2024 22:46:00,107.302272610593,3511.75937342842,21.83
09-28-2024 22:56:00,109.522792506537,3512.84686152518,21.82
09-28-2024 23:06:00,107.599859735922,3516.57270086354,21.81
09-28-2024 23:16:00,107.09609517817,3515.35685972985,21.81
09-28-2024 23:26:00,108.609038255809,3519.0821579249,21.8
09-28-2024 23:36:00,108.307400339628,3519.48995310211,21.8
09-28-2024 23:46:00,108.09814297914,3523.89299890542,21.78
09-28-2024 23:56:00,107.181766633902,3527.58452332825,21.76
09-29-2024 00:06:00,108.285852595298,3524.88512181279,21.74
09-29-2024 00:16:00,106.965667731804,3531.71892209447,21.72
09-29-2024 00:26:00,107.055365215915,3531.31934307015,21.69
09-29-2024 00:36:00,107.755135341717,3535.00696656038,21.67
09-29-2024 00:46:00,108.85420838593,3545.85565780402,21.64
09-29-2024 00:56:00,107.833242667096,3546.26346318161,21.61
09-29-2024 01:06:00,108.931921725771,3547.78529799124,21.58
09-29-2024 01:16:00,108.617607344592,3554.8760773994,21.55
09-29-2024 01:26:00,109.00958680385,3557.50876097255,21.52
09-29-2024 01:36:00,107.178114569488,3560.40917770757,21.48
09-29-2024 01:46:00,109.078440953348,3568.87240513636,21.44
09-29-2024 01:56:00,109.868943694978,3572.47529548238,21.4
09-29-2024 02:06:00,109.353211464291,3576.1117428845,21.37
09-29-2024 02:16:00,109.034840514961,3580.11462357907,21.33
09-29-2024 02:26:00,109.421859246389,3594.52328611079,21.29
09-29-2024 02:36:00,110.715227001156,3599.325782973,21.25
09-29-2024 02:46:00,107.778518481722,3604.32716008129,21.21
09-29-2024 02:56:00,110.384940267367,3610.77725762663,21.18
09-29-2024 03:06:00,108.959418194208,3618.39626367188,21.14
09-29-2024 03:16:00,110.855600974758,3617.13152856984,21.1
09-29-2024 03:26:00,109.636265305419,3620.44580571508,21.07
09-29-2024 03:36:00,110.5211040666,3627.41005147039,21.02
09-29-2024 03:46:00,109.398581361979,3635.31627674143,20.98
09-29-2024 03:56:00,109.386953543096,3624.11172406274,20.95
09-29-2024 04:06:00,109.370947887809,3626.07094356234,20.91
09-29-2024 04:16:00,108.249411226037,3634.675593586,20.87
09-29-2024 04:26:00,109.937432371002,3648.06561325245,20.82
09-29-2024 04:36:00,109.921316430526,3642.97076616425,20.78
09-29-2024 04:46:00,108.896577963625,3651.21751570843,20.73
09-29-2024 04:56:00,110.788296089578,3660.70664458897,20.69
09-29-2024 05:06:00,110.370497339131,3656.11582929389,20.65
09-29-2024 05:16:00,109.346404392618,3656.71172584498,20.6
09-29-2024 05:26:00,110.133042881239,3654.4360820301,20.56
09-29-2024 05:36:00,110.016615685037,3656.68091537088,20.52
09-29-2024 05:46:00,109.799966706494,3654.10566661987,20.48
09-29-2024 05:56:00,110.686214402984,3651.13069934446,20.44
09-29-2024 06:06:00,107.5628171571,3653.07356566323,20.4
09-29-2024 06:16:00,109.246476936028,3657.78138886889,20.35
09-29-2024 06:26:00,107.331433044265,3655.05072110465,20.32
09-29-2024 06:36:00,108.117277448606,3655.28669808448,20.28
09-29-2024 06:46:00,110.300280587887,3651.27302032144,20.23
09-29-2024 06:56:00,108.281968138825,3660.92456662169,20.19
09-29-2024 07:06:00,109.667528340633,3658.45524759997,20.15
09-29-2024 07:16:00,109.351373536857,3659.99111617236,20.11
09-29-2024 07:26:00,109.235446817021,3657.82393930728,20.07
09-29-2024 07:36:00,110.124150438985,3653.99928680181,20.04
09-29-2024 07:46:00,110.408095661285,3653.83533596387,20
09-29-2024 07:56:00,108.792349400311,3655.37098023398,19.96
09-29-2024 08:06:00,106.781740161489,3654.7485885267,19.93
09-29-2024 08:16:00,110.568488003526,3653.52700311753,19.9
09-29-2024 08:26:00,109.057895286601,3651.00739232489,19.87
09-29-2024 08:36:00,108.746720739707,3656.47870499355,19.84
09-29-2024 08:46:00,108.135983070089,3656.75535475508,19.81
09-29-2024 08:56:00,108.03337508115,3645.13442957944,19.8
09-29-2024 09:06:00,109.923979739932,3650.84483704786,19.78
09-29-2024 09:16:00,108.323273533922,3651.1051346055,19.77
09-29-2024 09:26:00,109.115102876932,3653.71944376155,19.75
09-29-2024 09:36:00,108.513226378131,3652.38278209017,19.74
09-29-2024 09:46:00,109.413443846027,3645.39931608612,19.74
09-29-2024 09:56:00,108.51635391737,3642.90639999789,19.74
09-29-2024 10:06:00,108.022939677731,3639.45565726254,19.75
09-29-2024 10:16:00,107.425368591131,3634.56730855878,19.75
09-29-2024 10:26:00,108.434090957149,3630.55607638981,19.77
09-29-2024 10:36:00,108.439956355936,3627.40284016173,19.78
09-29-2024 10:46:00,109.448970852306,3620.39420497456,19.8
09-29-2024 10:56:00,107.860911066181,3611.58586089851,19.82
09-29-2024 11:06:00,108.974329837885,3625.68406693926,19.85
09-29-2024 11:16:00,108.393604807043,3601.36328743847,19.89
09-29-2024 11:26:00,107.312814035135,3599.01430113257,19.93
09-29-2024 11:36:00,107.531300949518,3598.2633180277,19.97
09-29-2024 11:46:00,108.262794887839,3602.92367833114,20.04
09-29-2024 11:56:00,106.493293756376,3617.59805093401,20.11
09-29-2024 12:06:00,107.028976335894,3615.00189311298,20.19
09-29-2024 12:16:00,106.667957604376,3612.13952527238,20.28
09-29-2024 12:26:00,108.70736223504,3603.11728727347,20.36
09-29-2024 12:36:00,108.843823057461,3626.29758597758,20.44
09-29-2024 12:46:00,108.775474519216,3620.44730588134,20.51
09-29-2024 12:56:00,109.409416754505,3604.14133511405,20.58
09-29-2024 13:06:00,107.931691403254,3616.12704196633,20.64
09-29-2024 13:16:00,106.047140435825,3590.37497390798,20.69
09-29-2024 13:26:00,108.982046458906,3592.26710017128,20.74
09-29-2024 13:36:00,108.197430289103,3583.35627927354,20.78
09-29-2024 13:46:00,106.709129142759,3578.06355495163,20.82
09-29-2024 13:56:00,108.230763261663,3584.81531763381,20.85
09-29-2024 14:06:00,108.136164056273,3593.00801138546,20.86
09-29-2024 14:16:00,108.736400477223,3597.60350799571,20.85
09-29-2024 14:26:00,107.025386128115,3599.07708857159,20.84
09-29-2024 14:36:00,108.228501894181,3596.02007344492,20.83
09-29-2024 14:46:00,106.517717260173,3596.18486018182,20.82
09-29-2024 14:56:00,107.318850445732,3593.53118538753,20.81
09-29-2024 15:06:00,107.517114453137,3593.59547456791,20.8
09-29-2024 15:16:00,108.418556495586,3590.23792662315,20.79
09-29-2024 15:26:00,107.411320517191,3590.80561687357,20.78
09-29-2024 15:36:00,108.116076369141,3589.89997198942,20.78
09-29-2024 15:46:00,106.711355715218,3585.67339539076,20.78
09-29-2024 15:56:00,107.717467398993,3585.27086183572,20.78
09-29-2024 16:06:00,107.124845774765,3585.2416964779,20.8
09-29-2024 16:16:00,107.130690357644,3580.24447434909,20.81
09-29-2024 16:26:00,106.433214456079,3579.27304192749,20.82
09-29-2024 16:36:00,107.247115593469,3575.51747410204,20.84
09-29-2024 16:46:00,107.056227510332,3570.753636175,20.86
09-29-2024 16:56:00,107.166824192764,3561.25457260807,20.88
09-29-2024 17:06:00,107.788620887205,3555.24382498424,20.92
09-29-2024 17:16:00,106.998681628021,3546.47540230486,20.95
09-29-2024 17:26:00,106.912442003482,3543.04487286654,20.98
09-29-2024 17:36:00,105.619150824869,3538.90683938178,21.01
09-29-2024 17:46:00,106.337463388849,3534.36332281222,21.04
09-29-2024 17:56:00,107.353623864448,3530.29059603131,21.06
09-29-2024 18:06:00,106.659378951143,3530.65516821068,21.08
09-29-2024 18:16:00,106.669437125408,3527.28665944158,21.1
09-29-2024 18:26:00,107.786640609806,3527.95347614435,21.12
09-29-2024 18:36:00,108.094508926624,3529.19485551833,21.13
09-29-2024 18:46:00,106.791838027438,3527.20668012641,21.14
09-29-2024 18:56:00,105.694518373175,3522.01872756744,21.16
09-29-2024 19:06:00,106.409262708684,3514.40594968615,21.18
09-29-2024 19:16:00,105.61789777358,3506.4160097898,21.21
09-29-2024 19:26:00,105.636179213572,3502.28945186084,21.25
09-29-2024 19:36:00,105.444659292826,3497.69872909233,21.27
09-29-2024 19:46:00,106.164030990796,3493.74101503648,21.3
09-29-2024 19:56:00,106.984425607079,3489.78128696972,21.33
09-29-2024 20:06:00,107.599244376328,3492.26243012101,21.35
09-29-2024 20:16:00,105.190344605188,3488.37389171943,21.37
09-29-2024 20:26:00,105.910091473542,3485.42179972887,21.4
09-29-2024 20:36:00,106.218359112788,3479.37901259172,21.41
09-29-2024 20:46:00,105.32091905664,3481.25283051489,21.43
09-29-2024 20:56:00,107.444262417202,3478.14222270741,21.44
09-29-2024 21:06:00,107.651850760041,3476.34645471238,21.45
09-29-2024 21:16:00,106.447590695558,3476.27061772478,21.46
09-29-2024 21:26:00,106.453438887645,3476.70072676423,21.47
09-29-2024 21:36:00,106.757631798437,3477.71121480642,21.47
09-29-2024 21:46:00,106.763499966954,3479.96315465281,21.48
09-29-2024 21:56:00,105.655675028193,3478.44344124326,21.48
09-29-2024 22:06:00,106.464187428302,3474.69710633738,21.48
09-29-2024 22:16:00,107.474420402283,3473.58217221002,21.48
09-29-2024 22:26:00,106.664947460181,3473.25038572396,21.47
09-29-2024 22:36:00,106.464876344885,3471.42709115396,21.47
09-29-2024 22:46:00,105.046287119496,3468.13484400984,21.45
09-29-2024 22:56:00,106.350452849011,3469.39621327532,21.43
09-29-2024 23:06:00,106.347882226056,3471.59384584824,21.42
09-29-2024 23:16:00,107.147607397678,3474.06805502312,21.4
09-29-2024 23:26:00,105.019780203965,3474.08793935433,21.37
09-29-2024 23:36:00,105.517079130282,3471.91008260098,21.35
09-29-2024 23:46:00,105.308859971564,3473.57416923821,21.33
09-29-2024 23:56:00,106.91437583141,3477.25908672808,21.31
09-30-2024 00:06:00,106.907542708765,3475.08179172461,21.29
09-30-2024 00:16:00,106.191357520271,3477.22305366598,21.26
09-30-2024 00:26:00,107.892547985077,3478.45426593814,21.23
09-30-2024 00:36:00,107.982011780887,3485.94552470109,21.2
09-30-2024 00:46:00,106.15855461875,3489.19310817206,21.17
09-30-2024 00:56:00,107.14999213394,3493.01678616759,21.13
09-30-2024 01:06:00,107.239537881065,3495.55457084502,21.1
09-30-2024 01:16:00,106.218039733336,3498.26457331318,21.06
09-30-2024 01:26:00,106.609504777905,3501.10219469184,21.03
09-30-2024 01:36:00,107.805469973267,3503.53519704592,21
09-30-2024 01:46:00,107.597424925859,3505.08874477146,20.98
09-30-2024 01:56:00,106.978737823526,3508.59923038089,20.94
09-30-2024 02:06:00,106.167667215128,3511.15870130343,20.92
09-30-2024 02:16:00,106.361996803262,3517.84734036039,20.9
09-30-2024 02:26:00,107.561377351742,3520.20305378995,20.88
09-30-2024 02:36:00,109.162472829926,3524.57198307227,20.86
09-30-2024 02:46:00,108.150557958673,3532.96679687305,20.84
09-30-2024 02:56:00,107.737452416522,3532.06668796165,20.81
09-30-2024 03:06:00,107.630112076274,3540.15496677228,20.79
09-30-2024 03:16:00,108.322055859013,3545.3911480172,20.76
09-30-2024 03:26:00,108.515965898849,3555.88841478569,20.74
09-30-2024 03:36:00,107.40016733843,3565.44345196388,20.71
09-30-2024 03:46:00,107.087903207941,3577.10544470148,20.68
09-30-2024 03:56:00,108.181010232325,3580.11643181094,20.65
09-30-2024 04:06:00,107.262331109123,3586.80933226128,20.61
09-30-2024 04:16:00,107.251281636793,3592.32805466964,20.58
09-30-2024 04:26:00,109.041616596486,3587.16161543231,20.54
09-30-2024 04:36:00,107.621883294572,3596.15568507618,20.5
09-30-2024 04:46:00,108.208120948403,3603.43762814002,20.46
09-30-2024 04:56:00,108.292877002293,3604.99550455045,20.42
09-30-2024 05:06:00,109.575860315777,3608.02017417102,20.37
09-30-2024 05:16:00,108.558165309772,3610.87898366542,20.33
09-30-2024 05:26:00,107.737017316856,3611.99486450874,20.28
09-30-2024 05:36:00,107.721662735398,3612.04495387388,20.24
09-30-2024 05:46:00,107.906547631274,3618.30506946434,20.2
09-30-2024 05:56:00,109.087937937611,3614.11049338554,20.15
09-30-2024 06:06:00,106.766632131059,3617.52549464387,20.1
09-30-2024 06:16:00,109.052319387868,3617.97407692666,20.06
09-30-2024 06:26:00,107.036459590581,3618.82246960202,20.02
09-30-2024 06:36:00,109.621000464804,3615.47102784918,19.98
09-30-2024 06:46:00,106.60628721495,3620.51771882501,19.94
09-30-2024 06:56:00,107.586421411629,3622.42590970745,19.89
09-30-2024 07:06:00,108.969943240356,3623.67137028732,19.85
09-30-2024 07:16:00,107.851310137383,3622.98119095709,19.8
09-30-2024 07:26:00,107.940109617415,3620.07129070927,19.77
09-30-2024 07:36:00,107.725084924121,3618.82184731206,19.73
09-30-2024 07:46:00,108.009269659995,3620.66550778662,19.69
09-30-2024 07:56:00,108.393124243934,3623.60491827009,19.65
09-30-2024 08:06:00,107.284381008622,3621.99450585078,19.62
09-30-2024 08:16:00,108.670131499777,3621.48126235807,19.59
09-30-2024 08:26:00,108.762990647728,3620.60716023354,19.57
09-30-2024 08:36:00,107.65893215847,3623.71886933175,19.55
09-30-2024 08:46:00,107.548201096061,3623.20554082601,19.52
09-30-2024 08:56:00,107.142591778516,3622.73006418791,19.5
09-30-2024 09:06:00,107.439206645611,3619.40416954235,19.49
09-30-2024 09:16:00,108.533399589621,3618.07043948329,19.48
09-30-2024 09:26:00,107.837188794291,3619.66186973191,19.48
09-30-2024 09:36:00,110.027950392424,3617.73074911844,19.47
09-30-2024 09:46:00,106.739694706081,3617.33052119757,19.47
09-30-2024 09:56:00,108.63561372856,3610.45794807113,19.47
09-30-2024 10:06:00,108.546186295036,3606.44585331926,19.49
09-30-2024 10:16:00,107.854183627636,3601.7989265941,19.5
09-30-2024 10:26:00,107.365755106094,3603.06391041032,19.52
09-30-2024 10:36:00,108.269246968404,3596.52267518199,19.53
09-30-2024 10:46:00,108.478973470373,3594.29966909808,19.55
09-30-2024 10:56:00,108.484961633348,3588.8521638998,19.56
09-30-2024 11:06:00,107.801164421969,3591.44605686426,19.59
09-30-2024 11:16:00,107.416476565854,3580.68209378336,19.62
09-30-2024 11:26:00,107.630449227653,3579.98441139233,19.65
09-30-2024 11:36:00,106.754888025521,3583.44446609863,19.7
09-30-2024 11:46:00,105.882958715201,3592.43121728977,19.76
09-30-2024 11:56:00,107.412166458945,3602.56085936295,19.83
09-30-2024 12:06:00,107.543412155484,3599.11276525652,19.9
09-30-2024 12:16:00,107.778995621718,3596.89583723378,19.98
09-30-2024 12:26:00,108.510674589598,3603.04395764478,20.05
09-30-2024 12:36:00,108.54245938656,3600.39036288329,20.12
09-30-2024 12:46:00,107.473064252325,3606.44698777966,20.19
09-30-2024 12:56:00,107.500214575165,3595.13855798276,20.25
09-30-2024 13:06:00,106.325236909245,3595.94937389288,20.31
09-30-2024 13:16:00,106.652648754973,3587.23240409585,20.37
09-30-2024 13:26:00,107.276800865864,3570.34521932944,20.42
09-30-2024 13:36:00,106.998870330389,3565.48993625588,20.47
09-30-2024 13:46:00,107.619229928573,3559.29260453277,20.51
09-30-2024 13:56:00,107.031843041304,3556.37358299789,20.54
09-30-2024 14:06:00,107.447546855824,3558.47617221479,20.57
09-30-2024 14:16:00,107.056398632716,3557.43225039988,20.59
09-30-2024 14:26:00,106.957785093453,3562.45255231795,20.59
09-30-2024 14:36:00,106.967946737287,3561.20801368463,20.61
09-30-2024 14:46:00,107.768233635468,3567.80377764775,20.6
09-30-2024 14:56:00,107.818003073534,3564.58449737561,20.6
09-30-2024 15:06:00,107.86777346606,3567.361240869,20.59
09-30-2024 15:16:00,106.966436708295,3563.33834631274,20.59
09-30-2024 15:26:00,106.963954010825,3563.80411732429,20.58
09-30-2024 15:36:00,107.659523072435,3559.31469916865,20.56
09-30-2024 15:46:00,109.16177026859,3560.785124638,20.55
09-30-2024 15:56:00,107.859374829765,3555.95988737682,20.55
09-30-2024 16:06:00,107.359522799897,3553.34443039579,20.55
09-30-2024 16:16:00,108.272701082313,3546.47253509328,20.57
09-30-2024 16:26:00,106.974373172592,3544.7919826513,20.58
09-30-2024 16:36:00,106.884198496623,3545.15194980123,20.6
09-30-2024 16:46:00,107.291560772479,3542.26484987746,20.61
09-30-2024 16:56:00,107.707488281492,3539.63986870498,20.64
09-30-2024 17:06:00,106.111644594271,3535.87704293204,20.66
09-30-2024 17:16:00,107.125656054504,3527.48755432165,20.68
09-30-2024 17:26:00,106.441394765882,3523.07636871901,20.72
09-30-2024 17:36:00,107.263412201756,3522.08320869927,20.76
09-30-2024 17:46:00,106.880255124801,3518.37176831429,20.8
09-30-2024 17:56:00,106.396434583994,3519.18853771587,20.84
09-30-2024 18:06:00,106.716465806875,3518.89788001047,20.88
09-30-2024 18:16:00,105.428121540463,3516.08824286361,20.92
09-30-2024 18:26:00,107.055305452684,3515.89698708431,20.96
09-30-2024 18:36:00,106.768023627271,3514.66858278622,20.99
09-30-2024 18:46:00,106.686032525019,3514.87993535059,21.03
09-30-2024 18:56:00,107.107104259271,3512.46868870641,21.07
09-30-2024 19:06:00,108.035877292007,3520.07450386566,21.12
09-30-2024 19:16:00,108.159760924985,3522.43684332041,21.17
09-30-2024 19:26:00,107.780177890766,3527.42685447179,21.22
09-30-2024 19:36:00,107.299637630386,3530.70322446894,21.27
09-30-2024 19:46:00,108.334621237103,3521.37693736334,21.33
09-30-2024 19:56:00,108.05553729019,3522.83328787009,21.38
09-30-2024 20:06:00,108.477783303455,3515.46025708036,21.42
09-30-2024 20:16:00,108.395985213863,3494.92732411908,21.46
09-30-2024 20:26:00,107.708920059075,3482.58013399691,21.5
09-30-2024 20:36:00,107.021535606511,3482.17327508768,21.54
09-30-2024 20:46:00,106.434750071307,3482.88026630547,21.58
09-30-2024 20:56:00,106.44913534549,3480.31921506746,21.61
09-30-2024 21:06:00,106.261618680313,3477.95951465085,21.64
09-30-2024 21:16:00,106.675642461235,3474.86344445357,21.66
09-30-2024 21:26:00,105.878037482254,3475.82127757332,21.68
09-30-2024 21:36:00,106.797058474467,3478.40162063793,21.7
09-30-2024 21:46:00,105.79728183476,3480.88134151705,21.72
09-30-2024 21:56:00,107.116308966754,3479.98884030917,21.73
09-30-2024 22:06:00,107.122329312401,3483.66023740749,21.74
09-30-2024 22:16:00,106.926314578772,3486.31786715533,21.75
09-30-2024 22:26:00,105.614850419132,3485.9062229111,21.75
09-30-2024 22:36:00,107.232916872916,3487.42176783702,21.75
09-30-2024 22:46:00,108.543597727677,3494.79321699768,21.74
09-30-2024 22:56:00,107.131200453147,3500.36555690664,21.74
09-30-2024 23:06:00,107.734767621803,3498.1008026098,21.73
09-30-2024 23:16:00,106.015251155053,3505.47012653657,21.72
09-30-2024 23:26:00,107.532039657644,3500.39369050639,21.72
09-30-2024 23:36:00,108.236511424096,3501.8810330674,21.71
09-30-2024 23:46:00,109.34048169201,3504.35415366908,21.69
09-30-2024 23:56:00,108.530070745574,3506.14491345541,21.68
