t_wql,trp,cdom,temp
04-01-2025 00:00:19,61.0648449496095,779.993459404189,16.99
04-01-2025 00:05:19,60.1879613726957,781.662484906466,16.98
04-01-2025 00:10:19,61.1617866939632,783.646234005051,16.96
04-01-2025 00:15:19,61.2610880243145,782.19163790954,16.95
04-01-2025 00:20:19,60.7748367308428,781.615673093543,16.94
04-01-2025 00:25:19,59.796780972435,784.282128553338,16.92
04-01-2025 00:30:19,60.5791389184856,784.096592757381,16.91
04-01-2025 00:35:19,60.0891118414487,785.591610568814,16.89
04-01-2025 00:40:19,61.2573609691982,785.13553607848,16.87
04-01-2025 00:45:19,59.7961488752476,783.682421312907,16.86
04-01-2025 00:50:19,59.4079009885976,784.96021378891,16.85
04-01-2025 00:55:19,59.7958571652719,785.187222640776,16.83
04-01-2025 01:00:19,60.3746651859057,783.486567017149,16.8
04-01-2025 01:05:19,60.1815169778434,783.10699226177,16.79
04-01-2025 01:10:19,59.5945857408869,782.847202148251,16.77
04-01-2025 01:15:19,60.0797306843967,781.125934503062,16.75
04-01-2025 01:20:19,61.7379889547502,781.916221860708,16.74
04-01-2025 01:25:19,60.274265007508,781.94929312999,16.72
04-01-2025 01:30:19,61.1528153835941,780.304178142869,16.71
04-01-2025 01:35:19,60.5661220058749,779.461113382764,16.69
04-01-2025 01:40:19,59.6914178233872,778.30372497513,16.68
04-01-2025 01:45:19,60.4683560371923,777.656127445881,16.66
04-01-2025 01:50:19,59.0057731240321,779.150759917715,16.64
04-01-2025 01:55:19,60.3706522538848,776.533852473627,16.63
04-01-2025 02:00:19,59.4963908968595,778.103272671152,16.62
04-01-2025 02:05:19,60.0823272447941,774.903019038317,16.61
04-01-2025 02:10:19,60.278857221119,776.569833409577,16.6
04-01-2025 02:15:19,60.6700035554685,773.954317045733,16.59
04-01-2025 02:20:19,60.7691494631512,772.993644268944,16.58
04-01-2025 02:25:19,59.3113786476904,770.768228897912,16.57
04-01-2025 02:30:19,60.574199010244,768.56661245227,16.55
04-01-2025 02:35:19,60.9611434166777,768.408588421649,16.53
04-01-2025 02:40:19,61.1575033274763,767.740988589988,16.52
04-01-2025 02:45:19,60.8675323852418,767.559888815171,16.51
04-01-2025 02:50:19,61.157076383828,766.721656527683,16.49
04-01-2025 02:55:19,60.7699435170031,765.276777856346,16.48
04-01-2025 03:00:19,60.771796065022,764.707289363578,16.47
04-01-2025 03:05:19,60.7736512635938,763.651869109217,16.46
04-01-2025 03:10:19,62.4323132802918,760.53116957584,16.46
04-01-2025 03:15:19,60.8745794472811,760.083690823701,16.44
04-01-2025 03:20:19,61.1639880237902,760.025226208883,16.42
04-01-2025 03:25:19,61.5545645639714,758.970960769548,16.41
04-01-2025 03:30:19,61.0664533553862,757.066673793901,16.39
04-01-2025 03:35:19,61.2666834141775,756.280185988798,16.39
04-01-2025 03:40:19,60.8758559201793,755.736972353866,16.37
04-01-2025 03:45:19,61.9463411241661,755.363854711736,16.36
04-01-2025 03:50:19,60.879610007568,752.853835304792,16.35
04-01-2025 03:55:19,61.1688428135883,753.962731648995,16.33
04-01-2025 04:00:19,61.753401200783,754.172847694419,16.32
04-01-2025 04:05:19,61.8523301421168,751.955315627875,16.31
04-01-2025 04:10:19,61.364587939561,751.996284720058,16.29
04-01-2025 04:15:19,61.7547880738701,750.653404125,16.28
04-01-2025 04:20:19,61.4653856976803,749.116670102199,16.27
04-01-2025 04:25:19,63.1174371453294,747.289057981631,16.26
04-01-2025 04:30:19,61.6632288240884,745.364761418279,16.25
04-01-2025 04:35:19,61.3739123523031,746.158399294647,16.24
04-01-2025 04:40:19,61.3757870911636,744.428771369698,16.23
04-01-2025 04:45:19,61.0865455994897,744.349183518562,16.22
04-01-2025 04:50:19,61.4765786638385,744.65782902245,16.21
04-01-2025 04:55:19,60.6092225752033,742.709434543634,16.21
04-01-2025 05:00:19,61.5814170227548,742.533237966425,16.2
04-01-2025 05:05:19,60.4151155502785,742.188696442565,16.18
04-01-2025 05:10:19,62.9433032940397,742.278212920203,16.18
04-01-2025 05:15:19,61.5870528918918,740.938345103979,16.17
04-01-2025 05:20:19,61.2009610316945,741.829647116967,16.16
04-01-2025 05:25:19,62.5648307029526,740.367489288169,16.16
04-01-2025 05:30:19,61.8877392125783,739.610169794822,16.15
04-01-2025 05:35:19,61.2107572857168,740.889621600028,16.14
04-01-2025 05:40:19,62.0854287852572,741.005307284421,16.13
04-01-2025 05:45:19,61.1176527870433,741.218030824856,16.12
04-01-2025 05:50:19,62.0891581804424,741.139944189126,16.11
04-01-2025 05:55:19,62.3859930114768,739.291036063061,16.11
04-01-2025 06:00:19,61.806150144977,738.437693549611,16.1
04-01-2025 06:05:19,61.521275124976,740.370093651894,16.1
04-01-2025 06:10:19,62.9731528716502,740.027426546096,16.08
04-01-2025 06:15:19,62.1067272668487,740.796491630574,16.08
04-01-2025 06:20:19,61.7209081459255,739.265111095767,16.07
04-01-2025 06:25:19,61.8238159085228,737.417277517721,16.07
04-01-2025 06:30:19,62.6938565031953,728.159746810911,16.05
04-01-2025 06:35:19,61.7266732782062,738.45218592599,16.04
04-01-2025 06:40:19,62.9882452231179,737.697001628825,16.03
04-01-2025 06:45:19,64.0558472935556,737.523356157656,16.02
04-01-2025 06:50:19,62.9919146808127,739.674962406231,16.01
04-01-2025 06:55:19,62.6990009013119,736.330711727714,15.99
04-01-2025 07:00:19,63.6694452206449,736.060653273293,15.98
04-01-2025 07:05:19,63.9617898416716,735.790729267736,15.97
04-01-2025 07:10:19,62.5109245095858,734.16514248323,15.96
04-01-2025 07:15:19,62.9969913315979,734.670274008303,15.95
04-01-2025 07:20:19,63.3861582571462,734.110316099015,15.94
04-01-2025 07:25:19,63.8720879166087,734.421917594924,15.93
04-01-2025 07:30:19,63.5792485497342,732.146133601495,15.91
04-01-2025 07:35:19,62.8066924062029,732.167615439423,15.9
04-01-2025 07:40:19,62.0383357941848,732.162673847485,15.9
04-01-2025 07:45:19,61.9434950217963,731.119643386293,15.89
04-01-2025 07:50:19,62.9174189410494,731.018075593733,15.89
04-01-2025 07:55:19,63.4032165201643,730.072175635384,15.88
04-01-2025 08:00:19,62.9211959127247,728.545868238205,15.87
04-01-2025 08:05:19,63.2175544736537,727.960691651484,15.87
04-01-2025 08:10:19,63.4129619502134,722.854465664974,15.86
04-01-2025 08:15:19,62.2577976487568,723.527469351678,15.86
04-01-2025 08:20:19,61.8727146646045,720.550874320301,15.85
04-01-2025 08:25:19,62.164958861422,720.86440186547,15.84
04-01-2025 08:30:19,62.4612626707204,719.505758447163,15.84
04-01-2025 08:35:19,63.7250883493736,718.340696845922,15.84
04-01-2025 08:40:19,63.2432200047048,719.815567729052,15.83
04-01-2025 08:45:19,63.5395091046093,719.037737745104,15.83
04-01-2025 08:50:19,63.2553346458914,718.163241366265,15.83
04-01-2025 08:55:19,61.423252946592,713.999514442072,15.83
04-01-2025 09:00:19,63.4651258130821,716.193131470761,15.84
04-01-2025 09:05:19,62.6004251136892,717.447335756363,15.84
04-01-2025 09:10:19,62.4129905180106,712.896502702461,15.84
04-01-2025 09:15:19,63.9713087807986,711.607068549987,15.85
04-01-2025 09:20:19,64.2676617602186,714.990305902246,15.85
04-01-2025 09:25:19,63.3061441925183,714.890280065024,15.85
04-01-2025 09:30:19,62.6390181934626,712.730202366803,15.86
04-01-2025 09:35:19,64.9675094812204,714.662425052653,15.86
04-01-2025 09:40:19,62.3608847473451,713.788481760958,15.86
04-01-2025 09:45:19,63.2378758443894,715.140258196693,15.86
04-01-2025 09:50:19,65.1879228609706,709.467952115312,15.88
04-01-2025 09:55:19,64.1294123314467,710.529734555582,15.88
04-01-2025 10:00:19,63.9419437882252,709.172041258744,15.88
04-01-2025 10:05:19,61.9196690133725,708.947277504057,15.89
04-01-2025 10:10:19,63.7689707454557,707.560974678479,15.9
04-01-2025 10:15:19,64.1622635257993,706.106491227517,15.9
04-01-2025 10:20:19,65.0481363442424,708.563592300797,15.92
04-01-2025 10:25:19,64.5744420885648,703.01386608769,15.93
04-01-2025 10:30:19,65.3594333074126,705.306365197092,15.94
04-01-2025 10:35:19,62.9531229792879,703.406349845141,15.96
04-01-2025 10:40:19,64.0245091773448,700.59573281549,15.96
04-01-2025 10:45:19,63.0663424697383,702.791919816038,15.97
04-01-2025 10:50:19,65.6961121612071,701.084963856872,15.99
04-01-2025 10:55:19,63.5753790268081,703.28182308223,16
04-01-2025 11:00:19,64.2680853209316,701.090206926166,16.02
04-01-2025 11:05:19,63.1198474003848,699.770082682379,16.04
04-01-2025 11:10:19,63.8169004300907,699.001655569023,16.07
04-01-2025 11:15:19,62.5712026102999,695.935836511392,16.09
04-01-2025 11:20:19,62.4926883490951,696.135921758356,16.12
04-01-2025 11:25:19,63.3840037106275,696.627094210838,16.15
04-01-2025 11:30:19,63.2127880873786,694.372397494194,16.19
04-01-2025 11:35:19,62.944416553991,695.124776890316,16.23
04-01-2025 11:40:19,64.0349655204885,693.644855387567,16.27
04-01-2025 11:45:19,63.572464493849,693.037998640185,16.31
04-01-2025 11:50:19,63.3081152940984,692.594979185112,16.36
04-01-2025 11:55:19,63.9140019421175,688.586204491407,16.4
04-01-2025 12:00:19,62.3776121547446,685.480469593484,16.43
04-01-2025 12:05:19,63.2710629903943,685.776095271143,16.46
04-01-2025 12:10:19,63.3869706321682,683.835247471956,16.49
04-01-2025 12:15:19,63.8877917650286,682.994379189984,16.51
04-01-2025 12:20:19,63.7078389419279,683.612434505555,16.53
04-01-2025 12:25:19,64.4034517035121,681.895741313633,16.55
04-01-2025 12:30:19,63.2504593156908,680.178556623786,16.57
04-01-2025 12:35:19,62.9730018881313,681.380535060559,16.59
04-01-2025 12:40:19,64.058177660895,679.565488134349,16.61
04-01-2025 12:45:19,64.6612088507927,679.081563707223,16.64
04-01-2025 12:50:19,62.8299487106007,676.747166201123,16.67
04-01-2025 12:55:19,63.9326636501598,673.244894977371,16.73
04-01-2025 13:00:19,62.8878274249124,671.818200292667,16.78
04-01-2025 13:05:19,63.6014651536549,671.138436446917,16.84
04-01-2025 13:10:19,62.5514728501517,670.131974919036,16.88
04-01-2025 13:15:19,63.4606884176054,668.670146181457,16.94
04-01-2025 13:20:19,62.8085808148553,666.81637654692,17
04-01-2025 13:25:19,63.5234068252245,665.449251427055,17.06
04-01-2025 13:30:19,63.7502629771536,663.103532100683,17.12
04-01-2025 13:35:19,63.7775612089364,661.17959058573,17.17
04-01-2025 13:40:19,64.1918485643209,660.754183222611,17.21
04-01-2025 13:45:19,63.7259359207628,659.252405346366,17.25
04-01-2025 13:50:19,63.2597276454767,658.43471385995,17.29
04-01-2025 13:55:19,63.5805566873802,655.918980148613,17.34
04-01-2025 14:00:19,64.8810088176716,656.24143705149,17.39
04-01-2025 14:05:19,62.3573138148619,653.854431079799,17.43
04-01-2025 14:10:19,63.0659925030738,651.073934383648,17.47
04-01-2025 14:15:19,63.8773832363675,648.061534646644,17.52
04-01-2025 14:20:19,62.4295280535224,647.140557728302,17.56
04-01-2025 14:25:19,64.3161545712821,644.943713381912,17.6
04-01-2025 14:30:19,63.3581738831997,644.413721296917,17.64
04-01-2025 14:35:19,62.7922334604755,641.233030493992,17.68
04-01-2025 14:40:19,64.0916053362349,640.60336433188,17.72
04-01-2025 14:45:19,64.2131068801136,639.285743528027,17.76
04-01-2025 14:50:19,61.3829739079832,637.707588668264,17.79
04-01-2025 14:55:19,64.6486078411597,635.700403799188,17.83
04-01-2025 15:00:19,63.4839347586825,634.352529727635,17.85
04-01-2025 15:05:19,62.6221075980909,633.129976626379,17.89
04-01-2025 15:10:19,64.0176873962452,630.762050761067,17.92
04-01-2025 15:15:19,62.8562446990574,631.147459936621,17.95
04-01-2025 15:20:19,62.5798123844084,628.187619314535,17.98
04-01-2025 15:25:19,61.1222145717327,627.194788020276,18.01
04-01-2025 15:30:19,62.6172089071637,626.004628397662,18.04
04-01-2025 15:35:19,61.9466553986437,624.321600140322,18.07
04-01-2025 15:40:19,63.1470890161538,621.751391207652,18.1
04-01-2025 15:45:19,61.0931292711244,620.891282168236,18.12
04-01-2025 15:50:19,63.1805974508371,619.107534276996,18.15
04-01-2025 15:55:19,63.0967207763064,617.754024091519,18.17
04-01-2025 16:00:19,62.5241557626645,615.574614183752,18.2
04-01-2025 16:05:19,63.3273970128644,614.022920325588,18.22
04-01-2025 16:10:19,61.0783329682416,613.123717666942,18.25
04-01-2025 16:15:19,63.6611116577302,612.618639733644,18.28
04-01-2025 16:20:19,63.2854881443075,610.238914909777,18.31
04-01-2025 16:25:19,61.8201399629539,609.47453498354,18.33
04-01-2025 16:30:19,62.5337014939577,608.04238732852,18.37
04-01-2025 16:35:19,61.9600875763744,606.647205455867,18.4
04-01-2025 16:40:19,63.0649296762199,605.547633137609,18.43
04-01-2025 16:45:19,63.5734374407626,605.275749670845,18.45
04-01-2025 16:50:19,63.1972822081342,603.483961467572,18.48
04-01-2025 16:55:19,62.8209466352293,603.568771185416,18.51
04-01-2025 17:00:19,63.3297408307803,602.901209964316,18.53
04-01-2025 17:05:19,62.3601789940475,601.503212738275,18.56
04-01-2025 17:10:19,63.4623056584374,601.230607480244,18.58
04-01-2025 17:15:19,62.8837767749032,600.16689844954,18.6
04-01-2025 17:20:19,62.3998267217566,599.240385598786,18.61
04-01-2025 17:25:19,63.4034954591329,599.264175249114,18.63
04-01-2025 17:30:19,62.4249018007924,597.447254582182,18.64
04-01-2025 17:35:19,62.2375318676343,598.597774396198,18.65
04-01-2025 17:40:19,63.4393743028509,598.225869935993,18.67
04-01-2025 17:45:19,63.0499642074426,596.843089068724,18.67
04-01-2025 17:50:19,62.0710363139451,597.994021693529,18.68
04-01-2025 17:55:19,63.0710314949251,597.265076024968,18.69
04-01-2025 18:00:19,63.1805319095851,596.437113904055,18.7
04-01-2025 18:05:19,62.4982938855036,596.103929761862,18.71
04-01-2025 18:10:19,63.3953766552923,596.502519162631,18.71
04-01-2025 18:15:19,63.9998138894493,595.872512422648,18.72
04-01-2025 18:20:19,63.1153762896025,595.57843827881,18.72
04-01-2025 18:25:19,61.9340085373896,595.086486906332,18.72
04-01-2025 18:30:19,63.7262093274161,594.258547098114,18.73
04-01-2025 18:35:19,61.8518534467606,593.568733218625,18.73
04-01-2025 18:40:19,62.4521379024798,594.858707461098,18.73
04-01-2025 18:45:19,61.9635844269904,594.367020543087,18.73
04-01-2025 18:50:19,64.1476423027415,593.875411598382,18.73
04-01-2025 18:55:19,64.1540216655225,593.086924104685,18.73
04-01-2025 19:00:19,62.8735920822291,593.18938415119,18.73
04-01-2025 19:05:19,63.4738897907132,594.776704782495,18.73
04-01-2025 19:10:19,62.9811749571711,593.532783781038,18.72
04-01-2025 19:15:19,63.482452927029,593.635477747462,18.72
04-01-2025 19:20:19,64.2806663503587,593.243361682328,18.72
04-01-2025 19:25:19,63.3962632077007,592.15848038369,18.72
04-01-2025 19:30:19,63.2005161680353,592.300796496571,18.71
04-01-2025 19:35:19,63.9986743014486,593.69040840131,18.71
04-01-2025 19:40:19,63.8071381276542,591.616158927193,18.71
04-01-2025 19:45:19,62.8196895687759,592.253582763353,18.7
04-01-2025 19:50:19,63.5188306305322,593.148516877657,18.7
04-01-2025 19:55:19,62.5314907841144,592.598501441184,18.69
04-01-2025 20:00:19,62.0390422279183,591.75183035128,18.68
04-01-2025 20:05:19,61.1549448086012,591.360574111969,18.68
04-01-2025 20:10:19,63.8286711197976,593.185578547378,18.67
04-01-2025 20:15:19,62.9363253409702,591.983019201498,18.65
04-01-2025 20:20:19,62.9344276590507,591.770019852427,18.63
04-01-2025 20:25:19,60.7609253487206,591.814388481822,18.62
04-01-2025 20:30:19,63.6269860327519,591.107266816339,18.6
04-01-2025 20:35:19,62.8340561453897,591.883487589382,18.58
04-01-2025 20:40:19,61.94660992077,591.829270490585,18.57
04-01-2025 20:45:19,63.9217615062956,594.779958778148,18.55
04-01-2025 20:50:19,62.1367478406515,595.199528411733,18.52
04-01-2025 20:55:19,63.9134836288655,595.283418185883,18.5
04-01-2025 21:00:19,63.2157782010443,594.418802961986,18.47
04-01-2025 21:05:19,63.2138809990023,595.688189735607,18.45
04-01-2025 21:10:19,63.9032311403009,595.87104565304,18.43
04-01-2025 21:15:19,62.9097576642905,595.994391738878,18.4
04-01-2025 21:20:19,62.0154663858335,593.74896678123,18.37
04-01-2025 21:25:19,62.0056407840766,596.675114191617,18.33
04-01-2025 21:30:19,62.9863624229499,596.206682191445,18.3
04-01-2025 21:35:19,63.0790134551824,595.442732562904,18.27
04-01-2025 21:40:19,63.2702255612961,597.538663249014,18.24
04-01-2025 21:45:19,62.8616319488807,596.163273346535,18.19
04-01-2025 21:50:19,63.2457001066439,597.607236247662,18.15
04-01-2025 21:55:19,63.1370423823636,596.587983650416,18.11
04-01-2025 22:00:19,63.225393250931,597.046519477991,18.07
04-01-2025 22:05:19,63.0183894733291,596.815863156057,18.03
04-01-2025 22:10:19,63.3077006856279,595.267059431154,18
04-01-2025 22:15:19,62.4080514696496,597.732640635483,17.95
04-01-2025 22:20:19,62.1974587591675,597.541421347751,17.9
04-01-2025 22:25:19,64.940158052758,597.508111548922,17.86
04-01-2025 22:30:19,63.8443564962224,597.513959530686,17.81
04-01-2025 22:35:19,63.0441045980675,596.439496077769,17.76
04-01-2025 22:40:19,62.4408655877214,596.446086325443,17.71
04-01-2025 22:45:19,61.0529392154676,595.962100102416,17.66
04-01-2025 22:50:19,63.2021317106387,597.009382886349,17.62
04-01-2025 22:55:19,62.5995214652058,594.95660654175,17.57
04-01-2025 23:00:19,63.6723719465949,595.572471616616,17.54
04-01-2025 23:05:19,61.4037226525822,596.364294287599,17.49
04-01-2025 23:10:19,62.3741390282142,595.842892526725,17.45
04-01-2025 23:15:19,63.1439242561125,596.242580953186,17.4
04-01-2025 23:20:19,64.0193865453971,596.662025803317,17.37
04-01-2025 23:25:19,63.5197154051251,595.162552305318,17.33
04-01-2025 23:30:19,63.4118060590712,594.055610805139,17.29
04-01-2025 23:35:19,62.2238143768302,595.238684083317,17.24
04-01-2025 23:40:19,61.6274531543747,595.110707133389,17.2
04-01-2025 23:45:19,62.7911455531457,594.200880587484,17.16
04-01-2025 23:50:19,62.7813669457627,596.223632415161,17.12
04-01-2025 23:55:19,62.2871487653024,594.102770104613,17.09
04-02-2025 00:00:19,62.4769469296228,592.080721933064,17.06
04-02-2025 00:05:19,63.3461588932599,593.028799750241,17.02
04-02-2025 00:10:19,63.5356140781821,591.496528958999,16.99
04-02-2025 00:15:19,62.3544730043,590.297399662452,16.95
04-02-2025 00:20:19,62.3529546391675,586.580479643107,16.93
04-02-2025 00:25:19,61.9571712526167,589.051137301766,16.9
04-02-2025 00:30:19,61.6551403414459,589.121911101631,16.86
04-02-2025 00:35:19,62.6248303825676,586.715592877414,16.83
04-02-2025 00:40:19,61.9408598744669,587.292798875468,16.81
04-02-2025 00:45:19,62.2278411946124,585.375444126379,16.78
04-02-2025 00:50:19,62.1249157372066,584.725898530473,16.75
04-02-2025 00:55:19,63.3900483754794,586.569983362473,16.73
04-02-2025 01:00:19,60.9491567286647,584.751788866592,16.7
04-02-2025 01:05:19,62.3073594237822,584.297942865142,16.67
04-02-2025 01:10:19,62.5939669020606,583.454999522953,16.64
04-02-2025 01:15:19,63.4644677666674,582.028559732754,16.61
04-02-2025 01:20:19,61.8977281941125,582.20004861797,16.57
04-02-2025 01:25:19,62.3787921608114,581.455940200012,16.54
04-02-2025 01:30:19,62.7664209127412,581.061169205176,16.52
04-02-2025 01:35:19,63.0566796076392,580.861140363315,16.5
04-02-2025 01:40:19,62.4676906285225,580.507046740381,16.47
04-02-2025 01:45:19,61.9761919393749,579.37559042285,16.44
04-02-2025 01:50:19,61.4849302880672,576.787029084729,16.41
04-02-2025 01:55:19,62.5484907876232,576.531692653717,16.38
04-02-2025 02:00:19,61.5716434689931,577.247992829377,16.35
04-02-2025 02:05:19,62.92604264129,576.701578824612,16.32
04-02-2025 02:10:19,62.7303541937896,574.949771429265,16.3
04-02-2025 02:15:19,61.7580481492492,573.781137955743,16.28
04-02-2025 02:20:19,61.7528001412544,573.624459483939,16.25
04-02-2025 02:25:19,62.9079959087352,573.605795227344,16.21
04-02-2025 02:30:19,61.5482947034857,571.274353360372,16.19
04-02-2025 02:35:19,60.383027687999,571.659805765674,16.17
04-02-2025 02:40:19,63.097597113286,564.771249325224,16.15
04-02-2025 02:45:19,62.8011760232413,568.98085059989,16.12
04-02-2025 02:50:19,62.7957232761985,566.402725037897,16.09
04-02-2025 02:55:19,62.0109674519458,568.519191824394,16.05
04-02-2025 03:00:19,61.3314077469817,568.614561732871,16.03
04-02-2025 03:05:19,60.9427068325855,567.063045414036,16.01
04-02-2025 03:10:19,62.2937262629595,566.328393784606,15.98
04-02-2025 03:15:19,61.9010863722714,565.981556573804,15.95
04-02-2025 03:20:19,61.7061945323726,565.012695570613,15.93
04-02-2025 03:25:19,62.4794166282722,562.882591781515,15.91
04-02-2025 03:30:19,61.0223605177026,564.375984059252,15.88
04-02-2025 03:35:19,61.1141444467536,562.869262592608,15.85
04-02-2025 03:40:19,62.1732593089157,562.524218389473,15.82
04-02-2025 03:45:19,61.6844573224671,562.759750510372,15.79
04-02-2025 03:50:19,61.2964749218584,562.276806331121,15.77
04-02-2025 03:55:19,61.1947855963872,559.902291575028,15.74
04-02-2025 04:00:19,60.7103795382054,560.290167446653,15.72
04-02-2025 04:05:19,61.1925921083267,558.261877938295,15.7
04-02-2025 04:10:19,63.2207582642717,559.713057044417,15.68
04-02-2025 04:15:19,61.2831482780729,557.82434447282,15.65
04-02-2025 04:20:19,61.6684296009419,557.536576292241,15.63
04-02-2025 04:25:19,61.9570170579884,556.090068642824,15.61
04-02-2025 04:30:19,61.4730118299739,556.189139464119,15.59
04-02-2025 04:35:19,61.3753557221287,556.288292085316,15.57
04-02-2025 04:40:19,61.4708014648157,555.422193076048,15.55
04-02-2025 04:45:19,62.9174784728353,553.398256965344,15.53
04-02-2025 04:50:19,61.8546244987928,555.235194929314,15.51
04-02-2025 04:55:19,63.107824129912,554.659467433328,15.49
04-02-2025 05:00:19,60.5981826947154,554.469924873924,15.47
04-02-2025 05:05:19,61.8511972002763,553.123055726044,15.45
04-02-2025 05:10:19,62.2358376915122,553.126923281577,15.43
04-02-2025 05:15:19,61.9414417844507,550.762783158256,15.4
04-02-2025 05:20:19,61.0726549108807,550.381628150706,15.38
04-02-2025 05:25:19,62.6099362500106,549.465047486327,15.35
04-02-2025 05:30:19,61.648922467429,549.620012438259,15.34
04-02-2025 05:35:19,61.6478468532042,549.046830214004,15.32
04-02-2025 05:40:19,61.7431220173747,548.377593466408,15.3
04-02-2025 05:45:19,62.6090180892436,547.901339207427,15.28
04-02-2025 05:50:19,61.0629082909254,548.62389777393,15.25
04-02-2025 05:55:19,61.7320988053377,547.131676234604,15.22
04-02-2025 06:00:19,61.5423763837416,547.672412976415,15.21
04-02-2025 06:05:19,61.3410893876549,546.127820814413,15.17
04-02-2025 06:10:19,61.7211382170312,547.428044425412,15.14
04-02-2025 06:15:19,61.6238819997055,545.894920289807,15.12
04-02-2025 06:20:19,62.8694263719445,544.790229621255,15.09
04-02-2025 06:25:19,62.0026499112133,537.872616502783,15.07
04-02-2025 06:30:19,60.3706603956996,543.799404320636,15.06
04-02-2025 06:35:19,60.7506375961635,544.33052705058,15.03
04-02-2025 06:40:19,62.1917024519197,542.70363687166,15.01
04-02-2025 06:45:19,61.6139300721724,531.17761826818,14.99
04-02-2025 06:50:19,61.7090356085864,542.334683997412,14.97
04-02-2025 06:55:19,62.0923690876536,542.53480007275,14.95
04-02-2025 07:00:19,62.3795191048619,541.774273966378,14.93
04-02-2025 07:05:19,61.2257682493123,540.245661383098,14.91
04-02-2025 07:10:19,60.6486171219588,539.774070984675,14.89
04-02-2025 07:15:19,61.4159949554031,539.206715360032,14.87
04-02-2025 07:20:19,59.8826394461669,538.500069642812,14.86
04-02-2025 07:25:19,61.7098677317864,539.233775845764,14.85
04-02-2025 07:30:19,62.192783734135,537.375400641248,14.84
04-02-2025 07:35:19,62.5756926544321,537.768937795879,14.82
04-02-2025 07:40:19,60.4631999563341,536.626904706554,14.8
04-02-2025 07:45:19,60.6619327154336,536.069486429886,14.8
04-02-2025 07:50:19,61.5286189006081,536.419666355992,14.79
04-02-2025 07:55:19,62.3951745592609,534.850732914405,14.78
04-02-2025 08:00:19,60.954981147569,534.765295288037,14.76
04-02-2025 08:05:19,62.4929360644208,533.964538258107,14.75
04-02-2025 08:10:19,60.8688341364821,533.311834450019,14.75
04-02-2025 08:15:19,60.584051013474,533.278858742231,14.74
04-02-2025 08:20:19,60.7827131710588,533.201938461992,14.74
04-02-2025 08:25:19,61.7488022022898,533.508808266605,14.74
04-02-2025 08:30:19,60.6044772705673,531.033843235812,14.74
04-02-2025 08:35:19,61.3748765172617,532.248370629003,14.73
04-02-2025 08:40:19,60.226896651431,531.448629075682,14.72
04-02-2025 08:45:19,61.8603650717042,529.785955337485,14.71
04-02-2025 08:50:19,61.0999410403067,530.093170461989,14.71
04-02-2025 08:55:19,60.3395196594622,529.057782995877,14.71
04-02-2025 09:00:19,61.3054045113561,529.173342557862,14.71
04-02-2025 09:05:19,60.0617263213826,528.566211789554,14.7
04-02-2025 09:10:19,61.0275422529628,527.627045641489,14.7
04-02-2025 09:15:19,61.130275843281,528.222330785513,14.7
04-02-2025 09:20:19,60.5617237571849,527.666913913757,14.7
04-02-2025 09:25:19,62.0070393025436,526.44028668834,14.7
04-02-2025 09:30:19,59.9041191987711,527.419399081979,14.7
04-02-2025 09:35:19,62.116626704627,526.097029470751,14.7
04-02-2025 09:40:19,60.3935502090714,525.011346712567,14.69
04-02-2025 09:45:19,59.6332740788385,524.264589831434,14.69
04-02-2025 09:50:19,61.8456188535085,523.517910923608,14.69
04-02-2025 09:55:19,60.8935662015202,523.730219103394,14.69
04-02-2025 10:00:19,61.1880980486833,522.312459762166,14.69
04-02-2025 10:05:19,61.4864691999097,522.671670866739,14.7
04-02-2025 10:10:19,61.6851302787346,522.692423722591,14.7
04-02-2025 10:15:19,61.2163206621125,522.188669118919,14.71
04-02-2025 10:20:19,61.7986249045907,522.401382008373,14.71
04-02-2025 10:25:19,60.658399247232,520.075344342039,14.72
04-02-2025 10:30:19,61.8200931065957,520.242942105562,14.73
04-02-2025 10:35:19,61.9228913756347,520.359983160369,14.73
04-02-2025 10:40:19,60.3028639510845,519.088824291863,14.74
04-02-2025 10:45:19,62.8078118159027,518.393141163715,14.75
04-02-2025 10:50:19,61.3756656149118,516.591707045919,14.75
04-02-2025 10:55:19,61.4784893384919,516.99686635783,14.75
04-02-2025 11:00:19,60.7178966209898,516.922426369918,14.75
04-02-2025 11:05:19,60.149177463293,515.792774354424,14.75
04-02-2025 11:10:19,60.0601382292798,515.334748494619,14.75
04-02-2025 11:15:19,60.1592443318599,515.402223430566,14.74
04-02-2025 11:20:19,61.0257036282276,510.194150983679,14.73
04-02-2025 11:25:19,59.1105503544321,511.029511171884,14.72
04-02-2025 11:30:19,60.3605871507635,513.20751882804,14.71
04-02-2025 11:35:19,61.3189247983021,511.020065770252,14.69
04-02-2025 11:40:19,60.5587096307877,510.75455683232,14.69
04-02-2025 11:45:19,59.7026062023957,506.078143941885,14.69
04-02-2025 11:50:19,61.6273418560455,503.031954519078,14.69
04-02-2025 11:55:19,61.25450525545,507.035325682039,14.7
04-02-2025 12:00:19,62.2242930860766,504.901407905353,14.71
04-02-2025 12:05:19,61.6596217767912,506.699659731766,14.72
04-02-2025 12:10:19,62.2497954368017,502.983974934845,14.74
04-02-2025 12:15:19,60.7294089653079,505.983182419413,14.76
04-02-2025 12:20:19,60.6516784403092,503.371004277868,14.79
04-02-2025 12:25:19,60.9654314934209,500.75955667871,14.84
04-02-2025 12:30:19,61.5598780856082,498.624695291926,14.87
04-02-2025 12:35:19,61.3862246035485,496.873051751186,14.9
04-02-2025 12:40:19,60.4439351023641,497.234141384294,14.93
04-02-2025 12:45:19,61.8996390616066,495.336762574368,14.95
04-02-2025 12:50:19,60.0921436961894,498.196460470338,14.98
04-02-2025 12:55:19,60.2063855224926,498.07751436355,15.01
04-02-2025 13:00:19,61.2821932640315,494.497087414959,15.04
04-02-2025 13:05:19,59.3844471386562,495.532320306253,15.09
04-02-2025 13:10:19,61.0455864727225,494.451370433309,15.14
04-02-2025 13:15:19,59.8201122938326,492.310668893528,15.19
04-02-2025 13:20:19,61.48653844839,493.587271161392,15.25
04-02-2025 13:25:19,61.2236385616465,489.806486617125,15.3
04-02-2025 13:30:19,60.2858492064561,488.239559192132,15.35
04-02-2025 13:35:19,59.5401687138635,488.5998107325,15.4
04-02-2025 13:40:19,60.2407779869487,486.259497791719,15.45
04-02-2025 13:45:19,60.9419300574183,485.654270603849,15.5
04-02-2025 13:50:19,60.6782921278736,483.98668964526,15.55
04-02-2025 13:55:19,60.4106907459085,484.104855054216,15.59
04-02-2025 14:00:19,60.050054663029,481.855871779585,15.64
04-02-2025 14:05:19,60.6517463872774,481.876820888248,15.68
04-02-2025 14:10:19,59.8038915520585,479.384590719144,15.72
04-02-2025 14:15:19,59.822017691912,478.680561122578,15.75
04-02-2025 14:20:19,61.8709906615,477.879516806205,15.78
04-02-2025 14:25:19,59.370970321127,477.127584166874,15.8
04-02-2025 14:30:19,59.7759825237452,475.55196087128,15.83
04-02-2025 14:35:19,60.3709625746581,475.283239710351,15.85
04-02-2025 14:40:19,60.6758051826929,474.917700255903,15.87
04-02-2025 14:45:19,59.9160567080065,473.197030892916,15.89
04-02-2025 14:50:19,59.1524112998533,472.590622795296,15.9
04-02-2025 14:55:19,60.0343302544692,471.500154862217,15.91
04-02-2025 15:00:19,61.0170058102051,471.908592147275,15.93
04-02-2025 15:05:19,59.4749072763067,469.415704890408,15.93
04-02-2025 15:10:19,59.001477500446,469.099530559449,15.94
04-02-2025 15:15:19,59.8836665487769,466.652993836347,15.95
04-02-2025 15:20:19,60.2817817482558,466.820885477421,15.96
04-02-2025 15:25:19,60.6799607314618,465.148708028553,15.97
04-02-2025 15:30:19,60.593914525481,464.154332722334,15.98
04-02-2025 15:35:19,61.092857644743,463.012224540341,16
04-02-2025 15:40:19,58.5848132087105,459.983066539419,16.01
04-02-2025 15:45:19,60.2463086147241,458.25875340561,16.03
04-02-2025 15:50:19,59.8694834926884,457.748105682443,16.04
04-02-2025 15:55:19,59.4962847131144,455.926209156813,16.06
04-02-2025 16:00:19,62.5156443737849,455.073117994816,16.08
04-02-2025 16:05:19,62.1427437499374,453.735055953935,16.1
04-02-2025 16:10:19,59.2486653216751,452.105723114093,16.12
04-02-2025 16:15:19,59.8449283074625,451.348731652182,16.14
04-02-2025 16:20:19,61.0271479797501,451.121653121174,16.17
04-02-2025 16:25:19,59.0044629511801,448.714991178654,16.19
04-02-2025 16:30:19,59.507668423524,448.196135936274,16.22
04-02-2025 16:35:19,61.8514303556514,446.176362972321,16.24
04-02-2025 16:40:19,61.578878459995,447.112925892465,16.27
04-02-2025 16:45:19,60.241834203953,445.375820800061,16.31
04-02-2025 16:50:19,59.0909180651397,444.325505676342,16.33
04-02-2025 16:55:19,60.278465131548,442.975346212276,16.37
04-02-2025 17:00:19,59.7174355733765,442.59618485266,16.41
04-02-2025 17:05:19,60.8049158537784,440.325394508103,16.44
04-02-2025 17:10:19,59.0732318041076,441.164921309683,16.47
04-02-2025 17:15:19,59.3867257048015,439.909568849222,16.51
04-02-2025 17:20:19,58.1437544685004,437.875098304679,16.55
04-02-2025 17:25:19,58.8464370508927,438.467039353071,16.59
04-02-2025 17:30:19,58.8680925711371,437.112304564315,16.63
04-02-2025 17:35:19,59.6688240262116,436.341016466316,16.67
04-02-2025 17:40:19,58.7166117523633,435.666657188751,16.71
04-02-2025 17:45:19,58.8320461718601,435.142835153736,16.74
04-02-2025 17:50:19,59.2435851007669,433.980401244924,16.78
04-02-2025 17:55:19,59.0703935530139,434.279704915044,16.82
04-02-2025 18:00:19,58.3155196189535,433.550192594849,16.87
04-02-2025 18:05:19,58.9224451462,431.215252889021,16.91
04-02-2025 18:10:19,59.3345557043712,432.587557293447,16.95
04-02-2025 18:15:19,59.6455884929008,432.940662848096,16.98
04-02-2025 18:20:19,59.6638358571156,432.122227547257,17.01
04-02-2025 18:25:19,60.3695247366773,431.249399929307,17.05
04-02-2025 18:30:19,60.192555780666,429.941652395972,17.08
04-02-2025 18:35:19,59.4291768264679,430.196839944277,17.11
04-02-2025 18:40:19,59.0564120492093,430.06119111341,17.14
04-02-2025 18:45:19,58.875356181905,429.002121722449,17.16
04-02-2025 18:50:19,58.3031439778969,428.529406077436,17.18
04-02-2025 18:55:19,58.9042354984587,428.056579802144,17.2
04-02-2025 19:00:19,59.7989344895513,429.441952375419,17.22
04-02-2025 19:05:19,59.2265982613869,428.186628298607,17.24
04-02-2025 19:10:19,60.0237948491484,428.202822788213,17.26
04-02-2025 19:15:19,59.9368428006363,427.588610598795,17.27
04-02-2025 19:20:19,59.4621639349606,427.213361924773,17.29
04-02-2025 19:25:19,58.4000837256778,426.544407221372,17.31
04-02-2025 19:30:19,60.470172541007,427.049968603294,17.33
04-02-2025 19:35:19,59.7016354117208,428.241071694981,17.35
04-02-2025 19:40:19,60.793368041548,427.669998998914,17.37
04-02-2025 19:45:19,60.5105486348737,428.524451943569,17.38
04-02-2025 19:50:19,59.0561014403461,428.736934461349,17.4
04-02-2025 19:55:19,58.7767195757133,428.36175996223,17.42
04-02-2025 20:00:19,58.8891533189812,428.770312174218,17.44
04-02-2025 20:05:19,58.8999820933845,430.01746223948,17.45
04-02-2025 20:10:19,60.2864521785586,430.52445867102,17.47
04-02-2025 20:15:19,58.4388780317628,429.463419301123,17.49
04-02-2025 20:20:19,60.5119257211239,430.166624997658,17.51
04-02-2025 20:25:19,60.0364425835692,431.752502286238,17.53
04-02-2025 20:30:19,59.0668409123975,431.334118596141,17.54
04-02-2025 20:35:19,59.7678447962325,431.547677987029,17.56
04-02-2025 20:40:19,58.6018406826295,432.011975047512,17.57
04-02-2025 20:45:19,59.4010309694796,433.010516236503,17.59
04-02-2025 20:50:19,59.215723334032,434.750445242528,17.6
04-02-2025 20:55:19,58.3436335031701,435.117198955753,17.61
04-02-2025 21:00:19,59.7280643650311,435.680299723643,17.62
04-02-2025 21:05:19,60.1314829543731,437.911643723839,17.63
04-02-2025 21:10:19,59.8480494284561,437.297597864117,17.64
04-02-2025 21:15:19,59.5645725156129,438.351872987435,17.65
04-02-2025 21:20:19,58.7866813368281,437.890139523625,17.65
04-02-2025 21:25:19,59.3827366506045,439.194983258561,17.65
04-02-2025 21:30:19,59.4917925704742,439.758952730496,17.66
04-02-2025 21:35:19,59.3971890795235,440.234683114629,17.65
04-02-2025 21:40:19,59.6988358073857,440.067678081618,17.65
04-02-2025 21:45:19,59.4116521106544,442.746777551788,17.65
04-02-2025 21:50:19,60.0077206771958,441.892956544386,17.65
04-02-2025 21:55:19,58.8336554713303,443.742677645102,17.64
04-02-2025 22:00:19,59.1316295528655,443.727861225579,17.63
04-02-2025 22:05:19,59.3351196029382,442.580059651051,17.63
04-02-2025 22:10:19,59.5312320261254,445.268254275585,17.61
04-02-2025 22:15:19,59.0442915118984,444.763115211097,17.6
04-02-2025 22:20:19,59.2422224101731,445.194609917705,17.58
04-02-2025 22:25:19,59.4401559590007,445.082110038606,17.57
04-02-2025 22:30:19,59.5344303308845,447.626399882261,17.54
04-02-2025 22:35:19,59.1421682730935,447.371326845799,17.52
04-02-2025 22:40:19,59.9225901999518,448.248085774722,17.49
04-02-2025 22:45:19,58.8408114839918,449.908498711151,17.46
04-02-2025 22:50:19,60.1145134554216,450.437409254348,17.44
04-02-2025 22:55:19,60.0126550260427,449.648097830699,17.41
04-02-2025 23:00:19,59.812921554388,450.524100079439,17.38
04-02-2025 23:05:19,60.1969979594119,451.648743622402,17.34
04-02-2025 23:10:19,57.8440875453005,451.741073189857,17.31
04-02-2025 23:15:19,60.7725413183883,453.158552335964,17.27
04-02-2025 23:20:19,59.5946620751137,452.468191813432,17.24
04-02-2025 23:25:19,58.9063369401119,453.14746991558,17.21
04-02-2025 23:30:19,57.7259438736235,453.292871187202,17.17
04-02-2025 23:35:19,59.9670747132608,452.851922132608,17.13
04-02-2025 23:40:19,60.545805405144,453.58387685342,17.09
04-02-2025 23:45:19,60.1548544007143,454.795951943613,17.07
04-02-2025 23:50:19,59.756672469529,454.745971828358,17.03
04-02-2025 23:55:19,60.8269383564994,454.155181274666,17
04-03-2025 00:00:19,61.1082341254611,454.451389114427,16.95
04-03-2025 00:05:19,59.351495124098,455.272197736416,16.93
04-03-2025 00:10:19,58.5638261565936,455.027637122931,16.89
04-03-2025 00:15:19,60.3159204451886,456.193523668789,16.86
04-03-2025 00:20:19,59.434541868231,455.798909106731,16.83
04-03-2025 00:25:19,59.61857922368,455.899958174006,16.78
04-03-2025 00:30:19,59.1277101093878,455.70084866271,16.75
04-03-2025 00:35:19,59.0267638374582,457.06071315548,16.72
04-03-2025 00:40:19,59.7987894813466,457.011702358796,16.68
04-03-2025 00:45:19,59.5967364942123,455.307761129801,16.64
04-03-2025 00:50:19,59.7877977342697,458.12703846524,16.61
04-03-2025 00:55:19,59.7804862892016,458.564736972423,16.57
04-03-2025 01:00:19,58.5121576302039,458.658045330952,16.54
04-03-2025 01:05:19,58.217039577852,458.4596670323,16.51
04-03-2025 01:10:19,59.4742399986306,458.702916498008,16.47
04-03-2025 01:15:19,61.1194575040082,459.432171735028,16.43
04-03-2025 01:20:19,58.002359437003,459.286606707536,16.39
04-03-2025 01:25:19,60.2298536036999,460.015541567255,16.35
04-03-2025 01:30:19,60.8051177749333,460.744179486381,16.31
04-03-2025 01:35:19,59.3413938180253,461.957910067029,16.27
04-03-2025 01:40:19,59.3343057753433,460.065522266613,16.23
04-03-2025 01:45:19,60.5921580363181,461.71194983359,16.2
04-03-2025 01:50:19,59.5177593009644,461.469888372704,16.16
04-03-2025 01:55:19,60.3870062688976,460.012286034811,16.13
04-03-2025 02:00:19,59.7979797760526,459.674257912596,16.09
04-03-2025 02:05:19,59.894997069388,462.333555562306,16.07
04-03-2025 02:10:19,59.8914328812912,462.233840808457,16.04
04-03-2025 02:15:19,58.2338798008486,461.851066773873,15.99
04-03-2025 02:20:19,59.292395176536,462.384969754677,15.95
04-03-2025 02:25:19,59.1885983031589,461.950651084786,15.91
04-03-2025 02:30:19,60.6332669820479,462.871608381131,15.87
04-03-2025 02:35:19,60.1494657832255,462.817390287892,15.85
04-03-2025 02:40:19,59.3719925314744,463.20229668042,15.82
04-03-2025 02:45:19,59.0784602997649,463.974019315824,15.79
04-03-2025 02:50:19,60.1387529611517,463.971988294246,15.76
04-03-2025 02:55:19,59.8451908957923,463.486753616189,15.73
04-03-2025 03:00:19,60.2319523722303,463.916404959442,15.71
04-03-2025 03:05:19,57.7159769133079,462.658592318304,15.68
04-03-2025 03:10:19,59.7417888422246,464.879417718161,15.65
04-03-2025 03:15:19,60.7042133332219,463.332489971582,15.62
04-03-2025 03:20:19,59.0625407975719,464.341730803056,15.6
04-03-2025 03:25:19,58.8661801480379,465.20951065889,15.57
04-03-2025 03:30:19,59.3491774780303,464.384181422952,15.55
04-03-2025 03:35:19,60.4111391149024,463.26967378328,15.53
04-03-2025 03:40:19,59.8322192832017,462.734652343948,15.51
04-03-2025 03:45:19,60.3148553976053,463.261287622006,15.49
04-03-2025 03:50:19,59.9254672729388,461.621127105359,15.46
04-03-2025 03:55:19,59.3505276896032,462.48171870722,15.45
04-03-2025 04:00:19,60.4116873995627,462.333403404008,15.43
04-03-2025 04:05:19,60.7010963656603,461.220971993805,15.41
04-03-2025 04:10:19,59.7370490186698,460.880311649654,15.39
04-03-2025 04:15:19,60.1228809905358,462.27504386781,15.37
04-03-2025 04:20:19,60.026682019503,461.645415042869,15.35
04-03-2025 04:25:19,59.8377548773497,461.927658557964,15.34
04-03-2025 04:30:19,57.9107789722401,460.913016603478,15.32
04-03-2025 04:35:19,58.3930499259931,460.380538312917,15.3
04-03-2025 04:40:19,59.3568295030508,460.618990997981,15.28
04-03-2025 04:45:19,59.4534726587411,460.472226172317,15.26
04-03-2025 04:50:19,59.1684353109701,460.465974087057,15.25
04-03-2025 04:55:19,59.168801277852,460.80096260597,15.23
04-03-2025 05:00:19,59.2654504324472,459.980626708111,15.21
04-03-2025 05:05:19,60.0359181387557,459.834509031594,15.19
04-03-2025 05:10:19,58.8847044493463,460.1175040984,15.18
04-03-2025 05:15:19,59.1703136903794,460.120169794933,15.15
04-03-2025 05:20:19,59.6517965514113,459.878239139225,15.13
04-03-2025 05:25:19,59.2673025945277,458.770671114641,15.11
04-03-2025 05:30:19,59.0753102934865,459.87590571766,15.09
04-03-2025 05:35:19,58.4025139738572,459.442137501872,15.07
04-03-2025 05:40:19,58.502686800544,459.437056423379,15.06
04-03-2025 05:45:19,59.4611594449918,458.76765211989,15.03
04-03-2025 05:50:19,58.3079865638672,458.526875121717,15.01
04-03-2025 05:55:19,59.0809837611272,459.002803006599,15
04-03-2025 06:00:19,58.501306386542,458.430301338929,14.97
04-03-2025 06:05:19,58.6975075153742,457.657116044372,14.96
04-03-2025 06:10:19,58.9862499605055,458.666109126407,14.94
04-03-2025 06:15:19,58.5064127635415,457.369424031371,14.92
04-03-2025 06:20:19,58.6990582691104,457.225824852603,14.9
04-03-2025 06:25:19,59.1832732721944,458.086251998764,14.89
04-03-2025 06:30:19,58.5115564754387,458.038829242882,14.87
04-03-2025 06:35:19,58.6081311178189,456.74341399728,14.85
04-03-2025 06:40:19,59.3766451830902,456.888443853335,14.83
04-03-2025 06:45:19,59.5690458885799,458.185309303854,14.81
04-03-2025 06:50:19,59.1891239356719,457.797955461994,14.8
04-03-2025 06:55:19,59.1896028802136,457.751200018241,14.78
04-03-2025 07:00:19,58.8098067759655,456.692526191951,14.77
04-03-2025 07:05:19,59.673772813591,457.701472471469,14.75
04-03-2025 07:10:19,60.0614598702626,457.410681236196,14.74
04-03-2025 07:15:19,58.8149509975802,458.035859113798,14.72
04-03-2025 07:20:19,59.778057250934,458.033035478401,14.71
04-03-2025 07:25:19,59.302543265662,457.359023047096,14.7
04-03-2025 07:30:19,57.9640884893803,457.452341327196,14.69
04-03-2025 07:35:19,59.5982329039776,456.778676347931,14.68
04-03-2025 07:40:19,59.0269785862999,456.296966885358,14.67
04-03-2025 07:45:19,59.702108997887,456.19890571576,14.66
04-03-2025 07:50:19,59.3226651437663,455.046485236025,14.65
04-03-2025 07:55:19,58.6591926794965,454.608320023642,14.65
04-03-2025 08:00:19,58.1874453436585,456.183318802293,14.65
04-03-2025 08:05:19,59.8246479150405,455.937032014401,14.65
04-03-2025 08:10:19,58.9659683400579,455.360208765774,14.64
04-03-2025 08:15:19,59.6445119163759,456.935330235538,14.64
04-03-2025 08:20:19,59.0734589770223,455.975276545815,14.63
04-03-2025 08:25:19,59.9436487748584,456.016900197327,14.63
04-03-2025 08:30:19,61.0055340424057,455.67521618383,14.63
04-03-2025 08:35:19,58.5176503668373,456.824068574867,14.62
04-03-2025 08:40:19,59.1002644098365,455.428348609968,14.62
04-03-2025 08:45:19,59.0120081270531,456.907876516957,14.62
04-03-2025 08:50:19,59.4952604514717,456.044357962022,14.61
04-03-2025 08:55:19,59.0236905423825,456.278127447759,14.61
04-03-2025 09:00:19,58.839618038265,455.936985397965,14.61
04-03-2025 09:05:19,58.6520874032798,455.457181975588,14.6
04-03-2025 09:10:19,59.1388042405774,456.361947189552,14.6
04-03-2025 09:15:19,59.3380512060099,456.787669506127,14.6
04-03-2025 09:20:19,60.1086744778026,456.020663761821,14.59
04-03-2025 09:25:19,59.5413778083511,456.254886267208,14.59
04-03-2025 09:30:19,58.4949999663599,456.393369981284,14.59
04-03-2025 09:35:19,60.2273109488595,456.052847845573,14.59
04-03-2025 09:40:19,60.0397258611536,456.723463969071,14.58
04-03-2025 09:45:19,60.1431497378689,457.628656453014,14.58
04-03-2025 09:50:19,60.5304044203254,457.053861671595,14.57
04-03-2025 09:55:19,61.1128359359871,456.809527456146,14.57
04-03-2025 10:00:19,60.2546637282934,456.905590376102,14.56
04-03-2025 10:05:19,60.1664943080473,455.895085388165,14.56
04-03-2025 10:10:19,59.8300505337136,457.342418274072,14.53
04-03-2025 10:15:19,59.4936094099329,456.917054076817,14.51
04-03-2025 10:20:19,60.1608475755198,458.363865186612,14.48
04-03-2025 10:25:19,59.5870310404873,458.51308346549,14.46
04-03-2025 10:30:19,60.5554686642417,458.025333203717,14.47
04-03-2025 10:35:19,61.2368513918462,457.058887329719,14.48
04-03-2025 10:40:19,59.8120007700189,457.337004049979,14.49
04-03-2025 10:45:19,60.9758105594518,455.551381176661,14.51
04-03-2025 10:50:19,61.6574402247697,454.297309000311,14.52
04-03-2025 10:55:19,61.5803420664331,452.840667700576,14.55
04-03-2025 11:00:19,61.0169019375027,453.789363794483,14.56
04-03-2025 11:05:19,60.1730966127666,451.374034307454,14.59
04-03-2025 11:10:19,60.0956107884175,450.970215932047,14.62
04-03-2025 11:15:19,60.7849780050357,449.991055657466,14.65
04-03-2025 11:20:19,60.9952469079971,447.956735302347,14.68
04-03-2025 11:25:19,59.9588377365324,449.278184536411,14.71
04-03-2025 11:30:19,60.5527227332813,448.393915737369,14.74
04-03-2025 11:35:19,59.5122134986712,446.987515818377,14.76
04-03-2025 11:40:19,59.6299205966306,447.871827505576,14.8
04-03-2025 11:45:19,60.9993589205602,446.974615066851,14.85
04-03-2025 11:50:19,61.6014794433468,447.421334116556,14.9
04-03-2025 11:55:19,60.1898636916411,447.622161450116,14.96
04-03-2025 12:00:19,60.1192741459352,446.53137635947,15.01
04-03-2025 12:05:19,60.1447927593639,446.689874757246,15.06
04-03-2025 12:10:19,59.2117877250293,446.794262033045,15.12
04-03-2025 12:15:19,59.4329792294855,447.379972653167,15.18
04-03-2025 12:20:19,60.4247787186211,447.195769689021,15.24
04-03-2025 12:25:19,60.450446612247,447.643665084569,15.29
04-03-2025 12:30:19,59.6228762089785,452.405905037794,15.38
04-03-2025 12:35:19,60.3377094328453,450.80746617708,15.47
04-03-2025 12:40:19,60.4778947772658,451.083358081379,15.57
04-03-2025 12:45:19,59.0758068304015,451.112110413371,15.68
04-03-2025 12:50:19,59.8921640657008,451.968635223534,15.78
04-03-2025 12:55:19,60.8065692545566,452.729572612673,15.88
04-03-2025 13:00:19,59.5915229647288,453.878987239643,15.98
04-03-2025 13:05:19,59.731636209143,451.540447991466,16.08
04-03-2025 13:10:19,60.4504013814684,453.520782065668,16.17
04-03-2025 13:15:19,60.1922770328296,453.185699219888,16.24
04-03-2025 13:20:19,59.6425388212212,454.112578580418,16.31
04-03-2025 13:25:19,59.5779992108944,454.263104784487,16.38
04-03-2025 13:30:19,59.7078127493723,453.538783722751,16.45
04-03-2025 13:35:19,60.0322998053383,453.299930124672,16.52
04-03-2025 13:40:19,60.9410687710467,453.450022719705,16.59
04-03-2025 13:45:19,60.0944789714158,453.65473727231,16.65
04-03-2025 13:50:19,60.416049549563,453.372520332605,16.71
04-03-2025 13:55:19,60.8353785751589,454.649334212421,16.77
04-03-2025 14:00:19,60.8650764014778,453.97718460619,16.83
04-03-2025 14:05:19,60.3131049620821,453.932547640664,16.9
04-03-2025 14:10:19,60.6317489063897,453.801982222016,16.95
04-03-2025 14:15:19,60.4624593234919,452.109099714705,17
04-03-2025 14:20:19,59.8046593009127,451.196245787348,17.05
04-03-2025 14:25:19,59.4359249704534,450.533124636815,17.09
04-03-2025 14:30:19,59.65694320352,449.423454596043,17.14
04-03-2025 14:35:19,60.4575606421993,448.618986562019,17.17
04-03-2025 14:40:19,60.1864745005439,446.585213921015,17.21
04-03-2025 14:45:19,61.0891620651788,444.745802101455,17.25
04-03-2025 14:50:19,58.7595424929455,444.526647427534,17.28
04-03-2025 14:55:19,59.1657934182859,444.460974007688,17.3
04-03-2025 15:00:19,60.3552370986599,441.458821700353,17.32
04-03-2025 15:05:19,60.3739026683426,440.651381833148,17.35
04-03-2025 15:10:19,61.1723202172731,440.38930262905,17.37
04-03-2025 15:15:19,59.9143096173587,438.364303872979,17.39
04-03-2025 15:20:19,61.1010326345975,437.178694959725,17.4
04-03-2025 15:25:19,59.4473174874436,435.013427203406,17.41
04-03-2025 15:30:19,60.9280752712242,432.064189058698,17.42
04-03-2025 15:35:19,59.8618967016104,432.151552428288,17.43
04-03-2025 15:40:19,60.4611411891351,429.985539170941,17.44
04-03-2025 15:45:19,59.3983087119237,428.545973881809,17.46
04-03-2025 15:50:19,59.7036635010805,426.183262191945,17.47
04-03-2025 15:55:19,57.4608887993221,425.976383528927,17.48
04-03-2025 16:00:19,59.1383465057376,420.770780371829,17.49
04-03-2025 16:05:19,59.0516678479344,421.151685440453,17.5
04-03-2025 16:10:19,59.6547556319416,419.514170203109,17.52
04-03-2025 16:15:19,57.7018187252629,417.208022042151,17.52
04-03-2025 16:20:19,58.59546672653,415.235804890509,17.53
04-03-2025 16:25:19,58.018456210004,413.067223816887,17.54
04-03-2025 16:30:19,58.9157813777796,410.839671274844,17.56
04-03-2025 16:35:19,59.1267995411766,409.298036790009,17.58
04-03-2025 16:40:19,58.6511847029743,408.344546137338,17.6
04-03-2025 16:45:19,59.3528058088971,405.7228214063,17.62
04-03-2025 16:50:19,58.5792020119628,404.239033792674,17.63
04-03-2025 16:55:19,56.6312305348847,402.204944333205,17.65
04-03-2025 17:00:19,59.1977441076166,402.035175754499,17.67
04-03-2025 17:05:19,57.9364432860829,400.392836062457,17.69
04-03-2025 17:10:19,57.6565978921809,398.84819317813,17.71
04-03-2025 17:15:19,59.2424841771268,396.910288195658,17.73
04-03-2025 17:20:19,59.0574556307238,395.621198196998,17.74
04-03-2025 17:25:19,58.3847804808294,394.468191194154,17.76
04-03-2025 17:30:19,58.396106531864,392.785770361718,17.77
04-03-2025 17:35:19,58.2075057974291,391.753031045194,17.77
04-03-2025 17:40:19,58.9170189499083,389.692017360919,17.81
04-03-2025 17:45:19,56.4749282404309,389.028962735875,17.83
04-03-2025 17:50:19,57.7672553638986,387.186194824012,17.85
04-03-2025 17:55:19,58.6632660776942,385.600525139816,17.86
04-03-2025 18:00:19,57.105028811776,383.855167183395,17.88
04-03-2025 18:05:19,57.2179672844272,382.797621495765,17.9
04-03-2025 18:10:19,58.802682318816,381.112773956465,17.91
04-03-2025 18:15:19,57.928921540663,379.722761127296,17.92
04-03-2025 18:20:19,57.8452988421099,377.975787809707,17.94
04-03-2025 18:25:19,58.4503124170019,378.09751835756,17.96
04-03-2025 18:30:19,58.4616734764734,377.198795999856,17.97
04-03-2025 18:35:19,58.3781032488082,376.533275890039,17.99
04-03-2025 18:40:19,56.9132889042293,373.961314968899,18
04-03-2025 18:45:19,56.5341718841457,371.425078038268,18.02
04-03-2025 18:50:19,58.514092253025,370.919332803975,18.03
04-03-2025 18:55:19,57.3441555177039,370.512004704738,18.04
04-03-2025 19:00:19,56.5678371946707,368.923257688504,18.05
04-03-2025 19:05:19,57.5670463529698,369.930161780308,18.07
04-03-2025 19:10:19,57.7718931386125,368.600694752802,18.07
04-03-2025 19:15:19,57.3927056480225,366.948778498577,18.09
04-03-2025 19:20:19,57.4006249820875,365.520750621665,18.09
04-03-2025 19:25:19,58.6922965541196,363.241819200964,18.1
04-03-2025 19:30:19,56.5367559289111,362.735538277261,18.11
04-03-2025 19:35:19,56.8435118331496,362.426242356968,18.12
04-03-2025 19:40:19,57.8399113165899,360.639251538207,18.13
04-03-2025 19:45:19,56.8660470818166,361.610623972105,18.14
04-03-2025 19:50:19,57.3699645334731,359.921922004488,18.15
04-03-2025 19:55:19,58.0710372080948,358.528616417909,18.16
04-03-2025 20:00:19,57.6882312720775,358.022045762118,18.17
04-03-2025 20:05:19,56.0209148623991,356.298083122834,18.17
04-03-2025 20:10:19,57.5104167120455,354.608785098033,18.18
04-03-2025 20:15:19,56.8318290077876,354.299117719668,18.19
04-03-2025 20:20:19,57.1388167171842,352.708068839902,18.2
04-03-2025 20:25:19,55.6682475331766,351.378244081859,18.2
04-03-2025 20:30:19,57.5489997436477,350.245633693823,18.2
04-03-2025 20:35:19,57.2646181094628,350.330115068537,18.21
04-03-2025 20:40:19,56.681123615159,348.31037433588,18.21
04-03-2025 20:45:19,55.6079826561145,346.127399595757,18.22
04-03-2025 20:50:19,56.6050985531725,344.239906924031,18.23
04-03-2025 20:55:19,56.915512145111,341.301013257738,18.25
04-03-2025 21:00:19,55.552658072868,338.986205424147,18.28
04-03-2025 21:05:19,56.0635877088281,332.921426760544,18.31
04-03-2025 21:10:19,56.1669448925599,341.718967846372,18.3
04-03-2025 21:15:19,56.9592931122494,355.594498221933,17.99
04-03-2025 21:20:19,57.605801812924,359.528325239081,17.55
04-03-2025 21:25:19,55.6094170262584,360.895224331591,17.11
04-03-2025 21:30:19,57.7004398855299,418.86926615945,16.33
04-03-2025 21:35:19,59.3594587347636,478.500457830803,16.05
04-03-2025 21:40:19,58.9352209613587,514.777244291174,15.92
04-03-2025 21:45:19,59.997627262464,548.76156291478,15.89
04-03-2025 21:50:19,61.5578906090014,579.451644498555,15.9
04-03-2025 21:55:19,60.7054033930831,608.898501138513,15.93
04-03-2025 22:00:19,60.6236997061176,634.236195792359,15.95
04-03-2025 22:05:19,60.247892769151,653.713728374333,15.96
04-03-2025 22:10:19,59.0106659852297,675.501441051857,16
04-03-2025 22:15:19,59.8870360241964,692.157031579676,15.99
04-03-2025 22:20:19,59.1270042784149,712.191349866175,16.01
04-03-2025 22:25:19,58.5571321738671,727.227457419381,16.02
04-03-2025 22:30:19,59.4371450406243,740.457997144442,16.02
04-03-2025 22:35:19,58.2926263997203,752.332695721294,16.05
04-03-2025 22:40:19,60.2318207314033,763.496963836615,16.03
04-03-2025 22:45:19,58.3120527294544,774.215049606307,16.06
04-03-2025 22:50:19,59.5765511082317,785.347376382118,16.05
04-03-2025 22:55:19,58.6222681373546,788.443938794442,16.07
04-03-2025 23:00:19,58.035348336043,795.688944779756,16.03
04-03-2025 23:05:19,58.5210927324683,802.776237617574,16.01
04-03-2025 23:10:19,58.9234892014792,809.363011432875,16.03
04-03-2025 23:15:19,59.1321900420936,812.94764094023,16.05
04-03-2025 23:20:19,58.5587716696406,807.575151359091,16.05
04-03-2025 23:25:19,58.2693592189824,813.402432935973,16.03
04-03-2025 23:30:19,58.4576897401179,819.960110865797,15.99
04-03-2025 23:35:19,57.6071959286423,816.418756025676,16.03
04-03-2025 23:40:19,59.5566292579152,817.027751416724,16.04
04-03-2025 23:45:19,59.4470623550258,818.989419989638,15.98
04-03-2025 23:50:19,58.0122763965394,818.57568345226,16.01
04-03-2025 23:55:19,59.0757587436318,823.361315701399,15.98
04-04-2025 00:00:19,58.7031798309464,819.778682554483,16
04-04-2025 00:05:19,60.6557986842323,821.136251940139,16.02
04-04-2025 00:10:19,60.2517274540352,824.382115579601,15.95
04-04-2025 00:15:19,58.62037282941,824.093587992995,15.97
04-04-2025 00:20:19,59.1195463508219,822.642616119502,15.99
04-04-2025 00:25:19,58.9270828961265,822.655087801488,15.97
04-04-2025 00:30:19,61.3528269504432,821.478683935683,15.96
04-04-2025 00:35:19,58.9432528833795,820.829498594306,15.97
04-04-2025 00:40:19,61.4442395352071,822.042546860947,15.9
04-04-2025 00:45:19,60.6885716386942,821.533524633831,15.93
04-04-2025 00:50:19,60.0119524521326,822.902011918768,15.91
04-04-2025 00:55:19,59.3321177943291,822.748486053183,15.88
04-04-2025 01:00:19,60.501603146996,823.578947841171,15.88
04-04-2025 01:05:19,60.305621416351,821.490373253115,15.85
04-04-2025 01:10:19,60.6972285197842,821.864055430135,15.84
04-04-2025 01:15:19,60.7985452870695,821.270337462276,15.83
04-04-2025 01:20:19,61.0861958880991,821.698284386072,15.8
04-04-2025 01:25:19,60.6071747731974,821.491849076556,15.79
04-04-2025 01:30:19,61.0917365165722,821.892838993727,15.77
04-04-2025 01:35:19,61.4758777264484,820.000618755052,15.74
04-04-2025 01:40:19,62.2501100146541,820.111964549119,15.72
04-04-2025 01:45:19,62.3475820037335,821.093217999714,15.7
04-04-2025 01:50:19,61.8652415474498,821.107979241953,15.68
04-04-2025 01:55:19,62.3492180647299,821.12286181002,15.66
04-04-2025 02:00:19,62.1532042840561,818.653584103986,15.63
04-04-2025 02:05:19,62.4438013448762,818.379371875588,15.61
04-04-2025 02:10:19,61.4754068237922,819.387998139122,15.58
04-04-2025 02:15:19,63.3069383409322,819.044836147922,15.55
04-04-2025 02:20:19,61.6704191269133,817.875039463145,15.54
04-04-2025 02:25:19,62.4434630064677,817.408635010926,15.52
04-04-2025 02:30:19,62.1475602493565,817.479940495685,15.48
04-04-2025 02:35:19,64.0739918494478,816.173485209734,15.45
04-04-2025 02:40:19,62.6316075867728,814.715950461775,15.44
04-04-2025 02:45:19,62.9217438662754,814.829542892652,15.42
04-04-2025 02:50:19,63.0189536872371,814.075440021418,15.4
04-04-2025 02:55:19,63.2014312628808,811.76667826684,15.35
04-04-2025 03:00:19,64.0657329735149,808.632749854049,15.32
04-04-2025 03:05:19,63.8736703103597,808.362351845928,15.3
04-04-2025 03:10:19,63.4890111115587,805.394903793983,15.28
04-04-2025 03:15:19,62.5302283201848,802.110825741288,15.27
04-04-2025 03:20:19,64.0682779124479,805.722704175303,15.24
04-04-2025 03:25:19,63.487493650155,802.401009217995,15.21
04-04-2025 03:30:19,63.391974902751,801.554872998448,15.19
04-04-2025 03:35:19,64.643968896499,800.324132218464,15.17
04-04-2025 03:40:19,64.8370109898509,798.13156530508,15.15
04-04-2025 03:45:19,64.9337797928163,795.266275975967,15.13
04-04-2025 03:50:19,66.0809369942491,793.615329907426,15.09
04-04-2025 03:55:19,65.2118983208572,790.782017510393,15.06
04-04-2025 04:00:19,65.4931333451598,789.229833124812,15.02
04-04-2025 04:05:19,65.4974678030299,787.492909412501,15.01
04-04-2025 04:10:19,64.4406890630375,782.999122698849,14.99
04-04-2025 04:15:19,65.2062890582065,781.996796772096,14.96
04-04-2025 04:20:19,64.5267160740279,778.431866318303,14.92
04-04-2025 04:25:19,66.0563106124048,775.349481352968,14.88
04-04-2025 04:30:19,66.2526713813455,771.599619074213,14.87
04-04-2025 04:35:19,66.4372234517024,766.216980578821,14.83
04-04-2025 04:40:19,64.709947189543,764.037106361022,14.81
04-04-2025 04:45:19,65.758458352656,760.386741970363,14.77
04-04-2025 04:50:19,64.6077139340659,756.961899246597,14.75
04-04-2025 04:55:19,65.6635048714508,753.346402211558,14.73
04-04-2025 05:00:19,65.8519480005108,749.860963313988,14.7
04-04-2025 05:05:19,65.3691776077217,739.953596317051,14.67
04-04-2025 05:10:19,64.3152669266593,740.752988973896,14.65
04-04-2025 05:15:19,65.7498320118823,738.135619660817,14.62
04-04-2025 05:20:19,65.9381200691116,734.465631047399,14.59
04-04-2025 05:25:19,65.356142565661,730.065598613522,14.55
04-04-2025 05:30:19,63.9238614924643,726.713399859753,14.54
04-04-2025 05:35:19,64.1162050183017,727.32317484618,14.52
04-04-2025 05:40:19,64.8829950761242,722.187880119089,14.5
04-04-2025 05:45:19,65.0751413567532,720.596506383449,14.48
04-04-2025 05:50:19,62.8669599811391,717.832261030769,14.44
04-04-2025 05:55:19,65.1607364834678,715.416982376729,14.41
04-04-2025 06:00:19,64.6792755605538,711.281067707439,14.38
04-04-2025 06:05:19,63.9148320442351,709.502113369729,14.36
04-04-2025 06:10:19,64.2025805934148,708.680153846255,14.34
04-04-2025 06:15:19,63.2472227123086,706.328700470771,14.32
04-04-2025 06:20:19,63.8218030342448,705.220930482144,14.3
04-04-2025 06:25:19,63.249159629949,703.062165020669,14.28
04-04-2025 06:30:19,63.250135443735,703.102368800606,14.26
04-04-2025 06:35:19,63.5414606623386,702.245973590666,14.25
04-04-2025 06:40:19,63.3512993740446,700.757722729627,14.23
04-04-2025 06:45:19,63.6388821807746,698.123625025752,14.21
04-04-2025 06:50:19,62.3944620880038,699.34825498425,14.18
04-04-2025 06:55:19,61.9216391181798,698.684148612034,14.17
04-04-2025 07:00:19,62.8813814896417,697.924747774088,14.16
04-04-2025 07:05:19,62.691479184123,697.871084476378,14.14
04-04-2025 07:10:19,63.7427480733312,698.294913615831,14.12
04-04-2025 07:15:19,63.361871795395,695.85508615737,14.1
04-04-2025 07:20:19,61.2666755748903,695.955788694246,14.09
04-04-2025 07:25:19,62.9894217298006,695.483935816098,14.08
04-04-2025 07:30:19,62.6052073060811,695.754841932554,14.05
04-04-2025 07:35:19,62.5145199883641,694.901735261636,14.04
04-04-2025 07:40:19,62.4202810731388,695.70801743847,14.02
04-04-2025 07:45:19,62.901971218697,694.664550664469,14.01
04-04-2025 07:50:19,61.1898138375253,694.956689731399,14
04-04-2025 07:55:19,62.5263262923069,693.951099867166,13.98
04-04-2025 08:00:19,62.3439146293935,693.538434730881,13.98
04-04-2025 08:05:19,62.5358257608393,692.724152000156,13.96
04-04-2025 08:10:19,62.448801016382,692.979196717262,13.96
04-04-2025 08:15:19,62.0721858308619,690.888242455493,13.95
04-04-2025 08:20:19,61.3177592355234,692.192229979034,13.95
04-04-2025 08:25:19,62.3748889029519,691.208017228874,13.95
04-04-2025 08:30:19,62.4785719513471,690.795952013772,13.95
04-04-2025 08:35:19,62.9636373581298,690.479309698935,13.95
04-04-2025 08:40:19,61.3511170223754,688.637226526066,13.95
04-04-2025 08:45:19,63.0756717807264,688.511430011759,13.95
04-04-2025 08:50:19,62.2259161617471,687.62295205509,13.95
04-04-2025 08:55:19,61.7610498548331,683.454427273461,13.96
04-04-2025 09:00:19,61.1019380338148,683.424194932585,13.96
04-04-2025 09:05:19,61.4917037638495,683.012631510289,13.96
04-04-2025 09:10:19,61.5035485695871,682.753359343021,13.97
04-04-2025 09:15:19,62.9423045690133,683.104784652497,13.97
04-04-2025 09:20:19,62.1913297729491,682.273416834714,13.98
04-04-2025 09:25:19,61.5356150198432,683.063337034907,13.99
04-04-2025 09:30:19,61.3567087939049,683.281142318138,14
04-04-2025 09:35:19,62.0362770640649,681.972810901671,14.01
04-04-2025 09:40:19,61.5746843363131,682.629060770094,14.03
04-04-2025 09:45:19,62.6360724335173,681.129648889083,14.04
04-04-2025 09:50:19,63.0296969350837,680.775079382937,14.05
04-04-2025 09:55:19,61.8046521879904,677.900434183489,14.07
04-04-2025 10:00:19,62.9654236641238,677.602020643524,14.09
04-04-2025 10:05:19,62.022856580897,676.388081490417,14.1
04-04-2025 10:10:19,60.606246014778,676.757723462514,14.12
04-04-2025 10:15:19,62.2411646972246,674.970669416357,14.13
04-04-2025 10:20:19,62.734098576894,675.149263416492,14.15
04-04-2025 10:25:19,61.985598738231,673.704328458221,14.17
04-04-2025 10:30:19,60.9503042042646,672.641061330771,14.19
04-04-2025 10:35:19,64.6914929264547,670.717669909514,14.21
04-04-2025 10:40:19,61.1719761310524,672.137990663546,14.23
04-04-2025 10:45:19,62.7199210771162,671.129929273008,14.26
04-04-2025 10:50:19,63.5957733882351,668.631811790497,14.28
04-04-2025 10:55:19,61.7950292418999,668.140601402085,14.3
04-04-2025 11:00:19,62.9614540949557,667.03547924051,14.33
04-04-2025 11:05:19,62.7857843212457,663.292140605123,14.35
04-04-2025 11:10:19,61.8518436975293,662.14498065397,14.39
04-04-2025 11:15:19,62.4484973920466,663.102453625469,14.43
04-04-2025 11:20:19,62.5704423455607,660.190667579099,14.48
04-04-2025 11:25:19,62.8876126331266,659.821665633831,14.54
04-04-2025 11:30:19,63.2972729879228,657.001843062662,14.59
04-04-2025 11:35:19,61.4067545899477,655.138329513921,14.64
04-04-2025 11:40:19,61.052474700912,654.958126937166,14.7
04-04-2025 11:45:19,61.276987113202,653.201191069387,14.77
04-04-2025 11:50:19,62.5541925439876,651.771813079979,14.83
04-04-2025 11:55:19,61.9153106564731,649.530957794982,14.9
04-04-2025 12:00:19,61.8523234026004,645.461686779489,14.97
04-04-2025 12:05:19,62.3661691848879,644.272435785682,15.04
04-04-2025 12:10:19,62.7879561638744,643.039421486982,15.12
04-04-2025 12:15:19,61.7661968017352,640.649499078929,15.2
04-04-2025 12:20:19,61.4174737528448,639.701439486825,15.28
04-04-2025 12:25:19,63.67085691239,635.185619498799,15.36
04-04-2025 12:30:19,60.722139744624,635.250545835771,15.45
04-04-2025 12:35:19,62.9816733171915,632.323111064954,15.54
04-04-2025 12:40:19,62.5361650875048,633.39512329665,15.62
04-04-2025 12:45:19,63.4504536679542,628.098697145728,15.72
04-04-2025 12:50:19,63.9792119147624,628.984979662821,15.82
04-04-2025 12:55:19,62.8629750849172,628.710719938971,15.92
04-04-2025 13:00:19,62.6133768105928,624.410810112352,16.01
04-04-2025 13:05:19,62.4603664718275,622.528409847083,16.1
04-04-2025 13:10:19,62.9862505166337,621.613373672593,16.19
04-04-2025 13:15:19,62.3478414093053,619.337696842295,16.28
04-04-2025 13:20:19,62.680061633004,618.515963769119,16.37
04-04-2025 13:25:19,62.2349611726446,616.720690166815,16.46
04-04-2025 13:30:19,62.5675524403416,614.825433468744,16.55
04-04-2025 13:35:19,62.2119254294863,613.894361264721,16.62
04-04-2025 13:40:19,61.7620468558051,611.260762231787,16.7
04-04-2025 13:45:19,63.1598156827934,609.156893881679,16.77
04-04-2025 13:50:19,63.0025502795064,608.857460201385,16.85
04-04-2025 13:55:19,62.6426761688319,606.990796191699,16.91
04-04-2025 14:00:19,62.774151911186,606.930818358918,16.98
04-04-2025 14:05:19,62.7067906107945,604.572826205662,17.04
04-04-2025 14:10:19,62.6393601619722,605.437060595791,17.1
04-04-2025 14:15:19,63.4516956950392,603.369250528529,17.16
04-04-2025 14:20:19,64.5544378595983,601.150512313312,17.21
04-04-2025 14:25:19,62.2337636654916,600.984539409557,17.26
04-04-2025 14:30:19,62.7460027642128,600.082244613199,17.3
04-04-2025 14:35:19,62.8706120901706,600.503076431888,17.35
04-04-2025 14:40:19,62.7957876569001,596.465931289144,17.39
04-04-2025 14:45:19,62.3290405498429,597.226645214735,17.43
04-04-2025 14:50:19,61.2775194501087,596.372557737538,17.48
04-04-2025 14:55:19,62.9667873208447,593.604351926378,17.52
04-04-2025 15:00:19,61.6205319117175,594.70966307935,17.57
04-04-2025 15:05:19,63.3074244183713,593.065699174857,17.6
04-04-2025 15:10:19,61.2699515089169,592.845141485833,17.64
04-04-2025 15:15:19,62.5650749710958,592.377660516292,17.67
04-04-2025 15:20:19,62.293570877526,589.603897699265,17.71
04-04-2025 15:25:19,61.2326403808967,588.840744754635,17.74
04-04-2025 15:30:19,63.0235980167408,586.751958975283,17.78
04-04-2025 15:35:19,62.9448823780274,587.265111967198,17.81
04-04-2025 15:40:19,63.5541350621212,582.077876685097,17.84
04-04-2025 15:45:19,62.299387409955,584.016265828607,17.88
04-04-2025 15:50:19,63.3058707370577,582.611986692606,17.92
04-04-2025 15:55:19,63.227127761877,583.714927318108,17.95
04-04-2025 16:00:19,63.4472297917,583.58897867701,17.99
04-04-2025 16:05:19,63.1716186258742,582.724203505686,18.02
04-04-2025 16:10:19,62.6041520901168,580.333280085548,18.06
04-04-2025 16:15:19,63.6121596050177,580.993993575335,18.1
04-04-2025 16:20:19,61.9607336657104,580.768408306691,18.14
04-04-2025 16:25:19,62.0821995401307,579.064363218753,18.18
04-04-2025 16:30:19,62.6930204267976,577.704258680307,18.21
04-04-2025 16:35:19,63.0119969325778,578.463430559977,18.25
04-04-2025 16:40:19,61.7565177210385,577.496824616036,18.3
04-04-2025 16:45:19,62.0754181944026,576.48019799868,18.34
04-04-2025 16:50:19,62.8917233320667,578.177380855866,18.39
04-04-2025 16:55:19,62.5199660008866,575.777686671047,18.43
04-04-2025 17:00:19,62.345529451111,574.463016891773,18.47
04-04-2025 17:05:19,62.9651378354143,573.690520644973,18.52
04-04-2025 17:10:19,63.2849680702726,572.275317870281,18.56
04-04-2025 17:15:19,62.7150542354727,571.650244874563,18.6
04-04-2025 17:20:19,64.0203969322946,571.569406324496,18.63
04-04-2025 17:25:19,64.4397753043802,569.954332137947,18.67
04-04-2025 17:30:19,62.1836327993166,569.675099723957,18.7
04-04-2025 17:35:19,63.5888712446227,568.702832174272,18.73
04-04-2025 17:40:19,63.1099281597984,568.869605942448,18.75
04-04-2025 17:45:19,62.7334968210555,567.896764604529,18.78
04-04-2025 17:50:19,63.0502250908215,567.913941828809,18.81
04-04-2025 17:55:19,63.2680312444358,567.435761511917,18.84
04-04-2025 18:00:19,62.7922660982114,567.155541385314,18.87
04-04-2025 18:05:19,63.6048325572991,565.487502133836,18.9
04-04-2025 18:10:19,62.7323412548623,566.098968743299,18.93
04-04-2025 18:15:19,62.0577649180196,566.611558056342,18.96
04-04-2025 18:20:19,62.7715443645123,565.636517507289,18.99
04-04-2025 18:25:19,63.7795779300809,568.085025154914,19.01
04-04-2025 18:30:19,64.093371210353,563.390263914403,19.03
04-04-2025 18:35:19,62.4224812339395,563.0605464978,19.05
04-04-2025 18:40:19,62.7398068445426,562.679554962932,19.08
04-04-2025 18:45:19,61.4651454408769,564.13664620865,19.1
04-04-2025 18:50:19,63.1689207827102,562.218203278679,19.12
04-04-2025 18:55:19,63.5822022600507,563.079870300245,19.14
04-04-2025 19:00:19,62.2077358003926,562.749916930481,19.16
04-04-2025 19:05:19,64.3060450566456,561.875195441582,19.17
04-04-2025 19:10:19,63.7261691035861,561.545030157814,19.19
04-04-2025 19:15:19,63.9372943926277,559.77586259797,19.2
04-04-2025 19:20:19,61.6678540991278,560.240337497928,19.22
04-04-2025 19:25:19,62.4751616103062,559.067022057411,19.23
04-04-2025 19:30:19,62.9844286278673,558.589301996409,19.24
04-04-2025 19:35:19,63.3980800702059,558.457394768178,19.26
04-04-2025 19:40:19,62.9097415403969,560.118943013925,19.26
04-04-2025 19:45:19,63.2203410831982,558.050714850566,19.27
04-04-2025 19:50:19,63.1333024560166,558.766030276213,19.28
04-04-2025 19:55:19,61.753657290271,559.481511089968,19.29
04-04-2025 20:00:19,62.760310511353,559.401651127318,19.3
04-04-2025 20:05:19,64.1611528843805,557.484290026473,19.3
04-04-2025 20:10:19,63.4737941708718,557.555772362828,19.3
04-04-2025 20:15:19,62.2892467419425,556.931264760126,19.3
04-04-2025 20:20:19,62.2979612419028,556.107958584342,19.3
04-04-2025 20:25:19,62.5055549388056,554.98641556228,19.3
04-04-2025 20:30:19,63.2140215393341,555.702130287752,19.31
04-04-2025 20:35:19,62.6260664703911,555.67454825698,19.31
04-04-2025 20:40:19,63.0325765862715,556.641506733785,19.31
04-04-2025 20:45:19,64.4373271427659,556.164139848788,19.32
04-04-2025 20:50:19,63.3483735025561,554.995592483941,19.31
04-04-2025 20:55:19,63.9537840769496,553.973859812124,19.31
04-04-2025 21:00:19,63.2663960073445,557.228394010976,19.31
04-04-2025 21:05:19,61.7798813772617,554.866884739144,19.3
04-04-2025 21:10:19,62.6320005776006,554.143796569618,19.3
04-04-2025 21:15:19,63.4841224284925,553.672097188828,19.29
04-04-2025 21:20:19,63.3860676639645,553.750124042403,19.27
04-04-2025 21:25:19,62.8904562530201,554.126454198958,19.25
04-04-2025 21:30:19,62.6931566369635,552.217000516877,19.23
04-04-2025 21:35:19,61.3035276590736,554.879151898978,19.21
04-04-2025 21:40:19,62.5968153259393,555.156168930377,19.19
04-04-2025 21:45:19,64.3826087685121,555.386220763247,19.16
04-04-2025 21:50:19,63.0928164204999,553.875732025412,19.14
04-04-2025 21:55:19,63.1935708085741,553.358809169485,19.12
04-04-2025 22:00:19,65.3753225056171,553.887431871961,19.09
04-04-2025 22:05:19,63.5861473711355,553.820478690026,19.06
04-04-2025 22:10:19,63.1833102853994,553.210888577349,19.02
04-04-2025 22:15:19,63.9746580200918,553.64042867147,18.99
04-04-2025 22:20:19,61.1921035870995,554.518997578812,18.95
04-04-2025 22:25:19,63.6688119854856,553.362143393045,18.92
04-04-2025 22:30:19,62.5691032165802,553.401221427762,18.87
04-04-2025 22:35:19,63.3596787789974,554.227176159809,18.84
04-04-2025 22:40:19,62.3634252754676,554.411958514791,18.8
04-04-2025 22:45:19,61.6648445522923,554.794829946613,18.76
04-04-2025 22:50:19,62.74471053772,554.636156319116,18.71
04-04-2025 22:55:19,62.6329683812633,556.310800719915,18.65
04-04-2025 23:00:19,63.1218533218778,555.605417325539,18.61
04-04-2025 23:05:19,60.3480823755555,557.372151770619,18.57
04-04-2025 23:10:19,61.5256948833078,556.22534495413,18.52
04-04-2025 23:15:19,62.1132399622823,556.114029137748,18.48
04-04-2025 23:20:19,60.7218527677736,556.647695799121,18.43
04-04-2025 23:25:19,62.8851267106277,556.983734774039,18.38
04-04-2025 23:30:19,61.987910607726,557.418392896249,18.33
04-04-2025 23:35:19,62.9654066056029,558.050183477487,18.28
04-04-2025 23:40:19,63.1534007343928,557.794362360368,18.23
04-04-2025 23:45:19,61.6658621783205,557.736066256305,18.18
04-04-2025 23:50:19,62.8393761983941,556.791412914317,18.13
04-04-2025 23:55:19,62.9287510919957,558.211107636002,18.08
04-05-2025 00:00:19,61.2462330539655,559.039280595323,18.03
04-05-2025 00:05:19,62.7173038387175,556.666225449429,17.99
04-05-2025 00:10:19,62.7047232939606,557.841952161816,17.93
04-05-2025 00:15:19,62.3972353778089,555.969189545931,17.87
04-05-2025 00:20:19,62.6867544422563,555.762878296668,17.83
04-05-2025 00:25:19,63.3654751282546,556.394982235566,17.78
04-05-2025 00:30:19,62.9634558897821,556.339394367792,17.73
04-05-2025 00:35:19,63.8378729692451,556.578553624031,17.68
04-05-2025 00:40:19,62.9418139411874,556.575444675525,17.62
04-05-2025 00:45:19,62.2462710096277,555.441675349438,17.57
04-05-2025 00:50:19,61.3586563325024,554.747007592941,17.53
04-05-2025 00:55:19,63.6044599649258,555.477318611992,17.48
04-05-2025 01:00:19,63.3013258045188,555.227587358862,17.43
04-05-2025 01:05:19,61.7253581598503,555.761705599936,17.38
04-05-2025 01:10:19,62.5000233329973,555.708273984458,17.33
04-05-2025 01:15:19,61.8097745467322,554.62439851239,17.29
04-05-2025 01:20:19,61.9969473710442,554.571873120666,17.24
04-05-2025 01:25:19,62.1839821489244,553.443997096354,17.19
04-05-2025 01:35:19,61.1808795636082,554.435266908653,17.09
04-05-2025 01:40:19,62.1528610800557,553.0616850627,17.05
04-05-2025 01:45:19,62.0466774849885,552.034433774609,17
04-05-2025 01:50:19,62.3309782778888,552.276979312577,16.95
04-05-2025 01:55:19,62.7161500492427,550.028082245949,16.91
04-05-2025 02:00:19,61.6346035813303,549.881550343056,16.86
04-05-2025 02:05:19,62.7022246034555,549.975342141403,16.82
04-05-2025 02:10:19,61.5205820954294,549.589482120039,16.76
04-05-2025 02:15:19,60.0544637829911,548.612063331172,16.72
04-05-2025 02:20:19,61.4101914098196,547.688094932905,16.67
04-05-2025 02:25:19,61.1167790670066,548.120036584977,16.64
04-05-2025 02:30:19,61.9846464516112,547.29456942456,16.59
04-05-2025 02:35:19,62.3654240003616,547.345519715539,16.54
04-05-2025 02:40:19,60.3180959887964,546.857730477083,16.5
04-05-2025 02:45:19,60.8970705269111,545.106543084472,16.46
04-05-2025 02:50:19,62.1560344606909,542.579107046393,16.42
04-05-2025 02:55:19,62.4426011236154,540.247768617467,16.38
04-05-2025 03:00:19,62.1462096360223,541.511932475826,16.34
04-05-2025 03:05:19,61.7563357673577,542.139839215415,16.31
04-05-2025 03:10:19,61.8486490602103,540.199512101106,16.27
04-05-2025 03:15:19,60.9704383759109,541.851345014599,16.23
04-05-2025 03:20:19,60.9692969871449,541.217822514091,16.2
04-05-2025 03:25:19,61.0618012459175,541.219893375123,16.16
04-05-2025 03:30:19,61.2478436126666,541.566133150248,16.11
04-05-2025 03:35:19,62.0186946653012,540.502299930245,16.07
04-05-2025 03:40:19,61.4325324215012,540.02069538456,16.03
04-05-2025 03:45:19,61.6284686563942,540.111257165965,16.01
04-05-2025 03:50:19,61.8175201976073,539.242950400066,15.97
04-05-2025 03:55:19,63.2615963006567,539.203199952052,15.92
04-05-2025 04:00:19,60.3562891579014,539.347536701353,15.89
04-05-2025 04:05:19,61.3196614477749,536.642419639181,15.85
04-05-2025 04:10:19,59.7674794983462,536.744329833944,15.81
04-05-2025 04:15:19,60.4436513031499,537.56657675839,15.78
04-05-2025 04:20:19,61.0194878436256,538.151889747308,15.74
04-05-2025 04:25:19,61.6916196144183,535.644345988504,15.7
04-05-2025 04:30:19,62.0769122653252,535.597044138038,15.67
04-05-2025 04:35:19,62.0687904152517,535.656989897082,15.62
04-05-2025 04:40:19,61.7778257533263,534.740994539094,15.59
04-05-2025 04:45:19,61.1973813590267,534.115211506407,15.56
04-05-2025 04:50:19,61.5823981260435,532.717736057973,15.53
04-05-2025 04:55:19,59.8410967810544,532.532796852472,15.49
04-05-2025 05:00:19,60.4191662996931,532.873172323516,15.46
04-05-2025 05:05:19,60.7076431652146,530.995357204842,15.43
04-05-2025 05:10:19,62.5387229467698,529.022159737386,15.4
04-05-2025 05:15:19,60.9950189808211,529.074406478412,15.37
04-05-2025 05:20:19,60.8976773894337,527.873906700554,15.34
04-05-2025 05:25:19,60.1259156930607,526.481422295921,15.31
04-05-2025 05:30:19,62.6332104871947,526.962152257126,15.29
04-05-2025 05:35:19,60.0281164705681,525.817668365145,15.25
04-05-2025 05:40:19,61.2824568891408,524.661586824785,15.23
04-05-2025 05:45:19,60.7038334500348,523.849298990469,15.2
04-05-2025 05:50:19,60.7029770366603,523.711290417784,15.17
04-05-2025 05:55:19,61.0870318613163,520.398050028717,15.14
04-05-2025 06:00:19,60.2202680287416,520.934658220604,15.11
04-05-2025 06:05:19,62.23935022124,520.60554767605,15.08
04-05-2025 06:10:19,61.6612117733214,518.930529104692,15.05
04-05-2025 06:15:19,62.0480998228623,518.643625287407,15.03
04-05-2025 06:20:19,61.3741216165768,518.219602123726,15
04-05-2025 06:25:19,61.7609157698038,517.260455524285,14.98
04-05-2025 06:30:19,61.0872786732123,516.06855445395,14.95
04-05-2025 06:35:19,62.0470138109975,516.22223610457,14.92
04-05-2025 06:40:19,61.0888236497519,514.015812714635,14.9
04-05-2025 06:45:19,60.991928257471,513.402024611239,14.87
04-05-2025 06:50:19,60.7063528973023,512.925351085118,14.85
04-05-2025 06:55:19,60.897559343535,513.56020125185,14.82
04-05-2025 07:00:19,62.3362310483142,512.467545342862,14.79
04-05-2025 07:05:19,61.5708906066509,512.567443657932,14.77
04-05-2025 07:10:19,60.5179862657889,511.420284169404,14.75
04-05-2025 07:15:19,61.1919842335461,511.520581766165,14.73
04-05-2025 07:20:19,61.1944387156011,511.812793895487,14.71
04-05-2025 07:25:19,61.5804615391096,510.187231435453,14.69
04-05-2025 07:30:19,61.5828660575111,510.383951557168,14.67
04-05-2025 07:35:19,60.4349404208388,510.389022448196,14.65
04-05-2025 07:40:19,61.2043035916382,508.956529762365,14.63
04-05-2025 07:45:19,60.0600118402854,508.810545108365,14.62
04-05-2025 07:50:19,60.7334405511314,507.858004007627,14.6
04-05-2025 07:55:19,60.8318103094806,507.001701044351,14.58
04-05-2025 08:00:19,60.7418246990774,507.143676108585,14.57
04-05-2025 08:05:19,60.457032012127,507.437382164706,14.55
04-05-2025 08:10:19,61.229122655403,506.717499281459,14.54
04-05-2025 08:15:19,60.2771960391318,506.380923118584,14.53
04-05-2025 08:20:19,61.432249073573,505.948740175485,14.52
04-05-2025 08:25:19,61.4413452531631,505.460690377494,14.52
04-05-2025 08:30:19,61.5462090133461,503.727774462291,14.52
04-05-2025 08:35:19,61.5553104940421,500.175402849637,14.52
04-05-2025 08:40:19,60.7982951849721,500.070646691725,14.52
04-05-2025 08:45:19,59.8497526663752,500.25326329724,14.52
04-05-2025 08:50:19,61.1995711192887,499.191013785542,14.52
04-05-2025 08:55:19,61.6875078523961,500.427200568108,14.52
04-05-2025 09:00:19,61.0262680755779,497.641338262305,14.52
04-05-2025 09:05:19,60.5565608093924,498.973445921523,14.52
04-05-2025 09:10:19,59.6111919865878,499.004017287752,14.53
04-05-2025 09:15:19,59.6171542286805,498.094592748404,14.52
04-05-2025 09:20:19,60.2040739966555,498.029451510123,14.53
04-05-2025 09:25:19,60.2132019828814,497.638057912814,14.53
04-05-2025 09:30:19,61.0875555749195,499.105465567492,14.54
04-05-2025 09:35:19,60.9083870634656,492.527030125047,14.55
04-05-2025 09:40:19,59.5796575736161,492.365861569213,14.56
04-05-2025 09:45:19,60.5499706440895,492.971133288621,14.57
04-05-2025 09:50:19,62.0028229559367,494.573298657789,14.59
04-05-2025 09:55:19,60.3862975789954,495.370614814,14.6
04-05-2025 10:00:19,60.8778182725378,493.197324722599,14.61
04-05-2025 10:05:19,61.6602468151286,492.499798799591,14.63
04-05-2025 10:10:19,61.3851512909198,491.763674513552,14.64
04-05-2025 10:15:19,60.915036664247,491.75598699121,14.64
04-05-2025 10:20:19,61.0233103418697,490.828138990682,14.65
04-05-2025 10:25:19,60.9398646958651,492.488650603998,14.66
04-05-2025 10:30:19,60.8564073702792,490.985558239317,14.67
04-05-2025 10:35:19,59.8172717196597,490.671141339892,14.69
04-05-2025 10:40:19,60.4049982228415,490.030728980837,14.7
04-05-2025 10:45:19,59.6501363688569,488.814832391884,14.71
04-05-2025 10:50:19,58.1278534674227,489.900713259854,14.72
04-05-2025 10:55:19,61.1168716903049,488.722780756588,14.74
04-05-2025 11:00:19,60.8447574262402,488.407990174415,14.76
04-05-2025 11:05:19,59.9008544896739,487.613334132038,14.78
04-05-2025 11:10:19,60.6841658390973,487.010397839108,14.8
04-05-2025 11:15:19,59.935095265859,486.733136554816,14.83
04-05-2025 11:20:19,60.2418642898171,485.303531655322,14.86
04-05-2025 11:25:19,60.3566952463464,485.217807582175,14.89
04-05-2025 11:30:19,60.1833923335209,485.516283049509,14.92
04-05-2025 11:35:19,60.0131887204957,484.60348852741,14.96
04-05-2025 11:40:19,60.3234839170357,483.113361579262,15
04-05-2025 11:45:19,59.9609093501656,484.795266486855,15.04
04-05-2025 11:50:19,59.2165026298084,482.379904304194,15.09
04-05-2025 11:55:19,60.8771632762797,482.175798344562,15.14
04-05-2025 12:00:19,60.8993793935358,483.474076782542,15.18
04-05-2025 12:05:19,58.9057999473093,481.189107142498,15.24
04-05-2025 12:10:19,60.6646011222425,482.621850888268,15.29
04-05-2025 12:15:19,61.1718818898252,481.067996422005,15.34
04-05-2025 12:20:19,58.7871577346761,480.284171670417,15.39
04-05-2025 12:25:19,60.0688900251426,479.440511055185,15.45
04-05-2025 12:30:19,59.8077618295177,476.858907225124,15.51
04-05-2025 12:35:19,60.219017863578,476.072174916506,15.56
04-05-2025 12:40:19,58.4123485429955,475.128566821979,15.62
04-05-2025 12:45:19,60.755876861497,476.755927839769,15.67
04-05-2025 12:50:19,60.1079239625534,475.618313930271,15.73
04-05-2025 12:55:19,61.1969298893764,472.121662853701,15.78
04-05-2025 13:00:19,60.45186389722,475.721566134051,15.84
04-05-2025 13:05:19,60.4804716289908,473.807302652693,15.9
04-05-2025 13:10:19,58.7628370691209,474.27530484613,15.95
04-05-2025 13:15:19,60.2438734935736,470.227165550649,16.01
04-05-2025 13:20:19,59.4969964297723,468.016722829269,16.07
04-05-2025 13:25:19,59.8160983794026,469.973880998065,16.13
04-05-2025 13:30:19,59.841260584151,467.23959651788,16.18
04-05-2025 13:35:19,58.7049622764486,466.092133494604,16.24
04-05-2025 13:40:19,60.2864082138642,466.885506908991,16.3
04-05-2025 13:45:19,60.7003279367484,466.380323468525,16.35
04-05-2025 13:50:19,61.1178524563891,464.453170812331,16.41
04-05-2025 13:55:19,59.4907717444849,465.988118379664,16.46
04-05-2025 14:00:19,59.1299288384665,465.5179599468,16.52
04-05-2025 14:05:19,59.6413961516562,464.232608448319,16.57
04-05-2025 14:10:19,60.1500490783263,463.007484458577,16.61
04-05-2025 14:15:19,59.2016399263989,462.791242333074,16.66
04-05-2025 14:20:19,59.6131013526976,461.272485586332,16.7
04-05-2025 14:25:19,58.5663570065156,459.885952253248,16.75
04-05-2025 14:30:19,58.8773149827377,460.473731689485,16.78
04-05-2025 14:35:19,60.2608110750564,458.429540295756,16.81
04-05-2025 14:40:19,59.1127441072862,456.614908185547,16.85
04-05-2025 14:45:19,60.3019659344603,457.007242532242,16.88
04-05-2025 14:50:19,59.6411470455498,458.020762832321,16.92
04-05-2025 14:55:19,58.7784865623288,455.450272302883,16.94
04-05-2025 15:00:19,60.0660804329639,454.57360554481,16.97
04-05-2025 15:05:19,59.398402852035,455.320951770851,16.99
04-05-2025 15:10:19,60.1007381648747,454.73685641463,17.02
04-05-2025 15:15:19,60.4094717087237,455.386878075598,17.04
04-05-2025 15:20:19,59.6469686050216,454.411799999808,17.07
04-05-2025 15:25:19,58.8809903545671,453.694171510733,17.09
04-05-2025 15:30:19,60.0723947526351,453.988772782445,17.12
04-05-2025 15:35:19,59.3061802023496,453.173072342234,17.14
04-05-2025 15:40:19,59.2271790660456,450.339108582427,17.17
04-05-2025 15:45:19,59.5424644183162,448.712067666786,17.21
04-05-2025 15:50:19,57.4062299648312,451.220623348298,17.23
04-05-2025 15:55:19,58.5038395882999,449.201659306948,17.27
04-05-2025 16:00:19,59.69683774524,447.146723800039,17.3
04-05-2025 16:05:19,59.4220382280962,447.244399148295,17.33
04-05-2025 16:10:19,59.7345904267707,445.188001768747,17.36
04-05-2025 16:15:19,59.3617288114153,446.36254419818,17.39
04-05-2025 16:20:19,59.8703322067928,444.206977977104,17.42
04-05-2025 16:25:19,58.9094204640095,443.716098983986,17.45
04-05-2025 16:30:19,59.2252801517617,442.965234200169,17.49
04-05-2025 16:35:19,61.1100671522037,445.253267554038,17.53
04-05-2025 16:40:19,57.8010065174814,440.024842537759,17.58
04-05-2025 16:45:19,58.6104995736598,442.543945845707,17.63
04-05-2025 16:50:19,60.1109760837038,442.154316803259,17.69
04-05-2025 16:55:19,59.3507383950921,444.381673095898,17.74
04-05-2025 17:00:19,59.7720527601246,438.588331209522,17.8
04-05-2025 17:05:19,59.1093015326563,441.405822897663,17.85
04-05-2025 17:10:19,58.8393537572448,441.865472285729,17.9
04-05-2025 17:15:19,59.0610497544177,439.079118402261,17.95
04-05-2025 17:20:19,58.2988006600205,439.24282735887,18
04-05-2025 17:25:19,60.1941108713634,440.489550916846,18.05
04-05-2025 17:30:19,58.9361241668722,438.847046015453,18.09
04-05-2025 17:35:19,59.8478232946559,437.729863884181,18.14
04-05-2025 17:40:19,58.7890355870564,443.708065121327,18.19
04-05-2025 17:45:19,58.8139958586329,437.366002908956,18.24
04-05-2025 17:50:19,59.6249019583767,438.580097673567,18.28
04-05-2025 17:55:19,58.7590608674402,438.610973512804,18.32
04-05-2025 18:00:19,58.4817386433724,437.719751766852,18.35
04-05-2025 18:05:19,58.3060662631106,441.698993897156,18.39
04-05-2025 18:10:19,60.102037479853,439.623079109936,18.42
04-05-2025 18:15:19,59.7292327985595,439.456631541431,18.46
04-05-2025 18:20:19,59.4549909398199,439.586445549178,18.5
04-05-2025 18:25:19,58.090321817459,439.484685004212,18.53
04-05-2025 18:30:19,60.1912435773247,442.218998236961,18.58
04-05-2025 18:35:19,58.7332033888767,440.900252378108,18.63
04-05-2025 18:40:19,59.0550218726895,441.658244059596,18.68
04-05-2025 18:45:19,59.7698403732231,442.778512510203,18.72
04-05-2025 18:50:19,57.9139182534296,443.735698605175,18.77
04-05-2025 18:55:19,60.1146107062749,438.914403972577,18.81
04-05-2025 19:00:19,58.9479710389561,442.115499577792,18.85
04-05-2025 19:05:19,58.7717033187576,441.056774587995,18.89
04-05-2025 19:10:19,58.2978876785667,441.583629270642,18.93
04-05-2025 19:15:19,59.3145592810767,440.458773322318,18.98
04-05-2025 19:20:19,60.0311526677056,439.89434142535,19.02
04-05-2025 19:25:19,60.0534718860101,439.924985279904,19.06
04-05-2025 19:30:19,58.7851758238167,438.664977122574,19.1
04-05-2025 19:35:19,59.3998002070054,438.85993744809,19.13
04-05-2025 19:40:19,60.5113517139093,438.359690018529,19.16
04-05-2025 19:45:19,58.9409705138286,437.163733127372,19.19
04-05-2025 19:50:19,59.3573213400827,437.457803088405,19.22
04-05-2025 19:55:19,59.3762770835454,438.646585193766,19.25
04-05-2025 20:00:19,59.3952400478974,438.841701447762,19.28
04-05-2025 20:05:19,58.8144124450409,439.400845453896,19.3
04-05-2025 20:10:19,59.330555756497,439.098895946455,19.33
04-05-2025 20:15:19,57.9536575902149,439.160931078638,19.35
04-05-2025 20:20:19,58.3672117289279,439.620978648388,19.37
04-05-2025 20:25:19,58.9799185987707,438.290007280325,19.39
04-05-2025 20:30:19,57.7983142848777,438.815881817001,19.4
04-05-2025 20:35:19,58.5106114998846,439.276121672124,19.42
04-05-2025 20:40:19,59.6181548958447,439.901822447427,19.43
04-05-2025 20:45:19,58.6353249958296,441.523171727834,19.44
04-05-2025 20:50:19,58.5483612958196,440.257643134305,19.45
04-05-2025 20:55:19,58.3618186353007,440.983280196735,19.46
04-05-2025 21:00:19,58.2748212313758,441.808654784708,19.47
04-05-2025 21:05:19,57.7864497371825,443.098126666815,19.47
04-05-2025 21:10:19,57.8955255629466,444.785972968498,19.47
04-05-2025 21:15:19,58.499386301784,443.153988314043,19.46
04-05-2025 21:20:19,57.5102244047892,444.509118434429,19.45
04-05-2025 21:25:19,59.311780074457,443.907122091937,19.45
04-05-2025 21:30:19,60.5127424599176,444.167234399543,19.44
04-05-2025 21:35:19,59.4272061824631,444.760059346762,19.44
04-05-2025 21:40:19,59.2344807884254,447.907006449849,19.43
04-05-2025 21:45:19,59.539461137866,445.181044138725,19.42
04-05-2025 21:50:19,60.1429750553451,443.052785732439,19.41
04-05-2025 21:55:19,58.7560335512153,444.806185638513,19.4
04-05-2025 22:00:19,58.1654001147474,444.071659678382,19.39
04-05-2025 22:05:19,58.6693893729947,440.750305048065,19.38
04-05-2025 22:10:19,58.2778544243074,447.379009247921,19.37
04-05-2025 22:15:19,59.5744887712128,448.401365803586,19.35
04-05-2025 22:20:19,59.1861148444745,446.308693753157,19.35
04-05-2025 22:25:19,59.8856318228747,450.613561182953,19.33
04-05-2025 22:30:19,59.3915749199372,449.944874725622,19.31
04-05-2025 22:35:19,59.5968540283903,450.404522503171,19.3
04-05-2025 22:40:19,60.9919970618649,450.034563242377,19.28
04-05-2025 22:45:19,59.8021326396279,452.845867128115,19.26
04-05-2025 22:50:19,59.1096077728838,452.37652600562,19.24
04-05-2025 22:55:19,58.5166852477695,451.708727264218,19.22
04-05-2025 23:00:19,59.6098992074876,456.76942608953,19.19
04-05-2025 23:05:19,60.4078313743257,453.618121824818,19.17
04-05-2025 23:10:19,58.0273142968184,456.526410807252,19.15
04-05-2025 23:15:19,59.1231641822635,457.050641055729,19.13
04-05-2025 23:20:19,60.4140286608567,458.433727862551,19.1
04-05-2025 23:25:19,60.6124741213859,459.717067182139,19.07
04-05-2025 23:30:19,59.2231317112836,457.129944001077,19.04
04-05-2025 23:35:19,61.0058446151061,458.775503490484,19
04-05-2025 23:40:19,60.5097821690642,462.438481584799,18.97
04-05-2025 23:45:19,59.9148132942897,461.142281686855,18.94
04-05-2025 23:50:19,59.4161411595947,463.479661667325,18.9
04-05-2025 23:55:19,59.4163609726021,459.409600734159,18.87
04-06-2025 00:00:19,59.4165879307365,460.889728099339,18.84
04-06-2025 00:05:19,61.1964388851649,462.730696126567,18.8
04-06-2025 00:10:19,59.7078562008286,464.867718976765,18.76
04-06-2025 00:15:19,60.499920441669,463.772163090064,18.73
04-06-2025 00:20:19,58.7124896296807,465.774117260673,18.68
04-06-2025 00:25:19,58.7129241078806,465.767565441237,18.65
04-06-2025 00:30:19,59.2047647641394,467.704078781172,18.61
04-06-2025 00:35:19,59.3039634774077,468.587232640285,18.58
04-06-2025 00:40:19,59.9930287599644,470.126815277846,18.54
04-06-2025 00:45:19,59.298407595234,470.973991964207,18.5
04-06-2025 00:50:19,58.8017831062228,470.042927839274,18.46
04-06-2025 00:55:19,59.9840808659059,468.618956255514,18.42
04-06-2025 01:00:19,59.6881128879782,469.106609931574,18.39
04-06-2025 01:05:19,60.1755251713754,470.905607031794,18.34
04-06-2025 01:10:19,60.7611985943579,471.519741839641,18.29
04-06-2025 01:15:19,60.0677682098723,471.872991341631,18.25
04-06-2025 01:20:19,60.0648201861927,472.324796089813,18.21
04-06-2025 01:25:19,59.7662487711266,473.466330200333,18.17
04-06-2025 01:30:19,59.2739274946734,473.164833397792,18.14
04-06-2025 01:35:19,60.3514861000108,474.172120606238,18.09
04-06-2025 01:40:19,58.7732750785032,473.540478104619,18.05
04-06-2025 01:45:19,59.6565619369576,473.795216083071,18.01
04-06-2025 01:50:19,60.0442231978415,474.014845338284,17.96
04-06-2025 01:55:19,60.0413515908766,476.433355897137,17.92
04-06-2025 02:00:19,61.1167742216622,475.570825667581,17.87
04-06-2025 02:05:19,60.7204669247973,476.021961138144,17.83
04-06-2025 02:10:19,61.0121542395162,477.062501232844,17.79
04-06-2025 02:15:19,59.7321992713157,476.138253006162,17.75
04-06-2025 02:20:19,61.3004439954933,477.473061314516,17.71
04-06-2025 02:25:19,59.5304543562288,475.273669742767,17.67
04-06-2025 02:30:19,59.6259375193632,475.33271156093,17.63
04-06-2025 02:35:19,60.8984757927704,475.9804735295,17.59
04-06-2025 02:40:19,58.9311719666247,477.965696818592,17.54
04-06-2025 02:45:19,59.1217567241806,477.695248689112,17.49
04-06-2025 02:50:19,60.001139009749,477.950255487965,17.45
04-06-2025 02:55:19,60.7851884144133,477.064905077581,17.42
04-06-2025 03:00:19,60.488421899769,477.712080331828,17.38
04-06-2025 03:05:19,60.19496892608,478.589949110488,17.35
04-06-2025 03:10:19,59.1155673968373,478.160049050469,17.31
04-06-2025 03:15:19,58.4282340033761,477.534936004217,17.27
04-06-2025 03:20:19,59.6976131646047,473.095695934008,17.23
04-06-2025 03:25:19,59.7928084028082,478.046593370478,17.19
04-06-2025 03:30:19,58.5164514256649,479.831446511031,17.14
04-06-2025 03:35:19,59.5860434492975,479.856428886205,17.09
04-06-2025 03:40:19,60.9478037759329,480.076961384109,17.04
04-06-2025 03:45:19,60.6550939198545,479.977017282484,17.01
04-06-2025 03:50:19,60.6553921928409,480.072534805017,16.98
04-06-2025 03:55:19,59.3869264633722,477.533039917211,16.95
04-06-2025 04:00:19,60.6528754933337,480.229011601895,16.91
04-06-2025 04:05:19,60.7476002887916,478.826964502101,16.87
04-06-2025 04:10:19,60.7479068748433,480.093529999621,16.84
04-06-2025 04:15:19,61.3267971180899,477.488254165698,16.79
04-06-2025 04:20:19,59.8590734938413,481.413516213248,16.74
04-06-2025 04:25:19,60.5321613937349,482.476402002815,16.68
04-06-2025 04:30:19,60.5325525999126,482.085766293335,16.65
04-06-2025 04:35:19,60.7245129598505,477.377793671237,16.61
04-06-2025 04:40:19,62.5640329817354,475.134316034861,16.55
04-06-2025 04:45:19,60.1322612138344,479.123465108578,16.52
04-06-2025 04:50:19,61.0016997631446,481.388223474086,16.47
04-06-2025 04:55:19,60.3184812863846,481.742349282051,16.43
04-06-2025 05:00:19,58.9525367624624,481.964545569754,16.38
04-06-2025 05:05:19,60.2130833747875,481.930140851401,16.34
04-06-2025 05:10:19,60.5502895267373,482.964069461525,16.3
04-06-2025 05:15:19,60.8874983292401,481.570798380142,16.26
04-06-2025 05:20:19,60.7877227930431,483.672038753124,16.22
04-06-2025 05:25:19,61.367084665643,483.637959621977,16.18
04-06-2025 05:30:19,60.5852890232838,482.79362891305,16.13
04-06-2025 05:35:19,60.9735671064093,477.850503259802,16.1
04-06-2025 05:40:19,59.9017010631518,477.978512515278,16.05
04-06-2025 05:45:19,59.9962032122621,478.334614363789,16.01
04-06-2025 05:50:19,60.9591886347964,483.1112482067,15.96
04-06-2025 05:55:19,59.888530602437,484.108998121114,15.91
04-06-2025 06:00:19,60.7602570089582,483.239882233756,15.88
04-06-2025 06:05:19,61.3413038070703,482.468105858455,15.85
04-06-2025 06:10:19,60.4618147121462,484.591988760073,15.79
04-06-2025 06:15:19,60.9458485501701,483.627447887105,15.76
04-06-2025 06:20:19,60.8465504438172,483.885765885872,15.72
04-06-2025 06:25:19,60.3607982275782,483.757602413066,15.68
04-06-2025 06:30:19,61.4178347929831,484.174901967448,15.63
04-06-2025 06:35:19,59.8700656977439,483.660909273112,15.59
04-06-2025 06:40:19,60.6400701894743,484.209308195604,15.55
04-06-2025 06:45:19,61.4064699901863,483.565232668605,15.5
04-06-2025 06:50:19,61.8860777209204,484.210167654938,15.46
04-06-2025 06:55:19,60.9188604195112,484.56559860658,15.42
04-06-2025 07:00:19,60.5337482408135,484.280444740084,15.39
04-06-2025 07:05:19,59.1819623587929,484.539670364368,15.35
04-06-2025 07:10:19,60.242890556783,484.158678701459,15.32
04-06-2025 07:15:19,61.3033310951723,484.6450816228,15.29
04-06-2025 07:20:19,59.6664433386853,483.494062924794,15.26
04-06-2025 07:25:19,59.9561919263688,485.328846023539,15.23
04-06-2025 07:30:19,58.5129373405285,484.756175528623,15.2
04-06-2025 07:35:19,60.7278025337368,484.665187014876,15.17
04-06-2025 07:40:19,61.1164428507597,484.800987394559,15.15
04-06-2025 07:45:19,59.9654717584078,484.55201284688,15.13
04-06-2025 07:50:19,60.2579175792358,485.265292836761,15.11
04-06-2025 07:55:19,61.8038744203985,483.511548442661,15.1
04-06-2025 08:00:19,62.0928123162367,484.191095927542,15.07
04-06-2025 08:05:19,61.2309034135868,484.423729985912,15.05
04-06-2025 08:10:19,59.5039728725969,483.021987459467,15.03
04-06-2025 08:15:19,60.1838207559813,483.961827243444,15.02
04-06-2025 08:20:19,59.995409145755,484.002572054888,15
04-06-2025 08:25:19,61.2548481530528,484.399576074574,15
04-06-2025 08:30:19,59.6276775664959,484.089936925941,14.99
04-06-2025 08:35:19,60.4034282502112,485.029841193062,14.98
04-06-2025 08:40:19,60.124975977957,485.715369075459,14.98
04-06-2025 08:45:19,60.9006355305928,484.925493605501,14.97
04-06-2025 08:50:19,60.8113538259453,482.790566866181,14.96
04-06-2025 08:55:19,58.8993956235706,484.244987599512,14.96
04-06-2025 09:00:19,61.2154740897418,483.777652661607,14.96
04-06-2025 09:05:19,60.0692593657554,482.700204579732,14.95
04-06-2025 09:10:19,58.8300477529353,483.962593908116,14.95
04-06-2025 09:15:19,62.1067976608521,483.97596620316,14.95
04-06-2025 09:20:19,61.3480125055405,484.08550070279,14.95
04-06-2025 09:25:19,60.1088088443794,482.657765475239,14.95
04-06-2025 09:30:19,60.4069555342594,483.343961309165,14.95
04-06-2025 09:35:19,59.8433197208625,479.259299479903,14.96
04-06-2025 09:40:19,59.9552728444302,484.33712682337,14.98
04-06-2025 09:45:19,60.7370688939138,482.84674680032,14.99
04-06-2025 09:50:19,59.9810433845094,480.587209592097,15
04-06-2025 09:55:19,61.0513518216797,483.229944479725,15.01
04-06-2025 10:00:19,59.8175222519244,480.138232923158,15.03
04-06-2025 10:05:19,58.5804366526915,477.493300881239,15.04
04-06-2025 10:10:19,59.8432887819206,476.963497738652,15.05
04-06-2025 10:15:19,61.5871693094677,481.626636087972,15.06
04-06-2025 10:20:19,61.1193261044681,478.01960436149,15.07
04-06-2025 10:25:19,59.7857807294376,480.279110812963,15.08
04-06-2025 10:30:19,61.0521845097398,477.474012842166,15.1
04-06-2025 10:35:19,60.6803606290165,474.442881735587,15.11
04-06-2025 10:40:19,60.2122690638445,474.297657444968,15.12
04-06-2025 10:45:19,60.9017767084441,473.992708479255,15.14
04-06-2025 10:50:19,60.7253296260659,475.5162563991,15.16
04-06-2025 10:55:19,61.6045394173794,473.542444469573,15.17
04-06-2025 11:00:19,59.4095611274128,472.788562402392,15.2
04-06-2025 11:05:19,59.7142276361249,482.496968471003,15.22
04-06-2025 11:10:19,59.0588846365825,478.277762620083,15.25
04-06-2025 11:15:19,60.8115020787245,475.21253874672,15.28
04-06-2025 11:20:19,60.0627342230433,475.069167610868,15.32
04-06-2025 11:25:19,59.7984121482886,475.536738803326,15.37
04-06-2025 11:30:19,60.1095066023491,474.525396028906,15.41
04-06-2025 11:35:19,59.6520766994322,475.571726311283,15.46
04-06-2025 11:40:19,61.4138606970131,473.820192784168,15.51
04-06-2025 11:45:19,60.2807862535646,474.963436650615,15.56
04-06-2025 11:50:19,59.2463228606176,476.236842035121,15.62
04-06-2025 11:55:19,60.8168832014745,473.420253757945,15.67
04-06-2025 12:00:19,61.3284727889637,473.243778905253,15.73
04-06-2025 12:05:19,60.7736372534087,475.645577071533,15.78
04-06-2025 12:10:19,59.8373235912909,475.792766321532,15.85
04-06-2025 12:15:19,60.63653547122,475.584083346256,15.9
04-06-2025 12:20:19,60.5709057000501,475.343708768612,15.97
04-06-2025 12:25:19,59.9178210186869,475.134451963878,16.02
04-06-2025 12:30:19,60.5272833611021,474.279074977659,16.08
04-06-2025 12:35:19,59.0066786545801,475.783004454968,16.15
04-06-2025 12:40:19,60.0984868484259,473.632826946512,16.2
04-06-2025 12:45:19,59.9323112888187,474.522448064252,16.26
04-06-2025 12:50:19,59.7630045521488,474.603225960643,16.31
04-06-2025 12:55:19,60.7623626766729,475.202388285644,16.37
04-06-2025 13:00:19,59.6242616056143,475.121598056168,16.43
04-06-2025 13:05:19,60.0380179268196,475.68861718921,16.48
04-06-2025 13:10:19,59.0873131353432,477.585002547742,16.52
04-06-2025 13:15:19,59.509991933293,475.429387239647,16.6
04-06-2025 13:20:19,59.0508445832237,474.86122077912,16.66
04-06-2025 13:25:19,58.6886785592452,475.266611722728,16.72
04-06-2025 13:30:19,59.7881729993102,475.867200140809,16.78
04-06-2025 13:35:19,58.5455024571743,476.532977601843,16.83
04-06-2025 13:40:19,59.6429044262194,475.931120157085,16.88
04-06-2025 13:45:19,59.7653412865411,476.109360858508,16.93
04-06-2025 13:50:19,59.7872724919027,476.742984289953,16.97
04-06-2025 13:55:19,59.9068577696055,478.158104214319,17.01
04-06-2025 14:00:19,59.4404665367581,476.936845013207,17.05
04-06-2025 14:05:19,60.8271239631038,475.877486852824,17.08
04-06-2025 14:10:19,58.6016436461491,479.541172992242,17.12
04-06-2025 14:15:19,59.5030581108887,475.386359138294,17.16
04-06-2025 14:20:19,60.2064478095835,477.748008184714,17.19
04-06-2025 14:25:19,59.3452762406914,475.513882995017,17.22
04-06-2025 14:30:19,60.6359311269027,477.778808695135,17.25
04-06-2025 14:35:19,60.4594138060802,476.424257814488,17.28
04-06-2025 14:40:19,60.1819284120087,477.287437957799,17.3
04-06-2025 14:45:19,59.6107057390735,477.857253189707,17.32
04-06-2025 14:50:19,60.0212803773491,477.187283041516,17.35
04-06-2025 14:55:19,59.93941326208,478.736530679428,17.37
04-06-2025 15:00:19,59.3678338404855,478.22959866517,17.39
04-06-2025 15:05:19,58.4993427667578,477.689806300129,17.4
04-06-2025 15:10:19,62.1365378998556,478.717215804007,17.41
04-06-2025 15:15:19,59.2109619868481,480.626476000206,17.42
04-06-2025 15:20:19,59.9127283118347,479.433906188488,17.44
04-06-2025 15:25:19,58.7528796302817,479.024901440901,17.46
04-06-2025 15:30:19,59.6478473720477,480.445045541502,17.47
04-06-2025 15:35:19,59.9579009527215,477.48776186856,17.49
04-06-2025 15:40:19,58.8956299677833,479.431061080451,17.51
04-06-2025 15:45:19,59.1046992458668,477.518610316893,17.52
04-06-2025 15:50:19,59.9050558293522,478.874093941377,17.54
04-06-2025 15:55:19,59.921113681342,477.778294021679,17.56
04-06-2025 16:00:19,59.6429226633416,478.153425111647,17.58
04-06-2025 16:05:19,60.3456429956188,477.253385888735,17.6
04-06-2025 16:10:19,59.8711989317963,478.511614210174,17.62
04-06-2025 16:15:19,60.6753467616015,479.410400218761,17.65
04-06-2025 16:20:19,60.2007651209954,478.510076724681,17.67
04-06-2025 16:25:19,61.2967516606132,478.29666828076,17.69
04-06-2025 16:30:19,59.8432340643168,480.865152511788,17.72
04-06-2025 16:35:19,59.9604891696721,478.818653541964,17.75
04-06-2025 16:40:19,61.456257808034,481.126478403391,17.79
04-06-2025 16:45:19,60.4959980013971,481.470131733421,17.83
04-06-2025 16:50:19,59.3385046773587,479.454502948172,17.87
04-06-2025 16:55:19,60.8385408230343,481.895702943531,17.92
04-06-2025 17:00:19,60.9592658257029,480.272159531384,17.96
04-06-2025 17:05:19,60.0989410223434,477.105355380423,18.01
04-06-2025 17:10:19,60.0226074597103,476.463504505662,18.05
04-06-2025 17:15:19,58.6688357236365,480.18704575879,18.1
04-06-2025 17:20:19,59.0845902135687,478.264808452378,18.14
04-06-2025 17:25:19,59.6977104657693,476.341290497437,18.18
04-06-2025 17:30:19,58.2381088116401,478.228786478744,18.21
04-06-2025 17:35:19,59.4429388435369,475.613835135462,18.25
04-06-2025 17:40:19,59.757815242365,477.107620468735,18.28
04-06-2025 17:45:19,60.3688034134185,477.911513748335,18.31
04-06-2025 17:50:19,58.9078414516448,477.235595764746,18.34
04-06-2025 17:55:19,61.0981408020685,473.499578935306,18.37
04-06-2025 18:00:19,60.3277271857451,474.994190779855,18.4
04-06-2025 18:05:19,60.7419293344235,474.317018082571,18.43
04-06-2025 18:10:19,58.7886776113629,474.362997857824,18.47
04-06-2025 18:15:19,61.2776210935227,472.894798700842,18.5
04-06-2025 18:20:19,58.7333153271192,474.454869892816,18.55
04-06-2025 18:25:19,58.9556927881689,475.62056188256,18.6
04-06-2025 18:30:19,60.9588435393227,475.402179414624,18.65
04-06-2025 18:35:19,61.182276317283,473.204293616789,18.7
04-06-2025 18:40:19,60.0168739848245,474.43753402377,18.74
04-06-2025 18:45:19,59.939998388347,474.483203081223,18.78
04-06-2025 18:50:19,59.7640130417771,473.637331685728,18.82
04-06-2025 18:55:19,59.4917706320018,472.327296839291,18.87
04-06-2025 19:00:19,59.1143325546513,473.82706924786,18.9
04-06-2025 19:05:19,61.5158500634735,470.798657186784,18.94
04-06-2025 19:10:19,59.7531910823779,472.033140364962,18.98
04-06-2025 19:15:19,60.0699268368042,471.351490210536,19.01
04-06-2025 19:20:19,59.7943972997733,470.800435109882,19.05
04-06-2025 19:25:19,60.0120522048001,470.912142883263,19.08
04-06-2025 19:30:19,59.7333750304187,471.123165838547,19.11
04-06-2025 19:35:19,59.6531831174062,471.532886318383,19.14
04-06-2025 19:40:19,59.3772196493148,469.391645255971,19.18
04-06-2025 19:45:19,59.0952425957383,471.458615060959,19.2
04-06-2025 19:50:19,60.406186728455,469.483456436898,19.23
04-06-2025 19:55:19,60.1272577411861,469.694261424803,19.26
04-06-2025 20:00:19,59.1521801338919,467.916536230504,19.29
04-06-2025 20:05:19,58.4721280375019,465.609442236119,19.31
04-06-2025 20:10:19,60.4803628104263,466.714621241458,19.34
04-06-2025 20:15:19,59.0043595080488,463.908977349126,19.36
04-06-2025 20:20:19,59.4213628543759,466.805338329604,19.39
04-06-2025 20:25:19,60.2306901106364,464.166581444092,19.4
04-06-2025 20:30:19,61.0462885251529,468.656591514129,19.43
04-06-2025 20:35:19,60.465328496465,466.546154740285,19.45
04-06-2025 20:40:19,59.5825064726152,466.096637033556,19.46
04-06-2025 20:45:19,61.4907234911848,469.462330601013,19.48
04-06-2025 20:50:19,60.8069524385864,465.626943958347,19.49
04-06-2025 20:55:19,61.5174461731004,464.081740758436,19.5
04-06-2025 21:00:19,59.3394774339972,465.026485507029,19.51
04-06-2025 21:05:19,59.9503552994251,465.074898096273,19.52
04-06-2025 21:10:19,59.2633214300663,466.387344518263,19.52
04-06-2025 21:15:19,59.2765122512048,464.842019811726,19.53
04-06-2025 21:20:19,60.1833819143254,465.855843844148,19.53
04-06-2025 21:25:19,59.9973902886781,466.004168412435,19.54
04-06-2025 21:30:19,60.1043084719357,467.285992969872,19.53
04-06-2025 21:35:19,60.0149646549838,465.909119486057,19.53
04-06-2025 21:40:19,60.4237342044506,466.923255411705,19.53
04-06-2025 21:45:19,58.438723947553,464.917940313174,19.52
04-06-2025 21:50:19,61.3378201313815,468.223293215373,19.52
04-06-2025 21:55:19,59.1536914838774,468.210365697095,19.51
04-06-2025 22:00:19,60.1600443377642,468.826260880543,19.51
04-06-2025 22:05:19,58.5737824173641,470.905054862693,19.5
04-06-2025 22:10:19,60.8717943367461,468.601662498413,19.49
04-06-2025 22:15:19,58.989881645234,470.811169430933,19.49
04-06-2025 22:20:19,59.594787303401,470.599402524623,19.48
04-06-2025 22:25:19,60.2025848168626,468.726038678657,19.48
04-06-2025 22:30:19,60.1103334225774,469.908702357995,19.47
04-06-2025 22:35:19,60.2172333816309,478.957011732977,19.46
04-06-2025 22:40:19,60.6227948044968,479.641098818708,19.45
04-06-2025 22:45:19,61.0282953717822,481.718890588704,19.44
04-06-2025 22:50:19,58.4474716122035,481.706077123138,19.43
04-06-2025 22:55:19,58.8530903829701,478.806889253585,19.42
04-06-2025 23:00:19,59.9553311893088,479.292168432755,19.41
04-06-2025 23:05:19,60.8523057166116,479.813503329548,19.38
04-06-2025 23:10:19,61.1580889795913,480.000324515238,19.37
04-06-2025 23:15:19,60.9633616594171,480.752366972012,19.35
04-06-2025 23:20:19,59.9730050848772,482.200551669977,19.33
04-06-2025 23:25:19,60.670550155751,481.329378553225,19.3
04-06-2025 23:30:19,61.0725630641327,480.09280104171,19.28
04-06-2025 23:35:19,59.4834151912919,483.993956346726,19.25
04-06-2025 23:40:19,61.4755892326838,480.869494750853,19.23
04-06-2025 23:45:19,60.3837886507753,480.695548096525,19.2
04-06-2025 23:50:19,59.5876105553603,481.582875426533,19.16
04-06-2025 23:55:19,59.8871316749605,482.104358707871,19.13
04-07-2025 00:00:19,61.8711644959511,484.67876307672,19.09
04-07-2025 00:05:19,61.2767609045469,484.107875939667,19.06
04-07-2025 00:10:19,60.3820094056004,483.208078086451,19.02
04-07-2025 00:15:19,60.2842701664645,482.638248308256,18.99
04-07-2025 00:20:19,60.2827932150294,486.301193736948,18.95
04-07-2025 00:25:19,60.1821984531353,485.203867612493,18.91
04-07-2025 00:30:19,59.0878533992791,496.461855808491,18.86
04-07-2025 00:35:19,60.9718761999416,489.352113361523,18.83
04-07-2025 00:40:19,60.0759855764531,486.34211047187,18.78
04-07-2025 00:45:19,61.7575129312682,489.40487629789,18.74
04-07-2025 00:50:19,59.4823885067865,491.013574889167,18.71
04-07-2025 00:55:19,60.3716786636974,491.501166223974,18.67
04-07-2025 01:00:19,59.578999760606,489.516002300993,18.63
04-07-2025 01:05:19,61.1628485027599,491.519378772147,18.6
04-07-2025 01:10:19,61.7542952836354,497.938095008873,18.56
04-07-2025 01:15:19,59.7760608623543,494.668600651014,18.52
04-07-2025 01:20:19,60.6609870267881,494.629197103335,18.47
04-07-2025 01:25:19,60.0670233748112,496.893493384968,18.43
04-07-2025 01:30:19,61.0529258584213,501.525782663686,18.39
04-07-2025 01:35:19,61.9364586534543,501.484415478821,18.34
04-07-2025 01:40:19,61.2440855318397,506.605612009631,18.3
04-07-2025 01:45:19,59.7632403801717,494.170249666555,18.26
04-07-2025 01:50:19,60.6464035702134,499.258530893553,18.21
04-07-2025 01:55:19,60.9406320855931,500.729660957964,18.17
04-07-2025 02:00:19,61.6257054459449,498.916798526396,18.12
04-07-2025 02:05:19,61.6209807259873,497.499495898272,18.07
04-07-2025 02:10:19,60.6319979870803,498.052118192349,18.02
04-07-2025 02:15:19,60.5322427001607,502.375822770408,17.98
04-07-2025 02:20:19,59.5444195681065,503.024961803305,17.93
04-07-2025 02:25:19,61.3162853370577,502.067300724886,17.9
04-07-2025 02:30:19,60.3287982949942,500.554142571063,17.85
04-07-2025 02:35:19,61.0154184483631,503.496429310001,17.81
04-07-2025 02:40:19,62.0914888993785,505.422128670962,17.76
04-07-2025 02:45:19,61.3071689256272,504.2696070231,17.73
04-07-2025 02:50:19,61.2045160406118,505.114468198645,17.68
04-07-2025 02:55:19,62.3806276798558,501.968114271755,17.64
04-07-2025 03:00:19,62.470753825561,504.743171539085,17.58
04-07-2025 03:05:19,59.6225165558036,501.763822646134,17.53
04-07-2025 03:10:19,61.9739393122999,502.151497349684,17.49
04-07-2025 03:15:19,60.891512392427,503.192794703954,17.44
04-07-2025 03:20:19,62.2644818272232,503.220624932152,17.41
04-07-2025 03:25:19,61.2835296719038,502.1393016367,17.37
04-07-2025 03:30:19,60.7897298775379,504.844336494093,17.32
04-07-2025 03:35:19,60.9841853439378,503.861575640674,17.28
04-07-2025 03:40:19,60.3959575980943,504.444793384998,17.24
04-07-2025 03:45:19,60.2941760887047,501.866608458486,17.19
04-07-2025 03:50:19,61.0751276581678,500.20220591064,17.15
04-07-2025 03:55:19,61.4617376871348,504.761078179223,17.1
04-07-2025 04:00:19,61.8540601022297,503.129372571508,17.07
04-07-2025 04:05:19,60.9706686467897,506.317567069852,17.02
04-07-2025 04:10:19,61.457536457269,503.873915854613,16.98
04-07-2025 04:15:19,62.2338491132115,503.644663270836,16.93
04-07-2025 04:20:19,60.8665116673184,503.740383460704,16.89
04-07-2025 04:25:19,62.6207153309319,506.7618910552,16.85
04-07-2025 04:30:19,61.9395664087131,503.184186660601,16.82
04-07-2025 04:35:19,61.8406060926084,504.157812512169,16.78
04-07-2025 04:40:19,61.5468440478343,504.741298080036,16.74
04-07-2025 04:45:19,61.2532759919958,502.597267897611,16.7
04-07-2025 04:50:19,61.2490897212107,502.273305497059,16.65
04-07-2025 04:55:19,61.6372019280405,502.662786419197,16.61
04-07-2025 05:00:19,59.9816421254119,503.733387137254,16.57
04-07-2025 05:05:19,61.4399629763969,512.78016535885,16.53
04-07-2025 05:10:19,61.7274636334094,513.912169221848,16.48
04-07-2025 05:15:19,60.9484582305498,513.034675348052,16.44
04-07-2025 05:20:19,60.7530117212761,514.004310217256,16.4
04-07-2025 05:25:19,60.6577224591591,514.520217248519,16.37
04-07-2025 05:30:19,62.2107150601098,513.255433534514,16.33
04-07-2025 05:35:19,62.0636642353385,514.936826246736,16.3
04-07-2025 05:40:19,61.9166160611203,515.096718603707,16.25
04-07-2025 05:45:19,60.9449445739004,513.833598663418,16.21
04-07-2025 05:50:19,61.2349149798554,514.511525586755,16.17
04-07-2025 05:55:19,61.2367128716977,512.991012347503,16.14
04-07-2025 06:00:19,61.6263427924644,512.247047022728,16.11
04-07-2025 06:05:19,61.4341960508619,513.83001999286,16.08
04-07-2025 06:10:19,61.4330434105371,514.217370963399,16.04
04-07-2025 06:15:19,62.4036293703976,510.567852333569,16.01
04-07-2025 06:20:19,60.5648916137332,515.443715034634,15.98
04-07-2025 06:25:19,60.8573955836253,511.602317029776,15.95
04-07-2025 06:30:19,61.8245071745991,509.473867178043,15.91
04-07-2025 06:35:19,61.8232778860176,510.250203645608,15.87
04-07-2025 06:40:19,61.7282526292109,509.896976456701,15.84
04-07-2025 06:45:19,60.4725283062017,507.706242310041,15.81
04-07-2025 06:50:19,62.0159754044645,507.774833157888,15.76
04-07-2025 06:55:19,62.8876999962603,507.326405444436,15.73
04-07-2025 07:00:19,61.5390772216647,505.556517128804,15.71
04-07-2025 07:05:19,60.0858334700782,509.297979740984,15.66
04-07-2025 07:10:19,62.7896192338538,510.364094188475,15.62
04-07-2025 07:15:19,60.7633409782121,512.040715427807,15.59
04-07-2025 07:20:19,60.8647748430124,511.817496426928,15.57
04-07-2025 07:25:19,62.3117098334851,517.80511581658,15.53
04-07-2025 07:30:19,62.1233588662999,515.940879783746,15.51
04-07-2025 07:35:19,61.2567699870113,516.361229890129,15.48
04-07-2025 07:40:19,60.8757378894409,517.585161527976,15.46
04-07-2025 07:45:19,62.7131962832052,515.722438466203,15.44
04-07-2025 07:50:19,62.3320680104907,516.753514153051,15.42
04-07-2025 07:55:19,62.9152710317181,516.916631399299,15.4
04-07-2025 08:00:19,62.8234588308542,517.658280434359,15.38
04-07-2025 08:05:19,61.3822117603705,516.08647116166,15.36
04-07-2025 08:10:19,62.1610055998304,517.052821024699,15.35
04-07-2025 08:15:19,62.0693634458868,516.92727485063,15.33
04-07-2025 08:20:19,61.8843247139031,516.448167777341,15.32
04-07-2025 08:25:19,62.1781408556044,516.997444377122,15.3
04-07-2025 08:30:19,62.3814578118677,515.972245537813,15.3
04-07-2025 08:35:19,62.1935076140045,515.07681181035,15.28
04-07-2025 08:40:19,61.7195794748444,516.236000639999,15.27
04-07-2025 08:45:19,62.3081523918956,516.367206633895,15.27
04-07-2025 08:50:19,62.1261420705264,514.764672350907,15.27
04-07-2025 08:55:19,62.6124529176984,513.292291884768,15.25
04-07-2025 09:00:19,62.9120191601478,517.661310364765,15.25
04-07-2025 09:05:19,63.2115880531502,517.696534961029,15.25
04-07-2025 09:10:19,63.8031460524061,518.052359604541,15.26
04-07-2025 09:15:19,63.5218090003447,519.115533762332,15.25
04-07-2025 09:20:19,61.0284462038025,517.898984853148,15.25
04-07-2025 09:25:19,63.0615744418328,517.645596552168,15.25
04-07-2025 09:30:19,62.5936548303703,518.86849997458,15.26
04-07-2025 09:35:19,61.9301045916543,517.652072699304,15.26
04-07-2025 09:40:19,61.7510331790733,517.430325860486,15.27
04-07-2025 09:45:19,61.5719349176117,517.112256284987,15.28
04-07-2025 09:50:19,62.5488683613065,518.142914689951,15.29
04-07-2025 09:55:19,62.9478804889336,516.187058980945,15.3
04-07-2025 10:00:19,63.0578960736104,517.31424377983,15.31
04-07-2025 10:05:19,62.5927257157523,517.509416310786,15.33
04-07-2025 10:10:19,63.08524518529,517.063693813271,15.33
04-07-2025 10:15:19,62.1380911711078,517.548056416526,15.35
04-07-2025 10:20:19,61.7661363292414,516.748123822611,15.36
04-07-2025 10:25:19,61.8761154502931,516.044507281331,15.37
04-07-2025 10:30:19,63.0495678822829,517.396636321591,15.39
04-07-2025 10:35:19,61.1376832970454,515.952775803665,15.41
04-07-2025 10:40:19,61.922707358203,515.923964605366,15.42
04-07-2025 10:45:19,62.3250169905181,514.865371480194,15.44
04-07-2025 10:50:19,62.3415883834832,517.086289352696,15.46
04-07-2025 10:55:19,61.0102662703824,516.444638129822,15.49
04-07-2025 11:00:19,63.3427156528255,516.061073549238,15.51
04-07-2025 11:05:19,62.3972083896516,514.839737124338,15.54
04-07-2025 11:10:19,62.8994825421084,514.10054225364,15.57
04-07-2025 11:15:19,63.4955349240915,513.330102844887,15.59
04-07-2025 11:20:19,61.5864835170434,512.717620373428,15.63
04-07-2025 11:25:19,61.7990650030884,513.619796088349,15.66
04-07-2025 11:30:19,63.0777620076667,511.847201182919,15.7
04-07-2025 11:35:19,62.5204007378181,512.296992356914,15.74
04-07-2025 11:40:19,61.8659808241234,511.199692736241,15.78
04-07-2025 11:45:19,62.8556740220661,512.229851930506,15.82
04-07-2025 11:50:19,63.3651616253853,513.001068245095,15.87
04-07-2025 11:55:19,62.0356060623258,512.320599141003,15.92
04-07-2025 12:00:19,61.9640585582691,513.09224942823,15.97
04-07-2025 12:05:19,62.1801897035151,512.186601904307,16.01
04-07-2025 12:10:19,61.9148009183549,513.733903460949,16.06
04-07-2025 12:15:19,62.1339803193995,512.761448856363,16.11
04-07-2025 12:20:19,63.5202862025995,512.594797206646,16.17
04-07-2025 12:25:19,61.1201950359617,512.20307426613,16.22
04-07-2025 12:30:19,61.8247090206197,512.005097177562,16.27
04-07-2025 12:35:19,62.6298462607898,512.61448740739,16.33
04-07-2025 12:40:19,63.3355473398882,511.93046844614,16.38
04-07-2025 12:45:19,61.2230052682532,512.315006118015,16.43
04-07-2025 12:50:19,63.1927882584686,512.602504208734,16.48
04-07-2025 12:55:19,63.0240399795637,512.306468408991,16.53
04-07-2025 13:00:19,62.8551533740512,511.523525417712,16.58
04-07-2025 13:05:19,62.6861282757964,511.713387549224,16.63
04-07-2025 13:10:19,62.519919329238,511.252111078557,16.69
04-07-2025 13:15:19,62.1557305119472,510.564874671459,16.74
04-07-2025 13:20:19,62.7659987978343,509.584568527369,16.79
04-07-2025 13:25:19,61.1339357298161,509.383492849052,16.84
04-07-2025 13:30:19,63.3050974092159,509.572360999823,16.89
04-07-2025 13:35:19,62.2574901527947,509.273322722129,16.94
04-07-2025 13:40:19,62.5758511616172,508.778686922887,16.99
04-07-2025 13:45:19,61.7224531365987,506.330216107589,17.04
04-07-2025 13:50:19,64.8711594460342,507.269213275607,17.08
04-07-2025 13:55:19,63.6271045932679,507.066152821561,17.13
04-07-2025 14:00:19,62.1865124627015,505.59175310425,17.18
04-07-2025 14:05:19,60.4485420925411,506.33570035299,17.22
04-07-2025 14:10:19,63.0142826285518,505.221152156493,17.26
04-07-2025 14:15:19,63.03408464514,507.20745015154,17.29
04-07-2025 14:20:19,61.389882148312,506.258166496002,17.32
04-07-2025 14:25:19,62.2904596093539,504.91677554938,17.35
04-07-2025 14:30:19,60.8411550951409,504.847798823385,17.38
04-07-2025 14:35:19,61.1543086318793,504.484898904025,17.41
04-07-2025 14:40:19,62.5423841330862,505.46351076901,17.43
04-07-2025 14:45:19,62.2651759570725,503.110992535036,17.45
04-07-2025 14:50:19,62.3828212259323,502.943432411579,17.48
04-07-2025 14:55:19,62.3965966771014,503.598511917052,17.49
04-07-2025 15:00:19,62.4133219870149,502.42095633751,17.51
04-07-2025 15:05:19,61.547640822593,503.596128156437,17.53
04-07-2025 15:10:19,63.9146389040559,503.467177313194,17.54
04-07-2025 15:15:19,62.457626398109,504.711103639037,17.55
04-07-2025 15:20:19,62.3733494226883,504.091957917485,17.56
04-07-2025 15:25:19,62.5862479302605,502.423481355537,17.58
04-07-2025 15:30:19,61.5181669645272,503.442002176718,17.58
04-07-2025 15:35:19,63.0032741451757,502.528455164096,17.59
04-07-2025 15:40:19,62.5295688259382,502.91966513144,17.61
04-07-2025 15:45:19,61.6603370423088,503.96823377353,17.62
04-07-2025 15:50:19,62.4590646884762,504.52639286293,17.63
04-07-2025 15:59:00,61.485826219149,502.47431498534,17.62
04-07-2025 16:09:00,61.698686684005,502.571324076013,17.64
04-07-2025 16:19:00,62.3042002708681,500.705435262202,17.66
04-07-2025 16:29:00,63.305563196003,499.260785823516,17.69
04-07-2025 16:39:00,63.7243257364791,499.641293214833,17.74
04-07-2025 16:49:00,61.5918466552149,498.675645474545,17.8
04-07-2025 16:59:00,62.6089167296876,498.455249786156,17.88
04-07-2025 17:09:00,62.1574051969048,498.686121407031,17.98
04-07-2025 17:19:00,61.4097387977683,498.621642184144,18.08
04-07-2025 17:29:00,61.4492886302649,495.6001892047,18.18
04-07-2025 17:39:00,62.669491026206,497.278887530258,18.27
04-07-2025 17:49:00,61.9175536336121,496.39369454469,18.36
04-07-2025 17:59:00,61.6612367067103,496.326044063229,18.46
04-07-2025 18:09:00,62.488903181701,494.449853668899,18.55
04-07-2025 18:19:00,62.2326249736974,493.489671891745,18.65
04-07-2025 18:29:00,61.3761730889453,493.559178632699,18.73
04-07-2025 18:39:00,62.2053817782518,493.459187409781,18.82
04-07-2025 18:49:00,61.3534655885608,494.775426938599,18.92
04-07-2025 18:59:00,62.5807218731472,493.187507275637,19.01
04-07-2025 19:09:00,60.632808947349,493.88045133854,19.1
04-07-2025 19:19:00,61.8583750172657,493.154503805188,19.18
04-07-2025 19:29:00,61.097375484192,493.322057101345,19.26
04-07-2025 19:39:00,61.6313984919257,491.926696918986,19.35
04-07-2025 19:49:00,62.7575000626843,492.661792999753,19.42
04-07-2025 19:59:00,61.395106125283,493.198348355559,19.49
04-07-2025 20:09:00,61.3236926116121,492.311629312214,19.55
04-07-2025 20:19:00,61.3490097689973,492.790836622922,19.6
04-07-2025 20:29:00,61.2746228088457,494.367219212269,19.65
04-07-2025 20:39:00,61.3968038609519,494.020590433807,19.69
04-07-2025 20:49:00,61.8184069786706,494.771272452929,19.73
04-07-2025 20:59:00,61.2421300422278,493.226624909675,19.77
04-07-2025 21:09:00,62.7592696144773,494.148344232512,19.8
04-07-2025 21:19:00,61.6807021914255,493.872116808315,19.83
04-07-2025 21:29:00,62.3936539602288,496.334789020068,19.84
04-07-2025 21:39:00,62.7072051604424,495.002492363804,19.85
04-07-2025 21:49:00,61.2228391406596,497.665506600608,19.86
04-07-2025 21:59:00,61.133908860944,497.802661426509,19.86
04-07-2025 22:09:00,62.2406802820288,498.510232981917,19.85
04-07-2025 22:19:00,60.2540605238428,499.446584576409,19.85
04-07-2025 22:29:00,61.7574002659222,500.224971525924,19.83
04-07-2025 22:39:00,61.2633235626293,500.803568236026,19.81
04-07-2025 22:49:00,61.8675512461961,501.282302135891,19.79
04-07-2025 22:59:00,61.9695984316305,502.430556092444,19.76
04-07-2025 23:09:00,60.7716106374242,503.449428596593,19.72
04-07-2025 23:19:00,62.8629176658164,504.538324831871,19.67
04-07-2025 23:29:00,61.9617253259848,505.826002752658,19.62
04-07-2025 23:39:00,61.5566632686031,509.674280771684,19.56
04-07-2025 23:49:00,62.2446547860775,510.999488246301,19.49
04-07-2025 23:59:00,63.5321227019612,514.045550653772,19.43
04-08-2025 00:09:00,61.8335385268122,514.900113882671,19.37
04-08-2025 00:19:00,62.4179942366851,515.694186751578,19.29
04-08-2025 00:29:00,61.1165820634491,518.008251663198,19.22
04-08-2025 00:39:00,62.9888909043167,517.479033546832,19.13
04-08-2025 00:49:00,61.8815823697297,518.737161958457,19.04
04-08-2025 00:59:00,61.9686930859197,518.536555025032,18.96
04-08-2025 01:09:00,62.3530218329237,520.516881525412,18.88
04-08-2025 01:19:00,63.0339984850901,521.20752700908,18.8
04-08-2025 01:29:00,62.2323592272699,522.620781889555,18.73
04-08-2025 01:39:00,62.5198630076676,522.153128318968,18.66
04-08-2025 01:49:00,62.9988943073891,521.230671106843,18.57
04-08-2025 01:59:00,61.9954332974778,523.372393268199,18.48
04-08-2025 02:09:00,62.0850786085656,523.597493046109,18.41
04-08-2025 02:19:00,63.553138477282,523.693843529907,18.33
04-08-2025 02:29:00,62.351155602252,523.533016397634,18.23
04-08-2025 02:39:00,61.7478709602695,524.319775378631,18.15
04-08-2025 02:49:00,63.3116302880536,525.302848952378,18.07
04-08-2025 02:59:00,63.2989582503478,524.120171407082,17.99
04-08-2025 03:09:00,61.8083581698487,526.351146971532,17.9
04-08-2025 03:19:00,63.9586565432099,523.892656267398,17.82
04-08-2025 03:29:00,62.6689351752756,524.973183338205,17.74
04-08-2025 03:39:00,63.5341523759367,525.79639542551,17.64
04-08-2025 03:49:00,62.5436663465416,527.591577646492,17.57
04-08-2025 03:59:00,63.5117783051036,527.4926144504,17.49
04-08-2025 04:09:00,63.0123118484841,527.816028871554,17.42
04-08-2025 04:19:00,62.8042308102126,527.717784508887,17.34
04-08-2025 04:29:00,62.3978903370126,528.470536669409,17.25
04-08-2025 04:39:00,64.2466297061974,528.20723507463,17.18
04-08-2025 04:49:00,63.5525988313288,529.117218381153,17.11
04-08-2025 04:59:00,63.1523496658099,528.561535507472,17.04
04-08-2025 05:09:00,63.2347795390163,529.411068952045,16.95
04-08-2025 05:19:00,62.4450650570294,530.709983508221,16.88
04-08-2025 05:29:00,63.4052012940811,530.388026367899,16.79
04-08-2025 05:39:00,62.3213126103622,530.389086001424,16.71
04-08-2025 05:49:00,62.1149746885218,530.974639231056,16.63
04-08-2025 05:59:00,63.0821987954387,529.86821647686,16.57
04-08-2025 06:09:00,63.954226470251,530.057327542426,16.52
04-08-2025 06:19:00,61.8974793778539,531.585453150154,16.43
04-08-2025 06:29:00,63.640561804031,531.35581506442,16.37
04-08-2025 06:39:00,64.0225021960418,530.835372714472,16.31
04-08-2025 06:49:00,62.9481570334428,530.995162642491,16.25
04-08-2025 06:59:00,62.1658854468011,529.602834269869,16.19
04-08-2025 07:09:00,62.7419624456938,530.345490766524,16.13
04-08-2025 07:19:00,62.8385992086583,529.305169307846,16.09
04-08-2025 07:29:00,63.3170388647031,530.04795588144,16.03
04-08-2025 07:39:00,63.8977680427802,530.946343705242,15.99
04-08-2025 07:49:00,63.6037147813995,530.459197577977,15.94
04-08-2025 07:59:00,62.8288044028887,530.970112987479,15.9
04-08-2025 08:09:00,63.1188250881954,531.868006327771,15.86
04-08-2025 08:19:00,65.2497098455957,531.150519448298,15.83
04-08-2025 08:29:00,62.6430718204285,531.526982017634,15.81
04-08-2025 08:39:00,63.2316973038069,530.965757245047,15.8
04-08-2025 08:49:00,64.5939486140739,531.565305814509,15.79
04-08-2025 08:59:00,63.054793161901,531.874756714322,15.78
04-08-2025 09:09:00,62.2922746770581,531.923609664335,15.78
04-08-2025 09:19:00,63.7540110443427,531.295594265436,15.78
04-08-2025 09:29:00,62.8947912431461,530.861070074763,15.78
04-08-2025 09:39:00,64.1690074124417,532.032701417689,15.8
04-08-2025 09:49:00,62.9284634398725,531.173227740915,15.82
04-08-2025 09:59:00,62.7518023370237,530.99075130309,15.84
04-08-2025 10:09:00,63.9298236790516,531.098521140858,15.86
04-08-2025 10:19:00,63.8500442876191,531.012762490563,15.88
04-08-2025 10:29:00,62.0306635308261,531.537042621881,15.91
04-08-2025 10:39:00,63.0155731928322,529.321265103774,15.93
04-08-2025 10:49:00,62.4542361144304,529.167402036293,15.96
04-08-2025 10:59:00,63.1547454072689,529.526843953178,16
04-08-2025 11:09:00,62.1142115395567,529.237169934513,16.05
04-08-2025 11:19:00,62.7209859503641,528.656310782085,16.1
04-08-2025 11:29:00,62.8489747582917,526.192760460937,16.17
04-08-2025 11:39:00,63.7506234100179,525.347515875028,16.23
04-08-2025 11:49:00,61.9400454507995,527.374805924393,16.31
04-08-2025 11:59:00,62.656410734909,525.3520412794,16.4
04-08-2025 12:09:00,63.0849004947691,529.384426906815,16.5
04-08-2025 12:19:00,63.8060368744129,527.875062180669,16.6
04-08-2025 12:29:00,63.456826248136,529.772228648685,16.7
04-08-2025 12:39:00,62.9120860149091,528.650113523531,16.8
04-08-2025 12:49:00,62.5615917749462,528.794197075767,16.9
04-08-2025 12:59:00,63.8703460796115,526.7902041843,17
04-08-2025 13:09:00,60.8844648400255,526.081835182028,17.11
04-08-2025 13:19:00,62.8814760958756,525.176278645691,17.22
04-08-2025 13:29:00,61.7466687503157,523.750698956059,17.32
04-08-2025 13:39:00,62.0794582032975,523.008279874122,17.42
04-08-2025 13:49:00,63.8833277862515,521.578111975789,17.52
04-08-2025 13:59:00,63.5285840614649,520.901863187205,17.61
04-08-2025 14:09:00,62.3850759065215,522.061234232355,17.69
04-08-2025 14:19:00,62.5142901111654,520.344727523539,17.76
04-08-2025 14:29:00,63.817109166261,519.650547347,17.81
04-08-2025 14:39:00,62.8600017174458,517.382862869137,17.86
04-08-2025 14:49:00,62.5876772389591,516.855328194941,17.9
04-08-2025 14:59:00,63.0037286965835,517.21266383425,17.94
04-08-2025 15:09:00,62.5288044246711,516.726890942261,17.96
04-08-2025 15:19:00,62.8437563038139,518.138625567785,17.99
04-08-2025 15:29:00,62.4642052444409,517.91993856471,18
04-08-2025 15:39:00,63.3669479479979,517.335619535897,18.02
04-08-2025 15:49:00,61.3139523269512,516.920004990068,18.03
04-08-2025 15:59:00,63.1027830454988,516.532308767622,18.05
04-08-2025 16:09:00,61.6400292170015,516.116589778373,18.06
04-08-2025 16:19:00,62.5430694637355,515.728692821937,18.08
04-08-2025 16:29:00,61.8761170400982,514.214225948264,18.12
04-08-2025 16:39:00,62.5910883739216,515.189925621954,18.17
04-08-2025 16:49:00,62.4278398021493,516.249879542752,18.25
04-08-2025 16:59:00,61.4805103447066,516.972122747266,18.35
04-08-2025 17:09:00,62.1146917349144,515.945293127211,18.46
04-08-2025 17:19:00,62.6539573394757,514.350885147222,18.58
04-08-2025 17:29:00,63.0923913433027,515.89193999653,18.69
04-08-2025 17:39:00,62.2468658721534,515.383317827628,18.81
04-08-2025 17:49:00,64.1727526636318,513.358491601346,18.92
04-08-2025 17:59:00,62.4279169971545,513.881829688007,19.02
04-08-2025 18:09:00,62.9669316188988,512.646001853373,19.13
04-08-2025 18:19:00,62.4107477449934,512.473318462834,19.23
04-08-2025 18:29:00,60.4611845117581,513.095737776082,19.33
04-08-2025 18:39:00,62.9878688444534,512.225707061796,19.43
04-08-2025 18:49:00,63.0280467615959,513.744890146959,19.53
04-08-2025 18:59:00,62.0712508294467,511.976022872457,19.63
04-08-2025 19:09:00,62.9061006462535,512.371590202409,19.72
04-08-2025 19:19:00,62.7408065886282,513.338842769391,19.8
04-08-2025 19:29:00,61.4791225327951,512.036908000307,19.89
04-08-2025 19:39:00,62.4010040572161,511.594904514899,19.93
04-08-2025 19:49:00,60.8349576686368,512.562631582428,20.01
04-08-2025 19:59:00,61.1655091802605,513.00335877335,20.08
04-08-2025 20:09:00,62.1972728392751,513.344261500798,20.15
04-08-2025 20:19:00,62.6262602548222,513.056642144149,20.21
04-08-2025 20:29:00,60.5528958135156,513.497775556942,20.28
04-08-2025 20:39:00,61.8783804461058,473.15101204363,20.32
04-08-2025 20:49:00,61.0985999316456,473.195463082611,20.36
04-08-2025 20:59:00,61.2157182236503,472.288349535148,20.38
04-08-2025 21:09:00,60.9370371515034,471.830717383041,20.42
04-08-2025 21:19:00,62.4620241746938,473.456166308734,20.45
04-08-2025 21:29:00,63.3824888128983,473.251031567876,20.47
04-08-2025 21:39:00,62.8976927372027,472.845033936284,20.49
04-08-2025 21:49:00,60.703003546286,474.824395945961,20.5
04-08-2025 21:59:00,63.2215581810494,475.650627218733,20.49
04-08-2025 22:09:00,62.2317603124478,476.827091199101,20.5
04-08-2025 22:19:00,63.6458312269645,477.954547395125,20.49
04-08-2025 22:29:00,62.6503447199907,478.780772538351,20.48
04-08-2025 22:39:00,63.0603542623291,478.101271044391,20.47
04-08-2025 22:49:00,62.46373048282,479.204055809744,20.45
04-08-2025 22:59:00,62.0680027284802,480.908731186966,20.43
04-08-2025 23:09:00,63.5757844594032,481.986197269027,20.4
04-08-2025 23:19:00,62.7702232956655,484.016413597727,20.35
04-08-2025 23:29:00,61.96532563759,485.744538821207,20.3
04-08-2025 23:39:00,64.2703395975302,487.697143454902,20.26
04-08-2025 23:49:00,61.6596192253612,489.39775969058,20.2
04-08-2025 23:59:00,61.6571508188703,489.120030050105,20.15
04-09-2025 00:09:00,62.4496851465292,490.793714459453,20.08
04-09-2025 00:19:00,62.4412749322399,491.165762505931,20.01
04-09-2025 00:29:00,63.6323089529637,494.036540067668,19.94
04-09-2025 00:39:00,62.5244246472106,495.805589919571,19.87
04-09-2025 00:49:00,62.2137172898625,496.049786638564,19.79
04-09-2025 00:59:00,61.9006565548811,497.465556969154,19.7
04-09-2025 01:09:00,64.5846234312826,496.837541744327,19.63
04-09-2025 01:19:00,63.3793832853548,497.406346801201,19.56
04-09-2025 01:29:00,63.4644082817024,498.819756670252,19.47
04-09-2025 01:39:00,63.4527119205204,499.560777140707,19.39
04-09-2025 01:49:00,62.0488003147636,501.693492619036,19.31
04-09-2025 01:59:00,65.3176825520813,499.947954753429,19.23
04-09-2025 02:09:00,63.1198602595808,501.780528162878,19.15
04-09-2025 02:19:00,63.7040141818727,501.129774612579,19.07
04-09-2025 02:29:00,65.180160880569,502.761658019113,18.99
04-09-2025 02:39:00,61.9899151161886,502.754266539893,18.89
04-09-2025 02:49:00,63.0660410163928,502.47596726147,18.8
04-09-2025 02:59:00,62.9586473155342,501.457915176372,18.73
04-09-2025 03:09:00,63.136841354016,503.009766444284,18.62
04-09-2025 03:19:00,63.9220810275032,503.600849391609,18.56
04-09-2025 03:29:00,65.5927937955112,501.992474115499,18.49
04-09-2025 03:39:00,63.4022167355775,503.17299711277,18.39
04-09-2025 03:49:00,64.0814691421166,503.712801199217,18.31
04-09-2025 03:59:00,62.9852229903349,503.85794870302,18.23
04-09-2025 04:09:00,63.5682337986085,505.21128520467,18.16
04-09-2025 04:19:00,63.8465498953263,504.615669006338,18.06
04-09-2025 04:29:00,63.0478696430206,504.072393756873,17.98
04-09-2025 04:39:00,63.7252237614534,504.808541392376,17.9
04-09-2025 04:49:00,63.5201321931163,503.210966873251,17.83
04-09-2025 04:59:00,63.413507993832,505.34805012254,17.76
04-09-2025 05:09:00,65.0711212678273,505.494283505342,17.68
04-09-2025 05:19:00,65.0619034777511,503.605878459421,17.61
04-09-2025 05:29:00,63.2849411186466,503.655768564297,17.53
04-09-2025 05:39:00,64.2566685017044,505.88699291333,17.46
04-09-2025 05:49:00,62.8768437193817,505.765612790857,17.39
04-09-2025 05:59:00,64.1385335437721,504.444946253787,17.31
04-09-2025 06:09:00,63.0539030990885,505.694736391939,17.24
04-09-2025 06:19:00,64.023596875989,505.77029627154,17.17
04-09-2025 06:29:00,62.7448314560484,506.139268747028,17.1
04-09-2025 06:39:00,63.4206785061549,506.31287178316,17.03
04-09-2025 06:49:00,62.5368376477986,505.047615284719,16.97
04-09-2025 06:59:00,62.7270828028119,498.515250595119,16.91
04-09-2025 07:09:00,65.062623086389,500.278653738999,16.85
04-09-2025 07:19:00,65.5439483570387,510.13112879315,16.79
04-09-2025 07:29:00,63.6921616114702,508.91819769848,16.75
04-09-2025 07:39:00,64.666544856942,508.388161795977,16.71
04-09-2025 07:49:00,64.666495214235,507.371780952468,16.67
04-09-2025 07:59:00,62.4300576912852,507.93899529727,16.64
04-09-2025 08:09:00,64.1798164923657,509.331840654685,16.59
04-09-2025 08:19:00,64.8638835341557,508.633785251803,16.56
04-09-2025 08:29:00,63.8022898422716,508.375431449242,16.55
04-09-2025 08:39:00,63.2272854299818,508.992788583213,16.54
04-09-2025 08:49:00,63.7196093304647,508.02878183464,16.52
04-09-2025 08:59:00,63.1447566206403,508.549015433077,16.51
04-09-2025 09:09:00,64.8097049935131,509.48333481348,16.51
04-09-2025 09:19:00,63.654095139655,507.98621416953,16.51
04-09-2025 09:29:00,62.9847915358815,509.406993096078,16.51
04-09-2025 09:39:00,64.8500414616789,508.348852353331,16.53
04-09-2025 09:49:00,63.8972407940704,508.190864993368,16.56
04-09-2025 09:59:00,62.7439033554742,507.496553678154,16.57
04-09-2025 10:09:00,64.9048464697274,508.311567166065,16.6
04-09-2025 10:19:00,64.5327824207211,508.031237293278,16.62
04-09-2025 10:29:00,64.5557634691567,508.189865104105,16.66
04-09-2025 10:39:00,63.5045093862956,507.544518299262,16.69
04-09-2025 10:49:00,64.3066030397591,507.020933863511,16.73
04-09-2025 10:59:00,63.4551584366096,507.008912197152,16.78
04-09-2025 11:09:00,63.3858523550688,506.046294760799,16.84
04-09-2025 11:19:00,64.974981614431,507.033792625175,16.9
04-09-2025 11:29:00,64.2287482658621,507.778672108614,16.98
04-09-2025 11:39:00,64.2687047434835,507.792216864415,17.08
04-09-2025 11:49:00,63.7192590302946,507.389673879369,17.17
04-09-2025 11:59:00,64.9358728549774,505.274243088663,17.28
04-09-2025 12:09:00,63.5074944678874,507.243455688806,17.38
04-09-2025 12:19:00,63.7485711475228,507.402696536626,17.5
04-09-2025 12:29:00,63.3958318933839,506.237132250735,17.6
04-09-2025 12:39:00,61.9625630548538,504.185795333618,17.7
04-09-2025 12:49:00,63.3819807094415,505.029287215243,17.82
04-09-2025 12:59:00,62.7329581890165,505.529793167639,17.92
04-09-2025 13:09:00,64.0542724970021,503.889776937037,18.03
04-09-2025 13:19:00,63.3061551219499,503.995482964819,18.13
04-09-2025 13:29:00,64.1371468293346,504.815654796281,18.24
04-09-2025 13:39:00,62.3023528833333,502.158610292469,18.34
04-09-2025 13:49:00,62.8320335252274,502.830404043948,18.43
04-09-2025 13:59:00,64.4494776157645,502.613495455613,18.52
04-09-2025 14:09:00,62.0093462265508,501.951926802421,18.59
04-09-2025 14:19:00,61.5424352299819,500.8695390361,18.65
04-09-2025 14:29:00,63.3513712727213,500.379764761556,18.71
04-09-2025 14:39:00,63.1761370405761,499.44524989778,18.75
04-09-2025 14:49:00,64.7833795120913,499.500381527633,18.79
04-09-2025 14:59:00,63.6150238950077,498.838070621488,18.82
04-09-2025 15:09:00,62.4488223999255,499.487418023541,18.86
04-09-2025 15:19:00,62.8622900467024,496.422213600745,18.88
04-09-2025 15:29:00,62.4883679319217,496.476152630684,18.92
04-09-2025 15:39:00,62.8028845823564,497.771626275237,18.94
04-09-2025 15:49:00,61.9301631038031,496.711177076893,18.97
04-09-2025 15:59:00,63.7354049341021,496.245369997551,19
04-09-2025 16:09:00,63.3641771303542,495.33028357493,19.05
04-09-2025 16:19:00,62.0991348070696,496.896309684115,19.1
04-09-2025 16:29:00,62.5214901734152,497.470275844071,19.15
04-09-2025 16:39:00,62.1573894667723,497.420137390505,19.23
04-09-2025 16:49:00,63.3839490015463,497.966360045637,19.31
04-09-2025 16:59:00,62.82363883301,498.238253307651,19.4
04-09-2025 17:09:00,63.0619944400268,498.832813955478,19.5
04-09-2025 17:19:00,63.198257120449,497.610087220734,19.59
04-09-2025 17:29:00,61.9383090510825,497.781688040506,19.68
04-09-2025 17:39:00,63.7764378435371,497.801025194545,19.79
04-09-2025 17:49:00,61.6157180405199,497.972408586454,19.88
04-09-2025 17:59:00,62.7537980850413,497.367606280097,19.98
04-09-2025 18:09:00,60.989216784351,497.938550160191,20.07
04-09-2025 18:19:00,64.028260404244,497.608864030386,20.16
04-09-2025 18:29:00,62.5626160359911,497.077996475578,20.25
04-09-2025 18:39:00,61.8997096606565,498.475030452804,20.35
04-09-2025 18:49:00,63.3377590956558,496.414439069981,20.43
04-09-2025 18:59:00,63.0706349286041,497.463730899009,20.51
04-09-2025 19:09:00,62.9036301154865,496.906472656882,20.59
04-09-2025 19:19:00,62.7363959871149,497.353670073285,20.67
04-09-2025 19:29:00,63.1725857049777,498.103017723334,20.75
04-09-2025 19:39:00,62.9046096089442,497.443641051723,20.83
04-09-2025 19:49:00,64.5445148057386,496.836738881234,20.89
04-09-2025 19:59:00,62.0597458076476,497.989514153457,20.97
04-09-2025 20:09:00,62.2893528839503,498.390177865179,21.03
04-09-2025 20:19:00,63.326275002658,498.589283433637,21.09
04-09-2025 20:29:00,62.8501507516661,498.283724988175,21.15
04-09-2025 20:39:00,62.4717978392538,499.26678690523,21.2
04-09-2025 20:49:00,62.4944635812313,498.10550060965,21.24
04-09-2025 20:59:00,61.9108766774558,498.560065674003,21.28
04-09-2025 21:09:00,64.9627223859571,498.586902039695,21.31
04-09-2025 21:19:00,62.557025982635,498.613702683083,21.34
04-09-2025 21:29:00,63.0797804234299,498.616870311495,21.36
04-09-2025 21:39:00,62.6870565526874,502.111723023986,21.36
04-09-2025 21:49:00,62.3927144716305,501.235170048878,21.35
04-09-2025 21:59:00,62.5055361484196,501.393566884787,21.35
04-09-2025 22:09:00,63.4243594784073,501.528295471444,21.34
04-09-2025 22:19:00,63.5343578250577,502.775056904673,21.33
04-09-2025 22:29:00,63.6415150831498,503.795698862094,21.31
04-09-2025 22:39:00,64.152851789,505.119326531586,21.29
04-09-2025 22:49:00,63.855744180528,506.543720720944,21.27
04-09-2025 22:59:00,64.5602358666887,507.592410092213,21.22
04-09-2025 23:09:00,64.6642541796639,505.76075075547,21.19
04-09-2025 23:19:00,63.5512666683962,509.73653992417,21.14
04-09-2025 23:29:00,63.7507341888184,510.178321647259,21.09
04-09-2025 23:39:00,63.2441269000749,511.426804635202,21.04
04-09-2025 23:49:00,62.1277330977849,513.331348556513,20.97
04-09-2025 23:59:00,64.4346267784122,515.511730551819,20.89
04-10-2025 00:09:00,64.0236123998421,515.600409412438,20.82
04-10-2025 00:19:00,63.1100365469463,517.399713470448,20.75
04-10-2025 00:29:00,62.3959176200568,518.569332373329,20.67
04-10-2025 00:39:00,65.2970329387396,518.406978662588,20.58
04-10-2025 00:49:00,64.2841490423642,520.804855364542,20.51
04-10-2025 00:59:00,64.16996452057,518.735494925123,20.42
04-10-2025 01:09:00,63.6604807659201,521.030586598215,20.35
04-10-2025 01:19:00,64.6521174825764,521.594839239353,20.27
04-10-2025 01:29:00,64.4434965231081,521.782903227626,20.2
04-10-2025 01:39:00,65.3333635455675,523.147571201645,20.12
04-10-2025 01:49:00,64.9216792891219,523.51056900451,20.04
04-10-2025 01:59:00,63.9051418397681,521.924842562125,19.94
04-10-2025 02:09:00,63.1926146994859,524.261927760851,19.85
04-10-2025 02:19:00,63.4792072578385,518.711352832885,19.76
04-10-2025 02:29:00,63.2667323608996,520.749090308331,19.67
04-10-2025 02:39:00,63.3563129447445,522.210866804976,19.59
04-10-2025 02:49:00,64.6382275688763,523.248199177728,19.5
04-10-2025 02:59:00,65.1249775660653,521.323063231871,19.42
04-10-2025 03:09:00,64.4174777853245,523.37962219131,19.34
04-10-2025 03:19:00,64.5061548251961,521.755920128779,19.26
04-10-2025 03:29:00,63.4053565438845,524.232245917251,19.19
04-10-2025 03:39:00,64.683221232357,523.082832789845,19.1
04-10-2025 03:49:00,62.8838346059503,524.415716877254,19.01
04-10-2025 03:59:00,63.7664823795355,523.193889024319,18.93
04-10-2025 04:09:00,63.4617784011985,523.484520873822,18.86
04-10-2025 04:19:00,63.6525960857816,523.280034226391,18.79
04-10-2025 04:29:00,63.9421938589806,522.680237312387,18.72
04-10-2025 04:39:00,63.8357946712376,523.862083379109,18.65
04-10-2025 04:49:00,63.9245115238549,523.832408679676,18.57
04-10-2025 04:59:00,64.4083173459439,525.877903024291,18.49
04-10-2025 05:09:00,63.3171916153865,525.205079536645,18.43
04-10-2025 05:19:00,63.3074487840723,525.866599246978,18.35
04-10-2025 05:29:00,62.9032436319096,525.048342663839,18.27
04-10-2025 05:39:00,64.7664588369417,525.118583308136,18.19
04-10-2025 05:49:00,64.0636344516249,525.756028643329,18.1
04-10-2025 05:59:00,64.7425054501005,525.826570342559,18.02
04-10-2025 06:09:00,65.6172614509351,526.487623346648,17.94
04-10-2025 06:19:00,65.5136107289504,526.213286998499,17.88
04-10-2025 06:29:00,63.245434253791,527.291249113767,17.81
04-10-2025 06:39:00,64.419863288895,527.901440856785,17.75
04-10-2025 06:49:00,64.8078301815474,527.627851523301,17.69
04-10-2025 06:59:00,64.3095822650766,526.938396821518,17.62
04-10-2025 07:09:00,63.3189269663511,527.795062674569,17.54
04-10-2025 07:19:00,63.6114995621701,528.429095837161,17.49
04-10-2025 07:29:00,64.4917082437987,528.475058915534,17.44
04-10-2025 07:39:00,64.1932549611887,528.791105626746,17.38
04-10-2025 07:49:00,63.7999141221387,528.641698105559,17.33
04-10-2025 07:59:00,64.1924406423205,528.41872919005,17.29
04-10-2025 08:09:00,63.0221003845466,528.8070098514,17.26
04-10-2025 08:19:00,65.4685960688955,529.171415276281,17.22
04-10-2025 08:29:00,65.1814623366562,529.779209574211,17.2
04-10-2025 08:39:00,64.793881315975,529.483131483777,17.17
04-10-2025 08:49:00,64.4092292707362,531.557256929785,17.15
04-10-2025 08:59:00,63.8319228826778,530.820457863242,17.14
04-10-2025 09:09:00,64.7235171272186,529.325787499534,17.14
04-10-2025 09:19:00,65.2213393230543,528.882650138082,17.13
04-10-2025 09:29:00,64.5518326114124,529.757722365995,17.14
04-10-2025 09:39:00,62.9047034590638,529.94870652928,17.15
04-10-2025 09:49:00,64.0923398258011,528.380086529693,17.16
04-10-2025 09:59:00,64.5007654628347,529.279117505703,17.18
04-10-2025 10:09:00,63.1517247891072,528.441801991983,17.21
04-10-2025 10:19:00,63.2667195042734,529.341165131647,17.23
04-10-2025 10:29:00,64.3627653087922,529.481825932705,17.26
04-10-2025 10:39:00,64.9700282897373,527.861028600547,17.29
04-10-2025 10:49:00,64.307818613678,529.39528727114,17.33
04-10-2025 10:59:00,64.6244024129204,528.286540099408,17.37
04-10-2025 11:09:00,63.1806664143628,527.298378714574,17.42
04-10-2025 11:19:00,64.9725283496766,528.684807114724,17.48
04-10-2025 11:29:00,64.4128008949384,528.50352285967,17.54
04-10-2025 11:39:00,64.1549662075959,527.705477591117,17.63
04-10-2025 11:49:00,63.7003628138807,527.887925571547,17.72
04-10-2025 11:59:00,64.6207832083886,528.16859567018,17.81
04-10-2025 12:09:00,63.7725001698945,527.171028589016,17.9
04-10-2025 12:19:00,63.3192547469416,527.474381085364,18
04-10-2025 12:29:00,63.0622522006878,526.595992346629,18.1
04-10-2025 12:39:00,64.1875000977848,526.330573728114,18.21
04-10-2025 12:49:00,64.2266889655224,527.12621931254,18.31
04-10-2025 12:59:00,65.1545220114245,527.132921185404,18.41
04-10-2025 13:09:00,64.5110803374837,524.639667456839,18.54
04-10-2025 13:19:00,64.2511036593549,524.719380122598,18.63
04-10-2025 13:29:00,64.0897162503021,524.600946759435,18.72
04-10-2025 13:39:00,63.6309356589835,525.967769243832,18.81
04-10-2025 13:49:00,64.2618011421368,524.560890392771,18.9
04-10-2025 13:59:00,62.8105390989069,522.754911753685,18.99
04-10-2025 14:09:00,65.0243050867202,522.984529895675,19.06
04-10-2025 14:19:00,62.6700049649684,522.992582005375,19.12
04-10-2025 14:29:00,64.8804038592952,520.593448347351,19.17
04-10-2025 14:39:00,63.5124097526106,520.256367714419,19.21
04-10-2025 14:49:00,64.131500566347,521.310554694193,19.25
04-10-2025 14:59:00,63.5497800099403,521.103795539063,19.26
04-10-2025 15:09:00,62.4734874665637,521.615743151667,19.28
04-10-2025 15:19:00,65.1698858985572,521.286816761758,19.28
04-10-2025 15:29:00,64.0882389513757,520.262012129154,19.28
04-10-2025 15:39:00,63.9040999344586,523.137619822056,19.29
04-10-2025 15:49:00,62.9270513997671,519.672242642518,19.31
04-10-2025 15:59:00,64.237318974383,521.178855720789,19.33
04-10-2025 16:09:00,64.4592412822812,520.841114917354,19.37
04-10-2025 16:19:00,63.4896577130081,521.720064328019,19.42
04-10-2025 16:29:00,64.4194315744,521.671861836189,19.5
04-10-2025 16:39:00,63.7584872644459,520.350287204821,19.59
04-10-2025 16:49:00,63.3984635249518,522.739711420553,19.69
04-10-2025 16:59:00,62.9432729415469,522.183123293244,19.81
04-10-2025 17:09:00,63.1894376615509,522.947056125374,19.94
04-10-2025 17:19:00,62.9305472329036,523.06619291248,20.05
04-10-2025 17:29:00,65.277363250689,520.904776220955,20.17
04-10-2025 17:39:00,65.9218486232371,521.92353430068,20.28
04-10-2025 17:49:00,63.5553034910375,522.419398648295,20.38
04-10-2025 17:59:00,63.4938509765165,521.008320453349,20.48
04-10-2025 18:09:00,64.3365142905254,521.604001290765,20.58
04-10-2025 18:19:00,63.9711818345834,521.875962151578,20.67
04-10-2025 18:29:00,63.4040662602656,520.83998293431,20.76
04-10-2025 18:39:00,62.7354155475787,522.92358417555,20.85
04-10-2025 18:49:00,64.5848806036862,521.1808728036,20.94
04-10-2025 18:59:00,63.6162706960097,523.390754327737,21.04
04-10-2025 19:09:00,62.7417341716459,521.925143826241,21.12
04-10-2025 19:19:00,64.4914689460631,523.486685235344,21.2
04-10-2025 19:29:00,65.0281309542704,519.773257180508,21.27
04-10-2025 19:39:00,64.2484287543578,521.592887968101,21.33
04-10-2025 19:49:00,63.1672166975893,524.347132922756,21.4
04-10-2025 19:59:00,63.1926248528918,523.415627744461,21.45
04-10-2025 20:09:00,63.015595889147,523.293021875926,21.5
04-10-2025 20:19:00,64.4586821489915,524.486640269547,21.55
04-10-2025 20:29:00,63.0609979697404,523.001783544191,21.58
04-10-2025 20:39:00,63.2836868203979,523.035889491802,21.61
04-10-2025 20:49:00,63.302462126741,523.171298841417,21.64
04-10-2025 20:59:00,63.3212400836371,524.297679400167,21.66
04-10-2025 21:09:00,62.4237119255308,525.604378607944,21.67
04-10-2025 21:19:00,63.9562947420523,526.077525358106,21.67
04-10-2025 21:29:00,63.7656564954601,526.753482283181,21.67
04-10-2025 21:39:00,63.4709684120811,528.014796587668,21.66
04-10-2025 21:49:00,63.6803786751715,526.618162209272,21.64
04-10-2025 21:59:00,64.396350342026,529.173812785839,21.62
04-10-2025 22:09:00,63.2885488571155,530.006556583075,21.6
04-10-2025 22:19:00,63.9030721691886,530.434028505817,21.58
04-10-2025 22:29:00,64.6131314180658,530.91675596724,21.54
04-10-2025 22:39:00,64.8193974108444,532.131089217704,21.51
04-10-2025 22:49:00,63.6032755413364,532.792760177208,21.46
04-10-2025 22:59:00,64.2116095504541,534.084283189384,21.42
04-10-2025 23:09:00,65.0190118937469,535.65530915813,21.37
04-10-2025 23:19:00,65.019949695433,536.642227099068,21.33
04-10-2025 23:29:00,65.2173821785167,535.763350644666,21.27
04-10-2025 23:39:00,64.3065215661288,538.64559531678,21.22
04-10-2025 23:49:00,63.6965941320317,540.290815909801,21.16
04-10-2025 23:59:00,66.9183710675328,540.801377313063,21.09
04-11-2025 00:09:00,65.2966556539344,541.614234456548,21.02
04-11-2025 00:19:00,63.5760305048194,542.426553496143,20.95
04-11-2025 00:29:00,63.7682926766027,543.718240118729,20.87
04-11-2025 00:39:00,63.8570009964739,544.884311016963,20.78
04-11-2025 00:49:00,64.4511257382314,545.771231524993,20.7
04-11-2025 00:59:00,65.3432107786427,546.935124306861,20.61
04-11-2025 01:09:00,64.8308660919684,548.824672212832,20.53
04-11-2025 01:19:00,63.8200478927848,548.026189217824,20.46
04-11-2025 01:29:00,66.4188831857259,548.910499273473,20.38
04-11-2025 01:39:00,63.7015106654091,549.493367177305,20.3
04-11-2025 01:49:00,65.2925415941859,550.052030291045,20.21
04-11-2025 01:59:00,64.4789530737313,549.809579852482,20.12
04-11-2025 02:09:00,66.5672692446328,549.16785886402,20.03
04-11-2025 02:19:00,65.4541224031759,550.726478734314,19.94
04-11-2025 02:29:00,63.243940812481,551.684036408958,19.85
04-11-2025 02:39:00,64.4331046596151,551.267166401555,19.77
04-11-2025 02:49:00,65.2134927639106,552.176313390149,19.66
04-11-2025 02:59:00,64.207043247554,551.661025691381,19.58
04-11-2025 03:09:00,64.0956319114079,553.812109291472,19.49
04-11-2025 03:19:00,64.8827827332246,553.297353852385,19.41
04-11-2025 03:29:00,65.0694375310234,553.85397603537,19.32
04-11-2025 03:39:00,64.7589308789058,554.012737389146,19.23
04-11-2025 03:49:00,64.8515485356336,554.815194010873,19.16
04-11-2025 03:59:00,63.7475947578017,554.279173910582,19.07
04-11-2025 04:09:00,64.8326897073269,553.692473671131,19
04-11-2025 04:19:00,65.4153776617959,554.348384426553,18.91
04-11-2025 04:29:00,64.7068258569421,555.77255510847,18.81
04-11-2025 04:39:00,65.1925035782794,555.757776618481,18.73
04-11-2025 04:49:00,64.2926671190897,556.040211629922,18.65
04-11-2025 04:59:00,65.2750426681582,555.357698074027,18.58
04-11-2025 05:09:00,64.5791996798487,555.193919288711,18.52
04-11-2025 05:19:00,64.7649602526941,555.651439856078,18.43
04-11-2025 05:29:00,65.3506257149965,555.070205205792,18.36
04-11-2025 05:39:00,66.2315712111965,556.265500533961,18.29
04-11-2025 05:49:00,64.7428721806832,556.647673217526,18.21
04-11-2025 05:59:00,64.832298503845,557.02978677587,18.13
04-11-2025 06:09:00,66.1058072730846,556.844581141347,18.06
04-11-2025 06:19:00,64.2289941711092,556.758368438935,17.99
04-11-2025 06:29:00,63.3377742373992,557.066031256291,17.92
04-11-2025 06:39:00,65.1998074079841,557.668619065842,17.85
04-11-2025 06:49:00,66.0801475266259,557.606608227774,17.79
04-11-2025 06:59:00,65.584849849744,557.446794654698,17.73
04-11-2025 07:09:00,64.1162855945688,558.731810885273,17.7
04-11-2025 07:19:00,65.8820500992021,558.497405167912,17.65
04-11-2025 07:29:00,65.0985008781042,557.698134784704,17.61
04-11-2025 07:39:00,65.3889155942176,559.304832617229,17.55
04-11-2025 07:49:00,64.8923005525545,559.808826382353,17.48
04-11-2025 07:59:00,65.4791205380944,559.183755559048,17.43
04-11-2025 08:09:00,65.3907285399016,559.142084095509,17.42
04-11-2025 08:19:00,64.9078965804201,558.78348673846,17.4
04-11-2025 08:29:00,65.5949758869366,559.749689771078,17.36
04-11-2025 08:39:00,64.0354721157963,559.587337037315,17.34
04-11-2025 08:49:00,64.5320111502235,557.859072290707,17.32
04-11-2025 08:59:00,65.419870102574,559.556883360787,17.3
04-11-2025 09:09:00,66.4080660212612,559.613966336937,17.29
04-11-2025 09:19:00,64.2648430333388,559.08404921024,17.28
04-11-2025 09:29:00,65.2556488992506,559.653712131487,17.28
04-11-2025 09:39:00,65.7599015623522,559.46368778899,17.29
04-11-2025 09:49:00,64.5052234855394,559.394563324558,17.31
04-11-2025 09:59:00,65.6974166491347,559.325516833432,17.33
04-11-2025 10:09:00,66.0088293229845,559.256548315613,17.35
04-11-2025 10:19:00,64.7562154006141,559.1876577711,17.38
04-11-2025 10:29:00,65.8511582707763,559.118845199893,17.4
04-11-2025 10:39:00,66.0702552456236,559.050110601993,17.44
04-11-2025 10:49:00,64.623368541383,558.981453977399,17.48
04-11-2025 10:59:00,67.3474843473685,572.407970536991,17.53
04-11-2025 11:09:00,66.2984023407033,572.519381159529,17.6
04-11-2025 11:19:00,65.2493226758705,572.630890704744,19.01
04-11-2025 11:29:00,64.2002453528701,572.742499172637,18.18
04-11-2025 11:39:00,63.1511703717022,572.854206563206,18.02
04-11-2025 11:49:00,64.3492442793129,572.966012876453,18.04
04-11-2025 11:59:00,64.5813939231592,573.760941116553,18.1
04-11-2025 12:09:00,64.1285391810401,574.188777202624,18.17
04-11-2025 12:19:00,63.5855664309592,573.792845314156,18.26
04-11-2025 12:29:00,65.316220555582,573.397012348366,18.36
04-11-2025 12:39:00,65.0741739798964,573.001278305253,18.46
04-11-2025 12:49:00,66.0132467873955,572.605643184817,18.55
04-11-2025 12:59:00,64.6878209566437,572.210106987058,18.66
04-11-2025 13:09:00,63.4545691091322,571.814669711977,18.76
04-11-2025 13:19:00,64.5928611738341,571.419331359572,18.85
04-11-2025 13:29:00,64.4438098501697,571.024091929845,18.94
04-11-2025 13:39:00,64.1006489847564,570.628951422796,19.04
04-11-2025 13:49:00,63.7478558351477,570.233909838423,19.12
04-11-2025 13:59:00,63.4849279603965,569.546182894699,19.18
04-11-2025 14:09:00,63.6193034549923,568.559769329838,19.24
04-11-2025 14:19:00,64.7435660227373,567.546644729528,19.29
04-11-2025 14:29:00,62.9751338129488,564.193729173563,19.32
04-11-2025 14:39:00,64.0907157694549,563.823666846883,19.35
04-11-2025 14:49:00,64.1980809957096,562.978832182869,19.35
04-11-2025 14:59:00,62.3203094191413,563.452918043548,19.36
04-11-2025 15:09:00,62.8300972598,564.126175134954,19.37
04-11-2025 15:19:00,62.5439508375327,564.799647110677,19.38
04-11-2025 15:29:00,63.0538406628554,564.677252867239,19.39
04-11-2025 15:39:00,64.658512926521,562.86313743126,19.4
04-11-2025 15:49:00,64.5668958834018,564.606048198245,19.4
04-11-2025 15:59:00,63.0909962465361,563.315251350609,19.42
04-11-2025 16:09:00,62.9043033331631,563.989462350918,19.43
04-11-2025 16:19:00,63.3148821734684,562.175135521124,19.44
04-11-2025 16:29:00,62.6348365454966,560.883868707947,19.46
04-11-2025 16:39:00,63.4573323094313,559.543432281297,19.5
04-11-2025 16:49:00,63.193411815981,563.434402423653,19.56
04-11-2025 16:59:00,63.6361560517921,562.196384314735,19.64
04-11-2025 17:09:00,61.9930035761052,565.698160917283,19.74
04-11-2025 17:19:00,65.4359311626351,562.388851746012,19.83
04-11-2025 17:29:00,62.5968275611206,559.925383532304,19.94
04-11-2025 17:39:00,64.3545264966109,564.260467976725,20.05
04-11-2025 17:49:00,62.8110718667864,559.091159678318,20.16
04-11-2025 17:59:00,63.9661759995791,561.002673321706,20.26
04-11-2025 18:09:00,63.2176034424557,561.713959951113,20.36
04-11-2025 18:19:00,64.1695405814141,560.092363382499,20.45
04-11-2025 18:29:00,63.4245032375629,561.332346930744,20.56
04-11-2025 18:39:00,63.0757794977125,563.453654355048,20.66
04-11-2025 18:49:00,62.2144896125926,562.508246888826,20.74
04-11-2025 18:59:00,63.5667274986663,561.964434712361,20.82
04-11-2025 19:09:00,62.406897125358,560.438538080014,20.91
04-11-2025 19:19:00,63.362443853433,560.624404436554,21
04-11-2025 19:29:00,63.2005367609176,561.969456050755,21.07
04-11-2025 19:39:00,64.5523661541193,560.792980007937,21.14
04-11-2025 19:49:00,64.08798138924,562.240951814562,21.21
04-11-2025 19:59:00,65.2397596070911,559.547934699081,21.28
04-11-2025 20:09:00,63.047426697367,559.732256689588,21.33
04-11-2025 20:19:00,63.3768921239089,559.891003296996,21.37
04-11-2025 20:29:00,64.1111737083669,558.633868835147,21.41
04-11-2025 20:39:00,64.7400720506849,560.385637277503,21.44
04-11-2025 20:49:00,64.7573962397677,559.886081743203,21.46
04-11-2025 20:59:00,63.9696684076281,560.6269405789,21.49
04-11-2025 21:09:00,62.6663288260198,560.000300955523,21.5
04-11-2025 21:19:00,64.1973181936442,560.993402897911,21.51
04-11-2025 21:29:00,63.9062050501072,560.265661571736,21.52
04-11-2025 21:39:00,63.2145953293958,560.171354835782,21.54
04-11-2025 21:49:00,63.6321987879212,560.658784491591,21.55
04-11-2025 21:59:00,64.8553868591702,561.525429250077,21.55
04-11-2025 22:09:00,64.2557767721965,561.480772681213,21.55
04-11-2025 22:19:00,64.5675692770828,561.638748423921,21.55
04-11-2025 22:29:00,63.0565636237465,561.796823089307,21.55
04-11-2025 22:39:00,64.6894957385667,561.879842074438,21.56
04-11-2025 22:49:00,67.0219612594485,563.32846952148,21.55
04-11-2025 22:59:00,62.6709935527691,564.574435068065,21.54
04-11-2025 23:09:00,64.496999406937,564.706537105203,21.53
04-11-2025 23:19:00,65.4068109285481,566.735788022808,21.51
04-11-2025 23:29:00,63.979129031481,567.49670353727,21.47
04-11-2025 23:39:00,63.7663969737859,567.650187444925,21.43
04-11-2025 23:49:00,64.9696937638673,570.230868418548,21.39
04-11-2025 23:59:00,65.9747697406453,569.196978325994,21.36
04-12-2025 00:09:00,66.1611330236471,569.727555919825,21.31
04-12-2025 00:19:00,65.2313588166099,571.746282925832,21.25
04-12-2025 00:29:00,65.8265278912199,573.009298580156,21.21
04-12-2025 00:39:00,65.3929730293277,574.163262929198,21.13
04-12-2025 00:49:00,64.5612071668919,575.242052233749,21.06
04-12-2025 00:59:00,66.9706409731622,575.090545540911,21.02
04-12-2025 01:09:00,66.3450571949494,576.900619644956,20.96
04-12-2025 01:19:00,65.1110370853644,577.372184068453,20.89
04-12-2025 01:29:00,63.9790980870426,576.836600958949,20.82
04-12-2025 01:39:00,64.6640418510905,577.737495591992,20.76
04-12-2025 01:49:00,63.5335732356575,577.705174118243,20.69
04-12-2025 01:59:00,65.022120629741,577.398675535622,20.63
04-12-2025 02:09:00,65.1074114348485,578.023979020844,20.58
04-12-2025 02:19:00,65.8862248204589,575.883026184795,20.51
04-12-2025 02:29:00,65.5602468363649,577.457736687143,20.44
04-12-2025 02:39:00,67.1403399105933,576.924424817713,20.37
04-12-2025 02:49:00,65.7113742993804,576.492011006021,20.3
04-12-2025 02:59:00,65.9919053376448,577.389733407043,20.24
04-12-2025 03:09:00,65.6572709225891,577.804450484951,20.15
04-12-2025 03:19:00,65.0276124450492,578.145763042387,20.07
04-12-2025 03:29:00,64.3033469198736,576.513906141521,20
04-12-2025 03:39:00,65.5834410646853,577.309707971694,19.94
04-12-2025 03:49:00,67.1572327498354,577.977730240137,19.87
04-12-2025 03:59:00,65.1350617117364,578.345534757754,19.8
04-12-2025 04:09:00,64.9158646640828,576.045830880601,19.74
04-12-2025 04:19:00,66.193025858441,576.840422708849,19.68
04-12-2025 04:29:00,64.5732666929159,576.809724837965,19.61
04-12-2025 04:39:00,66.5467462199827,573.916620950892,19.55
04-12-2025 04:49:00,66.02390572578,576.775590360876,19.48
04-12-2025 04:59:00,64.7145858288601,575.405533003557,19.43
04-12-2025 05:09:00,65.1927630619661,577.193691435598,19.37
04-12-2025 05:19:00,65.3583156611404,575.8166627266,19.28
04-12-2025 05:29:00,65.7408941956249,576.735166732776,19.23
04-12-2025 05:39:00,65.6218349418347,577.327976529787,19.17
04-12-2025 05:49:00,65.9946812609472,577.595409804482,19.1
04-12-2025 05:59:00,65.3840900590984,575.733370730263,19.05
04-12-2025 06:09:00,66.1581277551325,577.218712249963,18.99
04-12-2025 06:19:00,65.8362173247138,575.701545926907,18.92
04-12-2025 06:29:00,66.3119891190776,576.888211541415,18.86
04-12-2025 06:39:00,64.7029205916124,577.848742697353,18.79
04-12-2025 06:49:00,67.8561552410339,577.872404721867,18.74
04-12-2025 06:59:00,64.9706934303175,577.995069109641,18.69
04-12-2025 07:09:00,65.0549755691783,577.029644700957,18.64
04-12-2025 07:19:00,67.0178229802166,577.449307222409,18.59
04-12-2025 07:29:00,64.9359409525778,577.329477051061,18.56
04-12-2025 07:39:00,66.61051086046,577.012129189869,18.53
04-12-2025 07:49:00,66.5906064266491,577.701094276308,18.47
04-12-2025 07:59:00,63.8150945426323,576.17216630064,18.43
04-12-2025 08:09:00,65.981845514726,575.756926928446,18.4
04-12-2025 08:19:00,66.5636788189497,578.966924987095,18.36
04-12-2025 08:29:00,65.566551038595,575.367248839302,18.32
04-12-2025 08:39:00,65.7582302035694,577.22149319024,18.29
04-12-2025 08:49:00,64.4750845499183,574.959761428001,18.27
04-12-2025 08:59:00,65.6667042030449,575.217404171733,18.27
04-12-2025 09:09:00,66.4498967168591,574.902010064422,18.24
04-12-2025 09:19:00,65.462917222482,575.007823493197,18.22
04-12-2025 09:29:00,65.869998471693,574.897978299545,18.23
04-12-2025 09:39:00,65.6809666865406,575.451697749309,18.23
04-12-2025 09:49:00,64.1071978733575,574.697163016849,18.22
04-12-2025 09:59:00,65.5986853186828,574.686190629517,18.23
04-12-2025 10:09:00,68.2640359575154,573.931908648178,18.22
04-12-2025 10:19:00,66.1125764904019,572.863093923782,18.24
04-12-2025 10:29:00,64.9465845348035,573.371894029882,18.26
04-12-2025 10:39:00,66.0487332366212,571.809716719506,18.28
04-12-2025 10:49:00,65.6715326430891,572.713319402584,18.3
04-12-2025 10:59:00,67.0748245456036,572.755905263977,18.33
04-12-2025 11:09:00,65.6258162218456,571.963372431355,18.38
04-12-2025 11:19:00,66.4468728288046,569.886601184109,18.43
04-12-2025 11:29:00,65.5983329252829,571.417642662117,18.5
04-12-2025 11:39:00,63.9624138197971,570.703220508316,18.58
04-12-2025 11:49:00,66.0837440778349,569.988031492248,18.66
04-12-2025 11:59:00,65.1435295074737,569.397451748726,18.75
04-12-2025 12:09:00,66.2917611152054,569.849788168507,18.86
04-12-2025 12:19:00,64.651538379976,568.042228960623,18.94
04-12-2025 12:29:00,66.1933772216339,566.284905554995,19.04
04-12-2025 12:39:00,65.3496421896151,567.080707200044,19.13
04-12-2025 12:49:00,65.6069970926483,565.545204111564,19.24
04-12-2025 12:59:00,65.1593125590824,566.640443301523,19.33
04-12-2025 13:09:00,64.0142323926108,563.855586080156,19.42
04-12-2025 13:19:00,65.162998952567,562.487351332678,19.52
04-12-2025 13:29:00,63.1145648291929,561.663287022484,19.6
04-12-2025 13:39:00,65.4521510616137,562.334442512473,19.68
04-12-2025 13:49:00,65.6921789775464,560.585323732906,19.75
04-12-2025 13:59:00,64.8249590151419,561.378594315613,19.8
04-12-2025 14:09:00,63.7617459684982,560.600514940676,19.86
04-12-2025 14:19:00,65.3865537993676,560.06977491444,19.9
04-12-2025 14:29:00,64.4091429243987,560.112589600449,19.93
04-12-2025 14:39:00,63.7177600522661,560.377557002308,19.93
04-12-2025 14:49:00,64.0258149408978,562.641494164708,19.93
04-12-2025 14:59:00,63.4299391020062,561.28152816598,19.92
04-12-2025 15:09:00,64.5329292224361,559.722019992777,19.91
04-12-2025 15:19:00,64.7364708470709,559.661647145468,19.9
04-12-2025 15:29:00,63.4324377466277,561.647386851715,19.87
04-12-2025 15:39:00,64.2353340015621,560.787962271986,19.86
04-12-2025 15:49:00,64.3344429052491,560.801688538321,19.84
04-12-2025 15:59:00,63.9387243802945,559.143819955407,19.83
04-12-2025 16:09:00,63.7383257424699,559.457527164016,19.81
04-12-2025 16:19:00,66.1382469815639,559.198095771954,19.8
04-12-2025 16:29:00,63.850200881004,558.764965257264,19.8
04-12-2025 16:39:00,64.6616909289672,559.655742655126,19.81
04-12-2025 16:49:00,64.6790037723472,557.077547622443,19.83
04-12-2025 16:59:00,64.1015317894406,556.421992938778,19.86
04-12-2025 17:09:00,64.5274114857355,556.8909684162,19.9
04-12-2025 17:19:00,65.3579571808454,557.686006755586,19.95
04-12-2025 17:29:00,63.0891688028355,557.881812470921,20
04-12-2025 17:39:00,64.3199572655294,556.7773772145,20.05
04-12-2025 17:49:00,64.6464743377892,555.746586701821,20.09
04-12-2025 17:59:00,63.3803838469634,555.46729735179,20.15
04-12-2025 18:09:00,65.4094643326143,555.036417362372,20.19
04-12-2025 18:19:00,64.0380195311152,555.532739711535,20.24
04-12-2025 18:29:00,63.6633478294835,554.801130716789,20.28
04-12-2025 18:39:00,65.0976664026381,554.495831204954,20.33
04-12-2025 18:49:00,64.0209617461365,554.967190000209,20.37
04-12-2025 18:59:00,63.4452164816637,554.535986302639,20.41
04-12-2025 19:09:00,64.8809453089107,553.126529622021,20.46
04-12-2025 19:19:00,64.8116341222135,553.824734507306,20.51
04-12-2025 19:29:00,65.24453222887,554.624084313048,20.56
04-12-2025 19:39:00,64.2708511573864,553.514807854818,20.61
04-12-2025 19:49:00,63.5935208188662,554.088176013928,20.65
04-12-2025 19:59:00,64.026404003065,552.274142067404,20.7
04-12-2025 20:09:00,64.9581049004026,553.149570272789,20.74
04-12-2025 20:19:00,65.5885077220996,553.119985661114,20.78
04-12-2025 20:29:00,64.5034543191642,553.769463282586,20.81
04-12-2025 20:39:00,65.2301553596082,551.39889656096,20.84
04-12-2025 20:49:00,63.8423609108313,552.55203497691,20.87
04-12-2025 20:59:00,64.2625372193895,548.039620087822,20.89
04-12-2025 21:09:00,66.7983856641999,552.995388324269,20.91
04-12-2025 21:19:00,63.994980690798,552.71355575363,20.93
04-12-2025 21:29:00,65.926974351504,552.633285626757,20.95
04-12-2025 21:39:00,64.8359272373531,551.545208670555,20.97
04-12-2025 21:49:00,63.2360617950983,551.943358926982,20.98
04-12-2025 21:59:00,64.8617087002099,553.349731508215,20.99
04-12-2025 22:09:00,66.1898558414278,553.269956404045,21.01
04-12-2025 22:19:00,64.0899369148945,551.072662437253,21.03
04-12-2025 22:29:00,65.2120844985204,551.068003671757,21.04
04-12-2025 22:39:00,64.4181784938924,552.979685224999,21.05
04-12-2025 22:49:00,65.1370862408685,552.672800198431,21.06
04-12-2025 22:59:00,65.5581222597459,552.189889064902,21.08
04-12-2025 23:09:00,64.9611882765848,552.664467012397,21.08
04-12-2025 23:19:00,65.3776564694822,553.971991750845,21.09
04-12-2025 23:29:00,64.9870282599529,555.582520128316,21.1
04-12-2025 23:39:00,64.692689687949,555.149416126301,21.1
04-12-2025 23:49:00,65.709996916763,556.330741458021,21.1
04-12-2025 23:59:00,67.0252536519003,557.486051700762,21.09
04-13-2025 00:09:00,66.120957035012,558.742147208168,21.08
04-13-2025 00:19:00,64.2081012340726,558.888551258633,21.07
04-13-2025 00:29:00,65.41770199708,560.925026326402,21.05
04-13-2025 00:39:00,67.1216205588622,561.899610693708,21.01
04-13-2025 00:49:00,65.7046041893391,561.690613602567,20.98
04-13-2025 00:59:00,65.4975565384251,562.993391939451,20.95
04-13-2025 01:09:00,64.6770540036678,564.544531363816,20.9
04-13-2025 01:19:00,65.271479174318,565.013579867815,20.86
04-13-2025 01:29:00,66.4695226993449,564.07307784212,20.82
04-13-2025 01:39:00,65.9513935799167,566.528000681485,20.77
04-13-2025 01:49:00,64.2221907783852,566.741338773317,20.71
04-13-2025 01:59:00,66.6209833642811,566.076538277283,20.66
04-13-2025 02:09:00,64.89301756432,568.400268633885,20.6
04-13-2025 02:19:00,64.97462131886,567.206491435607,20.54
04-13-2025 02:29:00,65.170211670038,568.403596441076,20.51
04-13-2025 02:39:00,65.4523691284496,567.511931620121,20.45
04-13-2025 02:49:00,67.2389988309265,567.022467882002,20.39
04-13-2025 02:59:00,65.2137574305214,567.435954678989,20.33
04-13-2025 03:09:00,66.5979164831932,566.446055251663,20.27
04-13-2025 03:19:00,65.2761598710206,566.358716190235,20.21
04-13-2025 03:29:00,64.9614296892081,566.698724845138,20.16
04-13-2025 03:39:00,64.5423875499396,567.111891858732,20.1
04-13-2025 03:49:00,66.8293015166547,566.351002200443,20.05
04-13-2025 03:59:00,66.7004132811378,567.110663766652,19.97
04-13-2025 04:09:00,67.5802603893149,567.523214326449,19.91
04-13-2025 04:19:00,66.7566695106895,567.309462879791,19.84
04-13-2025 04:29:00,65.7435248182225,567.249198841995,19.79
04-13-2025 04:39:00,64.7267212795931,568.559346829449,19.73
04-13-2025 04:49:00,67.0068095547622,567.601104127921,19.68
04-13-2025 04:59:00,66.2847956264558,566.191755498329,19.61
04-13-2025 05:09:00,66.2656156555657,567.201822966865,19.55
04-13-2025 05:19:00,66.3460547671819,567.215088725443,19.49
04-13-2025 05:29:00,65.9332824584051,566.06043575652,19.44
04-13-2025 05:39:00,66.5113416391502,567.168912949119,19.38
04-13-2025 05:49:00,65.7914000292089,567.056359230873,19.31
04-13-2025 05:59:00,66.2741328602173,566.201884217501,19.26
04-13-2025 06:09:00,66.2550738801731,564.725593417086,19.2
04-13-2025 06:19:00,65.3467520518322,565.95865352101,19.15
04-13-2025 06:29:00,66.1223437362897,564.781744141208,19.09
04-13-2025 06:39:00,66.0041910172923,564.995166141615,19.03
04-13-2025 06:49:00,65.7869865862417,564.811755159463,18.97
04-13-2025 06:59:00,66.7641452231371,564.654916285336,18.92
04-13-2025 07:09:00,65.5559033907412,563.084743610283,18.86
04-13-2025 07:19:00,65.9380212532636,563.622230127821,18.81
04-13-2025 07:29:00,65.2307413218581,563.664319990005,18.76
04-13-2025 07:39:00,65.4192527959487,565.712220945845,18.72
04-13-2025 07:49:00,65.9989008623522,565.159977834579,18.67
04-13-2025 07:59:00,65.7869065548851,565.399443551241,18.62
04-13-2025 08:09:00,64.8919584692912,563.911741787812,18.59
04-13-2025 08:19:00,65.8711011262111,564.573310071542,18.55
04-13-2025 08:29:00,67.2448743308602,561.282065429345,18.51
04-13-2025 08:39:00,67.4324149998607,562.635679548958,18.47
04-13-2025 08:49:00,64.4642795804897,562.138327529117,18.44
04-13-2025 08:59:00,66.8291583044437,562.036233189385,18.41
04-13-2025 09:09:00,64.5579688426645,562.059013446428,18.39
04-13-2025 09:19:00,66.4238755931569,563.115370567823,18.35
04-13-2025 09:29:00,66.0285815904609,561.066072074244,18.33
04-13-2025 09:39:00,64.8441823557831,563.161007416208,18.31
04-13-2025 09:49:00,66.2293052978672,562.914121351139,18.3
04-13-2025 09:59:00,65.7355830805932,559.682374990548,18.28
04-13-2025 10:09:00,64.6503314904407,559.114361002475,18.26
04-13-2025 10:19:00,66.0439564348643,561.582531375629,18.27
04-13-2025 10:29:00,65.9493287813448,559.659770814432,18.26
04-13-2025 10:39:00,65.6664675236129,559.761231416378,18.27
04-13-2025 10:49:00,64.6887416778633,558.752106707909,18.27
04-13-2025 10:59:00,65.7955761601813,559.201201384691,18.3
04-13-2025 11:09:00,63.9384863217604,559.32878648812,18.32
04-13-2025 11:19:00,66.5258687322771,558.00206851278,18.35
04-13-2025 11:29:00,65.4711672812067,558.108239391513,18.4
04-13-2025 11:39:00,65.7040479006363,557.944060900849,18.46
04-13-2025 11:49:00,65.7529851995293,556.077921273835,18.55
04-13-2025 11:59:00,66.2920152027947,557.546566875727,18.63
04-13-2025 12:09:00,64.4652440653002,556.000448994051,18.73
04-13-2025 12:19:00,64.5133659767988,554.52550296752,18.82
04-13-2025 12:29:00,66.4541008259,554.884071935029,18.93
04-13-2025 12:39:00,64.6230372806479,555.71386970884,19.03
04-13-2025 12:49:00,65.3709006003782,554.856983626115,19.13
04-13-2025 12:59:00,66.1199521713335,553.501944573667,19.23
04-13-2025 13:09:00,64.9804127121965,552.244326077168,19.33
04-13-2025 13:19:00,65.0335364769709,549.989399395033,19.43
04-13-2025 13:29:00,64.0817362431491,547.78026521179,19.51
04-13-2025 13:39:00,65.6159448440285,546.639696023994,19.58
04-13-2025 13:49:00,65.352450989717,547.86600170765,19.64
04-13-2025 13:59:00,65.4877306075461,547.098441702533,19.7
04-13-2025 14:09:00,66.2128445807565,546.579428471365,19.74
04-13-2025 14:19:00,64.8376898322193,547.532326955616,19.77
04-13-2025 14:29:00,65.2544797969524,547.661860202444,19.79
04-13-2025 14:39:00,64.7638848583642,547.541411027426,19.79
04-13-2025 14:49:00,65.2626262026684,546.671954009729,19.77
04-13-2025 14:59:00,64.658990396528,547.97319596969,19.74
04-13-2025 15:09:00,64.754018282126,548.775065815428,19.71
04-13-2025 15:19:00,66.1411064974011,549.052605587453,19.67
04-13-2025 15:29:00,64.9350499600975,547.535411238709,19.63
04-13-2025 15:39:00,65.2203576102467,548.087126744113,19.58
04-13-2025 15:49:00,65.41030845112,547.26892220419,19.54
04-13-2025 15:59:00,65.3919843071858,547.596162306038,19.48
04-13-2025 16:09:00,63.6902923312638,547.177142372454,19.44
04-13-2025 16:19:00,65.6718724567291,546.857996035413,19.4
04-13-2025 16:29:00,65.5629780517506,544.6489036934,19.36
04-13-2025 16:39:00,63.9710658066501,544.679125946041,19.34
04-13-2025 16:49:00,64.7665713635389,543.217617656568,19.32
04-13-2025 16:59:00,65.7697056435824,540.712028342238,19.32
04-13-2025 17:09:00,64.4853948618305,539.300534534929,19.32
04-13-2025 17:19:00,64.2863200079102,539.630297358429,19.3
04-13-2025 17:29:00,64.4937955104371,540.307428598002,19.3
04-13-2025 17:39:00,65.7950943599382,540.487467394279,19.3
04-13-2025 17:49:00,65.220429414007,540.542477750678,19.33
04-13-2025 17:59:00,64.9395117784593,539.180329083117,19.35
04-13-2025 18:09:00,65.4589307482963,538.140737355837,19.38
04-13-2025 18:19:00,65.6845126627875,538.817167322584,19.42
04-13-2025 18:29:00,64.6158769475417,539.693275096525,19.46
04-13-2025 18:39:00,65.5429966388505,539.499023714619,19.51
04-13-2025 18:49:00,63.4814719916286,539.404375896527,19.56
04-13-2025 18:59:00,65.6051071353328,538.911020427502,19.61
04-13-2025 19:09:00,65.5364666104689,538.11820224393,19.66
04-13-2025 19:19:00,65.4677662218575,536.526726990998,19.71
04-13-2025 19:29:00,64.8001657279783,535.832343448342,19.76
04-13-2025 19:39:00,65.6252293013049,538.108416725167,19.8
04-13-2025 19:49:00,65.5519822081225,533.99432086697,19.84
04-13-2025 19:59:00,65.0790716321812,534.473231430956,19.88
04-13-2025 20:09:00,66.3047559015199,535.752045016301,19.92
04-13-2025 20:19:00,66.1316797593958,534.732536260443,19.96
04-13-2025 20:29:00,64.554074710163,534.288239048422,19.99
04-13-2025 20:39:00,63.3757683888095,534.243898474371,20.02
04-13-2025 20:49:00,65.8983830088635,535.600208735056,20.05
04-13-2025 20:59:00,65.0111183667482,534.907371074563,20.06
04-13-2025 21:09:00,64.6239939940585,535.415201435323,20.07
04-13-2025 21:19:00,65.0417775340681,535.647394182548,20.09
04-13-2025 21:29:00,65.1549668551422,535.955450431716,20.1
04-13-2025 21:39:00,64.4674646138836,535.563036101485,20.11
04-13-2025 21:49:00,65.0811123856797,535.070563022795,20.12
04-13-2025 21:59:00,65.2944401662001,534.77832198254,20.13
04-13-2025 22:09:00,65.3075771433645,534.686361487749,20.14
04-13-2025 22:19:00,64.9157915814849,533.869388710284,20.14
04-13-2025 22:29:00,63.9276896422784,534.678639871947,20.15
04-13-2025 22:39:00,66.4393911129358,533.561436638356,20.15
04-13-2025 22:49:00,66.4435028571485,533.321212961949,20.14
04-13-2025 22:59:00,64.1539537200188,533.429872070086,20.15
04-13-2025 23:09:00,65.9648138392131,533.914904751864,20.15
04-13-2025 23:19:00,64.7720403989813,532.397612422147,20.15
04-13-2025 23:29:00,65.6773169922567,534.560588001503,20.14
04-13-2025 23:39:00,64.780560702046,533.319739862436,20.13
04-13-2025 23:49:00,65.3854070417083,534.581611991815,20.12
04-13-2025 23:59:00,64.9892709290365,534.742399407328,20.11
04-14-2025 00:09:00,65.2937679061917,534.70309580745,20.1
04-14-2025 00:19:00,66.6990189583414,536.164985300812,20.09
04-14-2025 00:29:00,65.9981735710211,536.101332939001,20.07
04-14-2025 00:39:00,65.6932309428899,535.313147834559,20.04
04-14-2025 00:49:00,65.9884909583489,537.725694473583,20.01
04-14-2025 00:59:00,65.6837114110111,539.037342519591,19.98
04-14-2025 01:09:00,65.274675578652,539.624033487539,19.94
04-14-2025 01:19:00,66.4646214063817,540.909871191142,19.9
04-14-2025 01:29:00,65.3608564396411,540.921221912102,19.87
04-14-2025 01:39:00,66.0508034293144,540.907877715137,19.83
04-14-2025 01:49:00,65.1430206332488,539.996154610086,19.79
04-14-2025 01:59:00,64.4310559243821,539.260073085913,19.74
04-14-2025 02:09:00,64.8213293646136,539.447063254502,19.7
04-14-2025 02:19:00,66.6120717043868,538.262391024911,19.67
04-14-2025 02:29:00,64.9076903319145,536.655136820773,19.63
04-14-2025 02:39:00,65.1025654833605,537.465553731982,19.6
04-14-2025 02:49:00,66.0900910246308,537.155042333699,19.56
04-14-2025 02:59:00,67.1720234532608,537.716878150685,19.51
04-14-2025 03:09:00,65.9720369376706,538.128203169489,19.48
04-14-2025 03:19:00,66.9629138896586,539.634561689239,19.45
04-14-2025 03:29:00,64.4609124951736,538.304330091628,19.4
04-14-2025 03:39:00,64.4522364357877,539.188333911298,19.36
04-14-2025 03:49:00,64.7375627373712,540.445022816389,19.31
04-14-2025 03:59:00,65.6235498315043,539.041351831539,19.27
04-14-2025 04:09:00,65.7094695816151,539.502375206068,19.22
04-14-2025 04:19:00,65.5017536370072,539.391653786792,19.18
04-14-2025 04:29:00,65.5832460508576,540.622169848446,19.12
04-14-2025 04:39:00,65.8676169241465,541.280782960215,19.07
04-14-2025 04:49:00,65.5564773900795,540.549942971764,19.02
04-14-2025 04:59:00,64.8488936585957,538.927196280406,18.97
04-14-2025 05:09:00,65.5253716552997,542.237908249429,18.91
04-14-2025 05:19:00,64.9218967783186,540.046102326142,18.87
04-14-2025 05:29:00,65.9984641771715,542.784266453027,18.82
04-14-2025 05:39:00,65.3908891923532,539.183234743753,18.77
04-14-2025 05:49:00,65.5712185622821,541.79610147298,18.71
04-14-2025 05:59:00,66.0481528018905,539.658282993149,18.65
04-14-2025 06:09:00,65.8413699549729,541.131255952811,18.61
04-14-2025 06:19:00,65.9224410123901,540.774819528789,18.55
04-14-2025 06:29:00,65.2174484502276,540.048103169703,18.5
04-14-2025 06:39:00,65.7925512186227,540.285214696617,18.44
04-14-2025 06:49:00,65.67614826721,541.410573636598,18.38
04-14-2025 06:59:00,66.2549504901933,542.066239417978,18.33
04-14-2025 07:09:00,65.8469917237938,542.228318734783,18.28
04-14-2025 07:19:00,66.8196510391104,542.686134582439,18.23
04-14-2025 07:29:00,65.1306280829965,541.961046475882,18.18
04-14-2025 07:39:00,66.3939094579206,542.098671042746,18.12
04-14-2025 07:49:00,65.3958160017389,542.162361293516,18.07
04-14-2025 07:59:00,66.0806241833029,544.342529786065,18.04
04-14-2025 08:09:00,66.8500979338363,544.282344883087,17.98
04-14-2025 08:19:00,65.5666341816768,543.411086587708,17.95
04-14-2025 08:29:00,67.3326118248551,543.228781342252,17.92
04-14-2025 08:39:00,65.4597028978843,543.636611469725,17.89
04-14-2025 08:49:00,66.7378277938354,542.692683402251,17.87
04-14-2025 08:59:00,64.9684215282425,542.535506964646,17.85
04-14-2025 09:09:00,65.7548344066132,541.395686735352,17.83
04-14-2025 09:19:00,66.6392663407505,541.926801072004,17.81
04-14-2025 09:29:00,65.8532106569352,541.966603964893,17.79
04-14-2025 09:39:00,67.0365314297284,542.423958390846,17.78
04-14-2025 09:49:00,66.062959972836,541.137596254035,17.78
04-14-2025 09:59:00,65.7770707965999,541.030212935028,17.78
04-14-2025 10:09:00,65.1964639884146,541.021168529959,17.78
04-14-2025 10:19:00,66.2903557659136,538.67871057585,17.79
04-14-2025 10:29:00,65.8123328287521,536.925514909128,17.8
04-14-2025 10:39:00,66.2274273800252,535.613217750874,17.83
04-14-2025 10:49:00,64.7706766795238,534.374778032386,17.85
04-14-2025 10:59:00,64.8864254175233,533.82421792894,17.87
04-14-2025 11:09:00,65.0065252966692,532.215760675614,17.9
04-14-2025 11:19:00,64.4424525663061,532.69594185154,17.94
04-14-2025 11:29:00,64.1689562150906,531.578469391427,17.97
04-14-2025 11:39:00,64.678330289413,531.814580260179,17.99
04-14-2025 11:49:00,65.9752213396155,530.476156414313,18.01
04-14-2025 11:59:00,66.1853282347244,535.019502627754,18.02
04-14-2025 12:09:00,65.3980789056785,536.931866522591,18
04-14-2025 12:19:00,64.3201552866623,536.5063364977,17.99
04-14-2025 12:29:00,67.2631683577458,536.107097314859,17.95
04-14-2025 12:39:00,66.6551523450525,540.871386043704,17.89
04-14-2025 12:49:00,65.3727776495848,538.82454034748,17.86
04-14-2025 12:59:00,64.4028854396109,536.482020239733,17.87
04-14-2025 13:09:00,65.8099500893365,535.808514271189,17.92
04-14-2025 13:19:00,65.5542318180008,535.477825200944,17.99
04-14-2025 13:29:00,65.5848836340775,533.228402241691,18.04
04-14-2025 13:39:00,65.7184048570478,532.872312777492,18.1
04-14-2025 13:49:00,64.4682614624106,530.718625134648,18.15
04-14-2025 13:59:00,65.0855948844158,530.116758977614,18.19
04-14-2025 14:09:00,64.8417967918716,532.71419909036,18.29
04-14-2025 14:19:00,65.4773427122093,529.34557085095,18.37
04-14-2025 14:29:00,65.6067636214149,527.77871162981,18.42
04-14-2025 14:39:00,66.3245400149737,526.286079233619,18.46
04-14-2025 14:49:00,64.7702794391708,525.385421574622,18.5
04-14-2025 14:59:00,64.4010497858223,525.571482652604,18.54
04-14-2025 15:09:00,64.5216333957709,521.780012559096,18.57
04-14-2025 15:19:00,65.1323552826758,523.50105443125,18.59
04-14-2025 15:29:00,63.0690557469525,522.03514579503,18.6
04-14-2025 15:39:00,63.963674598778,523.19277079969,18.59
04-14-2025 15:49:00,65.4339451795737,525.542088255611,18.54
04-14-2025 15:59:00,64.1495021043624,522.920469167987,18.52
04-14-2025 16:09:00,64.3560590228952,522.322067559733,18.52
04-14-2025 16:19:00,65.2456891291913,522.171674672989,18.5
04-14-2025 16:29:00,64.653217367113,522.31779162287,18.48
04-14-2025 16:39:00,64.4602971524022,520.906583007836,18.47
04-14-2025 16:49:00,65.9553155642877,520.035388549297,18.48
04-14-2025 16:59:00,64.7873718069834,520.570263190141,18.5
04-14-2025 17:09:00,65.1056699590773,519.942490824306,18.53
04-14-2025 17:19:00,65.1318864063747,519.831693147192,18.57
04-14-2025 17:29:00,64.0660807429678,519.104713376595,18.6
04-14-2025 17:39:00,65.377861020292,519.092704235367,18.64
04-14-2025 17:49:00,64.5093901777755,516.584458260059,18.67
04-14-2025 17:59:00,64.3332337879877,517.241888816012,18.7
04-14-2025 18:09:00,64.5529330537811,516.117996365801,18.73
04-14-2025 18:19:00,64.4799802120853,517.392649154062,18.77
04-14-2025 18:29:00,63.907505866239,516.961652557038,18.8
04-14-2025 18:39:00,63.6361546121387,519.030071867902,18.84
04-14-2025 18:49:00,63.5586343853708,518.59942892104,18.87
04-14-2025 18:59:00,64.5756780083938,517.299379809904,18.91
04-14-2025 19:09:00,63.6101739315854,517.882635419659,18.95
04-14-2025 19:19:00,64.3260405441539,518.542660109393,18.98
04-14-2025 19:29:00,65.042249068868,518.211028480797,19.01
04-14-2025 19:39:00,64.1710999781379,516.986256995311,19.04
04-14-2025 19:49:00,63.8950607358633,517.448333824381,19.07
04-14-2025 19:59:00,65.6993701366505,516.994428403894,19.09
04-14-2025 20:09:00,65.7170932300618,517.235485700715,19.11
04-14-2025 20:19:00,66.127624385751,517.553177792921,19.12
04-14-2025 20:29:00,63.8612724740871,517.496649891432,19.14
04-14-2025 20:39:00,65.0663044699122,517.119407286475,19.15
04-14-2025 20:49:00,64.6823036021036,516.742203578045,19.16
04-14-2025 20:59:00,65.1879223819515,518.130162726812,19.16
04-14-2025 21:09:00,64.8989300294505,517.333033744257,19.16
04-14-2025 21:19:00,64.8042944178611,518.797565702334,19.15
04-14-2025 21:29:00,65.5041638655252,518.474367707555,19.14
04-14-2025 21:39:00,64.416474436026,518.151320064461,19.13
04-14-2025 21:49:00,65.6171051629144,518.64571427148,19.13
04-14-2025 21:59:00,66.2131055005782,516.214946191033,19.11
04-14-2025 22:09:00,66.4162582348014,516.885242310436,19.1
04-14-2025 22:19:00,65.1259994423459,515.845219597806,19.08
04-14-2025 22:29:00,64.4359029983702,517.011856749047,19.07
04-14-2025 22:39:00,65.2259807822679,516.445711969831,19.04
04-14-2025 22:49:00,66.4169317501467,516.299492442037,19.02
04-14-2025 22:59:00,65.7270769655097,515.084850709851,19.01
04-14-2025 23:09:00,64.5370749731272,515.930996365613,18.99
04-14-2025 23:19:00,65.6284989442357,514.000051654508,18.97
04-14-2025 23:29:00,65.0338627075896,514.945456865305,18.95
04-14-2025 23:39:00,65.3317171258315,513.9077800264,18.93
04-14-2025 23:49:00,65.9224965701513,514.434023759943,18.9
04-14-2025 23:59:00,67.5084562477097,515.180917407288,18.88
04-15-2025 00:09:00,64.036190157408,513.527071771724,18.85
04-15-2025 00:19:00,64.4330529687398,514.373073782032,18.83
04-15-2025 00:29:00,65.8202821671455,514.426513582925,18.81
04-15-2025 00:39:00,65.0240583163517,513.665295384532,18.78
04-15-2025 00:49:00,64.5294745977065,514.016052117876,18.76
04-15-2025 00:59:00,65.4209619661629,516.346663884047,18.74
04-15-2025 01:09:00,65.920615790788,512.958335917245,18.73
04-15-2025 01:19:00,66.3124419135953,515.464090078558,18.7
04-15-2025 01:29:00,65.4222053463148,516.804190714477,18.68
04-15-2025 01:39:00,64.5322583045677,515.769637805059,18.66
04-15-2025 01:49:00,66.2143749139167,516.812716485631,18.64
04-15-2025 01:59:00,64.9290015748919,515.976487662784,18.62
04-15-2025 02:09:00,66.1161142982901,517.414929697586,18.6
04-15-2025 02:19:00,67.1051193097913,517.666607214844,18.58
04-15-2025 02:29:00,65.420524476303,517.302471248767,18.55
04-15-2025 02:39:00,65.9151191529392,518.246057924386,18.53
04-15-2025 02:49:00,67.393220501058,519.067774696007,18.5
04-15-2025 02:59:00,65.2157486416002,518.605053234298,18.47
04-15-2025 03:09:00,65.0144593196611,518.438922607451,18.44
04-15-2025 03:19:00,64.1179483446975,521.211955973744,18.4
04-15-2025 03:29:00,65.0027660118856,518.67665394925,18.37
04-15-2025 03:39:00,65.8871675924758,518.708293110478,18.34
04-15-2025 03:49:00,64.5965286677271,520.394218685204,18.3
04-15-2025 03:59:00,66.0722872797076,520.12976004194,18.27
04-15-2025 04:09:00,66.3641531679312,519.273929890869,18.24
04-15-2025 04:19:00,66.3557986080551,520.761497418832,18.2
04-15-2025 04:29:00,67.0372154089769,519.292113270963,18.16
04-15-2025 04:39:00,65.0585581137138,519.399851891228,18.12
04-15-2025 04:49:00,65.3460735021816,520.393889982235,18.08
04-15-2025 04:59:00,65.8259912695586,518.706697372082,18.03
04-15-2025 05:09:00,65.9076409526724,521.327431716583,17.97
04-15-2025 05:19:00,66.1902384253326,520.231637980747,17.92
04-15-2025 05:29:00,66.6779784277157,519.67393732993,17.89
04-15-2025 05:39:00,66.1781418423302,519.487042268641,17.85
04-15-2025 05:49:00,64.6959968454784,519.496893023022,17.81
04-15-2025 05:59:00,64.2012884413272,518.055994252057,17.78
04-15-2025 06:09:00,65.2697885036611,518.633067982663,17.73
04-15-2025 06:19:00,66.9351819829335,518.273443675582,17.7
04-15-2025 06:29:00,65.1601499089611,518.971095880316,17.66
04-15-2025 06:39:00,66.4278318780916,518.294789528247,17.62
04-15-2025 06:49:00,66.2191358608572,519.557978891931,17.57
04-15-2025 06:59:00,65.6269963008164,518.806778948282,17.54
04-15-2025 07:09:00,64.2467468015035,518.81762614976,17.5
04-15-2025 07:19:00,64.2392580980338,519.808481495575,17.46
04-15-2025 07:29:00,65.8971091418048,520.798811340451,17.42
04-15-2025 07:39:00,65.5953313801693,519.634168625036,17.38
04-15-2025 07:49:00,65.5959571048112,519.984264104174,17.36
04-15-2025 07:59:00,65.9838973184833,520.703174824087,17.33
04-15-2025 08:09:00,64.9931061171457,520.006288420641,17.28
04-15-2025 08:19:00,66.0700482238266,519.769330426224,17.26
04-15-2025 08:29:00,65.7728962725169,520.292400303103,17.23
04-15-2025 08:39:00,65.6757249228525,522.500642626697,17.21
04-15-2025 08:49:00,67.3386765086562,521.18811415011,17.19
04-15-2025 08:59:00,64.9884581018067,521.026545235794,17.16
04-15-2025 09:09:00,65.766921414691,520.962890176727,17.13
04-15-2025 09:19:00,65.7675709176947,520.433501362249,17.11
04-15-2025 09:29:00,65.8701915621176,519.438472843153,17.1
04-15-2025 09:39:00,66.1639277952653,522.035979989252,17.08
04-15-2025 09:49:00,65.4807525715205,520.823154697994,17.06
04-15-2025 09:59:00,65.8763923035017,519.535763323156,17.05
04-15-2025 10:09:00,66.2719734560203,520.202014785164,17.04
04-15-2025 10:19:00,65.6909029295751,520.477623728021,17.03
04-15-2025 10:29:00,66.4770503881041,520.460334144057,17.02
04-15-2025 10:39:00,68.0442291041042,520.150215296676,17.01
04-15-2025 10:49:00,64.7293532972173,520.035517562182,17
04-15-2025 10:59:00,65.8082876667588,520.213823309035,16.99
04-15-2025 11:09:00,65.7156057073842,520.782684155531,16.98
04-15-2025 11:19:00,65.7205552920592,521.351555214857,16.97
04-15-2025 11:29:00,64.6518477748469,520.261143608811,16.96
04-15-2025 11:39:00,67.0968323688422,521.220556953371,16.95
04-15-2025 11:49:00,64.8571112844478,520.813657791457,16.94
04-15-2025 11:59:00,65.5494380433109,521.015126582916,16.94
04-15-2025 12:09:00,65.5544173764611,519.535068494542,16.93
04-15-2025 12:19:00,66.0515302118175,520.127049383743,16.93
04-15-2025 12:29:00,66.6462277946644,519.060228299434,16.93
04-15-2025 12:39:00,67.2452774985044,519.675008978356,16.94
04-15-2025 12:49:00,66.8684446869658,518.43562660386,16.95
04-15-2025 12:59:00,64.8322605030985,516.122486725846,16.96
04-15-2025 13:09:00,65.3253029437812,517.083120938877,16.95
04-15-2025 13:19:00,66.115300018746,518.749363141114,16.95
04-15-2025 13:29:00,67.1091672220888,517.630252144894,16.97
04-15-2025 13:39:00,66.3417571577503,516.586147715856,16.98
04-15-2025 13:49:00,66.0666236242465,517.22407725245,17
04-15-2025 13:59:00,66.7679189518549,515.421014090129,17.02
04-15-2025 14:09:00,65.4184276286721,516.352155285206,17.04
04-15-2025 14:19:00,64.4592398450301,516.30686255334,17.06
04-15-2025 14:29:00,66.0441442757853,514.818424353133,17.09
04-15-2025 14:39:00,64.6979377521129,514.404391998625,17.12
04-15-2025 14:49:00,65.9903894991328,517.216066902101,17.15
04-15-2025 14:59:00,66.4969627894652,513.944938228939,17.17
04-15-2025 15:09:00,63.9683451974171,515.44191603114,17.18
04-15-2025 15:19:00,66.617510391224,517.699005738153,17.18
04-15-2025 15:29:00,65.7425542032833,516.902754918004,17.17
04-15-2025 15:39:00,64.8760551809818,516.151438272324,17.18
04-15-2025 15:49:00,65.4803650808075,516.595885831886,17.2
04-15-2025 15:59:00,65.9870594262601,515.769094962346,17.22
04-15-2025 16:09:00,65.4136793629753,515.311124163379,17.23
04-15-2025 16:19:00,66.4945999402423,515.884523005425,17.22
04-15-2025 16:29:00,66.3039790824422,515.968941421925,17.21
04-15-2025 16:39:00,65.0335314745905,518.377882027839,17.19
04-15-2025 16:49:00,65.6252785411149,517.093436546781,17.18
04-15-2025 16:59:00,66.9056185875939,516.027168963982,17.18
04-15-2025 17:09:00,65.5418344730103,515.916416510239,17.17
04-15-2025 17:19:00,66.9917076950606,519.700784933239,17.11
04-15-2025 17:29:00,66.5637493806339,519.590758739293,17.23
04-15-2025 17:39:00,68.2567110281795,524.346743622195,17.72
04-15-2025 17:49:00,67.655916604579,530.405482478167,18.12
04-15-2025 17:59:00,70.2337493547647,533.526076168406,18.35
04-15-2025 18:09:00,69.1982585684902,531.875256550747,18.44
04-15-2025 18:19:00,68.2333438114787,526.523874883964,18.47
04-15-2025 18:29:00,68.6467308519908,523.616951060171,18.49
04-15-2025 18:39:00,66.9852001393794,515.472167317227,18.51
04-15-2025 18:49:00,65.886217265087,509.937434863465,18.46
04-15-2025 18:59:00,62.9081629008598,501.522562824448,18.4
04-15-2025 19:09:00,63.0825876269049,496.132953490256,18.32
04-15-2025 19:19:00,64.2551834125584,490.515988288225,18.27
04-15-2025 19:29:00,62.8556451101383,482.69502716605,18.2
04-15-2025 19:39:00,61.3669499330373,479.059560584145,18.15
04-15-2025 19:49:00,60.2696029915742,473.142740991967,18.09
04-15-2025 19:59:00,60.0592291031657,469.49567797254,18.03
04-15-2025 20:09:00,59.0619613100453,463.687658996882,17.97
04-15-2025 20:19:00,58.2623371521904,461.32722783158,17.91
04-15-2025 20:29:00,57.0773880662082,457.137101627117,17.87
04-15-2025 20:39:00,57.7569060668537,454.406372282367,17.82
04-15-2025 20:49:00,56.6607080883782,449.482502226735,17.75
04-15-2025 20:59:00,58.1324230254395,445.023997876177,17.72
04-15-2025 21:09:00,56.1605763570141,443.479487273273,17.67
04-15-2025 21:19:00,54.7823424925009,440.971607907303,17.63
04-15-2025 21:29:00,54.8730189682982,438.939594590988,17.58
04-15-2025 21:39:00,57.6108663918994,437.203434418043,17.53
04-15-2025 21:49:00,55.6456382234464,435.288726945295,17.49
04-15-2025 21:59:00,54.3675469754243,433.081386344799,17.45
04-15-2025 22:09:00,53.8706262487854,431.05581409746,17.4
04-15-2025 22:19:00,55.5314410400489,428.655767497886,17.36
04-15-2025 22:29:00,55.3314370762257,428.019238790493,17.32
04-15-2025 22:39:00,54.8380113847547,426.600402174998,17.28
04-15-2025 22:49:00,52.7797662139087,426.943350250889,17.24
04-15-2025 22:59:00,52.9720063110676,423.570156235254,17.2
04-15-2025 23:09:00,54.0439685544021,423.229741751001,17.16
04-15-2025 23:19:00,53.5548343410273,421.927239588416,17.13
04-15-2025 23:29:00,52.8705118834256,421.114024843736,17.1
04-15-2025 23:39:00,54.9251779106783,420.41373951042,17.08
04-15-2025 23:49:00,52.2873197668957,419.210713577169,17.05
04-15-2025 23:59:00,53.2670269638682,418.120574186489,17.03
04-16-2025 00:09:00,52.5833373233468,417.99277215517,17
04-16-2025 00:19:00,51.4180181401775,417.796577664623,16.99
04-16-2025 00:29:00,51.4212835867615,417.781230493916,16.97
04-16-2025 00:39:00,51.3330445360143,416.818905693167,16.97
04-16-2025 00:49:00,53.2914855267449,417.403996966887,16.96
04-16-2025 00:59:00,53.5904596262578,416.232337200485,16.95
04-16-2025 01:09:00,52.6207192731844,415.841683837475,16.94
04-16-2025 01:19:00,53.0172891508339,417.598006070018,16.93
04-16-2025 01:29:00,52.0477542895855,416.524485935814,16.92
04-16-2025 01:39:00,52.4411881032516,417.290537837627,16.9
04-16-2025 01:49:00,52.0572460145969,419.241600922471,16.89
04-16-2025 01:59:00,51.6703047244724,419.714641028441,16.87
04-16-2025 02:09:00,53.4289518422443,422.235576073381,16.85
04-16-2025 02:19:00,53.4319495508516,422.80570878813,16.83
04-16-2025 02:29:00,54.1173835648955,424.935610118056,16.81
04-16-2025 02:39:00,53.7303828573448,425.407870890491,16.79
04-16-2025 02:49:00,54.5130244971388,425.977546337701,16.77
04-16-2025 02:59:00,54.7140548297045,427.731743079243,16.76
04-16-2025 03:09:00,52.3783952396073,429.275491032899,16.74
04-16-2025 03:19:00,55.4990681040075,431.305963732303,16.72
04-16-2025 03:29:00,55.1121497199967,432.459247927006,16.7
04-16-2025 03:39:00,55.0208448797336,434.796768862428,16.69
04-16-2025 03:49:00,54.2478235220525,436.160117037096,16.68
04-16-2025 03:59:00,53.7670765365147,438.302416445762,16.67
04-16-2025 04:09:00,54.6463815987294,439.844030492155,16.65
04-16-2025 04:19:00,55.3340457489725,440.330618491598,16.64
04-16-2025 04:29:00,54.4607014725594,443.33192864538,16.62
04-16-2025 04:39:00,54.557659937427,442.909440998276,16.59
04-16-2025 04:49:00,56.798601287741,444.449778780815,16.57
04-16-2025 04:59:00,57.1903101211968,446.087028111405,16.55
04-16-2025 05:09:00,57.0955213089883,449.085731262569,16.53
04-16-2025 05:19:00,57.0042260055001,450.447166914792,16.52
04-16-2025 05:29:00,56.0376023779433,450.933143896166,16.51
04-16-2025 05:39:00,56.7210023112059,455.583627582513,16.49
04-16-2025 05:49:00,56.5325394404137,454.513486315858,16.48
04-16-2025 05:59:00,59.2537539758308,456.033970068212,16.45
04-16-2025 06:09:00,56.6349778945835,457.880554414389,16.44
04-16-2025 06:19:00,57.5123135131263,458.931704170951,16.42
04-16-2025 06:29:00,58.2886514107232,460.256411578503,16.39
04-16-2025 06:39:00,59.456857033922,461.501294618288,16.37
04-16-2025 06:49:00,57.0305686427719,461.48308818468,16.35
04-16-2025 06:59:00,56.7417633009124,464.184449939788,16.33
04-16-2025 07:09:00,57.8195872672286,466.533078727793,16.33
04-16-2025 07:19:00,57.4301268698888,467.564290268843,16.3
04-16-2025 07:29:00,59.2808882176065,468.340599527357,16.29
04-16-2025 07:39:00,59.4772750388591,469.680942195477,16.27
04-16-2025 07:49:00,59.6772553033041,470.360037810659,16.26
04-16-2025 07:59:00,59.1007069307468,471.912692567558,16.25
04-16-2025 08:09:00,59.9800782919339,473.076985715185,16.24
04-16-2025 08:19:00,60.3777802769877,473.483563049801,16.24
04-16-2025 08:29:00,59.7078791691023,475.831340097588,16.24
04-16-2025 08:39:00,59.6203106401974,477.014555593756,16.24
04-16-2025 08:49:00,61.6679553226682,474.897998668762,16.24
04-16-2025 08:59:00,59.7399948197832,476.488607453669,16.25
04-16-2025 09:09:00,59.8502082662043,477.982491180812,16.26
04-16-2025 09:19:00,59.280894886101,477.923459345117,16.27
04-16-2025 09:29:00,59.4881767970432,479.320796049299,16.28
04-16-2025 09:39:00,60.8643444418725,479.669649985961,16.3
04-16-2025 09:49:00,62.3380587562421,480.504285660231,16.32
04-16-2025 09:59:00,60.5060690238464,481.611286544392,16.33
04-16-2025 10:09:00,61.58772642082,482.621425746478,16.34
04-16-2025 10:19:00,60.6296409204964,482.757570622908,16.35
04-16-2025 10:29:00,61.5134017624835,483.554323635306,16.35
04-16-2025 10:39:00,60.1592964941454,483.360273071976,16.34
04-16-2025 10:49:00,60.9421243894326,485.011701500487,16.33
04-16-2025 10:59:00,61.1421380672189,485.78893008842,16.32
04-16-2025 11:09:00,60.4681497057069,485.886380943648,16.31
04-16-2025 11:19:00,62.8082724174305,488.722658862596,16.31
04-16-2025 11:29:00,62.0371125622585,488.334571402399,16.3
04-16-2025 11:39:00,61.3594049650542,488.897647026463,16.28
04-16-2025 11:49:00,61.2605804082148,490.023060651259,16.25
04-16-2025 11:59:00,62.8153623083054,490.197673747559,16.23
04-16-2025 12:09:00,62.2349532709988,492.410014542241,16.21
04-16-2025 12:19:00,63.1177814604463,491.848552424001,16.21
04-16-2025 12:29:00,62.9332573535416,492.839705065798,16.21
04-16-2025 12:39:00,61.5881252674606,491.522296649703,16.22
04-16-2025 12:49:00,61.3215717329049,490.653108900199,16.26
04-16-2025 12:59:00,61.7421317409895,490.794603993966,16.32
04-16-2025 13:09:00,61.3820249936992,488.487374118517,16.37
04-16-2025 13:19:00,61.3132068408464,488.413834313493,16.42
04-16-2025 13:29:00,62.0145431394012,489.758755690046,16.45
04-16-2025 13:39:00,61.3586400132192,488.985114287734,16.49
04-16-2025 13:49:00,62.0641851733254,488.892004365298,16.53
04-16-2025 13:59:00,60.8277605223741,490.570521570796,16.58
04-16-2025 14:09:00,61.1517459194834,493.536343936607,16.64
04-16-2025 14:19:00,62.2361054590032,493.383853324598,16.65
04-16-2025 14:29:00,62.6428732464607,495.783694852423,16.67
04-16-2025 14:39:00,62.3641371947468,494.560236766652,16.68
04-16-2025 14:49:00,61.0214495795739,495.422994955848,16.71
04-16-2025 14:59:00,62.1102189505941,494.024835892157,16.73
04-16-2025 15:09:00,61.9325544821726,495.647101625539,16.75
04-16-2025 15:19:00,62.24213148977,496.002994689233,16.77
04-16-2025 15:29:00,63.0391799374257,495.871716869189,16.79
04-16-2025 15:39:00,62.8576950344486,496.402359803,16.8
04-16-2025 15:49:00,62.8750442980825,496.076303318815,16.82
04-16-2025 15:59:00,62.4048318768965,496.82288217786,16.84
04-16-2025 16:09:00,63.3934782463921,495.598713792907,16.85
04-16-2025 16:19:00,63.1144087041153,497.592893252566,16.86
04-16-2025 16:29:00,62.7300222804553,497.497922041947,16.85
04-16-2025 16:39:00,62.3533750500336,498.809744674744,16.86
04-16-2025 16:49:00,62.2616176183026,497.54462758538,16.85
04-16-2025 16:59:00,62.7626944873816,498.759119419856,16.86
04-16-2025 17:09:00,62.8698290751292,497.90496170519,16.86
04-16-2025 17:19:00,63.1681241645651,497.907990725289,16.85
04-16-2025 17:29:00,62.588756514554,498.496201685164,16.84
04-16-2025 17:39:00,62.6997429207364,495.712703226269,16.85
04-16-2025 17:49:00,64.0786199938438,496.342364303125,16.86
04-16-2025 17:59:00,63.218279950581,497.773163667381,16.88
04-16-2025 18:09:00,61.8660774332499,496.647393862524,16.89
04-16-2025 18:19:00,62.175989604075,497.7860626623,16.91
04-16-2025 18:29:00,63.3603292465982,497.245664577021,16.92
04-16-2025 18:39:00,62.9874187423924,497.408980168765,16.94
04-16-2025 18:49:00,61.825967015426,496.652848747704,16.94
04-16-2025 18:59:00,63.1081591841821,496.990898933405,16.95
04-16-2025 19:09:00,63.4184130974882,496.861652880636,16.97
04-16-2025 19:19:00,63.5295845215745,496.419020776577,16.98
04-16-2025 19:29:00,63.9415682903039,497.677395017866,17.01
04-16-2025 19:39:00,63.5684830093969,495.49762379599,17.03
04-16-2025 19:49:00,64.1720264698749,495.27075046101,17.05
04-16-2025 19:59:00,62.1419391863547,496.529812776331,17.08
04-16-2025 20:09:00,63.6288423541439,496.226023022782,17.11
04-16-2025 20:19:00,62.9699563960572,496.822467858574,17.15
04-16-2025 20:29:00,64.2583412638081,495.716039990305,17.17
04-16-2025 20:39:00,63.6931979600996,495.803263771993,17.2
04-16-2025 20:49:00,64.3015466113625,497.260004444767,17.23
04-16-2025 20:59:00,63.9357699792124,496.390014461964,17.27
04-16-2025 21:09:00,63.5619052906379,496.457142969888,17.29
04-16-2025 21:19:00,63.583350460611,497.817451250567,17.32
04-16-2025 21:29:00,63.1152724252116,497.416178888914,17.35
04-16-2025 21:39:00,63.5244116452113,497.777545100584,17.37
04-16-2025 21:49:00,62.5625589957486,497.159744386455,17.39
04-16-2025 21:59:00,63.4615020792126,498.794750140503,17.41
04-16-2025 22:09:00,62.7932383223326,497.491318992106,17.43
04-16-2025 22:19:00,63.6925007782879,497.461353466108,17.45
04-16-2025 22:29:00,63.8041092675629,499.958576745982,17.46
04-16-2025 22:39:00,63.5276616117737,499.635156776518,17.48
04-16-2025 22:49:00,64.8114367823219,498.976071977552,17.48
04-16-2025 22:59:00,65.2212616319085,498.946697673647,17.5
04-16-2025 23:09:00,64.0546831045321,499.561993357144,17.5
04-16-2025 23:19:00,64.0723015088574,499.04270255809,17.52
04-16-2025 23:29:00,63.5957319616922,501.443954292894,17.53
04-16-2025 23:39:00,64.1976754630213,499.041062871243,17.54
04-16-2025 23:49:00,63.4268584750397,499.775843585086,17.55
04-16-2025 23:59:00,63.9308165586433,501.981869323846,17.56
04-17-2025 00:09:00,65.0192792440814,502.598037818918,17.56
04-17-2025 00:19:00,65.0330221015433,503.529655623699,17.57
04-17-2025 00:29:00,63.9638873203748,501.497997474159,17.57
04-17-2025 00:39:00,64.4679724513279,502.822131047568,17.58
04-17-2025 00:49:00,63.4929287853296,503.319580302386,17.57
04-17-2025 00:59:00,65.4641789152835,503.5439831586,17.57
04-17-2025 01:09:00,64.6892836194084,502.591564465636,17.57
04-17-2025 01:19:00,63.1297770174625,503.600778815107,17.57
04-17-2025 01:29:00,64.0182395739135,504.686947618812,17.56
04-17-2025 01:39:00,64.2241028395125,504.911730641832,17.56
04-17-2025 01:49:00,64.8182319294778,503.840568345815,17.55
04-17-2025 01:59:00,64.3336832129352,505.809335180112,17.54
04-17-2025 02:09:00,63.9512019206792,505.446063387812,17.54
04-17-2025 02:19:00,64.2511324627857,505.747975801511,17.53
04-17-2025 02:29:00,65.4333606047469,507.520512588259,17.52
04-17-2025 02:39:00,63.7725311478504,509.488932761649,17.51
04-17-2025 02:49:00,65.1466309259815,508.592995456691,17.49
04-17-2025 02:59:00,64.5643025740723,508.208907742203,17.48
04-17-2025 03:09:00,63.9781333753464,510.351332687493,17.46
04-17-2025 03:19:00,65.9395282918369,511.121525770873,17.44
04-17-2025 03:29:00,65.3492957276067,511.673942119086,17.41
04-17-2025 03:39:00,63.4940542365252,512.661506286752,17.4
04-17-2025 03:49:00,63.8877408750818,512.451999554241,17.38
04-17-2025 03:59:00,64.5710739817322,513.983233000262,17.35
04-17-2025 04:09:00,65.6456222899815,514.437140598249,17.32
04-17-2025 04:19:00,65.7410700561492,514.597366812472,17.29
04-17-2025 04:29:00,64.4667663968629,514.366283744139,17.26
04-17-2025 04:39:00,64.0733946148038,513.939796431399,17.23
04-17-2025 04:49:00,65.6360226555523,514.589318016831,17.2
04-17-2025 04:59:00,64.3626696171742,515.140878315501,17.17
04-17-2025 05:09:00,64.4583428634702,515.594546941825,17.14
04-17-2025 05:19:00,66.2152335036444,515.852672521029,17.11
04-17-2025 05:29:00,64.8449700971776,515.915393876584,17.08
04-17-2025 05:39:00,64.2567593678841,515.09912675105,17.05
04-17-2025 05:49:00,65.1336079590439,516.334043092499,17.02
04-17-2025 05:59:00,65.1313922045106,515.908804212895,16.99
04-17-2025 06:09:00,64.3444047244339,515.657173722048,16.95
04-17-2025 06:19:00,64.9278396559101,514.842260067062,16.92
04-17-2025 06:29:00,66.1938677121106,516.856843734848,16.89
04-17-2025 06:39:00,62.875458621036,515.749673255348,16.86
04-17-2025 06:49:00,64.1453006224473,514.762459394593,16.84
04-17-2025 06:59:00,64.927258654723,514.848142576659,16.82
04-17-2025 07:09:00,65.1200929302696,516.959065447533,16.79
04-17-2025 07:19:00,64.0498691903893,517.142049395193,16.77
04-17-2025 07:29:00,65.5135387992352,517.51997333647,16.75
04-17-2025 07:39:00,65.3204612403077,517.313313698918,16.73
04-17-2025 07:49:00,65.4196907373623,517.496482650422,16.71
04-17-2025 07:59:00,64.2566285307794,517.312082953591,16.7
04-17-2025 08:09:00,63.9703379696991,517.809604537309,16.69
04-17-2025 08:19:00,65.2423470184416,516.846291895017,16.68
04-17-2025 08:29:00,65.3455638252792,516.564915824699,16.67
04-17-2025 08:39:00,65.8382697512318,517.062690949938,16.66
04-17-2025 08:49:00,65.6493281453409,515.418402249668,16.65
04-17-2025 08:59:00,65.6551402403354,516.792637959365,16.64
04-17-2025 09:09:00,63.4256895643128,517.799335239137,16.64
04-17-2025 09:19:00,65.5694285831267,517.593878647939,16.62
04-17-2025 09:29:00,65.5792640267752,516.06965689652,16.62
04-17-2025 09:39:00,65.0050332176829,516.88180844607,16.62
04-17-2025 09:49:00,66.3777000656672,519.154230404731,16.62
04-17-2025 09:59:00,66.2942587166256,516.094623454131,16.63
04-17-2025 10:09:00,66.3122273373054,516.171992509454,16.65
04-17-2025 10:19:00,65.7418851690472,513.695866742269,16.66
04-17-2025 10:29:00,64.2950070025319,515.699064156085,16.67
04-17-2025 10:39:00,65.3760720200713,517.096413346046,16.67
04-17-2025 10:49:00,64.3108102197322,517.984968269209,16.66
04-17-2025 10:59:00,64.9904289210123,517.953239472658,16.63
04-17-2025 11:09:00,64.5991101129142,517.921640661841,16.6
04-17-2025 11:19:00,64.5972088452378,518.084784905007,16.57
04-17-2025 11:29:00,64.3151527555724,517.632733752405,16.57
04-17-2025 11:39:00,65.3953906391527,517.375394612681,16.57
04-17-2025 11:49:00,65.2146118366416,516.069576616334,16.58
04-17-2025 11:59:00,64.0567121657929,515.325841462612,16.58
04-17-2025 12:09:00,64.6504701997517,515.555347099887,16.58
04-17-2025 12:19:00,64.0764603335595,514.909123978351,16.58
04-17-2025 12:29:00,65.2541081721747,515.236141647812,16.58
04-17-2025 12:39:00,64.7695620938434,516.006274727589,16.56
04-17-2025 12:49:00,65.4605367061302,514.776661922498,16.56
04-17-2025 12:59:00,64.2094169585658,513.957951079859,16.57
04-17-2025 13:09:00,64.3205001087069,513.139205013311,16.58
04-17-2025 13:19:00,64.7274884253074,513.120539493242,16.6
04-17-2025 13:29:00,63.8691219088185,512.031163430186,16.62
04-17-2025 13:39:00,64.3735257335692,511.623053149734,16.64
04-17-2025 13:49:00,63.7095829712859,509.754271810127,16.66
04-17-2025 13:59:00,64.4127964638989,509.26970248569,16.69
04-17-2025 14:09:00,64.3330784174678,507.399989042066,16.71
04-17-2025 14:19:00,64.1559055706173,507.575783249656,16.73
04-17-2025 14:29:00,64.0761205008963,508.921051662567,16.75
04-17-2025 14:39:00,64.7681385023474,506.716194323057,16.75
04-17-2025 14:49:00,62.4431258909099,507.748217427669,16.76
04-17-2025 14:59:00,63.6262942302939,506.636384678438,16.77
04-17-2025 15:09:00,64.4275706657985,505.566365967084,16.8
04-17-2025 15:19:00,65.4242343043301,505.86100238518,16.83
04-17-2025 15:29:00,64.0768103856074,505.354691734338,16.85
04-17-2025 15:39:00,62.9278116029024,505.259384132243,16.88
04-17-2025 15:49:00,62.8515050945774,505.164112969549,16.91
04-17-2025 15:59:00,62.3847998181519,506.239959291332,16.94
04-17-2025 16:09:00,63.7763665047455,506.068425770492,16.98
04-17-2025 16:19:00,64.1884122308237,504.508853203585,17.01
04-17-2025 16:29:00,62.9403113133071,505.487966593096,17.04
04-17-2025 16:39:00,63.7469532741615,505.023199308412,17.08
04-17-2025 16:49:00,63.3775417405856,505.807692461413,17.11
04-17-2025 16:59:00,63.9892565025078,506.906950938394,17.15
04-17-2025 17:09:00,62.4426525923115,505.618226881655,17.17
04-17-2025 17:19:00,62.651889310996,506.459352703043,17.18
04-17-2025 17:29:00,63.6395861380658,505.715196311952,17.18
04-17-2025 17:39:00,63.2660447978239,506.871007134901,17.2
04-17-2025 17:49:00,63.5731964048784,508.495094139765,17.21
04-17-2025 17:59:00,62.8083013635937,509.553980798841,17.23
04-17-2025 18:09:00,62.9198479146386,507.559462250281,17.24
04-17-2025 18:19:00,62.8357549851765,508.206102777682,17.25
04-17-2025 18:29:00,62.3603029241033,509.733468151309,17.26
04-17-2025 18:39:00,63.0589091158679,508.717213651647,17.27
04-17-2025 18:49:00,62.09043189548,507.973292777025,17.27
04-17-2025 18:59:00,63.1766890108922,510.262646625699,17.27
04-17-2025 19:09:00,63.7737265648112,510.399523022418,17.27
04-17-2025 19:19:00,62.5117232279251,510.927875864475,17.27
04-17-2025 19:29:00,63.4022986075042,511.652016390539,17.27
04-17-2025 19:39:00,61.8504523256011,510.636405149331,17.28
04-17-2025 19:49:00,61.7662592235121,509.620726207482,17.29
04-17-2025 19:59:00,62.6644783251924,509.409170093264,17.31
04-17-2025 20:09:00,61.6993830884442,508.58910183526,17.32
04-17-2025 20:19:00,62.3003882571592,510.999391673956,17.33
04-17-2025 20:29:00,62.122006283041,511.17987695348,17.35
04-17-2025 20:39:00,61.93618617667,511.41561172642,17.35
04-17-2025 20:49:00,61.9535617962737,512.08597876082,17.37
04-17-2025 20:59:00,63.040697526865,512.517785726507,17.37
04-17-2025 21:09:00,62.9565439259699,512.285706756329,17.38
04-17-2025 21:19:00,62.18681753397,511.36812341639,17.39
04-17-2025 21:29:00,63.0820338567804,512.703220724096,17.4
04-17-2025 21:39:00,62.6023156557199,512.058122142443,17.4
04-17-2025 21:49:00,62.6123243949666,512.784351359197,17.4
04-17-2025 21:59:00,62.7240276835827,512.062944215671,17.41
04-17-2025 22:09:00,63.8115203887716,511.907851515864,17.41
04-17-2025 22:19:00,62.1563408990869,510.773331118482,17.41
04-17-2025 22:29:00,63.8315542600919,510.520483602004,17.41
04-17-2025 22:39:00,62.9562379777712,512.20534973624,17.4
04-17-2025 22:49:00,63.4559853664872,512.638337729972,17.4
04-17-2025 22:59:00,63.7560211510755,512.36436734374,17.39
04-17-2025 23:09:00,61.6077774713177,512.090545712373,17.38
04-17-2025 23:19:00,63.7684320407295,511.425186023872,17.37
04-17-2025 23:29:00,62.403846428062,512.914144143511,17.36
04-17-2025 23:39:00,64.0745733934776,513.717628889222,17.35
04-17-2025 23:49:00,62.9059840470453,512.758919344594,17.34
04-17-2025 23:59:00,62.5207093213693,514.443517255252,17.33
04-18-2025 00:09:00,64.4808185981479,513.757245687204,17.31
04-18-2025 00:19:00,64.4908624648808,514.288720775053,17.31
04-18-2025 00:29:00,63.7140953816221,513.917896529555,17.3
04-18-2025 00:39:00,63.5208196399469,514.699978822926,17.28
04-18-2025 00:49:00,61.8637223773542,516.384156452441,17.27
04-18-2025 00:59:00,63.8230313070311,515.991938160356,17.25
04-18-2025 01:09:00,64.5062838914731,516.262971727295,17.22
04-18-2025 01:19:00,63.2410999075745,515.794998335927,17.21
04-18-2025 01:29:00,64.1236715999417,515.403395780327,17.19
04-18-2025 01:39:00,62.264802311731,514.306155005462,17.16
04-18-2025 01:49:00,65.1098918922972,516.40209280392,17.16
04-18-2025 01:59:00,64.4317869749733,515.739255834916,17.15
04-18-2025 02:09:00,63.5620907759751,515.489187328117,17.15
04-18-2025 02:19:00,63.4668551897452,515.58704879761,17.13
04-18-2025 02:29:00,62.5973024543479,516.314587780534,17.13
04-18-2025 02:39:00,63.0885690463492,517.292010283717,17.11
04-18-2025 02:49:00,64.9475633986604,517.194476507918,17.09
04-18-2025 02:59:00,64.4652655139946,517.314163175755,17.08
04-18-2025 03:09:00,63.1977764148268,519.170519018193,17.06
04-18-2025 03:19:00,62.9110885749322,519.290236693849,17.05
04-18-2025 03:29:00,63.4996812883279,521.146064172788,17.03
04-18-2025 03:39:00,64.7716014459578,519.681526190695,17.01
04-18-2025 03:49:00,65.1644694752899,520.658275927525,16.99
04-18-2025 03:59:00,62.9179427364404,521.417622280682,16.96
04-18-2025 04:09:00,62.6204367313958,521.471676861917,16.92
04-18-2025 04:19:00,63.9851758905515,521.157587389847,16.89
04-18-2025 04:29:00,63.6875144225166,521.406986246897,16.85
04-18-2025 04:39:00,63.5850295590768,522.436277337075,16.81
04-18-2025 04:49:00,63.5763141751642,525.099641530585,16.76
04-18-2025 04:59:00,64.062282013735,526.929022227553,16.73
04-18-2025 05:09:00,63.9522242711174,529.177127514218,16.67
04-18-2025 05:19:00,65.0180664748095,530.495093686572,16.63
04-18-2025 05:29:00,65.2968931648663,529.72352611195,16.57
04-18-2025 05:39:00,64.6105275815695,529.873235759608,16.53
04-18-2025 05:49:00,64.8036572922512,529.461997942661,16.5
04-18-2025 05:59:00,66.1595139246355,527.959174983187,16.46
04-18-2025 06:09:00,64.99139247385,527.937656260078,16.43
04-18-2025 06:19:00,64.6984191372522,527.624737565479,16.4
04-18-2025 06:29:00,64.6970526136975,526.146238930465,16.37
04-18-2025 06:39:00,65.375611650669,525.639867249225,16.34
04-18-2025 06:49:00,64.4068232788031,525.447303064849,16.32
04-18-2025 06:59:00,66.3474079327563,525.329903703003,16.29
04-18-2025 07:09:00,64.9905472099423,525.42892732756,16.27
04-18-2025 07:19:00,64.1194303441524,525.236845384513,16.25
04-18-2025 07:29:00,65.8688727292827,524.365604958175,16.23
04-18-2025 07:39:00,64.516547950377,522.837409458154,16.22
04-18-2025 07:49:00,63.7428867535069,523.228293045923,16.2
04-18-2025 07:59:00,65.305432621629,523.468991392759,16.2
04-18-2025 08:09:00,63.6586934348118,523.568906263573,16.18
04-18-2025 08:19:00,64.2509064146286,522.548649211724,16.18
04-18-2025 08:29:00,62.5148949157644,521.916528885971,16.18
04-18-2025 08:39:00,64.9464572016575,522.038788458473,16.17
04-18-2025 08:49:00,62.9232569777221,522.786792921301,16.18
04-18-2025 08:59:00,63.6124887757232,520.50580869905,16.18
04-18-2025 09:09:00,65.7568646783774,522.105301433664,16.18
04-18-2025 09:19:00,63.1514710676993,519.652089130335,16.19
04-18-2025 09:29:00,64.0423181014164,519.548760112544,16.21
04-18-2025 09:39:00,64.06001641912,516.53405960189,16.23
04-18-2025 09:49:00,63.9844129076394,517.519493416441,16.26
04-18-2025 09:59:00,65.6525593418619,519.357730977494,16.28
04-18-2025 10:09:00,64.8937110160457,522.070534685943,16.3
04-18-2025 10:19:00,65.6807007612249,528.818514968951,16.3
04-18-2025 10:29:00,65.780197927677,540.957718644621,16.28
04-18-2025 10:39:00,67.4287711405155,552.874913072196,16.25
04-18-2025 10:49:00,67.527967401181,566.655633378195,16.23
04-18-2025 10:59:00,66.854854330265,576.479839885142,16.22
04-18-2025 11:09:00,66.9581085325655,590.280936163247,16.21
04-18-2025 11:19:00,67.9426870677297,597.828720634481,16.22
04-18-2025 11:29:00,67.5526484319732,607.884209391747,16.19
04-18-2025 11:39:00,68.8199489816644,627.694511342969,16.18
04-18-2025 11:49:00,68.4380234933485,644.494760776287,16.17
04-18-2025 11:59:00,70.0888203681928,662.811660106431,16.15
04-18-2025 12:09:00,70.2887684167206,685.327199575008,16.14
04-18-2025 12:19:00,69.7171064022237,711.560772819152,16.14
04-18-2025 12:29:00,70.9837613963177,721.755565175964,16.13
04-18-2025 12:39:00,72.1663950906265,735.457786573571,16.15
04-18-2025 12:49:00,70.4266114645736,752.634202196436,16.14
04-18-2025 12:59:00,71.2126659681201,768.394430254353,16.14
04-18-2025 13:09:00,71.6108064847237,784.44569448153,16.14
04-18-2025 13:19:00,70.3560701753017,792.501924299021,16.13
04-18-2025 13:29:00,71.7282409680712,800.449992059736,16.14
04-18-2025 13:39:00,71.0639071721763,806.944595003823,16.15
04-18-2025 13:49:00,71.0741407273341,875.952230561536,16.15
04-18-2025 13:59:00,71.5736371825666,882.065460793772,16.16
04-18-2025 14:09:00,71.0104751395506,885.222778893138,16.18
04-18-2025 14:19:00,71.5144069174582,888.381169016527,16.2
04-18-2025 14:29:00,71.0438116275565,887.802806722456,16.21
04-18-2025 14:39:00,71.54786609601,889.409754217047,16.23
04-18-2025 14:49:00,70.6889433649314,892.228441028898,16.24
04-18-2025 14:59:00,71.5813407384408,892.283505693459,16.26
04-18-2025 15:09:00,71.3046865300932,893.93832388031,16.27
04-18-2025 15:19:00,71.1293655349153,892.634536526633,16.29
04-18-2025 15:29:00,72.0265406812743,890.215635742032,16.32
04-18-2025 15:39:00,71.559868239614,890.950669082974,16.34
04-18-2025 15:49:00,71.7730729982233,888.383040040956,16.36
04-18-2025 15:59:00,72.374990068855,882.219710071179,16.38
04-18-2025 16:09:00,71.2279123321095,881.107724137077,16.4
04-18-2025 16:19:00,71.9271230334362,877.371286398825,16.42
04-18-2025 16:29:00,71.1641497307582,875.820117409848,16.43
04-18-2025 16:39:00,70.8913646573522,870.818345925357,16.45
04-18-2025 16:49:00,71.3920245068902,864.794237253156,16.46
04-18-2025 16:59:00,70.5315409415471,860.130496712158,16.47
04-18-2025 17:09:00,70.9392880912282,856.486385016482,16.49
04-18-2025 17:19:00,71.1440617337294,852.551510116917,16.49
04-18-2025 17:29:00,72.2327939250805,847.544159852867,16.51
04-18-2025 17:39:00,70.5854049688781,842.492196642427,16.5
04-18-2025 17:49:00,71.5682255937121,839.918848805195,16.5
04-18-2025 17:59:00,71.5741979043327,835.743299746681,16.49
04-18-2025 18:09:00,70.8995084703062,832.249177946357,16.48
04-18-2025 18:19:00,71.9750723597702,828.075100310952,16.47
04-18-2025 18:29:00,71.5921329542862,822.054556126495,16.46
04-18-2025 18:39:00,72.2786219080732,820.020876266945,16.45
04-18-2025 18:49:00,71.2195614018211,815.213208410516,16.45
04-18-2025 18:59:00,71.906032838134,810.653044981225,16.44
04-18-2025 19:09:00,70.2596080573941,807.746098891629,16.43
04-18-2025 19:19:00,71.9223135676838,802.453491924911,16.43
04-18-2025 19:29:00,71.4466283114193,798.716178868788,16.43
04-18-2025 19:39:00,71.452644030225,794.741597852028,16.42
04-18-2025 19:59:00,70.3008654508977,787.548261428269,16.43
04-18-2025 20:09:00,71.9635803285171,782.644848899239,16.43
04-18-2025 20:19:00,71.6866195380767,777.297123368308,16.44
04-18-2025 20:29:00,70.9235413240384,772.920798601659,16.45
04-18-2025 20:39:00,71.9060179310218,767.530830344885,16.45
04-18-2025 20:49:00,69.8831787808359,762.805137391974,16.47
04-18-2025 20:59:00,71.5507271617746,757.843489576718,16.48
04-18-2025 21:09:00,71.5696697923067,751.753788232249,16.5
04-18-2025 21:19:00,70.7089651107232,747.373845553379,16.51
04-18-2025 21:29:00,71.4001290876838,745.96949763116,16.51
04-18-2025 21:39:00,71.5077310870387,745.343334390868,16.51
04-18-2025 21:49:00,70.9345103888817,737.61723752009,16.51
04-18-2025 21:59:00,71.7229421112458,735.921404206182,16.51
04-18-2025 22:09:00,70.2785786117766,730.664928644062,16.52
04-18-2025 22:19:00,70.1958529218167,724.726786159922,16.53
04-18-2025 22:29:00,70.8913839760937,719.663354215491,16.54
04-18-2025 22:39:00,71.5827246962871,715.827264466319,16.54
04-18-2025 22:49:00,70.5229624703834,712.185840894038,16.54
04-18-2025 22:59:00,70.4360388573841,708.641799871543,16.54
04-18-2025 23:09:00,68.9912408452889,704.355411592374,16.55
04-18-2025 23:19:00,70.1649150297755,702.040432730118,16.54
04-18-2025 23:29:00,71.6345364759884,698.788539356976,16.54
04-18-2025 23:39:00,70.9639204676755,695.925879414939,16.54
04-18-2025 23:49:00,69.9041722927663,693.74430378533,16.54
04-18-2025 23:59:00,71.174972101954,690.749825292749,16.53
04-19-2025 00:09:00,67.8779648429477,688.276795187417,16.53
04-19-2025 00:19:00,70.1256913657337,684.636552122665,16.53
04-19-2025 00:29:00,68.6728703934789,683.491436724826,16.52
04-19-2025 00:39:00,70.2311807034542,680.659261700733,16.5
04-19-2025 00:49:00,70.1401386114314,679.709438895325,16.49
04-19-2025 00:59:00,70.3366395210276,679.017817180749,16.47
04-19-2025 01:09:00,68.6860005492286,678.132099325096,16.45
04-19-2025 01:19:00,69.7616166647103,677.572008838434,16.44
04-19-2025 01:29:00,71.1201748674524,677.81961396661,16.41
04-19-2025 01:39:00,69.4660921831746,676.998450937519,16.38
04-19-2025 01:49:00,69.3670144040232,677.82915830053,16.35
04-19-2025 01:59:00,70.049073626304,678.790398993643,16.33
04-19-2025 02:09:00,69.6544855897004,678.130475888601,16.29
04-19-2025 02:19:00,69.4583848347729,680.513832876155,16.26
04-19-2025 02:29:00,70.718095036931,681.828674002648,16.23
04-19-2025 02:39:00,70.6230695042019,681.721515871169,16.21
04-19-2025 02:49:00,69.9459770571876,680.450303717168,16.19
04-19-2025 02:59:00,70.0409714340031,680.503882787736,16.16
04-19-2025 03:09:00,69.0692420171711,680.363619789691,16.13
04-19-2025 03:19:00,68.4857709178978,680.708292412165,16.1
04-19-2025 03:29:00,69.6472485729955,678.920557808383,16.07
04-19-2025 03:39:00,69.3587246536386,677.845600378744,16.05
04-19-2025 03:49:00,71.2904274389279,676.994951779469,16.01
04-19-2025 03:59:00,69.7384337118765,675.016008580135,15.98
04-19-2025 04:09:00,69.0586907219296,672.360273941309,15.95
04-19-2025 04:19:00,70.4123338751517,669.996347755829,15.92
04-19-2025 04:29:00,69.2447504029867,668.568850146585,15.88
04-19-2025 04:39:00,69.8235495400644,666.497640031287,15.85
04-19-2025 04:49:00,70.4946608347619,667.683971651203,15.81
04-19-2025 04:59:00,70.2025068575387,665.034118038785,15.78
04-19-2025 05:09:00,68.8469730889567,664.512679074346,15.75
04-19-2025 05:19:00,70.1985989404054,662.928335841035,15.72
04-19-2025 05:29:00,70.4824210718178,663.63195125424,15.68
04-19-2025 05:39:00,68.1618151199068,662.918413967407,15.65
04-19-2025 05:49:00,69.6091561759693,663.17119721553,15.62
04-19-2025 05:59:00,69.4061237916429,663.263082936574,15.57
04-19-2025 06:09:00,69.4044008639358,663.129787585119,15.54
04-19-2025 06:19:00,68.6266618668757,663.254049884493,15.5
04-19-2025 06:29:00,68.5326525365295,662.28487975706,15.48
04-19-2025 06:39:00,68.6236204785928,661.927356668142,15.44
04-19-2025 06:49:00,68.8189753853512,662.598496613587,15.42
04-19-2025 06:59:00,67.7529598201121,661.855683374346,15.38
04-19-2025 07:09:00,70.2617479259775,661.659249810785,15.36
04-19-2025 07:19:00,70.5572584875695,661.591312101128,15.35
04-19-2025 07:29:00,68.8208337437059,660.49603352014,15.32
04-19-2025 07:49:00,68.0525482990784,660.492947504977,15.3
04-19-2025 07:59:00,68.0590924847483,660.329132999663,15.29
04-19-2025 08:09:00,68.3585935980355,658.848516590146,15.29
04-19-2025 08:19:00,69.0474647562574,658.266689925081,15.3
04-19-2025 08:29:00,68.3874990193156,657.10674305847,15.31
04-19-2025 08:39:00,68.6870521039393,657.456894417609,15.31
04-19-2025 08:49:00,68.0270092552449,658.031470371846,15.32
04-19-2025 08:59:00,69.6756391347735,657.129153109501,15.32
04-19-2025 09:09:00,68.1443686495941,656.226934769834,15.32
04-19-2025 09:19:00,67.9700043428648,656.255000096423,15.34
04-19-2025 09:29:00,67.3097553560863,654.709549156521,15.35
04-19-2025 09:39:00,68.1031385087216,654.479688606167,15.38
04-19-2025 09:49:00,67.7397514314191,654.924788079485,15.41
04-19-2025 09:59:00,68.2442483060889,654.405658572102,15.44
04-19-2025 10:09:00,67.2054067721041,653.789883363939,15.47
04-19-2025 10:19:00,67.6174138740261,652.819124318215,15.51
04-19-2025 10:29:00,68.6088735913448,652.427020566506,15.55
04-19-2025 10:39:00,67.9632971094336,651.583048174186,15.6
04-19-2025 10:49:00,68.1866888842431,649.868990733024,15.65
04-19-2025 10:59:00,68.6075218404866,648.377839059114,15.71
04-19-2025 11:09:00,66.9980608757991,648.33581750048,15.77
04-19-2025 11:19:00,67.8985107998607,647.972674020737,15.82
04-19-2025 11:29:00,67.5493892792188,646.703141702806,15.89
04-19-2025 11:39:00,67.5872472245976,645.819621226764,15.96
04-19-2025 11:49:00,66.0785954259729,643.803012894009,16.04
04-19-2025 11:59:00,68.8665250745986,643.774143043679,16.2
04-19-2025 12:09:00,68.2256164216584,645.216779486849,16.27
04-19-2025 12:19:00,67.8950774471057,640.207987568741,16.39
04-19-2025 12:29:00,66.8792107912889,641.772935710106,16.5
04-19-2025 12:39:00,68.4976585353141,640.578718309654,16.63
04-19-2025 12:49:00,68.3572920767921,639.710993517857,16.74
04-19-2025 12:59:00,68.4117085981823,632.990497132094,16.85
04-19-2025 13:09:00,67.0958370672707,639.697439557944,16.95
04-19-2025 13:19:00,66.8600450588173,636.903341145756,17.07
04-19-2025 13:29:00,67.4021302832951,632.998345743306,17.18
04-19-2025 13:39:00,65.7846369897411,637.637499861545,17.27
04-19-2025 13:49:00,67.1100492861807,637.644133524076,17.38
04-19-2025 13:59:00,66.7598766377935,638.049549068422,17.46
04-19-2025 14:09:00,67.1936769998418,638.161335192777,17.54
04-19-2025 14:19:00,66.9373153232911,636.869305121811,17.61
04-19-2025 14:29:00,67.1636492741328,636.104229723444,17.66
04-19-2025 14:39:00,66.8010435098028,633.669442343234,17.71
04-19-2025 14:49:00,67.2121933823089,632.026815829326,17.73
04-19-2025 14:59:00,67.5252559630766,630.678396819766,17.75
04-19-2025 15:09:00,66.3610871768404,628.317616321281,17.76
04-19-2025 15:19:00,65.393198885925,626.938872188197,17.77
04-19-2025 15:29:00,66.4843426374885,625.432304535936,17.77
04-19-2025 15:39:00,67.2807921205536,624.318764620126,17.77
04-19-2025 15:49:00,66.4072964869097,622.419465999445,17.77
04-19-2025 15:59:00,65.4393402950642,623.103554631484,17.78
04-19-2025 16:09:00,66.4361868803175,621.036902437057,17.79
04-19-2025 16:19:00,67.3349366403937,619.854311167568,17.8
04-19-2025 16:29:00,65.9775829301219,618.405702938245,17.82
04-19-2025 16:39:00,68.2524159240949,618.402140800738,17.83
04-19-2025 16:49:00,66.308952781312,616.392062692347,17.86
04-19-2025 16:59:00,67.1215836748462,614.212985765211,17.9
04-19-2025 17:09:00,67.5452028303872,612.651194820174,17.95
04-19-2025 17:19:00,65.024276215456,606.617181243094,18.02
04-19-2025 17:29:00,66.1443702425575,605.106652414889,18.09
04-19-2025 17:39:00,65.0030921639824,602.932394399664,18.17
04-19-2025 17:49:00,66.2230910300827,600.333459742367,18.24
04-19-2025 17:59:00,65.2665175444139,599.649850662759,18.29
04-19-2025 18:09:00,65.007404868471,597.737518648901,18.36
04-19-2025 18:19:00,65.4392356279324,597.699305961923,18.43
04-19-2025 18:29:00,64.3857847013197,594.373492376774,18.49
04-19-2025 18:39:00,65.0116551077799,594.80057878146,18.55
04-19-2025 18:49:00,65.9386091921925,591.299299394679,18.62
04-19-2025 18:59:00,65.0854200392331,590.169022861024,18.69
04-19-2025 19:09:00,64.5282946479902,590.72066270196,18.76
04-19-2025 19:19:00,65.4565057594588,531.933223232678,18.83
04-19-2025 19:29:00,64.6015847652779,532.056439450258,18.9
04-19-2025 19:39:00,65.1303931747191,529.6784884557,18.96
04-19-2025 19:49:00,63.9767112556192,529.999067518177,19.03
04-19-2025 19:59:00,64.5057533922532,528.610423289316,19.09
04-19-2025 20:09:00,63.9427905035435,527.021839707166,19.15
04-19-2025 20:19:00,64.6673138354055,529.483845582592,19.2
04-19-2025 20:29:00,65.0942169593676,527.971935057975,19.25
04-19-2025 20:39:00,64.8253885342992,529.740318553105,19.3
04-19-2025 20:49:00,65.3521635764976,527.630516548466,19.35
04-19-2025 20:59:00,62.4886268198568,527.266838933765,19.38
04-19-2025 21:09:00,64.6958069923903,527.478419702196,19.4
04-19-2025 21:19:00,66.2108102840998,528.806912707392,19.43
04-19-2025 21:29:00,64.8353801850165,527.027812004286,19.45
04-19-2025 21:39:00,65.5543642161308,527.858956783023,19.48
04-19-2025 21:49:00,65.0746558930312,528.469491757218,19.5
04-19-2025 21:59:00,65.2920911685243,527.187631258001,19.52
04-19-2025 22:09:00,65.5057986469055,528.075471967832,19.53
04-19-2025 22:19:00,66.1180617258327,528.863913102685,19.54
04-19-2025 22:29:00,64.6380224457301,527.958720037018,19.55
04-19-2025 22:39:00,64.9476271502296,527.828844986959,19.55
04-19-2025 22:49:00,64.7553102220174,527.478034489415,19.54
04-19-2025 22:59:00,65.2641558828907,527.846524071564,19.54
04-19-2025 23:09:00,64.5774420502416,527.916222117552,19.54
04-19-2025 23:19:00,64.1822526194181,527.145552364233,19.52
04-19-2025 23:29:00,64.3884834850463,528.389014272202,19.51
04-19-2025 23:39:00,65.1922739904383,527.540825897336,19.5
04-19-2025 23:49:00,65.7929495357757,528.164966709548,19.48
04-19-2025 23:59:00,64.6012478128367,528.291197820024,19.46
04-20-2025 00:09:00,66.300735235829,529.036629597746,19.45
04-20-2025 00:19:00,65.0097077110922,530.25789085533,19.43
04-20-2025 00:29:00,64.7106452305109,530.163148673226,19.4
04-20-2025 00:39:00,66.2064640576572,531.184983119663,19.38
04-20-2025 00:49:00,64.7135092973972,530.692403056166,19.35
04-20-2025 00:59:00,64.2158233344054,533.482182913934,19.32
04-20-2025 01:09:00,65.1104086018142,532.591831771039,19.29
04-20-2025 01:19:00,65.8019625124377,532.276472632438,19.25
04-20-2025 01:29:00,64.2076523079035,535.638021081389,19.21
04-20-2025 01:39:00,65.5906390179339,535.697260209892,19.16
04-20-2025 01:49:00,66.4799368236811,536.176032063269,19.12
04-20-2025 01:59:00,65.0818952745469,537.029359877273,19.07
04-20-2025 02:09:00,65.8639327175538,539.645509787394,19.01
04-20-2025 02:19:00,66.1494330047924,539.780320823715,18.95
04-20-2025 02:29:00,64.6543391386216,540.532406209022,18.9
04-20-2025 02:39:00,65.0392655906262,541.459583242233,18.84
04-20-2025 02:49:00,66.6044614829662,542.241677242541,18.76
04-20-2025 02:59:00,65.6025850271977,541.979804016415,18.7
04-20-2025 03:09:00,65.5870746688988,542.58592010382,18.63
04-20-2025 03:19:00,63.9899756776733,541.412215837039,18.56
04-20-2025 03:29:00,66.7417021289472,543.203884147765,18.49
04-20-2025 03:39:00,65.7382154267339,542.327726448641,18.42
04-20-2025 03:49:00,65.5290829506543,540.784363708676,18.36
04-20-2025 03:59:00,66.1093362121946,542.892570141401,18.3
04-20-2025 04:09:00,64.9105765043398,544.08886380975,18.23
04-20-2025 04:19:00,64.6036489506619,543.828583748134,18.17
04-20-2025 04:29:00,64.7931796197753,539.355580486426,18.12
04-20-2025 04:39:00,65.4674704951809,542.718568583772,18.05
04-20-2025 04:49:00,64.1767159305747,545.215125399359,17.99
04-20-2025 04:59:00,65.5316955077028,544.789192965158,17.9
04-20-2025 05:09:00,65.0287677846471,544.726693067234,17.84
04-20-2025 05:19:00,64.8247041629745,544.981760627763,17.79
04-20-2025 05:29:00,65.3990907884546,544.995150452593,17.72
04-20-2025 05:39:00,64.886022642897,545.159786343858,17.63
04-20-2025 05:49:00,65.9537564849285,544.999858998416,17.57
04-20-2025 05:59:00,65.2522708657665,544.915739896264,17.5
04-20-2025 06:09:00,65.0414167219408,546.105480412232,17.43
04-20-2025 06:19:00,65.3240552114274,544.770815120739,17.37
04-20-2025 06:29:00,66.5889642104314,546.004916983627,17.32
04-20-2025 06:39:00,66.7765971144988,544.88993665197,17.27
04-20-2025 06:49:00,65.0006911739124,543.633466955761,17.2
04-20-2025 06:59:00,65.1924517549475,543.325136110718,17.16
04-20-2025 07:09:00,65.8764512900606,543.821320667359,17.13
04-20-2025 07:19:00,64.7035835286091,542.85170634723,17.1
04-20-2025 07:29:00,64.7903928750036,544.257858035223,17.04
04-20-2025 07:39:00,66.7356974219413,545.880557509214,16.99
04-20-2025 07:49:00,65.9543684674388,545.399985036161,16.96
04-20-2025 07:59:00,64.1000096776983,544.82219151015,16.93
04-20-2025 08:09:00,65.1769560619289,543.389008948937,16.91
04-20-2025 08:19:00,66.0621752913704,545.10041890075,16.9
04-20-2025 08:29:00,65.1876891191081,545.423562165725,16.88
04-20-2025 08:39:00,64.9961845113102,542.820866996893,16.86
04-20-2025 08:49:00,64.7072326410386,545.679858185903,16.84
04-20-2025 08:59:00,65.3897057393095,545.590766253042,16.81
04-20-2025 09:09:00,65.6893406750828,545.254105221895,16.8
04-20-2025 09:19:00,65.4004333814901,545.187714169775,16.78
04-20-2025 09:29:00,65.4076268962197,544.461553437208,16.77
04-20-2025 09:39:00,64.2454000044334,544.027973601151,16.76
04-20-2025 09:49:00,64.9384107243437,542.642223545634,16.76
04-20-2025 09:59:00,64.5666116937128,543.249885414019,16.78
04-20-2025 10:09:00,67.2090798879473,543.326112356703,16.78
04-20-2025 10:19:00,64.6929617816953,542.764348021021,16.8
04-20-2025 10:29:00,65.1009891939488,541.617494091329,16.82
04-20-2025 10:39:00,64.4364977328241,541.250460381206,16.84
04-20-2025 10:49:00,65.5273115842424,540.688328664572,16.86
04-20-2025 10:59:00,64.963829019632,540.928385843494,16.89
04-20-2025 11:09:00,65.1879294012038,540.334232996521,16.94
04-20-2025 11:19:00,64.826428916717,539.6420219031,16.99
04-20-2025 11:29:00,62.8077393455728,537.50597724261,17.05
04-20-2025 11:39:00,63.9177308158324,536.757655864498,17.12
04-20-2025 11:49:00,63.9497964472102,534.031451094625,17.18
04-20-2025 11:59:00,64.7752523198993,533.02967437522,17.27
04-20-2025 12:09:00,63.7450243518056,535.964607740766,17.37
04-20-2025 12:19:00,64.8835842329744,530.462894427726,17.51
04-20-2025 12:29:00,64.2474478473223,534.796334626024,17.62
04-20-2025 12:39:00,63.9012482915224,533.12562137491,17.72
04-20-2025 12:49:00,65.1304629775,531.375240327568,17.83
04-20-2025 12:59:00,64.0046063293938,523.838937859109,17.95
04-20-2025 13:09:00,63.952610873791,528.160540738792,18.05
04-20-2025 13:19:00,63.5064017051087,523.818437974294,18.15
04-20-2025 13:29:00,62.5698753205451,525.20946435404,18.26
04-20-2025 13:39:00,64.7828970125036,528.337324736411,18.35
04-20-2025 13:49:00,63.2463242705733,528.803226995164,18.44
04-20-2025 13:59:00,64.5699236617755,529.248599636601,18.52
04-20-2025 14:09:00,63.3242480405034,527.519117530442,18.6
04-20-2025 14:19:00,64.3455385192807,524.95414700287,18.66
04-20-2025 14:29:00,64.1764875224435,524.048577895996,18.71
04-20-2025 14:39:00,63.6041869390124,524.38782083116,18.74
04-20-2025 14:49:00,64.1136462470016,523.992619532099,18.75
04-20-2025 14:59:00,63.7321044547363,521.815275159355,18.76
04-20-2025 15:09:00,63.4459988054421,520.904377438422,18.76
04-20-2025 15:19:00,63.5559324355535,520.785652515313,18.76
04-20-2025 15:29:00,64.2527576993768,518.745195621643,18.74
04-20-2025 15:39:00,63.5672060281475,519.002335179072,18.73
04-20-2025 15:49:00,64.2638733208585,519.041257911468,18.71
04-20-2025 15:59:00,63.5749694671088,517.101214773312,18.69
04-20-2025 16:09:00,64.7661151284588,517.239615443946,18.67
04-20-2025 16:19:00,63.3884132429153,516.211104591992,18.66
04-20-2025 16:29:00,63.0001583213182,515.776403376766,18.65
04-20-2025 16:39:00,64.3960135270902,515.262954557264,18.65
04-20-2025 16:49:00,65.0994150369972,515.738827571434,18.65
04-20-2025 16:59:00,62.7362278646486,515.720188052783,18.65
04-20-2025 17:09:00,62.9484896603382,513.940908745272,18.66
04-20-2025 17:19:00,63.0653239220919,513.566393996852,18.68
04-20-2025 17:29:00,63.2916384325668,513.54819690141,18.73
04-20-2025 17:39:00,62.2308016227931,513.232944616991,18.78
04-20-2025 17:49:00,63.8473960359677,510.856736017374,18.84
04-20-2025 17:59:00,63.975180611309,511.729538492801,18.89
04-20-2025 18:09:00,63.4089981572058,510.520885012065,18.94
04-20-2025 18:19:00,63.7350797302609,509.410489657417,18.99
04-20-2025 18:29:00,63.7637222807116,507.306926743641,19.04
04-20-2025 18:39:00,62.9024101621955,508.497093101587,19.1
04-20-2025 18:49:00,62.0334631582186,506.670032377528,19.14
04-20-2025 18:59:00,61.9620880763491,506.748655101625,19.19
04-20-2025 19:09:00,63.2821151457454,505.93286069662,19.24
04-20-2025 19:19:00,63.4100314100629,505.414736050593,19.29
04-20-2025 19:29:00,63.5380438833391,505.393579868277,19.34
04-20-2025 19:39:00,63.9646831029239,504.675868966827,19.39
04-20-2025 19:49:00,61.3056050810087,502.563913048998,19.44
04-20-2025 19:59:00,61.5291354799502,502.323553136644,19.48
04-20-2025 20:09:00,63.4462451970514,501.086943446815,19.52
04-20-2025 20:19:00,62.5779364177433,502.060728386447,19.57
04-20-2025 20:29:00,63.6031138248418,501.440221068387,19.62
04-20-2025 20:39:00,62.9266746624505,501.878491258953,19.65
04-20-2025 20:49:00,63.1510803383311,502.53548186105,19.69
04-20-2025 20:59:00,63.5751909975808,502.494463347122,19.73
04-20-2025 21:09:00,62.9979417734338,502.234893580643,19.76
04-20-2025 21:19:00,64.1175344238093,502.075088079927,19.79
04-20-2025 21:29:00,64.0322778612702,503.075517543031,19.8
04-20-2025 21:39:00,62.3528852288647,503.19657619201,19.82
04-20-2025 21:49:00,63.0663700721324,504.197502318788,19.83
04-20-2025 21:59:00,63.3804863035233,504.199964840999,19.84
04-20-2025 22:09:00,62.2963463886898,503.203722298941,19.85
04-20-2025 22:19:00,63.1064019121999,504.885236138722,19.85
04-20-2025 22:29:00,62.8177897176499,505.168541552227,19.85
04-20-2025 22:39:00,63.8240661839239,505.53266634388,19.84
04-20-2025 22:49:00,62.337030264529,505.716282456536,19.84
04-20-2025 22:59:00,62.0450527562295,505.281647854132,19.83
04-20-2025 23:09:00,62.8515308822636,505.845745242456,19.82
04-20-2025 23:19:00,62.459720305182,506.509711079909,19.81
04-20-2025 23:29:00,63.0663655855258,506.374971510494,19.8
04-20-2025 23:39:00,64.4715637732285,506.340196947987,19.79
04-20-2025 23:49:00,63.4772873159404,506.386194053792,19.77
04-20-2025 23:59:00,63.185408191282,507.848759184265,19.76
04-21-2025 00:09:00,65.285099203819,507.794956990432,19.74
04-21-2025 00:19:00,64.0915597332807,507.3422000766,19.72
04-21-2025 00:29:00,62.8055437872158,507.925807116664,19.72
04-21-2025 00:39:00,63.3050147821003,508.950388825515,19.69
04-21-2025 00:49:00,61.8130879808489,508.298531074909,19.67
04-21-2025 00:59:00,62.1199641938334,509.860193995294,19.66
04-21-2025 01:09:00,65.411044288974,509.787488094299,19.63
04-21-2025 01:19:00,64.215022912568,510.91109615796,19.6
04-21-2025 01:29:00,64.0161282279653,512.034302099786,19.57
04-21-2025 01:39:00,63.116465880171,514.233349942529,19.53
04-21-2025 01:49:00,62.5161617836313,512.9454836538,19.49
04-21-2025 01:59:00,63.1040404403863,516.298178402657,19.43
04-21-2025 02:09:00,64.7929763489755,516.205126269566,19.39
04-21-2025 02:19:00,63.5924799964567,517.286150564195,19.34
04-21-2025 02:29:00,63.6890467627781,517.889231242217,19.3
04-21-2025 02:39:00,64.8790310248974,519.784361692778,19.26
04-21-2025 02:49:00,65.2660304569342,520.7438372538,19.2
04-21-2025 02:59:00,63.0705908558491,520.808774937527,19.14
04-21-2025 03:09:00,64.2522177233364,521.965725347079,19.08
04-21-2025 03:19:00,63.2499846784223,521.931161867055,19.02
04-21-2025 03:29:00,64.7243566643983,523.959036058809,18.95
04-21-2025 03:39:00,63.4256294650797,524.12214698003,18.89
04-21-2025 03:49:00,64.7993429020097,523.769711074964,18.82
04-21-2025 03:59:00,64.4955843932294,523.458274076346,18.77
04-21-2025 04:09:00,63.7926910306332,523.325027335417,18.71
04-21-2025 04:19:00,63.3838080522303,522.974110107637,18.64
04-21-2025 04:29:00,64.0628472171032,524.007809104057,18.57
04-21-2025 04:39:00,65.1327826539702,525.613066058339,18.49
04-21-2025 04:49:00,64.1349618121373,524.591102705142,18.43
04-21-2025 04:59:00,63.920772293678,524.813001247351,18.35
04-21-2025 05:09:00,64.8938975469722,525.646818929443,18.28
04-21-2025 05:19:00,64.2992319564683,526.245027514527,18.24
04-21-2025 05:29:00,64.0818278706315,526.347320770278,18.15
04-21-2025 05:39:00,65.0498075821398,526.765354720388,18.07
04-21-2025 05:49:00,64.5510450985028,525.964433694586,18.02
04-21-2025 05:59:00,64.4392441882656,526.796394651836,17.95
04-21-2025 06:09:00,63.7307953346293,527.095511937098,17.86
04-21-2025 06:19:00,66.0830627013154,527.966818729031,17.81
04-21-2025 06:29:00,63.3156020118385,527.892704387245,17.73
04-21-2025 06:39:00,64.2809407596623,528.407727843976,17.65
04-21-2025 06:49:00,63.5914359240067,526.649069958346,17.61
04-21-2025 06:59:00,63.9708835512765,527.283018028439,17.54
04-21-2025 07:09:00,64.2657885031892,528.781610072299,17.51
04-21-2025 07:19:00,65.2430672244261,528.103250470796,17.47
04-21-2025 07:29:00,64.0609914931579,527.601236152614,17.42
04-21-2025 07:39:00,63.1770001812069,526.826119904453,17.38
04-21-2025 07:49:00,64.7375435933777,527.793659629243,17.33
04-21-2025 07:59:00,64.3363622595974,529.914517058568,17.27
04-21-2025 08:09:00,64.4384308585397,529.865356847815,17.25
04-21-2025 08:19:00,62.8743009057818,529.79605792487,17.22
04-21-2025 08:29:00,65.9102824948731,529.258245435786,17.2
04-21-2025 08:39:00,65.7223046707163,529.425384107029,17.19
04-21-2025 08:49:00,63.9665371252265,528.888004687069,17.17
04-21-2025 08:59:00,64.4630825175231,528.468809377559,17.16
04-21-2025 09:09:00,64.7640501568781,526.388013398996,17.15
04-21-2025 09:19:00,64.7717422772129,526.946748077615,17.14
04-21-2025 09:29:00,63.3167612152534,528.405240864691,17.14
04-21-2025 09:39:00,65.3805682169103,528.788648048343,17.14
04-21-2025 09:49:00,64.1210799342703,530.051850585118,17.14
04-21-2025 09:59:00,64.4254987587,529.164782992369,17.14
04-21-2025 10:09:00,65.4176597166644,529.177650851981,17.15
04-21-2025 10:19:00,64.9435857441287,529.483883800386,17.16
04-21-2025 10:29:00,64.8639931169426,528.539356525908,17.18
04-21-2025 10:39:00,64.780893945893,529.13912154286,17.19
04-21-2025 10:49:00,64.998146199933,528.899150892275,17.22
04-21-2025 10:59:00,64.5306958809102,529.246096039044,17.25
04-21-2025 11:09:00,65.2407624910267,528.732676624295,17.29
04-21-2025 11:19:00,65.0737596915359,528.239020038835,17.34
04-21-2025 11:29:00,62.6540632789381,528.038811696883,17.39
04-21-2025 11:39:00,63.9555312379028,527.936447717492,17.44
04-21-2025 11:49:00,64.0887008779444,527.28589001877,17.51
04-21-2025 11:59:00,65.0136878124095,527.263074595364,17.6
04-21-2025 12:09:00,64.5690698732151,527.063828873484,17.7
04-21-2025 12:19:00,63.2427971945176,528.554667573278,17.81
04-21-2025 12:29:00,64.8576731459115,527.549250983996,17.9
04-21-2025 12:39:00,65.1042243354311,526.188609513065,18.01
04-21-2025 12:49:00,64.3661342849744,527.583680950738,18.12
04-21-2025 12:59:00,65.1971438336948,525.392050000303,18.21
04-21-2025 13:09:00,66.431174461244,523.730001615192,18.32
04-21-2025 13:19:00,64.5039096831243,522.440300225897,18.42
04-21-2025 13:29:00,63.6571604999123,523.105156662286,18.51
04-21-2025 13:39:00,64.8822094534548,519.796148653819,18.59
04-21-2025 13:49:00,63.2362261139661,520.91554251774,18.66
04-21-2025 13:59:00,63.56469424388,520.927774483435,18.72
04-21-2025 14:09:00,64.5831547967086,520.425374128691,18.77
04-21-2025 14:19:00,63.9184585652323,520.219767031382,18.82
04-21-2025 14:29:00,63.9434593417805,518.508200539594,18.86
04-21-2025 14:39:00,62.0786094606199,517.35174023628,18.88
04-21-2025 14:49:00,64.2736216602925,518.653605827851,18.89
04-21-2025 14:59:00,63.4919811338115,518.449609845292,18.89
04-21-2025 15:09:00,63.4007355975724,518.028178958168,18.88
04-21-2025 15:19:00,63.3095087979372,516.913255028293,18.87
04-21-2025 15:29:00,63.7137427633632,516.888595760151,18.86
04-21-2025 15:39:00,63.021313896358,513.655616450729,18.83
04-21-2025 15:49:00,62.9268188716355,516.187821443898,18.81
04-21-2025 15:59:00,62.4362281081853,514.758026956248,18.79
04-21-2025 16:09:00,62.2428515330313,514.418007021591,18.77
04-21-2025 16:19:00,63.636965294989,513.899127573198,18.76
04-21-2025 16:29:00,64.0442802449738,513.795339974347,18.76
04-21-2025 16:39:00,64.6496160055774,512.800568188634,18.76
04-21-2025 16:49:00,64.1692940385947,513.012819720343,18.77
04-21-2025 16:59:00,63.6922988809264,512.550785707419,18.79
04-21-2025 17:09:00,64.6053091439,512.602689889942,18.82
04-21-2025 17:19:00,63.4414472739788,510.988946875974,18.86
04-21-2025 17:29:00,65.3566326299441,510.303465773561,18.92
04-21-2025 17:39:00,62.8103878929502,510.014068436337,18.98
04-21-2025 17:49:00,62.3455437682027,509.327475763734,19.04
04-21-2025 17:59:00,64.8621123856819,508.559406470112,19.11
04-21-2025 18:09:00,62.8050621534332,509.442231992273,19.16
04-21-2025 18:19:00,62.8363912524215,506.866280285054,19.22
04-21-2025 18:29:00,62.7683196571692,506.375724233803,19.28
04-21-2025 18:39:00,62.6968445818587,506.463232346718,19.33
04-21-2025 18:49:00,62.5258032237274,504.361785630789,19.38
04-21-2025 18:59:00,63.4529716909458,504.864928928894,19.44
04-21-2025 19:09:00,63.282068561369,504.653230784725,19.49
04-21-2025 19:19:00,64.4096820448564,503.96132253045,19.55
04-21-2025 19:29:00,63.4415721421548,505.642996121416,19.6
04-21-2025 19:39:00,63.6727072854048,503.255625231948,19.66
04-21-2025 19:49:00,64.3994596454704,503.042975737822,19.71
04-21-2025 19:59:00,62.9310433046453,504.027856731851,19.76
04-21-2025 20:09:00,62.3600591234828,502.018145486723,19.81
04-21-2025 20:19:00,61.7853471728198,502.985439454226,19.85
04-21-2025 20:29:00,62.605691139504,502.936277920021,19.88
04-21-2025 20:39:00,63.5297571817011,501.306172686487,19.92
04-21-2025 20:49:00,62.451745663055,503.65570551019,19.95
04-21-2025 20:59:00,61.4699582058458,503.688745637732,19.97
04-21-2025 21:09:00,63.6910076497761,503.339915208347,20
04-21-2025 21:19:00,62.8056948249664,504.555125377442,20.01
04-21-2025 21:29:00,62.9237514257155,505.488747508884,20.03
04-21-2025 21:39:00,61.5412393333343,504.722052442631,20.05
04-21-2025 21:49:00,63.4601446132562,503.154725069191,20.07
04-21-2025 21:59:00,64.3720086035005,504.753068216413,20.07
04-21-2025 22:09:00,62.9859280389186,505.969479857805,20.08
04-21-2025 22:19:00,61.4995514229208,506.085371619566,20.09
04-21-2025 22:29:00,62.4148735830919,507.502415190938,20.1
04-21-2025 22:39:00,62.8265613040126,505.99901395709,20.1
04-21-2025 22:49:00,62.5410003249175,505.915006418024,20.11
04-21-2025 22:59:00,63.6499437713512,505.19428509133,20.1
04-21-2025 23:09:00,62.8640079011144,503.008528734388,20.11
04-21-2025 23:19:00,63.572608719422,506.591728750185,20.1
04-21-2025 23:29:00,63.6806631686292,506.771993599991,20.09
04-21-2025 23:39:00,63.0848990260843,507.734592585077,20.07
04-21-2025 23:49:00,61.8923461913857,508.415201286283,20.06
04-21-2025 23:59:00,62.1973167852377,509.5776199456,20.04
04-22-2025 00:09:00,64.0024370747571,510.539761812887,20.02
04-22-2025 00:19:00,62.203704532981,512.183140199769,19.99
04-22-2025 00:29:00,62.4052051189441,511.426644374651,19.96
04-22-2025 00:39:00,63.3994265651474,511.832925966543,19.91
04-22-2025 00:49:00,63.5039973335833,513.993194409894,19.89
04-22-2025 00:59:00,63.8083307981595,512.756460354707,19.87
04-22-2025 01:09:00,62.7043409458862,515.758628711706,19.82
04-22-2025 01:19:00,62.7058240081139,515.102885646617,19.79
04-22-2025 01:29:00,63.2063476776738,516.743160444395,19.76
04-22-2025 01:39:00,63.1046076355068,516.867194520335,19.72
04-22-2025 01:49:00,62.2082632190003,516.910413767539,19.69
04-22-2025 01:59:00,63.1074341500205,518.349928435605,19.66
04-22-2025 02:09:00,62.8031421795014,519.551424309919,19.61
04-22-2025 02:19:00,63.3029597466794,521.288672473153,19.58
04-22-2025 02:29:00,65.0978401595186,522.527038884415,19.55
04-22-2025 02:39:00,61.4098984215313,522.052321685556,19.51
04-22-2025 02:49:00,64.687628866673,523.431404567286,19.45
04-22-2025 02:59:00,64.4879906497051,522.658542557303,19.41
04-22-2025 03:09:00,64.2883547745696,524.094521904804,19.38
04-22-2025 03:19:00,64.1832713106428,524.794899721088,19.33
04-22-2025 03:29:00,63.4850924167622,524.519986060737,19.29
04-22-2025 03:39:00,63.6786003101138,524.623696440514,19.24
04-22-2025 03:49:00,64.5708440418974,524.25001276052,19.2
04-22-2025 03:59:00,64.2672057140822,523.559558213012,19.15
04-22-2025 04:09:00,63.2688696029948,521.579210549799,19.1
04-22-2025 04:19:00,65.1527462883351,522.199899648957,19.06
04-22-2025 04:29:00,64.0555897253366,522.305230391573,19.01
04-22-2025 04:39:00,63.9476350628787,523.978175704649,18.95
04-22-2025 04:49:00,64.1371338945404,524.163028875596,18.89
04-22-2025 04:59:00,64.3298541789494,525.853148863888,18.84
04-22-2025 05:09:00,64.3209787813233,525.542199780394,18.78
04-22-2025 05:19:00,62.6295059966069,524.736857185442,18.72
04-22-2025 05:29:00,63.215061370441,526.306807167321,18.66
04-22-2025 05:39:00,65.3856587852445,527.301479261714,18.61
04-22-2025 05:49:00,64.6878493301887,525.626553936588,18.56
04-22-2025 05:59:00,63.499858118547,526.343848471786,18.52
04-22-2025 06:09:00,64.485975166581,526.171755647316,18.48
04-22-2025 06:19:00,62.8972823169244,525.171685138426,18.42
04-22-2025 06:29:00,64.5602420846977,527.48983040861,18.34
04-22-2025 06:39:00,63.956285935833,526.96460862618,18.27
04-22-2025 06:49:00,64.8349435393925,528.135117972794,18.21
04-22-2025 06:59:00,64.4386375119526,528.259423656693,18.17
04-22-2025 07:09:00,63.3497184864798,527.182483655658,18.12
04-22-2025 07:19:00,62.7540080908994,530.045235188408,18.07
04-22-2025 07:29:00,63.9304731989116,531.331057258345,18.02
04-22-2025 07:39:00,65.2044038607717,530.057946141534,17.97
04-22-2025 07:49:00,64.4120027339347,531.048056782311,17.92
04-22-2025 07:59:00,63.8234770804967,530.601633913424,17.89
04-22-2025 08:09:00,65.0012816568516,532.495325745878,17.85
04-22-2025 08:19:00,64.7010245227922,532.304979223476,17.8
04-22-2025 08:29:00,64.8954866161566,531.839731394122,17.76
04-22-2025 08:39:00,65.4826081984089,531.178556615517,17.72
04-22-2025 08:49:00,65.1893140182426,532.893330510679,17.69
04-22-2025 08:59:00,64.1143136841968,532.565794445308,17.67
04-22-2025 09:09:00,64.017737566149,532.611619927039,17.64
04-22-2025 09:19:00,62.9465855070037,531.715182555409,17.63
04-22-2025 09:29:00,63.0562256898303,532.996983180532,17.63
04-22-2025 09:39:00,64.5362458831609,533.376310829572,17.62
04-22-2025 09:49:00,63.9590742410557,532.401558781944,17.62
04-22-2025 09:59:00,64.4645166279081,532.623676541061,17.63
04-22-2025 10:09:00,63.5929331429702,533.415256339346,17.63
04-22-2025 10:19:00,63.7025850349589,533.225702025215,17.63
04-22-2025 10:29:00,65.1859655179117,532.055013598666,17.63
04-22-2025 10:39:00,63.6340692625486,530.628443784621,17.65
04-22-2025 10:49:00,62.7719642395263,531.576460706776,17.68
04-22-2025 10:59:00,64.7534651824257,529.756661985455,17.7
04-22-2025 11:09:00,64.2774385738244,530.077464426257,17.71
04-22-2025 11:19:00,62.7276079444815,529.847466722632,17.74
04-22-2025 11:29:00,64.6151641254019,529.028015188005,17.77
04-22-2025 11:39:00,63.464206707899,529.130626225934,17.82
04-22-2025 11:49:00,63.8885832154708,528.072582199532,17.88
04-22-2025 11:59:00,63.2378247604279,527.44483230221,17.96
04-22-2025 12:09:00,63.2753271495659,528.292892542285,18.04
04-22-2025 12:19:00,63.414628183069,527.584851145082,18.13
04-22-2025 12:29:00,65.7298471952142,526.026140661943,18.24
04-22-2025 12:39:00,64.1970285585161,527.307565286881,18.34
04-22-2025 12:49:00,62.8624834132708,527.721128968201,18.45
04-22-2025 12:59:00,64.6854518868484,526.139444445675,18.55
04-22-2025 13:09:00,63.3425402840095,527.503857411533,18.64
04-22-2025 13:19:00,63.6804370920306,526.098583802972,18.73
04-22-2025 13:29:00,63.1272952896996,527.365765196992,18.82
04-22-2025 13:39:00,63.5613403699057,523.560513124323,18.9
04-22-2025 13:49:00,64.2901376183526,524.095709395702,18.97
04-22-2025 13:59:00,63.4320415214697,523.242247466014,19.04
04-22-2025 14:09:00,63.0694066717463,522.487093968115,19.11
04-22-2025 14:19:00,63.5938602318176,522.786605501343,19.16
04-22-2025 14:29:00,64.0160384659377,521.378639135449,19.2
04-22-2025 14:39:00,62.351283711274,521.063094012333,19.24
04-22-2025 14:49:00,63.8570404189483,521.487248099821,19.25
04-22-2025 14:59:00,63.4743182587563,520.32105007562,19.26
04-22-2025 15:09:00,64.0790278628281,521.106127537792,19.25
04-22-2025 15:19:00,63.0933979648743,520.9966814897,19.24
04-22-2025 15:29:00,63.0023723941944,521.483663893039,19.23
04-22-2025 15:39:00,62.8087717864647,520.362332851583,19.21
04-22-2025 15:49:00,63.1119922057626,521.228506479625,19.19
04-22-2025 15:59:00,63.1171175202236,520.008508367264,19.17
04-22-2025 16:09:00,62.7249723620667,517.795847760084,19.15
04-22-2025 16:19:00,63.6271743367297,518.184040407293,19.14
04-22-2025 16:29:00,63.632232292219,516.766821478273,19.12
04-22-2025 16:39:00,62.8430631943284,518.328558527374,19.1
04-22-2025 16:49:00,64.7409829187913,518.139395296942,19.1
04-22-2025 16:59:00,61.5725694135053,518.726420773999,19.09
04-22-2025 17:09:00,63.7714404133749,516.272181547909,19.1
04-22-2025 17:19:00,62.9985023441919,517.328699158334,19.13
04-22-2025 17:29:00,62.8211493939319,516.796544456269,19.16
04-22-2025 17:39:00,62.8456193879873,513.996857627851,19.2
04-22-2025 17:49:00,63.168271217851,515.270410379032,19.24
04-22-2025 17:59:00,61.9966475760072,514.9362410267,19.27
04-22-2025 18:09:00,63.6087282093045,513.70701258482,19.3
04-22-2025 18:19:00,61.6409421125252,514.764869364054,19.33
04-22-2025 18:29:00,63.5521656222591,514.231503089131,19.36
04-22-2025 18:39:00,63.7726343406838,513.797436048827,19.39
04-22-2025 18:49:00,61.5079553294071,513.679494519162,19.43
04-22-2025 18:59:00,62.026746145288,513.145567336187,19.46
04-22-2025 19:09:00,63.7441471531281,512.131032138987,19.5
04-22-2025 19:19:00,64.2604382484596,513.073219384278,19.52
04-22-2025 19:29:00,62.9867716732316,512.140344456134,19.55
04-22-2025 19:39:00,64.8053823518608,512.420575062474,19.59
04-22-2025 19:49:00,63.6275445825912,511.170557186361,19.61
04-22-2025 19:59:00,63.2501858768339,511.931759842431,19.64
04-22-2025 20:09:00,62.4737040589106,511.995234847635,19.67
04-22-2025 20:19:00,62.4917317142968,510.744515735767,19.69
04-22-2025 20:29:00,65.203459702649,511.788086967855,19.71
04-22-2025 20:39:00,62.6275827785337,510.936188459632,19.73
04-22-2025 20:49:00,62.5426584140386,512.761089845857,19.74
04-22-2025 20:59:00,62.8569154562937,512.889789058203,19.75
04-22-2025 21:09:00,65.0641667005235,513.699625222096,19.75
04-22-2025 21:19:00,63.382520120367,514.028194763374,19.76
04-22-2025 21:29:00,62.7953654452518,514.73847834551,19.76
04-22-2025 21:39:00,63.9082150632404,514.168996359328,19.77
04-22-2025 21:49:00,63.3177769252216,514.662241861897,19.76
04-22-2025 21:59:00,62.7306292756036,514.773982045698,19.76
04-22-2025 22:09:00,61.8440638846351,515.484661318542,19.76
04-22-2025 22:19:00,63.5524748897507,514.099498931784,19.76
04-22-2025 22:29:00,64.1630145983615,515.009989438771,19.76
04-22-2025 22:39:00,63.9751030936503,514.922511924492,19.76
04-22-2025 22:49:00,63.2849291091524,516.015105548026,19.75
04-22-2025 22:59:00,64.2946222390056,514.830056737146,19.75
04-22-2025 23:09:00,63.008948617836,516.140073254221,19.75
04-22-2025 23:19:00,64.118445087565,515.753611538384,19.75
04-22-2025 23:29:00,62.7297948859807,516.746700556024,19.74
04-22-2025 23:39:00,62.7415108210526,516.859429966597,19.74
04-22-2025 23:49:00,63.3487425050144,516.056488525436,19.73
04-22-2025 23:59:00,64.5578541284908,517.765937121017,19.73
04-23-2025 00:09:00,63.1694071967826,517.661634294418,19.72
04-23-2025 00:19:00,64.2786525428933,518.672730340553,19.72
04-23-2025 00:29:00,63.6917328905585,518.586405265656,19.72
04-23-2025 00:39:00,65.2000811180465,520.296121003142,19.72
04-23-2025 00:49:00,63.7151952045235,521.307513817309,19.72
04-23-2025 00:59:00,65.1271399380329,521.03992520974,19.73
04-23-2025 01:09:00,64.536863281243,522.931498015961,19.72
04-23-2025 01:19:00,63.4510825909297,522.745893005022,19.72
04-23-2025 01:29:00,63.5593615339692,524.138568881889,19.71
04-23-2025 01:39:00,64.0666612141941,524.234277470996,19.7
04-23-2025 01:49:00,63.6761293645674,526.724098817125,19.69
04-23-2025 01:59:00,63.5816566753077,525.405145082605,19.67
04-23-2025 02:09:00,64.0888048951024,525.401355524969,19.66
04-23-2025 02:19:00,64.3898438699264,528.252544473077,19.63
04-23-2025 02:29:00,64.8901020424986,529.40798135512,19.6
04-23-2025 02:39:00,63.9917066312582,529.24897482292,19.56
04-23-2025 02:49:00,64.4917962711916,530.901949300925,19.53
04-23-2025 02:59:00,64.9883148260745,532.236739624878,19.49
04-23-2025 03:09:00,65.4878999277125,532.892720665458,19.46
04-23-2025 03:19:00,63.9996646679081,531.576362253522,19.44
04-23-2025 03:29:00,63.4013098345438,533.009979594541,19.4
04-23-2025 03:39:00,64.4913236744863,533.230246245627,19.35
04-23-2025 03:49:00,65.186065227587,534.065974456467,19.31
04-23-2025 03:59:00,63.7894397173484,534.584250933919,19.26
04-23-2025 04:09:00,64.9807981107503,535.816794457898,19.22
04-23-2025 04:19:00,64.8766355223881,535.241687647966,19.17
04-23-2025 04:29:00,63.680324858149,535.064412540688,19.12
04-23-2025 04:39:00,64.0730654966574,536.078531912539,19.07
04-23-2025 04:49:00,63.7709960403944,536.893600178205,19.02
04-23-2025 04:59:00,64.9568147535726,536.220573073623,18.97
04-23-2025 05:09:00,65.5468807310703,537.233587549973,18.92
04-23-2025 05:19:00,62.8631697173738,536.443390111343,18.86
04-23-2025 05:29:00,64.6388862999096,536.14936526938,18.8
04-23-2025 05:39:00,62.9512845769537,537.953636346525,18.75
04-23-2025 05:49:00,64.9266286731941,537.777422451762,18.7
04-23-2025 05:59:00,64.7208402148576,537.978318436769,18.64
04-23-2025 06:09:00,63.0353965281309,538.989141452822,18.59
04-23-2025 06:19:00,63.6181568587581,537.39196748242,18.52
04-23-2025 06:29:00,64.0059652003563,539.272522834741,18.46
04-23-2025 06:39:00,65.3906291948925,538.641303334703,18.43
04-23-2025 06:49:00,64.7935909719034,538.663852746657,18.38
04-23-2025 06:59:00,65.4764297451871,539.161025470415,18.32
04-23-2025 07:09:00,64.4789295646822,540.033443655578,18.25
04-23-2025 07:19:00,64.4713181279401,539.150034382636,18.19
04-23-2025 07:29:00,66.1451908898547,539.881694670639,18.15
04-23-2025 07:39:00,64.8565499450529,539.688836992162,18.09
04-23-2025 07:49:00,64.0709231428084,540.045191096617,18.06
04-23-2025 07:59:00,63.476247511372,540.757415153431,18.01
04-23-2025 08:09:00,64.3641985461476,539.736072806365,17.98
04-23-2025 08:19:00,63.8745185846786,541.174686299424,17.95
04-23-2025 08:29:00,64.7489832486232,541.35685698443,17.88
04-23-2025 08:39:00,65.7273959051647,541.675178905526,17.83
04-23-2025 08:49:00,64.8417328104833,541.619392844159,17.79
04-23-2025 08:59:00,64.1562664109992,540.895140130302,17.76
04-23-2025 09:09:00,64.2567424347755,541.840805046261,17.73
04-23-2025 09:19:00,64.4553563926542,542.393464714244,17.7
04-23-2025 09:29:00,63.7704943929221,542.160781803866,17.67
04-23-2025 09:39:00,64.7606606803686,541.377227798301,17.66
04-23-2025 09:49:00,65.8388591091635,542.696206299853,17.62
04-23-2025 09:59:00,66.0402868057949,542.384841277353,17.6
04-23-2025 10:09:00,64.476136379303,541.877542456436,17.58
04-23-2025 10:19:00,65.0732562342664,543.645081208822,17.57
04-23-2025 10:29:00,66.1572934045772,542.941844757477,17.55
04-23-2025 10:39:00,64.8943685175045,542.570797148176,17.55
04-23-2025 10:49:00,63.3341508650445,542.279092870806,17.54
04-23-2025 10:59:00,64.6175086320234,542.085598230384,17.53
04-23-2025 11:09:00,64.3352491568721,542.989518630109,17.53
04-23-2025 11:19:00,65.7197683379558,543.305263959193,17.53
04-23-2025 11:29:00,62.9894519394626,543.24777813646,17.54
04-23-2025 11:39:00,64.8643515390411,542.289042317776,17.54
04-23-2025 11:49:00,63.5097296216832,540.681295496321,17.56
04-23-2025 11:59:00,64.0214424153469,540.562986669993,17.59
04-23-2025 12:09:00,64.6411382613207,539.420967688939,17.65
04-23-2025 12:19:00,63.6967178376419,538.90393599572,17.73
04-23-2025 12:29:00,65.5024605460284,538.975774832984,17.81
04-23-2025 12:39:00,64.3702862448249,538.61143776629,17.92
04-23-2025 12:49:00,63.8267254175122,537.655741875629,18.03
04-23-2025 12:59:00,63.3838343411629,537.898949246114,18.15
04-23-2025 13:09:00,64.4194235820706,539.523213233056,18.27
04-23-2025 13:19:00,64.1736462767923,538.78123334583,18.39
04-23-2025 13:29:00,63.034975102386,539.106077103787,18.5
04-23-2025 13:39:00,63.6711703865464,537.138488807326,18.6
04-23-2025 13:49:00,64.3019644906784,536.714307566959,18.68
04-23-2025 13:59:00,63.8381228429474,536.648832778062,18.74
04-23-2025 14:09:00,65.0575223276045,537.078482274763,18.8
04-23-2025 14:19:00,66.1756430224022,536.697453995841,18.85
04-23-2025 14:29:00,64.5160690463676,536.694241969411,18.89
04-23-2025 14:39:00,63.440893286274,535.942154617528,18.9
04-23-2025 14:49:00,64.2425882397767,537.829615440334,18.89
04-23-2025 14:59:00,64.9385566109911,540.472464356878,18.86
04-23-2025 15:09:00,65.3370052866534,539.052552632596,18.83
04-23-2025 15:19:00,64.2432783987231,538.289914712493,18.78
04-23-2025 15:29:00,63.2525303132438,537.843408561009,18.74
04-23-2025 15:39:00,63.0541195180536,538.485944340706,18.7
04-23-2025 15:49:00,62.6579850373684,537.347503327649,18.66
04-23-2025 15:59:00,62.7566064806541,536.308864828732,18.62
04-23-2025 16:09:00,63.4483771997657,536.655204943998,18.58
04-23-2025 16:19:00,64.6338939797712,536.013146164438,18.54
04-23-2025 16:29:00,64.3397878537953,536.180250652418,18.51
04-23-2025 16:39:00,63.6538044351515,535.871599170197,18.49
04-23-2025 16:49:00,63.3662700423621,535.087316141355,18.48
04-23-2025 16:59:00,62.8812250414832,534.303276671668,18.47
04-23-2025 17:09:00,64.4704835983101,533.321935775688,18.46
04-23-2025 17:19:00,63.3990527840198,533.265463638742,18.47
04-23-2025 17:29:00,64.5007925013287,533.801791119134,18.48
04-23-2025 17:39:00,64.0251217218973,533.368172764929,18.5
04-23-2025 17:49:00,63.1571003576452,530.876907314448,18.53
04-23-2025 17:59:00,63.7714291750514,530.559217176974,18.56
04-23-2025 18:09:00,63.6939241906447,529.648165097356,18.59
04-23-2025 18:19:00,63.6132611279518,527.928132325593,18.61
04-23-2025 18:29:00,63.832424684741,529.390121227026,18.64
04-23-2025 18:39:00,64.543189123916,528.164120457052,18.66
04-23-2025 18:49:00,63.5752104576745,528.043576387666,18.69
04-23-2025 18:59:00,62.7057420869806,527.725058790809,18.72
04-23-2025 19:09:00,63.8158800023565,527.010422594868,18.75
04-23-2025 19:19:00,62.5469147959041,525.981205509385,18.77
04-23-2025 19:29:00,62.6700834982908,526.273581551399,18.81
04-23-2025 19:39:00,63.7778728977626,525.342915984058,18.83
04-23-2025 19:49:00,63.6970493054714,525.006494733299,18.85
04-23-2025 19:59:00,63.3250917086982,525.596180074778,18.89
04-23-2025 20:09:00,64.1394606701159,524.781170140256,18.92
04-23-2025 20:19:00,62.7727022809386,525.5523641645,18.95
04-23-2025 20:29:00,62.992221370558,524.14192868,18.98
04-23-2025 20:39:00,63.1095615468334,523.705956592133,19
04-23-2025 20:49:00,62.4362339403561,524.97362934171,19.03
04-23-2025 20:59:00,63.7475219542131,524.951737285549,19.06
04-23-2025 21:09:00,64.265268961847,525.12841532461,19.09
04-23-2025 21:19:00,62.8936042664334,525.586004098518,19.11
04-23-2025 21:29:00,63.1072717626048,526.026674264158,19.12
04-23-2025 21:39:00,63.0261295279221,526.583955172992,19.14
04-23-2025 21:49:00,64.0344086736109,525.336540457046,19.15
04-23-2025 21:59:00,65.0460746175333,527.284657036968,19.17
04-23-2025 22:09:00,63.276247387592,527.147094826801,19.19
04-23-2025 22:19:00,63.2944481155868,529.692442708278,19.21
04-23-2025 22:29:00,63.7101829532446,527.76645546293,19.23
04-23-2025 22:39:00,64.6262311514957,526.851028330728,19.26
04-23-2025 22:49:00,62.7556291874925,527.11121008933,19.28
04-23-2025 22:59:00,63.1745779346602,528.084822940918,19.31
04-23-2025 23:09:00,63.3916947621078,528.444875860867,19.33
04-23-2025 23:19:00,63.0120106597691,528.805102643976,19.35
04-23-2025 23:29:00,64.5225921605401,528.767526679418,19.37
04-23-2025 23:39:00,63.9439443893136,528.929017095546,19.39
04-23-2025 23:49:00,63.8627398165087,527.896304008303,19.41
04-23-2025 23:59:00,64.3787603163451,530.34729124663,19.43
04-24-2025 00:09:00,63.003341003164,530.409729548677,19.45
04-24-2025 00:19:00,63.5131940860466,531.433122517383,19.45
04-24-2025 00:29:00,62.8313919770787,532.474117269807,19.46
04-24-2025 00:39:00,63.7426664818449,533.316209536905,19.47
04-24-2025 00:49:00,64.5513289261496,534.240469164276,19.47
04-24-2025 00:59:00,62.9732638160985,534.784191794604,19.48
04-24-2025 01:09:00,63.5828307332391,534.015817352225,19.48
04-24-2025 01:19:00,63.9932357649754,535.23918410489,19.48
04-24-2025 01:29:00,64.6992046631026,536.942755784858,19.47
04-24-2025 01:39:00,64.011138843916,536.654850987586,19.46
04-24-2025 01:49:00,63.3231878709498,535.968879524034,19.45
04-24-2025 01:59:00,66.2158530662464,537.953141762194,19.43
04-24-2025 02:09:00,64.7220836418413,539.303863979455,19.39
04-24-2025 02:19:00,65.2252851603643,540.291994059906,19.37
04-24-2025 02:29:00,63.536728851412,540.764525166317,19.34
04-24-2025 02:39:00,64.9286355421332,542.511635879098,19.3
04-24-2025 02:49:00,63.5362808346634,543.760775081048,19.26
04-24-2025 02:59:00,65.2254383116151,543.31992835751,19.22
04-24-2025 03:09:00,64.4236665387018,544.929143008564,19.16
04-24-2025 03:19:00,63.7312192457414,545.797841309303,19.13
04-24-2025 03:29:00,65.3193153569162,547.044962786345,19.09
04-24-2025 03:39:00,65.5138290369736,546.685250615346,19.04
04-24-2025 03:49:00,65.9065820880259,549.004199879452,18.99
04-24-2025 03:59:00,65.5090395603424,548.960386651117,18.95
04-24-2025 04:09:00,64.513853321547,549.889469611315,18.9
04-24-2025 04:19:00,65.59694089107,549.80863912265,18.84
04-24-2025 04:29:00,65.8932933528131,551.349851871763,18.8
04-24-2025 04:39:00,66.4832035136018,551.386462593949,18.75
04-24-2025 04:49:00,65.3903041219015,552.808711860942,18.7
04-24-2025 04:59:00,64.4961337990007,553.438650148126,18.65
04-24-2025 05:09:00,66.0715088700716,553.752845926039,18.59
04-24-2025 05:19:00,65.1778763923318,554.678777372554,18.54
04-24-2025 05:29:00,65.4673238630643,554.597388228362,18.48
04-24-2025 05:39:00,64.6766215697222,554.652656944721,18.44
04-24-2025 05:49:00,64.7686849360095,556.2498336235,18.38
04-24-2025 05:59:00,65.5545083702817,556.680692908527,18.33
04-24-2025 06:09:00,66.3397183333203,556.914150304854,18.28
04-24-2025 06:19:00,65.5404637013127,555.631118099692,18.21
04-24-2025 06:29:00,67.0147138299214,557.343249487577,18.16
04-24-2025 06:39:00,65.5296873064508,557.360848193797,18.1
04-24-2025 06:49:00,65.42746657274,557.102198035737,18.05
04-24-2025 06:59:00,66.5062786493948,558.22171934118,18
04-24-2025 07:09:00,66.0135028693784,556.900063059957,17.96
04-24-2025 07:19:00,64.1441619282694,557.644760484907,17.92
04-24-2025 07:29:00,65.713955130181,558.861810677955,17.87
04-24-2025 07:39:00,65.9131264015921,558.641851135917,17.84
04-24-2025 07:49:00,65.7191575906784,558.618684568051,17.81
04-24-2025 07:59:00,64.9327263141422,557.20156213075,17.77
04-24-2025 08:09:00,65.8194127593845,558.259381870736,17.74
04-24-2025 08:19:00,65.7238307655639,558.825932882442,17.71
04-24-2025 08:29:00,65.2387954493026,559.116763913819,17.69
04-24-2025 08:39:00,65.5391551579396,558.327945287847,17.67
04-24-2025 08:49:00,66.0325016296166,558.403974818373,17.64
04-24-2025 08:59:00,66.3294063396268,557.597160162068,17.61
04-24-2025 09:09:00,67.5155697233654,559.574962630781,17.6
04-24-2025 09:19:00,65.265184587498,557.806362552956,17.58
04-24-2025 09:29:00,65.3754603837164,558.03725773617,17.58
04-24-2025 09:39:00,66.0742453367743,557.777829496222,17.58
04-24-2025 09:49:00,65.3967059754443,558.382543374658,17.57
04-24-2025 09:59:00,65.804386292534,557.945861068533,17.58
04-24-2025 10:09:00,66.0159470973491,557.31300300832,17.59
04-24-2025 10:19:00,65.0472277977934,557.544400569329,17.59
04-24-2025 10:29:00,65.6511471921143,557.598326821024,17.6
04-24-2025 10:39:00,66.1570548576932,557.456123878213,17.61
04-24-2025 10:49:00,66.2737896425012,557.430675964948,17.63
04-24-2025 10:59:00,63.1519779684529,555.835055054835,17.65
04-24-2025 11:09:00,64.6455112133087,556.318709725674,17.68
04-24-2025 11:19:00,65.4524525226382,555.526218113132,17.71
04-24-2025 11:29:00,64.7897316690576,556.617848054663,17.75
04-24-2025 11:39:00,63.5370983691356,554.56625536314,17.79
04-24-2025 11:49:00,65.9263473959549,555.40024513298,17.85
04-24-2025 11:59:00,64.6792327162153,554.563197394527,17.91
04-24-2025 12:09:00,63.5323008986849,556.105085247626,17.98
04-24-2025 12:19:00,64.9500126386719,554.928723248043,18.07
04-24-2025 12:29:00,64.7993400011218,555.363959459479,18.18
04-24-2025 12:39:00,64.7470232327122,552.840656674224,18.29
04-24-2025 12:49:00,65.1913527032362,553.983925334896,18.41
04-24-2025 12:59:00,65.7321630494806,553.727352073214,18.52
04-24-2025 13:09:00,64.1968674065493,553.470190333558,18.63
04-24-2025 13:19:00,64.4345840171446,554.660603183919,18.72
04-24-2025 13:29:00,64.5674041348372,545.516284227015,18.79
04-24-2025 13:39:00,64.1088819432371,542.720743203537,18.87
04-24-2025 13:49:00,64.5421972672349,545.375335951457,18.95
04-24-2025 13:59:00,64.0799940928379,544.344451997625,19.02
04-24-2025 14:09:00,65.0070548972454,543.510900780675,19.09
04-24-2025 14:19:00,64.1411507131055,544.329840971006,19.14
04-24-2025 14:29:00,65.1590675575391,544.039064752173,19.18
04-24-2025 14:39:00,63.0910789472861,544.011241426799,19.2
04-24-2025 14:49:00,64.9011462611989,544.597245366823,19.23
04-24-2025 14:59:00,63.8202079472085,546.820351924828,19.23
04-24-2025 15:09:00,64.8263033706613,547.354055799539,19.23
04-24-2025 15:19:00,64.434894529013,548.547896766675,19.21
04-24-2025 15:29:00,64.5403703670119,549.64214691548,19.19
04-24-2025 15:39:00,64.5495659315279,549.065330366331,19.18
04-24-2025 15:49:00,63.7610694358154,548.371628491548,19.16
04-24-2025 15:59:00,65.6510551198485,547.660599952266,19.13
04-24-2025 16:09:00,64.366277081914,548.159140142429,19.11
04-24-2025 16:19:00,64.5709817805855,547.96276644069,19.09
04-24-2025 16:29:00,65.4704127363106,546.178517139168,19.07
04-24-2025 16:39:00,63.8885822732861,546.776722597425,19.05
04-24-2025 16:49:00,64.4963117377928,545.723015715608,19.05
04-24-2025 16:59:00,63.8109222414832,545.842810367673,19.04
04-24-2025 17:09:00,63.8292456276562,545.419626701149,19.06
04-24-2025 17:19:00,64.3438884437282,544.003732031446,19.08
04-24-2025 17:29:00,63.3695105319987,544.473738281602,19.1
04-24-2025 17:39:00,64.8802852613444,542.478742558256,19.13
04-24-2025 17:49:00,64.504576004564,542.866660502101,19.16
04-24-2025 17:59:00,63.9330004567419,542.576502796986,19.2
04-24-2025 18:09:00,63.5568442011964,541.573361973592,19.23
04-24-2025 18:19:00,64.0751605928507,541.663240850129,19.26
04-24-2025 18:29:00,64.6962331057638,539.880943221851,19.3
04-24-2025 18:39:00,65.5134935679957,539.473207746511,19.33
04-24-2025 18:49:00,65.040931163978,539.77861384673,19.37
04-24-2025 18:59:00,64.266435810435,539.27115984455,19.4
04-24-2025 19:09:00,62.6952266350817,538.56440921824,19.43
04-24-2025 19:19:00,63.8115413717717,539.450407769621,19.46
04-24-2025 19:29:00,65.127571042831,539.440554575392,19.49
04-24-2025 19:39:00,64.9500198501191,538.434587282832,19.52
04-24-2025 19:49:00,64.573103061409,537.82671925659,19.55
04-24-2025 19:59:00,62.8974586473432,536.504363434122,19.57
04-24-2025 20:09:00,65.6099141011302,537.490711814909,19.6
04-24-2025 20:19:00,63.8310564002785,536.74943924471,19.61
04-24-2025 20:29:00,63.3509063426437,535.625838758165,19.63
04-24-2025 20:39:00,62.8676713517813,537.277426720735,19.64
04-24-2025 20:49:00,64.1762561038946,535.622178388504,19.64
04-24-2025 20:59:00,64.5905154561205,536.077442992275,19.65
04-24-2025 21:09:00,63.9048422927083,538.111826858853,19.65
04-24-2025 21:19:00,64.6152283085912,538.052224391915,19.65
04-24-2025 21:29:00,64.0292781743768,538.690749266386,19.65
04-24-2025 21:39:00,64.8393872194575,538.23247126267,19.65
04-24-2025 21:49:00,63.9542867323089,536.777108726301,19.65
04-24-2025 21:59:00,65.3595892140935,539.194178777058,19.64
04-24-2025 22:09:00,64.7736965909644,541.528134689195,19.64
04-24-2025 22:19:00,64.5866475959629,540.97059019837,19.64
04-24-2025 22:29:00,64.6956672483137,540.396401321968,19.63
04-24-2025 22:39:00,63.0131044987276,541.035538422042,19.63
04-24-2025 22:49:00,65.4214591639854,540.195943156122,19.64
04-24-2025 22:59:00,64.6361576068709,540.835318214891,19.64
04-24-2025 23:09:00,65.7484998935272,541.491578319147,19.65
04-24-2025 23:19:00,64.7637021373372,540.236542777939,19.65
04-24-2025 23:29:00,64.9786085656839,541.192150434306,19.66
04-24-2025 23:39:00,64.4954091542292,541.449847341182,19.67
04-24-2025 23:49:00,65.3056770574786,541.491431008141,19.67
04-24-2025 23:59:00,63.9247849437523,542.14830618427,19.68
04-25-2025 00:09:00,65.2369331222669,542.00735963611,19.69
04-25-2025 00:19:00,63.9555723133165,544.061153194879,19.7
04-25-2025 00:29:00,64.965559252369,543.10552361808,19.7
04-25-2025 00:39:00,64.9810398322851,544.660901996308,19.71
04-25-2025 00:49:00,65.1929796407604,542.807483268225,19.71
04-25-2025 00:59:00,65.6044548239114,545.643189734635,19.71
04-25-2025 01:09:00,65.2147080079792,545.069986650751,19.7
04-25-2025 01:19:00,66.1249481714851,547.007847743886,19.7
04-25-2025 01:29:00,64.8374444232107,545.736559941114,19.69
04-25-2025 01:39:00,64.2513601822737,548.57222842064,19.69
04-25-2025 01:49:00,63.360150072202,549.278761985312,19.67
04-25-2025 01:59:00,65.5636156833005,547.110426529333,19.66
04-25-2025 02:09:00,63.7750283117533,551.107743530268,19.64
04-25-2025 02:19:00,65.1772397525403,550.717370777231,19.62
04-25-2025 02:29:00,65.9809369246361,552.121476797493,19.6
04-25-2025 02:39:00,66.7811759094481,553.50777139731,19.57
04-25-2025 02:49:00,64.6917627555724,554.793934989985,19.54
04-25-2025 02:59:00,65.1900506949034,555.962371041005,19.5
04-25-2025 03:09:00,65.3955074263962,555.472845307164,19.48
04-25-2025 03:19:00,65.5978006660901,554.766946804653,19.45
04-25-2025 03:29:00,65.1032659056976,555.554568346046,19.42
04-25-2025 03:39:00,65.2029702647319,557.020858499319,19.38
04-25-2025 03:49:00,66.3999553521613,557.807842233935,19.35
04-25-2025 03:59:00,65.0044648639885,558.757928886582,19.3
04-25-2025 04:09:00,64.8059168421352,559.824727470984,19.26
04-25-2025 04:19:00,66.3994032443726,559.915140891301,19.23
04-25-2025 04:29:00,65.3033172972498,560.367363905969,19.18
04-25-2025 04:39:00,64.7046360747741,561.117347326767,19.13
04-25-2025 04:49:00,64.8012879717865,559.881683764291,19.08
04-25-2025 04:59:00,66.1909081982467,560.153371951208,19.04
04-25-2025 05:09:00,64.6968458931453,561.976411681981,18.98
04-25-2025 05:19:00,64.8925657562641,561.039962339044,18.93
04-25-2025 05:29:00,64.592620122771,562.284770131104,18.88
04-25-2025 05:39:00,64.6921869815594,561.763486319261,18.84
04-25-2025 05:49:00,63.9934848711081,562.791543870248,18.78
04-25-2025 05:59:00,65.7729903107258,561.659151944594,18.73
04-25-2025 06:09:00,65.5721673770496,563.199420583675,18.68
04-25-2025 06:19:00,65.3654234785538,562.428163505588,18.61
04-25-2025 06:29:00,65.4615357494709,561.396970448751,18.56
04-25-2025 06:39:00,65.5606411184551,563.447853841139,18.52
04-25-2025 06:49:00,64.1719802123407,563.387365862116,18.46
04-25-2025 06:59:00,64.5617158971001,563.524624234605,18.4
04-25-2025 07:09:00,65.1514673416194,564.271936501417,18.35
04-25-2025 07:19:00,65.8363379553393,564.310477805637,18.29
04-25-2025 07:29:00,66.9117826978598,564.8242954458,18.22
04-25-2025 07:39:00,66.517467786347,564.405994353622,18.18
04-25-2025 07:49:00,66.0218146399135,565.251044888634,18.13
04-25-2025 07:59:00,65.6219979410495,565.388447179462,18.07
04-25-2025 08:09:00,63.7520702169759,566.644471701642,18.03
04-25-2025 08:19:00,66.0163012258375,565.439794592776,17.99
04-25-2025 08:29:00,65.921224320464,565.43436795022,17.96
04-25-2025 08:39:00,65.8262009967257,564.347186040892,17.93
04-25-2025 08:49:00,66.0292987727792,565.83518664962,17.91
04-25-2025 08:59:00,66.5211061827906,565.91066605492,17.87
04-25-2025 09:09:00,66.0359498818546,565.825311967304,17.85
04-25-2025 09:19:00,65.8427432037789,565.820631317592,17.82
04-25-2025 09:29:00,65.4531411772859,565.226635044938,17.79
04-25-2025 09:39:00,66.6353234167645,565.713558726643,17.76
04-25-2025 09:49:00,65.6595559620465,565.923553764705,17.74
04-25-2025 09:59:00,67.4303494008854,566.803187012681,17.71
04-25-2025 10:09:00,66.0591200837901,566.897273780414,17.68
04-25-2025 10:19:00,65.771109441021,567.107408346213,17.66
04-25-2025 10:29:00,65.2809513401078,566.791473537858,17.62
04-25-2025 10:39:00,65.1804707234478,567.635151630594,17.57
04-25-2025 10:49:00,65.5823131959314,567.078725591293,17.56
04-25-2025 10:59:00,64.4092827850415,567.565662801991,17.53
04-25-2025 11:09:00,66.3704638313309,566.56453992087,17.49
04-25-2025 11:19:00,64.791230386973,567.844871586064,17.41
04-25-2025 11:29:00,64.106569587476,568.803475643914,17.37
04-25-2025 11:39:00,64.7957611984913,566.646772038876,17.34
04-25-2025 11:49:00,64.7995074305827,569.091398552224,17.31
04-25-2025 11:59:00,66.1762343799815,567.540749647229,17.29
04-25-2025 12:09:00,65.1034645346072,569.10399623313,17.26
04-25-2025 12:19:00,64.5231895253925,568.141188040107,17.24
04-25-2025 12:29:00,63.9431040287499,567.570052770557,17.22
04-25-2025 12:39:00,66.0065722783839,566.430005933448,17.21
04-25-2025 12:49:00,66.2086625291361,567.326295199925,17.19
04-25-2025 12:59:00,65.0449015917034,568.240066920058,17.18
04-25-2025 13:09:00,65.0574816629337,567.020450232868,17.18
04-25-2025 13:19:00,57.7793438219469,331.018122165932,17.16
04-25-2025 13:29:00,58.5662170265085,330.194058151119,12.85
04-25-2025 16:49:00,59.3530912383666,329.369950978095,17.1
04-25-2025 16:53:06,60.1399664575212,328.54580064686,17.08
04-25-2025 16:58:06,59.1780814930485,325.983307887736,17.08
04-25-2025 17:03:06,59.3787749583322,325.062134565065,17.06
04-25-2025 17:08:06,58.3193636314836,330.119214499717,17.06
04-25-2025 17:19:00,58.3392728375349,331.572236698573,17.07
04-25-2025 17:29:00,59.5168411407415,328.208353192842,17.05
04-25-2025 17:39:00,59.121752603279,336.836397409412,17.01
04-25-2025 17:49:00,59.7079689914267,335.220162697829,16.98
04-25-2025 17:59:00,59.4204257786423,332.150980352018,16.96
04-25-2025 18:09:00,58.7426185490022,328.399645486746,16.94
04-25-2025 18:19:00,58.4505200884608,329.810960796136,16.91
04-25-2025 18:29:00,58.7390023408342,330.918942566193,16.87
04-25-2025 18:39:00,60.4948622754972,335.351888111695,16.84
04-25-2025 18:49:00,58.8377417493639,337.05305159972,16.81
04-25-2025 18:59:00,58.8383550712737,337.778777771591,16.78
04-25-2025 19:09:00,58.4491991180279,332.26776582293,16.75
04-25-2025 19:19:00,58.3524987603448,331.533035244575,16.72
04-25-2025 19:29:00,58.3580355604828,334.120460989398,16.7
04-25-2025 19:39:00,60.0143040651192,333.969943122441,16.67
04-25-2025 19:49:00,58.4617068333352,333.829708970333,16.65
04-25-2025 19:59:00,58.0730753373354,333.290002257155,16.62
04-25-2025 20:09:00,58.2781067103805,332.186686091782,16.61
04-25-2025 20:19:00,58.7702895192095,332.436118313553,16.59
04-25-2025 20:29:00,58.7805974087686,334.544478599949,16.58
04-25-2025 20:39:00,59.0828266959431,331.300631651992,16.57
04-25-2025 20:49:00,59.5796097112068,326.986990030001,16.56
04-25-2025 20:59:00,59.2006967115654,325.690038845583,16.55
04-25-2025 21:09:00,58.8218465883524,326.24166406131,16.54
04-25-2025 21:19:00,58.0492135757818,328.339988958688,16.52
04-25-2025 21:29:00,58.5506766851405,328.511826442171,16.52
04-25-2025 21:39:00,59.4412142195606,332.574354945092,16.52
04-25-2025 21:49:00,59.9426793435122,336.831376998685,16.52
04-25-2025 21:59:00,59.559019918592,335.329308320329,16.5
04-25-2025 22:09:00,57.5224436733522,330.229922385813,16.48
04-25-2025 22:19:00,57.1439569799894,333.794911085673,16.47
04-25-2025 22:29:00,59.288491641981,335.696449558571,16.45
04-25-2025 22:39:00,60.2659629462486,336.431005839071,16.43
04-25-2025 22:49:00,60.1789982012833,336.203597828251,16.42
04-25-2025 22:59:00,58.3379824375977,335.771787763294,16.4
04-25-2025 23:09:00,60.2917504574816,335.835973457497,16.39
04-25-2025 23:19:00,59.6121637518509,337.628703358769,16.36
04-25-2025 23:29:00,58.942482674513,335.069971947871,16.35
04-25-2025 23:39:00,59.6279037129594,334.735728898688,16.33
04-25-2025 23:49:00,58.9583868007256,335.479746931967,16.32
04-25-2025 23:59:00,59.648494130119,334.864116106022,16.31
04-26-2025 00:09:00,60.5326980271715,338.132592275332,16.3
04-26-2025 00:19:00,61.0283944903721,333.050536506423,16.29
04-26-2025 00:29:00,59.7813241421122,337.299505780844,16.29
04-26-2025 00:39:00,60.3741316657758,341.052643824651,16.28
04-26-2025 00:49:00,60.0931490363716,339.85420710402,16.27
04-26-2025 00:59:00,59.3172525502429,339.121008533113,16.24
04-26-2025 01:09:00,59.0460127620547,342.116854586764,16.25
04-26-2025 01:19:00,60.0269258295634,342.180282487292,16.24
04-26-2025 01:29:00,61.2988309469423,349.328147060769,16.23
04-26-2025 01:39:00,59.4604554206567,356.948593259951,16.21
04-26-2025 01:49:00,60.5380647851934,348.37561097412,16.2
04-26-2025 01:59:00,60.7423553769675,346.789181977879,16.19
04-26-2025 02:09:00,60.5585795580319,347.822240111558,16.18
04-26-2025 02:19:00,60.3748358903455,345.266051358727,16.17
04-26-2025 02:29:00,61.0591458144658,347.840245797361,16.15
04-26-2025 02:39:00,60.5893650149279,347.913758703738,16.15
04-26-2025 02:49:00,60.9826289099136,345.735526447942,16.13
04-26-2025 02:59:00,60.8909938822538,346.466675659953,16.11
04-26-2025 03:09:00,59.7378567729184,349.631912444179,16.1
04-26-2025 03:19:00,59.9420795388094,348.822050412421,16.09
04-26-2025 03:29:00,59.467738778592,349.854036305671,16.08
04-26-2025 03:39:00,61.5185022472823,352.059881796928,16.08
04-26-2025 03:49:00,60.1669028232185,352.692821453942,16.06
04-26-2025 03:59:00,59.5957550831246,351.495264009519,16.05
04-26-2025 04:09:00,61.2534746542491,349.813361101206,16.04
04-26-2025 04:19:00,60.1009640300643,349.29445266641,16.03
04-26-2025 04:29:00,60.0192320073381,355.472008817608,16.03
04-26-2025 04:39:00,61.1873115867159,351.744528066039,16.01
04-26-2025 04:49:00,60.1367915774276,352.592630194837,16.01
04-26-2025 04:59:00,60.8252367639292,351.298563068407,16
04-26-2025 05:09:00,58.8934806076068,354.158929122536,15.98
04-26-2025 05:19:00,60.162970851215,355.770529893202,15.97
04-26-2025 05:29:00,61.0448954138438,354.089211769523,15.96
04-26-2025 05:39:00,60.1884821848709,358.713696777139,15.96
04-26-2025 05:49:00,60.4844806250238,356.730620373948,15.94
04-26-2025 05:59:00,60.4028258106482,361.063840305623,15.94
04-26-2025 06:09:00,61.3813571930778,356.671464068446,15.93
04-26-2025 06:19:00,60.9994797578145,356.334843440426,15.91
04-26-2025 06:29:00,60.912973202011,365.398666225555,15.9
04-26-2025 06:39:00,61.7943806181865,366.137141506842,15.89
04-26-2025 06:49:00,61.8964457885766,368.412064400559,15.87
04-26-2025 06:59:00,61.1276495371837,370.783045981091,15.85
04-26-2025 07:09:00,61.0363096986561,362.995138202087,15.83
04-26-2025 07:19:00,61.7188382422464,362.367637413603,15.81
04-26-2025 07:29:00,59.9880989152991,368.522215863788,15.8
04-26-2025 07:39:00,60.5739349606336,370.891910600079,15.78
04-26-2025 07:49:00,62.2232006803744,367.556075361333,15.76
04-26-2025 07:59:00,60.8798456199464,371.484092557545,15.75
04-26-2025 08:09:00,61.4702323091593,368.547452969461,15.74
04-26-2025 08:19:00,61.770523572236,366.674612645897,15.73
04-26-2025 08:29:00,61.9790491833047,373.900431108154,15.73
04-26-2025 08:39:00,62.1925308318594,372.244742550729,15.74
04-26-2025 08:49:00,61.2458366570225,370.975462029263,15.75
04-26-2025 08:59:00,61.8362057534787,368.908800195931,15.74
04-26-2025 09:09:00,62.0546326830923,373.839082857215,15.76
04-26-2025 09:19:00,62.746666216189,373.91116458233,15.76
04-26-2025 09:29:00,60.1607723420725,374.781154283811,15.78
04-26-2025 09:39:00,60.7610450500974,375.735766864337,15.79
04-26-2025 09:49:00,61.3711807541054,372.458714892644,15.82
04-26-2025 09:59:00,62.5621530607677,371.502232863798,15.85
04-26-2025 10:09:00,61.7261659793295,372.783182036108,15.89
04-26-2025 10:19:00,61.0735608274238,373.653360144986,15.91
04-26-2025 10:29:00,61.39383486102,372.986601497375,15.94
04-26-2025 10:39:00,62.6827552383103,372.22255778432,15.97
04-26-2025 10:49:00,61.4584702538501,373.601272971116,16.01
04-26-2025 10:59:00,61.0086973613501,375.077613072655,16.05
04-26-2025 11:09:00,61.4262136010014,373.731408286251,16.08
04-26-2025 11:19:00,61.8586935680037,371.838314358681,16.14
04-26-2025 11:29:00,62.1994955466605,372.089665103198,16.21
04-26-2025 11:39:00,62.3514521575654,372.450054360946,16.29
04-26-2025 11:49:00,60.7693470138919,372.943612370101,16.4
04-26-2025 11:59:00,61.800662630903,373.60822854515,16.49
04-26-2025 12:09:00,61.5486812773769,370.820444939418,16.54
04-26-2025 12:19:00,62.7613254353926,371.44836329137,16.6
04-26-2025 12:29:00,61.7305389257517,372.162195619369,16.65
04-26-2025 12:39:00,62.3548328815649,375.019345475148,16.7
04-26-2025 12:49:00,61.4057892651221,374.91908640011,16.72
04-26-2025 12:59:00,62.3127118656468,372.394622446182,16.75
04-26-2025 13:09:00,60.9831775466997,372.7072488667,16.79
04-26-2025 13:19:00,61.5979924992083,371.545585759222,16.82
04-26-2025 13:29:00,61.8230077141617,369.017958200024,16.85
04-26-2025 13:39:00,60.3802324168999,367.734223555477,16.86
04-26-2025 13:49:00,59.4296551262273,368.802590399584,16.88
04-26-2025 13:59:00,60.7177936577013,367.908590022458,16.89
04-26-2025 14:09:00,60.4451839102454,366.038785756692,16.9
04-26-2025 14:19:00,61.6458700627735,365.849723161582,16.93
04-26-2025 14:29:00,60.3141885585878,364.305074961653,16.97
04-26-2025 14:39:00,59.7675811366287,364.625657822508,17.02
04-26-2025 14:49:00,59.4301477303335,365.859154216084,17.1
04-26-2025 14:59:00,61.0526442391999,363.487299915848,17.19
04-26-2025 15:09:00,60.2407530789384,363.09079919186,17.3
04-26-2025 15:19:00,60.999545554575,362.802184687445,17.42
04-26-2025 15:29:00,60.0928429327894,364.081516132058,17.54
04-26-2025 15:39:00,60.7498688040184,364.861070004139,17.65
04-26-2025 15:49:00,61.5013111847633,368.871625569418,17.75
04-26-2025 15:59:00,61.9739427075758,366.631123160496,17.88
04-26-2025 16:09:00,62.1472746286791,366.834828946367,18
04-26-2025 16:19:00,61.5279243636666,369.391230850151,18.11
04-26-2025 16:29:00,63.1748937028669,371.853187853078,18.22
04-26-2025 16:39:00,61.4649931106354,377.168483888102,18.32
04-26-2025 16:49:00,62.605763476665,377.728144220325,18.4
04-26-2025 16:59:00,62.4536759437656,379.745549359903,18.46
04-26-2025 17:09:00,61.9061503450768,377.910712599822,18.52
04-26-2025 17:19:00,63.033754983923,379.818606696195,18.57
04-26-2025 17:29:00,62.4809721220153,380.343266819484,18.62
04-26-2025 17:39:00,61.6309224760997,381.461798149603,18.67
04-26-2025 17:49:00,62.5517090864,381.86341473915,18.7
04-26-2025 17:59:00,63.1810588631178,383.366443516454,18.74
04-26-2025 18:09:00,62.9094491714163,384.449022705471,18.76
04-26-2025 18:19:00,63.6792401002922,387.739677595939,18.88
04-26-2025 18:29:00,64.9412461349232,390.824806709792,18.99
04-26-2025 18:39:00,64.7581123593699,400.315165950495,18.99
04-26-2025 18:49:00,64.8568842766394,410.951771262686,18.96
04-26-2025 18:59:00,68.9158288828676,428.804734248685,18.92
04-26-2025 19:09:00,69.1015655509202,467.439083743129,18.87
04-26-2025 19:19:00,69.7712397899262,520.656275030584,18.8
04-26-2025 19:29:00,67.7077861390566,592.004846725542,18.62
04-26-2025 19:39:00,69.1399970925768,642.9046537841,18.5
04-26-2025 19:49:00,68.4856405989348,671.131162651901,18.36
04-26-2025 19:59:00,65.2331067027505,701.595031491139,18.15
04-26-2025 20:09:00,64.7766641546896,716.746873030983,18
04-26-2025 20:19:00,64.2128224307671,730.603926033967,17.83
04-26-2025 20:29:00,62.5958138864116,743.253530393078,17.71
04-26-2025 20:39:00,62.4731446065885,757.02732868194,17.63
04-26-2025 20:49:00,61.4534604781454,770.263271896433,17.52
04-26-2025 20:59:00,61.2289096634026,778.763542983148,17.43
04-26-2025 21:09:00,58.5711637895838,785.915196704146,17.37
04-26-2025 21:19:00,61.0936657094616,792.971281172951,17.29
04-26-2025 21:29:00,58.8348643495446,793.892977166846,17.24
04-26-2025 21:39:00,58.6173845476473,797.613260584752,17.16
04-26-2025 21:49:00,57.445914668537,799.599336084584,17.13
04-26-2025 21:59:00,56.4481361403327,798.820024961121,17.05
04-26-2025 22:09:00,55.9573615492181,798.122943868056,17.01
04-26-2025 22:19:00,56.2389399732585,799.38671858787,16.95
04-26-2025 22:29:00,55.4646838301057,794.58346944604,16.93
04-26-2025 22:39:00,55.5644022542998,797.249859026119,16.9
04-26-2025 22:49:00,56.3379625311229,797.485079670953,16.85
04-26-2025 22:59:00,57.0134446743128,797.81768474343,16.8
04-26-2025 23:09:00,54.6762349593296,796.777276405201,16.77
04-26-2025 23:19:00,55.0726905587991,796.853598800126,16.75
04-26-2025 23:29:00,54.2998798008256,797.027334929538,16.73
04-26-2025 23:39:00,55.1746822757213,797.112252761254,16.69
04-26-2025 23:49:00,55.274342066777,793.638651827755,16.66
04-26-2025 23:59:00,54.7984466904729,798.725301117672,16.65
04-27-2025 00:09:00,53.9205016614097,798.225739162808,16.61
04-27-2025 00:19:00,53.5254568490741,795.736243040384,16.56
04-27-2025 00:29:00,52.9403592209019,796.697131593446,16.52
04-27-2025 00:39:00,53.5141165816072,797.568948666081,16.46
04-27-2025 00:49:00,50.1070171960917,795.374450536696,16.41
04-27-2025 00:59:00,50.2037928515866,794.488616665514,16.37
04-27-2025 01:09:00,51.656213198446,795.307625129255,16.32
04-27-2025 01:19:00,50.3893288792447,795.543610717026,16.27
04-27-2025 01:29:00,48.8361376849553,796.017565145161,16.23
04-27-2025 01:39:00,47.862302967589,794.410085547004,16.18
04-27-2025 01:49:00,48.0566426970438,794.884193635073,16.14
04-27-2025 01:59:00,48.5379405118131,793.957035444637,16.09
04-27-2025 02:09:00,47.2782921082682,795.884746261721,16.05
04-27-2025 02:19:00,47.6590043234892,795.979764302793,15.99
04-27-2025 02:29:00,48.9107545531598,795.977984253248,15.93
04-27-2025 02:39:00,48.5199430841714,795.342619956395,15.88
04-27-2025 02:49:00,47.7572808999425,795.366361634438,15.87
04-27-2025 02:59:00,47.6499496754221,795.514891666274,15.8
04-27-2025 03:09:00,46.486591070161,794.203794003477,15.75
04-27-2025 03:19:00,47.3610524492666,795.590524300316,15.72
04-27-2025 03:29:00,47.5623197838996,794.894152063102,15.7
04-27-2025 03:39:00,48.4362037297276,795.893739973053,15.67
04-27-2025 03:49:00,47.7677602854061,796.839966968115,15.65
04-27-2025 03:59:00,47.0029375019308,796.337003770893,15.63
04-27-2025 04:09:00,49.7151843963053,796.896568661362,15.61
04-27-2025 04:19:00,49.3365617889592,796.393769298578,15.59
04-27-2025 04:29:00,49.4369912659193,796.619939522945,15.56
04-27-2025 04:39:00,48.9620463888028,797.468769162744,15.54
04-27-2025 04:49:00,50.2244494279527,797.738277496524,15.52
04-27-2025 04:59:00,49.5565498877442,797.235743668637,15.5
04-27-2025 05:09:00,50.3360750883525,798.855950234593,15.48
04-27-2025 05:19:00,51.0149703794552,798.98500925846,15.45
04-27-2025 05:29:00,50.7331029184821,798.964807189161,15.43
04-27-2025 05:39:00,51.8937598817253,799.286685632475,15.4
04-27-2025 05:49:00,52.475494237868,799.319252489076,15.37
04-27-2025 05:59:00,52.8682768779752,798.527994211046,15.35
04-27-2025 06:09:00,53.2609431049282,798.989776118805,15.33
04-27-2025 06:19:00,53.5571397781527,799.258715665783,15.31
04-27-2025 06:29:00,53.7527853345988,799.676683322557,15.28
04-27-2025 06:39:00,53.2782771748301,799.27122926036,15.26
04-27-2025 06:49:00,54.4368597907031,799.30391167418,15.23
04-27-2025 06:59:00,54.4438340585221,799.380092543063,15.21
04-27-2025 07:09:00,54.346219160577,799.273081093106,15.17
04-27-2025 07:19:00,55.6085135269634,800.547602507799,15.16
04-27-2025 07:29:00,55.1341905417287,800.431132034981,15.14
04-27-2025 07:39:00,57.555168303331,800.786574079577,15.14
04-27-2025 07:49:00,57.0849961607359,801.194660843351,15.13
04-27-2025 07:59:00,58.7315436202813,801.698877437183,15.12
04-27-2025 08:09:00,58.1651563428228,800.952351267927,15.11
04-27-2025 08:19:00,59.1379982616887,802.514629939072,15.1
04-27-2025 08:29:00,59.7305078327911,801.426854678004,15.1
04-27-2025 08:39:00,59.6450831635979,800.872776545916,15.09
04-27-2025 08:49:00,59.9489839969991,801.324030438135,15.09
04-27-2025 08:59:00,61.3156503559821,800.856761220066,15.1
04-27-2025 09:09:00,61.1339205844733,801.937842798552,15.09
04-27-2025 09:19:00,62.7844655369225,801.330892068372,15.09
04-27-2025 09:29:00,62.6074271505246,801.589596028155,15.09
04-27-2025 09:39:00,61.9494465224379,800.79018168196,15.09
04-27-2025 09:49:00,63.2152398975885,801.433553924509,15.09
04-27-2025 09:59:00,61.9706632430482,800.547439553256,15.07
04-27-2025 10:09:00,63.3276017904374,799.897155416322,15.06
04-27-2025 10:19:00,62.7707398868951,801.833818939065,15.07
04-27-2025 10:29:00,62.9880477323187,799.100990172953,15.09
04-27-2025 10:39:00,63.7058922605321,797.790062248272,15.15
04-27-2025 10:49:00,63.3701713829586,796.953431895216,15.22
04-27-2025 10:59:00,65.5388629488599,796.116758383949,15.29
04-27-2025 11:09:00,64.5290084298024,796.483293524078,15.36
04-27-2025 11:19:00,64.8930598788164,795.03916019108,15.48
04-27-2025 11:29:00,64.9730267675919,796.821896055008,15.61
04-27-2025 11:39:00,66.3099194297274,797.834464867376,15.74
04-27-2025 11:49:00,65.448782694721,794.515113364756,15.92
04-27-2025 11:59:00,65.922199658369,794.891645334002,16.06
04-27-2025 12:09:00,65.0432760454988,799.775196107773,16.21
04-27-2025 12:19:00,67.2554002611277,801.333114136236,16.33
04-27-2025 12:29:00,66.7393641818833,801.153712201598,16.43
04-27-2025 12:39:00,66.4221635295,805.103273640163,16.54
04-27-2025 12:49:00,65.5973282366108,808.200875161176,16.61
04-27-2025 12:59:00,66.3298201918641,803.899973071413,16.68
04-27-2025 13:09:00,66.1912079533301,808.798156277402,16.76
04-27-2025 13:19:00,65.5547241250592,813.027919365059,16.82
04-27-2025 13:29:00,65.8930655419164,813.749898284766,16.88
04-27-2025 13:39:00,66.5193498114735,814.817942909305,16.93
04-27-2025 13:49:00,64.6956144969724,814.918489961394,16.96
04-27-2025 13:59:00,64.8185822405026,811.459829001362,16.98
04-27-2025 14:09:00,65.2344935849451,813.565248901093,17
04-27-2025 14:19:00,65.2649589366893,816.692660940253,17.03
04-27-2025 14:29:00,66.560168045582,816.5530165573,17.05
04-27-2025 14:39:00,64.8223905420078,813.730936117944,17.06
04-27-2025 14:49:00,66.3234561714168,810.650810479515,17.1
04-27-2025 14:59:00,63.8179543732704,814.606167776155,17.14
04-27-2025 15:09:00,65.2268887093198,816.751057985362,17.19
04-27-2025 15:19:00,65.6587120672082,815.278086395234,17.24
04-27-2025 15:29:00,67.1776964784194,813.697414535253,17.31
04-27-2025 15:39:00,66.049150878666,808.936711219731,17.37
04-27-2025 15:49:00,66.7912343699704,811.412010067857,17.45
04-27-2025 15:59:00,65.7592559567096,809.585436563132,17.51
04-27-2025 16:09:00,66.2076670687296,808.826377432601,17.59
04-27-2025 16:19:00,66.9407366951973,803.266856394831,17.65
04-27-2025 16:29:00,67.0801880001786,793.534910988147,17.7
04-27-2025 16:39:00,66.5476630237799,798.167050626046,17.78
04-27-2025 16:49:00,67.5925141096105,792.72279437329,17.87
04-27-2025 16:59:00,66.6609055991194,790.627863191522,17.94
04-27-2025 17:09:00,66.4171812613943,789.21931702671,18.01
04-27-2025 17:19:00,67.7435063066633,785.796898721293,18.07
04-27-2025 17:29:00,68.189749805007,786.157158343688,18.14
04-27-2025 17:39:00,68.2315852440636,782.194165260423,18.19
04-27-2025 17:49:00,67.2926647367695,778.368471739016,18.25
04-27-2025 17:59:00,68.2219760215156,775.680960324722,18.3
04-27-2025 18:09:00,68.2638426307937,772.892451809143,18.35
04-27-2025 18:19:00,66.8300362713026,772.907462374361,18.41
04-27-2025 18:29:00,68.9455830708122,772.090498448364,18.46
04-27-2025 18:39:00,67.6148875825685,768.885004758862,18.53
04-27-2025 18:49:00,67.9531411867405,766.483413817989,18.58
04-27-2025 18:59:00,67.8960274972415,766.750210531349,18.63
04-27-2025 19:09:00,68.2293398678586,760.643851939967,18.67
04-27-2025 19:19:00,69.6515230305974,757.502537176384,18.71
04-27-2025 19:29:00,69.1882030810678,755.011877120279,18.74
04-27-2025 19:39:00,69.2251210405597,753.154052557338,18.78
04-27-2025 19:49:00,67.5675912695068,749.630450668358,18.8
04-27-2025 19:59:00,68.0940654343629,749.513302378945,18.83
04-27-2025 20:09:00,69.6008480522859,751.198896341444,18.84
04-27-2025 20:19:00,68.9334554185419,748.168450392748,18.86
04-27-2025 20:29:00,69.5487955382132,745.593048792153,18.87
04-27-2025 20:39:00,70.6597539077603,746.981336791139,18.88
04-27-2025 20:49:00,70.6751613171182,745.456144989242,18.88
04-27-2025 20:59:00,71.2851952703231,746.804933455795,18.88
04-27-2025 21:09:00,70.0068125128426,744.843936053267,18.87
04-27-2025 21:19:00,69.6204333354475,744.865002749535,18.86
04-27-2025 21:29:00,70.2194741660015,744.747708291111,18.84
04-27-2025 21:39:00,71.5117264425607,744.630459151473,18.82
04-27-2025 21:49:00,70.9272966620939,746.632483061654,18.81
04-27-2025 21:59:00,70.9262077029544,743.801946306738,18.78
04-27-2025 22:09:00,71.6181369312623,742.259816818471,18.75
04-27-2025 22:19:00,70.7370605612213,741.192112477909,18.74
04-27-2025 22:29:00,71.1319192963444,740.937747888312,18.71
04-27-2025 22:39:00,71.1308132987582,740.188808314592,18.68
04-27-2025 22:49:00,72.1301072685444,739.022925602184,18.67
04-27-2025 22:59:00,71.1396329614057,735.505121332623,18.64
04-27-2025 23:09:00,71.336329871436,737.329132987036,18.61
04-27-2025 23:19:00,71.9339707899204,737.806647400783,18.59
04-27-2025 23:29:00,70.5487943849025,737.652408514277,18.56
04-27-2025 23:39:00,71.8270864831783,735.483468324866,18.52
04-27-2025 23:49:00,72.226633778175,734.478935319966,18.5
04-27-2025 23:59:00,71.2320318597148,733.497404899524,18.46
04-28-2025 00:09:00,72.2128946751369,733.602709148293,18.42
04-28-2025 00:19:00,70.0344382699193,731.832523191798,18.38
04-28-2025 00:29:00,72.0949831287225,728.841780174456,18.33
04-28-2025 00:39:00,72.1812819258009,727.037072302507,18.28
04-28-2025 00:49:00,73.1604835349118,728.820731294002,18.24
04-28-2025 00:59:00,71.5707960566184,725.539071634492,18.19
04-28-2025 01:09:00,72.0513304877331,725.215739294362,18.14
04-28-2025 01:19:00,71.645158039131,724.597300616509,18.09
04-28-2025 01:29:00,72.617522260436,724.274764666324,18.04
04-28-2025 01:39:00,71.429721861395,722.218185727661,18
04-28-2025 01:49:00,72.9917375989589,721.208369106143,17.95
04-28-2025 01:59:00,73.1758574735456,722.559441271402,17.9
04-28-2025 02:09:00,73.2615500106647,721.353866027092,17.85
04-28-2025 02:19:00,71.5785875791906,722.605718257169,17.8
04-28-2025 02:29:00,73.0454944115286,720.357468428426,17.76
04-28-2025 02:39:00,74.0205157010143,720.761919558765,17.72
04-28-2025 02:49:00,70.6703982744814,722.60186475879,17.67
04-28-2025 02:59:00,72.2287233898725,719.927120498174,17.62
04-28-2025 03:09:00,73.491598237105,721.079566657616,17.57
04-28-2025 03:19:00,71.1315067233845,719.2283959456,17.53
04-28-2025 03:29:00,72.0999210767678,719.302373273332,17.48
04-28-2025 03:39:00,72.1858696659534,720.551991560476,17.43
04-28-2025 03:49:00,71.5917063536473,718.507356539839,17.39
04-28-2025 03:59:00,72.6568047041567,717.700682584005,17.34
04-28-2025 04:09:00,72.840336611988,716.405427909598,17.29
04-28-2025 04:19:00,73.6162631118278,717.592911279796,17.25
04-28-2025 04:29:00,73.5059402734712,715.809817535152,17.2
04-28-2025 04:39:00,72.9069588699507,717.156267827637,17.15
04-28-2025 04:49:00,72.4061762022635,715.765767369468,17.1
04-28-2025 04:59:00,71.3197532164962,716.427612796915,17.05
04-28-2025 05:09:00,73.0656500173386,713.574113483117,17
04-28-2025 05:19:00,73.9374091326659,715.052991726488,16.96
04-28-2025 05:29:00,73.9248566500089,715.324350070714,16.91
04-28-2025 05:39:00,73.034569428804,714.327703147222,16.86
04-28-2025 05:49:00,74.1004086006677,712.684973250807,16.82
04-28-2025 05:59:00,72.6204621593679,710.972675120467,16.76
04-28-2025 06:09:00,73.3878088113267,707.251573471507,16.71
04-28-2025 06:19:00,74.7501138532137,706.037626453997,16.68
04-28-2025 06:29:00,72.7902979639991,703.197109754851,16.63
04-28-2025 06:39:00,73.4650584908487,704.188848536334,16.59
04-28-2025 06:49:00,72.9664112767843,701.448496180296,16.54
04-28-2025 06:59:00,73.5489512660576,697.028116582403,16.51
04-28-2025 07:09:00,73.5477983301086,697.374502300045,16.48
04-28-2025 07:19:00,72.6662518342252,695.062061725442,16.44
04-28-2025 07:29:00,73.7343538478168,689.966464843361,16.41
04-28-2025 07:39:00,74.0246690129381,687.982466392163,16.38
04-28-2025 07:49:00,75.3833819459417,685.999431686535,16.35
04-28-2025 07:59:00,73.4505619457789,687.385710985249,16.34
04-28-2025 08:09:00,74.1348110935293,686.407671305172,16.32
04-28-2025 08:19:00,73.7618244418971,684.233492553611,16.32
04-28-2025 08:29:00,74.8343295477576,679.372060652699,16.3
04-28-2025 08:39:00,72.9023247323319,679.204764966407,16.29
04-28-2025 08:49:00,74.277107546614,677.32228380754,16.29
04-28-2025 08:59:00,74.0872817363864,677.608184278223,16.27
04-28-2025 09:09:00,73.8170671959844,672.74848271503,16.28
04-28-2025 09:19:00,74.3179774314957,672.904826400895,16.28
04-28-2025 09:29:00,75.7783657692087,671.735299168875,16.26
04-28-2025 09:39:00,76.6617271219429,670.986141831217,16.25
04-28-2025 09:49:00,74.4391922670962,668.101872296152,16.24
04-28-2025 09:59:00,75.6136693162871,666.38260510898,16.23
04-28-2025 10:09:00,75.703501590852,666.316195156989,16.19
04-28-2025 10:19:00,75.0454925510093,663.204807287528,16.2
04-28-2025 10:29:00,74.8669332740428,661.032257450271,16.2
04-28-2025 10:39:00,75.0764735736473,661.18825587045,16.2
04-28-2025 10:49:00,74.1328124152071,659.853437537879,16.22
04-28-2025 10:59:00,75.5125175073256,659.069692837486,16.23
04-28-2025 11:09:00,73.7921952951036,655.986929572118,16.25
04-28-2025 11:19:00,76.245677689179,656.883300114297,16.27
04-28-2025 11:29:00,74.3362989889867,655.382965969892,16.3
04-28-2025 11:39:00,75.2482312917084,655.174829344442,16.34
04-28-2025 11:49:00,74.5201351136196,659.49735919997,16.4
04-28-2025 11:59:00,76.0274588460186,652.934841682303,16.46
04-28-2025 12:09:00,75.7910394108929,655.247801499665,16.53
04-28-2025 12:19:00,75.0676965957343,650.652697795376,16.6
04-28-2025 12:29:00,76.8697302967737,652.741509367622,16.66
04-28-2025 12:39:00,76.8224458213823,650.350722026665,16.72
04-28-2025 12:49:00,76.2763149281458,647.897761022333,16.76
04-28-2025 12:59:00,74.5600402692642,644.273323960983,16.8
04-28-2025 13:09:00,75.567378243885,643.932374986467,16.83
04-28-2025 13:19:00,75.1291626053779,643.289482911914,16.89
04-28-2025 13:29:00,75.2817561513021,641.699181916515,16.96
04-28-2025 13:39:00,75.6241409126897,641.347137878726,17.02
04-28-2025 13:49:00,74.9842276104243,639.792975285346,17.07
04-28-2025 13:59:00,75.2233560750092,638.823793209305,17.12
04-28-2025 14:09:00,74.7670623961004,638.186567073618,17.15
04-28-2025 14:19:00,75.0983855502757,637.089042934565,17.19
04-28-2025 14:29:00,75.7119707107239,636.324071463178,17.21
04-28-2025 14:39:00,76.0323052532844,633.993750564727,17.23
04-28-2025 14:49:00,74.6952528544169,633.94139266676,17.26
04-28-2025 14:59:00,75.4991336162651,632.363800225587,17.27
04-28-2025 15:09:00,75.5203230374035,630.883743118804,17.28
04-28-2025 15:19:00,75.150075022496,633.024198516349,17.29
04-28-2025 15:39:00,75.2747556047644,624.525304298855,17.31
04-28-2025 15:49:00,75.6817780136684,623.016127978788,17.31
04-28-2025 15:59:00,75.0178016039603,620.262115053422,17.32
04-28-2025 16:09:00,75.430517177673,623.772607900596,17.33
04-28-2025 16:19:00,75.8432965183127,621.70337383527,17.34
04-28-2025 16:29:00,75.4842165418546,609.406991000918,17.37
04-28-2025 16:39:00,75.8048846410679,616.176686299293,17.39
04-28-2025 16:49:00,76.5232065961854,610.339298432457,17.42
04-28-2025 16:59:00,74.7978817810374,608.934935555639,17.46
04-28-2025 17:09:00,75.0262753291577,607.60102573789,17.49
04-28-2025 17:19:00,74.6777455306179,602.691250246135,17.54
04-28-2025 17:29:00,74.5195226404998,600.792286839585,17.58
04-28-2025 17:39:00,74.3611906958815,596.439091331347,17.62
04-28-2025 17:49:00,75.0860691620604,597.38291402438,17.66
04-28-2025 17:59:00,74.9277987340822,592.436530662324,17.7
04-28-2025 18:09:00,74.8732480925337,590.163644007026,17.75
04-28-2025 18:19:00,73.8305482854027,588.256828613354,17.79
04-28-2025 18:29:00,75.6315857418403,585.832482814238,17.82
04-28-2025 18:39:00,74.7851357521993,583.333150531577,17.86
04-28-2025 18:49:00,74.8231414172678,582.798761494182,17.9
04-28-2025 18:59:00,75.8448100015204,579.60804354744,17.94
04-28-2025 19:09:00,73.0351519272984,577.423215672646,17.99
04-28-2025 19:19:00,75.1341046530826,577.058765764507,18.02
04-28-2025 19:29:00,75.1722340623708,575.536553758816,18.06
04-28-2025 19:39:00,75.8070172825717,574.431038648244,18.11
04-28-2025 19:49:00,74.9529754682575,572.882886973909,18.14
04-28-2025 19:59:00,74.9966930164296,571.775306712814,18.19
04-28-2025 20:09:00,74.6348183491005,571.211117216119,18.22
04-28-2025 20:19:00,74.475574534842,568.401917364861,18.26
04-28-2025 20:29:00,74.7108070747231,564.111087501623,18.3
04-28-2025 20:39:00,74.4527901315303,566.527493177007,18.34
04-28-2025 20:49:00,74.8799370713473,564.677751041394,18.37
04-28-2025 20:59:00,74.7093146474975,559.941324629974,18.39
04-28-2025 21:09:00,73.3593436012944,562.729876986588,18.42
04-28-2025 21:19:00,73.682185332609,565.59532474033,18.44
04-28-2025 21:29:00,73.9995680849221,566.56176412121,18.45
04-28-2025 21:39:00,73.0384378907943,566.95882749247,18.47
04-28-2025 21:49:00,74.5412997329323,563.2824127858,18.48
04-28-2025 21:59:00,73.6677642196169,562.15127269221,18.48
04-28-2025 22:09:00,73.8864450465285,562.524698742317,18.49
04-28-2025 22:19:00,72.5188601599163,561.294573840925,18.49
04-28-2025 22:29:00,74.8011162402968,560.733357944724,18.48
04-28-2025 22:39:00,74.1251612044224,561.972962597352,18.48
04-28-2025 22:49:00,73.2516307275894,561.730700729856,18.48
04-28-2025 22:59:00,74.1507295588949,562.947460383793,18.47
04-28-2025 23:09:00,72.5803766597971,562.682420140558,18.46
04-28-2025 23:19:00,74.3682740737926,562.516167949098,18.45
04-28-2025 23:29:00,73.7857284352434,562.448680179854,18.44
04-28-2025 23:39:00,73.4007768552621,561.986188901821,18.43
04-28-2025 23:49:00,73.8002951085243,561.303714542232,18.41
04-28-2025 23:59:00,75.4886730417233,561.927377380155,18.4
04-29-2025 00:09:00,74.012292792999,561.738621925087,18.38
04-29-2025 00:19:00,75.2067502647374,560.486743844321,18.37
04-29-2025 00:29:00,72.5465469835729,559.50877408859,18.35
04-29-2025 00:39:00,74.0368783028169,559.342806027014,18.34
04-29-2025 00:49:00,73.7454044280047,558.562575431596,18.32
04-29-2025 00:59:00,72.571620519461,558.199387653636,18.31
04-29-2025 01:09:00,75.5355410777502,557.912718066972,18.29
04-29-2025 01:19:00,73.4687452666109,556.344044599074,18.27
04-29-2025 01:29:00,74.6510872592404,557.613380306231,18.24
04-29-2025 01:39:00,72.6838513710556,558.608582080172,18.22
04-29-2025 01:49:00,72.7817621472768,556.525867282668,18.19
04-29-2025 01:59:00,74.0620768032694,559.666628440531,18.16
04-29-2025 02:09:00,74.7507091175861,557.683226892108,18.13
04-29-2025 02:19:00,73.0698326774902,559.322765584501,18.09
04-29-2025 02:29:00,73.1621486533955,562.438076583763,18.05
04-29-2025 02:39:00,72.1718029051351,561.909941769756,18.01
04-29-2025 02:49:00,73.4450256059767,562.169301308713,17.97
04-29-2025 02:59:00,73.1437394153756,561.346622899447,17.93
04-29-2025 03:09:00,73.5254823623942,561.288907403642,17.88
04-29-2025 03:19:00,72.7275885300199,560.936478047416,17.83
04-29-2025 03:29:00,73.2020401986304,559.67819799434,17.77
04-29-2025 03:39:00,73.3815000701106,560.777667474609,17.71
04-29-2025 03:49:00,70.8181409993031,561.702076191471,17.66
04-29-2025 03:59:00,72.8625073356425,560.151116668662,17.6
04-29-2025 04:09:00,73.5267695404796,561.423184355063,17.53
04-29-2025 04:19:00,72.6224523369241,563.085933874418,17.46
04-29-2025 04:29:00,72.0182682138552,561.928875207481,17.4
04-29-2025 04:39:00,73.0789470355635,562.828882207155,17.34
04-29-2025 04:49:00,73.5461076677439,563.510265271086,17.27
04-29-2025 04:59:00,73.2250615192766,562.213174101301,17.19
04-29-2025 05:09:00,72.915154664494,560.570747163518,17.13
04-29-2025 05:19:00,74.4561934762148,560.764207781521,17.06
04-29-2025 05:29:00,73.1696925144706,560.686539420086,17
04-29-2025 05:39:00,72.5728727080969,560.72846343783,16.95
04-29-2025 05:49:00,73.5159246525021,560.195559639634,16.86
04-29-2025 05:59:00,73.114638048894,559.360417125122,16.81
04-29-2025 06:09:00,73.395843917761,559.987786172092,16.76
04-29-2025 06:19:00,72.1129555191737,561.080035893366,16.7
04-29-2025 06:29:00,73.3680167673455,559.758995648559,16.65
04-29-2025 06:39:00,71.7022212802956,564.765484187029,16.6
04-29-2025 06:49:00,73.6429018437725,563.466079301235,16.56
04-29-2025 06:59:00,71.405035233322,554.893619795513,16.53
04-29-2025 07:09:00,72.172560214622,557.077596149478,16.48
04-29-2025 07:19:00,72.069945191977,557.434505544355,16.44
04-29-2025 07:29:00,72.8473011948086,558.687280306413,16.41
04-29-2025 07:39:00,72.3664640146038,557.726133065002,16.39
04-29-2025 07:49:00,72.8520220114155,557.035464845095,16.36
04-29-2025 07:59:00,71.793814606762,557.164697143997,16.35
04-29-2025 08:09:00,71.2266021748738,555.178119250256,16.35
04-29-2025 08:19:00,73.2874672402897,553.601033531578,16.36
04-29-2025 08:29:00,72.8173574761549,552.391372546964,16.36
04-29-2025 08:39:00,71.1814925729644,549.433034184612,16.36
04-29-2025 08:49:00,71.0948145832455,550.048399267087,16.35
04-29-2025 08:59:00,71.6984732641175,549.053569680448,16.36
04-29-2025 09:09:00,72.3022251597887,547.184131719302,16.37
04-29-2025 09:19:00,71.8372929130301,546.285949679396,16.38
04-29-2025 09:29:00,71.474637223514,545.019114830776,16.4
04-29-2025 09:39:00,72.2781686159098,546.181593846064,16.42
04-29-2025 09:49:00,72.0178917332804,545.031588825918,16.45
04-29-2025 09:59:00,69.9099673076047,542.714074670054,16.48
04-29-2025 10:09:00,72.075286670024,543.001349609805,16.5
04-29-2025 10:19:00,71.6202287322809,543.697787539629,16.53
04-29-2025 10:29:00,72.4245799488609,543.206807330917,16.55
04-29-2025 10:39:00,70.8989580739673,542.735581079441,16.58
04-29-2025 10:49:00,70.443319113729,540.609287936643,16.61
04-29-2025 10:59:00,69.1162139726069,542.883078927214,16.65
04-29-2025 11:09:00,71.392003548502,541.651822664472,16.69
04-29-2025 11:19:00,70.4642654042729,539.289918269024,16.75
04-29-2025 11:29:00,71.0954820850146,538.387953741033,16.81
04-29-2025 11:39:00,70.3566754265244,538.830793689519,16.86
04-29-2025 11:49:00,70.0075439049884,535.566273908595,16.91
04-29-2025 11:59:00,70.4440751177163,531.830101040614,16.97
04-29-2025 12:09:00,71.199815706939,531.799119131224,17.08
04-29-2025 12:19:00,69.6100594225193,532.354476526265,17.19
04-29-2025 12:29:00,70.1909824816181,529.463005902948,17.34
04-29-2025 12:39:00,69.3859286211226,527.2920522755,17.46
04-29-2025 12:49:00,69.2608774258047,533.336482647824,17.57
04-29-2025 12:59:00,70.608014560234,534.188548848174,17.68
04-29-2025 13:09:00,70.6802540605094,531.603125543242,17.79
04-29-2025 13:19:00,70.354132851946,532.435356589516,17.89
04-29-2025 13:29:00,70.8095354740901,532.757380496716,17.98
04-29-2025 13:39:00,68.7989014802811,530.697349082768,18.06
04-29-2025 13:49:00,68.9531567461119,530.70340905206,18.14
04-29-2025 13:59:00,70.0883150000195,528.718658158686,18.21
04-29-2025 14:09:00,70.4408165772335,527.046151486803,18.29
04-29-2025 14:19:00,70.2899742197184,525.630063443169,18.35
04-29-2025 14:29:00,69.9415074227055,525.199767184958,18.41
04-29-2025 14:39:00,69.2912973386052,523.367477140889,18.46
04-29-2025 14:49:00,68.931966220537,522.700893854369,18.5
04-29-2025 14:59:00,67.6779507591072,520.236499544369,18.53
04-29-2025 15:09:00,69.0872743226325,521.904231956818,18.55
04-29-2025 15:19:00,69.9089919452968,519.43844702728,18.58
04-29-2025 15:29:00,68.5505056385372,518.238922574619,18.6
04-29-2025 15:39:00,68.4822524333831,518.342628111016,18.63
04-29-2025 15:49:00,68.4189442343974,517.375975312102,18.67
04-29-2025 15:59:00,68.3555865820916,514.330203225729,18.71
04-29-2025 16:09:00,68.5891834005161,511.876354333542,18.75
04-29-2025 16:19:00,68.6298570901886,511.319862423509,18.8
04-29-2025 16:29:00,68.3782938372284,509.789270484205,18.86
04-29-2025 16:39:00,67.0408574090479,508.274211752906,18.93
04-29-2025 16:49:00,67.9884488475895,509.15529057197,19.01
04-29-2025 16:59:00,67.3489000763386,511.327788376747,19.09
04-29-2025 17:09:00,67.9005276778841,509.132114972203,19.17
04-29-2025 17:19:00,66.0768999695599,507.265795937175,19.27
04-29-2025 17:29:00,67.4242924944332,505.262806732342,19.35
04-29-2025 17:39:00,68.3752292002738,505.14830986362,19.43
04-29-2025 17:49:00,66.7376104490988,502.443672902763,19.51
04-29-2025 17:59:00,66.6877227025906,502.0110549823,19.58
04-29-2025 18:09:00,66.4383254032171,500.281401358477,19.65
04-29-2025 18:19:00,67.3859248946979,502.141471895436,19.72
04-29-2025 18:29:00,66.0336505094572,500.692446863947,19.78
04-29-2025 18:39:00,66.3827079101911,500.356950206191,19.85
04-29-2025 18:49:00,66.5322717578459,500.620477654447,19.92
04-29-2025 18:59:00,66.7819797882251,500.484125059573,19.99
04-29-2025 19:09:00,66.3267679474173,500.330882376769,20.05
04-29-2025 19:19:00,65.4755235301427,499.49313594804,20.12
04-29-2025 19:29:00,67.0220796724502,497.636394153555,20.18
04-29-2025 19:39:00,66.8668232417899,496.879799102742,20.24
04-29-2025 19:49:00,67.2076934136709,498.311275513258,20.29
04-29-2025 19:59:00,67.5488277348853,498.139345664703,20.34
04-29-2025 20:09:00,67.0827879051345,499.956960478245,20.38
04-29-2025 20:19:00,67.3188176675662,499.166771702503,20.42
04-29-2025 20:29:00,65.7434797705388,498.05851461447,20.45
04-29-2025 20:39:00,65.4724247692498,498.856992532842,20.48
04-29-2025 20:49:00,65.9997127690477,496.727584344074,20.5
04-29-2025 20:59:00,65.5181686803084,498.095869308596,20.51
04-29-2025 21:09:00,66.7485922395587,499.078966149836,20.53
04-29-2025 21:19:00,65.7647989738925,497.936686281017,20.54
04-29-2025 21:29:00,67.2870648168405,498.385020855447,20.54
04-29-2025 21:39:00,66.1071706595579,497.76090333733,20.56
04-29-2025 21:49:00,66.8260510079085,497.907838533277,20.56
04-29-2025 21:59:00,67.1529390551821,498.890908796132,20.58
04-29-2025 22:09:00,66.4702072458055,497.948772374183,20.59
04-29-2025 22:19:00,67.0887832619863,497.593186056281,20.59
04-29-2025 22:29:00,66.8030546148743,497.438513395856,20.59
04-29-2025 22:39:00,67.8285084458178,498.103790591842,20.6
04-29-2025 22:49:00,66.9398380336954,497.647547503102,20.6
04-29-2025 22:59:00,66.9506587957497,499.988588700612,20.59
04-29-2025 23:09:00,67.7701966640995,497.321783211262,20.59
04-29-2025 23:19:00,66.0729606208324,498.256026702561,20.58
04-29-2025 23:29:00,67.8921773812316,499.591947776636,20.57
04-29-2025 23:39:00,65.9943057931424,500.52581696267,20.56
04-29-2025 23:49:00,67.0096744774819,499.651490417529,20.55
04-29-2025 23:59:00,67.2164802571334,500.669330108075,20.53
04-30-2025 00:09:00,66.3186791253739,500.883538001569,20.51
04-30-2025 00:19:00,67.8307030516948,503.206017736186,20.49
04-30-2025 00:29:00,66.9282351062304,502.801069299902,20.46
04-30-2025 00:39:00,66.3272589572063,504.704354544567,20.43
04-30-2025 00:49:00,65.7265833866105,504.600266188406,20.4
04-30-2025 00:59:00,66.8312994081221,506.000748469821,20.37
04-30-2025 01:09:00,66.6270751096919,507.083071156674,20.33
04-30-2025 01:19:00,66.6234633074032,508.866386876893,20.29
04-30-2025 01:29:00,65.9184499156727,509.345972217544,20.25
04-30-2025 01:39:00,66.2108079201003,507.705054409685,20.2
04-30-2025 01:49:00,66.6030646157132,508.969051892133,20.15
04-30-2025 01:59:00,67.8908229258339,509.014387292426,20.09
04-30-2025 02:09:00,67.0816943883955,508.376281359247,20.04
04-30-2025 02:19:00,67.3633982875329,510.304930131161,19.97
04-30-2025 02:29:00,66.660042849965,508.784342960445,19.93
04-30-2025 02:39:00,66.6517225509731,508.04748453278,19.88
04-30-2025 02:49:00,68.8354273471335,507.494491117761,19.82
04-30-2025 02:59:00,67.0247699690864,508.239616820868,19.76
04-30-2025 03:09:00,65.9189261075884,507.903298086697,19.71
04-30-2025 03:19:00,66.3051144534766,508.847186653688,19.65
04-30-2025 03:29:00,66.2875037262077,509.673965608754,19.58
04-30-2025 03:39:00,66.6779334223203,507.644237192277,19.53
04-30-2025 03:49:00,66.4705703312505,508.603677039311,19.48
04-30-2025 03:59:00,65.661433341823,508.650053767483,19.42
04-30-2025 04:09:00,66.1511491636536,507.519023835532,19.37
04-30-2025 04:19:00,65.5371194534755,507.350827812766,19.3
04-30-2025 04:29:00,65.4160396921423,507.464757399737,19.22
04-30-2025 04:39:00,66.6052206799436,507.445284599319,19.18
04-30-2025 04:49:00,66.3938138622032,507.393294699263,19.12
04-30-2025 04:59:00,66.976603418227,507.242203956479,19.06
04-30-2025 05:09:00,66.6612976452396,506.579174174412,18.99
04-30-2025 05:19:00,66.3510910136241,505.933115749545,18.93
04-30-2025 05:29:00,66.1402945218295,508.45885587898,18.87
04-30-2025 05:39:00,64.8401794863165,508.407000303338,18.81
04-30-2025 05:49:00,66.8083707124408,507.563279618065,18.75
04-30-2025 05:59:00,65.8014055735834,506.803313920556,18.68
04-30-2025 06:09:00,64.7012710758295,507.642715590902,18.62
04-30-2025 06:19:00,66.3747494485066,507.410156883258,18.57
04-30-2025 06:29:00,67.3599526017654,507.984554608585,18.53
04-30-2025 06:39:00,65.5643325276207,508.213815689298,18.46
04-30-2025 06:49:00,66.0459055539692,505.892221356335,18.4
04-30-2025 06:59:00,67.8194693959027,505.183510135569,18.36
04-30-2025 07:09:00,65.340211512392,507.205831631531,18.3
04-30-2025 07:19:00,66.5115210850978,506.366929424221,18.24
04-30-2025 07:29:00,65.621376305562,507.7290937711,18.2
04-30-2025 07:39:00,66.0034806453949,506.398169413509,18.14
04-30-2025 07:49:00,65.508188867273,506.085033929902,18.1
04-30-2025 07:59:00,66.691720415125,505.394084553925,18.07
04-30-2025 08:09:00,66.2902734371495,505.754787412522,18.02
04-30-2025 08:19:00,65.5002075553219,506.131072277865,17.98
04-30-2025 08:29:00,65.6943020634489,505.720248495595,17.94
04-30-2025 08:39:00,66.0849514521519,505.309733890062,17.9
04-30-2025 08:49:00,65.9884848135802,505.799971837246,17.87
04-30-2025 08:59:00,65.1057786429054,505.307134450278,17.84
04-30-2025 09:09:00,65.7911021791573,506.076265133909,17.8
04-30-2025 09:19:00,65.6011712786354,505.697598930246,17.78
04-30-2025 09:29:00,66.0942452432974,509.428528605926,17.75
04-30-2025 09:39:00,66.0961268672822,508.149852243628,17.72
04-30-2025 09:49:00,66.3971771511313,506.494817255148,17.7
04-30-2025 09:59:00,66.0156222367268,506.033894108432,17.69
04-30-2025 10:09:00,66.9055508555047,505.361124978328,17.67
04-30-2025 10:19:00,65.1500019361436,504.507785292729,17.66
04-30-2025 10:29:00,66.4463360860867,505.255860907893,17.67
04-30-2025 10:39:00,65.0879546913214,505.006855349099,17.67
04-30-2025 10:49:00,64.8137901843806,503.595341596982,17.68
04-30-2025 10:59:00,66.3112754169337,502.591517294803,17.7
04-30-2025 11:09:00,65.1580126715751,504.631277930321,17.72
04-30-2025 11:19:00,65.5894552371484,503.869691531071,17.77
04-30-2025 11:29:00,65.9275635430899,503.417504084429,17.83
04-30-2025 11:39:00,64.9877451634524,502.768054895239,17.89
04-30-2025 11:49:00,64.8294767060776,499.151629290377,17.94
04-30-2025 11:59:00,67.0374595895736,497.023057323899,18
04-30-2025 12:09:00,65.7214003288002,497.413151947373,18.1
04-30-2025 12:19:00,65.2949006050253,497.424182410276,18.21
04-30-2025 12:29:00,64.5761494711362,497.449802120653,18.33
04-30-2025 12:39:00,64.2510526703463,498.265270700377,18.45
04-30-2025 12:49:00,64.6173182635045,497.895673654529,18.57
04-30-2025 12:59:00,65.3800721146149,499.108313167335,18.69
04-30-2025 13:09:00,63.9607133573274,498.227998006226,18.8
04-30-2025 13:19:00,65.8146786624335,498.74861209769,18.92
04-30-2025 13:29:00,64.0819001740511,497.622630246342,19
04-30-2025 13:39:00,64.4223737859844,497.457859558831,19.06
04-30-2025 13:49:00,65.765356120001,498.712815284343,19.14
04-30-2025 13:59:00,63.631935691286,497.186669527166,19.22
04-30-2025 14:09:00,64.9760963462691,498.542047762229,19.3
04-30-2025 14:19:00,63.7304427568487,498.590457091346,19.37
04-30-2025 14:29:00,64.0626925806988,497.79765279022,19.41
04-30-2025 14:39:00,63.1008913597691,499.194482539069,19.45
04-30-2025 14:49:00,62.8268064515174,498.172110716955,19.47
04-30-2025 14:59:00,63.4489404101608,497.24891136358,19.49
04-30-2025 15:09:00,63.9582164321555,497.575708155637,19.48
04-30-2025 15:19:00,64.4628937225342,497.389760188889,19.46
04-30-2025 15:29:00,64.4651461039443,495.994598893137,19.43
04-30-2025 15:39:00,63.3771347131307,496.804257459401,19.41
04-30-2025 15:49:00,62.7870296049654,495.125904969255,19.39
04-30-2025 15:59:00,64.3814864741928,495.224418986306,19.36
04-30-2025 16:09:00,62.2042752411849,493.461953590952,19.35
04-30-2025 16:19:00,63.6989210143895,494.058135627123,19.32
04-30-2025 16:29:00,63.5069691401301,493.873031524325,19.3
04-30-2025 16:39:00,64.2098858021415,492.395499159683,19.28
04-30-2025 16:49:00,63.5341745727342,491.756359974942,19.29
04-30-2025 16:59:00,62.6507645023543,491.585840839051,19.28
04-30-2025 17:09:00,64.0674320368266,492.55167865694,19.3
04-30-2025 17:19:00,63.4954656056528,492.125378533765,19.32
04-30-2025 17:29:00,63.6240347358303,490.519296563644,19.35
04-30-2025 17:39:00,63.8566120471637,490.816973384348,19.39
04-30-2025 17:49:00,64.3834624697186,491.001052827146,19.42
04-30-2025 17:59:00,62.4216074623647,487.20278506117,19.45
04-30-2025 18:09:00,63.4506811222773,487.698435022784,19.49
04-30-2025 18:19:00,62.8820805470406,486.98503718792,19.52
04-30-2025 18:29:00,64.6048767956295,485.772992869923,19.55
04-30-2025 18:39:00,63.3386316262026,484.261265566319,19.58
04-30-2025 18:49:00,63.6711838586213,484.456901386478,19.62
04-30-2025 18:59:00,63.709200580774,484.666077708611,19.67
04-30-2025 19:09:00,64.9445307672975,485.773236346005,19.72
04-30-2025 19:19:00,62.2837444130259,483.773406863721,19.76
04-30-2025 19:29:00,61.3227420278977,483.183308585018,19.81
04-30-2025 19:39:00,63.2576805106556,482.59257755594,19.86
04-30-2025 19:49:00,60.6932355408262,482.087829263915,19.9
04-30-2025 19:59:00,64.4240775717372,481.782524173433,19.94
04-30-2025 20:09:00,62.5582223246074,481.676855435908,19.98
04-30-2025 20:19:00,62.8915082051358,482.371113307829,20.02
04-30-2025 20:29:00,63.7207999108439,481.451679810208,20.05
04-30-2025 20:39:00,62.4491301159922,482.332852159674,20.08
04-30-2025 20:49:00,61.7730860976299,481.599693545152,20.1
04-30-2025 20:59:00,63.7994367439189,481.666984798126,20.12
04-30-2025 21:09:00,63.6239497522129,483.13579260246,20.14
04-30-2025 21:19:00,63.9490483611253,482.201883567209,20.16
04-30-2025 21:29:00,61.7663300534917,482.255798760312,20.17
04-30-2025 21:39:00,62.4918145213359,481.521662162548,20.19
04-30-2025 21:49:00,62.4161713949423,481.688727328567,20.21
04-30-2025 21:59:00,62.8370638942992,482.143113722173,20.22
04-30-2025 22:09:00,63.1578369414522,481.194904312258,20.23
04-30-2025 22:19:00,63.77924247359,481.749386501469,20.24
04-30-2025 22:29:00,63.1025027893102,481.816025259686,20.26
04-30-2025 22:39:00,63.6282576983585,481.982823419565,20.28
04-30-2025 22:49:00,64.1497107933082,482.537373158814,20.29
04-30-2025 22:59:00,63.2678490716966,482.891461360805,20.3
04-30-2025 23:09:00,63.789354266454,481.641528218678,20.31
04-30-2025 23:19:00,62.9073175711653,481.995469479293,20.32
04-30-2025 23:29:00,63.2327304013665,483.365281646092,20.34
04-30-2025 23:39:00,63.1483139446402,482.302225700408,20.34
04-30-2025 23:49:00,63.0682725473466,484.962623507773,20.35
04-30-2025 23:59:00,63.6858327403669,483.799100614133,20.35
