t_wql,trp,cdom,temp
06-01-2025 00:09:00,68.7328019086701,553.912276843787,20.71
06-01-2025 00:19:00,69.3390301981518,554.318236382702,20.69
06-01-2025 00:29:00,67.532003515358,554.120747091245,20.67
06-01-2025 00:39:00,68.439789631446,554.124321200313,20.65
06-01-2025 00:49:00,69.3472700939406,554.429371837454,20.63
06-01-2025 00:59:00,69.8524662240031,554.332289340515,20.61
06-01-2025 01:09:00,69.2522248782521,553.933747733656,20.59
06-01-2025 01:19:00,69.45586397461,554.841287480825,20.57
06-01-2025 01:29:00,68.1527384697483,554.543127609648,20.55
06-01-2025 01:39:00,68.8586152191105,553.943720324469,20.53
06-01-2025 01:49:00,67.756813143092,553.946931502143,20.51
06-01-2025 01:59:00,68.6632969827618,553.448101169943,20.49
06-01-2025 02:09:00,69.0675722651994,554.254326527402,20.47
06-01-2025 02:19:00,68.4680606717303,553.253674654222,20.45
06-01-2025 02:29:00,68.5729331839727,553.559606158634,20.44
06-01-2025 02:39:00,68.8748979653989,552.85848806795,20.41
06-01-2025 02:49:00,70.1835663574607,553.866507240168,20.4
06-01-2025 02:59:00,69.5841685936098,553.969646088042,20.38
06-01-2025 03:09:00,68.1826227600761,554.373570042138,20.36
06-01-2025 03:19:00,69.4889480411989,553.674281144777,20.34
06-01-2025 03:29:00,70.0930269921012,553.877493098753,20.32
06-01-2025 03:39:00,67.0881625204015,554.281069011804,20.3
06-01-2025 03:49:00,69.6987898801711,553.583751082351,20.29
06-01-2025 03:59:00,67.396223890681,553.486072889915,20.27
06-01-2025 04:09:00,69.7036907186955,553.087764101372,20.25
06-01-2025 04:19:00,70.0085522498574,553.392596028,20.24
06-01-2025 04:29:00,69.2095006009054,553.895887687138,20.22
06-01-2025 04:39:00,68.212097364223,554.300637152854,20.21
06-01-2025 04:49:00,69.5149024995071,553.199342574835,20.18
06-01-2025 04:59:00,67.4179214035936,553.906121795784,20.18
06-01-2025 05:09:00,69.0227327941947,554.108474483342,20.16
06-01-2025 05:19:00,68.4245259481093,554.310705928498,20.14
06-01-2025 05:29:00,68.5271796766147,553.211556021733,20.12
06-01-2025 05:39:00,69.3303543425397,553.814078328191,20.1
06-01-2025 05:49:00,69.0325476974011,553.515768693569,20.08
06-01-2025 05:59:00,69.3351166269598,553.717741692435,20.06
06-01-2025 06:09:00,70.3378026195213,553.919593529659,20.04
06-01-2025 06:19:00,69.0379984372642,553.819483834349,20.01
06-01-2025 06:29:00,68.4404348713572,553.621158585373,19.99
06-01-2025 06:39:00,68.7428350319695,553.822744523182,19.97
06-01-2025 06:49:00,69.8466503482676,554.026015763659,19.96
06-01-2025 06:59:00,68.5495017680104,554.027471935343,19.94
06-01-2025 07:09:00,69.8510828635389,554.028871580213,19.92
06-01-2025 07:19:00,69.4554166091878,553.432455072902,19.91
06-01-2025 07:29:00,69.1579327660761,553.533749073039,19.89
06-01-2025 07:39:00,67.6634582654973,554.136242388197,19.88
06-01-2025 07:49:00,68.4685336142719,554.041119289597,19.88
06-01-2025 07:59:00,69.7712757731539,553.944142514063,19.87
06-01-2025 08:09:00,69.5773082828335,553.948807284837,19.87
06-01-2025 08:19:00,68.6823138074864,553.851731520721,19.86
06-01-2025 08:29:00,68.4866050157842,553.754614456216,19.85
06-01-2025 08:39:00,67.3937182509272,553.759106150517,19.85
06-01-2025 08:49:00,69.0992122825957,553.465658013621,19.86
06-01-2025 08:59:00,69.9040663479467,554.269131503612,19.86
06-01-2025 09:09:00,69.7100357334449,553.574240088935,19.86
06-01-2025 09:19:00,67.8179104065851,553.978049604609,19.86
06-01-2025 09:29:00,67.8236276773943,553.882365690621,19.86
06-01-2025 09:39:00,67.4314258521319,553.48871807498,19.87
06-01-2025 09:49:00,70.0362442728197,553.794271401304,19.88
06-01-2025 09:59:00,68.8465951663742,553.801862174045,19.9
06-01-2025 10:09:00,68.855773032386,554.009267366559,19.92
06-01-2025 10:19:00,69.8626168302513,553.915036030942,19.93
06-01-2025 10:29:00,68.2725765705706,553.422674392824,19.95
06-01-2025 10:39:00,68.7814998588171,553.829877084654,19.97
06-01-2025 10:49:00,68.6906208099415,553.8371845698,19.99
06-01-2025 10:59:00,67.6996247706533,553.644419372615,20.01
06-01-2025 11:09:00,68.8105544607087,553.853414395477,20.04
06-01-2025 11:19:00,68.9179193070935,554.559050345315,20.05
06-01-2025 11:29:00,68.927000049594,554.266075193397,20.07
06-01-2025 11:39:00,69.4346300574715,553.470829565172,20.08
06-01-2025 11:49:00,66.8416670197844,553.978136407495,20.1
06-01-2025 11:59:00,69.2544849369914,553.786648828106,20.13
06-01-2025 12:09:00,68.7664552206502,553.997322568465,20.17
06-01-2025 12:19:00,67.9792682588197,553.708997427628,20.22
06-01-2025 12:29:00,69.7989364554992,553.823035571559,20.28
06-01-2025 12:39:00,68.2092946538378,553.634529472912,20.33
06-01-2025 12:49:00,67.6230810260572,553.848827471591,20.39
06-01-2025 12:59:00,69.4432220240087,553.559686893298,20.44
06-01-2025 13:09:00,69.455868450582,553.670066823008,20.48
06-01-2025 13:19:00,67.458434410171,553.87908987855,20.51
06-01-2025 13:29:00,67.8671641731183,553.883698750097,20.52
06-01-2025 13:39:00,67.9746574665616,553.486532030808,20.53
06-01-2025 13:49:00,67.8762489428022,553.485719583674,20.51
06-01-2025 13:59:00,68.2815541684918,553.988633387548,20.5
06-01-2025 14:09:00,68.6867813820286,553.889026436278,20.49
06-01-2025 14:19:00,67.8855889648091,553.386074457342,20.47
06-01-2025 14:29:00,67.6901486220886,553.990831330645,20.47
06-01-2025 14:39:00,68.3964060595429,553.288840954186,20.46
06-01-2025 14:49:00,69.4054268070797,552.789335022769,20.46
06-01-2025 14:59:00,68.3066096830435,554.096478256389,20.46
06-01-2025 15:09:00,68.5143469481354,553.096717677435,20.47
06-01-2025 15:19:00,69.8263813433858,552.899847984769,20.48
06-01-2025 15:29:00,68.8312322839399,553.507821474189,20.5
06-01-2025 15:39:00,68.0365885494065,553.513405212668,20.52
06-01-2025 15:49:00,69.0513173496947,553.01846180934,20.55
06-01-2025 15:59:00,67.6568915716966,553.228246040164,20.59
06-01-2025 16:09:00,68.8748305799223,553.739640464215,20.63
06-01-2025 16:19:00,67.5799528572734,552.542066217814,20.67
06-01-2025 16:29:00,68.1968650435853,553.256343561342,20.72
06-01-2025 16:39:00,68.0075754528711,553.164407428836,20.76
06-01-2025 16:49:00,70.7369903690056,552.669753564965,20.8
06-01-2025 16:59:00,68.3333550431293,552.577449425012,20.84
06-01-2025 17:09:00,68.1438755609134,552.686457008859,20.88
06-01-2025 17:19:00,69.9692161753442,553.9037047219,20.92
06-01-2025 17:29:00,68.1676202338523,553.10607038762,20.96
06-01-2025 17:39:00,69.0868014737243,553.416807505857,21
06-01-2025 17:49:00,67.3829255852395,553.524231177583,21.03
06-01-2025 17:59:00,68.7040859042743,552.925609372508,21.06
06-01-2025 18:09:00,68.5125643950589,553.638173504389,21.09
06-01-2025 18:19:00,68.7263243103359,552.637215123913,21.13
06-01-2025 18:29:00,68.6338772931974,552.843563338243,21.15
06-01-2025 18:39:00,67.3315756341618,553.556455128001,21.18
06-01-2025 18:49:00,68.9554573432353,552.753142364531,21.2
06-01-2025 18:59:00,70.1758763075453,552.454481351979,21.22
06-01-2025 19:09:00,69.2754516902666,552.458697351199,21.24
06-01-2025 19:19:00,70.4962911847785,552.866965815418,21.26
06-01-2025 19:29:00,68.179285948452,552.667349877304,21.27
06-01-2025 19:39:00,69.196332303462,553.073906020376,21.28
06-01-2025 19:49:00,69.2030107162252,553.581522649624,21.29
06-01-2025 19:59:00,67.0858044714939,553.481039295767,21.29
06-01-2025 20:09:00,68.2056441432565,553.687214749805,21.31
06-01-2025 20:19:00,67.4035876958679,553.18406515888,21.32
06-01-2025 20:29:00,68.9263403578688,553.69162526173,21.33
06-01-2025 20:39:00,69.6423964477416,553.190018751892,21.35
06-01-2025 20:49:00,68.0312754760905,552.383161954232,21.36
06-01-2025 20:59:00,68.1388827200986,554.002946534762,21.37
06-01-2025 21:09:00,69.1584038519917,552.995381485128,21.39
06-01-2025 21:19:00,70.4779315006531,553.400026397564,21.39
06-01-2025 21:29:00,68.6640113339246,553.098405939971,21.4
06-01-2025 21:39:00,68.3653365200073,553.806396618371,21.4
06-01-2025 21:49:00,68.7746474736348,553.401759790857,21.4
06-01-2025 21:59:00,68.0713754086613,552.491351719478,21.4
06-01-2025 22:09:00,68.4806599525983,553.806025583454,21.4
06-01-2025 22:19:00,68.4819267281769,552.993194607675,21.38
06-01-2025 22:29:00,68.0821092128102,553.498528863206,21.38
06-01-2025 22:39:00,67.9823070117996,553.292423399138,21.36
06-01-2025 22:49:00,69.6029164574004,553.088059482224,21.35
06-01-2025 22:59:00,69.0985269967251,552.881955830072,21.33
06-01-2025 23:09:00,69.1013969569694,553.182943394364,21.32
06-01-2025 23:19:00,69.3046105081431,553.684180589939,21.3
06-01-2025 23:29:00,68.6993961483342,553.679977707186,21.28
06-01-2025 23:39:00,69.7126159148271,552.970249035837,21.27
06-01-2025 23:49:00,70.4207066481504,553.572161999894,21.25
06-01-2025 23:59:00,69.310508699686,554.173820779105,21.23
06-02-2025 00:09:00,68.1013538872703,553.060190215711,21.22
06-02-2025 00:19:00,68.2018292550374,553.760861899078,21.19
06-02-2025 00:29:00,69.0123629604888,553.455203423165,21.18
06-02-2025 00:39:00,68.8132202326724,553.149536897457,21.17
06-02-2025 00:49:00,68.612378964309,553.649645963195,21.15
06-02-2025 00:59:00,69.8244756186722,553.140331032791,21.13
06-02-2025 01:09:00,68.7153767980894,553.135643257407,21.11
06-02-2025 01:19:00,69.2208264030882,553.332673791562,21.09
06-02-2025 01:29:00,68.7173895651811,552.924355995589,21.07
06-02-2025 01:39:00,69.7269237399399,553.020385961047,21.05
06-02-2025 01:49:00,68.7176309166288,554.022064975932,21.02
06-02-2025 01:59:00,68.720318100139,552.808890623954,21.01
06-02-2025 02:09:00,68.2172432906,553.005523403338,20.99
06-02-2025 02:19:00,68.5189270957004,553.502638512513,20.96
06-02-2025 02:29:00,68.3166717284082,553.596427873121,20.93
06-02-2025 02:39:00,68.9203568461053,552.884260066761,20.9
06-02-2025 02:49:00,69.5237365125327,553.1794515316,20.87
06-02-2025 02:59:00,68.0124783033108,553.27307550798,20.84
06-02-2025 03:09:00,70.5264003032433,552.861596643289,20.8
06-02-2025 03:19:00,68.6132339364017,553.357628580188,20.77
06-02-2025 03:29:00,69.4172091087374,553.249755637843,20.74
06-02-2025 03:39:00,69.8166726123164,553.140146074495,20.7
06-02-2025 03:49:00,69.6144400336349,553.032269802605,20.67
06-02-2025 03:59:00,69.7120585025636,553.023186105221,20.63
06-02-2025 04:09:00,68.7043407143042,552.411178733609,20.59
06-02-2025 04:19:00,68.9026158984861,552.502629880549,20.55
06-02-2025 04:29:00,67.8957928305745,551.589829840106,20.51
06-02-2025 04:39:00,70.0014145238241,553.187080468772,20.47
06-02-2025 04:49:00,69.2976669184984,552.175833149739,20.44
06-02-2025 04:59:00,69.5957907719113,551.665069686523,20.4
06-02-2025 05:09:00,68.1854303919374,552.254471384311,20.34
06-02-2025 05:19:00,69.2873458712512,552.647847591716,20.31
06-02-2025 05:29:00,68.683163135352,553.13947381779,20.27
06-02-2025 05:39:00,68.5785976573794,552.22646696151,20.22
06-02-2025 05:49:00,69.9797771801674,552.619290791792,20.19
06-02-2025 05:59:00,68.7751976625218,552.709786385944,20.15
06-02-2025 06:09:00,69.3764944053406,552.903664937093,20.13
06-02-2025 06:19:00,69.9757823267406,553.295861906793,20.1
06-02-2025 06:29:00,69.4741469330419,552.487131454641,20.07
06-02-2025 06:39:00,69.0745037935208,552.280582833788,20.05
06-02-2025 06:49:00,69.7734599743483,552.772516329269,20.02
06-02-2025 06:59:00,68.3722359491227,552.464216972115,19.99
06-02-2025 07:09:00,67.8746471913779,551.959330826469,19.98
06-02-2025 07:19:00,70.5745046467432,551.852749954955,19.96
06-02-2025 07:29:00,68.9755601439355,552.145951110385,19.94
06-02-2025 07:39:00,68.5780298946434,552.040893190798,19.93
06-02-2025 07:49:00,69.9811873026956,551.637591507622,19.93
06-02-2025 07:59:00,68.284421297745,552.531821646951,19.92
06-02-2025 08:09:00,69.8855213313351,552.52650248748,19.91
06-02-2025 08:19:00,68.7902278885052,552.422874472692,19.91
06-02-2025 08:29:00,69.4936148496621,551.719624229468,19.91
06-02-2025 08:39:00,69.2976418015577,552.215445366642,19.91
06-02-2025 08:49:00,68.0024538987664,551.911789429955,19.91
06-02-2025 08:59:00,68.903947871028,552.006149790941,19.9
06-02-2025 09:09:00,69.3092079644506,551.504159325534,19.91
06-02-2025 09:19:00,68.5152938202415,551.002030842399,19.92
06-02-2025 09:29:00,68.7206732070722,550.699651405888,19.93
06-02-2025 09:39:00,69.525781526282,551.196778986402,19.94
06-02-2025 09:49:00,70.6327316065645,551.695542578677,19.96
06-02-2025 09:59:00,69.2438974997177,552.097718981702,20
06-02-2025 10:09:00,71.2514539657049,550.996499298738,20.02
06-02-2025 10:19:00,69.6602504193286,551.396943036622,20.05
06-02-2025 10:29:00,68.6669598295356,550.795335976287,20.07
06-02-2025 10:39:00,68.3771729529589,551.597712930878,20.11
06-02-2025 10:49:00,69.5890011023151,551.499462979387,20.15
06-02-2025 10:59:00,70.0003686818718,551.401094760483,20.19
06-02-2025 11:09:00,68.6103244902197,551.304195951813,20.24
06-02-2025 11:19:00,68.722658401672,552.209510646783,20.29
06-02-2025 11:29:00,69.4402238679424,551.414024407893,20.36
06-02-2025 11:39:00,70.0564334004965,552.020809596698,20.42
06-02-2025 11:49:00,69.3699186932415,551.625861620586,20.49
06-02-2025 11:59:00,70.7996027264476,550.935307563101,20.6
06-02-2025 12:09:00,69.4121747310915,551.246051169746,20.69
06-02-2025 12:19:00,70.4415811031302,551.76173512944,20.8
06-02-2025 12:29:00,68.6487044500263,551.166977835165,20.89
06-02-2025 12:39:00,68.5684252228955,551.782505489244,20.99
06-02-2025 12:49:00,69.698645499467,551.793661580448,21.09
06-02-2025 12:59:00,68.3064476026801,551.602847445653,21.19
06-02-2025 13:09:00,68.6298437688903,551.310621093655,21.29
06-02-2025 13:19:00,68.7480632915625,550.913581794651,21.37
06-02-2025 13:29:00,68.3638544632948,551.227467473601,21.47
06-02-2025 13:39:00,69.0913760434527,550.729987058646,21.56
06-02-2025 13:49:00,67.8926683320596,550.939588238524,21.64
06-02-2025 13:59:00,67.708075783407,550.03544065778,21.73
06-02-2025 14:09:00,68.4366084957813,550.449289025954,21.82
06-02-2025 14:19:00,68.1488779580685,550.760559977929,21.9
06-02-2025 14:29:00,68.5721188037077,550.157575002803,21.98
06-02-2025 14:39:00,69.7059372852642,550.772457439139,22.05
06-02-2025 14:49:00,68.0923830266577,550.57250883548,22.11
06-02-2025 14:59:00,69.4289114962392,550.983005743032,22.17
06-02-2025 15:09:00,68.6265500306171,550.781278642228,22.22
06-02-2025 15:19:00,69.3497373526394,551.188913402712,22.26
06-02-2025 15:29:00,69.6658201729032,550.577850619186,22.3
06-02-2025 15:39:00,68.6587845444357,550.477515231879,22.35
06-02-2025 15:49:00,69.2825050896487,550.988895033834,22.4
06-02-2025 15:59:00,66.8477746169847,551.196213353936,22.46
06-02-2025 16:09:00,68.1857544322843,550.687573538304,22.51
06-02-2025 16:19:00,68.912163857165,550.178462183008,22.56
06-02-2025 16:29:00,68.2073583262902,549.463093625571,22.6
06-02-2025 16:39:00,66.7868345090884,550.07549893397,22.64
06-02-2025 16:49:00,68.0211720660336,550.788872297243,22.67
06-02-2025 16:59:00,69.6704058780677,550.178218873709,22.73
06-02-2025 17:09:00,69.8890097178224,550.283033159152,22.79
06-02-2025 17:19:00,68.1647601998382,550.491827088333,22.86
06-02-2025 17:29:00,68.073912016189,550.595225433901,22.91
06-02-2025 17:39:00,66.6542600600365,550.291985954275,22.98
06-02-2025 17:49:00,69.2278337135983,550.600314430809,23.03
06-02-2025 17:59:00,67.6006454248325,550.91045875708,23.09
06-02-2025 18:09:00,67.8171261602705,549.577623127475,23.14
06-02-2025 18:19:00,68.0337704150805,549.783266964268,23.19
06-02-2025 18:29:00,67.737154003692,550.810508502558,23.24
06-02-2025 18:39:00,69.0839150286675,550.708548038832,23.29
06-02-2025 18:49:00,67.451445975966,550.606451357235,23.34
06-02-2025 18:59:00,68.1822982860863,549.99015497376,23.39
06-02-2025 19:09:00,67.3676846729988,550.193014074302,23.42
06-02-2025 19:19:00,67.7886653569582,550.088882776131,23.46
06-02-2025 19:29:00,68.9267705157003,550.08442598318,23.48
06-02-2025 19:39:00,68.3175196149443,550.184383165077,23.51
06-02-2025 19:49:00,66.0608976629977,550.387277069294,23.54
06-02-2025 19:59:00,68.9497133475852,549.353123672032,23.56
06-02-2025 20:09:00,67.7188318278705,549.758689905475,23.57
06-02-2025 20:19:00,67.208557103753,550.782117207287,23.58
06-02-2025 20:29:00,67.7263764061559,549.641479979703,23.58
06-02-2025 20:39:00,66.905507376071,550.354335236697,23.58
06-02-2025 20:49:00,68.0411503276955,549.419532644435,23.58
06-02-2025 20:59:00,67.5275541637512,550.233673112895,23.57
06-02-2025 21:09:00,67.0140306239906,550.120998174232,23.56
06-02-2025 21:19:00,67.6852883686568,551.758421765409,23.55
06-02-2025 21:29:00,68.3565329084778,550.308872672826,23.55
06-02-2025 21:39:00,68.460632157807,549.784270566676,23.54
06-02-2025 21:49:00,68.4617691407447,549.774357745566,23.53
06-02-2025 21:59:00,68.3599695099585,550.279005945741,23.52
06-02-2025 22:09:00,68.1535837657487,549.85572799328,23.5
06-02-2025 22:19:00,68.3605040033081,549.742736521225,23.49
06-02-2025 22:29:00,68.4627876944929,549.731056578148,23.47
06-02-2025 22:39:00,67.5380088107582,550.338091631155,23.46
06-02-2025 22:49:00,68.0518001667959,550.737616756022,23.44
06-02-2025 22:59:00,67.1256728293246,550.417080744199,23.42
06-02-2025 23:09:00,66.919589044697,550.610696556576,23.4
06-02-2025 23:19:00,67.4331903847291,549.467733574101,23.38
06-02-2025 23:29:00,67.9449550838191,550.584793916549,23.35
06-02-2025 23:39:00,66.812405314954,550.159941350658,23.32
06-02-2025 23:49:00,68.8649577968483,550.659784936395,23.29
06-02-2025 23:59:00,69.3741788305246,550.438804323517,23.25
06-03-2025 00:09:00,68.4475125130969,548.884806226139,23.22
06-03-2025 00:19:00,67.8275811448525,550.101288969399,23.18
06-03-2025 00:29:00,67.4132486737294,550.188303661914,23.14
06-03-2025 00:39:00,66.8997378373116,550.17578959479,23.12
06-03-2025 00:49:00,69.0478781249495,550.876265947764,23.07
06-03-2025 00:59:00,68.941003759169,550.245208712255,23.03
06-03-2025 01:09:00,68.3218256450566,550.126867963426,22.99
06-03-2025 01:19:00,68.2135709158187,550.826416874692,22.94
06-03-2025 01:29:00,69.2316616858872,550.706218782556,22.89
06-03-2025 01:39:00,69.9418635669522,550.790745587521,22.84
06-03-2025 01:49:00,69.1151773857998,549.952843993252,22.78
06-03-2025 01:59:00,66.7571784456745,549.628461728783,22.73
06-03-2025 02:09:00,70.1212637469129,550.527588063082,22.66
06-03-2025 02:19:00,69.2956832678952,549.690857722275,22.6
06-03-2025 02:29:00,68.8809950067711,550.183673348191,22.55
06-03-2025 02:39:00,68.9717640644213,549.854880795317,22.47
06-03-2025 02:49:00,66.8206810758647,550.445752888417,22.4
06-03-2025 02:59:00,68.0369469448997,550.425978378903,22.34
06-03-2025 03:09:00,68.3351320539335,550.91552790593,22.28
06-03-2025 03:19:00,68.6313222920517,549.773791599729,22.21
06-03-2025 03:29:00,68.4200462900752,549.550643642757,22.15
06-03-2025 03:39:00,68.5157925830316,549.634330704106,22.1
06-03-2025 03:49:00,68.0997512457454,550.324789144666,22.03
06-03-2025 03:59:00,68.0922470116601,549.999880320801,21.97
06-03-2025 04:09:00,70.0180806060484,549.983050118538,21.93
06-03-2025 04:19:00,68.5864859396077,549.453854451416,21.86
06-03-2025 04:29:00,68.1728240570388,549.839940663673,21.8
06-03-2025 04:39:00,69.4837685605755,549.718458591842,21.74
06-03-2025 04:49:00,68.3620885101836,550.713771503491,21.69
06-03-2025 04:59:00,68.4557434935326,549.983836686957,21.63
06-03-2025 05:09:00,68.8548426058625,550.167680021696,21.58
06-03-2025 05:19:00,69.2518753356495,550.147226219926,21.52
06-03-2025 05:29:00,69.1442656165365,549.622299833376,21.47
06-03-2025 05:39:00,70.3518022738994,549.198894502577,21.42
06-03-2025 05:49:00,69.0303934114691,549.281357691583,21.37
06-03-2025 05:59:00,69.3272783539958,549.363686834985,21.32
06-03-2025 06:09:00,69.5228743087599,550.254166048282,21.27
06-03-2025 06:19:00,68.2033844750751,549.830926347078,21.22
06-03-2025 06:29:00,69.2068815468726,549.105104975023,21.17
06-03-2025 06:39:00,68.5949566174567,549.388928566608,21.12
06-03-2025 06:49:00,69.4983244300093,549.875756395887,21.08
06-03-2025 06:59:00,70.3002458875712,549.656277412021,21.04
06-03-2025 07:09:00,68.3796673148455,550.344198158461,21
06-03-2025 07:19:00,69.584530341467,549.419113772893,20.96
06-03-2025 07:29:00,68.4697395104698,549.399774316984,20.91
06-03-2025 07:39:00,69.8768505535146,549.181997524461,20.88
06-03-2025 07:49:00,66.9520339087363,548.560044469374,20.84
06-03-2025 07:59:00,68.2563973134957,549.246877509718,20.8
06-03-2025 08:09:00,68.4547638427931,549.733517175632,20.77
06-03-2025 08:19:00,69.4560963488346,549.413522987589,20.73
06-03-2025 08:29:00,68.1455121665664,549.19574084326,20.7
06-03-2025 08:39:00,69.5502317770432,548.978001156049,20.67
06-03-2025 08:49:00,69.0443913841956,549.162380498299,20.64
06-03-2025 08:59:00,68.6392795885572,549.24611179759,20.61
06-03-2025 09:09:00,67.6315310495442,549.430208978468,20.58
06-03-2025 09:19:00,70.2438933264782,548.713088414335,20.57
06-03-2025 09:29:00,68.0324162555651,549.501295012622,20.55
06-03-2025 09:39:00,69.5358032103049,549.484209754542,20.52
06-03-2025 09:49:00,67.6249490593459,548.764290048985,20.49
06-03-2025 09:59:00,69.6312828424957,549.150267430808,20.47
06-03-2025 10:09:00,68.5256553419472,548.933871154044,20.45
06-03-2025 10:19:00,70.2301234927305,548.918179622455,20.43
06-03-2025 10:29:00,69.0243999253178,549.303759240931,20.41
06-03-2025 10:39:00,67.9193699073482,548.585679217365,20.39
06-03-2025 10:49:00,69.623070604785,548.268967779607,20.37
06-03-2025 10:59:00,69.0196924196126,548.453713256538,20.35
06-03-2025 11:09:00,67.8148947746408,548.437803018641,20.33
06-03-2025 11:19:00,68.5168861072931,549.526144042001,20.32
06-03-2025 11:29:00,69.4175332374667,548.808242593139,20.3
06-03-2025 11:39:00,68.8161493609423,548.693353932946,20.29
06-03-2025 11:49:00,68.9181133474754,548.68013413487,20.29
06-03-2025 11:59:00,70.6220013690014,548.064014187534,20.28
06-03-2025 12:09:00,67.7155560285602,547.949025888266,20.27
06-03-2025 12:19:00,68.6192111137476,548.5369432085,20.27
06-03-2025 12:29:00,69.6230713598869,548.623711007591,20.27
06-03-2025 12:39:00,68.923206182628,548.008892553943,20.27
06-03-2025 12:49:00,69.2255114584962,548.195763334515,20.27
06-03-2025 12:59:00,67.2243212444594,548.183590654291,20.28
06-03-2025 13:09:00,68.030967517711,546.969899698567,20.3
06-03-2025 13:19:00,69.2406003792542,547.762360543982,20.33
06-03-2025 13:29:00,67.744522731373,548.35604177677,20.37
06-03-2025 13:39:00,69.5584167265283,547.645743218116,20.41
06-03-2025 13:49:00,68.265425227449,548.041839282733,20.47
06-03-2025 13:59:00,69.3831881864293,547.134067982062,20.54
06-03-2025 14:09:00,67.787259095679,548.736084173143,20.6
06-03-2025 14:19:00,70.4140541155758,548.028752174738,20.67
06-03-2025 14:29:00,68.9191882982074,547.722977619183,20.74
06-03-2025 14:39:00,68.9324771020385,548.121419514787,20.81
06-03-2025 14:49:00,70.1525646109894,547.310290717021,20.87
06-03-2025 14:59:00,68.9506177446927,548.005295747632,20.9
06-03-2025 15:09:00,69.4557411238878,547.990922106404,20.9
06-03-2025 15:19:00,70.4572730730194,547.064372613212,20.86
06-03-2025 15:29:00,68.1329210629981,546.437691104582,20.8
06-03-2025 15:39:00,67.822837028402,547.0187575246,20.74
06-03-2025 15:49:00,69.7269286881766,546.695574740532,20.69
06-03-2025 15:59:00,69.8236255982288,546.375243218527,20.66
06-03-2025 16:09:00,67.8127118201795,546.861830577372,20.65
06-03-2025 16:19:00,67.6114562132046,546.946202267568,20.64
06-03-2025 16:29:00,68.5191355810412,546.430108648407,20.65
06-03-2025 16:39:00,69.5292136308515,546.518434790485,20.67
06-03-2025 16:49:00,68.4294874300208,546.809227738866,20.7
06-03-2025 16:59:00,69.2421779701342,547.202109168313,20.74
06-03-2025 17:09:00,69.2520230701623,547.093428292416,20.79
06-03-2025 17:19:00,69.3608266370645,546.882548757256,20.83
06-03-2025 17:29:00,68.5649768186851,547.075712139994,20.88
06-03-2025 17:39:00,68.1714903879036,546.86596249518,20.93
06-03-2025 17:49:00,69.1871246592158,545.848316058375,20.97
06-03-2025 17:59:00,70.0017624552221,546.745573086333,21.01
06-03-2025 18:09:00,68.0938426959117,546.533966133994,21.05
06-03-2025 18:19:00,68.202414971244,546.523948574354,21.09
06-03-2025 18:29:00,68.0066722468541,546.108864260342,21.12
06-03-2025 18:39:00,68.4164405247686,546.601957667508,21.15
06-03-2025 18:49:00,68.9256705737118,546.387154980521,21.17
06-03-2025 18:59:00,67.2152677402411,546.880415929531,21.2
06-03-2025 19:09:00,69.4431145533161,546.666850165569,21.23
06-03-2025 19:19:00,68.74057480269,547.158895980564,21.25
06-03-2025 19:29:00,69.2502183820136,546.034481694528,21.27
06-03-2025 19:39:00,67.4358190609229,547.638051613981,21.29
06-03-2025 19:49:00,68.0448418301256,546.511867102752,21.3
06-03-2025 19:59:00,67.847002182871,546.09426683693,21.32
06-03-2025 20:09:00,67.5448412195349,546.987852816841,21.32
06-03-2025 20:19:00,68.6610723938594,546.367968153975,21.34
06-03-2025 20:29:00,67.7538682139336,546.555320444486,21.35
06-03-2025 20:39:00,67.6553802047501,546.944867662324,21.36
06-03-2025 20:49:00,67.6579806989634,546.828833670654,21.37
06-03-2025 20:59:00,67.355629990195,546.306851054197,21.37
06-03-2025 21:09:00,69.2795774160973,546.696275155316,21.38
06-03-2025 21:19:00,69.6850589557143,546.073009691886,21.38
06-03-2025 21:29:00,69.8882748863623,546.562074758979,21.38
06-03-2025 21:39:00,68.8779631874224,546.848829729791,21.38
06-03-2025 21:49:00,68.0698906877611,546.427643594012,21.38
06-03-2025 21:59:00,68.979258733889,546.915107968027,21.37
06-03-2025 22:09:00,69.2835232908606,546.190485606581,21.37
06-03-2025 22:19:00,67.6649494457662,546.778919769374,21.36
06-03-2025 22:29:00,69.2835889299443,547.065336770723,21.36
06-03-2025 22:39:00,68.8766557346102,546.236734305509,21.34
06-03-2025 22:49:00,69.4823410181336,546.218329620388,21.33
06-03-2025 22:59:00,67.9636959376566,546.299559177928,21.31
06-03-2025 23:09:00,67.8602610437012,546.178595010575,21.29
06-03-2025 23:19:00,68.6678306862614,546.362105854664,21.28
06-03-2025 23:29:00,69.3724984625361,546.443090428512,21.26
06-03-2025 23:39:00,66.2355825129,546.117192400957,21.22
06-03-2025 23:49:00,68.4516535421323,546.296244893036,21.18
06-03-2025 23:59:00,68.2472392326962,545.670363863955,21.16
06-04-2025 00:09:00,68.4416615236617,545.545271769247,21.11
06-04-2025 00:19:00,68.3316909393418,546.528288393106,21.05
06-04-2025 00:29:00,68.5275284588663,546.505038366984,21.01
06-04-2025 00:39:00,69.1263816794171,546.280156390383,20.97
06-04-2025 00:49:00,68.515758392528,546.65988862589,20.93
06-04-2025 00:59:00,67.5026257224376,546.233517311046,20.89
06-04-2025 01:09:00,67.9956894439106,545.19928345092,20.82
06-04-2025 01:19:00,69.0969078084445,546.283126368904,20.78
06-04-2025 01:29:00,67.1732353669698,546.455139226161,20.7
06-04-2025 01:39:00,68.471415667811,547.333335447262,20.64
06-04-2025 01:49:00,68.261266393792,547.709206637102,20.58
06-04-2025 01:59:00,67.549201842229,548.085020134783,20.52
06-04-2025 02:09:00,66.9412143547657,548.460775940307,20.48
06-04-2025 02:19:00,65.8304040183325,548.836474053674,20.43
06-04-2025 02:29:00,66.1261364222517,549.212114474883,20.38
06-04-2025 02:39:00,66.4218556213256,549.587697203934,20.35
06-04-2025 02:49:00,68.5234278739376,549.963222240828,20.32
06-04-2025 02:59:00,67.765192678057,550.338689585564,20.27
06-04-2025 03:09:00,67.0069442773311,550.714099238143,20.23
06-04-2025 03:19:00,65.599238845881,551.089451198564,20.19
06-04-2025 03:29:00,66.294975580615,551.464745466827,20.15
06-04-2025 03:39:00,66.3926437722914,551.839982042933,20.13
06-04-2025 03:49:00,67.7866941955579,552.215160926881,20.08
06-04-2025 03:59:00,66.7820131635223,552.590282118672,20.05
06-04-2025 04:09:00,67.9765706513011,550.863584926594,20.01
06-04-2025 04:19:00,68.3721592443839,550.239400450964,19.98
06-04-2025 04:29:00,69.467261034116,549.615451228549,19.95
06-04-2025 04:39:00,68.7629812409417,549.391478973333,19.92
06-04-2025 04:49:00,68.555315604386,549.264141061825,19.87
06-04-2025 04:59:00,67.9515554853263,548.141421851123,19.84
06-04-2025 05:09:00,68.2483055672564,548.218918337159,19.82
06-04-2025 05:19:00,68.6431449361738,548.294741418446,19.79
06-04-2025 05:29:00,67.6420463915414,547.872978996213,19.77
06-04-2025 05:39:00,67.9354735038699,546.749772738444,19.73
06-04-2025 05:49:00,67.9326115287132,547.32599703606,19.71
06-04-2025 05:59:00,67.9281556298405,547.401702061021,19.68
06-04-2025 06:09:00,68.6217172363841,546.679556657146,19.65
06-04-2025 06:19:00,68.1185996455479,546.655552652757,19.62
06-04-2025 06:29:00,69.6074007356956,546.530371913836,19.58
06-04-2025 06:39:00,68.3088075900432,545.610916144358,19.56
06-04-2025 06:49:00,67.3079795435522,546.184718591737,19.53
06-04-2025 06:59:00,69.2955647010838,545.961392108696,19.5
06-04-2025 07:09:00,68.0973993033891,545.739498391964,19.48
06-04-2025 07:19:00,69.287504623111,545.914468434676,19.45
06-04-2025 07:29:00,68.3868067300093,546.487423317492,19.42
06-04-2025 07:39:00,68.577881394152,545.664112345774,19.37
06-04-2025 07:49:00,69.4700710939154,546.635971786495,19.35
06-04-2025 07:59:00,69.6640093603227,547.009180967001,19.32
06-04-2025 08:09:00,68.4674367231071,546.190415731966,19.3
06-04-2025 08:19:00,67.5695018910898,546.366072239523,19.28
06-04-2025 08:29:00,68.7560907318309,547.631968641245,19.24
06-04-2025 08:39:00,68.2560132451021,546.415935046914,19.22
06-04-2025 08:49:00,68.052573325901,546.589773062852,19.19
06-04-2025 08:59:00,69.5394756472125,547.261622115934,19.17
06-04-2025 09:09:00,69.6388494811737,548.035694894515,19.17
06-04-2025 09:19:00,68.9402208732773,547.415935791703,19.15
06-04-2025 09:29:00,70.1320583295615,546.89862239705,19.15
06-04-2025 09:39:00,67.543595795327,548.063271481336,19.11
06-04-2025 09:49:00,69.727893781965,548.241010101973,19.11
06-04-2025 09:59:00,69.6268697977104,548.714897132838,19.1
06-04-2025 10:09:00,68.8309519049734,548.295208343151,19.09
06-04-2025 10:19:00,69.5257955441546,549.564722891604,19.09
06-04-2025 10:29:00,69.7225534003274,549.343405285093,19.08
06-04-2025 10:39:00,67.3401609869122,549.22301862988,19.08
06-04-2025 10:49:00,67.3400681258175,549.896678534897,19.08
06-04-2025 10:59:00,69.5220472710433,550.171447630112,19.07
06-04-2025 11:09:00,69.4209796587943,549.850628830474,19.06
06-04-2025 11:19:00,69.6193414453895,551.119487142645,19.06
06-04-2025 11:29:00,69.0220517819112,550.600019240147,19.05
06-04-2025 11:39:00,70.8100024529467,550.381875363792,19.06
06-04-2025 11:49:00,70.115100444991,550.856583550588,19.06
06-04-2025 11:59:00,69.1224438388516,552.224458225242,19.06
06-04-2025 12:09:00,69.3207396012206,551.706579716594,19.06
06-04-2025 12:19:00,69.7192335304833,550.793499294149,19.07
06-04-2025 12:29:00,68.23178053232,551.26990081278,19.08
06-04-2025 12:39:00,69.2258506325478,552.044137407119,19.09
06-04-2025 12:49:00,70.0215089779448,551.726375557856,19.1
06-04-2025 12:59:00,69.1294045023843,551.706369275902,19.11
06-04-2025 13:09:00,69.2317713460856,550.993111624752,19.13
06-04-2025 13:19:00,69.5310919467129,551.866732045669,19.14
06-04-2025 13:29:00,68.6402547079188,550.656592127324,19.16
06-04-2025 13:39:00,68.7409042888998,550.934281245409,19.17
06-04-2025 13:49:00,69.2406078854602,550.915804666414,19.19
06-04-2025 13:59:00,69.1425864512028,550.100530917576,19.2
06-04-2025 14:09:00,68.4499547442357,550.578685653273,19.22
06-04-2025 14:19:00,69.1468796223624,549.464934919604,19.23
06-04-2025 14:29:00,69.7462348057646,550.14179670074,19.25
06-04-2025 14:39:00,69.0517160254671,550.220512864068,19.26
06-04-2025 14:49:00,68.3586838961508,549.207376664866,19.28
06-04-2025 14:59:00,70.9450600538446,549.584221332088,19.29
06-04-2025 15:09:00,69.6554612661666,548.471190130495,19.31
06-04-2025 15:19:00,69.0600024899679,549.643594026521,19.32
06-04-2025 15:29:00,68.8639365655757,549.823314312961,19.34
06-04-2025 15:39:00,70.0588519791244,549.105917305313,19.35
06-04-2025 15:49:00,69.6638847550693,549.58397446275,19.37
06-04-2025 15:59:00,70.0648587437888,549.465074000175,19.39
06-04-2025 16:09:00,69.1704303269783,548.150092968934,19.4
06-04-2025 16:19:00,68.2774519738139,549.424308732828,19.42
06-04-2025 16:29:00,69.6738262310385,548.309680974225,19.44
06-04-2025 16:39:00,69.2784462569745,547.792041385678,19.46
06-04-2025 16:49:00,69.279566182881,548.268309868389,19.47
06-04-2025 16:59:00,69.083181645518,549.144698137642,19.49
06-04-2025 17:09:00,68.4882964370578,548.328013828017,19.51
06-04-2025 17:19:00,68.1920733411472,548.70648243124,19.53
06-04-2025 17:29:00,69.5895907491965,548.188279130109,19.55
06-04-2025 17:39:00,69.0941151008792,548.367438325249,19.57
06-04-2025 17:49:00,69.7927781905566,547.847238108645,19.58
06-04-2025 17:59:00,69.0961574759447,547.825251419333,19.59
06-04-2025 18:09:00,69.3978939612365,548.602373295363,19.61
06-04-2025 18:19:00,70.9921870011775,548.279537060123,19.61
06-04-2025 18:29:00,70.5945381868276,547.55955826088,19.62
06-04-2025 18:39:00,70.3944361429498,547.834748246236,19.62
06-04-2025 18:49:00,68.7005511136179,546.915161505903,19.63
06-04-2025 18:59:00,69.2997177915028,548.587841297395,19.64
06-04-2025 19:09:00,69.5980956528677,549.062326981562,19.64
06-04-2025 19:19:00,68.601863016621,548.940274363088,19.65
06-04-2025 19:29:00,70.4975216996306,548.41924280683,19.66
06-04-2025 19:39:00,69.1022373381756,548.496479963734,19.67
06-04-2025 19:49:00,69.6001034020706,548.073245682096,19.67
06-04-2025 19:59:00,69.4995498771614,548.447828886913,19.67
06-04-2025 20:09:00,70.4960615179984,547.625541631654,19.67
06-04-2025 20:19:00,69.2984032128075,548.398947041461,19.67
06-04-2025 20:29:00,68.5012989425383,548.675396923965,19.68
06-04-2025 20:39:00,69.5975936723486,547.952614794716,19.68
06-04-2025 20:49:00,70.3946479218299,548.326941650083,19.68
06-04-2025 20:59:00,70.7927192658209,548.900695663616,19.68
06-04-2025 21:09:00,68.8967016262575,548.377225308217,19.68
06-04-2025 21:19:00,70.790882937977,548.551894236789,19.68
06-04-2025 21:29:00,69.0926459215759,549.223387252679,19.67
06-04-2025 21:39:00,69.6901011294998,548.799518357308,19.67
06-04-2025 21:49:00,69.6891367486195,548.874263756411,19.67
06-04-2025 21:59:00,69.0880752315241,549.346042947857,19.66
06-04-2025 22:09:00,69.8848954072241,548.822306711399,19.66
06-04-2025 22:19:00,71.0806078612143,549.295776490623,19.66
06-04-2025 22:29:00,68.7858841329247,548.273293015931,19.66
06-04-2025 22:39:00,70.0795390180827,548.345968347277,19.65
06-04-2025 22:49:00,69.7793403715319,548.520069887174,19.65
06-04-2025 22:59:00,69.1782884520883,548.293467057782,19.64
06-04-2025 23:09:00,68.6786668245774,548.666857808593,19.64
06-04-2025 23:19:00,69.1752727711417,548.440139882825,19.63
06-04-2025 23:29:00,69.6718655128607,549.112490055366,19.63
06-04-2025 23:39:00,69.2702541724779,548.287467306434,19.62
06-04-2025 23:49:00,69.4668116100708,548.658750572867,19.61
06-04-2025 23:59:00,69.6633240398816,549.328946999151,19.6
06-05-2025 00:09:00,71.0558341232563,549.002271568328,19.59
06-05-2025 00:19:00,70.5545249314644,549.373222277595,19.58
06-05-2025 00:29:00,69.9536287893649,549.644397281839,19.57
06-05-2025 00:39:00,69.6517786014134,548.817524045748,19.55
06-05-2025 00:49:00,69.3499152086166,549.289687408726,19.55
06-05-2025 00:59:00,70.0444126613315,549.959138741817,19.54
06-05-2025 01:09:00,68.3478536092996,549.731821258785,19.53
06-05-2025 01:19:00,69.8409440742667,550.004487154773,19.53
06-05-2025 01:29:00,68.2441251904784,550.275133279707,19.52
06-05-2025 01:39:00,68.9384905438289,549.549612705967,19.51
06-05-2025 01:49:00,68.7363477740912,549.122941202912,19.5
06-05-2025 01:59:00,68.4346339687142,550.090537988341,19.49
06-05-2025 02:09:00,70.8216723112411,549.763349838881,19.48
06-05-2025 02:19:00,69.1257750373172,549.43615232341,19.47
06-05-2025 02:29:00,69.8197235357221,550.005040427503,19.46
06-05-2025 02:39:00,69.1197335480287,550.673333262984,19.45
06-05-2025 02:49:00,68.9159298176608,550.941225077766,19.43
06-05-2025 02:59:00,69.9082342026422,550.315212010474,19.42
06-05-2025 03:09:00,70.203682879342,550.186868140613,19.41
06-05-2025 03:19:00,69.8007095258155,550.554067614316,19.39
06-05-2025 03:29:00,68.5024044839786,550.224623694229,19.37
06-05-2025 03:39:00,69.5919791814973,549.895219217326,19.35
06-05-2025 03:49:00,68.391938877699,551.055735824643,19.32
06-05-2025 03:59:00,69.282190141937,551.223386594355,19.3
06-05-2025 04:09:00,69.4744788582968,550.394691922031,19.27
06-05-2025 04:19:00,69.6683831970121,551.357433657208,19.25
06-05-2025 04:29:00,68.7690047290003,551.325975633835,19.23
06-05-2025 04:39:00,68.8635661445848,550.499529183498,19.21
06-05-2025 04:49:00,68.658391054712,551.459496899832,19.18
06-05-2025 04:59:00,69.7461716491473,550.434571774272,19.16
06-05-2025 05:09:00,68.3508207461451,550.800259404105,19.14
06-05-2025 05:19:00,69.4382745788295,550.073519982197,19.12
06-05-2025 05:29:00,70.0289715228314,551.729641417705,19.1
06-05-2025 05:39:00,69.5275721395704,551.300641984993,19.08
06-05-2025 05:49:00,69.2248139390906,550.772466293035,19.06
06-05-2025 05:59:00,69.0230391139346,550.345642984464,19.05
06-05-2025 06:09:00,70.2087564835454,550.313732607954,19.03
06-05-2025 06:19:00,68.4178583431127,550.182558429728,19.01
06-05-2025 06:29:00,69.5057812172285,550.747756889137,19
06-05-2025 06:39:00,70.0975588526389,550.12250445381,18.99
06-05-2025 06:49:00,69.3006581597826,549.596473508673,18.98
06-05-2025 06:59:00,69.2972766902178,549.367991500663,18.97
06-05-2025 07:09:00,68.7963931569707,549.831665966535,18.95
06-05-2025 07:19:00,69.4870886086001,549.702245165228,18.94
06-05-2025 07:29:00,69.1862210335617,550.564221879725,18.93
06-05-2025 07:39:00,69.1827960288861,550.038094859817,18.92
06-05-2025 07:49:00,69.2801753278268,549.811372391069,18.92
06-05-2025 07:59:00,69.4749723320239,549.48348156173,18.91
06-05-2025 08:09:00,68.4802833553143,549.452941267751,18.9
06-05-2025 08:19:00,69.6679283985037,549.126957331271,18.9
06-05-2025 08:29:00,69.6643985366269,548.898101387142,18.89
06-05-2025 08:39:00,69.5634636580062,548.968474581476,18.89
06-05-2025 08:49:00,69.2626028200527,549.135944369481,18.88
06-05-2025 08:59:00,68.7652324340829,549.70171553325,18.88
06-05-2025 09:09:00,73.7394085166374,569.715451377435,18.89
06-05-2025 09:19:00,73.5794051377138,569.428362103796,18.89
06-05-2025 09:29:00,73.4193997497343,569.141260261993,18.89
06-05-2025 09:33:35,73.2593923526989,568.854145852026,18.87
06-05-2025 09:38:35,73.0993829466077,568.567018873894,18.87
06-05-2025 09:43:35,72.9393715314605,568.279879327597,18.87
06-05-2025 09:48:35,72.7793581072574,567.992727213137,18.87
06-05-2025 09:53:35,72.6193426739984,567.705562530512,18.87
06-05-2025 09:58:35,72.4593252316835,567.418385279722,18.77
06-05-2025 10:03:35,72.2993057803127,567.131195460768,18.85
06-05-2025 10:08:35,72.139284319886,566.843993073649,20.59
06-05-2025 10:13:35,71.9792608504034,566.556778118366,19.61
06-05-2025 10:18:35,71.8192353718649,566.269550594919,20.36
06-05-2025 10:23:35,71.6592078842705,565.982310503307,20.54
06-05-2025 10:28:35,71.4991783876202,565.695057843531,20.09
06-05-2025 10:33:35,71.339146881914,565.40779261559,20.36
06-05-2025 10:38:35,71.1791133671519,565.120514819485,19.63
06-05-2025 10:43:35,71.0190778433338,564.833224455216,19
06-05-2025 10:48:35,71.4074258937753,564.545921522782,18.97
06-05-2025 10:53:35,71.7957719351609,563.954061023278,18.93
06-05-2025 10:58:35,73.0840383505673,563.376969753911,18.91
06-05-2025 11:03:35,73.2761825334866,564.180378457435,18.88
06-05-2025 11:08:35,72.592773530169,563.320574263581,18.88
06-05-2025 11:13:35,73.3904419542892,563.940093341127,18.87
06-05-2025 11:18:35,72.9934706125791,564.651313164771,18.85
06-05-2025 11:23:35,73.8955097268858,563.890765702671,18.85
06-05-2025 11:28:35,72.6123577924874,563.222124994343,18.84
06-05-2025 11:33:35,73.3216503225985,562.964115975411,18.85
06-05-2025 11:38:35,74.0199931385868,563.187182404543,18.84
06-05-2025 11:43:35,73.3367919309874,562.52572060483,18.84
06-05-2025 11:48:35,72.6590071153927,562.862093409726,18.85
06-05-2025 11:53:35,73.3628732082195,563.092275374361,18.85
06-05-2025 11:58:35,72.2832885876907,562.232559451538,18.85
06-05-2025 12:03:35,73.1798536202947,561.762126401066,18.84
06-05-2025 12:08:35,73.1901503009484,561.99225481793,18.84
06-05-2025 12:13:35,73.8994663668071,562.427589814102,18.85
06-05-2025 12:18:35,73.5134370950602,562.756789421488,18.85
06-05-2025 12:23:35,74.2172911335517,562.392413075703,18.85
06-05-2025 12:28:35,73.2422338244074,561.341440856824,18.86
06-05-2025 12:33:35,72.9552552403473,562.166068560824,18.86
06-05-2025 12:38:35,73.2682648413493,562.2050210347,18.87
06-05-2025 12:43:35,73.6694413292746,561.635341321813,18.86
06-05-2025 12:48:35,72.0943074338317,561.369958850061,18.86
06-05-2025 12:53:35,73.497299327271,562.300669277746,18.87
06-05-2025 12:58:35,73.9975423461605,562.127305486278,18.86
06-05-2025 13:03:35,73.0223688451486,560.977023303172,18.87
06-05-2025 13:08:35,72.9335450864804,561.603433762103,18.87
06-05-2025 13:13:35,73.1365644038063,562.024626098395,18.86
06-05-2025 13:18:35,72.9486561447212,561.759168217656,18.86
06-05-2025 13:23:35,73.5534531284049,560.800078923406,18.86
06-05-2025 13:28:35,73.8664822597132,561.928830641858,18.87
06-05-2025 13:33:35,73.4803594638119,560.573251646944,18.87
06-05-2025 13:38:35,73.9750879148442,560.492157117801,18.85
06-05-2025 13:43:35,73.8917644365407,561.918016388666,18.86
06-05-2025 13:48:35,74.793816594379,559.967980188813,18.86
06-05-2025 13:53:35,72.6187306434402,559.39838710406,18.85
06-05-2025 13:58:35,72.3371134043305,559.436875904869,18.86
06-05-2025 14:03:35,73.9327783803478,558.874039691216,18.86
06-05-2025 14:08:35,74.0421152501379,558.905721348267,18.86
06-05-2025 14:13:35,72.9623892331351,559.730097688978,18.86
06-05-2025 14:18:35,73.4735354659751,558.183011859781,18.87
06-05-2025 14:23:35,72.9937172502213,558.91505882595,18.88
06-05-2025 14:28:35,73.7967917260436,559.937732771261,18.88
06-05-2025 14:33:35,74.0107397918828,557.201019511594,18.89
06-05-2025 14:38:35,73.5254152868588,558.71930850166,18.89
06-05-2025 14:43:35,73.1500631522565,558.367805230801,18.91
06-05-2025 14:48:35,74.0524479033153,557.308977902299,18.91
06-05-2025 14:53:35,72.9776863857066,557.446272673245,18.92
06-05-2025 14:58:35,73.9847711892033,556.691276673291,18.93
06-05-2025 15:03:35,73.0089768042401,557.720875269083,18.94
06-05-2025 15:08:35,72.5288214521037,557.560703793025,18.95
06-05-2025 15:13:35,72.8419272446303,557.301321360285,18.96
06-05-2025 15:18:35,73.2542551526437,557.537758005778,18.97
06-05-2025 15:23:35,73.4737326313729,557.284870813415,18.99
06-05-2025 15:28:35,73.4894041931004,557.818923560009,19
06-05-2025 15:33:35,75.086809868141,556.362399652941,19
06-05-2025 15:38:35,74.116035983201,556.902925874365,19.02
06-05-2025 15:43:35,73.9333052258052,555.849450861235,19.03
06-05-2025 15:48:35,73.7560170650332,556.191503654479,19.05
06-05-2025 15:53:35,73.2863399647313,554.951938695935,19.08
06-05-2025 15:58:35,73.7983384031611,556.180973264631,19.09
06-05-2025 16:03:35,74.619341758143,554.44448391745,19.12
06-05-2025 16:08:35,72.5497292878772,553.886381061875,19.13
06-05-2025 16:13:35,73.5638755151086,555.22146735885,19.15
06-05-2025 16:18:35,71.890979393765,554.166621443444,19.16
06-05-2025 16:23:35,72.2152082985215,554.514937017252,19.19
06-05-2025 16:28:35,72.931673449243,553.167802856998,19.21
06-05-2025 16:33:35,72.952686036017,554.304775093593,19.23
06-05-2025 16:38:35,73.261021569882,552.646578099741,19.23
06-05-2025 16:43:35,73.4808782249484,554.081804086937,19.25
06-05-2025 16:48:35,73.5904607897086,554.013685171488,19.25
06-05-2025 16:53:35,74.7051257224762,553.262205125166,19.27
06-05-2025 16:58:35,73.5332463744798,552.311600690955,19.29
06-05-2025 17:03:35,72.3609855615439,552.653469794186,19.31
06-05-2025 17:08:35,70.9789141508648,552.386360237036,19.31
06-05-2025 17:13:35,71.7952905355774,552.529331606811,19.33
06-05-2025 17:18:35,72.4076012603707,552.765631799973,19.34
06-05-2025 17:23:35,73.318441215662,551.609257734384,19.35
06-05-2025 17:28:35,73.5384763176959,552.747029086457,19.37
06-05-2025 17:33:35,72.2605710749878,551.291830851466,19.38
06-05-2025 17:38:35,72.0717308560759,552.616512607804,19.38
06-05-2025 17:43:35,71.5843821752941,551.453628022528,19.38
06-05-2025 17:48:35,72.0032110120209,551.198316834625,19.4
06-05-2025 17:53:35,72.4168049411973,551.832624439096,19.41
06-05-2025 17:58:35,72.531859310727,551.372141050408,19.42
06-05-2025 18:03:35,70.750399177699,551.303697883135,19.42
06-05-2025 18:08:35,72.1647119071085,551.645500970552,19.44
06-05-2025 18:13:35,71.876211587295,550.979715995644,19.44
06-05-2025 18:18:35,70.4978648383976,550.618543442984,19.45
06-05-2025 18:23:35,72.2004987323478,551.246932791586,19.45
06-05-2025 18:28:35,70.9216269365964,550.487455625694,19.46
06-05-2025 18:33:35,72.2314728714424,550.424857628439,19.47
06-05-2025 18:38:35,70.6536443979068,551.158888925881,19.48
06-05-2025 18:43:35,69.3641015755179,550.685999235752,19.47
06-05-2025 18:48:35,70.773500432944,550.722946605638,19.48
06-05-2025 18:53:35,72.0835320797067,550.959062600803,19.49
06-05-2025 18:58:35,71.1920947726128,550.286954012737,19.48
06-05-2025 19:03:35,70.8143494456958,549.732167317722,19.5
06-05-2025 19:08:35,70.0276923930182,550.061889249644,19.5
06-05-2025 19:13:35,70.1425882437724,550.098712610716,19.51
06-05-2025 19:18:35,68.3598018507972,550.528039551532,19.51
06-05-2025 19:23:35,71.4577136957793,549.662474266812,19.51
06-05-2025 19:28:35,70.2725600496327,549.494139306359,19.51
06-05-2025 19:33:35,69.0874043944302,550.122640797662,19.51
06-05-2025 19:38:35,69.9939754074632,549.655462318409,19.51
06-05-2025 19:43:35,70.9949146733724,549.381647217117,19.5
06-05-2025 19:48:35,70.8058302777242,549.611670482144,19.5
06-05-2025 19:53:35,70.2183513867023,550.040877422167,19.5
06-05-2025 19:58:35,69.0332817571479,550.270875550866,19.5
06-05-2025 20:03:35,69.5362632307916,549.996995109648,19.49
06-05-2025 20:08:35,69.9395813640597,549.723151068474,19.48
06-05-2025 20:13:35,69.5462414012303,549.349769303972,19.47
06-05-2025 20:18:35,68.8542659299096,548.179911031021,19.46
06-05-2025 20:23:35,69.5613264896453,549.704141737774,19.46
06-05-2025 20:28:35,68.7698457067556,549.330796149036,19.45
06-05-2025 20:33:35,68.4812651387943,550.157974948008,19.45
06-05-2025 20:38:35,68.486334029823,548.988204256185,19.44
06-05-2025 20:43:35,68.790028067433,550.108082538257,19.43
06-05-2025 20:48:35,69.2927411702148,549.436159105258,19.42
06-05-2025 20:53:35,69.6958470047276,548.86386209256,19.41
06-05-2025 20:58:35,69.6012970364091,549.286830692595,19.4
06-05-2025 21:03:35,69.2133062152849,549.118432925599,19.4
06-05-2025 21:08:35,68.2232097282531,548.944268514417,19.39
06-05-2025 21:13:35,69.9249598260689,549.770963008905,19.39
06-05-2025 21:18:35,68.2433631063176,548.507931965266,19.39
06-05-2025 21:23:35,68.1489405753271,548.43330484158,19.38
06-05-2025 21:28:35,67.5619993360917,548.96139125485,19.38
06-05-2025 21:33:35,67.3681433408656,548.687727621199,19.37
06-05-2025 21:38:35,69.7609586001125,549.408962007372,19.36
06-05-2025 21:43:35,69.9648691638807,548.936334684672,19.35
06-05-2025 21:48:35,69.2785854838651,549.464251006441,19.35
06-05-2025 21:53:35,68.0949088589477,549.892676572875,19.35
06-05-2025 21:58:35,67.4037021802367,549.817901265326,19.34
06-05-2025 22:03:35,69.9005148285158,549.748918744944,19.34
06-05-2025 22:08:35,68.7169280007277,549.580453454586,19.34
06-05-2025 22:13:35,68.1251862952873,550.400841254484,19.33
06-05-2025 22:18:35,69.7266333548797,549.933980142746,19.33
06-05-2025 22:23:35,67.6430429821686,550.256984747467,19.32
06-05-2025 22:28:35,69.7416294736375,549.591229943492,19.32
06-05-2025 22:33:35,69.04540755449,550.306185747961,19.3
06-05-2025 22:38:35,68.657698001321,548.944449627513,19.3
06-05-2025 22:43:35,69.2643691710433,549.670904675989,19.3
06-05-2025 22:48:35,68.9710591544676,550.590391089036,19.29
06-05-2025 22:53:35,68.7772181231858,548.725897396248,19.28
06-05-2025 22:58:35,67.5892643943223,549.545882358758,19.27
06-05-2025 23:03:35,68.389628165421,548.775226221394,19.26
06-05-2025 23:08:35,70.288380587008,549.004363246824,19.26
06-05-2025 23:13:35,68.409689126914,550.326957719848,19.26
06-05-2025 23:18:35,69.0111232964722,549.059280816834,19.25
06-05-2025 23:23:35,67.0331809298382,548.592575451447,19.25
06-05-2025 23:28:35,69.6174063332536,547.915868168868,19.23
06-05-2025 23:33:35,67.1379889507076,546.549292002643,19.22
06-05-2025 23:38:35,67.1480083816466,546.18204297929,19.22
06-05-2025 23:43:35,66.5569498963206,548.293525377393,19.21
06-05-2025 23:48:35,68.4549289743928,548.62184865346,19.21
06-05-2025 23:53:35,68.3606041872423,547.45411639304,19.2
06-05-2025 23:58:35,68.3706155819577,547.186239382914,19.2
06-06-2025 00:03:35,66.3934541424643,548.110652299715,19.2
06-06-2025 00:08:35,67.1885800487003,546.440817808834,19.18
06-06-2025 00:13:35,66.6025297549809,547.663090040521,19.18
06-06-2025 00:18:35,66.5131905032615,548.189951432566,19.18
06-06-2025 00:23:35,68.8973970824268,546.719006932449,19.16
06-06-2025 00:28:35,67.3181694744444,546.848456821382,19.16
06-06-2025 00:33:35,66.5287368935742,548.859464716698,19.15
06-06-2025 00:38:35,67.3332820015871,548.392969168938,19.15
06-06-2025 00:43:35,66.3452883361776,548.516769708253,19.14
06-06-2025 00:48:35,67.050454984411,547.6530457693,19.14
06-06-2025 00:53:35,67.0604442795115,546.789309262181,19.14
06-06-2025 00:58:35,66.7628384270846,549.588694602893,19.12
06-06-2025 01:03:35,65.2786910647431,546.2372949608,19.11
06-06-2025 01:08:35,67.8652175277684,549.538113363191,19.1
06-06-2025 01:13:35,68.4659094857667,548.966826776099,19.09
06-06-2025 01:18:35,67.1853659477844,548.004114462343,19.09
06-06-2025 01:23:35,68.3816408165582,549.021187099046,19.08
06-06-2025 01:28:35,67.5975117958788,548.654107359539,19.08
06-06-2025 01:33:35,68.490930430551,547.978159253928,19.06
06-06-2025 01:38:35,66.3174647596666,548.603589290963,19.06
06-06-2025 01:43:35,68.3074327390255,548.528705078291,19.05
06-06-2025 01:48:35,67.9155319357941,548.056900142085,19.04
06-06-2025 01:53:35,67.627803414913,548.582965866801,19.04
06-06-2025 01:58:35,67.8313265286143,548.805739445288,19.03
06-06-2025 02:03:35,67.241093873669,548.333962150964,19.02
06-06-2025 02:08:35,68.2432064881153,548.760695374409,19.02
06-06-2025 02:13:35,68.4416978724993,548.977802183551,19
06-06-2025 02:18:35,65.9716665047761,549.206047809304,19
06-06-2025 02:23:35,67.8615099875118,549.726233428461,18.99
06-06-2025 02:28:35,67.4698281776453,548.560207118147,18.98
06-06-2025 02:33:35,66.5871250691319,548.193281797587,18.98
06-06-2025 02:38:35,68.2782634585657,549.804371502288,18.97
06-06-2025 02:43:35,68.4816151738079,549.233506026051,18.96
06-06-2025 02:48:35,68.3923905553394,549.263277322107,18.96
06-06-2025 02:53:35,67.3114868749841,548.896365228866,18.96
06-06-2025 02:58:35,66.7120189180275,548.116274291427,18.93
06-06-2025 03:03:35,67.9067888955804,548.93359892188,18.92
06-06-2025 03:08:35,67.6095781428054,548.456601700639,18.9
06-06-2025 03:13:35,68.2093165035675,548.579904467025,18.89
06-06-2025 03:18:35,68.016124464661,548.901388206622,18.88
06-06-2025 03:23:35,66.1430726223413,549.228384293802,18.88
06-06-2025 03:28:35,69.5175275399399,549.153387129162,18.87
06-06-2025 03:33:35,67.5406684141327,548.384775290414,18.86
06-06-2025 03:38:35,68.1451218492568,548.414420904825,18.86
06-06-2025 03:43:35,67.1641587716757,548.444053951072,18.86
06-06-2025 03:48:35,68.2591380194361,548.666336899622,18.85
06-06-2025 03:53:35,69.7502320013565,549.185794158478,18.84
06-06-2025 03:58:35,68.7595216680073,549.006172580909,18.82
06-06-2025 04:03:35,68.7694346189834,549.134812076953,18.82
06-06-2025 04:08:35,67.8878350588109,548.966268837469,18.82
06-06-2025 04:13:35,68.2841535444833,547.499160732781,18.8
06-06-2025 04:18:35,69.2844693486939,548.420073794239,18.8
06-06-2025 04:23:35,67.4077611368548,548.741227819504,18.79
06-06-2025 04:28:35,66.7244332334332,548.968813697733,18.79
06-06-2025 04:33:35,67.6159290420516,549.482375496127,18.77
06-06-2025 04:38:35,67.1307422000964,548.620715979393,18.77
06-06-2025 04:43:35,68.8189858623557,549.436789403106,18.76
06-06-2025 04:48:35,69.323926903795,548.080129781709,18.76
06-06-2025 04:53:35,68.2398217407877,549.688173717801,18.75
06-06-2025 04:58:35,69.2347510809418,549.415077978463,18.74
06-06-2025 05:03:35,68.7447384282281,549.241003513016,18.73
06-06-2025 05:08:35,67.3688281574173,549.567379422766,18.73
06-06-2025 05:13:35,67.8639163498377,548.991884095974,18.71
06-06-2025 05:18:35,68.06686182908,549.015785112775,18.7
06-06-2025 05:23:35,67.1860865085856,549.441013963101,18.7
06-06-2025 05:28:35,67.9827915944399,549.16799744271,18.69
06-06-2025 05:33:35,68.9772609915252,548.796070657024,18.68
06-06-2025 05:38:35,68.3885617520372,549.512514346265,18.67
06-06-2025 05:43:35,67.7999560797969,550.228835755845,18.66
06-06-2025 05:48:35,68.7942006095084,550.945034912041,18.65
06-06-2025 05:53:35,69.2986808167527,549.688351401718,18.65
06-06-2025 05:58:35,69.2046663513057,550.008860836433,18.64
06-06-2025 06:03:35,68.6210447165307,549.147912421461,18.64
06-06-2025 06:08:35,69.5161551829904,550.556392783474,18.63
06-06-2025 06:13:35,68.3342516135467,550.283364125919,18.62
06-06-2025 06:18:35,69.7236947953538,549.812589721332,18.61
06-06-2025 06:23:35,69.2390979267507,549.446257733505,18.61
06-06-2025 06:28:35,68.4578269094833,549.673257456732,18.61
06-06-2025 06:33:35,68.5567700591583,548.801573389255,18.59
06-06-2025 06:38:35,68.5666207294014,548.830766549747,18.59
06-06-2025 06:43:35,69.0659056570909,548.953378797738,18.58
06-06-2025 06:48:35,69.3723534382443,549.674616122952,18.58
06-06-2025 06:53:35,69.673814280457,548.709682403891,18.57
06-06-2025 06:58:35,68.5913088190336,549.227663757134,18.56
06-06-2025 07:03:35,69.3919595973669,548.070578846749,18.56
06-06-2025 07:08:35,69.5945252972233,549.675828923602,18.55
06-06-2025 07:13:35,68.6159280626703,548.617656881397,18.55
06-06-2025 07:18:35,69.2188229653091,548.350219344152,18.55
06-06-2025 07:23:35,69.6190544299042,548.868100159876,18.54
06-06-2025 07:28:35,68.240324492448,548.397614261391,18.53
06-06-2025 07:33:35,69.9352200813192,549.420400051244,18.54
06-06-2025 07:38:35,68.2599796246485,549.839298164523,18.53
06-06-2025 07:43:35,67.4791832343474,547.29880987472,18.53
06-06-2025 07:48:35,70.3550066955212,549.304379437953,18.53
06-06-2025 07:53:35,68.6847577264387,548.839245986717,18.53
06-06-2025 07:58:35,67.7063000732655,548.571755203021,18.53
06-06-2025 08:03:35,68.2102546788192,548.501907086865,18.53
06-06-2025 08:08:35,71.0809866922525,547.734948990833,18.52
06-06-2025 08:13:35,68.5214860389891,549.246199405111,18.52
06-06-2025 08:18:35,68.5312965281141,547.298746470433,18.52
06-06-2025 08:23:35,69.1340234277474,547.920594119036,18.52
06-06-2025 08:28:35,67.8591733230384,548.44360946288,18.52
06-06-2025 08:33:35,68.95599488753,548.966612238559,18.52
06-06-2025 08:38:35,67.5823210281152,547.809666923976,18.52
06-06-2025 08:43:35,68.2838596281189,547.542086670575,18.52
06-06-2025 08:48:35,68.1948383263145,547.373313585603,18.52
06-06-2025 08:53:35,69.4892913277704,547.599806878843,18.52
06-06-2025 08:58:35,69.0049870614782,547.62864813073,18.52
06-06-2025 09:03:35,69.1135992056941,547.262197868076,18.52
06-06-2025 09:08:35,68.4316514481021,547.686292930011,18.52
06-06-2025 09:13:35,69.0343582571763,547.122178057841,18.52
06-06-2025 09:18:35,69.1429643742245,546.063951934536,18.52
06-06-2025 09:23:35,68.8562895358408,547.871485604293,18.52
06-06-2025 09:28:35,68.7672521615892,547.8014317106,18.52
06-06-2025 09:33:35,67.7840283481766,547.528477694725,18.51
06-06-2025 09:38:35,68.5843015451494,547.952465827668,18.51
06-06-2025 09:43:35,68.1048490381229,548.480572249879,18.52
06-06-2025 09:48:35,66.8299667885195,548.509287820122,18.52
06-06-2025 09:53:35,70.688673511954,547.840988825211,18.51
06-06-2025 09:58:35,68.4257711183272,547.869679259125,18.51
06-06-2025 10:03:35,68.6331631304639,545.724496279834,18.51
06-06-2025 10:08:35,69.6310479862868,546.840091999939,18.51
06-06-2025 10:13:35,69.4431885539405,546.078249876618,18.51
06-06-2025 10:18:35,67.669547130323,547.089816511095,18.5
06-06-2025 10:23:35,68.8698399488948,547.914131049636,18.51
06-06-2025 10:28:35,68.2867270630097,546.75700379545,18.51
06-06-2025 10:33:35,69.2796855369081,546.978053630181,18.5
06-06-2025 10:38:35,68.696615905379,546.216211695994,18.5
06-06-2025 10:43:35,70.8750140520281,547.622821931557,18.49
06-06-2025 10:48:35,69.4077461942678,546.767373657938,18.5
06-06-2025 10:53:35,68.824670535571,546.993533797739,18.5
06-06-2025 10:58:35,69.5211132721664,546.720517480274,18.49
06-06-2025 11:03:35,67.9549251245541,546.062560682975,18.5
06-06-2025 11:08:35,68.2610792393229,546.585095051827,18.5
06-06-2025 11:13:35,70.1431164179986,547.398837521268,18.49
06-06-2025 11:18:35,69.7626172423261,545.95045846162,18.5
06-06-2025 11:23:35,67.302253950179,545.978935236739,18.5
06-06-2025 11:28:35,70.7701273198649,547.193047177871,18.5
06-06-2025 11:33:35,68.2109560317579,546.431066993875,18.5
06-06-2025 11:38:35,68.4231316635419,545.871740351459,18.51
06-06-2025 11:43:35,68.5268262100243,546.191520633416,18.5
06-06-2025 11:48:35,68.7390214599304,545.632145218438,18.51
06-06-2025 11:53:35,67.4641914239456,546.352229580719,18.51
06-06-2025 11:58:35,68.264408367353,546.182994665501,18.51
06-06-2025 12:03:35,69.2622470148902,546.40899460849,18.51
06-06-2025 12:08:35,69.1731532308509,545.943298987164,18.51
06-06-2025 12:13:35,68.0019259359929,545.779061688248,18.52
06-06-2025 12:18:35,68.7033781465928,546.202679159933,18.52
06-06-2025 12:23:35,67.4331860149302,545.741934676818,18.53
06-06-2025 12:28:35,68.8264827011907,545.967903301503,18.53
06-06-2025 12:33:35,68.3420526392037,545.403238415206,18.53
06-06-2025 12:38:35,70.4321282645581,545.831866184084,18.54
06-06-2025 12:43:35,69.1569707689419,547.046167872983,18.54
06-06-2025 12:48:35,68.5736597668428,546.08607598563,18.54
06-06-2025 12:53:35,68.8847305468819,545.82284199603,18.55
06-06-2025 12:58:35,68.3061859778126,546.053805278945,18.56
06-06-2025 13:03:35,68.3110641969721,545.385088467151,18.55
06-06-2025 13:08:35,69.2152373371748,545.615987188583,18.56
06-06-2025 13:13:35,68.8343821692545,546.143483148522,18.57
06-06-2025 13:18:35,68.3449578152315,544.78271374888,18.56
06-06-2025 13:23:35,69.1503375181205,544.618099507669,18.57
06-06-2025 13:28:35,67.3852990634172,546.134181665746,18.58
06-06-2025 13:33:35,68.6802545411161,545.569129410545,18.58
06-06-2025 13:38:35,68.2944682786339,544.21312824312,18.58
06-06-2025 13:43:35,69.2928186091988,544.834455367679,18.58
06-06-2025 13:48:35,68.2197633104156,544.966365212794,18.59
06-06-2025 13:53:35,67.141814942848,545.983214261113,18.59
06-06-2025 13:58:35,70.1226917314196,544.53306928626,18.6
06-06-2025 14:03:35,68.5502384456327,544.857792345751,18.6
06-06-2025 14:08:35,68.6539545128518,545.078688724548,18.59
06-06-2025 14:13:35,68.1740448594867,544.518372541457,18.6
06-06-2025 14:18:35,67.6940550557914,544.847966300215,18.61
06-06-2025 14:23:35,68.3911401683877,545.365496327046,18.6
06-06-2025 14:28:35,68.4056156952433,544.904002374448,18.61
06-06-2025 14:33:35,67.8266983466975,544.838012140781,18.62
06-06-2025 14:38:35,69.5127311512827,544.366643896806,18.61
06-06-2025 14:43:35,69.1316938146227,545.388465834961,18.62
06-06-2025 14:48:35,68.750592100574,544.630116864597,18.63
06-06-2025 14:53:35,68.3694259942011,545.454260109067,18.64
06-06-2025 14:58:35,69.0714765219982,545.778939637319,18.64
06-06-2025 15:03:35,68.6902992738578,545.218296480007,18.65
06-06-2025 15:08:35,67.7107221094027,545.048363105526,18.65
06-06-2025 15:13:35,67.5272598400177,545.476886925447,18.66
06-06-2025 15:18:35,67.7395170756842,543.827762311616,18.67
06-06-2025 15:23:35,68.5406614959523,545.042892866183,18.67
06-06-2025 15:28:35,68.3620303783159,545.08055076721,18.69
06-06-2025 15:33:35,67.9806237367405,543.925757288598,18.7
06-06-2025 15:38:35,68.6926493510028,543.27036183229,18.72
06-06-2025 15:43:35,68.8060973885731,544.589748441874,18.73
06-06-2025 15:48:35,67.8306324376681,543.73147370988,18.74
06-06-2025 15:53:35,68.24102660927,544.160062037643,18.75
06-06-2025 15:58:35,68.755325984559,544.69256874832,18.77
06-06-2025 16:03:35,68.4727091635137,543.536899448412,18.78
06-06-2025 16:08:35,67.2987468673441,544.757819765401,18.79
06-06-2025 16:13:35,68.6996564529132,544.394264034576,18.8
06-06-2025 16:18:35,67.7331173046462,544.634618218697,18.83
06-06-2025 16:23:35,68.6391381961781,544.964405857648,18.84
06-06-2025 16:28:35,68.3611359062054,545.200037182776,18.86
06-06-2025 16:33:35,67.681875233122,544.142564309324,18.87
06-06-2025 16:38:35,68.8854832286659,544.274156363167,18.88
06-06-2025 16:43:35,68.9047780156158,543.716731904833,18.9
06-06-2025 16:48:35,68.0270759894924,544.740437625677,18.91
06-06-2025 16:53:35,68.1405896856089,544.475522534173,18.92
06-06-2025 16:58:35,67.1635350746924,543.913116352232,18.93
06-06-2025 17:03:35,66.979535242046,543.945514189474,18.94
06-06-2025 17:08:35,66.6916772651357,543.477364584397,18.94
06-06-2025 17:13:35,68.4908140208507,544.699615614322,18.95
06-06-2025 17:18:35,68.2029282228636,545.520478207297,18.95
06-06-2025 17:23:35,67.5184013370546,545.15141099581,18.95
06-06-2025 17:28:35,66.9330322118812,544.683171446466,18.95
06-06-2025 17:33:35,67.5375783139501,545.305676795565,18.95
06-06-2025 17:38:35,68.1468996330949,544.941412590449,18.96
06-06-2025 17:43:35,67.6559070243135,544.468294625748,18.95
06-06-2025 17:48:35,67.0752197975408,544.302269274545,18.96
06-06-2025 17:53:35,67.7742276984532,544.225820801422,18.95
06-06-2025 17:58:35,66.9007160849273,546.2463727514,18.97
06-06-2025 18:03:35,67.3022875240278,545.376397997758,18.96
06-06-2025 18:08:35,69.0968796396521,543.91634117231,18.96
06-06-2025 18:13:35,67.6236658415271,544.246060527752,18.97
06-06-2025 18:18:35,69.5175724446974,544.769372355947,18.97
06-06-2025 18:23:35,66.7548815417062,545.29752181486,18.98
06-06-2025 18:28:35,68.4457731587688,544.725026244248,18.97
06-06-2025 18:33:35,68.058633965438,544.85159779937,18.97
06-06-2025 18:38:35,67.5723171209064,544.878981144182,18.97
06-06-2025 18:43:35,66.9914981851448,544.514428107941,18.98
06-06-2025 18:48:35,66.9018719529487,544.244235575592,18.98
06-06-2025 18:53:35,68.2999974158563,544.866682697575,18.98
06-06-2025 18:58:35,68.6071014866577,544.298914288065,18.98
06-06-2025 19:03:35,67.3272662639662,544.623785532887,18.98
06-06-2025 19:08:35,68.8293884977467,544.358298430418,18.99
06-06-2025 19:13:35,67.7478290840625,543.691253160315,18.99
06-06-2025 19:18:35,67.0630337400445,544.512068117256,18.99
06-06-2025 19:23:35,68.3668470665677,545.040100055,19
06-06-2025 19:28:35,69.1699840250412,544.670559876748,19
06-06-2025 19:33:35,68.2867281484249,545.392201194236,19
06-06-2025 19:38:35,68.7970755269145,545.622677228761,19.01
06-06-2025 19:43:35,68.3105737638768,544.95544537133,19.01
06-06-2025 19:48:35,68.1264501860488,545.384303904147,19.02
06-06-2025 19:53:35,68.3344121074401,544.121699234753,19.02
06-06-2025 19:58:35,68.7456091270884,544.550493675856,19.03
06-06-2025 20:03:35,68.0653248750072,544.979339870686,19.04
06-06-2025 20:08:35,68.074850078194,544.510340809687,19.04
06-06-2025 20:13:35,66.496673500001,545.331335245537,19.04
06-06-2025 20:18:35,67.9001684185909,544.271644172249,19.05
06-06-2025 20:23:35,70.1921887991255,544.001046037193,19.05
06-06-2025 20:28:35,68.4154006755982,544.921305527633,19.05
06-06-2025 20:33:35,67.9287199194804,544.352964707832,19.05
06-06-2025 20:38:35,67.9429702597681,544.78175623597,19.06
06-06-2025 20:43:35,69.1482803182138,544.714324145463,19.07
06-06-2025 20:48:35,69.053708972544,545.332117604772,19.06
06-06-2025 20:53:35,68.4677333075508,544.565184560241,19.06
06-06-2025 20:58:35,68.8790364411831,546.0857722076,19.07
06-06-2025 21:03:35,68.8885395447549,544.028434381072,19.07
06-06-2025 21:08:35,67.8062347516381,544.452461003726,19.07
06-06-2025 21:13:35,69.1108760549133,544.384906560721,19.08
06-06-2025 21:18:35,67.5321646265403,545.007465913562,19.08
06-06-2025 21:23:35,68.7328160724714,544.339593288108,19.08
06-06-2025 21:28:35,68.539004604,545.453656247842,19.07
06-06-2025 21:33:35,67.7544550076854,544.686559061347,19.07
06-06-2025 21:38:35,69.7539195356664,545.413053980763,19.08
06-06-2025 21:43:35,69.2670914090481,545.241446240394,19.08
06-06-2025 21:48:35,69.475102494214,545.268351994957,19.08
06-06-2025 21:53:35,69.1867964125811,544.99745608671,19.08
06-06-2025 21:58:35,67.806594974858,545.222862768042,19.08
06-06-2025 22:03:35,69.5035455060847,545.646782944306,19.08
06-06-2025 22:08:35,68.3218661133469,545.673638426211,19.08
06-06-2025 22:13:35,67.5372368377475,544.112272835176,19.08
06-06-2025 22:18:35,68.2415510263208,545.131733496238,19.08
06-06-2025 22:23:35,69.1395710509954,544.856047322175,19.07
06-06-2025 22:28:35,69.1490400006168,545.57763809628,19.07
06-06-2025 22:33:35,67.9674459728558,544.909645172506,19.07
06-06-2025 22:38:35,68.8654130332193,544.931711143845,19.06
06-06-2025 22:43:35,68.1801460378834,544.561490124148,19.06
06-06-2025 22:48:35,69.0828311312965,545.679963502979,19.06
06-06-2025 22:53:35,69.9903952584368,545.612220539359,19.07
06-06-2025 22:58:35,67.8115342264581,544.641717229425,19.06
06-06-2025 23:03:35,69.2104489482675,545.065422985973,19.06
06-06-2025 23:08:35,69.4183960876674,546.084598961033,19.06
06-06-2025 23:13:35,68.4353756446577,544.821078352334,19.06
06-06-2025 23:18:35,69.5413842408386,546.539784504571,19.07
06-06-2025 23:23:35,67.4618000425986,545.271413363828,19.06
06-06-2025 23:28:35,68.0667276702261,545.496562017328,19.06
06-06-2025 23:33:35,69.3615585837653,545.617705831807,19.05
06-06-2025 23:38:35,68.974042675384,544.850421624312,19.05
06-06-2025 23:43:35,69.3756143702729,545.566976157997,19.04
06-06-2025 23:48:35,68.3927388172975,545.097424097762,19.04
06-06-2025 23:53:35,68.4069179927349,545.724147442602,19.05
06-06-2025 23:58:35,68.1139126922731,545.745982045124,19.04
06-07-2025 00:03:35,68.9171933559943,545.077929808855,19.04
06-07-2025 00:08:35,69.5220095391192,545.402177362125,19.04
06-07-2025 00:13:35,67.6460428189321,546.321799761852,19.04
06-07-2025 00:18:35,68.7422437055391,546.045875252676,19.03
06-07-2025 00:23:35,68.6524431568666,545.576274944101,19.03
06-07-2025 00:28:35,68.954751176364,545.399628799476,19.02
06-07-2025 00:33:35,68.3688778264773,545.128473768057,19.02
06-07-2025 00:38:35,69.3704479958297,546.246321005732,19.02
06-07-2025 00:43:35,71.1607823524695,545.771983932455,19.01
06-07-2025 00:48:35,70.0837828156269,545.009440683444,19.02
06-07-2025 00:53:35,68.3025910688028,546.420122379383,19.01
06-07-2025 00:58:35,69.4976678132182,545.945780132459,19
06-07-2025 01:03:35,69.7103100478468,545.679306921441,19.01
06-07-2025 01:08:35,68.9212823798096,546.49459605837,19
06-07-2025 01:13:35,68.3354882684567,546.520986518191,19
06-07-2025 01:18:35,68.4393557285924,545.749059907091,18.99
06-07-2025 01:23:35,68.94471195966,544.485935474737,18.99
06-07-2025 01:28:35,68.4581509848663,546.198544064634,18.99
06-07-2025 01:33:35,69.0579151967554,546.220144428066,18.98
06-07-2025 01:38:35,70.0640025198051,546.251211870796,18.99
06-07-2025 01:43:35,69.6717998803576,545.776869196513,18.98
06-07-2025 01:48:35,70.0779227888522,545.604804518629,18.98
06-07-2025 01:53:35,71.3717345780502,545.824762219321,18.97
06-07-2025 01:58:35,68.9017280937006,545.751863923517,18.97
06-07-2025 02:03:35,68.6135837274834,545.877304343839,18.97
06-07-2025 02:08:35,68.3254373522104,545.010975774547,18.97
06-07-2025 02:13:35,69.4257479579104,545.433917984975,18.97
06-07-2025 02:18:35,69.3263618869568,545.450827928507,18.95
06-07-2025 02:23:35,70.1338711505306,546.076706857983,18.96
06-07-2025 02:28:35,68.6509905380483,546.792321377371,18.95
06-07-2025 02:33:35,70.5443966680694,546.421871667795,18.95
06-07-2025 02:38:35,70.0579663164381,546.745527777895,18.95
06-07-2025 02:43:35,69.3684220860974,546.766939352094,18.94
06-07-2025 02:48:35,68.7828755525926,546.396483675311,18.94
06-07-2025 02:53:35,69.5758386153968,546.115775283606,18.92
06-07-2025 02:58:35,69.0895192233235,546.43930972358,18.92
06-07-2025 03:03:35,70.3827759564499,546.064192868078,18.91
06-07-2025 03:08:35,69.6982361187899,546.685062500247,18.91
06-07-2025 03:13:35,69.5988530360185,546.107011466128,18.89
06-07-2025 03:18:35,68.9144201807966,545.439302442238,18.89
06-07-2025 03:23:35,68.423501217335,545.758049700358,18.88
06-07-2025 03:28:35,69.0274751601527,546.676039124565,18.88
06-07-2025 03:33:35,69.2302589543175,547.589221089056,18.87
06-07-2025 03:38:35,68.9328219502279,545.425888950755,18.85
06-07-2025 03:43:35,69.2394057800441,545.749143816359,18.85
06-07-2025 03:48:35,70.829138314355,546.563083078108,18.84
06-07-2025 03:53:35,68.7579528747449,546.291853670867,18.84
06-07-2025 03:58:35,70.0504011046546,546.313148441183,18.83
06-07-2025 04:03:35,68.6728304656787,545.744723734048,18.83
06-07-2025 04:08:35,68.7717727841767,546.949995349961,18.81
06-07-2025 04:13:35,69.1772983273994,546.777835746633,18.81
06-07-2025 04:18:35,69.3799505579582,545.709601054144,18.8
06-07-2025 04:23:35,68.0027044320475,546.527841028039,18.8
06-07-2025 04:28:35,70.3793066492095,546.445345293773,18.78
06-07-2025 04:33:35,69.7944785856268,544.886832088021,18.78
06-07-2025 04:38:35,67.8140088308319,545.299645221665,18.76
06-07-2025 04:43:35,68.5116930531791,544.924922486933,18.75
06-07-2025 04:48:35,69.0160159352655,544.257763246684,18.75
06-07-2025 04:53:35,68.5303235668688,546.46162983841,18.75
06-07-2025 04:58:35,69.5200957588141,544.696383738234,18.73
06-07-2025 05:03:35,69.4304204855864,546.305964181417,18.73
06-07-2025 05:08:35,69.7318939183458,545.04040612645,18.72
06-07-2025 05:13:35,69.6422225334661,546.946767732865,18.72
06-07-2025 05:18:35,68.8502678813922,546.666266353169,18.7
06-07-2025 05:23:35,68.3647611201648,546.296181237401,18.7
06-07-2025 05:28:35,69.7547373756889,546.911015187436,18.69
06-07-2025 05:33:35,68.5765888855203,546.639890435196,18.69
06-07-2025 05:38:35,68.5764989308763,544.875406286063,18.67
06-07-2025 05:43:35,68.3879169174104,546.28625129157,18.67
06-07-2025 05:48:35,69.0850442502684,545.713740622396,18.66
06-07-2025 05:53:35,68.8964740164642,546.72872915226,18.66
06-07-2025 05:58:35,69.9891924706976,545.958365298838,18.65
06-07-2025 06:03:35,68.5146442297377,546.082949096221,18.65
06-07-2025 06:08:35,69.5083897492922,547.093138401063,18.64
06-07-2025 06:13:35,69.6118176085291,546.421747476829,18.63
06-07-2025 06:18:35,68.6320327105883,546.842997277142,18.63
06-07-2025 06:23:35,68.5377232508132,545.973863690763,18.62
06-07-2025 06:28:35,69.3334447343756,546.687111757337,18.61
06-07-2025 06:33:35,69.9360630847912,546.119353575418,18.61
06-07-2025 06:38:35,68.848131593612,546.531242063164,18.59
06-07-2025 06:43:35,69.1540264421391,545.172553978745,18.59
06-07-2025 06:48:35,68.5653668333239,546.182260404582,18.58
06-07-2025 06:53:35,70.8437161283401,545.807769054861,18.57
06-07-2025 06:58:35,69.8643885996587,546.920743021396,18.57
06-07-2025 07:03:35,69.5770731501419,546.946253709707,18.57
06-07-2025 07:08:35,69.9817697797897,545.983160275252,18.57
06-07-2025 07:13:35,70.777050954573,546.399484742668,18.56
06-07-2025 07:18:35,70.8803010345072,546.815734290128,18.55
06-07-2025 07:23:35,70.5930248627256,545.753917480236,18.55
06-07-2025 07:28:35,69.7079245782069,546.4666727771,18.54
06-07-2025 07:33:35,69.5195035399998,546.689779057159,18.54
06-07-2025 07:38:35,69.0345739916341,546.912872769053,18.54
06-07-2025 07:43:35,69.9333394393584,546.542940910578,18.54
06-07-2025 07:48:35,69.048358009724,546.761398214641,18.53
06-07-2025 07:53:35,71.3306351466286,546.786783221307,18.53
06-07-2025 07:58:35,68.361098925932,545.71148250112,18.5
06-07-2025 08:03:35,70.0595700162847,546.734085257525,18.52
06-07-2025 08:08:35,70.3652651252035,546.265333876727,18.52
06-07-2025 08:13:35,68.694563493186,546.784767293705,18.52
06-07-2025 08:18:35,69.1931818164369,547.497170534972,18.51
06-07-2025 08:23:35,68.7130252461798,547.724776686575,18.52
06-07-2025 08:28:35,69.7056988342828,547.646589018759,18.51
06-07-2025 08:33:35,70.8018551106605,547.671873480109,18.51
06-07-2025 08:38:35,69.5312607005035,547.207711651062,18.52
06-07-2025 08:43:35,69.9357614826249,546.343593346737,18.52
06-07-2025 08:48:35,68.5615049969981,547.357037469534,18.52
06-07-2025 08:53:35,69.4601004439778,547.184632185039,18.52
06-07-2025 08:58:35,68.2834794134272,546.518115649409,18.52
06-07-2025 09:03:35,70.4667274180173,546.740964174961,18.52
06-07-2025 09:08:35,69.5912982152946,545.980118727337,18.53
06-07-2025 09:13:35,69.6993356145567,546.894751204041,18.53
06-07-2025 09:18:35,70.2026814761716,547.414060641172,18.53
06-07-2025 09:23:35,69.223611060948,546.846253713765,18.53
06-07-2025 09:28:35,70.9128843186773,547.069055161011,18.53
06-07-2025 09:33:35,68.8513804205928,546.505771308654,18.54
06-07-2025 09:38:35,68.8605801567232,547.123905386072,18.54
06-07-2025 09:43:35,68.2767648815923,546.556000890915,18.54
06-07-2025 09:48:35,70.0649996062271,546.679932330166,18.54
06-07-2025 09:53:35,70.5731799185034,546.610729137488,18.55
06-07-2025 09:58:35,70.1822205154642,546.631251003073,18.54
06-07-2025 10:03:35,68.713537010592,547.253918479276,18.55
06-07-2025 10:08:35,70.5019056069156,545.994000151676,18.55
06-07-2025 10:13:35,69.0284405175475,546.019033249737,18.55
06-07-2025 10:18:35,69.8283712543545,547.526704541741,18.55
06-07-2025 10:23:35,69.6398661407009,546.167905125507,18.55
06-07-2025 10:28:35,70.835166395958,547.379021128761,18.55
06-07-2025 10:33:35,69.0698468262014,547.408600927084,18.56
06-07-2025 10:38:35,68.3824350564211,547.428974211404,18.55
06-07-2025 10:43:35,69.8790062254344,547.161975065884,18.56
06-07-2025 10:48:35,71.3709468723504,546.692663840939,18.56
06-07-2025 10:53:35,69.6949138782906,546.416532348591,18.55
06-07-2025 10:58:35,68.7202997962554,546.544813839924,18.56
06-07-2025 11:03:35,70.217005620764,547.661690809918,18.57
06-07-2025 11:08:35,69.929591727508,546.59913494811,18.57
06-07-2025 11:13:35,68.7524434260553,547.217172160959,18.57
06-07-2025 11:18:35,68.7662566339665,546.455672418703,18.58
06-07-2025 11:23:35,67.8856107928568,545.887327304418,18.58
06-07-2025 11:28:35,68.9823038028383,547.197443439109,18.58
06-07-2025 11:33:35,69.6835266317344,546.332472059473,18.58
06-07-2025 11:38:35,70.389528068019,546.361780229361,18.59
06-07-2025 11:43:35,69.2168650946266,547.08325630062,18.6
06-07-2025 11:48:35,69.1271297734251,546.712519316044,18.6
06-07-2025 11:53:35,68.8442826807908,546.049579895938,18.61
06-07-2025 11:58:35,67.6667376049224,547.162146907777,18.61
06-07-2025 12:03:35,69.2628186845749,546.400260788313,18.62
06-07-2025 12:08:35,69.2719581490282,546.326106212806,18.62
06-07-2025 12:13:35,69.4883030290732,546.557618797969,18.64
06-07-2025 12:18:35,68.5082945280656,546.38450890245,18.64
06-07-2025 12:23:35,69.5112781460673,545.919081011529,18.65
06-07-2025 12:28:35,69.7182541564963,546.834075389047,18.65
06-07-2025 12:33:35,69.7321063557481,546.764335933967,18.66
06-07-2025 12:38:35,69.5480811248826,546.595630745449,18.67
06-07-2025 12:43:35,68.1720732993786,546.323472535742,18.67
06-07-2025 12:48:35,70.3673787598834,546.554951679321,18.69
06-07-2025 12:53:35,67.902652913587,547.569121487819,18.69
06-07-2025 12:58:35,69.3018130203108,546.80660534342,18.7
06-07-2025 13:03:35,70.1073749843825,546.340859983613,18.71
06-07-2025 13:08:35,68.3396445460043,546.666844529905,18.72
06-07-2025 13:13:35,69.5411934480364,546.398951614501,18.73
06-07-2025 13:18:35,68.1691020687909,546.032005985704,18.74
06-07-2025 13:23:35,68.8758157876772,546.159991850212,18.75
06-07-2025 13:28:35,69.6816482097133,546.386990909213,18.76
06-07-2025 13:33:35,69.4974344911788,546.911061193029,18.77
06-07-2025 13:38:35,69.6102630421569,546.444948161497,18.78
06-07-2025 13:43:35,69.9211721089043,546.374876030677,18.79
06-07-2025 13:48:35,69.5388411948885,546.700939765472,18.8
06-07-2025 13:53:35,68.8592992820742,545.640355878088,18.81
06-07-2025 13:58:35,70.1607797113529,546.659777116717,18.82
06-07-2025 14:03:35,69.7783658649336,546.985892379734,18.83
06-07-2025 14:08:35,67.9052289223892,547.604722623432,18.83
06-07-2025 14:13:35,68.1216199681449,545.359378799949,18.85
06-07-2025 14:18:35,68.5316481855586,547.270833379268,18.86
06-07-2025 14:23:35,69.1399311823128,546.705168939681,18.87
06-07-2025 14:28:35,67.8653271485107,547.526857133137,18.88
06-07-2025 14:33:35,70.7532274355797,546.564641009138,18.89
06-07-2025 14:38:35,68.2891002847253,545.304894149207,18.9
06-07-2025 14:43:35,68.1045203504576,546.721386352908,18.91
06-07-2025 14:48:35,69.704354890572,547.047593062199,18.92
06-07-2025 14:53:35,68.1364224020598,545.296152937986,18.94
06-07-2025 14:58:35,67.6542807480627,545.91976834276,18.95
06-07-2025 15:03:35,68.6595740423663,546.543467101127,18.96
06-07-2025 15:08:35,68.2765658026726,547.365600520407,18.97
06-07-2025 15:13:35,68.3894106909818,547.096829708829,18.98
06-07-2025 15:18:35,68.7006532242284,546.43123333452,18.99
06-07-2025 15:23:35,68.8135432090292,545.56711501883,19
06-07-2025 15:28:35,67.8397257915445,545.798492083166,19.02
06-07-2025 15:33:35,69.9370321119716,547.216216348159,19.03
06-07-2025 15:38:35,68.8639123993653,546.257004224922,19.05
06-07-2025 15:43:35,68.6837396801208,545.495974609007,19.07
06-07-2025 15:48:35,69.0991302170952,545.429577685248,19.09
06-07-2025 15:53:35,69.3113978422442,546.748716934703,19.1
06-07-2025 15:58:35,68.4361467108971,546.384581569851,19.12
06-07-2025 16:03:35,70.733763497884,545.519417955902,19.13
06-07-2025 16:08:35,68.7613822775225,545.945139152049,19.14
06-07-2025 16:13:35,69.3756493287226,545.382047773994,19.16
06-07-2025 16:18:35,68.2065292432254,546.412641863962,19.19
06-07-2025 16:23:35,67.7233620487761,547.037301452915,19.2
06-07-2025 16:28:35,70.1217426589861,545.078515563361,19.21
06-07-2025 16:33:35,67.5563155450121,545.011801999787,19.23
06-07-2025 16:38:35,68.663176780928,545.636498406751,19.24
06-07-2025 16:43:35,67.4885782697509,544.774568735779,19.26
06-07-2025 16:48:35,67.8997924511176,545.598190354937,19.27
06-07-2025 16:53:35,67.7145352620238,546.322505396283,19.28
06-07-2025 16:58:35,68.7224084162974,545.157744661314,19.29
06-07-2025 17:03:35,68.9395781800073,545.886456984855,19.31
06-07-2025 17:08:35,67.5608830526817,546.014251084956,19.32
06-07-2025 17:13:35,69.4642163290143,545.346351538905,19.33
06-07-2025 17:18:35,68.1848052611775,546.170381374542,19.34
06-07-2025 17:23:35,68.5963144993296,545.104441542475,19.35
06-07-2025 17:28:35,67.3166214027776,545.331634397053,19.36
06-07-2025 17:33:35,68.9220500427124,545.359858999125,19.37
06-07-2025 17:38:35,67.4431663738947,545.68657817601,19.38
06-07-2025 17:43:35,68.1532648382517,544.620191438019,19.39
06-07-2025 17:48:35,70.356245902783,547.136269802386,19.4
06-07-2025 17:53:35,68.5739203447961,545.866410897732,19.4
06-07-2025 17:58:35,66.9906290441514,545.790757023301,19.4
06-07-2025 18:03:35,66.4069532125277,546.017985209717,19.41
06-07-2025 18:08:35,69.4017318126078,546.340402710922,19.41
06-07-2025 18:13:35,66.8275141694536,545.671855330716,19.42
06-07-2025 18:18:35,68.0354799124779,544.804099912433,19.43
06-07-2025 18:23:35,68.2481351591189,546.624041728545,19.44
06-07-2025 18:28:35,68.0625886779228,545.656632475489,19.45
06-07-2025 18:33:35,68.569364001686,546.178199313721,19.45
06-07-2025 18:38:35,68.2888405659211,546.310225271517,19.47
06-07-2025 18:43:35,70.0901553231715,545.338235301131,19.47
06-07-2025 18:48:35,67.7093553855346,546.457289105497,19.47
06-07-2025 18:53:35,69.1170188700326,547.08286891396,19.48
06-07-2025 18:58:35,68.7322830630122,546.513451491837,19.49
06-07-2025 19:03:35,68.044124957136,545.939611662734,19.49
06-07-2025 19:08:35,68.7363749291288,546.149492872177,19.46
06-07-2025 19:13:35,68.6596050573288,545.887385586547,19.49
06-07-2025 19:18:35,68.3743880415342,546.114551485438,19.5
06-07-2025 19:23:35,67.6952292864484,545.648778490532,19.52
06-07-2025 19:28:35,68.0075911861733,545.676701061969,19.53
06-07-2025 19:33:35,68.7139068468633,546.098815098305,19.53
06-07-2025 19:38:35,67.5319172902214,545.429334190848,19.54
06-07-2025 19:43:35,66.5445724011252,545.55256467111,19.54
06-07-2025 19:48:35,68.4510902764665,546.178251309911,19.55
06-07-2025 19:53:35,67.5678183878198,545.907206628252,19.56
06-07-2025 19:58:35,67.9708026918822,546.225389123719,19.55
06-07-2025 20:03:35,68.4779421160617,546.149301014369,19.55
06-07-2025 20:08:35,70.1807374992742,546.571391156892,19.55
06-07-2025 20:13:35,68.4007781971339,546.200674063267,19.56
06-07-2025 20:18:35,68.7132671452055,546.128843560845,19.57
06-07-2025 20:23:35,68.7222077131244,545.554418202873,19.57
06-07-2025 20:28:35,68.2374438305934,545.881147957892,19.58
06-07-2025 20:33:35,68.2463803804005,545.705298193718,19.58
06-07-2025 20:38:35,67.3583550768479,545.92808468107,19.58
06-07-2025 20:43:35,68.6628962725375,546.051196395334,19.58
06-07-2025 20:48:35,68.3774174401339,545.4809006856,19.59
06-07-2025 20:53:35,68.6853566171353,546.401357048867,19.59
06-07-2025 20:58:35,67.4030680679059,546.628438749416,19.6
06-07-2025 21:03:35,66.8094734154874,546.547838311539,19.59
06-07-2025 21:08:35,69.3148015840607,546.276511700037,19.6
06-07-2025 21:13:35,68.9250091068379,546.250046681069,19.6
06-07-2025 21:18:35,68.3358581432679,546.223569093937,19.6
06-07-2025 21:23:35,67.9506002866398,546.849325658637,19.61
06-07-2025 21:28:35,68.2585735091578,546.673289539615,19.61
06-07-2025 21:33:35,68.3626014938443,546.094221804232,19.6
06-07-2025 21:38:35,68.7748276695841,546.470737397402,19.61
06-07-2025 21:43:35,68.2898682346617,546.847240422408,19.62
06-07-2025 21:48:35,68.9966345913299,545.574500937741,19.62
06-07-2025 21:53:35,68.6067618861284,546.295634435481,19.62
06-07-2025 21:58:35,69.2138299471563,547.216143920113,19.62
06-07-2025 22:03:35,67.7273161710291,547.438780893881,19.62
06-07-2025 22:08:35,69.4310172667591,546.764156801728,19.62
06-07-2025 22:13:35,69.1454591374875,546.293184090497,19.63
06-07-2025 22:18:35,68.4518652197958,546.112730855628,19.62
06-07-2025 22:23:35,68.0619804602589,547.033177499437,19.62
06-07-2025 22:28:35,69.7656735197652,546.258808857098,19.62
06-07-2025 22:33:35,67.3818991915459,546.780453254465,19.62
06-07-2025 22:38:35,68.5871168452977,546.604225140968,19.62
06-07-2025 22:43:35,67.7984469394231,546.328290181777,19.62
06-07-2025 22:48:35,69.4024376851772,547.448062539822,19.62
06-07-2025 22:53:35,67.4129492024512,546.868712825225,19.61
06-07-2025 22:58:35,68.2193175491728,545.894960419707,19.61
06-07-2025 23:03:35,68.8263113719544,546.815234337423,19.61
06-07-2025 23:08:35,67.8338084842914,546.435308340596,19.6
06-07-2025 23:13:35,68.0420372216009,546.657737282296,19.6
06-07-2025 23:18:35,68.7486551430827,546.979831894477,19.6
06-07-2025 23:23:35,68.8526075925045,546.001871610262,19.59
06-07-2025 23:28:35,69.1604844887729,545.925236149038,19.59
06-07-2025 23:33:35,69.074288557571,547.34797089016,19.6
06-07-2025 23:38:35,68.0818384947736,546.76862973349,19.59
06-07-2025 23:43:35,68.3897093638743,546.093935240937,19.59
06-07-2025 23:48:35,68.6454464672703,547.811313487563,19.59
06-07-2025 23:53:35,68.9011815616103,546.334991510942,19.58
06-07-2025 23:58:35,68.9100357401254,546.856261886483,19.58
06-08-2025 00:03:35,67.3242926308223,547.277857488938,19.58
06-08-2025 00:08:35,68.030778225684,546.702818474002,19.58
06-08-2025 00:13:35,68.8369240164124,547.323713349974,19.58
06-08-2025 00:18:35,68.4425688602853,547.043347827351,19.57
06-08-2025 00:23:35,68.3517588035256,547.066244337458,19.57
06-08-2025 00:28:35,68.5599093076958,548.384632749338,19.57
06-08-2025 00:33:35,69.1666745627912,546.115457753224,19.57
06-08-2025 00:38:35,68.8765500988732,547.932091978753,19.57
06-08-2025 00:43:35,68.6860778158945,546.559779556267,19.57
06-08-2025 00:48:35,68.6903441300162,547.17625106903,19.56
06-08-2025 00:53:35,69.7952841488432,548.19553393372,19.56
06-08-2025 00:58:35,68.6129198625994,547.126513809604,19.57
06-08-2025 01:03:35,67.8200187523358,547.045384315182,19.56
06-08-2025 01:08:35,68.4221788599957,548.558469589591,19.55
06-08-2025 01:13:35,67.7335357546204,548.481602254046,19.55
06-08-2025 01:18:35,68.9380157563298,547.308702546255,19.55
06-08-2025 01:23:35,68.9468357808945,548.626744370485,19.55
06-08-2025 01:28:35,68.7518111635192,547.250265291683,19.54
06-08-2025 01:33:35,68.7651934748413,548.373283558235,19.55
06-08-2025 01:38:35,69.4668522379927,548.790146129321,19.54
06-08-2025 01:43:35,70.2727054499036,548.215060631119,19.54
06-08-2025 01:48:35,69.3848440526726,548.636264094215,19.54
06-08-2025 01:53:35,69.8871491094768,547.658331599758,19.53
06-08-2025 01:58:35,67.6046457776675,548.876455032818,19.53
06-08-2025 02:03:35,69.3070261637286,546.50816874348,19.53
06-08-2025 02:08:35,68.3150818808723,547.024667540798,19.52
06-08-2025 02:13:35,68.1201454931368,547.939498883859,19.51
06-08-2025 02:18:35,69.0208191846116,547.061408046134,19.5
06-08-2025 02:23:35,68.6312226141877,547.88078789293,19.5
06-08-2025 02:28:35,68.6354698947178,548.098243945242,19.49
06-08-2025 02:33:35,68.9430321433668,548.220403800029,19.49
06-08-2025 02:38:35,68.9472521265323,547.541556368923,19.48
06-08-2025 02:43:35,70.0514432560051,547.165772515952,19.48
06-08-2025 02:48:35,67.2674968090517,547.881082243233,19.47
06-08-2025 02:53:35,67.371414357564,548.098437519169,19.46
06-08-2025 02:58:35,68.8691281688139,548.514865142044,19.45
06-08-2025 03:03:35,68.7783499009376,547.940010802951,19.45
06-08-2025 03:08:35,68.5834765366024,547.460446967732,19.44
06-08-2025 03:13:35,69.6826813928664,549.071335664095,19.43
06-08-2025 03:18:35,67.8952195674954,548.293137721481,19.42
06-08-2025 03:23:35,68.1030596159087,548.415115898263,19.42
06-08-2025 03:28:35,68.8040194787359,548.731800827067,19.41
06-08-2025 03:33:35,68.5096848193793,548.15276272526,19.4
06-08-2025 03:38:35,69.011477963474,548.170869503482,19.39
06-08-2025 03:43:35,69.5131899200577,549.581994517167,19.38
06-08-2025 03:48:35,69.2188674143439,548.704518235416,19.37
06-08-2025 03:53:35,69.5215086088796,548.82203561433,19.36
06-08-2025 03:58:35,68.7298405505421,548.541612399532,19.35
06-08-2025 04:03:35,68.4401617238102,548.166043161727,19.35
06-08-2025 04:08:35,70.8316885656758,548.482496572572,19.34
06-08-2025 04:13:35,68.8464933067684,548.500503545975,19.33
06-08-2025 04:18:35,68.8507008042561,549.015769817977,19.32
06-08-2025 04:23:35,68.4571220080329,548.735374371161,19.31
06-08-2025 04:28:35,67.5619781104002,548.7490051635,19.29
06-08-2025 04:33:35,67.9639754718937,548.26983778469,19.28
06-08-2025 04:38:35,69.6536925079345,548.979371916938,19.26
06-08-2025 04:43:35,69.1654003449176,548.405176692079,19.26
06-08-2025 04:48:35,69.3637975033648,548.518218353049,19.24
06-08-2025 04:53:35,69.5667225310752,547.741080086262,19.23
06-08-2025 04:58:35,68.5726103806143,548.052921416847,19.21
06-08-2025 05:03:35,68.9788080415076,548.870046179321,19.21
06-08-2025 05:08:35,70.1752987131545,548.29175670432,19.2
06-08-2025 05:13:35,68.3865874683111,549.10012610168,19.18
06-08-2025 05:18:35,70.0748844705491,548.219677221067,19.16
06-08-2025 05:23:35,69.7856280076125,548.539799694125,19.16
06-08-2025 05:28:35,69.1892827662825,549.347850245523,19.14
06-08-2025 05:33:35,70.0871753189061,548.769805357307,19.13
06-08-2025 05:38:35,67.9067830829417,548.986202865724,19.12
06-08-2025 05:43:35,68.6015571542587,549.401098981027,19.1
06-08-2025 05:48:35,69.6030600696604,549.815982528165,19.1
06-08-2025 05:53:35,69.7018730506585,547.844040866168,19.08
06-08-2025 05:58:35,69.9045050953822,548.55666692113,19.07
06-08-2025 06:03:35,68.8168913631302,548.574439871015,19.06
06-08-2025 06:08:35,69.1142620242429,549.28255202921,19.04
06-08-2025 06:13:35,70.1152778812676,547.915331467022,19.04
06-08-2025 06:18:35,68.8249476434939,548.821851913661,19.02
06-08-2025 06:23:35,68.9283427793887,548.244317707818,19.01
06-08-2025 06:28:35,69.0317207447024,548.162864224421,19
06-08-2025 06:33:35,69.1350815430759,548.081414731899,18.99
06-08-2025 06:38:35,69.7343430795357,548.694254288219,18.98
06-08-2025 06:43:35,69.5401029378504,548.612757198596,18.97
06-08-2025 06:48:35,70.1392349099293,548.432096391535,18.96
06-08-2025 06:53:35,69.7420945757435,549.337904569484,18.94
06-08-2025 06:58:35,70.3456910057819,548.368289840901,18.94
06-08-2025 07:03:35,69.2591665197304,548.385952581134,18.93
06-08-2025 07:08:35,69.7544148860522,548.300248425963,18.91
06-08-2025 07:13:35,68.9700699565311,549.016010626736,18.91
06-08-2025 07:18:35,69.2715959300956,549.033590116181,18.9
06-08-2025 07:23:35,68.9829109703053,549.154551011251,18.9
06-08-2025 07:28:35,68.7843545059001,548.176775136619,18.88
06-08-2025 07:33:35,67.7028790433188,549.486946113776,18.88
06-08-2025 07:38:35,69.8872611180529,549.207156687387,18.87
06-08-2025 07:43:35,69.4995431317643,548.733465545767,18.87
06-08-2025 07:48:35,68.1164222929856,548.949180869599,18.86
06-08-2025 07:53:35,68.0259972047117,547.781885367169,18.86
06-08-2025 07:58:35,69.4173563794869,548.691203000877,18.85
06-08-2025 08:03:35,68.5298235230461,549.204075894307,18.84
06-08-2025 08:08:35,69.1374315198991,549.230073328529,18.85
06-08-2025 08:13:35,67.2548286657476,550.035766719541,18.83
06-08-2025 08:18:35,68.8485162036458,548.769628913735,18.83
06-08-2025 08:23:35,69.6496846000014,549.187577446298,18.83
06-08-2025 08:28:35,70.1490639810838,549.10593764292,18.82
06-08-2025 08:33:35,69.4643141696575,549.72194280764,18.82
06-08-2025 08:38:35,69.7610089509514,549.536915206295,18.8
06-08-2025 08:43:35,69.7742121254657,549.661886571336,18.81
06-08-2025 08:48:35,70.2780973671282,549.089220869146,18.81
06-08-2025 08:53:35,69.8859734947594,549.700837470829,18.8
06-08-2025 08:58:35,69.0032427028748,549.128194131757,18.8
06-08-2025 09:03:35,67.922428125854,549.744028881003,18.8
06-08-2025 09:08:35,68.6243475245012,549.369442181682,18.8
06-08-2025 09:13:35,67.7416107054489,548.004434033795,18.8
06-08-2025 09:18:35,68.1419787641066,547.823772182903,18.79
06-08-2025 09:23:35,68.4521532411823,548.740811114935,18.8
06-08-2025 09:28:35,68.3572970109089,549.451365475131,18.79
06-08-2025 09:33:35,69.6533487935003,549.670945432612,18.79
06-08-2025 09:38:35,69.5584022016041,549.193047999285,18.78
06-08-2025 09:43:35,69.7650714379528,549.115511816287,18.78
06-08-2025 09:48:35,69.7736885478712,549.830163534622,18.78
06-08-2025 09:53:35,68.9901031792361,549.356501980546,18.78
06-08-2025 09:58:35,67.8060239743412,549.769780485724,18.77
06-08-2025 10:03:35,69.1063524124806,548.508166226589,18.78
06-08-2025 10:08:35,69.1149614861754,547.935441909332,18.78
06-08-2025 10:13:35,70.3118692550608,549.145156080281,18.78
06-08-2025 10:18:35,69.3302237237718,549.562657213568,18.78
06-08-2025 10:23:35,69.8339520637348,548.494769898382,18.78
06-08-2025 10:28:35,69.2529058401023,549.31257222957,18.79
06-08-2025 10:33:35,70.5489335140228,549.631034341808,18.79
06-08-2025 10:38:35,70.5529245597911,549.84618524345,18.78
06-08-2025 10:43:35,70.2690266254921,548.980492216286,18.79
06-08-2025 10:48:35,68.8911580085033,549.794081487687,18.79
06-08-2025 10:53:35,70.5833095371249,548.527965763568,18.79
06-08-2025 10:58:35,68.9083379838308,548.648299089522,18.79
06-08-2025 11:03:35,68.1246611760613,549.263784710967,18.79
06-08-2025 11:08:35,69.8168066775152,549.384092900592,18.79
06-08-2025 11:13:35,68.6414423643934,549.211492632962,18.8
06-08-2025 11:18:35,70.7298819601501,548.737538273326,18.8
06-08-2025 11:23:35,68.6541538454776,548.754612333168,18.79
06-08-2025 11:28:35,69.954710722485,549.275205170163,18.8
06-08-2025 11:33:35,68.7792520171484,549.399670051869,18.81
06-08-2025 11:38:35,69.8773617785981,548.826577032088,18.81
06-08-2025 11:43:35,69.1925910479282,548.154422639528,18.81
06-08-2025 11:48:35,68.7059159174317,548.769890138794,18.81
06-08-2025 11:53:35,69.0116292147965,549.088198656052,18.81
06-08-2025 11:58:35,69.0201940892614,549.50554340976,18.81
06-08-2025 12:03:35,68.8351170894221,550.125233002511,18.82
06-08-2025 12:08:35,68.8481364025063,549.259036106462,18.83
06-08-2025 12:13:35,70.5407941563379,549.676406503461,18.83
06-08-2025 12:18:35,69.0678563815635,547.720276085869,18.84
06-08-2025 12:23:35,69.3736288965486,548.831160961561,18.84
06-08-2025 12:28:35,70.1838886699788,549.058714442283,18.86
06-08-2025 12:33:35,69.3997322292278,548.881599187425,18.86
06-08-2025 12:38:35,68.7191076469946,549.303185766655,18.87
06-08-2025 12:43:35,69.3312205923306,548.63880684348,18.89
06-08-2025 12:48:35,69.5470125008288,548.76722034947,18.91
06-08-2025 12:53:35,68.9697175083759,549.19308736286,18.93
06-08-2025 12:58:35,69.8841686911394,548.234929387013,18.96
06-08-2025 13:03:35,69.509563204491,548.764161363606,18.99
06-08-2025 13:08:35,69.630848373615,548.797548206095,19.02
06-08-2025 13:13:35,69.558221984326,549.629046562448,19.06
06-08-2025 13:18:35,69.7833783774167,547.581962685026,19.1
06-08-2025 13:23:35,69.3134963056989,549.406660094063,19.14
06-08-2025 13:28:35,68.3510128519499,548.455018582553,19.19
06-08-2025 13:33:35,71.0698340761555,548.003610495386,19.25
06-08-2025 13:38:35,70.7130428650637,547.456319390093,19.32
06-08-2025 13:43:35,69.9486899412692,547.696356347311,19.37
06-08-2025 13:48:35,68.1972008761416,547.347396288408,19.44
06-08-2025 13:53:35,69.2237028243244,549.280590902962,19.49
06-08-2025 13:58:35,68.1720324397836,548.437997219005,19.57
06-08-2025 14:03:35,70.0968265917048,547.582148956935,19.62
06-08-2025 14:08:35,68.8450770220996,547.934607592749,19.7
06-08-2025 14:13:35,69.8785073909756,548.079666792642,19.76
06-08-2025 14:18:35,68.51195861206,547.222269132723,19.81
06-08-2025 14:23:35,68.6515294459291,548.27020485323,19.88
06-08-2025 14:28:35,69.1865778243325,548.315587363491,19.94
06-08-2025 14:33:35,67.7133553555614,547.552896302824,19.98
06-08-2025 14:38:35,68.5440018395368,546.593618480485,20.03
06-08-2025 14:43:35,67.4653411688383,548.227024110096,20.06
06-08-2025 14:48:35,68.1918891428016,547.763729614504,20.1
06-08-2025 14:53:35,70.0155658030346,547.19598515252,20.13
06-08-2025 14:58:35,67.2385265480963,547.132594568636,20.17
06-08-2025 15:03:35,68.0613743336063,548.066753843433,20.2
06-08-2025 15:08:35,68.374792972137,548.492185590072,20.21
06-08-2025 15:13:35,68.2964251268712,548.224606264143,20.24
06-08-2025 15:18:35,68.3093495384451,548.349546743751,20.25
06-08-2025 15:23:35,67.4203803085397,546.670706822526,20.26
06-08-2025 15:28:35,66.9321373677576,546.995946754985,20.27
06-08-2025 15:33:35,68.1432362423855,548.21917624873,20.27
06-08-2025 15:38:35,68.8577238628502,548.143631705911,20.28
06-08-2025 15:43:35,68.2648394993863,547.161950956405,20.28
06-08-2025 15:48:35,67.8768083069058,548.088630441041,20.29
06-08-2025 15:53:35,68.4866862296545,546.90637432474,20.29
06-08-2025 15:58:35,67.6932780375544,547.127389746066,20.29
06-08-2025 16:03:35,67.7061311999711,547.252155540989,20.3
06-08-2025 16:08:35,68.2202370502255,547.27667483558,20.31
06-08-2025 16:13:35,68.1284486654195,547.898688178962,20.31
06-08-2025 16:18:35,67.9364074741376,548.42043815676,20.31
06-08-2025 16:23:35,67.3433610841202,547.338162807675,20.31
06-08-2025 16:28:35,68.0535730515057,548.661894028503,20.31
06-08-2025 16:33:35,68.2669577301158,548.48593875745,20.32
06-08-2025 16:38:35,68.9727369720094,547.19903607145,20.31
06-08-2025 16:43:35,67.8828248213062,547.123192904888,20.32
06-08-2025 16:48:35,67.9915320791343,547.644908029628,20.32
06-08-2025 16:53:35,67.2022473370568,547.769598750946,20.33
06-08-2025 16:58:35,68.7146969847261,546.486522921978,20.33
06-08-2025 17:03:35,67.7204690957419,548.311712179067,20.33
06-08-2025 17:08:35,68.3349416763223,547.834771832995,20.34
06-08-2025 17:13:35,67.9422794406046,548.657330653206,20.34
06-08-2025 17:18:35,68.2559638831208,546.475534347834,20.35
06-08-2025 17:23:35,68.2732458026246,547.406387190152,20.37
06-08-2025 17:28:35,68.2816780793999,547.727605679238,20.37
06-08-2025 17:33:35,68.1942256349599,548.15315437941,20.38
06-08-2025 17:38:35,69.1054223232898,547.671911262996,20.38
06-08-2025 17:43:35,69.2231542866274,546.99793402105,20.4
06-08-2025 17:48:35,67.3297712759411,546.620823694564,20.41
06-08-2025 17:53:35,67.5475836774037,547.752743776936,20.43
06-08-2025 17:58:35,67.6607244218287,546.87378788705,20.44
06-08-2025 18:03:35,66.7745359388381,546.701143547368,20.46
06-08-2025 18:08:35,68.2929644052163,548.431754615958,20.47
06-08-2025 18:13:35,67.8082421802037,547.05452016022,20.49
06-08-2025 18:18:35,67.92583772923,546.88177942879,20.51
06-08-2025 18:23:35,67.5413189288992,546.307245393363,20.53
06-08-2025 18:28:35,67.5497270970037,546.829562347868,20.53
06-08-2025 18:33:35,69.4753309382663,547.359795870866,20.55
06-08-2025 18:38:35,68.4881531468943,546.885561082541,20.57
06-08-2025 18:43:35,66.8977799880784,548.219764718261,20.59
06-08-2025 18:48:35,67.1114635557296,548.042943842127,20.6
06-08-2025 18:53:35,67.0236942951237,546.660141991066,20.61
06-08-2025 18:58:35,67.9409359858925,548.794699963476,20.62
06-08-2025 19:03:35,66.9486139525661,545.703015969354,20.63
06-08-2025 19:08:35,68.8711832356464,546.732100176677,20.64
06-08-2025 19:13:35,68.6874406234364,547.463717395099,20.66
06-08-2025 19:18:35,68.4947577569196,547.986438292033,20.66
06-08-2025 19:23:35,67.808157192061,546.606755365442,20.68
06-08-2025 19:28:35,69.0321230776893,546.232286568658,20.7
06-08-2025 19:33:35,68.3409525010627,546.55788213379,20.71
06-08-2025 19:38:35,68.454341834159,547.285852484421,20.72
06-08-2025 19:43:35,67.7673826919574,547.112519932719,20.74
06-08-2025 19:48:35,67.3777009770328,546.935198958036,20.75
06-08-2025 19:53:35,68.8996776017842,547.260918900363,20.76
06-08-2025 19:58:35,68.3087672570857,548.089802310467,20.77
06-08-2025 20:03:35,68.8291880681109,547.312608880594,20.79
06-08-2025 20:08:35,68.3431935380557,546.031854023148,20.81
06-08-2025 20:13:35,68.2509015450275,546.756365106829,20.81
06-08-2025 20:18:35,67.6640516580913,547.488763449091,20.83
06-08-2025 20:23:35,68.1801942002217,546.304404396998,20.84
06-08-2025 20:28:35,66.279840748594,546.932269449993,20.85
06-08-2025 20:33:35,68.1006310702109,546.347980337668,20.85
06-08-2025 20:38:35,67.7105613434645,547.882159808469,20.86
06-08-2025 20:43:35,67.3204896076623,547.40243177011,20.87
06-08-2025 20:48:35,67.1317491927278,547.325470915626,20.88
06-08-2025 20:53:35,68.252379264109,546.946311482398,20.89
06-08-2025 20:58:35,68.0636771836258,546.36561138966,20.9
06-08-2025 21:03:35,66.5610488653415,546.989780677247,20.9
06-08-2025 21:08:35,67.7825451303595,547.315665172811,20.91
06-08-2025 21:13:35,69.7094726075243,547.037098916719,20.92
06-08-2025 21:18:35,68.0050965798904,548.064320751572,20.92
06-08-2025 21:23:35,67.3168661526001,547.285898176399,20.94
06-08-2025 21:28:35,66.6198513457392,546.701028670371,20.94
06-08-2025 21:33:35,67.4429870916482,546.023003730505,20.96
06-08-2025 21:38:35,67.8588192820074,546.348873942756,20.97
06-08-2025 21:43:35,68.5726718585574,545.965397138979,20.97
06-08-2025 21:48:35,68.0858443505315,547.202336836995,20.99
06-08-2025 21:53:35,67.0861165043742,547.221990760675,20.99
06-08-2025 21:58:35,67.1995676763864,546.993481773816,21
06-08-2025 22:03:35,68.0187863222267,546.764960218792,21.01
06-08-2025 22:08:35,67.1240254029101,547.292590308508,21.02
06-08-2025 22:13:35,69.1534226289338,547.215261448681,21.03
06-08-2025 22:18:35,69.0653727549681,547.44044339395,21.04
06-08-2025 22:23:35,67.4644863149156,547.060518688713,21.05
06-08-2025 22:28:35,68.5866315153425,547.890869985983,21.06
06-08-2025 22:33:35,66.8845677346521,547.410017571437,21.07
06-08-2025 22:38:35,68.7129962669351,547.02995033608,21.08
06-08-2025 22:43:35,68.3266067753801,548.167084626919,21.1
06-08-2025 22:48:35,68.032223520504,547.480330745953,21.1
06-08-2025 22:53:35,67.2420038067906,546.700359330769,21.12
06-08-2025 22:58:35,68.3603364074345,547.628058622314,21.12
06-08-2025 23:03:35,67.565685020692,547.752377142824,21.13
06-08-2025 23:08:35,68.9913283144001,547.674843129115,21.14
06-08-2025 23:13:35,68.2931223107871,547.997081528821,21.14
06-08-2025 23:18:35,68.1039470454216,549.433582391824,21.15
06-08-2025 23:23:35,67.2038059881997,547.434275219593,21.15
06-08-2025 23:28:35,68.9324748835785,548.567982471699,21.16
06-08-2025 23:33:35,68.6379256012253,549.09210986217,21.16
06-08-2025 23:38:35,66.9344376656092,548.307904049963,21.17
06-08-2025 23:43:35,68.5623954854931,548.129323213302,21.18
06-08-2025 23:48:35,67.8639451678149,548.653495145061,21.18
06-08-2025 23:53:35,68.8818368990068,548.773808847968,21.18
06-08-2025 23:58:35,68.9866158000829,548.486291527153,21.17
06-09-2025 00:03:35,68.1872638420502,548.404665488634,21.17
06-09-2025 00:08:35,68.9066575830836,548.932751717356,21.18
06-09-2025 00:13:35,68.0018985577525,549.149954416418,21.17
06-09-2025 00:18:35,68.6203104150056,548.365574688311,21.18
06-09-2025 00:23:35,68.8304987704852,548.485812982231,21.18
06-09-2025 00:28:35,67.7238355633866,548.501112723193,21.17
06-09-2025 00:33:35,69.0444885394214,548.72227084546,21.17
06-09-2025 00:38:35,66.2176052306605,549.137296898937,21.15
06-09-2025 00:43:35,67.9374218856575,548.143226323157,21.14
06-09-2025 00:48:35,67.9456773655133,548.162440361083,21.14
06-09-2025 00:53:35,67.1379053540834,548.981080926419,21.12
06-09-2025 00:58:35,67.944727516943,549.395865950579,21.1
06-09-2025 01:03:35,67.5450653061105,548.704805108024,21.09
06-09-2025 01:08:35,68.3560181774853,549.829673350659,21.08
06-09-2025 01:13:35,70.3772904878195,548.936928788141,21.07
06-09-2025 01:18:35,67.5568186560052,547.842594506167,21.06
06-09-2025 01:23:35,67.762443012856,550.278339604682,21.05
06-09-2025 01:28:35,69.1826466995854,548.582925043831,21.05
06-09-2025 01:33:35,69.0811329186008,549.400836072913,21.03
06-09-2025 01:38:35,68.9840911279591,549.516742067509,21.02
06-09-2025 01:43:35,67.8744994489898,549.02371091345,21
06-09-2025 01:48:35,70.7971560495259,550.244385612856,20.98
06-09-2025 01:53:35,68.2810782968663,549.956994708192,20.97
06-09-2025 01:58:35,68.1841475898758,549.064956468565,20.96
06-09-2025 02:03:35,68.9897519047194,549.277561421119,20.94
06-09-2025 02:08:35,68.0867370642824,548.184266254024,20.93
06-09-2025 02:13:35,67.1795847510995,549.404346266668,20.91
06-09-2025 02:18:35,69.092983973193,549.717512365104,20.89
06-09-2025 02:23:35,69.4951560334821,549.224913829949,20.87
06-09-2025 02:28:35,69.0961074651681,550.64968333434,20.86
06-09-2025 02:33:35,68.4913565769456,551.264546618225,20.84
06-09-2025 02:38:35,69.3005780620638,550.171927549614,20.83
06-09-2025 02:43:35,68.9979158933261,550.786704249777,20.81
06-09-2025 02:48:35,69.2947561969104,550.290163060904,20.78
06-09-2025 02:53:35,67.1853851541786,549.600632705242,20.77
06-09-2025 02:58:35,68.7947856440371,550.215183414272,20.75
06-09-2025 03:03:35,68.7941825782577,550.628342933379,20.73
06-09-2025 03:08:35,68.7935803618286,550.236751700812,20.71
06-09-2025 03:13:35,67.6868195658177,550.850880615907,20.69
06-09-2025 03:18:35,67.6907063117203,549.35735264584,20.68
06-09-2025 03:23:35,69.3949426909475,549.163229068214,20.65
06-09-2025 03:28:35,69.7002470690577,550.183285677444,20.64
06-09-2025 03:33:35,68.6900872659711,550.089508957677,20.61
06-09-2025 03:38:35,68.3880711903605,550.200739446729,20.59
06-09-2025 03:43:35,67.789076281195,549.813608065347,20.58
06-09-2025 03:48:35,67.5834430944477,550.824856113921,20.55
06-09-2025 03:53:35,69.4956497510013,549.132093716131,20.54
06-09-2025 03:58:35,69.4904975023509,549.239450286984,20.51
06-09-2025 04:03:35,68.8918014661894,549.957072198189,20.5
06-09-2025 04:08:35,69.4890846468993,550.064183533176,20.47
06-09-2025 04:13:35,69.3880150486102,550.576704478048,20.45
06-09-2025 04:18:35,69.5880234826626,550.286267147048,20.43
06-09-2025 04:23:35,70.0934483103425,550.70228705746,20.42
06-09-2025 04:28:35,68.3871414901724,550.110913849904,20.4
06-09-2025 04:33:35,69.4900006877931,549.820648408855,20.38
06-09-2025 04:38:35,69.2843003729319,549.626809068693,20.35
06-09-2025 04:43:35,70.1860360760008,549.336727847826,20.33
06-09-2025 04:48:35,69.8844710316635,549.547987945644,20.31
06-09-2025 04:53:35,68.580658401884,550.26034603714,20.29
06-09-2025 04:58:35,69.7871774967007,550.074481849288,20.28
06-09-2025 05:03:35,70.1783104154904,551.379661435751,20.24
06-09-2025 05:08:35,69.2803081431842,550.492465581975,20.23
06-09-2025 05:13:35,68.4782876616972,551.003844551441,20.21
06-09-2025 05:18:35,68.277448488243,552.015819449889,20.19
06-09-2025 05:23:35,70.3843260913105,550.027304795887,20.18
06-09-2025 05:28:35,68.376572725192,550.033920461128,20.15
06-09-2025 05:33:35,69.2770044258589,550.545016713909,20.13
06-09-2025 05:38:35,70.2772346789784,551.25611894416,20.11
06-09-2025 05:43:35,69.5759068357847,550.565967307877,20.09
06-09-2025 05:48:35,69.4751452597882,550.976653717818,20.07
06-09-2025 05:53:35,69.9791095583032,550.590876165902,20.06
06-09-2025 05:58:35,69.1780818321382,549.801056902923,20.04
06-09-2025 06:03:35,69.7731078291583,550.507740612061,20.01
06-09-2025 06:08:35,69.0724303548202,549.918225543503,19.99
06-09-2025 06:13:35,70.0760209908195,550.532588619616,19.98
06-09-2025 06:18:35,68.3757874881525,551.342745701172,19.96
06-09-2025 06:23:35,69.1705158363694,550.349539614382,19.93
06-09-2025 06:28:35,70.0736773249053,550.263997897324,19.92
06-09-2025 06:33:35,68.4698697873673,550.770032370952,19.89
06-09-2025 06:38:35,70.2719256971422,550.184951814344,19.88
06-09-2025 06:43:35,68.5687107322771,549.29252455113,19.85
06-09-2025 06:48:35,69.1673547066208,551.400213307467,19.83
06-09-2025 06:53:35,69.7658063396453,550.711502743704,19.81
06-09-2025 06:58:35,68.5714303094462,550.725804630201,19.8
06-09-2025 07:03:35,69.2696566546061,551.933987061745,19.78
06-09-2025 07:08:35,69.5684318725276,550.347186121305,19.76
06-09-2025 07:13:35,70.6699209871888,551.159874912304,19.75
06-09-2025 07:18:35,69.9705732291948,550.172262627212,19.73
06-09-2025 07:23:35,69.3755957976542,550.58565320506,19.72
06-09-2025 07:28:35,68.8804799823905,550.998967583316,19.71
06-09-2025 07:33:35,69.1791505397032,550.410677994033,19.69
06-09-2025 07:38:35,69.5730694170782,551.115121037172,19.66
06-09-2025 07:43:35,68.4798665322422,550.83014030595,19.65
06-09-2025 07:48:35,69.5760775471082,551.837378526584,19.63
06-09-2025 07:53:35,68.8775837744502,550.651188242037,19.61
06-09-2025 07:58:35,68.2789855452387,551.458777289735,19.59
06-09-2025 08:03:35,70.4708977862213,550.472324394247,19.57
06-09-2025 08:08:35,70.6693423479054,551.777859805744,19.55
06-09-2025 08:13:35,69.3821228896895,550.002468324901,19.55
06-09-2025 08:18:35,70.2825029026902,550.813699075866,19.54
06-09-2025 08:23:35,70.4809297127032,551.919611872763,19.52
06-09-2025 08:28:35,69.0900625725742,551.037170857257,19.51
06-09-2025 08:33:35,69.985764553176,551.843995766462,19.49
06-09-2025 08:38:35,68.9936002067768,551.260502033253,19.48
06-09-2025 08:43:35,71.2875402827831,551.174962962593,19.47
06-09-2025 08:48:35,70.290997642133,551.483692669173,19.45
06-09-2025 08:53:35,69.5977764521088,550.999937932431,19.44
06-09-2025 08:58:35,69.4023765027434,550.914419703994,19.43
06-09-2025 09:03:35,69.007938988354,551.027973775752,19.42
06-09-2025 09:08:35,71.0021911497371,551.340552177658,19.41
06-09-2025 09:13:35,67.8211793481545,551.254998155882,19.4
06-09-2025 09:18:35,68.9196138124817,550.771407623091,19.39
06-09-2025 09:23:35,68.4258367409366,551.680915178031,19.38
06-09-2025 09:28:35,70.2205039651323,550.600383755763,19.37
06-09-2025 09:33:35,71.0200205632705,552.007170487569,19.36
06-09-2025 09:38:35,70.8246262036512,551.225201535996,19.35
06-09-2025 09:43:35,71.3255539084084,551.040169639091,19.34
06-09-2025 09:48:35,68.9463075667599,551.157496517068,19.34
06-09-2025 09:53:35,70.2430414889366,550.873001854153,19.33
06-09-2025 09:58:35,68.8543021980713,551.682539738575,19.32
06-09-2025 10:03:35,69.6579685522446,552.893809529532,19.32
06-09-2025 10:08:35,70.2583106506268,552.012513117387,19.31
06-09-2025 10:13:35,69.6696615866032,551.234736925314,19.31
06-09-2025 10:18:35,69.1761314810338,551.447444523884,19.3
06-09-2025 10:23:35,71.1774062739186,551.469179398361,19.31
06-09-2025 10:28:35,68.1977956168845,551.184654534165,19.3
06-09-2025 10:33:35,69.8918862370554,551.496747377466,19.29
06-09-2025 10:38:35,70.5959167080161,551.514478371987,19.29
06-09-2025 10:43:35,70.8072459537249,550.840094424949,19.3
06-09-2025 10:48:35,71.0141368932617,551.354991649115,19.3
06-09-2025 10:53:35,68.4367541742904,549.781672568028,19.3
06-09-2025 10:58:35,70.9307213791941,550.594859475449,19.3
06-09-2025 11:03:35,69.5509431470616,551.312537776277,19.31
06-09-2025 11:08:35,69.0660282540317,550.439048114918,19.32
06-09-2025 11:13:35,69.4761921819166,550.957873876338,19.33
06-09-2025 11:18:35,68.9911868491175,550.283125110196,19.34
06-09-2025 11:23:35,68.9991871788735,550.798094000293,19.34
06-09-2025 11:28:35,69.309924169092,550.222727044902,19.35
06-09-2025 11:33:35,69.0280962087571,551.242961146368,19.37
06-09-2025 11:38:35,69.3389031460103,550.866463408349,19.38
06-09-2025 11:43:35,68.3603764930432,550.195203427733,19.4
06-09-2025 11:48:35,67.8792014692651,551.812994334995,19.42
06-09-2025 11:53:35,70.2848205249861,550.245683286191,19.44
06-09-2025 11:58:35,69.6998651283873,550.864408989402,19.45
06-09-2025 12:03:35,70.6171696593194,550.096958534098,19.48
06-09-2025 12:08:35,69.1400484942834,550.719719844462,19.5
06-09-2025 12:13:35,69.4598428020212,550.649240373646,19.53
06-09-2025 12:18:35,69.983461359738,551.678772566746,19.57
06-09-2025 12:23:35,69.0207301657551,550.025066350155,19.63
06-09-2025 12:28:35,70.2427539976624,549.658894202466,19.67
06-09-2025 12:33:35,70.1729951550038,549.994651721561,19.72
06-09-2025 12:38:35,69.3133224716541,548.840894508074,19.79
06-09-2025 12:43:35,68.5440061412014,548.577364781456,19.84
06-09-2025 12:48:35,69.8809645787919,549.32025039464,19.91
06-09-2025 12:53:35,68.7198256953672,550.463878406683,19.98
06-09-2025 12:58:35,69.2537129047651,549.504131513559,20.04
06-09-2025 13:03:35,69.3877847615589,549.44415192583,20.1
06-09-2025 13:08:35,70.3274372584757,548.787039246799,20.17
06-09-2025 13:13:35,68.650218941001,549.219986478857,20.21
06-09-2025 13:18:35,68.0826251653949,550.161883354921,20.27
06-09-2025 13:23:35,69.4195439328531,549.700927109856,20.33
06-09-2025 13:28:35,68.9477486570311,549.235725818525,20.38
06-09-2025 13:33:35,69.274001397693,548.666051459108,20.42
06-09-2025 13:38:35,68.801786948713,548.60156301587,20.47
06-09-2025 13:43:35,67.8228428266567,548.633698311721,20.51
06-09-2025 13:53:35,69.2757048788593,549.387848854443,20.6
06-09-2025 13:58:35,68.5011923194473,549.92663897225,20.65
06-09-2025 14:03:35,70.6380536665372,549.657491767713,20.69
06-09-2025 14:08:35,69.9597027523356,550.192886823958,20.73
06-09-2025 14:13:35,68.6771523394395,549.017976258627,20.77
06-09-2025 14:18:35,68.8072904593024,549.557258164394,20.82
06-09-2025 14:23:35,70.5443785522377,549.992414709552,20.86
06-09-2025 14:28:35,68.752667671715,549.316008158617,20.89
06-09-2025 14:33:35,68.5720447735207,549.344486653813,20.92
06-09-2025 14:38:35,68.0890101467821,550.279911263459,20.95
06-09-2025 14:43:35,68.5129083738842,548.897436700205,20.98
06-09-2025 14:50:00,68.9413392933897,549.836981764283,21.02
06-09-2025 15:00:00,68.5674419386442,548.460973452831,21.07
06-09-2025 15:10:00,66.1667734205501,548.892758532199,21.1
06-09-2025 15:20:00,67.8984093285454,548.412752617789,21.12
06-09-2025 15:30:00,69.7271356926037,548.837197056837,21.13
06-09-2025 15:40:00,69.0329436003238,547.949624500452,21.14
06-09-2025 15:50:00,69.7561486005199,548.579651531761,21.16
06-09-2025 16:00:00,68.2541564466096,549.912779160626,21.17
06-09-2025 16:10:00,68.1739159503828,549.335377963121,21.2
06-09-2025 16:20:00,68.1860888277586,548.649246317243,21.21
06-09-2025 16:30:00,68.4045378992363,548.774662968603,21.23
06-09-2025 16:40:00,68.4167253141792,547.381210195392,21.24
06-09-2025 16:50:00,70.0496386124863,548.819770379097,21.26
06-09-2025 17:00:00,68.6031019276778,548.338950588215,21.28
06-09-2025 17:10:00,67.1565632338134,548.670146842011,21.31
06-09-2025 17:20:00,68.5966293596682,548.60081493566,21.35
06-09-2025 17:30:00,68.621746201414,548.531414140871,21.39
06-09-2025 17:40:00,67.744840604653,548.671697638948,21.45
06-09-2025 17:50:00,68.8917376430878,547.293585491324,21.51
06-09-2025 18:00:00,68.5161966782013,548.239931910097,21.56
06-09-2025 18:10:00,67.6422258333558,547.877203854745,21.63
06-09-2025 18:20:00,68.4908895152458,549.947411992416,21.7
06-09-2025 18:30:00,67.708842544422,548.157554764999,21.75
06-09-2025 18:40:00,69.5644709993092,548.192737681538,21.8
06-09-2025 18:50:00,68.1773960565943,548.942266505972,21.86
06-09-2025 19:00:00,67.3941689877907,549.384010639216,21.91
06-09-2025 19:10:00,68.5365115521843,548.603097756024,21.95
06-09-2025 19:20:00,70.1922087471575,549.14661805429,22
06-09-2025 19:30:00,68.383452636689,548.361314991474,22.03
06-09-2025 19:40:00,68.1034393107084,549.206408441068,22.07
06-09-2025 19:50:00,68.3275953049176,549.23441713655,22.1
06-09-2025 20:00:00,68.55185585245,548.753673950148,22.13
06-09-2025 20:10:00,68.7762210320749,548.679769222849,22.16
06-09-2025 20:20:00,68.690961869566,548.60210276014,22.18
06-09-2025 20:30:00,67.9905513172342,548.622495097765,22.19
06-09-2025 20:40:00,68.3080972779265,548.744682966119,22.2
06-09-2025 20:50:00,67.3020860041691,548.968691460512,22.21
06-09-2025 21:00:00,68.9389853203539,548.170814751024,22.21
06-09-2025 21:10:00,68.9468289437495,549.205610867572,22.21
06-09-2025 21:20:00,66.5152397804851,546.985851146567,22.22
06-09-2025 21:30:00,68.9625101633729,548.627953160109,22.21
06-09-2025 21:40:00,67.1376623654009,549.357264006463,22.21
06-09-2025 21:50:00,69.6864859506531,549.370095389375,22.2
06-09-2025 22:00:00,68.8711788224407,548.259461740474,22.18
06-09-2025 22:10:00,69.0825919198974,548.479605424099,22.18
06-09-2025 22:20:00,68.9842830318701,549.408517831175,22.17
06-09-2025 22:30:00,69.3904800995775,549.010485842235,22.15
06-09-2025 22:40:00,69.4956840010739,548.921534183234,22.14
06-09-2025 22:50:00,69.7999569010139,549.235848902874,22.12
06-09-2025 23:00:00,67.8704551379754,548.943417763001,22.11
06-09-2025 23:10:00,69.7006538772165,549.359351403404,22.09
06-09-2025 23:20:00,70.4115647856646,550.385334560302,22.07
06-09-2025 23:30:00,68.9869171469176,550.902562902177,22.05
06-09-2025 23:40:00,68.787044549022,549.695063055048,22.04
06-09-2025 23:50:00,67.0538652462638,550.310107904208,22.01
06-10-2025 00:00:00,69.0772796707563,549.498370592901,21.97
06-10-2025 00:10:00,68.365214064509,550.523288360558,21.95
06-10-2025 00:20:00,69.0711944221956,548.903038180201,21.92
06-10-2025 00:30:00,69.4634463327621,550.220908576885,21.87
06-10-2025 00:40:00,68.4387937173009,549.308622452718,21.83
06-10-2025 00:50:00,69.4572182497116,549.828720746139,21.82
06-10-2025 01:00:00,68.9489190363642,550.040504103472,21.8
06-10-2025 01:10:00,70.0508754542162,550.037984826412,21.75
06-10-2025 01:20:00,68.3172515987074,549.937835851542,21.71
06-10-2025 01:30:00,68.2066229644946,551.358242042339,21.67
06-10-2025 01:40:00,69.215066403707,551.464267262655,21.64
06-10-2025 01:50:00,70.3154875952617,551.258567481161,21.59
06-10-2025 02:00:00,70.1030568076404,550.753076074034,21.55
06-10-2025 02:10:00,68.1655543636382,550.547818140172,21.5
06-10-2025 02:20:00,69.3706805115897,550.346504667424,21.46
06-10-2025 02:30:00,68.8467287671076,551.149234095858,21.4
06-10-2025 02:40:00,68.0284626893219,550.745667919402,21.36
06-10-2025 02:50:00,69.5268094438182,550.031647998506,21.3
06-10-2025 03:00:00,69.4118548318334,550.130162931112,21.25
06-10-2025 03:10:00,69.3013185877006,550.434322961174,21.21
06-10-2025 03:20:00,71.2009743572303,550.831637652161,21.15
06-10-2025 03:30:00,69.1684741632075,551.938664930283,21.1
06-10-2025 03:40:00,68.7555747669261,550.930646222427,21.06
06-10-2025 03:50:00,70.0483121297073,551.629680169275,21
06-10-2025 04:00:00,71.6465855232781,550.618810214234,20.95
06-10-2025 04:10:00,70.5238104037358,551.220468356608,20.9
06-10-2025 04:20:00,68.3950450400699,550.210587125102,20.85
06-10-2025 04:30:00,70.9023349461311,551.620964416315,20.81
06-10-2025 04:40:00,69.7768126967277,550.708509366095,20.75
06-10-2025 04:50:00,71.371974868468,552.113701384506,20.7
06-10-2025 05:00:00,70.6581232037633,552.013710094403,20.66
06-10-2025 05:10:00,70.4472520181005,550.707747255201,20.62
06-10-2025 05:20:00,71.0314212194113,551.203503128321,20.56
06-10-2025 05:30:00,70.5193429725519,551.505602062875,20.52
06-10-2025 05:40:00,70.0032570095582,551.602903132515,20.47
06-10-2025 05:50:00,70.6916743161896,551.098085241868,20.42
06-10-2025 06:00:00,70.6818346866679,551.500179529059,20.38
06-10-2025 06:10:00,69.4644106017276,551.697639406382,20.33
06-10-2025 06:20:00,70.1522784133305,551.49403402558,20.28
06-10-2025 06:30:00,69.2451578681279,551.498564561898,20.25
06-10-2025 06:40:00,69.3359818460098,551.599459820989,20.21
06-10-2025 06:50:00,70.1277117443758,550.69891379259,20.17
06-10-2025 07:00:00,71.4150186688566,551.296746478298,20.12
06-10-2025 07:10:00,70.3086283946069,551.80166811165,20.09
06-10-2025 07:20:00,69.3985998910807,550.401720500996,20.05
06-10-2025 07:30:00,70.2936499084796,551.706694246355,20.02
06-10-2025 07:40:00,70.7839196339238,551.507368410605,19.98
06-10-2025 07:50:00,69.1748922929734,550.808410837081,19.94
06-10-2025 08:00:00,71.0684831194533,551.412624513906,19.91
06-10-2025 08:10:00,69.0691697365567,551.62071385332,19.89
06-10-2025 08:20:00,69.6634928309759,550.626282097182,19.86
06-10-2025 08:30:00,69.8623762017072,550.534787521549,19.84
06-10-2025 08:40:00,69.3622112862748,551.641574365085,19.82
06-10-2025 08:50:00,71.8484625100148,551.442563863718,19.78
06-10-2025 09:00:00,70.7493813927195,551.550590224905,19.76
06-10-2025 09:10:00,70.9479328387696,550.461086860077,19.74
06-10-2025 09:20:00,71.4501633208743,551.071822148503,19.73
06-10-2025 09:30:00,69.3581738710315,551.38312540154,19.72
06-10-2025 09:40:00,71.2527797880323,551.291559644664,19.7
06-10-2025 09:50:00,69.6643349678429,552.00555142134,19.7
06-10-2025 10:00:00,70.4657553447944,550.720666942476,19.69
06-10-2025 10:10:00,70.7770541427628,550.440742728945,19.7
06-10-2025 10:20:00,69.8869126883653,551.952764678797,19.7
06-10-2025 10:30:00,69.8988845220829,551.273822143487,19.71
06-10-2025 10:40:00,68.7135604442806,550.195656990693,19.72
06-10-2025 10:50:00,69.1287902872722,551.31625651004,19.74
06-10-2025 11:00:00,71.0412498402651,549.84222540906,19.76
06-10-2025 11:10:00,69.1652858501172,550.667308825459,19.79
06-10-2025 11:20:00,70.4924431777785,551.500271711481,19.84
06-10-2025 11:30:00,69.8224362013238,549.636275745203,19.89
06-10-2025 11:40:00,69.9471966209039,550.665663521432,19.93
06-10-2025 11:50:00,68.8765318979011,550.099718476655,19.98
06-10-2025 12:00:00,69.4138934694019,549.740559170216,20.05
06-10-2025 12:10:00,66.9530033727841,551.286541190606,20.13
06-10-2025 12:20:00,69.2053845427163,550.337567458649,20.23
06-10-2025 12:30:00,68.9547208287908,549.487287372351,20.33
06-10-2025 12:40:00,71.1208042983728,550.549572282624,20.45
06-10-2025 12:50:00,70.4737891867905,549.801939261841,20.56
06-10-2025 13:00:00,68.1205308138815,549.559255785963,20.68
06-10-2025 13:10:00,69.7800446298165,549.510146772158,20.78
06-10-2025 13:20:00,69.9315130225678,549.763065995556,20.88
06-10-2025 13:30:00,69.3861945620981,549.721216789616,21
06-10-2025 13:40:00,69.2348964712766,549.369309169061,21.1
06-10-2025 13:50:00,70.5936198881295,549.316128363527,21.19
06-10-2025 14:00:00,69.8367317956799,549.973790872686,21.29
06-10-2025 14:10:00,69.676768058178,549.512780780074,21.37
06-10-2025 14:20:00,68.6143892044855,549.665495203593,21.47
06-10-2025 14:30:00,69.056696012691,549.40246307514,21.54
06-10-2025 14:40:00,69.0942328760499,550.152263476964,21.61
06-10-2025 14:50:00,69.4359251608878,549.38227663176,21.68
06-10-2025 15:00:00,68.150877680356,549.824922391963,21.74
06-10-2025 15:10:00,69.0927070400343,550.264294655377,21.79
06-10-2025 15:20:00,68.6057179831672,547.854831526085,21.82
06-10-2025 15:30:00,69.4381862940601,548.692662438017,21.85
06-10-2025 15:40:00,68.3417880244449,547.703155626687,21.88
06-10-2025 15:50:00,68.874155383517,549.154302353058,21.92
06-10-2025 16:00:00,69.305257815499,548.980664190395,21.96
06-10-2025 16:10:00,67.602186102606,548.705249056984,22
06-10-2025 16:20:00,69.5539265543665,548.629433025901,22.03
06-10-2025 16:30:00,68.9643591674123,548.2484880447,22.06
06-10-2025 16:40:00,68.2769968181238,549.600123889814,22.1
06-10-2025 16:50:00,68.9652885513871,548.612206593196,22.14
06-10-2025 17:00:00,69.6535782755945,549.052267313525,22.19
06-10-2025 17:10:00,69.3730168575989,547.757895182217,22.23
06-10-2025 17:20:00,68.3876605245644,549.11833654579,22.29
06-10-2025 17:30:00,69.0279673895911,548.539826052021,22.34
06-10-2025 17:40:00,69.6687928828858,548.164747844941,22.39
06-10-2025 17:50:00,67.9639391214045,549.21745671995,22.44
06-10-2025 18:00:00,70.1355972381246,549.454602476592,22.49
06-10-2025 18:10:00,68.0211439332317,549.079362582013,22.54
06-10-2025 18:20:00,68.4583082983446,549.827270667688,22.59
06-10-2025 18:30:00,67.5633556061559,549.039537218771,22.63
06-10-2025 18:40:00,67.8900336010126,548.656521623624,22.66
06-10-2025 18:50:00,68.8216327651204,548.572871646138,22.67
06-10-2025 19:00:00,68.2371245714536,548.298838785037,22.72
06-10-2025 19:10:00,68.7687339833467,548.119834533062,22.75
06-10-2025 19:20:00,70.212474469873,548.138303616991,22.76
06-10-2025 19:30:00,68.6986705804436,550.31214099704,22.79
06-10-2025 19:40:00,69.4310169046554,549.208924879256,22.81
06-10-2025 19:50:00,71.2848307067571,548.613471810306,22.82
06-10-2025 20:00:00,69.049753754319,549.556580755242,22.84
06-10-2025 20:10:00,69.9828014567074,548.449207084288,22.85
06-10-2025 20:20:00,68.1479921480334,549.078222231412,22.85
06-10-2025 20:30:00,68.0574110609941,548.789589124621,22.86
06-10-2025 20:40:00,69.8051347249055,549.213904769979,22.86
06-10-2025 20:50:00,69.0961552257871,549.638207847172,22.86
06-10-2025 21:00:00,69.308436650353,550.164860904283,22.86
06-10-2025 21:10:00,69.0089033254518,547.722987498844,22.86
06-10-2025 21:20:00,69.4259058280703,548.966153256202,22.86
06-10-2025 21:30:00,68.7126569116485,548.363271704621,22.85
06-10-2025 21:40:00,69.7394009190318,549.500355484588,22.84
06-10-2025 21:50:00,69.7469472021537,548.594022207336,22.84
06-10-2025 22:00:00,70.777947868585,548.404095836576,22.84
06-10-2025 22:10:00,70.9857354874333,547.596642964654,22.83
06-10-2025 22:20:00,69.1469133054654,548.733559302358,22.82
06-10-2025 22:30:00,69.0478389013314,548.744754599279,22.81
06-10-2025 22:40:00,68.5395327400352,548.142066881475,22.8
06-10-2025 22:50:00,69.4635572261055,549.278626195927,22.79
06-10-2025 23:00:00,70.894470040164,548.058733489898,22.77
06-10-2025 23:10:00,69.8747873081396,549.706389481666,22.76
06-10-2025 23:20:00,69.4688898331305,550.024258319964,22.75
06-10-2025 23:30:00,67.5249892188753,550.440663466411,22.73
06-10-2025 23:40:00,69.4623836950782,549.830954940735,22.7
06-10-2025 23:50:00,68.0303402721422,549.225100287711,22.68
06-11-2025 00:00:00,70.3799370192706,549.845762279277,22.66
06-11-2025 00:10:00,70.0634507938733,550.561059980915,22.62
06-11-2025 00:20:00,72.3048715218103,550.871064679227,22.59
06-11-2025 00:30:00,70.3499470569444,549.744193316219,22.54
06-11-2025 00:40:00,69.2173200101459,550.152631544397,22.5
06-11-2025 00:50:00,69.8198742336418,551.172950344079,22.46
06-11-2025 01:00:00,70.9364098004576,550.054375702083,22.43
06-11-2025 01:10:00,69.090856484073,550.258398656517,22.39
06-11-2025 01:20:00,70.1982293567232,550.152871361013,22.34
06-11-2025 01:30:00,70.2902239301842,550.866162113317,22.3
06-11-2025 01:40:00,70.6877340362666,549.439969054351,22.26
06-11-2025 01:50:00,69.8587780131275,551.574835196261,22.21
06-11-2025 02:00:00,70.3492149288808,551.363441577538,22.15
06-11-2025 02:10:00,70.2332227163055,550.952492361531,22.1
06-11-2025 02:20:00,70.1173298244352,550.338515291718,22.05
06-11-2025 02:30:00,68.8834908782576,550.334883968002,22
06-11-2025 02:40:00,68.5650569786382,550.432853690679,21.95
06-11-2025 02:50:00,69.160902770263,550.530742364907,21.9
06-11-2025 03:00:00,69.9636039872865,550.226080776043,21.86
06-11-2025 03:10:00,70.554090934199,551.741017019396,21.8
06-11-2025 03:20:00,70.8484819280102,551.537645373534,21.76
06-11-2025 03:30:00,70.4241509261899,551.52983415567,21.7
06-11-2025 03:40:00,69.2993412961994,549.907684627934,21.66
06-11-2025 03:50:00,69.3826669959161,550.913760915604,21.6
06-11-2025 04:00:00,71.4955035787479,550.606100612675,21.55
06-11-2025 04:10:00,70.0680318827553,550.605972325327,21.51
06-11-2025 04:20:00,68.9450972930982,550.504640364681,21.47
06-11-2025 04:30:00,70.6469009139471,551.711165812596,21.41
06-11-2025 04:40:00,70.3336442655095,552.014023441342,21.37
06-11-2025 04:50:00,70.2184607284649,550.998947777979,21.32
06-11-2025 05:00:00,70.8106237014719,550.590911830099,21.27
06-11-2025 05:10:00,70.9983307999508,551.395139431648,21.22
06-11-2025 05:20:00,69.5748822310129,550.688007440208,21.18
06-11-2025 05:30:00,71.2767670100903,550.684240468064,21.13
06-11-2025 05:40:00,71.2623235615751,551.487509337692,21.08
06-11-2025 05:50:00,71.5548091455149,550.478606160975,21.04
06-11-2025 06:00:00,69.5241633913064,551.382172710116,20.99
06-11-2025 06:10:00,69.4139163035335,550.071718962904,20.95
06-11-2025 06:20:00,71.9185564692678,551.075518175682,20.9
06-11-2025 06:30:00,71.706919099092,550.57170791138,20.86
06-11-2025 06:40:00,69.8847637288616,550.6722185737,20.82
06-11-2025 06:50:00,70.9821649900375,551.175194324323,20.78
06-11-2025 07:00:00,69.7608002166471,551.774782126059,20.73
06-11-2025 07:10:00,70.4552066622004,550.668067762133,20.69
06-11-2025 07:20:00,69.6412555099013,551.170505282928,20.65
06-11-2025 07:30:00,70.4400378115542,550.470222472739,20.62
06-11-2025 07:40:00,69.4298217569417,550.875537114606,20.59
06-11-2025 07:50:00,70.5210502851173,551.273434955224,20.54
06-11-2025 08:00:00,70.1182093725566,550.878548562081,20.52
06-11-2025 08:10:00,70.7109447812908,551.079038568786,20.48
06-11-2025 08:20:00,69.9025449527685,550.379715742719,20.45
06-11-2025 08:30:00,71.1013413326504,550.182427370644,20.42
06-11-2025 08:40:00,69.8962110518469,550.490340602208,20.4
06-11-2025 08:50:00,70.6933284556672,550.39339199784,20.37
06-11-2025 09:00:00,69.6893197450172,551.20254776846,20.35
06-11-2025 09:10:00,70.8915108478859,550.607695292893,20.33
06-11-2025 09:20:00,70.6983844639426,550.421071523216,20.33
06-11-2025 09:30:00,68.5960615208234,550.03041276889,20.32
06-11-2025 09:40:00,71.5022628018374,550.438293599895,20.3
06-11-2025 09:50:00,70.2107590684672,551.859197016847,20.31
06-11-2025 10:00:00,70.3226678604088,550.874101741848,20.32
06-11-2025 10:10:00,70.534858577219,549.788565215678,20.33
06-11-2025 10:20:00,71.148180969183,550.206965216299,20.34
06-11-2025 10:30:00,69.0581072909456,550.428366048163,20.36
06-11-2025 10:40:00,69.2744273343644,550.750129127625,20.38
06-11-2025 10:50:00,70.2976602499506,550.473553559684,20.41
06-11-2025 11:00:00,70.8239029114518,549.698497114366,20.45
06-11-2025 11:10:00,70.8484948673048,550.027283801708,20.49
06-11-2025 11:20:00,69.6679414036711,550.356262167937,20.53
06-11-2025 11:30:00,71.3038962018286,550.488027001044,20.58
06-11-2025 11:40:00,69.4232846849611,549.614764912997,20.63
06-11-2025 11:50:00,69.4516231150152,550.651254472798,20.68
06-11-2025 12:00:00,67.7699023334801,550.179672713147,20.73
06-11-2025 12:10:00,70.4268719163574,550.623979522178,20.81
06-11-2025 12:20:00,70.2712953432882,550.568745622736,20.9
06-11-2025 12:30:00,70.4307393817073,549.616509731451,21.02
06-11-2025 12:40:00,68.5719082395398,548.258659043225,21.14
06-11-2025 12:50:00,70.8472174979495,551.339712715167,21.25
06-11-2025 13:00:00,69.0696626400417,549.158286910052,21.33
06-11-2025 13:10:00,69.2284262927653,550.022485777518,21.45
06-11-2025 13:20:00,67.7506331986648,551.177823677899,21.53
06-11-2025 13:30:00,68.8079716772841,549.906537449771,21.62
06-11-2025 13:40:00,69.5626568522459,551.168328108001,21.71
06-11-2025 13:50:00,69.202227464394,550.706887874415,21.8
06-11-2025 14:00:00,70.6648058717265,551.053538758966,21.88
06-11-2025 14:10:00,69.4875058050882,551.197399795626,21.96
06-11-2025 14:20:00,69.3253868669654,549.511290295109,22.04
06-11-2025 14:30:00,69.1630432961338,549.654266594253,22.12
06-11-2025 14:40:00,68.9962760871396,548.674122454272,22.19
06-11-2025 14:50:00,70.0515989181685,550.341122491999,22.26
06-11-2025 15:00:00,69.4774649482101,548.952523594952,22.33
06-11-2025 15:10:00,68.4864354180709,550.002683547285,22.38
06-11-2025 15:20:00,68.6082403475831,549.006829515299,22.41
06-11-2025 15:30:00,67.7100134919025,549.234567968741,22.44
06-11-2025 15:40:00,69.7703183109938,549.054264404574,22.47
06-11-2025 15:50:00,68.9739824863455,549.384147739402,22.5
06-11-2025 16:00:00,67.4667366953941,548.390452141163,22.54
06-11-2025 16:10:00,68.813836337298,549.741501304298,22.57
06-11-2025 16:20:00,68.5314739573198,549.462369531975,22.61
06-11-2025 16:30:00,67.7379920433965,548.672105800599,22.65
06-11-2025 16:40:00,65.8156247347847,548.491232165514,22.68
06-11-2025 16:50:00,67.2701497668053,548.620348527094,22.72
06-11-2025 17:00:00,68.9259808080766,548.132509262766,22.75
06-11-2025 17:10:00,68.9459072309628,548.2581788712,22.78
06-11-2025 17:20:00,67.332785987416,548.182605466743,22.82
06-11-2025 17:30:00,68.5889207340824,549.338761593688,22.87
06-11-2025 17:40:00,69.5388456707939,548.959650077159,22.92
06-11-2025 17:50:00,69.5674471506294,548.375290261531,22.97
06-11-2025 18:00:00,69.3910681963204,549.225395826938,23.02
06-11-2025 18:10:00,69.5264164620526,548.849107517316,23.08
06-11-2025 18:20:00,69.9610939335736,548.157910033391,23.12
06-11-2025 18:30:00,69.985585120216,548.800252388536,23.16
06-11-2025 18:40:00,69.6978562097065,547.899903165539,23.19
06-11-2025 18:50:00,68.5886357039988,548.333769481779,23.22
06-11-2025 19:00:00,68.2018652499812,548.360429306037,23.26
06-11-2025 19:10:00,71.2007148990501,548.383712802071,23.29
06-11-2025 19:20:00,70.2921089207534,549.431059740935,23.31
06-11-2025 19:30:00,67.5334897475107,548.834552837465,23.33
06-11-2025 19:40:00,68.5725726325592,549.570483214281,23.34
06-11-2025 19:50:00,70.0229389369517,548.7648424166,23.35
06-11-2025 20:00:00,69.5163251797671,550.319626834221,23.35
06-11-2025 20:10:00,68.397206930225,548.794443302351,23.36
06-11-2025 20:20:00,69.0212045462351,548.807524076029,23.36
06-11-2025 20:30:00,68.0992504210521,548.714412080467,23.35
06-11-2025 20:40:00,70.7831292139501,548.525286641174,23.36
06-11-2025 20:50:00,69.0387976014909,549.254403622872,23.35
06-11-2025 21:00:00,69.4571788945393,549.164655556718,23.35
06-11-2025 21:10:00,70.1838938800546,548.869337788051,23.35
06-11-2025 21:20:00,69.7757635775615,550.009412558164,23.34
06-11-2025 21:30:00,69.5732232031791,549.505103497739,23.33
06-11-2025 21:40:00,70.2998128356452,550.5456989323,23.33
06-11-2025 21:50:00,69.5834785918988,550.041365315045,23.32
06-11-2025 22:00:00,71.0248964060295,549.434360433766,23.31
06-11-2025 22:10:00,71.1261206929453,549.95405793897,23.29
06-11-2025 22:20:00,70.1060972001605,551.096989783832,23.29
06-11-2025 22:30:00,71.8552676044154,549.154671008225,23.28
06-11-2025 22:40:00,71.5455208529983,549.982363306669,23.26
06-11-2025 22:50:00,70.8294946907203,549.683694274527,23.25
06-11-2025 23:00:00,71.2387297198224,549.38163540415,23.23
06-11-2025 23:10:00,69.7999610473708,551.74881168928,23.21
06-11-2025 23:20:00,71.1330129993563,551.857063590705,23.19
06-11-2025 23:30:00,70.8192668322501,549.704063161119,23.16
06-11-2025 23:40:00,71.0186349313931,549.911727447859,23.13
06-11-2025 23:50:00,71.931427225962,551.243933444799,23.09
06-12-2025 00:00:00,69.972961215469,550.217213973264,23.05
06-12-2025 00:10:00,71.2954592110032,550.421044270656,23.01
06-12-2025 00:20:00,69.543415807067,550.214913049932,22.97
06-12-2025 00:30:00,71.2748739693339,552.467036565819,22.93
06-12-2025 00:40:00,70.8507043898766,551.232916548741,22.88
06-12-2025 00:50:00,71.6593389774623,549.389196875061,22.84
06-12-2025 01:00:00,71.3376365660732,550.919450796467,22.79
06-12-2025 01:10:00,72.2477854943054,550.815780342872,22.75
06-12-2025 01:20:00,72.0283139426356,550.708665510104,22.7
06-12-2025 01:30:00,68.8414917208289,551.10902446991,22.64
06-12-2025 01:40:00,69.5428441436962,551.614691244168,22.59
06-12-2025 01:50:00,70.0351815490708,550.585058756135,22.53
06-12-2025 02:00:00,71.1435845567179,551.294564469229,22.48
06-12-2025 02:10:00,70.1005619734044,551.894297921003,22.41
06-12-2025 02:20:00,71.4073753185616,551.477650435276,22.35
06-12-2025 02:30:00,70.9808963876257,551.774593695399,22.29
06-12-2025 02:40:00,72.3922653940763,551.667478910639,22.24
06-12-2025 02:50:00,71.7577333339732,550.739083307434,22.17
06-12-2025 03:00:00,71.4378113282395,551.141199879146,22.12
06-12-2025 03:10:00,71.0121421117536,551.844508772662,22.06
06-12-2025 03:20:00,72.0142575588633,551.229317483037,22.01
06-12-2025 03:30:00,70.6743089302033,550.001569888204,21.95
06-12-2025 03:40:00,70.9604647233643,551.61839732347,21.89
06-12-2025 03:50:00,72.1598348236416,551.812650046785,21.83
06-12-2025 04:00:00,73.0581531732023,551.908825952845,21.78
06-12-2025 04:10:00,71.0103806252021,551.494314153354,21.72
06-12-2025 04:20:00,71.5999261521172,551.282924527944,21.66
06-12-2025 04:30:00,72.1932884161196,551.885760169459,21.61
06-12-2025 04:40:00,71.7690664846889,551.066766776222,21.55
06-12-2025 04:50:00,71.8557081115016,551.163018590156,21.5
06-12-2025 05:00:00,71.4363628152817,551.663925417332,21.45
06-12-2025 05:10:00,70.5116500898085,552.063278258367,21.4
06-12-2025 05:20:00,69.6846235879286,550.942316892951,21.34
06-12-2025 05:30:00,71.1867104398615,550.533185998682,21.29
06-12-2025 05:40:00,72.2835335069127,552.548645217335,21.24
06-12-2025 05:50:00,71.5620131305771,551.129491886437,21.19
06-12-2025 06:00:00,71.0386669525947,550.818261559391,21.13
06-12-2025 06:10:00,71.432282812843,551.11949219279,21.09
06-12-2025 06:20:00,69.7076986147185,551.823940521386,21.05
06-12-2025 06:30:00,69.8956781191388,550.608891737383,21
06-12-2025 06:40:00,70.9947235536535,551.917667054357,20.96
06-12-2025 06:50:00,70.3761309680656,552.718259127822,20.91
06-12-2025 07:00:00,70.6685657622772,551.205585781153,20.87
06-12-2025 07:10:00,70.0547441829391,551.002657259882,20.83
06-12-2025 07:20:00,71.4541564729232,551.303064092645,20.79
06-12-2025 07:30:00,71.9515117104916,550.902439724894,20.76
06-12-2025 07:40:00,71.0403297553857,550.703189084082,20.73
06-12-2025 07:50:00,70.3265342830223,550.299513860945,20.69
06-12-2025 08:00:00,70.5221590272253,551.105865605549,20.66
06-12-2025 08:10:00,71.6222891011216,551.509774257167,20.63
06-12-2025 08:20:00,71.4155601347517,551.210073855511,20.6
06-12-2025 08:30:00,72.8251085123301,550.615920076567,20.59
06-12-2025 08:40:00,72.0154319886904,550.617880887799,20.56
06-12-2025 08:50:00,70.8086571933315,552.631982270456,20.54
06-12-2025 09:00:00,71.8072401345489,552.332198060143,20.51
06-12-2025 09:10:00,71.1029741173376,551.333279454146,20.49
06-12-2025 09:20:00,72.0007108337028,551.636153528627,20.46
06-12-2025 09:30:00,71.7024169449172,550.540760872219,20.45
06-12-2025 09:40:00,71.3038141706306,550.950880211628,20.44
06-12-2025 09:50:00,69.60074825947,551.86266360662,20.43
06-12-2025 10:00:00,71.3095204529024,551.469867519438,20.42
06-12-2025 10:10:00,71.2120396463987,551.378120328346,20.41
06-12-2025 10:20:00,73.4264492507211,550.286493723989,20.41
06-12-2025 10:30:00,71.8239449746228,551.298389853905,20.4
06-12-2025 10:40:00,71.4297518748985,550.307151311712,20.4
06-12-2025 10:50:00,70.8349090753727,550.620110191202,20.4
06-12-2025 11:00:00,71.8495428655376,551.337787917642,20.41
06-12-2025 11:10:00,71.5556432149857,551.048754219533,20.41
06-12-2025 11:20:00,71.0653103926859,551.465476446358,20.42
06-12-2025 11:30:00,71.3861984861161,550.985928640394,20.45
06-12-2025 11:40:00,68.7959599782236,551.108462561753,20.48
06-12-2025 11:50:00,70.4218140150566,550.42773152617,20.51
06-12-2025 12:00:00,71.0398435347981,551.249789389192,20.53
06-12-2025 12:10:00,72.1689466117707,549.868917893323,20.57
06-12-2025 12:20:00,71.0878921223119,552.104939606605,20.61
06-12-2025 12:30:00,71.1543720588542,550.85788990313,20.75
06-12-2025 12:40:00,72.0928703661787,550.386847858378,20.81
06-12-2025 12:50:00,69.9269599585087,552.547853168414,20.91
06-12-2025 13:00:00,69.6813952616282,551.593792975656,21.03
06-12-2025 13:10:00,69.6289382654161,550.631058225561,21.13
06-12-2025 13:20:00,70.9946664587744,550.377107568974,21.24
06-12-2025 13:30:00,69.3256720890486,551.83790304361,21.34
06-12-2025 13:40:00,69.7786293441849,550.7716585712,21.44
06-12-2025 13:50:00,71.6413106841268,550.40569785311,21.52
06-12-2025 14:00:00,70.3658665376406,550.647079013031,21.6
06-12-2025 14:10:00,69.7941994829133,550.885331600206,21.67
06-12-2025 14:20:00,71.2503508217294,550.718134470322,21.74
06-12-2025 14:30:00,70.4713288727479,550.851751047428,21.8
06-12-2025 14:40:00,70.9055604233812,549.763861321808,21.85
06-12-2025 14:50:00,70.8281013342561,550.296602007353,21.89
06-12-2025 15:00:00,69.1211569893523,550.92783171985,21.92
06-12-2025 15:10:00,70.3555182404471,550.133613554974,21.94
06-12-2025 15:20:00,69.3507908624303,550.047019507639,21.95
06-12-2025 15:30:00,70.1706253589231,549.042666845723,21.95
06-12-2025 15:40:00,70.3766502978852,550.066929379035,21.94
06-12-2025 15:50:00,70.5826406038251,550.278356100843,21.93
06-12-2025 16:00:00,71.503917965409,549.47729661369,21.93
06-12-2025 16:10:00,70.3893369657617,548.876141450957,21.92
06-12-2025 16:20:00,69.1774850338497,549.801878474235,21.92
06-12-2025 16:30:00,69.2860908241419,549.40714319809,21.92
06-12-2025 16:40:00,70.0041375582674,549.418690655706,21.92
06-12-2025 16:50:00,70.2143131559292,549.836520847084,21.92
06-12-2025 17:00:00,70.6276343954983,551.066929074149,21.92
06-12-2025 17:10:00,68.5991190524949,549.957796614221,21.91
06-12-2025 17:20:00,69.1221779229415,549.569626001961,21.93
06-12-2025 17:30:00,69.8444369297437,549.279637090647,21.94
06-12-2025 17:40:00,70.0629992228709,548.68801376358,21.96
06-12-2025 17:50:00,69.7776689835318,549.318941314965,21.99
06-12-2025 18:00:00,70.3054500668046,549.950161215201,22.02
06-12-2025 18:10:00,69.9225181620465,551.195196342258,22.06
06-12-2025 18:20:00,71.777254294808,548.982415926811,22.1
06-12-2025 18:30:00,69.5587648273136,549.207070676551,22.13
06-12-2025 18:40:00,69.2687628939083,550.547955717863,22.15
06-12-2025 18:50:00,69.8988751021763,549.34798240225,22.18
06-12-2025 19:00:00,67.6744584124081,548.653258059413,22.2
06-12-2025 19:10:00,71.6562667165441,548.973285105537,22.21
06-12-2025 19:20:00,68.9183276191084,549.598822976322,22.22
06-12-2025 19:30:00,71.5770626023787,549.307955920938,22.23
06-12-2025 19:40:00,71.5883665217586,549.831754293368,22.24
06-12-2025 19:50:00,69.2571345691204,549.744528365927,22.25
06-12-2025 20:00:00,70.1807683065107,550.265071106229,22.25
06-12-2025 20:10:00,69.6785094261172,549.054162682053,22.25
06-12-2025 20:20:00,70.7039884745905,550.185776261195,22.25
06-12-2025 20:30:00,69.7943282593058,550.604431967808,22.25
06-12-2025 20:40:00,70.7137184603048,550.204940621776,22.24
06-12-2025 20:50:00,70.5170162723796,549.29960524751,22.24
06-12-2025 21:00:00,70.9313578272455,549.820030726057,22.24
06-12-2025 21:10:00,70.1194212803989,549.216937481173,22.23
06-12-2025 21:20:00,70.431892750978,549.940961156427,22.23
06-12-2025 21:30:00,69.7260363178689,550.053976726738,22.23
06-12-2025 21:40:00,69.9325040152287,549.247231348543,22.22
06-12-2025 21:50:00,70.5504170202148,549.05474074974,22.22
06-12-2025 22:00:00,70.9604294276988,550.895333612886,22.21
06-12-2025 22:10:00,71.2728406503087,550.295571189675,22.21
06-12-2025 22:20:00,71.7845652071556,549.387086262062,22.2
06-12-2025 22:30:00,68.940915120895,549.703616304465,22.2
06-12-2025 22:40:00,70.1653807936789,551.645607786154,22.19
06-12-2025 22:50:00,70.2699460264728,550.431755781984,22.18
06-12-2025 23:00:00,71.7019703368784,550.646407177748,22.18
06-12-2025 23:10:00,70.6825704512814,550.243646666131,22.16
06-12-2025 23:20:00,69.4641109355597,549.742536412305,22.15
06-12-2025 23:30:00,72.4179011448087,550.767857635499,22.14
06-12-2025 23:40:00,70.8942505819603,549.452773335736,22.13
06-12-2025 23:50:00,69.167368109848,549.562262895415,22.12
06-13-2025 00:00:00,71.6074986624353,550.177069573531,22.1
06-13-2025 00:10:00,71.5041479471116,550.079714928761,22.08
06-13-2025 00:20:00,71.6042124734892,550.084073801655,22.06
06-13-2025 00:30:00,69.5649730532188,550.796777409476,22.03
06-13-2025 00:40:00,70.2710315221615,549.984515929641,22
06-13-2025 00:50:00,72.1917969453336,549.880672354319,21.96
06-13-2025 01:00:00,71.474657475508,550.694403237353,21.93
06-13-2025 01:10:00,70.5589529773227,550.80018110318,21.91
06-13-2025 01:20:00,70.6548352186739,550.090229262755,21.88
06-13-2025 01:30:00,70.8479711983545,552.016573123054,21.84
06-13-2025 01:40:00,71.4511424282039,552.118574458967,21.81
06-13-2025 01:50:00,71.5381936291109,551.807828470602,21.76
06-13-2025 02:00:00,71.4266356172681,552.616218655971,21.72
06-13-2025 02:10:00,69.5958939911219,551.602744064181,21.69
06-13-2025 02:20:00,70.7983811836269,550.988476526695,21.64
06-13-2025 02:30:00,70.8855911076134,551.89420454573,21.59
06-13-2025 02:40:00,70.6689581480321,552.596671867379,21.54
06-13-2025 02:50:00,71.2622422884319,551.679088617013,21.49
06-13-2025 03:00:00,71.0498530985378,551.271500226655,21.45
06-13-2025 03:10:00,72.8606244357212,551.774531166348,21.41
06-13-2025 03:20:00,71.0257620754261,551.667121154067,21.36
06-13-2025 03:30:00,71.3190668600616,551.765336663131,21.32
06-13-2025 03:40:00,69.6841631476461,551.654606943046,21.26
06-13-2025 03:50:00,73.0075022461079,552.055720074285,21.22
06-13-2025 04:00:00,72.1849660530023,551.039766903733,21.17
06-13-2025 04:10:00,71.0603670541693,551.43740639787,21.12
06-13-2025 04:20:00,70.2434307121056,551.737238815647,21.08
06-13-2025 04:30:00,71.4397300389627,551.932618312549,21.03
06-13-2025 04:40:00,70.522468516229,550.619173850089,20.99
06-13-2025 04:50:00,70.915849671121,551.82589257749,20.95
06-13-2025 05:00:00,70.6962190999251,551.010375697559,20.89
06-13-2025 05:10:00,71.2906115540193,551.108379566567,20.85
06-13-2025 05:20:00,70.982877020622,550.907651928567,20.82
06-13-2025 05:30:00,71.568393760496,550.998986189014,20.76
06-13-2025 05:40:00,71.6589615615697,550.89570527126,20.72
06-13-2025 05:50:00,72.4490440923532,551.69408226389,20.67
06-13-2025 06:00:00,71.7351774460108,551.590640649527,20.63
06-13-2025 06:10:00,72.7299092570962,550.78391155197,20.59
06-13-2025 06:20:00,72.5186485046711,552.087062265685,20.55
06-13-2025 06:30:00,71.8054607927951,552.08398991629,20.51
06-13-2025 06:40:00,72.2973065156695,551.177487190411,20.47
06-13-2025 06:50:00,70.585303724309,551.880510150868,20.44
06-13-2025 07:00:00,71.6792132318197,551.676841581299,20.4
06-13-2025 07:10:00,70.975485538884,551.580280027679,20.38
06-13-2025 07:20:00,71.6718525806535,551.680971195173,20.35
06-13-2025 07:30:00,72.568400703557,551.681347073848,20.32
06-13-2025 07:40:00,70.4574776460285,551.280776947505,20.29
06-13-2025 07:50:00,71.7589434467625,551.885859703063,20.27
06-13-2025 08:00:00,72.7593820171504,551.989726750741,20.25
06-13-2025 08:10:00,70.7539185955591,551.292063358926,20.23
06-13-2025 08:20:00,71.6498245907239,550.791684764153,20.2
06-13-2025 08:30:00,72.3535371012823,552.100764031796,20.19
06-13-2025 08:40:00,70.9582242712034,551.710490683778,20.19
06-13-2025 08:50:00,71.4094258369265,551.316894260125,20.18
06-13-2025 09:00:00,71.8606253935937,552.321883497057,20.16
06-13-2025 09:10:00,71.6671978789434,551.431023123975,20.16
06-13-2025 09:20:00,71.8785011923129,551.044081780304,20.17
06-13-2025 09:30:00,71.5849160980128,551.555046745659,20.17
06-13-2025 09:40:00,71.7920158870044,550.563938465807,20.17
06-13-2025 09:50:00,69.3995558764166,550.777727574793,20.18
06-13-2025 10:00:00,72.6153056836854,550.590922754953,20.19
06-13-2025 10:10:00,70.923650855166,550.904881817045,20.2
06-13-2025 10:20:00,70.8344355415647,551.419216931794,20.21
06-13-2025 10:30:00,71.1500690999229,550.634556716972,20.23
06-13-2025 10:40:00,70.7643854324101,550.551041938522,20.25
06-13-2025 10:50:00,70.7753209891787,550.564460792821,20.26
06-13-2025 11:00:00,71.3917399570605,550.982015865509,20.28
06-13-2025 11:10:00,71.7160286215021,551.807344021217,20.32
06-13-2025 11:20:00,71.1378985419841,551.529982388373,20.36
06-13-2025 11:30:00,71.0693092126698,550.857658023463,20.42
06-13-2025 11:40:00,71.4022000457728,550.586213099526,20.48
06-13-2025 11:50:00,71.0323422259638,550.816670188459,20.54
06-13-2025 12:00:00,70.6662394552879,550.849623929635,20.61
06-13-2025 12:10:00,71.3094068315391,549.276904056355,20.69
06-13-2025 12:20:00,72.2595324060143,550.019699847218,20.78
06-13-2025 12:30:00,70.6974931107733,550.363959893472,20.88
06-13-2025 12:40:00,70.4473789883221,551.316846806564,20.99
06-13-2025 12:50:00,71.1006905377904,550.855593366008,21.09
06-13-2025 13:00:00,72.1546708813213,551.198009381049,21.18
06-13-2025 13:10:00,69.7790489311991,549.927537472098,21.28
06-13-2025 13:20:00,71.6510627271984,549.871679805335,21.39
06-13-2025 13:30:00,72.2019485725741,550.821380062371,21.48
06-13-2025 13:40:00,71.0359986510006,549.547398023881,21.58
06-13-2025 13:50:00,71.59149261427,551.413908844918,21.68
06-13-2025 14:00:00,70.1105126887042,550.740450976876,21.76
06-13-2025 14:10:00,70.7592332948552,550.57362114397,21.84
06-13-2025 14:20:00,69.6820387895827,549.390808668839,21.92
06-13-2025 14:30:00,72.2581837100216,550.337617195078,21.99
06-13-2025 14:40:00,70.0619384694141,549.661637645476,22.07
06-13-2025 14:50:00,70.5045509563325,550.100932752981,22.14
06-13-2025 15:00:00,70.8416644173513,549.621171112698,22.2
06-13-2025 15:10:00,69.3456631056813,548.835340839719,22.26
06-13-2025 15:20:00,71.206924242203,549.574139330072,22.31
06-13-2025 15:30:00,71.2347620795756,549.803817463569,22.36
06-13-2025 15:40:00,68.5010731233649,549.415402219778,22.39
06-13-2025 15:50:00,70.7719914205566,548.727048900322,22.44
06-13-2025 16:00:00,70.3873044072971,548.953420799849,22.48
06-13-2025 16:10:00,70.1044332836067,549.077847005004,22.52
06-13-2025 16:20:00,71.1445776380512,547.463454311621,22.55
06-13-2025 16:30:00,70.3511068716146,549.221579843753,22.59
06-13-2025 16:40:00,70.4683008510321,547.603223623329,22.61
06-13-2025 16:50:00,69.86623975201,548.126780557602,22.62
06-13-2025 17:00:00,69.1700128324816,549.065385413078,22.65
06-13-2025 17:10:00,68.9844888512645,548.675700011521,22.68
06-13-2025 17:20:00,68.3899242169409,548.490276071158,22.71
06-13-2025 17:30:00,70.2493281316186,548.509265310997,22.74
06-13-2025 17:40:00,70.6818163406423,548.838238810821,22.78
06-13-2025 17:50:00,69.5796527723799,548.348780802653,22.82
06-13-2025 18:00:00,68.6854963244176,549.704711275591,22.87
06-13-2025 18:10:00,71.166009189912,548.805517581094,22.91
06-13-2025 18:20:00,68.6326737831955,549.445475267087,22.96
06-13-2025 18:30:00,70.9058364110036,549.157213196082,22.99
06-13-2025 18:40:00,70.1051812480347,548.868790729634,23.02
06-13-2025 18:50:00,70.4360465705521,549.403576620129,23.06
06-13-2025 19:00:00,68.4001132986114,549.009306573644,23.08
06-13-2025 19:10:00,70.1542971882552,548.919447094213,23.09
06-13-2025 19:20:00,70.477014539415,548.935265837018,23.11
06-13-2025 19:30:00,69.7698102831421,549.153097441208,23.12
06-13-2025 19:40:00,69.2676685378354,548.755402775952,23.13
06-13-2025 19:50:00,70.1976933075346,549.380449816136,23.13
06-13-2025 20:00:00,70.6147592403686,549.082161998098,23.13
06-13-2025 20:10:00,70.2110922396518,549.194227074143,23.13
06-13-2025 20:20:00,70.8333368854977,550.127010506519,23.13
06-13-2025 20:30:00,70.0151728246926,549.209977408602,23.12
06-13-2025 20:40:00,68.8934536604615,548.603916178995,23.12
06-13-2025 20:50:00,71.4604701225786,548.917954850324,23.11
06-13-2025 21:00:00,69.8177506565035,549.639002322413,23.09
06-13-2025 21:10:00,68.7988630422271,549.853515428204,23.09
06-13-2025 21:20:00,70.2330681117777,549.343783118882,23.07
06-13-2025 21:30:00,69.7188529773591,550.064491575847,23.05
06-13-2025 21:40:00,69.3073146933446,549.247354602692,23.03
06-13-2025 21:50:00,70.0232977322592,549.045415753139,23.01
06-13-2025 22:00:00,69.9192634019408,550.380623103898,22.99
06-13-2025 22:10:00,71.7619209647562,549.6662664512,22.97
06-13-2025 22:20:00,70.9363715110686,548.334430510965,22.94
06-13-2025 22:30:00,70.9346608946159,549.259302009694,22.92
06-13-2025 22:40:00,70.9329510393093,550.491047458236,22.9
06-13-2025 22:50:00,71.438910298575,551.309542985875,22.87
06-13-2025 23:00:00,71.3263285731872,549.56581432481,22.83
06-13-2025 23:10:00,70.7064708854599,549.974803432722,22.8
06-13-2025 23:20:00,69.4650813966342,550.786193995957,22.75
06-13-2025 23:30:00,69.3573187854046,550.274397862405,22.72
06-13-2025 23:40:00,71.183374804512,549.143277430221,22.67
06-13-2025 23:50:00,70.0493905983157,550.365990824355,22.63
06-14-2025 00:00:00,71.1589290470317,550.665429570925,22.58
06-14-2025 00:10:00,70.0176077980304,550.24681446024,22.52
06-14-2025 00:20:00,71.5427337612147,550.960694635471,22.49
06-14-2025 00:30:00,69.2881349239656,550.548700567542,22.45
06-14-2025 00:40:00,70.0904306613198,549.929823521966,22.4
06-14-2025 00:50:00,70.887911258824,551.142968226027,22.34
06-14-2025 01:00:00,71.1794170523909,551.848873956891,22.29
06-14-2025 01:10:00,71.2586363107568,550.918228429191,22.22
06-14-2025 01:20:00,71.3377701100765,549.785119429653,22.15
06-14-2025 01:30:00,70.5096860219593,550.693917008585,22.1
06-14-2025 01:40:00,71.3050198455182,551.191964513708,22.04
06-14-2025 01:50:00,69.863851743771,550.978151581802,21.98
06-14-2025 02:00:00,71.1665990345861,550.967692946248,21.92
06-14-2025 02:10:00,71.2456164080844,551.360059525744,21.85
06-14-2025 02:20:00,70.7158044235692,552.056346306186,21.78
06-14-2025 02:30:00,71.1033475442478,551.43692028177,21.72
06-14-2025 02:40:00,70.8823679063055,551.122171944796,21.66
06-14-2025 02:50:00,71.0627009955135,551.918804901353,21.59
06-14-2025 03:00:00,71.5549147602206,550.696106746518,21.54
06-14-2025 03:10:00,72.1479469334961,551.397526289933,21.49
06-14-2025 03:20:00,71.3240378911842,551.896016382401,21.44
06-14-2025 03:30:00,71.916687051215,551.180480886099,21.39
06-14-2025 03:40:00,70.6973777291371,551.482988878133,21.36
06-14-2025 03:50:00,73.0166398499134,551.886425553503,21.33
06-14-2025 04:00:00,71.0778542072479,551.47138568301,21.27
06-14-2025 04:10:00,71.3709603582758,551.3662088297,21.23
06-14-2025 04:20:00,71.4619384561458,551.664972318137,21.19
06-14-2025 04:30:00,71.346842573946,552.263023175989,21.14
06-14-2025 04:40:00,71.5386626251368,551.552306258129,21.1
06-14-2025 04:50:00,72.1296081526107,551.443971286164,21.05
06-14-2025 05:00:00,70.6070680357902,552.044711427121,21.01
06-14-2025 05:10:00,70.8956237060147,550.323751704186,20.96
06-14-2025 05:20:00,72.8000358593059,551.226647588944,20.92
06-14-2025 05:30:00,72.4874767393174,551.42394286186,20.88
06-14-2025 05:40:00,70.0607904184829,551.419738010783,20.84
06-14-2025 05:50:00,71.8629746088673,552.42202696507,20.8
06-14-2025 06:00:00,73.3621390811675,552.115635597996,20.76
06-14-2025 06:10:00,72.2475538936619,551.507682988105,20.72
06-14-2025 06:20:00,71.1329666971003,552.612827792604,20.69
06-14-2025 06:30:00,72.3294545328606,551.904517240484,20.65
06-14-2025 06:40:00,70.1123666680929,551.601882109947,20.62
06-14-2025 06:50:00,71.5135813236789,551.399864279955,20.59
06-14-2025 07:00:00,71.2063981005956,552.001568132355,20.56
06-14-2025 07:10:00,71.6023722698127,551.096527821492,20.53
06-14-2025 07:20:00,71.9939900652117,551.192765352387,20.49
06-14-2025 07:30:00,71.9880608112842,551.79400775522,20.46
06-14-2025 07:40:00,71.2796980890845,552.093904987411,20.43
06-14-2025 07:50:00,70.571680644373,551.49073354335,20.4
06-14-2025 08:00:00,70.9673025506894,551.088445603507,20.37
06-14-2025 08:10:00,71.65942901864,551.585591503128,20.33
06-14-2025 08:20:00,72.4597293432947,551.487439913956,20.31
06-14-2025 08:30:00,72.0486385225793,551.483108226071,20.27
06-14-2025 08:40:00,70.4436371041096,550.583385349865,20.25
06-14-2025 08:50:00,71.1393497298405,551.083363948399,20.22
06-14-2025 09:00:00,72.7403178672209,551.285828658213,20.2
06-14-2025 09:10:00,72.7384410256597,550.887345271029,20.18
06-14-2025 09:20:00,71.430782420996,551.987667890539,20.15
06-14-2025 09:30:00,71.132879752533,551.392205755519,20.14
06-14-2025 09:40:00,70.7308760901688,550.493384168151,20.12
06-14-2025 09:50:00,72.8394454204014,551.002311958504,20.12
06-14-2025 10:00:00,70.1433599157815,550.410160908114,20.12
06-14-2025 10:10:00,71.3551444938543,551.723065469161,20.13
06-14-2025 10:20:00,70.6609370443964,551.63136586549,20.13
06-14-2025 10:30:00,70.8757772099789,551.846439366964,20.15
06-14-2025 10:40:00,71.5913695951468,552.061567108443,20.17
06-14-2025 10:50:00,69.8995294112495,550.971587958554,20.18
06-14-2025 11:00:00,70.2144831476344,551.386919883242,20.2
06-14-2025 11:10:00,70.0366157761988,551.608446566643,20.24
06-14-2025 11:20:00,69.9588535588855,551.028286851352,20.28
06-14-2025 11:30:00,71.3890152225965,549.949521861595,20.33
06-14-2025 11:40:00,70.6175958519908,550.578228052675,20.39
06-14-2025 11:50:00,71.5516144291618,550.003150978943,20.45
06-14-2025 12:00:00,71.1811603872709,550.53204004732,20.51
06-14-2025 12:10:00,70.8184510940626,551.570169015976,20.59
06-14-2025 12:20:00,69.3532211712566,550.400787317273,20.68
06-14-2025 12:30:00,69.8983435398919,551.443427778516,20.77
06-14-2025 12:40:00,69.5379619353058,551.178483425856,20.86
06-14-2025 12:50:00,70.2976140135241,551.12423787595,20.98
06-14-2025 13:00:00,70.441239271195,550.656813488883,21.07
06-14-2025 13:10:00,70.900137664244,551.106757989775,21.19
06-14-2025 13:20:00,70.8464176936921,551.348988938701,21.29
06-14-2025 13:30:00,71.5046742804761,550.48225543763,21.4
06-14-2025 13:40:00,71.6537809012548,549.914536595166,21.5
06-14-2025 13:50:00,67.3455627486889,550.764176828348,21.6
06-14-2025 14:00:00,69.8154649536233,551.203197528301,21.68
06-14-2025 14:10:00,70.0568945014346,550.425480638736,21.76
06-14-2025 14:30:00,71.6556699513575,550.385580905416,21.93
06-14-2025 14:40:00,70.8781861609532,549.704235674044,22
06-14-2025 14:50:00,70.1974507310663,550.442715160342,22.06
06-14-2025 15:00:00,70.9362953562852,550.466560057166,22.11
06-14-2025 15:10:00,69.8438066942117,551.101049607496,22.16
06-14-2025 15:20:00,68.9540447686396,550.208803474811,22.21
06-14-2025 15:30:00,70.3003531781146,550.127535252761,22.25
06-14-2025 15:40:00,70.832478264947,548.517953349608,22.29
06-14-2025 15:50:00,69.6363764282621,549.050580762645,22.34
06-14-2025 16:00:00,69.7688690268335,549.280790120039,22.4
06-14-2025 16:10:00,68.5830006499133,550.537795561933,22.48
06-14-2025 16:20:00,69.4297562215691,549.850129307527,22.54
06-14-2025 16:30:00,69.872801624629,548.858364204748,22.61
06-14-2025 16:40:00,68.8814475256091,550.315332915041,22.67
06-14-2025 16:50:00,69.3166510409855,549.827808591055,22.72
06-14-2025 17:00:00,68.2179089280346,550.465014251567,22.77
06-14-2025 17:10:00,67.8384238255681,549.980237756649,22.83
06-14-2025 17:20:00,69.2975438495969,548.672836840546,22.88
06-14-2025 17:30:00,68.2012212045723,549.825574365312,22.94
06-14-2025 17:40:00,69.3583856018735,549.852143778606,23
06-14-2025 17:50:00,69.5939030662857,549.160995585345,23.06
06-14-2025 18:00:00,69.2181405475033,550.011017420068,23.13
06-14-2025 18:10:00,68.115571836537,550.547691261046,23.18
06-14-2025 18:20:00,69.1762676116204,550.167000158194,23.25
06-14-2025 18:30:00,70.1313598375193,550.81017204038,23.31
06-14-2025 18:40:00,68.7191387335715,550.217261494353,23.36
06-14-2025 18:50:00,69.3583229263492,550.032018910249,23.4
06-14-2025 19:00:00,67.8379630013897,550.875189053475,23.44
06-14-2025 19:10:00,69.1974931110769,549.866890410617,23.48
06-14-2025 19:20:00,69.7304875474004,550.295672954142,23.51
06-14-2025 19:30:00,68.5176916019192,549.904256612393,23.55
06-14-2025 19:40:00,68.4290295594796,550.227132008172,23.57
06-14-2025 19:50:00,69.370169579092,549.829214630262,23.59
06-14-2025 20:00:00,71.0243198401072,550.454805068429,23.59
06-14-2025 20:10:00,67.9412239714757,550.15353082788,23.59
06-14-2025 20:20:00,68.0545198027387,550.576313106783,23.6
06-14-2025 20:30:00,69.5028167331084,549.86301954245,23.6
06-14-2025 20:40:00,69.4062297451953,549.973650428206,23.6
06-14-2025 20:50:00,68.5886958572538,549.466315982108,23.6
06-14-2025 21:00:00,69.6209867537423,549.67680678106,23.59
06-14-2025 21:10:00,69.6233550383986,548.651551175498,23.58
06-14-2025 21:20:00,68.798029311555,549.991551879613,23.56
06-14-2025 21:30:00,67.8739199186502,550.098946467368,23.55
06-14-2025 21:40:00,69.4165317456349,549.276774997205,23.53
06-14-2025 21:50:00,69.1061586335738,549.484018039949,23.51
06-14-2025 22:00:00,68.1785004176702,549.485386082573,23.49
06-14-2025 22:10:00,70.8478588863025,549.586532737941,23.46
06-14-2025 22:20:00,67.8631903514965,549.382152993985,23.44
06-14-2025 22:30:00,68.7873671613865,549.383507571576,23.42
06-14-2025 22:40:00,69.8100233579426,550.512719889726,23.39
06-14-2025 22:50:00,70.1126621022626,549.791193696678,23.36
06-14-2025 23:00:00,68.4587628032194,548.758716614287,23.32
06-14-2025 23:10:00,67.8331518026307,550.192170898497,23.28
06-14-2025 23:20:00,70.5965588323147,550.289763814936,23.24
06-14-2025 23:30:00,69.4574042115914,549.566077570491,23.2
06-14-2025 23:40:00,70.3713435438917,550.2794990555,23.16
06-14-2025 23:50:00,70.9769311881571,550.582108909848,23.12
06-15-2025 00:00:00,69.6376967491311,552.01582492684,23.09
06-15-2025 00:10:00,71.8793657523339,550.366584935914,23.04
06-15-2025 00:20:00,71.5615305368684,550.873804767517,23
06-15-2025 00:30:00,69.5102856179245,551.387119543605,22.98
06-15-2025 00:40:00,70.6274180560561,551.074291840878,22.94
06-15-2025 00:50:00,70.1054720629504,551.99041981217,22.9
06-15-2025 01:00:00,69.1704660007756,552.28847029955,22.85
06-15-2025 01:10:00,70.1882371864369,550.546317338844,22.82
06-15-2025 01:20:00,68.5378143116882,551.049325751018,22.77
06-15-2025 01:30:00,69.5471083366289,551.551912569453,22.72
06-15-2025 01:40:00,69.2269453399551,550.521046211055,22.67
06-15-2025 01:50:00,69.3196484073866,551.435272534346,22.63
06-15-2025 02:00:00,71.3487281621315,551.937100081507,22.58
06-15-2025 02:10:00,70.1094430665577,552.540591871202,22.53
06-15-2025 02:20:00,70.6018413543805,551.609728514179,22.47
06-15-2025 02:30:00,70.1799273091861,551.49885310795,22.42
06-15-2025 02:40:00,70.1661631235968,552.509510993461,22.37
06-15-2025 02:50:00,69.7487628569047,551.484373586645,22.33
06-15-2025 03:00:00,70.3424104368821,551.472332087866,22.27
06-15-2025 03:10:00,69.514012267342,550.343426491461,22.22
06-15-2025 03:20:00,70.4165985740166,551.35287193225,22.17
06-15-2025 03:30:00,70.0975595684609,550.733631954589,22.12
06-15-2025 03:40:00,68.9612887719986,551.840552757079,22.06
06-15-2025 03:50:00,69.1513854942221,551.729902722893,22.01
06-15-2025 04:00:00,70.3574009196561,552.127372372932,21.96
06-15-2025 04:10:00,70.6483415213521,551.305723481262,21.91
06-15-2025 04:20:00,70.3299035569183,553.124362234406,21.86
06-15-2025 04:30:00,69.9142202130878,550.07342037481,21.82
06-15-2025 04:40:00,69.7952599337866,550.975028342054,21.76
06-15-2025 04:50:00,69.7817691735382,552.081754786562,21.71
06-15-2025 05:00:00,68.2479254554,551.869917628797,21.66
06-15-2025 05:10:00,70.6707038312959,551.560111727157,21.62
06-15-2025 05:20:00,71.9694312789071,552.054392018945,21.56
06-15-2025 05:30:00,70.7402838014015,551.944038694288,21.51
06-15-2025 05:40:00,72.3496836175735,551.027362624381,21.47
06-15-2025 05:50:00,69.9073790707997,551.119813710372,21.42
06-15-2025 06:00:00,69.9989803911664,551.720957523102,21.38
06-15-2025 06:10:00,68.6713679768414,551.610873548273,21.33
06-15-2025 06:20:00,68.1531911801201,552.208178604967,21.28
06-15-2025 06:30:00,71.0735695012577,550.586021000135,21.24
06-15-2025 06:40:00,70.0539091607842,551.085448092865,21.2
06-15-2025 06:50:00,70.4481449445108,551.281706729141,21.16
06-15-2025 07:00:00,71.0399154883949,551.57557787109,21.11
06-15-2025 07:10:00,70.7314563758933,550.866782484688,21.08
06-15-2025 07:20:00,71.6293247466079,552.172206562744,21.04
06-15-2025 07:30:00,70.8167912284179,551.161186033233,21.01
06-15-2025 07:40:00,69.9967690050194,550.850032286584,20.96
06-15-2025 07:50:00,69.6928626440286,551.555984074695,20.94
06-15-2025 08:00:00,71.0010230424478,550.750476018218,20.92
06-15-2025 08:10:00,70.0887160617461,551.755219869137,20.89
06-15-2025 08:20:00,70.2845425269593,552.05457246454,20.86
06-15-2025 08:30:00,69.5742056379095,552.152421209194,20.83
06-15-2025 08:40:00,70.2772702297131,551.347496194317,20.81
06-15-2025 08:50:00,69.1685572714895,552.354371465246,20.79
06-15-2025 09:00:00,69.5695835984178,552.354656545615,20.77
06-15-2025 09:10:00,69.7731749056555,551.754439028204,20.76
06-15-2025 09:20:00,71.4899181388401,550.654334453081,20.76
06-15-2025 09:30:00,70.6912317422857,550.258537043584,20.76
06-15-2025 09:40:00,70.2989663125779,550.771361314815,20.77
06-15-2025 09:50:00,69.9066341462426,551.284255230542,20.78
06-15-2025 10:00:00,70.1259658605325,551.400914545478,20.81
06-15-2025 10:10:00,69.7373944305384,551.715822514606,20.83
06-15-2025 10:20:00,69.5539689236676,550.221421455588,20.86
06-15-2025 10:30:00,69.6687142157172,551.946249040607,20.88
06-15-2025 10:40:00,68.9853383264753,550.655816733735,20.92
06-15-2025 10:50:00,72.2278474080971,550.873149667152,20.95
06-15-2025 11:00:00,69.3271854700825,551.194486001586,20.99
06-15-2025 11:10:00,69.5545106847609,551.519157788001,21.04
06-15-2025 11:20:00,70.1895148340267,550.232916412646,21.1
06-15-2025 11:30:00,69.1129324492128,550.563585690378,21.17
06-15-2025 11:40:00,68.8393537419218,551.49753197534,21.23
06-15-2025 11:50:00,69.9881063319971,550.316380761709,21.31
06-15-2025 12:00:00,70.0298156740114,551.159475524342,21.4
06-15-2025 12:10:00,71.6951327579382,550.083698017653,21.5
06-15-2025 12:20:00,71.2437923710137,550.126607691118,21.62
06-15-2025 12:30:00,69.8945115701303,550.587596574267,21.78
06-15-2025 12:40:00,68.5186466740981,551.538737572393,21.88
06-15-2025 12:50:00,70.5061026936331,550.06157237986,22.01
06-15-2025 13:00:00,70.6661548901155,551.633946919774,22.14
06-15-2025 13:10:00,68.7853439404074,551.271052140968,22.26
06-15-2025 13:20:00,71.2850103212284,551.315248635137,22.38
06-15-2025 13:30:00,70.4176458975512,550.846093825954,22.49
06-15-2025 13:40:00,68.3268169406346,552.21787453077,22.61
06-15-2025 13:50:00,71.0336451193784,551.441866939239,22.72
06-15-2025 14:00:00,67.9083470243735,550.558986649837,22.82
06-15-2025 14:10:00,69.3864695814813,550.801170358405,22.92
06-15-2025 14:20:00,68.50957070143,550.941233673634,23.02
06-15-2025 14:30:00,67.8325607258345,550.66805798856,23.11
06-15-2025 14:40:00,69.5154996981642,551.215659861938,23.2
06-15-2025 14:50:00,68.3168558857835,550.627822212284,23.27
06-15-2025 15:00:00,69.1800717702388,551.381652160943,23.36
06-15-2025 15:10:00,68.9091530211533,550.179090485533,23.44
06-15-2025 15:20:00,68.0164837759451,550.309823387309,23.51
06-15-2025 15:30:00,69.1822669862155,551.058538626653,23.58
06-15-2025 15:40:00,68.5978039913477,550.777756171445,23.65
06-15-2025 15:50:00,68.3180678653909,549.565736212526,23.71
06-15-2025 16:00:00,69.0733547056056,548.871155262101,23.78
06-15-2025 16:10:00,67.0354067525842,550.027309421137,23.83
06-15-2025 16:20:00,67.8900962258957,549.8454501328,23.89
06-15-2025 16:30:00,68.2214387710881,549.140918272877,23.93
06-15-2025 16:40:00,67.2137498425799,549.368711748782,23.98
06-15-2025 16:50:00,67.2388285637792,549.906762154108,24.03
06-15-2025 17:00:00,67.9839055314186,549.408168791487,24.07
06-15-2025 17:10:00,67.5917378107618,548.3920730814,24.11
06-15-2025 17:20:00,66.6782361660332,549.131182568955,24.14
06-15-2025 17:30:00,68.8726667908982,549.977205912661,24.18
06-15-2025 17:40:00,68.5839434240618,549.063842781395,24.22
06-15-2025 17:50:00,69.956000503642,549.292035518231,24.27
06-15-2025 18:00:00,68.6352812868749,549.727625775536,24.32
06-15-2025 18:10:00,67.9353831647154,550.992806829066,24.37
06-15-2025 18:20:00,68.6866764545288,549.873954880998,24.42
06-15-2025 18:30:00,69.0236224341815,550.414025195549,24.47
06-15-2025 18:40:00,68.1115468371741,550.536258272596,24.51
06-15-2025 18:50:00,69.167321520668,550.551614240801,24.54
06-15-2025 19:00:00,67.9432336147214,550.985446221787,24.58
06-15-2025 19:10:00,67.6455122471154,549.543749465841,24.6
06-15-2025 19:20:00,68.6980324577295,551.321609329789,24.62
06-15-2025 19:30:00,69.131515407772,551.025418676638,24.65
06-15-2025 19:40:00,69.1455547049008,551.4533312254,24.67
06-15-2025 19:50:00,68.2241912176098,550.426300787278,24.69
06-15-2025 20:00:00,67.9223673551332,550.331358657289,24.7
06-15-2025 20:10:00,68.6560862452818,550.025398007008,24.7
06-15-2025 20:20:00,68.8740234957097,550.034338818529,24.71
06-15-2025 20:30:00,67.1167566882902,550.355147199268,24.72
06-15-2025 20:40:00,67.7466317625228,550.776815634673,24.72
06-15-2025 20:50:00,68.2725449545472,549.327193785172,24.72
06-15-2025 21:00:00,68.69058051466,550.057629453381,24.71
06-15-2025 21:10:00,68.3809479324564,549.436679364148,24.7
06-15-2025 21:20:00,69.4225045939087,550.99842984445,24.69
06-15-2025 21:30:00,67.6502593257541,549.436091565588,24.66
06-15-2025 21:40:00,69.3149201234555,549.127116658695,24.65
06-15-2025 21:50:00,68.4781518020534,549.227716173529,24.62
06-15-2025 22:00:00,67.9533451287068,550.574414785725,24.59
06-15-2025 22:10:00,69.085991471287,550.67144941896,24.55
06-15-2025 22:20:00,67.7348815967638,550.878480769563,24.53
06-15-2025 22:30:00,67.106891999089,549.629511937913,24.5
06-15-2025 22:40:00,67.6203840410181,551.078460190809,24.47
06-15-2025 22:50:00,68.5445954652089,550.656653952549,24.43
06-15-2025 23:00:00,68.5351347283959,550.442466956345,24.39
06-15-2025 23:10:00,70.1798714810407,550.743476470673,24.34
06-15-2025 23:20:00,69.0264094204084,552.080088353779,24.29
06-15-2025 23:30:00,69.1164291402717,549.48094504645,24.24
06-15-2025 23:40:00,68.6888784163273,550.816952054262,24.19
06-15-2025 23:50:00,69.2962523148299,550.496532393846,24.14
06-16-2025 00:00:00,69.7002660877691,551.834195618581,24.1
06-16-2025 00:10:00,67.8218652157958,551.613763899064,24.04
06-16-2025 00:20:00,69.3587936106073,551.396716123498,23.99
06-16-2025 00:30:00,69.6589964072116,552.112625840101,23.95
06-16-2025 00:50:00,67.9818193539959,550.234311950836,23.87
06-16-2025 01:00:00,68.1751653797183,550.740388372093,23.82
06-16-2025 01:10:00,69.0903185093606,552.689965577796,23.77
06-16-2025 01:20:00,70.00471328904,551.441969288741,23.72
06-16-2025 01:30:00,68.3382094850372,551.737596296172,23.66
06-16-2025 01:40:00,69.5571514100477,551.105992201353,23.6
06-16-2025 01:50:00,68.4072440125132,551.091101472212,23.54
06-16-2025 02:00:00,70.1354118483391,551.076198174906,23.47
06-16-2025 02:10:00,68.5751466194867,551.782684919167,23.41
06-16-2025 02:20:00,68.7636739906004,551.049561384463,23.35
06-16-2025 02:30:00,70.386208271276,551.649448997768,23.28
06-16-2025 02:40:00,68.4176156055346,551.327838870186,23.22
06-16-2025 02:50:00,69.0164045330747,552.340560214688,23.16
06-16-2025 03:00:00,70.3325639445532,551.198384738934,23.1
06-16-2025 03:10:00,70.7247859053891,551.287515674425,23.04
06-16-2025 03:20:00,69.3747326465322,551.581479147616,22.98
06-16-2025 03:30:00,68.1284356175382,552.387210343992,22.92
06-16-2025 03:40:00,69.5448042404314,551.451972230224,22.86
06-16-2025 03:50:00,69.2165952036827,551.946843195078,22.79
06-16-2025 04:00:00,69.6083867083859,550.808306710298,22.73
06-16-2025 04:10:00,69.1860466769085,550.69597965528,22.68
06-16-2025 04:20:00,70.1904654606273,551.193639475478,22.62
06-16-2025 04:30:00,71.2960044961764,551.486580830732,22.56
06-16-2025 04:40:00,68.4239519348579,550.86377066956,22.51
06-16-2025 04:50:00,70.7575639034427,551.363744762354,22.46
06-16-2025 05:00:00,70.0297548763237,551.557348769559,22.41
06-16-2025 05:10:00,70.1141466072638,550.728309479644,22.35
06-16-2025 05:20:00,68.2702423922415,551.230757251221,22.31
06-16-2025 05:30:00,68.9703696481263,550.507433029691,22.26
06-16-2025 05:40:00,69.2626611509566,550.497405801221,22.21
06-16-2025 05:50:00,69.0496823346048,550.999325015983,22.17
06-16-2025 06:00:00,69.5452118852301,551.090826795563,22.12
06-16-2025 06:10:00,69.7352410611104,550.978847388233,22.07
06-16-2025 06:20:00,71.0473409861175,550.666681407535,22.03
06-16-2025 06:30:00,68.6998248447785,549.948182472722,21.99
06-16-2025 06:40:00,69.800430897662,550.646448945662,21.93
06-16-2025 06:50:00,69.8924245974991,550.944016370715,21.89
06-16-2025 07:00:00,69.5784024856107,551.038348378878,21.85
06-16-2025 07:10:00,69.2643783646663,551.031127010214,21.81
06-16-2025 07:20:00,70.4724029579,550.61810475585,21.77
06-16-2025 07:30:00,68.9414098358941,551.320918303147,21.73
06-16-2025 07:40:00,69.8446051995889,550.198374185692,21.69
06-16-2025 07:50:00,68.0145049532843,551.410686378418,21.66
06-16-2025 08:00:00,69.9346224957899,551.710397136944,21.63
06-16-2025 08:10:00,69.1146627257421,550.386015010236,21.59
06-16-2025 08:20:00,69.4130148230014,550.179410844049,21.56
06-16-2025 08:30:00,68.5974699710693,550.78289899595,21.53
06-16-2025 08:40:00,69.911936218519,550.882997786053,21.51
06-16-2025 08:50:00,67.7771861608017,551.685356124294,21.47
06-16-2025 09:00:00,69.4920376237013,550.466838117935,21.44
06-16-2025 09:10:00,68.785991412977,550.468730301552,21.43
06-16-2025 09:20:00,69.1966265005791,551.485291460705,21.43
06-16-2025 09:30:00,69.4049246133872,551.085495291526,21.43
06-16-2025 09:40:00,71.3370576054453,551.194588504981,21.44
06-16-2025 09:50:00,69.9265563313517,551.300612874025,21.44
06-16-2025 10:00:00,69.3331098175137,550.198481087853,21.46
06-16-2025 10:10:00,69.5491358473955,549.804436666658,21.48
06-16-2025 10:20:00,67.4370458590327,550.321277338931,21.5
06-16-2025 10:30:00,69.6776622191009,551.04075652548,21.52
06-16-2025 10:40:00,69.8938386099804,550.444097294002,21.54
06-16-2025 10:50:00,69.506272777866,550.559166776427,21.57
06-16-2025 11:00:00,69.3211280854428,550.370353524555,21.6
06-16-2025 11:10:00,69.0421629977845,550.69414763136,21.65
06-16-2025 11:20:00,69.9796545767699,551.01819022151,21.7
06-16-2025 11:30:00,68.7953980391801,550.739948813294,21.77
06-16-2025 11:40:00,70.951582844217,550.252369908014,21.82
06-16-2025 11:50:00,69.4543678291258,549.459778432589,21.87
06-16-2025 12:00:00,67.7527710207717,550.901145010953,21.92
06-16-2025 12:10:00,69.1058702811934,549.707575485472,21.99
06-16-2025 12:20:00,70.5622058171479,550.03797458596,22.06
06-16-2025 12:30:00,69.5820915273827,550.880530176355,22.14
06-16-2025 12:40:00,69.5170968214541,551.418702176863,22.22
06-16-2025 12:50:00,69.871236843211,550.743995140343,22.33
06-16-2025 13:00:00,69.5119450773899,551.292148807194,22.44
06-16-2025 13:10:00,70.1730001526577,550.820264317027,22.55
06-16-2025 13:20:00,69.9194009295289,550.24831807052,22.67
06-16-2025 13:30:00,69.665285488884,550.084430476681,22.79
06-16-2025 13:40:00,70.0250813688211,550.84183979739,22.91
06-16-2025 13:50:00,68.2291682189208,549.650140111757,23.02
06-16-2025 14:00:00,69.7167938180806,549.690318421592,23.14
06-16-2025 14:10:00,70.5792310056072,550.23500157103,23.23
06-16-2025 14:20:00,68.7790192802281,549.347833528867,23.34
06-16-2025 14:30:00,69.4364713064547,549.584585177247,23.43
06-16-2025 14:40:00,69.9959045097523,550.339325022207,23.53
06-16-2025 14:50:00,67.7710241781449,549.341042433344,23.62
06-16-2025 15:00:00,68.5284903489447,549.472228856321,23.7
06-16-2025 15:10:00,68.0454207312866,549.084903177763,23.77
06-16-2025 15:20:00,69.2207001586387,549.528640325503,23.86
06-16-2025 15:30:00,68.1177191170634,549.140794815491,23.93
06-16-2025 15:40:00,68.9690994455009,550.089794177962,23.98
06-16-2025 15:50:00,69.1092685708222,548.981134503588,24.06
06-16-2025 16:00:00,69.7590385381445,550.451272559615,24.12
06-16-2025 16:10:00,68.7574420466011,549.028057405358,24.19
06-16-2025 16:20:00,68.8899673835845,549.46426620248,24.25
06-16-2025 16:30:00,67.8829792068017,549.175671162828,24.31
06-16-2025 16:40:00,68.5296282146533,548.780192187084,24.36
06-16-2025 16:50:00,68.3472898035995,548.902817085266,24.41
06-16-2025 17:00:00,69.0906321644618,550.471669084591,24.44
06-16-2025 17:10:00,68.9045276814769,549.346965629221,24.48
06-16-2025 17:20:00,67.3690780709096,549.466921887915,24.52
06-16-2025 17:30:00,69.989371938381,550.316740090279,24.57
06-16-2025 17:40:00,69.3878915769967,549.606168567441,24.61
06-16-2025 17:50:00,68.8976378210285,549.836224097083,24.67
06-16-2025 18:00:00,69.6505718462824,549.12782011975,24.72
06-16-2025 18:10:00,66.9720153760168,549.666847456442,24.77
06-16-2025 18:20:00,68.8731486859536,549.064745637149,24.83
06-16-2025 18:30:00,67.9538798418601,549.910460152671,24.86
06-16-2025 18:40:00,68.7114511371436,549.412127826639,24.92
06-16-2025 18:50:00,67.7952173809676,549.011559841107,24.96
06-16-2025 19:00:00,69.7960917103678,549.340139607519,25
06-16-2025 19:10:00,67.6287177729088,548.835007362131,25.04
06-16-2025 19:20:00,67.7577068160984,548.645266350592,25.09
06-16-2025 19:30:00,68.6093792354454,548.971085395918,25.12
06-16-2025 19:40:00,67.687760409219,549.192718126939,25.15
06-16-2025 19:50:00,68.0180224575141,548.788272435211,25.18
06-16-2025 20:00:00,67.1964303232203,549.737648670663,25.2
06-16-2025 20:10:00,68.1493199233713,548.390579319464,25.22
06-16-2025 20:20:00,68.4721897981176,548.91957185779,25.23
06-16-2025 20:30:00,68.5824269426955,550.280901858803,25.23
06-16-2025 20:40:00,68.3794422926248,547.987988459737,25.23
06-16-2025 20:50:00,69.8469611566593,549.036073538829,25.23
06-16-2025 21:00:00,66.9256890364674,549.350317987259,25.22
06-16-2025 21:10:00,66.4058551762991,549.873275606195,25.21
06-16-2025 21:20:00,68.4917711670223,549.349350726229,25.19
06-16-2025 21:30:00,68.4899076498372,548.92994494605,25.17
06-16-2025 21:40:00,67.4446820364477,549.867040665973,25.15
06-16-2025 21:50:00,69.5254440882393,548.923131233735,25.12
06-16-2025 22:00:00,67.5343407493674,549.958048408356,25.08
06-16-2025 22:10:00,68.7798692259145,549.84863897569,25.05
06-16-2025 22:20:00,67.8361041567848,549.009718858284,25.02
06-16-2025 22:30:00,69.1812361156912,550.356267723616,24.98
06-16-2025 22:40:00,67.8212840293999,548.684405454122,24.95
06-16-2025 22:50:00,69.1539814573975,548.771976223263,24.88
06-16-2025 23:00:00,67.0629627428753,550.116992567843,24.84
06-16-2025 23:10:00,67.7783881990703,550.833826035884,24.79
06-16-2025 23:20:00,69.952842572957,551.865156685931,24.75
06-16-2025 23:30:00,68.2796469047557,550.297006401002,24.71
06-16-2025 23:40:00,69.7172224072762,550.074763004028,24.65
06-16-2025 23:50:00,69.7034200183289,550.063447711402,24.6
06-17-2025 00:00:00,68.855293790645,550.049114917975,24.54
06-17-2025 00:10:00,68.5267783582752,550.968546495065,24.48
06-17-2025 00:20:00,67.1653050165908,550.542015504547,24.43
06-17-2025 00:30:00,68.4964352610722,550.009158721053,24.37
06-17-2025 00:40:00,67.6505601523647,550.823673316497,24.31
06-17-2025 00:50:00,68.8804020382461,550.501341390371,24.26
06-17-2025 01:00:00,67.6210855603548,550.486776437054,24.2
06-17-2025 01:10:00,69.8766416949863,551.503655296903,24.13
06-17-2025 01:20:00,69.7594567800863,551.078091673622,24.08
06-17-2025 01:30:00,68.7121186107755,549.929342786896,24.03
06-17-2025 01:40:00,70.1413712664281,551.15477405822,23.97
06-17-2025 01:50:00,68.574711347534,550.93335655737,23.91
06-17-2025 02:00:00,69.4865788265036,550.712151424715,23.85
06-17-2025 02:10:00,69.2666812498289,551.113171568983,23.8
06-17-2025 02:20:00,69.046969454581,550.58576222362,23.75
06-17-2025 02:30:00,69.3389826205406,550.46806671555,23.69
06-17-2025 02:40:00,68.2952367136008,551.177705600953,23.64
06-17-2025 02:50:00,68.1754647127658,550.85385423636,23.58
06-17-2025 03:00:00,68.4712809087231,550.842139888779,23.53
06-17-2025 03:10:00,69.4832281844379,550.004328292568,23.47
06-17-2025 03:20:00,69.1573848465646,549.475831172707,23.41
06-17-2025 03:30:00,68.4169961895057,551.719752549826,23.34
06-17-2025 03:40:00,68.7083557617831,551.499110716797,23.28
06-17-2025 03:50:00,69.6154365493123,551.484014900313,23.22
06-17-2025 04:00:00,69.0849836896392,550.955840721975,23.16
06-17-2025 04:10:00,69.481991959709,550.636336314089,23.11
06-17-2025 04:20:00,70.6949938546038,550.724185875342,23.05
06-17-2025 04:30:00,70.7835379463429,551.01993519827,23
06-17-2025 04:40:00,71.0650022906237,552.023103656145,22.92
06-17-2025 04:50:00,70.1257137386532,551.291200446477,22.86
06-17-2025 05:00:00,70.2065923702616,550.250095997466,22.79
06-17-2025 05:10:00,69.6815946579111,549.829540876,22.74
06-17-2025 05:20:00,70.9969747476584,550.227074908272,22.69
06-17-2025 05:30:00,70.5664490835578,550.822576805522,22.62
06-17-2025 05:40:00,69.6297472865707,551.624672964517,22.56
06-17-2025 05:50:00,68.8980929958166,551.915671919967,22.5
06-17-2025 06:00:00,69.5991071061919,551.699421501193,22.45
06-17-2025 06:10:00,68.5622370240663,550.766501392055,22.39
06-17-2025 06:20:00,71.1993306442642,551.060523486189,22.34
06-17-2025 06:30:00,69.3514144405296,551.354293984336,22.29
06-17-2025 06:40:00,69.0326340221728,550.934926470677,22.24
06-17-2025 06:50:00,70.4447033186837,551.02488923234,22.19
06-17-2025 07:00:00,70.7362851105367,550.809496245112,22.14
06-17-2025 07:10:00,71.2310613625474,551.204563555093,22.09
06-17-2025 07:20:00,68.0651762192118,550.582558439164,22.04
06-17-2025 07:30:00,68.970927269318,550.573830780536,22
06-17-2025 07:40:00,69.0594715857202,550.663714773182,21.95
06-17-2025 07:50:00,69.7611014274179,549.537725782589,21.91
06-17-2025 08:00:00,70.0561442298044,549.427786515992,21.87
06-17-2025 08:10:00,70.2494964715089,551.347887735645,21.83
06-17-2025 08:20:00,70.5480614600438,551.747809457949,21.8
06-17-2025 08:30:00,67.6001097370815,550.930134648575,21.77
06-17-2025 08:40:00,69.8300503034875,550.318654301141,21.75
06-17-2025 08:50:00,68.9116337541158,550.5157184003,21.72
06-17-2025 09:00:00,69.9275722744115,551.631241406621,21.71
06-17-2025 09:10:00,68.7127418381526,551.225705059119,21.7
06-17-2025 09:20:00,71.0504102967979,549.910698796275,21.7
06-17-2025 09:30:00,69.3324374306142,549.913762742894,21.7
06-17-2025 09:40:00,69.0376781478497,551.136525931227,21.71
06-17-2025 09:50:00,69.0470904171449,550.635547362245,21.72
06-17-2025 10:00:00,68.4480060267476,550.844384865322,21.73
06-17-2025 10:10:00,69.4716074785582,549.937577533002,21.74
06-17-2025 10:20:00,68.8761821749356,550.960831688454,21.76
06-17-2025 10:30:00,68.5849301875731,550.056716910177,21.78
06-17-2025 10:40:00,69.4097930610398,551.38472068749,21.8
06-17-2025 10:50:00,68.9155440701201,549.972898886001,21.82
06-17-2025 11:00:00,68.4211292679763,549.575673550308,21.84
06-17-2025 11:10:00,68.4415554878764,549.590190235708,21.88
06-17-2025 11:20:00,69.2745799897753,551.128309327838,21.92
06-17-2025 11:30:00,68.0796685602359,548.199491662498,21.97
06-17-2025 11:40:00,69.3273117526828,550.150743852972,22.03
06-17-2025 11:50:00,69.7624517965139,549.86616019277,22.09
06-17-2025 12:00:00,69.9003560485573,549.587081717553,22.17
06-17-2025 12:10:00,70.8571281773925,550.43093453887,22.26
06-17-2025 12:20:00,69.8900510567449,550.979278754576,22.38
06-17-2025 12:30:00,70.1419081547785,550.709215733701,22.49
06-17-2025 12:40:00,69.2744156211886,551.360990336248,22.61
06-17-2025 12:50:00,70.1396327891197,550.170526860017,22.72
06-17-2025 13:00:00,68.853576581483,549.588990308843,22.82
06-17-2025 13:10:00,69.2039961988566,551.054741473089,22.92
06-17-2025 13:20:00,69.7638127106953,549.860893934329,23.03
06-17-2025 13:30:00,68.8807132738557,550.505655061205,23.12
06-17-2025 13:40:00,70.6654298925523,550.022108028592,23.21
06-17-2025 13:50:00,69.1652487540182,550.873390204473,23.3
06-17-2025 14:00:00,69.9208402559691,549.563935187806,23.38
06-17-2025 14:10:00,69.854446532831,550.310173137728,23.46
06-17-2025 14:20:00,69.2732511254701,550.130919665334,23.54
06-17-2025 14:30:00,69.1071039444089,550.057392476041,23.63
06-17-2025 14:40:00,69.0400016529911,549.568425599611,23.71
06-17-2025 14:50:00,68.0444052550404,550.316651649084,23.79
06-17-2025 15:00:00,69.1043478531499,549.924465236125,23.85
06-17-2025 15:10:00,69.3392773063937,548.292773307583,23.91
06-17-2025 15:20:00,69.8843636682524,549.552108983032,23.97
06-17-2025 15:30:00,69.8098188131717,548.642097782554,24.03
06-17-2025 15:40:00,68.8082524653815,549.698964386779,24.1
06-17-2025 15:50:00,69.3615709224837,548.379799707932,24.18
06-17-2025 16:00:00,68.6766710302213,549.236536471641,24.27
06-17-2025 16:10:00,68.9197541987938,548.536983513413,24.35
06-17-2025 16:20:00,69.1631533740912,550.636581803552,24.43
06-17-2025 16:30:00,68.676649606257,549.518943285949,24.5
06-17-2025 16:40:00,67.2477796139252,549.951449220001,24.55
06-17-2025 16:50:00,67.8948117175655,549.553460422844,24.6
06-17-2025 17:00:00,67.7148915057214,549.054134295707,24.66
06-17-2025 17:10:00,68.6745562001684,548.3435188615,24.71
06-17-2025 17:20:00,67.9748302494168,549.715155481873,24.77
06-17-2025 17:30:00,66.4383446470921,548.483895885955,24.82
06-17-2025 17:40:00,68.9639180085165,549.128143609199,24.88
06-17-2025 17:50:00,68.047536807128,549.662939725091,24.92
06-17-2025 18:00:00,68.0755398691435,548.849674372872,24.98
06-17-2025 18:10:00,69.0378981840492,548.658126686292,25.03
06-17-2025 18:20:00,68.4407109396477,549.094974287651,25.09
06-17-2025 18:30:00,69.0872886049891,549.004734658817,25.13
06-17-2025 18:40:00,68.6907577116709,549.018773900147,25.17
06-17-2025 18:50:00,68.6071208368669,549.450364453298,25.21
06-17-2025 19:00:00,67.2703315154803,549.464535041566,25.25
06-17-2025 19:10:00,67.7010139352007,549.472784537653,25.27
06-17-2025 19:20:00,67.2961624697993,549.585482863179,25.29
06-17-2025 19:30:00,67.6225097096862,550.011636898488,25.31
06-17-2025 19:40:00,67.4264899554624,549.392974948679,25.33
06-17-2025 19:50:00,68.0590070669835,550.44020605238,25.33
06-17-2025 20:00:00,67.2322720372642,550.027504707208,25.34
06-17-2025 20:10:00,69.2233828660668,549.193736684835,25.34
06-17-2025 20:20:00,68.3928985139854,550.13651475804,25.34
06-17-2025 20:30:00,69.1299639149748,549.198218148529,25.34
06-17-2025 20:40:00,67.7732394239307,549.40649474875,25.33
06-17-2025 20:50:00,68.084771852298,548.984893120335,25.31
06-17-2025 21:00:00,68.2955000801595,550.342261135312,25.3
06-17-2025 21:10:00,67.8757107466655,549.293880940693,25.28
06-17-2025 21:20:00,68.9181246802341,549.707904229114,25.26
06-17-2025 21:30:00,66.719685316505,550.745206913207,25.23
06-17-2025 21:40:00,69.0183400620731,549.178325336666,25.22
06-17-2025 21:50:00,68.1811904134794,549.905263959412,25.2
06-17-2025 22:00:00,67.031234750551,548.962143771993,25.18
06-17-2025 22:10:00,66.7164266995285,550.001885409552,25.16
06-17-2025 22:20:00,67.8623092803225,549.997990204894,25.14
06-17-2025 22:30:00,68.7953931348315,548.843777983117,25.11
06-17-2025 22:40:00,69.3147422869123,550.508593132444,25.09
06-17-2025 22:50:00,70.5559016989331,551.124000427981,25.05
06-17-2025 23:00:00,68.357184844513,549.342073796712,25.01
06-17-2025 23:10:00,69.3818070054429,550.680590853479,24.95
06-17-2025 23:20:00,68.7434449162134,550.355032104893,24.9
06-17-2025 23:30:00,68.8341352461501,551.174543093729,24.85
06-17-2025 23:40:00,68.9247520523431,550.64096917971,24.8
06-17-2025 23:50:00,68.5955905809457,551.144612501319,24.74
06-18-2025 00:00:00,68.2667639081073,550.608488401597,24.68
06-18-2025 00:10:00,68.9694248495123,551.00161874694,24.6
06-18-2025 00:20:00,66.8725425449943,550.151774062609,24.53
06-18-2025 00:30:00,70.7946710090354,549.199181492427,24.46
06-18-2025 00:40:00,68.1771084038856,551.354792286303,24.38
06-18-2025 00:50:00,69.3960616839691,550.710448892642,24.3
06-18-2025 01:00:00,69.2713552691122,549.86286380434,24.23
06-18-2025 01:10:00,68.7254054830007,550.148509462522,24.14
06-18-2025 01:20:00,68.2873694119228,550.229943212935,24.06
06-18-2025 01:30:00,70.0157599733928,550.928128256737,23.97
06-18-2025 01:40:00,69.4818594070855,550.601965245487,23.91
06-18-2025 01:50:00,70.385635834629,550.786099915095,23.83
06-18-2025 02:00:00,68.8245450707152,550.669655828845,23.78
06-18-2025 02:10:00,69.624712980087,550.338136606321,23.7
06-18-2025 02:20:00,68.3673364072129,550.628109523963,23.63
06-18-2025 02:30:00,69.8951142035836,550.508897378567,23.57
06-18-2025 02:40:00,71.1047822061051,550.79542038989,23.49
06-18-2025 02:50:00,69.5402353825242,551.598782193353,23.42
06-18-2025 03:00:00,69.210852441429,550.03729356619,23.35
06-18-2025 03:10:00,68.2729005201622,549.921547723841,23.3
06-18-2025 03:20:00,70.4126751893514,549.802959278539,23.24
06-18-2025 03:30:00,69.2585299165788,551.217900117183,23.16
06-18-2025 03:40:00,69.1426378356253,551.409537975173,23.11
06-18-2025 03:50:00,68.2029238863101,550.982794439854,23.05
06-18-2025 04:00:00,70.0309058407111,550.556463481582,22.99
06-18-2025 04:10:00,70.2145035968266,550.332425296323,22.92
06-18-2025 04:20:00,69.8899192176916,551.442291042479,22.86
06-18-2025 04:30:00,69.5618925715149,550.706442969999,22.79
06-18-2025 04:40:00,70.7717778203284,550.178867349776,22.73
06-18-2025 04:50:00,69.0203245987084,550.267966265984,22.68
06-18-2025 05:00:00,70.5358668562534,550.558343993217,22.62
06-18-2025 05:10:00,69.1908478548835,551.358971097184,22.56
06-18-2025 05:20:00,68.1569786668765,550.018481481767,22.51
06-18-2025 05:30:00,69.2590390268081,550.917646952203,22.44
06-18-2025 05:40:00,70.2655017231973,550.190440240402,22.39
06-18-2025 05:50:00,68.9231734465465,551.601188235853,22.33
06-18-2025 06:00:00,68.3025217784335,550.266029012203,22.29
06-18-2025 06:10:00,69.511826060404,550.150998394742,22.24
06-18-2025 06:20:00,69.087648798653,551.559993964555,22.18
06-18-2025 06:30:00,70.6007907214704,551.037517560577,22.13
06-18-2025 06:40:00,69.0651750541537,550.721845168749,22.09
06-18-2025 06:50:00,69.8654963861146,550.911792463537,22.04
06-18-2025 07:00:00,69.3439459174244,550.999940453315,21.99
06-18-2025 07:10:00,69.1312951709022,550.278212907504,21.95
06-18-2025 07:20:00,70.1413511034729,549.864540688899,21.92
06-18-2025 07:30:00,70.9439689237847,551.479008142161,21.88
06-18-2025 07:40:00,69.5129025568715,550.250202629105,21.84
06-18-2025 07:50:00,69.1012051432509,550.344286169654,21.81
06-18-2025 08:00:00,70.4144863379602,550.43831160071,21.78
06-18-2025 08:10:00,69.9013385336421,550.532278955823,21.75
06-18-2025 08:20:00,70.4025191129941,550.423373113029,21.72
06-18-2025 08:30:00,71.2114597240258,550.418828076845,21.7
06-18-2025 08:40:00,69.6847926241789,551.323631695839,21.67
06-18-2025 08:50:00,69.6789937529653,551.315908332667,21.64
06-18-2025 09:00:00,68.76500448518,550.399262197529,21.62
06-18-2025 09:10:00,71.2021848290065,550.907164753702,21.62
06-18-2025 09:20:00,69.5863768525356,550.4018081639,21.62
06-18-2025 09:30:00,69.392815870272,548.683335458621,21.63
06-18-2025 09:40:00,70.0061960622322,551.521899444278,21.63
06-18-2025 09:50:00,68.5965534737985,551.627494515562,21.64
06-18-2025 10:00:00,70.2309349271872,550.418484982741,21.66
06-18-2025 10:10:00,70.9496466845541,550.929454471072,21.67
06-18-2025 10:20:00,68.6345240974409,551.547924329009,21.7
06-18-2025 10:30:00,69.9654802308909,549.729823771037,21.72
06-18-2025 10:40:00,71.0940199916759,549.83817440031,21.74
06-18-2025 10:50:00,71.1109220725832,548.934955081948,21.77
06-18-2025 11:00:00,69.4027696159823,550.97402517664,21.8
06-18-2025 11:10:00,68.3027667074786,549.969115861716,21.83
06-18-2025 11:20:00,69.6462458673234,551.30477208907,21.88
06-18-2025 11:30:00,70.8930687197509,550.003280298743,21.94
06-18-2025 11:40:00,69.9050210169975,551.139865268917,22
06-18-2025 11:50:00,68.305849886001,550.955579065913,22.06
06-18-2025 12:00:00,70.371550913212,550.061828898215,22.13
06-18-2025 12:10:00,70.6147145170324,551.616506949518,22.22
06-18-2025 12:20:00,69.9448945924242,550.527041189239,22.32
06-18-2025 12:30:00,70.1918877831711,550.455686120118,22.42
06-18-2025 12:40:00,70.1368336554329,550.285066600795,22.53
06-18-2025 12:50:00,70.2822222263714,551.745886371037,22.63
06-18-2025 13:00:00,68.7917960659476,551.879817171055,22.73
06-18-2025 13:10:00,70.1681336312165,550.686555225897,22.84
06-18-2025 13:20:00,70.3100778245454,551.021660850171,22.93
06-18-2025 13:30:00,69.6397521798644,551.670884708496,23.04
06-18-2025 13:40:00,68.7592897888082,549.342754576874,23.14
06-18-2025 13:50:00,70.0337398297232,550.502037785763,23.24
06-18-2025 14:00:00,70.2787744145293,550.118730343978,23.33
06-18-2025 14:10:00,69.5986205953432,550.249027745192,23.42
06-18-2025 14:20:00,70.8689561014342,550.067811991493,23.5
06-18-2025 14:30:00,70.5886461259444,549.571598507179,23.56
06-18-2025 14:40:00,68.9726456050288,549.695852314861,23.63
06-18-2025 14:50:00,67.2481018982863,550.435720406862,23.69
06-18-2025 15:00:00,70.3685011286667,550.041986338909,23.75
06-18-2025 15:10:00,68.7423872352063,549.541761465468,23.8
06-18-2025 15:20:00,67.4173473574365,548.725797481393,23.83
06-18-2025 15:30:00,67.9495137216161,550.180146542041,23.86
06-18-2025 15:40:00,68.0689775611234,548.434739534285,23.89
06-18-2025 15:50:00,69.5347343312812,549.686109767888,23.93
06-18-2025 16:00:00,70.2782943552134,547.425767319538,23.97
06-18-2025 16:10:00,68.0253604093745,548.780953992675,24.01
06-18-2025 16:20:00,70.9359669478225,548.893623590413,24.04
06-18-2025 16:30:00,68.4677487135279,548.90007655835,24.06
06-18-2025 16:40:00,69.1008426485517,549.320137511598,24.08
06-18-2025 16:50:00,68.0793934239502,548.292418998617,24.1
06-18-2025 17:00:00,67.3715092266917,547.784312411453,24.13
06-18-2025 17:10:00,68.2153717669516,549.241939352876,24.16
06-18-2025 17:20:00,68.3388292043043,548.943659851494,24.2
06-18-2025 17:30:00,71.0470345921302,549.056458714197,24.23
06-18-2025 17:40:00,68.4787096902128,548.240072380883,24.27
06-18-2025 17:50:00,67.7735244920936,548.251955049391,24.31
06-18-2025 18:00:00,68.5151040336421,549.297310844089,24.34
06-18-2025 18:10:00,69.1571417003909,548.169222397448,24.38
06-18-2025 18:20:00,68.6589160106846,548.18105339181,24.42
06-18-2025 18:30:00,69.0902110907021,548.086341097402,24.45
06-18-2025 18:40:00,68.3804574953219,547.784066423651,24.48
06-18-2025 18:50:00,66.1101934883688,548.827860670986,24.5
06-18-2025 19:00:00,68.9246658814312,548.107634451586,24.52
06-18-2025 19:10:00,67.7955590839011,549.567019628293,24.54
06-18-2025 19:20:00,67.5968364819751,549.259027422699,24.55
06-18-2025 19:30:00,67.8169959764457,549.057679579743,24.57
06-18-2025 19:40:00,68.5490624394149,548.435191787157,24.57
06-18-2025 19:50:00,68.4541822589577,548.646178909413,24.58
06-18-2025 20:00:00,67.9402506698444,547.815937953894,24.58
06-18-2025 20:10:00,67.1112273919395,548.125091164147,24.57
06-18-2025 20:20:00,68.6702136729392,548.330359566162,24.56
06-18-2025 20:30:00,69.3984431007402,547.601274753218,24.55
06-18-2025 20:40:00,66.9086527390842,549.467377539631,24.54
06-18-2025 20:50:00,68.5710552721942,548.634500208809,24.53
06-18-2025 21:00:00,66.4933717323255,546.761198119319,24.51
06-18-2025 21:10:00,69.8156831471809,547.485256887907,24.5
06-18-2025 21:20:00,67.738312120277,548.102616176925,24.48
06-18-2025 21:30:00,67.2212185057519,548.411386666334,24.47
06-18-2025 21:40:00,70.1235985754808,547.679987027797,24.45
06-18-2025 21:50:00,67.3210912143357,547.882187782295,24.43
06-18-2025 22:00:00,68.0449884089631,548.395378996291,24.41
06-18-2025 22:10:00,68.5612973913127,548.80471315475,24.39
06-18-2025 22:20:00,69.1810888628758,549.524864395861,24.37
06-18-2025 22:30:00,67.6206657043006,547.858302267058,24.34
06-18-2025 22:40:00,67.5186657605117,549.720956817403,24.33
06-18-2025 22:50:00,67.931112866337,548.368486040492,24.31
06-18-2025 23:00:00,70.3077322668585,548.153097702671,24.28
06-18-2025 23:10:00,67.8198547694225,548.872633461672,24.26
06-18-2025 23:20:00,67.7106878429246,548.243046791543,24.23
06-18-2025 23:30:00,67.8085928568944,548.752354617297,24.2
06-18-2025 23:40:00,68.4165342535132,549.048675516449,24.15
06-18-2025 23:50:00,67.5796548069151,548.727053876568,24.11
06-19-2025 00:00:00,67.8806918237822,549.129406700999,24.07
06-19-2025 00:10:00,69.1043525923244,547.252076835354,24.01
06-19-2025 00:20:00,69.2975949998354,547.445202815463,23.96
06-19-2025 00:30:00,68.5686873126201,549.812446342464,23.93
06-19-2025 00:40:00,69.7981187254974,548.665169631329,23.89
06-19-2025 00:50:00,69.0658074650576,549.789189546175,23.85
06-19-2025 01:00:00,66.9892165307164,549.980952263645,23.8
06-19-2025 01:10:00,70.1735112021896,548.728853243786,23.75
06-19-2025 01:20:00,67.9987238914791,548.820641598136,23.71
06-19-2025 01:30:00,68.1883337180878,549.627894224949,23.65
06-19-2025 01:40:00,67.9694268708151,549.304394549782,23.6
06-19-2025 01:50:00,67.9566028827157,549.907695198074,23.55
06-19-2025 02:00:00,67.2269839796878,547.323095615833,23.51
06-19-2025 02:10:00,68.9633131326922,549.469829178388,23.46
06-19-2025 02:20:00,68.9537762230944,549.766751990054,23.42
06-19-2025 02:30:00,69.6601407428131,549.649340438658,23.37
06-19-2025 02:40:00,69.8521568219254,549.223754657259,23.32
06-19-2025 02:50:00,70.249436856341,548.798509030801,23.27
06-19-2025 03:00:00,69.5207610678744,549.40316566375,23.23
06-19-2025 03:10:00,69.815252472431,549.080771355552,23.18
06-19-2025 03:20:00,69.90431960536,549.374179522125,23.13
06-19-2025 03:30:00,67.2280168445826,549.977907106603,23.09
06-19-2025 03:40:00,68.8521616469297,549.0376712874,23.03
06-19-2025 03:50:00,70.2735568263761,549.330695405988,22.98
06-19-2025 04:00:00,69.440500411958,549.725886426134,22.93
06-19-2025 04:10:00,67.7890988259212,548.687425778736,22.88
06-19-2025 04:20:00,69.4138533012735,549.082530677369,22.83
06-19-2025 04:30:00,68.3739945864678,548.962984802926,22.77
06-19-2025 04:40:00,69.7925494066403,549.971057802794,22.72
06-19-2025 04:50:00,69.4725001172911,548.627637443833,22.67
06-19-2025 05:00:00,69.8641146044214,549.427800317023,22.61
06-19-2025 05:10:00,68.2204920049747,549.007617282412,22.57
06-19-2025 05:20:00,69.428947574138,549.296570511377,22.51
06-19-2025 05:30:00,67.4736844237963,550.707412793935,22.45
06-19-2025 05:40:00,68.5865719586935,548.859555328435,22.41
06-19-2025 05:50:00,69.287263687709,549.252947179329,22.36
06-19-2025 06:00:00,69.7835822715586,548.932705664714,22.31
06-19-2025 06:10:00,69.4609582133645,549.017315670195,22.25
06-19-2025 06:20:00,70.7712216654665,549.308279664325,22.2
06-19-2025 06:30:00,69.947042909295,550.00896326627,22.16
06-19-2025 06:40:00,68.4076392253339,549.281956910445,22.11
06-19-2025 06:50:00,69.6188256952974,549.473611654234,22.07
06-19-2025 07:00:00,69.198925908172,549.255621762416,22.02
06-19-2025 07:10:00,68.3729107577995,549.647490596827,21.97
06-19-2025 07:20:00,69.9890520749071,548.822945527684,21.93
06-19-2025 07:30:00,69.7762558348087,549.420612154549,21.89
06-19-2025 07:40:00,70.9886027822682,549.310109673796,21.86
06-19-2025 07:50:00,70.1629442172602,549.904355935706,21.81
06-19-2025 08:00:00,69.9540004036921,548.880664841918,21.78
06-19-2025 08:10:00,69.7451597122455,549.886113338256,21.75
06-19-2025 08:20:00,69.2285647632126,550.178289673866,21.71
06-19-2025 08:30:00,69.5305527610806,549.563689434663,21.69
06-19-2025 08:40:00,68.6088852864595,549.045006040091,21.65
06-19-2025 08:50:00,69.9204688343846,549.542670923194,21.62
06-19-2025 09:00:00,70.2221217302718,549.131204718554,21.6
06-19-2025 09:10:00,68.7004281543287,549.023734896362,21.58
06-19-2025 09:20:00,69.107073533033,550.640908856437,21.57
06-19-2025 09:30:00,70.9277350894493,549.01419277091,21.55
06-19-2025 09:40:00,69.7176279819431,548.102224267977,21.55
06-19-2025 09:50:00,68.8113189487236,549.114310391382,21.55
06-19-2025 10:00:00,69.727808406503,548.911183613253,21.55
06-19-2025 10:10:00,68.9227620496191,548.404244183617,21.55
06-19-2025 10:20:00,68.7253138503643,548.808692435844,21.55
06-19-2025 10:30:00,70.759480136208,549.823608479253,21.56
06-19-2025 10:40:00,68.2362299211387,549.319429237692,21.57
06-19-2025 10:50:00,70.9834914135299,549.020553524887,21.59
06-19-2025 11:00:00,69.1724109296291,548.214985845246,21.61
06-19-2025 11:10:00,67.2594014228545,549.537134129972,21.63
06-19-2025 11:20:00,69.4033824672585,548.531440806056,21.66
06-19-2025 11:30:00,67.4931039814656,549.045981877434,21.69
06-19-2025 11:40:00,69.7469310318568,547.842279445698,21.74
06-19-2025 11:50:00,68.4477338636724,549.171389074217,21.78
06-19-2025 12:00:00,66.5455535700574,549.796692780952,21.84
06-19-2025 12:10:00,68.1995427067044,548.902055483127,21.91
06-19-2025 12:20:00,69.8591070647695,550.245028594976,21.99
06-19-2025 12:30:00,68.5823194126597,549.56439200292,22.1
06-19-2025 12:40:00,69.0304601069199,548.981502378507,22.2
06-19-2025 12:50:00,69.4829889961306,549.113721753195,22.31
06-19-2025 13:00:00,70.3442935031181,549.756128636203,22.42
06-19-2025 13:10:00,68.8555938262333,548.865599272093,22.52
06-19-2025 13:20:00,69.5097893597115,548.893030441038,22.62
06-19-2025 13:30:00,69.1389669082016,549.633312416329,22.71
06-19-2025 13:40:00,68.7603540192702,548.527462025203,22.78
06-19-2025 13:50:00,67.6648168098894,549.36504903654,22.85
06-19-2025 14:00:00,69.4392505463261,549.694430566351,22.93
06-19-2025 14:10:00,68.7562747650501,548.486893456781,23.01
06-19-2025 14:20:00,68.6841146969197,548.710723280434,23.08
06-19-2025 14:30:00,68.5092547718757,548.832192725952,23.15
06-19-2025 14:40:00,68.4332541531801,547.411051796934,23.21
06-19-2025 14:50:00,70.4076166166424,548.861534085355,23.26
06-19-2025 15:00:00,68.3729804934427,548.050051734457,23.3
06-19-2025 15:10:00,68.3851974881501,547.951870145142,23.32
06-19-2025 15:20:00,68.1918747726666,548.67580408836,23.34
06-19-2025 15:30:00,68.8207809776102,547.03586286349,23.36
06-19-2025 15:40:00,68.836700952402,547.351364948247,23.39
06-19-2025 15:50:00,68.5477199560459,547.66976044395,23.43
06-19-2025 16:00:00,68.7765770209036,546.962236736528,23.48
06-19-2025 16:10:00,67.2592757889312,546.977332840569,23.54
06-19-2025 16:20:00,68.4146460106033,547.916588374617,23.59
06-19-2025 16:30:00,68.9491636326615,547.514529374988,23.63
06-19-2025 16:40:00,69.8925121679785,548.242961754827,23.66
06-19-2025 16:50:00,69.293966700315,548.149986857516,23.7
06-19-2025 17:00:00,69.4204919616531,548.162847695264,23.75
06-19-2025 17:10:00,67.2775168439102,547.969380374501,23.8
06-19-2025 17:20:00,69.2573350721961,548.185764592159,23.84
06-19-2025 17:30:00,68.558046765308,546.030559952943,23.89
06-19-2025 17:40:00,69.0939103748645,548.208669016547,23.93
06-19-2025 17:50:00,67.7634359156958,548.626268249465,23.95
06-19-2025 18:00:00,68.5059468559682,547.189861985414,23.99
06-19-2025 18:10:00,69.0422248662807,547.716354583715,24.03
06-19-2025 18:20:00,69.1615964084053,547.620050127615,24.06
06-19-2025 18:30:00,69.5912630862699,547.627098782959,24.09
06-19-2025 18:40:00,69.4005053322173,548.254774143596,24.12
06-19-2025 18:50:00,68.2784616256876,548.572356718726,24.15
06-19-2025 19:00:00,68.907887515267,546.607926089375,24.16
06-19-2025 19:10:00,69.3341413085329,547.543418584408,24.18
06-19-2025 19:20:00,68.1008130177393,547.027380490316,24.19
06-19-2025 19:30:00,69.665718397535,547.135017470658,24.21
06-19-2025 19:40:00,69.1567818371593,548.275201020481,24.22
06-19-2025 19:50:00,68.6441244810138,547.756238079945,24.22
06-19-2025 20:00:00,67.8244520100374,547.136461648032,24.23
06-19-2025 20:10:00,67.9829252182667,548.481046924948,24.23
06-19-2025 20:20:00,68.1413964174402,548.994465209188,24.22
06-19-2025 20:30:00,68.7638717385461,547.851513594611,24.21
06-19-2025 20:40:00,68.3475536271585,548.776044693768,24.19
06-19-2025 20:50:00,68.2971668066942,547.633371973802,24.18
06-19-2025 21:00:00,68.2467779771738,548.14659535849,24.17
06-19-2025 21:10:00,68.5585590845609,548.556246488144,24.16
06-19-2025 21:20:00,69.3913015768124,548.658272201266,24.16
06-19-2025 21:30:00,69.0785051120452,548.651109897444,24.14
06-19-2025 21:40:00,67.8384178117435,548.7502344179,24.13
06-19-2025 21:50:00,69.8051511740939,548.125255262955,24.12
06-19-2025 22:00:00,69.2855443156042,548.2215673143,24.1
06-19-2025 22:10:00,70.6236066706036,547.487844486622,24.07
06-19-2025 22:20:00,68.8635343251414,548.82474181813,24.05
06-19-2025 22:30:00,69.0679180178394,547.267057059811,24.03
06-19-2025 22:40:00,69.7889546359193,548.293486199479,24.01
06-19-2025 22:50:00,68.2365550997605,549.112905781618,23.99
06-19-2025 23:00:00,68.3340388394999,547.553156976143,23.96
06-19-2025 23:10:00,68.6380250676617,548.369508736545,23.93
06-19-2025 23:20:00,69.4581076476938,547.946444127342,23.9
06-19-2025 23:30:00,68.5193741284676,549.378699365851,23.86
06-19-2025 23:40:00,69.4385215272222,549.262274952223,23.82
06-19-2025 23:50:00,68.6035686279285,548.114450008363,23.78
06-20-2025 00:00:00,68.8039150161225,548.929371571885,23.75
06-20-2025 00:10:00,69.6116696532591,547.570621125656,23.69
06-20-2025 00:20:00,70.11329374432,548.379404003419,23.64
06-20-2025 00:30:00,69.378700209749,548.054681514191,23.59
06-20-2025 00:40:00,69.3726259485646,548.868276957858,23.56
06-20-2025 00:50:00,68.3300859617938,548.337709259934,23.51
06-20-2025 01:00:00,68.7322317727375,547.501692419868,23.47
06-20-2025 01:10:00,70.4711203471253,548.31176592398,23.43
06-20-2025 01:20:00,69.0216629718691,548.504411950095,23.39
06-20-2025 01:30:00,68.7073305694469,547.927631549834,23.36
06-20-2025 01:40:00,69.7253736282723,547.35083858141,23.32
06-20-2025 01:50:00,71.1536185248567,549.18708937763,23.28
06-20-2025 02:00:00,68.1654679430902,548.660356844346,23.24
06-20-2025 02:10:00,68.5667771241567,549.160468180016,23.2
06-20-2025 02:20:00,68.9642103709166,548.528627979369,23.15
06-20-2025 02:30:00,69.6726821176079,548.207787610568,23.11
06-20-2025 02:40:00,70.0693655413525,548.294507673882,23.06
06-20-2025 02:50:00,68.4159320512606,548.483631456128,23.01
06-20-2025 03:00:00,69.9434146983704,548.880325215179,22.97
06-20-2025 03:10:00,71.5723103142125,548.96947753904,22.93
06-20-2025 03:20:00,70.4319344342807,549.567595180343,22.88
06-20-2025 03:30:00,68.6784792463416,548.83482129205,22.83
06-20-2025 03:40:00,69.5861421903519,548.511817960792,22.78
06-20-2025 03:50:00,67.9402500231777,547.885068138682,22.74
06-20-2025 04:00:00,69.8660695497489,548.684252660805,22.68
06-20-2025 04:10:00,69.6482736272673,549.281184289734,22.63
06-20-2025 04:20:00,68.7157748876629,547.83508313559,22.58
06-20-2025 04:30:00,70.7444900352065,548.329760140732,22.53
06-20-2025 04:40:00,68.485762811156,549.742395675038,22.48
06-20-2025 04:50:00,69.4965317481051,549.320721659257,22.44
06-20-2025 05:00:00,69.5852275579314,548.896475123085,22.39
06-20-2025 05:10:00,68.7565298658726,548.778337487178,22.34
06-20-2025 05:20:00,69.3548750621529,548.9659312145,22.29
06-20-2025 05:30:00,69.5417427979252,549.354167801909,22.23
06-20-2025 05:40:00,70.2410199467208,549.235954539176,22.18
06-20-2025 05:50:00,70.4309800178315,547.388091524179,22.13
06-20-2025 06:00:00,69.4002995459894,547.880996893401,22.08
06-20-2025 06:10:00,69.2890513905922,548.172922037694,22.04
06-20-2025 06:20:00,69.4791892370261,548.970009725682,21.99
06-20-2025 06:30:00,68.1453159604672,549.05529625975,21.94
06-20-2025 06:40:00,69.0501829265078,548.432444677203,21.9
06-20-2025 06:50:00,70.1575057593462,548.723702402427,21.86
06-20-2025 07:00:00,70.6551604079887,548.405811501213,21.82
06-20-2025 07:10:00,70.1379162980506,547.580827852805,21.78
06-20-2025 07:20:00,69.6210120329658,547.466339643439,21.74
06-20-2025 07:30:00,69.7127931744441,548.061649246423,21.7
06-20-2025 07:40:00,69.5040404119051,548.35525944421,21.67
06-20-2025 07:50:00,69.9975034503047,548.339136212766,21.62
06-20-2025 08:00:00,69.0761596309275,547.819327627925,21.58
06-20-2025 08:10:00,69.8804368681236,549.226601404013,21.55
06-20-2025 08:20:00,69.6719014596465,548.102124804643,21.52
06-20-2025 08:30:00,69.4634686061083,548.294007455557,21.49
06-20-2025 08:40:00,69.1503846513428,548.381813795513,21.45
06-20-2025 08:50:00,69.5527476708683,548.070444807406,21.43
06-20-2025 09:00:00,69.0410700276838,548.464438601148,21.4
06-20-2025 09:10:00,68.0309858516047,548.155912998342,21.39
06-20-2025 09:20:00,69.8489845447069,548.754754900278,21.37
06-20-2025 09:30:00,70.7601639297816,547.435158048015,21.36
06-20-2025 09:40:00,70.0535702099209,548.137792565306,21.35
06-20-2025 09:50:00,68.8451547257478,548.034300478813,21.35
06-20-2025 10:00:00,70.0595428711441,547.826964259903,21.34
06-20-2025 10:10:00,71.3785523874242,548.936573705131,21.34
06-20-2025 10:20:00,69.9716643568724,547.622647360601,21.35
06-20-2025 10:30:00,70.2834088289735,548.634017504083,21.36
06-20-2025 10:40:00,69.2806680384417,548.229889238597,21.37
06-20-2025 10:50:00,70.4014110350003,548.533566258949,21.38
06-20-2025 11:00:00,69.1962417035184,548.129339494482,21.39
06-20-2025 11:10:00,70.2196534388847,547.930061044911,21.41
06-20-2025 11:20:00,69.3212136419509,547.831873245496,21.43
06-20-2025 11:30:00,69.1378715337953,546.119887079051,21.47
06-20-2025 11:40:00,70.2704412955291,548.658582393176,21.51
06-20-2025 11:50:00,69.1758790943702,547.148258757153,21.55
06-20-2025 12:00:00,69.1007003980658,546.959167917404,21.61
06-20-2025 12:10:00,71.2554954247189,548.391739012344,21.67
06-20-2025 12:20:00,70.4786780890005,548.20859837036,21.75
06-20-2025 12:30:00,68.7908775401284,548.230983435439,21.84
06-20-2025 12:40:00,71.1675945143093,547.443450518504,21.94
06-20-2025 12:50:00,70.0912914604246,548.58641983773,22.04
06-20-2025 13:00:00,70.6376350452242,548.202115765592,22.13
06-20-2025 13:10:00,70.0683595946022,548.125485366259,22.23
06-20-2025 13:20:00,69.6983497313328,548.249762315936,22.32
06-20-2025 13:30:00,69.4333671397583,547.051124416585,22.42
06-20-2025 13:40:00,69.3684913012933,547.787187067611,22.51
06-20-2025 13:50:00,68.9935110133066,547.091626421264,22.59
06-20-2025 14:00:00,71.3737177631141,546.903460833144,22.66
06-20-2025 14:10:00,68.2350187730114,547.226332124799,22.73
06-20-2025 14:20:00,69.7953882153711,547.444518618378,22.79
06-20-2025 14:30:00,69.6209052430194,547.870392981216,22.86
06-20-2025 14:40:00,69.0293650529547,547.164677229472,22.91
06-20-2025 14:50:00,69.8715903435555,546.663262090135,22.96
06-20-2025 15:00:00,69.7848115611469,546.053677657919,22.99
06-20-2025 15:10:00,68.1605150457519,548.108728029924,23.02
06-20-2025 15:20:00,69.8125114560442,547.496429315377,23.04
06-20-2025 15:30:00,70.3298199583453,546.160916627682,23.04
06-20-2025 15:40:00,68.4928188021527,546.570817766114,23.05
06-20-2025 15:50:00,68.9112136303683,546.057987138865,23.06
06-20-2025 16:00:00,70.0474579133284,546.878085115712,23.07
06-20-2025 16:10:00,68.9313845135406,546.470384781868,23.09
06-20-2025 16:20:00,69.6576430711342,547.39326247076,23.1
06-20-2025 16:30:00,70.3877129004488,545.651945364604,23.12
06-20-2025 16:40:00,68.6520736660092,546.26718647298,23.13
06-20-2025 16:50:00,69.788940303818,546.574717796184,23.14
06-20-2025 17:00:00,69.3868670920619,547.190113031902,23.15
06-20-2025 17:10:00,69.4978087618793,547.600364403107,23.16
06-20-2025 17:20:00,68.7877632061555,547.189668834828,23.17
06-20-2025 17:30:00,69.1111115369994,547.092236060965,23.2
06-20-2025 17:40:00,69.5336686455853,546.478690681093,23.22
06-20-2025 17:50:00,69.1384743619051,546.381018343494,23.25
06-20-2025 18:00:00,68.1267655992299,546.180567419026,23.28
06-20-2025 18:10:00,69.5804166870809,546.082750179718,23.31
06-20-2025 18:20:00,69.3940802596247,546.604178513616,23.35
06-20-2025 18:30:00,70.2320569883025,546.81480046567,23.38
06-20-2025 18:40:00,70.3469438522159,546.097403500206,23.4
06-20-2025 18:50:00,69.6355236517281,547.330936139004,23.41
06-20-2025 19:00:00,68.619018444589,545.687801574964,23.43
06-20-2025 19:10:00,68.6272591273375,545.687319358504,23.44
06-20-2025 19:20:00,68.7383622754713,545.583961122719,23.45
06-20-2025 19:30:00,68.8494810834049,545.377701249041,23.46
06-20-2025 19:40:00,69.1627817350909,546.609038183495,23.46
06-20-2025 19:50:00,69.2739398210995,545.682655176091,23.47
06-20-2025 20:00:00,68.8670953199047,546.193902708239,23.47
06-20-2025 20:10:00,67.8429630173406,545.573447052981,23.47
06-20-2025 20:20:00,68.8764480134324,545.981788483414,23.47
06-20-2025 20:30:00,68.4625261433549,545.664723944108,23.45
06-20-2025 20:40:00,67.7436752500864,546.276035785736,23.44
06-20-2025 20:50:00,68.6704914084135,546.167305382307,23.43
06-20-2025 21:00:00,69.5935255954601,546.364423639772,23.41
06-20-2025 21:10:00,68.3607100911568,545.433116828622,23.4
06-20-2025 21:20:00,69.7975853761492,546.14430156873,23.38
06-20-2025 21:30:00,69.4902182436803,547.166335075559,23.37
06-20-2025 21:40:00,68.9773266820145,546.132444066527,23.36
06-20-2025 21:50:00,69.2903452204648,545.615213059076,23.36
06-20-2025 22:00:00,69.908074157126,547.767646085118,23.35
06-20-2025 22:10:00,68.2647584434951,546.425527499916,23.34
06-20-2025 22:20:00,69.9100827079835,546.522279684357,23.33
06-20-2025 22:30:00,69.4964605080491,545.588865665869,23.31
06-20-2025 22:40:00,68.2681739668754,547.22941895596,23.31
06-20-2025 22:50:00,68.2658006502623,545.98783331825,23.29
06-20-2025 23:00:00,69.4004457367614,547.730816352481,23.29
06-20-2025 23:10:00,68.5832673692959,546.391963484481,23.29
06-20-2025 23:20:00,68.998816326401,546.696737159819,23.29
06-20-2025 23:30:00,69.5098701676705,547.406890453819,23.27
06-20-2025 23:40:00,68.7919826355465,546.681785234566,23.26
06-20-2025 23:50:00,68.4849864140719,546.572947407579,23.25
06-21-2025 00:00:00,70.0263676897964,546.977538884552,23.24
06-21-2025 00:10:00,70.3317007733848,547.481961755277,23.22
06-21-2025 00:20:00,69.3060598657815,546.654438478255,23.21
06-21-2025 00:30:00,70.0220044817764,546.850835317764,23.19
06-21-2025 00:40:00,70.53246074365,546.739277315033,23.17
06-21-2025 00:50:00,69.9140555417568,546.730350887743,23.15
06-21-2025 01:00:00,68.8854891930198,546.208456854312,23.13
06-21-2025 01:10:00,69.0881555058798,547.020188840408,23.11
06-21-2025 01:20:00,68.2651802229651,546.806064334473,23.09
06-21-2025 01:30:00,69.5922199443026,546.896903194096,23.06
06-21-2025 01:40:00,69.2749191980959,546.472470792184,23.02
06-21-2025 01:50:00,68.6574874108188,546.873440531756,23
06-21-2025 02:00:00,67.4254746454717,548.093976839787,22.98
06-21-2025 02:10:00,68.9563940218525,548.081917897445,22.95
06-21-2025 02:20:00,71.2034476695334,545.714344482884,22.92
06-21-2025 02:30:00,68.5347673378311,547.750611090461,22.89
06-21-2025 02:40:00,70.1666370002407,547.124427817836,22.86
06-21-2025 02:50:00,69.0310448758106,547.519148861934,22.82
06-21-2025 03:00:00,69.7411189384686,546.688748945088,22.79
06-21-2025 03:10:00,70.038099675556,547.492434566573,22.75
06-21-2025 03:20:00,68.3924039301131,548.193338851062,22.71
06-21-2025 03:30:00,68.8940399876266,547.565137840129,22.67
06-21-2025 03:40:00,69.2896147860286,547.343263972828,22.62
06-21-2025 03:50:00,67.8467428892297,547.325793134116,22.57
06-21-2025 04:00:00,69.2631852809929,546.900017609754,22.52
06-21-2025 04:10:00,67.9235497066671,546.984746160497,22.47
06-21-2025 04:20:00,69.8523589909805,547.276109870928,22.43
06-21-2025 04:30:00,70.654599909601,546.646882010934,22.38
06-21-2025 04:40:00,69.0066618900621,547.849867472205,22.32
06-21-2025 04:50:00,68.5826442971345,547.014495971042,22.26
06-21-2025 05:00:00,70.7078983916821,547.404365347527,22.21
06-21-2025 05:10:00,68.7569448974571,547.892889567572,22.15
06-21-2025 05:20:00,69.8593825673022,546.956898312285,22.09
06-21-2025 05:30:00,70.1474133884693,547.546794612073,22.03
06-21-2025 05:40:00,69.3173930586754,547.628016684659,21.97
06-21-2025 05:50:00,69.9136968028338,547.7119064901,21.92
06-21-2025 06:00:00,70.6578007910297,547.589893944029,21.86
06-21-2025 06:10:00,71.4019027701696,546.656192792846,21.8
06-21-2025 06:20:00,69.1564200496009,546.436018236322,21.75
06-21-2025 06:30:00,68.9335952812236,547.325850936589,21.68
06-21-2025 06:40:00,70.0424939700038,546.806958152185,21.65
06-21-2025 06:50:00,68.5094824310069,546.586944598828,21.6
06-21-2025 07:00:00,69.4081260781509,546.772161807237,21.55
06-21-2025 07:10:00,69.3008303347892,546.86136227177,21.52
06-21-2025 07:20:00,69.3889621209311,546.337911686826,21.47
06-21-2025 07:30:00,68.0642136904983,545.918641602984,21.43
06-21-2025 07:40:00,71.1902472191005,546.814377996669,21.39
06-21-2025 07:50:00,68.7501891271312,545.988175243153,21.34
06-21-2025 08:00:00,69.3507207019315,546.077340140943,21.31
06-21-2025 08:10:00,70.3515333421017,546.972102746131,21.27
06-21-2025 08:20:00,69.6381910976188,546.656903525467,21.24
06-21-2025 08:30:00,69.7330866574608,546.240857763515,21.21
06-21-2025 08:40:00,71.0394730139961,547.339422042842,21.18
06-21-2025 08:50:00,68.9098942391322,546.416052731853,21.14
06-21-2025 09:00:00,68.9561709086479,547.617566947681,21.12
06-21-2025 09:10:00,69.0024455691077,547.201634717085,21.09
06-21-2025 09:20:00,68.9999999791386,546.78856765466,21.07
06-21-2025 09:30:00,70.8165657535642,546.479127305682,21.06
06-21-2025 09:40:00,70.0106151789415,546.976560810411,21.05
06-21-2025 09:50:00,70.2132583467682,546.263743497705,21.04
06-21-2025 10:00:00,70.315029082221,546.256896185304,21.03
06-21-2025 10:10:00,69.5128322567278,546.958537835624,21.03
06-21-2025 10:20:00,69.8198533693013,546.248432439624,21.03
06-21-2025 10:30:00,68.6177465545972,546.751047923984,21.04
06-21-2025 10:40:00,70.1349448709404,547.150170164844,21.04
06-21-2025 10:50:00,69.7395974755812,547.652875851617,21.05
06-21-2025 11:00:00,69.4415322467574,545.732350185816,21.05
06-21-2025 11:10:00,69.2478167145865,545.428054889952,21.06
06-21-2025 11:20:00,69.7601639809388,547.141118406983,21.07
06-21-2025 11:30:00,68.0566492857297,545.729788436859,21.09
06-21-2025 11:40:00,69.8913118329128,545.735835445707,21.13
06-21-2025 11:50:00,70.0074000117062,546.647782594508,21.16
06-21-2025 12:00:00,72.1331160075132,546.555298643793,21.2
06-21-2025 12:10:00,71.5188009059402,546.896483302443,22.18
06-21-2025 12:20:00,70.9044855987725,547.237668847441,21.37
06-21-2025 12:30:00,70.2901700860104,547.578855278787,21.49
06-21-2025 12:40:00,69.6758543676537,547.62245588034,21.63
06-21-2025 12:50:00,69.0615384437024,546.530859559381,21.7
06-21-2025 13:00:00,69.72029580139,546.669273740465,21.82
06-21-2025 13:10:00,70.363628552596,547.913925872165,21.9
06-21-2025 13:20:00,68.8818228893032,547.235006377264,22
06-21-2025 13:30:00,68.2073658844244,547.060772601124,22.09
06-21-2025 13:40:00,69.1605621853261,547.497021138483,22.18
06-21-2025 13:50:00,69.2920335144669,547.215188132054,22.25
06-21-2025 14:00:00,67.8950354514187,546.42348740266,22.32
06-21-2025 14:10:00,69.2495265439493,545.630871190514,22.39
06-21-2025 14:20:00,68.2549693528401,547.079075114331,22.45
06-21-2025 14:30:00,68.5822528562924,546.07634841353,22.5
06-21-2025 14:40:00,68.2931691473023,546.601525249891,22.54
06-21-2025 14:50:00,68.2081466469321,546.207909781048,22.58
06-21-2025 15:00:00,68.5317072566264,546.12051314824,22.62
06-21-2025 15:10:00,67.617224935095,546.024842049068,22.63
06-21-2025 15:20:00,69.1589394115411,546.953738253754,22.65
06-21-2025 15:30:00,69.2621063555712,546.753120867785,22.65
06-21-2025 15:40:00,67.6122191801014,546.234930213898,22.61
06-21-2025 15:50:00,67.1848970501008,546.020703500286,22.56
06-21-2025 16:00:00,68.5092547701252,546.328028256128,22.55
06-21-2025 16:10:00,67.7915407169818,546.839489227443,22.54
06-21-2025 16:20:00,67.9887004695253,546.225190709945,22.52
06-21-2025 16:30:00,68.6960905917098,546.427569024518,22.5
06-21-2025 16:40:00,68.9950788926757,546.936009498864,22.48
06-21-2025 16:50:00,69.1960430558163,546.732895745253,22.47
06-21-2025 17:00:00,70.1069775236599,545.710908863422,22.45
06-21-2025 17:10:00,68.8756072462932,546.219264124481,22.43
06-21-2025 17:20:00,68.2525230674576,545.806892335863,22.4
06-21-2025 17:30:00,68.7552554818691,545.601319320166,22.38
06-21-2025 17:40:00,68.6461736030852,545.599699069057,22.36
06-21-2025 17:50:00,67.8276372039222,545.702705956429,22.35
06-21-2025 18:00:00,68.6400310330423,545.703772678165,22.34
06-21-2025 18:10:00,69.3544824871868,546.31908839738,22.34
06-21-2025 18:20:00,70.07310074776,546.529472927277,22.35
06-21-2025 18:30:00,68.9528144925013,546.839041393746,22.35
06-21-2025 18:40:00,69.9772826635202,544.908715428938,22.36
06-21-2025 18:50:00,67.1199738070946,546.33691677052,22.35
06-21-2025 19:00:00,69.8731451330481,545.932956122719,22.35
06-21-2025 19:10:00,67.9373931716226,546.140595024107,22.35
06-21-2025 19:20:00,68.1382286147949,546.039710573163,22.34
06-21-2025 19:30:00,68.5469042457525,545.330011943295,22.34
06-21-2025 19:40:00,69.1553382433813,545.840703220368,22.33
06-21-2025 19:50:00,67.8314020970707,545.844479446201,22.33
06-21-2025 20:00:00,68.6436606529165,546.049365233853,22.32
06-21-2025 20:10:00,69.1541763650249,545.645511385899,22.32
06-21-2025 20:20:00,69.5627839099182,545.037842501052,22.32
06-21-2025 20:30:00,69.2580355178723,545.347346157138,22.32
06-21-2025 20:40:00,66.8132197261983,545.249218853089,22.32
06-21-2025 20:50:00,69.5657097715827,545.966356128354,22.32
06-21-2025 21:00:00,68.85739397871,546.992017619889,22.33
06-21-2025 21:10:00,68.3487869331845,545.670888475,22.33
06-21-2025 21:20:00,68.149935762155,547.104309771201,22.34
06-21-2025 21:30:00,68.052984620683,545.989639395862,22.35
06-21-2025 21:40:00,70.0967885814453,545.894200845227,22.36
06-21-2025 21:50:00,69.0824319801994,546.002646620375,22.37
06-21-2025 22:00:00,69.2914073508241,546.722860135062,22.38
06-21-2025 22:10:00,68.3747563420164,546.012940867571,22.38
06-21-2025 22:20:00,68.5836900245176,545.611582053682,22.39
06-21-2025 22:30:00,69.8124082573947,546.73978323604,22.4
06-21-2025 22:40:00,68.4917422372301,546.542385593541,22.41
06-21-2025 22:50:00,69.822646275272,547.262882273568,22.42
06-21-2025 23:00:00,68.0897574138778,547.266675340012,22.42
06-21-2025 23:10:00,68.4007349157545,546.151287556153,22.43
06-21-2025 23:20:00,70.1398840937809,546.871871762523,22.44
06-21-2025 23:30:00,69.1207695702715,545.549555277699,22.44
06-21-2025 23:40:00,69.5297756830406,546.471429573595,22.44
06-21-2025 23:50:00,68.9186952745916,545.659158019279,22.44
06-22-2025 00:00:00,71.0618477127319,546.683042719434,22.44
06-22-2025 00:10:00,71.5728618402798,546.788850621875,22.44
06-22-2025 00:20:00,70.5537462887977,546.792650779101,22.44
06-22-2025 00:30:00,68.0045010582854,546.490425927989,22.44
06-22-2025 00:40:00,69.433592253111,547.004271015723,22.44
06-22-2025 00:50:00,68.7164463455015,546.597276772419,22.43
06-22-2025 01:00:00,67.799414174024,547.11108164906,22.43
06-22-2025 01:10:00,70.1422168090255,547.316065861435,22.42
06-22-2025 01:20:00,68.8091677097842,548.232006512585,22.4
06-22-2025 01:30:00,69.4178756485361,547.009317960464,22.39
06-22-2025 01:40:00,69.5125732745679,546.803638261487,22.37
06-22-2025 01:50:00,69.0975743022018,547.107693930828,22.35
06-22-2025 02:00:00,70.4152898061095,546.290571934176,22.33
06-22-2025 02:10:00,70.6074704234288,546.388077214432,22.3
06-22-2025 02:20:00,68.1470361469582,545.973502217078,22.26
06-22-2025 02:30:00,68.6451638115318,547.49669167214,22.23
06-22-2025 02:40:00,71.4846184689262,547.899250641451,22.2
06-22-2025 02:50:00,69.0299890582397,547.385572353352,22.17
06-22-2025 03:00:00,69.7310465268895,547.58445122544,22.14
06-22-2025 03:10:00,70.8386880003288,547.172841298411,22.11
06-22-2025 03:20:00,70.4159940654643,546.656975044112,22.07
06-22-2025 03:30:00,69.3835850301671,547.361436702474,22.03
06-22-2025 03:40:00,70.0754494461946,547.147958069448,21.98
06-22-2025 03:50:00,69.3445971502742,547.848897825099,21.93
06-22-2025 04:00:00,70.133300691824,547.531041462635,21.87
06-22-2025 04:10:00,69.6060656714869,547.825238647774,21.82
06-22-2025 04:20:00,70.3981010329505,547.91630081233,21.77
06-22-2025 04:30:00,68.755706944018,548.108700046722,21.72
06-22-2025 04:40:00,68.6311271814611,547.081775106271,21.66
06-22-2025 04:50:00,67.7975137512003,547.5754836366,21.6
06-22-2025 05:00:00,69.4920917634097,546.040855335499,21.53
06-22-2025 05:10:00,70.9865552829019,547.242963065623,21.47
06-22-2025 05:20:00,70.8611401821244,546.926633412394,21.41
06-22-2025 05:30:00,69.320428313453,547.520531147598,21.35
06-22-2025 05:40:00,68.8927966999979,548.113852333991,21.29
06-22-2025 05:50:00,69.1766528064185,546.891301632047,21.24
06-22-2025 06:00:00,70.6677430203718,547.38344619803,21.18
06-22-2025 06:10:00,68.8312969353057,547.171499518949,21.13
06-22-2025 06:20:00,70.3295002811203,547.366030556264,21.09
06-22-2025 06:30:00,71.4233101770519,547.863002086679,21.05
06-22-2025 06:40:00,70.1933820009754,548.356790840593,21
06-22-2025 06:50:00,71.2864364625447,547.240591060061,20.96
06-22-2025 07:00:00,69.2555925948786,547.132600602873,20.92
06-22-2025 07:10:00,69.4458654162858,546.020200154689,20.89
06-22-2025 07:20:00,68.6290570243509,546.922322258042,20.86
06-22-2025 07:30:00,70.4384582547213,547.024110069499,20.85
06-22-2025 07:40:00,70.5276690813062,546.617039326454,20.82
06-22-2025 07:50:00,69.5179050385712,547.624744245163,20.81
06-22-2025 08:00:00,68.7096045715183,548.129037998222,20.8
06-22-2025 08:10:00,70.1155510032858,548.029401623146,20.79
06-22-2025 08:20:00,71.4248529656923,547.429394601933,20.79
06-22-2025 08:30:00,70.6206806915145,547.030671708115,20.79
06-22-2025 08:40:00,71.0283930295138,547.238562422934,20.8
06-22-2025 08:50:00,70.0228553575633,546.940458398674,20.8
06-22-2025 09:00:00,70.3216366664036,547.646057514169,20.79
06-22-2025 09:10:00,71.2283711187441,547.347979786266,20.79
06-22-2025 09:20:00,70.5248394371169,546.546694842094,20.79
06-22-2025 09:30:00,70.0184878315077,547.654806330934,20.78
06-22-2025 09:40:00,71.3318911085919,545.950543818028,20.79
06-22-2025 09:50:00,69.8273131228419,546.963549177808,20.8
06-22-2025 10:00:00,70.1343338162505,546.064217924971,20.81
06-22-2025 10:10:00,70.0428450653304,546.878796964547,20.83
06-22-2025 10:20:00,69.6451797611593,546.986064885088,20.84
06-22-2025 10:30:00,69.5495215324678,547.395422561693,20.85
06-22-2025 10:40:00,71.0650293200998,548.1069436412,20.86
06-22-2025 10:50:00,70.5666419957217,547.811510090355,20.87
06-22-2025 11:00:00,69.8667428163145,547.717459253714,20.88
06-22-2025 11:10:00,69.6825812592521,547.73251891156,20.92
06-22-2025 11:20:00,69.6998605882213,547.546025206615,20.96
06-22-2025 11:30:00,69.5195916493749,547.765468017365,21.01
06-22-2025 11:40:00,70.4528121151847,548.088782622941,21.07
06-22-2025 11:50:00,69.6712983484847,547.302286995713,21.13
06-22-2025 12:00:00,70.0037993085502,547.123593658609,21.2
06-22-2025 12:10:00,69.5365514444326,547.960700035109,21.29
06-22-2025 12:20:00,71.9044245552748,548.397390442854,21.39
06-22-2025 12:30:00,68.9076254750718,547.617381551336,21.48
06-22-2025 12:40:00,68.7463703859944,547.142835252001,21.58
06-22-2025 12:50:00,69.4972192263721,547.579876610788,21.68
06-22-2025 13:00:00,68.9303496948864,548.220542979009,21.78
06-22-2025 13:10:00,69.3779546936909,546.120659487215,21.88
06-22-2025 13:20:00,69.7123200184566,547.260939262841,21.95
06-22-2025 13:30:00,68.7335992019009,547.086520573542,22.04
06-22-2025 13:40:00,68.9744178934462,547.217086178478,22.13
06-22-2025 13:50:00,70.3314827534589,548.261388373829,22.21
06-22-2025 14:00:00,69.8523027596907,547.470363319716,22.28
06-22-2025 14:10:00,70.4980266887635,547.598639308183,22.36
06-22-2025 14:20:00,69.1003462064166,547.724250330242,22.43
06-22-2025 14:30:00,70.3545878753586,547.033530279165,22.5
06-22-2025 14:40:00,69.1594453243998,546.137773909253,22.57
06-22-2025 14:50:00,68.7722161384968,546.563803585761,22.62
06-22-2025 15:00:00,68.8916062471087,546.88521559342,22.66
06-22-2025 15:10:00,69.5222114842505,546.49124601867,22.7
06-22-2025 15:20:00,68.6112143501916,546.398347461251,22.72
06-22-2025 15:30:00,69.5364908242727,546.404953424389,22.73
06-22-2025 15:40:00,69.3370466860309,546.616083081123,22.74
06-22-2025 15:50:00,68.3194123161287,546.929517451717,22.75
06-22-2025 16:00:00,69.6540049683375,546.117945152006,22.76
06-22-2025 16:10:00,68.6402811343753,546.229528145264,22.78
06-22-2025 16:20:00,68.9521961049538,546.236124349816,22.79
06-22-2025 16:30:00,69.2641622198202,546.549657403274,22.8
06-22-2025 16:40:00,67.6320940493441,545.123797610232,22.81
06-22-2025 16:50:00,68.1486594217081,545.437291080178,22.82
06-22-2025 17:00:00,67.641937884662,545.853173761619,22.83
06-22-2025 17:10:00,70.2055014589232,545.552705910317,22.84
06-22-2025 17:20:00,67.2423671501895,545.763959130455,22.85
06-22-2025 17:30:00,68.0701655988534,546.182678677969,22.87
06-22-2025 17:40:00,67.9807477422513,545.273124513362,22.9
06-22-2025 17:50:00,68.8090092016344,545.589521528852,22.92
06-22-2025 18:00:00,68.105104104351,546.420900556896,22.95
06-22-2025 18:10:00,67.2983849827318,546.432978063605,22.98
06-22-2025 18:20:00,68.4385661587817,546.342570974532,23.01
06-22-2025 18:30:00,69.3742826597324,545.842058043975,23.04
06-22-2025 18:40:00,69.1825183505968,545.033674273355,23.07
06-22-2025 18:50:00,67.858435131376,546.273489409951,23.09
06-22-2025 19:00:00,69.3034212635211,545.051929512331,23.11
06-22-2025 19:10:00,67.0555962447156,545.984383348708,23.13
06-22-2025 19:20:00,68.1890749230742,546.401376704234,23.14
06-22-2025 19:30:00,68.2966573971642,545.381922378365,23.15
06-22-2025 19:40:00,67.3780887981018,546.106785945981,23.16
06-22-2025 19:50:00,69.0209051539037,545.084521277027,23.16
06-22-2025 20:00:00,68.6113842463333,545.498893434865,23.16
06-22-2025 20:10:00,68.5097136918349,546.01588333194,23.16
06-22-2025 20:20:00,68.3054260788532,545.404088733585,23.16
06-22-2025 20:30:00,67.8959045544991,545.921080403356,23.16
06-22-2025 20:40:00,70.047623532904,546.127520296723,23.15
06-22-2025 20:50:00,67.9964018947918,546.644471253276,23.15
06-22-2025 21:00:00,68.8182140108595,545.622297760584,23.15
06-22-2025 21:10:00,67.9942822239691,545.623549533552,23.14
06-22-2025 21:20:00,68.8119486656155,545.727393998743,23.13
06-22-2025 21:30:00,67.5778222261016,546.549302912758,23.12
06-22-2025 21:40:00,68.0876645309838,546.242759098245,23.11
06-22-2025 21:50:00,68.0886087734289,545.323504164967,23.11
06-22-2025 22:00:00,67.4701416236677,547.170973636787,23.1
06-22-2025 22:10:00,69.2105970473731,545.838859369224,23.09
06-22-2025 22:20:00,67.9768458226524,546.250298671414,23.08
06-22-2025 22:30:00,70.024592458526,546.661671414934,23.07
06-22-2025 22:40:00,69.5087015618877,547.585637338225,23.06
06-22-2025 22:50:00,68.7878490592516,546.971599986863,23.05
06-22-2025 23:00:00,69.6089795522353,545.950286075283,23.05
06-22-2025 23:10:00,70.0158429866882,546.669132293892,23.04
06-22-2025 23:20:00,68.6759671703952,546.770074953489,23.02
06-22-2025 23:30:00,68.2628904562631,546.258803884537,23.01
06-22-2025 23:40:00,69.1821358831997,546.567467450363,23
06-22-2025 23:50:00,68.3551618678571,546.66839943871,22.98
06-23-2025 00:00:00,70.1920880191078,546.359511528539,22.96
06-23-2025 00:10:00,70.1846625972659,547.177460568126,22.94
06-23-2025 00:20:00,68.6450948041434,546.871346091562,22.93
06-23-2025 00:30:00,70.6860239388104,547.484202101935,22.91
06-23-2025 00:40:00,70.9814373886793,546.660694479378,22.88
06-23-2025 00:50:00,69.6390392053418,547.372909214228,22.85
06-23-2025 01:00:00,68.3996351441341,547.266144009937,22.82
06-23-2025 01:10:00,69.9230368575761,547.057131134308,22.79
06-23-2025 01:20:00,69.2978451429626,546.745946542228,22.76
06-23-2025 01:30:00,71.3272653567476,546.943432096233,22.72
06-23-2025 01:40:00,68.4532697228558,546.428023319655,22.69
06-23-2025 01:50:00,70.077219732147,547.343584360901,22.66
06-23-2025 02:00:00,69.648744029361,546.720711103022,22.61
06-23-2025 02:10:00,70.1521054497269,546.821327483302,22.59
06-23-2025 02:20:00,69.7279771980222,546.814325823703,22.55
06-23-2025 02:30:00,70.7414984415431,547.629471914919,22.53
06-23-2025 02:40:00,71.6483311265278,547.727071736014,22.5
06-23-2025 02:50:00,69.1835168158051,546.393455858262,22.46
06-23-2025 03:00:00,69.3721137222679,546.590599185134,22.42
06-23-2025 03:10:00,70.0703782566732,547.399365855444,22.38
06-23-2025 03:20:00,69.9569277761348,546.885315668806,22.35
06-23-2025 03:30:00,70.5485097602564,547.486945553436,22.3
06-23-2025 03:40:00,69.2126237488991,548.19561103672,22.27
06-23-2025 03:50:00,70.5210770737159,548.391871216248,22.23
06-23-2025 04:00:00,69.4913891660702,547.165569769706,22.2
06-23-2025 04:10:00,69.5736070010206,547.155764215892,22.15
06-23-2025 04:20:00,68.8460086246855,547.352182957586,22.11
06-23-2025 04:30:00,69.542672547408,547.65017508566,22.07
06-23-2025 04:40:00,69.8280975043405,547.233564324269,22.02
06-23-2025 04:50:00,69.5035961283599,547.528607633595,21.97
06-23-2025 05:00:00,70.8087391706495,547.318300230522,21.93
06-23-2025 05:10:00,70.0737792641736,547.813384743162,21.87
06-23-2025 05:20:00,70.5656758494925,547.197168112409,21.83
06-23-2025 05:30:00,70.5457516819523,547.085953925132,21.78
06-23-2025 05:40:00,69.815933239907,546.87341900469,21.73
06-23-2025 05:50:00,70.911451497583,547.269308440935,21.68
06-23-2025 06:00:00,69.8821931043493,548.478384333802,21.64
06-23-2025 06:10:00,68.7482835204757,546.644738615246,21.59
06-23-2025 06:20:00,70.1467615592009,548.255381650656,21.54
06-23-2025 06:30:00,69.5238328352137,547.94438366306,21.5
06-23-2025 06:40:00,71.123335540597,547.5296402458,21.45
06-23-2025 06:50:00,69.590187776431,547.623718836569,21.41
06-23-2025 07:00:00,70.0804002803635,547.111031784579,21.37
06-23-2025 07:10:00,71.1768030022465,547.407362426667,21.33
06-23-2025 07:20:00,70.3525031957164,546.996139347553,21.29
06-23-2025 07:30:00,70.1389735498139,547.598137279841,21.26
06-23-2025 07:40:00,70.3254263872856,547.187093236383,21.22
06-23-2025 07:50:00,70.1079124347863,547.382089077229,21.18
06-23-2025 08:00:00,69.8987296258072,547.481525037547,21.16
06-23-2025 08:10:00,71.2960549398342,548.38272057379,21.12
06-23-2025 08:20:00,71.8896912635843,547.268474977302,21.09
06-23-2025 08:30:00,69.356291100203,547.163404384551,21.06
06-23-2025 08:40:00,69.9501116272269,546.655035210692,21.03
06-23-2025 08:50:00,69.6363204466676,547.356679802768,21
06-23-2025 09:00:00,69.3267245157065,546.448017664914,20.98
06-23-2025 09:10:00,70.9278923230612,547.350977935139,20.95
06-23-2025 09:20:00,70.3159439366061,547.047227934586,20.93
06-23-2025 09:30:00,70.6108528713372,548.355415735345,20.91
06-23-2025 09:40:00,69.8984317589044,548.655946118823,20.89
06-23-2025 09:50:00,70.797555205137,547.546482226319,20.87
06-23-2025 10:00:00,69.8880372071914,547.144924352577,20.86
06-23-2025 10:10:00,70.0862645302744,547.548958773129,20.85
06-23-2025 10:20:00,70.4858245996323,547.348834031119,20.84
06-23-2025 10:30:00,69.3752047898409,547.450766320385,20.83
06-23-2025 10:40:00,70.5842251219987,547.656097718701,20.83
06-23-2025 10:50:00,70.7865019814846,546.955361062995,20.83
06-23-2025 11:00:00,69.7806867148834,546.959345580592,20.83
06-23-2025 11:10:00,70.1884181102582,547.066704667636,20.84
06-23-2025 11:20:00,72.0058850404509,547.476153504096,20.85
06-23-2025 11:30:00,69.8923079809149,547.681522056282,20.85
06-23-2025 11:40:00,71.2147845043832,547.895189925796,20.88
06-23-2025 11:50:00,69.8097750119597,546.491817956101,20.89
06-23-2025 12:00:00,69.0129391161474,547.307032372279,20.91
06-23-2025 12:10:00,71.045374455612,546.71726730997,20.95
06-23-2025 12:20:00,69.3574202331072,547.443048881825,21.01
06-23-2025 12:30:00,69.9919470218079,545.952985537656,21.08
06-23-2025 12:40:00,69.3312044577728,546.490580307566,21.19
06-23-2025 12:50:00,70.1810571716391,546.824326236503,21.29
06-23-2025 13:00:00,68.8073373703807,546.754073486647,21.39
06-23-2025 13:10:00,70.2695836373972,547.293731255246,21.5
06-23-2025 13:20:00,70.814245589488,546.815806081169,21.59
06-23-2025 13:30:00,69.843197666211,546.846739659235,21.69
06-23-2025 13:40:00,70.3883895085481,545.353157335974,21.78
06-23-2025 13:50:00,69.5088484974942,546.088438887232,21.86
06-23-2025 14:00:00,70.2536000261326,547.231042494886,21.94
06-23-2025 14:10:00,69.5761275396864,546.443655591492,22.02
06-23-2025 14:20:00,70.1143092071381,546.97492728109,22.09
06-23-2025 14:30:00,70.6489209809864,546.791688134786,22.15
06-23-2025 14:40:00,68.5328312962103,546.809195055258,22.2
06-23-2025 14:50:00,70.6884795605148,546.925851230239,22.24
06-23-2025 15:00:00,68.7705668204059,546.431335687788,22.28
06-23-2025 15:10:00,68.8774097671836,546.539897152444,22.29
06-23-2025 15:20:00,68.6745667718533,547.053318840957,22.29
06-23-2025 15:30:00,68.6714603363454,547.0546050704,22.28
06-23-2025 15:40:00,69.8907472508101,546.44469618717,22.27
06-23-2025 15:50:00,68.9708219389458,546.547893025291,22.26
06-23-2025 16:00:00,68.2507536990896,546.546546538609,22.24
06-23-2025 16:10:00,68.3455160081332,546.952499585899,22.22
06-23-2025 16:20:00,68.8515175534479,545.732011481348,22.21
06-23-2025 16:30:00,68.9461579187745,545.832605010884,22.19
06-23-2025 16:40:00,69.0448223380104,545.732211498903,22.18
06-23-2025 16:50:00,69.5465039247918,546.952298771105,22.16
06-23-2025 17:00:00,69.2380319571245,545.528887548237,22.15
06-23-2025 17:10:00,68.6203196451036,547.155707635575,22.13
06-23-2025 17:20:00,68.6172215268267,547.360483647016,22.12
06-23-2025 17:30:00,68.6141238627446,546.24270811651,22.11
06-23-2025 17:40:00,68.3995802241258,545.526836766247,22.08
06-23-2025 17:50:00,68.2010676355629,545.940307945503,22.09
06-23-2025 18:00:00,68.7105648272579,546.046045254951,22.09
06-23-2025 18:10:00,68.6178017359539,546.563990120197,22.11
06-23-2025 18:20:00,69.8436257671569,546.061983403504,22.12
06-23-2025 18:30:00,68.9329223113519,545.15289857833,22.13
06-23-2025 18:40:00,67.8146021484367,545.258672841208,22.13
06-23-2025 18:50:00,68.5317739095779,546.486352081486,22.14
06-23-2025 19:00:00,68.8379640276621,546.388621815067,22.14
06-23-2025 19:10:00,67.0072500371272,546.799679078575,22.14
06-23-2025 19:20:00,68.3310130311767,545.480862640267,22.14
06-23-2025 19:30:00,66.6020559581682,545.89192167647,22.14
06-23-2025 19:40:00,68.8416344994677,544.776621668289,22.14
06-23-2025 19:50:00,68.6390369460019,546.103498435627,22.14
06-23-2025 20:00:00,67.5166961722184,545.901400906204,22.13
06-23-2025 20:10:00,68.734573884086,545.59759749238,22.12
06-23-2025 20:20:00,68.6216987916634,544.373278131374,22.09
06-23-2025 20:30:00,69.5176078473865,544.77157321027,22.04
06-23-2025 20:40:00,68.9004067714421,547.311999990466,22.02
06-23-2025 20:50:00,68.4866892459423,546.70074068227,22
06-23-2025 21:00:00,68.9917642106619,546.70210244095,21.99
06-23-2025 21:10:00,68.273287177599,547.107252353296,21.97
06-23-2025 21:20:00,68.0670053777692,545.686083905968,21.96
06-23-2025 21:30:00,67.5598847234782,546.90940994903,21.96
06-23-2025 21:40:00,68.885725157391,547.017757953223,21.97
06-23-2025 21:50:00,69.195544639606,547.227747758394,21.98
06-23-2025 22:00:00,70.2168395745076,546.421450821964,21.99
06-23-2025 22:10:00,69.3071326261504,547.24126947431,22
06-23-2025 22:20:00,69.9220082985933,545.215056031872,22.01
06-23-2025 22:30:00,69.0121271920467,545.933253517966,22.02
06-23-2025 22:40:00,68.2077409305513,546.85758610106,22.04
06-23-2025 22:50:00,69.0260914268396,547.779459640599,22.05
06-23-2025 23:00:00,69.2344327406467,546.464293188655,22.06
06-23-2025 23:10:00,69.2394101576316,546.165899778981,22.07
06-23-2025 23:20:00,70.668289069402,546.986236991264,22.08
06-23-2025 23:30:00,70.3640800003193,545.973215818396,22.08
06-23-2025 23:40:00,68.945132056151,546.386743065577,22.09
06-23-2025 23:50:00,70.5734932696546,547.916529310534,22.09
06-24-2025 00:00:00,69.5613410582307,546.194048589344,22.1
06-24-2025 00:10:00,70.3760441382635,547.011894449953,22.1
06-24-2025 00:20:00,69.3597165392684,546.812502045003,22.1
06-24-2025 00:30:00,68.1399409042973,546.409662696019,22.1
06-24-2025 00:40:00,68.2385930337428,546.105926263406,22.09
06-24-2025 00:50:00,71.3926864922486,546.313415478357,22.09
06-24-2025 01:00:00,68.3381396434122,547.433615680459,22.08
06-24-2025 01:10:00,70.4707364594768,546.723053913288,22.07
06-24-2025 01:20:00,69.043814873376,546.215991369448,22.06
06-24-2025 01:30:00,70.4642284260193,546.624153207148,22.05
06-24-2025 01:40:00,69.338492163592,546.724558754855,22.03
06-24-2025 01:50:00,70.652696931764,546.926582391538,22.01
06-24-2025 02:00:00,69.628931399551,547.128541970041,21.99
06-24-2025 02:10:00,70.032243482705,546.012044772098,21.98
06-24-2025 02:20:00,70.4271745492664,545.601891696607,21.95
06-24-2025 02:30:00,69.1967304144556,546.715550611136,21.92
06-24-2025 02:40:00,69.4901243334641,548.43795794762,21.89
06-24-2025 02:50:00,70.0879459492225,546.606185183006,21.86
06-24-2025 03:00:00,69.2604319750174,547.107097883012,21.82
06-24-2025 03:10:00,70.4667621259844,547.50895353644,21.79
06-24-2025 03:20:00,67.7202376473313,547.913371919578,21.77
06-24-2025 03:30:00,68.7236043536499,546.692083725423,21.74
06-24-2025 03:40:00,70.2334750699206,547.499383632135,21.71
06-24-2025 03:50:00,69.4069304389301,547.695307214497,21.67
06-24-2025 04:00:00,68.9862587005916,546.979109681115,21.63
06-24-2025 04:10:00,71.4993255812574,547.98272342773,21.58
06-24-2025 04:20:00,68.9518533385513,548.178291877286,21.54
06-24-2025 04:30:00,70.1472659754882,547.763647266432,21.49
06-24-2025 04:40:00,69.1198683977511,548.16151898922,21.45
06-24-2025 04:50:00,69.2017654970458,547.342623076585,21.4
06-24-2025 05:00:00,68.0703789140939,546.928805305498,21.35
06-24-2025 05:10:00,70.3759631484993,547.222750799571,21.3
06-24-2025 05:20:00,68.7399262000364,547.516460875732,21.25
06-24-2025 05:30:00,69.3307766811909,547.408723544766,21.21
06-24-2025 05:40:00,70.8256598694916,546.995535863422,21.16
06-24-2025 05:50:00,69.3971570525403,545.979845855492,21.12
06-24-2025 06:00:00,70.9959616578932,547.789439131711,21.08
06-24-2025 06:10:00,69.971719750336,547.78262288925,21.04
06-24-2025 06:20:00,70.2587212072229,546.868492539919,21
06-24-2025 06:30:00,69.6344524515121,547.867065898138,20.95
06-24-2025 06:40:00,69.0187013649815,546.653994101088,20.92
06-24-2025 06:50:00,71.6221843880407,547.453291956063,20.88
06-24-2025 07:00:00,71.1069902192701,546.643779866388,20.85
06-24-2025 07:10:00,70.8898918257428,548.650528953962,20.81
06-24-2025 07:20:00,70.5723095730253,547.335343839873,20.77
06-24-2025 07:30:00,70.6614366471328,546.928995770704,20.74
06-24-2025 07:40:00,70.0464866481823,546.724001012698,20.71
06-24-2025 07:50:00,68.724000510109,547.119759951234,20.67
06-24-2025 08:00:00,69.6176591493006,547.316917908317,20.64
06-24-2025 08:10:00,69.7069255294176,546.710025166506,20.61
06-24-2025 08:20:00,69.490705951336,546.904553516885,20.57
06-24-2025 08:30:00,69.5799530931332,547.402926030569,20.54
06-24-2025 08:40:00,70.5769940882488,546.999984363362,20.52
06-24-2025 08:50:00,69.0595894359065,548.100519214917,20.49
06-24-2025 09:00:00,70.3574533478481,546.794205888526,20.47
06-24-2025 09:10:00,71.1489128239425,546.790430715948,20.44
06-24-2025 09:20:00,70.3387712015101,548.194045712085,20.42
06-24-2025 09:30:00,68.8305972604394,547.994748051875,20.41
06-24-2025 09:40:00,70.2320589829336,546.691921914282,20.4
06-24-2025 09:50:00,70.0241738458368,547.092028326066,20.38
06-24-2025 10:00:00,71.329072317117,548.09921119264,20.38
06-24-2025 10:10:00,70.1262805003959,546.598704863156,20.38
06-24-2025 10:20:00,69.0237960813765,547.505581899129,20.38
06-24-2025 10:30:00,69.0286822000241,548.314896906885,20.39
06-24-2025 10:40:00,70.5343168612315,546.312692812346,20.39
06-24-2025 10:50:00,69.5360865860005,546.219062931567,20.4
06-24-2025 11:00:00,69.5410139942821,548.433053382173,20.41
06-24-2025 11:10:00,70.6538025699084,547.238496539384,20.43
06-24-2025 11:20:00,71.0685540725711,546.347230872959,20.46
06-24-2025 11:30:00,69.5799984473588,546.261285579045,20.5
06-24-2025 11:40:00,70.7059844066891,548.186772050899,20.55
06-24-2025 11:50:00,69.9317717051499,546.903512638441,20.62
06-24-2025 12:00:00,69.7559823595209,546.923435144914,20.68
06-24-2025 12:10:00,70.195903658103,546.649414107318,20.77
06-24-2025 12:20:00,70.5398927282988,547.283944877212,20.87
06-24-2025 12:30:00,68.4694644095913,546.511063647643,20.98
06-24-2025 12:40:00,69.3210614687671,547.048328244143,21.09
06-24-2025 12:50:00,69.9722276861258,547.586549526064,21.2
06-24-2025 13:00:00,69.2096020057656,547.620387738507,21.31
06-24-2025 13:10:00,68.3365190639059,547.648863721806,21.4
06-24-2025 13:20:00,70.8023140473537,546.867639881368,21.49
06-24-2025 13:30:00,70.5368643321392,546.996885146265,21.58
06-24-2025 13:40:00,69.3546728722114,546.211425440142,21.66
06-24-2025 13:50:00,69.3920817512053,546.238924593297,21.75
06-24-2025 14:00:00,70.3431096134219,546.16495183357,21.84
06-24-2025 14:10:00,70.1740055541686,547.104013368027,21.92
06-24-2025 14:20:00,70.3054564964897,546.212173272416,21.99
06-24-2025 14:30:00,69.0174292866527,547.457509732029,22.07
06-24-2025 14:40:00,68.3303306003652,546.663883238858,22.13
06-24-2025 14:50:00,68.9619031213857,546.884803236208,22.18
06-24-2025 15:00:00,68.7712838414627,544.962414359985,22.21
06-24-2025 15:10:00,69.4971385461171,547.010873762148,22.24
06-24-2025 15:20:00,68.5894826173401,545.288768892006,22.26
06-24-2025 15:30:00,68.3906541259761,545.702898011307,22.27
06-24-2025 15:40:00,68.7990110619138,546.623829650626,22.27
06-24-2025 15:50:00,68.4943052712406,546.729833580846,22.27
06-24-2025 16:00:00,67.582330554726,546.838493171932,22.28
06-24-2025 16:10:00,68.6019670672957,545.925762758392,22.28
06-24-2025 16:20:00,69.4178544760429,547.356145560819,22.28
06-24-2025 16:30:00,69.1171767520541,546.547921451975,22.29
06-24-2025 16:40:00,68.9102652453615,547.1606803513,22.28
06-24-2025 16:50:00,70.7448965284643,546.146079034038,22.28
06-24-2025 17:00:00,69.1198503492109,546.356585323256,22.29
06-24-2025 17:10:00,67.8981472349854,545.851316143958,22.29
06-24-2025 17:20:00,69.0116582852165,546.46151594531,22.27
06-24-2025 17:30:00,69.004460712885,545.849325430529,22.25
06-24-2025 17:40:00,69.4168253305547,544.633750805097,22.26
06-24-2025 17:50:00,67.9996292792168,545.457835546806,22.28
06-24-2025 18:00:00,68.9295028560819,545.673399178863,22.31
06-24-2025 18:10:00,68.2330216374694,546.50324068649,22.35
06-24-2025 18:20:00,68.4537810906661,545.090360075314,22.39
06-24-2025 18:30:00,68.0626837168765,546.940554729664,22.43
06-24-2025 18:40:00,68.4835913326823,546.442567138866,22.46
06-24-2025 18:50:00,67.5780480171186,546.76073740091,22.49
06-24-2025 19:00:00,69.3219509352659,545.137108558676,22.51
06-24-2025 19:10:00,68.003900080689,545.962966553876,22.53
06-24-2025 19:20:00,66.4812121470511,545.665984294544,22.55
06-24-2025 19:30:00,67.3067338344535,545.164667824499,22.57
06-24-2025 19:40:00,68.541066186691,545.071724586767,22.59
06-24-2025 19:50:00,68.4438263419443,545.078392553074,22.6
06-24-2025 20:00:00,68.9635304786364,545.904851564551,22.62
06-24-2025 20:10:00,68.9684690697819,544.992074032102,22.63
06-24-2025 20:20:00,68.7690544084524,546.32703703583,22.64
06-24-2025 20:30:00,68.1608653728756,546.435997010489,22.65
06-24-2025 20:40:00,66.9355284427212,545.622678303346,22.65
06-24-2025 20:50:00,69.3888615085686,546.137769166461,22.65
06-24-2025 21:00:00,68.9319194788853,546.141934499036,22.65
06-24-2025 21:10:00,68.4749772436074,546.14869631203,22.66
06-24-2025 21:20:00,69.3915190693509,546.048082539852,22.65
06-24-2025 21:30:00,68.9836633782452,546.665362231736,22.65
06-24-2025 21:40:00,68.3714369147896,544.932381292282,22.65
06-24-2025 21:50:00,69.2919894964045,545.038736339974,22.65
06-24-2025 22:00:00,68.3732067716268,545.860389257658,22.65
06-24-2025 22:10:00,67.7609796913876,544.842707960892,22.65
06-24-2025 22:20:00,69.8014495260193,546.990108762249,22.64
06-24-2025 22:30:00,67.5505086400582,546.685114638961,22.63
06-24-2025 22:40:00,69.1860875719362,544.952425473341,22.63
06-24-2025 22:50:00,67.9569828999767,545.771387402158,22.62
06-24-2025 23:00:00,67.6474451082196,545.466548410407,22.61
06-24-2025 23:10:00,68.9722489738484,546.285336096373,22.6
06-24-2025 23:20:00,67.3310125171733,545.467300722063,22.58
06-24-2025 23:30:00,68.5533969692704,546.388007328399,22.57
06-24-2025 23:40:00,69.7714657680016,545.978565773596,22.55
06-24-2025 23:50:00,68.7392514290205,546.485404521294,22.52
06-25-2025 00:00:00,68.1117749743064,546.275044589205,22.48
06-25-2025 00:10:00,67.9987192109127,545.761353973382,22.45
06-25-2025 00:20:00,68.7016542249678,546.165846547388,22.42
06-25-2025 00:30:00,68.6864570446444,546.363608189187,22.38
06-25-2025 00:40:00,68.6712702390758,545.236221898305,22.34
06-25-2025 00:50:00,68.3504201899871,547.166316930474,22.3
06-25-2025 01:00:00,69.8632201239531,547.159850062525,22.26
06-25-2025 01:10:00,68.3202993015868,546.44062153265,22.22
06-25-2025 01:20:00,69.7303249619392,546.841567696224,22.18
06-25-2025 01:30:00,67.675748452918,547.341337686245,22.13
06-25-2025 01:40:00,68.4746514992331,546.927975003266,22.09
06-25-2025 01:50:00,68.662937395042,545.701429880386,22.05
06-25-2025 02:00:00,67.8346119518613,547.016913681306,22.01
06-25-2025 02:10:00,69.9577874209618,547.318050124762,21.98
06-25-2025 02:20:00,70.1454181887741,546.295674727383,21.94
06-25-2025 02:30:00,68.2041878155071,546.901518482161,21.91
06-25-2025 02:40:00,69.0014796463478,547.199791679637,21.87
06-25-2025 02:50:00,69.2907546675041,546.076887808726,21.83
06-25-2025 03:00:00,69.5839119649584,546.377827072802,21.8
06-25-2025 03:10:00,69.1627456840502,547.28465842325,21.76
06-25-2025 03:20:00,69.6585987399773,548.497877871841,21.73
06-25-2025 03:30:00,69.6391082714056,547.271812453156,21.68
06-25-2025 03:40:00,69.9359167964067,547.676137600943,21.66
06-25-2025 03:50:00,69.7218448272143,547.165618031976,21.63
06-25-2025 04:00:00,69.0945964519693,547.359191967997,21.58
06-25-2025 04:10:00,68.8768661643187,546.846475530049,21.54
06-25-2025 04:20:00,67.4523486532549,547.554144417144,21.52
06-25-2025 04:30:00,69.6683406613575,546.94303395263,21.49
06-25-2025 04:40:00,69.9605940341589,547.748917607993,21.46
06-25-2025 04:50:00,68.8323624224371,546.73079321386,21.42
06-25-2025 05:00:00,68.0121750227795,545.715854463507,21.39
06-25-2025 05:10:00,69.0083547522101,547.934228357458,21.35
06-25-2025 05:20:00,68.9972067927573,547.121734284551,21.32
06-25-2025 05:30:00,69.8873753981573,546.809693350896,21.27
06-25-2025 05:40:00,68.8659123865967,547.109129448147,21.24
06-25-2025 05:50:00,69.1577683535219,547.812366470195,21.21
06-25-2025 06:00:00,69.4454432705274,546.796319420394,21.17
06-25-2025 06:10:00,69.6320108175413,547.799344045383,21.13
06-25-2025 06:20:00,69.822523407391,547.492835627451,21.1
06-25-2025 06:30:00,69.0002345324736,547.284715291134,21.06
06-25-2025 06:40:00,69.2876109870186,546.774244147679,21.02
06-25-2025 06:50:00,68.3691789462154,546.770685794308,20.99
06-25-2025 07:00:00,69.269265756686,547.072089326858,20.97
06-25-2025 07:10:00,69.5563452870295,547.468876424134,20.93
06-25-2025 07:20:00,69.3476624923621,547.064845997924,20.91
06-25-2025 07:30:00,69.0303348082508,547.058620324286,20.87
06-25-2025 07:40:00,69.1199109964589,547.055011704804,20.84
06-25-2025 07:50:00,70.5221105054992,546.148020984743,20.82
06-25-2025 08:00:00,70.4141075951574,547.254323103647,20.8
06-25-2025 08:10:00,69.2998053738516,548.762801893723,20.78
06-25-2025 08:20:00,70.5000585577538,547.051045645962,20.76
06-25-2025 08:30:00,70.0903097672779,546.144653672572,20.74
06-25-2025 08:40:00,69.081180294638,546.347534608076,20.73
06-25-2025 08:50:00,68.3700328712035,548.056464780388,20.71
06-25-2025 09:00:00,69.3686354841431,548.357003208588,20.69
06-25-2025 09:10:00,71.4728939957966,546.445486508837,20.67
06-25-2025 09:20:00,70.3636899443084,547.854660798936,20.66
06-25-2025 09:30:00,68.7559930314079,546.954073359326,20.66
06-25-2025 09:40:00,70.164360073847,547.963660774655,20.66
06-25-2025 09:50:00,71.1664254651863,546.959946029342,20.65
06-25-2025 10:00:00,68.959674660696,547.469451463578,20.66
06-25-2025 10:10:00,68.9645252492936,547.174690743433,20.67
06-25-2025 10:20:00,69.8743423702645,548.287607417274,20.68
06-25-2025 10:30:00,69.8792672796116,547.691185805171,20.69
06-25-2025 10:40:00,69.180215876897,547.295803800832,20.7
06-25-2025 10:50:00,68.8873315770832,547.707621268196,20.72
06-25-2025 11:00:00,67.7856582392583,547.915699967711,20.73
06-25-2025 11:10:00,70.9173208600094,546.921782319521,20.76
06-25-2025 11:20:00,69.3283808313665,548.851479889901,20.81
06-25-2025 11:30:00,68.1448642040522,547.462315531002,20.87
06-25-2025 11:40:00,70.8938287113913,546.275844734561,20.94
06-25-2025 11:50:00,69.4114090715142,546.600345020423,21.01
06-25-2025 12:00:00,69.6462945711387,547.230468878555,21.09
06-25-2025 12:10:00,68.2662338705512,547.558549890969,21.17
06-25-2025 12:20:00,70.2221012308179,546.980485491227,21.26
06-25-2025 12:30:00,69.3540328746624,545.999685321099,21.36
06-25-2025 12:40:00,70.8202818021166,545.831840431588,21.48
06-25-2025 12:50:00,69.8416838769301,546.868956410927,21.56
06-25-2025 13:00:00,69.3766005933677,545.986997875535,21.66
06-25-2025 13:10:00,68.60643187502,547.436727303121,21.76
06-25-2025 13:20:00,70.2674476856614,547.667869638908,21.85
06-25-2025 13:30:00,68.2776206983913,546.479654753397,21.95
06-25-2025 13:40:00,69.5302140115013,546.911176247291,22.03
06-25-2025 13:50:00,69.05500281665,546.73286627298,22.11
06-25-2025 14:00:00,69.2998729668422,546.152222973191,22.21
06-25-2025 14:10:00,69.1294526207006,546.380671081875,22.29
06-25-2025 14:20:00,68.5470064183253,546.70876508296,22.36
06-25-2025 14:30:00,70.2078929693833,545.813230341471,22.43
06-25-2025 14:40:00,67.6862727375959,547.570194038148,22.5
06-25-2025 14:50:00,67.9149708169861,545.650419800375,22.56
06-25-2025 15:00:00,68.0377674619804,545.667265069858,22.61
06-25-2025 15:10:00,68.7697984963724,546.601269405538,22.65
06-25-2025 15:20:00,69.8048543083191,546.102267456623,22.68
06-25-2025 15:30:00,68.4849906598932,545.600503871041,22.7
06-25-2025 15:40:00,67.8804010305757,545.712039980362,22.72
06-25-2025 15:50:00,68.1999455195644,546.746570885897,22.75
06-25-2025 16:00:00,67.4966981878509,546.144893841536,22.78
06-25-2025 16:10:00,67.8163046743452,545.849878337368,22.81
06-25-2025 16:20:00,67.6282801507323,546.580767093497,22.85
06-25-2025 16:30:00,67.8576021318533,545.166949072277,22.91
06-25-2025 16:40:00,68.3824998581204,545.690810844616,22.94
06-25-2025 16:50:00,67.9815838596858,546.007470351636,22.96
06-25-2025 17:00:00,67.3756065288355,546.119305831664,22.98
06-25-2025 17:10:00,69.3314549103255,543.976594315392,23
06-25-2025 17:20:00,67.9055152520676,544.908113934082,23.02
06-25-2025 17:30:00,69.3536108502329,545.945000778505,23.05
06-25-2025 17:40:00,68.7554865332955,546.062015700753,23.09
06-25-2025 17:50:00,69.0762194462571,545.458461197363,23.12
06-25-2025 18:00:00,69.8116741293931,544.959678130716,23.16
06-25-2025 18:10:00,67.6733914734267,544.460562565497,23.2
06-25-2025 18:20:00,69.5384008632384,546.220181553239,23.24
06-25-2025 18:30:00,68.8366730405905,545.926586907922,23.28
06-25-2025 18:40:00,68.233227654437,545.527529223151,23.31
06-25-2025 18:50:00,68.0405615258383,545.950432064079,23.34
06-25-2025 19:00:00,67.9505944864688,545.242792341219,23.37
06-25-2025 19:10:00,67.2436547729836,545.665832358438,23.4
06-25-2025 19:20:00,67.5569274429553,545.364152851607,23.41
06-25-2025 19:30:00,68.1827696451174,545.784826355887,23.43
06-25-2025 19:40:00,67.9859080854257,545.485591812131,23.45
06-25-2025 19:50:00,68.6079884985626,544.772282233791,23.46
06-25-2025 20:00:00,68.8186479984865,544.573259211942,23.47
06-25-2025 20:10:00,68.8235631177124,546.329103961759,23.48
06-25-2025 20:20:00,68.1041938391997,546.950730429728,23.48
06-25-2025 20:30:00,67.3848243550924,546.029015167335,23.48
06-25-2025 20:40:00,68.3116867898819,545.415969314632,23.48
06-25-2025 20:50:00,67.7980959101469,545.934708933864,23.48
06-25-2025 21:00:00,69.1365159648702,545.836112392761,23.48
06-25-2025 21:10:00,69.4419318441419,545.632107223666,23.47
06-25-2025 21:20:00,69.7472969499279,546.559734194571,23.46
06-25-2025 21:30:00,70.7768770308066,546.152540122657,23.46
06-25-2025 21:40:00,68.5105086532662,545.948546997393,23.45
06-25-2025 21:50:00,70.0501642768851,546.156010723169,23.44
06-25-2025 22:00:00,70.7667897822728,546.157747990779,23.43
06-25-2025 22:10:00,69.8420235068194,545.750659921951,23.43
06-25-2025 22:20:00,68.8103559450016,546.677978000668,23.42
06-25-2025 22:30:00,69.1156461726792,546.268357144773,23.41
06-25-2025 22:40:00,68.1870311728617,547.195481575047,23.4
06-25-2025 22:50:00,69.2120110711406,545.963387536434,23.39
06-25-2025 23:00:00,68.1807378825958,547.815623962789,23.38
06-25-2025 23:10:00,70.2293347010129,548.122900336987,23.36
06-25-2025 23:20:00,68.9886106099958,547.094066527654,23.34
06-25-2025 23:30:00,68.6730751233263,545.551811285862,23.32
06-25-2025 23:40:00,68.8713241625699,546.270260969743,23.3
06-25-2025 23:50:00,69.2708586365864,546.780431575898,23.27
06-26-2025 00:00:00,69.6701946804815,544.415174884094,23.24
06-26-2025 00:10:00,71.4039041210266,546.362790050985,23.21
06-26-2025 00:20:00,69.1340319997573,546.359397194523,23.18
06-26-2025 00:30:00,70.1487552187519,546.971659185998,23.15
06-26-2025 00:40:00,69.9278447768917,548.298974409648,23.11
06-26-2025 00:50:00,70.3264901039738,546.654330463587,23.08
06-26-2025 01:00:00,69.9006194641507,546.238234512647,23.04
06-26-2025 01:10:00,69.065106679203,546.847228265136,23
06-26-2025 01:20:00,69.0497242685099,546.021562503533,22.96
06-26-2025 01:30:00,69.3456723954227,546.837658053051,22.93
06-26-2025 01:40:00,69.534982639749,547.036359351354,22.89
06-26-2025 01:50:00,69.7282773336827,548.056463015111,22.86
06-26-2025 02:00:00,69.7209099204035,547.031932258078,22.84
06-26-2025 02:10:00,70.626139289193,546.207313505205,22.8
06-26-2025 02:20:00,70.4098748116813,546.510868188976,22.77
06-26-2025 02:30:00,70.0873216455539,548.140970634742,22.73
06-26-2025 02:40:00,69.151667691327,547.521183056286,22.69
06-26-2025 02:50:00,70.0559664512779,547.208363945239,22.65
06-26-2025 03:00:00,69.5295469535193,547.304361226482,22.61
06-26-2025 03:10:00,69.9225361023963,547.706652702964,22.57
06-26-2025 03:20:00,70.5194351325339,546.985755873062,22.53
06-26-2025 03:30:00,69.274970831553,548.609771171096,22.48
06-26-2025 03:40:00,70.2755365597629,545.948444260832,22.43
06-26-2025 03:50:00,69.3380723484698,546.857851057765,22.38
06-26-2025 04:00:00,69.6751956629655,546.849267257854,22.33
06-26-2025 04:10:00,70.0123187718667,546.636946063003,22.28
06-26-2025 04:20:00,69.6911994812361,547.343916654816,22.24
06-26-2025 04:30:00,69.7734317258483,547.945950806735,22.19
06-26-2025 04:40:00,69.6520822755318,548.343980366237,22.14
06-26-2025 04:50:00,70.3445574458193,547.012523039948,22.09
06-26-2025 05:00:00,69.4096835475487,547.105596332187,22.04
06-26-2025 05:10:00,69.1870018821404,547.503494153714,21.99
06-26-2025 05:20:00,71.1994938325837,547.291527324646,21.94
06-26-2025 05:30:00,70.2654202814263,546.368896667928,21.89
06-26-2025 05:40:00,70.8547212919712,547.883200501094,21.84
06-26-2025 05:50:00,69.5197466868869,547.36956378781,21.8
06-26-2025 06:00:00,70.8189470118135,547.259431312243,21.75
06-26-2025 06:10:00,68.8725733317277,547.453566336654,21.7
06-26-2025 06:20:00,69.866928124356,547.8502460563,21.65
06-26-2025 06:30:00,70.0540976334854,546.324270281371,21.61
06-26-2025 06:40:00,69.4308791130549,547.128810763603,21.57
06-26-2025 06:50:00,70.2255703583415,547.325328193199,21.53
06-26-2025 07:00:00,70.3030065210254,546.504491326524,21.47
06-26-2025 07:10:00,69.4821244981579,547.108307472567,21.44
06-26-2025 07:20:00,69.1633870670715,546.596635628197,21.4
06-26-2025 07:30:00,70.0622585639227,547.503444541889,21.37
06-26-2025 07:40:00,67.7257078232551,546.489041762149,21.34
06-26-2025 07:50:00,69.0287654935974,547.395439263668,21.31
06-26-2025 08:00:00,70.8322605024694,546.379052440956,21.27
06-26-2025 08:10:00,69.6125887554757,547.388570729637,21.25
06-26-2025 08:20:00,69.298320595238,547.183154844328,21.22
06-26-2025 08:30:00,70.2927147871856,546.874322516216,21.18
06-26-2025 08:40:00,69.8815853052654,547.580193050922,21.16
06-26-2025 08:50:00,69.7774284694376,546.572574959675,21.15
06-26-2025 09:00:00,70.3756864627098,546.470964017665,21.13
06-26-2025 09:10:00,69.157480063142,547.277523276654,21.11
06-26-2025 09:20:00,69.7556443095456,547.478497556369,21.09
06-26-2025 09:30:00,70.7570978994152,547.679408702067,21.07
06-26-2025 09:40:00,69.0391412240275,547.681158084215,21.06
06-26-2025 09:50:00,71.1539386001601,545.968380724258,21.05
06-26-2025 10:00:00,70.6505060604593,546.477015782974,21.05
06-26-2025 10:10:00,69.3442508773318,546.080439580564,21.06
06-26-2025 10:20:00,70.6563072907343,547.597745463605,21.06
06-26-2025 10:30:00,70.5603977636409,546.898615883255,21.07
06-26-2025 10:40:00,69.2499142142442,546.499497486088,21.07
06-26-2025 10:50:00,69.0530025461664,546.304618403473,21.08
06-26-2025 11:00:00,69.2596082168488,548.329231358982,21.09
06-26-2025 11:10:00,68.9657536357026,546.724461253312,21.11
06-26-2025 11:20:00,68.4739077888414,546.837352909308,21.14
06-26-2025 11:30:00,68.591496388499,547.053809741203,21.18
06-26-2025 11:40:00,70.6321773764716,547.777995153225,21.23
06-26-2025 11:50:00,70.6495190925284,547.691806815889,21.27
06-26-2025 12:00:00,70.7679398370277,547.100217947074,21.31
06-26-2025 12:10:00,70.0939633885161,547.428517837732,21.39
06-26-2025 12:20:00,69.5283899066325,547.863699774919,21.49
06-26-2025 12:30:00,70.7852866972119,547.590488301903,21.59
06-26-2025 12:34:09,70.6972487925201,547.906666167415,21.62
06-26-2025 12:39:09,69.1009632669648,547.926859288464,21.68
06-26-2025 12:44:09,69.6330165938215,547.33852376202,21.74
06-26-2025 12:49:09,50.119953077984,31.8576219969372,21.78
06-26-2025 12:54:09,49.42998699088,31.7691702836662,21.83
06-26-2025 12:59:09,13.0229615001886,11.4077104614055,21.17
06-26-2025 13:04:09,46.5849645392389,32.8955232053398,22.62
06-26-2025 13:09:09,11.8642549227453,11.8642549227453,22.76
06-26-2025 13:14:09,36.2352314943918,13.9855279452039,26.96
06-26-2025 13:19:09,31.2189867506195,13.8043138693216,27.22
06-26-2025 13:24:09,24.2796098476004,37.3612961879024,25.51
06-26-2025 13:29:09,23.8409090885221,35.4987985547158,25.93
06-26-2025 13:34:09,43.2558456106105,20.7419597024373,25.03
06-26-2025 13:39:09,56.9590840052786,65.592438697391,26.22
06-26-2025 13:44:09,45.8494325762965,63.7032438790479,26.62
06-26-2025 13:49:09,107.27685369527,13.8248892374523,28.29
06-26-2025 13:54:09,57.8666247169358,14.1451749308065,28.28
06-26-2025 13:59:09,82.3775623256516,15.6603178379494,28.39
06-26-2025 14:04:09,170.9762013539,13.9092028635839,28.1
06-26-2025 14:09:09,163.072820119514,13.8488438416178,28.49
06-26-2025 14:14:09,463.899070619169,17.7517855515865,28.04
06-26-2025 14:19:09,688.09948407605,14.7434515668469,28.77
06-26-2025 14:24:09,658.262744970744,14.7742457504902,29.01
06-26-2025 14:29:09,10.7102910552489,13.2848802512222,23.59
06-26-2025 14:34:09,72.082506873067,33.7758032205228,23.58
06-26-2025 14:39:09,73.781517227112,32.8373929244449,23.16
06-26-2025 14:44:09,75.0347573912055,32.0845342396821,23.03
06-26-2025 14:49:09,74.3827995001394,30.7366940083221,22.97
06-26-2025 14:54:09,77.4372609662326,31.343653248237,22.94
06-26-2025 14:59:09,78.0389408169878,32.567431994491,22.92
06-26-2025 15:04:09,80.0739711467473,31.3332930574229,22.9
06-26-2025 15:09:09,79.9649669486669,32.0474195325643,22.89
06-26-2025 15:14:09,78.7298066748133,32.0447717675118,22.88
06-26-2025 15:19:09,79.4398995699496,32.2468664491419,22.87
06-26-2025 15:24:09,79.8427875041534,31.9371150016613,22.86
06-26-2025 15:29:09,80.8597334392357,32.2415392827332,22.85
06-26-2025 15:34:09,79.5225616867871,31.7271481633256,22.84
06-26-2025 15:39:09,79.0108334906045,31.7271481633256,22.84
06-26-2025 15:44:09,80.4436724399159,31.9318394417987,22.84
06-26-2025 15:49:09,80.3479629744304,32.0368310968111,22.85
06-26-2025 15:54:09,79.7272529652602,32.0341850810352,22.84
06-26-2025 15:59:09,80.4436724399159,31.5224568848526,22.84
06-26-2025 16:04:09,79.8295986044967,31.8294938025622,22.84
06-26-2025 16:09:09,79.4267761377809,31.5250606320058,22.85
06-26-2025 16:14:09,82.2926907406905,31.9344770038501,22.85
06-26-2025 16:19:09,79.3309747637421,32.9607404824838,22.86
06-26-2025 16:24:09,80.0475126003179,31.5276648093324,22.86
06-26-2025 16:29:09,79.4398995699496,31.0184143939365,22.87
06-26-2025 16:34:09,79.0304155515478,30.8136723847356,22.87
06-26-2025 16:39:09,79.2351575607488,30.7113013801352,22.87
06-26-2025 16:44:09,81.1869137751976,31.7376333799638,22.88
06-26-2025 16:49:09,80.3811602943691,32.0500677352071,22.9
06-26-2025 16:54:09,79.9781836718957,31.233477618346,22.91
06-26-2025 16:59:09,79.9847936720046,31.645712221062,22.92
06-26-2025 17:04:09,81.8349966799982,31.3410625582972,22.93
06-26-2025 17:09:09,81.5344705411656,32.8801068388369,22.94
06-26-2025 17:14:09,79.2875592799993,31.2438056594312,22.95
06-26-2025 17:19:09,79.6014558973102,31.4512830894134,22.96
06-26-2025 17:24:09,79.9154044216374,31.0440609484053,22.97
06-26-2025 17:29:09,79.9286216913778,31.7665034927271,22.99
06-26-2025 17:34:09,80.6592701330202,31.6692687053408,23.01
06-26-2025 17:39:09,80.1667139602439,31.2670687440849,23.04
06-26-2025 17:44:09,81.0069388082813,30.3519669458877,23.07
06-26-2025 17:49:09,79.8922162726394,31.1774502527373,23.09
06-26-2025 17:54:09,81.8679097183672,31.1877751308066,23.13
06-26-2025 17:59:09,79.8293007394471,32.3216320474625,23.15
06-26-2025 18:04:09,81.0673137822232,32.2216918071115,23.16
06-26-2025 18:09:09,80.9848164246651,31.3059176293065,23.19
06-26-2025 18:14:09,79.7729315351125,30.4923560694059,23.22
06-26-2025 18:19:09,81.1277788189746,31.1160974457586,23.25
06-26-2025 18:24:09,81.3399065289448,29.9889554374392,23.26
06-26-2025 18:29:09,80.8397970931365,30.7129597596541,23.28
06-26-2025 18:34:09,81.6750893032344,30.2043726479886,23.3
06-26-2025 18:39:09,81.585881573469,31.9561828329331,23.32
06-26-2025 18:44:09,80.7705552071369,30.5201716240708,23.33
06-26-2025 18:49:09,81.6129515025828,30.8361277717567,23.36
06-26-2025 18:54:09,81.9349056473814,32.0748940551857,23.38
06-26-2025 18:59:09,81.7360784181077,30.8438031766444,23.39
06-26-2025 19:04:09,80.6185167776491,31.9800493850113,23.41
06-26-2025 19:09:09,82.4831416080243,30.339808945595,23.43
06-26-2025 19:14:09,83.7242522210584,32.7080002534356,23.44
06-26-2025 19:19:09,81.3653329163917,32.1963959580665,23.45
06-26-2025 19:24:09,83.9508677546466,31.6873373387637,23.47
06-26-2025 19:29:09,81.694269177884,31.6899683964588,23.48
06-26-2025 19:34:09,80.3700521221913,32.1068582101456,23.5
06-26-2025 19:39:09,81.0971330619735,32.6241004830528,23.51
06-26-2025 19:44:09,80.1775557187697,32.4209628387836,23.52
06-26-2025 19:49:09,80.5959447373267,33.2471138571603,23.53
06-26-2025 19:54:09,81.5223349067213,31.497265759415,23.53
06-26-2025 19:59:09,82.4555743571193,31.3969415467183,23.54
06-26-2025 20:04:09,81.8447287104617,31.502499352706,23.55
06-26-2025 20:09:09,81.3299819890122,32.3260941070251,23.55
06-26-2025 20:14:09,81.6456131492885,32.122864189884,23.56
06-26-2025 20:19:09,81.9612967636305,31.7136675919575,23.57
06-26-2025 20:24:09,83.5057935619401,31.4047682322956,23.57
06-26-2025 20:29:09,81.6591827862031,31.6133280143308,23.58
06-26-2025 20:34:09,82.1740578352964,33.6728282107042,23.58
06-26-2025 20:39:09,82.2770328451151,32.7460531223362,23.58
06-26-2025 20:44:09,81.6659692962731,31.2040210551964,23.59
06-26-2025 20:49:09,81.4667726798963,31.000630311819,23.6
06-26-2025 20:54:09,80.7525395077165,32.1362147020504,23.61
06-26-2025 20:59:09,81.2675429484544,31.6212112613124,23.61
06-26-2025 21:04:09,80.9585408840116,32.4452167664932,23.61
06-26-2025 21:09:09,82.3043910989295,32.2418953866895,23.62
06-26-2025 21:14:09,81.5833263458725,32.5509231379996,23.62
06-26-2025 21:19:09,81.4803170954358,31.2118028823224,23.62
06-26-2025 21:24:09,81.5833263458725,31.4178213831959,23.62
06-26-2025 21:29:09,82.3112335054315,30.8023264306934,23.63
06-26-2025 21:34:09,84.1585576067902,32.6539323884363,23.62
06-26-2025 21:39:09,81.3773078449991,32.3449046371262,23.62
06-26-2025 21:44:09,82.5104095998029,32.2418953866895,23.62
06-26-2025 21:49:09,82.7164281006763,31.9328676353794,23.62
06-26-2025 21:54:09,81.7893448467459,32.4479138875629,23.62
06-26-2025 21:59:09,83.4374928537333,31.4178213831959,23.62
06-26-2025 22:04:09,82.8125532706684,31.0032071324269,23.61
06-26-2025 22:09:09,80.8622615928156,30.7997658805756,23.62
06-26-2025 22:14:09,81.2742985945624,30.5937473797022,23.62
06-26-2025 22:19:09,82.915553958816,32.239215390198,23.61
06-26-2025 22:24:09,82.1945491417828,29.8701995628033,23.61
06-26-2025 22:29:09,82.400550518078,31.1062078205745,23.61
06-26-2025 22:34:09,83.1215553351112,31.3122091968696,23.61
06-26-2025 22:39:09,83.2176388436868,31.2066145663825,23.6
06-26-2025 22:44:09,82.9017721103403,30.5861196481628,23.59
06-26-2025 22:49:09,81.2540350249174,30.6891032160018,23.59
06-26-2025 22:54:09,82.4829828647524,30.6865529259628,23.58
06-26-2025 22:59:09,82.2770328451151,30.4806029063255,23.58
06-26-2025 23:04:09,82.5790954829544,31.301801779075,23.57
06-26-2025 23:09:09,82.2633605375555,30.681453617261,23.56
06-26-2025 23:14:09,83.5948675633898,31.6054486969959,23.55
06-26-2025 23:19:09,83.5879230686403,31.9116455065006,23.54
06-26-2025 23:24:09,84.5073698969926,32.3207236877657,23.53
06-26-2025 23:29:09,82.750648007562,31.7004969979218,23.52
06-26-2025 23:34:09,82.8398104460486,30.2545394672525,23.5
06-26-2025 23:39:09,83.4433908101561,30.0437362719674,23.48
06-26-2025 23:44:09,82.304772308477,31.6873373387637,23.47
06-26-2025 23:49:09,83.7312022679429,31.6820765338162,23.45
06-26-2025 23:54:09,84.0328182611851,31.4737360929286,23.44
06-26-2025 23:59:09,82.4762962918781,32.1883799742616,23.42
06-27-2025 00:04:09,81.4343969844596,32.080216993878,23.4
06-27-2025 00:09:09,83.6825761567985,31.9720899075729,23.38
06-27-2025 00:14:09,81.3045902248653,31.5556374197644,23.36
06-27-2025 00:19:09,83.8603552431529,31.6531733025626,23.34
06-27-2025 00:24:09,82.7161645675599,32.5727008297099,23.32
06-27-2025 00:29:09,83.6201397976701,31.9482352298224,23.29
06-27-2025 00:34:09,83.4008568719071,30.7104140451973,23.27
06-27-2025 00:39:09,84.1058871553674,31.0134040548485,23.25
06-27-2025 00:44:09,82.2437744491695,30.7002354061194,23.23
06-27-2025 00:49:09,83.2567408958856,30.7978079762832,23.21
06-27-2025 00:54:09,82.9281519933444,31.0980569975041,23.18
06-27-2025 00:59:09,83.9405856631122,31.6059906897782,23.16
06-27-2025 01:04:09,84.4326938574138,31.0851837652447,23.13
06-27-2025 01:09:09,84.4257041493541,31.6981076332326,23.12
06-27-2025 01:14:09,82.76382353276,31.2800076548845,23.09
06-27-2025 01:19:09,83.7685985257137,30.8621152463156,23.06
06-27-2025 01:24:09,85.6954333047101,31.6745082430089,23.03
06-27-2025 01:29:09,84.034474630812,31.1542442533742,23
06-27-2025 01:34:09,82.6885437123201,33.0959103086486,22.98
06-27-2025 01:39:09,82.6612031742721,31.343653248237,22.94
06-27-2025 01:44:09,84.3815919918592,31.9503115308982,22.91
06-27-2025 01:49:09,84.2652596654966,29.9996610959787,22.89
06-27-2025 01:54:09,84.24437707169,31.9371150016613,22.86
06-27-2025 01:59:09,82.9886048766192,32.1312230964962,22.82
06-27-2025 02:04:09,89.9246811740378,32.737085296578,22.79
06-27-2025 02:09:09,83.4520087031445,30.3740766971004,22.75
06-27-2025 02:14:09,82.9269724221292,32.2096132095816,22.73
06-27-2025 02:19:09,84.3306756052413,31.3812332252231,22.69
06-27-2025 02:24:09,83.7988427175433,31.6800502956566,22.66
06-27-2025 02:29:09,82.2523702987406,31.7770026868426,22.64
06-27-2025 02:34:09,84.0707571363355,31.3605375952066,22.61
06-27-2025 02:39:09,84.4515159966183,30.5332566904339,22.57
06-27-2025 02:44:09,84.7299396508453,31.5440377736279,22.53
06-27-2025 02:49:09,83.1712684189917,31.9418490983367,22.49
06-27-2025 02:54:09,83.6608519653873,31.5258576308593,22.46
06-27-2025 02:59:09,83.5381923049187,32.3340744330393,22.43
06-27-2025 03:04:09,84.9452190016234,31.612266375154,22.4
06-27-2025 03:09:09,84.1017343510629,31.4999223205799,22.36
06-27-2025 03:14:09,84.0809831339663,31.4921500465401,22.33
06-27-2025 03:19:09,83.8564597494088,31.076816796561,22.3
06-27-2025 03:24:09,84.6507078520713,32.087813445731,22.27
06-27-2025 03:29:09,84.3173840755622,31.8736005019939,22.23
06-27-2025 03:34:09,81.9617634628305,32.1738102537322,22.21
06-27-2025 03:39:09,83.5633530828516,31.756109819549,22.17
06-27-2025 03:44:09,83.7462815328154,31.4430145730741,22.14
06-27-2025 03:49:09,83.5153343715954,32.0430332850823,22.1
06-27-2025 03:54:09,85.7391836409231,32.5463093298878,22.08
06-27-2025 03:59:09,82.1592007373992,32.1315686052205,22.05
06-27-2025 04:04:09,83.5621805296866,31.3104034101502,22.02
06-27-2025 04:09:09,82.8301949497566,31.5059637232203,21.99
06-27-2025 04:14:09,83.927498021709,30.9901778409458,21.96
06-27-2025 04:19:09,84.7195149167803,31.998377936194,21.93
06-27-2025 04:24:09,83.899979847753,32.1989026776486,21.92
06-27-2025 04:29:09,82.755533857472,31.0714028961797,21.88
06-27-2025 04:34:09,83.5473197096045,31.8758911164226,21.85
06-27-2025 04:39:09,83.0329395122292,31.5687581764099,21.84
06-27-2025 04:44:09,83.8243978318099,31.7639667328771,21.81
06-27-2025 04:49:09,83.3979786034471,31.5532498122531,21.78
06-27-2025 04:54:09,84.6016136388351,31.5480837430188,21.76
06-27-2025 04:59:09,84.7767349923883,30.6250884781116,21.72
06-27-2025 05:04:09,82.322742255706,29.7051274395589,21.69
06-27-2025 05:09:09,84.9447924736887,31.3221251484126,21.67
06-27-2025 05:14:09,83.5051742805685,31.5171228170592,21.64
06-27-2025 05:19:09,81.8770184889049,31.6158784264088,21.63
06-27-2025 05:24:09,84.085714748837,31.4055079182403,21.6
06-27-2025 05:29:09,83.3561136240048,30.7901075840795,21.57
06-27-2025 05:34:09,83.1399561413946,31.3926752787239,21.55
06-27-2025 05:39:09,82.7213690153697,30.982544576136,21.53
06-27-2025 05:44:09,83.4096741050415,31.3798531220423,21.5
06-27-2025 05:49:09,82.4851698749181,30.8686832047239,21.48
06-27-2025 05:54:09,83.8815398384193,31.468225439986,21.45
06-27-2025 05:59:09,83.2608384012341,31.1595847236696,21.43
06-27-2025 06:04:09,82.3301662179302,31.3542402058456,21.4
06-27-2025 06:09:09,82.6268501663712,31.2505467581502,21.39
06-27-2025 06:14:09,82.6066242221631,31.0406776452926,21.36
06-27-2025 06:19:09,82.3842382677516,30.2244015239972,21.33
06-27-2025 06:24:09,82.7750732417902,32.2408404934445,21.31
06-27-2025 06:29:09,82.6605208198913,30.820854339935,21.29
06-27-2025 06:34:09,84.0546848464557,30.207152366695,21.26
06-27-2025 06:39:09,83.939970496767,32.1214327532755,21.24
06-27-2025 06:44:09,83.1251081358674,31.0077863884706,21.23
06-27-2025 06:49:09,84.4243787309945,31.6086489746427,21.21
06-27-2025 06:54:09,83.2999544525946,30.4928318117377,21.19
06-27-2025 06:59:09,83.5892412570247,30.7907229268026,21.17
06-27-2025 07:04:09,81.9606356794229,30.8866434949549,21.15
06-27-2025 07:09:09,82.5528073050959,31.0834531173222,21.13
06-27-2025 07:14:09,82.4451724466417,30.9800097198519,21.12
06-27-2025 07:19:09,85.6604074368166,31.6812343170323,21.1
06-27-2025 07:24:09,83.52799660723,30.2637668866775,21.08
06-27-2025 07:29:09,83.3126732696835,31.2674681762735,21.06
06-27-2025 07:34:09,83.702498327967,30.1530686747736,21.04
06-27-2025 07:39:09,83.6956869192414,30.049776749318,21.03
06-27-2025 07:44:09,82.8754932831026,30.5489956992458,21.01
06-27-2025 07:49:09,82.5595933592249,30.7456361105782,20.99
06-27-2025 07:54:09,83.1508969058896,30.7406346136925,20.97
06-27-2025 07:59:09,82.9425726992154,30.3350114003206,20.96
06-27-2025 08:04:09,82.7275546843243,31.6400148244554,20.94
06-27-2025 08:09:09,84.6351956065467,30.7306364999961,20.93
06-27-2025 08:14:09,83.4125567933231,30.423420472927,20.91
06-27-2025 08:19:09,83.6072393796141,31.2268002502173,20.9
06-27-2025 08:24:09,81.8748350292569,30.6149444635844,20.87
06-27-2025 08:29:09,82.8684360369958,30.7106597706971,20.85
06-27-2025 08:34:09,82.4589728853955,31.2115770384281,20.84
06-27-2025 08:39:09,81.7342724185181,31.5059449100938,20.81
06-27-2025 08:44:09,82.8347813483852,31.1007866787983,20.8
06-27-2025 08:49:09,83.0225940203203,30.9951017675862,20.78
06-27-2025 08:54:09,82.5060259584081,30.7888340771621,20.76
06-27-2025 08:59:09,82.2981093065781,30.6857253526972,20.75
06-27-2025 09:04:09,83.894229294195,30.0771877205807,20.73
06-27-2025 09:09:09,83.7868350262364,30.7788373565767,20.72
06-27-2025 09:14:09,82.6669858028,31.176113867236,20.7
06-27-2025 09:19:09,83.0625170134862,31.1735838670469,20.69
06-27-2025 09:24:09,82.0502590012955,30.7688471254858,20.68
06-27-2025 09:29:09,82.144145178566,29.9620015461599,20.67
06-27-2025 09:34:09,82.43239914974,29.6555582306991,20.65
06-27-2025 09:39:09,82.834508413885,31.465049919352,20.65
06-27-2025 09:44:09,81.8225973507974,31.0604208616663,20.64
06-27-2025 09:49:09,83.1293464485374,30.5578250548433,20.64
06-27-2025 09:54:09,82.1174935489522,29.9522803887243,20.63
06-27-2025 09:59:09,81.7154495168888,30.5553464368194,20.63
06-27-2025 10:04:09,83.62515866919,30.856879460867,20.63
06-27-2025 10:09:09,81.614938508873,31.1584124849146,20.63
06-27-2025 10:14:09,81.9164715329205,31.3594345009463,20.63
06-27-2025 10:19:09,82.0169825409364,31.4599455089621,20.63
06-27-2025 10:24:09,82.0103304875615,31.8594053487218,20.62
06-27-2025 10:29:09,83.4173704714167,30.4523653648666,20.62
06-27-2025 10:34:09,83.3236256451425,30.856879460867,20.63
06-27-2025 10:39:09,81.5144275008571,31.0579014768987,20.63
06-27-2025 10:44:09,82.8210706050632,30.3543244207877,20.63
06-27-2025 10:49:09,80.9179248985158,30.6583442162079,20.64
06-27-2025 10:54:09,81.8292352535224,31.0629406552069,20.65
06-27-2025 10:59:09,83.1428353697463,30.3617125534019,20.66
06-27-2025 11:04:09,83.1495814720613,30.3641760635581,20.67
06-27-2025 11:09:09,82.8546733052298,31.171054277453,20.68
06-27-2025 11:14:09,81.5607366010594,30.7738414302394,20.7
06-27-2025 11:19:09,81.4733930027029,30.2759151775476,20.72
06-27-2025 11:24:09,80.078211060813,30.5826333699587,20.74
06-27-2025 11:29:09,81.4998549101348,30.2857485530254,20.76
06-27-2025 11:34:09,79.5068802134247,30.1924861569967,20.79
06-27-2025 11:39:09,82.646907646661,30.7031751915123,20.82
06-27-2025 11:44:09,81.0560036570858,29.2002994541054,20.85
06-27-2025 11:49:09,80.2635221627525,29.7085809761756,20.87
06-27-2025 11:54:09,79.2822248748132,31.02785929027,20.91
06-27-2025 11:59:09,80.3222727111478,29.3272037126023,20.96
06-27-2025 12:04:09,79.7370431589095,30.0399985604994,20.99
06-27-2025 12:09:09,80.5762604386092,29.5479903736076,21.04
06-27-2025 12:14:09,80.0915828083922,28.9499801838899,21.07
06-27-2025 12:19:09,81.6511744749345,28.8655573545504,21.14
06-27-2025 12:24:09,79.9614408163175,29.2788103999142,21.18
06-27-2025 12:29:09,82.0140799590819,29.3917454040552,21.23
06-27-2025 12:34:09,79.6159761782533,30.9168638458699,21.27
06-27-2025 12:39:09,79.9516772467028,29.6154758954285,21.32
06-27-2025 12:44:09,81.0965958541034,29.6275593332323,21.37
06-27-2025 12:49:09,81.0285384333228,29.6396526354102,21.42
06-27-2025 12:54:09,81.8712302169405,30.2589590047778,21.47
06-27-2025 12:59:09,80.8856482438045,28.8515766576775,21.51
06-27-2025 13:04:09,80.5201826623132,29.3721421032338,21.57
06-27-2025 13:09:09,79.2229264260127,30.1898108375342,21.6
06-27-2025 13:14:09,80.8086133667788,30.3159038854039,21.7
06-27-2025 13:19:09,79.4021333720575,30.016643011659,21.72
06-27-2025 13:24:09,80.4425415055111,29.9250312031851,21.76
06-27-2025 13:29:09,80.4688911122972,30.543677458766,21.8
06-27-2025 13:34:09,80.2922434647595,29.538612956062,21.84
06-27-2025 13:39:09,81.1375340099804,29.6522652451994,21.89
06-27-2025 13:44:09,80.2564793900345,29.8676011907217,21.94
06-27-2025 13:49:09,81.6039163375918,30.5887656508283,21.98
06-27-2025 13:54:09,80.8306996420674,28.6720217598277,22.04
06-27-2025 13:59:09,81.1556978164541,30.1028653554767,22.07
06-27-2025 14:04:09,80.4768297948624,29.8100014284383,22.12
06-27-2025 14:11:00,79.8039591314153,30.028275438479,22.18
06-27-2025 14:21:00,79.8564376817269,29.1313025216504,22.26
06-27-2025 14:31:00,78.3736679151758,29.4538231826864,22.33
06-27-2025 14:41:00,81.0701669943465,28.960915001754,22.4
06-27-2025 14:51:00,80.906165376283,29.5873744755638,22.46
06-27-2025 15:01:00,79.095756895364,28.5765315234863,22.5
06-27-2025 15:11:00,78.9176379593634,28.4838563915426,22.54
06-27-2025 15:21:00,79.5564122366136,28.9017518138147,22.58
06-27-2025 15:31:00,78.458887645034,29.3199228569333,22.62
06-27-2025 15:41:00,77.8716075009366,29.1252075298779,22.66
06-27-2025 15:51:00,78.9391155485619,29.1420309991453,22.73
06-27-2025 16:01:00,79.5986101959886,29.6704331064739,22.8
06-27-2025 16:11:00,78.3138185193447,29.994704347932,22.87
06-27-2025 16:21:00,78.5639935993392,29.2950484607706,22.94
06-27-2025 16:31:00,77.687073393684,28.9020510514761,23.01
06-27-2025 16:41:00,79.0717570554621,28.9211874054998,23.09
06-27-2025 16:51:00,78.4057685299565,30.0692279833472,23.17
06-27-2025 17:01:00,78.3680465434299,29.4778890667947,23.27
06-27-2025 17:11:00,80.7906547620026,28.4720246425887,23.36
06-27-2025 17:21:00,79.1088943703889,28.7014064100631,23.46
06-27-2025 17:31:00,78.3379426788612,29.1322441236764,23.54
06-27-2025 17:41:00,76.451929818777,28.8497848372743,23.65
06-27-2025 17:51:00,78.0558665531334,29.7993995163217,23.74
06-27-2025 18:01:00,78.5205854973614,28.5810803978569,23.82
06-27-2025 18:11:00,77.3403749903325,28.6025151833406,23.91
06-27-2025 18:21:00,76.6686777556578,29.1382306295087,23.99
06-27-2025 18:31:00,78.684380612789,28.6407009589258,24.07
06-27-2025 18:41:00,78.0061705570779,29.7954603719343,24.14
06-27-2025 18:51:00,79.390874293297,30.120918408539,24.2
06-27-2025 19:01:00,79.1200032973572,29.514660915899,24.26
06-27-2025 19:11:00,79.0494751290977,29.6306027351533,24.31
06-27-2025 19:21:00,79.6074275803042,29.0235413053193,24.37
06-27-2025 19:31:00,78.0787201477212,28.5148048348251,24.41
06-27-2025 19:41:00,76.9638886886422,29.5616014504892,24.45
06-27-2025 19:51:00,79.5836581442979,29.4677430416957,24.49
06-27-2025 20:01:00,76.386297128581,29.1637900721892,24.52
06-27-2025 20:11:00,76.8207424309509,28.6520606904628,24.55
06-27-2025 20:21:00,77.3462812738528,30.3155894388792,24.56
06-27-2025 20:31:00,77.0477303420815,30.1129943385494,24.58
06-27-2025 20:41:00,77.6772669482087,29.0770517987947,24.59
06-27-2025 20:51:00,78.3069090788241,30.2218972704746,24.6
06-27-2025 21:01:00,78.3069090788241,29.0794887825872,24.6
06-27-2025 21:11:00,78.3069090788241,28.4563568801032,24.6
06-27-2025 21:21:00,78.8261856642275,29.5987653679905,24.6
06-27-2025 21:31:00,77.3657271075073,30.2193645480331,24.59
06-27-2025 21:41:00,77.670757811155,30.1129943385494,24.58
06-27-2025 21:51:00,77.9692043445147,29.5888458564403,24.56
06-27-2025 22:01:00,78.9941727005689,29.9991010649992,24.54
06-27-2025 22:11:00,76.6912310374705,28.6424624713692,24.51
06-27-2025 22:21:00,79.7778172229,29.2553243912325,24.47
06-27-2025 22:31:00,78.707447425188,30.2800720002041,24.42
06-27-2025 22:41:00,77.1390535121079,30.1713233494938,24.4
06-27-2025 22:51:00,78.2533601267311,29.9539352008282,24.36
06-27-2025 23:01:00,78.8290866277797,30.1435797748803,24.29
06-27-2025 23:11:00,78.5956337484888,30.1335038482348,24.25
06-27-2025 23:21:00,78.2522828757921,28.8788186803518,24.2
06-27-2025 23:31:00,79.3511045321999,30.5196555893077,24.14
06-27-2025 23:41:00,80.248713099165,30.4035072824156,24.09
06-27-2025 23:51:00,79.3816582270251,29.5613987668349,24.03
06-28-2025 00:01:00,79.3353351731969,30.4738592136629,23.96
06-28-2025 00:11:00,78.8761022651379,30.9722914653683,23.89
06-28-2025 00:21:00,78.3207454318832,30.0281118849513,23.83
06-28-2025 00:31:00,78.1654829270808,29.5956379948182,23.75
06-28-2025 00:41:00,79.137418623961,30.7069671223182,23.66
06-28-2025 00:51:00,78.9883965324609,29.7622511054514,23.59
06-28-2025 01:01:00,80.5758653158461,29.4312866926334,23.5
06-28-2025 01:11:00,78.8769566781427,29.9259379313423,23.42
06-28-2025 01:21:00,77.7005967837503,30.6280130179333,23.35
06-28-2025 01:31:00,78.8881374428575,29.8912083279577,23.28
06-28-2025 01:41:00,77.39874519594,30.0767007193772,23.2
06-28-2025 01:51:00,77.5526516851904,30.4671131620391,23.12
06-28-2025 02:01:00,79.4359656943226,29.6219278524635,23.02
06-28-2025 02:11:00,78.6794313116271,29.9145754466082,22.96
06-28-2025 02:21:00,78.3202888247493,30.3043209047396,22.88
06-28-2025 02:31:00,77.8593089449194,29.3634975915793,22.8
06-28-2025 02:41:00,77.7184958362316,29.86026418971,22.74
06-28-2025 02:51:00,78.28683868445,30.149631086048,22.67
06-28-2025 03:01:00,77.8330939778431,29.4172323695785,22.6
06-28-2025 03:11:00,77.4947252025813,28.5883044225596,22.55
06-28-2025 03:21:00,77.8582233386096,30.4085852619996,22.48
06-28-2025 03:31:00,77.9217653237129,30.0875926315384,22.42
06-28-2025 03:41:00,76.4561221373299,29.8688583816502,22.36
06-28-2025 03:51:00,77.5264557756904,28.6267202010105,22.28
06-28-2025 04:01:00,76.1707769185031,29.6332835338027,22.23
06-28-2025 04:11:00,78.7795801292657,30.1275913672644,22.17
06-28-2025 04:21:00,77.5199870840714,28.3833023575537,22.11
06-28-2025 04:31:00,77.5771368891792,29.0787171039387,22.04
06-28-2025 04:41:00,76.7385603642795,30.5937836684081,22
06-28-2025 04:51:00,77.5071821121144,28.7477490664854,21.93
06-28-2025 05:01:00,77.5642549801023,29.5434531403269,21.86
06-28-2025 05:11:00,77.9384231656537,29.2269086871202,21.81
06-28-2025 05:21:00,78.2044422354704,29.7197166990828,21.75
06-28-2025 05:31:00,79.984396453356,29.1958253213771,21.68
06-28-2025 05:41:00,78.9383631223477,29.9945513276186,21.63
06-28-2025 05:51:00,76.9689778560251,28.9646416668726,21.56
06-28-2025 06:01:00,77.3424721630371,29.4589782715233,21.51
06-28-2025 06:11:00,77.4057635420877,29.1409933334919,21.45
06-28-2025 06:21:00,77.8862442069577,29.6372331852449,21.41
06-28-2025 06:31:00,76.6411519711134,29.8273612552486,21.36
06-28-2025 06:41:00,78.6376800226735,29.8176293145099,21.32
06-28-2025 06:51:00,76.6859465980892,29.0982247961129,21.27
06-28-2025 07:01:00,78.883000551777,30.5027735808408,21.23
06-28-2025 07:11:00,78.5543812898407,28.574408618284,21.19
06-28-2025 07:21:00,78.724247330592,28.4618432656756,21.14
06-28-2025 07:31:00,77.1914579226336,28.6566981046117,21.11
06-28-2025 07:41:00,77.052907814365,28.9452677260769,21.05
06-28-2025 07:51:00,77.2294742759812,28.8350256435126,21.01
06-28-2025 08:01:00,78.3193967813853,28.9287861985297,20.98
06-28-2025 08:11:00,77.1917908646639,27.9140027017127,20.95
06-28-2025 08:21:00,76.0647350186726,30.1236500272624,20.92
06-28-2025 08:31:00,77.2548676358208,29.8141340550234,20.89
06-28-2025 08:41:00,78.0352830239025,28.7975367030143,20.85
06-28-2025 08:51:00,76.8145112779911,28.7928574384082,20.83
06-28-2025 09:01:00,76.2925446683791,28.7858413920269,20.8
06-28-2025 09:11:00,76.6889148387716,29.3873531928101,20.79
06-28-2025 09:21:00,77.2864875243709,28.680532479747,20.78
06-28-2025 09:31:00,75.7708323752968,28.3763276624618,20.77
06-28-2025 09:41:00,75.1731851311264,27.6741980067734,20.78
06-28-2025 09:51:00,74.5693844473422,28.680532479747,20.78
06-28-2025 10:01:00,75.4812153924917,27.5758040233903,20.79
06-28-2025 10:11:00,74.7827977422238,28.1819426215648,20.8
06-28-2025 10:21:00,74.7949480894874,28.2871876354589,20.82
06-28-2025 10:31:00,75.4111974251053,27.7883718148586,20.84
06-28-2025 10:41:00,73.5101753187472,29.3033712571992,20.86
06-28-2025 10:51:00,74.3278466356679,27.5959755801802,20.88
06-28-2025 11:01:00,74.3459745331793,29.1138030353507,20.91
06-28-2025 11:11:00,74.8740216872654,28.4178655663645,20.95
06-28-2025 11:21:00,76.1142419323944,28.4294254634904,21
06-28-2025 11:31:00,74.0272700729633,27.6341580381361,21.05
06-28-2025 11:41:00,74.2773425141205,28.0558440474531,21.13
06-28-2025 11:51:00,74.420689961588,29.1826043404327,21.2
06-28-2025 12:01:00,73.6548815151607,27.9868342657058,21.27
06-28-2025 12:11:00,74.7261650077087,26.4929028850063,21.37
06-28-2025 12:21:00,74.8055208296428,25.8124598261961,21.5
06-28-2025 12:31:00,74.581046544349,26.8532300737126,21.63
06-28-2025 12:41:00,75.0538917369925,27.181679710154,21.74
06-28-2025 12:51:00,74.7093441088028,27.1024386916445,21.84
06-28-2025 13:01:00,74.7828553801184,27.7387493461581,21.96
06-28-2025 13:11:00,74.1384758248058,26.9502004027072,22.07
06-28-2025 13:21:00,74.5047191920187,27.3794664790342,22.17
06-28-2025 13:31:00,74.1706967267188,27.7121284473455,22.29
06-28-2025 13:41:00,75.4491210891101,28.1404830008032,22.38
06-28-2025 13:51:00,74.0765606763047,27.1409988152852,22.47
06-28-2025 14:01:00,73.4106817136442,27.8735968119957,22.55
06-28-2025 14:11:00,73.9699455207265,27.4833084876732,22.63
06-28-2025 14:21:00,75.2455986692162,27.8081560299277,22.71
06-28-2025 14:31:00,73.3575880597992,27.1126371490192,22.8
06-28-2025 14:41:00,74.7308333583289,26.9235742099185,22.87
06-28-2025 14:51:00,73.442481630673,27.0415831945574,22.94
06-28-2025 15:01:00,73.9974498551977,26.64728111129,23.01
06-28-2025 15:11:00,72.3875527039827,27.5810930274382,23.06
06-28-2025 15:21:00,75.3020623224079,26.365980949399,23.13
06-28-2025 15:31:00,72.5681434882614,27.2002235139876,23.19
06-28-2025 15:41:00,73.1237543543039,27.318705980681,23.26
06-28-2025 15:51:00,73.0634411606544,27.7456105673371,23.33
06-28-2025 16:01:00,74.6543918119557,27.661200271923,23.41
06-28-2025 16:11:00,74.6072826998575,27.7847811433952,23.5
06-28-2025 16:21:00,73.209148239876,26.8742442905874,23.57
06-28-2025 16:31:00,72.9548077939641,27.4095746796532,23.66
06-28-2025 16:41:00,74.6655930221909,27.7417742029964,23.76
06-28-2025 16:51:00,72.6695349800071,27.4575231600595,23.87
06-28-2025 17:01:00,73.7570694188315,27.168220248113,23.96
06-28-2025 17:11:00,73.2955552810275,26.4649677742497,24.05
06-28-2025 17:21:00,73.9713686317118,27.3125053409397,24.14
06-28-2025 17:31:00,73.0951845285863,26.7118379722029,24.23
06-28-2025 17:41:00,74.2961373572895,25.8015874504394,24.33
06-28-2025 17:51:00,72.1683787819574,26.4410008468379,24.41
06-28-2025 18:01:00,73.3642217114514,26.8760020131059,24.5
06-28-2025 18:11:00,74.030227382857,28.033886947225,24.57
06-28-2025 18:21:00,73.5480569548674,27.7363435126407,24.63
06-28-2025 18:31:00,73.8968709404141,27.4385006023478,24.69
06-28-2025 18:41:00,74.0380640917989,27.4523158992063,24.75
06-28-2025 18:51:00,73.9713226395007,27.9863372574201,24.81
06-28-2025 19:01:00,73.0595128012859,27.7875924757028,24.85
06-28-2025 19:11:00,73.5004987310753,27.588714112939,24.89
06-28-2025 19:21:00,73.5252077425585,27.1814153269232,24.93
06-28-2025 19:31:00,71.5645276616171,27.3966095706045,24.96
06-28-2025 19:41:00,73.4581065292587,27.7161082791246,24.99
06-28-2025 19:51:00,73.4704622167466,27.512343298186,25.01
06-28-2025 20:01:00,73.3785911081199,27.6212026188235,25.03
06-28-2025 20:11:00,73.7036830470583,27.521601590415,25.05
06-28-2025 20:21:00,72.8819580243714,27.6304991079519,25.07
06-28-2025 20:31:00,72.0478297494143,27.8390311766912,25.07
06-28-2025 20:41:00,73.6180146827272,28.4670226747656,25.08
06-28-2025 20:51:00,73.2070758080127,28.2608512022385,25.09
06-28-2025 21:01:00,72.262442174405,28.4670226747656,25.08
06-28-2025 21:11:00,72.0538925577401,27.4242745914409,25.08
06-28-2025 21:21:00,72.1581673660726,28.5712974830981,25.08
06-28-2025 21:31:00,72.7776919900017,28.8816915203875,25.07
06-28-2025 21:41:00,74.6481995083645,27.5239171371623,25.06
06-28-2025 21:51:00,73.4890035433166,27.9362453185941,25.04
06-28-2025 22:01:00,72.4405125286127,27.516971665545,25.03
06-28-2025 22:11:00,73.6788890599147,26.9912761902658,25.01
06-28-2025 22:21:00,74.2854273245765,29.2765849624207,24.98
06-28-2025 22:31:00,75.2104642964884,28.6466449882747,24.96
06-28-2025 22:41:00,73.7272981361156,27.9080733057613,24.92
06-28-2025 22:51:00,75.6867741890818,27.0681723372232,24.89
06-28-2025 23:01:00,75.5572739226974,28.7242528962321,24.85
06-28-2025 23:11:00,73.4449641305614,28.0880174436991,24.8
06-28-2025 23:21:00,74.9802305938476,29.0145413809757,24.76
06-28-2025 23:31:00,75.7867475280421,27.3414466390605,24.72
06-28-2025 23:41:00,75.6510536955176,28.4730614183679,24.67
06-28-2025 23:51:00,75.2038554232886,28.4611276049462,24.62
06-29-2025 00:01:00,74.9646902810979,28.2415453690563,24.57
06-29-2025 00:11:00,73.9930280510371,29.1613476610679,24.51
06-29-2025 00:21:00,76.5489890191616,29.6653263678594,24.45
06-29-2025 00:31:00,74.9617415178146,28.6161004964271,24.4
06-29-2025 00:41:00,75.7468290211696,28.7029707781997,24.33
06-29-2025 00:51:00,75.9223267986962,28.3802422139738,24.28
06-29-2025 01:01:00,76.8159995925232,29.608323293075,24.22
06-29-2025 01:11:00,74.4948704591109,28.452901911466,24.15
06-29-2025 01:21:00,75.8019416258865,29.1625478015007,24.09
06-29-2025 01:31:00,73.9945142782026,29.039746525384,24.01
06-29-2025 01:41:00,76.4237880813798,29.8465875074578,23.93
06-29-2025 01:51:00,75.8631523689224,30.2420457742779,23.86
06-29-2025 02:01:00,74.0653097172964,28.6770976342735,23.79
06-29-2025 02:11:00,74.5314492305272,29.3796169165979,23.71
06-29-2025 02:21:00,75.5183360168271,28.4352806830072,23.64
06-29-2025 02:31:00,75.365181368574,29.3430009426825,23.56
06-29-2025 02:41:00,75.7203905237989,29.1153132041238,23.47
06-29-2025 02:51:00,75.8757558145453,28.0678608907464,23.39
06-29-2025 03:01:00,75.517192593397,29.5904101590454,23.31
06-29-2025 03:11:00,76.2885448386179,29.1600898171837,23.23
06-29-2025 03:21:00,74.9103026088898,29.0405693675559,23.16
06-29-2025 03:31:00,76.6103794039302,28.7160726012054,23.09
06-29-2025 03:41:00,75.9510330057975,29.0069397309591,23.02
06-29-2025 03:51:00,74.9913329688946,28.377867803803,22.96
06-29-2025 04:01:00,76.8933292937885,28.5662301903688,22.89
06-29-2025 04:11:00,75.4225067514401,29.063761081966,22.83
06-29-2025 04:21:00,76.4017105800925,28.535578650396,22.76
06-29-2025 04:31:00,74.4215716241179,29.0325911280899,22.7
06-29-2025 04:41:00,75.6046404493613,29.3223402823874,22.63
06-29-2025 04:51:00,74.4439602920613,27.6739550605605,22.57
06-29-2025 05:01:00,74.9113362079963,28.780649605797,22.5
06-29-2025 05:11:00,75.9964305139644,28.5624168374631,22.44
06-29-2025 05:21:00,76.1628289913044,28.2424412725453,22.38
06-29-2025 05:31:00,74.4947199446925,27.6170575991952,22.32
06-29-2025 05:41:00,75.6802719356161,29.0294448205257,22.26
06-29-2025 05:51:00,74.3194678318873,28.3024822702256,22.2
06-29-2025 06:01:00,75.6056952355794,28.5938093690415,22.14
06-29-2025 06:11:00,74.1506470584825,29.0906516580603,22.09
06-29-2025 06:21:00,76.9607791806148,28.6696693909291,22.03
06-29-2025 06:31:00,75.2970652130506,28.4523323342161,21.97
06-29-2025 06:41:00,73.945744950562,28.7453926112762,21.92
06-29-2025 06:51:00,76.047627136352,28.6320839151552,21.87
06-29-2025 07:01:00,74.8047236391757,28.318206099498,21.83
06-29-2025 07:11:00,75.275223768791,28.9129902615976,21.77
06-29-2025 07:21:00,74.8449173759778,28.3964456169021,21.73
06-29-2025 07:31:00,76.5314061069629,28.5852404267067,21.67
06-29-2025 07:41:00,74.3783806570002,28.6772230598516,21.63
06-29-2025 07:51:00,74.6640623733649,27.8597247661809,21.6
06-29-2025 08:01:00,76.3675694684078,28.2580263682835,21.57
06-29-2025 08:11:00,75.9500208356224,27.949607667509,21.55
06-29-2025 08:21:00,75.222711872918,28.9551757680411,21.52
06-29-2025 08:31:00,75.9189994888121,27.1283891506688,21.5
06-29-2025 08:41:00,76.5201006462001,27.834692695377,21.49
06-29-2025 08:51:00,75.3882393132364,28.8397962473455,21.46
06-29-2025 09:01:00,76.3876860217212,28.7339110333362,21.44
06-29-2025 09:11:00,75.6732771860548,29.3385700320266,21.43
06-29-2025 09:21:00,74.7627698402333,27.5175553403836,21.43
06-29-2025 09:31:00,72.9417551485902,27.6187228232526,21.43
06-29-2025 09:41:00,75.5721097031857,28.0233927547288,21.43
06-29-2025 09:51:00,74.3641711602187,27.7221536025849,21.44
06-29-2025 10:01:00,74.2751243703564,26.1076050239127,21.46
06-29-2025 10:11:00,74.8945100704778,28.7432984594807,21.48
06-29-2025 10:21:00,73.8944928357771,28.1406424771863,21.5
06-29-2025 10:31:00,72.7929069133621,27.841515161578,21.52
06-29-2025 10:41:00,75.1398872800424,26.5318739452441,21.55
06-29-2025 10:51:00,75.1521704848257,28.3593096169154,21.57
06-29-2025 11:01:00,75.4745270938356,28.0623409462986,21.6
06-29-2025 11:11:00,74.3844634974967,27.6661560419845,21.64
06-29-2025 11:21:00,74.7251543931192,27.274174398574,21.7
06-29-2025 11:31:00,74.4636310596936,27.2898048434027,21.77
06-29-2025 11:41:00,76.047627136352,27.3121651531091,21.87
06-29-2025 11:51:00,73.7667839754972,27.6371422056959,21.96
06-29-2025 12:01:00,74.4313551234854,27.9625992608722,22.05
06-29-2025 12:11:00,74.2950519088333,27.2754437144758,22.16
06-29-2025 12:21:00,74.1585021856894,26.1795811287393,22.27
06-29-2025 12:31:00,73.4220380326157,27.5332642622309,22.4
06-29-2025 12:41:00,73.2904641960771,26.3355706999831,22.52
06-29-2025 12:51:00,74.2887010155684,26.568173678195,22.65
06-29-2025 13:01:00,72.7197004316543,26.7968516358557,22.76
06-29-2025 13:11:00,73.7193037170809,27.0304113629297,22.89
06-29-2025 13:21:00,73.478924768649,26.235153055473,23
06-29-2025 13:31:00,72.8338395456153,26.7741297484586,23.12
06-29-2025 13:41:00,74.6457228770864,26.9012096200779,23.23
06-29-2025 13:51:00,74.3993409287114,27.4373260054778,23.33
06-29-2025 14:01:00,73.7411627592935,27.2544046460429,23.43
06-29-2025 14:11:00,73.3906878642579,26.2477214661792,23.53
06-29-2025 14:21:00,72.4215233470817,25.960489165668,23.63
06-29-2025 14:31:00,73.0882399784838,26.3901120373651,23.71
06-29-2025 14:41:00,72.8274493877594,26.304532002661,23.79
06-29-2025 14:51:00,72.2566398948934,26.9414043036674,23.87
06-29-2025 15:01:00,70.7436416699259,25.7155719354913,23.93
06-29-2025 15:11:00,72.2316372504444,26.1439259289877,24
06-29-2025 15:21:00,73.4111829633117,25.9524041180158,24.07
06-29-2025 15:31:00,71.2815006814677,26.7952230428159,24.14
06-29-2025 15:41:00,74.1243338386073,25.4672990562813,24.22
06-29-2025 15:51:00,72.6199861390098,25.2771421083001,24.3
06-29-2025 16:01:00,72.6685874947416,25.8123798661778,24.38
06-29-2025 16:11:00,71.1672075616507,27.5954478300278,24.47
06-29-2025 16:21:00,72.7659856282507,26.6774012930962,24.54
06-29-2025 16:31:00,72.4970873931616,26.4853256235762,24.61
06-29-2025 16:41:00,73.4749734055931,27.1244244114,24.68
06-29-2025 16:51:00,72.6862455058531,25.1646229076058,24.75
06-29-2025 17:01:00,71.914705620639,26.7468586751146,24.85
06-29-2025 17:11:00,72.9003476201005,25.6192650207782,24.93
06-29-2025 17:21:00,72.7409682656584,25.7407151312573,25.01
06-29-2025 17:31:00,73.1027922242406,25.6537616079361,25.09
06-29-2025 17:41:00,73.9806427404851,26.7123336270299,25.16
06-29-2025 17:51:00,72.9863595907418,27.0435867439229,25.24
06-29-2025 18:01:00,73.2383894951284,26.432685509654,25.31
06-29-2025 18:11:00,73.281639635394,27.389143487123,25.38
06-29-2025 18:21:00,72.7896497301397,26.4594560082261,25.43
06-29-2025 18:31:00,73.4543432600984,26.4728616022862,25.49
06-29-2025 18:41:00,72.34000009422,26.1722142164327,25.55
06-29-2025 18:51:00,73.3131687208318,25.4501428559459,25.6
06-29-2025 19:01:00,72.0807404871233,25.8778239830225,25.64
06-29-2025 19:11:00,72.5243417682357,26.9346182578563,25.68
06-29-2025 19:21:00,72.6537250078525,26.1050180764145,25.72
06-29-2025 19:31:00,70.0564478780028,25.7992308053723,25.76
06-29-2025 19:41:00,72.4869756849731,26.3302907336154,25.79
06-29-2025 19:51:00,70.9254608030336,27.3839427064967,25.81
06-29-2025 20:01:00,73.0424006938188,26.4463864581068,25.84
06-29-2025 20:11:00,72.943632414471,26.2387166958529,25.85
06-29-2025 20:21:00,70.7455722613539,26.6607942943381,25.86
06-29-2025 20:31:00,71.8073748273579,27.1902194156223,25.88
06-29-2025 20:41:00,71.2885066863685,27.5074944798653,25.89
06-29-2025 20:51:00,71.7145446126417,27.824823312372,25.9
06-29-2025 21:01:00,72.0295426124044,26.2498333135585,25.9
06-29-2025 21:11:00,74.2282389208579,26.4575901104048,25.89
06-29-2025 21:21:00,73.270908898332,26.1381895640181,25.87
06-29-2025 21:31:00,72.4188580805539,27.1833104969036,25.85
06-29-2025 21:41:00,72.4127248257687,27.9156301502239,25.84
06-29-2025 21:51:00,74.0667691991347,28.1159973730426,25.8
06-29-2025 22:01:00,72.7831958493023,27.3723546349682,25.76
06-29-2025 22:11:00,74.0229003367622,26.7363166938731,25.73
06-29-2025 22:21:00,73.6896502204924,27.4632835814638,25.7
06-29-2025 22:31:00,73.8805446955812,27.4563159010529,25.67
06-29-2025 22:41:00,74.5951849227206,26.9255091645214,25.64
06-29-2025 22:51:00,73.3069728440603,28.1708224215032,25.59
06-29-2025 23:01:00,72.7526090969862,28.0542435079026,25.54
06-29-2025 23:11:00,73.0419677380535,26.7890311474809,25.5
06-29-2025 23:21:00,74.2663452642391,27.4053274073671,25.45
06-29-2025 23:31:00,72.2423470419895,27.1823592343231,25.39
06-29-2025 23:41:00,74.6028807160539,28.2111733800204,25.32
06-29-2025 23:51:00,73.6314652212479,27.5726337849779,25.27
06-30-2025 00:01:00,73.8092439239959,27.0390299523549,25.22
06-30-2025 00:11:00,73.4589174743322,26.9210237334911,25.16
06-30-2025 00:21:00,72.6978939409695,28.5785121087886,25.11
06-30-2025 00:31:00,74.6419194649133,27.9385955539061,25.05
06-30-2025 00:41:00,73.5623024250448,28.4454795496278,24.99
06-30-2025 00:51:00,72.5940186278127,27.7044604806286,24.94
06-30-2025 01:01:00,74.1189217279203,27.3781972112964,24.88
06-30-2025 01:11:00,73.4511304971695,27.5701835435551,24.81
06-30-2025 01:21:00,71.9583431903439,27.8682600794973,24.75
06-30-2025 01:31:00,73.5850697972056,27.334566887945,24.69
06-30-2025 01:41:00,73.4441755184904,26.5936477124944,24.63
06-30-2025 01:51:00,74.2254470785539,27.9253779917916,24.55
06-30-2025 02:01:00,74.3894462852172,27.1827544305815,24.48
06-30-2025 02:11:00,73.4126611747498,26.5446910462372,24.41
06-30-2025 02:21:00,73.7842031751664,27.2545581953213,24.34
06-30-2025 02:31:00,73.0160528640366,28.6885767990612,24.27
06-30-2025 02:41:00,72.6689042202104,26.5003411401337,24.21
06-30-2025 02:51:00,73.8617455020111,27.7240165189621,24.13
06-30-2025 03:01:00,73.2894409865979,28.0133124222398,24.04
06-30-2025 03:11:00,73.3499793018755,27.9969639307159,23.97
06-30-2025 03:21:00,74.3396931629165,27.8773849360937,23.9
06-30-2025 03:31:00,74.393353670956,27.6524532369157,23.82
06-30-2025 03:41:00,73.9375346421068,27.0176207478828,23.75
06-30-2025 03:51:00,74.0037045141332,28.2409680179283,23.69
06-30-2025 04:01:00,73.5424913373846,27.3981830472609,23.61
06-30-2025 04:11:00,74.7350149603853,27.3822506604167,23.54
06-30-2025 04:21:00,75.4242718187858,27.4737797757378,23.49
06-30-2025 04:31:00,73.3297755193532,27.7686386959683,23.43
06-30-2025 04:41:00,74.3089040669993,27.5446560027051,23.35
06-30-2025 04:51:00,73.9576288526789,27.9395486776787,23.28
06-30-2025 05:01:00,74.3315346607741,27.4123201027993,23.22
