t_wql,trp,cdom,temp
10-01-2024 00:06:00,107.618783964197,3504.59028657056,21.67
10-01-2024 00:16:00,104.881996070256,3503.18312173286,21.64
10-01-2024 00:26:00,106.59156393137,3512.03807230149,21.62
10-01-2024 00:36:00,106.181201991872,3513.79856397101,21.6
10-01-2024 00:46:00,107.377114991276,3521.57755507074,21.56
10-01-2024 00:56:00,107.164352768304,3527.45756852034,21.53
10-01-2024 01:06:00,106.850794764414,3536.27025328527,21.5
10-01-2024 01:16:00,108.650951193287,3535.43429581894,21.46
10-01-2024 01:26:00,107.026468136929,3543.73419804065,21.43
10-01-2024 01:36:00,106.507292204956,3553.91999756018,21.39
10-01-2024 01:46:00,108.209900905249,3560.08737527545,21.36
10-01-2024 01:56:00,107.992963061135,3566.01686174302,21.32
10-01-2024 02:06:00,108.477012993253,3578.37560570461,21.27
10-01-2024 02:16:00,108.050127253547,3588.3669588021,21.21
10-01-2024 02:26:00,108.039063488314,3594.51699211675,21.18
10-01-2024 02:36:00,107.621077067046,3592.85708021668,21.14
10-01-2024 02:46:00,108.511575591066,3598.05918761082,21.1
10-01-2024 02:56:00,108.198583166277,3597.14044682105,21.07
10-01-2024 03:06:00,108.786799656401,3599.01059660236,21.03
10-01-2024 03:16:00,107.966716185124,3600.87956299135,20.99
10-01-2024 03:26:00,108.659583144634,3604.59694161568,20.96
10-01-2024 03:36:00,107.136135831072,3606.46308715236,20.92
10-01-2024 03:46:00,107.828869516259,3608.66618183246,20.89
10-01-2024 03:56:00,107.616883747529,3610.56612389137,20.86
10-01-2024 04:06:00,107.601683063144,3612.22756670803,20.82
10-01-2024 04:16:00,107.988296435679,3612.2778284319,20.78
10-01-2024 04:26:00,108.479459967743,3616.28805131091,20.75
10-01-2024 04:36:00,107.861610830393,3616.63875419959,20.71
10-01-2024 04:46:00,107.545211537339,3615.78273926813,20.67
10-01-2024 04:56:00,108.136514523056,3618.38133204005,20.64
10-01-2024 05:06:00,108.321917157837,3619.73600099186,20.6
10-01-2024 05:16:00,108.607559478314,3617.97575154747,20.56
10-01-2024 05:26:00,109.298613702143,3618.36211357224,20.53
10-01-2024 05:36:00,105.973728938783,3617.40654246522,20.49
10-01-2024 05:46:00,108.87080800075,3625.32081240916,20.46
10-01-2024 05:56:00,108.955614594783,3621.65440517109,20.42
10-01-2024 06:06:00,109.336703174789,3624.57368886786,20.37
10-01-2024 06:16:00,108.624134573796,3627.06375266877,20.34
10-01-2024 06:26:00,109.510329552039,3624.00189585305,20.3
10-01-2024 06:36:00,107.095373971373,3626.08985834692,20.27
10-01-2024 06:46:00,107.88143468267,3626.13587225393,20.23
10-01-2024 06:56:00,108.667134574843,3630.98926045473,20.19
10-01-2024 07:06:00,108.856259692822,3631.37154363266,20.16
10-01-2024 07:16:00,109.541352133232,3632.81725812526,20.12
10-01-2024 07:26:00,108.329526951622,3632.29827101017,20.09
10-01-2024 07:36:00,109.218848317829,3632.78003733231,20.06
10-01-2024 07:46:00,108.907656471169,3636.56238701295,20.03
10-01-2024 07:56:00,108.29230584402,3634.50530007428,19.99
10-01-2024 08:06:00,107.981402787292,3637.68533248114,19.96
10-01-2024 08:16:00,108.874424576476,3635.2047043519,19.94
10-01-2024 08:26:00,109.862839971722,3635.08570777214,19.91
10-01-2024 08:36:00,108.956530743898,3634.00526942277,19.89
10-01-2024 08:46:00,108.849832957825,3633.22486737064,19.87
10-01-2024 08:56:00,109.038595586946,3633.10645375563,19.84
10-01-2024 09:06:00,109.835341301248,3631.26537281646,19.83
10-01-2024 09:16:00,109.12923927239,3634.27997878675,19.81
10-01-2024 09:26:00,108.032278064427,3628.28299081102,19.81
10-01-2024 09:36:00,109.128602451126,3625.4443163474,19.8
10-01-2024 09:46:00,106.433547449068,3624.73922277286,19.8
10-01-2024 09:56:00,108.836918032546,3617.3809893983,19.81
10-01-2024 10:06:00,107.244708845004,3617.5106483928,19.82
10-01-2024 10:16:00,108.154125861391,3613.08232634611,19.84
10-01-2024 10:26:00,107.764800244572,3612.74789138557,19.86
10-01-2024 10:36:00,109.374004074303,3608.51706357193,19.88
10-01-2024 10:46:00,107.185766521226,3615.27594320237,19.9
10-01-2024 10:56:00,108.799568576595,3616.37662310584,19.93
10-01-2024 11:06:00,107.414619591292,3607.78089276229,19.96
10-01-2024 11:16:00,108.93332775357,3602.61554847679,20
10-01-2024 11:26:00,108.352252049616,3601.64813631594,20.04
10-01-2024 11:36:00,108.079557450418,3637.67932310308,20.1
10-01-2024 11:46:00,107.610719493083,3636.13434636702,20.17
10-01-2024 11:56:00,108.24729382677,3627.71106213295,20.25
10-01-2024 12:06:00,108.984645632329,3632.61223783484,20.33
10-01-2024 12:16:00,107.91841689132,3632.8040117024,20.41
10-01-2024 12:26:00,106.947285583593,3631.65338797063,20.48
10-01-2024 12:36:00,108.587926679297,3621.99999387381,20.56
10-01-2024 12:46:00,109.226384583643,3618.26455228125,20.64
10-01-2024 12:56:00,106.949150810226,3617.20367962147,20.71
10-01-2024 13:06:00,109.382589390025,3609.83094948116,20.76
10-01-2024 13:16:00,107.606238313798,3583.59541207761,20.83
10-01-2024 13:26:00,107.323571668635,3613.53102823237,20.87
10-01-2024 13:36:00,109.361590755652,3583.71360964055,20.93
10-01-2024 13:46:00,109.175389609625,3574.73608778377,20.96
10-01-2024 13:56:00,108.691715200432,3570.42359658781,21
10-01-2024 14:06:00,109.913678083007,3571.52137981417,21.03
10-01-2024 14:16:00,108.515791079513,3575.31008121578,21.05
10-01-2024 14:26:00,107.318820812006,3576.17469875007,21.07
10-01-2024 14:36:00,108.43180641493,3577.51096450581,21.08
10-01-2024 14:46:00,108.739867328146,3575.71989426241,21.09
10-01-2024 14:56:00,107.639037733074,3578.16610661787,21.1
10-01-2024 15:06:00,108.047733356059,3575.06296164058,21.11
10-01-2024 15:16:00,107.852581251345,3575.18845487279,21.12
10-01-2024 15:26:00,108.060027832295,3575.51576609835,21.13
10-01-2024 15:36:00,107.260889403984,3569.48459069369,21.14
10-01-2024 15:46:00,107.971661293401,3569.71046778684,21.15
10-01-2024 15:56:00,107.176653312089,3561.58958023499,21.17
10-01-2024 16:06:00,107.484808019025,3561.10804574686,21.18
10-01-2024 16:16:00,108.607141091293,3557.65999298496,21.21
10-01-2024 16:26:00,107.816196950208,3554.41220218169,21.24
10-01-2024 16:36:00,108.943310596183,3549.77896129433,21.28
10-01-2024 16:46:00,107.556046226746,3571.35395031188,21.33
10-01-2024 16:56:00,106.873584997224,3582.42931801879,21.38
10-01-2024 17:06:00,108.408998726665,3577.73149716388,21.43
10-01-2024 17:16:00,108.037535485548,3571.67785298829,21.5
10-01-2024 17:26:00,108.565349368316,3578.71774652674,21.55
10-01-2024 17:36:00,107.280969416301,3551.55204921793,21.61
10-01-2024 17:46:00,110.135514492217,3565.91966803225,21.67
10-01-2024 17:56:00,107.946010886638,3576.17615249376,21.74
10-01-2024 18:06:00,107.872565050313,3546.42972549064,21.8
10-01-2024 18:16:00,108.001233460114,3560.1061610598,21.86
10-01-2024 18:26:00,108.024579918663,3571.52873428576,21.91
10-01-2024 18:36:00,109.463925747571,3558.27003501737,21.96
10-01-2024 18:46:00,108.779512461631,3557.096565003,22.01
10-01-2024 18:56:00,108.701904922567,3564.36234190698,22.06
10-01-2024 19:06:00,109.94465555132,3571.46310320599,22.12
10-01-2024 19:16:00,109.87174430121,3567.17017973865,22.18
10-01-2024 19:26:00,108.988324787012,3569.79808894799,22.24
10-01-2024 19:36:00,108.205628669812,3554.29183836088,22.3
10-01-2024 19:46:00,106.602918257852,3545.7431079202,22.34
10-01-2024 19:56:00,110.276170968722,3529.8768665576,22.39
10-01-2024 20:06:00,107.760325826399,3534.67561039178,22.43
10-01-2024 20:16:00,107.170726534174,3529.68217913112,22.47
10-01-2024 20:26:00,107.696988293251,3527.44119006475,22.51
10-01-2024 20:36:00,109.132540121588,3527.21166579269,22.54
10-01-2024 20:46:00,109.553570191763,3524.837478464,22.57
10-01-2024 20:56:00,108.752152657154,3530.2978250083,22.59
10-01-2024 21:06:00,106.73223249673,3536.47497498818,22.61
10-01-2024 21:16:00,109.581272797874,3534.85969234251,22.62
10-01-2024 21:26:00,109.185802252982,3534.90840238625,22.64
10-01-2024 21:36:00,109.699835985003,3541.36513462677,22.65
10-01-2024 21:46:00,109.604594584106,3542.10004098193,22.66
10-01-2024 21:56:00,109.80961443755,3544.43987930277,22.66
10-01-2024 22:06:00,110.319303246702,3546.06433369552,22.66
10-01-2024 22:16:00,108.387318522844,3548.57779945355,22.65
10-01-2024 22:26:00,109.201629719778,3550.50862738025,22.65
10-01-2024 22:36:00,108.589899179406,3547.4017589908,22.64
10-01-2024 22:46:00,108.282855917257,3552.57103312856,22.63
10-01-2024 22:56:00,108.991172180554,3552.52928153938,22.62
10-01-2024 23:06:00,108.679797963951,3551.23083245322,22.6
10-01-2024 23:16:00,110.195650927023,3553.60936152395,22.58
10-01-2024 23:26:00,108.463258694938,3557.11031327267,22.56
10-01-2024 23:36:00,108.858098886726,3559.14933149734,22.53
10-01-2024 23:46:00,109.658646410697,3559.4523555636,22.5
10-01-2024 23:56:00,107.111287535382,3555.46982619357,22.47
10-02-2024 00:06:00,108.824693119674,3560.67005785085,22.44
10-02-2024 00:16:00,110.233276739264,3567.1935234922,22.41
10-02-2024 00:26:00,108.392568267281,3569.09343976344,22.37
10-02-2024 00:36:00,108.482893931061,3573.47069315963,22.34
10-02-2024 00:46:00,108.057845638216,3579.81765139327,22.29
10-02-2024 00:56:00,109.157017010171,3594.85020272644,22.25
10-02-2024 01:06:00,107.921731580636,3604.4416112627,22.2
10-02-2024 01:16:00,108.712247248305,3615.34814359275,22.15
10-02-2024 01:26:00,110.611328713528,3623.15750897499,22.09
10-02-2024 01:36:00,109.482343206969,3626.35618857498,22.05
10-02-2024 01:46:00,110.064979363802,3631.71466872269,21.99
10-02-2024 01:56:00,110.348261869609,3638.93418084079,21.94
10-02-2024 02:06:00,110.121468905807,3644.58638395867,21.88
10-02-2024 02:16:00,109.398270466939,3647.67119611457,21.84
10-02-2024 02:26:00,110.182304598504,3648.64754692032,21.78
10-02-2024 02:36:00,109.758169724547,3652.6026068298,21.73
10-02-2024 02:46:00,110.541581173749,3654.1839702414,21.67
10-02-2024 02:56:00,109.007256387332,3656.7147639768,21.62
10-02-2024 03:06:00,109.386806502577,3657.17877924005,21.56
10-02-2024 03:16:00,109.972227374253,3660.11110952478,21.51
10-02-2024 03:26:00,110.053069803588,3660.91605368637,21.46
10-02-2024 03:36:00,110.935974378255,3659.65814721309,21.4
10-02-2024 03:46:00,109.802709374237,3659.81683780486,21.34
10-02-2024 03:56:00,109.984276304722,3660.62093870718,21.29
10-02-2024 04:06:00,110.266459359619,3658.49511696648,21.24
10-02-2024 04:16:00,110.237616632904,3664.47058901867,21.17
10-02-2024 04:26:00,110.318235710593,3667.08825143267,21.12
10-02-2024 04:36:00,110.293793185202,3663.71304144463,21.06
10-02-2024 04:46:00,109.368497243435,3663.60658019993,21.01
10-02-2024 04:56:00,110.450457145432,3664.36787714925,20.95
10-02-2024 05:06:00,111.536131476219,3666.47743889912,20.9
10-02-2024 05:16:00,108.396234160716,3665.32380127124,20.84
10-02-2024 05:26:00,110.687301502716,3665.01578948695,20.79
10-02-2024 05:36:00,111.370196590567,3666.7200884862,20.74
10-02-2024 05:46:00,110.542312717517,3665.97020302657,20.68
10-02-2024 05:56:00,110.92372712985,3661.23998768079,20.63
10-02-2024 06:06:00,110.903582395267,3669.47431646076,20.58
10-02-2024 06:16:00,110.381920309289,3666.15261881968,20.53
10-02-2024 06:26:00,111.364720315699,3669.25854476036,20.48
10-02-2024 06:36:00,109.640250943567,3665.63866991269,20.43
10-02-2024 06:46:00,111.324237373735,3667.83961128041,20.38
10-02-2024 06:56:00,110.702873899327,3667.73267520757,20.33
10-02-2024 07:06:00,111.283809479729,3666.62360580537,20.28
10-02-2024 07:16:00,110.466938601594,3663.2501768627,20.24
10-02-2024 07:26:00,109.841983518566,3667.61294548698,20.18
10-02-2024 07:36:00,109.926646292576,3664.34211035026,20.14
10-02-2024 07:46:00,110.711675323501,3662.97495327696,20.1
10-02-2024 07:56:00,110.495998628368,3659.00744986956,20.06
10-02-2024 08:06:00,111.580572965853,3658.64311952441,20.02
10-02-2024 08:16:00,109.369343060184,3657.81755050708,19.99
10-02-2024 08:26:00,109.762615443377,3658.43039626743,19.97
10-02-2024 08:36:00,111.355453149957,3655.64441665472,19.95
10-02-2024 08:46:00,111.148650890053,3653.35905457136,19.93
10-02-2024 08:56:00,109.842467605332,3652.57334200788,19.91
10-02-2024 09:06:00,110.444128527954,3647.16703754863,19.91
10-02-2024 09:16:00,109.542246572363,3648.81792759009,19.9
10-02-2024 09:26:00,109.648489499381,3647.4462886902,19.91
10-02-2024 09:36:00,110.154561152036,3641.27748301775,19.92
10-02-2024 09:46:00,111.056122242355,3637.66946217179,19.92
10-02-2024 09:56:00,108.667745177963,3635.03380675814,19.94
10-02-2024 10:06:00,108.978196520709,3634.79646950384,19.96
10-02-2024 10:16:00,108.78877747546,3632.55932154607,19.98
10-02-2024 10:26:00,109.699315286681,3625.52139459005,20
10-02-2024 10:36:00,109.814309767122,3621.61704367709,20.03
10-02-2024 10:46:00,110.629586276832,3624.41397578575,20.06
10-02-2024 10:56:00,110.34457442583,3623.60957528845,20.09
10-02-2024 11:06:00,108.158150087139,3619.10112708834,20.12
10-02-2024 11:16:00,111.380070959305,3617.92953649739,20.16
10-02-2024 11:26:00,107.295058944961,3615.85564763141,20.2
10-02-2024 11:36:00,111.023372723094,3618.72503074154,20.25
10-02-2024 11:46:00,109.248629182099,3636.36893759678,20.31
10-02-2024 11:56:00,109.681693273314,3645.44148721314,20.38
10-02-2024 12:06:00,110.415886462876,3649.2048781236,20.45
10-02-2024 12:16:00,110.352650487988,3649.09367722134,20.53
10-02-2024 12:26:00,108.177693105581,3653.46637271432,20.6
10-02-2024 12:36:00,110.217245820231,3648.09117407162,20.67
10-02-2024 12:46:00,109.944241505517,3645.38851022351,20.73
10-02-2024 12:56:00,108.164190397185,3643.48823050619,20.79
10-02-2024 13:06:00,109.397662699852,3636.35006728765,20.85
10-02-2024 13:16:00,109.622374488646,3614.76404603968,20.9
10-02-2024 13:26:00,109.143364746952,3617.95042289626,20.95
10-02-2024 13:36:00,108.563497957965,3606.62213830858,21
10-02-2024 13:46:00,109.181945513662,3602.27637581805,21.03
10-02-2024 13:56:00,110.207450775887,3599.87860259473,21.07
10-02-2024 14:06:00,107.807306366157,3597.95006155638,21.1
10-02-2024 14:16:00,109.528840843819,3598.0052707607,21.12
10-02-2024 14:26:00,109.23322511464,3601.76085294888,21.13
10-02-2024 14:36:00,110.246168571088,3601.37893508471,21.14
10-02-2024 14:46:00,108.339892526003,3600.69410235402,21.15
10-02-2024 14:56:00,110.254567256501,3604.01280355526,21.15
10-02-2024 15:06:00,109.052891299404,3600.50159295428,21.16
10-02-2024 15:16:00,109.05921860172,3599.91741034398,21.17
10-02-2024 15:26:00,109.564619135163,3599.4003327543,21.17
10-02-2024 15:36:00,109.168240716272,3598.31112816685,21.18
10-02-2024 15:46:00,108.671126870152,3595.40425013089,21.19
10-02-2024 15:56:00,109.583700230805,3592.79978955479,21.2
10-02-2024 16:06:00,109.187256107803,3591.60866747119,21.21
10-02-2024 16:16:00,109.902921267295,3586.51117319615,21.23
10-02-2024 16:26:00,108.709275110906,3583.66679061217,21.26
10-02-2024 16:36:00,110.029549835232,3579.47519565264,21.28
10-02-2024 16:46:00,108.235293261613,3574.73918073992,21.32
10-02-2024 16:56:00,108.556783829518,3581.72871376015,21.36
10-02-2024 17:06:00,108.1770067649,3580.96693896809,21.41
10-02-2024 17:16:00,109.007185981321,3592.24632181887,21.46
10-02-2024 17:26:00,107.421022231875,3589.49626244367,21.52
10-02-2024 17:36:00,110.37508133607,3585.52789260873,21.58
10-02-2024 17:46:00,108.384472523801,3591.6896367648,21.64
10-02-2024 17:56:00,108.21455638355,3590.4887991805,21.71
10-02-2024 18:16:00,108.878727971549,3575.47619445002,21.84
10-02-2024 18:26:00,107.592325425107,3573.01336364412,21.9
10-02-2024 18:36:00,108.22242893454,3560.05188176443,21.95
10-02-2024 18:46:00,109.257561090522,3559.17488492725,22
10-02-2024 18:56:00,108.77537273816,3563.99127022462,22.05
10-02-2024 19:06:00,107.685556554328,3549.58568911776,22.1
10-02-2024 19:16:00,107.915681337877,3545.98478092497,22.16
10-02-2024 19:26:00,107.331361249624,3535.12212932521,22.21
10-02-2024 19:36:00,108.574757350994,3529.0658229001,22.27
10-02-2024 19:46:00,107.888899408391,3525.2178289711,22.32
10-02-2024 19:56:00,108.41924887321,3535.63955251153,22.37
10-02-2024 20:06:00,107.935771656658,3518.12398958557,22.42
10-02-2024 20:16:00,107.346318708257,3512.81121974566,22.46
10-02-2024 20:26:00,106.858051213554,3510.76075283168,22.5
10-02-2024 20:36:00,106.466840316559,3516.64501677654,22.53
10-02-2024 20:46:00,108.714404779527,3510.99374505315,22.56
10-02-2024 20:56:00,106.999463153764,3512.76870621666,22.58
10-02-2024 21:06:00,108.025170840018,3513.31847771619,22.6
10-02-2024 21:16:00,108.848054460928,3512.23381347495,22.62
10-02-2024 21:26:00,108.655689873681,3517.68805348659,22.64
10-02-2024 21:36:00,108.458962155896,3516.16785904253,22.65
10-02-2024 21:46:00,108.96875584248,3516.97076328963,22.65
10-02-2024 21:56:00,108.46736847924,3521.78631679164,22.66
10-02-2024 22:06:00,107.453853769998,3521.56728701583,22.66
10-02-2024 22:16:00,108.674572024367,3524.5162343159,22.66
10-02-2024 22:26:00,107.661059224045,3525.2168920284,22.66
10-02-2024 22:36:00,108.881779387335,3523.77145386395,22.66
10-02-2024 22:46:00,108.376048498014,3525.08521793286,22.66
10-02-2024 22:56:00,107.561385427699,3527.80175976837,22.65
10-02-2024 23:06:00,108.274286870203,3528.80881095274,22.65
10-02-2024 23:16:00,108.580989026696,3530.63331645043,22.65
10-02-2024 23:26:00,107.563276720844,3532.6338837709,22.64
10-02-2024 23:36:00,108.982601011949,3536.0644657073,22.63
10-02-2024 23:46:00,107.859173449921,3537.42261402835,22.61
10-02-2024 23:56:00,108.664784305997,3538.06537215599,22.59
10-03-2024 00:06:00,109.262841544332,3541.23192515641,22.56
10-03-2024 00:16:00,108.541465914142,3548.88863575557,22.53
10-03-2024 00:26:00,109.232084048359,3556.48124406499,22.48
10-03-2024 00:36:00,108.506740636982,3556.65178556771,22.44
10-03-2024 00:46:00,107.680336287779,3581.29625688158,22.4
10-03-2024 00:56:00,109.58715391445,3588.05206852231,22.35
10-03-2024 01:06:00,107.848798896675,3596.46600439675,22.31
10-03-2024 01:16:00,108.437423948671,3602.59951730446,22.26
10-03-2024 01:26:00,108.726159711457,3612.02075697791,22.22
10-03-2024 01:36:00,109.622392537673,3616.95704096798,22.18
10-03-2024 01:46:00,109.400123491728,3618.59875527626,22.13
10-03-2024 01:56:00,109.182329234491,3622.51214251485,22.09
10-03-2024 02:06:00,108.863518358936,3624.69439282369,22.05
10-03-2024 02:16:00,108.544708437841,3624.94391261967,22.01
10-03-2024 02:26:00,109.237601245195,3627.42883814511,21.97
10-03-2024 02:36:00,108.514434615754,3632.14697035571,21.93
10-03-2024 02:46:00,108.653087667186,3633.10473072935,21.89
10-03-2024 02:56:00,108.791741673078,3632.67681579779,21.86
10-03-2024 03:06:00,109.075412399685,3633.59770316734,21.81
10-03-2024 03:16:00,108.453994555762,3639.8294867324,21.77
10-03-2024 03:26:00,107.832867863506,3638.75527573762,21.73
10-03-2024 03:36:00,109.332675309419,3638.49285810812,21.69
10-03-2024 03:46:00,109.014515586463,3641.57517505484,21.65
10-03-2024 03:56:00,108.692204524055,3645.83419712234,21.6
10-03-2024 04:06:00,109.080711046299,3645.6711121798,21.56
10-03-2024 04:16:00,110.578754668364,3643.68580872644,21.52
10-03-2024 04:26:00,109.751969158069,3643.89153994948,21.47
10-03-2024 04:36:00,109.026490631948,3642.78207596279,21.42
10-03-2024 04:46:00,108.003303925586,3643.8338695975,21.38
10-03-2024 04:56:00,108.996151167241,3644.17735281695,21.34
10-03-2024 05:06:00,109.988539375462,3643.91427901675,21.3
10-03-2024 05:16:00,109.36877181799,3643.65140518606,21.26
10-03-2024 05:26:00,109.756370724158,3641.36884451052,21.22
10-03-2024 05:36:00,108.633526756422,3641.5108738991,21.18
10-03-2024 05:46:00,108.71484779858,3644.03838535886,21.13
10-03-2024 05:56:00,109.50917354932,3639.67593123444,21.1
10-03-2024 06:06:00,108.185944910264,3644.3572837948,21.06
10-03-2024 06:16:00,109.57928833157,3643.99411856352,21.02
10-03-2024 06:26:00,108.960634290044,3647.66310436764,20.98
10-03-2024 06:36:00,108.643901962987,3646.08998378305,20.94
10-03-2024 06:46:00,108.528360473905,3647.33839947519,20.9
10-03-2024 06:56:00,108.919657104019,3647.61593918925,20.87
10-03-2024 07:06:00,109.808906079566,3646.04431685568,20.83
10-03-2024 07:16:00,108.893807260052,3651.25388902915,20.8
10-03-2024 07:26:00,110.385343933292,3649.480793077,20.76
10-03-2024 07:36:00,107.763340753591,3649.65697282654,20.73
10-03-2024 07:46:00,110.564110033013,3649.43080825185,20.7
10-03-2024 07:56:00,108.946863034917,3649.4058549199,20.67
10-03-2024 08:06:00,110.240908824373,3648.8783317823,20.64
10-03-2024 08:16:00,108.122519136062,3653.57680384214,20.61
10-03-2024 08:26:00,109.821940958035,3650.27234835173,20.59
10-03-2024 08:36:00,108.511089339658,3649.0786687747,20.57
10-03-2024 08:46:00,109.603845440309,3651.464386976,20.54
10-03-2024 08:56:00,109.300710564771,3651.61351793404,20.53
10-03-2024 09:06:00,110.698332745657,3646.60449661976,20.51
10-03-2024 09:16:00,109.187425317942,3649.62885844739,20.49
10-03-2024 09:26:00,108.683851383827,3650.0792159967,20.48
10-03-2024 09:36:00,109.078488795194,3645.17283700597,20.46
10-03-2024 09:46:00,109.477349776464,3647.63071428593,20.45
10-03-2024 09:56:00,108.877903596519,3643.09951514531,20.45
10-03-2024 10:06:00,109.68642196344,3641.21388760551,20.46
10-03-2024 10:16:00,108.886411622746,3644.31057643779,20.46
10-03-2024 10:26:00,108.491721262116,3640.41720287864,20.47
10-03-2024 10:36:00,109.701421961626,3632.60799089494,20.48
10-03-2024 10:46:00,109.10616842372,3631.32327669044,20.49
10-03-2024 10:56:00,108.615399787094,3623.44623720107,20.51
10-03-2024 11:06:00,109.131874931673,3621.32556586638,20.54
10-03-2024 11:16:00,108.74556476407,3621.51442213694,20.57
10-03-2024 11:26:00,110.065016418779,3616.3775133559,20.6
10-03-2024 11:36:00,108.683634091003,3612.00910169525,20.65
10-03-2024 11:46:00,109.004043815457,3613.83836481939,20.69
10-03-2024 11:56:00,109.03192133414,3641.39213303608,20.75
10-03-2024 12:06:00,108.762690894786,3643.03918629098,20.82
10-03-2024 12:16:00,108.292210897863,3644.08364838058,20.89
10-03-2024 12:26:00,110.833626800613,3650.63517491206,20.95
10-03-2024 12:36:00,109.257130030184,3641.90431814131,21.02
10-03-2024 12:46:00,108.580764077137,3642.61048968027,21.08
10-03-2024 12:56:00,111.120654639033,3645.90479164872,21.13
10-03-2024 13:06:00,110.037381983087,3611.34114972866,21.18
10-03-2024 13:16:00,109.75918891005,3602.70689635332,21.23
10-03-2024 13:26:00,107.659012347056,3600.6685469895,21.26
10-03-2024 13:36:00,108.887106093281,3601.39051141368,21.3
10-03-2024 13:46:00,108.499048541368,3598.84510514437,21.33
10-03-2024 13:56:00,107.401116511823,3600.3098771709,21.35
10-03-2024 14:06:00,108.323104249169,3598.57204517551,21.38
10-03-2024 14:16:00,111.152107829073,3602.73501651684,21.39
10-03-2024 14:26:00,108.537541059371,3602.95405993303,21.4
10-03-2024 14:36:00,109.153188427054,3600.17143672092,21.42
10-03-2024 14:46:00,109.764627968398,3596.95053954669,21.43
10-03-2024 14:56:00,108.859294976315,3597.54110499477,21.43
10-03-2024 15:06:00,109.365590230368,3595.60245541743,21.43
10-03-2024 15:16:00,108.964411751376,3594.77662019796,21.43
10-03-2024 15:26:00,109.067386831014,3594.55776192203,21.43
10-03-2024 15:36:00,108.367988023835,3590.32420471765,21.44
10-03-2024 15:46:00,109.084611275149,3591.38359576381,21.46
10-03-2024 15:56:00,108.889362618937,3589.27386278996,21.47
10-03-2024 16:06:00,108.698381367188,3586.68942326301,21.49
10-03-2024 16:16:00,108.208985580672,3581.70579471374,21.52
10-03-2024 16:26:00,108.123022711186,3578.74498702521,21.55
10-03-2024 16:36:00,109.449888203926,3574.56715947944,21.58
10-03-2024 16:46:00,108.367570469406,3579.80181968905,21.64
10-03-2024 16:56:00,108.290115022204,3594.33710710119,21.69
10-03-2024 17:06:00,107.606539891429,3602.39304712411,21.74
10-03-2024 17:16:00,107.735141056708,3599.83442009599,21.8
10-03-2024 17:26:00,109.88112403413,3605.66632781825,21.85
10-03-2024 17:36:00,108.894054675129,3591.29304006562,21.9
10-03-2024 17:46:00,107.097322330853,3575.68868484823,21.95
10-03-2024 17:56:00,108.334505475684,3561.08783804749,22
10-03-2024 18:06:00,108.050221457281,3559.46067719021,22.04
10-03-2024 18:16:00,107.154316411828,3560.34541726828,22.07
10-03-2024 18:26:00,107.367341139013,3551.94471128369,22.09
10-03-2024 18:36:00,106.67352837685,3551.09824083597,22.12
10-03-2024 18:46:00,107.192487365865,3549.13186134925,22.15
10-03-2024 18:56:00,107.711447309341,3547.74659829454,22.17
10-03-2024 19:06:00,107.726355926008,3543.13145829656,22.2
10-03-2024 19:16:00,108.353362752662,3542.71728369799,22.24
10-03-2024 19:26:00,110.192237284838,3537.58877156611,22.27
10-03-2024 19:36:00,106.660598970603,3533.98602790249,22.3
10-03-2024 19:46:00,107.891659543637,3533.33701093442,22.33
10-03-2024 19:56:00,108.007992603027,3529.01771037314,22.36
10-03-2024 20:06:00,107.718783198602,3532.13977420011,22.39
10-03-2024 20:16:00,106.820990875143,3529.55176746485,22.42
10-03-2024 20:26:00,108.352947394904,3529.17972524165,22.44
10-03-2024 20:36:00,108.465139828483,3528.39940321983,22.46
10-03-2024 20:46:00,107.968663844491,3527.21059968684,22.48
10-03-2024 20:56:00,106.863306013407,3529.79753348461,22.5
10-03-2024 21:06:00,108.497458487097,3529.5271401873,22.52
10-03-2024 21:16:00,108.808373117983,3525.96285370528,22.53
10-03-2024 21:26:00,109.626748611229,3531.48418626505,22.54
10-03-2024 21:36:00,107.907953103094,3534.65806194899,22.55
10-03-2024 21:46:00,108.42188315703,3533.13538194233,22.56
10-03-2024 21:56:00,110.458412445801,3532.93994214017,22.57
10-03-2024 22:06:00,108.333332184478,3535.91034467367,22.58
10-03-2024 22:16:00,108.948893794372,3538.16625189884,22.59
10-03-2024 22:26:00,108.65084477275,3538.78819862449,22.6
10-03-2024 22:36:00,109.566713694775,3537.74806594118,22.6
10-03-2024 22:46:00,108.862579675192,3541.94525850516,22.61
10-03-2024 22:56:00,109.270872408204,3543.45876699754,22.61
10-03-2024 23:06:00,107.039482143006,3545.7894602423,22.61
10-03-2024 23:16:00,108.568870851177,3547.22923016304,22.62
10-03-2024 23:26:00,107.454206546776,3550.58165287729,22.62
10-03-2024 23:36:00,109.787263520265,3550.7383404893,22.61
10-03-2024 23:46:00,107.758929684653,3554.0904378019,22.61
10-03-2024 23:56:00,109.381192122085,3555.47250596925,22.6
10-04-2024 00:06:00,109.484906681879,3562.39928880286,22.6
10-04-2024 00:16:00,108.674938874712,3563.29959677373,22.6
10-04-2024 00:26:00,108.165253178817,3565.2935440457,22.59
10-04-2024 00:36:00,109.482781250336,3563.7127267987,22.58
10-04-2024 00:46:00,108.871607781409,3565.29781121909,22.57
10-04-2024 00:56:00,109.271130055932,3570.22195035825,22.55
10-04-2024 01:06:00,108.351335588701,3574.94029774025,22.53
10-04-2024 01:16:00,108.344960339322,3581.90257379812,22.51
10-04-2024 01:26:00,109.247344373684,3580.76944149783,22.48
10-04-2024 01:36:00,109.439394006999,3590.34867007488,22.45
10-04-2024 01:46:00,109.022896307414,3613.38610381262,22.42
10-04-2024 01:56:00,109.210586824959,3636.27457449937,22.38
10-04-2024 02:06:00,108.992726637611,3650.07670993533,22.34
10-04-2024 02:16:00,109.995459088257,3657.18228780758,22.31
10-04-2024 02:26:00,109.473533987873,3666.38567887304,22.27
10-04-2024 02:36:00,109.559661666351,3669.7785882238,22.23
10-04-2024 02:46:00,110.662940310298,3671.37533617398,22.2
10-04-2024 02:56:00,109.432381327657,3672.32212463926,22.16
10-04-2024 03:06:00,108.506107029095,3674.38746440659,22.12
10-04-2024 03:16:00,108.794818015457,3674.51903725104,22.08
10-04-2024 03:26:00,110.196475492929,3671.905356462,22.04
10-04-2024 03:36:00,108.764849625852,3677.62793615383,22
10-04-2024 03:46:00,109.761297396114,3675.62464552956,21.96
10-04-2024 03:56:00,110.555046280388,3679.20925518201,21.92
10-04-2024 04:06:00,109.326532694664,3678.22221716385,21.88
10-04-2024 04:16:00,108.502878030781,3677.23585210619,21.84
10-04-2024 04:26:00,109.498466789415,3680.20764576841,21.8
10-04-2024 04:36:00,111.196330870746,3684.25409690046,21.75
10-04-2024 04:46:00,109.661565296592,3681.19990781888,21.7
10-04-2024 04:56:00,109.545460844953,3681.63314763724,21.66
10-04-2024 05:06:00,110.636319656203,3684.25606649021,21.61
10-04-2024 05:16:00,109.914577978679,3683.16879824229,21.57
10-04-2024 05:26:00,110.601031601907,3682.65073492803,21.52
10-04-2024 05:36:00,111.287486179596,3681.93073290298,21.47
10-04-2024 05:46:00,109.654378365462,3681.21135786143,21.42
10-04-2024 05:56:00,109.94168177081,3681.54265949978,21.38
10-04-2024 06:06:00,110.22448993195,3682.74465658738,21.33
10-04-2024 06:16:00,108.794509378019,3682.53110022011,21.28
10-04-2024 06:26:00,110.688907281274,3682.62076461637,21.23
10-04-2024 06:36:00,110.065100510527,3680.18635953957,21.18
10-04-2024 06:46:00,109.542312798875,3679.46962115826,21.13
10-04-2024 06:56:00,109.623586190624,3680.36757269872,21.08
10-04-2024 07:06:00,110.107202021314,3681.86986139169,21.03
10-04-2024 07:16:00,108.784592035882,3681.79692715351,20.99
10-04-2024 07:26:00,109.674701489133,3677.59239026239,20.95
10-04-2024 07:36:00,110.363346765209,3675.30466950831,20.91
10-04-2024 07:46:00,108.442827872486,3674.36570959407,20.88
10-04-2024 07:56:00,109.030996999463,3677.41655546347,20.84
10-04-2024 08:06:00,109.024676629056,3671.18053876463,20.82
10-04-2024 08:16:00,109.415909220785,3670.04202266655,20.79
10-04-2024 08:26:00,109.313398618163,3667.16778805554,20.78
10-04-2024 08:36:00,109.608371239076,3661.33893812439,20.76
10-04-2024 08:46:00,110.213253170351,3660.31388696054,20.76
10-04-2024 08:56:00,109.508114627831,3655.63013741701,20.75
10-04-2024 09:06:00,109.606483395823,3657.88858665443,20.74
10-04-2024 09:16:00,108.098085910144,3658.6377655097,20.73
10-04-2024 09:26:00,108.999858860006,3653.04998858721,20.72
10-04-2024 09:36:00,109.801118074135,3652.99479897822,20.71
10-04-2024 09:46:00,108.698850590731,3645.73430039922,20.71
10-04-2024 09:56:00,109.307856849634,3643.83975942287,20.72
10-04-2024 10:06:00,108.506776731294,3641.10490858008,20.72
10-04-2024 10:16:00,108.709862038308,3638.26944534778,20.72
10-04-2024 10:26:00,108.716372970541,3636.17284905833,20.73
10-04-2024 10:36:00,108.522029220642,3631.05784813545,20.74
10-04-2024 10:46:00,109.235856642917,3632.91852688276,20.76
10-04-2024 10:56:00,109.351437256279,3628.4740242273,20.79
10-04-2024 11:06:00,108.55428686928,3626.57655525697,20.8
10-04-2024 11:16:00,108.971217631994,3626.45793653326,20.83
10-04-2024 11:26:00,109.187297721404,3625.43290253739,20.86
10-04-2024 11:36:00,108.402542898077,3622.12432597252,20.9
10-04-2024 11:46:00,108.723412661351,3618.41045873237,20.94
10-04-2024 11:56:00,109.853301161992,3655.85575598181,20.99
10-04-2024 12:06:00,107.869376960687,3621.25988373983,21.05
10-04-2024 12:16:00,108.400158880262,3655.44653575675,21.11
10-04-2024 12:26:00,108.125881604614,3648.57855410649,21.17
10-04-2024 12:36:00,109.46282933771,3642.30976289221,21.23
10-04-2024 12:46:00,108.684986812811,3642.90626454469,21.29
10-04-2024 12:56:00,107.499266516758,3623.55240365295,21.34
10-04-2024 13:06:00,108.631420716813,3619.15055233454,21.39
10-04-2024 13:16:00,107.74328796605,3614.40836694228,21.43
10-04-2024 13:26:00,108.5649945732,3612.26127136392,21.46
10-04-2024 13:36:00,107.672271401588,3608.79723404367,21.49
10-04-2024 13:46:00,109.196132610796,3610.96813646334,21.51
10-04-2024 13:56:00,110.014124656335,3609.69718906387,21.53
10-04-2024 14:06:00,109.617169617341,3611.63341741075,21.54
10-04-2024 14:16:00,109.518549958407,3612.52429928342,21.54
10-04-2024 14:26:00,108.213436974379,3612.0304405092,21.55
10-04-2024 14:36:00,108.922020102252,3608.16179803597,21.55
10-04-2024 14:46:00,108.217992386453,3603.17919397014,21.55
10-04-2024 14:56:00,107.211263096942,3602.04469633962,21.55
10-04-2024 15:06:00,107.314444031854,3600.10003719983,21.55
10-04-2024 15:16:00,108.531798744744,3601.73171766875,21.56
10-04-2024 15:26:00,108.029547209307,3600.90086177277,21.56
10-04-2024 15:36:00,107.733327170012,3600.50700041104,21.57
10-04-2024 15:46:00,108.139261370347,3598.86574811871,21.57
10-04-2024 15:56:00,109.86574207785,3601.03585861766,21.59
10-04-2024 16:06:00,109.27109578231,3592.97367085954,21.61
10-04-2024 16:16:00,109.286306887004,3594.16148515473,21.64
10-04-2024 16:26:00,107.988897040169,3589.57194724676,21.67
10-04-2024 16:36:00,107.806136243773,3590.99329793447,21.71
10-04-2024 16:46:00,108.936527696083,3606.81891096096,21.75
10-04-2024 16:56:00,110.172850816443,3618.93401801473,21.8
10-04-2024 17:06:00,109.291588496922,3626.52482597515,21.86
10-04-2024 17:16:00,108.911007796997,3629.61940804751,21.91
10-04-2024 17:26:00,109.242511364891,3624.82502559249,21.97
10-04-2024 17:36:00,109.169513673794,3618.6024990155,22.03
10-04-2024 17:46:00,108.181243144101,3616.5107849785,22.08
10-04-2024 17:56:00,108.711027705506,3592.33773237474,22.13
10-04-2024 18:06:00,108.329676087842,3588.1975094948,22.18
10-04-2024 18:16:00,108.551629506739,3583.41220696559,22.22
10-04-2024 18:26:00,108.46545483625,3577.77868961669,22.25
10-04-2024 18:36:00,108.687530541043,3575.53412234579,22.29
10-04-2024 18:46:00,106.878319490492,3573.97159514129,22.32
10-04-2024 18:56:00,109.123361694945,3569.75796839538,22.35
10-04-2024 19:06:00,106.908033607516,3569.31465004849,22.38
10-04-2024 19:16:00,106.724259471806,3568.59446915519,22.42
10-04-2024 19:26:00,106.73909583732,3569.68072188179,22.45
10-04-2024 19:36:00,109.290167082541,3563.72652982115,22.48
10-04-2024 19:46:00,108.899590960766,3565.01611646427,22.51
10-04-2024 19:56:00,108.711847522436,3564.77488301676,22.54
10-04-2024 20:06:00,107.200297813838,3562.15590141702,22.56
10-04-2024 20:16:00,107.824317289471,3563.1393499927,22.59
10-04-2024 20:26:00,108.444274923124,3559.9059945772,22.61
10-04-2024 20:36:00,107.947458008368,3562.39295078709,22.63
10-04-2024 20:46:00,108.563287533912,3562.29718723588,22.64
10-04-2024 20:56:00,108.468339365788,3566.2887781234,22.65
10-04-2024 21:06:00,109.190153819724,3562.74753182676,22.67
10-04-2024 21:16:00,107.262792340172,3565.68883218921,22.67
10-04-2024 21:26:00,109.808518436436,3569.68156726307,22.68
10-04-2024 21:36:00,108.795156921603,3569.25009897191,22.68
10-04-2024 21:46:00,110.020663383813,3572.73228657031,22.69
10-04-2024 21:56:00,108.698226534178,3575.54181838015,22.68
10-04-2024 22:06:00,109.919361310878,3577.56331989134,22.68
10-04-2024 22:16:00,110.226386094159,3579.99363572608,22.68
10-04-2024 22:26:00,108.091522446912,3580.24722580592,22.67
10-04-2024 22:36:00,109.414150728141,3582.47288756396,22.67
10-04-2024 22:46:00,108.193465795373,3586.0986084621,22.66
10-04-2024 22:56:00,108.597725853467,3586.45378745241,22.65
10-04-2024 23:06:00,108.396951639521,3587.24841740826,22.65
10-04-2024 23:16:00,109.715075552472,3589.64697317431,22.64
10-04-2024 23:26:00,109.71305014762,3587.85621278796,22.63
10-04-2024 23:36:00,109.711026206402,3590.66293323934,22.62
10-04-2024 23:46:00,107.2681631788,3588.43286736788,22.6
10-04-2024 23:56:00,110.307331840411,3589.1651984445,22.58
10-05-2024 00:06:00,108.875637952693,3596.80918701223,22.55
10-05-2024 00:16:00,109.068014309211,3599.14146422041,22.52
10-05-2024 00:26:00,109.458901470086,3602.25704246664,22.48
10-05-2024 00:36:00,110.15825759987,3609.17742518794,22.45
10-05-2024 00:46:00,109.940287955178,3621.46645650535,22.41
10-05-2024 00:56:00,109.109808203221,3634.12068971368,22.36
10-05-2024 01:06:00,109.800043116176,3637.89929041834,22.31
10-05-2024 01:16:00,109.679326094269,3646.86956488376,22.26
10-05-2024 01:26:00,107.93805184932,3655.52705825399,22.21
10-05-2024 01:36:00,108.830551226234,3657.05329490441,22.16
10-05-2024 01:46:00,110.233052262965,3657.69908782269,22.12
10-05-2024 01:56:00,110.314765287826,3662.07094131183,22.07
10-05-2024 02:06:00,111.610559617202,3662.2713016774,22.02
10-05-2024 02:16:00,109.563400586287,3664.16216576501,21.96
10-05-2024 02:26:00,110.555251148048,3666.59600923613,21.91
10-05-2024 02:36:00,108.91836951358,3665.77913064368,21.86
10-05-2024 02:46:00,109.602351460236,3660.35980040706,21.8
10-05-2024 02:56:00,110.694292650773,3662.18353363002,21.75
10-05-2024 03:06:00,109.664834437705,3664.30998400961,21.7
10-05-2024 03:16:00,108.232139125483,3662.17805174852,21.65
10-05-2024 03:26:00,110.030044561386,3663.89760621844,21.6
10-05-2024 03:36:00,110.515196439954,3663.18539104851,21.55
10-05-2024 03:46:00,109.890481926189,3658.82968193941,21.5
10-05-2024 03:56:00,109.366974833973,3665.91135821613,21.45
10-05-2024 04:06:00,108.343947842145,3662.50490300825,21.41
10-05-2024 04:16:00,110.244464561187,3664.56106417961,21.37
10-05-2024 04:26:00,110.63252089819,3665.70614215047,21.33
10-05-2024 04:36:00,110.621772354106,3663.35014845924,21.3
10-05-2024 04:46:00,109.59935255473,3662.57548979492,21.26
10-05-2024 04:56:00,110.092359543937,3660.92865097892,21.23
10-05-2024 05:06:00,110.283108707076,3660.79729576176,21.2
10-05-2024 05:16:00,109.664056826112,3661.74022101166,21.16
10-05-2024 05:26:00,109.653496470532,3661.10416789349,21.13
10-05-2024 05:36:00,111.051868525142,3661.88097490476,21.1
10-05-2024 05:46:00,109.833632388039,3658.72344333873,21.07
10-05-2024 05:56:00,109.013965142327,3658.96025179485,21.03
10-05-2024 06:06:00,108.902953629894,3654.89793600902,21
10-05-2024 06:16:00,107.886925742364,3660.21098673772,20.97
10-05-2024 06:26:00,109.887584308516,3658.87100641366,20.94
10-05-2024 06:36:00,109.575430376885,3658.43834807764,20.91
10-05-2024 06:46:00,108.660329878393,3658.0059108538,20.88
10-05-2024 06:56:00,108.549485043156,3653.74744842465,20.85
10-05-2024 07:06:00,110.142422059754,3652.47570263345,20.81
10-05-2024 07:16:00,109.734315835682,3648.55795277247,20.79
10-05-2024 07:26:00,109.623347646993,3652.55553656148,20.76
10-05-2024 07:36:00,108.704801565392,3650.17872709724,20.72
10-05-2024 07:46:00,109.899247937646,3649.14567432723,20.69
10-05-2024 07:56:00,109.888702383746,3650.62652119804,20.66
10-05-2024 08:06:00,109.581357611435,3649.12631656792,20.64
10-05-2024 08:16:00,110.674752238447,3649.09916062788,20.61
10-05-2024 08:26:00,110.267067568391,3649.10698892098,20.59
10-05-2024 08:36:00,108.454867021888,3646.70372116466,20.57
10-05-2024 08:46:00,110.254527883191,3646.41059229937,20.55
10-05-2024 08:56:00,109.851337995133,3635.50584943841,20.54
10-05-2024 09:06:00,109.448195926511,3639.56686133664,20.53
10-05-2024 09:16:00,109.245702508838,3635.19180135277,20.52
10-05-2024 09:26:00,108.441465964104,3633.32776682152,20.51
10-05-2024 09:36:00,108.945325128862,3627.88260881201,20.51
10-05-2024 09:46:00,107.744176614718,3624.8473413504,20.51
10-05-2024 09:56:00,108.753746467863,3625.25904934855,20.52
10-05-2024 10:06:00,109.6588391469,3623.22768780107,20.52
10-05-2024 10:16:00,109.168246038017,3621.36197270218,20.54
10-05-2024 10:26:00,109.676486187602,3620.06579765136,20.55
10-05-2024 10:36:00,108.278637281555,3613.94758130396,20.56
10-05-2024 10:46:00,107.988443110465,3617.50500371519,20.58
10-05-2024 10:56:00,109.600485452815,3611.48548253734,20.59
10-05-2024 11:06:00,107.407854670795,3613.06532326115,20.62
10-05-2024 11:16:00,108.62724083031,3612.13268448707,20.65
10-05-2024 11:26:00,108.441545107775,3610.49566353643,20.68
10-05-2024 11:36:00,108.76207791407,3615.22621350673,20.72
10-05-2024 11:46:00,108.881879546616,3605.16904383188,20.76
10-05-2024 11:56:00,108.805054683594,3607.21472514928,20.81
10-05-2024 12:06:00,108.732426112086,3612.61697781319,20.87
10-05-2024 12:16:00,108.55920779076,3636.0597555045,20.93
10-05-2024 12:26:00,108.788162380974,3624.54585336169,20.99
10-05-2024 12:36:00,109.817834962611,3638.7044327086,21.04
10-05-2024 12:46:00,108.739082683257,3611.74427532307,21.1
10-05-2024 12:56:00,108.259394513944,3607.84246234757,21.15
10-05-2024 13:06:00,108.987779810552,3603.63444549835,21.2
10-05-2024 13:16:00,108.402928676685,3597.57379681285,21.24
10-05-2024 13:26:00,108.019291391137,3596.05608474229,21.28
10-05-2024 13:36:00,108.240072678423,3596.65991503343,21.32
10-05-2024 13:46:00,107.348099600702,3596.22229770649,21.35
10-05-2024 13:56:00,107.657050834066,3595.82426093801,21.36
10-05-2024 14:06:00,107.667842697378,3589.18688830838,21.38
10-05-2024 14:16:00,109.182274194086,3588.05016307036,21.38
10-05-2024 14:26:00,107.370265429317,3582.46385698792,21.38
10-05-2024 14:36:00,107.670893576275,3580.48870992072,21.37
10-05-2024 14:46:00,107.769908962301,3575.37946907407,21.36
10-05-2024 14:56:00,107.264211923255,3574.11290159499,21.35
10-05-2024 15:06:00,107.871331621776,3569.84218867427,21.35
10-05-2024 15:16:00,107.772966416725,3566.17805649833,21.35
10-05-2024 15:26:00,107.271467390115,3562.7160992682,21.35
10-05-2024 15:36:00,107.576238870003,3562.69156337568,21.35
10-05-2024 15:46:00,106.574948219648,3557.7404778491,21.36
10-05-2024 15:56:00,107.795236825768,3563.02933595898,21.38
10-05-2024 16:06:00,107.906866751448,3561.44216358467,21.4
10-05-2024 16:16:00,107.615224339897,3562.6868782761,21.42
10-05-2024 16:26:00,107.731053751319,3556.06754656363,21.45
10-05-2024 16:36:00,107.851125134994,3554.53253076072,21.49
10-05-2024 16:46:00,107.365917472476,3550.06017944532,21.53
10-05-2024 16:56:00,107.490141868861,3552.80298791062,21.58
10-05-2024 17:16:00,107.845764519238,3548.23610606178,21.7
10-05-2024 17:26:00,107.667194699731,3551.89465243301,21.75
10-05-2024 17:36:00,106.381119250125,3535.99732755097,21.81
10-05-2024 17:46:00,108.931247600593,3529.80615264149,21.86
10-05-2024 17:56:00,106.528353193029,3521.27380629923,21.91
10-05-2024 18:06:00,107.558686319195,3519.21288411401,21.95
10-05-2024 18:16:00,105.757032679808,3518.26848529834,21.99
10-05-2024 18:26:00,107.50014090564,3515.00908504662,22.04
10-05-2024 18:36:00,107.519354751062,3512.84195970441,22.08
10-05-2024 18:46:00,106.424979005014,3514.84469836807,22.12
10-05-2024 18:56:00,106.131939039915,3513.03534038297,22.14
10-05-2024 19:06:00,107.159384758855,3506.8723862502,22.17
10-05-2024 19:16:00,106.870505188246,3510.68346269416,22.2
10-05-2024 19:26:00,106.079132821481,3509.12274657781,22.24
10-05-2024 19:36:00,108.120417527436,3507.53753201016,22.27
10-05-2024 19:46:00,108.338250713389,3508.70253242534,22.3
10-05-2024 19:56:00,106.731674242614,3505.58755592349,22.33
10-05-2024 20:06:00,107.156276508776,3504.63489982711,22.37
10-05-2024 20:16:00,108.185282363397,3506.20784006299,22.4
10-05-2024 20:26:00,106.066525543314,3501.23060414584,22.42
10-05-2024 20:36:00,106.385621526474,3498.41649422853,22.45
10-05-2024 20:46:00,107.512220117061,3500.47614826773,22.47
10-05-2024 20:56:00,107.218710898231,3499.16875690622,22.49
10-05-2024 21:06:00,107.83833616419,3499.49396106068,22.51
10-05-2024 21:16:00,105.105242348308,3503.47120818763,22.52
10-05-2024 21:26:00,106.735419411985,3499.99691888611,22.53
10-05-2024 21:36:00,106.640546762668,3502.23920649961,22.54
10-05-2024 21:46:00,107.35758925133,3500.70408298522,22.55
10-05-2024 21:56:00,107.867498440907,3506.59937622777,22.55
10-05-2024 22:06:00,107.163703256172,3507.4129294337,22.56
10-05-2024 22:16:00,107.572147392756,3508.20317130131,22.56
10-05-2024 22:26:00,108.183585741176,3513.4862032414,22.56
10-05-2024 22:36:00,106.663595841609,3512.23419918974,22.56
10-05-2024 22:46:00,109.101975415334,3511.39060518677,22.56
10-05-2024 22:56:00,107.176000909936,3514.22292525152,22.56
10-05-2024 23:16:00,108.087696546842,3519.88994832319,22.55
10-05-2024 23:26:00,108.897802076672,3519.22627619167,22.54
10-05-2024 23:36:00,108.595812091712,3521.34340938408,22.54
10-05-2024 23:46:00,107.473545784509,3521.26771653834,22.52
10-05-2024 23:56:00,106.453004394989,3524.96822998984,22.5
10-06-2024 00:06:00,108.776252108081,3532.41776426278,22.47
10-06-2024 00:16:00,109.175899426334,3540.29761656603,22.45
10-06-2024 00:26:00,108.252758918812,3544.17059769955,22.42
10-06-2024 00:36:00,107.431339577546,3548.34757578422,22.39
10-06-2024 00:46:00,106.301949676396,3566.5623487743,22.35
10-06-2024 00:56:00,109.83512044576,3578.75308506362,22.31
10-06-2024 01:06:00,109.009675438076,3588.08357546988,22.27
10-06-2024 01:16:00,107.066137802116,3596.56279653783,22.22
10-06-2024 01:26:00,109.486776089139,3598.98949031671,22.19
10-06-2024 01:36:00,110.383313160762,3601.38413525906,22.15
10-06-2024 01:46:00,108.643190474482,3605.17032644008,22.1
10-06-2024 01:56:00,109.033454217355,3608.88319929133,22.06
10-06-2024 02:06:00,109.625892553587,3613.91519958587,22.02
10-06-2024 02:16:00,109.197952093378,3616.74571636536,21.96
10-06-2024 02:26:00,110.089031960537,3620.01201595352,21.91
10-06-2024 02:36:00,110.373097631418,3622.86957722718,21.86
10-06-2024 02:46:00,109.040143654275,3625.9277961949,21.81
10-06-2024 02:56:00,110.233571279423,3626.44752526565,21.76
10-06-2024 03:06:00,109.006698478768,3624.56586971158,21.72
10-06-2024 03:16:00,109.189803173572,3627.11315542245,21.67
10-06-2024 03:26:00,109.574687624419,3626.31467763542,21.62
10-06-2024 03:36:00,109.156320588589,3628.48695483526,21.58
10-06-2024 03:46:00,108.637255193665,3625.69617023466,21.54
10-06-2024 03:56:00,110.140189329629,3626.48277726651,21.51
10-06-2024 04:06:00,108.209155159251,3627.53989847744,21.47
10-06-2024 04:16:00,109.711556626797,3626.80799138846,21.44
10-06-2024 04:26:00,108.188872133868,3628.09947063078,21.41
10-06-2024 04:36:00,109.589956139846,3628.48019018806,21.38
10-06-2024 04:46:00,108.874096385106,3627.04090576277,21.35
10-06-2024 04:56:00,109.363406414737,3629.30936589537,21.31
10-06-2024 05:06:00,107.438967593136,3629.68951048251,21.28
10-06-2024 05:16:00,107.932605822495,3627.74603986734,21.25
10-06-2024 05:26:00,110.033086147015,3630.31542921298,21.21
10-06-2024 05:36:00,110.526076439539,3628.57485967229,21.18
10-06-2024 05:46:00,109.508894787331,3633.49697422398,21.15
10-06-2024 05:56:00,108.391419470787,3628.62821994759,21.12
10-06-2024 06:06:00,108.377073299897,3633.51488845035,21.08
10-06-2024 06:16:00,110.278506255351,3630.46430892105,21.05
10-06-2024 06:26:00,110.066869180243,3631.14593595287,21.02
10-06-2024 06:36:00,109.750446103228,3630.98800093515,20.98
10-06-2024 06:46:00,108.935689110004,3632.17299750057,20.95
10-06-2024 06:56:00,109.624929587678,3629.89931696354,20.91
10-06-2024 07:06:00,109.61460407141,3631.28535762734,20.88
10-06-2024 07:16:00,109.202315930927,3631.9658958557,20.85
10-06-2024 07:26:00,107.781258194583,3633.3178649431,20.81
10-06-2024 07:36:00,108.775777373426,3629.16713784738,20.78
10-06-2024 07:46:00,109.167349934887,3627.33244635544,20.75
10-06-2024 07:56:00,108.349592071065,3625.26527735716,20.71
10-06-2024 08:06:00,109.046501699654,3628.79432481504,20.69
10-06-2024 08:16:00,107.731341630436,3625.85519759892,20.66
10-06-2024 08:26:00,108.428124508974,3621.3411830836,20.64
10-06-2024 08:36:00,109.722622852442,3622.52535386648,20.61
10-06-2024 08:46:00,110.117954416028,3621.83188691983,20.59
10-06-2024 08:56:00,108.807596306082,3619.73217119947,20.57
10-06-2024 09:06:00,110.60739460969,3615.62421566027,20.55
10-06-2024 09:16:00,109.297285847335,3615.13305149933,20.53
10-06-2024 09:26:00,109.491900742441,3616.3490680682,20.51
10-06-2024 09:36:00,110.091896966861,3613.17832964362,20.5
10-06-2024 09:46:00,108.385315228325,3610.30927998038,20.49
10-06-2024 09:56:00,108.588404785626,3605.56377054633,20.49
10-06-2024 10:06:00,108.691212258538,3605.03490715257,20.49
10-06-2024 10:16:00,110.20228162603,3603.03032596177,20.5
10-06-2024 10:26:00,108.102919726555,3597.00884919442,20.51
10-06-2024 10:36:00,108.013496709437,3594.12895950557,20.53
10-06-2024 10:46:00,109.127867075842,3592.65432588303,20.55
10-06-2024 10:56:00,109.640519000008,3589.97361690191,20.57
10-06-2024 11:06:00,108.451691803352,3586.01464759185,20.6
10-06-2024 11:16:00,108.065365941433,3585.27004015801,20.63
10-06-2024 11:26:00,108.787323635226,3586.06192723004,20.67
10-06-2024 11:36:00,109.710436434824,3586.65310040116,20.71
10-06-2024 11:46:00,108.23194236879,3597.56635707835,20.77
10-06-2024 11:56:00,108.058665548679,3610.80566357645,20.83
10-06-2024 12:06:00,107.290452152888,3618.88333944155,20.91
10-06-2024 12:16:00,107.523106537889,3621.39530027211,20.98
10-06-2024 12:26:00,107.655340093186,3620.38010136037,21.05
10-06-2024 12:36:00,108.295127887493,3617.98241903666,21.13
10-06-2024 12:46:00,107.618055480503,3597.95002749957,21.19
10-06-2024 12:56:00,107.146099001336,3609.95189319349,21.26
10-06-2024 13:06:00,107.979605972171,3584.94136547624,21.32
10-06-2024 13:16:00,106.495264136541,3579.7269809416,21.38
10-06-2024 13:26:00,107.224140883865,3579.23420447469,21.43
10-06-2024 13:36:00,107.953440550755,3574.69258609069,21.48
10-06-2024 13:46:00,108.678930750589,3568.60083350082,21.52
10-06-2024 13:56:00,108.5975043999,3565.13817155506,21.56
10-06-2024 14:06:00,107.607668396883,3565.62418476711,21.6
10-06-2024 14:16:00,107.921387194468,3565.65037698583,21.62
10-06-2024 14:26:00,107.225642838447,3570.03419892731,21.64
10-06-2024 14:36:00,107.333303165165,3569.93196779266,21.65
10-06-2024 14:46:00,108.042570959019,3571.4235969682,21.65
10-06-2024 14:56:00,106.833608841182,3575.55028569775,21.65
10-06-2024 15:06:00,107.441919024686,3575.521616173,21.65
10-06-2024 15:16:00,107.444473047023,3574.47942349929,21.65
10-06-2024 15:26:00,107.947633922147,3569.55829167873,21.64
10-06-2024 15:36:00,107.84923620486,3565.37455611368,21.64
10-06-2024 15:46:00,107.750839442033,3564.02834706078,21.64
10-06-2024 15:56:00,108.262374835146,3559.66867371723,21.65
10-06-2024 16:06:00,107.76013603343,3561.36277830232,21.65
10-06-2024 16:16:00,108.271703178686,3560.24590652186,21.66
10-06-2024 16:26:00,107.777799273244,3560.77754990448,21.68
10-06-2024 16:36:00,107.178644779054,3556.31464186506,21.69
10-06-2024 16:46:00,107.799654070425,3551.90326112581,21.72
10-06-2024 16:56:00,107.814770643204,3547.388217806,21.75
10-06-2024 17:06:00,108.436107959012,3543.37817990818,21.78
10-06-2024 17:16:00,107.647089185049,3539.08676597968,21.82
10-06-2024 17:26:00,108.681433735323,3532.07585364287,21.87
10-06-2024 17:36:00,106.577596728401,3529.30089439934,21.91
10-06-2024 17:46:00,106.803036334194,3526.04009182182,21.96
10-06-2024 17:56:00,106.320407524359,3522.36993192224,22.01
10-06-2024 18:06:00,106.748304113727,3521.95076968064,22.06
10-06-2024 18:16:00,106.670298096003,3515.02031104918,22.11
10-06-2024 18:26:00,108.208186713507,3509.28267395702,22.15
10-06-2024 18:36:00,106.408745750558,3503.15617818404,22.2
10-06-2024 18:46:00,108.044478655907,3503.70214755202,22.23
10-06-2024 18:56:00,105.429445864755,3502.94634028985,22.27
10-06-2024 19:06:00,107.977758892052,3498.39787908194,22.3
10-06-2024 19:16:00,105.86438915569,3497.51609817051,22.33
10-06-2024 19:26:00,106.48748754273,3495.92022805447,22.36
10-06-2024 19:36:00,107.114961763636,3490.36793943709,22.4
10-06-2024 19:46:00,106.825758125625,3490.19725498788,22.43
10-06-2024 19:56:00,107.6480737605,3499.28886926779,22.45
10-06-2024 20:06:00,107.358879332083,3493.91604352459,22.48
10-06-2024 20:16:00,106.65958253385,3492.09158779731,22.5
10-06-2024 20:26:00,105.659778682324,3489.77717708997,22.53
10-06-2024 20:36:00,105.974986333495,3486.62386438805,22.55
10-06-2024 20:46:00,107.098128783497,3482.52992269996,22.56
10-06-2024 20:56:00,105.383390823084,3481.21281243599,22.58
10-06-2024 21:06:00,107.420326748542,3477.93440497888,22.59
10-06-2024 21:16:00,104.889084941389,3479.35400300252,22.6
10-06-2024 21:26:00,107.125122397794,3477.3827573982,22.6
10-06-2024 21:36:00,106.11250899916,3475.30934067225,22.6
10-06-2024 21:46:00,106.521181721642,3479.56877240551,22.6
10-06-2024 21:56:00,106.929855398585,3479.12959045939,22.6
10-06-2024 22:06:00,106.830928184754,3478.17966471982,22.6
10-06-2024 22:16:00,106.930893308026,3478.12893366297,22.59
10-06-2024 22:26:00,105.918344043003,3478.50678794262,22.59
10-06-2024 22:36:00,107.337969510443,3478.76237486423,22.58
10-06-2024 22:46:00,107.742404610373,3479.22213930913,22.57
10-06-2024 22:56:00,107.030330764629,3473.45313225879,22.56
10-06-2024 23:06:00,107.942192556154,3482.18341408234,22.55
10-06-2024 23:16:00,107.023070894319,3482.21400652258,22.53
10-06-2024 23:26:00,107.017368386539,3480.10116802502,22.51
10-06-2024 23:36:00,106.707303444839,3483.0915528705,22.49
10-06-2024 23:46:00,105.886012485315,3482.69346452933,22.46
10-06-2024 23:56:00,108.111810436912,3485.27415407059,22.44
10-07-2024 00:06:00,107.696147609513,3487.22131846812,22.41
10-07-2024 00:16:00,106.976462496,3493.55173445253,22.38
10-07-2024 00:26:00,107.372125297058,3498.04423716698,22.35
10-07-2024 00:36:00,107.974561587395,3500.62006625303,22.33
10-07-2024 00:46:00,109.180678396021,3500.93144745509,22.3
10-07-2024 00:56:00,108.051698989192,3506.31375119205,22.26
10-07-2024 01:06:00,107.129988483649,3511.51153386285,22.23
10-07-2024 01:16:00,108.132988294888,3517.21579877514,22.2
10-07-2024 01:26:00,109.228364546776,3521.03835941711,22.15
10-07-2024 01:36:00,109.618824683776,3530.17159483625,22.11
10-07-2024 01:46:00,108.086177450187,3538.18016471168,22.07
10-07-2024 01:56:00,108.067795206936,3543.21001426681,22.02
10-07-2024 02:06:00,106.738624915847,3546.83861517626,21.98
10-07-2024 02:16:00,108.237512229236,3548.50904822523,21.93
10-07-2024 02:26:00,108.021110369483,3553.85960911887,21.89
10-07-2024 02:36:00,106.99206400461,3556.54106187065,21.84
10-07-2024 02:46:00,107.88341286651,3560.33647168027,21.79
10-07-2024 02:56:00,106.956022634719,3565.04162250808,21.74
10-07-2024 03:06:00,108.246600985491,3563.32912574485,21.68
10-07-2024 03:16:00,109.439606785672,3569.95421191997,21.63
10-07-2024 03:26:00,108.91630812737,3565.63442739086,21.58
10-07-2024 03:36:00,109.09529537788,3571.61837343744,21.52
10-07-2024 03:46:00,109.782683638229,3569.73066801284,21.47
10-07-2024 03:56:00,108.856480535467,3571.99206145502,21.42
10-07-2024 04:06:00,109.946725581148,3573.24045964964,21.37
10-07-2024 04:16:00,108.51718668507,3574.18463896298,21.32
10-07-2024 04:26:00,108.805227714696,3572.73057352143,21.28
10-07-2024 04:36:00,108.686047041172,3575.39136476858,21.23
10-07-2024 04:46:00,108.269071852525,3576.86613362025,21.19
10-07-2024 04:56:00,107.550291811358,3575.31185705323,21.15
10-07-2024 05:06:00,109.444324610766,3577.26258807269,21.1
10-07-2024 05:16:00,107.820122738426,3575.91108808114,21.06
10-07-2024 05:26:00,108.112078041483,3572.77280728697,21.03
10-07-2024 05:36:00,107.394009304743,3577.57269497376,20.99
10-07-2024 05:46:00,107.677631424411,3581.63611468911,20.94
10-07-2024 05:56:00,108.668900719883,3578.8747788382,20.9
10-07-2024 06:06:00,108.75523270634,3579.33761969325,20.86
10-07-2024 06:16:00,108.339154091253,3580.50484043095,20.82
10-07-2024 06:26:00,109.124460780508,3581.74405155281,20.77
10-07-2024 06:36:00,108.009721361675,3580.12083971973,20.74
10-07-2024 06:46:00,108.593966599272,3582.16392821346,20.69
10-07-2024 06:56:00,107.074209213594,3578.60391409558,20.65
10-07-2024 07:06:00,110.167095664857,3581.04812477054,20.6
10-07-2024 07:16:00,109.450358385862,3582.11199312467,20.56
10-07-2024 07:26:00,108.031851610126,3581.76928944176,20.52
10-07-2024 07:36:00,109.221210881736,3584.94043556516,20.48
10-07-2024 07:46:00,109.607990210023,3585.09885408458,20.44
10-07-2024 07:56:00,108.186275949587,3584.32629811722,20.39
10-07-2024 08:06:00,109.378941695373,3581.70465473062,20.36
10-07-2024 08:16:00,109.669482365165,3584.79951028388,20.33
10-07-2024 08:26:00,108.757847133271,3583.28170597008,20.3
10-07-2024 08:36:00,108.747931185966,3583.56857467036,20.27
10-07-2024 08:46:00,109.539127994002,3581.3504586854,20.24
10-07-2024 08:56:00,108.932555326233,3576.45610251675,20.22
10-07-2024 09:06:00,108.530529138926,3575.39663460042,20.21
10-07-2024 09:16:00,109.53016523934,3574.2371596055,20.2
10-07-2024 09:26:00,109.028043917868,3573.57862316688,20.19
10-07-2024 09:36:00,109.230922050659,3572.84697177874,20.19
10-07-2024 09:46:00,107.836181619622,3566.8336047822,20.2
10-07-2024 09:56:00,107.642734245447,3566.52890257088,20.21
10-07-2024 10:06:00,108.650787774792,3564.72144406231,20.22
10-07-2024 10:16:00,107.560290483534,3559.933960619,20.24
10-07-2024 10:26:00,109.273741474163,3561.55833481729,20.26
10-07-2024 10:36:00,109.289060671578,3559.70112320382,20.29
10-07-2024 10:46:00,109.504754525642,3556.03828799657,20.32
10-07-2024 10:56:00,108.714316169215,3553.15053969982,20.34
10-07-2024 11:06:00,107.326555761239,3552.1925998658,20.37
10-07-2024 11:16:00,108.744780763991,3554.24384842657,20.4
10-07-2024 11:26:00,106.7632064682,3551.83082538351,20.45
10-07-2024 11:36:00,107.985581741472,3554.10937948107,20.49
10-07-2024 11:46:00,108.406072011728,3549.76098796751,20.53
10-07-2024 11:56:00,107.325926405551,3552.76875719168,20.58
10-07-2024 12:06:00,109.159935947407,3579.62749563789,20.64
10-07-2024 12:16:00,107.685992554041,3588.23711414122,20.71
10-07-2024 12:26:00,108.818386084298,3558.58988637255,20.77
10-07-2024 12:36:00,108.544839909191,3569.68676162017,20.83
10-07-2024 12:46:00,110.582954255246,3549.26793319917,20.89
10-07-2024 12:56:00,108.3993753392,3543.94496902443,20.95
10-07-2024 13:06:00,108.422967027394,3538.18924082034,21
10-07-2024 13:16:00,109.046001769587,3537.54819352,21.04
10-07-2024 13:26:00,108.562439400452,3537.71368963732,21.08
10-07-2024 13:36:00,107.676055234718,3535.86097903436,21.12
10-07-2024 13:46:00,107.691168913263,3530.75316341523,21.15
10-07-2024 13:56:00,107.400106870337,3528.14345313189,21.17
10-07-2024 14:06:00,108.120049188997,3529.09022421126,21.2
10-07-2024 14:16:00,109.03744530851,3530.21586316033,21.22
10-07-2024 14:26:00,108.540788201639,3532.934234903,21.23
10-07-2024 14:36:00,108.849829135693,3529.08730899749,21.24
10-07-2024 14:46:00,107.94604333418,3531.98432182377,21.24
10-07-2024 14:56:00,107.147091695862,3532.17769333076,21.25
10-07-2024 15:06:00,107.854858757213,3531.6402338179,21.25
10-07-2024 15:16:00,108.663351994619,3533.32516499947,21.25
10-07-2024 15:26:00,108.565319192126,3529.15096451868,21.25
10-07-2024 15:36:00,107.867091231861,3527.52549021314,21.26
10-07-2024 15:46:00,107.269519795541,3532.16391287514,21.27
10-07-2024 15:56:00,107.276336186602,3526.9007662002,21.28
10-07-2024 16:06:00,108.391388636999,3526.89142502377,21.29
10-07-2024 16:16:00,107.499751123459,3521.97571812859,21.32
10-07-2024 16:26:00,109.328962798172,3513.41789117416,21.35
10-07-2024 16:36:00,107.937333253884,3514.9906792079,21.39
10-07-2024 16:46:00,106.948378904602,3522.2298008985,21.43
10-07-2024 16:56:00,108.19028571302,3535.3137446274,21.5
10-07-2024 17:06:00,108.819292691358,3526.08389720803,21.55
10-07-2024 17:16:00,107.535134259273,3529.33075179545,21.61
10-07-2024 17:26:00,107.970759800837,3533.00990846129,21.68
10-07-2024 17:36:00,109.214885072555,3528.1728468631,21.75
10-07-2024 17:46:00,107.024002495897,3532.76876161411,21.82
10-07-2024 17:56:00,107.96545177113,3526.91031112663,21.89
10-07-2024 18:06:00,106.985972476852,3528.86877898192,21.96
10-07-2024 18:16:00,107.321073211655,3527.06776684368,22.03
10-07-2024 18:26:00,107.656446223821,3526.68871341017,22.1
10-07-2024 18:36:00,108.397154808684,3523.25564573146,22.17
10-07-2024 18:46:00,107.209494405144,3526.31308153579,22.23
10-07-2024 18:56:00,106.531783872952,3514.62273348386,22.3
10-07-2024 19:06:00,107.974211622184,3500.22585905401,22.35
10-07-2024 19:16:00,107.592249218666,3493.87308215223,22.4
10-07-2024 19:26:00,108.930153999181,3497.28773634884,22.44
10-07-2024 19:36:00,108.848395367918,3500.1943562016,22.48
10-07-2024 19:46:00,107.443293161884,3496.54913430081,22.51
10-07-2024 19:56:00,108.574817210707,3500.86527761111,22.54
10-07-2024 20:06:00,107.165032156597,3499.23960557331,22.56
10-07-2024 20:16:00,106.363968691587,3502.0047795545,22.58
10-07-2024 20:26:00,107.995016122464,3500.66392790632,22.59
10-07-2024 20:36:00,109.418940190665,3503.89783731849,22.59
10-07-2024 20:46:00,107.594403360014,3503.96554155704,22.59
10-07-2024 20:56:00,106.074410782571,3509.85489853661,22.59
10-07-2024 21:06:00,107.498337714153,3509.00333412651,22.59
10-07-2024 21:16:00,109.324055752892,3507.10873237363,22.58
10-07-2024 21:26:00,106.683448821461,3514.40503845895,22.57
10-07-2024 21:36:00,109.016486719659,3510.36597069834,22.56
10-07-2024 21:46:00,108.410235636131,3512.78202572845,22.56
10-07-2024 21:56:00,106.683410776529,3511.90851899351,22.55
10-07-2024 22:06:00,108.711725293234,3513.58745624408,22.54
10-07-2024 22:16:00,108.608748521535,3519.75780767505,22.53
10-07-2024 22:26:00,107.79547476525,3520.31295364869,22.52
10-07-2024 22:36:00,107.489632190599,3519.2349121614,22.51
10-07-2024 22:46:00,108.096975988387,3522.23939304699,22.5
10-07-2024 22:56:00,107.178285335396,3526.34274669329,22.48
10-07-2024 23:06:00,107.679933553565,3526.2617005749,22.46
10-07-2024 23:16:00,108.591387155697,3528.55020749489,22.45
10-07-2024 23:26:00,108.180009443987,3528.46880085321,22.43
10-07-2024 23:36:00,108.170166789213,3529.89373952176,22.4
10-07-2024 23:46:00,107.353402011015,3531.23955497615,22.38
10-07-2024 23:56:00,106.93410250696,3537.22621077947,22.34
10-08-2024 00:06:00,108.440510189842,3541.9862503052,22.3
10-08-2024 00:16:00,108.223795001346,3544.4004487354,22.26
10-08-2024 00:26:00,108.412364335692,3554.04259603221,22.22
10-08-2024 00:36:00,111.537725694271,3563.98379531154,22.18
10-08-2024 00:46:00,107.772602991169,3575.5195135888,22.13
10-08-2024 00:56:00,110.790922588907,3578.29897004443,22.08
10-08-2024 01:06:00,109.557794836451,3585.75278587909,22.03
10-08-2024 01:16:00,109.846971720599,3590.07840329591,21.99
10-08-2024 01:26:00,108.913936986254,3586.72541235841,21.93
10-08-2024 01:36:00,109.097766759038,3596.50212689934,21.88
10-08-2024 01:46:00,109.075131553095,3599.03552693702,21.82
10-08-2024 01:56:00,108.648418459298,3604.20393639187,21.76
10-08-2024 02:06:00,110.145083503579,3608.5858287544,21.71
10-08-2024 02:16:00,108.708680444056,3612.22472865247,21.65
10-08-2024 02:26:00,107.773756096813,3623.93321619042,21.58
10-08-2024 02:36:00,108.659585616287,3623.71361691646,21.52
10-08-2024 02:46:00,108.939711980781,3629.46461405649,21.46
10-08-2024 02:56:00,109.723710802048,3629.04031033414,21.4
10-08-2024 03:06:00,108.38665503991,3630.20265891571,21.33
10-08-2024 03:16:00,109.069524021541,3630.8899143868,21.27
10-08-2024 03:26:00,108.442796495964,3629.45582687013,21.21
10-08-2024 03:36:00,108.92804585228,3631.08257916877,21.16
10-08-2024 03:46:00,109.413016462098,3631.19447505817,21.11
10-08-2024 03:56:00,110.098937190035,3632.31493407358,21.06
10-08-2024 04:06:00,109.380496032738,3631.14685888479,21.02
10-08-2024 04:16:00,108.658207522051,3634.98786598918,20.97
10-08-2024 04:26:00,110.252866168153,3634.6258616929,20.93
10-08-2024 04:36:00,109.53070642848,3631.51334048002,20.88
10-08-2024 04:46:00,109.516557936557,3637.59644637923,20.84
10-08-2024 04:56:00,109.096363614312,3634.08247402231,20.79
10-08-2024 05:06:00,109.182761501991,3636.23658768453,20.75
10-08-2024 05:16:00,108.967889732422,3631.95243633794,20.71
10-08-2024 05:26:00,108.849322052313,3636.88950622991,20.66
10-08-2024 05:36:00,109.036077403806,3636.02540285932,20.62
10-08-2024 05:46:00,109.419203649887,3636.93878085572,20.57
10-08-2024 05:56:00,108.80328510298,3636.47704531866,20.53
10-08-2024 06:06:00,107.882680164953,3631.26589952986,20.48
10-08-2024 06:16:00,110.475571956183,3634.72027092624,20.44
10-08-2024 06:26:00,109.454742440063,3632.52315056129,20.39
10-08-2024 06:36:00,108.434504633452,3636.44461690261,20.34
10-08-2024 06:46:00,109.818873692855,3637.55636846318,20.29
10-08-2024 06:56:00,109.604448600842,3638.49841918845,20.25
10-08-2024 07:06:00,109.085575474144,3636.2030809425,20.2
10-08-2024 07:16:00,109.567868782313,3638.91568246445,20.15
10-08-2024 07:26:00,108.152920810257,3638.45503956867,20.11
10-08-2024 07:36:00,108.73943407236,3629.18973492748,20.07
10-08-2024 07:46:00,108.725575562534,3637.73473843246,20.03
10-08-2024 07:56:00,107.711783273179,3633.37528123598,19.99
10-08-2024 08:06:00,109.293521034298,3633.2858883003,19.94
10-08-2024 08:16:00,110.187515523727,3630.79123320927,19.92
10-08-2024 08:26:00,110.177583863847,3631.86358170154,19.89
10-08-2024 08:36:00,108.664714394807,3624.91412759389,19.85
10-08-2024 08:46:00,108.15969306836,3626.21742079928,19.83
10-08-2024 08:56:00,110.751400637432,3624.42503311782,19.81
10-08-2024 09:06:00,108.448433274916,3620.23727664575,19.79
10-08-2024 09:16:00,109.050502938106,3618.40609884021,19.79
10-08-2024 09:26:00,110.746975503507,3615.04795321922,19.78
10-08-2024 09:36:00,109.655370011048,3614.64382855137,19.79
10-08-2024 09:46:00,108.159979628753,3612.61290525135,19.79
10-08-2024 09:56:00,108.466552974671,3612.80751324232,19.8
10-08-2024 10:06:00,110.571194465195,3607.9099219446,19.81
10-08-2024 10:16:00,109.083980748092,3611.12889636274,19.83
10-08-2024 10:26:00,110.793662569306,3604.06131263291,19.85
10-08-2024 10:36:00,108.710734364849,3603.0136023516,19.88
10-08-2024 10:46:00,108.821786844698,3603.335790041,19.9
10-08-2024 10:56:00,108.737112454919,3600.68827111784,19.93
10-08-2024 11:06:00,109.552201481765,3604.6372813118,19.96
10-08-2024 11:16:00,108.967652807602,3603.48855542949,19.99
10-08-2024 11:26:00,109.683051851992,3608.54021452223,20.02
10-08-2024 11:36:00,109.306762134208,3616.65467320348,20.07
10-08-2024 11:46:00,109.926718858727,3616.63814360764,20.11
10-08-2024 11:56:00,109.450210721067,3617.95282764544,20.16
10-08-2024 12:06:00,109.878743857195,3640.83656956316,20.22
10-08-2024 12:16:00,109.305957277104,3653.31887805275,20.28
10-08-2024 12:26:00,108.732773017239,3646.96149112937,20.34
10-08-2024 12:36:00,108.058959731273,3630.46512821437,20.4
10-08-2024 12:46:00,109.486047858837,3625.56547773542,20.45
10-08-2024 12:56:00,109.1087607189,3626.08365385628,20.5
10-08-2024 13:06:00,109.128335375812,3623.25724874539,20.54
10-08-2024 13:16:00,108.746577935886,3620.22799971199,20.58
10-08-2024 13:26:00,108.766077202853,3615.08615509764,20.62
10-08-2024 13:36:00,108.27953323765,3616.948678482,20.65
10-08-2024 13:46:00,108.08986690114,3611.24142098302,20.67
10-08-2024 13:56:00,108.402152122645,3615.08545691596,20.69
10-08-2024 14:06:00,109.417384367347,3616.81859014545,20.71
10-08-2024 14:16:00,109.926500393522,3619.02532813193,20.72
10-08-2024 14:26:00,108.322661374737,3619.99532920194,20.72
10-08-2024 14:36:00,109.434278479479,3620.59295091377,20.73
10-08-2024 14:46:00,108.533304223545,3619.34993234022,20.73
10-08-2024 14:56:00,108.64071858926,3618.33786622451,20.74
10-08-2024 15:06:00,107.438409766757,3615.88747636592,20.74
10-08-2024 15:16:00,109.855747534831,3617.28958975748,20.75
10-08-2024 15:26:00,107.649032160822,3617.35416318313,20.75
10-08-2024 15:36:00,109.263005904723,3616.34162735806,20.76
10-08-2024 15:46:00,107.662911165983,3612.51138094024,20.77
10-08-2024 15:56:00,109.080361892561,3608.91075112944,20.79
10-08-2024 16:06:00,109.698618167858,3606.94828269832,20.82
10-08-2024 16:16:00,109.517370500906,3601.18694063365,20.86
10-08-2024 16:26:00,108.234450619281,3627.08200868019,20.91
10-08-2024 16:36:00,108.463286242173,3630.65552648372,20.97
10-08-2024 16:46:00,109.60187758986,3629.8263083888,21.04
10-08-2024 16:56:00,109.940491529592,3626.60484844289,21.12
10-08-2024 17:06:00,108.16480180092,3631.65926176933,21.2
10-08-2024 17:16:00,109.405523962758,3623.85729714338,21.27
10-08-2024 17:26:00,108.430140509998,3615.33866772907,21.34
10-08-2024 17:36:00,110.881802253762,3623.60126226856,21.41
10-08-2024 17:46:00,107.183008266861,3612.74474064727,21.48
10-08-2024 17:56:00,108.627146322932,3608.86309849071,21.55
10-08-2024 18:06:00,108.76021372142,3605.58485931379,21.62
10-08-2024 18:16:00,110.504822764419,3598.62467595549,21.68
10-08-2024 18:26:00,109.119264873791,3590.74474784996,21.74
10-08-2024 18:36:00,109.349500812663,3589.75721820888,21.8
10-08-2024 18:46:00,109.373499273965,3589.045648492,21.85
10-08-2024 18:56:00,108.188396073223,3571.39947426588,21.91
10-08-2024 19:06:00,108.915856225993,3576.74944485297,21.95
10-08-2024 19:16:00,109.845974166876,3565.53681684511,21.99
10-08-2024 19:26:00,110.270609832138,3565.8049603422,22.03
10-08-2024 19:36:00,107.659241920187,3563.63243711701,22.07
10-08-2024 19:46:00,108.682554242814,3561.30608955647,22.09
10-08-2024 19:56:00,109.19995396233,3560.81010991943,22.11
10-08-2024 20:06:00,110.223685256375,3565.29961815591,22.13
10-08-2024 20:16:00,108.205868864421,3562.1327677431,22.14
10-08-2024 20:26:00,109.735963240841,3560.51706423584,22.16
10-08-2024 20:36:00,109.646068556243,3556.55959336751,22.18
10-08-2024 20:46:00,108.741684554328,3560.51653722643,22.19
10-08-2024 20:56:00,109.854333614643,3560.24959997611,22.18
10-08-2024 21:06:00,108.034306266812,3561.94187520358,22.18
10-08-2024 21:16:00,108.847342716955,3562.92158712797,22.18
10-08-2024 21:26:00,108.744735356735,3562.3490640915,22.17
10-08-2024 21:36:00,110.055503206607,3565.51666088266,22.15
10-08-2024 21:46:00,110.459086202036,3564.02822001908,22.14
10-08-2024 21:56:00,109.440994934511,3564.44774474096,22.12
10-08-2024 22:06:00,109.030489193232,3563.13781803942,22.1
10-08-2024 22:16:00,108.215230370579,3569.04952666302,22.08
10-08-2024 22:26:00,108.918175387186,3566.3155930874,22.06
10-08-2024 22:36:00,109.220425160333,3568.99708842026,22.05
10-08-2024 22:46:00,110.125499410173,3572.0587500317,22.03
10-08-2024 22:56:00,109.411623174855,3573.5946676502,22.01
10-08-2024 23:06:00,108.900234009832,3570.35336357157,21.99
10-08-2024 23:16:00,108.388965645367,3576.5633544479,21.97
10-08-2024 23:26:00,109.399087845334,3575.48249938444,21.96
10-08-2024 23:36:00,109.292374061574,3578.64238788543,21.94
10-08-2024 23:46:00,109.998897343598,3584.87551316941,21.93
10-08-2024 23:56:00,109.184348633082,3585.08766576567,21.91
10-09-2024 00:06:00,108.572192528743,3588.44775602548,21.89
10-09-2024 00:16:00,108.66361777704,3591.16999003008,21.86
10-09-2024 00:26:00,110.780626119859,3590.06137871256,21.84
10-09-2024 00:36:00,108.951625543115,3598.87104179717,21.81
10-09-2024 00:46:00,108.946110325183,3602.32757036885,21.79
10-09-2024 00:56:00,110.956883309381,3605.14560971609,21.76
10-09-2024 01:06:00,109.229715479564,3605.93395067808,21.73
10-09-2024 01:16:00,109.421941202867,3611.79145671222,21.7
10-09-2024 01:26:00,108.705360444392,3611.46275857791,21.67
10-09-2024 01:36:00,107.984893279524,3614.95578472731,21.63
10-09-2024 01:46:00,108.87955235463,3616.0153442312,21.59
10-09-2024 01:56:00,106.847673315761,3615.96029050961,21.55
10-09-2024 02:06:00,107.036043685879,3619.95462995968,21.51
10-09-2024 02:16:00,108.535430169091,3619.39234884158,21.47
10-09-2024 02:26:00,108.114202395688,3624.06108309395,21.42
10-09-2024 02:36:00,107.596534755078,3628.65534192209,21.38
10-09-2024 02:46:00,108.893110996255,3632.43786962678,21.34
10-09-2024 02:56:00,107.569471883753,3628.63842566785,21.3
10-09-2024 03:06:00,110.376423158831,3631.50927225216,21.26
10-09-2024 03:16:00,107.240320242892,3631.65141296397,21.22
10-09-2024 03:26:00,110.343840870424,3641.15151087783,21.17
10-09-2024 03:36:00,109.021179278156,3642.50148061072,21.13
10-09-2024 03:46:00,108.600660880756,3645.23133435412,21.08
10-09-2024 03:56:00,108.582776065952,3647.55563684304,21.03
10-09-2024 04:06:00,109.172499189989,3650.01089257791,20.99
10-09-2024 04:16:00,109.056040409393,3651.62624068936,20.94
10-09-2024 04:26:00,108.939582583257,3652.56743269961,20.9
10-09-2024 04:36:00,108.322812458755,3652.90383221669,20.86
10-09-2024 04:46:00,109.61534685775,3651.73003346241,20.82
10-09-2024 04:56:00,108.195099962452,3646.1291381779,20.78
10-09-2024 05:06:00,107.072736263256,3643.21673426823,20.73
10-09-2024 05:16:00,109.067388364258,3645.26527926212,20.69
10-09-2024 05:26:00,108.455487237975,3648.24900779934,20.66
10-09-2024 05:36:00,108.943640918034,3646.77717702506,20.62
10-09-2024 05:46:00,109.13056560371,3650.02841559487,20.58
10-09-2024 05:56:00,108.414598091915,3650.76661615272,20.54
10-09-2024 06:06:00,107.402170196231,3652.64085888976,20.51
10-09-2024 06:16:00,108.495917307136,3645.37880599365,20.48
10-09-2024 06:26:00,108.983565407012,3639.7954920194,20.44
10-09-2024 06:36:00,108.472813155481,3637.55728311771,20.41
10-09-2024 06:46:00,107.056216055762,3626.96471017,20.37
10-09-2024 06:56:00,105.744438146243,3625.73364467944,20.34
10-09-2024 07:06:00,106.035978433576,3620.39289620079,20.31
10-09-2024 07:16:00,105.125481280529,3622.57172705765,20.28
10-09-2024 07:26:00,106.01391131105,3622.21496227919,20.24
10-09-2024 07:36:00,107.702856445996,3637.88430601476,20.2
10-09-2024 07:46:00,107.096994622563,3632.37667639968,20.18
10-09-2024 07:56:00,105.686571991678,3628.44293410131,20.15
10-09-2024 08:06:00,107.278714140086,3636.0222477642,20.12
10-09-2024 08:16:00,106.573128137339,3631.51927121913,20.1
10-09-2024 08:26:00,106.764097360774,3636.59336560719,20.07
10-09-2024 08:36:00,107.059065435678,3632.99246678287,20.05
10-09-2024 08:46:00,107.15797775229,3632.02353833842,20.04
10-09-2024 08:56:00,106.85278343243,3631.92479305759,20.02
10-09-2024 09:06:00,108.847661058893,3627.6260715949,20
10-09-2024 09:16:00,108.046497923448,3623.45818127451,19.99
10-09-2024 09:26:00,104.845704811705,3618.89101007676,19.98
10-09-2024 09:36:00,106.94436597813,3623.52233103992,19.97
10-09-2024 09:46:00,106.947300830187,3622.08419262213,19.97
10-09-2024 09:56:00,108.949891096414,3620.34609886308,19.97
10-09-2024 10:06:00,106.35327705977,3623.90669433091,19.97
10-09-2024 10:16:00,107.855955619991,3624.96786694856,19.97
10-09-2024 10:26:00,107.558946120933,3623.72956830775,19.97
10-09-2024 10:36:00,108.461730252162,3625.49051558904,19.97
10-09-2024 10:46:00,107.968845638508,3626.18134182103,19.98
10-09-2024 10:56:00,106.779965429653,3626.30194033501,20
10-09-2024 11:06:00,106.990972846473,3626.12248161122,20.02
10-09-2024 11:16:00,107.6021213482,3624.0423036818,20.04
10-09-2024 11:26:00,108.31755551219,3625.59274506621,20.07
10-09-2024 11:36:00,107.936691828155,3619.76703253171,20.11
10-09-2024 11:46:00,107.155306187583,3624.75057609693,20.15
10-09-2024 11:56:00,109.577065602213,3623.72806054972,20.19
10-09-2024 12:06:00,107.397900138876,3623.73614137899,20.24
10-09-2024 12:16:00,107.521324977768,3628.7558803112,20.29
10-09-2024 12:26:00,108.145801422702,3634.58180501734,20.34
10-09-2024 12:36:00,108.67041248151,3638.40605423738,20.39
10-09-2024 12:46:00,106.287957299828,3620.55635266182,20.44
10-09-2024 12:56:00,108.412737807154,3622.64170042737,20.48
10-09-2024 13:06:00,108.737235809193,3618.63171838004,20.53
10-09-2024 13:16:00,107.753475165063,3617.0007253835,20.57
10-09-2024 13:26:00,106.066791001441,3613.76069145154,20.61
10-09-2024 13:36:00,107.788012576551,3607.77602292842,20.64
10-09-2024 13:46:00,106.795336986161,3602.96707060008,20.66
10-09-2024 13:56:00,106.705971035767,3598.96092398312,20.68
10-09-2024 14:06:00,107.921847501806,3597.26649565673,20.7
10-09-2024 14:16:00,106.824390880684,3593.53271382654,20.71
10-09-2024 14:26:00,106.433736659354,3591.83690110689,20.73
10-09-2024 14:36:00,106.541141331389,3592.5281223116,20.74
10-09-2024 14:46:00,107.552463910856,3587.78653542895,20.75
10-09-2024 14:56:00,106.856429477513,3587.27005912966,20.76
10-09-2024 15:06:00,107.466106561449,3589.87284468636,20.77
10-09-2024 15:16:00,107.97540350083,3584.72723975466,20.78
10-09-2024 15:26:00,107.781560150036,3582.60000981597,20.79
10-09-2024 15:36:00,106.281676844606,3579.16394918574,20.8
10-09-2024 15:46:00,107.393807975236,3578.14308384346,20.81
10-09-2024 15:56:00,106.299634718808,3574.32884233973,20.83
10-09-2024 16:06:00,107.822095899572,3569.53149772614,20.86
10-09-2024 16:16:00,107.43122210372,3567.527080493,20.88
10-09-2024 16:26:00,107.555105534641,3564.89098540487,20.93
10-09-2024 16:36:00,106.166542749179,3564.24393944353,20.97
10-09-2024 16:46:00,107.400698156718,3574.23366414948,21.03
10-09-2024 16:56:00,105.612784632878,3562.6185977754,21.08
10-09-2024 17:06:00,106.340212358103,3565.93019946343,21.13
10-09-2024 17:16:00,107.269429839622,3561.06654762052,21.18
10-09-2024 17:26:00,105.882774285612,3559.63294149701,21.23
10-09-2024 17:36:00,107.110562319338,3559.99251965924,21.27
10-09-2024 17:46:00,106.432522020128,3557.26741439055,21.33
10-09-2024 17:56:00,107.560353952324,3557.32301569796,21.37
10-09-2024 18:06:00,106.978847195145,3558.11085739722,21.42
10-09-2024 18:16:00,107.804850382769,3558.97617384668,21.46
10-09-2024 18:26:00,107.118164127278,3554.98317261049,21.5
10-09-2024 18:36:00,106.128473245264,3556.96174058931,21.54
10-09-2024 18:46:00,106.547144057729,3556.58772603661,21.57
10-09-2024 18:56:00,106.057589269255,3558.64486479823,21.6
10-09-2024 19:06:00,107.48178044683,3553.88976482675,21.62
10-09-2024 19:16:00,106.689367808571,3551.487594149,21.65
10-09-2024 19:26:00,106.502541361093,3552.93641394791,21.68
10-09-2024 19:36:00,107.119536425348,3552.33414501954,21.7
10-09-2024 19:46:00,106.221665823984,3549.29784953148,21.72
10-09-2024 19:56:00,106.834717271162,3549.17831873403,21.73
10-09-2024 20:06:00,106.033667251417,3548.85588227174,21.74
10-09-2024 20:16:00,107.656962955534,3554.31500665621,21.75
10-09-2024 20:26:00,105.433583852752,3549.1781775498,21.74
10-09-2024 20:36:00,104.931518812024,3556.64182407595,21.74
10-09-2024 20:46:00,106.550714843157,3557.817143611,21.74
10-09-2024 20:56:00,108.367793404713,3558.56250484905,21.73
10-09-2024 21:06:00,108.370793160081,3558.31785488685,21.73
10-09-2024 21:16:00,106.648598036338,3561.06679958122,21.71
10-09-2024 21:26:00,105.940635639475,3561.20331146923,21.7
10-09-2024 21:36:00,107.55127231237,3558.98374230492,21.68
10-09-2024 21:46:00,106.035613620261,3559.62719003876,21.67
10-09-2024 21:56:00,107.141163793124,3560.65158608886,21.65
10-09-2024 22:06:00,106.934137365785,3565.52629041098,21.63
10-09-2024 22:16:00,106.731204256182,3565.35829787945,21.62
10-09-2024 22:26:00,106.019613872173,3568.00223711555,21.6
10-09-2024 22:36:00,108.234825315333,3571.05046943615,21.58
10-09-2024 22:46:00,107.825949009911,3569.74287294238,21.56
10-09-2024 22:56:00,108.022539279634,3570.86589735285,21.54
10-09-2024 23:06:00,108.723501774329,3573.10220677843,21.52
10-09-2024 23:16:00,107.003386293554,3572.7059182395,21.5
10-09-2024 23:26:00,106.893380482022,3573.90372892897,21.47
10-09-2024 23:36:00,108.400932155141,3579.98323520398,21.45
10-09-2024 23:46:00,107.786595307531,3583.10079722073,21.42
10-09-2024 23:56:00,108.083853557387,3584.32145847812,21.4
10-10-2024 00:06:00,107.981948244703,3583.14075998264,21.39
10-10-2024 00:16:00,108.783112154026,3588.10245789965,21.37
10-10-2024 00:26:00,106.661364557676,3591.95041191518,21.35
10-10-2024 00:36:00,107.260955081737,3597.3133759694,21.33
10-10-2024 00:46:00,107.155085987061,3599.84466462649,21.31
10-10-2024 00:56:00,107.552986134955,3603.78984661428,21.29
10-10-2024 01:06:00,107.749321765578,3609.1482302228,21.27
10-10-2024 01:16:00,107.643437823558,3609.04983018998,21.25
10-10-2024 01:26:00,108.746142530398,3617.63767377984,21.23
10-10-2024 01:36:00,107.93115762589,3624.17364627859,21.2
10-10-2024 01:46:00,109.633420610792,3624.54828011795,21.17
10-10-2024 01:56:00,107.816050654475,3625.5577300801,21.15
10-10-2024 02:06:00,107.806805813183,3632.59206753439,21.12
10-10-2024 02:16:00,107.793477488916,3641.40824711099,21.08
10-10-2024 02:26:00,108.081965652495,3637.71374551483,21.04
10-10-2024 02:36:00,106.861632414781,3645.61521877666,21
10-10-2024 02:46:00,108.360997899367,3652.6360969395,20.97
10-10-2024 02:56:00,108.142380486601,3660.39529795426,20.92
10-10-2024 03:06:00,107.525944899987,3660.32521738713,20.88
10-10-2024 03:16:00,108.21611760843,3661.46338258276,20.84
10-10-2024 03:26:00,107.194057378772,3659.24733550671,20.79
10-10-2024 03:36:00,108.185254064986,3659.68078144501,20.75
10-10-2024 03:46:00,106.264085950677,3653.77765084694,20.71
10-10-2024 03:56:00,108.359305504581,3657.63109408087,20.67
10-10-2024 04:06:00,106.736068190815,3658.83681747255,20.62
10-10-2024 04:16:00,106.221378531939,3664.79570814394,20.58
10-10-2024 04:26:00,106.91067326781,3665.62842277392,20.54
10-10-2024 04:36:00,108.498138285272,3669.54040412563,20.49
10-10-2024 04:46:00,106.880576636231,3673.18120429103,20.45
10-10-2024 04:56:00,107.970155898298,3671.20106574081,20.41
10-10-2024 05:06:00,108.157312193801,3670.02461505747,20.37
10-10-2024 05:16:00,107.743241792021,3661.32890909272,20.33
10-10-2024 05:26:00,108.034616525319,3661.99272863354,20.3
10-10-2024 05:36:00,108.622246030066,3663.0249533961,20.26
10-10-2024 05:46:00,107.912028668441,3666.09245405269,20.23
10-10-2024 05:56:00,107.498358203424,3664.71909843028,20.19
10-10-2024 06:06:00,106.588441557103,3660.57514983696,20.16
10-10-2024 06:16:00,106.975801053714,3659.10427105483,20.12
10-10-2024 06:26:00,107.467072152294,3659.46730121321,20.09
10-10-2024 06:36:00,107.662124016861,3657.86083361928,20.07
10-10-2024 06:46:00,106.848834413255,3655.69174480786,20.03
10-10-2024 06:56:00,106.743876476438,3648.38619542654,20.01
10-10-2024 07:06:00,106.534964907417,3648.25157433035,19.98
10-10-2024 07:16:00,107.429846486965,3643.74925485711,19.96
10-10-2024 07:26:00,107.016949771585,3645.08439881438,19.92
10-10-2024 07:36:00,106.308421907353,3645.05058555078,19.89
10-10-2024 07:46:00,105.204367988892,3641.25130131378,19.87
10-10-2024 07:56:00,105.095808313723,3640.61919755463,19.84
10-10-2024 08:06:00,105.091075777218,3636.82214430742,19.82
10-10-2024 08:16:00,106.880275265993,3634.39440624553,19.79
10-10-2024 08:26:00,104.6782529906,3630.99912998251,19.77
10-10-2024 08:36:00,104.573719339454,3632.19567632701,19.75
10-10-2024 08:46:00,105.264064746055,3635.75688759571,19.72
10-10-2024 08:56:00,107.156047236736,3639.84516818074,19.7
10-10-2024 09:06:00,106.156885999973,3636.18194918206,19.69
10-10-2024 09:16:00,106.451478172073,3635.78110286806,19.67
10-10-2024 09:26:00,105.951555261648,3637.20510755295,19.66
10-10-2024 09:36:00,106.250081578792,3635.53759564466,19.65
10-10-2024 09:46:00,107.247126368059,3634.96714693058,19.64
10-10-2024 09:56:00,106.855019955624,3633.75786550431,19.65
10-10-2024 10:06:00,106.159502519652,3629.12852054611,19.65
10-10-2024 10:16:00,106.27029424039,3630.24152870013,19.67
10-10-2024 10:26:00,107.674754181713,3626.03919053331,19.68
10-10-2024 10:36:00,106.088672473743,3628.64825910901,19.7
10-10-2024 10:46:00,105.300938005164,3626.56871775098,19.72
10-10-2024 10:56:00,106.410181375265,3627.48217868903,19.74
10-10-2024 11:06:00,107.323977413288,3627.12737015484,19.77
10-10-2024 11:08:01,99.1653944127596,3095.59402103703,19.71
10-10-2024 11:13:01,101.432484071634,3119.68202196368,19.72
10-10-2024 11:18:01,103.699569828328,3143.76997929428,19.87
10-10-2024 11:23:01,104.910693218205,3167.85789302883,22.73
10-10-2024 11:28:01,104.701971143337,3191.94576316732,22.22
10-10-2024 11:33:01,106.876633687027,3216.03358970976,27.17
10-10-2024 11:38:01,107.617813050725,3240.12137265614,28.78
10-10-2024 11:43:01,108.125913488106,3264.20911200647,29.86
10-10-2024 11:48:01,107.824912839392,3288.29680776074,30.9
10-10-2024 11:53:01,107.523908288497,3312.38445991896,31.82
10-10-2024 11:58:01,107.222899835424,3336.47206848113,27.84
10-10-2024 12:03:01,104.251803112317,3360.55963344724,21.01
10-10-2024 12:08:01,104.080692714292,3384.6471548173,20.58
10-10-2024 12:13:01,104.039306493656,3392.63665279782,20.46
10-10-2024 12:18:01,104.043749472919,3409.71407478468,20.45
10-10-2024 12:23:01,104.039864967784,3416.04451258355,20.42
10-10-2024 12:28:01,102.396447404577,3431.46334417041,20.42
10-10-2024 12:33:01,100.753025939189,3435.49810750796,20.43
10-10-2024 12:38:01,101.96055584608,3434.40633078252,20.42
10-10-2024 12:43:01,102.474424259534,3431.71787131375,20.43
10-10-2024 12:48:01,102.687584875308,3429.12924582711,20.44
10-10-2024 12:53:01,105.106482436545,3433.76635621567,20.45
10-10-2024 12:58:01,102.817256730116,3433.23922798882,20.47
10-10-2024 13:03:01,102.733723064456,3424.88083274483,20.49
10-10-2024 13:08:01,102.942856333034,3420.02771457132,20.49
10-10-2024 13:13:01,103.164308806163,3413.1241918279,20.52
10-10-2024 13:18:01,102.470765253962,3419.61736077566,20.52
10-10-2024 13:23:01,103.891825528273,3417.17873766015,20.54
10-10-2024 13:28:01,102.195072932319,3420.25794734102,20.54
10-10-2024 13:33:01,104.71561742048,3425.39958797816,20.55
10-10-2024 13:38:01,103.223504172287,3426.72472445204,20.56
10-10-2024 13:43:01,102.232860584224,3423.93104218071,20.57
10-10-2024 13:48:01,104.649302193451,3425.90567819811,20.57
10-10-2024 13:53:01,103.257333670188,3437.07691721167,20.58
10-10-2024 13:58:01,104.068543437957,3437.1426695481,20.58
10-10-2024 14:03:01,104.783612590486,3437.26294861994,20.59
10-10-2024 14:08:01,103.792863941972,3439.091431807,20.6
10-10-2024 14:13:01,104.608342649638,3453.48196289283,20.61
10-10-2024 14:18:01,104.917913006679,3453.34650254611,20.61
10-10-2024 14:23:01,105.030985808866,3454.57333077412,20.62
10-10-2024 14:28:01,104.336981765449,3461.17144198378,20.62
10-10-2024 14:33:01,103.542615419934,3458.02073256638,20.62
10-10-2024 14:38:01,104.249456034108,3465.96903159108,20.61
10-10-2024 14:43:01,104.860064676925,3471.96353028651,20.61
10-10-2024 14:48:01,106.775253203152,3476.85254362774,20.61
10-10-2024 14:53:01,103.672807882625,3474.20441047649,20.61
10-10-2024 14:58:01,105.487636005602,3465.72754082261,20.61
10-10-2024 15:03:01,103.894613796882,3466.95485165399,20.62
10-10-2024 15:08:01,105.404234386031,3471.48547412127,20.61
10-10-2024 15:10:00,105.128495328145,3471.8793727102,20.65
10-10-2024 15:20:00,104.835833641292,3469.43113049898,20.65
10-10-2024 15:30:00,105.94842935056,3475.12555729065,20.65
10-10-2024 15:40:00,102.753010335546,3467.16101741708,20.67
10-10-2024 15:50:00,106.480088656056,3467.78521072154,20.68
10-10-2024 16:00:00,104.89064282097,3474.90251835347,20.7
10-10-2024 16:10:00,105.811234572538,3469.34836806345,20.72
10-10-2024 16:20:00,104.928528770003,3465.05593722728,20.75
10-10-2024 16:30:00,105.556516580951,3452.46408358154,20.79
10-10-2024 16:40:00,105.184200045108,3445.7578145242,20.84
10-10-2024 16:50:00,105.11320500902,3447.60732603077,20.89
10-10-2024 17:00:00,103.131816709419,3444.52062738321,20.94
10-10-2024 17:10:00,104.166477112566,3442.03599026586,20.99
10-10-2024 17:20:00,104.191539669734,3437.88128889225,21.03
10-10-2024 17:30:00,104.015365757558,3446.836896845,21.07
10-10-2024 17:40:00,106.053258767854,3435.21373351247,21.11
10-10-2024 17:50:00,104.166083434372,3432.06146588933,21.15
10-10-2024 18:00:00,104.90017401104,3435.82691528251,21.2
10-10-2024 18:10:00,103.217276394506,3426.36168162649,21.25
10-10-2024 18:20:00,104.249594630029,3423.20223426209,21.29
10-10-2024 18:30:00,104.278835265091,3423.63153653482,21.34
10-10-2024 18:40:00,102.187084676992,3417.83914103332,21.38
10-10-2024 18:50:00,103.724042405979,3419.52852844425,21.42
10-10-2024 19:00:00,103.446440915259,3415.55203577347,21.46
10-10-2024 19:10:00,103.269574123657,3445.38198872762,21.5
10-10-2024 19:20:00,103.193512284872,3447.08138483149,21.54
10-10-2024 19:30:00,105.737028002096,3458.8549157147,21.57
10-10-2024 19:40:00,103.234915490333,3442.57170742503,21.6
10-10-2024 19:50:00,106.788789942658,3444.01360130365,21.63
10-10-2024 20:00:00,104.887556755193,3449.45522645533,21.65
10-10-2024 20:10:00,105.404946079395,3455.24839439295,21.66
10-10-2024 20:20:00,105.215591872614,3457.79870798808,21.67
10-10-2024 20:30:00,104.7232793591,3460.55210074431,21.68
10-10-2024 20:40:00,104.626449927099,3464.30855202761,21.67
10-10-2024 20:50:00,105.644499517094,3463.15398326832,21.67
10-10-2024 21:00:00,104.033134932209,3469.34247962848,21.66
10-10-2024 21:10:00,104.542104729367,3476.54345855377,21.65
10-10-2024 21:20:00,105.147745488301,3475.57889131407,21.63
10-10-2024 21:30:00,105.75324343537,3457.18826622185,21.61
10-10-2024 21:40:00,105.248431262306,3462.40655295972,21.59
10-10-2024 21:50:00,104.848847083084,3459.98134673262,21.58
10-10-2024 22:00:00,104.848757179361,3462.15971236878,21.56
10-10-2024 22:10:00,105.050455283676,3464.13489191861,21.54
10-10-2024 22:20:00,105.453871040769,3469.34920865791,21.52
10-10-2024 22:30:00,105.050218827892,3470.20917500822,21.5
10-10-2024 22:40:00,105.45353691987,3475.52209018377,21.48
10-10-2024 22:50:00,104.545734126747,3476.4820450632,21.46
10-10-2024 23:00:00,105.654867809527,3481.48875878493,21.44
10-10-2024 23:10:00,105.352196551823,3480.93012289156,21.42
10-10-2024 23:20:00,107.469104554268,3480.27056925556,21.4
10-10-2024 23:30:00,105.553468974874,3486.89236002079,21.38
10-10-2024 23:40:00,105.95218213772,3491.83631290386,21.35
10-10-2024 23:50:00,105.746158556705,3501.52853701723,21.32
10-11-2024 00:00:00,105.64095428906,3496.56356694319,21.29
10-11-2024 00:10:00,106.44236521219,3497.56171967749,21.26
10-11-2024 00:20:00,106.542784212598,3498.01177419453,21.24
10-11-2024 00:30:00,105.631871766428,3504.86650905236,21.21
10-11-2024 00:40:00,106.62999189455,3520.54249379363,21.17
10-11-2024 00:50:00,107.212075376818,3559.43227233523,21.1
10-11-2024 01:00:00,106.796302464246,3569.66706168306,21.05
10-11-2024 01:10:00,106.481350632493,3576.16359318853,21
10-11-2024 01:20:00,106.066031867963,3582.65501211817,20.95
10-11-2024 01:30:00,106.350342016864,3586.05420566263,20.89
10-11-2024 01:40:00,107.145466297023,3589.58109569714,20.85
10-11-2024 01:50:00,106.730318458466,3595.95901771116,20.8
10-11-2024 02:00:00,105.306878249354,3597.63795291311,20.74
10-11-2024 02:10:00,106.900508819053,3596.96807745672,20.69
10-11-2024 02:20:00,107.991368886735,3604.13940986069,20.64
10-11-2024 02:30:00,107.576484335505,3610.50126980592,20.59
10-11-2024 02:40:00,106.55996827877,3613.84501227279,20.54
10-11-2024 02:50:00,106.546870615613,3616.48343614033,20.49
10-11-2024 03:00:00,107.536322186374,3608.08069461916,20.44
10-11-2024 03:10:00,106.023798732079,3618.61160503833,20.4
10-11-2024 03:20:00,106.912686455343,3623.95324492546,20.35
10-11-2024 03:30:00,108.110263910059,3620.10286933846,20.32
10-11-2024 03:40:00,108.000916347555,3627.31257492139,20.28
10-11-2024 03:50:00,105.588435191693,3616.48281321034,20.24
10-11-2024 04:00:00,105.584026499474,3626.06071467608,20.21
10-11-2024 04:10:00,106.876702261006,3628.45584897553,20.17
10-11-2024 04:20:00,107.472555103057,3628.51487526316,20.14
10-11-2024 04:30:00,106.462947679644,3632.3092243025,20.1
10-11-2024 04:40:00,106.65846866616,3634.2685461558,20.07
10-11-2024 04:50:00,107.654105343868,3635.42674422692,20.04
10-11-2024 05:00:00,107.645036253055,3640.01613537837,20
10-11-2024 05:10:00,107.740254899493,3640.87254888134,19.97
10-11-2024 05:20:00,107.831128549095,3645.15799168492,19.93
10-11-2024 05:30:00,108.221770236406,3636.85197097638,19.89
10-11-2024 05:40:00,107.413267819153,3645.73063625779,19.85
10-11-2024 05:50:00,107.204481470469,3647.51457346261,19.81
10-11-2024 06:00:00,105.39790791625,3647.30119178209,19.77
10-11-2024 06:10:00,106.287972853469,3648.98394193785,19.73
10-11-2024 06:20:00,107.273180038987,3652.39197912743,19.68
10-11-2024 06:30:00,107.763181204219,3654.86982601701,19.64
10-11-2024 06:40:00,106.856175107856,3645.78352769792,19.6
10-11-2024 06:50:00,108.34351854396,3655.0380961297,19.56
10-11-2024 07:00:00,106.33982844255,3655.02272320106,19.52
10-11-2024 07:10:00,106.829593064071,3656.2024702974,19.48
10-11-2024 07:20:00,107.717846452112,3658.37708500299,19.44
10-11-2024 07:30:00,107.613414952341,3657.73378442709,19.41
10-11-2024 07:40:00,108.206527354144,3655.5983440428,19.38
10-11-2024 07:50:00,108.197361989039,3662.64577852425,19.34
10-11-2024 08:00:00,107.694488445156,3665.48285368349,19.31
10-11-2024 08:10:00,107.191786853784,3669.90940248792,19.28
10-11-2024 08:20:00,108.97936386304,3664.89105598923,19.25
10-11-2024 08:30:00,107.784024525275,3669.18710842599,19.23
10-11-2024 08:40:00,106.489410272234,3668.81159725629,19.21
10-11-2024 08:50:00,107.285338599471,3668.23754561975,19.19
10-11-2024 09:00:00,108.085378712925,3673.89282823953,19.18
10-11-2024 09:10:00,108.686275731832,3672.09710398357,19.17
10-11-2024 09:20:00,107.197212596705,3674.37405995991,19.16
10-11-2024 09:30:00,107.897598464749,3680.4247607099,19.15
10-11-2024 09:40:00,107.810400426239,3676.18774996307,19.16
10-11-2024 09:50:00,107.623663372003,3670.4599547405,19.17
10-11-2024 10:00:00,106.545336522559,3662.6149559504,19.19
10-11-2024 10:10:00,107.059508948162,3659.04007336175,19.21
10-11-2024 10:20:00,107.275118257825,3665.99845600415,19.23
10-11-2024 10:30:00,108.386900011865,3662.12451930637,19.25
10-11-2024 10:40:00,106.909817809883,3679.32505219624,19.27
10-11-2024 10:50:00,107.930779321359,3667.23894182214,19.31
10-11-2024 11:00:00,107.254295448017,3655.87191839539,19.34
10-11-2024 11:10:00,106.87648726454,3653.65271251496,19.37
10-11-2024 11:20:00,106.108284115015,3651.46954484512,19.42
10-11-2024 11:30:00,106.735370420192,3652.96861185413,19.47
10-11-2024 11:40:00,107.371321641147,3656.10043042631,19.54
10-11-2024 11:50:00,109.00118083405,3668.53612416338,19.6
10-11-2024 12:00:00,106.145139166968,3666.99182000862,19.67
10-11-2024 12:10:00,108.973911165924,3665.7749679867,19.73
10-11-2024 12:20:00,107.114551496879,3673.71152670618,19.8
10-11-2024 12:30:00,108.446964075876,3669.49942288159,19.86
10-11-2024 12:40:00,108.676455641767,3666.11266921098,19.91
10-11-2024 12:50:00,107.306439429749,3672.41979947937,19.96
10-11-2024 13:00:00,107.431443553295,3658.36104779293,20
10-11-2024 13:10:00,106.756313359259,3653.09584668489,20.04
10-11-2024 13:20:00,106.376794220908,3650.06011142068,20.07
10-11-2024 13:30:00,107.789594817953,3650.18858610533,20.08
10-11-2024 13:40:00,106.505368201777,3659.3926613969,20.1
10-11-2024 13:50:00,107.017839800321,3665.32688198199,20.11
10-11-2024 14:00:00,107.034265291287,3685.04642662575,20.13
10-11-2024 14:10:00,107.546845913056,3691.08407895728,20.14
10-11-2024 14:20:00,108.059480818538,3688.81256200553,20.15
10-11-2024 14:30:00,107.571247567669,3680.43270584298,20.16
10-11-2024 14:40:00,107.38324724929,3679.06102619918,20.17
10-11-2024 14:50:00,107.991750872047,3675.6157914739,20.17
10-11-2024 15:00:00,106.001886608782,3679.85160787757,20.18
10-11-2024 15:10:00,106.910728419779,3675.10409539797,20.18
10-11-2024 15:20:00,107.728029121289,3673.30078905577,20.2
10-11-2024 15:30:00,107.644370715224,3666.8885906238,20.22
10-11-2024 15:40:00,107.564946627782,3664.451123642,20.25
10-11-2024 15:50:00,107.48551863816,3658.4041511896,20.28
10-11-2024 16:00:00,107.811046387788,3655.0291943345,20.32
10-11-2024 16:10:00,106.332976671924,3643.52823992875,20.36
10-11-2024 16:20:00,107.163781604182,3644.02587927083,20.41
10-11-2024 16:30:00,106.390807275596,3645.42702137569,20.46
10-11-2024 16:40:00,106.724848687706,3655.73409686903,20.52
10-11-2024 16:50:00,108.07108223377,3657.14621404661,20.6
10-11-2024 17:00:00,107.30602582789,3645.82232670636,20.67
10-11-2024 17:10:00,107.247600380113,3629.11937738307,20.75
10-11-2024 17:20:00,106.079626976769,3624.40902111059,20.82
10-11-2024 17:30:00,105.811150141746,3625.36787882972,20.88
10-11-2024 17:40:00,106.757489117331,3628.47582548696,20.96
10-11-2024 17:50:00,106.18723754687,3626.91637627519,21.02
10-11-2024 18:00:00,106.019083888649,3627.67532906404,21.08
10-11-2024 18:10:00,106.853165028645,3615.24847009398,21.13
10-11-2024 18:20:00,106.982931120812,3609.67660786589,21.18
10-11-2024 18:30:00,107.616331721338,3607.33203138397,21.23
10-11-2024 18:40:00,106.235236301043,3609.02703803751,21.28
10-11-2024 18:50:00,106.864518488145,3604.7955319375,21.32
10-11-2024 19:00:00,107.69996545891,3604.56901896962,21.37
10-11-2024 19:10:00,107.317433601308,3601.17844283747,21.4
10-11-2024 19:20:00,105.930655657666,3600.48074057431,21.44
10-11-2024 19:30:00,106.757893600561,3603.56369663367,21.47
10-11-2024 19:40:00,108.896743195251,3602.0928534244,21.5
10-11-2024 19:50:00,106.992243663023,3610.61579763987,21.51
10-11-2024 20:00:00,106.302338052154,3612.92838289742,21.53
10-11-2024 20:10:00,107.117241634085,3616.22434047199,21.53
10-11-2024 20:20:00,107.932141313837,3620.33025561589,21.53
10-11-2024 20:30:00,107.23370035744,3626.4611300772,21.53
10-11-2024 20:40:00,108.351259579626,3597.8631609764,21.53
10-11-2024 20:50:00,107.244980564253,3599.47481098415,21.52
10-11-2024 21:00:00,107.954620153322,3597.84672099328,21.51
10-11-2024 21:10:00,107.146834887992,3603.7463736505,21.49
10-11-2024 21:20:00,107.549482635226,3604.78651425974,21.47
10-11-2024 21:30:00,107.246139092248,3606.2310918755,21.45
10-11-2024 21:40:00,108.148508639417,3610.64537781196,21.42
10-11-2024 21:50:00,109.155748274955,3606.52566278904,21.4
10-11-2024 22:00:00,108.847975655825,3614.07287642278,21.37
10-11-2024 22:10:00,105.621922819815,3616.22267486979,21.35
10-11-2024 22:20:00,107.632473321861,3616.08275183085,21.32
10-11-2024 22:30:00,108.63049280129,3620.42481564717,21.28
10-11-2024 22:40:00,107.114318395965,3623.9208159144,21.25
10-11-2024 22:50:00,109.329236737654,3623.23908055506,21.23
10-11-2024 23:00:00,108.111155597913,3625.96042379351,21.19
10-11-2024 23:10:00,107.803931024388,3629.25086535255,21.16
10-11-2024 23:20:00,107.995787151598,3632.47348699717,21.12
10-11-2024 23:30:00,108.393127954965,3635.76064800072,21.09
10-11-2024 23:40:00,108.387872130505,3642.17303264673,21.06
10-11-2024 23:50:00,107.770468409491,3663.469857139,21.01
10-12-2024 00:00:00,109.168906147275,3669.60076911201,20.97
10-12-2024 00:10:00,109.460771465111,3677.84369679855,20.93
10-12-2024 00:20:00,107.536899611067,3680.57237404631,20.88
10-12-2024 00:30:00,110.441631503272,3681.95956612125,20.84
10-12-2024 00:40:00,109.125575161825,3685.56027590631,20.8
10-12-2024 00:50:00,108.609322100844,3694.72236658266,20.75
10-12-2024 01:00:00,109.302587240322,3707.16728223709,20.71
10-12-2024 01:10:00,108.886933896039,3649.05599627057,20.66
10-12-2024 01:20:00,108.270816147873,3652.19327857367,20.61
10-12-2024 01:30:00,109.561203434318,3657.63862376984,20.56
10-12-2024 01:40:00,109.642936077865,3661.10387957972,20.5
10-12-2024 01:50:00,109.528470713596,3664.23273191498,20.45
10-12-2024 02:00:00,108.411762631967,3666.65694862282,20.4
10-12-2024 02:10:00,108.197517654247,3668.77851802792,20.35
10-12-2024 02:20:00,107.883223708084,3667.79101206973,20.3
10-12-2024 02:30:00,109.367357755082,3670.84422698356,20.24
10-12-2024 02:40:00,109.253146454055,3673.46264126935,20.19
10-12-2024 02:50:00,108.434144444896,3676.71099387873,20.13
10-12-2024 03:00:00,108.720460274093,3677.02357587823,20.08
10-12-2024 03:10:00,111.006957310445,3676.43585120357,20.03
10-12-2024 03:20:00,109.092621750806,3679.04824781416,19.98
10-12-2024 03:30:00,108.774439270978,3684.28786294719,19.92
10-12-2024 03:40:00,108.356558476501,3680.43288389261,19.86
10-12-2024 03:50:00,107.743439025937,3683.53985696654,19.81
10-12-2024 04:00:00,109.323304830797,3682.68300213028,19.75
10-12-2024 04:10:00,109.009779119273,3683.19294381576,19.7
10-12-2024 04:20:00,108.297238881328,3683.70263784163,19.65
10-12-2024 04:30:00,108.578527169113,3682.74770729851,19.59
10-12-2024 04:40:00,109.258542932711,3685.08143238195,19.53
10-12-2024 04:50:00,108.841439288794,3685.32205424822,19.47
10-12-2024 05:00:00,108.229558378059,3684.73578703077,19.42
10-12-2024 05:10:00,108.510503558651,3685.67315196357,19.36
10-12-2024 05:20:00,107.293080933481,3683.65742112872,19.29
10-12-2024 05:30:00,109.071817833761,3682.17870128325,19.24
10-12-2024 05:40:00,108.456418213173,3683.41457965971,19.18
10-12-2024 05:50:00,109.636693390664,3677.17106961725,19.13
10-12-2024 06:00:00,109.717759815849,3681.68406772347,19.07
10-12-2024 06:10:00,108.510402910465,3683.48353542884,19.02
10-12-2024 06:20:00,108.297839956333,3680.1245907061,18.97
10-12-2024 06:30:00,108.383544400489,3680.03998130443,18.92
10-12-2024 06:40:00,109.168966501932,3680.61822176452,18.88
10-12-2024 06:50:00,109.755356084947,3680.89899464611,18.84
10-12-2024 07:00:00,110.039196046745,3684.08269326409,18.79
10-12-2024 07:10:00,109.433662513566,3684.06541315687,18.75
10-12-2024 07:20:00,109.721767458973,3682.26680927051,18.71
10-12-2024 07:30:00,108.124185056641,3683.23974030898,18.67
10-12-2024 07:40:00,109.801495520386,3682.62966564139,18.63
10-12-2024 07:50:00,108.208852452566,3683.17567672403,18.6
10-12-2024 08:00:00,110.778067928931,3684.9386120892,18.56
10-12-2024 08:10:00,109.28505245432,3683.6062187626,18.53
10-12-2024 08:20:00,109.180554831078,3681.78052152409,18.5
10-12-2024 08:30:00,108.584704677039,3685.25910678953,18.48
10-12-2024 08:40:00,107.295143096358,3679.74832546718,18.46
10-12-2024 08:50:00,108.884308233589,3683.78778300748,18.45
10-12-2024 09:00:00,111.270560832121,3681.37623503562,18.45
10-12-2024 09:10:00,109.588790190184,3680.47737812377,18.44
10-12-2024 09:20:00,110.190929228323,3673.62190255364,18.44
10-12-2024 09:30:00,109.504641615733,3673.28432768312,18.44
10-12-2024 09:40:00,108.917459543159,3672.25541209429,18.44
10-12-2024 09:50:00,109.532472039097,3669.54969932458,18.47
10-12-2024 10:00:00,108.755429460749,3663.91110786591,18.49
10-12-2024 10:10:00,109.267141587397,3664.39692812519,18.51
10-12-2024 10:20:00,108.989946899027,3665.24544630312,18.54
10-12-2024 10:30:00,108.311691742415,3657.92215284863,18.56
10-12-2024 10:40:00,108.030030840343,3657.02275513013,18.58
10-12-2024 10:50:00,108.740300465433,3655.82629698183,18.6
10-12-2024 11:00:00,109.549938230129,3647.50863237285,18.62
10-12-2024 11:10:00,109.177635289238,3646.14251348696,18.66
10-12-2024 11:20:00,109.499952118807,3644.6763537852,18.7
10-12-2024 11:30:00,109.330298353426,3643.27344916127,18.75
10-12-2024 11:40:00,107.774348398865,3641.63633166842,18.81
10-12-2024 11:50:00,108.899860807821,3636.13259849268,18.87
10-12-2024 12:00:00,108.440177152389,3634.75194670783,18.94
10-12-2024 12:10:00,108.974444991178,3625.43282660197,19.01
10-12-2024 12:20:00,108.414929934712,3627.41891219334,19.08
10-12-2024 12:30:00,110.342775668437,3623.74573029177,19.15
10-12-2024 12:40:00,109.882893706234,3618.57747825383,19.22
10-12-2024 12:50:00,108.214821885634,3618.38589954046,19.26
10-12-2024 13:00:00,109.936654789798,3613.48306755775,19.31
10-12-2024 13:10:00,109.064734755841,3613.58771514353,19.35
10-12-2024 13:20:00,107.889242237223,3612.43606791175,19.38
10-12-2024 13:30:00,108.208258062248,3612.57753935402,19.41
10-12-2024 13:40:00,108.921816396324,3621.51612590842,19.43
10-12-2024 13:50:00,108.339638411789,3621.5967879957,19.45
10-12-2024 14:00:00,110.444741437806,3623.20767918994,19.46
10-12-2024 14:10:00,107.96830118652,3619.90261076108,19.48
10-12-2024 14:20:00,108.976957556492,3620.7168440857,19.49
10-12-2024 14:30:00,106.491641463343,3616.28976622715,19.49
10-12-2024 14:40:00,108.397677324051,3620.88835486866,19.5
10-12-2024 14:50:00,109.397858503829,3618.98793328875,19.49
10-12-2024 15:00:00,108.607551411312,3619.24146013896,19.49
10-12-2024 15:10:00,108.311538694609,3615.15049106885,19.48
10-12-2024 15:20:00,108.917088847767,3614.20894536353,19.48
10-12-2024 15:30:00,110.320246094291,3612.07237069873,19.48
10-12-2024 15:40:00,109.729371949771,3610.93157357406,19.48
10-12-2024 15:50:00,109.940433738388,3606.66541419234,19.49
10-12-2024 16:00:00,109.95208937319,3605.68522271599,19.5
10-12-2024 16:10:00,109.768623370318,3603.17209355407,19.52
10-12-2024 16:20:00,108.687487962137,3593.48466010856,19.54
10-12-2024 16:30:00,108.508070163737,3587.34131479868,19.57
10-12-2024 16:40:00,107.434838641781,3575.97068926718,19.61
10-12-2024 16:50:00,107.858088389687,3567.98296075254,19.65
10-12-2024 17:00:00,109.184209026429,3563.83822138361,19.7
10-12-2024 17:10:00,107.914822924102,3557.39452749278,19.75
10-12-2024 17:20:00,108.746546314091,3554.09744729818,19.81
10-12-2024 17:30:00,106.880855467607,3550.19751809389,19.87
10-12-2024 17:40:00,108.616674910669,3544.25098459933,19.94
10-12-2024 17:50:00,108.149523849015,3540.14159897998,20
10-12-2024 18:00:00,108.069489032731,3535.46100499053,20.03
10-12-2024 18:10:00,108.393806716345,3533.73480415456,20.07
10-12-2024 18:20:00,107.613365157761,3527.44836683403,20.1
10-12-2024 18:30:00,108.137855851582,3523.81605789558,20.14
10-12-2024 18:40:00,108.566737393285,3511.62231027118,20.19
10-12-2024 18:50:00,108.59104208391,3509.184037212,20.23
10-12-2024 19:00:00,107.966287556209,3505.19359118905,20.28
10-12-2024 19:10:00,107.341529126329,3497.23678757759,20.32
10-12-2024 19:20:00,107.966793744918,3493.98831926674,20.36
10-12-2024 19:30:00,108.68842426743,3486.77330119786,20.39
10-12-2024 19:40:00,109.410050887761,3489.58862080772,20.42
10-12-2024 19:50:00,108.824388003985,3487.93742248138,20.44
10-12-2024 20:00:00,107.135661948159,3484.98071999109,20.46
10-12-2024 20:10:00,109.353043786125,3488.09498738215,20.47
10-12-2024 20:20:00,109.164023120696,3487.89684232684,20.48
10-12-2024 20:30:00,108.172711570827,3486.49381671399,20.49
10-12-2024 20:40:00,108.986479728631,3487.09858198183,20.5
10-12-2024 20:50:00,108.191382208518,3488.55544458676,20.5
10-12-2024 21:00:00,108.499457936418,3485.19281712914,20.5
10-12-2024 21:10:00,108.711510854892,3488.50847181915,20.51
10-12-2024 21:20:00,108.217239155467,3487.4549694976,20.51
10-12-2024 21:30:00,108.625615183288,3488.20886245619,20.51
10-12-2024 21:40:00,108.728833507867,3485.49737479456,20.5
10-12-2024 21:50:00,109.538333884047,3486.95397582316,20.5
10-12-2024 22:00:00,107.535543151191,3483.94159252213,20.49
10-12-2024 22:10:00,108.746121534513,3484.29364174186,20.49
10-12-2024 22:20:00,108.448198871777,3480.47858105569,20.48
10-12-2024 22:30:00,108.547136999408,3480.52821953264,20.46
10-12-2024 22:40:00,108.249271710845,3481.13044235237,20.45
10-12-2024 22:50:00,107.947217587894,3483.08663474668,20.43
10-12-2024 23:00:00,108.34688800905,3489.45683804521,20.41
10-12-2024 23:10:00,108.546013599036,3492.91586038641,20.39
10-12-2024 23:20:00,109.546799564535,3488.34984186871,20.37
10-12-2024 23:30:00,108.443110080549,3492.81083170882,20.35
10-12-2024 23:40:00,108.141196655312,3490.65279204472,20.33
10-12-2024 23:50:00,107.543005219739,3494.8629847383,20.32
10-13-2024 00:00:00,108.43907795357,3495.66073641277,20.29
10-13-2024 00:10:00,109.038664597205,3495.106889869,20.27
10-13-2024 00:20:00,109.237533810343,3496.55730325767,20.25
10-13-2024 00:30:00,107.229266939529,3506.67092721387,20.22
10-13-2024 00:40:00,109.730936047412,3517.63433820821,20.2
10-13-2024 00:50:00,108.223649576015,3523.83354414373,20.17
10-13-2024 01:00:00,108.522576375658,3522.17457717328,20.15
10-13-2024 01:10:00,108.825689488125,3527.97808909401,20.14
10-13-2024 01:20:00,110.220913842486,3541.07808806281,20.11
10-13-2024 01:30:00,108.622758820716,3543.97589053381,20.1
10-13-2024 01:40:00,109.121601780693,3549.11913065802,20.08
10-13-2024 01:50:00,108.51571092662,3555.10497065329,20.05
10-13-2024 02:00:00,107.414141877713,3559.84433640062,20.03
10-13-2024 02:10:00,110.008717260313,3561.82529987474,20
10-13-2024 02:20:00,108.507335398269,3569.86123139466,19.98
10-13-2024 02:30:00,110.301201927313,3573.13858259233,19.95
10-13-2024 02:40:00,108.795967264943,3572.31707079946,19.92
10-13-2024 02:50:00,107.690997744684,3574.29355065072,19.89
10-13-2024 03:00:00,109.683910508601,3572.77310193396,19.86
10-13-2024 03:10:00,109.478285866656,3574.3492188221,19.83
10-13-2024 03:20:00,110.071810203901,3576.92303981033,19.8
10-13-2024 03:30:00,108.463816767246,3576.8428807512,19.76
10-13-2024 03:40:00,107.859138011257,3580.01351886543,19.73
10-13-2024 03:50:00,108.951733870356,3578.1947784938,19.7
10-13-2024 04:00:00,109.544899971032,3581.56318229276,19.67
10-13-2024 04:10:00,108.038012663312,3584.67249672904,19.63
10-13-2024 04:20:00,109.52902630225,3585.04726783089,19.6
10-13-2024 04:30:00,109.323724601036,3585.52158934033,19.57
10-13-2024 04:40:00,108.520077745717,3588.98466362521,19.54
10-13-2024 04:50:00,108.215299141281,3591.25087111817,19.51
10-13-2024 05:00:00,109.003096728563,3587.88126211228,19.47
10-13-2024 05:10:00,109.396104197158,3589.44978412055,19.44
10-13-2024 05:20:00,108.892023018419,3590.91810091734,19.41
10-13-2024 05:30:00,108.886334697528,3591.58976983127,19.38
10-13-2024 05:40:00,109.573765386165,3590.1139093633,19.34
10-13-2024 05:50:00,108.277300374808,3590.44601143981,19.32
10-13-2024 06:00:00,109.064219024705,3593.84311530414,19.28
10-13-2024 06:10:00,109.556349047041,3592.42634006778,19.25
10-13-2024 06:20:00,108.057253664367,3591.20907198256,19.22
10-13-2024 06:30:00,110.046710328142,3594.81973666963,19.2
10-13-2024 06:40:00,108.64748109738,3592.70850189771,19.17
10-13-2024 06:50:00,107.547252800995,3594.07423540523,19.14
10-13-2024 07:00:00,107.84442320278,3592.2210587414,19.12
10-13-2024 07:10:00,109.331087659449,3592.09743015017,19.09
10-13-2024 07:20:00,107.738088010588,3592.42901667657,19.07
10-13-2024 07:30:00,109.224341523732,3594.98476339021,19.04
10-13-2024 07:40:00,108.626192983372,3595.01820118966,19.02
10-13-2024 07:50:00,108.326461055558,3587.90930332749,19
10-13-2024 08:00:00,109.518034148186,3594.58923530581,18.98
10-13-2024 08:10:00,107.428982632143,3594.92033194839,18.96
10-13-2024 08:20:00,107.626449541438,3590.88867797427,18.94
10-13-2024 08:30:00,108.424346862291,3586.12264439046,18.93
10-13-2024 08:40:00,108.52228481193,3591.70883764691,18.91
10-13-2024 08:50:00,109.419358419743,3591.89990007305,18.9
10-13-2024 09:00:00,108.130302792015,3591.29803068678,18.89
10-13-2024 09:10:00,107.834981753696,3589.7052112147,18.88
10-13-2024 09:20:00,108.930638013433,3587.12167938737,18.87
10-13-2024 09:30:00,107.645961304685,3588.06404139009,18.87
10-13-2024 09:40:00,109.53634021541,3587.1653227717,18.86
10-13-2024 09:50:00,108.649120187282,3587.51301167423,18.86
10-13-2024 10:00:00,108.262807572697,3585.14327864418,18.87
10-13-2024 10:10:00,109.461948481527,3587.86920021442,18.87
10-13-2024 10:20:00,108.972078894296,3583.46014238171,18.87
10-13-2024 10:30:00,108.382852075834,3585.39320611462,18.87
10-13-2024 10:40:00,107.996484530305,3582.32911047386,18.88
10-13-2024 10:50:00,108.404985681961,3580.94934845724,18.89
10-13-2024 11:00:00,107.919195403357,3579.47016227043,18.9
10-13-2024 11:10:00,108.43546842269,3574.13773528582,18.93
10-13-2024 11:20:00,108.856714348989,3565.78382059297,18.97
10-13-2024 11:30:00,109.182939072507,3561.9438152106,19.02
10-13-2024 11:40:00,109.210941339466,3567.43046924031,19.07
10-13-2024 11:50:00,108.148667814233,3567.6149481655,19.13
10-13-2024 12:00:00,109.180131424734,3563.38381108722,19.2
10-13-2024 12:10:00,108.714491014722,3562.77069902351,19.26
10-13-2024 12:20:00,108.252699397143,3564.40007127543,19.33
10-13-2024 12:30:00,108.878307868852,3562.13886779396,19.38
10-13-2024 12:40:00,108.71109182203,3559.63196894648,19.44
10-13-2024 12:50:00,110.030877759304,3556.41529551746,19.48
10-13-2024 13:00:00,108.762642321018,3551.45762900228,19.53
10-13-2024 13:10:00,108.881854731067,3548.1815004158,19.56
10-13-2024 13:20:00,107.608545554905,3545.45581968684,19.6
10-13-2024 13:30:00,108.022786529065,3544.51514339727,19.62
10-13-2024 13:40:00,108.237531137738,3545.26911650062,19.64
10-13-2024 13:50:00,108.05310148552,3547.91801006349,19.66
10-13-2024 14:00:00,108.762756066109,3550.81262901556,19.67
10-13-2024 14:10:00,109.272855524883,3550.71535775955,19.68
10-13-2024 14:20:00,108.4853260999,3552.41349558278,19.69
10-13-2024 14:30:00,109.29494139278,3554.11182338976,19.7
10-13-2024 14:40:00,109.00225449989,3552.96254081432,19.7
10-13-2024 14:50:00,108.310253712487,3551.11490524987,19.7
10-13-2024 15:00:00,108.920225747113,3551.21679053222,19.71
10-13-2024 15:10:00,107.329677825001,3549.56843214253,19.71
10-13-2024 15:20:00,109.537043247137,3548.47275960369,19.72
10-13-2024 15:30:00,107.551179578348,3547.87574012518,19.73
10-13-2024 15:40:00,108.860148108734,3546.18084427952,19.74
10-13-2024 15:50:00,107.772713564767,3540.4936457864,19.75
10-13-2024 16:00:00,108.690798598478,3533.3137766747,19.78
10-13-2024 16:10:00,108.406316559288,3530.67082465472,19.8
10-13-2024 16:20:00,108.629650374361,3521.63965157877,19.84
10-13-2024 16:30:00,108.153563522911,3520.09519480433,19.88
10-13-2024 16:40:00,107.073412361735,3514.50103038493,19.91
10-13-2024 16:50:00,108.396243266494,3512.8530525375,19.95
10-13-2024 17:00:00,107.419809158956,3504.30436472892,19.99
10-13-2024 17:10:00,107.943177268661,3504.2520119785,20.03
10-13-2024 17:20:00,106.666053583051,3498.99648332557,20.07
10-13-2024 17:30:00,107.985812901445,3496.08990735521,20.1
10-13-2024 17:40:00,107.100255277819,3493.03233257312,20.12
10-13-2024 17:50:00,106.810870498037,3491.02574682118,20.13
10-13-2024 18:00:00,108.92760797082,3484.86262882821,20.15
10-13-2024 18:10:00,107.941789671219,3478.4971206267,20.17
10-13-2024 18:20:00,107.961002216475,3474.881376528,20.2
10-13-2024 18:30:00,107.679817219021,3469.0596243034,20.23
10-13-2024 18:40:00,108.800628459721,3461.83194048142,20.26
10-13-2024 18:50:00,108.920148283747,3456.70551183483,20.29
10-13-2024 19:00:00,107.236379382214,3451.47617249899,20.32
10-13-2024 19:10:00,105.948775347646,3445.69731508375,20.34
10-13-2024 19:20:00,107.571041861641,3446.38054950367,20.37
10-13-2024 19:30:00,106.884444396787,3443.60773310277,20.39
10-13-2024 19:40:00,106.39815635802,3445.64982985607,20.41
10-13-2024 19:50:00,108.21327639562,3445.74049598112,20.42
10-13-2024 20:00:00,108.224132071646,3445.8310933544,20.43
10-13-2024 20:10:00,107.733713909072,3444.81770217138,20.44
10-13-2024 20:20:00,107.940885004227,3443.55821093635,20.44
10-13-2024 20:30:00,108.950084868806,3445.4097228099,20.44
10-13-2024 20:40:00,107.553182816396,3444.35085707339,20.44
10-13-2024 20:50:00,108.261612624765,3447.80798327981,20.44
10-13-2024 21:00:00,108.765315990443,3448.91139615136,20.43
10-13-2024 21:10:00,106.662652880749,3447.40578410741,20.42
10-13-2024 21:20:00,107.767804445337,3443.49244481594,20.41
10-13-2024 21:30:00,108.066805888053,3447.15909005147,20.39
10-13-2024 21:40:00,108.169485517344,3448.56303624359,20.38
10-13-2024 21:50:00,107.169800829218,3450.5685482127,20.37
10-13-2024 22:00:00,108.070006437441,3449.31904984245,20.35
10-13-2024 22:10:00,108.368859218224,3445.86411725938,20.33
10-13-2024 22:20:00,108.16674624892,3450.63090392346,20.31
10-13-2024 22:30:00,107.359547456192,3455.95178209921,20.28
10-13-2024 22:40:00,107.458054813805,3452.49785969154,20.26
10-13-2024 22:50:00,107.856952360487,3452.35149393878,20.24
10-13-2024 23:00:00,109.252791757091,3455.26505623403,20.21
10-13-2024 23:10:00,108.750376898738,3456.32023626778,20.19
10-13-2024 23:20:00,107.743441897181,3456.127782155,20.16
10-13-2024 23:30:00,108.23797757278,3457.63728186045,20.13
10-13-2024 23:40:00,109.336919372386,3457.59056587495,20.11
10-13-2024 23:50:00,107.534101320496,3455.24222881779,20.09
10-14-2024 00:00:00,108.232704826709,3458.09762488737,20.07
10-14-2024 00:10:00,106.826454009798,3459.30569489642,20.04
10-14-2024 00:20:00,109.720935285074,3459.61318224538,20.01
10-14-2024 00:30:00,109.514771789611,3463.52001470743,19.98
10-14-2024 00:40:00,109.212926573734,3464.27241986726,19.96
10-14-2024 00:50:00,109.706624404816,3465.17837314276,19.93
10-14-2024 01:00:00,109.200725743376,3465.78420479513,19.9
10-14-2024 01:10:00,107.899739977018,3468.13435705285,19.88
10-14-2024 01:20:00,108.39343193835,3472.135248741,19.85
10-14-2024 01:30:00,108.187676822494,3482.52499749345,19.82
10-14-2024 01:40:00,110.370530862893,3504.09242398103,19.77
10-14-2024 01:50:00,108.367218396903,3512.87129707214,19.74
10-14-2024 02:00:00,106.560203434688,3520.69771079171,19.7
10-14-2024 02:10:00,108.750383211716,3528.3707185686,19.67
10-14-2024 02:20:00,108.54477231938,3531.85226269627,19.64
10-14-2024 02:30:00,107.541023765825,3538.02372961554,19.61
10-14-2024 02:40:00,108.732310220268,3539.00985801454,19.58
10-14-2024 02:50:00,109.524218493525,3543.38328245057,19.55
10-14-2024 03:00:00,109.916955050388,3547.0573726698,19.52
10-14-2024 03:10:00,109.117267034373,3549.1887811444,19.5
10-14-2024 03:20:00,109.509957239698,3549.77332676912,19.47
10-14-2024 03:30:00,108.810225300717,3553.79513600101,19.45
10-14-2024 03:40:00,108.609015413861,3557.71614562094,19.43
10-14-2024 03:50:00,109.101285205815,3560.08981724211,19.4
10-14-2024 04:00:00,109.194830087964,3559.87557103934,19.37
10-14-2024 04:10:00,108.595153952599,3563.99218592906,19.35
10-14-2024 04:20:00,108.887975100322,3567.4570208687,19.32
10-14-2024 04:30:00,108.68689540325,3564.51073874735,19.3
10-14-2024 04:40:00,108.784620404815,3567.63019812419,19.28
10-14-2024 04:50:00,108.977715771423,3570.29720699134,19.25
10-14-2024 05:00:00,108.677141177542,3570.33372008981,19.23
10-14-2024 05:10:00,109.17300927169,3573.45061778182,19.21
10-14-2024 05:20:00,108.669245268119,3575.91622656741,19.18
10-14-2024 05:30:00,109.359806258814,3576.79162357044,19.15
10-14-2024 05:40:00,108.661345673463,3576.92654626371,19.13
10-14-2024 05:50:00,110.052332234189,3579.04719796687,19.11
10-14-2024 06:00:00,109.349752496775,3578.43258742173,19.08
10-14-2024 06:10:00,109.546719539874,3580.3537426059,19.06
10-14-2024 06:20:00,108.152437729761,3583.16739786216,19.04
10-14-2024 06:30:00,109.737419142221,3585.03250809392,19.01
10-14-2024 06:40:00,109.337726278498,3585.06701365701,18.99
10-14-2024 06:50:00,108.540481653168,3587.48175783106,18.97
10-14-2024 07:00:00,109.135000877952,3585.63189319802,18.95
10-14-2024 07:10:00,109.629994075686,3586.16210843808,18.93
10-14-2024 07:20:00,109.627991117671,3585.40352366361,18.91
10-14-2024 07:30:00,108.73170386587,3585.14077664075,18.89
10-14-2024 07:40:00,109.032027184203,3586.02282500684,18.88
10-14-2024 07:50:00,109.626171421576,3588.23730091583,18.86
10-14-2024 08:00:00,108.038888810606,3587.63269276538,18.85
10-14-2024 08:10:00,109.924337153296,3587.36981282449,18.83
10-14-2024 08:20:00,110.125152290268,3584.48712424938,18.82
10-14-2024 08:30:00,110.321702867319,3585.61143121928,18.8
10-14-2024 08:40:00,110.220299481114,3589.80518959507,18.78
10-14-2024 08:50:00,108.832287409564,3584.84412244338,18.77
10-14-2024 09:00:00,110.025992384973,3585.92340654182,18.76
10-14-2024 09:10:00,108.737428981029,3584.92348553552,18.75
10-14-2024 09:20:00,107.945407122128,3584.1217062713,18.74
10-14-2024 09:30:00,110.330234021886,3582.33019516603,18.73
10-14-2024 09:40:00,110.034545891904,3584.39909182122,18.72
10-14-2024 09:50:00,109.341838636536,3578.6490471494,18.71
10-14-2024 10:00:00,109.248919144703,3574.83356869075,18.71
10-14-2024 10:10:00,110.247882594686,3575.3727132502,18.71
10-14-2024 10:20:00,110.456982345804,3574.97547279964,18.72
10-14-2024 10:30:00,109.077720705928,3569.23286919428,18.73
10-14-2024 10:40:00,108.591811917596,3568.63692336502,18.74
10-14-2024 10:50:00,107.708702339077,3566.9517854636,18.75
10-14-2024 11:00:00,108.815449236336,3565.2198067708,18.77
10-14-2024 11:10:00,109.525212559402,3557.24807615588,18.79
10-14-2024 11:20:00,107.855562680346,3554.47585714921,18.82
10-14-2024 11:30:00,108.772368624849,3552.74445561649,18.86
10-14-2024 11:40:00,108.700024571538,3547.99014753016,18.91
10-14-2024 11:50:00,108.921690531602,3545.36256888895,18.95
10-14-2024 12:00:00,109.445901078142,3545.46219917848,19
10-14-2024 12:10:00,109.079467509571,3546.80357376692,19.06
10-14-2024 12:20:00,110.996897974062,3546.50622764291,19.11
10-14-2024 12:30:00,109.233235933347,3544.81783228687,19.16
10-14-2024 12:40:00,109.260401501586,3542.33291360547,19.21
10-14-2024 12:50:00,108.685975631647,3543.97001878012,19.25
10-14-2024 13:00:00,108.509650184377,3538.74728590123,19.29
10-14-2024 13:10:00,108.129890751454,3535.85794259978,19.32
10-14-2024 13:20:00,108.14850248872,3530.97748393873,19.35
10-14-2024 13:30:00,107.071028916793,3532.76115813375,19.38
10-14-2024 13:40:00,107.484018963688,3531.31093575966,19.4
10-14-2024 13:50:00,109.591438058076,3533.7419570067,19.42
10-14-2024 14:00:00,107.911553672425,3537.86599025051,19.44
10-14-2024 14:10:00,108.623836291006,3541.19469894161,19.46
10-14-2024 14:20:00,109.132700684779,3534.71532516692,19.47
10-14-2024 14:30:00,107.448188667869,3536.50014306746,19.48
10-14-2024 14:40:00,107.458499252087,3539.28106667601,19.49
10-14-2024 14:50:00,107.867657710669,3538.97481320635,19.5
10-14-2024 15:00:00,110.271229640858,3532.99087889251,19.51
10-14-2024 15:10:00,106.891064708022,3533.38120477968,19.52
10-14-2024 15:20:00,108.59259558598,3531.53019194567,19.52
10-14-2024 15:30:00,108.008679367663,3527.88509820136,19.54
10-14-2024 15:40:00,108.617446820164,3526.28209740607,19.55
10-14-2024 15:50:00,107.339221629969,3519.09609642382,19.58
10-14-2024 16:00:00,107.952185582214,3511.75878492194,19.6
10-14-2024 16:10:00,107.771127271294,3507.15834690336,19.63
10-14-2024 16:20:00,107.693896087982,3503.30090804637,19.67
10-14-2024 16:30:00,107.017623192616,3499.34101954584,19.71
10-14-2024 16:40:00,107.143942875082,3496.52291176772,19.76
10-14-2024 16:50:00,108.165223234831,3495.45287766912,19.8
10-14-2024 17:00:00,106.689268897184,3488.68930533933,19.84
10-14-2024 17:10:00,107.81493372795,3486.26292101986,19.89
10-14-2024 17:20:00,108.337313963233,3478.09184778878,19.93
10-14-2024 17:30:00,107.456087808644,3472.76978489366,19.96
10-14-2024 17:40:00,107.478582854115,3468.58936210414,20
10-14-2024 17:50:00,107.296961471662,3464.16186952211,20.03
10-14-2024 18:00:00,108.215651558933,3457.23086105144,20.06
10-14-2024 18:10:00,107.729827769946,3453.2553097395,20.08
10-14-2024 18:20:00,108.544635893846,3451.48012974025,20.1
10-14-2024 18:30:00,108.859280720723,3451.30580592415,20.12
10-14-2024 18:40:00,107.46853636538,3448.8860050471,20.13
10-14-2024 18:50:00,107.778999043275,3452.37240415418,20.14
10-14-2024 19:00:00,106.78836873644,3446.94849776709,20.15
10-14-2024 19:10:00,107.999648984746,3445.12828678938,20.16
10-14-2024 19:20:00,107.209103980907,3445.61085896474,20.17
10-14-2024 19:30:00,107.223362972407,3441.72917573155,20.19
10-14-2024 19:40:00,107.333664864963,3433.09669491147,20.2
10-14-2024 19:50:00,108.445185936923,3425.26409414781,20.21
10-14-2024 20:00:00,107.558381666623,3421.07698299654,20.23
10-14-2024 20:10:00,106.066499254326,3422.15859727974,20.24
10-14-2024 20:20:00,106.673430855929,3425.00321884457,20.24
10-14-2024 20:30:00,108.290003442377,3427.92967301108,20.26
10-14-2024 20:40:00,107.995646697565,3432.0773621174,20.26
10-14-2024 20:50:00,109.003235850594,3430.91386378566,20.26
10-14-2024 21:00:00,109.109471239891,3431.25347577542,20.26
10-14-2024 21:10:00,107.613302973137,3432.09409547497,20.26
10-14-2024 21:20:00,109.121630342712,3432.63404079495,20.26
10-14-2024 21:30:00,107.124704348514,3433.07373225771,20.26
10-14-2024 21:40:00,109.033623852198,3436.51968795952,20.26
10-14-2024 21:50:00,108.538939822895,3436.859081969,20.26
10-14-2024 22:00:00,109.350390469178,3431.22685389475,20.27
10-14-2024 22:10:00,107.958376252216,3433.61175017832,20.28
10-14-2024 22:20:00,108.665561223187,3432.44763253418,20.28
10-14-2024 22:30:00,106.872749049199,3434.83267526864,20.29
10-14-2024 22:40:00,108.886303151744,3434.61171174123,20.3
10-14-2024 22:50:00,109.297222960172,3432.48586504802,20.31
10-14-2024 23:00:00,108.405785009659,3433.46761826364,20.32
10-14-2024 23:10:00,106.412144708861,3435.9534534199,20.33
10-14-2024 23:20:00,109.227688457009,3436.83520648511,20.34
10-14-2024 23:30:00,106.632644221363,3443.43316527448,20.35
10-14-2024 23:40:00,108.246023034272,3444.81695877812,20.36
10-14-2024 23:50:00,108.356379880294,3449.61107652045,20.37
10-15-2024 00:00:00,108.462608620913,3458.77634761652,20.37
10-15-2024 00:10:00,108.873633574026,3464.97614472222,20.38
10-15-2024 00:20:00,109.781615176333,3471.33343833079,20.38
10-15-2024 00:30:00,110.284475057264,3479.65213336923,20.37
10-15-2024 00:40:00,108.787270986423,3482.19746412191,20.37
10-15-2024 00:50:00,109.390360261518,3480.68602339956,20.36
10-15-2024 01:00:00,109.091558645079,3486.19464980805,20.35
10-15-2024 01:10:00,108.291807186127,3496.71613640414,20.34
10-15-2024 01:20:00,108.393858800863,3500.71855889626,20.33
10-15-2024 01:30:00,108.491762040362,3511.79154119359,20.31
10-15-2024 01:40:00,109.691480677536,3515.34338080689,20.29
10-15-2024 01:50:00,111.191387232579,3520.69803542376,20.27
10-15-2024 02:00:00,108.484888464931,3530.66029075523,20.25
10-15-2024 02:10:00,109.980367397668,3543.074418678,20.22
10-15-2024 02:20:00,110.078013283961,3549.32313490822,20.2
10-15-2024 02:30:00,109.771017224961,3552.71548270983,20.17
10-15-2024 02:40:00,109.263964097358,3558.60908552946,20.14
10-15-2024 02:50:00,109.257401475658,3559.39537254562,20.11
10-15-2024 03:00:00,110.15125418892,3558.78044582961,20.08
10-15-2024 03:10:00,109.14424869303,3562.86778580565,20.05
10-15-2024 03:20:00,107.937566366957,3564.55283050947,20.02
10-15-2024 03:30:00,108.431201281488,3567.83700178172,19.99
10-15-2024 03:40:00,108.1248480605,3567.22091334701,19.96
10-15-2024 03:50:00,108.218437603683,3569.20372655605,19.93
10-15-2024 04:00:00,110.61066892805,3570.68605499974,19.9
10-15-2024 04:10:00,109.604616273688,3573.16668976677,19.87
10-15-2024 04:20:00,106.900474409489,3568.65522297027,19.84
10-15-2024 04:30:00,110.889939750322,3574.43023968742,19.81
10-15-2024 04:40:00,108.789877553099,3575.86209636565,19.79
10-15-2024 04:50:00,110.98035029505,3572.94998670974,19.76
10-15-2024 05:00:00,108.876742295474,3578.32130956137,19.73
10-15-2024 05:10:00,108.970063139243,3562.74082714251,19.7
10-15-2024 05:20:00,109.366941174215,3576.64128962811,19.68
10-15-2024 05:30:00,109.164898142806,3577.67260826089,19.66
10-15-2024 05:40:00,109.357912797413,3581.74258514759,19.63
10-15-2024 05:50:00,109.555027555574,3579.78216498278,19.61
10-15-2024 06:00:00,108.455157301332,3579.41713177748,19.59
10-15-2024 06:10:00,109.749607645622,3581.2446408356,19.57
10-15-2024 06:20:00,110.545050616,3580.87955513217,19.55
10-15-2024 06:30:00,109.14624801691,3581.01273015469,19.53
10-15-2024 06:40:00,109.243542555017,3582.34116846697,19.51
10-15-2024 06:50:00,109.839347688027,3581.87659016501,19.49
10-15-2024 07:00:00,108.241709127383,3581.41219371719,19.47
10-15-2024 07:10:00,109.934013556862,3579.85283979026,19.45
10-15-2024 07:20:00,108.73953153325,3585.31403881212,19.44
10-15-2024 07:30:00,108.03947311596,3586.74050335356,19.42
10-15-2024 07:40:00,108.535439958602,3587.9675058128,19.4
10-15-2024 07:50:00,109.434019267678,3586.65919203813,19.39
10-15-2024 08:00:00,109.132627729437,3585.00062709639,19.37
10-15-2024 08:10:00,108.137990366128,3588.26923839818,19.36
10-15-2024 08:20:00,108.239360885661,3589.14984277967,19.35
10-15-2024 08:30:00,110.930869810604,3591.12447236727,19.34
10-15-2024 08:40:00,108.34244175928,3589.4186772601,19.33
10-15-2024 08:50:00,108.742602940669,3588.4093299529,19.32
10-15-2024 09:00:00,107.84786123695,3589.58795656025,19.31
10-15-2024 09:10:00,109.144384179182,3592.45683897272,19.3
10-15-2024 09:20:00,110.934485441963,3596.06804959854,19.28
10-15-2024 09:30:00,109.645647276472,3591.13422116131,19.28
10-15-2024 09:40:00,109.647277639612,3590.7215987152,19.27
10-15-2024 09:50:00,110.748456663409,3593.24417337175,19.27
10-15-2024 10:00:00,109.654685612269,3590.24681889456,19.26
10-15-2024 10:10:00,109.760038313858,3587.79880467799,19.26
10-15-2024 10:20:00,109.761648311362,3587.88344715454,19.25
10-15-2024 10:30:00,108.67214919916,3589.61029347127,19.25
10-15-2024 10:40:00,111.465870655067,3588.05694928113,19.25
10-15-2024 10:50:00,111.969481469905,3590.57889553565,19.25
10-15-2024 11:00:00,110.879970651164,3590.61583841319,19.25
10-15-2024 11:10:00,109.392176497394,3592.044315172,19.25
10-15-2024 11:20:00,112.086312486369,3589.09921912032,19.25
10-15-2024 11:30:00,111.299748431765,3589.58548997726,19.26
10-15-2024 11:40:00,110.508885891889,3589.82105525306,19.26
10-15-2024 11:50:00,110.514624002588,3590.45420239308,19.26
10-15-2024 12:00:00,111.321212147322,3589.54861381968,19.27
10-15-2024 12:10:00,110.430710927981,3588.09400452424,19.27
10-15-2024 12:20:00,110.938570757496,3588.67934480441,19.28
10-15-2024 12:30:00,111.048113472317,3584.98919499612,19.29
10-15-2024 12:40:00,111.456459454538,3583.68489013218,19.3
10-15-2024 12:50:00,111.366827066979,3583.27531083622,19.31
10-15-2024 13:00:00,111.480657557636,3581.82268912179,19.33
10-15-2024 13:10:00,110.398985005673,3570.02375035454,19.35
10-15-2024 13:20:00,112.106935022768,3574.73693387741,19.37
10-15-2024 13:30:00,110.7261259855,3569.89853866216,19.39
10-15-2024 13:40:00,111.736866140545,3567.84520142708,19.41
10-15-2024 13:50:00,111.153069127389,3569.67322782199,19.43
10-15-2024 14:00:00,111.765343228299,3570.80481579866,19.45
10-15-2024 14:10:00,112.078665811889,3566.46007224355,19.47
10-15-2024 14:20:00,111.490431133916,3568.63680031561,19.48
10-15-2024 14:30:00,112.601468652796,3571.16271164961,19.5
10-15-2024 14:40:00,111.315123326927,3565.57088311144,19.51
10-15-2024 14:50:00,111.524489903452,3570.73640073753,19.52
10-15-2024 15:00:00,112.033066013276,3571.51929328886,19.53
10-15-2024 15:10:00,112.038726080384,3570.75772161578,19.53
10-15-2024 15:20:00,111.541470104775,3576.62028501727,19.52
10-15-2024 15:30:00,111.44739808522,3574.96217902474,19.52
10-15-2024 15:40:00,111.153873598876,3561.64917567769,19.52
10-15-2024 15:50:00,111.25924233957,3554.61181921991,19.52
10-15-2024 16:00:00,111.663780024997,3539.2068318523,19.52
10-15-2024 16:10:00,111.071070985201,3541.23427445901,19.52
10-15-2024 16:20:00,111.176428019356,3533.79833067432,19.52
10-15-2024 16:30:00,111.485486073295,3532.68487081464,19.53
10-15-2024 16:40:00,112.891668229737,3530.57484910536,19.54
10-15-2024 16:50:00,112.901626829534,3528.56404496646,19.55
10-15-2024 17:00:00,112.217650053425,3527.29672171574,19.57
10-15-2024 17:10:00,111.928286229552,3526.58059604369,19.58
10-15-2024 17:20:00,112.241770895534,3521.12594279731,19.6
10-15-2024 17:30:00,112.451228468288,3525.59265190039,19.61
10-15-2024 17:40:00,112.16179758115,3528.06611292119,19.62
10-15-2024 17:50:00,112.271478209319,3524.45805048632,19.63
10-15-2024 18:00:00,112.780339177225,3526.93165576654,19.64
10-15-2024 18:10:00,110.790067623262,3525.76957629418,19.64
10-15-2024 18:20:00,111.993170378062,3526.80108030039,19.64
10-15-2024 18:30:00,112.59751081613,3529.82674714203,19.64
10-15-2024 18:40:00,111.305779039271,3530.16019170512,19.64
10-15-2024 18:50:00,111.116000669026,3527.94736178497,19.65
10-15-2024 19:00:00,111.520766208435,3529.1781922897,19.65
10-15-2024 19:10:00,112.528635035303,3530.75456373179,19.66
10-15-2024 19:20:00,111.839840435652,3520.96138642974,19.67
10-15-2024 19:30:00,112.448570339525,3517.05135446915,19.68
10-15-2024 19:40:00,113.161538240644,3514.2829289197,19.7
10-15-2024 19:50:00,112.073274702633,3510.77029973068,19.71
10-15-2024 20:00:00,112.083110234556,3514.64034035259,19.72
10-15-2024 20:10:00,111.593718750137,3510.62809894392,19.73
10-15-2024 20:20:00,113.001425247304,3512.50277667683,19.74
10-15-2024 20:30:00,111.313746720791,3510.38572895048,19.75
10-15-2024 20:40:00,112.717264914839,3513.61289972568,19.75
10-15-2024 20:50:00,112.527393470492,3516.78538215009,19.76
10-15-2024 21:00:00,110.236092092014,3515.02237215896,19.76
10-15-2024 21:10:00,111.535560902566,3517.30623110227,19.75
10-15-2024 21:20:00,113.13877590202,3518.83665033766,19.75
10-15-2024 21:30:00,111.151396708959,3524.70408476838,19.76
10-15-2024 21:40:00,113.049939361347,3526.58789486219,19.75
10-15-2024 21:50:00,112.256593684778,3526.82080077867,19.75
10-15-2024 22:00:00,111.662956520152,3529.04963622332,19.75
10-15-2024 22:10:00,112.26758993809,3532.27641463402,19.75
10-16-2024 03:10:00,110.724754590781,3630.65998466948,19.63
10-16-2024 03:15:00,110.921387373105,3629.58829064295,19.61
10-16-2024 03:20:00,110.922657683333,3634.35219160199,19.6
10-16-2024 03:25:00,110.923924091381,3630.543681021,19.59
10-16-2024 03:30:00,111.723256634422,3632.3168603588,19.58
10-16-2024 03:35:00,112.023729389345,3633.49182317103,19.57
10-16-2024 03:40:00,111.821164785226,3638.00000932586,19.55
10-16-2024 03:45:00,111.22395223682,3637.08200488004,19.54
10-16-2024 03:50:00,112.023025180037,3636.06451967993,19.53
10-16-2024 03:55:00,111.529832279235,3638.58821173674,19.53
10-16-2024 04:00:00,111.127922000786,3637.21741739466,19.51
10-16-2024 04:05:00,112.928305328537,3638.84419875124,19.51
10-16-2024 04:10:00,111.529203652415,3638.36991949255,19.49
10-16-2024 04:15:00,112.228311868477,3636.05814092359,19.48
10-16-2024 04:20:00,113.525510409901,3633.84630172094,19.47
10-16-2024 04:25:00,112.031238814865,3638.40530720751,19.46
10-16-2024 04:30:00,110.636819738563,3638.18478448137,19.45
10-16-2024 04:35:00,111.535162477578,3631.09533307434,19.44
10-16-2024 04:40:00,111.636016751713,3638.63970543252,19.43
10-16-2024 04:45:00,111.138853972212,3634.83596972676,19.42
10-16-2024 04:50:00,111.339374168765,3636.20819726273,19.41
10-16-2024 04:55:00,114.130913411621,3633.40043644682,19.4
10-16-2024 05:00:00,111.44138605215,3639.6485430962,19.39
10-16-2024 05:05:00,110.645403007479,3638.03497003038,19.38
10-16-2024 05:10:00,112.639384144065,3634.73024895124,19.37
10-16-2024 05:15:00,110.847090004558,3636.30087464289,19.36
10-16-2024 05:20:00,111.047538214661,3632.69837602835,19.35
10-16-2024 05:25:00,112.14455165476,3635.86042309261,19.34
10-16-2024 05:30:00,111.647586902883,3634.94400520277,19.33
10-16-2024 05:35:00,112.250659394763,3637.66207148889,19.33
10-16-2024 05:40:00,112.450979127414,3637.74009345801,19.32
10-16-2024 05:45:00,110.260773389198,3636.52529516545,19.31
10-16-2024 05:50:00,110.660374562079,3634.71405574671,19.3
10-16-2024 05:55:00,110.462370368,3635.58771847706,19.29
10-16-2024 06:00:00,112.260398669358,3634.72527810285,19.29
10-16-2024 06:05:00,111.663959199571,3631.52252334347,19.28
10-16-2024 06:10:00,111.067584864122,3632.39626393767,19.27
10-16-2024 06:15:00,110.272124512946,3632.37520056069,19.26
10-16-2024 06:20:00,112.26470814583,3632.55293083441,19.25
10-16-2024 06:25:00,112.469187950639,3629.10626524084,19.25
10-16-2024 06:30:00,112.669369762757,3632.36531485044,19.24
10-16-2024 06:35:00,110.778798118899,3629.46212342053,19.23
10-16-2024 06:40:00,112.273232807015,3627.25501242873,19.22
10-16-2024 06:45:00,111.179270272869,3627.1349455328,19.21
10-16-2024 06:50:00,110.782219088923,3627.31296694736,19.2
10-16-2024 06:55:00,112.97744466402,3628.23929004204,19.2
10-16-2024 07:00:00,111.4854145873,3628.51652754872,19.19
10-16-2024 07:05:00,111.689794671594,3621.79271340578,19.19
10-16-2024 07:10:00,111.690865566538,3616.40788502964,19.18
10-16-2024 07:15:00,110.895739486909,3617.87800398617,19.17
10-16-2024 07:20:00,110.100701270311,3618.25528711454,19.16
10-16-2024 07:25:00,111.797808858107,3618.38651215981,19.16
10-16-2024 07:30:00,109.713209933632,3618.21971355621,19.16
10-16-2024 07:35:00,111.008043070728,3619.59006941976,19.15
10-16-2024 07:40:00,111.307653664811,3620.46364515965,19.14
10-16-2024 07:45:00,111.611452563482,3620.89264403185,19.14
10-16-2024 07:50:00,111.512998991716,3618.98553504293,19.13
10-16-2024 07:55:00,111.816772976941,3622.592120564,19.13
10-16-2024 08:00:00,110.926526515693,3617.46001565458,19.13
10-16-2024 08:05:00,112.519533838133,3624.19192932337,19.12
10-16-2024 08:10:00,112.520515689509,3621.88765035327,19.11
10-16-2024 08:15:00,111.132910285623,3619.63559382833,19.11
10-16-2024 08:20:00,113.720555749359,3617.53039051599,19.1
10-16-2024 08:25:00,111.139211073756,3617.76041909289,19.1
10-16-2024 08:30:00,112.338264889964,3617.29545151416,19.1
10-16-2024 08:35:00,110.648103868473,3616.48107004099,19.09
10-16-2024 08:40:00,111.942319425798,3613.58228862076,19.08
10-16-2024 08:45:00,110.853348646309,3615.69814041286,19.08
10-16-2024 08:50:00,111.550668344628,3617.16684549203,19.07
10-16-2024 08:55:00,111.750597462112,3616.74961303185,19.06
10-16-2024 09:05:00,111.950500369344,3615.73700551001,19.05
10-16-2024 09:10:00,110.364423140256,3612.19559637187,19.05
10-16-2024 09:15:00,111.165280680577,3610.04349219695,19.05
10-16-2024 09:20:00,111.966134318719,3611.66243337257,19.05
10-16-2024 09:25:00,111.469848747163,3610.55100065916,19.04
10-16-2024 09:30:00,112.270649003747,3608.59741889645,19.04
10-16-2024 09:35:00,112.574194953986,3606.14763735884,19.04
10-16-2024 09:40:00,111.38598578955,3600.22471897321,19.04
10-16-2024 09:45:00,111.391173692931,3601.24794349545,19.04
10-16-2024 09:50:00,110.899107289967,3595.22570668194,19.04
10-16-2024 09:55:00,110.307586903991,3595.35576289014,19.04
10-16-2024 10:00:00,111.104176822065,3595.83313934013,19.03
10-16-2024 10:05:00,111.502917424887,3601.6680611177,19.02
10-16-2024 10:10:00,111.358242262257,3558.97348241128,18.9
10-16-2024 10:15:00,112.149884793422,3653.15950830743,18.88
10-16-2024 10:20:00,111.148901825055,3664.12538733742,18.85
10-16-2024 10:25:00,112.246820058509,3666.63326432722,18.85
10-16-2024 10:30:00,111.266933081732,3665.88231506841,18.87
10-16-2024 10:35:00,111.197845505707,3667.5319091715,18.93
10-16-2024 10:40:00,109.347279626889,3673.7577072293,19.01
10-16-2024 10:45:00,109.165772304337,3697.86978767475,19.04
10-16-2024 10:50:00,106.046921041773,3709.5936520423,19.19
10-16-2024 10:55:00,105.891867518512,3720.74921636861,19.29
10-16-2024 11:00:00,103.34877596072,3732.28125417609,19.4
10-16-2024 11:05:00,101.297422150651,3744.66821960757,19.5
10-16-2024 11:10:00,97.943249203036,3753.42408195659,19.59
10-16-2024 11:15:00,98.8776846664739,3758.30230087598,19.68
10-16-2024 11:20:00,97.4128415867402,3769.91104002048,19.76
10-16-2024 11:25:00,96.1364375190261,3779.74330543826,19.81
10-16-2024 11:30:00,95.7652039132424,3789.51383259706,19.88
10-16-2024 11:35:00,95.1904337187409,3787.83462798343,19.94
10-16-2024 11:40:00,95.1119758034621,3804.08715053143,19.99
10-16-2024 11:45:00,94.9301698017642,3810.7825721574,20.03
10-16-2024 11:50:00,93.5477897043482,3813.5799233474,20.07
10-16-2024 11:55:00,93.468779659297,3821.15083072941,20.12
10-16-2024 12:00:00,93.9838652960666,3835.69947419452,20.15
10-16-2024 12:05:00,93.1977742317675,3843.84570794647,20.18
10-16-2024 12:10:00,93.5127376772933,3847.28775993365,20.21
10-16-2024 12:15:00,92.0128857066311,3832.52186875163,20.2
10-16-2024 12:20:00,93.6357946050069,3855.63880867935,20.25
10-16-2024 12:25:00,92.0447666814334,3864.92731985708,20.27
10-16-2024 12:30:00,90.4563834651668,3877.79924491024,20.3
10-16-2024 12:35:00,91.87005891244,3873.1588581692,20.32
10-16-2024 12:40:00,91.1768760972088,3886.59363180118,20.33
10-16-2024 12:45:00,90.787233512754,3884.36012358976,20.35
10-16-2024 12:50:00,93.500923794109,3893.38606631475,20.36
10-16-2024 12:55:00,93.0080884703377,3889.97625367837,20.37
10-16-2024 13:00:00,90.5138246605671,3904.19403338994,20.39
10-16-2024 13:05:00,91.6244171781243,3911.21776814049,20.4
10-16-2024 13:10:00,92.935606893653,3917.43990408041,20.41
10-16-2024 13:15:00,93.0440334616753,3924.76670825473,20.42
10-16-2024 13:20:00,92.1499851192993,3932.79705617208,20.43
10-16-2024 13:25:00,91.7540081468716,3937.54018240762,20.43
10-16-2024 13:30:00,91.8592687471493,3946.59823843627,20.43
10-16-2024 13:35:00,92.0647737402244,3954.45207224863,20.43
10-16-2024 13:40:00,91.9695299461891,3964.81456792375,20.43
10-16-2024 13:45:00,91.3730407750891,3974.97632356611,20.43
10-16-2024 13:50:00,92.3805204214416,3984.23490164725,20.43
10-16-2024 13:55:00,91.2797199578277,3995.51913130302,20.42
10-16-2024 14:00:00,91.1844663433789,4007.48607338742,20.42
10-16-2024 14:05:00,91.7909063734556,4013.13154603502,20.42
10-16-2024 14:10:00,91.2916132682683,4019.69686259903,20.41
10-16-2024 14:15:00,93.5017982727378,4032.96703893806,20.41
10-16-2024 14:20:00,93.7040448009045,4042.64022521822,20.4
10-16-2024 14:25:00,91.8015365887311,4050.305523997,20.39
10-16-2024 14:30:00,91.9067272136445,4060.0624074073,20.39
10-16-2024 14:35:00,93.1112257991232,4068.72871934562,20.38
10-16-2024 14:40:00,93.1130190985697,4079.19901219487,20.37
10-16-2024 14:45:00,94.317302351632,4083.85070407584,20.36
10-16-2024 14:50:00,94.1218366403095,4085.58178984976,20.36
10-16-2024 14:55:00,93.6257436541819,4085.10642196512,20.36
10-16-2024 15:00:00,94.429109215264,4095.47334717157,20.35
10-16-2024 15:05:00,93.2284542295832,4106.2396881747,20.34
10-16-2024 15:10:00,93.433780939864,4111.98136148757,20.34
10-16-2024 15:15:00,93.3353405959756,4115.32570381823,20.33
10-16-2024 15:20:00,95.3440758931687,4125.97992771347,20.33
10-16-2024 15:25:00,94.1467131444339,4126.80793994447,20.33
10-16-2024 15:30:00,94.5491500731224,4136.16628910542,20.32
10-16-2024 15:35:00,95.255357446496,4136.99416546932,20.32
10-16-2024 15:40:00,96.4591312633479,4142.24061847833,20.31
10-16-2024 15:45:00,94.8611761392874,4145.27387652624,20.31
10-16-2024 15:50:00,95.8678679776312,4150.91361171102,20.31
10-16-2024 15:55:00,95.3685837366562,4152.24899188551,20.3
10-16-2024 16:00:00,94.7724403818785,4155.78310550654,20.3
10-16-2024 16:05:00,95.2781972151892,4158.81596209378,20.3
10-16-2024 16:10:00,96.1846425427814,4160.24489208423,20.3
10-16-2024 16:15:00,94.4833468013122,4165.388240501,20.29
10-16-2024 16:20:00,96.2912381833364,4167.01745515457,20.29
10-16-2024 16:25:00,95.2911582693572,4168.7521073771,20.28
10-16-2024 16:30:00,95.2960300961938,4169.77976250665,20.28
10-16-2024 16:35:00,95.1005749397856,4176.21960351387,20.28
10-16-2024 16:40:00,96.1037260718961,4173.8443604884,20.27
10-16-2024 16:45:00,96.5092092411597,4176.47531383504,20.27
10-16-2024 16:50:00,98.6138641140384,4178.30904075949,20.26
10-16-2024 16:55:00,98.1145234399641,4179.64145323339,20.25
10-16-2024 17:00:00,96.0130221252674,4181.77519557592,20.24
10-16-2024 17:05:00,97.92049683283,4184.3051970437,20.24
10-16-2024 17:10:00,97.7216414093795,4182.83166294285,20.23
10-16-2024 17:15:00,95.8206486059895,4186.66778631245,20.22
10-16-2024 17:20:00,96.422899380131,4190.00243354575,20.21
10-16-2024 17:25:00,96.7247313515775,4191.53362464385,20.2
10-16-2024 17:30:00,97.0265251686053,4191.36195044886,20.19
10-16-2024 17:35:00,98.7297338636372,4189.18738739968,20.18
10-16-2024 17:40:00,96.3287241553989,4188.81564143314,20.17
10-16-2024 17:45:00,97.2310320373278,4189.44524121688,20.16
10-16-2024 17:50:00,99.5344431822914,4191.87691359437,20.15
10-16-2024 17:55:00,99.0388162985047,4193.30347017762,20.15
10-16-2024 18:00:00,98.7398851425539,4193.33188717283,20.14
10-16-2024 18:05:00,99.9421091423382,4191.5584019801,20.13
10-16-2024 18:10:00,99.6431536838871,4190.78616540062,20.12
10-16-2024 18:15:00,98.743848936332,4188.91306897989,20.11
10-16-2024 18:20:00,99.9493957172624,4188.93777552462,20.11
10-16-2024 18:25:00,98.3497147410148,4189.76712763355,20.1
10-16-2024 18:30:00,99.4516151985695,4190.49626582458,20.09
10-16-2024 18:35:00,99.956648805356,4186.61803928452,20.09
10-16-2024 18:40:00,100.358063474872,4187.14721095117,20.08
10-16-2024 18:45:00,100.863060449078,4186.3712311963,20.08
10-16-2024 18:50:00,99.1635457159457,4186.50012121299,20.07
10-16-2024 18:55:00,100.168707742211,4185.52402201993,20.07
10-16-2024 19:00:00,99.7697733975103,4184.75250125381,20.06
10-16-2024 19:05:00,99.1743168250921,4182.87597581921,20.06
10-16-2024 19:10:00,100.279444073611,4182.19998811003,20.06
10-16-2024 19:15:00,100.784359988263,4177.22187373618,20.06
10-16-2024 19:20:00,99.9852836835265,4171.94918525908,20.05
10-16-2024 19:25:00,100.190076550672,4174.37439081118,20.05
10-16-2024 19:30:00,101.091465306747,4173.60377805229,20.04
10-16-2024 19:35:00,99.9959392545335,4170.6269750604,20.04
10-16-2024 19:40:00,101.300962387572,4169.15061282881,20.04
10-16-2024 19:45:00,100.901999920851,4165.37969907295,20.03
10-16-2024 19:50:00,100.806698377519,4167.40423447197,20.03
10-16-2024 19:55:00,102.307999282853,4163.43370082642,20.02
10-16-2024 20:00:00,101.412603526203,4161.35734186788,20.02
10-16-2024 20:05:00,100.013609009523,4161.08788236067,20.01
10-16-2024 20:10:00,101.518395545436,4155.51133939217,20.01
10-16-2024 20:15:00,101.619468525493,4151.64234042993,20
10-16-2024 20:20:00,101.82416085207,4152.5661783671,20
10-16-2024 20:25:00,102.528849276467,4149.68997270821,20
10-16-2024 20:30:00,101.029939765701,4142.62195537895,19.99
10-16-2024 20:35:00,99.93468374209,4144.24554955707,19.99
10-16-2024 20:40:00,101.435657409907,4140.77792783827,19.98
10-16-2024 20:45:00,100.43688675728,4140.51008362016,19.97
10-16-2024 20:50:00,102.937421558285,4141.24195240689,19.96
10-16-2024 20:55:00,101.34245512469,4138.06658233751,19.96
10-16-2024 21:00:00,101.943333835064,4125.90375915821,19.95
10-16-2024 21:05:00,102.547818291776,4130.8253090458,19.95
10-16-2024 21:10:00,102.5487932875,4131.25791993679,19.94
10-16-2024 21:15:00,102.349845412114,4135.28842099264,19.93
10-16-2024 21:20:00,102.654370001288,4133.01314722982,19.93
10-16-2024 21:25:00,102.055604735171,4127.64921324779,19.92
10-16-2024 21:30:00,103.459597608368,4125.57392476218,19.92
10-16-2024 21:35:00,101.861331584651,4121.01040944579,19.91
10-16-2024 21:40:00,101.562497837575,4124.04149422916,19.9
10-16-2024 21:45:00,103.062555367345,4120.27811362248,19.89
10-16-2024 21:50:00,103.267050814929,4118.80267458224,19.89
10-16-2024 21:55:00,102.768298326011,4119.83534269122,19.88
10-16-2024 22:00:00,103.772221886424,4114.56362975439,19.88
10-16-2024 22:05:00,101.071519491541,4112.71053895671,19.86
10-16-2024 22:10:00,103.170724892758,4113.94318364465,19.85
10-16-2024 22:15:00,102.176190723353,4110.27073411477,19.85
10-16-2024 22:20:00,102.776585869031,4103.21414592877,19.84
10-16-2024 22:25:00,102.577691137602,4100.75238533484,19.83
10-16-2024 22:30:00,103.281597238036,4099.4771448053,19.83
10-16-2024 22:35:00,103.981745727579,4096.01730087232,19.82
10-16-2024 22:40:00,104.482028914571,4094.85448559866,19.81
10-16-2024 22:45:00,103.583862104631,4088.20071267305,19.8
10-16-2024 22:50:00,104.48740175884,4084.03033288507,19.8
10-16-2024 22:55:00,101.391937202442,4077.97691954036,19.79
10-16-2024 23:00:00,104.189358398232,4077.21508079089,19.78
10-16-2024 23:05:00,102.995440668367,4075.24137901605,19.78
10-16-2024 23:10:00,103.595512393808,4074.67941800797,19.77
10-16-2024 23:15:00,102.397996593679,4075.31522008057,19.76
10-16-2024 23:20:00,104.695582418055,4072.05876436196,19.75
10-16-2024 23:25:00,104.596489443064,4070.49926586627,19.74
10-16-2024 23:30:00,104.19787032232,4063.4519686144,19.73
10-16-2024 23:35:00,104.102565742405,4068.26410515695,19.73
10-16-2024 23:40:00,103.803829908403,4064.21075826664,19.72
10-16-2024 23:45:00,104.004291243695,4062.25315307014,19.71
10-16-2024 23:50:00,103.905243650471,4055.70696492778,19.7
10-16-2024 23:55:00,103.806204065759,4057.14185919312,19.69
10-17-2024 00:00:00,105.308051070462,4052.47600664376,19.69
10-17-2024 00:05:00,103.70795919427,4046.44705315796,19.67
10-17-2024 00:10:00,104.207765141633,4043.59408865423,19.66
10-17-2024 00:15:00,106.906996720922,4042.61916112744,19.66
10-17-2024 00:20:00,105.80980212749,4040.4647290278,19.65
10-17-2024 00:25:00,104.41335107777,4036.91469123416,19.64
10-17-2024 00:30:00,105.611527836458,4033.96343058438,19.63
10-17-2024 00:35:00,103.716333942228,4031.51110826964,19.62
10-17-2024 00:40:00,103.417768315279,4028.26168251869,19.61
10-17-2024 00:45:00,103.618084265946,4024.71373687205,19.6
10-17-2024 00:50:00,104.021646393312,4027.02846363384,19.6
10-17-2024 00:55:00,104.52120228943,4025.47427323683,19.59
10-17-2024 01:00:00,105.615414728431,4021.14872357981,19.57
10-17-2024 01:05:00,104.020095217681,4020.49219836367,19.56
10-17-2024 01:10:00,104.120560615893,4018.24156010421,19.55
10-17-2024 01:15:00,106.119852116065,4014.07874665784,19.55
10-17-2024 01:20:00,104.424940758189,4012.72544256624,19.54
10-17-2024 01:25:00,104.322142943316,4009.99755632629,19.52
10-17-2024 01:30:00,102.23238340637,4004.93914216963,19.52
10-17-2024 01:35:00,104.028126624398,4002.09278306635,19.51
10-17-2024 01:40:00,105.923373002524,3998.94807909913,19.5
10-17-2024 01:45:00,104.228942680684,3997.99485511461,19.49
10-17-2024 01:50:00,104.5287310708,3995.24929821734,19.48
10-17-2024 01:55:00,104.030916444577,3995.19267549313,19.47
10-17-2024 02:00:00,103.63284551991,3994.4390909978,19.46
10-17-2024 02:05:00,104.825980988141,3990.32227200033,19.44
10-17-2024 02:10:00,107.023326658442,3988.05430538547,19.44
10-17-2024 02:15:00,103.730913113915,3983.64059031727,19.42
10-17-2024 02:20:00,104.432993710212,3978.58598094698,19.42
10-17-2024 02:25:00,105.326784031658,3978.75234894002,19.4
10-17-2024 02:30:00,103.537386971907,3974.7931991748,19.4
10-17-2024 02:35:00,104.335278995284,3971.95190657203,19.39
10-17-2024 02:40:00,106.12951753953,3970.40459005945,19.38
10-17-2024 02:45:00,104.13728631903,3967.16611308761,19.37
10-17-2024 02:50:00,106.329854348988,3965.22146818651,19.36
10-17-2024 02:55:00,105.533357442932,3958.7011307004,19.35
10-17-2024 03:00:00,105.434297504971,3960.83573936589,19.34
10-17-2024 03:05:00,104.139858771916,3954.41624641036,19.33
10-17-2024 03:10:00,105.431609447089,3950.40971649639,19.31
10-17-2024 03:15:00,106.13320682609,3953.0166460433,19.31
10-17-2024 03:20:00,104.938538996605,3948.19031361894,19.3
10-17-2024 03:25:00,104.640339181919,3946.54651688045,19.29
10-17-2024 03:30:00,103.744648219124,3948.18391209303,19.28
10-17-2024 03:35:00,105.537751182536,3942.86203248335,19.27
10-17-2024 03:40:00,106.036162656128,3939.03209391044,19.26
10-17-2024 03:45:00,104.841825966742,3937.588322859,19.25
10-17-2024 03:50:00,104.941956785266,3930.97647332891,19.24
10-17-2024 03:55:00,105.643243049403,3927.32011769644,19.24
10-17-2024 04:00:00,104.946847603008,3922.39908929716,19.23
10-17-2024 04:05:00,105.544714100793,3922.54694019386,19.22
10-17-2024 04:10:00,104.052021184728,3922.0985599787,19.21
10-17-2024 04:15:00,104.450780990882,3921.45152622784,19.2
10-17-2024 04:20:00,105.347169699962,3910.07472575234,19.19
10-17-2024 04:25:00,105.546742920768,3913.89916040649,19.18
10-17-2024 04:30:00,104.651523710509,3912.25956795369,19.17
10-17-2024 04:35:00,105.249181070946,3916.67915769317,19.16
10-17-2024 04:40:00,104.755890730871,3912.5282619169,19.16
10-17-2024 04:45:00,105.353500787587,3908.40603128128,19.15
10-17-2024 04:50:00,106.349067256386,3909.44861266346,19.14
10-17-2024 04:55:00,105.354488624028,3907.01542034022,19.13
10-17-2024 05:00:00,106.349934105198,3905.57555799904,19.12
10-17-2024 05:05:00,106.847812212057,3904.23520483339,19.11
10-17-2024 05:10:00,106.350787112526,3897.63327431299,19.1
10-17-2024 05:15:00,105.459703444156,3895.46975298241,19.1
10-17-2024 05:20:00,105.460172158628,3889.16683200979,19.09
10-17-2024 05:25:00,104.863800166525,3891.30227002393,19.08
10-17-2024 05:30:00,103.276497279758,3886.45889778614,19.08
10-17-2024 05:35:00,105.166956849987,3884.02861339465,19.07
10-17-2024 05:40:00,105.764197212702,3883.68289953556,19.06
10-17-2024 05:45:00,105.86408684321,3884.32962435266,19.05
10-17-2024 05:50:00,106.560662099597,3884.1823871693,19.04
10-17-2024 05:55:00,106.167105352192,3880.43196212941,19.04
10-17-2024 06:00:00,105.968616818164,3881.97181014499,19.03
10-17-2024 06:05:00,104.378005966279,3879.64200454209,19.02
10-17-2024 06:10:00,105.674940786054,3874.00699275925,19.02
10-17-2024 06:15:00,105.078760709892,3870.58669526335,19.01
10-17-2024 06:20:00,105.079209294991,3872.52370765492,19
10-17-2024 06:25:00,103.691447275213,3867.88149691211,19
10-17-2024 06:30:00,107.370567583045,3868.23147178132,18.99
10-17-2024 06:35:00,105.680803884143,3866.59771040521,18.98
10-17-2024 06:40:00,103.796110019371,3863.84063502332,18.98
10-17-2024 06:45:00,105.088947241876,3861.71144287497,18.97
10-17-2024 06:50:00,105.089374143131,3856.50838401273,18.96
10-17-2024 06:55:00,106.385829745473,3858.31336853552,18.96
10-17-2024 07:00:00,105.292788093604,3855.09415856796,18.95
10-17-2024 07:05:00,104.597440754746,3857.13050238055,18.94
10-17-2024 07:10:00,104.899805233618,3854.96902878177,18.94
10-17-2024 07:15:00,105.695324941961,3853.73343608504,18.93
10-17-2024 07:20:00,105.898277091308,3853.35665592912,18.93
10-17-2024 07:25:00,106.494923486212,3850.53508070548,18.92
10-17-2024 07:30:00,105.004600529917,3849.89476508232,18.91
10-17-2024 07:35:00,106.201278989093,3844.858931431,18.91
10-17-2024 07:40:00,105.012927692409,3843.88730382451,18.91
10-17-2024 07:45:00,107.100098122827,3841.06686768961,18.9
10-17-2024 07:50:00,105.510532244318,3839.8326689116,18.89
10-17-2024 07:55:00,107.005152695571,3837.77086679281,18.89
10-17-2024 08:00:00,106.810569313325,3835.51079671235,18.89
10-17-2024 08:05:00,105.221100220592,3835.66453947034,18.88
10-17-2024 08:10:00,105.821392528401,3836.27860379215,18.88
10-17-2024 08:15:00,106.318483821808,3835.44127457772,18.87
10-17-2024 08:20:00,107.018087537891,3829.61395851334,18.87
10-17-2024 08:25:00,105.929327428861,3826.46219978048,18.87
10-17-2024 08:30:00,105.83409670817,3823.40949378221,18.87
10-17-2024 08:35:00,106.334982059611,3822.63595979287,18.87
10-17-2024 08:40:00,106.140390205509,3824.43888680441,18.87
10-17-2024 08:45:00,106.243854436383,3819.80050872757,18.87
10-17-2024 08:50:00,105.453134803611,3820.71148157113,18.87
10-17-2024 08:55:00,105.357884572022,3817.75765392325,18.87
10-17-2024 09:00:00,106.053636469089,3816.52530057038,18.86
10-17-2024 09:05:00,107.150555842154,3812.87802045858,18.86
10-17-2024 09:10:00,105.171463793231,3812.36428097607,18.87
10-17-2024 09:15:00,105.771671256287,3809.31118261331,18.87
10-17-2024 09:20:00,107.166701449579,3808.43815992883,18.87
10-17-2024 09:25:00,107.866254437327,3808.65515328546,18.87
10-17-2024 09:30:00,106.876796929015,3803.81819018283,18.87
10-17-2024 09:35:00,107.97768450283,3803.30336289843,18.88
10-17-2024 09:40:00,105.398418087515,3797.57397010139,18.88
10-17-2024 09:45:00,106.097995269034,3800.16929122,18.88
10-17-2024 09:50:00,106.006512216959,3794.50009722709,18.89
10-17-2024 09:55:00,105.811839084583,3790.65322951258,18.89
10-17-2024 10:00:00,106.415918640622,3793.90349161387,18.9
10-17-2024 10:05:00,105.823744772288,3788.17292955546,18.9
10-17-2024 10:10:00,104.937209929138,3786.3675840184,18.91
10-17-2024 10:15:00,105.438130977912,3788.0710620148,18.91
10-17-2024 10:20:00,106.936677195156,3786.76110457353,18.92
10-17-2024 10:25:00,106.046274160191,3783.21040789717,18.92
10-17-2024 10:30:00,105.55339428669,3781.64238703545,18.92
10-17-2024 10:35:00,105.610905220723,3783.10763962782,18.93
10-17-2024 10:40:00,105.668412252577,3780.01206405504,18.94
10-17-2024 10:45:00,105.67242950209,3774.08094608187,18.94
10-17-2024 10:50:00,105.978435005985,3769.99266364044,18.95
10-17-2024 10:55:00,106.578837466183,3766.24248148042,18.95
10-17-2024 11:00:00,104.996217880439,3764.92980120164,18.96
10-17-2024 11:05:00,105.99807838666,3762.62507618386,18.97
10-17-2024 11:10:00,106.697947658642,3763.43620787622,18.97
10-17-2024 11:15:00,107.302290843957,3757.16369654114,18.98
10-17-2024 11:20:00,106.315953209374,3755.65129577024,18.99
10-17-2024 11:25:00,106.327603653166,3748.54054104131,19.01
10-17-2024 11:30:00,105.539909139479,3742.66143770307,19.02
10-17-2024 11:35:00,106.446514002004,3736.04284219237,19.04
10-17-2024 11:40:00,105.765739064847,3734.04253119674,19.07
10-17-2024 11:45:00,105.578355388376,3729.20653848665,19.09
10-17-2024 11:50:00,105.589903895789,3727.5460636356,19.11
10-17-2024 11:55:00,105.999455753966,3720.02607828109,19.13
10-17-2024 12:00:00,105.211173143352,3718.11089315654,19.14
10-17-2024 12:05:00,108.005256083516,3715.50009180095,19.15
10-17-2024 12:10:00,105.620900146313,3712.83540351446,19.15
10-17-2024 12:15:00,104.932011112242,3714.296225042,19.16
10-17-2024 12:20:00,105.632583648518,3714.2137124839,19.16
10-17-2024 12:25:00,106.333152282615,3711.94596927576,19.16
10-17-2024 12:30:00,104.54575477105,3718.12095063473,19.16
10-17-2024 12:35:00,107.037648416094,3721.31608786947,19.16
10-17-2024 12:40:00,105.744036460707,3719.49102717209,19.15
10-17-2024 12:45:00,107.041626268145,3719.11036434724,19.15
10-17-2024 12:50:00,107.041673162631,3724.83320928119,19.14
10-17-2024 12:55:00,107.93722900708,3723.7032343431,19.13
10-17-2024 13:00:00,105.553107809158,3721.33648014103,19.13
10-17-2024 13:05:00,106.353026827172,3718.27456270835,19.13
10-17-2024 13:10:00,105.955116212071,3720.12398746403,19.12
10-17-2024 13:15:00,105.959016396197,3718.84955268651,19.12
10-17-2024 13:20:00,107.554843499198,3719.95815065797,19.12
10-17-2024 13:25:00,105.568822352647,3716.69773173416,19.12
10-17-2024 13:30:00,107.761615709184,3714.52951253909,19.12
10-17-2024 13:35:00,105.079117024063,3710.27605794607,19.12
10-17-2024 13:40:00,107.673791408525,3712.52976317008,19.13
10-17-2024 13:45:00,107.080659907427,3711.85076428745,19.13
10-17-2024 13:50:00,106.694226791838,3700.74975274871,19.15
10-17-2024 13:55:00,106.108651885987,3701.56522680364,19.17
10-17-2024 14:00:00,105.423402294096,3696.12176372141,19.19
10-17-2024 14:05:00,107.425760320547,3687.29798089632,19.21
10-17-2024 14:10:00,106.043585959234,3683.24161239394,19.23
10-17-2024 14:15:00,105.457648593379,3677.29526051695,19.25
10-17-2024 14:20:00,106.169950111311,3672.39077555699,19.28
10-17-2024 14:25:00,105.484250959209,3668.92601107139,19.3
10-17-2024 14:30:00,105.993707831427,3663.76929985034,19.32
10-17-2024 14:35:00,106.503276854028,3658.71029064715,19.34
10-17-2024 14:40:00,105.418834643558,3655.34080932801,19.36
10-17-2024 14:45:00,105.430224343253,3650.97511183525,19.38
10-17-2024 14:50:00,105.541267466816,3651.48428800513,19.4
10-17-2024 14:55:00,105.548876724456,3647.76537666663,19.41
10-17-2024 15:00:00,105.460597747154,3647.37807320853,19.43
10-17-2024 15:05:00,106.269451519561,3643.60555710307,19.45
10-17-2024 15:10:00,106.376781238028,3642.07470466632,19.46
10-17-2024 15:15:00,107.185870254875,3640.98893614761,19.48
10-17-2024 15:20:00,106.100596659711,3636.4167719172,19.5
10-17-2024 15:25:00,107.20900314174,3632.93878059279,19.52
10-17-2024 15:30:00,107.116951953796,3632.80055549319,19.53
10-17-2024 15:35:00,104.834446939408,3632.01116652222,19.55
10-17-2024 15:40:00,105.741684284915,3631.17513709261,19.56
10-17-2024 15:45:00,106.648917728242,3632.47799496886,19.58
10-17-2024 15:50:00,105.958198450998,3630.84426644201,19.59
10-17-2024 15:55:00,105.566705838122,3635.68928262574,19.6
10-17-2024 16:00:00,105.674043207763,3631.16449218034,19.61
10-17-2024 16:05:00,105.881170178004,3634.91352074378,19.62
10-17-2024 16:10:00,105.788954623547,3630.28808153771,19.63
10-17-2024 16:15:00,106.395275616635,3634.0374870115,19.64
10-17-2024 16:20:00,106.099652212842,3631.2595522484,19.64
10-17-2024 16:25:00,106.606218661816,3630.82102839979,19.65
10-17-2024 16:30:00,107.408357105802,3633.12840134799,19.65
10-17-2024 16:35:00,104.824825438931,3630.64167590575,19.67
10-17-2024 16:40:00,106.225909562356,3629.65806363772,19.67
10-17-2024 16:45:00,106.732553526653,3625.12957099349,19.68
10-17-2024 16:50:00,106.843827282808,3623.43873968123,19.7
10-17-2024 16:55:00,107.250752064942,3620.1056777216,19.71
10-17-2024 17:00:00,105.964269215799,3615.71929178392,19.73
10-17-2024 17:05:00,107.070157993884,3613.38253613547,19.74
10-17-2024 17:10:00,105.783423068087,3613.38529455152,19.76
10-17-2024 17:15:00,107.189086499523,3609.84983644372,19.77
10-17-2024 17:20:00,105.798450998545,3611.50451510938,19.78
10-17-2024 17:25:00,106.505114069831,3607.46902594341,19.79
10-17-2024 17:30:00,105.314040407919,3610.12201223644,19.8
10-17-2024 17:35:00,105.121732152636,3604.98728961244,19.81
10-17-2024 17:40:00,106.128154567331,3606.0426685102,19.82
10-17-2024 17:45:00,106.135666723338,3605.60019466829,19.83
10-17-2024 17:50:00,106.442899191703,3606.95525046941,19.84
10-17-2024 17:55:00,106.949990045475,3604.41516208768,19.85
10-17-2024 18:00:00,105.158988168638,3602.3740220735,19.86
10-17-2024 18:05:00,106.369367471677,3603.07326801229,19.88
10-17-2024 18:10:00,106.576747622728,3604.92789426461,19.89
10-17-2024 18:15:00,105.185068394969,3602.38628969674,19.9
10-17-2024 18:20:00,108.390841200097,3603.94122169479,19.91
10-17-2024 18:25:00,106.895276646191,3606.65169224536,19.91
10-17-2024 18:30:00,106.602936101909,3609.10637441607,19.92
10-17-2024 18:35:00,105.510880000575,3607.86346366628,19.93
10-17-2024 18:40:00,107.71363986054,3610.87403703388,19.93
10-17-2024 18:45:00,106.521610946287,3611.43015893607,19.94
10-17-2024 18:50:00,107.324973299901,3610.24290349048,19.94
10-17-2024 18:55:00,106.832643388446,3610.7988808218,19.95
10-17-2024 19:00:00,106.240275487526,3611.45483778374,19.96
10-17-2024 19:05:00,107.347541327976,3612.1108227902,19.97
10-17-2024 19:10:00,107.655022540176,3610.16725543079,19.98
10-17-2024 19:15:00,106.562615487988,3611.52303032364,19.99
10-17-2024 19:20:00,107.466178975992,3612.43477926436,19.99
10-17-2024 19:25:00,107.573689694231,3615.49070808018,20
10-17-2024 19:30:00,106.87729721489,3615.40242631423,20
10-17-2024 19:35:00,106.384737214345,3615.65847683336,20.01
10-17-2024 19:40:00,106.08831964965,3614.97003523943,20.01
10-17-2024 19:45:00,106.695804131725,3616.62615907876,20.02
10-17-2024 19:50:00,105.999315394375,3614.93739621909,20.02
10-17-2024 19:55:00,106.606821320474,3618.49397278044,20.03
10-17-2024 20:00:00,106.106499033045,3622.56151539817,20.02
10-17-2024 20:05:00,107.11407204839,3621.71752054398,20.03
10-17-2024 20:10:00,106.717579219667,3626.42997972341,20.03
10-17-2024 20:15:00,106.42109977175,3626.14118451366,20.03
10-17-2024 20:20:00,106.724720119573,3627.75280580924,20.03
10-17-2024 20:25:00,107.028336565217,3628.86426242945,20.03
10-17-2024 20:30:00,107.131914542707,3629.37553015843,20.03
10-17-2024 20:35:00,107.335505901005,3630.5869238024,20.03
10-17-2024 20:40:00,107.439076074137,3632.79851600894,20.03
10-17-2024 20:45:00,106.242417666265,3637.41064580012,20.03
10-17-2024 20:50:00,105.345807205172,3632.62045570417,20.03
10-17-2024 20:55:00,107.845862535156,3640.28714725474,20.02
10-17-2024 21:00:00,106.949296124637,3634.29707991827,20.02
10-17-2024 21:05:00,108.152967759812,3636.40827653679,20.02
10-17-2024 21:10:00,107.756451151571,3640.31972012615,20.02
10-17-2024 21:15:00,106.359815427877,3640.43050670044,20.02
10-17-2024 21:20:00,108.159609724576,3644.19551856959,20.01
10-17-2024 21:25:00,107.763104453778,3640.20589512703,20.01
10-17-2024 21:30:00,108.562707056839,3644.87058511503,20
10-17-2024 21:35:00,107.766217023009,3650.28121344772,20
10-17-2024 21:40:00,107.569723086999,3645.89179818435,20
10-17-2024 21:45:00,107.469331713078,3651.15554173149,19.99
10-17-2024 21:50:00,107.072853011382,3651.06606348406,19.99
10-17-2024 21:55:00,106.172580985662,3652.92947725943,19.98
10-17-2024 22:00:00,107.572011782328,3652.2931858191,19.97
10-17-2024 22:05:00,106.275722936609,3655.00294747196,19.97
10-17-2024 22:10:00,106.379188310508,3656.41298018258,19.97
10-17-2024 22:15:00,107.782425181038,3654.12386485034,19.97
10-17-2024 22:20:00,108.285813642519,3656.73351991917,19.97
10-17-2024 22:25:00,107.785461508418,3655.69698583452,19.96
10-17-2024 22:30:00,107.88890551592,3653.70784454144,19.96
10-17-2024 22:35:00,107.28862663586,3658.66918179278,19.95
10-17-2024 22:40:00,106.992172248819,3662.47779136264,19.95
10-17-2024 22:45:00,106.691868716328,3660.14151763121,19.94
10-17-2024 22:50:00,107.495043765324,3658.45241155784,19.94
10-17-2024 22:55:00,107.098629488861,3666.95832543865,19.94
10-17-2024 23:00:00,108.897479827252,3664.62181571992,19.93
10-17-2024 23:05:00,108.401121072938,3666.93047370338,19.93
10-17-2024 23:10:00,107.900844998364,3662.79527958105,19.92
10-17-2024 23:15:00,109.403586039301,3668.30161652026,19.92
10-17-2024 23:20:00,107.104206478976,3666.26508473204,19.91
10-17-2024 23:25:00,107.003821676675,3667.22645255148,19.9
10-17-2024 23:30:00,108.0066662243,3670.7334172223,19.9
10-17-2024 23:35:00,108.106101398705,3666.79865664599,19.89
10-17-2024 23:40:00,108.905038111396,3668.15939316892,19.88
10-17-2024 23:45:00,107.705375825517,3670.81853808643,19.87
10-17-2024 23:50:00,107.804800644226,3674.97555169307,19.86
10-17-2024 23:55:00,108.403778881702,3674.73720509783,19.85
10-18-2024 00:00:00,106.904618247654,3682.08908661525,19.84
10-18-2024 00:05:00,107.803278855663,3676.3577205818,19.83
10-18-2024 00:10:00,107.407059151108,3678.76398339177,19.83
10-18-2024 00:15:00,106.907081936981,3682.6193858297,19.82
10-18-2024 00:20:00,108.105300298505,3683.4787499386,19.81
10-18-2024 00:25:00,107.105908754722,3686.63425946422,19.8
10-18-2024 00:30:00,109.706290391107,3687.8417505358,19.8
10-18-2024 00:35:00,108.007702712465,3693.89171138188,19.79
10-18-2024 00:40:00,107.907281994991,3699.84086480641,19.78
10-18-2024 00:45:00,108.406075487364,3699.99979532841,19.77
10-18-2024 00:50:00,106.704008320887,3698.11269215065,19.75
10-18-2024 00:55:00,108.40098368503,3700.86627649794,19.74
10-18-2024 01:00:00,107.401952864549,3704.91658101606,19.73
10-18-2024 01:05:00,108.299974044396,3701.4831321166,19.72
10-18-2024 01:10:00,107.101390417642,3702.3401863132,19.71
10-18-2024 01:15:00,107.500181081045,3709.08284312856,19.7
10-18-2024 01:20:00,107.895019742043,3709.38973219796,19.68
10-18-2024 01:25:00,108.597062341749,3711.29397633988,19.68
10-18-2024 01:30:00,108.392895581095,3715.58952850463,19.66
10-18-2024 01:35:00,107.689807280337,3714.59907457673,19.64
10-18-2024 01:40:00,107.689237128987,3719.34288497702,19.63
10-18-2024 01:45:00,109.085605895016,3716.70854548168,19.62
10-18-2024 01:50:00,106.88987955274,3713.17744345975,19.61
10-18-2024 01:55:00,108.182440802613,3720.26110742806,19.59
10-18-2024 02:00:00,107.383759303365,3719.8200966392,19.58
10-18-2024 02:05:00,108.979236428823,3723.76393105328,19.57
10-18-2024 02:10:00,108.679329883695,3722.32622756188,19.56
10-18-2024 02:15:00,106.779757432254,3723.72669732963,19.54
10-18-2024 02:20:00,107.277862148229,3723.6840500968,19.53
10-18-2024 02:25:00,107.177560422427,3718.76030698964,19.52
10-18-2024 02:30:00,107.970833395767,3726.23642166798,19.5
10-18-2024 02:35:00,107.667205877151,3725.54442310842,19.48
10-18-2024 02:40:00,107.965682990159,3723.31101276831,19.47
10-18-2024 02:45:00,108.264122298801,3723.46753782033,19.46
10-18-2024 02:50:00,107.362450143098,3726.06139655529,19.44
10-18-2024 02:55:00,108.358575097114,3725.81949079969,19.43
10-18-2024 03:00:00,106.563905245185,3726.77202314567,19.42
10-18-2024 03:05:00,108.157922484699,3725.13671298188,19.41
10-18-2024 03:10:00,106.562774308118,3722.10840139392,19.4
10-18-2024 03:15:00,108.156601566857,3720.77223834913,19.39
10-18-2024 03:20:00,108.84949904495,3722.86765668882,19.37
10-18-2024 03:25:00,107.748948379186,3722.97286148766,19.35
10-18-2024 03:30:00,107.943649473228,3727.15600648549,19.33
10-18-2024 03:35:00,106.847277917709,3725.82019793304,19.32
10-18-2024 03:40:00,107.540034547154,3721.94740815064,19.3
10-18-2024 03:45:00,107.535520112729,3724.53833484074,19.28
10-18-2024 03:50:00,106.339894893764,3720.12142996565,19.27
10-18-2024 03:55:00,107.235490244092,3724.75120264128,19.26
10-18-2024 04:00:00,108.127079247168,3722.868315008,19.24
10-18-2024 04:05:00,107.230359260047,3721.73256742258,19.23
10-18-2024 04:10:00,107.325412796369,3721.73860968198,19.21
10-18-2024 04:15:00,107.719048186146,3722.73817860326,19.19
10-18-2024 04:20:00,108.713666502528,3719.91407444687,19.18
10-18-2024 04:25:00,106.619106277725,3720.31776442026,19.16
10-18-2024 04:30:00,106.91319305129,3721.11859081457,19.14
10-18-2024 04:35:00,108.50457056105,3721.57274256296,19.13
10-18-2024 04:40:00,108.698894176601,3721.57890912354,19.11
10-18-2024 04:45:00,108.097341494834,3718.110611991,19.09
10-18-2024 04:50:00,107.49592349762,3716.43004022445,19.07
10-18-2024 04:55:00,107.495232217603,3715.29636670921,19.06
10-18-2024 05:00:00,107.590130587795,3718.47900870533,19.04
10-18-2024 05:05:00,106.889494530612,3715.60851794782,19.02
10-18-2024 05:10:00,108.774125564655,3713.0365673421,19
10-18-2024 05:15:00,108.073508033852,3713.93688806312,18.98
10-18-2024 05:20:00,109.361138325997,3717.61363887236,18.96
10-18-2024 05:25:00,108.163641936668,3716.23249180948,18.94
10-18-2024 05:30:00,106.767653030485,3715.74403295944,18.92
10-18-2024 05:35:00,108.551833006491,3718.22935619124,18.9
10-18-2024 05:40:00,108.14581375353,3718.780722809,18.87
10-18-2024 05:45:00,109.337224203089,3715.36970100505,18.86
10-18-2024 05:50:00,109.133762559197,3717.85395911721,18.84
10-18-2024 05:55:00,106.943846119808,3717.66291374226,18.82
10-18-2024 06:00:00,108.627655831648,3714.30264337686,18.8
10-18-2024 06:05:00,107.733082883066,3712.97358714493,18.79
10-18-2024 06:10:00,107.625313782402,3714.61504707507,18.76
10-18-2024 06:15:00,107.624562377924,3713.5834062317,18.75
10-18-2024 06:20:00,108.215595604217,3712.10646389674,18.73
10-18-2024 06:25:00,107.420658731835,3713.45072816957,18.72
10-18-2024 06:30:00,109.401202052469,3710.68768557856,18.7
10-18-2024 06:35:00,108.006945117869,3711.88338719548,18.68
10-18-2024 06:40:00,107.009940050555,3713.27658951033,18.66
10-18-2024 06:45:00,107.30688886974,3710.95989090659,18.65
10-18-2024 06:50:00,107.401515822115,3710.07808537514,18.63
10-18-2024 06:55:00,107.896807209007,3709.24567077307,18.62
10-18-2024 07:00:00,108.388144154698,3707.37554945964,18.6
10-18-2024 07:05:00,109.280064877665,3705.45592039754,18.59
10-18-2024 07:10:00,108.386483251186,3701.36151192834,18.58
10-18-2024 07:15:00,108.580109873441,3702.55766787093,18.56
10-18-2024 07:20:00,107.881194574077,3701.9744251737,18.54
10-18-2024 07:25:00,107.682060452397,3700.45144554644,18.53
10-18-2024 07:30:00,109.168575861704,3698.23695984836,18.52
10-18-2024 07:35:00,107.775739231177,3699.43309686107,18.5
10-18-2024 07:40:00,106.486130992437,3695.44088692208,18.49
10-18-2024 07:45:00,107.278440127189,3698.75963124955,18.48
10-18-2024 07:50:00,107.277643879975,3694.86687011342,18.47
10-18-2024 07:55:00,107.372133896317,3694.68040161246,18.45
10-18-2024 08:00:00,109.353514340979,3694.54164670397,18.44
10-18-2024 08:05:00,107.770781557386,3691.68532324947,18.44
10-18-2024 08:10:00,109.355603715402,3690.85553790135,18.43
10-18-2024 08:15:00,109.651965729549,3687.35986706988,18.42
10-18-2024 08:20:00,109.254643053548,3691.86212554863,18.41
10-18-2024 08:25:00,108.758275356253,3687.57710760478,18.4
10-18-2024 08:30:00,108.559204238499,3689.61067470117,18.39
10-18-2024 08:35:00,107.571387507508,3686.26172215237,18.39
10-18-2024 08:40:00,108.759445284628,3680.7932694718,18.38
10-18-2024 08:45:00,108.560385968203,3681.93868875632,18.37
10-18-2024 08:50:00,107.473600757523,3678.78757489661,18.37
10-18-2024 08:55:00,106.584951350593,3677.41304747176,18.37
10-18-2024 09:00:00,107.277594245491,3673.62388883217,18.36
10-18-2024 09:05:00,107.974015110473,3674.91413278855,18.36
10-18-2024 09:10:00,108.175111073568,3669.59184806645,18.36
10-18-2024 09:15:00,107.880882134774,3673.74412523955,18.36
10-18-2024 09:20:00,109.171676492868,3668.61914093974,18.36
10-18-2024 09:25:00,107.688669350416,3667.8366405607,18.36
10-18-2024 09:30:00,107.988813904733,3664.58675140559,18.36
10-18-2024 09:35:00,108.18989035693,3666.27150901445,18.36
10-18-2024 09:40:00,107.007868592119,3664.25072547857,18.37
10-18-2024 09:45:00,107.708142305081,3660.84761042001,18.38
10-18-2024 09:50:00,107.215701117693,3661.34795872516,18.38
10-18-2024 09:55:00,107.816937188469,3655.96985741225,18.39
10-18-2024 10:00:00,107.724629940903,3653.35513027346,18.4
10-18-2024 10:05:00,106.542290732962,3650.93737658977,18.41
10-18-2024 10:10:00,108.427968428688,3651.63508754647,18.41
10-18-2024 10:15:00,106.750102935386,3650.50050108042,18.42
10-18-2024 10:20:00,107.846947619416,3646.69943840475,18.43
10-18-2024 10:25:00,107.358162224776,3643.39147741805,18.44
10-18-2024 10:30:00,107.56312248868,3642.25573428622,18.45
10-18-2024 10:35:00,106.677773571106,3638.4528771621,18.46
10-18-2024 10:40:00,108.865238298457,3633.95787520621,18.47
10-18-2024 10:45:00,108.570752464164,3633.3713725691,18.47
10-18-2024 10:50:00,108.181007835302,3634.30882355421,18.48
10-18-2024 10:55:00,108.290781232911,3629.95329375422,18.5
10-18-2024 11:00:00,107.90094521091,3623.97369807291,18.51
10-18-2024 11:05:00,107.213596250677,3621.05648443933,18.52
10-18-2024 11:10:00,107.521602965604,3620.94708434145,18.54
10-18-2024 11:15:00,108.61919684067,3619.11604004457,18.55
10-18-2024 11:20:00,106.150282619756,3611.19623002379,18.57
10-18-2024 11:25:00,105.569216665661,3608.75208454905,18.6
10-18-2024 11:30:00,107.96059717723,3609.03581073032,18.62
10-18-2024 11:35:00,107.177392502088,3603.87922726959,18.64
10-18-2024 11:40:00,107.783281208282,3600.50163194769,18.66
10-18-2024 11:45:00,106.702131810741,3598.50809314141,18.68
10-18-2024 11:50:00,107.407352390732,3593.05014627391,18.7
10-18-2024 12:00:01,106.833637880968,3590.87371789721,18.75
10-18-2024 12:10:01,106.958591083703,3588.33768216273,18.81
10-18-2024 12:20:01,107.179156974066,3580.90534141318,18.86
10-18-2024 12:30:01,107.300467517822,3578.52237908233,18.91
10-18-2024 12:40:01,108.014399091873,3573.02582793338,18.95
10-18-2024 12:50:01,107.038485264398,3568.0215409342,18.99
10-18-2024 13:00:01,106.853869290826,3563.37427541486,19.02
10-18-2024 13:10:01,106.569729213344,3560.80865857091,19.05
10-18-2024 13:20:01,107.27255615644,3563.03266170089,19.06
10-18-2024 13:30:01,107.975459409906,3560.29419099526,19.07
10-18-2024 13:40:01,106.394341842452,3554.9108677413,19.09
10-18-2024 13:50:01,106.902146766002,3558.26295705813,19.11
10-18-2024 14:00:01,107.11155942522,3551.6857318362,19.13
10-18-2024 14:10:01,107.810857139009,3547.91618270135,19.13
10-18-2024 14:20:01,107.813641299781,3543.4514703359,19.13
10-18-2024 14:30:01,107.32657997509,3536.37396219946,19.15
10-18-2024 14:40:01,105.939930789333,3532.93552716192,19.16
10-18-2024 14:50:01,105.1539722386,3528.33799515283,19.18
10-18-2024 15:00:01,108.644196118546,3525.09662159589,19.19
10-18-2024 15:10:01,107.655456895165,3527.3193719612,19.2
10-18-2024 15:20:01,107.761617299336,3524.97154336503,19.21
10-18-2024 15:30:01,107.278131088736,3517.02409165642,19.24
10-18-2024 15:40:01,107.790286440307,3508.07852999222,19.27
10-18-2024 15:50:01,105.916005374212,3500.1541250832,19.31
10-18-2024 16:00:01,108.225192550754,3496.5020195142,19.35
10-18-2024 16:10:01,107.841022097179,3489.93120893725,19.38
10-18-2024 16:20:01,107.36473169609,3482.12275672311,19.43
10-18-2024 16:30:01,107.087565045701,3478.39069015329,19.48
10-18-2024 16:40:01,106.507251333293,3474.22781439939,19.52
10-18-2024 16:50:01,108.416443220488,3470.23259569231,19.55
10-18-2024 17:00:01,107.440980777761,3467.48835740719,19.6
10-18-2024 17:10:01,106.161781088043,3465.41134900607,19.64
10-18-2024 17:20:01,106.079780104708,3463.73179931422,19.68
10-18-2024 17:30:01,108.094354818986,3457.56113948305,19.72
10-18-2024 17:40:01,107.011999769587,3457.07531159909,19.76
10-18-2024 17:50:01,105.929640818009,3454.76440186876,19.79
10-18-2024 18:00:01,106.84269999449,3455.24817236742,19.82
10-18-2024 18:10:01,105.957623475376,3456.03167304003,19.85
10-18-2024 18:20:01,108.170095212398,3455.01715307416,19.88
10-18-2024 18:30:01,105.785709756378,3453.20258177399,19.91
10-18-2024 18:40:01,107.895061713764,3452.85897350331,19.93
10-18-2024 18:50:01,105.506190632678,3454.71425844144,19.95
10-18-2024 19:00:01,107.012262071898,3456.24256729823,19.96
10-18-2024 19:10:01,107.818623709399,3462.76983647953,19.97
10-18-2024 19:20:01,107.921273527769,3466.27024932784,19.97
10-18-2024 19:30:01,107.024092214105,3467.97105425463,19.97
10-18-2024 19:40:01,107.922715336843,3471.74258281711,19.96
10-18-2024 19:50:01,107.721548080873,3471.91494376685,19.95
10-18-2024 20:00:01,108.320124010499,3470.18818528844,19.94
10-18-2024 20:10:01,107.815197623469,3472.13090734384,19.92
10-18-2024 20:20:01,107.610211511457,3473.97310466152,19.9
10-18-2024 20:30:01,106.409750840966,3475.54394842986,19.89
10-18-2024 20:40:01,107.799887528826,3480.95205678602,19.86
10-18-2024 20:50:01,107.687145698056,3485.22944506428,19.82
10-18-2024 21:00:01,107.778066839369,3481.74734313541,19.79
10-18-2024 21:10:01,107.073883795628,3488.17769416713,19.77
10-18-2024 21:20:01,107.212859646386,3486.86203923736,19.73
10-18-2024 21:30:01,107.351831594965,3492.95904060919,19.7
10-18-2024 21:40:01,107.542546137181,3490.37625838473,19.67
10-18-2024 21:50:01,109.325929003988,3494.84391219175,19.63
10-18-2024 22:00:01,107.221507652367,3495.95034682817,19.6
10-18-2024 22:10:01,106.71005588413,3499.21809343154,19.56
10-18-2024 22:20:01,108.392770646703,3500.9896118261,19.52
10-18-2024 22:30:01,106.88807341426,3498.90689427184,19.49
10-18-2024 22:40:01,108.374589317651,3500.9074443453,19.46
10-18-2024 22:50:01,107.468444046101,3503.10616738446,19.43
10-18-2024 23:00:01,107.057070516684,3506.96459272385,19.39
10-18-2024 23:10:01,107.646000925125,3508.56382599112,19.36
10-18-2024 23:20:01,107.73664774872,3515.43383943767,19.33
10-18-2024 23:30:01,108.022589151024,3516.60081679326,19.29
10-18-2024 23:40:01,107.814402189196,3522.86872155641,19.26
10-18-2024 23:50:01,108.299310844989,3528.10716594245,19.22
10-19-2024 00:00:01,108.584934577261,3535.22984491259,19.18
10-19-2024 00:10:01,108.472396286655,3537.87905744843,19.14
10-19-2024 00:20:01,108.463279256891,3543.04241687687,19.11
10-19-2024 00:30:01,107.555070975648,3547.2758752267,19.07
10-19-2024 00:40:01,109.531163281813,3555.57486100602,19.03
10-19-2024 00:50:01,109.020807412128,3557.42116786038,18.99
10-19-2024 01:00:01,107.019700023494,3559.46469658743,18.95
10-19-2024 01:10:01,108.29504325561,3567.91467900643,18.9
10-19-2024 01:20:01,107.387951339112,3576.09704612802,18.86
10-19-2024 01:30:01,107.570016055599,3577.40300450889,18.81
10-19-2024 01:40:01,108.744882439214,3581.18326616701,18.76
10-19-2024 01:50:01,107.639869578543,3583.21591657183,18.72
10-19-2024 02:00:01,107.623229577044,3581.45082379165,18.67
10-19-2024 02:10:01,107.011328286265,3587.10465078826,18.62
10-19-2024 02:20:01,107.490787641037,3589.98602634943,18.57
10-19-2024 02:30:01,107.672506511699,3589.20888923585,18.52
10-19-2024 02:40:01,108.548004082394,3588.23492623147,18.47
10-19-2024 02:50:01,108.931406399072,3593.32242692934,18.43
10-19-2024 03:00:01,108.224738132242,3591.59526843243,18.39
10-19-2024 03:10:01,108.30699791284,3595.16086913556,18.34
10-19-2024 03:20:01,108.290183641577,3599.11830176246,18.29
10-19-2024 03:30:01,107.29101132268,3593.97755432904,18.26
10-19-2024 03:40:01,107.674227558884,3601.22400507081,18.22
10-19-2024 03:50:01,107.261769572049,3603.89446605837,18.17
10-19-2024 04:00:01,107.743724879224,3600.88737226874,18.13
10-19-2024 04:10:01,107.236339620943,3602.80637466074,18.09
10-19-2024 04:20:01,106.634050773863,3599.83934107196,18.06
10-19-2024 04:30:01,107.606388717792,3605.65677529516,18.01
10-19-2024 04:40:01,106.50630763516,3605.60491882735,17.97
10-19-2024 04:50:01,108.074911386477,3605.65153486643,17.93
10-19-2024 05:00:01,108.065845241868,3600.52452062558,17.9
10-19-2024 05:10:01,108.049112648567,3598.077951575,17.85
10-19-2024 05:20:01,108.533848630324,3604.15903702,17.82
10-19-2024 05:30:01,107.237256348765,3604.40285005941,17.78
10-19-2024 05:40:01,107.421975582484,3603.36987578957,17.74
10-19-2024 05:50:01,106.520990274981,3605.77385879586,17.7
10-19-2024 06:00:01,108.777854542733,3606.60605481159,17.66
10-19-2024 06:10:01,108.567498633635,3599.58856304248,17.62
10-19-2024 06:20:01,107.864109303548,3606.50359162832,17.58
10-19-2024 06:30:01,108.738682155184,3604.68757000962,17.54
10-19-2024 06:40:01,107.637445508979,3604.20749375382,17.49
10-19-2024 06:50:01,108.314512605639,3598.86625892651,17.45
10-19-2024 07:00:01,108.199198531021,3600.93560323978,17.4
10-19-2024 07:10:01,108.974289048885,3603.62832493225,17.36
10-19-2024 07:20:01,107.771821727708,3604.18891946998,17.3
10-19-2024 07:30:01,107.660547769324,3600.4214627873,17.26
10-19-2024 07:40:01,108.041441240435,3596.94988375145,17.22
10-19-2024 07:50:01,109.107094642407,3602.24307825665,17.17
10-19-2024 08:00:01,108.89721790894,3597.0143130158,17.13
10-19-2024 08:10:01,108.392379048611,3597.35814149004,17.09
10-19-2024 08:20:01,108.776582871669,3596.07803339999,17.06
10-19-2024 08:30:01,106.509790721584,3589.75644590423,17.04
10-19-2024 08:40:01,106.996258262774,3590.27248291508,17.02
10-19-2024 08:50:01,107.380537384979,3593.68104376239,16.99
10-19-2024 09:00:01,107.379111409621,3589.93743342076,16.98
10-19-2024 09:10:01,108.163959219521,3585.70633465015,16.97
10-19-2024 09:20:01,108.064202690204,3586.16095226195,16.96
10-19-2024 09:30:01,107.972064626887,3583.07538233108,16.97
10-19-2024 09:40:01,108.269250107417,3582.98000519511,16.97
10-19-2024 09:50:01,107.292498238302,3579.89380772066,16.98
10-19-2024 10:00:01,109.370571100169,3575.70528886148,17.01
10-19-2024 10:10:01,107.021029485222,3573.2379637105,17.03
10-19-2024 10:20:01,106.932522531949,3569.30463420702,17.05
10-19-2024 10:30:01,108.031696217712,3563.38625664254,17.09
10-19-2024 10:40:01,109.1274893794,3564.36928343969,17.12
10-19-2024 10:50:01,107.567257785675,3557.63024966715,17.15
10-19-2024 11:00:01,109.056941824417,3551.08343832014,17.18
10-19-2024 11:10:01,107.897442626756,3548.11945057502,17.23
10-19-2024 11:20:01,106.142828624806,3552.4588204275,17.27
10-19-2024 11:30:01,108.231733674595,3543.03260612815,17.32
10-19-2024 11:40:01,108.359333744359,3543.45549679373,17.39
10-19-2024 11:50:01,106.906346520311,3539.43700020201,17.45
10-19-2024 12:00:01,107.427869168254,3542.30877436634,17.52
10-19-2024 12:10:01,108.43911144918,3532.89047551446,17.58
10-19-2024 12:20:01,106.984566105124,3530.43030207627,17.64
10-19-2024 12:30:01,106.026194342663,3533.39883494873,17.71
10-19-2024 12:40:01,109.004911910555,3524.09633746631,17.75
10-19-2024 12:50:01,106.945322238796,3519.57151621281,17.78
10-19-2024 13:00:01,107.156373271199,3521.23499675009,17.81
10-19-2024 13:10:01,107.952477065981,3521.46206332109,17.82
10-19-2024 13:20:01,107.962364109816,3519.26245198174,17.84
10-19-2024 13:30:01,107.280772407562,3511.26219875297,17.86
10-19-2024 13:40:01,106.20384670282,3509.6499664659,17.88
10-19-2024 13:50:01,107.20535238042,3502.85444137896,17.91
10-19-2024 14:00:01,107.906893756918,3503.79728790942,17.93
10-19-2024 14:10:01,107.814112186945,3503.92427944012,17.94
10-19-2024 14:20:01,107.322197663127,3507.85838212518,17.94
10-19-2024 14:30:01,107.624701262198,3503.16531610479,17.95
10-19-2024 14:40:01,108.61910539803,3499.35685359278,17.96
10-19-2024 14:50:01,106.743382408556,3495.71612948583,17.96
10-19-2024 15:00:01,108.034317502865,3492.79213296524,17.97
10-19-2024 15:10:01,107.249548345222,3488.58844925242,17.98
10-19-2024 15:20:01,106.662396645183,3486.0568881248,17.99
10-19-2024 15:30:01,105.386822387973,3482.37115365335,18.01
10-19-2024 15:40:01,109.655961675757,3473.02789073756,18.05
10-19-2024 15:50:01,105.230140462092,3465.8969682095,18.11
10-19-2024 16:00:01,106.537042644934,3457.35414081284,18.16
10-19-2024 16:10:01,106.961409392896,3459.69852789267,18.23
10-19-2024 16:20:01,107.885085343163,3455.65833641934,18.31
10-19-2024 16:30:01,107.715889410942,3450.89695354339,18.38
10-19-2024 16:40:01,106.357171404073,3446.82134799648,18.45
10-19-2024 16:50:01,106.583836965747,3444.81614463393,18.52
10-19-2024 17:00:01,106.310965910216,3440.01608988176,18.58
10-19-2024 17:10:01,107.923134176569,3433.9253191828,18.64
10-19-2024 17:20:01,108.242212261475,3431.86272412238,18.69
10-19-2024 17:30:01,106.178760414534,3427.12545935123,18.74
10-19-2024 17:40:01,106.898521080732,3426.56634563397,18.8
10-19-2024 17:50:01,107.022684763658,3425.4119339005,18.86
10-19-2024 18:00:01,106.940599330415,3424.60755130766,18.9
10-19-2024 18:10:01,105.268181097689,3418.74574160502,18.94
10-19-2024 18:20:01,105.178280641652,3418.29098334057,18.96
10-19-2024 18:30:01,106.38451389728,3418.45313391612,18.99
10-19-2024 18:40:01,108.382799527238,3420.08127437502,19.01
10-19-2024 18:50:01,105.703938861541,3422.18361133074,19.02
10-19-2024 19:00:01,106.505320612817,3422.89708407307,19.03
10-19-2024 19:10:01,106.312289223002,3426.38907085575,19.04
10-19-2024 19:20:01,105.117313497351,3427.55359664569,19.03
10-19-2024 19:30:01,105.513490015031,3434.77005965196,19.02
10-19-2024 19:40:01,106.108483477069,3432.16382193491,19.01
10-19-2024 19:50:01,105.904262933868,3433.70120804111,18.99
10-19-2024 20:00:01,105.596970076316,3438.28906121343,18.96
10-19-2024 20:10:01,107.181936448145,3438.83338674983,18.94
10-19-2024 20:20:01,105.578913738074,3438.9339819844,18.9
10-19-2024 20:30:01,106.464065400303,3441.53550062261,18.87
10-19-2024 20:40:01,107.245777164702,3444.01287311659,18.83
10-19-2024 20:50:01,105.743047386402,3448.56843492599,18.79
10-19-2024 21:00:01,106.524560540481,3447.18108633346,18.75
10-19-2024 21:10:01,106.118292903767,3448.19411549762,18.72
10-19-2024 21:20:01,106.796389152206,3453.01690316853,18.67
10-19-2024 21:30:01,106.287294930021,3455.98159086775,18.63
10-19-2024 21:40:01,107.270138007738,3455.60737870884,18.6
10-19-2024 21:50:01,106.856543023308,3460.42288121769,18.55
10-19-2024 22:00:01,106.549821899767,3458.86213816665,18.52
10-19-2024 22:10:01,107.131660922997,3463.698698768,18.48
10-19-2024 22:20:01,107.31679348266,3465.5695539701,18.44
10-19-2024 22:30:01,106.217436975709,3466.37872233608,18.41
10-19-2024 22:40:01,107.694416859571,3467.68110078981,18.38
10-19-2024 22:50:01,107.090658397737,3469.47633578876,18.35
10-19-2024 23:00:01,106.388061791077,3473.83598400282,18.32
10-19-2024 23:10:01,105.883751716049,3473.45893598704,18.29
10-19-2024 23:20:01,107.755795912774,3478.40734128082,18.26
10-19-2024 23:30:01,107.651185551181,3479.73187818362,18.24
10-19-2024 23:40:01,107.550394015896,3481.37821555281,18.23
10-19-2024 23:50:01,106.650235345708,3485.43535606448,18.2
10-20-2024 00:00:01,106.838907371582,3494.31929898516,18.17
10-20-2024 00:10:01,107.130224055094,3497.01985136819,18.15
10-20-2024 00:20:01,106.329466511369,3499.10070223654,18.12
10-20-2024 00:30:01,106.518097593528,3502.65783999922,18.09
10-20-2024 00:40:01,108.78345406456,3506.50870629458,18.06
10-20-2024 00:50:01,106.697400684198,3511.53900689414,18.03
10-20-2024 01:00:01,107.570302636595,3517.09918911707,17.98
10-20-2024 01:10:01,107.663523809891,3517.43113645477,17.96
10-20-2024 01:20:01,108.444669645376,3527.37285226287,17.93
10-20-2024 01:30:01,107.937270104641,3535.41104178804,17.89
10-20-2024 01:40:01,107.923982247557,3537.74312609207,17.85
10-20-2024 01:50:01,107.318171781057,3542.0390772083,17.81
10-20-2024 02:00:01,106.412716068,3544.82772677797,17.76
10-20-2024 02:10:01,108.863508806882,3548.39976024062,17.71
10-20-2024 02:20:01,106.580471187655,3550.23397819748,17.67
10-20-2024 02:30:01,107.254299389893,3554.68456903655,17.62
10-20-2024 02:40:01,107.434643819888,3556.09136864693,17.57
10-20-2024 02:50:01,106.727558286794,3556.22267154596,17.52
10-20-2024 03:00:01,108.287835365492,3560.76394099764,17.47
10-20-2024 03:10:01,106.497010923102,3562.36291714623,17.42
10-20-2024 03:20:01,108.946888901633,3562.13254620625,17.38
10-20-2024 03:30:01,109.224978943269,3564.70895480867,17.33
10-20-2024 03:40:01,108.719090661151,3564.86961754272,17.29
10-20-2024 03:50:01,108.512580230344,3565.16056860622,17.26
10-20-2024 04:00:01,108.597591817689,3565.41894676093,17.22
10-20-2024 04:10:01,107.11188372456,3567.37202197537,17.19
10-20-2024 04:20:01,108.082637128237,3567.53194866123,17.15
10-20-2024 04:30:01,107.581281320586,3565.67213941306,17.12
10-20-2024 04:40:01,106.781311023645,3568.6658909528,17.08
10-20-2024 04:50:01,108.83692763448,3569.34649221179,17.05
10-20-2024 05:00:01,108.040780460744,3566.80431575504,17.02
10-20-2024 05:10:01,108.817633073866,3567.97327269959,16.99
10-20-2024 05:20:01,108.01795899837,3565.59562144058,16.95
10-20-2024 05:30:01,107.717452090347,3567.18703451308,16.93
10-20-2024 05:40:01,107.707988345463,3568.74545198662,16.9
10-20-2024 05:50:01,107.40383739927,3570.40071697427,16.87
10-20-2024 06:00:01,108.183923026065,3567.99209312429,16.85
10-20-2024 06:10:01,108.272575757525,3568.76948233983,16.82
10-20-2024 06:20:01,107.281164467889,3572.17837512248,16.79
10-20-2024 06:30:01,107.958941414985,3571.68762866431,16.76
10-20-2024 06:40:01,107.654972169767,3569.73572634751,16.73
10-20-2024 06:50:01,107.939910677251,3567.78479156972,16.7
10-20-2024 07:00:01,108.032300857892,3567.23039607688,16.68
10-20-2024 07:10:01,108.415195153422,3568.98087011755,16.65
10-20-2024 07:20:01,106.639969774648,3565.18191426118,16.62
10-20-2024 07:30:01,108.788289854906,3570.04643822831,16.59
10-20-2024 07:40:01,107.699995694556,3569.65457630987,16.56
10-20-2024 07:50:01,108.282552807428,3569.9761927105,16.54
10-20-2024 08:00:01,107.492486106176,3568.5468943324,16.52
10-20-2024 08:10:01,108.859118812101,3567.40982047781,16.5
10-20-2024 08:20:01,108.465016679174,3570.09766205488,16.49
10-20-2024 08:30:01,108.455393407154,3571.94237247364,16.46
10-20-2024 08:40:01,107.767407327086,3571.22649512695,16.45
10-20-2024 08:50:01,108.259177303217,3569.57081378045,16.45
10-20-2024 09:00:01,106.787308484299,3568.85513649087,16.44
10-20-2024 09:10:01,108.157170371057,3566.48716322668,16.43
10-20-2024 09:20:01,108.158947769502,3567.84483115216,16.43
10-20-2024 09:30:01,104.829227439614,3569.29965516832,16.43
10-20-2024 09:40:01,108.264269919763,3561.74634378916,16.44
10-20-2024 09:50:01,108.661814684267,3561.67732387919,16.45
10-20-2024 10:00:01,107.397116667838,3556.09754662371,16.47
10-20-2024 10:10:01,106.71653101892,3552.52734336987,16.48
10-20-2024 10:20:01,107.509891240322,3551.41826592853,16.5
10-20-2024 10:30:01,107.526654537737,3546.47845823127,16.54
10-20-2024 10:40:01,106.657101709481,3542.47861235151,16.57
10-20-2024 10:50:01,108.043071624288,3541.10464369013,16.6
10-20-2024 11:00:01,106.980835791577,3536.44933280851,16.64
10-20-2024 11:10:01,106.997474175332,3540.45870094444,16.68
10-20-2024 11:20:01,107.704903217777,3535.0498632232,16.73
10-20-2024 11:30:01,106.25647508981,3534.63667665778,16.79
10-20-2024 11:40:01,106.775134783704,3535.03234438733,16.86
10-20-2024 11:50:01,106.413537186336,3533.99368056316,16.94
10-20-2024 12:00:01,107.817451308864,3534.97480195681,17.01
10-20-2024 12:10:01,108.046116833696,3533.83661477733,17.09
10-20-2024 12:20:01,106.897439346937,3532.50117230199,17.17
10-20-2024 12:30:01,106.629963341614,3520.96134295906,17.24
10-20-2024 12:40:01,107.638658666843,3516.52554032363,17.3
10-20-2024 12:50:01,105.981112876489,3513.69459062686,17.34
10-20-2024 13:00:01,106.785642868653,3511.64512267606,17.38
10-20-2024 13:10:01,107.681508906969,3512.5759237573,17.4
10-20-2024 13:20:01,106.216414584587,3512.35888006508,17.43
10-20-2024 13:30:01,107.408118989872,3513.48590672522,17.45
10-20-2024 13:40:01,107.610676322998,3510.46990127638,17.46
10-20-2024 13:50:01,106.342207364762,3506.91940045755,17.49
10-20-2024 14:00:01,107.530546220934,3506.45032617619,17.5
10-20-2024 14:10:01,105.560601623365,3508.0126471488,17.5
10-20-2024 14:20:01,105.960267171101,3505.68091705092,17.51
10-20-2024 14:30:01,107.546847551503,3503.86566794667,17.53
10-20-2024 14:40:01,107.358832235603,3498.32341556113,17.55
10-20-2024 14:50:01,106.772560585381,3499.02988217186,17.56
10-20-2024 15:00:01,106.383457520688,3494.24409143213,17.57
10-20-2024 15:10:01,106.293885493617,3495.95710505198,17.59
10-20-2024 15:20:01,106.306635757134,3490.53431305663,17.62
10-20-2024 15:30:01,106.122056952688,3485.69764354884,17.65
10-20-2024 15:40:01,106.332135948,3479.18978455865,17.68
10-20-2024 15:50:01,106.940817422659,3472.50649617427,17.72
10-20-2024 16:00:01,104.884163894653,3467.78329419748,17.76
10-20-2024 16:10:01,106.579018846517,3461.976121017,17.8
10-20-2024 16:20:01,104.517730257439,3454.27494795275,17.83
10-20-2024 16:30:01,107.299835594334,3451.90080505763,17.87
10-20-2024 16:40:01,108.011990479761,3448.36711158662,17.92
10-20-2024 16:50:01,106.747661326281,3441.28844343618,17.97
10-20-2024 17:00:01,105.391055850098,3438.18384389844,18.04
10-20-2024 17:10:01,106.209670853821,3443.44783838352,18.11
10-20-2024 17:20:01,106.534121187269,3432.5548265244,18.18
10-20-2024 17:30:01,107.746044628586,3426.36213029116,18.24
10-20-2024 17:40:01,105.294671712551,3421.74164059644,18.3
10-20-2024 17:50:01,105.615412876393,3418.3008362305,18.36
10-20-2024 18:00:01,103.954406198611,3416.63385525085,18.42
10-20-2024 18:10:01,104.274897992962,3411.21110260146,18.48
10-20-2024 18:20:01,104.39004551944,3412.86040026235,18.52
10-20-2024 18:30:01,105.497014882385,3405.91052590024,18.56
10-20-2024 18:40:01,106.604485639792,3402.41694942018,18.6
10-20-2024 18:50:01,104.640183067935,3402.69822933943,18.65
10-20-2024 19:00:01,105.545833955457,3397.30258252692,18.68
10-20-2024 19:10:01,104.264408091159,3401.78277396126,18.7
10-20-2024 19:20:01,106.059996488179,3403.78985290557,18.72
10-20-2024 19:30:01,106.458608317807,3408.63041247653,18.72
10-20-2024 19:40:01,106.166057422661,3407.84805756661,18.73
10-20-2024 19:50:01,105.17118983381,3410.19523755048,18.72
10-20-2024 20:00:01,105.669058072934,3413.4520247177,18.72
10-20-2024 20:10:01,104.372865929837,3415.77908848752,18.7
10-20-2024 20:20:01,106.852048482945,3416.0470006827,18.69
10-20-2024 20:30:01,104.861257970327,3414.31664919853,18.67
10-20-2024 20:40:01,105.744850734043,3417.01888620228,18.64
10-20-2024 20:50:01,107.322577205127,3416.35759161899,18.61
10-20-2024 21:00:01,105.824909267014,3418.76153846843,18.58
10-20-2024 21:10:01,105.716155298563,3419.97826066598,18.55
10-20-2024 21:20:01,106.99560137085,3421.49090633334,18.52
10-20-2024 21:30:01,105.887907392607,3423.06193963384,18.47
10-20-2024 21:40:01,104.788106510386,3421.80781781971,18.44
10-20-2024 21:50:01,105.564083970207,3422.88431916839,18.39
10-20-2024 22:00:01,107.040503149413,3423.60503750012,18.36
10-20-2024 22:10:01,104.851665488804,3423.14141492979,18.33
10-20-2024 22:20:01,106.224953120155,3425.32157930674,18.29
10-20-2024 22:30:01,107.003598670004,3425.2324611895,18.25
10-20-2024 22:40:01,105.509025947313,3428.219459978,18.22
10-20-2024 22:50:01,105.59477960345,3429.11513164473,18.18
10-20-2024 23:00:01,106.772569449843,3428.65113324541,18.15
10-20-2024 23:10:01,105.674592633353,3430.25601787369,18.12
10-20-2024 23:20:01,107.738373364873,3431.8398471999,18.08
10-20-2024 23:30:01,107.233998223407,3435.21529900309,18.05
10-20-2024 23:40:01,107.319259490748,3439.84781154482,18.01
10-20-2024 23:50:01,106.914000091444,3443.80996196969,17.98
10-21-2024 00:00:01,104.825091882215,3441.551773972,17.94
10-21-2024 00:10:01,105.009643187018,3448.04678015206,17.9
10-21-2024 00:20:01,105.885583817903,3452.3750882301,17.86
10-21-2024 00:30:01,106.069803325166,3452.86815048695,17.82
10-21-2024 00:40:01,106.352673185602,3461.51489449934,17.78
10-21-2024 00:50:01,105.750647460783,3463.30425149961,17.75
10-21-2024 01:00:01,106.921753922828,3466.83738118155,17.71
10-21-2024 01:10:01,106.707141120033,3472.99515065911,17.66
10-21-2024 01:20:01,107.384186557134,3474.75677843785,17.62
10-21-2024 01:30:01,107.070926203816,3476.88607677944,17.57
10-21-2024 01:40:01,106.462065724972,3481.26866677446,17.52
10-21-2024 01:50:01,107.824820834583,3483.09991739279,17.47
10-21-2024 02:00:01,106.522628345763,3487.15854933878,17.41
10-21-2024 02:10:01,105.918138885604,3490.18564923861,17.37
10-21-2024 02:20:01,107.969237911532,3492.89246764585,17.32
10-21-2024 02:30:01,107.360970343222,3492.36838809774,17.27
10-21-2024 02:40:01,107.04831636337,3494.48558173286,17.22
10-21-2024 02:50:01,107.424608916798,3496.79674304512,17.17
10-21-2024 03:00:01,107.407212376224,3496.85842676154,17.12
10-21-2024 03:10:01,105.914717611264,3498.19013679988,17.07
10-21-2024 03:20:01,107.864001888509,3500.8880234604,17.02
10-21-2024 03:30:01,106.175647174546,3501.72923834484,16.97
10-21-2024 03:40:01,106.850124060384,3502.10731921257,16.93
10-21-2024 03:50:01,106.931132540446,3497.87536207682,16.88
10-21-2024 04:00:01,105.739053392746,3502.93518863926,16.84
10-21-2024 04:10:01,106.216743020576,3506.23721755492,16.8
10-21-2024 04:20:01,108.264900471165,3505.05445324093,16.76
10-21-2024 04:30:01,107.37149558687,3508.96413862255,16.73
10-21-2024 04:40:01,106.1803142993,3508.9500800674,16.69
10-21-2024 04:50:01,108.325303789701,3505.82033700666,16.65
10-21-2024 05:00:01,106.157259816667,3504.66469741659,16.62
10-21-2024 05:10:01,106.245641780264,3510.22485276805,16.59
10-21-2024 05:20:01,107.314560917566,3515.1013403519,16.56
10-21-2024 05:30:01,107.889147598992,3513.62667098021,16.52
10-21-2024 05:40:01,106.996992972679,3515.09619051323,16.49
10-21-2024 05:50:01,107.375425276015,3515.95562277863,16.45
10-21-2024 06:00:01,107.855417382783,3514.70251212215,16.42
10-21-2024 06:10:01,107.155967608988,3520.22548343205,16.38
10-21-2024 06:20:01,108.223445797326,3519.06929718831,16.35
10-21-2024 06:30:01,107.91585760817,3516.13958077933,16.31
10-21-2024 06:40:01,107.909614404081,3520.83659522347,16.29
10-21-2024 06:50:01,106.427566219878,3524.1198275372,16.25
10-21-2024 07:00:01,107.39650238295,3516.85058287092,16.22
10-21-2024 07:10:01,106.408056065778,3515.01775114813,16.19
10-21-2024 07:20:01,107.27882493949,3515.2227033067,16.16
10-21-2024 07:30:01,106.486364695478,3514.36091632073,16.13
10-21-2024 07:40:01,107.552424965957,3514.75991087274,16.1
10-21-2024 07:50:01,106.369033635062,3514.38335373732,16.07
10-21-2024 08:00:01,105.678516852208,3508.02422493787,16.05
10-21-2024 08:10:01,106.845675621856,3509.03117015817,16.03
10-21-2024 08:20:01,107.820809614228,3501.14944442833,16.02
10-21-2024 08:30:01,107.325808584957,3501.96349670277,16
10-21-2024 08:40:01,106.73686522356,3498.24936788009,15.99
10-21-2024 08:50:01,106.147984409431,3497.24782336115,15.98
10-21-2024 09:00:01,106.833365878877,3492.68687233092,15.98
10-21-2024 09:10:01,106.54137461686,3489.86931805873,15.98
10-21-2024 09:20:01,107.331925029696,3486.80799364615,16
10-21-2024 09:30:01,106.355657725649,3482.43991565465,16
10-21-2024 09:40:01,106.653791106072,3483.13229784181,16.01
10-21-2024 09:50:01,106.666043475156,3480.38251449823,16.04
10-21-2024 10:00:01,105.794582866573,3475.76719814643,16.06
10-21-2024 10:10:01,107.175849166838,3472.52965865022,16.09
10-21-2024 10:20:01,106.112228715063,3471.32671078837,16.12
10-21-2024 10:30:01,107.200515578738,3466.24360075968,16.15
10-21-2024 10:40:01,105.748777166697,3464.96297551767,16.19
10-21-2024 10:50:01,105.960248332348,3462.32272449355,16.23
10-21-2024 11:00:01,105.584430206943,3455.02092264386,16.27
10-21-2024 11:10:01,106.08970722862,3454.90039652301,16.31
10-21-2024 11:20:01,104.349684672797,3453.75256219617,16.37
10-21-2024 11:30:01,106.037957891515,3457.56061422284,16.43
10-21-2024 11:40:01,107.139260397609,3452.23096239502,16.49
10-21-2024 11:50:01,107.064686360555,3449.42564471632,16.55
10-21-2024 12:00:01,106.993770077932,3449.16858113906,16.62
10-21-2024 12:10:01,106.137759986542,3444.23586868296,16.69
10-21-2024 12:20:01,106.753586699756,3442.22103709614,16.76
10-21-2024 12:30:01,105.893138805409,3438.9166306011,16.82
10-21-2024 12:40:01,106.014448054301,3431.60958122275,16.88
10-21-2024 12:50:01,106.525213807141,3430.71747667916,16.93
10-21-2024 13:00:01,106.147979683979,3428.24387271236,16.97
10-21-2024 13:10:01,104.787501071308,3426.54970116729,17.01
10-21-2024 13:20:01,105.586001795817,3422.78490730762,17.04
10-21-2024 13:30:01,105.995073824952,3419.03612039541,17.08
10-21-2024 13:40:01,106.502695059367,3415.28480861077,17.12
10-21-2024 13:50:01,104.350424767421,3414.05520670974,17.15
10-21-2024 14:00:01,105.834620502303,3411.04768383015,17.17
10-21-2024 14:10:01,106.535589241211,3408.34949191102,17.2
10-21-2024 14:20:01,105.465060486326,3405.35645101935,17.23
10-21-2024 14:30:01,106.764299419894,3399.65509124076,17.28
10-21-2024 14:40:01,106.583286388575,3395.40141373373,17.32
10-21-2024 14:50:01,105.811173976009,3390.85114579607,17.36
10-21-2024 15:00:01,106.713623079404,3384.33894251872,17.4
10-21-2024 15:10:01,105.353535832826,3383.91201438339,17.45
10-21-2024 15:20:01,105.668539290038,3381.52411184144,17.5
10-21-2024 15:30:01,106.381847645369,3381.50244108364,17.56
10-21-2024 15:40:01,106.704763604485,3381.6916134663,17.63
10-21-2024 15:50:01,106.04100659209,3380.11354970634,17.7
10-21-2024 16:00:01,106.56357627714,3396.31351637089,17.77
10-21-2024 16:10:01,107.08614206001,3380.50448516909,17.85
10-21-2024 16:20:01,105.53600268619,3376.18286442283,17.93
10-21-2024 16:30:01,106.954187184916,3393.03138212071,18.02
10-21-2024 16:40:01,105.90074415238,3388.1357125824,18.11
10-21-2024 16:50:01,104.945188983896,3378.6985905682,18.2
10-21-2024 17:00:01,105.859070114762,3367.13526274602,18.26
10-21-2024 17:10:01,106.291573436295,3368.13195723126,18.35
10-21-2024 17:20:01,106.724072855649,3386.42738258427,18.45
10-21-2024 17:30:01,106.751249903895,3364.97621932045,18.52
10-21-2024 17:40:01,106.576326157999,3361.9772404705,18.58
10-21-2024 17:50:01,105.409050554292,3357.78819748963,18.64
10-21-2024 18:00:01,105.634241655748,3357.66520983467,18.71
10-21-2024 18:10:01,104.561444628297,3354.54588577283,18.76
10-21-2024 18:20:01,105.772371602044,3351.02768352327,18.81
10-21-2024 18:30:01,105.986809821897,3346.99906140323,18.85
10-21-2024 18:40:01,105.704518357463,3345.64372999791,18.89
10-21-2024 18:50:01,104.527606154032,3343.39507551768,18.93
10-21-2024 19:00:01,105.533498302176,3343.01753507291,18.96
10-21-2024 19:10:01,104.945342485187,3349.47177007443,18.98
10-21-2024 19:20:01,105.848457286676,3347.59521514416,19
10-21-2024 19:30:01,105.654264508086,3349.97207644405,19.01
10-21-2024 19:40:01,106.056677600856,3355.52413662188,19.02
10-21-2024 19:50:01,105.06326036322,3355.70638392316,19.02
10-21-2024 20:00:01,104.467593977369,3358.46818661186,19.02
10-21-2024 20:10:01,104.76687188576,3361.13073035899,19.02
10-21-2024 20:20:01,105.360794253673,3361.89511662556,19.01
10-21-2024 20:30:01,105.059799112281,3362.85776499077,19
10-21-2024 20:40:01,105.554207491035,3365.20892606915,18.99
10-21-2024 20:50:01,105.842335079602,3368.02868345605,18.96
10-21-2024 21:00:01,106.237179114329,3369.08960136615,18.95
10-21-2024 21:10:01,105.531298518367,3370.9162236917,18.92
10-21-2024 21:20:01,107.409138992895,3370.26420854629,18.89
10-21-2024 21:30:01,104.322553512129,3370.02245722379,18.87
10-21-2024 21:40:01,106.295676313176,3374.40980270304,18.83
10-21-2024 21:50:01,106.682704901915,3372.3709772677,18.8
10-21-2024 22:00:01,105.97733554365,3379.44275028241,18.77
10-21-2024 22:10:01,105.470763556314,3379.9776116995,18.74
10-21-2024 22:20:01,105.758461283624,3381.40298751338,18.71
10-21-2024 22:30:01,106.343792994926,3384.6087516191,18.68
10-21-2024 22:40:01,106.035864785739,3385.63673318115,18.65
10-21-2024 22:50:01,106.124884118904,3387.35655603848,18.62
10-21-2024 23:00:01,104.82514798039,3390.2620979878,18.59
10-21-2024 23:10:01,106.501175233748,3394.84676404863,18.56
10-21-2024 23:20:01,105.598454400803,3396.16796804698,18.53
10-21-2024 23:30:01,106.972589641619,3400.14054794664,18.49
10-21-2024 23:40:01,105.669986075224,3404.99954825729,18.45
10-21-2024 23:50:01,105.560748708884,3409.27955510424,18.42
10-22-2024 00:00:01,105.348811298511,3410.77693929676,18.38
10-22-2024 00:10:01,106.028443182304,3418.58883903997,18.34
10-22-2024 00:20:01,106.117274197149,3424.34182744797,18.31
10-22-2024 00:30:01,105.208596717486,3424.13917613966,18.26
10-22-2024 00:40:01,105.785126112263,3433.40008624985,18.21
10-22-2024 00:50:01,106.167115237982,3435.67602697257,18.17
10-22-2024 01:00:01,107.53827028777,3440.11788526306,18.13
10-22-2024 01:10:01,106.337089762337,3442.7843143414,18.09
10-22-2024 01:20:01,106.32682531458,3446.15745922684,18.06
10-22-2024 01:30:01,107.198962596047,3451.26172621284,18.01
10-22-2024 01:40:01,106.291505012012,3453.80415071937,17.96
10-22-2024 01:50:01,107.858607496815,3455.28274652315,17.92
10-22-2024 02:00:01,104.778084279186,3454.87264169872,17.87
10-22-2024 02:10:01,106.443487301238,3459.20008902535,17.83
10-22-2024 02:20:01,106.722008802722,3463.01322849622,17.78
10-22-2024 02:30:01,106.506821731804,3463.77921260469,17.73
10-22-2024 02:40:01,106.887565992443,3465.7432002926,17.69
10-22-2024 02:50:01,105.883164044176,3465.52643115105,17.64
10-22-2024 03:00:01,106.753315340873,3469.03743770305,17.59
10-22-2024 03:10:01,107.330907201981,3468.6443571225,17.55
10-22-2024 03:20:01,105.045621711633,3470.68147877185,17.5
10-22-2024 03:30:01,106.408071113508,3469.28766104711,17.45
10-22-2024 03:40:01,106.193351915978,3472.30256527371,17.4
10-22-2024 03:50:01,105.581121649069,3471.47597879495,17.34
10-22-2024 04:00:01,105.760616164431,3474.78119102146,17.29
10-22-2024 04:10:01,105.648344782977,3474.09424779773,17.25
10-22-2024 04:20:01,106.516611293948,3472.70232639304,17.2
10-22-2024 04:30:01,106.302148249441,3476.39469287032,17.15
10-22-2024 04:40:01,106.186160282234,3475.19858519621,17.1
10-22-2024 04:50:01,106.073899233272,3473.82908473869,17.06
10-22-2024 05:00:01,108.419497628961,3472.36286586762,17.02
10-22-2024 05:10:01,106.73043066609,3476.24572110916,16.97
10-22-2024 05:20:01,107.993792048344,3475.75575779796,16.93
10-22-2024 05:30:01,106.895106318081,3476.6108445474,16.88
10-22-2024 05:40:01,106.590071420996,3474.77696535589,16.85
10-22-2024 05:50:01,106.772443544296,3474.48311598587,16.81
10-22-2024 06:00:01,107.14735729859,3473.77891587058,16.76
10-22-2024 06:10:01,105.366588478248,3474.94706061667,16.72
10-22-2024 06:20:01,108.202205694457,3476.0380507874,16.69
10-22-2024 06:30:01,107.301132675806,3472.70543221241,16.64
10-22-2024 06:40:01,105.717684041986,3476.01426925496,16.6
10-22-2024 06:50:01,107.174716110897,3477.86161334884,16.56
10-22-2024 07:00:01,106.27824855642,3473.9690335061,16.52
10-22-2024 07:10:01,107.832501589185,3476.39942480413,16.48
10-22-2024 07:20:01,106.544320579988,3477.75907934831,16.44
10-22-2024 07:30:01,106.827907061613,3475.64030999846,16.41
10-22-2024 07:40:01,107.405266278849,3476.43742554184,16.38
10-22-2024 07:50:01,106.999315797351,3474.29946049771,16.34
10-22-2024 08:00:01,106.793060409878,3472.08619262006,16.31
10-22-2024 08:10:01,106.786363747363,3472.03025307851,16.29
10-22-2024 08:20:01,106.482303961746,3473.11884080561,16.26
10-22-2024 08:30:01,106.377756617085,3473.25691048395,16.24
10-22-2024 08:40:01,105.88902504231,3470.42709466378,16.24
10-22-2024 08:50:01,107.937669334254,3468.23660505603,16.22
10-22-2024 09:00:01,106.568163094783,3468.41540826901,16.22
10-22-2024 09:10:01,107.449642605627,3469.37048659427,16.22
10-22-2024 09:20:01,106.377399493609,3466.26965667457,16.23
10-22-2024 09:30:01,105.794432256022,3462.00360895404,16.24
10-22-2024 09:40:01,106.483909009103,3461.13401379467,16.25
10-22-2024 09:50:01,107.470859064443,3463.87539512912,16.27
10-22-2024 10:00:01,106.115541934515,3454.9070217818,16.31
10-22-2024 10:10:01,106.714741635991,3453.49093248302,16.34
10-22-2024 10:20:01,106.831764561025,3448.22455712161,16.39
10-22-2024 10:30:01,106.357238675521,3448.86513351647,16.43
10-22-2024 10:40:01,107.258313837361,3451.56637217046,16.48
10-22-2024 10:50:01,106.297125120442,3444.93105266916,16.53
10-22-2024 11:00:01,107.096904332382,3445.86272341542,16.57
10-22-2024 11:10:01,107.708364252164,3444.30003754439,16.63
10-22-2024 11:20:01,107.040845772319,3443.10736644858,16.68
10-22-2024 11:30:01,106.478455769293,3442.82615931037,16.75
10-22-2024 11:40:01,107.290433771306,3444.68935746127,16.82
10-22-2024 11:50:01,107.415369497819,3438.36002833137,16.89
10-22-2024 12:00:01,105.873305105787,3437.31159300083,16.97
10-22-2024 12:10:01,106.292747244172,3435.65823274622,17.04
10-22-2024 12:20:01,106.810880331011,3429.11676084265,17.11
10-22-2024 12:30:01,105.846090072158,3427.2277962251,17.16
10-22-2024 12:40:01,105.573315163378,3421.44137886922,17.22
10-22-2024 12:50:01,106.179120079977,3413.66117505867,17.26
10-22-2024 13:00:01,105.501468119198,3414.66838779774,17.29
10-22-2024 13:10:01,106.891656958419,3417.92725963802,17.32
10-22-2024 13:20:01,104.827739063794,3416.55451678527,17.33
10-22-2024 13:30:01,106.210766659335,3418.41213557494,17.34
10-22-2024 13:40:01,106.612681267194,3419.3068229318,17.36
10-22-2024 13:50:01,106.522116492757,3416.38244527155,17.38
10-22-2024 14:00:01,105.63968585127,3417.35910685383,17.39
10-22-2024 14:10:01,106.333543043847,3420.58858432771,17.4
10-22-2024 14:20:01,106.925226531978,3420.47215770787,17.4
10-22-2024 14:30:01,105.053793689655,3415.16460674814,17.4
10-22-2024 14:40:01,106.043235447226,3417.12059454187,17.41
10-22-2024 14:50:01,105.751821704826,3415.35432454915,17.42
10-22-2024 15:00:01,104.869123276623,3414.37144884839,17.43
10-22-2024 15:10:01,105.464523687591,3411.42882817263,17.44
10-22-2024 15:20:01,105.373751509306,3408.69658012546,17.46
10-22-2024 15:30:01,105.085816202319,3403.31718194701,17.48
10-22-2024 15:40:01,103.61837848285,3398.93035365396,17.51
10-22-2024 15:50:01,105.510214143941,3393.09786682762,17.56
10-22-2024 16:00:01,104.834823542831,3388.71887150551,17.6
10-22-2024 16:10:01,106.04098571148,3383.77400188259,17.66
10-22-2024 16:20:01,105.178813245552,3379.91695402286,17.73
10-22-2024 16:30:01,104.703744708843,3376.62023364238,17.78
10-22-2024 16:40:01,105.120915568226,3373.03792485344,17.84
10-22-2024 16:50:01,106.328805950307,3373.09033384852,17.9
10-22-2024 17:00:01,104.773643412124,3371.97396303558,17.97
10-22-2024 17:10:01,105.590443948025,3370.46233881583,18.04
10-22-2024 17:20:01,107.499811170695,3379.99310324673,18.12
10-22-2024 17:30:01,107.035543540008,3375.1447722553,18.2
10-22-2024 17:40:01,105.382619925878,3368.41601003547,18.28
10-22-2024 17:50:01,105.206866063961,3366.09673288627,18.34
10-22-2024 18:00:01,106.220029407673,3363.28139974955,18.4
10-22-2024 18:10:01,105.548829774947,3360.85825124102,18.46
10-22-2024 18:20:01,106.761105712254,3357.4443740745,18.52
10-22-2024 18:30:01,107.478264992652,3359.06923510836,18.58
10-22-2024 18:40:01,106.902273924276,3358.40962092982,18.63
10-22-2024 18:50:01,105.429081548612,3355.9576862573,18.67
10-22-2024 19:00:01,106.734559563585,3357.95766503648,18.71
10-22-2024 19:10:01,107.246349569344,3358.3747447142,18.75
10-22-2024 19:20:01,107.059460008968,3359.87043609803,18.78
10-22-2024 19:30:01,106.773183026818,3365.52676654802,18.81
10-22-2024 19:40:01,107.472607887462,3369.47823719978,18.82
10-22-2024 19:50:01,107.97344765064,3374.02465576401,18.83
10-22-2024 20:00:01,107.484757969662,3378.08863284484,18.85
10-22-2024 20:10:01,108.379235528503,3385.89371235724,18.85
10-22-2024 20:20:01,107.481773987248,3387.74090855129,18.84
10-22-2024 20:30:01,108.276856309922,3392.27589636158,18.84
10-22-2024 20:40:01,108.968733697838,3396.99526423849,18.83
10-22-2024 20:50:01,108.865928794099,3396.26574236209,18.82
10-22-2024 21:00:01,108.564493342062,3400.98400585778,18.81
10-22-2024 21:10:01,107.663418111527,3402.22097590831,18.79
10-22-2024 21:20:01,108.943206639052,3403.04735329362,18.76
10-22-2024 21:30:01,107.843779185243,3403.49159132773,18.74
10-22-2024 21:40:01,109.127034152566,3407.20196074689,18.72
10-22-2024 21:50:01,108.222524146031,3405.55292919848,18.69
10-22-2024 22:00:01,109.207642196319,3410.05303182153,18.67
10-22-2024 22:10:01,109.299475606501,3411.97973031176,18.65
10-22-2024 22:20:01,110.581888902651,3410.3451920688,18.63
10-22-2024 22:30:01,109.77677952644,3416.31068920179,18.6
10-22-2024 22:40:01,109.174178721866,3420.60817319597,18.58
10-22-2024 22:50:01,110.055452148868,3422.91169653544,18.55
10-22-2024 23:00:01,109.655201588033,3425.73982237767,18.54
10-22-2024 23:10:01,110.242666404955,3433.09719490311,18.52
10-22-2024 23:20:01,109.838559192384,3438.27854561051,18.5
10-22-2024 23:30:01,111.119785790256,3440.88976244464,18.48
10-22-2024 23:40:01,110.12093849832,3442.70997912517,18.46
10-22-2024 23:50:01,111.401832632265,3448.0848700689,18.44
10-23-2024 00:00:01,110.204977285348,3453.26057801385,18.42
10-23-2024 00:10:01,110.395606767045,3455.47289088956,18.4
10-23-2024 00:20:01,107.511077199312,3459.14683895669,18.37
10-23-2024 00:30:01,110.966916617908,3459.46401652156,18.34
10-23-2024 00:40:01,111.054347299398,3465.89766269792,18.31
10-23-2024 00:50:01,111.537820255783,3467.6926209379,18.28
10-23-2024 01:00:01,110.932101336958,3471.16308804453,18.25
10-23-2024 01:10:01,111.811362705618,3472.16734125486,18.22
10-23-2024 01:20:01,110.311156365713,3479.75485586764,18.18
10-23-2024 01:30:01,110.79043014722,3482.017468255,18.14
10-23-2024 01:40:01,110.877768576402,3484.39736929928,18.11
10-23-2024 01:50:01,110.569448634854,3483.23110391069,18.08
10-23-2024 02:00:01,109.865673151676,3488.36628074465,18.05
10-23-2024 02:10:01,110.744092422901,3491.23522252021,18.02
10-23-2024 02:20:01,109.941664431997,3492.23316418472,17.99
10-23-2024 02:30:01,108.641487558792,3493.70175458655,17.95
10-23-2024 02:40:01,110.804213809851,3498.23921655401,17.92
10-23-2024 02:50:01,110.689874256765,3496.65734924828,17.88
10-23-2024 03:00:01,109.982956177963,3499.40116934167,17.84
10-23-2024 03:10:01,111.053831804119,3502.14331576473,17.8
10-23-2024 03:20:01,111.437113784418,3499.89555099092,17.77
10-23-2024 03:30:01,110.92787520155,3502.14513389648,17.73
10-23-2024 03:40:01,111.010985864761,3503.70616809222,17.69
10-23-2024 03:50:01,109.71275225503,3507.1309179096,17.65
10-23-2024 04:00:01,107.231400297445,3506.13871560711,17.61
10-23-2024 04:10:01,109.682154190648,3504.36259437481,17.57
10-23-2024 04:20:01,108.976679216084,3504.45053145206,17.53
10-23-2024 04:30:01,108.764395105735,3505.91068425832,17.49
10-23-2024 04:40:01,110.424700358228,3510.99537449554,17.45
10-23-2024 04:50:01,109.916586024997,3509.70999245533,17.41
10-23-2024 05:00:01,110.787806690318,3509.99223637238,17.37
10-23-2024 05:10:01,111.063766251453,3510.15468364121,17.32
10-23-2024 05:20:01,109.6697530985,3505.44627484443,17.28
10-23-2024 05:30:01,111.03255173685,3510.91431123199,17.24
10-23-2024 05:40:01,110.229646980417,3507.87120267865,17.2
10-23-2024 05:50:01,109.328711936925,3510.01133250254,17.16
10-23-2024 06:00:01,109.116758774752,3509.12059028217,17.12
10-23-2024 06:10:01,111.363545355499,3507.74198655433,17.08
10-23-2024 06:20:01,110.065773176044,3511.22593558333,17.03
10-23-2024 06:30:01,108.575952395283,3508.38336274459,16.99
10-23-2024 06:40:01,110.628565995369,3509.56571451981,16.96
10-23-2024 06:50:01,110.019630650103,3510.80184932136,16.91
10-23-2024 07:00:01,109.709568922801,3510.79084454412,16.87
10-23-2024 07:10:01,109.698125276556,3508.36367486508,16.84
10-23-2024 07:20:01,109.588485947321,3507.40004317473,16.81
10-23-2024 07:30:01,107.90801510891,3507.99638067052,16.78
10-23-2024 07:40:01,109.172982508686,3505.9614792263,16.75
10-23-2024 07:50:01,108.870996899542,3503.07169837543,16.73
10-23-2024 08:00:01,108.270877288768,3504.54543565732,16.7
10-23-2024 08:10:01,109.539048267213,3501.85182938625,16.68
10-23-2024 08:20:01,107.965426439281,3501.22468183379,16.67
10-23-2024 08:30:01,108.354228041667,3500.88974248411,16.66
10-23-2024 08:40:01,108.256222834261,3499.60172459863,16.66
10-23-2024 08:50:01,108.448764389701,3495.95639036882,16.65
10-23-2024 09:00:01,107.664008421305,3494.0841937859,16.65
10-23-2024 09:10:01,109.720491089418,3494.33393545635,16.64
10-23-2024 09:20:01,108.837670280982,3493.63013308347,16.64
10-23-2024 09:30:01,107.468069534524,3489.14891644886,16.65
10-23-2024 09:40:01,108.841650388892,3489.51600287094,16.65
10-23-2024 10:00:01,108.366323099095,3487.81912299517,16.69
10-23-2024 10:10:01,109.162915204996,3487.75778040282,16.72
10-23-2024 10:20:01,107.407551229464,3486.91672975189,16.75
10-23-2024 10:30:01,109.484418653712,3486.58191744832,16.79
10-23-2024 10:40:01,108.121211414062,3483.39991190513,16.82
10-23-2024 10:50:01,107.452531886784,3484.1555505427,16.87
10-23-2024 11:00:01,108.06080896218,3487.15582368737,16.92
10-23-2024 11:10:01,107.977667184367,3486.1367782866,16.96
10-23-2024 11:20:01,107.603325876883,3481.52338921842,17.01
10-23-2024 11:30:01,108.113781448211,3482.76712868407,17.06
10-23-2024 11:40:01,109.029460502202,3483.1895170281,17.14
10-23-2024 11:50:01,108.174334983093,3488.20904918291,17.22
10-23-2024 12:00:01,108.594712812286,3487.44102819824,17.29
10-23-2024 12:10:01,109.507931313536,3489.31560096541,17.36
10-23-2024 12:20:01,108.356302801384,3484.5493940725,17.44
10-23-2024 12:30:01,107.889991994125,3481.52260119339,17.51
10-23-2024 12:40:01,107.415810820955,3479.63159442765,17.56
10-23-2024 12:50:01,107.927776856506,3476.463510072,17.61
10-23-2024 13:00:01,108.238893509163,3474.35396327299,17.65
10-23-2024 13:10:01,107.464591709557,3476.66057470979,17.69
10-23-2024 13:20:01,108.36418794664,3479.53892215121,17.72
10-23-2024 13:30:01,108.375601972233,3475.73978236607,17.75
10-23-2024 13:40:01,107.300904318393,3474.5911900542,17.78
10-23-2024 13:50:01,108.595938553736,3475.40719337259,17.81
10-23-2024 14:00:01,107.323361596976,3473.86457805131,17.84
10-23-2024 14:10:01,108.219882318336,3475.25201418563,17.86
10-23-2024 14:20:01,107.828508582607,3476.22806241632,17.87
10-23-2024 14:30:01,106.946845854391,3477.81267309578,17.89
10-23-2024 14:40:01,108.033608113675,3475.91891929198,17.89
10-23-2024 14:50:01,107.547102496926,3477.30688105455,17.91
10-23-2024 15:00:01,109.131885570715,3478.7749288271,17.92
10-23-2024 15:10:01,107.356906384463,3476.89900237396,17.93
10-23-2024 15:20:01,107.854750366269,3473.54723589299,17.94
10-23-2024 15:30:01,107.466908923422,3475.23016231013,17.96
10-23-2024 15:40:01,105.797591261325,3463.64743002714,17.99
10-23-2024 15:50:01,107.493121842805,3462.11587004396,18.03
10-23-2024 16:00:01,108.006406673041,3456.16895399824,18.08
10-23-2024 16:10:01,107.431702196415,3452.4829377392,18.13
10-23-2024 16:20:01,106.860395242675,3450.7811766212,18.19
10-23-2024 16:30:01,107.179712020076,3446.90822074576,18.25
10-23-2024 16:40:01,107.10309975071,3448.35870225715,18.31
10-23-2024 16:50:01,107.818989993171,3447.14541850619,18.37
10-23-2024 17:00:01,106.557008088664,3444.36656867901,18.44
10-23-2024 17:10:01,106.182657585319,3442.16165056448,18.5
10-23-2024 17:20:01,106.895258733277,3441.71817730653,18.55
10-23-2024 17:30:01,107.119768525979,3442.78868757877,18.62
10-23-2024 17:40:01,105.749083999929,3439.17863446965,18.67
10-23-2024 17:50:01,107.260150657857,3439.24303134717,18.73
10-23-2024 18:00:01,106.087240558035,3437.6085163153,18.78
10-23-2024 18:10:01,105.80394839978,3433.77820148365,18.82
10-23-2024 18:20:01,105.722896454214,3436.00473598787,18.87
10-23-2024 18:30:01,106.930008395805,3435.93769719043,18.91
10-23-2024 18:40:01,106.344774357656,3438.92913890584,18.94
10-23-2024 18:50:01,107.154841260021,3438.26760597204,18.98
10-23-2024 19:00:01,107.361091978609,3438.66639110464,19
10-23-2024 19:10:01,107.567386078407,3440.85108214785,19.02
10-23-2024 19:20:01,106.182522282336,3445.02099968203,19.04
10-23-2024 19:30:01,105.589353985094,3444.80958799898,19.05
10-23-2024 19:40:01,107.084804828495,3448.9649454209,19.06
10-23-2024 19:50:01,106.889481182398,3453.61717313075,19.07
10-23-2024 20:00:01,106.487731515088,3455.6561886834,19.06
10-23-2024 20:10:01,106.185479735603,3458.3895355062,19.05
10-23-2024 20:20:01,105.386008259589,3458.84010971024,19.04
10-23-2024 20:30:01,106.973289674295,3460.48127480204,19.03
10-23-2024 20:40:01,107.959943124861,3462.79963441861,19.01
10-23-2024 20:50:01,105.960023568223,3460.24006683548,18.98
10-23-2024 21:00:01,106.847098168418,3458.98753489303,18.96
10-23-2024 21:10:01,107.531395559146,3460.1974365014,18.93
10-23-2024 21:20:01,105.33371269397,3458.63143202758,18.9
10-23-2024 21:30:01,106.614146987378,3462.21922581361,18.87
10-23-2024 21:40:01,107.695465183138,3460.15820008963,18.84
10-23-2024 21:50:01,108.081173666842,3463.74398226291,18.81
10-23-2024 22:00:01,105.881202994901,3467.31082943374,18.77
10-23-2024 22:10:01,107.362904476845,3465.36642832297,18.75
10-23-2024 22:20:01,107.744668258962,3466.85278623086,18.71
10-23-2024 22:30:01,107.038366181292,3468.65237809463,18.68
10-23-2024 22:40:01,107.225357942691,3470.55006764778,18.65
10-23-2024 22:50:01,106.622315585859,3471.77211535368,18.63
10-23-2024 23:00:01,106.012027098591,3474.34283311452,18.59
10-23-2024 23:10:01,107.587570045653,3476.73216656235,18.56
10-23-2024 23:20:01,107.282317428042,3479.53379018916,18.54
10-23-2024 23:30:01,106.977060908251,3478.97465933732,18.52
10-23-2024 23:40:01,107.362143961723,3479.78089842129,18.49
10-23-2024 23:50:01,106.855004283265,3485.72295774001,18.46
10-24-2024 00:00:01,107.041760808363,3489.09474256518,18.43
10-24-2024 00:10:01,107.624796656372,3490.78662319422,18.4
10-24-2024 00:20:01,107.415070069327,3495.04397560968,18.37
10-24-2024 00:30:01,106.313935225143,3498.80594036307,18.34
10-24-2024 00:40:01,107.487232011313,3502.54636608053,18.3
10-24-2024 00:50:01,106.881583178958,3504.52931476124,18.27
10-24-2024 01:00:01,107.068108876197,3507.59594883509,18.24
10-24-2024 01:10:01,107.349788207143,3508.57085689684,18.2
10-24-2024 01:20:01,107.638882013765,3507.12191831374,18.18
10-24-2024 01:30:01,106.934659849521,3512.15642981766,18.15
10-24-2024 01:40:01,107.91246270965,3517.28708221061,18.12
10-24-2024 01:50:01,107.307338329193,3519.46086383952,18.09
10-24-2024 02:00:01,106.995366763865,3525.64897808689,18.05
10-24-2024 02:10:01,107.866151014937,3527.1859409033,18
10-24-2024 02:20:01,107.755657087014,3530.24093681599,17.97
10-24-2024 02:30:01,107.641427885882,3531.79714678757,17.93
10-24-2024 02:40:01,108.614038217838,3534.92564375554,17.89
10-24-2024 02:50:01,106.919229593828,3538.05221839388,17.85
10-24-2024 03:00:01,107.789024621143,3540.66301927501,17.8
10-24-2024 03:10:01,108.267239240375,3541.91941939357,17.76
10-24-2024 03:20:01,108.153009845269,3541.30941344966,17.72
10-24-2024 03:30:01,109.124322664857,3543.44839753686,17.68
10-24-2024 03:40:01,107.727376955451,3544.01599198589,17.64
10-24-2024 03:50:01,107.905468448303,3544.26627176342,17.59
10-24-2024 04:00:01,108.083454699764,3547.94831238854,17.54
10-24-2024 04:10:01,108.462291655449,3547.82791166955,17.5
10-24-2024 04:20:01,107.953929995271,3550.74538267828,17.46
10-24-2024 04:30:01,107.934698747935,3551.67864433927,17.41
10-24-2024 04:40:01,108.214770100317,3550.77401476991,17.37
10-24-2024 04:50:01,108.199254165093,3552.02361579219,17.33
10-24-2024 05:00:01,107.09692333952,3553.83632311667,17.28
10-24-2024 05:10:01,108.164446986768,3554.39945831306,17.24
10-24-2024 05:20:01,107.460052086399,3558.18938088558,17.2
10-24-2024 05:30:01,107.736119303486,3558.72726321672,17.15
10-24-2024 05:40:01,107.819073421311,3557.72494249965,17.11
10-24-2024 05:50:01,109.176572379531,3558.45815431895,17.06
10-24-2024 06:00:01,107.292900051362,3559.11684352062,17.02
10-24-2024 06:10:01,108.555363902346,3558.798970858,16.98
10-24-2024 06:20:01,108.830756873386,3561.1901477182,16.93
10-24-2024 06:30:01,108.323898541633,3559.21360521893,16.89
10-24-2024 06:40:01,107.424393789541,3560.16399770029,16.85
10-24-2024 06:50:01,108.787603631775,3560.84502673584,16.82
10-24-2024 07:00:01,107.491889325048,3560.99111726986,16.77
10-24-2024 07:10:01,108.261742820981,3559.60194317182,16.73
10-24-2024 07:20:01,108.838796549686,3559.60076510093,16.7
10-24-2024 07:30:01,108.725020615196,3561.32891319375,16.66
10-24-2024 07:40:01,108.222705201071,3559.08830631043,16.63
10-24-2024 07:50:01,108.995585821721,3557.82208503154,16.6
10-24-2024 08:00:01,108.293484141807,3558.38200508059,16.56
10-24-2024 08:10:01,109.462043442873,3559.3774487988,16.54
10-24-2024 08:20:01,108.273721727408,3556.94502981158,16.51
10-24-2024 08:30:01,109.343927051205,3557.55135705912,16.49
10-24-2024 08:40:01,107.869449908045,3556.7221634803,16.48
10-24-2024 08:50:01,109.535212374537,3558.63877904456,16.48
10-24-2024 09:00:01,109.044689966814,3555.40174636775,16.48
10-24-2024 09:10:01,108.060337336801,3552.91979464733,16.47
10-24-2024 09:20:01,108.941936127803,3553.57214956933,16.47
10-24-2024 09:30:01,108.941465870822,3554.03000050779,16.47
10-24-2024 09:40:01,107.772397001017,3548.50431718904,16.49
10-24-2024 09:50:01,108.563647776725,3545.79736416761,16.51
10-24-2024 10:00:01,108.374669030094,3540.85211762607,16.53
10-24-2024 10:10:01,107.895244024815,3533.6887255604,16.56
10-24-2024 10:20:01,108.105936082792,3534.81547611075,16.6
10-24-2024 10:30:01,108.02241554848,3530.97742380314,16.64
10-24-2024 10:40:01,108.82196564235,3534.44111066411,16.68
10-24-2024 10:50:01,108.149687381031,3534.69192529789,16.72
10-24-2024 11:00:01,108.066109036636,3533.28606677537,16.76
10-24-2024 11:10:01,108.37903746706,3534.82490903636,16.81
10-24-2024 11:20:01,108.495692346795,3532.07352810046,16.86
10-24-2024 11:30:01,108.620016997225,3530.53243034822,16.93
10-24-2024 11:40:01,107.954257933135,3531.50696009237,16.99
10-24-2024 11:50:01,109.65180860204,3531.81949642553,17.06
10-24-2024 12:00:01,106.727135537371,3529.10232497703,17.13
10-24-2024 12:10:01,106.063632330184,3529.02226395082,17.2
10-24-2024 12:20:01,107.762443617075,3523.85398012066,17.27
10-24-2024 12:30:01,108.477691067803,3520.63772314209,17.34
10-24-2024 12:40:01,105.832510865398,3517.55396138228,17.38
10-24-2024 12:50:01,109.295338176588,3515.25178443893,17.42
10-24-2024 13:00:01,107.039641120783,3514.39826689058,17.45
10-24-2024 13:10:01,106.951695384148,3517.46449799827,17.48
10-24-2024 13:20:01,108.433479830331,3525.19662430148,17.49
10-24-2024 13:30:01,106.070791492317,3519.40281322448,17.5
10-24-2024 13:40:01,108.731895605137,3524.76307078058,17.5
10-24-2024 13:50:01,109.228077486169,3523.28196739825,17.51
10-24-2024 14:00:01,107.752479121744,3522.1927115815,17.52
10-24-2024 14:10:01,106.868292740436,3519.14230037968,17.53
10-24-2024 14:20:01,106.276125895941,3515.87559815695,17.53
10-24-2024 14:30:01,105.000998708498,3516.96226783246,17.55
10-24-2024 14:40:01,106.57814248758,3514.28330239588,17.55
10-24-2024 14:50:01,107.172933937958,3511.72161996835,17.56
10-24-2024 15:00:01,108.063648049764,3510.33638283139,17.57
10-24-2024 15:10:01,107.376455638873,3506.00832265194,17.58
10-24-2024 15:20:01,106.988800293369,3505.1314464905,17.6
10-24-2024 15:30:01,107.189200531033,3501.48854820835,17.61
10-24-2024 15:40:01,106.114555085011,3495.42795663098,17.64
10-24-2024 15:50:01,107.115464465808,3491.05055569141,17.68
10-24-2024 16:00:01,106.541269462951,3484.23242158632,17.73
10-24-2024 16:10:01,107.155333564428,3478.01467195419,17.79
10-24-2024 16:20:01,106.880822701792,3476.21405796787,17.85
10-24-2024 16:30:01,105.716826563264,3471.85465407507,17.91
10-24-2024 16:40:01,105.04625287114,3470.63931864481,17.97
10-24-2024 16:50:01,106.455361372443,3467.56803246894,18.04
10-24-2024 17:00:01,106.381744295585,3466.16756273851,18.11
10-24-2024 17:10:01,106.604952750236,3470.8755634606,18.18
10-24-2024 17:20:01,106.432327783522,3461.68493697071,18.25
10-24-2024 17:30:01,105.958753114581,3463.61734363015,18.31
10-24-2024 17:40:01,106.27740952734,3453.90460005024,18.37
10-24-2024 17:50:01,106.691656662751,3457.00491552948,18.42
10-24-2024 18:00:01,106.907883960421,3451.80997880514,18.47
10-24-2024 18:10:01,107.120476853896,3448.96825063251,18.51
10-24-2024 18:20:01,107.333163304216,3449.78176609107,18.55
10-24-2024 18:30:01,106.656923404109,3446.45683485087,18.6
10-24-2024 18:40:01,107.663387966544,3450.03942639634,18.64
10-24-2024 18:50:01,108.170264153097,3447.27763633134,18.67
10-24-2024 19:00:01,106.592918476018,3449.85833760481,18.7
10-24-2024 19:10:01,106.801956224901,3451.64826967386,18.73
10-24-2024 19:20:01,107.603019588253,3447.18741479944,18.75
10-24-2024 19:30:01,107.308230129625,3460.63213803548,18.76
10-24-2024 19:40:01,106.417624103787,3463.78115701498,18.77
10-24-2024 19:50:01,104.931099272757,3469.10916085427,18.78
10-24-2024 20:00:01,106.125712884246,3466.71337472153,18.79
10-24-2024 20:10:01,108.309765893829,3465.0941514221,18.79
10-24-2024 20:20:01,107.018039764325,3467.63426938132,18.79
10-24-2024 20:30:01,107.013557340095,3468.57425379682,18.78
10-24-2024 20:40:01,107.906545290335,3466.75699204464,18.78
10-24-2024 20:50:01,106.706709597861,3469.26560867418,18.76
10-24-2024 21:00:01,107.893655553448,3470.89819420027,18.75
10-24-2024 21:10:01,107.484428971459,3468.63873980594,18.72
10-24-2024 21:20:01,108.1747387454,3467.10381455417,18.71
10-24-2024 21:30:01,109.357362480181,3471.39216456026,18.69
10-24-2024 21:40:01,108.554916852671,3471.72162995078,18.67
10-24-2024 21:50:01,107.256508607447,3474.91974502415,18.65
10-24-2024 22:00:01,108.438819556329,3477.32559546168,18.63
10-24-2024 22:10:01,106.04575440503,3480.80209839927,18.6
10-24-2024 22:20:01,107.430009576158,3482.92601735823,18.59
10-24-2024 22:30:01,107.124137465645,3486.31805539188,18.57
10-24-2024 22:40:01,108.008391778931,3486.34834441439,18.55
10-24-2024 22:50:01,105.719307537638,3488.25635682639,18.53
10-24-2024 23:00:01,108.090748097361,3493.91861949114,18.51
10-24-2024 23:10:01,107.487510718725,3496.91158994101,18.49
10-24-2024 23:20:01,107.181786285259,3501.18775882883,18.47
10-24-2024 23:30:01,107.569933286545,3502.10457614562,18.45
10-24-2024 23:40:01,109.943978287712,3506.7918829108,18.44
10-24-2024 23:50:01,107.454116939975,3509.46641379888,18.41
10-25-2024 00:00:01,107.640142634063,3515.00227681314,18.38
10-25-2024 00:10:01,108.51951029649,3515.40385931646,18.35
10-25-2024 00:20:01,107.817698719966,3522.33648734054,18.33
10-25-2024 00:30:01,107.805504222503,3522.24298002623,18.3
10-25-2024 00:40:01,108.783443232129,3526.48896820792,18.27
10-25-2024 00:50:01,107.773540512369,3530.69276220507,18.22
10-25-2024 01:00:01,106.672698399533,3529.71042680807,18.19
10-25-2024 01:10:01,108.042209408695,3534.6204303965,18.15
10-25-2024 01:20:01,107.24229283381,3537.10603069841,18.13
10-25-2024 01:30:01,108.413373787384,3540.92813269876,18.09
10-25-2024 01:40:01,108.891691883941,3544.94476619424,18.05
10-25-2024 01:50:01,107.989448247404,3548.88191857902,18.02
10-25-2024 02:00:01,109.060762895671,3554.17304693621,17.98
10-25-2024 02:10:01,107.85855623342,3553.0671646905,17.94
10-25-2024 02:20:01,109.024357554978,3556.16843371363,17.89
10-25-2024 02:30:01,107.13132889953,3559.19120953302,17.85
10-25-2024 02:40:01,108.794311254886,3563.09649699114,17.81
10-25-2024 02:50:01,108.97170964197,3564.32455951785,17.76
10-25-2024 03:00:01,109.25156149798,3565.4761533658,17.72
10-25-2024 03:10:01,109.132703364176,3567.88040669853,17.67
10-25-2024 03:20:01,108.520670067535,3569.39980086363,17.62
10-25-2024 03:30:01,107.912761648274,3571.4314735889,17.58
10-25-2024 03:40:01,109.27718187684,3571.59890375427,17.54
10-25-2024 03:50:01,108.468396512626,3570.07703778751,17.49
10-25-2024 04:00:01,108.550802830932,3572.2045798336,17.45
10-25-2024 04:10:01,108.235250375405,3572.83850047466,17.4
10-25-2024 04:20:01,108.904838015328,3573.27619163008,17.35
10-25-2024 04:30:01,108.987066831789,3572.66006254292,17.31
10-25-2024 04:40:01,109.955320803627,3577.03444429339,17.27
10-25-2024 04:50:01,109.151399625076,3576.71107447753,17.23
10-25-2024 05:00:01,107.55682714845,3578.71134530062,17.18
10-25-2024 05:10:01,110.689024456538,3574.57578691807,17.14
10-25-2024 05:20:01,111.16020155171,3580.28844367096,17.09
10-25-2024 05:30:01,110.160151214022,3580.94151105379,17.05
10-25-2024 05:40:01,108.472401137655,3581.98480028395,17.01
10-25-2024 05:50:01,109.439096860332,3582.44181091496,16.97
10-25-2024 06:00:01,109.426580861906,3583.11738351869,16.94
10-25-2024 06:10:01,109.999686158275,3581.52514184282,16.9
10-25-2024 06:20:01,109.590292818635,3585.39556438181,16.86
10-25-2024 06:30:01,109.279281665498,3582.53624976872,16.82
10-25-2024 06:40:01,109.950197413861,3583.67495010924,16.78
10-25-2024 06:50:01,109.741262022008,3586.20087557947,16.75
10-25-2024 07:00:01,109.041664508515,3584.92621109528,16.72
10-25-2024 07:10:01,108.931074677976,3582.67819660808,16.69
10-25-2024 07:20:01,108.718596708076,3586.73691209272,16.65
10-25-2024 07:30:01,108.51000655323,3584.48978375905,16.62
10-25-2024 07:40:01,109.478366975329,3586.42858501693,16.59
10-25-2024 07:50:01,109.171653240067,3587.19891796335,16.56
10-25-2024 08:00:01,109.257200973244,3585.34246825587,16.53
10-25-2024 08:10:01,109.34655671173,3584.48294652282,16.51
10-25-2024 08:20:01,109.337869837293,3586.93004675336,16.49
10-25-2024 08:30:01,108.251101172694,3586.07055903219,16.47
10-25-2024 08:40:01,109.222493411063,3584.62805805833,16.45
10-25-2024 08:50:01,110.589512758116,3583.792588182,16.44
10-25-2024 09:00:01,109.408760854788,3582.86003120141,16.43
10-25-2024 09:10:01,110.29349599813,3581.39076648541,16.44
10-25-2024 09:20:01,108.822608083429,3582.13393647704,16.44
10-25-2024 09:30:01,108.723585269521,3581.03012395031,16.44
10-25-2024 09:40:01,110.490285770632,3579.17155967678,16.45
10-25-2024 09:50:01,110.297147823152,3593.15991321288,16.46
10-25-2024 10:00:01,108.837515136033,3575.88761687186,16.49
10-25-2024 10:10:01,109.439965101014,3573.02522803732,16.53
10-25-2024 10:20:01,110.038801266912,3572.86305213958,16.56
10-25-2024 10:30:01,110.837912451696,3577.49223341431,16.6
10-25-2024 10:40:01,109.867681933185,3579.56987641767,16.63
10-25-2024 10:50:01,108.014106632179,3589.63316001776,16.66
10-25-2024 11:00:01,108.813201339834,3589.6927651937,16.7
10-25-2024 11:10:01,108.631085564648,3608.75240444445,16.74
10-25-2024 11:20:01,109.53271252249,3600.26519983523,16.79
10-25-2024 11:30:01,109.06370674585,3608.95871557465,16.85
10-25-2024 11:40:01,109.875527303952,3612.80743206461,16.92
10-25-2024 11:50:01,109.410143083143,3628.18034147156,16.99
10-25-2024 12:00:01,108.354378226474,3617.29342987658,17.06
10-25-2024 12:10:01,108.769555592505,3615.9466513048,17.12
10-25-2024 12:20:01,108.980535348752,3614.35153566302,17.16
10-25-2024 12:30:01,109.482980018108,3621.53018168918,17.19
10-25-2024 12:40:01,108.505421879928,3631.03248832577,17.21
10-25-2024 12:50:01,108.405893288189,3650.75110845375,17.21
10-25-2024 13:00:01,109.385102330868,3654.30423919344,17.2
10-25-2024 13:10:01,109.387844925885,3660.16421730268,17.21
10-25-2024 13:20:01,107.028409091731,3659.96109423764,17.22
10-25-2024 13:30:01,108.215960235442,3658.1240775201,17.24
10-25-2024 13:40:01,109.112284741901,3657.97862925565,17.27
10-25-2024 13:50:01,108.535696242602,3654.82786576539,17.31
10-25-2024 14:00:01,106.583596100091,3657.18666768238,17.36
10-25-2024 14:10:01,106.013480155149,3670.54787285202,17.42
10-25-2024 14:20:01,107.710065355736,3665.69228291401,17.48
10-25-2024 14:30:01,106.84412996201,3665.53845248515,17.54
10-25-2024 14:40:01,108.060350164354,3665.27688097172,17.63
10-25-2024 14:50:01,106.9014598013,3672.31881612301,17.7
10-25-2024 15:00:01,105.449098198359,3678.12196127641,17.78
10-25-2024 15:10:01,106.666256552414,3690.94335278647,17.87
10-25-2024 15:20:01,107.390466457385,3677.61361505433,17.96
10-25-2024 15:30:01,106.141325964071,3681.32743865004,18.06
10-25-2024 15:40:01,106.272371683243,3686.88769886886,18.15
10-25-2024 15:50:01,107.797086708858,3691.82900563186,18.26
10-25-2024 16:00:01,107.433834247702,3670.26644761438,18.35
10-25-2024 16:10:01,105.880892528885,3681.16365147048,18.44
10-25-2024 16:20:01,106.805361286871,3671.3224286611,18.53
10-25-2024 16:30:01,105.246836961436,3683.29224949471,18.61
10-25-2024 16:40:01,104.874260482979,3674.36741623034,18.68
10-25-2024 16:50:01,106.586370850932,3663.25435092689,18.75
10-25-2024 17:00:01,106.607587296461,3662.8962897997,18.81
10-25-2024 17:10:01,107.32428854256,3659.86208898749,18.87
10-25-2024 17:20:01,106.44754758716,3660.56291300941,18.92
10-25-2024 17:30:01,105.769121839345,3660.0740203106,18.97
10-25-2024 17:40:01,107.866956465326,3660.51806489794,19
10-25-2024 17:50:01,106.588142124179,3662.87695194999,19.04
10-25-2024 18:00:01,107.294411530927,3662.13060663552,19.07
10-25-2024 18:10:01,107.599181015868,3665.72233113716,19.09
10-25-2024 18:20:01,107.804526767902,3672.19443252907,19.11
10-25-2024 18:30:01,107.711411841478,3674.49779663655,19.13
10-25-2024 18:40:01,107.912988837502,3680.04847543618,19.14
10-25-2024 18:50:01,106.621893401767,3685.00406283172,19.15
10-25-2024 19:00:01,105.72502373807,3693.30559568588,19.15
10-25-2024 19:10:01,106.125535609877,3695.97800416402,19.16
10-25-2024 19:20:01,108.011296905647,3698.28823998952,19.15
10-25-2024 19:30:01,107.81100503323,3702.51757440357,19.15
10-25-2024 19:40:01,107.805919065728,3706.91257763108,19.14
10-25-2024 19:50:01,107.601826876049,3709.32080195475,19.13
10-25-2024 20:00:01,107.393962386102,3715.07110106207,19.11
10-25-2024 20:10:01,108.280405647538,3715.95528606228,19.09
10-25-2024 20:20:01,108.963826568024,3718.2942554602,19.06
10-25-2024 20:30:01,108.354231270095,3720.43368640192,19.03
10-25-2024 20:40:01,107.844268395164,3720.68733179459,19
10-25-2024 20:50:01,107.831527472599,3718.26314482492,18.97
10-25-2024 21:00:01,108.216359159546,3723.27654108284,18.94
10-25-2024 21:10:01,106.808530844053,3724.38742245173,18.9
10-25-2024 21:20:01,107.392081885809,3723.35174266302,18.87
10-25-2024 21:30:01,107.574286584039,3723.07517419679,18.83
10-25-2024 21:40:01,107.362955402028,3722.0404642058,18.8
10-25-2024 21:50:01,108.041539013771,3723.54673638348,18.76
10-25-2024 22:00:01,107.631655898063,3723.20546603906,18.73
10-25-2024 22:10:01,107.615139934225,3725.60120954163,18.69
10-25-2024 22:20:01,109.483966611759,3727.69871254341,18.65
10-25-2024 22:30:01,109.470926195431,3732.79629017362,18.62
10-25-2024 22:40:01,109.55317554171,3734.3960903684,18.58
10-25-2024 22:50:01,108.742888310422,3740.54135900088,18.54
10-25-2024 23:00:01,109.221830957968,3742.82940872751,18.5
10-25-2024 23:10:01,108.911449682219,3747.42353314366,18.47
10-25-2024 23:20:01,108.101804302081,3752.27568284718,18.43
10-25-2024 23:30:01,108.980771785059,3757.85231461838,18.4
10-25-2024 23:40:01,109.459259610008,3762.99461760863,18.36
10-25-2024 23:50:01,107.960501048944,3763.63214343646,18.33
10-26-2024 00:00:01,109.825366690537,3770.34806104407,18.29
10-26-2024 00:10:01,109.119196619311,3775.71708311339,18.26
10-26-2024 00:20:01,110.092178617844,3778.48215863472,18.22
10-26-2024 00:30:01,110.87075884021,3782.86072105706,18.19
10-26-2024 00:40:01,109.468249131815,3787.00149053112,18.15
10-26-2024 00:50:01,109.451297377865,3790.64719401728,18.11
10-26-2024 01:00:01,111.115658034862,3794.88143368312,18.07
10-26-2024 01:10:01,110.904544018358,3796.69151439309,18.04
10-26-2024 01:20:01,110.788401078045,3797.6739944469,18
10-26-2024 01:30:01,109.786664381745,3800.95830045944,17.97
10-26-2024 01:40:01,108.484952494998,3804.49625904013,17.93
10-26-2024 01:50:01,108.764616428275,3805.8688607142,17.89
10-26-2024 02:00:01,110.723353251399,3810.28777725987,17.85
10-26-2024 02:10:01,109.821224541719,3805.50709958856,17.82
10-26-2024 02:20:01,111.186507640484,3812.67449609193,17.78
10-26-2024 02:30:01,109.787146045353,3816.20367583532,17.74
10-26-2024 02:40:01,110.362266722,3819.63249586105,17.7
10-26-2024 02:50:01,110.5424410128,3820.40923942392,17.66
10-26-2024 03:00:01,110.130642892376,3822.6572787908,17.62
10-26-2024 03:10:01,109.423151633322,3825.29628724909,17.58
10-26-2024 03:20:01,109.800608481839,3829.11032090351,17.54
10-26-2024 03:30:01,109.586406656745,3831.05956997965,17.5
10-26-2024 03:40:01,110.456436168609,3834.18353717428,17.46
10-26-2024 03:50:01,110.537780629884,3835.24841466728,17.42
10-26-2024 04:00:01,109.633950440828,3840.52363922946,17.38
10-26-2024 04:10:01,110.700345102467,3843.73971575436,17.34
10-26-2024 04:20:01,109.009130075444,3841.86470128384,17.3
10-26-2024 04:30:01,110.366588199046,3847.28581078676,17.25
10-26-2024 04:40:01,110.743088411348,3847.85608056633,17.21
10-26-2024 04:50:01,110.631370393709,3850.42444476812,17.18
10-26-2024 05:00:01,110.216704178422,3853.78478358479,17.13
10-26-2024 05:10:01,108.818809108312,3857.4356449051,17.08
10-26-2024 05:20:01,110.084095414077,3858.04575553078,17.05
10-26-2024 05:30:01,109.77206191943,3861.24839098016,17.01
10-26-2024 05:40:01,110.04597290242,3864.20982200581,16.96
10-26-2024 05:50:01,112.194539638115,3869.20908896371,16.93
10-26-2024 06:00:01,110.01566345472,3872.11268994934,16.89
10-26-2024 06:10:01,110.587870965155,3873.84426491166,16.85
10-26-2024 06:20:01,110.668836408143,3879.57190507561,16.81
10-26-2024 06:30:01,110.455240129012,3878.86366085067,16.77
10-26-2024 06:40:01,110.540113129635,3882.58552127638,16.74
10-26-2024 06:50:01,110.424756029841,3885.38342936133,16.7
10-26-2024 07:00:01,111.781133583605,3889.83501311984,16.66
10-26-2024 07:10:01,110.492373858114,3892.38295402109,16.63
10-26-2024 07:20:01,109.788643472144,3889.53084878421,16.59
10-26-2024 07:30:01,109.873520770995,3898.79115551045,16.56
10-26-2024 07:40:01,109.958364884625,3899.09773844011,16.53
10-26-2024 07:50:01,111.807604937074,3904.65587263695,16.5
10-26-2024 08:00:01,110.817938271562,3907.53604476469,16.48
10-26-2024 08:10:01,111.592521522815,3907.4986407727,16.46
10-26-2024 08:20:01,110.803008006602,3912.95232348116,16.45
10-26-2024 08:30:01,110.891557582077,3916.31606495374,16.43
10-26-2024 08:40:01,109.906249885217,3919.92109678063,16.42
10-26-2024 08:50:01,111.758310696933,3922.99142068537,16.4
10-26-2024 09:00:01,109.797357825329,3922.2705647956,16.4
10-26-2024 09:10:01,110.86948935249,3921.21010165344,16.39
10-26-2024 09:20:01,112.243394479288,3924.03555725665,16.4
10-26-2024 09:30:01,110.286333137304,3917.92041983322,16.41
10-26-2024 09:40:01,110.582577575024,3918.80208398369,16.42
10-26-2024 09:50:01,109.804892398209,3914.2880896559,16.44
10-26-2024 10:00:01,108.932854803714,3909.13907744384,16.47
10-26-2024 10:10:01,110.315066736667,3912.15678396981,16.5
10-26-2024 10:20:01,109.933015616692,3907.88009674035,16.53
10-26-2024 10:30:01,109.841120682226,3911.04609542023,16.55
10-26-2024 10:40:01,109.458874540375,3912.99535549049,16.58
10-26-2024 10:50:01,109.865058328925,3916.93981725664,16.62
10-26-2024 11:00:01,108.505398072723,3916.50472741236,16.66
10-26-2024 11:10:01,108.126466371096,3916.55625392298,16.7
10-26-2024 11:20:01,110.401513318235,3920.16331365713,16.75
10-26-2024 11:30:01,109.3393785938,3923.18815129797,16.8
10-26-2024 11:40:01,110.641739364024,3927.09234357665,16.87
10-26-2024 11:50:01,110.667645983669,3929.63436690926,16.94
10-26-2024 12:00:01,110.595263626624,3930.32374768682,17.01
10-26-2024 12:10:01,111.506280280659,3929.15741858944,17.08
10-26-2024 12:20:01,109.560974351318,3928.33194647476,17.14
10-26-2024 12:30:01,110.76355194365,3927.40771394892,17.2
10-26-2024 12:40:01,109.691009783285,3938.17231902112,17.23
10-26-2024 12:50:01,108.523477257812,3927.95565251285,17.27
10-26-2024 13:00:01,109.41949386175,3928.25426531293,17.3
10-26-2024 13:10:01,107.652930528871,3933.39838298586,17.32
10-26-2024 13:20:01,109.723216029801,3942.99755628176,17.33
10-26-2024 13:30:01,108.145762312954,3948.63199709753,17.33
10-26-2024 13:40:01,107.750129178809,3953.48326825616,17.33
10-26-2024 13:50:01,107.949198062084,3954.86113443341,17.34
10-26-2024 14:00:01,109.818826875519,3953.15349069681,17.34
10-26-2024 14:10:01,109.230044513289,3952.08366069493,17.35
10-26-2024 14:20:01,107.750889035173,3952.04018865011,17.35
10-26-2024 14:30:01,109.325122663986,3948.56995508539,17.35
10-26-2024 14:40:01,110.115297484597,3949.35986472227,17.36
10-26-2024 14:50:01,108.245849661138,3942.70778233841,17.37
10-26-2024 15:00:01,109.532497354435,3941.78409653847,17.39
10-26-2024 15:10:01,108.943509329213,3940.32077138218,17.4
10-26-2024 15:20:01,108.362090160954,3930.72656733075,17.43
10-26-2024 15:30:01,107.291439468937,3923.82164596755,17.47
10-26-2024 15:40:01,109.083157451807,3914.50891432674,17.52
10-26-2024 15:50:01,108.603801362845,3902.49406397837,17.56
10-26-2024 16:00:01,109.69850732835,3899.25420886878,17.59
10-26-2024 16:10:01,108.528521262965,3892.03564111253,17.63
10-26-2024 16:20:01,108.545944818302,3877.49531325736,17.68
10-26-2024 16:30:01,108.46849942307,3869.56668418729,17.74
10-26-2024 16:40:01,109.477233692356,3854.94894416107,17.8
10-26-2024 16:50:01,108.60978899867,3841.4967286557,17.86
10-26-2024 17:00:01,108.733763118399,3826.59680977127,17.93
10-26-2024 17:10:01,109.846444779915,3811.28646559685,18
10-26-2024 17:20:01,108.091895624134,3803.34385505555,18.07
10-26-2024 17:30:01,109.201319281645,3788.8522258369,18.13
10-26-2024 17:40:01,108.826976219534,3783.01988829168,18.19
10-26-2024 17:50:01,109.834479666722,3778.03254426968,18.24
10-26-2024 18:00:01,107.776597937429,3772.18956692813,18.3
10-26-2024 18:10:01,108.285298144275,3761.82872935528,18.34
10-26-2024 18:20:01,110.284312475816,3759.39314424831,18.39
10-26-2024 18:30:01,111.289359492394,3753.95794763259,18.43
10-26-2024 18:40:01,109.515412086953,3750.75654745808,18.46
10-26-2024 18:50:01,109.128781963467,3746.26915059378,18.49
10-26-2024 19:00:01,108.837297499437,3747.67438560242,18.51
10-26-2024 19:10:01,109.235969286881,3747.36565228626,18.52
10-26-2024 19:20:01,109.238041364865,3747.35328488443,18.53
10-26-2024 19:30:01,109.835106304747,3745.46297331391,18.54
10-26-2024 19:40:01,109.634942080781,3746.50343815145,18.54
10-26-2024 19:50:01,108.736743066157,3756.60177887595,18.53
10-26-2024 20:00:01,108.834063533303,3754.67725704317,18.53
10-26-2024 20:10:01,110.21651213239,3742.53964878101,18.52
10-26-2024 20:20:01,109.913264643427,3738.21009338,18.51
10-26-2024 20:30:01,109.011303536494,3733.4529514036,18.49
10-26-2024 20:40:01,109.299061125294,3734.32781067053,18.47
10-26-2024 20:50:01,109.586748675518,3731.8443989647,18.45
10-26-2024 21:00:01,109.378847286544,3732.52174687414,18.43
10-26-2024 21:10:01,109.963728807816,3731.71788642166,18.41
10-26-2024 21:20:01,108.860219541425,3736.11314388837,18.38
10-26-2024 21:30:01,110.62978139399,3734.88123046548,18.35
10-26-2024 21:40:01,109.530436875138,3734.86690520073,18.33
10-26-2024 21:50:01,111.006273429549,3734.65527976476,18.31
10-26-2024 22:00:01,108.916881649796,3733.65461548535,18.29
10-26-2024 22:10:01,109.697278431669,3734.33086695533,18.27
10-26-2024 22:20:01,110.477671311362,3735.07254184713,18.24
10-26-2024 22:30:01,110.463886589438,3735.22243461445,18.21
10-26-2024 22:40:01,110.648027142084,3730.74031550739,18.18
10-26-2024 22:50:01,108.95600743891,3734.96381804132,18.16
10-26-2024 23:00:01,109.049168577217,3733.01187991932,18.15
10-26-2024 23:10:01,110.816334213172,3732.47269458099,18.12
10-26-2024 23:20:01,109.916200330999,3732.75432576114,18.1
10-26-2024 23:30:01,108.52173634789,3734.41451031732,18.08
10-26-2024 23:40:01,109.402168659544,3734.59729299711,18.06
10-26-2024 23:50:01,108.898025038117,3733.5002638166,18.04
10-27-2024 00:00:01,109.283843342331,3736.04539619509,18.02
10-27-2024 00:10:01,109.863368091973,3736.68699825564,17.99
10-27-2024 00:20:01,108.568605866584,3739.62418681158,17.97
10-27-2024 00:30:01,108.756628831336,3738.92066140827,17.95
10-27-2024 00:40:01,111.312321314491,3741.23321732857,17.92
10-27-2024 00:50:01,109.029848264757,3742.59473977095,17.9
10-27-2024 01:00:01,108.621118266908,3744.51230671728,17.87
10-27-2024 01:10:01,109.891632415115,3747.11699586935,17.84
10-27-2024 01:20:01,109.980583859386,3752.50587391575,17.82
10-27-2024 01:30:01,109.868093135879,3753.14271674137,17.79
10-27-2024 01:40:01,110.347993390898,3740.42076345797,17.76
10-27-2024 01:50:01,108.557410182834,3757.950814633,17.73
10-27-2024 02:00:01,110.719100744251,3761.6641759681,17.71
10-27-2024 02:10:01,109.619723215434,3761.51308782719,17.68
10-27-2024 02:20:01,109.803354187646,3760.18443265477,17.65
10-27-2024 02:30:01,109.793535353671,3763.69887597946,17.63
10-27-2024 02:40:01,109.878439038795,3761.68357034107,17.6
10-27-2024 02:50:01,110.259168125605,3767.71153885342,17.57
10-27-2024 03:00:01,110.146748700949,3769.03010827456,17.54
10-27-2024 03:10:01,109.734697509494,3769.03856315811,17.5
10-27-2024 03:20:01,110.505525313941,3769.92898587697,17.46
10-27-2024 03:30:01,109.801872503518,3773.69519123298,17.43
10-27-2024 03:40:01,108.601991224529,3777.61979107901,17.39
10-27-2024 03:50:01,109.569573790413,3778.01733659471,17.35
10-27-2024 04:00:01,108.17333164487,3776.16354958559,17.31
10-27-2024 04:10:01,109.829725893254,3774.99589462411,17.27
10-27-2024 04:20:01,109.713632371652,3778.52407471772,17.23
10-27-2024 04:30:01,110.093544306707,3779.54349999954,17.2
10-27-2024 04:40:01,109.091913098747,3780.81991752379,17.16
10-27-2024 04:50:01,108.783154377945,3781.74056558857,17.13
10-27-2024 05:00:01,108.966281232786,3781.58595936212,17.1
10-27-2024 05:10:01,109.338268801925,3782.72723348988,17.05
10-27-2024 05:20:01,109.615630166504,3781.95080499309,17.01
10-27-2024 05:30:01,111.46941084225,3782.77261853397,16.98
10-27-2024 05:40:01,109.19506902389,3785.15563466594,16.95
10-27-2024 05:50:01,109.177537713288,3786.13538564808,16.91
10-27-2024 06:00:01,109.360341595911,3784.51705520739,16.88
10-27-2024 06:10:01,109.146345512424,3788.03190097304,16.84
10-27-2024 06:20:01,109.128821729266,3784.33087127743,16.8
10-27-2024 06:30:01,110.583820285831,3786.96659602846,16.76
10-27-2024 06:40:01,109.290074911381,3788.82134221657,16.72
10-27-2024 06:50:01,108.785736122865,3789.83472811357,16.69
10-27-2024 07:00:01,109.062610230299,3792.07711083558,16.65
10-27-2024 07:10:01,108.758516071581,3794.00189847304,16.63
10-27-2024 07:20:01,108.544924640794,3792.9330486684,16.59
10-27-2024 07:30:01,109.511919728401,3798.22569951046,16.56
10-27-2024 07:40:01,108.325502049689,3798.39709984035,16.54
10-27-2024 07:50:01,109.39415089686,3802.36191498932,16.52
10-27-2024 08:00:01,107.910148738616,3805.31560243919,16.49
10-27-2024 08:10:01,108.684512247611,3806.555348103,16.47
10-27-2024 08:20:01,108.874558549384,3810.94334410815,16.46
10-27-2024 08:30:01,109.456563950954,3815.52506105902,16.45
10-27-2024 08:40:01,109.054743826373,3816.27680267121,16.43
10-27-2024 08:50:01,110.028550444511,3816.58054312341,16.42
10-27-2024 09:00:01,109.536508239385,3812.35435793895,16.42
10-27-2024 09:10:01,110.024257958306,3815.51472594531,16.42
10-27-2024 09:20:01,109.826146696688,3808.27549961621,16.42
10-27-2024 09:30:01,108.550256124043,3806.09021696628,16.42
10-27-2024 09:40:01,109.045692207411,3803.78469809563,16.44
10-27-2024 09:50:01,108.651565832223,3804.02914507693,16.44
10-27-2024 10:00:01,109.343065626632,3797.2505464946,16.46
10-27-2024 10:10:01,108.662539363458,3794.65095683231,16.48
10-27-2024 10:20:01,110.334428139337,3790.88342424222,16.5
10-27-2024 10:30:01,110.642086335177,3784.17035489287,16.54
10-27-2024 10:40:01,109.576926737418,3774.1442496443,16.58
10-27-2024 10:50:01,108.707463371243,3764.30639695016,16.62
10-27-2024 11:00:01,109.116925420349,3757.12476508624,16.67
10-27-2024 11:10:01,109.035887523162,3750.52185576503,16.72
10-27-2024 11:20:01,109.543842149596,3743.81613452827,16.77
10-27-2024 11:30:01,109.270343110248,3742.79214539458,16.83
10-27-2024 11:40:01,107.031852649207,3739.13311134176,16.89
10-27-2024 11:50:01,107.944191915574,3730.16516242066,16.97
10-27-2024 12:00:01,107.087430619398,3725.09266299131,17.05
10-27-2024 12:10:01,109.472334320439,3718.22389823408,17.12
10-27-2024 12:20:01,107.627617969739,3715.35642677227,17.19
10-27-2024 12:30:01,108.833269738295,3707.69158398391,17.26
10-27-2024 12:40:01,108.263313391329,3702.3382970912,17.32
10-27-2024 12:50:01,108.18170979511,3697.44064566244,17.37
10-27-2024 13:00:01,107.702117402581,3690.64950229194,17.41
10-27-2024 13:10:01,108.404933864375,3687.77327249397,17.45
10-27-2024 13:20:01,108.019926465224,3687.90555194172,17.48
10-27-2024 13:30:01,109.606505543606,3686.17520822559,17.51
10-27-2024 13:40:01,106.354635740775,3687.23163303233,17.52
10-27-2024 13:50:01,107.637865850973,3690.34711725294,17.53
10-27-2024 14:00:01,106.452437644962,3687.25776005793,17.53
10-27-2024 14:10:01,106.946916073797,3688.51035592577,17.54
10-27-2024 14:20:01,105.863712025377,3684.76196297349,17.55
10-27-2024 14:30:01,106.354481150073,3683.63318657049,17.55
10-27-2024 14:40:01,106.947613165562,3684.00288475907,17.56
10-27-2024 14:50:01,107.639428563798,3678.09566558275,17.57
10-27-2024 15:00:01,106.950565518313,3677.09166800453,17.58
10-27-2024 15:10:01,107.050667328127,3676.47981371366,17.59
10-27-2024 15:20:01,105.572593674804,3676.65259585141,17.6
10-27-2024 15:30:01,107.349536200871,3673.98021344904,17.61
10-27-2024 15:40:01,106.072310488505,3669.76391165517,17.63
10-27-2024 15:50:01,107.356282844396,3665.61823781992,17.64
10-27-2024 16:00:01,106.177503325874,3664.73642663739,17.66
10-27-2024 16:10:01,106.782221669598,3651.33936359749,17.7
10-27-2024 16:20:01,107.782072108406,3640.19247392227,17.74
10-27-2024 16:30:01,106.218924835988,3625.91761756087,17.79
10-27-2024 16:40:01,106.630308255215,3616.54561695993,17.84
10-27-2024 16:50:01,105.951420995976,3607.04627681659,17.88
10-27-2024 17:00:01,105.766302286913,3599.60610138049,17.92
10-27-2024 17:10:01,105.284580605088,3591.57078213912,17.96
10-27-2024 17:20:01,105.004018290182,3585.02604980816,18.01
10-27-2024 17:30:01,104.521870436171,3580.62274496262,18.05
10-27-2024 17:40:01,104.827143005319,3574.52350030821,18.08
10-27-2024 17:50:01,106.228134480504,3569.83705894212,18.13
10-27-2024 18:00:01,104.851660391844,3561.95744917363,18.16
10-27-2024 18:10:01,104.468027870902,3558.92097286653,18.2
10-27-2024 18:20:01,104.183213934064,3554.30483459916,18.24
10-27-2024 18:30:01,106.175704194765,3547.71300176018,18.28
10-27-2024 18:40:01,105.788390792649,3546.92133710288,18.31
10-27-2024 18:50:01,105.400941712119,3546.62257178863,18.34
10-27-2024 19:00:01,104.719799596148,3544.26716517127,18.38
10-27-2024 19:10:01,103.935636809279,3539.5243708788,18.41
10-27-2024 19:20:01,103.246741876495,3538.21982800463,18.43
10-27-2024 19:30:01,104.940115603009,3538.21456207673,18.46
10-27-2024 19:40:01,104.548528360929,3537.30425220671,18.48
10-27-2024 19:50:01,104.949995522789,3535.80073839986,18.5
10-27-2024 20:00:01,105.153241594868,3534.49429473052,18.52
10-27-2024 20:10:01,104.857035872982,3536.23559488726,18.53
10-27-2024 20:20:01,104.465269004439,3532.06228190623,18.55
10-27-2024 20:30:01,103.57390180235,3534.59447009427,18.56
10-27-2024 20:40:01,104.662435572017,3535.03542982785,18.56
10-27-2024 20:50:01,104.663668761707,3534.20672418143,18.57
10-27-2024 21:00:01,105.454707905258,3537.31681757919,18.57
10-27-2024 21:10:01,105.154729606953,3536.07706454065,18.57
10-27-2024 21:20:01,105.743677986142,3536.60113026329,18.56
10-27-2024 21:30:01,105.840418413776,3537.93153343914,18.56
10-27-2024 21:40:01,104.945381108095,3535.6043960596,18.56
10-27-2024 21:50:01,104.740921797792,3538.89598765924,18.55
10-27-2024 22:00:01,105.135160007025,3538.54582789617,18.55
10-27-2024 22:10:01,103.443202514359,3536.4997526134,18.54
10-27-2024 22:20:01,104.627085401774,3539.7906744348,18.53
10-27-2024 22:30:01,104.620972166398,3539.32590074631,18.52
10-27-2024 22:40:01,105.015126798836,3537.09810984147,18.52
10-27-2024 22:50:01,104.513238210075,3540.38838570834,18.51
10-27-2024 23:00:01,104.510766134979,3546.85614011158,18.51
10-27-2024 23:10:01,106.388368406628,3551.3309705198,18.5
10-27-2024 23:20:01,105.093344391534,3550.3712811918,18.49
10-27-2024 23:30:01,105.0908606099,3548.53902397775,18.49
10-27-2024 23:40:01,106.079750322047,3549.86819837916,18.49
10-27-2024 23:50:01,104.487409364958,3549.2049818756,18.48
10-28-2024 00:00:01,104.283015918131,3545.67722027899,18.47
10-28-2024 00:10:01,105.66828638954,3549.57436395565,18.47
10-28-2024 00:20:01,104.571742126823,3549.99770025617,18.46
10-28-2024 00:30:01,105.652139317573,3556.72490924762,18.44
10-28-2024 00:40:01,104.456671457543,3555.86380926907,18.43
10-28-2024 00:50:01,105.239610564726,3557.15814631358,18.41
10-28-2024 01:00:01,105.427879498239,3560.42642086813,18.39
10-28-2024 01:10:01,105.715170833889,3566.06249621409,18.37
10-28-2024 01:20:01,104.916416492756,3569.24752990483,18.36
10-28-2024 01:30:01,105.30276110061,3568.76280503656,18.34
10-28-2024 01:40:01,106.180480873073,3571.41738642307,18.31
10-28-2024 01:50:01,104.98216764573,3575.56854863688,18.29
10-28-2024 02:00:01,104.279190063208,3580.60599926757,18.27
10-28-2024 02:10:01,105.659120970271,3582.70252582435,18.26
10-28-2024 02:20:01,106.437370141498,3586.73242768836,18.23
10-28-2024 02:30:01,104.942617797368,3591.66712739645,18.21
10-28-2024 02:40:01,105.229629355135,3594.13625001715,18.19
10-28-2024 02:50:01,106.007627430836,3596.19049519709,18.16
10-28-2024 03:00:01,106.393366696544,3597.2786355101,18.14
10-28-2024 03:10:01,106.581156111687,3599.84401432179,18.12
10-28-2024 03:20:01,105.087301633985,3601.12821119278,18.1
10-28-2024 03:30:01,106.557210273294,3605.83797645727,18.07
10-28-2024 03:40:01,104.961218860411,3605.32804697935,18.04
10-28-2024 03:50:01,106.331770480285,3605.70415992675,18.01
10-28-2024 04:00:01,105.230602547814,3608.73681018978,17.98
10-28-2024 04:10:01,106.011357426053,3605.78786491907,17.96
10-28-2024 04:20:01,105.408347077129,3606.67608344957,17.94
10-28-2024 04:30:01,104.410205107444,3606.97392670539,17.92
10-28-2024 04:40:01,105.779891359221,3609.70919473643,17.89
10-28-2024 04:50:01,105.967437829354,3608.33518068668,17.87
10-28-2024 05:00:01,106.648820865213,3608.14113863667,17.85
10-28-2024 05:10:01,105.947327209874,3608.8316702097,17.83
10-28-2024 05:20:01,106.723539344351,3609.30472875783,17.8
10-28-2024 05:30:01,105.824752675857,3610.48601631413,17.78
10-28-2024 05:40:01,103.840177804366,3609.11309594094,17.76
10-28-2024 05:50:01,105.907079453889,3608.25225656597,17.75
10-28-2024 06:00:01,106.880334305627,3609.51075005098,17.72
10-28-2024 06:10:01,105.587150472174,3608.04046339545,17.7
10-28-2024 06:20:01,105.873156989234,3607.84675219201,17.68
10-28-2024 06:30:01,105.073723047177,3611.97155494343,17.66
10-28-2024 06:40:01,105.458372769749,3611.67915409216,17.64
10-28-2024 06:50:01,106.537214309995,3608.07141779798,17.63
10-28-2024 07:00:01,105.445680547067,3607.70204429811,17.62
10-28-2024 07:10:01,106.027460274624,3607.60659348676,17.6
10-28-2024 07:20:01,105.429287176339,3610.67054156786,17.59
10-28-2024 07:30:01,105.718805022153,3601.9638471232,17.58
10-28-2024 07:40:01,104.528991161041,3607.67578550618,17.57
10-28-2024 07:50:01,105.410203076629,3607.99300666838,17.56
10-28-2024 08:00:01,105.206617867769,3604.48577027138,17.55
10-28-2024 08:10:01,105.696973361431,3607.27482001917,17.55
10-28-2024 08:20:01,105.887786515315,3606.21919995248,17.54
10-28-2024 08:30:01,104.899063643609,3604.00722838701,17.54
10-28-2024 08:40:01,105.582889199654,3605.69717537813,17.53
10-28-2024 08:50:01,105.777381370732,3604.66185080559,17.53
10-28-2024 09:00:01,105.676077927479,3603.626482637,17.53
10-28-2024 09:10:01,106.166354006351,3602.00279687903,17.53
10-28-2024 09:20:01,104.786929777025,3598.24160150513,17.54
10-28-2024 09:30:01,107.052077121079,3595.93131493952,17.54
10-28-2024 09:40:01,107.246560980966,3598.71976281648,17.54
10-28-2024 09:50:01,104.585198976845,3598.68415952129,17.55
10-28-2024 10:00:01,105.966706633441,3598.94269151486,17.56
10-28-2024 10:10:01,107.048727539691,3598.10287672015,17.56
10-28-2024 10:20:01,105.964955258909,3596.98818863603,17.57
10-28-2024 10:30:01,106.159453214652,3598.10974314946,17.57
10-28-2024 10:40:01,105.667312969224,3596.40633993088,17.58
10-28-2024 10:50:01,106.950468444071,3597.84155262375,17.59
10-28-2024 11:00:01,106.063764239218,3597.41302670002,17.6
10-28-2024 11:10:01,104.48646130563,3594.33545736824,17.61
10-28-2024 11:20:01,105.572462327406,3599.49903968518,17.62
10-28-2024 11:30:01,104.681868658089,3599.34521895987,17.62
10-28-2024 11:40:01,105.66928189693,3595.87463556751,17.63
10-28-2024 11:50:01,103.697037649503,3594.56232027519,17.64
10-28-2024 12:00:01,105.276486841541,3593.15159243039,17.65
10-28-2024 12:10:01,105.175042016629,3592.99752738583,17.65
10-28-2024 12:20:01,104.485245687272,3589.03463122775,17.66
10-28-2024 12:30:01,104.78212429261,3589.19352595062,17.67
10-28-2024 12:40:01,105.177714364168,3590.13767737804,17.68
10-28-2024 12:50:01,105.577048453736,3587.46810055426,17.7
10-28-2024 13:00:01,105.479253513583,3587.03759992239,17.71
10-28-2024 13:10:01,105.187717827263,3582.79551509013,17.73
10-28-2024 13:20:01,104.698671403511,3578.25734742819,17.75
10-28-2024 13:30:01,104.703169517173,3577.25401206268,17.77
10-28-2024 13:40:01,104.612573029093,3576.56258425763,17.8
10-28-2024 13:50:01,105.604655180048,3577.22900476143,17.82
10-28-2024 14:00:01,103.831368221891,3576.12638731929,17.84
10-28-2024 14:10:01,104.827245574382,3572.5830047446,17.87
10-28-2024 14:20:01,104.930544640908,3570.3974423352,17.89
10-28-2024 14:30:01,104.935053486855,3569.58787699305,17.91
10-28-2024 14:40:01,106.026599119103,3569.26975143793,17.93
10-28-2024 14:50:01,105.335700112255,3567.16396165528,17.94
10-28-2024 15:00:01,104.249386943498,3571.35361645331,17.95
10-28-2024 15:10:01,104.444202317326,3572.47690895067,17.95
10-28-2024 15:20:01,104.046015907952,3567.59943087866,17.95
10-28-2024 15:30:01,105.327986259292,3567.93565559725,17.95
10-28-2024 15:40:01,103.051965422327,3566.89462069312,17.95
10-28-2024 15:50:01,105.721308916662,3562.91873046218,17.96
10-28-2024 16:00:01,103.942962253224,3565.43576398811,17.97
10-28-2024 16:10:01,106.015817170553,3562.1314823594,17.97
10-28-2024 16:20:01,105.028177603824,3564.15655281944,17.98
10-28-2024 16:30:01,103.641397730689,3560.65511854397,17.98
10-28-2024 16:40:01,102.7524149039,3554.80780652104,17.99
10-28-2024 16:50:01,105.718910935145,3553.78167020362,18
10-28-2024 17:00:01,104.03900402182,3553.54266080853,18.01
10-28-2024 17:10:01,104.336349798391,3550.05544784159,18.02
10-28-2024 17:20:01,104.538502894802,3546.68103674201,18.04
10-28-2024 17:30:01,105.132588781602,3545.85047473512,18.05
10-28-2024 17:40:01,105.235959954824,3544.54222034636,18.07
10-28-2024 17:50:01,103.555338067663,3543.31725115216,18.08
10-28-2024 18:00:01,105.63316995825,3542.68291374522,18.09
10-28-2024 18:10:01,104.249124393091,3542.14689969326,18.1
10-28-2024 18:20:01,106.125631166812,3546.61919175456,18.1
10-28-2024 18:30:01,105.628115299432,3546.65939674245,18.1
10-28-2024 18:40:01,104.141421055323,3548.57086538029,18.1
10-28-2024 18:50:01,105.32549399032,3548.02004404575,18.1
10-28-2024 19:00:01,104.732718191203,3545.21868076191,18.11
10-28-2024 19:10:01,104.033682597939,3546.42582131326,18.1
10-28-2024 19:20:01,105.415578721307,3545.28393006025,18.1
10-28-2024 19:30:01,103.9288649663,3545.02840390666,18.1
10-28-2024 19:40:01,103.826991573484,3543.49246604133,18.1
10-28-2024 19:50:01,104.417536410673,3544.02477153604,18.1
10-28-2024 20:00:01,104.711325003318,3537.85972329114,18.1
10-28-2024 20:10:01,102.825364122844,3541.03680874364,18.09
10-28-2024 20:20:01,105.983828905561,3544.11489341568,18.08
10-28-2024 20:30:01,105.185907894841,3543.8446104781,18.07
10-28-2024 20:40:01,104.886226909053,3544.77046958307,18.07
10-28-2024 20:50:01,105.073664983355,3544.38706655538,18.05
10-28-2024 21:00:01,104.671454003174,3547.75914910091,18.04
10-28-2024 21:10:01,104.760003141882,3547.86748857704,18.02
10-28-2024 21:20:01,104.947388647645,3548.95991024051,18
10-28-2024 21:30:01,105.632696698182,3551.14940177527,17.99
10-28-2024 21:40:01,105.131724120545,3554.02729595124,17.98
10-28-2024 21:50:01,105.417849823078,3551.77343828173,17.96
10-28-2024 22:00:01,104.719300414368,3554.15870217983,17.95
10-28-2024 22:10:01,104.613790414836,3554.47790561545,17.94
10-28-2024 22:20:01,105.104908805335,3555.59924539396,17.94
10-28-2024 22:30:01,105.197018000416,3557.78703693426,17.93
10-28-2024 22:40:01,104.297307005353,3560.64717283191,17.91
10-28-2024 22:50:01,106.764538916544,3563.2432678116,17.91
10-28-2024 23:00:01,105.769671772938,3562.47986041754,17.9
10-28-2024 23:10:01,105.960504417956,3566.53451360425,17.89
10-28-2024 23:20:01,106.253860325546,3565.39370955699,17.89
10-28-2024 23:30:01,106.152015396421,3565.62942225712,17.89
10-28-2024 23:40:01,107.136958135092,3568.42156057044,17.89
10-28-2024 23:50:01,106.047113065266,3566.49401982448,17.89
10-29-2024 00:00:01,106.241654130505,3568.40113929633,17.89
10-29-2024 00:10:01,105.839662762735,3571.56995425496,17.88
10-29-2024 00:20:01,107.022120893768,3577.31124566779,17.88
10-29-2024 00:30:01,106.422523683054,3576.25171189149,17.87
10-29-2024 00:40:01,105.230296239401,3579.71423194185,17.86
10-29-2024 00:50:01,106.708954861573,3582.80034028308,17.86
10-29-2024 01:00:01,105.813100870697,3585.96712801638,17.85
10-29-2024 01:10:01,106.106346399641,3586.39896263887,17.85
10-29-2024 01:20:01,106.099509491221,3588.28743148663,17.84
10-29-2024 01:30:01,105.800103582215,3592.55233854775,17.84
10-29-2024 01:40:01,105.398214112319,3594.44011496713,17.83
10-29-2024 01:50:01,106.774044163717,3593.87079119991,17.82
10-29-2024 02:00:01,104.795742099718,3594.40060883992,17.82
10-29-2024 02:10:01,105.974011278794,3598.74444680111,17.81
10-29-2024 02:20:01,106.358389901286,3603.75646820492,17.79
10-29-2024 02:30:01,105.162967521543,3608.17750684185,17.77
10-29-2024 02:40:01,106.53832006799,3613.79540443141,17.76
10-29-2024 02:50:01,106.918717469548,3616.32797146639,17.73
10-29-2024 03:00:01,106.710606627896,3620.74491513142,17.71
10-29-2024 03:10:01,105.614356289166,3629.97078607167,17.69
10-29-2024 03:20:01,105.402724832017,3630.73150853675,17.66
10-29-2024 03:30:01,106.773396989433,3634.5549456622,17.64
10-29-2024 03:40:01,105.279271624947,3637.37457282214,17.61
10-29-2024 03:50:01,105.85678066107,3638.3292770913,17.58
10-29-2024 04:00:01,105.451711480598,3643.03173162303,17.56
10-29-2024 04:10:01,105.831822901755,3643.59256408966,17.53
10-29-2024 04:20:01,106.116964428052,3644.27309931755,17.51
10-29-2024 04:30:01,106.003998618731,3644.34341225351,17.48
10-29-2024 04:40:01,106.088171228746,3647.35322210301,17.45
10-29-2024 04:50:01,104.300132256028,3646.24728822114,17.42
10-29-2024 05:00:01,105.373446589233,3648.88574048178,17.4
10-29-2024 05:10:01,104.669611752413,3650.03211036789,17.37
10-29-2024 05:20:01,107.704835232922,3650.27456376215,17.33
10-29-2024 05:30:01,106.016186832521,3651.32215558025,17.3
10-29-2024 05:40:01,107.285471777653,3650.92393111523,17.28
10-29-2024 05:50:01,105.400482269726,3651.579670628,17.25
10-29-2024 06:00:01,105.677740026249,3652.11492575585,17.21
10-29-2024 06:10:01,107.33622074313,3648.37020279402,17.18
10-29-2024 06:20:01,106.436124810578,3651.27439244116,17.15
10-29-2024 06:30:01,106.716748160354,3651.14764085152,17.12
10-29-2024 06:40:01,106.010023615355,3652.65959748711,17.08
10-29-2024 06:50:01,105.307306036164,3652.63031468395,17.05
10-29-2024 07:00:01,106.374446967712,3651.23394356899,17.02
10-29-2024 07:10:01,105.966783579613,3653.35288020866,16.99
10-29-2024 07:20:01,106.440010380412,3653.59395795546,16.95
10-29-2024 07:30:01,106.232743600693,3655.53858052732,16.93
10-29-2024 07:40:01,105.432314003588,3654.53316062186,16.9
10-29-2024 07:50:01,106.596732097693,3653.52823582587,16.87
10-29-2024 08:00:01,105.702001586722,3653.71628524633,16.85
10-29-2024 08:10:01,107.066225794647,3646.49384723241,16.83
10-29-2024 08:20:01,106.171635327324,3650.09510195072,16.81
10-29-2024 08:30:01,107.044565500306,3652.23309832958,16.79
10-29-2024 08:40:01,106.939339359977,3652.34592661626,16.78
10-29-2024 08:50:01,107.423161859203,3648.3654112522,16.77
10-29-2024 09:00:01,107.32172023784,3647.23333833299,16.77
10-29-2024 09:10:01,105.649498688109,3645.12662573664,16.77
10-29-2024 09:20:01,106.529784278755,3646.62587504427,16.77
10-29-2024 09:30:01,106.52650445249,3644.03177721526,16.77
10-29-2024 09:40:01,106.526979308166,3644.87022788746,16.78
10-29-2024 09:50:01,108.000219775448,3641.90722298149,16.79
10-29-2024 10:00:01,105.746112746583,3635.06510108181,16.81
10-29-2024 10:10:01,106.441452767108,3632.92155344661,16.84
10-29-2024 10:20:01,106.543889356235,3630.65898822942,16.86
10-29-2024 10:30:01,105.369296093487,3635.90651249172,16.88
10-29-2024 10:40:01,105.770085023518,3632.88357850477,16.91
10-29-2024 10:50:01,106.46205135944,3628.57026104985,16.93
10-29-2024 11:00:01,106.466256505128,3627.86661651107,16.95
10-29-2024 11:10:01,105.78991244076,3623.6881422745,16.99
10-29-2024 11:20:01,106.300582539077,3619.15510252559,17.05
10-29-2024 11:30:01,106.024697257588,3621.65350882595,17.11
10-29-2024 11:40:01,105.650226637671,3623.86080831199,17.17
10-29-2024 11:50:01,105.373929149352,3619.61433774311,17.23
10-29-2024 12:00:01,106.472155237123,3616.12737521616,17.28
10-29-2024 12:10:01,105.995236333673,3613.8121976099,17.33
10-29-2024 12:20:01,105.605391185941,3610.85121083272,17.35
10-29-2024 12:30:01,105.722908878099,3607.66938745601,17.41
10-29-2024 12:40:01,104.351090086879,3609.42643817088,17.44
10-29-2024 12:50:01,107.016106087175,3607.93174200863,17.46
10-29-2024 13:00:01,104.745909022209,3607.96760629749,17.46
10-29-2024 13:10:01,106.516588359853,3611.3351343198,17.46
10-29-2024 13:20:01,106.710334895887,3610.09702331998,17.46
10-29-2024 13:30:01,105.816201606303,3605.70486227328,17.45
10-29-2024 13:40:01,105.13035369874,3601.26915061144,17.47
10-29-2024 13:50:01,106.408299886836,3601.5007874538,17.47
10-29-2024 14:00:01,104.338732231031,3595.18385779265,17.48
10-29-2024 14:10:01,105.029021682298,3593.8646109735,17.49
10-29-2024 14:20:01,104.832162033995,3589.40837397415,17.5
10-29-2024 14:30:01,105.621136907146,3584.06909581207,17.51
10-29-2024 14:40:01,106.903156064611,3585.3954858636,17.52
10-29-2024 14:50:01,106.213372575373,3587.50638642592,17.53
10-29-2024 15:00:01,106.217490607351,3581.10316016843,17.55
10-29-2024 15:10:01,105.133087635978,3580.07587603359,17.56
10-29-2024 15:20:01,104.640275794971,3579.53874811879,17.57
10-29-2024 15:30:01,104.841467946554,3578.13470048762,17.59
10-29-2024 15:40:01,105.535912968631,3572.31527295228,17.61
10-29-2024 15:50:01,102.872725355865,3568.34305903571,17.62
10-29-2024 16:00:01,104.951977678721,3556.84321490694,17.65
10-29-2024 16:10:01,103.479409510543,3547.59552792151,17.68
10-29-2024 16:20:01,104.378755681866,3542.0874844612,17.72
10-29-2024 16:30:01,105.27479227176,3537.34889876466,17.75
10-29-2024 16:40:01,106.269869319824,3531.23259231655,17.78
10-29-2024 16:50:01,105.293916696483,3532.49533699591,17.82
10-29-2024 17:00:01,104.21873513,3524.61663769368,17.86
10-29-2024 17:10:01,103.633459274127,3522.4246497236,17.89
10-29-2024 17:20:01,105.119407097667,3518.0566807268,17.91
10-29-2024 17:30:01,105.127076957323,3515.66532791771,17.94
10-29-2024 17:40:01,105.032194091253,3513.85225965446,17.96
10-29-2024 17:50:01,104.933583315737,3510.84722740673,17.97
10-29-2024 18:00:01,104.439558356105,3511.58070155171,17.98
10-29-2024 18:10:01,103.949121369612,3513.60422624656,18
10-29-2024 18:20:01,107.211885625074,3511.58220963625,18.01
10-29-2024 18:30:01,104.341259337857,3514.3719518645,18.01
10-29-2024 18:40:01,104.238898141949,3516.47271432929,18.01
10-29-2024 18:50:01,104.927467042001,3520.34498334279,18.01
10-29-2024 19:00:01,105.121698291036,3520.87094737568,18.01
10-29-2024 19:10:01,102.745390143938,3519.92057602522,18.01
10-29-2024 19:20:01,104.913244130359,3517.77811897391,18
10-29-2024 19:30:01,103.525674494738,3514.56427877817,18
10-29-2024 19:40:01,103.613756465329,3515.3636819446,17.98
10-29-2024 19:50:01,104.298514317984,3517.45272159092,17.97
10-29-2024 20:00:01,104.686674079011,3516.19647386522,17.96
10-29-2024 20:10:01,105.561468057782,3516.68938012877,17.93
10-29-2024 20:20:01,105.05640170829,3512.66925882038,17.91
10-29-2024 20:30:01,104.448969481435,3518.07873397302,17.88
10-29-2024 20:40:01,103.74296275672,3517.39139219057,17.85
10-29-2024 20:50:01,104.822264106083,3520.26434829613,17.84
10-29-2024 21:00:01,103.42144718827,3522.31684959024,17.8
10-29-2024 21:10:01,104.291964515981,3523.68051835942,17.76
10-29-2024 21:20:01,104.774651173811,3527.12861927583,17.74
10-29-2024 21:30:01,104.763704633765,3524.19306200914,17.72
10-29-2024 21:40:01,104.259293263591,3531.76344958379,17.7
10-29-2024 21:50:01,106.119574020541,3531.17209220023,17.67
10-29-2024 22:00:01,106.00980015307,3532.65377467603,17.65
10-29-2024 22:10:01,103.926981231589,3537.07868500201,17.63
10-29-2024 22:20:01,103.715198394774,3539.91992873735,17.6
10-29-2024 22:30:01,104.690604682828,3540.90898754923,17.58
10-29-2024 22:40:01,105.764398674312,3544.74173062674,17.56
10-29-2024 22:50:01,104.865887258195,3545.8277626822,17.54
10-29-2024 23:00:01,105.837065301165,3552.78221733257,17.51
10-29-2024 23:10:01,104.544491698869,3555.04272990056,17.49
10-29-2024 23:20:01,105.219764592828,3557.09270601677,17.46
10-29-2024 23:30:01,106.095649359025,3562.29092635023,17.44
10-29-2024 23:40:01,105.887438064745,3565.52829267343,17.42
10-29-2024 23:50:01,105.774047867264,3570.61073602556,17.39
10-30-2024 00:00:01,106.251703960121,3573.73250906349,17.36
10-30-2024 00:10:01,104.664681426822,3576.9660355591,17.34
10-30-2024 00:20:01,105.142380764044,3578.71484228227,17.31
10-30-2024 00:30:01,105.714629020361,3584.26319761087,17.27
10-30-2024 00:40:01,105.601338985811,3587.57449626803,17.24
10-30-2024 00:50:01,106.373847742287,3590.29745695785,17.21
10-30-2024 01:00:01,106.752482077592,3593.21469663155,17.18
10-30-2024 01:10:01,105.064899350994,3597.01033963474,17.15
10-30-2024 01:20:01,107.021320739228,3596.71638627627,17.13
10-30-2024 01:30:01,104.543632001528,3597.65920184409,17.09
10-30-2024 01:40:01,106.204416663207,3599.70986359013,17.07
10-30-2024 01:50:01,106.881528438421,3601.85755104517,17.05
10-30-2024 02:00:01,106.17826568525,3605.06142281506,17.02
10-30-2024 02:10:01,106.359898772707,3607.48276985506,16.99
10-30-2024 02:20:01,106.541465019304,3606.29158839766,16.96
10-30-2024 02:30:01,106.33368578895,3611.1689219935,16.94
10-30-2024 02:40:01,105.532682173749,3615.92895387008,16.91
10-30-2024 02:50:01,105.616056802382,3622.0523714567,16.88
10-30-2024 03:00:01,105.994051778418,3627.1001848378,16.85
10-30-2024 03:10:01,105.586303178555,3628.92820076665,16.82
10-30-2024 03:20:01,105.865980024302,3631.14527151506,16.79
10-30-2024 03:30:01,104.8656878955,3636.94726869289,16.75
10-30-2024 03:40:01,103.77132523047,3639.35611632824,16.72
10-30-2024 03:50:01,106.308105599466,3640.98465906466,16.69
10-30-2024 04:00:01,106.10062531397,3641.65878919499,16.67
10-30-2024 04:10:01,105.497039668718,3644.74657546941,16.64
10-30-2024 04:20:01,106.757263863284,3645.01014761418,16.61
10-30-2024 04:30:01,105.863296219802,3643.54215367081,16.59
10-30-2024 04:40:01,106.244339571791,3646.93994526273,16.57
10-30-2024 04:50:01,106.817602012574,3647.98115726897,16.54
10-30-2024 05:00:01,105.920224456758,3647.27120346328,16.51
10-30-2024 05:10:01,106.101286189766,3649.77044955328,16.48
10-30-2024 05:20:01,107.364061812315,3650.92823137885,16.46
10-30-2024 05:30:01,104.507279366507,3651.38446791271,16.43
10-30-2024 05:40:01,104.30025808048,3650.9865957794,16.41
10-30-2024 05:50:01,106.342663524227,3652.90008794272,16.38
10-30-2024 06:00:01,106.229672877797,3653.64703263292,16.35
10-30-2024 06:10:01,107.099764285825,3655.96852467298,16.33
10-30-2024 06:20:01,106.69292745011,3657.78258710398,16.3
10-30-2024 06:30:01,104.324640228392,3657.63312803875,16.26
10-30-2024 06:40:01,106.756787076549,3658.18423262458,16.23
10-30-2024 06:50:01,106.937370306854,3659.80236648812,16.2
10-30-2024 07:00:01,105.552422695982,3661.90476670896,16.17
10-30-2024 07:10:01,106.218509519352,3663.49977514623,16.13
10-30-2024 07:20:01,105.906316110821,3664.89994025177,16.09
10-30-2024 07:30:01,106.184660424186,3666.90248839153,16.06
10-30-2024 07:40:01,105.77855469484,3667.15999193866,16.03
10-30-2024 07:50:01,108.004069960707,3665.5335631378,15.98
10-30-2024 08:00:01,106.913786420427,3668.98683851019,15.95
10-30-2024 08:10:01,105.726161962133,3668.85645335471,15.92
10-30-2024 08:20:01,105.316733319918,3668.99467235113,15.88
10-30-2024 08:30:01,106.08314359149,3667.50976753971,15.85
10-30-2024 08:40:01,106.36480236857,3666.53087753676,15.83
10-30-2024 08:50:01,105.86524554428,3664.00462154764,15.81
10-30-2024 09:00:01,104.783669469161,3661.40362981889,15.8
10-30-2024 09:10:01,105.459594846363,3661.80115970076,15.79
10-30-2024 09:20:01,106.037812909485,3656.29950034272,15.78
10-30-2024 09:30:01,106.326852055098,3658.65224591051,15.78
10-30-2024 09:40:01,106.811141222354,3659.36093538543,15.78
10-30-2024 09:50:01,105.932382341967,3656.02862523227,15.79
10-30-2024 10:00:01,106.127538522294,3653.85639180525,15.8
10-30-2024 10:10:01,106.033522956489,3650.54328296699,15.82
10-30-2024 10:20:01,106.521674294418,3648.66020831585,15.83
10-30-2024 10:30:01,104.66970361111,3647.66758199752,15.85
10-30-2024 10:40:01,106.138310571823,3644.54552095982,15.87
10-30-2024 10:50:01,105.852604509047,3640.66756292044,15.9
10-30-2024 11:00:01,104.394286819969,3640.56366158321,15.93
10-30-2024 11:10:01,105.085443358099,3638.61959735572,15.96
10-30-2024 11:20:01,106.175307062301,3632.35320609746,16.01
10-30-2024 11:30:01,103.745669738945,3634.12599733334,16.06
10-30-2024 11:40:01,104.737958157744,3626.20440012549,16.11
10-30-2024 11:50:01,105.049646082816,3625.5693074268,16.17
10-30-2024 12:00:01,105.067919703147,3626.00097590464,16.23
10-30-2024 12:10:01,104.698250947688,3621.40199826601,16.3
10-30-2024 12:20:01,103.733327800292,3616.85975029649,16.35
10-30-2024 12:30:01,105.801140233474,3609.4786572106,16.39
10-30-2024 12:40:01,104.930330803933,3613.36797225895,16.43
10-30-2024 12:50:01,105.725249021225,3610.35626121108,16.47
10-30-2024 13:00:01,103.772070806573,3607.81197363786,16.5
10-30-2024 13:10:01,106.479821460577,3658.78302495299,17.19
10-30-2024 13:20:01,107.248207663188,3683.61116463299,19.2
10-30-2024 13:30:01,104.113300982581,3721.23940076597,16.93
10-30-2024 13:40:01,106.599576498398,3696.95521773853,16.76
10-30-2024 13:50:01,105.885917616282,3688.85473523984,16.7
10-30-2024 14:00:01,106.157519619069,3688.18446866904,16.65
10-30-2024 14:10:01,106.53841302186,3681.74285871205,16.63
10-30-2024 14:20:01,107.119208903233,3681.26340158411,16.62
10-30-2024 14:30:01,108.292333692632,3681.68262136598,16.62
10-30-2024 14:40:01,106.330344921351,3674.92033656697,16.63
10-30-2024 14:50:01,106.722564206722,3671.17508750881,16.64
10-30-2024 15:00:01,107.216762403561,3664.82150145595,16.66
10-30-2024 15:10:01,107.420542132165,3660.23974481851,16.69
10-30-2024 15:20:01,106.737270692255,3656.9015878039,16.71
10-30-2024 15:30:01,106.638948689111,3654.22390654629,16.72
10-30-2024 15:40:01,106.940853604514,3647.5908775565,16.75
10-30-2024 15:50:01,107.824193925864,3644.81402271596,16.76
10-30-2024 16:00:01,107.827938804283,3643.03075332055,16.78
10-30-2024 16:10:01,106.951791050867,3638.43896672828,16.81
10-30-2024 16:20:01,108.035707561178,3628.95087142995,16.83
10-30-2024 16:30:01,107.257565399501,3626.30432930022,16.86
10-30-2024 16:40:01,106.773876997292,3619.75436657378,16.89
10-30-2024 16:50:01,107.178170675244,3614.2917276644,16.93
10-30-2024 17:00:01,107.873621394783,3605.78298872198,16.96
10-30-2024 17:10:01,105.423840645757,3599.61320897053,16.99
10-30-2024 17:20:01,104.943188279184,3598.04593776024,17.03
10-30-2024 17:30:01,105.143245994137,3593.22274252356,17.05
10-30-2024 17:40:01,106.723926602059,3590.8555183109,17.08
10-30-2024 17:50:01,105.649351370652,3588.58479155078,17.11
10-30-2024 18:00:01,105.452330599177,3592.63534647673,17.12
10-30-2024 18:10:01,106.628704223,3594.42295956265,17.12
10-30-2024 18:20:01,105.84147808195,3596.61718694709,17.13
10-30-2024 18:30:01,108.107815775919,3595.60179922377,17.15
10-30-2024 18:40:01,106.730190026159,3595.05923679961,17.16
10-30-2024 18:50:01,106.4347613966,3595.68973146718,17.17
10-30-2024 19:00:01,107.123312260139,3598.96018437788,17.18
10-30-2024 19:10:01,105.548571677621,3600.37322030498,17.19
10-30-2024 19:20:01,106.233350249594,3603.72596773362,17.19
10-30-2024 19:30:01,106.426088818896,3605.12301930583,17.19
10-30-2024 19:40:01,106.217609422189,3606.87819325767,17.17
10-30-2024 19:50:01,106.311921812352,3606.31961338547,17.17
10-30-2024 20:00:01,105.316390486092,3605.92375530743,17.15
10-30-2024 20:10:01,105.013420080805,3607.79247077606,17.14
10-30-2024 20:20:01,107.169823735227,3612.10427615563,17.13
10-30-2024 20:30:01,108.240021735222,3610.14406416537,17.11
10-30-2024 20:40:01,106.355628582912,3611.97816953584,17.08
10-30-2024 20:50:01,106.048919199519,3610.50716399737,17.06
10-30-2024 21:00:01,105.836828425389,3613.02409761879,17.03
10-30-2024 21:10:01,106.80442063746,3614.07531367172,17
10-30-2024 21:20:01,106.592262995525,3614.93082226108,16.97
10-30-2024 21:30:01,106.376373338197,3619.0867028549,16.93
10-30-2024 21:40:01,106.651776468522,3620.89876119851,16.89
10-30-2024 21:50:01,106.930877854163,3619.89894033207,16.86
10-30-2024 22:00:01,106.817051919951,3618.6070901858,16.83
10-30-2024 22:10:01,104.932121435225,3621.19775958984,16.79
10-30-2024 22:20:01,106.094852123898,3622.34265359334,16.76
10-30-2024 22:30:01,106.66446334425,3626.00241720858,16.72
10-30-2024 22:40:01,105.471330762483,3628.02217393227,16.69
10-30-2024 22:50:01,104.769159799827,3631.69637490801,16.66
10-30-2024 23:00:01,104.950084154121,3636.73179305561,16.63
10-30-2024 23:10:01,105.428919805948,3636.62492688933,16.61
10-30-2024 23:20:01,103.742731430546,3643.00060249745,16.57
10-30-2024 23:30:01,106.574767527514,3646.49258998834,16.55
10-30-2024 23:40:01,109.210078173467,3648.42706073012,16.53
10-30-2024 23:50:01,108.017757660722,3652.38367466807,16.5
10-31-2024 00:00:01,107.123691792892,3653.92751149055,16.48
10-31-2024 00:10:01,108.287858781499,3656.05419473433,16.46
10-31-2024 00:20:01,108.271971344169,3661.46486239145,16.43
10-31-2024 00:30:01,106.888344926293,3666.69943228667,16.41
10-31-2024 00:40:01,106.092803933477,3670.08614099335,16.39
10-31-2024 00:50:01,107.644421456813,3670.63324740792,16.36
10-31-2024 01:00:01,106.950768223371,3673.84505827709,16.35
10-31-2024 01:10:01,106.441675310476,3680.77893044685,16.31
10-31-2024 01:20:01,108.485938235558,3685.52008323825,16.29
10-31-2024 01:30:01,108.469996216096,3688.97528143158,16.26
10-31-2024 01:40:01,107.377433300199,3694.36981960006,16.23
10-31-2024 01:50:01,108.046680038231,3694.71655683259,16.2
10-31-2024 02:00:01,107.643298272481,3696.92920932611,16.18
10-31-2024 02:10:01,108.899284144426,3699.796883142,16.15
10-31-2024 02:20:01,108.194670110974,3705.16064303834,16.11
10-31-2024 02:30:01,107.103050202655,3706.18311615983,16.08
10-31-2024 02:40:01,107.967302106482,3709.91862712656,16.05
10-31-2024 02:50:01,108.143058292873,3712.07805372682,16.01
10-31-2024 03:00:01,110.179625654642,3715.90703508876,15.98
10-31-2024 03:10:01,107.036319798638,3716.05450220778,15.95
10-31-2024 03:20:01,107.802225212389,3717.3636633964,15.92
10-31-2024 03:30:01,107.684821776236,3720.8736278957,15.88
10-31-2024 03:40:01,108.934704124384,3724.38143368826,15.84
10-31-2024 03:50:01,108.235147371982,3723.94645647649,15.81
10-31-2024 04:00:01,107.824837540796,3727.83824087479,15.77
10-31-2024 04:10:01,107.512305937295,3729.11756981142,15.73
10-31-2024 04:20:01,106.910988113984,3731.00143040947,15.7
10-31-2024 04:30:01,108.261199916423,3730.37220844907,15.67
10-31-2024 04:40:01,109.220750513293,3731.38551320691,15.64
10-31-2024 04:50:01,108.810582651458,3734.30425142065,15.6
10-31-2024 05:00:01,107.81941626248,3736.47470292598,15.57
10-31-2024 05:10:01,107.608541551597,3733.5282854519,15.54
10-31-2024 05:20:01,108.3725221316,3737.91750742271,15.51
10-31-2024 05:30:01,108.750302120314,3738.18193558602,15.49
10-31-2024 05:40:01,107.95463992271,3736.10517817741,15.46
10-31-2024 05:50:01,107.93872184964,3740.00888198166,15.43
10-31-2024 06:00:01,108.893072448896,3737.3283687411,15.39
10-31-2024 06:10:01,107.708228564858,3740.84413616383,15.36
10-31-2024 06:20:01,109.741301715836,3738.02380055505,15.34
10-31-2024 06:30:01,108.264528044301,3739.70734624151,15.31
10-31-2024 06:40:01,109.319430066431,3742.83508130422,15.28
10-31-2024 06:50:01,108.431125861195,3746.46934820412,15.26
10-31-2024 07:00:01,109.189782242877,3747.25678756292,15.22
10-31-2024 07:10:01,108.204471486991,3751.85139013888,15.2
10-31-2024 07:20:01,108.962912378966,3754.46541486981,15.16
10-31-2024 07:30:01,109.437101108765,3756.36243739742,15.14
10-31-2024 07:40:01,109.13305093159,3759.89445322126,15.12
10-31-2024 07:50:01,109.505899846242,3759.06921603379,15.09
10-31-2024 08:00:01,108.521245989443,3759.52188055985,15.07
10-31-2024 08:10:01,109.477417166366,3761.48545636501,15.04
10-31-2024 08:20:01,108.687455180383,3762.51438726768,15.02
10-31-2024 08:30:01,109.067996609393,3765.68544576886,15.01
10-31-2024 08:40:01,109.059688546238,3764.33827733084,15
10-31-2024 08:50:01,108.662596298808,3760.68455626522,14.99
10-31-2024 09:00:01,108.561009171005,3762.72918342781,14.99
10-31-2024 09:10:01,109.042589223202,3764.19708274233,14.99
10-31-2024 09:20:01,108.552213569588,3757.97581510063,14.99
10-31-2024 09:30:01,108.551706187724,3757.45231415261,15
10-31-2024 09:40:01,109.61650547449,3765.45644889192,15
10-31-2024 09:50:01,109.130020268137,3760.22305325844,15.01
10-31-2024 10:00:01,109.234618030433,3752.25413989948,15.04
10-31-2024 10:10:01,109.537680218207,3749.21269607555,15.08
10-31-2024 10:20:01,108.572517190979,3750.18361059867,15.11
10-31-2024 10:24:30,110.09900217517,3704.55930225237,17.73
10-31-2024 10:29:30,111.839501923059,3756.14134244665,21.82
10-31-2024 10:34:30,110.747053938948,3765.11725995143,22.49
10-31-2024 10:39:30,109.654602052659,3687.85178476006,16.29
10-31-2024 10:44:30,110.429684834197,3708.48683234105,17.98
10-31-2024 10:49:30,110.247196047594,3702.24006364135,17.42
10-31-2024 10:54:30,110.867925939668,3720.27206211416,18.83
10-31-2024 10:59:30,110.54828993185,3709.88817520019,17.94
10-31-2024 11:04:30,111.202431881453,3728.60588252741,19.42
10-31-2024 11:09:30,81.6074137201754,2354.5432491859,20.8
10-31-2024 11:14:30,84.0373810560327,2372.81232914797,22.25
10-31-2024 11:19:30,86.4673505646239,2391.08217807539,23.4
10-31-2024 11:24:30,88.8973222459494,2385.36171506285,23.22
10-31-2024 11:29:30,91.3272961000091,2400.46551301718,24.36
10-31-2024 11:34:30,93.757272126803,2372.71894312368,17.21
10-31-2024 11:39:30,96.187250326331,2344.97314219551,16.38
10-31-2024 11:44:30,98.6172306985932,2317.22811023269,16.09
10-31-2024 11:49:30,101.04721324359,2289.4838472352,15.98
10-31-2024 11:54:30,103.47719796132,2261.74035320305,15.92
10-31-2024 11:59:30,105.907184851785,2233.99762813625,15.87
10-31-2024 12:04:30,108.337173914984,2248.16106488529,15.84
10-31-2024 12:09:30,110.767165150917,2261.46734439873,15.82
10-31-2024 12:14:30,113.197158559585,2269.08365880462,15.81
10-31-2024 12:19:30,115.627154140986,2282.30932112685,15.8
10-31-2024 12:24:30,114.937180276332,2287.33459146707,15.8
10-31-2024 12:29:30,116.102329499241,2291.68357877311,15.8
10-31-2024 12:34:30,116.584015294685,2291.10052761935,15.8
10-31-2024 12:39:30,116.191574564264,2294.79642046124,15.81
10-31-2024 12:44:30,117.552083070936,2301.46960206555,15.81
10-31-2024 12:49:30,117.843222643856,2307.97363480784,15.82
10-31-2024 12:54:30,116.957887078832,2309.71534309202,15.82
10-31-2024 12:59:30,117.346669465889,2308.67614056124,15.83
10-31-2024 13:04:30,117.730796259228,2313.1284103457,15.83
10-31-2024 13:09:30,117.729009785989,2317.12216664305,15.84
10-31-2024 13:14:30,117.722523248877,2319.25432102465,15.84
10-31-2024 13:19:30,119.185722742136,2330.21722303289,15.85
10-31-2024 13:24:30,119.179240550493,2326.83583670695,15.85
10-31-2024 13:34:30,118.689191740756,2326.77041797184,15.86
10-31-2024 13:39:30,118.487372093311,2329.29313945137,15.86
10-31-2024 13:44:30,117.69952921479,2331.23602769952,15.86
10-31-2024 13:49:30,119.162905474462,2333.39924927969,15.87
10-31-2024 13:54:30,118.858635193731,2331.44696384588,15.86
10-31-2024 13:59:30,120.31722954802,2333.19862492446,15.86
10-31-2024 14:04:30,118.162002751543,2332.04804398475,15.86
10-31-2024 14:09:30,119.718272351935,2325.0922100431,15.86
10-31-2024 14:14:30,119.125784311089,2326.26557582097,15.86
10-31-2024 14:19:30,120.389045555043,2325.50436990843,15.86
10-31-2024 14:24:30,121.163954468557,2323.77626263335,15.86
10-31-2024 14:29:30,119.497093038927,2318.17824301208,15.86
10-31-2024 14:34:30,120.174335397273,2316.54844070047,15.86
10-31-2024 14:39:30,119.093503716922,2316.37091284601,15.86
10-31-2024 14:44:30,120.06860432471,2311.96124833116,15.87
10-31-2024 14:49:30,119.769127709544,2308.68850175589,15.87
10-31-2024 14:54:30,120.353599062987,2307.08624509609,15.88
10-31-2024 14:59:30,119.96126520993,2304.61348756734,15.89
10-31-2024 15:04:30,119.373504330947,2302.04440314104,15.9
10-31-2024 15:09:30,119.757837133314,2297.61253019673,15.9
10-31-2024 15:14:30,118.290751721623,2295.14117226591,15.91
10-31-2024 15:19:30,119.950028260062,2292.37984733632,15.92
10-31-2024 15:24:30,119.459888117213,2289.52212717546,15.93
10-31-2024 15:29:30,120.826278396906,2285.8901963406,15.94
10-31-2024 15:34:30,119.749815918072,2282.64589423115,15.95
10-31-2024 15:39:30,118.375304911535,2280.25065911343,15.95
10-31-2024 15:44:30,119.057715138184,2278.55681350526,15.96
10-31-2024 15:49:30,120.135983316599,2274.36794723626,15.98
10-31-2024 15:54:30,119.547963069413,2270.64082643962,15.99
10-31-2024 15:59:30,120.039955115883,2269.45487677873,16.01
10-31-2024 16:04:30,119.842871868723,2266.89090874805,16.02
10-31-2024 16:09:30,120.041677403641,2267.45019289091,16.04
10-31-2024 16:14:30,119.649016279246,2259.16948154607,16.05
10-31-2024 16:19:30,118.381044020332,2257.98486067853,16.07
10-31-2024 16:24:30,118.477188834252,2258.52417300372,16.08
10-31-2024 16:29:30,117.404483036104,2253.07526748002,16.1
10-31-2024 16:34:30,119.363772331365,2250.43755008499,16.12
10-31-2024 16:39:30,120.834381853499,2244.69661650095,16.14
10-31-2024 16:44:30,119.766430915518,2241.78810960347,16.17
10-31-2024 16:49:30,120.161129625922,2239.82916170858,16.19
10-31-2024 16:54:30,117.326422196347,2238.45273321681,16.21
10-31-2024 16:59:30,117.818816660035,2235.13586409544,16.23
10-31-2024 17:04:30,119.38806815174,2234.43958618472,16.25
10-31-2024 17:09:30,118.608156197184,2230.05507068905,16.27
10-31-2024 17:14:30,118.317610676603,2226.4468642057,16.29
10-31-2024 17:19:30,118.810353578765,2229.34471994125,16.31
10-31-2024 17:24:30,118.612918878742,2229.11664595473,16.32
10-31-2024 17:29:30,119.791332912014,2232.3088291211,16.34
10-31-2024 17:34:30,119.1042218301,2227.32288530083,16.35
10-31-2024 17:39:30,118.02525044561,2232.73167195591,16.36
10-31-2024 17:44:30,117.925679625494,2234.74177122655,16.37
10-31-2024 17:49:30,119.192685667569,2234.20639592385,16.37
10-31-2024 17:54:30,118.015648362538,2233.40074660685,16.38
10-31-2024 17:59:30,119.380688067591,2236.07324137158,16.38
10-31-2024 18:04:30,119.379156337355,2235.56084650021,16.39
10-31-2024 18:09:30,119.083721751056,2234.75769337953,16.4
10-31-2024 18:14:30,119.767997244182,2232.7890534542,16.41
10-31-2024 18:19:30,117.214315684399,2237.02032952417,16.41
10-31-2024 18:24:30,119.858121367534,2237.28879304733,16.42
10-31-2024 18:29:30,119.366704769293,2234.93375925575,16.43
10-31-2024 18:34:30,119.262370001901,2234.21090526761,16.43
10-31-2024 18:39:30,118.77089746195,2232.63476619429,16.44
10-31-2024 18:44:30,119.259334070486,2229.89265232457,16.45
10-31-2024 18:49:30,118.47380653345,2231.7204203821,16.46
10-31-2024 18:54:30,118.668265580074,2227.61828498527,16.47
10-31-2024 18:59:30,118.862749471906,2230.80919397278,16.48
10-31-2024 19:04:30,121.012693825488,2227.75716973942,16.48
10-31-2024 19:09:30,119.442996987523,2230.17203778385,16.49
10-31-2024 19:14:30,119.240628104309,2229.84422580078,16.49
10-31-2024 19:19:30,119.43517711211,2231.58033659227,16.5
10-31-2024 19:24:30,120.600226348146,2231.91378145475,16.49
10-31-2024 19:29:30,118.633534491074,2231.97725818542,16.49
10-31-2024 19:34:30,120.195503790858,2232.62497660803,16.49
10-31-2024 19:39:30,119.307017635514,2232.00927308837,16.49
10-31-2024 19:44:30,117.0462773813,2232.75577489609,16.49
10-31-2024 19:49:30,119.490417945318,2229.51598203746,16.49
10-31-2024 19:54:30,118.597140626391,2233.45169083798,16.48
10-31-2024 19:59:30,117.610700193453,2229.72746045892,16.48
10-31-2024 20:04:30,118.677727460688,2231.71965646839,16.47
10-31-2024 20:09:30,117.201310511441,2231.10858200145,16.47
10-31-2024 20:14:30,119.346322698774,2232.12970455659,16.46
10-31-2024 20:19:30,118.948011847279,2233.1729592573,16.46
10-31-2024 20:24:30,119.039711698587,2234.41142805376,16.46
10-31-2024 20:29:30,119.518569171817,2231.0596852485,16.45
10-31-2024 20:34:30,119.311439549223,2232.95835196827,16.44
10-31-2024 20:39:30,119.300304994128,2231.35822105832,16.43
10-31-2024 20:44:30,118.407356914379,2230.24499055598,16.42
10-31-2024 20:49:30,121.041577000733,2235.54679694824,16.41
10-31-2024 20:54:30,118.870228621348,2235.9675260417,16.39
10-31-2024 20:59:30,120.916234450575,2233.30172599883,16.38
10-31-2024 21:04:30,119.72959677048,2234.81465393881,16.37
10-31-2024 21:09:30,119.914344275028,2235.84230265661,16.36
10-31-2024 21:14:30,119.3107054422,2234.71128270321,16.34
10-31-2024 21:19:30,119.397518044163,2235.44866761216,16.33
10-31-2024 21:24:30,119.680170953066,2233.66161388099,16.32
10-31-2024 21:29:30,119.179443084689,2234.01191264745,16.31
10-31-2024 21:34:30,119.657905884953,2236.79036365509,16.3
10-31-2024 21:39:30,120.430039436511,2235.7824402967,16.29
10-31-2024 21:44:30,119.630883026933,2234.85007129043,16.27
10-31-2024 21:49:30,118.83172879009,2237.21873677989,16.25
10-31-2024 21:54:30,119.407934649442,2240.58064514969,16.24
10-31-2024 21:59:30,119.8862023745,2236.47006517768,16.23
10-31-2024 22:04:30,119.772337111103,2240.87732901702,16.21
10-31-2024 22:09:30,119.956931755958,2242.68753800465,16.2
10-31-2024 22:14:30,120.435064759798,2242.55781401452,16.19
10-31-2024 22:19:30,119.347592508343,2240.77964119222,16.18
10-31-2024 22:24:30,118.553768909937,2243.75552939837,16.17
10-31-2024 22:29:30,118.542724438981,2242.851872941,16.16
10-31-2024 22:34:30,119.11866574496,2242.62795654724,16.15
10-31-2024 22:39:30,118.520643637035,2245.12018152999,16.14
10-31-2024 22:44:30,117.433592956918,2245.47933575678,16.13
10-31-2024 22:49:30,118.498573687768,2242.73628109575,16.12
10-31-2024 22:54:30,119.465627426887,2248.04172250264,16.11
10-31-2024 22:59:30,119.063332317037,2248.11179471416,16.1
10-31-2024 23:04:30,120.225843122143,2249.34584239752,16.09
10-31-2024 23:09:30,120.997056688447,2250.28958910335,16.08
10-31-2024 23:14:30,119.719533534652,2250.38579793675,16.08
10-31-2024 23:19:30,121.175240470373,2250.26462757767,16.07
10-31-2024 23:24:30,120.8707283293,2252.95480298473,16.06
10-31-2024 23:29:30,118.610743683656,2254.48232102807,16.05
10-31-2024 23:34:30,119.381882187239,2255.52577735633,16.04
10-31-2024 23:39:30,119.561493468141,2256.73862662069,16.02
10-31-2024 23:44:30,118.963903280386,2261.17382928475,16.01
10-31-2024 23:49:30,120.028095964485,2257.47170520428,16
10-31-2024 23:54:30,120.310231210673,2257.25800711565,15.99
10-31-2024 23:59:30,119.228856543287,2260.55728463354,15.99
