time,temp
09-03-2024 00:06:00,25.34
09-03-2024 00:16:00,25.33
09-03-2024 00:26:00,25.32
09-03-2024 00:36:00,25.31
09-03-2024 00:46:00,25.29
09-03-2024 00:56:00,25.27
09-03-2024 01:06:00,25.24
09-03-2024 01:16:00,25.22
09-03-2024 01:26:00,25.18
09-03-2024 01:36:00,25.15
09-03-2024 01:46:00,25.1
09-03-2024 01:56:00,25.05
09-03-2024 02:06:00,25
09-03-2024 02:16:00,24.95
09-03-2024 02:26:00,24.9
09-03-2024 02:36:00,24.82
09-03-2024 02:46:00,24.76
09-03-2024 02:56:00,24.7
09-03-2024 03:06:00,24.64
09-03-2024 03:16:00,24.57
09-03-2024 03:26:00,24.49
09-03-2024 03:36:00,24.42
09-03-2024 03:46:00,24.35
09-03-2024 03:56:00,24.27
09-03-2024 04:06:00,24.19
09-03-2024 04:16:00,24.12
09-03-2024 04:26:00,24.05
09-03-2024 04:36:00,23.96
09-03-2024 04:46:00,23.88
09-03-2024 04:56:00,23.81
09-03-2024 05:06:00,23.72
09-03-2024 05:16:00,23.65
09-03-2024 05:26:00,23.57
09-03-2024 05:36:00,23.5
09-03-2024 05:46:00,23.43
09-03-2024 05:56:00,23.36
09-03-2024 06:06:00,23.29
09-03-2024 06:16:00,23.22
09-03-2024 06:26:00,23.15
09-03-2024 06:36:00,23.08
09-03-2024 06:46:00,23.02
09-03-2024 06:56:00,22.95
09-03-2024 07:06:00,22.89
09-03-2024 07:16:00,22.83
09-03-2024 07:26:00,22.78
09-03-2024 07:36:00,22.72
09-03-2024 07:46:00,22.67
09-03-2024 07:56:00,22.62
09-03-2024 08:06:00,22.59
09-03-2024 08:16:00,22.56
09-03-2024 08:26:00,22.54
09-03-2024 08:36:00,22.52
09-03-2024 08:46:00,22.5
09-03-2024 08:56:00,22.48
09-03-2024 09:06:00,22.46
09-03-2024 09:16:00,22.45
09-03-2024 09:26:00,22.45
09-03-2024 09:36:00,22.45
09-03-2024 09:46:00,22.45
09-03-2024 09:56:00,22.46
09-03-2024 10:06:00,22.47
09-03-2024 10:16:00,22.48
09-03-2024 10:26:00,22.49
09-03-2024 10:36:00,22.51
09-03-2024 10:46:00,22.54
09-03-2024 10:56:00,22.58
09-03-2024 11:06:00,22.61
09-03-2024 11:16:00,22.65
09-03-2024 11:26:00,22.71
09-03-2024 11:36:00,22.78
09-03-2024 11:46:00,22.86
09-03-2024 11:56:00,22.94
09-03-2024 12:06:00,23.02
09-03-2024 12:16:00,23.11
09-03-2024 12:26:00,23.21
09-03-2024 12:36:00,23.29
09-03-2024 12:46:00,23.38
09-03-2024 12:56:00,23.47
09-03-2024 13:06:00,23.56
09-03-2024 13:16:00,23.65
09-03-2024 13:26:00,23.72
09-03-2024 13:36:00,23.79
09-03-2024 13:46:00,23.87
09-03-2024 13:56:00,23.92
09-03-2024 14:06:00,23.96
09-03-2024 14:16:00,24
09-03-2024 14:26:00,24.01
09-03-2024 14:36:00,24.01
09-03-2024 14:46:00,24.01
09-03-2024 14:56:00,24
09-03-2024 15:06:00,23.98
09-03-2024 15:16:00,23.95
09-03-2024 15:26:00,23.93
09-03-2024 15:36:00,23.92
09-03-2024 15:46:00,23.9
09-03-2024 15:56:00,23.88
09-03-2024 16:06:00,23.86
09-03-2024 16:16:00,23.84
09-03-2024 16:26:00,23.83
09-03-2024 16:36:00,23.83
09-03-2024 16:46:00,23.84
09-03-2024 16:56:00,23.87
09-03-2024 17:06:00,23.9
09-03-2024 17:16:00,23.94
09-03-2024 17:26:00,23.99
09-03-2024 17:36:00,24.05
09-03-2024 17:46:00,24.11
09-03-2024 17:56:00,24.14
09-03-2024 18:06:00,24.2
09-03-2024 18:16:00,24.26
09-03-2024 18:26:00,24.32
09-03-2024 18:36:00,24.39
09-03-2024 18:46:00,24.46
09-03-2024 18:56:00,24.53
09-03-2024 19:06:00,24.6
09-03-2024 19:16:00,24.67
09-03-2024 19:26:00,24.73
09-03-2024 19:36:00,24.83
09-03-2024 19:46:00,24.9
09-03-2024 19:56:00,24.97
09-03-2024 20:06:00,25.06
09-03-2024 20:16:00,25.13
09-03-2024 20:26:00,25.2
09-03-2024 20:36:00,25.26
09-03-2024 20:46:00,25.33
09-03-2024 20:56:00,25.39
09-03-2024 21:06:00,25.44
09-03-2024 21:16:00,25.5
09-03-2024 21:26:00,25.54
09-03-2024 21:36:00,25.59
09-03-2024 21:46:00,25.62
09-03-2024 21:56:00,25.67
09-03-2024 22:06:00,25.7
09-03-2024 22:16:00,25.73
09-03-2024 22:26:00,25.76
09-03-2024 22:36:00,25.79
09-03-2024 22:46:00,25.83
09-03-2024 22:56:00,25.85
09-03-2024 23:06:00,25.87
09-03-2024 23:16:00,25.89
09-03-2024 23:26:00,25.91
09-03-2024 23:36:00,25.91
09-03-2024 23:46:00,25.92
09-03-2024 23:56:00,25.91
09-04-2024 00:06:00,25.9
09-04-2024 00:16:00,25.87
09-04-2024 00:26:00,25.85
09-04-2024 00:36:00,25.82
09-04-2024 00:46:00,25.79
09-04-2024 00:56:00,25.76
09-04-2024 01:06:00,25.7
09-04-2024 01:16:00,25.65
09-04-2024 01:26:00,25.6
09-04-2024 01:36:00,25.53
09-04-2024 01:46:00,25.45
09-04-2024 01:56:00,25.39
09-04-2024 02:06:00,25.32
09-04-2024 02:16:00,25.24
09-04-2024 02:26:00,25.18
09-04-2024 02:36:00,25.12
09-04-2024 02:46:00,25.04
09-04-2024 02:56:00,24.98
09-04-2024 03:06:00,24.91
09-04-2024 03:16:00,24.84
09-04-2024 03:26:00,24.76
09-04-2024 03:36:00,24.68
09-04-2024 03:46:00,24.61
09-04-2024 03:56:00,24.53
09-04-2024 04:06:00,24.46
09-04-2024 04:16:00,24.39
09-04-2024 04:26:00,24.32
09-04-2024 04:36:00,24.24
09-04-2024 04:46:00,24.17
09-04-2024 04:56:00,24.11
09-04-2024 05:06:00,24.05
09-04-2024 05:16:00,23.98
09-04-2024 05:26:00,23.92
09-04-2024 05:36:00,23.86
09-04-2024 05:46:00,23.8
09-04-2024 05:56:00,23.75
09-04-2024 06:06:00,23.7
09-04-2024 06:16:00,23.64
09-04-2024 06:26:00,23.59
09-04-2024 06:36:00,23.53
09-04-2024 06:46:00,23.48
09-04-2024 06:56:00,23.42
09-04-2024 07:06:00,23.37
09-04-2024 07:16:00,23.31
09-04-2024 07:26:00,23.25
09-04-2024 07:36:00,23.2
09-04-2024 07:46:00,23.14
09-04-2024 07:56:00,23.09
09-04-2024 08:06:00,23.04
09-04-2024 08:16:00,23
09-04-2024 08:26:00,22.96
09-04-2024 08:36:00,22.93
09-04-2024 08:46:00,22.9
09-04-2024 08:56:00,22.88
09-04-2024 09:06:00,22.86
09-04-2024 09:16:00,22.84
09-04-2024 09:26:00,22.83
09-04-2024 09:36:00,22.84
09-04-2024 09:46:00,22.85
09-04-2024 09:56:00,22.85
09-04-2024 10:06:00,22.86
09-04-2024 10:16:00,22.87
09-04-2024 10:26:00,22.88
09-04-2024 10:36:00,22.9
09-04-2024 10:46:00,22.93
09-04-2024 10:56:00,22.98
09-04-2024 11:06:00,23.01
09-04-2024 11:16:00,23.06
09-04-2024 11:26:00,23.13
09-04-2024 11:36:00,23.2
09-04-2024 11:46:00,23.29
09-04-2024 11:56:00,23.37
09-04-2024 12:06:00,23.46
09-04-2024 12:16:00,23.55
09-04-2024 12:26:00,23.65
09-04-2024 12:36:00,23.73
09-04-2024 12:46:00,23.83
09-04-2024 12:56:00,23.92
09-04-2024 13:06:00,24.01
09-04-2024 13:16:00,24.08
09-04-2024 13:26:00,24.16
09-04-2024 13:36:00,24.22
09-04-2024 13:46:00,24.28
09-04-2024 13:56:00,24.33
09-04-2024 14:06:00,24.36
09-04-2024 14:16:00,24.37
09-04-2024 14:26:00,24.38
09-04-2024 14:36:00,24.38
09-04-2024 14:46:00,24.37
09-04-2024 14:56:00,24.36
09-04-2024 15:06:00,24.35
09-04-2024 15:16:00,24.35
09-04-2024 15:26:00,24.34
09-04-2024 15:36:00,24.34
09-04-2024 15:46:00,24.34
09-04-2024 15:56:00,24.33
09-04-2024 16:06:00,24.33
09-04-2024 16:16:00,24.32
09-04-2024 16:26:00,24.32
09-04-2024 16:36:00,24.32
09-04-2024 16:46:00,24.33
09-04-2024 16:56:00,24.36
09-04-2024 17:06:00,24.39
09-04-2024 17:16:00,24.43
09-04-2024 17:26:00,24.46
09-04-2024 17:36:00,24.51
09-04-2024 17:46:00,24.56
09-04-2024 17:56:00,24.58
09-04-2024 18:06:00,24.64
09-04-2024 18:16:00,24.69
09-04-2024 18:26:00,24.74
09-04-2024 18:36:00,24.79
09-04-2024 18:46:00,24.86
09-04-2024 18:56:00,24.92
09-04-2024 19:06:00,24.97
09-04-2024 19:16:00,25.04
09-04-2024 19:26:00,25.09
09-04-2024 19:36:00,25.15
09-04-2024 19:46:00,25.21
09-04-2024 19:56:00,25.25
09-04-2024 20:06:00,25.32
09-04-2024 20:16:00,25.4
09-04-2024 20:26:00,25.43
09-04-2024 20:36:00,25.5
09-04-2024 20:46:00,25.55
09-04-2024 20:56:00,25.61
09-04-2024 21:06:00,25.65
09-04-2024 21:16:00,25.69
09-04-2024 21:26:00,25.73
09-04-2024 21:36:00,25.76
09-04-2024 21:46:00,25.78
09-04-2024 21:56:00,25.83
09-04-2024 22:06:00,25.83
09-04-2024 22:16:00,25.85
09-04-2024 22:26:00,25.87
09-04-2024 22:36:00,25.88
09-04-2024 22:46:00,25.89
09-04-2024 22:56:00,25.9
09-04-2024 23:06:00,25.91
09-04-2024 23:16:00,25.91
09-04-2024 23:26:00,25.91
09-04-2024 23:36:00,25.92
09-04-2024 23:46:00,25.92
09-04-2024 23:56:00,25.91
09-05-2024 00:06:00,25.9
09-05-2024 00:16:00,25.89
09-05-2024 00:26:00,25.88
09-05-2024 00:36:00,25.87
09-05-2024 00:46:00,25.85
09-05-2024 00:56:00,25.83
09-05-2024 01:06:00,25.81
09-05-2024 01:16:00,25.78
09-05-2024 01:26:00,25.75
09-05-2024 01:36:00,25.72
09-05-2024 01:46:00,25.68
09-05-2024 01:56:00,25.63
09-05-2024 02:06:00,25.59
09-05-2024 02:16:00,25.54
09-05-2024 02:26:00,25.49
09-05-2024 02:36:00,25.43
09-05-2024 02:46:00,25.38
09-05-2024 02:56:00,25.31
09-05-2024 03:06:00,25.24
09-05-2024 03:16:00,25.18
09-05-2024 03:26:00,25.12
09-05-2024 03:36:00,25.05
09-05-2024 03:46:00,24.97
09-05-2024 03:56:00,24.89
09-05-2024 04:06:00,24.81
09-05-2024 04:16:00,24.75
09-05-2024 04:26:00,24.68
09-05-2024 04:36:00,24.6
09-05-2024 04:46:00,24.53
09-05-2024 04:56:00,24.46
09-05-2024 05:06:00,24.39
09-05-2024 05:16:00,24.32
09-05-2024 05:26:00,24.26
09-05-2024 05:36:00,24.19
09-05-2024 05:46:00,24.13
09-05-2024 05:56:00,24.06
09-05-2024 06:06:00,24
09-05-2024 06:16:00,23.93
09-05-2024 06:26:00,23.87
09-05-2024 06:36:00,23.81
09-05-2024 06:46:00,23.75
09-05-2024 06:56:00,23.69
09-05-2024 07:06:00,23.64
09-05-2024 07:16:00,23.57
09-05-2024 07:26:00,23.52
09-05-2024 07:36:00,23.47
09-05-2024 07:46:00,23.42
09-05-2024 07:56:00,23.37
09-05-2024 08:06:00,23.33
09-05-2024 08:16:00,23.3
09-05-2024 08:26:00,23.27
09-05-2024 08:36:00,23.24
09-05-2024 08:46:00,23.23
09-05-2024 08:56:00,23.21
09-05-2024 09:06:00,23.2
09-05-2024 09:16:00,23.19
09-05-2024 09:26:00,23.19
09-05-2024 09:36:00,23.2
09-05-2024 09:46:00,23.2
09-05-2024 09:56:00,23.21
09-05-2024 10:06:00,23.21
09-05-2024 10:16:00,23.22
09-05-2024 10:26:00,23.24
09-05-2024 10:36:00,23.26
09-05-2024 10:46:00,23.28
09-05-2024 10:56:00,23.32
09-05-2024 11:06:00,23.36
09-05-2024 11:16:00,23.4
09-05-2024 11:26:00,23.46
09-05-2024 11:36:00,23.53
09-05-2024 11:46:00,23.61
09-05-2024 11:56:00,23.69
09-05-2024 12:06:00,23.78
09-05-2024 12:16:00,23.86
09-05-2024 12:26:00,23.96
09-05-2024 12:36:00,24.07
09-05-2024 12:46:00,24.18
09-05-2024 12:56:00,24.27
09-05-2024 13:06:00,24.34
09-05-2024 13:16:00,24.41
09-05-2024 13:26:00,24.47
09-05-2024 13:36:00,24.49
09-05-2024 13:46:00,24.56
09-05-2024 13:56:00,24.59
09-05-2024 14:06:00,24.61
09-05-2024 14:16:00,24.63
09-05-2024 14:26:00,24.64
09-05-2024 14:36:00,24.65
09-05-2024 14:46:00,24.65
09-05-2024 14:56:00,24.65
09-05-2024 15:06:00,24.65
09-05-2024 15:16:00,24.65
09-05-2024 15:26:00,24.65
09-05-2024 15:36:00,24.66
09-05-2024 15:46:00,24.66
09-05-2024 15:56:00,24.67
09-05-2024 16:06:00,24.68
09-05-2024 16:16:00,24.68
09-05-2024 16:26:00,24.7
09-05-2024 16:36:00,24.73
09-05-2024 16:46:00,24.78
09-05-2024 16:56:00,24.84
09-05-2024 17:06:00,24.88
09-05-2024 17:16:00,24.95
09-05-2024 17:26:00,25
09-05-2024 17:36:00,25.06
09-05-2024 17:46:00,25.12
09-05-2024 17:56:00,25.17
09-05-2024 18:06:00,25.21
09-05-2024 18:16:00,25.28
09-05-2024 18:26:00,25.34
09-05-2024 18:36:00,25.4
09-05-2024 18:46:00,25.47
09-05-2024 18:56:00,25.53
09-05-2024 19:06:00,25.59
09-05-2024 19:16:00,25.67
09-05-2024 19:26:00,25.72
09-05-2024 19:36:00,25.79
09-05-2024 19:46:00,25.84
09-05-2024 19:56:00,25.9
09-05-2024 20:06:00,25.96
09-05-2024 20:16:00,26.01
09-05-2024 20:26:00,26.06
09-05-2024 20:36:00,26.11
09-05-2024 20:46:00,26.16
09-05-2024 20:56:00,26.2
09-05-2024 21:06:00,26.23
09-05-2024 21:16:00,26.26
09-05-2024 21:26:00,26.29
09-05-2024 21:36:00,26.31
09-05-2024 21:46:00,26.33
09-05-2024 21:56:00,26.35
09-05-2024 22:06:00,26.36
09-05-2024 22:16:00,26.37
09-05-2024 22:26:00,26.39
09-05-2024 22:36:00,26.4
09-05-2024 22:46:00,26.41
09-05-2024 22:56:00,26.42
09-05-2024 23:06:00,26.42
09-05-2024 23:16:00,26.43
09-05-2024 23:26:00,26.43
09-05-2024 23:36:00,26.44
09-05-2024 23:46:00,26.43
09-05-2024 23:56:00,26.42
09-07-2024 00:06:00,26.47
09-07-2024 00:16:00,26.46
09-07-2024 00:26:00,26.45
09-07-2024 00:36:00,26.44
09-07-2024 00:46:00,26.42
09-07-2024 00:56:00,26.4
09-07-2024 01:06:00,26.36
09-07-2024 01:16:00,26.32
09-07-2024 01:26:00,26.29
09-07-2024 01:36:00,26.25
09-07-2024 01:46:00,26.21
09-07-2024 01:56:00,26.17
09-07-2024 02:06:00,26.12
09-07-2024 02:16:00,26.06
09-07-2024 02:26:00,26.01
09-07-2024 02:36:00,25.94
09-07-2024 02:46:00,25.89
09-07-2024 02:56:00,25.83
09-07-2024 03:06:00,25.78
09-07-2024 03:16:00,25.71
09-07-2024 03:26:00,25.66
09-07-2024 03:36:00,25.59
09-07-2024 03:46:00,25.54
09-07-2024 03:56:00,25.47
09-07-2024 04:06:00,25.41
09-07-2024 04:16:00,25.35
09-07-2024 04:26:00,25.28
09-07-2024 04:36:00,25.22
09-07-2024 04:46:00,25.16
09-07-2024 04:56:00,25.11
09-07-2024 05:06:00,25.05
09-07-2024 05:16:00,25
09-07-2024 05:26:00,24.94
09-07-2024 05:36:00,24.89
09-07-2024 05:46:00,24.84
09-07-2024 05:56:00,24.78
09-07-2024 06:06:00,24.74
09-07-2024 06:16:00,24.69
09-07-2024 06:26:00,24.64
09-07-2024 06:36:00,24.6
09-07-2024 06:46:00,24.55
09-07-2024 06:56:00,24.51
09-07-2024 07:06:00,24.46
09-07-2024 07:16:00,24.42
09-07-2024 07:26:00,24.37
09-07-2024 07:36:00,24.33
09-07-2024 07:46:00,24.29
09-07-2024 07:56:00,24.26
09-07-2024 08:06:00,24.22
09-07-2024 08:16:00,24.2
09-07-2024 08:26:00,24.17
09-07-2024 08:36:00,24.16
09-07-2024 08:46:00,24.14
09-07-2024 08:56:00,24.13
09-07-2024 09:06:00,24.12
09-07-2024 09:16:00,24.12
09-07-2024 09:26:00,24.12
09-07-2024 09:36:00,24.12
09-07-2024 09:46:00,24.12
09-07-2024 09:56:00,24.12
09-07-2024 10:06:00,24.13
09-07-2024 10:16:00,24.14
09-07-2024 10:26:00,24.16
09-07-2024 10:36:00,24.18
09-07-2024 10:46:00,24.2
09-07-2024 10:56:00,24.22
09-07-2024 11:06:00,24.25
09-07-2024 11:16:00,24.28
09-07-2024 11:26:00,24.33
09-07-2024 11:36:00,24.39
09-07-2024 11:46:00,24.45
09-07-2024 11:56:00,24.52
09-07-2024 12:06:00,24.59
09-07-2024 12:16:00,24.67
09-07-2024 12:26:00,24.74
09-07-2024 12:36:00,24.83
09-07-2024 12:46:00,24.91
09-07-2024 12:56:00,25
09-07-2024 13:06:00,25.07
09-07-2024 13:16:00,25.13
09-07-2024 13:26:00,25.17
09-07-2024 13:36:00,25.23
09-07-2024 13:46:00,25.28
09-07-2024 13:56:00,25.32
09-07-2024 14:06:00,25.37
09-07-2024 14:16:00,25.4
09-07-2024 14:26:00,25.42
09-07-2024 14:36:00,25.43
09-07-2024 14:46:00,25.42
09-07-2024 14:56:00,25.41
09-07-2024 15:06:00,25.41
09-07-2024 15:16:00,25.41
09-07-2024 15:26:00,25.41
09-07-2024 15:36:00,25.4
09-07-2024 15:46:00,25.39
09-07-2024 15:56:00,25.39
09-07-2024 16:06:00,25.38
09-07-2024 16:16:00,25.39
09-07-2024 16:26:00,25.41
09-07-2024 16:36:00,25.45
09-07-2024 16:46:00,25.49
09-07-2024 16:56:00,25.53
09-07-2024 17:06:00,25.59
09-07-2024 17:16:00,25.65
09-07-2024 17:26:00,25.71
09-07-2024 17:36:00,25.76
09-07-2024 17:46:00,25.83
09-07-2024 17:56:00,25.89
09-07-2024 18:06:00,25.96
09-07-2024 18:16:00,26.03
09-07-2024 18:26:00,26.1
09-07-2024 18:36:00,26.17
09-07-2024 18:46:00,26.24
09-07-2024 18:56:00,26.3
09-07-2024 19:06:00,26.38
09-07-2024 19:16:00,26.46
09-07-2024 19:26:00,26.53
09-07-2024 19:36:00,26.61
09-07-2024 19:46:00,26.67
09-07-2024 19:56:00,26.74
09-07-2024 20:06:00,26.8
09-07-2024 20:16:00,26.86
09-07-2024 20:26:00,26.91
09-07-2024 20:36:00,26.96
09-07-2024 20:46:00,27
09-07-2024 20:56:00,27.04
09-07-2024 21:06:00,27.07
09-07-2024 21:16:00,27.09
09-07-2024 21:26:00,27.13
09-07-2024 21:36:00,27.14
09-07-2024 21:46:00,27.15
09-07-2024 21:56:00,27.16
09-07-2024 22:06:00,27.19
09-07-2024 22:16:00,27.2
09-07-2024 22:26:00,27.21
09-07-2024 22:36:00,27.23
09-07-2024 22:46:00,27.23
09-07-2024 22:56:00,27.22
09-07-2024 23:06:00,27.22
09-07-2024 23:16:00,27.21
09-07-2024 23:26:00,27.21
09-07-2024 23:36:00,27.2
09-07-2024 23:46:00,27.21
09-07-2024 23:56:00,27.2
09-08-2024 00:06:00,27.19
09-08-2024 00:16:00,27.18
09-08-2024 00:26:00,27.17
09-08-2024 00:36:00,27.16
09-08-2024 00:46:00,27.14
09-08-2024 00:56:00,27.09
09-08-2024 01:06:00,27.03
09-08-2024 01:16:00,26.98
09-08-2024 01:26:00,26.93
09-08-2024 01:36:00,26.88
09-08-2024 01:46:00,26.84
09-08-2024 01:56:00,26.81
09-08-2024 02:06:00,26.75
09-08-2024 02:16:00,26.67
09-08-2024 02:26:00,26.62
09-08-2024 02:36:00,26.56
09-08-2024 02:46:00,26.51
09-08-2024 02:56:00,26.47
09-08-2024 03:06:00,26.4
09-08-2024 03:16:00,26.33
09-08-2024 03:26:00,26.26
09-08-2024 03:36:00,26.2
09-08-2024 03:46:00,26.14
09-08-2024 03:56:00,26.07
09-08-2024 04:06:00,26.01
09-08-2024 04:16:00,25.94
09-08-2024 04:26:00,25.88
09-08-2024 04:36:00,25.82
09-08-2024 04:46:00,25.76
09-08-2024 04:56:00,25.69
09-08-2024 05:06:00,25.62
09-08-2024 05:16:00,25.57
09-08-2024 05:26:00,25.5
09-08-2024 05:36:00,25.44
09-08-2024 05:46:00,25.38
09-08-2024 05:56:00,25.31
09-08-2024 06:06:00,25.25
09-08-2024 06:16:00,25.19
09-08-2024 06:26:00,25.13
09-08-2024 06:36:00,25.07
09-08-2024 06:46:00,25.01
09-08-2024 06:56:00,24.95
09-08-2024 07:06:00,24.9
09-08-2024 07:16:00,24.85
09-08-2024 07:26:00,24.79
09-08-2024 07:36:00,24.74
09-08-2024 07:46:00,24.7
09-08-2024 07:56:00,24.66
09-08-2024 08:06:00,24.62
09-08-2024 08:16:00,24.59
09-08-2024 08:26:00,24.57
09-08-2024 08:36:00,24.55
09-08-2024 08:46:00,24.53
09-08-2024 08:56:00,24.52
09-08-2024 09:06:00,24.51
09-08-2024 09:16:00,24.51
09-08-2024 09:26:00,24.51
09-08-2024 09:36:00,24.51
09-08-2024 09:46:00,24.52
09-08-2024 09:56:00,24.53
09-08-2024 10:06:00,24.54
09-08-2024 10:16:00,24.55
09-08-2024 10:26:00,24.57
09-08-2024 10:36:00,24.61
09-08-2024 10:46:00,24.63
09-08-2024 10:56:00,24.66
09-08-2024 11:06:00,24.69
09-08-2024 11:16:00,24.73
09-08-2024 11:26:00,24.78
09-08-2024 11:36:00,24.82
09-08-2024 11:46:00,24.88
09-08-2024 11:56:00,24.95
09-08-2024 12:06:00,25.02
09-08-2024 12:16:00,25.1
09-08-2024 12:26:00,25.19
09-08-2024 12:36:00,25.27
09-08-2024 12:46:00,25.35
09-08-2024 12:56:00,25.43
09-08-2024 13:06:00,25.51
09-08-2024 13:16:00,25.59
09-08-2024 13:26:00,25.66
09-08-2024 13:36:00,25.73
09-08-2024 13:46:00,25.77
09-08-2024 13:56:00,25.82
09-08-2024 14:06:00,25.88
09-08-2024 14:16:00,25.91
09-08-2024 14:26:00,25.94
09-08-2024 14:36:00,25.95
09-08-2024 14:46:00,25.96
09-08-2024 14:56:00,25.96
09-08-2024 15:06:00,25.95
09-08-2024 15:16:00,25.95
09-08-2024 15:26:00,25.95
09-08-2024 15:36:00,25.95
09-08-2024 15:46:00,25.95
09-08-2024 15:56:00,25.95
09-08-2024 16:06:00,25.96
09-08-2024 16:16:00,25.96
09-08-2024 16:26:00,25.97
09-08-2024 16:36:00,25.98
09-08-2024 16:46:00,26
09-08-2024 16:56:00,26.03
09-08-2024 17:06:00,26.07
09-08-2024 17:16:00,26.1
09-08-2024 17:26:00,26.15
09-08-2024 17:36:00,26.19
09-08-2024 17:46:00,26.23
09-08-2024 17:56:00,26.28
09-08-2024 18:06:00,26.33
09-08-2024 18:16:00,26.38
09-08-2024 18:26:00,26.45
09-08-2024 18:36:00,26.5
09-08-2024 18:46:00,26.55
09-08-2024 18:56:00,26.6
09-08-2024 19:06:00,26.63
09-08-2024 19:16:00,26.68
09-08-2024 19:26:00,26.73
09-08-2024 19:36:00,26.78
09-08-2024 19:46:00,26.83
09-08-2024 19:56:00,26.89
09-08-2024 20:06:00,26.94
09-08-2024 20:16:00,26.99
09-08-2024 20:26:00,27.04
09-08-2024 20:36:00,27.07
09-08-2024 20:46:00,27.1
09-08-2024 20:56:00,27.13
09-08-2024 21:06:00,27.15
09-08-2024 21:16:00,27.17
09-08-2024 21:26:00,27.18
09-08-2024 21:46:00,27.23
09-08-2024 21:56:00,27.25
09-08-2024 22:06:00,27.26
09-08-2024 22:16:00,27.27
09-08-2024 22:26:00,27.27
09-08-2024 22:36:00,27.28
09-08-2024 22:46:00,27.28
09-08-2024 22:56:00,27.28
09-08-2024 23:06:00,27.29
09-08-2024 23:16:00,27.29
09-08-2024 23:26:00,27.29
09-08-2024 23:36:00,27.29
09-08-2024 23:46:00,27.29
09-08-2024 23:56:00,27.28
09-09-2024 00:06:00,27.26
09-09-2024 00:16:00,27.25
09-09-2024 00:26:00,27.23
09-09-2024 00:36:00,27.21
09-09-2024 00:46:00,27.19
09-09-2024 00:56:00,27.16
09-09-2024 01:06:00,27.12
09-09-2024 01:16:00,27.09
09-09-2024 01:26:00,27.05
09-09-2024 01:36:00,27.02
09-09-2024 01:46:00,26.97
09-09-2024 01:56:00,26.93
09-09-2024 02:06:00,26.87
09-09-2024 02:16:00,26.83
09-09-2024 02:26:00,26.76
09-09-2024 02:36:00,26.71
09-09-2024 02:46:00,26.65
09-09-2024 02:56:00,26.59
09-09-2024 03:06:00,26.53
09-09-2024 03:16:00,26.48
09-09-2024 03:26:00,26.42
09-09-2024 03:36:00,26.36
09-09-2024 03:46:00,26.3
09-09-2024 03:56:00,26.23
09-09-2024 04:06:00,26.17
09-09-2024 04:16:00,26.11
09-09-2024 04:26:00,26.06
09-09-2024 04:36:00,25.99
09-09-2024 04:46:00,25.93
09-09-2024 04:56:00,25.88
09-09-2024 05:06:00,25.81
09-09-2024 05:16:00,25.75
09-09-2024 05:26:00,25.68
09-09-2024 05:36:00,25.63
09-09-2024 05:46:00,25.56
09-09-2024 05:56:00,25.5
09-09-2024 06:06:00,25.44
09-09-2024 06:16:00,25.37
09-09-2024 06:26:00,25.31
09-09-2024 06:36:00,25.25
09-09-2024 06:46:00,25.19
09-09-2024 06:56:00,25.13
09-09-2024 07:06:00,25.06
09-09-2024 07:16:00,25
09-09-2024 07:26:00,24.95
09-09-2024 07:36:00,24.9
09-09-2024 07:46:00,24.85
09-09-2024 07:56:00,24.81
09-09-2024 08:06:00,24.77
09-09-2024 08:16:00,24.74
09-09-2024 08:26:00,24.71
09-09-2024 08:36:00,24.69
09-09-2024 08:46:00,24.67
09-09-2024 08:56:00,24.66
09-09-2024 09:06:00,24.65
09-09-2024 09:16:00,24.65
09-09-2024 09:26:00,24.64
09-09-2024 09:36:00,24.65
09-09-2024 09:46:00,24.65
09-09-2024 09:56:00,24.65
09-09-2024 10:06:00,24.66
09-09-2024 10:16:00,24.67
09-09-2024 10:26:00,24.68
09-09-2024 10:36:00,24.7
09-09-2024 10:46:00,24.72
09-09-2024 10:56:00,24.74
09-09-2024 11:06:00,24.77
09-09-2024 11:16:00,24.81
09-09-2024 11:26:00,24.86
09-09-2024 11:36:00,24.92
09-09-2024 11:46:00,24.98
09-09-2024 11:56:00,25.06
09-09-2024 12:06:00,25.14
09-09-2024 12:16:00,25.22
09-09-2024 12:26:00,25.31
09-09-2024 12:36:00,25.39
09-09-2024 12:46:00,25.48
09-09-2024 12:56:00,25.56
09-09-2024 13:06:00,25.64
09-09-2024 13:16:00,25.7
09-09-2024 13:26:00,25.77
09-09-2024 13:36:00,25.83
09-09-2024 13:46:00,25.89
09-09-2024 13:56:00,25.93
09-09-2024 14:06:00,25.97
09-09-2024 14:16:00,26
09-09-2024 14:26:00,26.01
09-09-2024 14:36:00,26.01
09-09-2024 14:46:00,26.01
09-09-2024 14:56:00,26
09-09-2024 15:06:00,25.99
09-09-2024 15:16:00,25.99
09-09-2024 15:26:00,25.98
09-09-2024 15:36:00,25.98
09-09-2024 15:46:00,25.97
09-09-2024 15:56:00,25.96
09-09-2024 16:06:00,25.95
09-09-2024 16:16:00,25.94
09-09-2024 16:26:00,25.94
09-09-2024 16:36:00,25.95
09-09-2024 16:46:00,25.99
09-09-2024 16:56:00,26.01
09-09-2024 17:06:00,26.02
09-09-2024 17:16:00,26.03
09-09-2024 17:26:00,26.03
09-09-2024 17:36:00,26.03
09-09-2024 17:46:00,26.04
09-09-2024 17:56:00,26.05
09-09-2024 18:06:00,26.06
09-09-2024 18:16:00,26.07
09-09-2024 18:26:00,26.08
09-09-2024 18:36:00,26.08
09-09-2024 18:46:00,26.1
09-09-2024 18:56:00,26.13
09-09-2024 19:06:00,26.16
09-09-2024 19:16:00,26.19
09-09-2024 19:26:00,26.22
09-09-2024 19:36:00,26.25
09-09-2024 19:46:00,26.27
09-09-2024 19:56:00,26.31
09-09-2024 20:06:00,26.33
09-09-2024 20:16:00,26.35
09-09-2024 20:26:00,26.38
09-09-2024 20:36:00,26.41
09-09-2024 20:46:00,26.44
09-09-2024 20:56:00,26.47
09-09-2024 21:06:00,26.5
09-09-2024 21:16:00,26.54
09-09-2024 21:26:00,26.56
09-09-2024 21:36:00,26.58
09-09-2024 21:46:00,26.59
09-09-2024 21:56:00,26.6
09-09-2024 22:06:00,26.61
09-09-2024 22:16:00,26.62
09-09-2024 22:26:00,26.62
09-09-2024 22:36:00,26.63
09-09-2024 22:46:00,26.64
09-09-2024 22:56:00,26.64
09-09-2024 23:06:00,26.65
09-09-2024 23:16:00,26.66
09-09-2024 23:26:00,26.65
09-09-2024 23:36:00,26.65
09-09-2024 23:46:00,26.65
09-09-2024 23:56:00,26.64
09-10-2024 00:06:00,26.63
09-10-2024 00:16:00,26.62
09-10-2024 00:26:00,26.61
09-10-2024 00:36:00,26.59
09-10-2024 00:46:00,26.57
09-10-2024 00:56:00,26.54
09-10-2024 01:06:00,26.51
09-10-2024 01:16:00,26.48
09-10-2024 01:26:00,26.44
09-10-2024 01:36:00,26.4
09-10-2024 01:46:00,26.34
09-10-2024 01:56:00,26.29
09-10-2024 02:06:00,26.23
09-10-2024 02:16:00,26.17
09-10-2024 02:26:00,26.1
09-10-2024 02:36:00,26.04
09-10-2024 02:46:00,25.97
09-10-2024 02:56:00,25.91
09-10-2024 03:06:00,25.85
09-10-2024 03:16:00,25.78
09-10-2024 03:26:00,25.71
09-10-2024 03:36:00,25.64
09-10-2024 03:46:00,25.57
09-10-2024 03:56:00,25.5
09-10-2024 04:06:00,25.43
09-10-2024 04:16:00,25.36
09-10-2024 04:26:00,25.29
09-10-2024 04:36:00,25.21
09-10-2024 04:46:00,25.14
09-10-2024 04:56:00,25.06
09-10-2024 05:06:00,24.99
09-10-2024 05:16:00,24.92
09-10-2024 05:26:00,24.85
09-10-2024 05:36:00,24.78
09-10-2024 05:46:00,24.71
09-10-2024 05:56:00,24.64
09-10-2024 06:06:00,24.58
09-10-2024 06:16:00,24.51
09-10-2024 06:26:00,24.44
09-10-2024 06:36:00,24.37
09-10-2024 06:46:00,24.31
09-10-2024 06:56:00,24.24
09-10-2024 07:06:00,24.18
09-10-2024 07:16:00,24.12
09-10-2024 07:26:00,24.06
09-10-2024 07:36:00,24.01
09-10-2024 07:46:00,23.96
09-10-2024 07:56:00,23.92
09-10-2024 08:06:00,23.88
09-10-2024 08:16:00,23.84
09-10-2024 08:26:00,23.81
09-10-2024 08:36:00,23.78
09-10-2024 08:46:00,23.76
09-10-2024 08:56:00,23.75
09-10-2024 09:06:00,23.74
09-10-2024 09:16:00,23.73
09-10-2024 09:26:00,23.72
09-10-2024 09:36:00,23.72
09-10-2024 09:46:00,23.72
09-10-2024 09:56:00,23.73
09-10-2024 10:06:00,23.74
09-10-2024 10:16:00,23.75
09-10-2024 10:26:00,23.76
09-10-2024 10:36:00,23.79
09-10-2024 10:46:00,23.81
09-10-2024 10:56:00,23.84
09-10-2024 11:06:00,23.86
09-10-2024 11:16:00,23.88
09-10-2024 11:26:00,23.92
09-10-2024 11:36:00,23.95
09-10-2024 11:46:00,23.99
09-10-2024 11:56:00,24.06
09-10-2024 12:06:00,24.11
09-10-2024 12:16:00,24.16
09-10-2024 12:26:00,24.22
09-10-2024 12:36:00,24.28
09-10-2024 12:46:00,24.33
09-10-2024 12:56:00,24.39
09-10-2024 13:06:00,24.44
09-10-2024 13:16:00,24.49
09-10-2024 13:26:00,24.54
09-10-2024 13:36:00,24.58
09-10-2024 13:46:00,24.62
09-10-2024 13:56:00,24.64
09-10-2024 14:06:00,24.66
09-10-2024 14:16:00,24.67
09-10-2024 14:26:00,24.68
09-10-2024 14:36:00,24.69
09-10-2024 14:46:00,24.7
09-10-2024 14:56:00,24.7
09-10-2024 15:06:00,24.71
09-10-2024 15:16:00,24.74
09-10-2024 15:26:00,24.77
09-10-2024 15:36:00,24.79
09-10-2024 15:46:00,24.8
09-10-2024 15:56:00,24.8
09-10-2024 16:06:00,24.81
09-10-2024 16:16:00,24.82
09-10-2024 16:26:00,24.83
09-10-2024 16:36:00,24.86
09-10-2024 16:46:00,24.89
09-10-2024 16:56:00,24.93
09-10-2024 17:06:00,24.98
09-10-2024 17:16:00,25.02
09-10-2024 17:26:00,25.07
09-10-2024 17:36:00,25.1
09-10-2024 17:46:00,25.12
09-10-2024 17:56:00,25.16
09-10-2024 18:06:00,25.2
09-10-2024 18:16:00,25.24
09-10-2024 18:26:00,25.27
09-10-2024 18:36:00,25.31
09-10-2024 18:46:00,25.33
09-10-2024 18:56:00,25.37
09-10-2024 19:06:00,25.41
09-10-2024 19:16:00,25.45
09-10-2024 19:26:00,25.48
09-10-2024 19:36:00,25.52
09-10-2024 19:46:00,25.55
09-10-2024 19:56:00,25.59
09-10-2024 20:06:00,25.62
09-10-2024 20:16:00,25.66
09-10-2024 20:26:00,25.69
09-10-2024 20:36:00,25.72
09-10-2024 20:46:00,25.73
09-10-2024 20:56:00,25.74
09-10-2024 21:06:00,25.76
09-10-2024 21:16:00,25.78
09-10-2024 21:26:00,25.79
09-10-2024 21:36:00,25.8
09-10-2024 21:46:00,25.81
09-10-2024 21:56:00,25.82
09-10-2024 22:06:00,25.82
09-10-2024 22:16:00,25.82
09-10-2024 22:26:00,25.83
09-10-2024 22:36:00,25.84
09-10-2024 22:46:00,25.84
09-10-2024 22:56:00,25.84
09-10-2024 23:06:00,25.85
09-10-2024 23:16:00,25.84
09-10-2024 23:26:00,25.84
09-10-2024 23:36:00,25.83
09-10-2024 23:46:00,25.83
09-10-2024 23:56:00,25.82
09-16-2024 00:06:00,21.56
09-16-2024 00:16:00,21.56
09-16-2024 00:26:00,21.56
09-16-2024 00:36:00,21.55
09-16-2024 00:46:00,21.55
09-16-2024 00:56:00,21.55
09-16-2024 01:06:00,21.54
09-16-2024 01:16:00,21.54
09-16-2024 01:26:00,21.53
09-16-2024 01:36:00,21.53
09-16-2024 01:46:00,21.53
09-16-2024 01:56:00,21.52
09-16-2024 02:06:00,21.52
09-16-2024 02:16:00,21.52
09-16-2024 02:26:00,21.51
09-16-2024 02:36:00,21.51
09-16-2024 02:46:00,21.51
09-16-2024 02:56:00,21.51
09-16-2024 03:06:00,21.5
09-16-2024 03:16:00,21.5
09-16-2024 03:26:00,21.49
09-16-2024 03:36:00,21.49
09-16-2024 03:46:00,21.48
09-16-2024 03:56:00,21.48
09-16-2024 04:06:00,21.47
09-16-2024 04:16:00,21.46
09-16-2024 04:26:00,21.46
09-16-2024 04:36:00,21.45
09-16-2024 04:46:00,21.44
09-16-2024 04:56:00,21.43
09-16-2024 05:06:00,21.41
09-16-2024 05:16:00,21.39
09-16-2024 05:26:00,21.37
09-16-2024 05:36:00,21.34
09-16-2024 05:46:00,21.32
09-16-2024 05:56:00,21.31
09-16-2024 06:06:00,21.29
09-16-2024 06:16:00,21.27
09-16-2024 06:26:00,21.25
09-16-2024 06:36:00,21.24
09-16-2024 06:46:00,21.22
09-16-2024 06:56:00,21.2
09-16-2024 07:06:00,21.17
09-16-2024 07:16:00,21.15
09-16-2024 07:26:00,21.13
09-16-2024 07:36:00,21.1
09-16-2024 07:46:00,21.08
09-16-2024 07:56:00,21.06
09-16-2024 08:06:00,21.04
09-16-2024 08:16:00,21.02
09-16-2024 08:26:00,21
09-16-2024 08:36:00,20.98
09-16-2024 08:46:00,20.97
09-16-2024 08:56:00,20.97
09-16-2024 09:06:00,20.96
09-16-2024 09:16:00,20.95
09-16-2024 09:26:00,20.95
09-16-2024 09:36:00,20.95
09-16-2024 09:46:00,20.96
09-16-2024 09:56:00,20.96
09-16-2024 10:06:00,20.97
09-16-2024 10:16:00,20.97
09-16-2024 10:26:00,20.98
09-16-2024 10:36:00,20.98
09-16-2024 10:46:00,20.99
09-16-2024 10:56:00,20.99
09-16-2024 11:06:00,21
09-16-2024 11:16:00,21.02
09-16-2024 11:26:00,21.06
09-16-2024 11:36:00,21.1
09-16-2024 11:46:00,21.17
09-16-2024 11:56:00,21.24
09-16-2024 12:06:00,21.31
09-16-2024 12:16:00,21.38
09-16-2024 12:26:00,21.45
09-16-2024 12:36:00,21.52
09-16-2024 12:46:00,21.6
09-16-2024 12:56:00,21.67
09-16-2024 13:06:00,21.72
09-16-2024 13:16:00,21.76
09-16-2024 13:26:00,21.8
09-16-2024 13:36:00,21.81
09-16-2024 13:46:00,21.83
09-16-2024 13:56:00,21.85
09-16-2024 14:06:00,21.87
09-16-2024 14:16:00,21.88
09-16-2024 14:26:00,21.89
09-16-2024 14:36:00,21.89
09-16-2024 14:46:00,21.88
09-16-2024 14:56:00,21.87
09-16-2024 15:06:00,21.86
09-16-2024 15:16:00,21.85
09-16-2024 15:26:00,21.84
09-16-2024 15:36:00,21.82
09-16-2024 15:46:00,21.8
09-16-2024 15:56:00,21.79
09-16-2024 16:06:00,21.76
09-16-2024 16:16:00,21.74
09-16-2024 16:26:00,21.73
09-16-2024 16:36:00,21.72
09-16-2024 16:46:00,21.72
09-16-2024 16:56:00,21.72
09-16-2024 17:06:00,21.73
09-16-2024 17:16:00,21.74
09-16-2024 17:26:00,21.75
09-16-2024 17:36:00,21.76
09-16-2024 17:46:00,21.78
09-16-2024 17:56:00,21.79
09-16-2024 18:06:00,21.81
09-16-2024 18:16:00,21.85
09-16-2024 18:26:00,21.88
09-16-2024 18:36:00,21.92
09-16-2024 18:46:00,21.96
09-16-2024 18:56:00,21.99
09-16-2024 19:06:00,22.03
09-16-2024 19:16:00,22.05
09-16-2024 19:26:00,22.09
09-16-2024 19:36:00,22.12
09-16-2024 19:46:00,22.14
09-16-2024 19:56:00,22.17
09-16-2024 20:06:00,22.19
09-16-2024 20:16:00,22.21
09-16-2024 20:26:00,22.24
09-16-2024 20:36:00,22.25
09-16-2024 20:46:00,22.27
09-16-2024 20:56:00,22.28
09-16-2024 21:06:00,22.3
09-16-2024 21:16:00,22.32
09-16-2024 21:26:00,22.33
09-16-2024 21:36:00,22.34
09-16-2024 21:46:00,22.35
09-16-2024 21:56:00,22.37
09-16-2024 22:06:00,22.37
09-16-2024 22:16:00,22.38
09-16-2024 22:26:00,22.39
09-16-2024 22:36:00,22.4
09-16-2024 22:46:00,22.4
09-16-2024 22:56:00,22.41
09-16-2024 23:06:00,22.41
09-16-2024 23:16:00,22.41
09-16-2024 23:26:00,22.41
09-16-2024 23:36:00,22.41
09-16-2024 23:46:00,22.41
09-16-2024 23:56:00,22.4
09-21-2024 00:06:00,20.76
09-21-2024 00:16:00,20.75
09-21-2024 00:26:00,20.74
09-21-2024 00:36:00,20.73
09-21-2024 00:46:00,20.72
09-21-2024 00:56:00,20.71
09-21-2024 01:06:00,20.7
09-21-2024 01:16:00,20.68
09-21-2024 01:26:00,20.66
09-21-2024 01:36:00,20.65
09-21-2024 01:46:00,20.63
09-21-2024 01:56:00,20.61
09-21-2024 02:06:00,20.59
09-21-2024 02:16:00,20.56
09-21-2024 02:26:00,20.54
09-21-2024 02:36:00,20.52
09-21-2024 02:46:00,20.49
09-21-2024 02:56:00,20.46
09-21-2024 03:06:00,20.43
09-21-2024 03:16:00,20.39
09-21-2024 03:26:00,20.35
09-21-2024 03:36:00,20.31
09-21-2024 03:46:00,20.28
09-21-2024 03:56:00,20.24
09-21-2024 04:06:00,20.19
09-21-2024 04:16:00,20.16
09-21-2024 04:26:00,20.12
09-21-2024 04:36:00,20.08
09-21-2024 04:46:00,20.04
09-21-2024 04:56:00,19.99
09-21-2024 05:06:00,19.95
09-21-2024 05:16:00,19.92
09-21-2024 05:26:00,19.88
09-21-2024 05:36:00,19.83
09-21-2024 05:46:00,19.79
09-21-2024 05:56:00,19.75
09-21-2024 06:06:00,19.7
09-21-2024 06:16:00,19.66
09-21-2024 06:26:00,19.63
09-21-2024 06:36:00,19.59
09-21-2024 06:46:00,19.56
09-21-2024 06:56:00,19.52
09-21-2024 07:06:00,19.49
09-21-2024 07:16:00,19.46
09-21-2024 07:26:00,19.43
09-21-2024 07:36:00,19.4
09-21-2024 07:46:00,19.38
09-21-2024 07:56:00,19.36
09-21-2024 08:06:00,19.35
09-21-2024 08:16:00,19.33
09-21-2024 08:26:00,19.31
09-21-2024 08:36:00,19.31
09-21-2024 08:46:00,19.31
09-21-2024 08:56:00,19.31
09-21-2024 09:06:00,19.31
09-21-2024 09:16:00,19.32
09-21-2024 09:26:00,19.32
09-21-2024 09:36:00,19.33
09-21-2024 09:46:00,19.35
09-21-2024 09:56:00,19.37
09-21-2024 10:06:00,19.39
09-21-2024 10:16:00,19.4
09-21-2024 10:26:00,19.42
09-21-2024 10:36:00,19.44
09-21-2024 10:46:00,19.46
09-21-2024 10:56:00,19.48
09-21-2024 11:06:00,19.51
09-21-2024 11:16:00,19.54
09-21-2024 11:26:00,19.58
09-21-2024 11:36:00,19.64
09-21-2024 11:46:00,19.7
09-21-2024 11:56:00,19.77
09-21-2024 12:06:00,19.85
09-21-2024 12:16:00,19.94
09-21-2024 12:26:00,20.02
09-21-2024 12:36:00,20.09
09-21-2024 12:46:00,20.15
09-21-2024 12:56:00,20.21
09-21-2024 13:06:00,20.26
09-21-2024 13:16:00,20.32
09-21-2024 13:26:00,20.36
09-21-2024 13:36:00,20.4
09-21-2024 13:46:00,20.43
09-21-2024 13:56:00,20.45
09-21-2024 14:06:00,20.46
09-21-2024 14:16:00,20.47
09-21-2024 14:26:00,20.48
09-21-2024 14:36:00,20.48
09-21-2024 14:46:00,20.49
09-21-2024 14:56:00,20.49
09-21-2024 15:06:00,20.5
09-21-2024 15:16:00,20.5
09-21-2024 15:26:00,20.5
09-21-2024 15:36:00,20.5
09-21-2024 15:46:00,20.5
09-21-2024 15:56:00,20.5
09-21-2024 16:06:00,20.52
09-21-2024 16:16:00,20.53
09-21-2024 16:26:00,20.55
09-21-2024 16:36:00,20.58
09-21-2024 16:46:00,20.63
09-21-2024 16:56:00,20.68
09-21-2024 17:06:00,20.73
09-21-2024 17:16:00,20.78
09-21-2024 17:26:00,20.84
09-21-2024 17:36:00,20.89
09-21-2024 17:46:00,20.95
09-21-2024 17:56:00,21
09-21-2024 18:06:00,21.06
09-21-2024 18:16:00,21.12
09-21-2024 18:26:00,21.18
09-21-2024 18:36:00,21.24
09-21-2024 18:46:00,21.29
09-21-2024 18:56:00,21.35
09-21-2024 19:06:00,21.4
09-21-2024 19:16:00,21.46
09-21-2024 19:26:00,21.51
09-21-2024 19:36:00,21.56
09-21-2024 19:46:00,21.61
09-21-2024 19:56:00,21.65
09-21-2024 20:06:00,21.7
09-21-2024 20:16:00,21.74
09-21-2024 20:26:00,21.78
09-21-2024 20:36:00,21.81
09-21-2024 20:46:00,21.85
09-21-2024 20:56:00,21.88
09-21-2024 21:06:00,21.91
09-21-2024 21:16:00,21.94
09-21-2024 21:26:00,21.96
09-21-2024 21:36:00,21.98
09-21-2024 21:46:00,22.01
09-21-2024 21:56:00,22.02
09-21-2024 22:06:00,22.04
09-21-2024 22:16:00,22.06
09-21-2024 22:26:00,22.06
09-21-2024 22:36:00,22.08
09-21-2024 22:46:00,22.09
09-21-2024 22:56:00,22.09
09-21-2024 23:06:00,22.08
09-21-2024 23:16:00,22.09
09-21-2024 23:26:00,22.08
09-21-2024 23:36:00,22.08
09-21-2024 23:46:00,22.07
09-21-2024 23:56:00,22.06
09-28-2024 00:06:00,21.38
09-28-2024 00:16:00,21.38
09-28-2024 00:26:00,21.38
09-28-2024 00:36:00,21.38
09-28-2024 00:46:00,21.38
09-28-2024 00:56:00,21.37
09-28-2024 01:06:00,21.36
09-28-2024 01:16:00,21.35
09-28-2024 01:26:00,21.34
09-28-2024 01:36:00,21.33
09-28-2024 01:46:00,21.31
09-28-2024 01:56:00,21.28
09-28-2024 02:06:00,21.27
09-28-2024 02:16:00,21.25
09-28-2024 02:26:00,21.23
09-28-2024 02:36:00,21.2
09-28-2024 02:46:00,21.18
09-28-2024 02:56:00,21.15
09-28-2024 03:06:00,21.12
09-28-2024 03:16:00,21.09
09-28-2024 03:26:00,21.06
09-28-2024 03:36:00,21.02
09-28-2024 03:46:00,20.98
09-28-2024 03:56:00,20.95
09-28-2024 04:06:00,20.91
09-28-2024 04:16:00,20.86
09-28-2024 04:26:00,20.82
09-28-2024 04:36:00,20.77
09-28-2024 04:46:00,20.73
09-28-2024 04:56:00,20.69
09-28-2024 05:06:00,20.64
09-28-2024 05:16:00,20.6
09-28-2024 05:26:00,20.56
09-28-2024 05:36:00,20.52
09-28-2024 05:46:00,20.48
09-28-2024 05:56:00,20.43
09-28-2024 06:06:00,20.4
09-28-2024 06:16:00,20.36
09-28-2024 06:26:00,20.32
09-28-2024 06:36:00,20.28
09-28-2024 06:46:00,20.24
09-28-2024 06:56:00,20.2
09-28-2024 07:06:00,20.15
09-28-2024 07:16:00,20.11
09-28-2024 07:26:00,20.08
09-28-2024 07:36:00,20.05
09-28-2024 07:46:00,20.02
09-28-2024 07:56:00,19.98
09-28-2024 08:06:00,19.95
09-28-2024 08:16:00,19.91
09-28-2024 08:26:00,19.89
09-28-2024 08:36:00,19.86
09-28-2024 08:46:00,19.84
09-28-2024 08:56:00,19.83
09-28-2024 09:06:00,19.82
09-28-2024 09:16:00,19.8
09-28-2024 09:26:00,19.8
09-28-2024 09:36:00,19.79
09-28-2024 09:46:00,19.77
09-28-2024 09:56:00,19.78
09-28-2024 10:06:00,19.79
09-28-2024 10:16:00,19.8
09-28-2024 10:26:00,19.82
09-28-2024 10:36:00,19.84
09-28-2024 10:46:00,19.86
09-28-2024 10:56:00,19.88
09-28-2024 11:06:00,19.91
09-28-2024 11:16:00,19.93
09-28-2024 11:26:00,19.97
09-28-2024 11:36:00,20.02
09-28-2024 11:46:00,20.08
09-28-2024 11:56:00,20.16
09-28-2024 12:06:00,20.24
09-28-2024 12:16:00,20.32
09-28-2024 12:26:00,20.4
09-28-2024 12:36:00,20.47
09-28-2024 12:46:00,20.55
09-28-2024 12:56:00,20.62
09-28-2024 13:06:00,20.67
09-28-2024 13:16:00,20.73
09-28-2024 13:26:00,20.78
09-28-2024 13:36:00,20.82
09-28-2024 13:46:00,20.85
09-28-2024 13:56:00,20.87
09-28-2024 14:06:00,20.89
09-28-2024 14:16:00,20.88
09-28-2024 14:26:00,20.88
09-28-2024 14:36:00,20.87
09-28-2024 14:46:00,20.87
09-28-2024 14:56:00,20.86
09-28-2024 15:06:00,20.85
09-28-2024 15:16:00,20.85
09-28-2024 15:26:00,20.84
09-28-2024 15:36:00,20.83
09-28-2024 15:46:00,20.83
09-28-2024 15:56:00,20.83
09-28-2024 16:06:00,20.83
09-28-2024 16:16:00,20.84
09-28-2024 16:26:00,20.86
09-28-2024 16:36:00,20.89
09-28-2024 16:46:00,20.91
09-28-2024 16:56:00,20.95
09-28-2024 17:06:00,20.98
09-28-2024 17:16:00,21.02
09-28-2024 17:26:00,21.06
09-28-2024 17:36:00,21.11
09-28-2024 17:46:00,21.16
09-28-2024 17:56:00,21.21
09-28-2024 18:06:00,21.26
09-28-2024 18:16:00,21.29
09-28-2024 18:26:00,21.33
09-28-2024 18:36:00,21.37
09-28-2024 18:46:00,21.42
09-28-2024 18:56:00,21.46
09-28-2024 19:06:00,21.5
09-28-2024 19:16:00,21.55
09-28-2024 19:26:00,21.58
09-28-2024 19:36:00,21.61
09-28-2024 19:46:00,21.64
09-28-2024 19:56:00,21.67
09-28-2024 20:06:00,21.69
09-28-2024 20:16:00,21.71
09-28-2024 20:26:00,21.73
09-28-2024 20:36:00,21.75
09-28-2024 20:46:00,21.77
09-28-2024 20:56:00,21.78
09-28-2024 21:06:00,21.8
09-28-2024 21:16:00,21.81
09-28-2024 21:26:00,21.82
09-28-2024 21:36:00,21.83
09-28-2024 21:46:00,21.84
09-28-2024 21:56:00,21.84
09-28-2024 22:06:00,21.84
09-28-2024 22:16:00,21.83
09-28-2024 22:26:00,21.83
09-28-2024 22:36:00,21.83
09-28-2024 22:46:00,21.83
09-28-2024 22:56:00,21.82
09-28-2024 23:06:00,21.81
09-28-2024 23:16:00,21.81
09-28-2024 23:26:00,21.8
09-28-2024 23:36:00,21.8
09-28-2024 23:46:00,21.78
09-28-2024 23:56:00,21.76
09-29-2024 00:06:00,21.74
09-29-2024 00:16:00,21.72
09-29-2024 00:26:00,21.69
09-29-2024 00:36:00,21.67
09-29-2024 00:46:00,21.64
09-29-2024 00:56:00,21.61
09-29-2024 01:06:00,21.58
09-29-2024 01:16:00,21.55
09-29-2024 01:26:00,21.52
09-29-2024 01:36:00,21.48
09-29-2024 01:46:00,21.44
09-29-2024 01:56:00,21.4
09-29-2024 02:06:00,21.37
09-29-2024 02:16:00,21.33
09-29-2024 02:26:00,21.29
09-29-2024 02:36:00,21.25
09-29-2024 02:46:00,21.21
09-29-2024 02:56:00,21.18
09-29-2024 03:06:00,21.14
09-29-2024 03:16:00,21.1
09-29-2024 03:26:00,21.07
09-29-2024 03:36:00,21.02
09-29-2024 03:46:00,20.98
09-29-2024 03:56:00,20.95
09-29-2024 04:06:00,20.91
09-29-2024 04:16:00,20.87
09-29-2024 04:26:00,20.82
09-29-2024 04:36:00,20.78
09-29-2024 04:46:00,20.73
09-29-2024 04:56:00,20.69
09-29-2024 05:06:00,20.65
09-29-2024 05:16:00,20.6
09-29-2024 05:26:00,20.56
09-29-2024 05:36:00,20.52
09-29-2024 05:46:00,20.48
09-29-2024 05:56:00,20.44
09-29-2024 06:06:00,20.4
09-29-2024 06:16:00,20.35
09-29-2024 06:26:00,20.32
09-29-2024 06:36:00,20.28
09-29-2024 06:46:00,20.23
09-29-2024 06:56:00,20.19
09-29-2024 07:06:00,20.15
09-29-2024 07:16:00,20.11
09-29-2024 07:26:00,20.07
09-29-2024 07:36:00,20.04
09-29-2024 07:46:00,20
09-29-2024 07:56:00,19.96
09-29-2024 08:06:00,19.93
09-29-2024 08:16:00,19.9
09-29-2024 08:26:00,19.87
09-29-2024 08:36:00,19.84
09-29-2024 08:46:00,19.81
09-29-2024 08:56:00,19.8
09-29-2024 09:06:00,19.78
09-29-2024 09:16:00,19.77
09-29-2024 09:26:00,19.75
09-29-2024 09:36:00,19.74
09-29-2024 09:46:00,19.74
09-29-2024 09:56:00,19.74
09-29-2024 10:06:00,19.75
09-29-2024 10:16:00,19.75
09-29-2024 10:26:00,19.77
09-29-2024 10:36:00,19.78
09-29-2024 10:46:00,19.8
09-29-2024 10:56:00,19.82
09-29-2024 11:06:00,19.85
09-29-2024 11:16:00,19.89
09-29-2024 11:26:00,19.93
09-29-2024 11:36:00,19.97
09-29-2024 11:46:00,20.04
09-29-2024 11:56:00,20.11
09-29-2024 12:06:00,20.19
09-29-2024 12:16:00,20.28
09-29-2024 12:26:00,20.36
09-29-2024 12:36:00,20.44
09-29-2024 12:46:00,20.51
09-29-2024 12:56:00,20.58
09-29-2024 13:06:00,20.64
09-29-2024 13:16:00,20.69
09-29-2024 13:26:00,20.74
09-29-2024 13:36:00,20.78
09-29-2024 13:46:00,20.82
09-29-2024 13:56:00,20.85
09-29-2024 14:06:00,20.86
09-29-2024 14:16:00,20.85
09-29-2024 14:26:00,20.84
09-29-2024 14:36:00,20.83
09-29-2024 14:46:00,20.82
09-29-2024 14:56:00,20.81
09-29-2024 15:06:00,20.8
09-29-2024 15:16:00,20.79
09-29-2024 15:26:00,20.78
09-29-2024 15:36:00,20.78
09-29-2024 15:46:00,20.78
09-29-2024 15:56:00,20.78
09-29-2024 16:06:00,20.8
09-29-2024 16:16:00,20.81
09-29-2024 16:26:00,20.82
09-29-2024 16:36:00,20.84
09-29-2024 16:46:00,20.86
09-29-2024 16:56:00,20.88
09-29-2024 17:06:00,20.92
09-29-2024 17:16:00,20.95
09-29-2024 17:26:00,20.98
09-29-2024 17:36:00,21.01
09-29-2024 17:46:00,21.04
09-29-2024 17:56:00,21.06
09-29-2024 18:06:00,21.08
09-29-2024 18:16:00,21.1
09-29-2024 18:26:00,21.12
09-29-2024 18:36:00,21.13
09-29-2024 18:46:00,21.14
09-29-2024 18:56:00,21.16
09-29-2024 19:06:00,21.18
09-29-2024 19:16:00,21.21
09-29-2024 19:26:00,21.25
09-29-2024 19:36:00,21.27
09-29-2024 19:46:00,21.3
09-29-2024 19:56:00,21.33
09-29-2024 20:06:00,21.35
09-29-2024 20:16:00,21.37
09-29-2024 20:26:00,21.4
09-29-2024 20:36:00,21.41
09-29-2024 20:46:00,21.43
09-29-2024 20:56:00,21.44
09-29-2024 21:06:00,21.45
09-29-2024 21:16:00,21.46
09-29-2024 21:26:00,21.47
09-29-2024 21:36:00,21.47
09-29-2024 21:46:00,21.48
09-29-2024 21:56:00,21.48
09-29-2024 22:06:00,21.48
09-29-2024 22:16:00,21.48
09-29-2024 22:26:00,21.47
09-29-2024 22:36:00,21.47
09-29-2024 22:46:00,21.45
09-29-2024 22:56:00,21.43
09-29-2024 23:06:00,21.42
09-29-2024 23:16:00,21.4
09-29-2024 23:26:00,21.37
09-29-2024 23:36:00,21.35
09-29-2024 23:46:00,21.33
09-29-2024 23:56:00,21.31
09-30-2024 00:06:00,21.29
09-30-2024 00:16:00,21.26
09-30-2024 00:26:00,21.23
09-30-2024 00:36:00,21.2
09-30-2024 00:46:00,21.17
09-30-2024 00:56:00,21.13
09-30-2024 01:06:00,21.1
09-30-2024 01:16:00,21.06
09-30-2024 01:26:00,21.03
09-30-2024 01:36:00,21
09-30-2024 01:46:00,20.98
09-30-2024 01:56:00,20.94
09-30-2024 02:06:00,20.92
09-30-2024 02:16:00,20.9
09-30-2024 02:26:00,20.88
09-30-2024 02:36:00,20.86
09-30-2024 02:46:00,20.84
09-30-2024 02:56:00,20.81
09-30-2024 03:06:00,20.79
09-30-2024 03:16:00,20.76
09-30-2024 03:26:00,20.74
09-30-2024 03:36:00,20.71
09-30-2024 03:46:00,20.68
09-30-2024 03:56:00,20.65
09-30-2024 04:06:00,20.61
09-30-2024 04:16:00,20.58
09-30-2024 04:26:00,20.54
09-30-2024 04:36:00,20.5
09-30-2024 04:46:00,20.46
09-30-2024 04:56:00,20.42
09-30-2024 05:06:00,20.37
09-30-2024 05:16:00,20.33
09-30-2024 05:26:00,20.28
09-30-2024 05:36:00,20.24
09-30-2024 05:46:00,20.2
09-30-2024 05:56:00,20.15
09-30-2024 06:06:00,20.1
09-30-2024 06:16:00,20.06
09-30-2024 06:26:00,20.02
09-30-2024 06:36:00,19.98
09-30-2024 06:46:00,19.94
09-30-2024 06:56:00,19.89
09-30-2024 07:06:00,19.85
09-30-2024 07:16:00,19.8
09-30-2024 07:26:00,19.77
09-30-2024 07:36:00,19.73
09-30-2024 07:46:00,19.69
09-30-2024 07:56:00,19.65
09-30-2024 08:06:00,19.62
09-30-2024 08:16:00,19.59
09-30-2024 08:26:00,19.57
09-30-2024 08:36:00,19.55
09-30-2024 08:46:00,19.52
09-30-2024 08:56:00,19.5
09-30-2024 09:06:00,19.49
09-30-2024 09:16:00,19.48
09-30-2024 09:26:00,19.48
09-30-2024 09:36:00,19.47
09-30-2024 09:46:00,19.47
09-30-2024 09:56:00,19.47
09-30-2024 10:06:00,19.49
09-30-2024 10:16:00,19.5
09-30-2024 10:26:00,19.52
09-30-2024 10:36:00,19.53
09-30-2024 10:46:00,19.55
09-30-2024 10:56:00,19.56
09-30-2024 11:06:00,19.59
09-30-2024 11:16:00,19.62
09-30-2024 11:26:00,19.65
09-30-2024 11:36:00,19.7
09-30-2024 11:46:00,19.76
09-30-2024 11:56:00,19.83
09-30-2024 12:06:00,19.9
09-30-2024 12:16:00,19.98
09-30-2024 12:26:00,20.05
09-30-2024 12:36:00,20.12
09-30-2024 12:46:00,20.19
09-30-2024 12:56:00,20.25
09-30-2024 13:06:00,20.31
09-30-2024 13:16:00,20.37
09-30-2024 13:26:00,20.42
09-30-2024 13:36:00,20.47
09-30-2024 13:46:00,20.51
09-30-2024 13:56:00,20.54
09-30-2024 14:06:00,20.57
09-30-2024 14:16:00,20.59
09-30-2024 14:26:00,20.59
09-30-2024 14:36:00,20.61
09-30-2024 14:46:00,20.6
09-30-2024 14:56:00,20.6
09-30-2024 15:06:00,20.59
09-30-2024 15:16:00,20.59
09-30-2024 15:26:00,20.58
09-30-2024 15:36:00,20.56
09-30-2024 15:46:00,20.55
09-30-2024 15:56:00,20.55
09-30-2024 16:06:00,20.55
09-30-2024 16:16:00,20.57
09-30-2024 16:26:00,20.58
09-30-2024 16:36:00,20.6
09-30-2024 16:46:00,20.61
09-30-2024 16:56:00,20.64
09-30-2024 17:06:00,20.66
09-30-2024 17:16:00,20.68
09-30-2024 17:26:00,20.72
09-30-2024 17:36:00,20.76
09-30-2024 17:46:00,20.8
09-30-2024 17:56:00,20.84
09-30-2024 18:06:00,20.88
09-30-2024 18:16:00,20.92
09-30-2024 18:26:00,20.96
09-30-2024 18:36:00,20.99
09-30-2024 18:46:00,21.03
09-30-2024 18:56:00,21.07
09-30-2024 19:06:00,21.12
09-30-2024 19:16:00,21.17
09-30-2024 19:26:00,21.22
09-30-2024 19:36:00,21.27
09-30-2024 19:46:00,21.33
09-30-2024 19:56:00,21.38
09-30-2024 20:06:00,21.42
09-30-2024 20:16:00,21.46
09-30-2024 20:26:00,21.5
09-30-2024 20:36:00,21.54
09-30-2024 20:46:00,21.58
09-30-2024 20:56:00,21.61
09-30-2024 21:06:00,21.64
09-30-2024 21:16:00,21.66
09-30-2024 21:26:00,21.68
09-30-2024 21:36:00,21.7
09-30-2024 21:46:00,21.72
09-30-2024 21:56:00,21.73
09-30-2024 22:06:00,21.74
09-30-2024 22:16:00,21.75
09-30-2024 22:26:00,21.75
09-30-2024 22:36:00,21.75
09-30-2024 22:46:00,21.74
09-30-2024 22:56:00,21.74
09-30-2024 23:06:00,21.73
09-30-2024 23:16:00,21.72
09-30-2024 23:26:00,21.72
09-30-2024 23:36:00,21.71
09-30-2024 23:46:00,21.69
09-30-2024 23:56:00,21.68
10-01-2024 00:06:00,21.67
10-01-2024 00:16:00,21.64
10-01-2024 00:26:00,21.62
10-01-2024 00:36:00,21.6
10-01-2024 00:46:00,21.56
10-01-2024 00:56:00,21.53
10-01-2024 01:06:00,21.5
10-01-2024 01:16:00,21.46
10-01-2024 01:26:00,21.43
10-01-2024 01:36:00,21.39
10-01-2024 01:46:00,21.36
10-01-2024 01:56:00,21.32
10-01-2024 02:06:00,21.27
10-01-2024 02:16:00,21.21
10-01-2024 02:26:00,21.18
10-01-2024 02:36:00,21.14
10-01-2024 02:46:00,21.1
10-01-2024 02:56:00,21.07
10-01-2024 03:06:00,21.03
10-01-2024 03:16:00,20.99
10-01-2024 03:26:00,20.96
10-01-2024 03:36:00,20.92
10-01-2024 03:46:00,20.89
10-01-2024 03:56:00,20.86
10-01-2024 04:06:00,20.82
10-01-2024 04:16:00,20.78
10-01-2024 04:26:00,20.75
10-01-2024 04:36:00,20.71
10-01-2024 04:46:00,20.67
10-01-2024 04:56:00,20.64
10-01-2024 05:06:00,20.6
10-01-2024 05:16:00,20.56
10-01-2024 05:26:00,20.53
10-01-2024 05:36:00,20.49
10-01-2024 05:46:00,20.46
10-01-2024 05:56:00,20.42
10-01-2024 06:06:00,20.37
10-01-2024 06:16:00,20.34
10-01-2024 06:26:00,20.3
10-01-2024 06:36:00,20.27
10-01-2024 06:46:00,20.23
10-01-2024 06:56:00,20.19
10-01-2024 07:06:00,20.16
10-01-2024 07:16:00,20.12
10-01-2024 07:26:00,20.09
10-01-2024 07:36:00,20.06
10-01-2024 07:46:00,20.03
10-01-2024 07:56:00,19.99
10-01-2024 08:06:00,19.96
10-01-2024 08:16:00,19.94
10-01-2024 08:26:00,19.91
10-01-2024 08:36:00,19.89
10-01-2024 08:46:00,19.87
10-01-2024 08:56:00,19.84
10-01-2024 09:06:00,19.83
10-01-2024 09:16:00,19.81
10-01-2024 09:26:00,19.81
10-01-2024 09:36:00,19.8
10-01-2024 09:46:00,19.8
10-01-2024 09:56:00,19.81
10-01-2024 10:06:00,19.82
10-01-2024 10:16:00,19.84
10-01-2024 10:26:00,19.86
10-01-2024 10:36:00,19.88
10-01-2024 10:46:00,19.9
10-01-2024 10:56:00,19.93
10-01-2024 11:06:00,19.96
10-01-2024 11:16:00,20
10-01-2024 11:26:00,20.04
10-01-2024 11:36:00,20.1
10-01-2024 11:46:00,20.17
10-01-2024 11:56:00,20.25
10-01-2024 12:06:00,20.33
10-01-2024 12:16:00,20.41
10-01-2024 12:26:00,20.48
10-01-2024 12:36:00,20.56
10-01-2024 12:46:00,20.64
10-01-2024 12:56:00,20.71
10-01-2024 13:06:00,20.76
10-01-2024 13:16:00,20.83
10-01-2024 13:26:00,20.87
10-01-2024 13:36:00,20.93
10-01-2024 13:46:00,20.96
10-01-2024 13:56:00,21
10-01-2024 14:06:00,21.03
10-01-2024 14:16:00,21.05
10-01-2024 14:26:00,21.07
10-01-2024 14:36:00,21.08
10-01-2024 14:46:00,21.09
10-01-2024 14:56:00,21.1
10-01-2024 15:06:00,21.11
10-01-2024 15:16:00,21.12
10-01-2024 15:26:00,21.13
10-01-2024 15:36:00,21.14
10-01-2024 15:46:00,21.15
10-01-2024 15:56:00,21.17
10-01-2024 16:06:00,21.18
10-01-2024 16:16:00,21.21
10-01-2024 16:26:00,21.24
10-01-2024 16:36:00,21.28
10-01-2024 16:46:00,21.33
10-01-2024 16:56:00,21.38
10-01-2024 17:06:00,21.43
10-01-2024 17:16:00,21.5
10-01-2024 17:26:00,21.55
10-01-2024 17:36:00,21.61
10-01-2024 17:46:00,21.67
10-01-2024 17:56:00,21.74
10-01-2024 18:06:00,21.8
10-01-2024 18:16:00,21.86
10-01-2024 18:26:00,21.91
10-01-2024 18:36:00,21.96
10-01-2024 18:46:00,22.01
10-01-2024 18:56:00,22.06
10-01-2024 19:06:00,22.12
10-01-2024 19:16:00,22.18
10-01-2024 19:26:00,22.24
10-01-2024 19:36:00,22.3
10-01-2024 19:46:00,22.34
10-01-2024 19:56:00,22.39
10-01-2024 20:06:00,22.43
10-01-2024 20:16:00,22.47
10-01-2024 20:26:00,22.51
10-01-2024 20:36:00,22.54
10-01-2024 20:46:00,22.57
10-01-2024 20:56:00,22.59
10-01-2024 21:06:00,22.61
10-01-2024 21:16:00,22.62
10-01-2024 21:26:00,22.64
10-01-2024 21:36:00,22.65
10-01-2024 21:46:00,22.66
10-01-2024 21:56:00,22.66
10-01-2024 22:06:00,22.66
10-01-2024 22:16:00,22.65
10-01-2024 22:26:00,22.65
10-01-2024 22:36:00,22.64
10-01-2024 22:46:00,22.63
10-01-2024 22:56:00,22.62
10-01-2024 23:06:00,22.6
10-01-2024 23:16:00,22.58
10-01-2024 23:26:00,22.56
10-01-2024 23:36:00,22.53
10-01-2024 23:46:00,22.5
10-01-2024 23:56:00,22.47
10-02-2024 00:06:00,22.44
10-02-2024 00:16:00,22.41
10-02-2024 00:26:00,22.37
10-02-2024 00:36:00,22.34
10-02-2024 00:46:00,22.29
10-02-2024 00:56:00,22.25
10-02-2024 01:06:00,22.2
10-02-2024 01:16:00,22.15
10-02-2024 01:26:00,22.09
10-02-2024 01:36:00,22.05
10-02-2024 01:46:00,21.99
10-02-2024 01:56:00,21.94
10-02-2024 02:06:00,21.88
10-02-2024 02:16:00,21.84
10-02-2024 02:26:00,21.78
10-02-2024 02:36:00,21.73
10-02-2024 02:46:00,21.67
10-02-2024 02:56:00,21.62
10-02-2024 03:06:00,21.56
10-02-2024 03:16:00,21.51
10-02-2024 03:26:00,21.46
10-02-2024 03:36:00,21.4
10-02-2024 03:46:00,21.34
10-02-2024 03:56:00,21.29
10-02-2024 04:06:00,21.24
10-02-2024 04:16:00,21.17
10-02-2024 04:26:00,21.12
10-02-2024 04:36:00,21.06
10-02-2024 04:46:00,21.01
10-02-2024 04:56:00,20.95
10-02-2024 05:06:00,20.9
10-02-2024 05:16:00,20.84
10-02-2024 05:26:00,20.79
10-02-2024 05:36:00,20.74
10-02-2024 05:46:00,20.68
10-02-2024 05:56:00,20.63
10-02-2024 06:06:00,20.58
10-02-2024 06:16:00,20.53
10-02-2024 06:26:00,20.48
10-02-2024 06:36:00,20.43
10-02-2024 06:46:00,20.38
10-02-2024 06:56:00,20.33
10-02-2024 07:06:00,20.28
10-02-2024 07:16:00,20.24
10-02-2024 07:26:00,20.18
10-02-2024 07:36:00,20.14
10-02-2024 07:46:00,20.1
10-02-2024 07:56:00,20.06
10-02-2024 08:06:00,20.02
10-02-2024 08:16:00,19.99
10-02-2024 08:26:00,19.97
10-02-2024 08:36:00,19.95
10-02-2024 08:46:00,19.93
10-02-2024 08:56:00,19.91
10-02-2024 09:06:00,19.91
10-02-2024 09:16:00,19.9
10-02-2024 09:26:00,19.91
10-02-2024 09:36:00,19.92
10-02-2024 09:46:00,19.92
10-02-2024 09:56:00,19.94
10-02-2024 10:06:00,19.96
10-02-2024 10:16:00,19.98
10-02-2024 10:26:00,20
10-02-2024 10:36:00,20.03
10-02-2024 10:46:00,20.06
10-02-2024 10:56:00,20.09
10-02-2024 11:06:00,20.12
10-02-2024 11:16:00,20.16
10-02-2024 11:26:00,20.2
10-02-2024 11:36:00,20.25
10-02-2024 11:46:00,20.31
10-02-2024 11:56:00,20.38
10-02-2024 12:06:00,20.45
10-02-2024 12:16:00,20.53
10-02-2024 12:26:00,20.6
10-02-2024 12:36:00,20.67
10-02-2024 12:46:00,20.73
10-02-2024 12:56:00,20.79
10-02-2024 13:06:00,20.85
10-02-2024 13:16:00,20.9
10-02-2024 13:26:00,20.95
10-02-2024 13:36:00,21
10-02-2024 13:46:00,21.03
10-02-2024 13:56:00,21.07
10-02-2024 14:06:00,21.1
10-02-2024 14:16:00,21.12
10-02-2024 14:26:00,21.13
10-02-2024 14:36:00,21.14
10-02-2024 14:46:00,21.15
10-02-2024 14:56:00,21.15
10-02-2024 15:06:00,21.16
10-02-2024 15:16:00,21.17
10-02-2024 15:26:00,21.17
10-02-2024 15:36:00,21.18
10-02-2024 15:46:00,21.19
10-02-2024 15:56:00,21.2
10-02-2024 16:06:00,21.21
10-02-2024 16:16:00,21.23
10-02-2024 16:26:00,21.26
10-02-2024 16:36:00,21.28
10-02-2024 16:46:00,21.32
10-02-2024 16:56:00,21.36
10-02-2024 17:06:00,21.41
10-02-2024 17:16:00,21.46
10-02-2024 17:26:00,21.52
10-02-2024 17:36:00,21.58
10-02-2024 17:46:00,21.64
10-02-2024 17:56:00,21.71
10-02-2024 18:16:00,21.84
10-02-2024 18:26:00,21.9
10-02-2024 18:36:00,21.95
10-02-2024 18:46:00,22
10-02-2024 18:56:00,22.05
10-02-2024 19:06:00,22.1
10-02-2024 19:16:00,22.16
10-02-2024 19:26:00,22.21
10-02-2024 19:36:00,22.27
10-02-2024 19:46:00,22.32
10-02-2024 19:56:00,22.37
10-02-2024 20:06:00,22.42
10-02-2024 20:16:00,22.46
10-02-2024 20:26:00,22.5
10-02-2024 20:36:00,22.53
10-02-2024 20:46:00,22.56
10-02-2024 20:56:00,22.58
10-02-2024 21:06:00,22.6
10-02-2024 21:16:00,22.62
10-02-2024 21:26:00,22.64
10-02-2024 21:36:00,22.65
10-02-2024 21:46:00,22.65
10-02-2024 21:56:00,22.66
10-02-2024 22:06:00,22.66
10-02-2024 22:16:00,22.66
10-02-2024 22:26:00,22.66
10-02-2024 22:36:00,22.66
10-02-2024 22:46:00,22.66
10-02-2024 22:56:00,22.65
10-02-2024 23:06:00,22.65
10-02-2024 23:16:00,22.65
10-02-2024 23:26:00,22.64
10-02-2024 23:36:00,22.63
10-02-2024 23:46:00,22.61
10-02-2024 23:56:00,22.59
10-03-2024 00:06:00,22.56
10-03-2024 00:16:00,22.53
10-03-2024 00:26:00,22.48
10-03-2024 00:36:00,22.44
10-03-2024 00:46:00,22.4
10-03-2024 00:56:00,22.35
10-03-2024 01:06:00,22.31
10-03-2024 01:16:00,22.26
10-03-2024 01:26:00,22.22
10-03-2024 01:36:00,22.18
10-03-2024 01:46:00,22.13
10-03-2024 01:56:00,22.09
10-03-2024 02:06:00,22.05
10-03-2024 02:16:00,22.01
10-03-2024 02:26:00,21.97
10-03-2024 02:36:00,21.93
10-03-2024 02:46:00,21.89
10-03-2024 02:56:00,21.86
10-03-2024 03:06:00,21.81
10-03-2024 03:16:00,21.77
10-03-2024 03:26:00,21.73
10-03-2024 03:36:00,21.69
10-03-2024 03:46:00,21.65
10-03-2024 03:56:00,21.6
10-03-2024 04:06:00,21.56
10-03-2024 04:16:00,21.52
10-03-2024 04:26:00,21.47
10-03-2024 04:36:00,21.42
10-03-2024 04:46:00,21.38
10-03-2024 04:56:00,21.34
10-03-2024 05:06:00,21.3
10-03-2024 05:16:00,21.26
10-03-2024 05:26:00,21.22
10-03-2024 05:36:00,21.18
10-03-2024 05:46:00,21.13
10-03-2024 05:56:00,21.1
10-03-2024 06:06:00,21.06
10-03-2024 06:16:00,21.02
10-03-2024 06:26:00,20.98
10-03-2024 06:36:00,20.94
10-03-2024 06:46:00,20.9
10-03-2024 06:56:00,20.87
10-03-2024 07:06:00,20.83
10-03-2024 07:16:00,20.8
10-03-2024 07:26:00,20.76
10-03-2024 07:36:00,20.73
10-03-2024 07:46:00,20.7
10-03-2024 07:56:00,20.67
10-03-2024 08:06:00,20.64
10-03-2024 08:16:00,20.61
10-03-2024 08:26:00,20.59
10-03-2024 08:36:00,20.57
10-03-2024 08:46:00,20.54
10-03-2024 08:56:00,20.53
10-03-2024 09:06:00,20.51
10-03-2024 09:16:00,20.49
10-03-2024 09:26:00,20.48
10-03-2024 09:36:00,20.46
10-03-2024 09:46:00,20.45
10-03-2024 09:56:00,20.45
10-03-2024 10:06:00,20.46
10-03-2024 10:16:00,20.46
10-03-2024 10:26:00,20.47
10-03-2024 10:36:00,20.48
10-03-2024 10:46:00,20.49
10-03-2024 10:56:00,20.51
10-03-2024 11:06:00,20.54
10-03-2024 11:16:00,20.57
10-03-2024 11:26:00,20.6
10-03-2024 11:36:00,20.65
10-03-2024 11:46:00,20.69
10-03-2024 11:56:00,20.75
10-03-2024 12:06:00,20.82
10-03-2024 12:16:00,20.89
10-03-2024 12:26:00,20.95
10-03-2024 12:36:00,21.02
10-03-2024 12:46:00,21.08
10-03-2024 12:56:00,21.13
10-03-2024 13:06:00,21.18
10-03-2024 13:16:00,21.23
10-03-2024 13:26:00,21.26
10-03-2024 13:36:00,21.3
10-03-2024 13:46:00,21.33
10-03-2024 13:56:00,21.35
10-03-2024 14:06:00,21.38
10-03-2024 14:16:00,21.39
10-03-2024 14:26:00,21.4
10-03-2024 14:36:00,21.42
10-03-2024 14:46:00,21.43
10-03-2024 14:56:00,21.43
10-03-2024 15:06:00,21.43
10-03-2024 15:16:00,21.43
10-03-2024 15:26:00,21.43
10-03-2024 15:36:00,21.44
10-03-2024 15:46:00,21.46
10-03-2024 15:56:00,21.47
10-03-2024 16:06:00,21.49
10-03-2024 16:16:00,21.52
10-03-2024 16:26:00,21.55
10-03-2024 16:36:00,21.58
10-03-2024 16:46:00,21.64
10-03-2024 16:56:00,21.69
10-03-2024 17:06:00,21.74
10-03-2024 17:16:00,21.8
10-03-2024 17:26:00,21.85
10-03-2024 17:36:00,21.9
10-03-2024 17:46:00,21.95
10-03-2024 17:56:00,22
10-03-2024 18:06:00,22.04
10-03-2024 18:16:00,22.07
10-03-2024 18:26:00,22.09
10-03-2024 18:36:00,22.12
10-03-2024 18:46:00,22.15
10-03-2024 18:56:00,22.17
10-03-2024 19:06:00,22.2
10-03-2024 19:16:00,22.24
10-03-2024 19:26:00,22.27
10-03-2024 19:36:00,22.3
10-03-2024 19:46:00,22.33
10-03-2024 19:56:00,22.36
10-03-2024 20:06:00,22.39
10-03-2024 20:16:00,22.42
10-03-2024 20:26:00,22.44
10-03-2024 20:36:00,22.46
10-03-2024 20:46:00,22.48
10-03-2024 20:56:00,22.5
10-03-2024 21:06:00,22.52
10-03-2024 21:16:00,22.53
10-03-2024 21:26:00,22.54
10-03-2024 21:36:00,22.55
10-03-2024 21:46:00,22.56
10-03-2024 21:56:00,22.57
10-03-2024 22:06:00,22.58
10-03-2024 22:16:00,22.59
10-03-2024 22:26:00,22.6
10-03-2024 22:36:00,22.6
10-03-2024 22:46:00,22.61
10-03-2024 22:56:00,22.61
10-03-2024 23:06:00,22.61
10-03-2024 23:16:00,22.62
10-03-2024 23:26:00,22.62
10-03-2024 23:36:00,22.61
10-03-2024 23:46:00,22.61
10-03-2024 23:56:00,22.6
10-04-2024 00:06:00,22.6
10-04-2024 00:16:00,22.6
10-04-2024 00:26:00,22.59
10-04-2024 00:36:00,22.58
10-04-2024 00:46:00,22.57
10-04-2024 00:56:00,22.55
10-04-2024 01:06:00,22.53
10-04-2024 01:16:00,22.51
10-04-2024 01:26:00,22.48
10-04-2024 01:36:00,22.45
10-04-2024 01:46:00,22.42
10-04-2024 01:56:00,22.38
10-04-2024 02:06:00,22.34
10-04-2024 02:16:00,22.31
10-04-2024 02:26:00,22.27
10-04-2024 02:36:00,22.23
10-04-2024 02:46:00,22.2
10-04-2024 02:56:00,22.16
10-04-2024 03:06:00,22.12
10-04-2024 03:16:00,22.08
10-04-2024 03:26:00,22.04
10-04-2024 03:36:00,22
10-04-2024 03:46:00,21.96
10-04-2024 03:56:00,21.92
10-04-2024 04:06:00,21.88
10-04-2024 04:16:00,21.84
10-04-2024 04:26:00,21.8
10-04-2024 04:36:00,21.75
10-04-2024 04:46:00,21.7
10-04-2024 04:56:00,21.66
10-04-2024 05:06:00,21.61
10-04-2024 05:16:00,21.57
10-04-2024 05:26:00,21.52
10-04-2024 05:36:00,21.47
10-04-2024 05:46:00,21.42
10-04-2024 05:56:00,21.38
10-04-2024 06:06:00,21.33
10-04-2024 06:16:00,21.28
10-04-2024 06:26:00,21.23
10-04-2024 06:36:00,21.18
10-04-2024 06:46:00,21.13
10-04-2024 06:56:00,21.08
10-04-2024 07:06:00,21.03
10-04-2024 07:16:00,20.99
10-04-2024 07:26:00,20.95
10-04-2024 07:36:00,20.91
10-04-2024 07:46:00,20.88
10-04-2024 07:56:00,20.84
10-04-2024 08:06:00,20.82
10-04-2024 08:16:00,20.79
10-04-2024 08:26:00,20.78
10-04-2024 08:36:00,20.76
10-04-2024 08:46:00,20.76
10-04-2024 08:56:00,20.75
10-04-2024 09:06:00,20.74
10-04-2024 09:16:00,20.73
10-04-2024 09:26:00,20.72
10-04-2024 09:36:00,20.71
10-04-2024 09:46:00,20.71
10-04-2024 09:56:00,20.72
10-04-2024 10:06:00,20.72
10-04-2024 10:16:00,20.72
10-04-2024 10:26:00,20.73
10-04-2024 10:36:00,20.74
10-04-2024 10:46:00,20.76
10-04-2024 10:56:00,20.79
10-04-2024 11:06:00,20.8
10-04-2024 11:16:00,20.83
10-04-2024 11:26:00,20.86
10-04-2024 11:36:00,20.9
10-04-2024 11:46:00,20.94
10-04-2024 11:56:00,20.99
10-04-2024 12:06:00,21.05
10-04-2024 12:16:00,21.11
10-04-2024 12:26:00,21.17
10-04-2024 12:36:00,21.23
10-04-2024 12:46:00,21.29
10-04-2024 12:56:00,21.34
10-04-2024 13:06:00,21.39
10-04-2024 13:16:00,21.43
10-04-2024 13:26:00,21.46
10-04-2024 13:36:00,21.49
10-04-2024 13:46:00,21.51
10-04-2024 13:56:00,21.53
10-04-2024 14:06:00,21.54
10-04-2024 14:16:00,21.54
10-04-2024 14:26:00,21.55
10-04-2024 14:36:00,21.55
10-04-2024 14:46:00,21.55
10-04-2024 14:56:00,21.55
10-04-2024 15:06:00,21.55
10-04-2024 15:16:00,21.56
10-04-2024 15:26:00,21.56
10-04-2024 15:36:00,21.57
10-04-2024 15:46:00,21.57
10-04-2024 15:56:00,21.59
10-04-2024 16:06:00,21.61
10-04-2024 16:16:00,21.64
10-04-2024 16:26:00,21.67
10-04-2024 16:36:00,21.71
10-04-2024 16:46:00,21.75
10-04-2024 16:56:00,21.8
10-04-2024 17:06:00,21.86
10-04-2024 17:16:00,21.91
10-04-2024 17:26:00,21.97
10-04-2024 17:36:00,22.03
10-04-2024 17:46:00,22.08
10-04-2024 17:56:00,22.13
10-04-2024 18:06:00,22.18
10-04-2024 18:16:00,22.22
10-04-2024 18:26:00,22.25
10-04-2024 18:36:00,22.29
10-04-2024 18:46:00,22.32
10-04-2024 18:56:00,22.35
10-04-2024 19:06:00,22.38
10-04-2024 19:16:00,22.42
10-04-2024 19:26:00,22.45
10-04-2024 19:36:00,22.48
10-04-2024 19:46:00,22.51
10-04-2024 19:56:00,22.54
10-04-2024 20:06:00,22.56
10-04-2024 20:16:00,22.59
10-04-2024 20:26:00,22.61
10-04-2024 20:36:00,22.63
10-04-2024 20:46:00,22.64
10-04-2024 20:56:00,22.65
10-04-2024 21:06:00,22.67
10-04-2024 21:16:00,22.67
10-04-2024 21:26:00,22.68
10-04-2024 21:36:00,22.68
10-04-2024 21:46:00,22.69
10-04-2024 21:56:00,22.68
10-04-2024 22:06:00,22.68
10-04-2024 22:16:00,22.68
10-04-2024 22:26:00,22.67
10-04-2024 22:36:00,22.67
10-04-2024 22:46:00,22.66
10-04-2024 22:56:00,22.65
10-04-2024 23:06:00,22.65
10-04-2024 23:16:00,22.64
10-04-2024 23:26:00,22.63
10-04-2024 23:36:00,22.62
10-04-2024 23:46:00,22.6
10-04-2024 23:56:00,22.58
10-05-2024 00:06:00,22.55
10-05-2024 00:16:00,22.52
10-05-2024 00:26:00,22.48
10-05-2024 00:36:00,22.45
10-05-2024 00:46:00,22.41
10-05-2024 00:56:00,22.36
10-05-2024 01:06:00,22.31
10-05-2024 01:16:00,22.26
10-05-2024 01:26:00,22.21
10-05-2024 01:36:00,22.16
10-05-2024 01:46:00,22.12
10-05-2024 01:56:00,22.07
10-05-2024 02:06:00,22.02
10-05-2024 02:16:00,21.96
10-05-2024 02:26:00,21.91
10-05-2024 02:36:00,21.86
10-05-2024 02:46:00,21.8
10-05-2024 02:56:00,21.75
10-05-2024 03:06:00,21.7
10-05-2024 03:16:00,21.65
10-05-2024 03:26:00,21.6
10-05-2024 03:36:00,21.55
10-05-2024 03:46:00,21.5
10-05-2024 03:56:00,21.45
10-05-2024 04:06:00,21.41
10-05-2024 04:16:00,21.37
10-05-2024 04:26:00,21.33
10-05-2024 04:36:00,21.3
10-05-2024 04:46:00,21.26
10-05-2024 04:56:00,21.23
10-05-2024 05:06:00,21.2
10-05-2024 05:16:00,21.16
10-05-2024 05:26:00,21.13
10-05-2024 05:36:00,21.1
10-05-2024 05:46:00,21.07
10-05-2024 05:56:00,21.03
10-05-2024 06:06:00,21
10-05-2024 06:16:00,20.97
10-05-2024 06:26:00,20.94
10-05-2024 06:36:00,20.91
10-05-2024 06:46:00,20.88
10-05-2024 06:56:00,20.85
10-05-2024 07:06:00,20.81
10-05-2024 07:16:00,20.79
10-05-2024 07:26:00,20.76
10-05-2024 07:36:00,20.72
10-05-2024 07:46:00,20.69
10-05-2024 07:56:00,20.66
10-05-2024 08:06:00,20.64
10-05-2024 08:16:00,20.61
10-05-2024 08:26:00,20.59
10-05-2024 08:36:00,20.57
10-05-2024 08:46:00,20.55
10-05-2024 08:56:00,20.54
10-05-2024 09:06:00,20.53
10-05-2024 09:16:00,20.52
10-05-2024 09:26:00,20.51
10-05-2024 09:36:00,20.51
10-05-2024 09:46:00,20.51
10-05-2024 09:56:00,20.52
10-05-2024 10:06:00,20.52
10-05-2024 10:16:00,20.54
10-05-2024 10:26:00,20.55
10-05-2024 10:36:00,20.56
10-05-2024 10:46:00,20.58
10-05-2024 10:56:00,20.59
10-05-2024 11:06:00,20.62
10-05-2024 11:16:00,20.65
10-05-2024 11:26:00,20.68
10-05-2024 11:36:00,20.72
10-05-2024 11:46:00,20.76
10-05-2024 11:56:00,20.81
10-05-2024 12:06:00,20.87
10-05-2024 12:16:00,20.93
10-05-2024 12:26:00,20.99
10-05-2024 12:36:00,21.04
10-05-2024 12:46:00,21.1
10-05-2024 12:56:00,21.15
10-05-2024 13:06:00,21.2
10-05-2024 13:16:00,21.24
10-05-2024 13:26:00,21.28
10-05-2024 13:36:00,21.32
10-05-2024 13:46:00,21.35
10-05-2024 13:56:00,21.36
10-05-2024 14:06:00,21.38
10-05-2024 14:16:00,21.38
10-05-2024 14:26:00,21.38
10-05-2024 14:36:00,21.37
10-05-2024 14:46:00,21.36
10-05-2024 14:56:00,21.35
10-05-2024 15:06:00,21.35
10-05-2024 15:16:00,21.35
10-05-2024 15:26:00,21.35
10-05-2024 15:36:00,21.35
10-05-2024 15:46:00,21.36
10-05-2024 15:56:00,21.38
10-05-2024 16:06:00,21.4
10-05-2024 16:16:00,21.42
10-05-2024 16:26:00,21.45
10-05-2024 16:36:00,21.49
10-05-2024 16:46:00,21.53
10-05-2024 16:56:00,21.58
10-05-2024 17:16:00,21.7
10-05-2024 17:26:00,21.75
10-05-2024 17:36:00,21.81
10-05-2024 17:46:00,21.86
10-05-2024 17:56:00,21.91
10-05-2024 18:06:00,21.95
10-05-2024 18:16:00,21.99
10-05-2024 18:26:00,22.04
10-05-2024 18:36:00,22.08
10-05-2024 18:46:00,22.12
10-05-2024 18:56:00,22.14
10-05-2024 19:06:00,22.17
10-05-2024 19:16:00,22.2
10-05-2024 19:26:00,22.24
10-05-2024 19:36:00,22.27
10-05-2024 19:46:00,22.3
10-05-2024 19:56:00,22.33
10-05-2024 20:06:00,22.37
10-05-2024 20:16:00,22.4
10-05-2024 20:26:00,22.42
10-05-2024 20:36:00,22.45
10-05-2024 20:46:00,22.47
10-05-2024 20:56:00,22.49
10-05-2024 21:06:00,22.51
10-05-2024 21:16:00,22.52
10-05-2024 21:26:00,22.53
10-05-2024 21:36:00,22.54
10-05-2024 21:46:00,22.55
10-05-2024 21:56:00,22.55
10-05-2024 22:06:00,22.56
10-05-2024 22:16:00,22.56
10-05-2024 22:26:00,22.56
10-05-2024 22:36:00,22.56
10-05-2024 22:46:00,22.56
10-05-2024 22:56:00,22.56
10-05-2024 23:16:00,22.55
10-05-2024 23:26:00,22.54
10-05-2024 23:36:00,22.54
10-05-2024 23:46:00,22.52
10-05-2024 23:56:00,22.5
10-06-2024 00:06:00,22.47
10-06-2024 00:16:00,22.45
10-06-2024 00:26:00,22.42
10-06-2024 00:36:00,22.39
10-06-2024 00:46:00,22.35
10-06-2024 00:56:00,22.31
10-06-2024 01:06:00,22.27
10-06-2024 01:16:00,22.22
10-06-2024 01:26:00,22.19
10-06-2024 01:36:00,22.15
10-06-2024 01:46:00,22.1
10-06-2024 01:56:00,22.06
10-06-2024 02:06:00,22.02
10-06-2024 02:16:00,21.96
10-06-2024 02:26:00,21.91
10-06-2024 02:36:00,21.86
10-06-2024 02:46:00,21.81
10-06-2024 02:56:00,21.76
10-06-2024 03:06:00,21.72
10-06-2024 03:16:00,21.67
10-06-2024 03:26:00,21.62
10-06-2024 03:36:00,21.58
10-06-2024 03:46:00,21.54
10-06-2024 03:56:00,21.51
10-06-2024 04:06:00,21.47
10-06-2024 04:16:00,21.44
10-06-2024 04:26:00,21.41
10-06-2024 04:36:00,21.38
10-06-2024 04:46:00,21.35
10-06-2024 04:56:00,21.31
10-06-2024 05:06:00,21.28
10-06-2024 05:16:00,21.25
10-06-2024 05:26:00,21.21
10-06-2024 05:36:00,21.18
10-06-2024 05:46:00,21.15
10-06-2024 05:56:00,21.12
10-06-2024 06:06:00,21.08
10-06-2024 06:16:00,21.05
10-06-2024 06:26:00,21.02
10-06-2024 06:36:00,20.98
10-06-2024 06:46:00,20.95
10-06-2024 06:56:00,20.91
10-06-2024 07:06:00,20.88
10-06-2024 07:16:00,20.85
10-06-2024 07:26:00,20.81
10-06-2024 07:36:00,20.78
10-06-2024 07:46:00,20.75
10-06-2024 07:56:00,20.71
10-06-2024 08:06:00,20.69
10-06-2024 08:16:00,20.66
10-06-2024 08:26:00,20.64
10-06-2024 08:36:00,20.61
10-06-2024 08:46:00,20.59
10-06-2024 08:56:00,20.57
10-06-2024 09:06:00,20.55
10-06-2024 09:16:00,20.53
10-06-2024 09:26:00,20.51
10-06-2024 09:36:00,20.5
10-06-2024 09:46:00,20.49
10-06-2024 09:56:00,20.49
10-06-2024 10:06:00,20.49
10-06-2024 10:16:00,20.5
10-06-2024 10:26:00,20.51
10-06-2024 10:36:00,20.53
10-06-2024 10:46:00,20.55
10-06-2024 10:56:00,20.57
10-06-2024 11:06:00,20.6
10-06-2024 11:16:00,20.63
10-06-2024 11:26:00,20.67
10-06-2024 11:36:00,20.71
10-06-2024 11:46:00,20.77
10-06-2024 11:56:00,20.83
10-06-2024 12:06:00,20.91
10-06-2024 12:16:00,20.98
10-06-2024 12:26:00,21.05
10-06-2024 12:36:00,21.13
10-06-2024 12:46:00,21.19
10-06-2024 12:56:00,21.26
10-06-2024 13:06:00,21.32
10-06-2024 13:16:00,21.38
10-06-2024 13:26:00,21.43
10-06-2024 13:36:00,21.48
10-06-2024 13:46:00,21.52
10-06-2024 13:56:00,21.56
10-06-2024 14:06:00,21.6
10-06-2024 14:16:00,21.62
10-06-2024 14:26:00,21.64
10-06-2024 14:36:00,21.65
10-06-2024 14:46:00,21.65
10-06-2024 14:56:00,21.65
10-06-2024 15:06:00,21.65
10-06-2024 15:16:00,21.65
10-06-2024 15:26:00,21.64
10-06-2024 15:36:00,21.64
10-06-2024 15:46:00,21.64
10-06-2024 15:56:00,21.65
10-06-2024 16:06:00,21.65
10-06-2024 16:16:00,21.66
10-06-2024 16:26:00,21.68
10-06-2024 16:36:00,21.69
10-06-2024 16:46:00,21.72
10-06-2024 16:56:00,21.75
10-06-2024 17:06:00,21.78
10-06-2024 17:16:00,21.82
10-06-2024 17:26:00,21.87
10-06-2024 17:36:00,21.91
10-06-2024 17:46:00,21.96
10-06-2024 17:56:00,22.01
10-06-2024 18:06:00,22.06
10-06-2024 18:16:00,22.11
10-06-2024 18:26:00,22.15
10-06-2024 18:36:00,22.2
10-06-2024 18:46:00,22.23
10-06-2024 18:56:00,22.27
10-06-2024 19:06:00,22.3
10-06-2024 19:16:00,22.33
10-06-2024 19:26:00,22.36
10-06-2024 19:36:00,22.4
10-06-2024 19:46:00,22.43
10-06-2024 19:56:00,22.45
10-06-2024 20:06:00,22.48
10-06-2024 20:16:00,22.5
10-06-2024 20:26:00,22.53
10-06-2024 20:36:00,22.55
10-06-2024 20:46:00,22.56
10-06-2024 20:56:00,22.58
10-06-2024 21:06:00,22.59
10-06-2024 21:16:00,22.6
10-06-2024 21:26:00,22.6
10-06-2024 21:36:00,22.6
10-06-2024 21:46:00,22.6
10-06-2024 21:56:00,22.6
10-06-2024 22:06:00,22.6
10-06-2024 22:16:00,22.59
10-06-2024 22:26:00,22.59
10-06-2024 22:36:00,22.58
10-06-2024 22:46:00,22.57
10-06-2024 22:56:00,22.56
10-06-2024 23:06:00,22.55
10-06-2024 23:16:00,22.53
10-06-2024 23:26:00,22.51
10-06-2024 23:36:00,22.49
10-06-2024 23:46:00,22.46
10-06-2024 23:56:00,22.44
10-07-2024 00:06:00,22.41
10-07-2024 00:16:00,22.38
10-07-2024 00:26:00,22.35
10-07-2024 00:36:00,22.33
10-07-2024 00:46:00,22.3
10-07-2024 00:56:00,22.26
10-07-2024 01:06:00,22.23
10-07-2024 01:16:00,22.2
10-07-2024 01:26:00,22.15
10-07-2024 01:36:00,22.11
10-07-2024 01:46:00,22.07
10-07-2024 01:56:00,22.02
10-07-2024 02:06:00,21.98
10-07-2024 02:16:00,21.93
10-07-2024 02:26:00,21.89
10-07-2024 02:36:00,21.84
10-07-2024 02:46:00,21.79
10-07-2024 02:56:00,21.74
10-07-2024 03:06:00,21.68
10-07-2024 03:16:00,21.63
10-07-2024 03:26:00,21.58
10-07-2024 03:36:00,21.52
10-07-2024 03:46:00,21.47
10-07-2024 03:56:00,21.42
10-07-2024 04:06:00,21.37
10-07-2024 04:16:00,21.32
10-07-2024 04:26:00,21.28
10-07-2024 04:36:00,21.23
10-07-2024 04:46:00,21.19
10-07-2024 04:56:00,21.15
10-07-2024 05:06:00,21.1
10-07-2024 05:16:00,21.06
10-07-2024 05:26:00,21.03
10-07-2024 05:36:00,20.99
10-07-2024 05:46:00,20.94
10-07-2024 05:56:00,20.9
10-07-2024 06:06:00,20.86
10-07-2024 06:16:00,20.82
10-07-2024 06:26:00,20.77
10-07-2024 06:36:00,20.74
10-07-2024 06:46:00,20.69
10-07-2024 06:56:00,20.65
10-07-2024 07:06:00,20.6
10-07-2024 07:16:00,20.56
10-07-2024 07:26:00,20.52
10-07-2024 07:36:00,20.48
10-07-2024 07:46:00,20.44
10-07-2024 07:56:00,20.39
10-07-2024 08:06:00,20.36
10-07-2024 08:16:00,20.33
10-07-2024 08:26:00,20.3
10-07-2024 08:36:00,20.27
10-07-2024 08:46:00,20.24
10-07-2024 08:56:00,20.22
10-07-2024 09:06:00,20.21
10-07-2024 09:16:00,20.2
10-07-2024 09:26:00,20.19
10-07-2024 09:36:00,20.19
10-07-2024 09:46:00,20.2
10-07-2024 09:56:00,20.21
10-07-2024 10:06:00,20.22
10-07-2024 10:16:00,20.24
10-07-2024 10:26:00,20.26
10-07-2024 10:36:00,20.29
10-07-2024 10:46:00,20.32
10-07-2024 10:56:00,20.34
10-07-2024 11:06:00,20.37
10-07-2024 11:16:00,20.4
10-07-2024 11:26:00,20.45
10-07-2024 11:36:00,20.49
10-07-2024 11:46:00,20.53
10-07-2024 11:56:00,20.58
10-07-2024 12:06:00,20.64
10-07-2024 12:16:00,20.71
10-07-2024 12:26:00,20.77
10-07-2024 12:36:00,20.83
10-07-2024 12:46:00,20.89
10-07-2024 12:56:00,20.95
10-07-2024 13:06:00,21
10-07-2024 13:16:00,21.04
10-07-2024 13:26:00,21.08
10-07-2024 13:36:00,21.12
10-07-2024 13:46:00,21.15
10-07-2024 13:56:00,21.17
10-07-2024 14:06:00,21.2
10-07-2024 14:16:00,21.22
10-07-2024 14:26:00,21.23
10-07-2024 14:36:00,21.24
10-07-2024 14:46:00,21.24
10-07-2024 14:56:00,21.25
10-07-2024 15:06:00,21.25
10-07-2024 15:16:00,21.25
10-07-2024 15:26:00,21.25
10-07-2024 15:36:00,21.26
10-07-2024 15:46:00,21.27
10-07-2024 15:56:00,21.28
10-07-2024 16:06:00,21.29
10-07-2024 16:16:00,21.32
10-07-2024 16:26:00,21.35
10-07-2024 16:36:00,21.39
10-07-2024 16:46:00,21.43
10-07-2024 16:56:00,21.5
10-07-2024 17:06:00,21.55
10-07-2024 17:16:00,21.61
10-07-2024 17:26:00,21.68
10-07-2024 17:36:00,21.75
10-07-2024 17:46:00,21.82
10-07-2024 17:56:00,21.89
10-07-2024 18:06:00,21.96
10-07-2024 18:16:00,22.03
10-07-2024 18:26:00,22.1
10-07-2024 18:36:00,22.17
10-07-2024 18:46:00,22.23
10-07-2024 18:56:00,22.3
10-07-2024 19:06:00,22.35
10-07-2024 19:16:00,22.4
10-07-2024 19:26:00,22.44
10-07-2024 19:36:00,22.48
10-07-2024 19:46:00,22.51
10-07-2024 19:56:00,22.54
10-07-2024 20:06:00,22.56
10-07-2024 20:16:00,22.58
10-07-2024 20:26:00,22.59
10-07-2024 20:36:00,22.59
10-07-2024 20:46:00,22.59
10-07-2024 20:56:00,22.59
10-07-2024 21:06:00,22.59
10-07-2024 21:16:00,22.58
10-07-2024 21:26:00,22.57
10-07-2024 21:36:00,22.56
10-07-2024 21:46:00,22.56
10-07-2024 21:56:00,22.55
10-07-2024 22:06:00,22.54
10-07-2024 22:16:00,22.53
10-07-2024 22:26:00,22.52
10-07-2024 22:36:00,22.51
10-07-2024 22:46:00,22.5
10-07-2024 22:56:00,22.48
10-07-2024 23:06:00,22.46
10-07-2024 23:16:00,22.45
10-07-2024 23:26:00,22.43
10-07-2024 23:36:00,22.4
10-07-2024 23:46:00,22.38
10-07-2024 23:56:00,22.34
10-08-2024 00:06:00,22.3
10-08-2024 00:16:00,22.26
10-08-2024 00:26:00,22.22
10-08-2024 00:36:00,22.18
10-08-2024 00:46:00,22.13
10-08-2024 00:56:00,22.08
10-08-2024 01:06:00,22.03
10-08-2024 01:16:00,21.99
10-08-2024 01:26:00,21.93
10-08-2024 01:36:00,21.88
10-08-2024 01:46:00,21.82
10-08-2024 01:56:00,21.76
10-08-2024 02:06:00,21.71
10-08-2024 02:16:00,21.65
10-08-2024 02:26:00,21.58
10-08-2024 02:36:00,21.52
10-08-2024 02:46:00,21.46
10-08-2024 02:56:00,21.4
10-08-2024 03:06:00,21.33
10-08-2024 03:16:00,21.27
10-08-2024 03:26:00,21.21
10-08-2024 03:36:00,21.16
10-08-2024 03:46:00,21.11
10-08-2024 03:56:00,21.06
10-08-2024 04:06:00,21.02
10-08-2024 04:16:00,20.97
10-08-2024 04:26:00,20.93
10-08-2024 04:36:00,20.88
10-08-2024 04:46:00,20.84
10-08-2024 04:56:00,20.79
10-08-2024 05:06:00,20.75
10-08-2024 05:16:00,20.71
10-08-2024 05:26:00,20.66
10-08-2024 05:36:00,20.62
10-08-2024 05:46:00,20.57
10-08-2024 05:56:00,20.53
10-08-2024 06:06:00,20.48
10-08-2024 06:16:00,20.44
10-08-2024 06:26:00,20.39
10-08-2024 06:36:00,20.34
10-08-2024 06:46:00,20.29
10-08-2024 06:56:00,20.25
10-08-2024 07:06:00,20.2
10-08-2024 07:16:00,20.15
10-08-2024 07:26:00,20.11
10-08-2024 07:36:00,20.07
10-08-2024 07:46:00,20.03
10-08-2024 07:56:00,19.99
10-08-2024 08:06:00,19.94
10-08-2024 08:16:00,19.92
10-08-2024 08:26:00,19.89
10-08-2024 08:36:00,19.85
10-08-2024 08:46:00,19.83
10-08-2024 08:56:00,19.81
10-08-2024 09:06:00,19.79
10-08-2024 09:16:00,19.79
10-08-2024 09:26:00,19.78
10-08-2024 09:36:00,19.79
10-08-2024 09:46:00,19.79
10-08-2024 09:56:00,19.8
10-08-2024 10:06:00,19.81
10-08-2024 10:16:00,19.83
10-08-2024 10:26:00,19.85
10-08-2024 10:36:00,19.88
10-08-2024 10:46:00,19.9
10-08-2024 10:56:00,19.93
10-08-2024 11:06:00,19.96
10-08-2024 11:16:00,19.99
10-08-2024 11:26:00,20.02
10-08-2024 11:36:00,20.07
10-08-2024 11:46:00,20.11
10-08-2024 11:56:00,20.16
10-08-2024 12:06:00,20.22
10-08-2024 12:16:00,20.28
10-08-2024 12:26:00,20.34
10-08-2024 12:36:00,20.4
10-08-2024 12:46:00,20.45
10-08-2024 12:56:00,20.5
10-08-2024 13:06:00,20.54
10-08-2024 13:16:00,20.58
10-08-2024 13:26:00,20.62
10-08-2024 13:36:00,20.65
10-08-2024 13:46:00,20.67
10-08-2024 13:56:00,20.69
10-08-2024 14:06:00,20.71
10-08-2024 14:16:00,20.72
10-08-2024 14:26:00,20.72
10-08-2024 14:36:00,20.73
10-08-2024 14:46:00,20.73
10-08-2024 14:56:00,20.74
10-08-2024 15:06:00,20.74
10-08-2024 15:16:00,20.75
10-08-2024 15:26:00,20.75
10-08-2024 15:36:00,20.76
10-08-2024 15:46:00,20.77
10-08-2024 15:56:00,20.79
10-08-2024 16:06:00,20.82
10-08-2024 16:16:00,20.86
10-08-2024 16:26:00,20.91
10-08-2024 16:36:00,20.97
10-08-2024 16:46:00,21.04
10-08-2024 16:56:00,21.12
10-08-2024 17:06:00,21.2
10-08-2024 17:16:00,21.27
10-08-2024 17:26:00,21.34
10-08-2024 17:36:00,21.41
10-08-2024 17:46:00,21.48
10-08-2024 17:56:00,21.55
10-08-2024 18:06:00,21.62
10-08-2024 18:16:00,21.68
10-08-2024 18:26:00,21.74
10-08-2024 18:36:00,21.8
10-08-2024 18:46:00,21.85
10-08-2024 18:56:00,21.91
10-08-2024 19:06:00,21.95
10-08-2024 19:16:00,21.99
10-08-2024 19:26:00,22.03
10-08-2024 19:36:00,22.07
10-08-2024 19:46:00,22.09
10-08-2024 19:56:00,22.11
10-08-2024 20:06:00,22.13
10-08-2024 20:16:00,22.14
10-08-2024 20:26:00,22.16
10-08-2024 20:36:00,22.18
10-08-2024 20:46:00,22.19
10-08-2024 20:56:00,22.18
10-08-2024 21:06:00,22.18
10-08-2024 21:16:00,22.18
10-08-2024 21:26:00,22.17
10-08-2024 21:36:00,22.15
10-08-2024 21:46:00,22.14
10-08-2024 21:56:00,22.12
10-08-2024 22:06:00,22.1
10-08-2024 22:16:00,22.08
10-08-2024 22:26:00,22.06
10-08-2024 22:36:00,22.05
10-08-2024 22:46:00,22.03
10-08-2024 22:56:00,22.01
10-08-2024 23:06:00,21.99
10-08-2024 23:16:00,21.97
10-08-2024 23:26:00,21.96
10-08-2024 23:36:00,21.94
10-08-2024 23:46:00,21.93
10-08-2024 23:56:00,21.91
10-09-2024 00:06:00,21.89
10-09-2024 00:16:00,21.86
10-09-2024 00:26:00,21.84
10-09-2024 00:36:00,21.81
10-09-2024 00:46:00,21.79
10-09-2024 00:56:00,21.76
10-09-2024 01:06:00,21.73
10-09-2024 01:16:00,21.7
10-09-2024 01:26:00,21.67
10-09-2024 01:36:00,21.63
10-09-2024 01:46:00,21.59
10-09-2024 01:56:00,21.55
10-09-2024 02:06:00,21.51
10-09-2024 02:16:00,21.47
10-09-2024 02:26:00,21.42
10-09-2024 02:36:00,21.38
10-09-2024 02:46:00,21.34
10-09-2024 02:56:00,21.3
10-09-2024 03:06:00,21.26
10-09-2024 03:16:00,21.22
10-09-2024 03:26:00,21.17
10-09-2024 03:36:00,21.13
10-09-2024 03:46:00,21.08
10-09-2024 03:56:00,21.03
10-09-2024 04:06:00,20.99
10-09-2024 04:16:00,20.94
10-09-2024 04:26:00,20.9
10-09-2024 04:36:00,20.86
10-09-2024 04:46:00,20.82
10-09-2024 04:56:00,20.78
10-09-2024 05:06:00,20.73
10-09-2024 05:16:00,20.69
10-09-2024 05:26:00,20.66
10-09-2024 05:36:00,20.62
10-09-2024 05:46:00,20.58
10-09-2024 05:56:00,20.54
10-09-2024 06:06:00,20.51
10-09-2024 06:16:00,20.48
10-09-2024 06:26:00,20.44
10-09-2024 06:36:00,20.41
10-09-2024 06:46:00,20.37
10-09-2024 06:56:00,20.34
10-09-2024 07:06:00,20.31
10-09-2024 07:16:00,20.28
10-09-2024 07:26:00,20.24
10-09-2024 07:36:00,20.2
10-09-2024 07:46:00,20.18
10-09-2024 07:56:00,20.15
10-09-2024 08:06:00,20.12
10-09-2024 08:16:00,20.1
10-09-2024 08:26:00,20.07
10-09-2024 08:36:00,20.05
10-09-2024 08:46:00,20.04
10-09-2024 08:56:00,20.02
10-09-2024 09:06:00,20
10-09-2024 09:16:00,19.99
10-09-2024 09:26:00,19.98
10-09-2024 09:36:00,19.97
10-09-2024 09:46:00,19.97
10-09-2024 09:56:00,19.97
10-09-2024 10:06:00,19.97
10-09-2024 10:16:00,19.97
10-09-2024 10:26:00,19.97
10-09-2024 10:36:00,19.97
10-09-2024 10:46:00,19.98
10-09-2024 10:56:00,20
10-09-2024 11:06:00,20.02
10-09-2024 11:16:00,20.04
10-09-2024 11:26:00,20.07
10-09-2024 11:36:00,20.11
10-09-2024 11:46:00,20.15
10-09-2024 11:56:00,20.19
10-09-2024 12:06:00,20.24
10-09-2024 12:16:00,20.29
10-09-2024 12:26:00,20.34
10-09-2024 12:36:00,20.39
10-09-2024 12:46:00,20.44
10-09-2024 12:56:00,20.48
10-09-2024 13:06:00,20.53
10-09-2024 13:16:00,20.57
10-09-2024 13:26:00,20.61
10-09-2024 13:36:00,20.64
10-09-2024 13:46:00,20.66
10-09-2024 13:56:00,20.68
10-09-2024 14:06:00,20.7
10-09-2024 14:16:00,20.71
10-09-2024 14:26:00,20.73
10-09-2024 14:36:00,20.74
10-09-2024 14:46:00,20.75
10-09-2024 14:56:00,20.76
10-09-2024 15:06:00,20.77
10-09-2024 15:16:00,20.78
10-09-2024 15:26:00,20.79
10-09-2024 15:36:00,20.8
10-09-2024 15:46:00,20.81
10-09-2024 15:56:00,20.83
10-09-2024 16:06:00,20.86
10-09-2024 16:16:00,20.88
10-09-2024 16:26:00,20.93
10-09-2024 16:36:00,20.97
10-09-2024 16:46:00,21.03
10-09-2024 16:56:00,21.08
10-09-2024 17:06:00,21.13
10-09-2024 17:16:00,21.18
10-09-2024 17:26:00,21.23
10-09-2024 17:36:00,21.27
10-09-2024 17:46:00,21.33
10-09-2024 17:56:00,21.37
10-09-2024 18:06:00,21.42
10-09-2024 18:16:00,21.46
10-09-2024 18:26:00,21.5
10-09-2024 18:36:00,21.54
10-09-2024 18:46:00,21.57
10-09-2024 18:56:00,21.6
10-09-2024 19:06:00,21.62
10-09-2024 19:16:00,21.65
10-09-2024 19:26:00,21.68
10-09-2024 19:36:00,21.7
10-09-2024 19:46:00,21.72
10-09-2024 19:56:00,21.73
10-09-2024 20:06:00,21.74
10-09-2024 20:16:00,21.75
10-09-2024 20:26:00,21.74
10-09-2024 20:36:00,21.74
10-09-2024 20:46:00,21.74
10-09-2024 20:56:00,21.73
10-09-2024 21:06:00,21.73
10-09-2024 21:16:00,21.71
10-09-2024 21:26:00,21.7
10-09-2024 21:36:00,21.68
10-09-2024 21:46:00,21.67
10-09-2024 21:56:00,21.65
10-09-2024 22:06:00,21.63
10-09-2024 22:16:00,21.62
10-09-2024 22:26:00,21.6
10-09-2024 22:36:00,21.58
10-09-2024 22:46:00,21.56
10-09-2024 22:56:00,21.54
10-09-2024 23:06:00,21.52
10-09-2024 23:16:00,21.5
10-09-2024 23:26:00,21.47
10-09-2024 23:36:00,21.45
10-09-2024 23:46:00,21.42
10-09-2024 23:56:00,21.4
10-11-2024 00:00:00,21.29
10-11-2024 00:10:00,21.26
10-11-2024 00:20:00,21.24
10-11-2024 00:30:00,21.21
10-11-2024 00:40:00,21.17
10-11-2024 00:50:00,21.1
10-11-2024 01:00:00,21.05
10-11-2024 01:10:00,21
10-11-2024 01:20:00,20.95
10-11-2024 01:30:00,20.89
10-11-2024 01:40:00,20.85
10-11-2024 01:50:00,20.8
10-11-2024 02:00:00,20.74
10-11-2024 02:10:00,20.69
10-11-2024 02:20:00,20.64
10-11-2024 02:30:00,20.59
10-11-2024 02:40:00,20.54
10-11-2024 02:50:00,20.49
10-11-2024 03:00:00,20.44
10-11-2024 03:10:00,20.4
10-11-2024 03:20:00,20.35
10-11-2024 03:30:00,20.32
10-11-2024 03:40:00,20.28
10-11-2024 03:50:00,20.24
10-11-2024 04:00:00,20.21
10-11-2024 04:10:00,20.17
10-11-2024 04:20:00,20.14
10-11-2024 04:30:00,20.1
10-11-2024 04:40:00,20.07
10-11-2024 04:50:00,20.04
10-11-2024 05:00:00,20
10-11-2024 05:10:00,19.97
10-11-2024 05:20:00,19.93
10-11-2024 05:30:00,19.89
10-11-2024 05:40:00,19.85
10-11-2024 05:50:00,19.81
10-11-2024 06:00:00,19.77
10-11-2024 06:10:00,19.73
10-11-2024 06:20:00,19.68
10-11-2024 06:30:00,19.64
10-11-2024 06:40:00,19.6
10-11-2024 06:50:00,19.56
10-11-2024 07:00:00,19.52
10-11-2024 07:10:00,19.48
10-11-2024 07:20:00,19.44
10-11-2024 07:30:00,19.41
10-11-2024 07:40:00,19.38
10-11-2024 07:50:00,19.34
10-11-2024 08:00:00,19.31
10-11-2024 08:10:00,19.28
10-11-2024 08:20:00,19.25
10-11-2024 08:30:00,19.23
10-11-2024 08:40:00,19.21
10-11-2024 08:50:00,19.19
10-11-2024 09:00:00,19.18
10-11-2024 09:10:00,19.17
10-11-2024 09:20:00,19.16
10-11-2024 09:30:00,19.15
10-11-2024 09:40:00,19.16
10-11-2024 09:50:00,19.17
10-11-2024 10:00:00,19.19
10-11-2024 10:10:00,19.21
10-11-2024 10:20:00,19.23
10-11-2024 10:30:00,19.25
10-11-2024 10:40:00,19.27
10-11-2024 10:50:00,19.31
10-11-2024 11:00:00,19.34
10-11-2024 11:10:00,19.37
10-11-2024 11:20:00,19.42
10-11-2024 11:30:00,19.47
10-11-2024 11:40:00,19.54
10-11-2024 11:50:00,19.6
10-11-2024 12:00:00,19.67
10-11-2024 12:10:00,19.73
10-11-2024 12:20:00,19.8
10-11-2024 12:30:00,19.86
10-11-2024 12:40:00,19.91
10-11-2024 12:50:00,19.96
10-11-2024 13:00:00,20
10-11-2024 13:10:00,20.04
10-11-2024 13:20:00,20.07
10-11-2024 13:30:00,20.08
10-11-2024 13:40:00,20.1
10-11-2024 13:50:00,20.11
10-11-2024 14:00:00,20.13
10-11-2024 14:10:00,20.14
10-11-2024 14:20:00,20.15
10-11-2024 14:30:00,20.16
10-11-2024 14:40:00,20.17
10-11-2024 14:50:00,20.17
10-11-2024 15:00:00,20.18
10-11-2024 15:10:00,20.18
10-11-2024 15:20:00,20.2
10-11-2024 15:30:00,20.22
10-11-2024 15:40:00,20.25
10-11-2024 15:50:00,20.28
10-11-2024 16:00:00,20.32
10-11-2024 16:10:00,20.36
10-11-2024 16:20:00,20.41
10-11-2024 16:30:00,20.46
10-11-2024 16:40:00,20.52
10-11-2024 16:50:00,20.6
10-11-2024 17:00:00,20.67
10-11-2024 17:10:00,20.75
10-11-2024 17:20:00,20.82
10-11-2024 17:30:00,20.88
10-11-2024 17:40:00,20.96
10-11-2024 17:50:00,21.02
10-11-2024 18:00:00,21.08
10-11-2024 18:10:00,21.13
10-11-2024 18:20:00,21.18
10-11-2024 18:30:00,21.23
10-11-2024 18:40:00,21.28
10-11-2024 18:50:00,21.32
10-11-2024 19:00:00,21.37
10-11-2024 19:10:00,21.4
10-11-2024 19:20:00,21.44
10-11-2024 19:30:00,21.47
10-11-2024 19:40:00,21.5
10-11-2024 19:50:00,21.51
10-11-2024 20:00:00,21.53
10-11-2024 20:10:00,21.53
10-11-2024 20:20:00,21.53
10-11-2024 20:30:00,21.53
10-11-2024 20:40:00,21.53
10-11-2024 20:50:00,21.52
10-11-2024 21:00:00,21.51
10-11-2024 21:10:00,21.49
10-11-2024 21:20:00,21.47
10-11-2024 21:30:00,21.45
10-11-2024 21:40:00,21.42
10-11-2024 21:50:00,21.4
10-11-2024 22:00:00,21.37
10-11-2024 22:10:00,21.35
10-11-2024 22:20:00,21.32
10-11-2024 22:30:00,21.28
10-11-2024 22:40:00,21.25
10-11-2024 22:50:00,21.23
10-11-2024 23:00:00,21.19
10-11-2024 23:10:00,21.16
10-11-2024 23:20:00,21.12
10-11-2024 23:30:00,21.09
10-11-2024 23:40:00,21.06
10-11-2024 23:50:00,21.01
10-12-2024 00:00:00,20.97
10-12-2024 00:10:00,20.93
10-12-2024 00:20:00,20.88
10-12-2024 00:30:00,20.84
10-12-2024 00:40:00,20.8
10-12-2024 00:50:00,20.75
10-12-2024 01:00:00,20.71
10-12-2024 01:10:00,20.66
10-12-2024 01:20:00,20.61
10-12-2024 01:30:00,20.56
10-12-2024 01:40:00,20.5
10-12-2024 01:50:00,20.45
10-12-2024 02:00:00,20.4
10-12-2024 02:10:00,20.35
10-12-2024 02:20:00,20.3
10-12-2024 02:30:00,20.24
10-12-2024 02:40:00,20.19
10-12-2024 02:50:00,20.13
10-12-2024 03:00:00,20.08
10-12-2024 03:10:00,20.03
10-12-2024 03:20:00,19.98
10-12-2024 03:30:00,19.92
10-12-2024 03:40:00,19.86
10-12-2024 03:50:00,19.81
10-12-2024 04:00:00,19.75
10-12-2024 04:10:00,19.7
10-12-2024 04:20:00,19.65
10-12-2024 04:30:00,19.59
10-12-2024 04:40:00,19.53
10-12-2024 04:50:00,19.47
10-12-2024 05:00:00,19.42
10-12-2024 05:10:00,19.36
10-12-2024 05:20:00,19.29
10-12-2024 05:30:00,19.24
10-12-2024 05:40:00,19.18
10-12-2024 05:50:00,19.13
10-12-2024 06:00:00,19.07
10-12-2024 06:10:00,19.02
10-12-2024 06:20:00,18.97
10-12-2024 06:30:00,18.92
10-12-2024 06:40:00,18.88
10-12-2024 06:50:00,18.84
10-12-2024 07:00:00,18.79
10-12-2024 07:10:00,18.75
10-12-2024 07:20:00,18.71
10-12-2024 07:30:00,18.67
10-12-2024 07:40:00,18.63
10-12-2024 07:50:00,18.6
10-12-2024 08:00:00,18.56
10-12-2024 08:10:00,18.53
10-12-2024 08:20:00,18.5
10-12-2024 08:30:00,18.48
10-12-2024 08:40:00,18.46
10-12-2024 08:50:00,18.45
10-12-2024 09:00:00,18.45
10-12-2024 09:10:00,18.44
10-12-2024 09:20:00,18.44
10-12-2024 09:30:00,18.44
10-12-2024 09:40:00,18.44
10-12-2024 09:50:00,18.47
10-12-2024 10:00:00,18.49
10-12-2024 10:10:00,18.51
10-12-2024 10:20:00,18.54
10-12-2024 10:30:00,18.56
10-12-2024 10:40:00,18.58
10-12-2024 10:50:00,18.6
10-12-2024 11:00:00,18.62
10-12-2024 11:10:00,18.66
10-12-2024 11:20:00,18.7
10-12-2024 11:30:00,18.75
10-12-2024 11:40:00,18.81
10-12-2024 11:50:00,18.87
10-12-2024 12:00:00,18.94
10-12-2024 12:10:00,19.01
10-12-2024 12:20:00,19.08
10-12-2024 12:30:00,19.15
10-12-2024 12:40:00,19.22
10-12-2024 12:50:00,19.26
10-12-2024 13:00:00,19.31
10-12-2024 13:10:00,19.35
10-12-2024 13:20:00,19.38
10-12-2024 13:30:00,19.41
10-12-2024 13:40:00,19.43
10-12-2024 13:50:00,19.45
10-12-2024 14:00:00,19.46
10-12-2024 14:10:00,19.48
10-12-2024 14:20:00,19.49
10-12-2024 14:30:00,19.49
10-12-2024 14:40:00,19.5
10-12-2024 14:50:00,19.49
10-12-2024 15:00:00,19.49
10-12-2024 15:10:00,19.48
10-12-2024 15:20:00,19.48
10-12-2024 15:30:00,19.48
10-12-2024 15:40:00,19.48
10-12-2024 15:50:00,19.49
10-12-2024 16:00:00,19.5
10-12-2024 16:10:00,19.52
10-12-2024 16:20:00,19.54
10-12-2024 16:30:00,19.57
10-12-2024 16:40:00,19.61
10-12-2024 16:50:00,19.65
10-12-2024 17:00:00,19.7
10-12-2024 17:10:00,19.75
10-12-2024 17:20:00,19.81
10-12-2024 17:30:00,19.87
10-12-2024 17:40:00,19.94
10-12-2024 17:50:00,20
10-12-2024 18:00:00,20.03
10-12-2024 18:10:00,20.07
10-12-2024 18:20:00,20.1
10-12-2024 18:30:00,20.14
10-12-2024 18:40:00,20.19
10-12-2024 18:50:00,20.23
10-12-2024 19:00:00,20.28
10-12-2024 19:10:00,20.32
10-12-2024 19:20:00,20.36
10-12-2024 19:30:00,20.39
10-12-2024 19:40:00,20.42
10-12-2024 19:50:00,20.44
10-12-2024 20:00:00,20.46
10-12-2024 20:10:00,20.47
10-12-2024 20:20:00,20.48
10-12-2024 20:30:00,20.49
10-12-2024 20:40:00,20.5
10-12-2024 20:50:00,20.5
10-12-2024 21:00:00,20.5
10-12-2024 21:10:00,20.51
10-12-2024 21:20:00,20.51
10-12-2024 21:30:00,20.51
10-12-2024 21:40:00,20.5
10-12-2024 21:50:00,20.5
10-12-2024 22:00:00,20.49
10-12-2024 22:10:00,20.49
10-12-2024 22:20:00,20.48
10-12-2024 22:30:00,20.46
10-12-2024 22:40:00,20.45
10-12-2024 22:50:00,20.43
10-12-2024 23:00:00,20.41
10-12-2024 23:10:00,20.39
10-12-2024 23:20:00,20.37
10-12-2024 23:30:00,20.35
10-12-2024 23:40:00,20.33
10-12-2024 23:50:00,20.32
10-13-2024 00:00:00,20.29
10-13-2024 00:10:00,20.27
10-13-2024 00:20:00,20.25
10-13-2024 00:30:00,20.22
10-13-2024 00:40:00,20.2
10-13-2024 00:50:00,20.17
10-13-2024 01:00:00,20.15
10-13-2024 01:10:00,20.14
10-13-2024 01:20:00,20.11
10-13-2024 01:30:00,20.1
10-13-2024 01:40:00,20.08
10-13-2024 01:50:00,20.05
10-13-2024 02:00:00,20.03
10-13-2024 02:10:00,20
10-13-2024 02:20:00,19.98
10-13-2024 02:30:00,19.95
10-13-2024 02:40:00,19.92
10-13-2024 02:50:00,19.89
10-13-2024 03:00:00,19.86
10-13-2024 03:10:00,19.83
10-13-2024 03:20:00,19.8
10-13-2024 03:30:00,19.76
10-13-2024 03:40:00,19.73
10-13-2024 03:50:00,19.7
10-13-2024 04:00:00,19.67
10-13-2024 04:10:00,19.63
10-13-2024 04:20:00,19.6
10-13-2024 04:30:00,19.57
10-13-2024 04:40:00,19.54
10-13-2024 04:50:00,19.51
10-13-2024 05:00:00,19.47
10-13-2024 05:10:00,19.44
10-13-2024 05:20:00,19.41
10-13-2024 05:30:00,19.38
10-13-2024 05:40:00,19.34
10-13-2024 05:50:00,19.32
10-13-2024 06:00:00,19.28
10-13-2024 06:10:00,19.25
10-13-2024 06:20:00,19.22
10-13-2024 06:30:00,19.2
10-13-2024 06:40:00,19.17
10-13-2024 06:50:00,19.14
10-13-2024 07:00:00,19.12
10-13-2024 07:10:00,19.09
10-13-2024 07:20:00,19.07
10-13-2024 07:30:00,19.04
10-13-2024 07:40:00,19.02
10-13-2024 07:50:00,19
10-13-2024 08:00:00,18.98
10-13-2024 08:10:00,18.96
10-13-2024 08:20:00,18.94
10-13-2024 08:30:00,18.93
10-13-2024 08:40:00,18.91
10-13-2024 08:50:00,18.9
10-13-2024 09:00:00,18.89
10-13-2024 09:10:00,18.88
10-13-2024 09:20:00,18.87
10-13-2024 09:30:00,18.87
10-13-2024 09:40:00,18.86
10-13-2024 09:50:00,18.86
10-13-2024 10:00:00,18.87
10-13-2024 10:10:00,18.87
10-13-2024 10:20:00,18.87
10-13-2024 10:30:00,18.87
10-13-2024 10:40:00,18.88
10-13-2024 10:50:00,18.89
10-13-2024 11:00:00,18.9
10-13-2024 11:10:00,18.93
10-13-2024 11:20:00,18.97
10-13-2024 11:30:00,19.02
10-13-2024 11:40:00,19.07
10-13-2024 11:50:00,19.13
10-13-2024 12:00:00,19.2
10-13-2024 12:10:00,19.26
10-13-2024 12:20:00,19.33
10-13-2024 12:30:00,19.38
10-13-2024 12:40:00,19.44
10-13-2024 12:50:00,19.48
10-13-2024 13:00:00,19.53
10-13-2024 13:10:00,19.56
10-13-2024 13:20:00,19.6
10-13-2024 13:30:00,19.62
10-13-2024 13:40:00,19.64
10-13-2024 13:50:00,19.66
10-13-2024 14:00:00,19.67
10-13-2024 14:10:00,19.68
10-13-2024 14:20:00,19.69
10-13-2024 14:30:00,19.7
10-13-2024 14:40:00,19.7
10-13-2024 14:50:00,19.7
10-13-2024 15:00:00,19.71
10-13-2024 15:10:00,19.71
10-13-2024 15:20:00,19.72
10-13-2024 15:30:00,19.73
10-13-2024 15:40:00,19.74
10-13-2024 15:50:00,19.75
10-13-2024 16:00:00,19.78
10-13-2024 16:10:00,19.8
10-13-2024 16:20:00,19.84
10-13-2024 16:30:00,19.88
10-13-2024 16:40:00,19.91
10-13-2024 16:50:00,19.95
10-13-2024 17:00:00,19.99
10-13-2024 17:10:00,20.03
10-13-2024 17:20:00,20.07
10-13-2024 17:30:00,20.1
10-13-2024 17:40:00,20.12
10-13-2024 17:50:00,20.13
10-13-2024 18:00:00,20.15
10-13-2024 18:10:00,20.17
10-13-2024 18:20:00,20.2
10-13-2024 18:30:00,20.23
10-13-2024 18:40:00,20.26
10-13-2024 18:50:00,20.29
10-13-2024 19:00:00,20.32
10-13-2024 19:10:00,20.34
10-13-2024 19:20:00,20.37
10-13-2024 19:30:00,20.39
10-13-2024 19:40:00,20.41
10-13-2024 19:50:00,20.42
10-13-2024 20:00:00,20.43
10-13-2024 20:10:00,20.44
10-13-2024 20:20:00,20.44
10-13-2024 20:30:00,20.44
10-13-2024 20:40:00,20.44
10-13-2024 20:50:00,20.44
10-13-2024 21:00:00,20.43
10-13-2024 21:10:00,20.42
10-13-2024 21:20:00,20.41
10-13-2024 21:30:00,20.39
10-13-2024 21:40:00,20.38
10-13-2024 21:50:00,20.37
10-13-2024 22:00:00,20.35
10-13-2024 22:10:00,20.33
10-13-2024 22:20:00,20.31
10-13-2024 22:30:00,20.28
10-13-2024 22:40:00,20.26
10-13-2024 22:50:00,20.24
10-13-2024 23:00:00,20.21
10-13-2024 23:10:00,20.19
10-13-2024 23:20:00,20.16
10-13-2024 23:30:00,20.13
10-13-2024 23:40:00,20.11
10-13-2024 23:50:00,20.09
10-17-2024 00:00:00,19.69
10-17-2024 00:05:00,19.67
10-17-2024 00:10:00,19.66
10-17-2024 00:15:00,19.66
10-17-2024 00:20:00,19.65
10-17-2024 00:25:00,19.64
10-17-2024 00:30:00,19.63
10-17-2024 00:35:00,19.62
10-17-2024 00:40:00,19.61
10-17-2024 00:45:00,19.6
10-17-2024 00:50:00,19.6
10-17-2024 00:55:00,19.59
10-17-2024 01:00:00,19.57
10-17-2024 01:05:00,19.56
10-17-2024 01:10:00,19.55
10-17-2024 01:15:00,19.55
10-17-2024 01:20:00,19.54
10-17-2024 01:25:00,19.52
10-17-2024 01:30:00,19.52
10-17-2024 01:35:00,19.51
10-17-2024 01:40:00,19.5
10-17-2024 01:45:00,19.49
10-17-2024 01:50:00,19.48
10-17-2024 01:55:00,19.47
10-17-2024 02:00:00,19.46
10-17-2024 02:05:00,19.44
10-17-2024 02:10:00,19.44
10-17-2024 02:15:00,19.42
10-17-2024 02:20:00,19.42
10-17-2024 02:25:00,19.4
10-17-2024 02:30:00,19.4
10-17-2024 02:35:00,19.39
10-17-2024 02:40:00,19.38
10-17-2024 02:45:00,19.37
10-17-2024 02:50:00,19.36
10-17-2024 02:55:00,19.35
10-17-2024 03:00:00,19.34
10-17-2024 03:05:00,19.33
10-17-2024 03:10:00,19.31
10-17-2024 03:15:00,19.31
10-17-2024 03:20:00,19.3
10-17-2024 03:25:00,19.29
10-17-2024 03:30:00,19.28
10-17-2024 03:35:00,19.27
10-17-2024 03:40:00,19.26
10-17-2024 03:45:00,19.25
10-17-2024 03:50:00,19.24
10-17-2024 03:55:00,19.24
10-17-2024 04:00:00,19.23
10-17-2024 04:05:00,19.22
10-17-2024 04:10:00,19.21
10-17-2024 04:15:00,19.2
10-17-2024 04:20:00,19.19
10-17-2024 04:25:00,19.18
10-17-2024 04:30:00,19.17
10-17-2024 04:35:00,19.16
10-17-2024 04:40:00,19.16
10-17-2024 04:45:00,19.15
10-17-2024 04:50:00,19.14
10-17-2024 04:55:00,19.13
10-17-2024 05:00:00,19.12
10-17-2024 05:05:00,19.11
10-17-2024 05:10:00,19.1
10-17-2024 05:15:00,19.1
10-17-2024 05:20:00,19.09
10-17-2024 05:25:00,19.08
10-17-2024 05:30:00,19.08
10-17-2024 05:35:00,19.07
10-17-2024 05:40:00,19.06
10-17-2024 05:45:00,19.05
10-17-2024 05:50:00,19.04
10-17-2024 05:55:00,19.04
10-17-2024 06:00:00,19.03
10-17-2024 06:05:00,19.02
10-17-2024 06:10:00,19.02
10-17-2024 06:15:00,19.01
10-17-2024 06:20:00,19
10-17-2024 06:25:00,19
10-17-2024 06:30:00,18.99
10-17-2024 06:35:00,18.98
10-17-2024 06:40:00,18.98
10-17-2024 06:45:00,18.97
10-17-2024 06:50:00,18.96
10-17-2024 06:55:00,18.96
10-17-2024 07:00:00,18.95
10-17-2024 07:05:00,18.94
10-17-2024 07:10:00,18.94
10-17-2024 07:15:00,18.93
10-17-2024 07:20:00,18.93
10-17-2024 07:25:00,18.92
10-17-2024 07:30:00,18.91
10-17-2024 07:35:00,18.91
10-17-2024 07:40:00,18.91
10-17-2024 07:45:00,18.9
10-17-2024 07:50:00,18.89
10-17-2024 07:55:00,18.89
10-17-2024 08:00:00,18.89
10-17-2024 08:05:00,18.88
10-17-2024 08:10:00,18.88
10-17-2024 08:15:00,18.87
10-17-2024 08:20:00,18.87
10-17-2024 08:25:00,18.87
10-17-2024 08:30:00,18.87
10-17-2024 08:35:00,18.87
10-17-2024 08:40:00,18.87
10-17-2024 08:45:00,18.87
10-17-2024 08:50:00,18.87
10-17-2024 08:55:00,18.87
10-17-2024 09:00:00,18.86
10-17-2024 09:05:00,18.86
10-17-2024 09:10:00,18.87
10-17-2024 09:15:00,18.87
10-17-2024 09:20:00,18.87
10-17-2024 09:25:00,18.87
10-17-2024 09:30:00,18.87
10-17-2024 09:35:00,18.88
10-17-2024 09:40:00,18.88
10-17-2024 09:45:00,18.88
10-17-2024 09:50:00,18.89
10-17-2024 09:55:00,18.89
10-17-2024 10:00:00,18.9
10-17-2024 10:05:00,18.9
10-17-2024 10:10:00,18.91
10-17-2024 10:15:00,18.91
10-17-2024 10:20:00,18.92
10-17-2024 10:25:00,18.92
10-17-2024 10:30:00,18.92
10-17-2024 10:35:00,18.93
10-17-2024 10:40:00,18.94
10-17-2024 10:45:00,18.94
10-17-2024 10:50:00,18.95
10-17-2024 10:55:00,18.95
10-17-2024 11:00:00,18.96
10-17-2024 11:05:00,18.97
10-17-2024 11:10:00,18.97
10-17-2024 11:15:00,18.98
10-17-2024 11:20:00,18.99
10-17-2024 11:25:00,19.01
10-17-2024 11:30:00,19.02
10-17-2024 11:35:00,19.04
10-17-2024 11:40:00,19.07
10-17-2024 11:45:00,19.09
10-17-2024 11:50:00,19.11
10-17-2024 11:55:00,19.13
10-17-2024 12:00:00,19.14
10-17-2024 12:05:00,19.15
10-17-2024 12:10:00,19.15
10-17-2024 12:15:00,19.16
10-17-2024 12:20:00,19.16
10-17-2024 12:25:00,19.16
10-17-2024 12:30:00,19.16
10-17-2024 12:35:00,19.16
10-17-2024 12:40:00,19.15
10-17-2024 12:45:00,19.15
10-17-2024 12:50:00,19.14
10-17-2024 12:55:00,19.13
10-17-2024 13:00:00,19.13
10-17-2024 13:05:00,19.13
10-17-2024 13:10:00,19.12
10-17-2024 13:15:00,19.12
10-17-2024 13:20:00,19.12
10-17-2024 13:25:00,19.12
10-17-2024 13:30:00,19.12
10-17-2024 13:35:00,19.12
10-17-2024 13:40:00,19.13
10-17-2024 13:45:00,19.13
10-17-2024 13:50:00,19.15
10-17-2024 13:55:00,19.17
10-17-2024 14:00:00,19.19
10-17-2024 14:05:00,19.21
10-17-2024 14:10:00,19.23
10-17-2024 14:15:00,19.25
10-17-2024 14:20:00,19.28
10-17-2024 14:25:00,19.3
10-17-2024 14:30:00,19.32
10-17-2024 14:35:00,19.34
10-17-2024 14:40:00,19.36
10-17-2024 14:45:00,19.38
10-17-2024 14:50:00,19.4
10-17-2024 14:55:00,19.41
10-17-2024 15:00:00,19.43
10-17-2024 15:05:00,19.45
10-17-2024 15:10:00,19.46
10-17-2024 15:15:00,19.48
10-17-2024 15:20:00,19.5
10-17-2024 15:25:00,19.52
10-17-2024 15:30:00,19.53
10-17-2024 15:35:00,19.55
10-17-2024 15:40:00,19.56
10-17-2024 15:45:00,19.58
10-17-2024 15:50:00,19.59
10-17-2024 15:55:00,19.6
10-17-2024 16:00:00,19.61
10-17-2024 16:05:00,19.62
10-17-2024 16:10:00,19.63
10-17-2024 16:15:00,19.64
10-17-2024 16:20:00,19.64
10-17-2024 16:25:00,19.65
10-17-2024 16:30:00,19.65
10-17-2024 16:35:00,19.67
10-17-2024 16:40:00,19.67
10-17-2024 16:45:00,19.68
10-17-2024 16:50:00,19.7
10-17-2024 16:55:00,19.71
10-17-2024 17:00:00,19.73
10-17-2024 17:05:00,19.74
10-17-2024 17:10:00,19.76
10-17-2024 17:15:00,19.77
10-17-2024 17:20:00,19.78
10-17-2024 17:25:00,19.79
10-17-2024 17:30:00,19.8
10-17-2024 17:35:00,19.81
10-17-2024 17:40:00,19.82
10-17-2024 17:45:00,19.83
10-17-2024 17:50:00,19.84
10-17-2024 17:55:00,19.85
10-17-2024 18:00:00,19.86
10-17-2024 18:05:00,19.88
10-17-2024 18:10:00,19.89
10-17-2024 18:15:00,19.9
10-17-2024 18:20:00,19.91
10-17-2024 18:25:00,19.91
10-17-2024 18:30:00,19.92
10-17-2024 18:35:00,19.93
10-17-2024 18:40:00,19.93
10-17-2024 18:45:00,19.94
10-17-2024 18:50:00,19.94
10-17-2024 18:55:00,19.95
10-17-2024 19:00:00,19.96
10-17-2024 19:05:00,19.97
10-17-2024 19:10:00,19.98
10-17-2024 19:15:00,19.99
10-17-2024 19:20:00,19.99
10-17-2024 19:25:00,20
10-17-2024 19:30:00,20
10-17-2024 19:35:00,20.01
10-17-2024 19:40:00,20.01
10-17-2024 19:45:00,20.02
10-17-2024 19:50:00,20.02
10-17-2024 19:55:00,20.03
10-17-2024 20:00:00,20.02
10-17-2024 20:05:00,20.03
10-17-2024 20:10:00,20.03
10-17-2024 20:15:00,20.03
10-17-2024 20:20:00,20.03
10-17-2024 20:25:00,20.03
10-17-2024 20:30:00,20.03
10-17-2024 20:35:00,20.03
10-17-2024 20:40:00,20.03
10-17-2024 20:45:00,20.03
10-17-2024 20:50:00,20.03
10-17-2024 20:55:00,20.02
10-17-2024 21:00:00,20.02
10-17-2024 21:05:00,20.02
10-17-2024 21:10:00,20.02
10-17-2024 21:15:00,20.02
10-17-2024 21:20:00,20.01
10-17-2024 21:25:00,20.01
10-17-2024 21:30:00,20
10-17-2024 21:35:00,20
10-17-2024 21:40:00,20
10-17-2024 21:45:00,19.99
10-17-2024 21:50:00,19.99
10-17-2024 21:55:00,19.98
10-17-2024 22:00:00,19.97
10-17-2024 22:05:00,19.97
10-17-2024 22:10:00,19.97
10-17-2024 22:15:00,19.97
10-17-2024 22:20:00,19.97
10-17-2024 22:25:00,19.96
10-17-2024 22:30:00,19.96
10-17-2024 22:35:00,19.95
10-17-2024 22:40:00,19.95
10-17-2024 22:45:00,19.94
10-17-2024 22:50:00,19.94
10-17-2024 22:55:00,19.94
10-17-2024 23:00:00,19.93
10-17-2024 23:05:00,19.93
10-17-2024 23:10:00,19.92
10-17-2024 23:15:00,19.92
10-17-2024 23:20:00,19.91
10-17-2024 23:25:00,19.9
10-17-2024 23:30:00,19.9
10-17-2024 23:35:00,19.89
10-17-2024 23:40:00,19.88
10-17-2024 23:45:00,19.87
10-17-2024 23:50:00,19.86
10-17-2024 23:55:00,19.85
10-18-2024 00:00:00,19.84
10-18-2024 00:05:00,19.83
10-18-2024 00:10:00,19.83
10-18-2024 00:15:00,19.82
10-18-2024 00:20:00,19.81
10-18-2024 00:25:00,19.8
10-18-2024 00:30:00,19.8
10-18-2024 00:35:00,19.79
10-18-2024 00:40:00,19.78
10-18-2024 00:45:00,19.77
10-18-2024 00:50:00,19.75
10-18-2024 00:55:00,19.74
10-18-2024 01:00:00,19.73
10-18-2024 01:05:00,19.72
10-18-2024 01:10:00,19.71
10-18-2024 01:15:00,19.7
10-18-2024 01:20:00,19.68
10-18-2024 01:25:00,19.68
10-18-2024 01:30:00,19.66
10-18-2024 01:35:00,19.64
10-18-2024 01:40:00,19.63
10-18-2024 01:45:00,19.62
10-18-2024 01:50:00,19.61
10-18-2024 01:55:00,19.59
10-18-2024 02:00:00,19.58
10-18-2024 02:05:00,19.57
10-18-2024 02:10:00,19.56
10-18-2024 02:15:00,19.54
10-18-2024 02:20:00,19.53
10-18-2024 02:25:00,19.52
10-18-2024 02:30:00,19.5
10-18-2024 02:35:00,19.48
10-18-2024 02:40:00,19.47
10-18-2024 02:45:00,19.46
10-18-2024 02:50:00,19.44
10-18-2024 02:55:00,19.43
10-18-2024 03:00:00,19.42
10-18-2024 03:05:00,19.41
10-18-2024 03:10:00,19.4
10-18-2024 03:15:00,19.39
10-18-2024 03:20:00,19.37
10-18-2024 03:25:00,19.35
10-18-2024 03:30:00,19.33
10-18-2024 03:35:00,19.32
10-18-2024 03:40:00,19.3
10-18-2024 03:45:00,19.28
10-18-2024 03:50:00,19.27
10-18-2024 03:55:00,19.26
10-18-2024 04:00:00,19.24
10-18-2024 04:05:00,19.23
10-18-2024 04:10:00,19.21
10-18-2024 04:15:00,19.19
10-18-2024 04:20:00,19.18
10-18-2024 04:25:00,19.16
10-18-2024 04:30:00,19.14
10-18-2024 04:35:00,19.13
10-18-2024 04:40:00,19.11
10-18-2024 04:45:00,19.09
10-18-2024 04:50:00,19.07
10-18-2024 04:55:00,19.06
10-18-2024 05:00:00,19.04
10-18-2024 05:05:00,19.02
10-18-2024 05:10:00,19
10-18-2024 05:15:00,18.98
10-18-2024 05:20:00,18.96
10-18-2024 05:25:00,18.94
10-18-2024 05:30:00,18.92
10-18-2024 05:35:00,18.9
10-18-2024 05:40:00,18.87
10-18-2024 05:45:00,18.86
10-18-2024 05:50:00,18.84
10-18-2024 05:55:00,18.82
10-18-2024 06:00:00,18.8
10-18-2024 06:05:00,18.79
10-18-2024 06:10:00,18.76
10-18-2024 06:15:00,18.75
10-18-2024 06:20:00,18.73
10-18-2024 06:25:00,18.72
10-18-2024 06:30:00,18.7
10-18-2024 06:35:00,18.68
10-18-2024 06:40:00,18.66
10-18-2024 06:45:00,18.65
10-18-2024 06:50:00,18.63
10-18-2024 06:55:00,18.62
10-18-2024 07:00:00,18.6
10-18-2024 07:05:00,18.59
10-18-2024 07:10:00,18.58
10-18-2024 07:15:00,18.56
10-18-2024 07:20:00,18.54
10-18-2024 07:25:00,18.53
10-18-2024 07:30:00,18.52
10-18-2024 07:35:00,18.5
10-18-2024 07:40:00,18.49
10-18-2024 07:45:00,18.48
10-18-2024 07:50:00,18.47
10-18-2024 07:55:00,18.45
10-18-2024 08:00:00,18.44
10-18-2024 08:05:00,18.44
10-18-2024 08:10:00,18.43
10-18-2024 08:15:00,18.42
10-18-2024 08:20:00,18.41
10-18-2024 08:25:00,18.4
10-18-2024 08:30:00,18.39
10-18-2024 08:35:00,18.39
10-18-2024 08:40:00,18.38
10-18-2024 08:45:00,18.37
10-18-2024 08:50:00,18.37
10-18-2024 08:55:00,18.37
10-18-2024 09:00:00,18.36
10-18-2024 09:05:00,18.36
10-18-2024 09:10:00,18.36
10-18-2024 09:15:00,18.36
10-18-2024 09:20:00,18.36
10-18-2024 09:25:00,18.36
10-18-2024 09:30:00,18.36
10-18-2024 09:35:00,18.36
10-18-2024 09:40:00,18.37
10-18-2024 09:45:00,18.38
10-18-2024 09:50:00,18.38
10-18-2024 09:55:00,18.39
10-18-2024 10:00:00,18.4
10-18-2024 10:05:00,18.41
10-18-2024 10:10:00,18.41
10-18-2024 10:15:00,18.42
10-18-2024 10:20:00,18.43
10-18-2024 10:25:00,18.44
10-18-2024 10:30:00,18.45
10-18-2024 10:35:00,18.46
10-18-2024 10:40:00,18.47
10-18-2024 10:45:00,18.47
10-18-2024 10:50:00,18.48
10-18-2024 10:55:00,18.5
10-18-2024 11:00:00,18.51
10-18-2024 11:05:00,18.52
10-18-2024 11:10:00,18.54
10-18-2024 11:15:00,18.55
10-18-2024 11:20:00,18.57
10-18-2024 11:25:00,18.6
10-18-2024 11:30:00,18.62
10-18-2024 11:35:00,18.64
10-18-2024 11:40:00,18.66
10-18-2024 11:45:00,18.68
10-18-2024 11:50:00,18.7
10-18-2024 12:00:01,18.75
10-18-2024 12:10:01,18.81
10-18-2024 12:20:01,18.86
10-18-2024 12:30:01,18.91
10-18-2024 12:40:01,18.95
10-18-2024 12:50:01,18.99
10-18-2024 13:00:01,19.02
10-18-2024 13:10:01,19.05
10-18-2024 13:20:01,19.06
10-18-2024 13:30:01,19.07
10-18-2024 13:40:01,19.09
10-18-2024 13:50:01,19.11
10-18-2024 14:00:01,19.13
10-18-2024 14:10:01,19.13
10-18-2024 14:20:01,19.13
10-18-2024 14:30:01,19.15
10-18-2024 14:40:01,19.16
10-18-2024 14:50:01,19.18
10-18-2024 15:00:01,19.19
10-18-2024 15:10:01,19.2
10-18-2024 15:20:01,19.21
10-18-2024 15:30:01,19.24
10-18-2024 15:40:01,19.27
10-18-2024 15:50:01,19.31
10-18-2024 16:00:01,19.35
10-18-2024 16:10:01,19.38
10-18-2024 16:20:01,19.43
10-18-2024 16:30:01,19.48
10-18-2024 16:40:01,19.52
10-18-2024 16:50:01,19.55
10-18-2024 17:00:01,19.6
10-18-2024 17:10:01,19.64
10-18-2024 17:20:01,19.68
10-18-2024 17:30:01,19.72
10-18-2024 17:40:01,19.76
10-18-2024 17:50:01,19.79
10-18-2024 18:00:01,19.82
10-18-2024 18:10:01,19.85
10-18-2024 18:20:01,19.88
10-18-2024 18:30:01,19.91
10-18-2024 18:40:01,19.93
10-18-2024 18:50:01,19.95
10-18-2024 19:00:01,19.96
10-18-2024 19:10:01,19.97
10-18-2024 19:20:01,19.97
10-18-2024 19:30:01,19.97
10-18-2024 19:40:01,19.96
10-18-2024 19:50:01,19.95
10-18-2024 20:00:01,19.94
10-18-2024 20:10:01,19.92
10-18-2024 20:20:01,19.9
10-18-2024 20:30:01,19.89
10-18-2024 20:40:01,19.86
10-18-2024 20:50:01,19.82
10-18-2024 21:00:01,19.79
10-18-2024 21:10:01,19.77
10-18-2024 21:20:01,19.73
10-18-2024 21:30:01,19.7
10-18-2024 21:40:01,19.67
10-18-2024 21:50:01,19.63
10-18-2024 22:00:01,19.6
10-18-2024 22:10:01,19.56
10-18-2024 22:20:01,19.52
10-18-2024 22:30:01,19.49
10-18-2024 22:40:01,19.46
10-18-2024 22:50:01,19.43
10-18-2024 23:00:01,19.39
10-18-2024 23:10:01,19.36
10-18-2024 23:20:01,19.33
10-18-2024 23:30:01,19.29
10-18-2024 23:40:01,19.26
10-18-2024 23:50:01,19.22
10-19-2024 00:00:01,19.18
10-19-2024 00:10:01,19.14
10-19-2024 00:20:01,19.11
10-19-2024 00:30:01,19.07
10-19-2024 00:40:01,19.03
10-19-2024 00:50:01,18.99
10-19-2024 01:00:01,18.95
10-19-2024 01:10:01,18.9
10-19-2024 01:20:01,18.86
10-19-2024 01:30:01,18.81
10-19-2024 01:40:01,18.76
10-19-2024 01:50:01,18.72
10-19-2024 02:00:01,18.67
10-19-2024 02:10:01,18.62
10-19-2024 02:20:01,18.57
10-19-2024 02:30:01,18.52
10-19-2024 02:40:01,18.47
10-19-2024 02:50:01,18.43
10-19-2024 03:00:01,18.39
10-19-2024 03:10:01,18.34
10-19-2024 03:20:01,18.29
10-19-2024 03:30:01,18.26
10-19-2024 03:40:01,18.22
10-19-2024 03:50:01,18.17
10-19-2024 04:00:01,18.13
10-19-2024 04:10:01,18.09
10-19-2024 04:20:01,18.06
10-19-2024 04:30:01,18.01
10-19-2024 04:40:01,17.97
10-19-2024 04:50:01,17.93
10-19-2024 05:00:01,17.9
10-19-2024 05:10:01,17.85
10-19-2024 05:20:01,17.82
10-19-2024 05:30:01,17.78
10-19-2024 05:40:01,17.74
10-19-2024 05:50:01,17.7
10-19-2024 06:00:01,17.66
10-19-2024 06:10:01,17.62
10-19-2024 06:20:01,17.58
10-19-2024 06:30:01,17.54
10-19-2024 06:40:01,17.49
10-19-2024 06:50:01,17.45
10-19-2024 07:00:01,17.4
10-19-2024 07:10:01,17.36
10-19-2024 07:20:01,17.3
10-19-2024 07:30:01,17.26
10-19-2024 07:40:01,17.22
10-19-2024 07:50:01,17.17
10-19-2024 08:00:01,17.13
10-19-2024 08:10:01,17.09
10-19-2024 08:20:01,17.06
10-19-2024 08:30:01,17.04
10-19-2024 08:40:01,17.02
10-19-2024 08:50:01,16.99
10-19-2024 09:00:01,16.98
10-19-2024 09:10:01,16.97
10-19-2024 09:20:01,16.96
10-19-2024 09:30:01,16.97
10-19-2024 09:40:01,16.97
10-19-2024 09:50:01,16.98
10-19-2024 10:00:01,17.01
10-19-2024 10:10:01,17.03
10-19-2024 10:20:01,17.05
10-19-2024 10:30:01,17.09
10-19-2024 10:40:01,17.12
10-19-2024 10:50:01,17.15
10-19-2024 11:00:01,17.18
10-19-2024 11:10:01,17.23
10-19-2024 11:20:01,17.27
10-19-2024 11:30:01,17.32
10-19-2024 11:40:01,17.39
10-19-2024 11:50:01,17.45
10-19-2024 12:00:01,17.52
10-19-2024 12:10:01,17.58
10-19-2024 12:20:01,17.64
10-19-2024 12:30:01,17.71
10-19-2024 12:40:01,17.75
10-19-2024 12:50:01,17.78
10-19-2024 13:00:01,17.81
10-19-2024 13:10:01,17.82
10-19-2024 13:20:01,17.84
10-19-2024 13:30:01,17.86
10-19-2024 13:40:01,17.88
10-19-2024 13:50:01,17.91
10-19-2024 14:00:01,17.93
10-19-2024 14:10:01,17.94
10-19-2024 14:20:01,17.94
10-19-2024 14:30:01,17.95
10-19-2024 14:40:01,17.96
10-19-2024 14:50:01,17.96
10-19-2024 15:00:01,17.97
10-19-2024 15:10:01,17.98
10-19-2024 15:20:01,17.99
10-19-2024 15:30:01,18.01
10-19-2024 15:40:01,18.05
10-19-2024 15:50:01,18.11
10-19-2024 16:00:01,18.16
10-19-2024 16:10:01,18.23
10-19-2024 16:20:01,18.31
10-19-2024 16:30:01,18.38
10-19-2024 16:40:01,18.45
10-19-2024 16:50:01,18.52
10-19-2024 17:00:01,18.58
10-19-2024 17:10:01,18.64
10-19-2024 17:20:01,18.69
10-19-2024 17:30:01,18.74
10-19-2024 17:40:01,18.8
10-19-2024 17:50:01,18.86
10-19-2024 18:00:01,18.9
10-19-2024 18:10:01,18.94
10-19-2024 18:20:01,18.96
10-19-2024 18:30:01,18.99
10-19-2024 18:40:01,19.01
10-19-2024 18:50:01,19.02
10-19-2024 19:00:01,19.03
10-19-2024 19:10:01,19.04
10-19-2024 19:20:01,19.03
10-19-2024 19:30:01,19.02
10-19-2024 19:40:01,19.01
10-19-2024 19:50:01,18.99
10-19-2024 20:00:01,18.96
10-19-2024 20:10:01,18.94
10-19-2024 20:20:01,18.9
10-19-2024 20:30:01,18.87
10-19-2024 20:40:01,18.83
10-19-2024 20:50:01,18.79
10-19-2024 21:00:01,18.75
10-19-2024 21:10:01,18.72
10-19-2024 21:20:01,18.67
10-19-2024 21:30:01,18.63
10-19-2024 21:40:01,18.6
10-19-2024 21:50:01,18.55
10-19-2024 22:00:01,18.52
10-19-2024 22:10:01,18.48
10-19-2024 22:20:01,18.44
10-19-2024 22:30:01,18.41
10-19-2024 22:40:01,18.38
10-19-2024 22:50:01,18.35
10-19-2024 23:00:01,18.32
10-19-2024 23:10:01,18.29
10-19-2024 23:20:01,18.26
10-19-2024 23:30:01,18.24
10-19-2024 23:40:01,18.23
10-19-2024 23:50:01,18.2
10-20-2024 00:00:01,18.17
10-20-2024 00:10:01,18.15
10-20-2024 00:20:01,18.12
10-20-2024 00:30:01,18.09
10-20-2024 00:40:01,18.06
10-20-2024 00:50:01,18.03
10-20-2024 01:00:01,17.98
10-20-2024 01:10:01,17.96
10-20-2024 01:20:01,17.93
10-20-2024 01:30:01,17.89
10-20-2024 01:40:01,17.85
10-20-2024 01:50:01,17.81
10-20-2024 02:00:01,17.76
10-20-2024 02:10:01,17.71
10-20-2024 02:20:01,17.67
10-20-2024 02:30:01,17.62
10-20-2024 02:40:01,17.57
10-20-2024 02:50:01,17.52
10-20-2024 03:00:01,17.47
10-20-2024 03:10:01,17.42
10-20-2024 03:20:01,17.38
10-20-2024 03:30:01,17.33
10-20-2024 03:40:01,17.29
10-20-2024 03:50:01,17.26
10-20-2024 04:00:01,17.22
10-20-2024 04:10:01,17.19
10-20-2024 04:20:01,17.15
10-20-2024 04:30:01,17.12
10-20-2024 04:40:01,17.08
10-20-2024 04:50:01,17.05
10-20-2024 05:00:01,17.02
10-20-2024 05:10:01,16.99
10-20-2024 05:20:01,16.95
10-20-2024 05:30:01,16.93
10-20-2024 05:40:01,16.9
10-20-2024 05:50:01,16.87
10-20-2024 06:00:01,16.85
10-20-2024 06:10:01,16.82
10-20-2024 06:20:01,16.79
10-20-2024 06:30:01,16.76
10-20-2024 06:40:01,16.73
10-20-2024 06:50:01,16.7
10-20-2024 07:00:01,16.68
10-20-2024 07:10:01,16.65
10-20-2024 07:20:01,16.62
10-20-2024 07:30:01,16.59
10-20-2024 07:40:01,16.56
10-20-2024 07:50:01,16.54
10-20-2024 08:00:01,16.52
10-20-2024 08:10:01,16.5
10-20-2024 08:20:01,16.49
10-20-2024 08:30:01,16.46
10-20-2024 08:40:01,16.45
10-20-2024 08:50:01,16.45
10-20-2024 09:00:01,16.44
10-20-2024 09:10:01,16.43
10-20-2024 09:20:01,16.43
10-20-2024 09:30:01,16.43
10-20-2024 09:40:01,16.44
10-20-2024 09:50:01,16.45
10-20-2024 10:00:01,16.47
10-20-2024 10:10:01,16.48
10-20-2024 10:20:01,16.5
10-20-2024 10:30:01,16.54
10-20-2024 10:40:01,16.57
10-20-2024 10:50:01,16.6
10-20-2024 11:00:01,16.64
10-20-2024 11:10:01,16.68
10-20-2024 11:20:01,16.73
10-20-2024 11:30:01,16.79
10-20-2024 11:40:01,16.86
10-20-2024 11:50:01,16.94
10-20-2024 12:00:01,17.01
10-20-2024 12:10:01,17.09
10-20-2024 12:20:01,17.17
10-20-2024 12:30:01,17.24
10-20-2024 12:40:01,17.3
10-20-2024 12:50:01,17.34
10-20-2024 13:00:01,17.38
10-20-2024 13:10:01,17.4
10-20-2024 13:20:01,17.43
10-20-2024 13:30:01,17.45
10-20-2024 13:40:01,17.46
10-20-2024 13:50:01,17.49
10-20-2024 14:00:01,17.5
10-20-2024 14:10:01,17.5
10-20-2024 14:20:01,17.51
10-20-2024 14:30:01,17.53
10-20-2024 14:40:01,17.55
10-20-2024 14:50:01,17.56
10-20-2024 15:00:01,17.57
10-20-2024 15:10:01,17.59
10-20-2024 15:20:01,17.62
10-20-2024 15:30:01,17.65
10-20-2024 15:40:01,17.68
10-20-2024 15:50:01,17.72
10-20-2024 16:00:01,17.76
10-20-2024 16:10:01,17.8
10-20-2024 16:20:01,17.83
10-20-2024 16:30:01,17.87
10-20-2024 16:40:01,17.92
10-20-2024 16:50:01,17.97
10-20-2024 17:00:01,18.04
10-20-2024 17:10:01,18.11
10-20-2024 17:20:01,18.18
10-20-2024 17:30:01,18.24
10-20-2024 17:40:01,18.3
10-20-2024 17:50:01,18.36
10-20-2024 18:00:01,18.42
10-20-2024 18:10:01,18.48
10-20-2024 18:20:01,18.52
10-20-2024 18:30:01,18.56
10-20-2024 18:40:01,18.6
10-20-2024 18:50:01,18.65
10-20-2024 19:00:01,18.68
10-20-2024 19:10:01,18.7
10-20-2024 19:20:01,18.72
10-20-2024 19:30:01,18.72
10-20-2024 19:40:01,18.73
10-20-2024 19:50:01,18.72
10-20-2024 20:00:01,18.72
10-20-2024 20:10:01,18.7
10-20-2024 20:20:01,18.69
10-20-2024 20:30:01,18.67
10-20-2024 20:40:01,18.64
10-20-2024 20:50:01,18.61
10-20-2024 21:00:01,18.58
10-20-2024 21:10:01,18.55
10-20-2024 21:20:01,18.52
10-20-2024 21:30:01,18.47
10-20-2024 21:40:01,18.44
10-20-2024 21:50:01,18.39
10-20-2024 22:00:01,18.36
10-20-2024 22:10:01,18.33
10-20-2024 22:20:01,18.29
10-20-2024 22:30:01,18.25
10-20-2024 22:40:01,18.22
10-20-2024 22:50:01,18.18
10-20-2024 23:00:01,18.15
10-20-2024 23:10:01,18.12
10-20-2024 23:20:01,18.08
10-20-2024 23:30:01,18.05
10-20-2024 23:40:01,18.01
10-20-2024 23:50:01,17.98
10-21-2024 00:00:01,17.94
10-21-2024 00:10:01,17.9
10-21-2024 00:20:01,17.86
10-21-2024 00:30:01,17.82
10-21-2024 00:40:01,17.78
10-21-2024 00:50:01,17.75
10-21-2024 01:00:01,17.71
10-21-2024 01:10:01,17.66
10-21-2024 01:20:01,17.62
10-21-2024 01:30:01,17.57
10-21-2024 01:40:01,17.52
10-21-2024 01:50:01,17.47
10-21-2024 02:00:01,17.41
10-21-2024 02:10:01,17.37
10-21-2024 02:20:01,17.32
10-21-2024 02:30:01,17.27
10-21-2024 02:40:01,17.22
10-21-2024 02:50:01,17.17
10-21-2024 03:00:01,17.12
10-21-2024 03:10:01,17.07
10-21-2024 03:20:01,17.02
10-21-2024 03:30:01,16.97
10-21-2024 03:40:01,16.93
10-21-2024 03:50:01,16.88
10-21-2024 04:00:01,16.84
10-21-2024 04:10:01,16.8
10-21-2024 04:20:01,16.76
10-21-2024 04:30:01,16.73
10-21-2024 04:40:01,16.69
10-21-2024 04:50:01,16.65
10-21-2024 05:00:01,16.62
10-21-2024 05:10:01,16.59
10-21-2024 05:20:01,16.56
10-21-2024 05:30:01,16.52
10-21-2024 05:40:01,16.49
10-21-2024 05:50:01,16.45
10-21-2024 06:00:01,16.42
10-21-2024 06:10:01,16.38
10-21-2024 06:20:01,16.35
10-21-2024 06:30:01,16.31
10-21-2024 06:40:01,16.29
10-21-2024 06:50:01,16.25
10-21-2024 07:00:01,16.22
10-21-2024 07:10:01,16.19
10-21-2024 07:20:01,16.16
10-21-2024 07:30:01,16.13
10-21-2024 07:40:01,16.1
10-21-2024 07:50:01,16.07
10-21-2024 08:00:01,16.05
10-21-2024 08:10:01,16.03
10-21-2024 08:20:01,16.02
10-21-2024 08:30:01,16
10-21-2024 08:40:01,15.99
10-21-2024 08:50:01,15.98
10-21-2024 09:00:01,15.98
10-21-2024 09:10:01,15.98
10-21-2024 09:20:01,16
10-21-2024 09:30:01,16
10-21-2024 09:40:01,16.01
10-21-2024 09:50:01,16.04
10-21-2024 10:00:01,16.06
10-21-2024 10:10:01,16.09
10-21-2024 10:20:01,16.12
10-21-2024 10:30:01,16.15
10-21-2024 10:40:01,16.19
10-21-2024 10:50:01,16.23
10-21-2024 11:00:01,16.27
10-21-2024 11:10:01,16.31
10-21-2024 11:20:01,16.37
10-21-2024 11:30:01,16.43
10-21-2024 11:40:01,16.49
10-21-2024 11:50:01,16.55
10-21-2024 12:00:01,16.62
10-21-2024 12:10:01,16.69
10-21-2024 12:20:01,16.76
10-21-2024 12:30:01,16.82
10-21-2024 12:40:01,16.88
10-21-2024 12:50:01,16.93
10-21-2024 13:00:01,16.97
10-21-2024 13:10:01,17.01
10-21-2024 13:20:01,17.04
10-21-2024 13:30:01,17.08
10-21-2024 13:40:01,17.12
10-21-2024 13:50:01,17.15
10-21-2024 14:00:01,17.17
10-21-2024 14:10:01,17.2
10-21-2024 14:20:01,17.23
10-21-2024 14:30:01,17.28
10-21-2024 14:40:01,17.32
10-21-2024 14:50:01,17.36
10-21-2024 15:00:01,17.4
10-21-2024 15:10:01,17.45
10-21-2024 15:20:01,17.5
10-21-2024 15:30:01,17.56
10-21-2024 15:40:01,17.63
10-21-2024 15:50:01,17.7
10-21-2024 16:00:01,17.77
10-21-2024 16:10:01,17.85
10-21-2024 16:20:01,17.93
10-21-2024 16:30:01,18.02
10-21-2024 16:40:01,18.11
10-21-2024 16:50:01,18.2
10-21-2024 17:00:01,18.26
10-21-2024 17:10:01,18.35
10-21-2024 17:20:01,18.45
10-21-2024 17:30:01,18.52
10-21-2024 17:40:01,18.58
10-21-2024 17:50:01,18.64
10-21-2024 18:00:01,18.71
10-21-2024 18:10:01,18.76
10-21-2024 18:20:01,18.81
10-21-2024 18:30:01,18.85
10-21-2024 18:40:01,18.89
10-21-2024 18:50:01,18.93
10-21-2024 19:00:01,18.96
10-21-2024 19:10:01,18.98
10-21-2024 19:20:01,19
10-21-2024 19:30:01,19.01
10-21-2024 19:40:01,19.02
10-21-2024 19:50:01,19.02
10-21-2024 20:00:01,19.02
10-21-2024 20:10:01,19.02
10-21-2024 20:20:01,19.01
10-21-2024 20:30:01,19
10-21-2024 20:40:01,18.99
10-21-2024 20:50:01,18.96
10-21-2024 21:00:01,18.95
10-21-2024 21:10:01,18.92
10-21-2024 21:20:01,18.89
10-21-2024 21:30:01,18.87
10-21-2024 21:40:01,18.83
10-21-2024 21:50:01,18.8
10-21-2024 22:00:01,18.77
10-21-2024 22:10:01,18.74
10-21-2024 22:20:01,18.71
10-21-2024 22:30:01,18.68
10-21-2024 22:40:01,18.65
10-21-2024 22:50:01,18.62
10-21-2024 23:00:01,18.59
10-21-2024 23:10:01,18.56
10-21-2024 23:20:01,18.53
10-21-2024 23:30:01,18.49
10-21-2024 23:40:01,18.45
10-21-2024 23:50:01,18.42
10-22-2024 00:00:01,18.38
10-22-2024 00:10:01,18.34
10-22-2024 00:20:01,18.31
10-22-2024 00:30:01,18.26
10-22-2024 00:40:01,18.21
10-22-2024 00:50:01,18.17
10-22-2024 01:00:01,18.13
10-22-2024 01:10:01,18.09
10-22-2024 01:20:01,18.06
10-22-2024 01:30:01,18.01
10-22-2024 01:40:01,17.96
10-22-2024 01:50:01,17.92
10-22-2024 02:00:01,17.87
10-22-2024 02:10:01,17.83
10-22-2024 02:20:01,17.78
10-22-2024 02:30:01,17.73
10-22-2024 02:40:01,17.69
10-22-2024 02:50:01,17.64
10-22-2024 03:00:01,17.59
10-22-2024 03:10:01,17.55
10-22-2024 03:20:01,17.5
10-22-2024 03:30:01,17.45
10-22-2024 03:40:01,17.4
10-22-2024 03:50:01,17.34
10-22-2024 04:00:01,17.29
10-22-2024 04:10:01,17.25
10-22-2024 04:20:01,17.2
10-22-2024 04:30:01,17.15
10-22-2024 04:40:01,17.1
10-22-2024 04:50:01,17.06
10-22-2024 05:00:01,17.02
10-22-2024 05:10:01,16.97
10-22-2024 05:20:01,16.93
10-22-2024 05:30:01,16.88
10-22-2024 05:40:01,16.85
10-22-2024 05:50:01,16.81
10-22-2024 06:00:01,16.76
10-22-2024 06:10:01,16.72
10-22-2024 06:20:01,16.69
10-22-2024 06:30:01,16.64
10-22-2024 06:40:01,16.6
10-22-2024 06:50:01,16.56
10-22-2024 07:00:01,16.52
10-22-2024 07:10:01,16.48
10-22-2024 07:20:01,16.44
10-22-2024 07:30:01,16.41
10-22-2024 07:40:01,16.38
10-22-2024 07:50:01,16.34
10-22-2024 08:00:01,16.31
10-22-2024 08:10:01,16.29
10-22-2024 08:20:01,16.26
10-22-2024 08:30:01,16.24
10-22-2024 08:40:01,16.24
10-22-2024 08:50:01,16.22
10-22-2024 09:00:01,16.22
10-22-2024 09:10:01,16.22
10-22-2024 09:20:01,16.23
10-22-2024 09:30:01,16.24
10-22-2024 09:40:01,16.25
10-22-2024 09:50:01,16.27
10-22-2024 10:00:01,16.31
10-22-2024 10:10:01,16.34
10-22-2024 10:20:01,16.39
10-22-2024 10:30:01,16.43
10-22-2024 10:40:01,16.48
10-22-2024 10:50:01,16.53
10-22-2024 11:00:01,16.57
10-22-2024 11:10:01,16.63
10-22-2024 11:20:01,16.68
10-22-2024 11:30:01,16.75
10-22-2024 11:40:01,16.82
10-22-2024 11:50:01,16.89
10-22-2024 12:00:01,16.97
10-22-2024 12:10:01,17.04
10-22-2024 12:20:01,17.11
10-22-2024 12:30:01,17.16
10-22-2024 12:40:01,17.22
10-22-2024 12:50:01,17.26
10-22-2024 13:00:01,17.29
10-22-2024 13:10:01,17.32
10-22-2024 13:20:01,17.33
10-22-2024 13:30:01,17.34
10-22-2024 13:40:01,17.36
10-22-2024 13:50:01,17.38
10-22-2024 14:00:01,17.39
10-22-2024 14:10:01,17.4
10-22-2024 14:20:01,17.4
10-22-2024 14:30:01,17.4
10-22-2024 14:40:01,17.41
10-22-2024 14:50:01,17.42
10-22-2024 15:00:01,17.43
10-22-2024 15:10:01,17.44
10-22-2024 15:20:01,17.46
10-22-2024 15:30:01,17.48
10-22-2024 15:40:01,17.51
10-22-2024 15:50:01,17.56
10-22-2024 16:00:01,17.6
10-22-2024 16:10:01,17.66
10-22-2024 16:20:01,17.73
10-22-2024 16:30:01,17.78
10-22-2024 16:40:01,17.84
10-22-2024 16:50:01,17.9
10-22-2024 17:00:01,17.97
10-22-2024 17:10:01,18.04
10-22-2024 17:20:01,18.12
10-22-2024 17:30:01,18.2
10-22-2024 17:40:01,18.28
10-22-2024 17:50:01,18.34
10-22-2024 18:00:01,18.4
10-22-2024 18:10:01,18.46
10-22-2024 18:20:01,18.52
10-22-2024 18:30:01,18.58
10-22-2024 18:40:01,18.63
10-22-2024 18:50:01,18.67
10-22-2024 19:00:01,18.71
10-22-2024 19:10:01,18.75
10-22-2024 19:20:01,18.78
10-22-2024 19:30:01,18.81
10-22-2024 19:40:01,18.82
10-22-2024 19:50:01,18.83
10-22-2024 20:00:01,18.85
10-22-2024 20:10:01,18.85
10-22-2024 20:20:01,18.84
10-22-2024 20:30:01,18.84
10-22-2024 20:40:01,18.83
10-22-2024 20:50:01,18.82
10-22-2024 21:00:01,18.81
10-22-2024 21:10:01,18.79
10-22-2024 21:20:01,18.76
10-22-2024 21:30:01,18.74
10-22-2024 21:40:01,18.72
10-22-2024 21:50:01,18.69
10-22-2024 22:00:01,18.67
10-22-2024 22:10:01,18.65
10-22-2024 22:20:01,18.63
10-22-2024 22:30:01,18.6
10-22-2024 22:40:01,18.58
10-22-2024 22:50:01,18.55
10-22-2024 23:00:01,18.54
10-22-2024 23:10:01,18.52
10-22-2024 23:20:01,18.5
10-22-2024 23:30:01,18.48
10-22-2024 23:40:01,18.46
10-22-2024 23:50:01,18.44
10-23-2024 00:00:01,18.42
10-23-2024 00:10:01,18.4
10-23-2024 00:20:01,18.37
10-23-2024 00:30:01,18.34
10-23-2024 00:40:01,18.31
10-23-2024 00:50:01,18.28
10-23-2024 01:00:01,18.25
10-23-2024 01:10:01,18.22
10-23-2024 01:20:01,18.18
10-23-2024 01:30:01,18.14
10-23-2024 01:40:01,18.11
10-23-2024 01:50:01,18.08
10-23-2024 02:00:01,18.05
10-23-2024 02:10:01,18.02
10-23-2024 02:20:01,17.99
10-23-2024 02:30:01,17.95
10-23-2024 02:40:01,17.92
10-23-2024 02:50:01,17.88
10-23-2024 03:00:01,17.84
10-23-2024 03:10:01,17.8
10-23-2024 03:20:01,17.77
10-23-2024 03:30:01,17.73
10-23-2024 03:40:01,17.69
10-23-2024 03:50:01,17.65
10-23-2024 04:00:01,17.61
10-23-2024 04:10:01,17.57
10-23-2024 04:20:01,17.53
10-23-2024 04:30:01,17.49
10-23-2024 04:40:01,17.45
10-23-2024 04:50:01,17.41
10-23-2024 05:00:01,17.37
10-23-2024 05:10:01,17.32
10-23-2024 05:20:01,17.28
10-23-2024 05:30:01,17.24
10-23-2024 05:40:01,17.2
10-23-2024 05:50:01,17.16
10-23-2024 06:00:01,17.12
10-23-2024 06:10:01,17.08
10-23-2024 06:20:01,17.03
10-23-2024 06:30:01,16.99
10-23-2024 06:40:01,16.96
10-23-2024 06:50:01,16.91
10-23-2024 07:00:01,16.87
10-23-2024 07:10:01,16.84
10-23-2024 07:20:01,16.81
10-23-2024 07:30:01,16.78
10-23-2024 07:40:01,16.75
10-23-2024 07:50:01,16.73
10-23-2024 08:00:01,16.7
10-23-2024 08:10:01,16.68
10-23-2024 08:20:01,16.67
10-23-2024 08:30:01,16.66
10-23-2024 08:40:01,16.66
10-23-2024 08:50:01,16.65
10-23-2024 09:00:01,16.65
10-23-2024 09:10:01,16.64
10-23-2024 09:20:01,16.64
10-23-2024 09:30:01,16.65
10-23-2024 09:40:01,16.65
10-23-2024 10:00:01,16.69
10-23-2024 10:10:01,16.72
10-23-2024 10:20:01,16.75
10-23-2024 10:30:01,16.79
10-23-2024 10:40:01,16.82
10-23-2024 10:50:01,16.87
10-23-2024 11:00:01,16.92
10-23-2024 11:10:01,16.96
10-23-2024 11:20:01,17.01
10-23-2024 11:30:01,17.06
10-23-2024 11:40:01,17.14
10-23-2024 11:50:01,17.22
10-23-2024 12:00:01,17.29
10-23-2024 12:10:01,17.36
10-23-2024 12:20:01,17.44
10-23-2024 12:30:01,17.51
10-23-2024 12:40:01,17.56
10-23-2024 12:50:01,17.61
10-23-2024 13:00:01,17.65
10-23-2024 13:10:01,17.69
10-23-2024 13:20:01,17.72
10-23-2024 13:30:01,17.75
10-23-2024 13:40:01,17.78
10-23-2024 13:50:01,17.81
10-23-2024 14:00:01,17.84
10-23-2024 14:10:01,17.86
10-23-2024 14:20:01,17.87
10-23-2024 14:30:01,17.89
10-23-2024 14:40:01,17.89
10-23-2024 14:50:01,17.91
10-23-2024 15:00:01,17.92
10-23-2024 15:10:01,17.93
10-23-2024 15:20:01,17.94
10-23-2024 15:30:01,17.96
10-23-2024 15:40:01,17.99
10-23-2024 15:50:01,18.03
10-23-2024 16:00:01,18.08
10-23-2024 16:10:01,18.13
10-23-2024 16:20:01,18.19
10-23-2024 16:30:01,18.25
10-23-2024 16:40:01,18.31
10-23-2024 16:50:01,18.37
10-23-2024 17:00:01,18.44
10-23-2024 17:10:01,18.5
10-23-2024 17:20:01,18.55
10-23-2024 17:30:01,18.62
10-23-2024 17:40:01,18.67
10-23-2024 17:50:01,18.73
10-23-2024 18:00:01,18.78
10-23-2024 18:10:01,18.82
10-23-2024 18:20:01,18.87
10-23-2024 18:30:01,18.91
10-23-2024 18:40:01,18.94
10-23-2024 18:50:01,18.98
10-23-2024 19:00:01,19
10-23-2024 19:10:01,19.02
10-23-2024 19:20:01,19.04
10-23-2024 19:30:01,19.05
10-23-2024 19:40:01,19.06
10-23-2024 19:50:01,19.07
10-23-2024 20:00:01,19.06
10-23-2024 20:10:01,19.05
10-23-2024 20:20:01,19.04
10-23-2024 20:30:01,19.03
10-23-2024 20:40:01,19.01
10-23-2024 20:50:01,18.98
10-23-2024 21:00:01,18.96
10-23-2024 21:10:01,18.93
10-23-2024 21:20:01,18.9
10-23-2024 21:30:01,18.87
10-23-2024 21:40:01,18.84
10-23-2024 21:50:01,18.81
10-23-2024 22:00:01,18.77
10-23-2024 22:10:01,18.75
10-23-2024 22:20:01,18.71
10-23-2024 22:30:01,18.68
10-23-2024 22:40:01,18.65
10-23-2024 22:50:01,18.63
10-23-2024 23:00:01,18.59
10-23-2024 23:10:01,18.56
10-23-2024 23:20:01,18.54
10-23-2024 23:30:01,18.52
10-23-2024 23:40:01,18.49
10-23-2024 23:50:01,18.46
10-24-2024 00:00:01,18.43
10-24-2024 00:10:01,18.4
10-24-2024 00:20:01,18.37
10-24-2024 00:30:01,18.34
10-24-2024 00:40:01,18.3
10-24-2024 00:50:01,18.27
10-24-2024 01:00:01,18.24
10-24-2024 01:10:01,18.2
10-24-2024 01:20:01,18.18
10-24-2024 01:30:01,18.15
10-24-2024 01:40:01,18.12
10-24-2024 01:50:01,18.09
10-24-2024 02:00:01,18.05
10-24-2024 02:10:01,18
10-24-2024 02:20:01,17.97
10-24-2024 02:30:01,17.93
10-24-2024 02:40:01,17.89
10-24-2024 02:50:01,17.85
10-24-2024 03:00:01,17.8
10-24-2024 03:10:01,17.76
10-24-2024 03:20:01,17.72
10-24-2024 03:30:01,17.68
10-24-2024 03:40:01,17.64
10-24-2024 03:50:01,17.59
10-24-2024 04:00:01,17.54
10-24-2024 04:10:01,17.5
10-24-2024 04:20:01,17.46
10-24-2024 04:30:01,17.41
10-24-2024 04:40:01,17.37
10-24-2024 04:50:01,17.33
10-24-2024 05:00:01,17.28
10-24-2024 05:10:01,17.24
10-24-2024 05:20:01,17.2
10-24-2024 05:30:01,17.15
10-24-2024 05:40:01,17.11
10-24-2024 05:50:01,17.06
10-24-2024 06:00:01,17.02
10-24-2024 06:10:01,16.98
10-24-2024 06:20:01,16.93
10-24-2024 06:30:01,16.89
10-24-2024 06:40:01,16.85
10-24-2024 06:50:01,16.82
10-24-2024 07:00:01,16.77
10-24-2024 07:10:01,16.73
10-24-2024 07:20:01,16.7
10-24-2024 07:30:01,16.66
10-24-2024 07:40:01,16.63
10-24-2024 07:50:01,16.6
10-24-2024 08:00:01,16.56
10-24-2024 08:10:01,16.54
10-24-2024 08:20:01,16.51
10-24-2024 08:30:01,16.49
10-24-2024 08:40:01,16.48
10-24-2024 08:50:01,16.48
10-24-2024 09:00:01,16.48
10-24-2024 09:10:01,16.47
10-24-2024 09:20:01,16.47
10-24-2024 09:30:01,16.47
10-24-2024 09:40:01,16.49
10-24-2024 09:50:01,16.51
10-24-2024 10:00:01,16.53
10-24-2024 10:10:01,16.56
10-24-2024 10:20:01,16.6
10-24-2024 10:30:01,16.64
10-24-2024 10:40:01,16.68
10-24-2024 10:50:01,16.72
10-24-2024 11:00:01,16.76
10-24-2024 11:10:01,16.81
10-24-2024 11:20:01,16.86
10-24-2024 11:30:01,16.93
10-24-2024 11:40:01,16.99
10-24-2024 11:50:01,17.06
10-24-2024 12:00:01,17.13
10-24-2024 12:10:01,17.2
10-24-2024 12:20:01,17.27
10-24-2024 12:30:01,17.34
10-24-2024 12:40:01,17.38
10-24-2024 12:50:01,17.42
10-24-2024 13:00:01,17.45
10-24-2024 13:10:01,17.48
10-24-2024 13:20:01,17.49
10-24-2024 13:30:01,17.5
10-24-2024 13:40:01,17.5
10-24-2024 13:50:01,17.51
10-24-2024 14:00:01,17.52
10-24-2024 14:10:01,17.53
10-24-2024 14:20:01,17.53
10-24-2024 14:30:01,17.55
10-24-2024 14:40:01,17.55
10-24-2024 14:50:01,17.56
10-24-2024 15:00:01,17.57
10-24-2024 15:10:01,17.58
10-24-2024 15:20:01,17.6
10-24-2024 15:30:01,17.61
10-24-2024 15:40:01,17.64
10-24-2024 15:50:01,17.68
10-24-2024 16:00:01,17.73
10-24-2024 16:10:01,17.79
10-24-2024 16:20:01,17.85
10-24-2024 16:30:01,17.91
10-24-2024 16:40:01,17.97
10-24-2024 16:50:01,18.04
10-24-2024 17:00:01,18.11
10-24-2024 17:10:01,18.18
10-24-2024 17:20:01,18.25
10-24-2024 17:30:01,18.31
10-24-2024 17:40:01,18.37
10-24-2024 17:50:01,18.42
10-24-2024 18:00:01,18.47
10-24-2024 18:10:01,18.51
10-24-2024 18:20:01,18.55
10-24-2024 18:30:01,18.6
10-24-2024 18:40:01,18.64
10-24-2024 18:50:01,18.67
10-24-2024 19:00:01,18.7
10-24-2024 19:10:01,18.73
10-24-2024 19:20:01,18.75
10-24-2024 19:30:01,18.76
10-24-2024 19:40:01,18.77
10-24-2024 19:50:01,18.78
10-24-2024 20:00:01,18.79
10-24-2024 20:10:01,18.79
10-24-2024 20:20:01,18.79
10-24-2024 20:30:01,18.78
10-24-2024 20:40:01,18.78
10-24-2024 20:50:01,18.76
10-24-2024 21:00:01,18.75
10-24-2024 21:10:01,18.72
10-24-2024 21:20:01,18.71
10-24-2024 21:30:01,18.69
10-24-2024 21:40:01,18.67
10-24-2024 21:50:01,18.65
10-24-2024 22:00:01,18.63
10-24-2024 22:10:01,18.6
10-24-2024 22:20:01,18.59
10-24-2024 22:30:01,18.57
10-24-2024 22:40:01,18.55
10-24-2024 22:50:01,18.53
10-24-2024 23:00:01,18.51
10-24-2024 23:10:01,18.49
10-24-2024 23:20:01,18.47
10-24-2024 23:30:01,18.45
10-24-2024 23:40:01,18.44
10-24-2024 23:50:01,18.41
10-25-2024 00:00:01,18.38
10-25-2024 00:10:01,18.35
10-25-2024 00:20:01,18.33
10-25-2024 00:30:01,18.3
10-25-2024 00:40:01,18.27
10-25-2024 00:50:01,18.22
10-25-2024 01:00:01,18.19
10-25-2024 01:10:01,18.15
10-25-2024 01:20:01,18.13
10-25-2024 01:30:01,18.09
10-25-2024 01:40:01,18.05
10-25-2024 01:50:01,18.02
10-25-2024 02:00:01,17.98
10-25-2024 02:10:01,17.94
10-25-2024 02:20:01,17.89
10-25-2024 02:30:01,17.85
10-25-2024 02:40:01,17.81
10-25-2024 02:50:01,17.76
10-25-2024 03:00:01,17.72
10-25-2024 03:10:01,17.67
10-25-2024 03:20:01,17.62
10-25-2024 03:30:01,17.58
10-25-2024 03:40:01,17.54
10-25-2024 03:50:01,17.49
10-25-2024 04:00:01,17.45
10-25-2024 04:10:01,17.4
10-25-2024 04:20:01,17.35
10-25-2024 04:30:01,17.31
10-25-2024 04:40:01,17.27
10-25-2024 04:50:01,17.23
10-25-2024 05:00:01,17.18
10-25-2024 05:10:01,17.14
10-25-2024 05:20:01,17.09
10-25-2024 05:30:01,17.05
10-25-2024 05:40:01,17.01
10-25-2024 05:50:01,16.97
10-25-2024 06:00:01,16.94
10-25-2024 06:10:01,16.9
10-25-2024 06:20:01,16.86
10-25-2024 06:30:01,16.82
10-25-2024 06:40:01,16.78
10-25-2024 06:50:01,16.75
10-25-2024 07:00:01,16.72
10-25-2024 07:10:01,16.69
10-25-2024 07:20:01,16.65
10-25-2024 07:30:01,16.62
10-25-2024 07:40:01,16.59
10-25-2024 07:50:01,16.56
10-25-2024 08:00:01,16.53
10-25-2024 08:10:01,16.51
10-25-2024 08:20:01,16.49
10-25-2024 08:30:01,16.47
10-25-2024 08:40:01,16.45
10-25-2024 08:50:01,16.44
10-25-2024 09:00:01,16.43
10-25-2024 09:10:01,16.44
10-25-2024 09:20:01,16.44
10-25-2024 09:30:01,16.44
10-25-2024 09:40:01,16.45
10-25-2024 09:50:01,16.46
10-25-2024 10:00:01,16.49
10-25-2024 10:10:01,16.53
10-25-2024 10:20:01,16.56
10-25-2024 10:30:01,16.6
10-25-2024 10:40:01,16.63
10-25-2024 10:50:01,16.66
10-25-2024 11:00:01,16.7
10-25-2024 11:10:01,16.74
10-25-2024 11:20:01,16.79
10-25-2024 11:30:01,16.85
10-25-2024 11:40:01,16.92
10-25-2024 11:50:01,16.99
10-25-2024 12:00:01,17.06
10-25-2024 12:10:01,17.12
10-25-2024 12:20:01,17.16
10-25-2024 12:30:01,17.19
10-25-2024 12:40:01,17.21
10-25-2024 12:50:01,17.21
10-25-2024 13:00:01,17.2
10-25-2024 13:10:01,17.21
10-25-2024 13:20:01,17.22
10-25-2024 13:30:01,17.24
10-25-2024 13:40:01,17.27
10-25-2024 13:50:01,17.31
10-25-2024 14:00:01,17.36
10-25-2024 14:10:01,17.42
10-25-2024 14:20:01,17.48
10-25-2024 14:30:01,17.54
10-25-2024 14:40:01,17.63
10-25-2024 14:50:01,17.7
10-25-2024 15:00:01,17.78
10-25-2024 15:10:01,17.87
10-25-2024 15:20:01,17.96
10-25-2024 15:30:01,18.06
10-25-2024 15:40:01,18.15
10-25-2024 15:50:01,18.26
10-25-2024 16:00:01,18.35
10-25-2024 16:10:01,18.44
10-25-2024 16:20:01,18.53
10-25-2024 16:30:01,18.61
10-25-2024 16:40:01,18.68
10-25-2024 16:50:01,18.75
10-25-2024 17:00:01,18.81
10-25-2024 17:10:01,18.87
10-25-2024 17:20:01,18.92
10-25-2024 17:30:01,18.97
10-25-2024 17:40:01,19
10-25-2024 17:50:01,19.04
10-25-2024 18:00:01,19.07
10-25-2024 18:10:01,19.09
10-25-2024 18:20:01,19.11
10-25-2024 18:30:01,19.13
10-25-2024 18:40:01,19.14
10-25-2024 18:50:01,19.15
10-25-2024 19:00:01,19.15
10-25-2024 19:10:01,19.16
10-25-2024 19:20:01,19.15
10-25-2024 19:30:01,19.15
10-25-2024 19:40:01,19.14
10-25-2024 19:50:01,19.13
10-25-2024 20:00:01,19.11
10-25-2024 20:10:01,19.09
10-25-2024 20:20:01,19.06
10-25-2024 20:30:01,19.03
10-25-2024 20:40:01,19
10-25-2024 20:50:01,18.97
10-25-2024 21:00:01,18.94
10-25-2024 21:10:01,18.9
10-25-2024 21:20:01,18.87
10-25-2024 21:30:01,18.83
10-25-2024 21:40:01,18.8
10-25-2024 21:50:01,18.76
10-25-2024 22:00:01,18.73
10-25-2024 22:10:01,18.69
10-25-2024 22:20:01,18.65
10-25-2024 22:30:01,18.62
10-25-2024 22:40:01,18.58
10-25-2024 22:50:01,18.54
10-25-2024 23:00:01,18.5
10-25-2024 23:10:01,18.47
10-25-2024 23:20:01,18.43
10-25-2024 23:30:01,18.4
10-25-2024 23:40:01,18.36
10-25-2024 23:50:01,18.33
10-26-2024 00:00:01,18.29
10-26-2024 00:10:01,18.26
10-26-2024 00:20:01,18.22
10-26-2024 00:30:01,18.19
10-26-2024 00:40:01,18.15
10-26-2024 00:50:01,18.11
10-26-2024 01:00:01,18.07
10-26-2024 01:10:01,18.04
10-26-2024 01:20:01,18
10-26-2024 01:30:01,17.97
10-26-2024 01:40:01,17.93
10-26-2024 01:50:01,17.89
10-26-2024 02:00:01,17.85
10-26-2024 02:10:01,17.82
10-26-2024 02:20:01,17.78
10-26-2024 02:30:01,17.74
10-26-2024 02:40:01,17.7
10-26-2024 02:50:01,17.66
10-26-2024 03:00:01,17.62
10-26-2024 03:10:01,17.58
10-26-2024 03:20:01,17.54
10-26-2024 03:30:01,17.5
10-26-2024 03:40:01,17.46
10-26-2024 03:50:01,17.42
10-26-2024 04:00:01,17.38
10-26-2024 04:10:01,17.34
10-26-2024 04:20:01,17.3
10-26-2024 04:30:01,17.25
10-26-2024 04:40:01,17.21
10-26-2024 04:50:01,17.18
10-26-2024 05:00:01,17.13
10-26-2024 05:10:01,17.08
10-26-2024 05:20:01,17.05
10-26-2024 05:30:01,17.01
10-26-2024 05:40:01,16.96
10-26-2024 05:50:01,16.93
10-26-2024 06:00:01,16.89
10-26-2024 06:10:01,16.85
10-26-2024 06:20:01,16.81
10-26-2024 06:30:01,16.77
10-26-2024 06:40:01,16.74
10-26-2024 06:50:01,16.7
10-26-2024 07:00:01,16.66
10-26-2024 07:10:01,16.63
10-26-2024 07:20:01,16.59
10-26-2024 07:30:01,16.56
10-26-2024 07:40:01,16.53
10-26-2024 07:50:01,16.5
10-26-2024 08:00:01,16.48
10-26-2024 08:10:01,16.46
10-26-2024 08:20:01,16.45
10-26-2024 08:30:01,16.43
10-26-2024 08:40:01,16.42
10-26-2024 08:50:01,16.4
10-26-2024 09:00:01,16.4
10-26-2024 09:10:01,16.39
10-26-2024 09:20:01,16.4
10-26-2024 09:30:01,16.41
10-26-2024 09:40:01,16.42
10-26-2024 09:50:01,16.44
10-26-2024 10:00:01,16.47
10-26-2024 10:10:01,16.5
10-26-2024 10:20:01,16.53
10-26-2024 10:30:01,16.55
10-26-2024 10:40:01,16.58
10-26-2024 10:50:01,16.62
10-26-2024 11:00:01,16.66
10-26-2024 11:10:01,16.7
10-26-2024 11:20:01,16.75
10-26-2024 11:30:01,16.8
10-26-2024 11:40:01,16.87
10-26-2024 11:50:01,16.94
10-26-2024 12:00:01,17.01
10-26-2024 12:10:01,17.08
10-26-2024 12:20:01,17.14
10-26-2024 12:30:01,17.2
10-26-2024 12:40:01,17.23
10-26-2024 12:50:01,17.27
10-26-2024 13:00:01,17.3
10-26-2024 13:10:01,17.32
10-26-2024 13:20:01,17.33
10-26-2024 13:30:01,17.33
10-26-2024 13:40:01,17.33
10-26-2024 13:50:01,17.34
10-26-2024 14:00:01,17.34
10-26-2024 14:10:01,17.35
10-26-2024 14:20:01,17.35
10-26-2024 14:30:01,17.35
10-26-2024 14:40:01,17.36
10-26-2024 14:50:01,17.37
10-26-2024 15:00:01,17.39
10-26-2024 15:10:01,17.4
10-26-2024 15:20:01,17.43
10-26-2024 15:30:01,17.47
10-26-2024 15:40:01,17.52
10-26-2024 15:50:01,17.56
10-26-2024 16:00:01,17.59
10-26-2024 16:10:01,17.63
10-26-2024 16:20:01,17.68
10-26-2024 16:30:01,17.74
10-26-2024 16:40:01,17.8
10-26-2024 16:50:01,17.86
10-26-2024 17:00:01,17.93
10-26-2024 17:10:01,18
10-26-2024 17:20:01,18.07
10-26-2024 17:30:01,18.13
10-26-2024 17:40:01,18.19
10-26-2024 17:50:01,18.24
10-26-2024 18:00:01,18.3
10-26-2024 18:10:01,18.34
10-26-2024 18:20:01,18.39
10-26-2024 18:30:01,18.43
10-26-2024 18:40:01,18.46
10-26-2024 18:50:01,18.49
10-26-2024 19:00:01,18.51
10-26-2024 19:10:01,18.52
10-26-2024 19:20:01,18.53
10-26-2024 19:30:01,18.54
10-26-2024 19:40:01,18.54
10-26-2024 19:50:01,18.53
10-26-2024 20:00:01,18.53
10-26-2024 20:10:01,18.52
10-26-2024 20:20:01,18.51
10-26-2024 20:30:01,18.49
10-26-2024 20:40:01,18.47
10-26-2024 20:50:01,18.45
10-26-2024 21:00:01,18.43
10-26-2024 21:10:01,18.41
10-26-2024 21:20:01,18.38
10-26-2024 21:30:01,18.35
10-26-2024 21:40:01,18.33
10-26-2024 21:50:01,18.31
10-26-2024 22:00:01,18.29
10-26-2024 22:10:01,18.27
10-26-2024 22:20:01,18.24
10-26-2024 22:30:01,18.21
10-26-2024 22:40:01,18.18
10-26-2024 22:50:01,18.16
10-26-2024 23:00:01,18.15
10-26-2024 23:10:01,18.12
10-26-2024 23:20:01,18.1
10-26-2024 23:30:01,18.08
10-26-2024 23:40:01,18.06
10-26-2024 23:50:01,18.04
10-27-2024 00:00:01,18.02
10-27-2024 00:10:01,17.99
10-27-2024 00:20:01,17.97
10-27-2024 00:30:01,17.95
10-27-2024 00:40:01,17.92
10-27-2024 00:50:01,17.9
10-27-2024 01:00:01,17.87
10-27-2024 01:10:01,17.84
10-27-2024 01:20:01,17.82
10-27-2024 01:30:01,17.79
10-27-2024 01:40:01,17.76
10-27-2024 01:50:01,17.73
10-27-2024 02:00:01,17.71
10-27-2024 02:10:01,17.68
10-27-2024 02:20:01,17.65
10-27-2024 02:30:01,17.63
10-27-2024 02:40:01,17.6
10-27-2024 02:50:01,17.57
10-27-2024 03:00:01,17.54
10-27-2024 03:10:01,17.5
10-27-2024 03:20:01,17.46
10-27-2024 03:30:01,17.43
10-27-2024 03:40:01,17.39
10-27-2024 03:50:01,17.35
10-27-2024 04:00:01,17.31
10-27-2024 04:10:01,17.27
10-27-2024 04:20:01,17.23
10-27-2024 04:30:01,17.2
10-27-2024 04:40:01,17.16
10-27-2024 04:50:01,17.13
10-27-2024 05:00:01,17.1
10-27-2024 05:10:01,17.05
10-27-2024 05:20:01,17.01
10-27-2024 05:30:01,16.98
10-27-2024 05:40:01,16.95
10-27-2024 05:50:01,16.91
10-27-2024 06:00:01,16.88
10-27-2024 06:10:01,16.84
10-27-2024 06:20:01,16.8
10-27-2024 06:30:01,16.76
10-27-2024 06:40:01,16.72
10-27-2024 06:50:01,16.69
10-27-2024 07:00:01,16.65
10-27-2024 07:10:01,16.63
10-27-2024 07:20:01,16.59
10-27-2024 07:30:01,16.56
10-27-2024 07:40:01,16.54
10-27-2024 07:50:01,16.52
10-27-2024 08:00:01,16.49
10-27-2024 08:10:01,16.47
10-27-2024 08:20:01,16.46
10-27-2024 08:30:01,16.45
10-27-2024 08:40:01,16.43
10-27-2024 08:50:01,16.42
10-27-2024 09:00:01,16.42
10-27-2024 09:10:01,16.42
10-27-2024 09:20:01,16.42
10-27-2024 09:30:01,16.42
10-27-2024 09:40:01,16.44
10-27-2024 09:50:01,16.44
10-27-2024 10:00:01,16.46
10-27-2024 10:10:01,16.48
10-27-2024 10:20:01,16.5
10-27-2024 10:30:01,16.54
10-27-2024 10:40:01,16.58
10-27-2024 10:50:01,16.62
10-27-2024 11:00:01,16.67
10-27-2024 11:10:01,16.72
10-27-2024 11:20:01,16.77
10-27-2024 11:30:01,16.83
10-27-2024 11:40:01,16.89
10-27-2024 11:50:01,16.97
10-27-2024 12:00:01,17.05
10-27-2024 12:10:01,17.12
10-27-2024 12:20:01,17.19
10-27-2024 12:30:01,17.26
10-27-2024 12:40:01,17.32
10-27-2024 12:50:01,17.37
10-27-2024 13:00:01,17.41
10-27-2024 13:10:01,17.45
10-27-2024 13:20:01,17.48
10-27-2024 13:30:01,17.51
10-27-2024 13:40:01,17.52
10-27-2024 13:50:01,17.53
10-27-2024 14:00:01,17.53
10-27-2024 14:10:01,17.54
10-27-2024 14:20:01,17.55
10-27-2024 14:30:01,17.55
10-27-2024 14:40:01,17.56
10-27-2024 14:50:01,17.57
10-27-2024 15:00:01,17.58
10-27-2024 15:10:01,17.59
10-27-2024 15:20:01,17.6
10-27-2024 15:30:01,17.61
10-27-2024 15:40:01,17.63
10-27-2024 15:50:01,17.64
10-27-2024 16:00:01,17.66
10-27-2024 16:10:01,17.7
10-27-2024 16:20:01,17.74
10-27-2024 16:30:01,17.79
10-27-2024 16:40:01,17.84
10-27-2024 16:50:01,17.88
10-27-2024 17:00:01,17.92
10-27-2024 17:10:01,17.96
10-27-2024 17:20:01,18.01
10-27-2024 17:30:01,18.05
10-27-2024 17:40:01,18.08
10-27-2024 17:50:01,18.13
10-27-2024 18:00:01,18.16
10-27-2024 18:10:01,18.2
10-27-2024 18:20:01,18.24
10-27-2024 18:30:01,18.28
10-27-2024 18:40:01,18.31
10-27-2024 18:50:01,18.34
10-27-2024 19:00:01,18.38
10-27-2024 19:10:01,18.41
10-27-2024 19:20:01,18.43
10-27-2024 19:30:01,18.46
10-27-2024 19:40:01,18.48
10-27-2024 19:50:01,18.5
10-27-2024 20:00:01,18.52
10-27-2024 20:10:01,18.53
10-27-2024 20:20:01,18.55
10-27-2024 20:30:01,18.56
10-27-2024 20:40:01,18.56
10-27-2024 20:50:01,18.57
10-27-2024 21:00:01,18.57
10-27-2024 21:10:01,18.57
10-27-2024 21:20:01,18.56
10-27-2024 21:30:01,18.56
10-27-2024 21:40:01,18.56
10-27-2024 21:50:01,18.55
10-27-2024 22:00:01,18.55
10-27-2024 22:10:01,18.54
10-27-2024 22:20:01,18.53
10-27-2024 22:30:01,18.52
10-27-2024 22:40:01,18.52
10-27-2024 22:50:01,18.51
10-27-2024 23:00:01,18.51
10-27-2024 23:10:01,18.5
10-27-2024 23:20:01,18.49
10-27-2024 23:30:01,18.49
10-27-2024 23:40:01,18.49
10-27-2024 23:50:01,18.48
10-28-2024 00:00:01,18.47
10-28-2024 00:10:01,18.47
10-28-2024 00:20:01,18.46
10-28-2024 00:30:01,18.44
10-28-2024 00:40:01,18.43
10-28-2024 00:50:01,18.41
10-28-2024 01:00:01,18.39
10-28-2024 01:10:01,18.37
10-28-2024 01:20:01,18.36
10-28-2024 01:30:01,18.34
10-28-2024 01:40:01,18.31
10-28-2024 01:50:01,18.29
10-28-2024 02:00:01,18.27
10-28-2024 02:10:01,18.26
10-28-2024 02:20:01,18.23
10-28-2024 02:30:01,18.21
10-28-2024 02:40:01,18.19
10-28-2024 02:50:01,18.16
10-28-2024 03:00:01,18.14
10-28-2024 03:10:01,18.12
10-28-2024 03:20:01,18.1
10-28-2024 03:30:01,18.07
10-28-2024 03:40:01,18.04
10-28-2024 03:50:01,18.01
10-28-2024 04:00:01,17.98
10-28-2024 04:10:01,17.96
10-28-2024 04:20:01,17.94
10-28-2024 04:30:01,17.92
10-28-2024 04:40:01,17.89
10-28-2024 04:50:01,17.87
10-28-2024 05:00:01,17.85
10-28-2024 05:10:01,17.83
10-28-2024 05:20:01,17.8
10-28-2024 05:30:01,17.78
10-28-2024 05:40:01,17.76
10-28-2024 05:50:01,17.75
10-28-2024 06:00:01,17.72
10-28-2024 06:10:01,17.7
10-28-2024 06:20:01,17.68
10-28-2024 06:30:01,17.66
10-28-2024 06:40:01,17.64
10-28-2024 06:50:01,17.63
10-28-2024 07:00:01,17.62
10-28-2024 07:10:01,17.6
10-28-2024 07:20:01,17.59
10-28-2024 07:30:01,17.58
10-28-2024 07:40:01,17.57
10-28-2024 07:50:01,17.56
10-28-2024 08:00:01,17.55
10-28-2024 08:10:01,17.55
10-28-2024 08:20:01,17.54
10-28-2024 08:30:01,17.54
10-28-2024 08:40:01,17.53
10-28-2024 08:50:01,17.53
10-28-2024 09:00:01,17.53
10-28-2024 09:10:01,17.53
10-28-2024 09:20:01,17.54
10-28-2024 09:30:01,17.54
10-28-2024 09:40:01,17.54
10-28-2024 09:50:01,17.55
10-28-2024 10:00:01,17.56
10-28-2024 10:10:01,17.56
10-28-2024 10:20:01,17.57
10-28-2024 10:30:01,17.57
10-28-2024 10:40:01,17.58
10-28-2024 10:50:01,17.59
10-28-2024 11:00:01,17.6
10-28-2024 11:10:01,17.61
10-28-2024 11:20:01,17.62
10-28-2024 11:30:01,17.62
10-28-2024 11:40:01,17.63
10-28-2024 11:50:01,17.64
10-28-2024 12:00:01,17.65
10-28-2024 12:10:01,17.65
10-28-2024 12:20:01,17.66
10-28-2024 12:30:01,17.67
10-28-2024 12:40:01,17.68
10-28-2024 12:50:01,17.7
10-28-2024 13:00:01,17.71
10-28-2024 13:10:01,17.73
10-28-2024 13:20:01,17.75
10-28-2024 13:30:01,17.77
10-28-2024 13:40:01,17.8
10-28-2024 13:50:01,17.82
10-28-2024 14:00:01,17.84
10-28-2024 14:10:01,17.87
10-28-2024 14:20:01,17.89
10-28-2024 14:30:01,17.91
10-28-2024 14:40:01,17.93
10-28-2024 14:50:01,17.94
10-28-2024 15:00:01,17.95
10-28-2024 15:10:01,17.95
10-28-2024 15:20:01,17.95
10-28-2024 15:30:01,17.95
10-28-2024 15:40:01,17.95
10-28-2024 15:50:01,17.96
10-28-2024 16:00:01,17.97
10-28-2024 16:10:01,17.97
10-28-2024 16:20:01,17.98
10-28-2024 16:30:01,17.98
10-28-2024 16:40:01,17.99
10-28-2024 16:50:01,18
10-28-2024 17:00:01,18.01
10-28-2024 17:10:01,18.02
10-28-2024 17:20:01,18.04
10-28-2024 17:30:01,18.05
10-28-2024 17:40:01,18.07
10-28-2024 17:50:01,18.08
10-28-2024 18:00:01,18.09
10-28-2024 18:10:01,18.1
10-28-2024 18:20:01,18.1
10-28-2024 18:30:01,18.1
10-28-2024 18:40:01,18.1
10-28-2024 18:50:01,18.1
10-28-2024 19:00:01,18.11
10-28-2024 19:10:01,18.1
10-28-2024 19:20:01,18.1
10-28-2024 19:30:01,18.1
10-28-2024 19:40:01,18.1
10-28-2024 19:50:01,18.1
10-28-2024 20:00:01,18.1
10-28-2024 20:10:01,18.09
10-28-2024 20:20:01,18.08
10-28-2024 20:30:01,18.07
10-28-2024 20:40:01,18.07
10-28-2024 20:50:01,18.05
10-28-2024 21:00:01,18.04
10-28-2024 21:10:01,18.02
10-28-2024 21:20:01,18
10-28-2024 21:30:01,17.99
10-28-2024 21:40:01,17.98
10-28-2024 21:50:01,17.96
10-28-2024 22:00:01,17.95
10-28-2024 22:10:01,17.94
10-28-2024 22:20:01,17.94
10-28-2024 22:30:01,17.93
10-28-2024 22:40:01,17.91
10-28-2024 22:50:01,17.91
10-28-2024 23:00:01,17.9
10-28-2024 23:10:01,17.89
10-28-2024 23:20:01,17.89
10-28-2024 23:30:01,17.89
10-28-2024 23:40:01,17.89
10-28-2024 23:50:01,17.89
10-29-2024 00:00:01,17.89
10-29-2024 00:10:01,17.88
10-29-2024 00:20:01,17.88
10-29-2024 00:30:01,17.87
10-29-2024 00:40:01,17.86
10-29-2024 00:50:01,17.86
10-29-2024 01:00:01,17.85
10-29-2024 01:10:01,17.85
10-29-2024 01:20:01,17.84
10-29-2024 01:30:01,17.84
10-29-2024 01:40:01,17.83
10-29-2024 01:50:01,17.82
10-29-2024 02:00:01,17.82
10-29-2024 02:10:01,17.81
10-29-2024 02:20:01,17.79
10-29-2024 02:30:01,17.77
10-29-2024 02:40:01,17.76
10-29-2024 02:50:01,17.73
10-29-2024 03:00:01,17.71
10-29-2024 03:10:01,17.69
10-29-2024 03:20:01,17.66
10-29-2024 03:30:01,17.64
10-29-2024 03:40:01,17.61
10-29-2024 03:50:01,17.58
10-29-2024 04:00:01,17.56
10-29-2024 04:10:01,17.53
10-29-2024 04:20:01,17.51
10-29-2024 04:30:01,17.48
10-29-2024 04:40:01,17.45
10-29-2024 04:50:01,17.42
10-29-2024 05:00:01,17.4
10-29-2024 05:10:01,17.37
10-29-2024 05:20:01,17.33
10-29-2024 05:30:01,17.3
10-29-2024 05:40:01,17.28
10-29-2024 05:50:01,17.25
10-29-2024 06:00:01,17.21
10-29-2024 06:10:01,17.18
10-29-2024 06:20:01,17.15
10-29-2024 06:30:01,17.12
10-29-2024 06:40:01,17.08
10-29-2024 06:50:01,17.05
10-29-2024 07:00:01,17.02
10-29-2024 07:10:01,16.99
10-29-2024 07:20:01,16.95
10-29-2024 07:30:01,16.93
10-29-2024 07:40:01,16.9
10-29-2024 07:50:01,16.87
10-29-2024 08:00:01,16.85
10-29-2024 08:10:01,16.83
10-29-2024 08:20:01,16.81
10-29-2024 08:30:01,16.79
10-29-2024 08:40:01,16.78
10-29-2024 08:50:01,16.77
10-29-2024 09:00:01,16.77
10-29-2024 09:10:01,16.77
10-29-2024 09:20:01,16.77
10-29-2024 09:30:01,16.77
10-29-2024 09:40:01,16.78
10-29-2024 09:50:01,16.79
10-29-2024 10:00:01,16.81
10-29-2024 10:10:01,16.84
10-29-2024 10:20:01,16.86
10-29-2024 10:30:01,16.88
10-29-2024 10:40:01,16.91
10-29-2024 10:50:01,16.93
10-29-2024 11:00:01,16.95
10-29-2024 11:10:01,16.99
10-29-2024 11:20:01,17.05
10-29-2024 11:30:01,17.11
10-29-2024 11:40:01,17.17
10-29-2024 11:50:01,17.23
10-29-2024 12:00:01,17.28
10-29-2024 12:10:01,17.33
10-29-2024 12:20:01,17.35
10-29-2024 12:30:01,17.41
10-29-2024 12:40:01,17.44
10-29-2024 12:50:01,17.46
10-29-2024 13:00:01,17.46
10-29-2024 13:10:01,17.46
10-29-2024 13:20:01,17.46
10-29-2024 13:30:01,17.45
10-29-2024 13:40:01,17.47
10-29-2024 13:50:01,17.47
10-29-2024 14:00:01,17.48
10-29-2024 14:10:01,17.49
10-29-2024 14:20:01,17.5
10-29-2024 14:30:01,17.51
10-29-2024 14:40:01,17.52
10-29-2024 14:50:01,17.53
10-29-2024 15:00:01,17.55
10-29-2024 15:10:01,17.56
10-29-2024 15:20:01,17.57
10-29-2024 15:30:01,17.59
10-29-2024 15:40:01,17.61
10-29-2024 15:50:01,17.62
10-29-2024 16:00:01,17.65
10-29-2024 16:10:01,17.68
10-29-2024 16:20:01,17.72
10-29-2024 16:30:01,17.75
10-29-2024 16:40:01,17.78
10-29-2024 16:50:01,17.82
10-29-2024 17:00:01,17.86
10-29-2024 17:10:01,17.89
10-29-2024 17:20:01,17.91
10-29-2024 17:30:01,17.94
10-29-2024 17:40:01,17.96
10-29-2024 17:50:01,17.97
10-29-2024 18:00:01,17.98
10-29-2024 18:10:01,18
10-29-2024 18:20:01,18.01
10-29-2024 18:30:01,18.01
10-29-2024 18:40:01,18.01
10-29-2024 18:50:01,18.01
10-29-2024 19:00:01,18.01
10-29-2024 19:10:01,18.01
10-29-2024 19:20:01,18
10-29-2024 19:30:01,18
10-29-2024 19:40:01,17.98
10-29-2024 19:50:01,17.97
10-29-2024 20:00:01,17.96
10-29-2024 20:10:01,17.93
10-29-2024 20:20:01,17.91
10-29-2024 20:30:01,17.88
10-29-2024 20:40:01,17.85
10-29-2024 20:50:01,17.84
10-29-2024 21:00:01,17.8
10-29-2024 21:10:01,17.76
10-29-2024 21:20:01,17.74
10-29-2024 21:30:01,17.72
10-29-2024 21:40:01,17.7
10-29-2024 21:50:01,17.67
10-29-2024 22:00:01,17.65
10-29-2024 22:10:01,17.63
10-29-2024 22:20:01,17.6
10-29-2024 22:30:01,17.58
10-29-2024 22:40:01,17.56
10-29-2024 22:50:01,17.54
10-29-2024 23:00:01,17.51
10-29-2024 23:10:01,17.49
10-29-2024 23:20:01,17.46
10-29-2024 23:30:01,17.44
10-29-2024 23:40:01,17.42
10-29-2024 23:50:01,17.39
11-01-2024 00:04:30,15.97
11-01-2024 00:09:30,15.96
11-01-2024 00:14:30,15.96
11-01-2024 00:19:30,15.94
11-01-2024 00:24:30,15.93
11-01-2024 00:29:30,15.92
11-01-2024 00:34:30,15.91
11-01-2024 00:39:30,15.89
11-01-2024 00:44:30,15.87
11-01-2024 00:49:30,15.86
11-01-2024 00:54:30,15.85
11-01-2024 00:59:30,15.84
11-01-2024 01:04:30,15.83
11-01-2024 01:09:30,15.82
11-01-2024 01:14:30,15.81
11-01-2024 01:19:30,15.8
11-01-2024 01:24:30,15.78
11-01-2024 01:29:30,15.77
11-01-2024 01:34:30,15.75
11-01-2024 01:39:30,15.73
11-01-2024 01:44:30,15.71
11-01-2024 01:49:30,15.7
11-01-2024 01:54:30,15.68
11-01-2024 01:59:30,15.67
11-01-2024 02:04:30,15.65
11-01-2024 02:09:30,15.64
11-01-2024 02:14:30,15.62
11-01-2024 02:19:30,15.6
11-01-2024 02:24:30,15.59
11-01-2024 02:29:30,15.58
11-01-2024 02:34:30,15.56
11-01-2024 02:39:30,15.54
11-01-2024 02:44:30,15.52
11-01-2024 02:49:30,15.51
11-01-2024 02:54:30,15.49
11-01-2024 02:59:30,15.48
11-01-2024 03:04:30,15.46
11-01-2024 03:09:30,15.45
11-01-2024 03:14:30,15.43
11-01-2024 03:19:30,15.41
11-01-2024 03:24:30,15.4
11-01-2024 03:29:30,15.38
11-01-2024 03:34:30,15.37
11-01-2024 03:39:30,15.35
11-01-2024 03:44:30,15.33
11-01-2024 03:49:30,15.32
11-01-2024 03:54:30,15.3
11-01-2024 03:59:30,15.29
11-01-2024 04:04:30,15.28
11-01-2024 04:09:30,15.26
11-01-2024 04:14:30,15.24
11-01-2024 04:19:30,15.23
11-01-2024 04:24:30,15.21
11-01-2024 04:29:30,15.19
11-01-2024 04:34:30,15.17
11-01-2024 04:39:30,15.16
11-01-2024 04:44:30,15.15
11-01-2024 04:49:30,15.14
11-01-2024 04:54:30,15.12
11-01-2024 04:59:30,15.11
11-01-2024 05:04:30,15.1
11-01-2024 05:09:30,15.07
11-01-2024 05:14:30,15.06
11-01-2024 05:19:30,15.06
11-01-2024 05:24:30,15.05
11-01-2024 05:29:30,15.03
11-01-2024 05:34:30,15.02
11-01-2024 05:39:30,15.01
11-01-2024 05:44:30,15
11-01-2024 05:49:30,14.99
11-01-2024 05:54:30,14.97
11-01-2024 05:59:30,14.96
11-01-2024 06:04:30,14.95
11-01-2024 06:09:30,14.93
11-01-2024 06:14:30,14.93
11-01-2024 06:19:30,14.92
11-01-2024 06:24:30,14.91
11-01-2024 06:29:30,14.89
11-01-2024 06:34:30,14.89
11-01-2024 06:39:30,14.88
11-01-2024 06:44:30,14.87
11-01-2024 06:49:30,14.86
11-01-2024 06:54:30,14.85
11-01-2024 06:59:30,14.84
11-01-2024 07:04:30,14.83
11-01-2024 07:09:30,14.81
11-01-2024 07:14:30,14.8
11-01-2024 07:19:30,14.8
11-01-2024 07:24:30,14.79
11-01-2024 07:29:30,14.78
11-01-2024 07:34:30,14.77
11-01-2024 07:39:30,14.75
11-01-2024 07:44:30,14.75
11-01-2024 07:49:30,14.73
11-01-2024 07:54:30,14.72
11-01-2024 07:59:30,14.71
11-01-2024 08:04:30,14.7
11-01-2024 08:09:30,14.68
11-01-2024 08:14:30,14.68
11-01-2024 08:19:30,14.66
11-01-2024 08:24:30,14.65
11-01-2024 08:29:30,14.64
11-01-2024 08:34:30,14.63
11-01-2024 08:39:30,14.63
11-01-2024 08:44:30,14.62
11-01-2024 08:49:30,14.62
11-01-2024 08:54:30,14.61
11-01-2024 08:59:30,14.61
11-01-2024 09:04:30,14.61
11-01-2024 09:09:30,14.6
11-01-2024 09:14:30,14.6
11-01-2024 09:19:30,14.6
11-01-2024 09:24:30,14.6
11-01-2024 09:29:30,14.6
11-01-2024 09:34:30,14.6
11-01-2024 09:39:30,14.6
11-01-2024 09:44:30,14.61
11-01-2024 09:49:30,14.61
11-01-2024 09:54:30,14.63
11-01-2024 09:59:30,14.64
11-01-2024 10:04:30,14.65
11-01-2024 10:09:30,14.65
11-01-2024 10:14:30,14.67
11-01-2024 10:19:30,14.68
11-01-2024 10:24:30,14.7
11-01-2024 10:29:30,14.71
11-01-2024 10:34:30,14.72
11-01-2024 10:39:30,14.74
11-01-2024 10:44:30,14.75
11-01-2024 10:49:30,14.77
11-01-2024 10:54:30,14.78
11-01-2024 10:59:30,14.8
11-01-2024 11:04:30,14.82
11-01-2024 11:09:30,14.84
11-01-2024 11:14:30,14.86
11-01-2024 11:19:30,14.89
11-01-2024 11:24:30,14.91
11-01-2024 11:29:30,14.94
11-01-2024 11:34:30,14.97
11-01-2024 11:39:30,15
11-01-2024 11:44:30,15.04
11-01-2024 11:49:30,15.07
11-01-2024 11:54:30,15.1
11-01-2024 11:59:30,15.14
11-01-2024 12:04:30,15.17
11-01-2024 12:09:30,15.2
11-01-2024 12:14:30,15.23
11-01-2024 12:19:30,15.25
11-01-2024 12:24:30,15.27
11-01-2024 12:29:30,15.3
11-01-2024 12:34:30,15.32
11-01-2024 12:39:30,15.34
11-01-2024 12:44:30,15.35
11-01-2024 12:49:30,15.35
11-01-2024 12:54:30,15.36
11-01-2024 12:59:30,15.36
11-01-2024 13:04:30,15.37
11-01-2024 13:09:30,15.39
11-01-2024 13:14:30,15.39
11-01-2024 13:19:30,15.4
11-01-2024 13:24:30,15.41
11-01-2024 13:29:30,15.41
11-01-2024 13:34:30,15.42
11-01-2024 13:39:30,15.42
11-01-2024 13:44:30,15.43
11-01-2024 13:49:30,15.42
11-01-2024 13:54:30,15.43
11-01-2024 13:59:30,15.43
11-01-2024 14:04:30,15.44
11-01-2024 14:09:30,15.45
11-01-2024 14:14:30,15.44
11-01-2024 14:19:30,15.45
11-01-2024 14:24:30,15.46
11-01-2024 14:29:30,15.47
11-01-2024 14:34:30,15.47
11-01-2024 14:39:30,15.48
11-01-2024 14:44:30,15.5
11-01-2024 14:49:30,15.5
11-01-2024 14:54:30,15.51
11-01-2024 14:59:30,15.53
11-01-2024 15:04:30,15.54
11-01-2024 15:09:30,15.54
11-01-2024 15:14:30,15.55
11-01-2024 15:19:30,15.56
11-01-2024 15:24:30,15.58
11-01-2024 15:29:30,15.59
11-01-2024 15:34:30,15.6
11-01-2024 15:39:30,15.62
11-01-2024 15:44:30,15.63
11-01-2024 15:49:30,15.65
11-01-2024 15:54:30,15.67
11-01-2024 15:59:30,15.68
11-01-2024 16:04:30,15.7
11-01-2024 16:09:30,15.72
11-01-2024 16:14:30,15.75
11-01-2024 16:19:30,15.76
11-01-2024 16:24:30,15.79
11-01-2024 16:29:30,15.81
11-01-2024 16:34:30,15.84
11-01-2024 16:39:30,15.86
11-01-2024 16:44:30,15.88
11-01-2024 16:49:30,15.91
11-01-2024 16:54:30,15.93
11-01-2024 16:59:30,15.95
11-01-2024 17:04:30,15.98
11-01-2024 17:09:30,16
11-01-2024 17:14:30,16.02
11-01-2024 17:19:30,16.04
11-01-2024 17:24:30,16.06
11-01-2024 17:29:30,16.07
11-01-2024 17:34:30,16.09
11-01-2024 17:39:30,16.11
11-01-2024 17:44:30,16.13
11-01-2024 17:49:30,16.14
11-01-2024 17:54:30,16.16
11-01-2024 17:59:30,16.17
11-01-2024 18:04:30,16.19
11-01-2024 18:09:30,16.2
11-01-2024 18:14:30,16.21
11-01-2024 18:19:30,16.23
11-01-2024 18:24:30,16.24
11-01-2024 18:29:30,16.25
11-01-2024 18:34:30,16.26
11-01-2024 18:39:30,16.27
11-01-2024 18:44:30,16.28
11-01-2024 18:49:30,16.28
11-01-2024 18:54:30,16.29
11-01-2024 18:59:30,16.3
11-01-2024 19:04:30,16.3
11-01-2024 19:09:30,16.31
11-01-2024 19:14:30,16.31
11-01-2024 19:19:30,16.32
11-01-2024 19:24:30,16.32
11-01-2024 19:29:30,16.32
11-01-2024 19:34:30,16.33
11-01-2024 19:39:30,16.33
11-01-2024 19:44:30,16.33
11-01-2024 19:49:30,16.33
11-01-2024 19:54:30,16.33
11-01-2024 19:59:30,16.33
11-01-2024 20:04:30,16.33
11-01-2024 20:09:30,16.33
11-01-2024 20:14:30,16.33
11-01-2024 20:19:30,16.32
11-01-2024 20:24:30,16.32
11-01-2024 20:29:30,16.32
11-01-2024 20:34:30,16.31
11-01-2024 20:39:30,16.31
11-01-2024 20:44:30,16.31
11-01-2024 20:49:30,16.3
11-01-2024 20:54:30,16.3
11-01-2024 20:59:30,16.3
11-01-2024 21:04:30,16.29
11-01-2024 21:09:30,16.29
11-01-2024 21:14:30,16.29
11-01-2024 21:19:30,16.28
11-01-2024 21:24:30,16.28
11-01-2024 21:29:30,16.27
11-01-2024 21:34:30,16.27
11-01-2024 21:39:30,16.26
11-01-2024 21:44:30,16.26
11-01-2024 21:49:30,16.25
11-01-2024 21:54:30,16.25
11-01-2024 21:59:30,16.25
11-01-2024 22:04:30,16.24
11-01-2024 22:09:30,16.24
11-01-2024 22:14:30,16.24
11-01-2024 22:19:30,16.25
11-01-2024 22:24:30,16.24
11-01-2024 22:29:30,16.24
11-01-2024 22:34:30,16.24
11-01-2024 22:39:30,16.25
11-01-2024 22:44:30,16.24
11-01-2024 22:49:30,16.25
11-01-2024 22:54:30,16.24
11-01-2024 22:59:30,16.24
11-01-2024 23:04:30,16.25
11-01-2024 23:09:30,16.24
11-01-2024 23:14:30,16.24
11-01-2024 23:19:30,16.24
11-01-2024 23:24:30,16.24
11-01-2024 23:29:30,16.24
11-01-2024 23:34:30,16.24
11-01-2024 23:39:30,16.24
11-01-2024 23:44:30,16.24
11-01-2024 23:49:30,16.23
11-01-2024 23:54:30,16.23
11-01-2024 23:59:30,16.23
11-04-2024 00:04:30,16.38
11-04-2024 00:09:30,16.36
11-04-2024 00:14:30,16.35
11-04-2024 00:19:30,16.33
11-04-2024 00:24:30,16.32
11-04-2024 00:29:30,16.31
11-04-2024 00:34:30,16.29
11-04-2024 00:39:30,16.28
11-04-2024 00:44:30,16.26
11-04-2024 00:49:30,16.25
11-04-2024 00:54:30,16.24
11-04-2024 00:59:30,16.22
11-04-2024 01:04:30,16.2
11-04-2024 01:09:30,16.2
11-04-2024 01:14:30,16.18
11-04-2024 01:19:30,16.17
11-04-2024 01:24:30,16.15
11-04-2024 01:29:30,16.13
11-04-2024 01:34:30,16.12
11-04-2024 01:39:30,16.1
11-04-2024 01:44:30,16.08
11-04-2024 01:49:30,16.07
11-04-2024 01:54:30,16.04
11-04-2024 01:59:30,16.03
11-04-2024 02:04:30,16.01
11-04-2024 02:09:30,15.99
11-04-2024 02:14:30,15.97
11-04-2024 02:19:30,15.95
11-04-2024 02:24:30,15.93
11-04-2024 02:29:30,15.92
11-04-2024 02:34:30,15.9
11-04-2024 02:39:30,15.89
11-04-2024 02:44:30,15.87
11-04-2024 02:49:30,15.85
11-04-2024 02:54:30,15.83
11-04-2024 02:59:30,15.82
11-04-2024 03:04:30,15.8
11-04-2024 03:09:30,15.78
11-04-2024 03:14:30,15.77
11-04-2024 03:19:30,15.75
11-04-2024 03:24:30,15.74
11-04-2024 03:29:30,15.73
11-04-2024 03:34:30,15.71
11-04-2024 03:39:30,15.69
11-04-2024 03:44:30,15.67
11-04-2024 03:49:30,15.66
11-04-2024 03:54:30,15.64
11-04-2024 03:59:30,15.63
11-04-2024 04:04:30,15.61
11-04-2024 04:09:30,15.6
11-04-2024 04:14:30,15.58
11-04-2024 04:19:30,15.57
11-04-2024 04:24:30,15.55
11-04-2024 04:29:30,15.53
11-04-2024 04:34:30,15.52
11-04-2024 04:39:30,15.5
11-04-2024 04:44:30,15.48
11-04-2024 04:49:30,15.45
11-04-2024 04:54:30,15.44
11-04-2024 04:59:30,15.43
11-04-2024 05:04:30,15.41
11-04-2024 05:09:30,15.4
11-04-2024 05:14:30,15.38
11-04-2024 05:19:30,15.36
11-04-2024 05:24:30,15.35
11-04-2024 05:29:30,15.33
11-04-2024 05:34:30,15.3
11-04-2024 05:39:30,15.29
11-04-2024 05:44:30,15.27
11-04-2024 05:49:30,15.26
11-04-2024 05:54:30,15.24
11-04-2024 05:59:30,15.22
11-04-2024 06:04:30,15.21
11-04-2024 06:09:30,15.18
11-04-2024 06:14:30,15.17
11-04-2024 06:19:30,15.15
11-04-2024 06:24:30,15.14
11-04-2024 06:29:30,15.12
11-04-2024 06:34:30,15.1
11-04-2024 06:39:30,15.08
11-04-2024 06:44:30,15.07
11-04-2024 06:49:30,15.04
11-04-2024 06:54:30,15.03
11-04-2024 06:59:30,15.01
11-04-2024 07:04:30,15
11-04-2024 07:09:30,14.99
11-04-2024 07:14:30,14.97
11-04-2024 07:19:30,14.96
11-04-2024 07:24:30,14.95
11-04-2024 07:29:30,14.93
11-04-2024 07:34:30,14.92
11-04-2024 07:39:30,14.9
11-04-2024 07:44:30,14.88
11-04-2024 07:49:30,14.87
11-04-2024 07:54:30,14.86
11-04-2024 07:59:30,14.85
11-04-2024 08:04:30,14.85
11-04-2024 08:09:30,14.83
11-04-2024 08:14:30,14.83
11-04-2024 08:19:30,14.82
11-04-2024 08:24:30,14.82
11-04-2024 08:29:30,14.82
11-04-2024 08:34:30,14.82
11-04-2024 08:39:30,14.82
11-04-2024 08:44:30,14.82
11-04-2024 08:49:30,14.83
11-04-2024 08:54:30,14.83
11-04-2024 08:59:30,14.83
11-04-2024 09:04:30,14.84
11-04-2024 09:09:30,14.85
11-04-2024 09:14:30,14.85
11-04-2024 09:19:30,14.86
11-04-2024 09:24:30,14.87
11-04-2024 09:29:30,14.88
11-04-2024 09:34:30,14.89
11-04-2024 09:39:30,14.9
11-04-2024 09:44:30,14.91
11-04-2024 09:49:30,14.92
11-04-2024 09:54:30,14.93
11-04-2024 09:59:30,14.95
11-04-2024 10:04:30,14.96
11-04-2024 10:09:30,14.98
11-04-2024 10:14:30,15
11-04-2024 10:19:30,15.01
11-04-2024 10:24:30,15.03
11-04-2024 10:29:30,15.05
11-04-2024 10:34:30,15.07
11-04-2024 10:39:30,15.1
11-04-2024 10:44:30,15.12
11-04-2024 10:49:30,15.15
11-04-2024 10:54:30,15.18
11-04-2024 10:59:30,15.21
11-04-2024 11:04:30,15.24
11-04-2024 11:09:30,15.27
11-04-2024 11:14:30,15.3
11-04-2024 11:19:30,15.32
11-04-2024 11:24:30,15.35
11-04-2024 11:29:30,15.37
11-04-2024 11:34:30,15.38
11-04-2024 11:39:30,15.39
11-04-2024 11:44:30,15.41
11-04-2024 11:49:30,15.42
11-04-2024 11:54:30,15.43
11-04-2024 11:59:30,15.44
11-04-2024 12:04:30,15.45
11-04-2024 12:09:30,15.46
11-04-2024 12:14:30,15.47
11-04-2024 12:19:30,15.47
11-04-2024 12:24:30,15.49
11-04-2024 12:29:30,15.49
11-04-2024 12:34:30,15.5
11-04-2024 12:39:30,15.51
11-04-2024 12:44:30,15.52
11-04-2024 12:49:30,15.52
11-04-2024 12:54:30,15.53
11-04-2024 12:59:30,15.54
11-04-2024 13:04:30,15.55
11-04-2024 13:09:30,15.56
11-04-2024 13:14:30,15.56
11-04-2024 13:19:30,15.58
11-04-2024 13:24:30,15.59
11-04-2024 13:29:30,15.6
11-04-2024 13:34:30,15.61
11-04-2024 13:39:30,15.62
11-04-2024 13:44:30,15.64
11-04-2024 13:49:30,15.65
11-04-2024 13:54:30,15.67
11-04-2024 13:59:30,15.69
11-04-2024 14:04:30,15.71
11-04-2024 14:09:30,15.72
11-04-2024 14:14:30,15.74
11-04-2024 14:19:30,15.75
11-04-2024 14:24:30,15.77
11-04-2024 14:29:30,15.78
11-04-2024 14:34:30,15.79
11-04-2024 14:39:30,15.8
11-04-2024 14:44:30,15.81
11-04-2024 14:49:30,15.82
11-04-2024 14:54:30,15.83
11-04-2024 14:59:30,15.84
11-04-2024 15:04:30,15.86
11-04-2024 15:09:30,15.88
11-04-2024 15:14:30,15.91
11-04-2024 15:19:30,15.93
11-04-2024 15:24:30,15.95
11-04-2024 15:29:30,15.98
11-04-2024 15:34:30,16.01
11-04-2024 15:39:30,16.03
11-04-2024 15:44:30,16.06
11-04-2024 15:49:30,16.09
11-04-2024 15:54:30,16.11
11-04-2024 15:59:30,16.13
11-04-2024 16:04:30,16.15
11-04-2024 16:09:30,16.17
11-04-2024 16:14:30,16.19
11-04-2024 16:19:30,16.21
11-04-2024 16:24:30,16.23
11-04-2024 16:29:30,16.25
11-04-2024 16:34:30,16.26
11-04-2024 16:39:30,16.28
11-04-2024 16:44:30,16.29
11-04-2024 16:49:30,16.3
11-04-2024 16:54:30,16.31
11-04-2024 16:59:30,16.33
11-04-2024 17:04:30,16.34
11-04-2024 17:09:30,16.35
11-04-2024 17:14:30,16.36
11-04-2024 17:19:30,16.36
11-04-2024 17:24:30,16.38
11-04-2024 17:29:30,16.39
11-04-2024 17:34:30,16.39
11-04-2024 17:39:30,16.4
11-04-2024 17:44:30,16.4
11-04-2024 17:49:30,16.4
11-04-2024 17:54:30,16.41
11-04-2024 17:59:30,16.41
11-04-2024 18:04:30,16.4
11-04-2024 18:09:30,16.41
11-04-2024 18:14:30,16.4
11-04-2024 18:19:30,16.4
11-04-2024 18:24:30,16.39
11-04-2024 18:29:30,16.38
11-04-2024 18:34:30,16.37
11-04-2024 18:39:30,16.36
11-04-2024 18:44:30,16.36
11-04-2024 18:49:30,16.34
11-04-2024 18:54:30,16.33
11-04-2024 18:59:30,16.32
11-04-2024 19:04:30,16.31
11-04-2024 19:09:30,16.29
11-04-2024 19:14:30,16.28
11-04-2024 19:19:30,16.27
11-04-2024 19:24:30,16.26
11-04-2024 19:29:30,16.25
11-04-2024 19:34:30,16.24
11-04-2024 19:39:30,16.23
11-04-2024 19:44:30,16.22
11-04-2024 19:49:30,16.21
11-04-2024 19:54:30,16.2
11-04-2024 19:59:30,16.19
11-04-2024 20:04:30,16.18
11-04-2024 20:09:30,16.17
11-04-2024 20:14:30,16.15
11-04-2024 20:19:30,16.14
11-04-2024 20:24:30,16.14
11-04-2024 20:29:30,16.13
11-04-2024 20:34:30,16.12
11-04-2024 20:44:00,16.07
11-04-2024 20:54:00,16.04
11-04-2024 21:04:00,16.01
11-04-2024 21:14:00,15.97
11-04-2024 21:24:00,15.93
11-04-2024 21:34:00,15.87
11-04-2024 21:44:00,15.82
11-04-2024 21:54:00,15.77
11-04-2024 22:04:00,15.74
11-04-2024 22:14:00,15.7
11-04-2024 22:24:00,15.66
11-04-2024 22:34:00,15.63
11-04-2024 22:44:00,15.6
11-04-2024 22:54:00,15.57
11-04-2024 23:04:00,15.54
11-04-2024 23:14:00,15.53
11-04-2024 23:24:00,15.52
11-04-2024 23:34:00,15.49
11-04-2024 23:44:00,15.47
11-04-2024 23:54:00,15.45
11-05-2024 00:04:00,15.43
11-05-2024 00:14:00,15.42
11-05-2024 00:24:00,15.4
11-05-2024 00:34:00,15.38
11-05-2024 00:44:00,15.37
11-05-2024 00:54:00,15.36
11-05-2024 01:04:00,15.33
11-05-2024 01:14:00,15.32
11-05-2024 01:24:00,15.3
11-05-2024 01:34:00,15.28
11-05-2024 01:44:00,15.26
11-05-2024 01:54:00,15.24
11-05-2024 02:04:00,15.22
11-05-2024 02:14:00,15.19
11-05-2024 02:24:00,15.17
11-05-2024 02:34:00,15.14
11-05-2024 02:44:00,15.12
11-05-2024 02:54:00,15.1
11-05-2024 03:04:00,15.09
11-05-2024 03:14:00,15.06
11-05-2024 03:24:00,15.04
11-05-2024 03:34:00,15.02
11-05-2024 03:44:00,15.01
11-05-2024 03:54:00,14.99
11-05-2024 04:04:00,14.97
11-05-2024 04:14:00,14.95
11-05-2024 04:24:00,14.93
11-05-2024 04:34:00,14.91
11-05-2024 04:44:00,14.89
11-05-2024 04:54:00,14.87
11-05-2024 05:04:00,14.85
11-05-2024 05:14:00,14.83
11-05-2024 05:24:00,14.8
11-05-2024 05:34:00,14.78
11-05-2024 05:44:00,14.76
11-05-2024 05:54:00,14.73
11-05-2024 06:04:00,14.7
11-05-2024 06:14:00,14.67
11-05-2024 06:24:00,14.65
11-05-2024 06:34:00,14.62
11-05-2024 06:44:00,14.59
11-05-2024 06:54:00,14.56
11-05-2024 07:04:00,14.54
11-05-2024 07:14:00,14.51
11-05-2024 07:24:00,14.49
11-05-2024 07:34:00,14.46
11-05-2024 07:44:00,14.44
11-05-2024 07:54:00,14.43
11-05-2024 08:04:00,14.42
11-05-2024 08:14:00,14.41
11-05-2024 08:24:00,14.4
11-05-2024 08:34:00,14.41
11-05-2024 08:44:00,14.41
11-05-2024 08:54:00,14.42
11-05-2024 09:04:00,14.43
11-05-2024 09:14:00,14.46
11-05-2024 09:24:00,14.49
11-05-2024 09:34:00,14.51
11-05-2024 09:44:00,14.54
11-05-2024 09:54:00,14.56
11-05-2024 10:04:00,14.6
11-05-2024 10:14:00,14.63
11-05-2024 10:24:00,14.67
11-05-2024 10:34:00,14.72
11-05-2024 10:44:00,14.78
11-05-2024 10:54:00,14.83
11-05-2024 11:04:00,14.89
11-05-2024 11:14:00,14.95
11-05-2024 11:24:00,14.99
11-05-2024 11:34:00,15.03
11-05-2024 11:44:00,15.06
11-05-2024 11:54:00,15.08
11-05-2024 12:04:00,15.11
11-05-2024 12:14:00,15.12
11-05-2024 12:24:00,15.14
11-05-2024 12:34:00,15.16
11-05-2024 12:44:00,15.17
11-05-2024 12:54:00,15.18
11-05-2024 13:04:00,15.2
11-05-2024 13:14:00,15.22
11-05-2024 13:24:00,15.25
11-05-2024 13:34:00,15.26
11-05-2024 13:44:00,15.28
11-05-2024 13:54:00,15.3
11-05-2024 14:04:00,15.31
11-05-2024 14:14:00,15.33
11-05-2024 14:24:00,15.34
11-05-2024 14:34:00,15.36
11-05-2024 14:44:00,15.37
11-05-2024 14:54:00,15.38
11-05-2024 15:04:00,15.4
11-05-2024 15:14:00,15.43
11-05-2024 15:24:00,15.47
11-05-2024 15:34:00,15.5
11-05-2024 15:44:00,15.54
11-05-2024 15:54:00,15.58
11-05-2024 16:04:00,15.62
11-05-2024 16:14:00,15.66
11-05-2024 16:24:00,15.7
11-05-2024 16:34:00,15.72
11-05-2024 16:44:00,15.75
11-05-2024 16:54:00,15.77
11-05-2024 17:04:00,15.79
11-05-2024 17:14:00,15.8
11-05-2024 17:24:00,15.81
11-05-2024 17:34:00,15.82
11-05-2024 17:44:00,15.83
11-05-2024 17:54:00,15.82
11-05-2024 18:04:00,15.82
11-05-2024 18:14:00,15.81
11-05-2024 18:24:00,15.8
11-05-2024 18:34:00,15.79
11-05-2024 18:44:00,15.77
11-05-2024 18:54:00,15.76
11-05-2024 19:04:00,15.74
11-05-2024 19:14:00,15.72
11-05-2024 19:24:00,15.69
11-05-2024 19:34:00,15.67
11-05-2024 19:44:00,15.64
11-05-2024 19:54:00,15.59
11-05-2024 20:04:00,15.56
11-05-2024 20:14:00,15.53
11-05-2024 20:24:00,15.49
11-05-2024 20:34:00,15.46
11-05-2024 20:44:00,15.44
11-05-2024 20:54:00,15.41
11-05-2024 21:04:00,15.37
11-05-2024 21:14:00,15.34
11-05-2024 21:24:00,15.32
11-05-2024 21:34:00,15.29
11-05-2024 21:44:00,15.26
11-05-2024 21:54:00,15.24
11-05-2024 22:04:00,15.21
11-05-2024 22:14:00,15.19
11-05-2024 22:24:00,15.17
11-05-2024 22:34:00,15.14
11-05-2024 22:44:00,15.13
11-05-2024 22:54:00,15.11
11-05-2024 23:04:00,15.08
11-05-2024 23:14:00,15.07
11-05-2024 23:24:00,15.05
11-05-2024 23:34:00,15.03
11-05-2024 23:44:00,15.02
11-05-2024 23:54:00,15
11-06-2024 00:04:00,14.99
11-06-2024 00:14:00,14.97
11-06-2024 00:24:00,14.94
11-06-2024 00:34:00,14.92
11-06-2024 00:44:00,14.91
11-06-2024 00:54:00,14.89
11-06-2024 01:04:00,14.88
11-06-2024 01:14:00,14.86
11-06-2024 01:24:00,14.84
11-06-2024 01:34:00,14.82
11-06-2024 01:44:00,14.81
11-06-2024 01:54:00,14.78
11-06-2024 02:04:00,14.76
11-06-2024 02:14:00,14.75
11-06-2024 02:24:00,14.73
11-06-2024 02:34:00,14.7
11-06-2024 02:44:00,14.69
11-06-2024 02:54:00,14.67
11-06-2024 03:04:00,14.65
11-06-2024 03:14:00,14.63
11-06-2024 03:24:00,14.6
11-06-2024 03:34:00,14.58
11-06-2024 03:44:00,14.57
11-06-2024 03:54:00,14.55
11-06-2024 04:04:00,14.53
11-06-2024 04:14:00,14.51
11-06-2024 04:24:00,14.49
11-06-2024 04:34:00,14.48
11-06-2024 04:44:00,14.45
11-06-2024 04:54:00,14.43
11-06-2024 05:04:00,14.41
11-06-2024 05:14:00,14.39
11-06-2024 05:24:00,14.36
11-06-2024 05:34:00,14.35
11-06-2024 05:44:00,14.32
11-06-2024 05:54:00,14.3
11-06-2024 06:04:00,14.27
11-06-2024 06:14:00,14.24
11-06-2024 06:24:00,14.21
11-06-2024 06:34:00,14.16
11-06-2024 06:44:00,14.14
11-06-2024 06:54:00,14.12
11-06-2024 07:04:00,14.09
11-06-2024 07:14:00,14.07
11-06-2024 07:24:00,14.06
11-06-2024 07:34:00,14.04
11-06-2024 07:44:00,14.03
11-06-2024 07:54:00,14.01
11-06-2024 08:04:00,14.01
11-06-2024 08:14:00,14
11-06-2024 08:24:00,14.01
11-06-2024 08:34:00,14
11-06-2024 08:44:00,14.02
11-06-2024 08:54:00,14.03
11-06-2024 09:04:00,14.05
11-06-2024 09:14:00,14.08
11-06-2024 09:24:00,14.11
11-06-2024 09:34:00,14.14
11-06-2024 09:44:00,14.17
11-06-2024 09:54:00,14.19
11-06-2024 10:04:00,14.23
11-06-2024 10:14:00,14.27
11-06-2024 10:24:00,14.3
11-06-2024 10:34:00,14.35
11-06-2024 10:44:00,14.4
11-06-2024 10:54:00,14.46
11-06-2024 11:04:00,14.52
11-06-2024 11:14:00,14.58
11-06-2024 11:24:00,14.63
11-06-2024 11:34:00,14.66
11-06-2024 11:44:00,14.7
11-06-2024 11:54:00,14.73
11-06-2024 12:04:00,14.76
11-06-2024 12:14:00,14.79
11-06-2024 12:24:00,14.82
11-06-2024 12:34:00,14.85
11-06-2024 12:44:00,14.87
11-06-2024 12:54:00,14.91
11-06-2024 13:04:00,14.93
11-06-2024 13:14:00,14.96
11-06-2024 13:24:00,15
11-06-2024 13:34:00,15.04
11-06-2024 13:44:00,15.07
11-06-2024 13:54:00,15.1
11-06-2024 14:04:00,15.13
11-06-2024 14:14:00,15.15
11-06-2024 14:24:00,15.18
11-06-2024 14:34:00,15.21
11-06-2024 14:44:00,15.23
11-06-2024 14:54:00,15.26
11-06-2024 15:04:00,15.28
11-06-2024 15:14:00,15.32
11-06-2024 15:24:00,15.35
11-06-2024 15:34:00,15.37
11-06-2024 15:44:00,15.4
11-06-2024 15:54:00,15.42
11-06-2024 16:04:00,15.44
11-06-2024 16:14:00,15.47
11-06-2024 16:24:00,15.48
11-06-2024 16:34:00,15.5
11-06-2024 16:44:00,15.5
11-06-2024 16:54:00,15.5
11-06-2024 17:04:00,15.5
11-06-2024 17:14:00,15.5
11-06-2024 17:24:00,15.49
11-06-2024 17:34:00,15.48
11-06-2024 17:44:00,15.47
11-06-2024 17:54:00,15.45
11-06-2024 18:04:00,15.44
11-06-2024 18:14:00,15.43
11-06-2024 18:24:00,15.4
11-06-2024 18:34:00,15.38
11-06-2024 18:44:00,15.37
11-06-2024 18:54:00,15.35
11-06-2024 19:04:00,15.34
11-06-2024 19:14:00,15.32
11-06-2024 19:24:00,15.3
11-06-2024 19:34:00,15.29
11-06-2024 19:44:00,15.27
11-06-2024 19:54:00,15.24
11-06-2024 20:04:00,15.23
11-06-2024 20:14:00,15.21
11-06-2024 20:24:00,15.19
11-06-2024 20:34:00,15.16
11-06-2024 20:44:00,15.14
11-06-2024 20:54:00,15.12
11-06-2024 21:04:00,15.09
11-06-2024 21:14:00,15.06
11-06-2024 21:24:00,15.03
11-06-2024 21:34:00,15.01
11-06-2024 21:44:00,14.98
11-06-2024 21:54:00,14.95
11-06-2024 22:04:00,14.93
11-06-2024 22:14:00,14.9
11-06-2024 22:24:00,14.87
11-06-2024 22:34:00,14.84
11-06-2024 22:44:00,14.79
11-06-2024 22:54:00,14.75
11-06-2024 23:04:00,14.7
11-06-2024 23:14:00,14.66
11-06-2024 23:24:00,14.62
11-06-2024 23:34:00,14.57
11-06-2024 23:44:00,14.53
11-06-2024 23:54:00,14.48
11-07-2024 00:04:00,14.43
11-07-2024 00:14:00,14.38
11-07-2024 00:24:00,14.33
11-07-2024 00:34:00,14.28
11-07-2024 00:44:00,14.23
11-07-2024 00:54:00,14.19
11-07-2024 01:04:00,14.15
11-07-2024 01:14:00,14.09
11-07-2024 01:24:00,14.05
11-07-2024 01:34:00,14.02
11-07-2024 01:44:00,13.99
11-07-2024 01:54:00,13.94
11-07-2024 02:04:00,13.91
11-07-2024 02:14:00,13.86
11-07-2024 02:24:00,13.83
11-07-2024 02:34:00,13.8
11-07-2024 02:44:00,13.76
11-07-2024 02:54:00,13.73
11-07-2024 03:04:00,13.7
11-07-2024 03:14:00,13.66
11-07-2024 03:24:00,13.64
11-07-2024 03:34:00,13.6
11-07-2024 03:44:00,13.57
11-07-2024 03:54:00,13.54
11-07-2024 04:04:00,13.51
11-07-2024 04:14:00,13.47
11-07-2024 04:24:00,13.44
11-07-2024 04:34:00,13.41
11-07-2024 04:44:00,13.38
11-07-2024 04:54:00,13.34
11-07-2024 05:04:00,13.31
11-07-2024 05:14:00,13.28
11-07-2024 05:24:00,13.24
11-07-2024 05:34:00,13.2
11-07-2024 05:44:00,13.18
11-07-2024 05:54:00,13.14
11-07-2024 06:04:00,13.1
11-07-2024 06:14:00,13.08
11-07-2024 06:24:00,13.04
11-07-2024 06:34:00,12.99
11-07-2024 06:44:00,12.96
11-07-2024 06:54:00,12.91
11-07-2024 07:04:00,12.87
11-07-2024 07:14:00,12.83
11-07-2024 07:24:00,12.82
11-07-2024 07:34:00,12.78
11-07-2024 07:44:00,12.73
11-07-2024 07:54:00,12.72
11-07-2024 08:04:00,12.7
11-07-2024 08:14:00,12.69
11-07-2024 08:24:00,12.67
11-07-2024 08:34:00,12.67
11-07-2024 08:44:00,12.67
11-07-2024 08:54:00,12.69
11-07-2024 09:04:00,12.71
11-07-2024 09:14:00,12.73
11-07-2024 09:24:00,12.77
11-07-2024 09:34:00,12.79
11-07-2024 09:44:00,12.82
11-07-2024 09:54:00,12.86
11-07-2024 10:04:00,12.89
11-07-2024 10:14:00,12.94
11-07-2024 10:24:00,12.99
11-07-2024 10:34:00,13.05
11-07-2024 10:44:00,13.11
11-07-2024 10:54:00,13.18
11-07-2024 11:04:00,13.24
11-07-2024 11:14:00,13.3
11-07-2024 11:24:00,13.35
11-07-2024 11:34:00,13.39
11-07-2024 11:44:00,13.42
11-07-2024 11:54:00,13.44
11-07-2024 12:04:00,13.45
11-07-2024 12:14:00,13.46
11-07-2024 12:24:00,13.46
11-07-2024 12:34:00,13.46
11-07-2024 12:44:00,13.43
11-07-2024 12:54:00,13.38
11-07-2024 13:04:00,13.38
11-07-2024 13:14:00,13.42
11-07-2024 13:24:00,13.48
11-07-2024 13:34:00,13.55
11-07-2024 13:44:00,13.64
11-07-2024 13:54:00,13.75
11-07-2024 14:04:00,13.96
11-07-2024 14:14:00,14.16
11-07-2024 14:24:00,14.38
11-07-2024 14:34:00,14.56
11-07-2024 14:44:00,14.73
11-07-2024 14:54:00,14.88
11-07-2024 15:04:00,14.99
11-07-2024 15:14:00,15.1
11-07-2024 15:24:00,15.21
11-07-2024 15:34:00,15.29
11-07-2024 15:44:00,15.36
11-07-2024 15:54:00,15.42
11-07-2024 16:04:00,15.47
11-07-2024 16:14:00,15.5
11-07-2024 16:24:00,15.52
11-07-2024 16:34:00,15.54
11-07-2024 16:44:00,15.58
11-07-2024 16:54:00,15.59
11-07-2024 17:04:00,15.59
11-07-2024 17:14:00,15.62
11-07-2024 17:24:00,15.62
11-07-2024 17:34:00,15.62
11-07-2024 17:44:00,15.63
11-07-2024 17:54:00,15.63
11-07-2024 18:04:00,15.63
11-07-2024 18:14:00,15.64
11-07-2024 18:24:00,15.64
11-07-2024 18:34:00,15.63
11-07-2024 18:44:00,15.63
11-07-2024 18:54:00,15.6
11-07-2024 19:04:00,15.59
11-07-2024 19:14:00,15.57
11-07-2024 19:24:00,15.55
11-07-2024 19:34:00,15.53
11-07-2024 19:44:00,15.5
11-07-2024 19:54:00,15.46
11-07-2024 20:04:00,15.43
11-07-2024 20:14:00,15.38
11-07-2024 20:24:00,15.35
11-07-2024 20:34:00,15.32
11-07-2024 20:44:00,15.27
11-07-2024 20:54:00,15.22
11-07-2024 21:04:00,15.17
11-07-2024 21:14:00,15.13
11-07-2024 21:24:00,15.1
11-07-2024 21:34:00,15.05
11-07-2024 21:44:00,15
11-07-2024 21:54:00,14.96
11-07-2024 22:04:00,14.91
11-07-2024 22:14:00,14.87
11-07-2024 22:24:00,14.82
11-07-2024 22:34:00,14.76
11-07-2024 22:44:00,14.72
11-07-2024 22:54:00,14.67
11-07-2024 23:04:00,14.63
11-07-2024 23:14:00,14.58
11-07-2024 23:24:00,14.55
11-07-2024 23:34:00,14.51
11-07-2024 23:44:00,14.47
11-07-2024 23:54:00,14.44
11-08-2024 00:04:00,14.4
11-08-2024 00:14:00,14.36
11-08-2024 00:24:00,14.31
11-08-2024 00:34:00,14.26
11-08-2024 00:44:00,14.2
11-08-2024 00:54:00,14.14
11-08-2024 01:04:00,14.09
11-08-2024 01:14:00,14.04
11-08-2024 01:24:00,14
11-08-2024 01:34:00,13.95
11-08-2024 01:44:00,13.9
11-08-2024 01:54:00,13.86
11-08-2024 02:04:00,13.81
11-08-2024 02:14:00,13.78
11-08-2024 02:24:00,13.73
11-08-2024 02:34:00,13.69
11-08-2024 02:44:00,13.65
11-08-2024 02:54:00,13.61
11-08-2024 03:04:00,13.58
11-08-2024 03:14:00,13.54
11-08-2024 03:24:00,13.5
11-08-2024 03:34:00,13.47
11-08-2024 03:44:00,13.44
11-08-2024 03:54:00,13.4
11-08-2024 04:04:00,13.38
11-08-2024 04:14:00,13.35
11-08-2024 04:24:00,13.32
11-08-2024 04:34:00,13.3
11-08-2024 04:44:00,13.27
11-08-2024 04:54:00,13.25
11-08-2024 05:04:00,13.22
11-08-2024 05:14:00,13.19
11-08-2024 05:24:00,13.16
11-08-2024 05:34:00,13.13
11-08-2024 05:44:00,13.1
11-08-2024 05:54:00,13.07
11-08-2024 06:04:00,13.04
11-08-2024 06:14:00,13.01
11-08-2024 06:24:00,12.98
11-08-2024 06:34:00,12.95
11-08-2024 06:44:00,12.92
11-08-2024 06:54:00,12.89
11-08-2024 07:04:00,12.86
11-08-2024 07:14:00,12.83
11-08-2024 07:24:00,12.81
11-08-2024 07:34:00,12.79
11-08-2024 07:44:00,12.79
11-08-2024 07:54:00,12.78
11-08-2024 08:04:00,12.78
11-08-2024 08:14:00,12.78
11-08-2024 08:24:00,12.79
11-08-2024 08:34:00,12.8
11-08-2024 08:44:00,12.81
11-08-2024 08:54:00,12.83
11-08-2024 09:04:00,12.85
11-08-2024 09:14:00,12.88
11-08-2024 09:24:00,12.91
11-08-2024 09:34:00,12.94
11-08-2024 09:44:00,12.98
11-08-2024 09:54:00,13.01
11-08-2024 10:04:00,13.06
11-08-2024 10:14:00,13.1
11-08-2024 10:24:00,13.16
11-08-2024 10:34:00,13.22
11-08-2024 10:44:00,13.29
11-08-2024 10:54:00,13.35
11-08-2024 11:04:00,13.4
11-08-2024 11:14:00,13.44
11-08-2024 11:24:00,13.45
11-08-2024 11:34:00,13.47
11-08-2024 11:44:00,13.45
11-08-2024 11:54:00,13.46
11-08-2024 12:04:00,13.47
11-08-2024 12:14:00,13.47
11-08-2024 12:24:00,13.47
11-08-2024 12:34:00,13.46
11-08-2024 12:44:00,13.45
11-08-2024 12:54:00,13.46
11-08-2024 13:04:00,13.45
11-08-2024 13:14:00,13.44
11-08-2024 13:24:00,13.44
11-08-2024 13:34:00,13.44
11-08-2024 13:44:00,13.44
11-08-2024 13:54:00,13.44
11-08-2024 14:04:00,13.45
11-08-2024 14:14:00,13.47
11-08-2024 14:24:00,13.5
11-08-2024 14:34:00,13.51
11-08-2024 14:44:00,13.52
11-08-2024 14:54:00,13.54
11-08-2024 15:04:00,13.56
11-08-2024 15:14:00,13.59
11-08-2024 15:24:00,13.61
11-08-2024 15:34:00,13.64
11-08-2024 15:44:00,13.68
11-08-2024 15:54:00,13.72
11-08-2024 16:04:00,13.77
11-08-2024 16:14:00,13.81
11-08-2024 16:24:00,13.85
11-08-2024 16:34:00,13.89
11-08-2024 16:44:00,13.93
11-08-2024 16:54:00,13.95
11-08-2024 17:04:00,13.98
11-08-2024 17:14:00,14
11-08-2024 17:24:00,14.01
11-08-2024 17:34:00,14.02
11-08-2024 17:44:00,14.03
11-08-2024 17:54:00,14.03
11-08-2024 18:04:00,14.02
11-08-2024 18:14:00,14.01
11-08-2024 18:24:00,14
11-08-2024 18:34:00,13.98
11-08-2024 18:44:00,13.95
11-08-2024 18:54:00,13.93
11-08-2024 19:04:00,13.9
11-08-2024 19:14:00,13.88
11-08-2024 19:24:00,13.85
11-08-2024 19:34:00,13.82
11-08-2024 19:44:00,13.79
11-08-2024 19:54:00,13.76
11-08-2024 20:04:00,13.72
11-08-2024 20:14:00,13.69
11-08-2024 20:24:00,13.67
11-08-2024 20:34:00,13.63
11-08-2024 20:44:00,13.59
11-08-2024 20:54:00,13.55
11-08-2024 21:04:00,13.52
11-08-2024 21:14:00,13.47
11-08-2024 21:24:00,13.44
11-08-2024 21:34:00,13.4
11-08-2024 21:44:00,13.36
11-08-2024 21:54:00,13.32
11-08-2024 22:04:00,13.28
11-08-2024 22:14:00,13.23
11-08-2024 22:24:00,13.2
11-08-2024 22:34:00,13.16
11-08-2024 22:44:00,13.14
11-08-2024 22:54:00,13.11
11-08-2024 23:04:00,13.09
11-08-2024 23:14:00,13.07
11-08-2024 23:24:00,13.05
11-08-2024 23:34:00,13.03
11-08-2024 23:44:00,13.02
11-08-2024 23:54:00,13
11-09-2024 00:04:00,12.99
11-09-2024 00:14:00,12.96
11-09-2024 00:24:00,12.96
11-09-2024 00:34:00,12.94
11-09-2024 00:44:00,12.93
11-09-2024 00:54:00,12.9
11-09-2024 01:04:00,12.89
11-09-2024 01:14:00,12.88
11-09-2024 01:24:00,12.86
11-09-2024 01:34:00,12.85
11-09-2024 01:44:00,12.83
11-09-2024 01:54:00,12.81
11-09-2024 02:04:00,12.8
11-09-2024 02:14:00,12.78
11-09-2024 02:24:00,12.77
11-09-2024 02:34:00,12.75
11-09-2024 02:44:00,12.74
11-09-2024 02:54:00,12.72
11-09-2024 03:04:00,12.71
11-09-2024 03:14:00,12.69
11-09-2024 03:24:00,12.68
11-09-2024 03:34:00,12.66
11-09-2024 03:44:00,12.65
11-09-2024 03:54:00,12.63
11-09-2024 04:04:00,12.61
11-09-2024 04:14:00,12.59
11-09-2024 04:24:00,12.58
11-09-2024 04:34:00,12.56
11-09-2024 04:44:00,12.55
11-09-2024 04:54:00,12.54
11-09-2024 05:04:00,12.51
11-09-2024 05:14:00,12.49
11-09-2024 05:24:00,12.47
11-09-2024 05:34:00,12.44
11-09-2024 05:44:00,12.43
11-09-2024 05:54:00,12.41
11-09-2024 06:04:00,12.37
11-09-2024 06:14:00,12.35
11-09-2024 06:24:00,12.33
11-09-2024 06:34:00,12.29
11-09-2024 06:44:00,12.24
11-09-2024 06:54:00,12.22
11-09-2024 07:04:00,12.19
11-09-2024 07:14:00,12.17
11-09-2024 07:24:00,12.15
11-09-2024 07:34:00,12.13
11-09-2024 07:44:00,12.12
11-09-2024 07:54:00,12.11
11-09-2024 08:04:00,12.11
11-09-2024 08:14:00,12.11
11-09-2024 08:24:00,12.12
11-09-2024 08:34:00,12.12
11-09-2024 08:44:00,12.13
11-09-2024 08:54:00,12.15
11-09-2024 09:04:00,12.18
11-09-2024 09:14:00,12.21
11-09-2024 09:24:00,12.24
11-09-2024 09:34:00,12.28
11-09-2024 09:44:00,12.31
11-09-2024 09:54:00,12.35
11-09-2024 10:04:00,12.39
11-09-2024 10:14:00,12.43
11-09-2024 10:24:00,12.48
11-09-2024 10:34:00,12.55
11-09-2024 10:44:00,12.62
11-09-2024 10:54:00,12.68
11-09-2024 11:04:00,12.75
11-09-2024 11:24:00,12.87
11-09-2024 11:34:00,12.93
11-09-2024 11:44:00,12.97
11-09-2024 11:54:00,13.01
11-09-2024 12:04:00,13.04
11-09-2024 12:14:00,13.07
11-09-2024 12:24:00,13.09
11-09-2024 12:34:00,13.11
11-09-2024 12:44:00,13.12
11-09-2024 12:54:00,13.13
11-09-2024 13:04:00,13.15
11-09-2024 13:14:00,13.17
11-09-2024 13:24:00,13.2
11-09-2024 13:34:00,13.22
11-09-2024 13:44:00,13.24
11-09-2024 13:54:00,13.26
11-09-2024 14:04:00,13.29
11-09-2024 14:14:00,13.3
11-09-2024 14:24:00,13.33
11-09-2024 14:34:00,13.35
11-09-2024 14:44:00,13.37
11-09-2024 14:54:00,13.4
11-09-2024 15:04:00,13.43
11-09-2024 15:14:00,13.47
11-09-2024 15:24:00,13.49
11-09-2024 15:34:00,13.53
11-09-2024 15:44:00,13.56
11-09-2024 15:54:00,13.6
11-09-2024 16:04:00,13.65
11-09-2024 16:14:00,13.69
11-09-2024 16:24:00,13.73
11-09-2024 16:34:00,13.77
11-09-2024 16:44:00,13.8
11-09-2024 16:54:00,13.83
11-09-2024 17:04:00,13.85
11-09-2024 17:14:00,13.87
11-09-2024 17:24:00,13.88
11-09-2024 17:34:00,13.89
11-09-2024 17:44:00,13.9
11-09-2024 17:54:00,13.9
11-09-2024 18:04:00,13.9
11-09-2024 18:14:00,13.9
11-09-2024 18:24:00,13.89
11-09-2024 18:34:00,13.88
11-09-2024 18:44:00,13.87
11-09-2024 18:54:00,13.86
11-09-2024 19:04:00,13.84
11-09-2024 19:14:00,13.82
11-09-2024 19:24:00,13.8
11-09-2024 19:34:00,13.78
11-09-2024 19:44:00,13.76
11-09-2024 19:54:00,13.74
11-09-2024 20:04:00,13.71
11-09-2024 20:14:00,13.69
11-09-2024 20:24:00,13.66
11-09-2024 20:34:00,13.63
11-09-2024 20:44:00,13.6
11-09-2024 20:54:00,13.57
11-09-2024 21:04:00,13.55
11-09-2024 21:14:00,13.52
11-09-2024 21:24:00,13.49
11-09-2024 21:34:00,13.47
11-09-2024 21:44:00,13.45
11-09-2024 21:54:00,13.43
11-09-2024 22:04:00,13.41
11-09-2024 22:14:00,13.39
11-09-2024 22:24:00,13.37
11-09-2024 22:34:00,13.36
11-09-2024 22:44:00,13.33
11-09-2024 22:54:00,13.32
11-09-2024 23:04:00,13.31
11-09-2024 23:14:00,13.29
11-09-2024 23:24:00,13.27
11-09-2024 23:34:00,13.25
11-09-2024 23:44:00,13.23
11-09-2024 23:54:00,13.21
11-10-2024 00:04:00,13.2
11-10-2024 00:14:00,13.19
11-10-2024 00:24:00,13.17
11-10-2024 00:34:00,13.16
11-10-2024 00:44:00,13.14
11-10-2024 00:54:00,13.12
11-10-2024 01:04:00,13.09
11-10-2024 01:14:00,13.07
11-10-2024 01:24:00,13.05
11-10-2024 01:34:00,13.03
11-10-2024 01:44:00,13
11-10-2024 01:54:00,12.98
11-10-2024 02:04:00,12.96
11-10-2024 02:14:00,12.93
11-10-2024 02:24:00,12.91
11-10-2024 02:34:00,12.88
11-10-2024 02:44:00,12.87
11-10-2024 02:54:00,12.84
11-10-2024 03:04:00,12.81
11-10-2024 03:14:00,12.79
11-10-2024 03:24:00,12.76
11-10-2024 03:34:00,12.73
11-10-2024 03:44:00,12.72
11-10-2024 03:54:00,12.69
11-10-2024 04:04:00,12.67
11-10-2024 04:14:00,12.65
11-10-2024 04:24:00,12.62
11-10-2024 04:34:00,12.59
11-10-2024 04:44:00,12.56
11-10-2024 04:54:00,12.54
11-10-2024 05:04:00,12.53
11-10-2024 05:14:00,12.51
11-10-2024 05:24:00,12.48
11-10-2024 05:34:00,12.46
11-10-2024 05:44:00,12.44
11-10-2024 05:54:00,12.41
11-10-2024 06:04:00,12.39
11-10-2024 06:14:00,12.35
11-10-2024 06:24:00,12.33
11-10-2024 06:34:00,12.31
11-10-2024 06:44:00,12.29
11-10-2024 06:54:00,12.27
11-10-2024 07:04:00,12.26
11-10-2024 07:14:00,12.24
11-10-2024 07:24:00,12.23
11-10-2024 07:34:00,12.22
11-10-2024 07:44:00,12.2
11-10-2024 07:54:00,12.21
11-10-2024 08:04:00,12.2
11-10-2024 08:14:00,12.21
11-10-2024 08:24:00,12.22
11-10-2024 08:34:00,12.23
11-10-2024 08:44:00,12.24
11-10-2024 08:54:00,12.26
11-10-2024 09:04:00,12.29
11-10-2024 09:14:00,12.31
11-10-2024 09:24:00,12.35
11-10-2024 09:34:00,12.38
11-10-2024 09:44:00,12.41
11-10-2024 09:54:00,12.44
11-10-2024 10:04:00,12.48
11-10-2024 10:14:00,12.53
11-10-2024 10:24:00,12.57
11-10-2024 10:34:00,12.63
11-10-2024 10:44:00,12.7
11-10-2024 10:54:00,12.77
11-10-2024 11:04:00,12.84
11-10-2024 11:14:00,12.89
11-10-2024 11:24:00,12.95
11-10-2024 11:34:00,12.99
11-10-2024 11:44:00,13.03
11-10-2024 11:54:00,13.07
11-10-2024 12:04:00,13.1
11-10-2024 12:14:00,13.14
11-10-2024 12:24:00,13.17
11-10-2024 12:34:00,13.2
11-10-2024 12:44:00,13.22
11-10-2024 12:54:00,13.24
11-10-2024 13:04:00,13.26
11-10-2024 13:14:00,13.28
11-10-2024 13:24:00,13.3
11-10-2024 13:34:00,13.33
11-10-2024 13:44:00,13.35
11-10-2024 13:54:00,13.38
11-10-2024 14:04:00,13.41
11-10-2024 14:14:00,13.44
11-10-2024 14:24:00,13.47
11-10-2024 14:34:00,13.5
11-10-2024 14:44:00,13.53
11-10-2024 14:54:00,13.56
11-10-2024 15:04:00,13.59
11-10-2024 15:14:00,13.62
11-10-2024 15:24:00,13.65
11-10-2024 15:34:00,13.7
11-10-2024 15:44:00,13.73
11-10-2024 15:54:00,13.78
11-10-2024 16:04:00,13.82
11-10-2024 16:14:00,13.86
11-10-2024 16:24:00,13.89
11-10-2024 16:34:00,13.92
11-10-2024 16:44:00,13.94
11-10-2024 16:54:00,13.95
11-10-2024 17:04:00,13.97
11-10-2024 17:14:00,13.98
11-10-2024 17:24:00,14
11-10-2024 17:34:00,14.01
11-10-2024 17:44:00,14.02
11-10-2024 17:54:00,14.03
11-10-2024 18:04:00,14.05
11-10-2024 18:14:00,14.05
11-10-2024 18:24:00,14.05
11-10-2024 18:34:00,14.06
11-10-2024 18:44:00,14.07
11-10-2024 18:54:00,14.07
11-10-2024 19:04:00,14.07
11-10-2024 19:14:00,14.07
11-10-2024 19:24:00,14.07
11-10-2024 19:34:00,14.07
11-10-2024 19:44:00,14.06
11-10-2024 19:54:00,14.06
11-10-2024 20:04:00,14.06
11-10-2024 20:14:00,14.05
11-10-2024 20:24:00,14.04
11-10-2024 20:34:00,14.03
11-10-2024 20:44:00,14.02
11-10-2024 20:54:00,14
11-10-2024 21:04:00,14
11-10-2024 21:14:00,13.98
11-10-2024 21:24:00,13.97
11-10-2024 21:34:00,13.95
11-10-2024 21:44:00,13.95
11-10-2024 21:54:00,13.93
11-10-2024 22:04:00,13.92
11-10-2024 22:14:00,13.91
11-10-2024 22:24:00,13.9
11-10-2024 22:34:00,13.89
11-10-2024 22:44:00,13.89
11-10-2024 22:54:00,13.88
11-10-2024 23:04:00,13.87
11-10-2024 23:14:00,13.86
11-10-2024 23:24:00,13.85
11-10-2024 23:34:00,13.84
11-10-2024 23:44:00,13.83
11-10-2024 23:54:00,13.81
11-11-2024 00:04:00,13.81
11-11-2024 00:14:00,13.8
11-11-2024 00:24:00,13.78
11-11-2024 00:34:00,13.77
11-11-2024 00:44:00,13.76
11-11-2024 00:54:00,13.76
11-11-2024 01:04:00,13.74
11-11-2024 01:14:00,13.74
11-11-2024 01:24:00,13.72
11-11-2024 01:34:00,13.7
11-11-2024 01:44:00,13.69
11-11-2024 01:54:00,13.67
11-11-2024 02:04:00,13.64
11-11-2024 02:14:00,13.63
11-11-2024 02:24:00,13.61
11-11-2024 02:34:00,13.58
11-11-2024 02:44:00,13.55
11-11-2024 02:54:00,13.53
11-11-2024 03:04:00,13.5
11-11-2024 03:14:00,13.47
11-11-2024 03:24:00,13.43
11-11-2024 03:34:00,13.39
11-11-2024 03:44:00,13.36
11-11-2024 03:54:00,13.33
11-11-2024 04:04:00,13.3
11-11-2024 04:14:00,13.26
11-11-2024 04:24:00,13.23
11-11-2024 04:34:00,13.21
11-11-2024 04:44:00,13.17
11-11-2024 04:54:00,13.15
11-11-2024 05:04:00,13.12
11-11-2024 05:14:00,13.09
11-11-2024 05:24:00,13.05
11-11-2024 05:34:00,13.03
11-11-2024 05:44:00,13
11-11-2024 05:54:00,12.98
11-11-2024 06:04:00,12.95
11-11-2024 06:14:00,12.93
11-11-2024 06:24:00,12.89
11-11-2024 06:34:00,12.87
11-11-2024 06:44:00,12.85
11-11-2024 06:54:00,12.82
11-11-2024 07:04:00,12.79
11-11-2024 07:14:00,12.76
11-11-2024 07:24:00,12.74
11-11-2024 07:34:00,12.73
11-11-2024 07:44:00,12.71
11-11-2024 07:54:00,12.7
11-11-2024 08:04:00,12.69
11-11-2024 08:14:00,12.7
11-11-2024 08:24:00,12.69
11-11-2024 08:34:00,12.7
11-11-2024 08:44:00,12.71
11-11-2024 08:54:00,12.73
11-11-2024 09:04:00,12.75
11-11-2024 09:14:00,12.79
11-11-2024 09:24:00,12.82
11-11-2024 09:34:00,12.86
11-11-2024 09:44:00,12.9
11-11-2024 09:54:00,12.95
11-11-2024 10:04:00,12.99
11-11-2024 10:14:00,13.05
11-11-2024 10:24:00,13.11
11-11-2024 10:34:00,13.18
11-11-2024 10:44:00,13.25
11-11-2024 10:54:00,13.32
11-11-2024 11:04:00,13.39
11-11-2024 11:14:00,13.46
11-11-2024 11:24:00,13.51
11-11-2024 11:34:00,13.56
11-11-2024 11:44:00,13.61
11-11-2024 11:54:00,13.65
11-11-2024 12:04:00,13.69
11-11-2024 12:14:00,13.72
11-11-2024 12:24:00,13.75
11-11-2024 12:34:00,13.77
11-11-2024 12:44:00,13.8
11-11-2024 12:54:00,13.83
11-11-2024 13:04:00,13.86
11-11-2024 13:14:00,13.88
11-11-2024 13:24:00,13.9
11-11-2024 13:34:00,13.93
11-11-2024 13:54:00,13.97
11-11-2024 14:04:00,13.99
11-11-2024 14:14:00,14.01
11-11-2024 14:24:00,14.03
11-11-2024 14:34:00,14.05
11-11-2024 14:44:00,14.06
11-11-2024 14:54:00,14.08
11-11-2024 15:04:00,14.11
11-11-2024 15:14:00,14.14
11-11-2024 15:24:00,14.18
11-11-2024 15:34:00,14.21
11-11-2024 15:44:00,14.25
11-11-2024 15:54:00,14.28
11-11-2024 16:04:00,14.32
11-11-2024 16:14:00,14.35
11-11-2024 16:24:00,14.38
11-11-2024 16:34:00,14.41
11-11-2024 16:44:00,14.44
11-11-2024 16:54:00,14.46
11-11-2024 17:04:00,14.47
11-11-2024 17:14:00,14.49
11-11-2024 17:24:00,14.5
11-11-2024 17:34:00,14.51
11-11-2024 17:44:00,14.51
11-11-2024 17:54:00,14.52
11-11-2024 18:04:00,14.52
11-11-2024 18:14:00,14.53
11-11-2024 18:24:00,14.53
11-11-2024 18:34:00,14.53
11-11-2024 18:44:00,14.54
11-11-2024 18:54:00,14.54
11-11-2024 19:04:00,14.54
11-11-2024 19:14:00,14.54
11-11-2024 19:24:00,14.55
11-11-2024 19:34:00,14.54
11-11-2024 19:44:00,14.54
11-11-2024 19:54:00,14.54
11-11-2024 20:04:00,14.53
11-11-2024 20:14:00,14.52
11-11-2024 20:24:00,14.51
11-11-2024 20:34:00,14.49
11-11-2024 20:44:00,14.48
11-11-2024 20:54:00,14.46
11-11-2024 21:04:00,14.45
11-11-2024 21:14:00,14.43
11-11-2024 21:24:00,14.42
11-11-2024 21:34:00,14.41
11-11-2024 21:44:00,14.4
11-11-2024 21:54:00,14.39
11-11-2024 22:04:00,14.39
11-11-2024 22:14:00,14.38
11-11-2024 22:24:00,14.37
11-11-2024 22:34:00,14.38
11-11-2024 22:44:00,14.37
11-11-2024 22:54:00,14.37
11-11-2024 23:04:00,14.38
11-11-2024 23:14:00,14.38
11-11-2024 23:24:00,14.38
11-11-2024 23:34:00,14.38
11-11-2024 23:44:00,14.38
11-11-2024 23:54:00,14.38
11-12-2024 00:04:00,14.38
11-12-2024 00:14:00,14.38
11-12-2024 00:24:00,14.38
11-12-2024 00:34:00,14.39
11-12-2024 00:44:00,14.4
11-12-2024 00:54:00,14.4
11-12-2024 01:04:00,14.41
11-12-2024 01:14:00,14.42
11-12-2024 01:24:00,14.42
11-12-2024 01:34:00,14.42
11-12-2024 01:44:00,14.43
11-12-2024 01:54:00,14.42
11-12-2024 02:04:00,14.43
11-12-2024 02:14:00,14.44
11-12-2024 02:24:00,14.44
11-12-2024 02:34:00,14.44
11-12-2024 02:44:00,14.45
11-12-2024 02:54:00,14.45
11-12-2024 03:04:00,14.45
11-12-2024 03:14:00,14.45
11-12-2024 03:24:00,14.44
11-12-2024 03:34:00,14.44
11-12-2024 03:44:00,14.42
11-12-2024 03:54:00,14.43
11-12-2024 04:04:00,14.42
11-12-2024 04:14:00,14.41
11-12-2024 04:24:00,14.4
11-12-2024 04:34:00,14.39
11-12-2024 04:44:00,14.38
11-12-2024 04:54:00,14.37
11-12-2024 05:04:00,14.36
11-12-2024 05:14:00,14.35
11-12-2024 05:24:00,14.35
11-12-2024 05:34:00,14.34
11-12-2024 05:44:00,14.33
11-12-2024 05:54:00,14.31
11-12-2024 06:04:00,14.3
11-12-2024 06:14:00,14.28
11-12-2024 06:24:00,14.26
11-12-2024 06:34:00,14.25
11-12-2024 06:44:00,14.22
11-12-2024 06:54:00,14.2
11-12-2024 07:04:00,14.18
11-12-2024 07:14:00,14.16
11-12-2024 07:24:00,14.14
11-12-2024 07:34:00,14.12
11-12-2024 07:44:00,14.1
11-12-2024 07:54:00,14.09
11-12-2024 08:04:00,14.05
11-12-2024 08:14:00,14.05
11-12-2024 08:24:00,14.05
11-12-2024 08:34:00,14.05
11-12-2024 08:44:00,14.05
11-12-2024 08:54:00,14.06
11-12-2024 09:04:00,14.09
11-12-2024 09:14:00,14.11
11-12-2024 09:24:00,14.13
11-12-2024 09:34:00,14.15
11-12-2024 09:44:00,14.18
11-12-2024 09:54:00,14.21
11-12-2024 10:04:00,14.25
11-12-2024 10:14:00,14.29
11-12-2024 10:24:00,14.35
11-12-2024 10:34:00,14.39
11-12-2024 10:44:00,14.46
11-12-2024 10:54:00,14.54
11-12-2024 11:04:00,14.62
11-12-2024 11:14:00,14.68
11-12-2024 11:24:00,14.75
11-12-2024 11:34:00,14.81
11-12-2024 11:44:00,14.86
11-12-2024 11:54:00,14.91
11-12-2024 12:04:00,14.97
11-12-2024 12:14:00,15.01
11-12-2024 12:24:00,15.06
11-12-2024 12:34:00,15.1
11-12-2024 12:44:00,15.14
11-12-2024 12:54:00,15.19
11-12-2024 13:04:00,15.23
11-12-2024 13:14:00,15.27
11-12-2024 13:24:00,15.31
11-12-2024 13:34:00,15.35
11-12-2024 13:44:00,15.38
11-12-2024 13:54:00,15.41
11-12-2024 14:04:00,15.44
11-12-2024 14:14:00,15.45
11-12-2024 14:24:00,15.46
11-12-2024 14:34:00,15.48
11-12-2024 14:44:00,15.5
11-12-2024 14:54:00,15.51
11-12-2024 15:04:00,15.53
11-12-2024 15:14:00,15.55
11-12-2024 15:24:00,15.55
11-12-2024 15:34:00,15.58
11-12-2024 15:44:00,15.59
11-12-2024 15:54:00,15.6
11-12-2024 16:04:00,15.62
11-12-2024 16:14:00,15.63
11-12-2024 16:24:00,15.63
11-12-2024 16:34:00,15.63
11-12-2024 16:44:00,15.63
11-12-2024 16:54:00,15.63
11-12-2024 17:04:00,15.64
11-12-2024 17:14:00,15.63
11-12-2024 17:24:00,15.64
11-12-2024 17:34:00,15.63
11-12-2024 17:44:00,15.62
11-12-2024 17:54:00,15.62
11-12-2024 18:04:00,15.6
11-12-2024 18:14:00,15.58
11-12-2024 18:24:00,15.57
11-12-2024 18:34:00,15.56
11-12-2024 18:44:00,15.54
11-12-2024 18:54:00,15.51
11-12-2024 19:04:00,15.49
11-12-2024 19:14:00,15.47
11-12-2024 19:24:00,15.45
11-12-2024 19:34:00,15.42
11-12-2024 19:44:00,15.39
11-12-2024 19:54:00,15.36
11-12-2024 20:04:00,15.34
11-12-2024 20:14:00,15.31
11-12-2024 20:24:00,15.27
11-12-2024 20:34:00,15.24
11-12-2024 20:44:00,15.21
11-12-2024 20:54:00,15.17
11-12-2024 21:04:00,15.14
11-12-2024 21:14:00,15.11
11-12-2024 21:24:00,15.09
11-12-2024 21:34:00,15.05
11-12-2024 21:44:00,15.03
11-12-2024 21:54:00,15
11-12-2024 22:04:00,14.96
11-12-2024 22:14:00,14.93
11-12-2024 22:24:00,14.9
11-12-2024 22:34:00,14.87
11-12-2024 22:44:00,14.85
11-12-2024 22:54:00,14.83
11-12-2024 23:04:00,14.81
11-12-2024 23:14:00,14.77
11-12-2024 23:24:00,14.75
11-12-2024 23:34:00,14.73
11-12-2024 23:44:00,14.69
11-12-2024 23:54:00,14.67
11-13-2024 00:04:00,14.65
11-13-2024 00:14:00,14.62
11-13-2024 00:24:00,14.6
11-13-2024 00:34:00,14.58
11-13-2024 00:44:00,14.56
11-13-2024 00:54:00,14.54
11-13-2024 01:04:00,14.51
11-13-2024 01:14:00,14.47
11-13-2024 01:24:00,14.46
11-13-2024 01:34:00,14.45
11-13-2024 01:44:00,14.42
11-13-2024 01:54:00,14.38
11-13-2024 02:04:00,14.35
11-13-2024 02:14:00,14.33
11-13-2024 02:24:00,14.3
11-13-2024 02:34:00,14.27
11-13-2024 02:44:00,14.25
11-13-2024 02:54:00,14.22
11-13-2024 03:04:00,14.19
11-13-2024 03:14:00,14.16
11-13-2024 03:24:00,14.14
11-13-2024 03:34:00,14.11
11-13-2024 03:44:00,14.08
11-13-2024 03:54:00,14.05
11-13-2024 04:04:00,14.03
11-13-2024 04:14:00,14
11-13-2024 04:24:00,13.97
11-13-2024 04:34:00,13.95
11-13-2024 04:44:00,13.91
11-13-2024 04:54:00,13.88
11-13-2024 05:04:00,13.85
11-13-2024 05:14:00,13.83
11-13-2024 05:24:00,13.81
11-13-2024 05:34:00,13.79
11-13-2024 05:44:00,13.76
11-13-2024 05:54:00,13.72
11-13-2024 06:04:00,13.7
11-13-2024 06:14:00,13.67
11-13-2024 06:24:00,13.64
11-13-2024 06:34:00,13.62
11-13-2024 06:44:00,13.59
11-13-2024 06:54:00,13.56
11-13-2024 07:04:00,13.53
11-13-2024 07:14:00,13.5
11-13-2024 07:24:00,13.47
11-13-2024 07:34:00,13.46
11-13-2024 07:44:00,13.42
11-13-2024 07:54:00,13.4
11-13-2024 08:04:00,13.39
11-13-2024 08:14:00,13.38
11-13-2024 08:24:00,13.37
11-13-2024 08:34:00,13.36
11-13-2024 08:44:00,13.37
11-13-2024 08:54:00,13.38
11-13-2024 09:04:00,13.4
11-13-2024 09:14:00,13.42
11-13-2024 09:24:00,13.43
11-13-2024 09:34:00,13.46
11-13-2024 09:44:00,13.49
11-13-2024 09:54:00,13.51
11-13-2024 10:04:00,13.53
11-13-2024 10:14:00,13.57
11-13-2024 10:24:00,13.61
11-13-2024 10:34:00,13.65
11-13-2024 10:44:00,13.71
11-13-2024 10:54:00,13.77
11-13-2024 11:04:00,13.83
11-13-2024 11:14:00,13.88
11-13-2024 11:24:00,13.93
11-13-2024 11:34:00,13.96
11-13-2024 11:44:00,13.99
11-13-2024 11:54:00,14.02
11-13-2024 12:04:00,14.05
11-13-2024 12:14:00,14.07
11-13-2024 12:24:00,14.1
11-13-2024 12:34:00,14.12
11-13-2024 12:44:00,14.14
11-13-2024 12:54:00,14.17
11-13-2024 13:04:00,14.18
11-13-2024 13:14:00,14.21
11-13-2024 13:24:00,14.24
11-13-2024 13:34:00,14.25
11-13-2024 13:44:00,14.27
11-13-2024 13:54:00,14.29
11-13-2024 14:04:00,14.31
11-13-2024 14:14:00,14.32
11-13-2024 14:24:00,14.33
11-13-2024 14:34:00,14.34
11-13-2024 14:44:00,14.35
11-13-2024 14:54:00,14.37
11-13-2024 15:04:00,14.4
11-13-2024 15:14:00,14.41
11-13-2024 15:24:00,14.43
11-13-2024 15:34:00,14.43
11-13-2024 15:44:00,14.44
11-13-2024 15:54:00,14.44
11-13-2024 16:04:00,14.44
11-13-2024 16:14:00,14.44
11-13-2024 16:24:00,14.44
11-13-2024 16:34:00,14.44
11-13-2024 16:44:00,14.44
11-13-2024 16:54:00,14.43
11-13-2024 17:04:00,14.43
11-13-2024 17:14:00,14.44
11-13-2024 17:24:00,14.44
11-13-2024 17:34:00,14.44
11-13-2024 17:44:00,14.44
11-13-2024 17:54:00,14.45
11-13-2024 18:04:00,14.44
11-13-2024 18:14:00,14.43
11-13-2024 18:24:00,14.42
11-13-2024 18:34:00,14.4
11-13-2024 18:44:00,14.38
11-13-2024 18:54:00,14.35
11-13-2024 19:04:00,14.33
11-13-2024 19:14:00,14.31
11-13-2024 19:24:00,14.28
11-13-2024 19:34:00,14.26
11-13-2024 19:44:00,14.23
11-13-2024 19:54:00,14.2
11-13-2024 20:04:00,14.16
11-13-2024 20:14:00,14.14
11-13-2024 20:24:00,14.11
11-13-2024 20:34:00,14.07
11-13-2024 20:44:00,14.03
11-13-2024 20:54:00,14
11-13-2024 21:04:00,13.97
11-13-2024 21:14:00,13.93
11-13-2024 21:24:00,13.9
11-13-2024 21:34:00,13.87
11-13-2024 21:44:00,13.84
11-13-2024 21:54:00,13.82
11-13-2024 22:04:00,13.79
11-13-2024 22:14:00,13.77
11-13-2024 22:24:00,13.76
11-13-2024 22:34:00,13.74
11-13-2024 22:44:00,13.71
11-13-2024 22:54:00,13.68
11-13-2024 23:04:00,13.67
11-13-2024 23:14:00,13.65
11-13-2024 23:24:00,13.64
11-13-2024 23:34:00,13.63
11-13-2024 23:44:00,13.62
11-13-2024 23:54:00,13.61
11-14-2024 00:04:00,13.6
11-14-2024 00:14:00,13.58
11-14-2024 00:24:00,13.56
11-14-2024 00:34:00,13.54
11-14-2024 00:44:00,13.52
11-14-2024 00:54:00,13.5
11-14-2024 01:04:00,13.49
11-14-2024 01:14:00,13.47
11-14-2024 01:24:00,13.45
11-14-2024 01:34:00,13.43
11-14-2024 01:44:00,13.42
11-14-2024 01:54:00,13.39
11-14-2024 02:04:00,13.37
11-14-2024 02:14:00,13.35
11-14-2024 02:24:00,13.33
11-14-2024 02:34:00,13.3
11-14-2024 02:44:00,13.28
11-14-2024 02:54:00,13.25
11-14-2024 03:04:00,13.24
11-14-2024 03:14:00,13.21
11-14-2024 03:24:00,13.19
11-14-2024 03:34:00,13.16
11-14-2024 03:44:00,13.14
11-14-2024 03:54:00,13.12
11-14-2024 04:14:00,13.06
11-14-2024 04:24:00,13.03
11-14-2024 04:34:00,13
11-14-2024 04:44:00,12.97
11-14-2024 04:54:00,12.95
11-14-2024 05:04:00,12.93
11-14-2024 05:14:00,12.91
11-14-2024 05:24:00,12.88
11-14-2024 05:34:00,12.86
11-14-2024 05:44:00,12.83
11-14-2024 05:54:00,12.81
11-14-2024 06:04:00,12.78
11-14-2024 06:14:00,12.75
11-14-2024 06:24:00,12.72
11-14-2024 06:34:00,12.69
11-14-2024 06:44:00,12.68
11-14-2024 06:54:00,12.65
11-14-2024 07:04:00,12.62
11-14-2024 07:14:00,12.6
11-14-2024 07:24:00,12.58
11-14-2024 07:34:00,12.57
11-14-2024 07:44:00,12.55
11-14-2024 07:54:00,12.53
11-14-2024 08:04:00,12.52
11-14-2024 08:14:00,12.52
11-14-2024 08:24:00,12.52
11-14-2024 08:34:00,12.53
11-14-2024 08:44:00,12.53
11-14-2024 08:54:00,12.55
11-14-2024 09:04:00,12.56
11-14-2024 09:14:00,12.57
11-14-2024 09:24:00,12.58
11-14-2024 09:34:00,12.6
11-14-2024 09:44:00,12.62
11-14-2024 09:54:00,12.65
11-14-2024 10:04:00,12.68
11-14-2024 10:14:00,12.72
11-14-2024 10:24:00,12.76
11-14-2024 10:34:00,12.82
11-14-2024 10:44:00,12.87
11-14-2024 10:54:00,12.93
11-14-2024 11:04:00,12.99
11-14-2024 11:14:00,13.05
11-14-2024 11:24:00,13.1
11-14-2024 11:34:00,13.15
11-14-2024 11:44:00,13.17
11-14-2024 11:54:00,13.21
11-14-2024 12:04:00,13.24
11-14-2024 12:14:00,13.26
11-14-2024 12:24:00,13.28
11-14-2024 12:34:00,13.27
11-14-2024 12:44:00,13.27
11-14-2024 12:54:00,13.28
11-14-2024 13:04:00,13.29
11-14-2024 13:14:00,13.31
11-14-2024 13:24:00,13.34
11-14-2024 13:34:00,13.36
11-14-2024 13:44:00,13.41
11-14-2024 13:54:00,13.44
11-14-2024 14:04:00,13.47
11-14-2024 14:14:00,13.52
11-14-2024 14:24:00,13.55
11-14-2024 14:34:00,13.6
11-14-2024 14:44:00,13.64
11-14-2024 14:54:00,13.69
11-14-2024 15:04:00,13.75
11-14-2024 15:14:00,13.81
11-14-2024 15:24:00,13.86
11-14-2024 15:34:00,13.92
11-14-2024 15:44:00,13.97
11-14-2024 15:54:00,14.02
11-14-2024 16:04:00,14.06
11-14-2024 16:14:00,14.1
11-14-2024 16:24:00,14.14
11-14-2024 16:34:00,14.17
11-14-2024 16:44:00,14.21
11-14-2024 16:54:00,14.23
11-14-2024 17:04:00,14.25
11-14-2024 17:14:00,14.27
11-14-2024 17:24:00,14.29
11-14-2024 17:34:00,14.31
11-14-2024 17:44:00,14.32
11-14-2024 17:54:00,14.33
11-14-2024 18:04:00,14.35
11-14-2024 18:14:00,14.35
11-14-2024 18:24:00,14.36
11-14-2024 18:34:00,14.37
11-14-2024 18:44:00,14.37
11-14-2024 18:54:00,14.38
11-14-2024 19:04:00,14.38
11-14-2024 19:14:00,14.38
11-14-2024 19:24:00,14.38
11-14-2024 19:34:00,14.38
11-14-2024 19:44:00,14.37
11-14-2024 19:54:00,14.37
11-14-2024 20:04:00,14.37
11-14-2024 20:14:00,14.36
11-14-2024 20:24:00,14.36
11-14-2024 20:34:00,14.37
11-14-2024 20:44:00,14.37
11-14-2024 20:54:00,14.37
11-14-2024 21:04:00,14.38
11-14-2024 21:14:00,14.38
11-14-2024 21:24:00,14.39
11-14-2024 21:34:00,14.4
11-14-2024 21:44:00,14.41
11-14-2024 21:54:00,14.41
11-14-2024 22:04:00,14.42
11-14-2024 22:14:00,14.43
11-14-2024 22:24:00,14.44
11-14-2024 22:34:00,14.44
11-14-2024 22:44:00,14.44
11-14-2024 22:54:00,14.44
11-14-2024 23:04:00,14.45
11-14-2024 23:14:00,14.44
11-14-2024 23:24:00,14.44
11-14-2024 23:34:00,14.43
11-14-2024 23:44:00,14.42
11-14-2024 23:54:00,14.42
11-15-2024 00:04:00,14.42
11-15-2024 00:14:00,14.41
11-15-2024 00:24:00,14.4
11-15-2024 00:34:00,14.4
11-15-2024 00:44:00,14.38
11-15-2024 00:54:00,14.37
11-15-2024 01:04:00,14.36
11-15-2024 01:14:00,14.34
11-15-2024 01:24:00,14.34
11-15-2024 01:44:00,14.32
11-15-2024 01:54:00,14.29
11-15-2024 02:04:00,14.28
11-15-2024 02:14:00,14.26
11-15-2024 02:24:00,14.26
11-15-2024 02:34:00,14.24
11-15-2024 02:44:00,14.23
11-15-2024 02:54:00,14.2
11-15-2024 03:04:00,14.17
11-15-2024 03:14:00,14.14
11-15-2024 03:24:00,14.12
11-15-2024 03:34:00,14.08
11-15-2024 03:44:00,14.07
11-15-2024 03:54:00,14.05
11-15-2024 04:04:00,14.05
11-15-2024 04:14:00,14.04
11-15-2024 04:24:00,14.03
11-15-2024 04:34:00,14.02
11-15-2024 04:44:00,14.01
11-15-2024 04:54:00,14.01
11-15-2024 05:04:00,14
11-15-2024 05:14:00,13.98
11-15-2024 05:24:00,13.98
11-15-2024 05:34:00,13.97
11-15-2024 05:44:00,13.96
11-15-2024 05:54:00,13.96
11-15-2024 06:04:00,13.96
11-15-2024 06:14:00,13.94
11-15-2024 06:24:00,13.93
11-15-2024 06:34:00,13.92
11-15-2024 06:44:00,13.9
11-15-2024 06:54:00,13.88
11-15-2024 07:04:00,13.87
11-15-2024 07:14:00,13.85
11-15-2024 07:24:00,13.84
11-15-2024 07:34:00,13.83
11-15-2024 07:44:00,13.83
11-15-2024 07:54:00,13.83
11-15-2024 08:04:00,13.83
11-15-2024 08:14:00,13.84
11-15-2024 08:24:00,13.85
11-15-2024 08:34:00,13.85
11-15-2024 08:44:00,13.86
11-15-2024 08:54:00,13.86
11-15-2024 09:04:00,13.88
11-15-2024 09:14:00,13.9
11-15-2024 09:24:00,13.92
11-15-2024 09:34:00,13.93
11-15-2024 09:44:00,13.95
11-15-2024 09:54:00,13.98
11-15-2024 10:04:00,14.01
11-15-2024 10:14:00,14.05
11-15-2024 10:24:00,14.09
11-15-2024 10:34:00,14.15
11-15-2024 10:44:00,14.21
11-15-2024 10:54:00,14.26
11-15-2024 11:04:00,14.31
11-15-2024 11:14:00,14.35
11-15-2024 11:24:00,14.37
11-15-2024 11:34:00,14.4
11-15-2024 11:44:00,14.42
11-15-2024 11:54:00,14.44
11-15-2024 12:04:00,14.47
11-15-2024 12:14:00,14.5
11-15-2024 12:24:00,14.52
11-15-2024 12:34:00,14.55
11-15-2024 12:44:00,14.61
11-15-2024 12:54:00,14.65
11-15-2024 13:04:00,14.68
11-15-2024 13:14:00,14.71
11-15-2024 13:24:00,14.74
11-15-2024 13:34:00,14.77
11-15-2024 13:44:00,14.8
11-15-2024 13:54:00,14.82
11-15-2024 14:04:00,14.85
11-15-2024 14:14:00,14.87
11-15-2024 14:24:00,14.9
11-15-2024 14:34:00,14.93
11-15-2024 14:44:00,14.95
11-15-2024 14:54:00,14.97
11-15-2024 15:04:00,14.99
11-15-2024 15:14:00,15
11-15-2024 15:24:00,15
11-15-2024 15:34:00,15.02
11-15-2024 15:44:00,15.02
11-15-2024 15:54:00,15.03
11-15-2024 16:04:00,15.04
11-15-2024 16:14:00,15.04
11-15-2024 16:24:00,15.04
11-15-2024 16:34:00,15.03
11-15-2024 16:44:00,15.04
11-15-2024 16:54:00,15.03
11-15-2024 17:04:00,15.03
11-15-2024 17:14:00,15.03
11-15-2024 17:24:00,15.03
11-15-2024 17:34:00,15.02
11-15-2024 17:44:00,15.02
11-15-2024 17:54:00,15.01
11-15-2024 18:04:00,15.01
11-15-2024 18:14:00,14.99
11-15-2024 18:24:00,14.99
11-15-2024 18:34:00,14.98
11-15-2024 18:44:00,14.97
11-15-2024 18:54:00,14.96
11-15-2024 19:04:00,14.95
11-15-2024 19:14:00,14.94
11-15-2024 19:24:00,14.93
11-15-2024 19:34:00,14.9
11-15-2024 19:44:00,14.89
11-15-2024 19:54:00,14.88
11-15-2024 20:04:00,14.86
11-15-2024 20:14:00,14.85
11-15-2024 20:24:00,14.82
11-15-2024 20:34:00,14.81
11-15-2024 20:44:00,14.79
11-15-2024 20:54:00,14.78
11-15-2024 21:04:00,14.75
11-15-2024 21:14:00,14.75
11-15-2024 21:24:00,14.73
11-15-2024 21:34:00,14.73
11-15-2024 21:44:00,14.72
11-15-2024 21:54:00,14.71
11-15-2024 22:04:00,14.69
11-15-2024 22:14:00,14.68
11-15-2024 22:24:00,14.67
11-15-2024 22:34:00,14.67
11-15-2024 22:44:00,14.65
11-15-2024 22:54:00,14.63
11-15-2024 23:04:00,14.62
11-15-2024 23:14:00,14.6
11-15-2024 23:24:00,14.58
11-15-2024 23:34:00,14.55
11-15-2024 23:44:00,14.53
11-15-2024 23:54:00,14.51
11-16-2024 00:04:00,14.49
11-16-2024 00:14:00,14.47
11-16-2024 00:24:00,14.45
11-16-2024 00:34:00,14.42
11-16-2024 00:44:00,14.4
11-16-2024 00:54:00,14.37
11-16-2024 01:04:00,14.34
11-16-2024 01:14:00,14.3
11-16-2024 01:24:00,14.28
11-16-2024 01:34:00,14.24
11-16-2024 01:44:00,14.22
11-16-2024 01:54:00,14.17
11-16-2024 02:04:00,14.14
11-16-2024 02:14:00,14.1
11-16-2024 02:24:00,14.06
11-16-2024 02:34:00,14.03
11-16-2024 02:44:00,13.99
11-16-2024 02:54:00,13.96
11-16-2024 03:04:00,13.94
11-16-2024 03:14:00,13.9
11-16-2024 03:24:00,13.87
11-16-2024 03:34:00,13.85
11-16-2024 03:44:00,13.83
11-16-2024 03:54:00,13.81
11-16-2024 04:04:00,13.79
11-16-2024 04:14:00,13.76
11-16-2024 04:24:00,13.73
11-16-2024 04:34:00,13.71
11-16-2024 04:44:00,13.69
11-16-2024 04:54:00,13.66
11-16-2024 05:04:00,13.64
11-16-2024 05:14:00,13.62
11-16-2024 05:24:00,13.59
11-16-2024 05:34:00,13.56
11-16-2024 05:44:00,13.52
11-16-2024 05:54:00,13.5
11-16-2024 06:04:00,13.46
11-16-2024 06:14:00,13.41
11-16-2024 06:24:00,13.36
11-16-2024 06:34:00,13.32
11-16-2024 06:44:00,13.28
11-16-2024 06:54:00,13.24
11-16-2024 07:04:00,13.19
11-16-2024 07:14:00,13.17
11-16-2024 07:24:00,13.13
11-16-2024 07:34:00,13.1
11-16-2024 07:44:00,13.08
11-16-2024 07:54:00,13.06
11-16-2024 08:04:00,13.04
11-16-2024 08:14:00,13.03
11-16-2024 08:24:00,13.03
11-16-2024 08:34:00,13.04
11-16-2024 08:44:00,13.06
11-16-2024 08:54:00,13.07
11-16-2024 09:04:00,13.09
11-16-2024 09:14:00,13.1
11-16-2024 09:24:00,13.11
11-16-2024 09:34:00,13.12
11-16-2024 09:44:00,13.14
11-16-2024 09:54:00,13.16
11-16-2024 10:04:00,13.19
11-16-2024 10:14:00,13.21
11-16-2024 10:24:00,13.25
11-16-2024 10:34:00,13.28
11-16-2024 10:44:00,13.3
11-16-2024 10:54:00,13.33
11-16-2024 11:04:00,13.36
11-16-2024 11:14:00,13.4
11-16-2024 11:24:00,13.44
11-16-2024 11:34:00,13.47
11-16-2024 11:44:00,13.51
11-16-2024 11:54:00,13.54
11-16-2024 12:04:00,13.57
11-16-2024 12:14:00,13.6
11-16-2024 12:24:00,13.64
11-16-2024 12:34:00,13.66
11-16-2024 12:44:00,13.7
11-16-2024 12:54:00,13.74
11-16-2024 13:04:00,13.76
11-16-2024 13:14:00,13.79
11-16-2024 13:24:00,13.82
11-16-2024 13:34:00,13.85
11-16-2024 13:44:00,13.86
11-16-2024 13:54:00,13.89
11-16-2024 14:04:00,13.91
11-16-2024 14:14:00,13.93
11-16-2024 14:24:00,13.94
11-16-2024 14:34:00,13.96
11-16-2024 14:44:00,13.98
11-16-2024 14:54:00,13.98
11-16-2024 15:04:00,14
11-16-2024 15:14:00,14.01
11-16-2024 15:24:00,14.02
11-16-2024 15:34:00,14.03
11-16-2024 15:44:00,14.04
11-16-2024 15:54:00,14.06
11-16-2024 16:04:00,14.07
11-16-2024 16:14:00,14.09
11-16-2024 16:24:00,14.09
11-16-2024 16:34:00,14.09
11-16-2024 16:44:00,14.1
11-16-2024 16:54:00,14.09
11-16-2024 17:04:00,14.09
11-16-2024 17:14:00,14.09
11-16-2024 17:24:00,14.08
11-16-2024 17:34:00,14.08
11-16-2024 17:44:00,14.07
11-16-2024 17:54:00,14.06
11-16-2024 18:04:00,14.06
11-16-2024 18:14:00,14.06
11-16-2024 18:24:00,14.07
11-16-2024 18:34:00,14.05
11-16-2024 18:44:00,14.04
11-16-2024 18:54:00,14.02
11-16-2024 19:04:00,13.99
11-16-2024 19:14:00,13.96
11-16-2024 19:24:00,13.94
11-16-2024 19:34:00,13.91
11-16-2024 19:44:00,13.88
11-16-2024 19:54:00,13.85
11-16-2024 20:04:00,13.81
11-16-2024 20:14:00,13.78
11-16-2024 20:24:00,13.74
11-16-2024 20:34:00,13.71
11-16-2024 20:44:00,13.67
11-16-2024 20:54:00,13.64
11-16-2024 21:04:00,13.6
11-16-2024 21:14:00,13.57
11-16-2024 21:24:00,13.54
11-16-2024 21:34:00,13.51
11-16-2024 21:44:00,13.49
11-16-2024 21:54:00,13.48
11-16-2024 22:04:00,13.45
11-16-2024 22:14:00,13.42
11-16-2024 22:24:00,13.41
11-16-2024 22:34:00,13.38
11-16-2024 22:44:00,13.36
11-16-2024 22:54:00,13.35
11-16-2024 23:04:00,13.33
11-16-2024 23:14:00,13.31
11-16-2024 23:24:00,13.28
11-16-2024 23:34:00,13.27
11-16-2024 23:44:00,13.25
11-16-2024 23:54:00,13.23
11-17-2024 00:04:00,13.21
11-17-2024 00:14:00,13.19
11-17-2024 00:24:00,13.18
11-17-2024 00:34:00,13.16
11-17-2024 00:44:00,13.14
11-17-2024 00:54:00,13.12
11-17-2024 01:04:00,13.09
11-17-2024 01:14:00,13.08
11-17-2024 01:24:00,13.06
11-17-2024 01:34:00,13.04
11-17-2024 01:44:00,13.02
11-17-2024 01:54:00,13
11-17-2024 02:04:00,12.98
11-17-2024 02:14:00,12.96
11-17-2024 02:24:00,12.94
11-17-2024 02:34:00,12.93
11-17-2024 02:44:00,12.92
11-17-2024 02:54:00,12.91
11-17-2024 03:04:00,12.9
11-17-2024 03:14:00,12.88
11-17-2024 03:24:00,12.87
11-17-2024 03:34:00,12.86
11-17-2024 03:44:00,12.84
11-17-2024 03:54:00,12.83
11-17-2024 04:04:00,12.81
11-17-2024 04:14:00,12.79
11-17-2024 04:24:00,12.76
11-17-2024 04:34:00,12.74
11-17-2024 04:44:00,12.72
11-17-2024 04:54:00,12.69
11-17-2024 05:04:00,12.67
11-17-2024 05:14:00,12.64
11-17-2024 05:24:00,12.62
11-17-2024 05:34:00,12.58
11-17-2024 05:44:00,12.55
11-17-2024 05:54:00,12.53
11-17-2024 06:04:00,12.5
11-17-2024 06:14:00,12.46
11-17-2024 06:24:00,12.42
11-17-2024 06:34:00,12.38
11-17-2024 06:44:00,12.35
11-17-2024 06:54:00,12.32
11-17-2024 07:04:00,12.28
11-17-2024 07:14:00,12.26
11-17-2024 07:24:00,12.23
11-17-2024 07:34:00,12.21
11-17-2024 07:44:00,12.19
11-17-2024 07:54:00,12.17
11-17-2024 08:04:00,12.16
11-17-2024 08:14:00,12.15
11-17-2024 08:24:00,12.14
11-17-2024 08:34:00,12.13
11-17-2024 08:44:00,12.13
11-17-2024 08:54:00,12.14
11-17-2024 09:04:00,12.15
11-17-2024 09:14:00,12.16
11-17-2024 09:24:00,12.17
11-17-2024 09:34:00,12.19
11-17-2024 09:44:00,12.2
11-17-2024 09:54:00,12.22
11-17-2024 10:04:00,12.25
11-17-2024 10:14:00,12.28
11-17-2024 10:24:00,12.32
11-17-2024 10:34:00,12.36
11-17-2024 10:44:00,12.42
11-17-2024 10:54:00,12.48
11-17-2024 11:04:00,12.53
11-17-2024 11:14:00,12.59
11-17-2024 11:24:00,12.63
11-17-2024 11:34:00,12.67
11-17-2024 11:44:00,12.7
11-17-2024 11:54:00,12.74
11-17-2024 12:04:00,12.77
11-17-2024 12:14:00,12.8
11-17-2024 12:24:00,12.82
11-17-2024 12:34:00,12.85
11-17-2024 12:44:00,12.86
11-17-2024 12:54:00,12.88
11-17-2024 13:04:00,12.89
11-17-2024 13:14:00,12.91
11-17-2024 13:24:00,12.93
11-17-2024 13:34:00,12.94
11-17-2024 13:44:00,12.96
11-17-2024 13:54:00,12.98
11-17-2024 14:04:00,12.99
11-17-2024 14:14:00,13.02
11-17-2024 14:24:00,13.04
11-17-2024 14:34:00,13.06
11-17-2024 14:44:00,13.07
11-17-2024 14:54:00,13.09
11-17-2024 15:04:00,13.1
11-17-2024 15:14:00,13.11
11-17-2024 15:24:00,13.11
11-17-2024 15:34:00,13.12
11-17-2024 15:44:00,13.13
11-17-2024 15:54:00,13.13
11-17-2024 16:04:00,13.13
11-17-2024 16:14:00,13.14
11-17-2024 16:24:00,13.14
11-17-2024 16:34:00,13.15
11-17-2024 16:44:00,13.15
11-17-2024 16:54:00,13.15
11-17-2024 17:04:00,13.14
11-17-2024 17:14:00,13.14
11-17-2024 17:24:00,13.14
11-17-2024 17:34:00,13.14
11-17-2024 17:44:00,13.12
11-17-2024 17:54:00,13.1
11-17-2024 18:04:00,13.09
11-17-2024 18:14:00,13.07
11-17-2024 18:24:00,13.05
11-17-2024 18:34:00,13.02
11-17-2024 18:44:00,13
11-17-2024 18:54:00,12.97
11-17-2024 19:04:00,12.94
11-17-2024 19:14:00,12.91
11-17-2024 19:24:00,12.88
11-17-2024 19:34:00,12.85
11-17-2024 19:44:00,12.83
11-17-2024 19:54:00,12.81
11-17-2024 20:04:00,12.79
11-17-2024 20:14:00,12.75
11-17-2024 20:24:00,12.73
11-17-2024 20:34:00,12.7
11-17-2024 20:44:00,12.66
11-17-2024 20:54:00,12.63
11-17-2024 21:04:00,12.6
11-17-2024 21:14:00,12.58
11-17-2024 21:24:00,12.54
11-17-2024 21:34:00,12.51
11-17-2024 21:44:00,12.48
11-17-2024 21:54:00,12.46
11-17-2024 22:04:00,12.44
11-17-2024 22:14:00,12.41
11-17-2024 22:24:00,12.4
11-17-2024 22:34:00,12.39
11-17-2024 22:44:00,12.38
11-17-2024 22:54:00,12.37
11-17-2024 23:04:00,12.35
11-17-2024 23:14:00,12.34
11-17-2024 23:24:00,12.33
11-17-2024 23:34:00,12.31
11-17-2024 23:44:00,12.3
11-17-2024 23:54:00,12.29
11-18-2024 00:04:00,12.27
11-18-2024 00:14:00,12.26
11-18-2024 00:24:00,12.25
11-18-2024 00:34:00,12.23
11-18-2024 00:44:00,12.22
11-18-2024 00:54:00,12.21
11-18-2024 01:04:00,12.2
11-18-2024 01:14:00,12.17
11-18-2024 01:24:00,12.16
11-18-2024 01:34:00,12.15
11-18-2024 01:44:00,12.13
11-18-2024 01:54:00,12.12
11-18-2024 02:04:00,12.11
11-18-2024 02:14:00,12.1
11-18-2024 02:24:00,12.09
11-18-2024 02:34:00,12.08
11-18-2024 02:44:00,12.08
11-18-2024 02:54:00,12.07
11-18-2024 03:04:00,12.06
11-18-2024 03:14:00,12.05
11-18-2024 03:24:00,12.03
11-18-2024 03:34:00,12.02
11-18-2024 03:44:00,12
11-18-2024 03:54:00,11.98
11-18-2024 04:04:00,11.97
11-18-2024 04:14:00,11.96
11-18-2024 04:24:00,11.95
11-18-2024 04:34:00,11.93
11-18-2024 04:44:00,11.93
11-18-2024 04:54:00,11.91
11-18-2024 05:04:00,11.9
11-18-2024 05:14:00,11.88
11-18-2024 05:24:00,11.86
11-18-2024 05:34:00,11.84
11-18-2024 05:44:00,11.83
11-18-2024 05:54:00,11.8
11-18-2024 06:04:00,11.79
11-18-2024 06:14:00,11.77
11-18-2024 06:24:00,11.76
11-18-2024 06:34:00,11.76
11-18-2024 06:44:00,11.74
11-18-2024 06:54:00,11.73
11-18-2024 07:04:00,11.72
11-18-2024 07:14:00,11.73
11-18-2024 07:24:00,11.72
11-18-2024 07:34:00,11.71
11-18-2024 07:44:00,11.72
11-18-2024 07:54:00,11.71
11-18-2024 08:04:00,11.72
11-18-2024 08:14:00,11.73
11-18-2024 08:24:00,11.73
11-18-2024 08:34:00,11.74
11-18-2024 08:44:00,11.76
11-18-2024 08:54:00,11.76
11-18-2024 09:04:00,11.78
11-18-2024 09:14:00,11.8
11-18-2024 09:24:00,11.83
11-18-2024 09:34:00,11.86
11-18-2024 09:44:00,11.89
11-18-2024 09:54:00,11.92
11-18-2024 10:04:00,11.95
11-18-2024 10:14:00,11.98
11-18-2024 10:24:00,12.01
11-18-2024 10:34:00,12.05
11-18-2024 10:44:00,12.09
11-18-2024 10:54:00,12.14
11-18-2024 11:04:00,12.2
11-18-2024 11:14:00,12.25
11-18-2024 11:24:00,12.3
11-18-2024 11:34:00,12.34
11-18-2024 11:44:00,12.37
11-18-2024 11:54:00,12.41
11-18-2024 12:04:00,12.44
11-18-2024 12:14:00,12.47
11-18-2024 12:24:00,12.5
11-18-2024 12:34:00,12.53
11-18-2024 12:44:00,12.56
11-18-2024 12:54:00,12.59
11-18-2024 13:04:00,12.61
11-18-2024 13:14:00,12.65
11-18-2024 13:24:00,12.68
11-18-2024 13:34:00,12.71
11-18-2024 13:44:00,12.74
11-18-2024 13:54:00,12.77
11-18-2024 14:04:00,12.79
11-18-2024 14:14:00,12.82
11-18-2024 14:24:00,12.85
11-18-2024 14:34:00,12.87
11-18-2024 14:44:00,12.89
11-18-2024 14:54:00,12.91
11-18-2024 15:04:00,12.94
11-18-2024 15:14:00,12.96
11-18-2024 15:24:00,13
11-18-2024 15:34:00,13.02
11-18-2024 15:44:00,13.05
11-18-2024 15:54:00,13.08
11-18-2024 16:04:00,13.09
11-18-2024 16:14:00,13.1
11-18-2024 16:24:00,13.12
11-18-2024 16:34:00,13.14
11-18-2024 16:44:00,13.15
11-18-2024 16:54:00,13.17
11-18-2024 17:04:00,13.18
11-18-2024 17:14:00,13.19
11-18-2024 17:24:00,13.2
11-18-2024 17:34:00,13.21
11-18-2024 17:44:00,13.22
11-18-2024 17:54:00,13.22
11-18-2024 18:04:00,13.22
11-18-2024 18:14:00,13.22
11-18-2024 18:24:00,13.22
11-18-2024 18:34:00,13.22
11-18-2024 18:44:00,13.22
11-18-2024 18:54:00,13.21
11-18-2024 19:04:00,13.2
11-18-2024 19:14:00,13.21
11-18-2024 19:24:00,13.2
11-18-2024 19:34:00,13.2
11-18-2024 19:44:00,13.18
11-18-2024 19:54:00,13.17
11-18-2024 20:04:00,13.16
11-18-2024 20:14:00,13.16
11-18-2024 20:24:00,13.15
11-18-2024 20:34:00,13.15
11-18-2024 20:44:00,13.15
11-18-2024 20:54:00,13.14
11-18-2024 21:04:00,13.15
11-18-2024 21:14:00,13.15
11-18-2024 21:24:00,13.15
11-18-2024 21:34:00,13.15
11-18-2024 21:44:00,13.15
11-18-2024 21:54:00,13.16
11-18-2024 22:04:00,13.17
11-18-2024 22:14:00,13.16
11-18-2024 22:24:00,13.16
11-18-2024 22:34:00,13.16
11-18-2024 22:44:00,13.16
11-18-2024 22:54:00,13.17
11-18-2024 23:04:00,13.16
11-18-2024 23:14:00,13.16
11-18-2024 23:24:00,13.16
11-18-2024 23:34:00,13.16
11-18-2024 23:44:00,13.15
11-18-2024 23:54:00,13.15
11-19-2024 00:04:00,13.14
11-19-2024 00:14:00,13.14
11-19-2024 00:24:00,13.14
11-19-2024 00:34:00,13.13
11-19-2024 00:44:00,13.13
11-19-2024 00:54:00,13.13
11-19-2024 01:04:00,13.12
11-19-2024 01:14:00,13.11
11-19-2024 01:24:00,13.1
11-19-2024 01:34:00,13.09
11-19-2024 01:44:00,13.08
11-19-2024 01:54:00,13.07
11-19-2024 02:04:00,13.06
11-19-2024 02:14:00,13.05
11-19-2024 02:24:00,13.03
11-19-2024 02:34:00,13.01
11-19-2024 02:44:00,12.99
11-19-2024 02:54:00,12.96
11-19-2024 03:04:00,12.94
11-19-2024 03:14:00,12.91
11-19-2024 03:24:00,12.89
11-19-2024 03:34:00,12.86
11-19-2024 03:44:00,12.85
11-19-2024 03:54:00,12.82
11-19-2024 04:04:00,12.81
11-19-2024 04:14:00,12.79
11-19-2024 04:24:00,12.77
11-19-2024 04:34:00,12.75
11-19-2024 04:44:00,12.74
11-19-2024 04:54:00,12.72
11-19-2024 05:04:00,12.7
11-19-2024 05:14:00,12.68
11-19-2024 05:24:00,12.67
11-19-2024 05:34:00,12.65
11-19-2024 05:44:00,12.63
11-19-2024 05:54:00,12.61
11-19-2024 06:04:00,12.59
11-19-2024 06:14:00,12.58
11-19-2024 06:24:00,12.56
11-19-2024 06:34:00,12.54
11-19-2024 06:44:00,12.53
11-19-2024 06:54:00,12.51
11-19-2024 07:04:00,12.49
11-19-2024 07:14:00,12.48
11-19-2024 07:24:00,12.45
11-19-2024 07:34:00,12.44
11-19-2024 07:44:00,12.43
11-19-2024 07:54:00,12.42
11-19-2024 08:04:00,12.41
11-19-2024 08:14:00,12.41
11-19-2024 08:24:00,12.41
11-19-2024 08:34:00,12.41
11-19-2024 08:44:00,12.41
11-19-2024 08:54:00,12.42
11-19-2024 09:04:00,12.44
11-19-2024 09:14:00,12.46
11-19-2024 09:24:00,12.49
11-19-2024 09:34:00,12.51
11-19-2024 09:44:00,12.53
11-19-2024 09:54:00,12.56
11-19-2024 10:04:00,12.6
11-19-2024 10:14:00,12.64
11-19-2024 10:24:00,12.69
11-19-2024 10:34:00,12.75
11-19-2024 10:44:00,12.79
11-19-2024 10:54:00,12.85
11-19-2024 11:04:00,12.92
11-19-2024 11:14:00,12.97
11-19-2024 11:24:00,13.01
11-19-2024 11:34:00,13.06
11-19-2024 11:44:00,13.11
11-19-2024 11:54:00,13.15
11-19-2024 12:04:00,13.19
11-19-2024 12:14:00,13.23
11-19-2024 12:24:00,13.25
11-19-2024 12:34:00,13.29
11-19-2024 12:44:00,13.32
11-19-2024 12:54:00,13.35
11-19-2024 13:04:00,13.38
11-19-2024 13:14:00,13.41
11-19-2024 13:24:00,13.46
11-19-2024 13:34:00,13.49
11-19-2024 13:44:00,13.52
11-19-2024 13:54:00,13.56
11-19-2024 14:04:00,13.58
11-19-2024 14:14:00,13.61
11-19-2024 14:24:00,13.63
11-19-2024 14:34:00,13.65
11-19-2024 14:44:00,13.67
11-19-2024 14:54:00,13.69
11-19-2024 15:04:00,13.72
11-19-2024 15:14:00,13.73
11-19-2024 15:24:00,13.75
11-19-2024 15:34:00,13.77
11-19-2024 15:44:00,13.78
11-19-2024 15:54:00,13.78
11-19-2024 16:04:00,13.79
11-19-2024 16:14:00,13.8
11-19-2024 16:24:00,13.8
11-19-2024 16:34:00,13.81
11-19-2024 16:44:00,13.81
11-19-2024 16:54:00,13.81
11-19-2024 17:04:00,13.81
11-19-2024 17:14:00,13.81
11-19-2024 17:24:00,13.8
11-19-2024 17:34:00,13.79
11-19-2024 17:44:00,13.78
11-19-2024 17:54:00,13.78
11-19-2024 18:04:00,13.78
11-19-2024 18:14:00,13.77
11-19-2024 18:24:00,13.76
11-19-2024 18:34:00,13.75
11-19-2024 18:44:00,13.74
11-19-2024 18:54:00,13.72
11-19-2024 19:04:00,13.71
11-19-2024 19:14:00,13.68
11-19-2024 19:24:00,13.67
11-19-2024 19:34:00,13.65
11-19-2024 19:44:00,13.63
11-19-2024 19:54:00,13.61
11-19-2024 20:04:00,13.59
11-19-2024 20:14:00,13.57
11-19-2024 20:24:00,13.54
11-19-2024 20:34:00,13.52
11-19-2024 20:44:00,13.49
11-19-2024 20:54:00,13.47
11-19-2024 21:04:00,13.45
11-19-2024 21:14:00,13.42
11-19-2024 21:24:00,13.41
11-19-2024 21:34:00,13.39
11-19-2024 21:44:00,13.37
11-19-2024 21:54:00,13.35
11-19-2024 22:04:00,13.33
11-19-2024 22:14:00,13.32
11-19-2024 22:24:00,13.3
11-19-2024 22:34:00,13.3
11-19-2024 22:44:00,13.28
11-19-2024 22:54:00,13.26
11-19-2024 23:04:00,13.26
11-19-2024 23:14:00,13.25
11-19-2024 23:24:00,13.23
11-19-2024 23:34:00,13.22
11-19-2024 23:44:00,13.21
11-19-2024 23:54:00,13.2
11-20-2024 00:04:00,13.18
11-20-2024 00:14:00,13.17
11-20-2024 00:24:00,13.15
11-20-2024 00:34:00,13.14
11-20-2024 00:44:00,13.14
11-20-2024 00:54:00,13.12
11-20-2024 01:04:00,13.1
11-20-2024 01:14:00,13.1
11-20-2024 01:24:00,13.09
11-20-2024 01:34:00,13.07
11-20-2024 01:44:00,13.05
11-20-2024 01:54:00,13.04
11-20-2024 02:04:00,13.02
11-20-2024 02:14:00,13.01
11-20-2024 02:24:00,12.99
11-20-2024 02:34:00,12.97
11-20-2024 02:44:00,12.95
11-20-2024 02:54:00,12.92
11-20-2024 03:04:00,12.9
11-20-2024 03:14:00,12.88
11-20-2024 03:24:00,12.85
11-20-2024 03:34:00,12.83
11-20-2024 03:44:00,12.81
11-20-2024 03:54:00,12.78
11-20-2024 04:04:00,12.75
11-20-2024 04:14:00,12.73
11-20-2024 04:24:00,12.7
11-20-2024 04:34:00,12.66
11-20-2024 04:44:00,12.64
11-20-2024 04:54:00,12.61
11-20-2024 05:04:00,12.59
11-20-2024 05:14:00,12.55
11-20-2024 05:24:00,12.52
11-20-2024 05:34:00,12.49
11-20-2024 05:44:00,12.45
11-20-2024 05:54:00,12.42
11-20-2024 06:04:00,12.38
11-20-2024 06:14:00,12.35
11-20-2024 06:24:00,12.32
11-20-2024 06:34:00,12.3
11-20-2024 06:44:00,12.28
11-20-2024 06:54:00,12.25
11-20-2024 07:04:00,12.23
11-20-2024 07:14:00,12.21
11-20-2024 07:24:00,12.19
11-20-2024 07:34:00,12.17
11-20-2024 07:44:00,12.16
11-20-2024 07:54:00,12.15
11-20-2024 08:04:00,12.15
11-20-2024 08:14:00,12.14
11-20-2024 08:24:00,12.14
11-20-2024 08:34:00,12.14
11-20-2024 08:44:00,12.15
11-20-2024 08:54:00,12.16
11-20-2024 09:04:00,12.17
11-20-2024 09:14:00,12.19
11-20-2024 09:24:00,12.2
11-20-2024 09:34:00,12.22
11-20-2024 09:44:00,12.24
11-20-2024 09:54:00,12.27
11-20-2024 10:04:00,12.3
11-20-2024 10:14:00,12.34
11-20-2024 10:24:00,12.38
11-20-2024 10:34:00,12.44
11-20-2024 10:44:00,12.49
11-20-2024 10:54:00,12.55
11-20-2024 11:04:00,12.6
11-20-2024 11:14:00,12.65
11-20-2024 11:24:00,12.69
11-20-2024 11:34:00,12.73
11-20-2024 11:44:00,12.76
11-20-2024 11:54:00,12.79
11-20-2024 12:04:00,12.81
11-20-2024 12:14:00,12.83
11-20-2024 12:24:00,12.86
11-20-2024 12:34:00,12.87
11-20-2024 12:44:00,12.88
11-20-2024 12:54:00,12.9
11-20-2024 13:04:00,12.92
11-20-2024 13:14:00,12.93
11-20-2024 13:24:00,12.95
11-20-2024 13:34:00,12.97
11-20-2024 13:44:00,13
11-20-2024 13:54:00,13.02
11-20-2024 14:04:00,13.03
11-20-2024 14:14:00,13.05
11-20-2024 14:24:00,13.06
11-20-2024 14:34:00,13.07
11-20-2024 14:44:00,13.08
11-20-2024 14:54:00,13.1
11-20-2024 15:04:00,13.1
11-20-2024 15:14:00,13.11
11-20-2024 15:24:00,13.12
11-20-2024 15:34:00,13.13
11-20-2024 15:44:00,13.14
11-20-2024 15:54:00,13.14
11-20-2024 16:04:00,13.15
11-20-2024 16:14:00,13.15
11-20-2024 16:24:00,13.16
11-20-2024 16:34:00,13.15
11-20-2024 16:44:00,13.15
11-20-2024 16:54:00,13.14
11-20-2024 17:04:00,13.14
11-20-2024 17:14:00,13.13
11-20-2024 17:24:00,13.12
11-20-2024 17:34:00,13.12
11-20-2024 17:44:00,13.1
11-20-2024 17:54:00,13.09
11-20-2024 18:04:00,13.06
11-20-2024 18:14:00,13.04
11-20-2024 18:24:00,13.02
11-20-2024 18:34:00,12.99
11-20-2024 18:44:00,12.98
11-20-2024 18:54:00,12.95
11-20-2024 19:04:00,12.93
11-20-2024 19:24:00,12.86
11-20-2024 19:34:00,12.84
11-20-2024 19:44:00,12.81
11-20-2024 19:54:00,12.78
11-20-2024 20:04:00,12.76
11-20-2024 20:14:00,12.72
11-20-2024 20:24:00,12.69
11-20-2024 20:34:00,12.66
11-20-2024 20:44:00,12.64
11-20-2024 20:54:00,12.6
11-20-2024 21:04:00,12.58
11-20-2024 21:14:00,12.56
11-20-2024 21:24:00,12.53
11-20-2024 21:34:00,12.51
11-20-2024 21:44:00,12.49
11-20-2024 21:54:00,12.47
11-20-2024 22:04:00,12.45
11-20-2024 22:14:00,12.44
11-20-2024 22:24:00,12.42
11-20-2024 22:34:00,12.41
11-20-2024 22:44:00,12.4
11-20-2024 22:54:00,12.38
11-20-2024 23:04:00,12.37
11-20-2024 23:14:00,12.35
11-20-2024 23:24:00,12.34
11-20-2024 23:34:00,12.33
11-20-2024 23:44:00,12.31
11-20-2024 23:54:00,12.29
11-22-2024 00:00:00,12.16
11-22-2024 00:10:00,12.15
11-22-2024 00:20:00,12.14
11-22-2024 00:30:00,12.12
11-22-2024 00:40:00,12.1
11-22-2024 00:50:00,12.08
11-22-2024 01:00:00,12.06
11-22-2024 01:10:00,12.04
11-22-2024 01:20:00,12.02
11-22-2024 01:30:00,12
11-22-2024 01:40:00,11.98
11-22-2024 01:50:00,11.96
11-22-2024 02:00:00,11.95
11-22-2024 02:10:00,11.93
11-22-2024 02:20:00,11.91
11-22-2024 02:30:00,11.89
11-22-2024 02:40:00,11.87
11-22-2024 02:50:00,11.85
11-22-2024 03:00:00,11.83
11-22-2024 03:10:00,11.81
11-22-2024 03:20:00,11.79
11-22-2024 03:30:00,11.77
11-22-2024 03:40:00,11.75
11-22-2024 03:50:00,11.73
11-22-2024 04:00:00,11.71
11-22-2024 04:10:00,11.68
11-22-2024 04:20:00,11.66
11-22-2024 04:30:00,11.63
11-22-2024 04:40:00,11.6
11-22-2024 04:50:00,11.57
11-22-2024 05:00:00,11.55
11-22-2024 05:10:00,11.51
11-22-2024 05:20:00,11.48
11-22-2024 05:30:00,11.45
11-22-2024 05:40:00,11.39
11-22-2024 05:50:00,11.39
11-22-2024 06:00:00,11.37
11-22-2024 06:10:00,11.35
11-22-2024 06:20:00,11.32
11-22-2024 06:30:00,11.3
11-22-2024 06:40:00,11.27
11-22-2024 06:50:00,11.25
11-22-2024 07:00:00,11.24
11-22-2024 07:10:00,11.22
11-22-2024 07:20:00,11.21
11-22-2024 07:30:00,11.2
11-22-2024 07:40:00,11.19
11-22-2024 07:50:00,11.18
11-22-2024 08:00:00,11.18
11-22-2024 08:10:00,11.18
11-22-2024 08:20:00,11.18
11-22-2024 08:30:00,11.19
11-22-2024 08:40:00,11.2
11-22-2024 08:50:00,11.23
11-22-2024 09:00:00,11.25
11-22-2024 09:10:00,11.28
11-22-2024 09:20:00,11.3
11-22-2024 09:30:00,11.33
11-22-2024 09:40:00,11.35
11-22-2024 09:50:00,11.39
11-22-2024 10:00:00,11.45
11-22-2024 10:10:00,11.5
11-22-2024 10:20:00,11.57
11-22-2024 10:30:00,11.64
11-22-2024 10:40:00,11.71
11-22-2024 10:50:00,11.77
11-22-2024 11:00:00,11.81
11-22-2024 11:10:00,11.85
11-22-2024 11:20:00,11.88
11-22-2024 11:30:00,11.91
11-22-2024 11:40:00,11.93
11-22-2024 11:50:00,11.96
11-22-2024 12:00:00,11.98
11-22-2024 12:10:00,12
11-22-2024 12:20:00,12.02
11-22-2024 12:30:00,12.05
11-22-2024 12:40:00,12.09
11-22-2024 12:50:00,12.14
11-22-2024 13:00:00,12.2
11-22-2024 13:10:00,12.25
11-22-2024 13:20:00,12.3
11-22-2024 13:30:00,12.34
11-22-2024 13:40:00,12.37
11-22-2024 13:50:00,12.39
11-22-2024 14:00:00,12.43
11-22-2024 14:10:00,12.46
11-22-2024 14:20:00,12.46
11-22-2024 14:30:00,12.45
11-22-2024 14:40:00,12.45
11-22-2024 14:50:00,12.46
11-22-2024 15:00:00,12.46
11-22-2024 15:10:00,12.47
11-22-2024 15:20:00,12.48
11-22-2024 15:30:00,12.49
11-22-2024 15:40:00,12.5
11-22-2024 15:50:00,12.51
11-22-2024 16:00:00,12.49
11-22-2024 16:10:00,12.51
11-22-2024 16:20:00,12.51
11-22-2024 16:30:00,12.51
11-22-2024 16:40:00,12.52
11-22-2024 16:50:00,12.52
11-22-2024 17:00:00,12.52
11-22-2024 17:10:00,12.51
11-22-2024 17:20:00,12.51
11-22-2024 17:30:00,12.52
11-22-2024 17:40:00,12.52
11-22-2024 17:50:00,12.52
11-22-2024 18:00:00,12.53
11-22-2024 18:10:00,12.53
11-22-2024 18:20:00,12.53
11-22-2024 18:30:00,12.53
11-22-2024 18:40:00,12.52
11-22-2024 18:50:00,12.51
11-22-2024 19:00:00,12.5
11-22-2024 19:10:00,12.48
11-22-2024 19:20:00,12.45
11-22-2024 19:30:00,12.44
11-22-2024 19:40:00,12.43
11-22-2024 19:50:00,12.41
11-22-2024 20:00:00,12.41
11-22-2024 20:10:00,12.39
11-22-2024 20:20:00,12.37
11-22-2024 20:30:00,12.36
11-22-2024 20:40:00,12.35
11-22-2024 20:50:00,12.34
11-22-2024 21:00:00,12.33
11-22-2024 21:10:00,12.33
11-22-2024 21:20:00,12.32
11-22-2024 21:30:00,12.32
11-22-2024 21:40:00,12.32
11-22-2024 21:50:00,12.32
11-22-2024 22:00:00,12.32
11-22-2024 22:10:00,12.32
11-22-2024 22:20:00,12.32
11-22-2024 22:30:00,12.32
11-22-2024 22:40:00,12.32
11-22-2024 22:50:00,12.31
11-22-2024 23:00:00,12.3
11-22-2024 23:10:00,12.29
11-22-2024 23:20:00,12.28
11-22-2024 23:30:00,12.28
11-22-2024 23:40:00,12.27
11-22-2024 23:50:00,12.27
11-23-2024 00:00:00,12.24
11-23-2024 00:10:00,12.25
11-23-2024 00:20:00,12.25
11-23-2024 00:30:00,12.25
11-23-2024 00:40:00,12.25
11-23-2024 00:50:00,12.24
11-23-2024 01:00:00,12.24
11-23-2024 01:10:00,12.25
11-23-2024 01:20:00,12.25
11-23-2024 01:30:00,12.25
11-23-2024 01:40:00,12.25
11-23-2024 01:50:00,12.25
11-23-2024 02:00:00,12.26
11-23-2024 02:10:00,12.27
11-23-2024 02:20:00,12.28
11-23-2024 02:30:00,12.28
11-23-2024 02:40:00,12.29
11-23-2024 02:50:00,12.29
11-23-2024 03:00:00,12.28
11-23-2024 03:10:00,12.28
11-23-2024 03:20:00,12.27
11-23-2024 03:30:00,12.25
11-23-2024 03:40:00,12.23
11-23-2024 03:50:00,12.22
11-23-2024 04:00:00,12.2
11-23-2024 04:10:00,12.18
11-23-2024 04:20:00,12.15
11-23-2024 04:30:00,12.11
11-23-2024 04:40:00,12.11
11-23-2024 04:50:00,12.09
11-23-2024 05:00:00,12.08
11-23-2024 05:10:00,12.07
11-23-2024 05:20:00,12.05
11-23-2024 05:30:00,12.03
11-23-2024 05:40:00,12.02
11-23-2024 05:50:00,12
11-23-2024 06:00:00,11.99
11-23-2024 06:10:00,11.97
11-23-2024 06:20:00,11.96
11-23-2024 06:30:00,11.92
11-23-2024 06:40:00,11.91
11-23-2024 06:50:00,11.92
11-23-2024 07:00:00,11.91
11-23-2024 07:10:00,11.92
11-23-2024 07:20:00,11.93
11-23-2024 07:30:00,11.93
11-23-2024 07:40:00,11.94
11-23-2024 07:50:00,11.95
11-23-2024 08:00:00,11.96
11-23-2024 08:10:00,11.97
11-23-2024 08:20:00,11.99
11-23-2024 08:30:00,12.01
11-23-2024 08:40:00,12.02
11-23-2024 08:50:00,12.05
11-23-2024 09:00:00,12.06
11-23-2024 09:10:00,12.08
11-23-2024 09:20:00,12.1
11-23-2024 09:30:00,12.11
11-23-2024 09:40:00,12.13
11-23-2024 09:50:00,12.18
11-23-2024 10:00:00,12.22
11-23-2024 10:10:00,12.29
11-23-2024 10:20:00,12.37
11-23-2024 10:30:00,12.44
11-23-2024 10:40:00,12.51
11-23-2024 10:50:00,12.57
11-23-2024 11:00:00,12.61
11-23-2024 11:10:00,12.65
11-23-2024 11:20:00,12.69
11-23-2024 11:30:00,12.73
11-23-2024 11:40:00,12.77
11-23-2024 11:50:00,12.81
11-23-2024 12:00:00,12.83
11-23-2024 12:10:00,12.85
11-23-2024 12:20:00,12.88
11-23-2024 12:30:00,12.9
11-23-2024 12:40:00,12.93
11-23-2024 12:50:00,12.95
11-23-2024 13:00:00,12.98
11-23-2024 13:10:00,13.04
11-23-2024 13:20:00,13.07
11-23-2024 13:30:00,13.12
11-23-2024 13:40:00,13.16
11-23-2024 13:50:00,13.2
11-23-2024 14:00:00,13.24
11-23-2024 14:10:00,13.3
11-23-2024 14:20:00,13.33
11-23-2024 14:30:00,13.36
11-23-2024 14:40:00,13.38
11-23-2024 14:50:00,13.37
11-23-2024 15:00:00,13.41
11-23-2024 15:10:00,13.44
11-23-2024 15:20:00,13.46
11-23-2024 15:30:00,13.48
11-23-2024 15:40:00,13.51
11-23-2024 15:50:00,13.51
11-23-2024 16:00:00,13.53
11-23-2024 16:10:00,13.53
11-23-2024 16:20:00,13.54
11-23-2024 16:30:00,13.52
11-23-2024 16:40:00,13.53
11-23-2024 16:50:00,13.53
11-23-2024 17:00:00,13.54
11-23-2024 17:10:00,13.54
11-23-2024 17:20:00,13.55
11-23-2024 17:30:00,13.55
11-23-2024 17:40:00,13.55
11-23-2024 17:50:00,13.56
11-23-2024 18:00:00,13.56
11-23-2024 18:10:00,13.56
11-23-2024 18:20:00,13.56
11-23-2024 18:30:00,13.57
11-23-2024 18:40:00,13.57
11-23-2024 18:50:00,13.57
11-23-2024 19:00:00,13.56
11-23-2024 19:10:00,13.56
11-23-2024 19:20:00,13.56
11-23-2024 19:30:00,13.57
11-23-2024 19:40:00,13.57
11-23-2024 19:50:00,13.58
11-23-2024 20:00:00,13.6
11-23-2024 20:10:00,13.6
11-23-2024 20:20:00,13.65
11-23-2024 20:30:00,13.66
11-23-2024 20:40:00,13.68
11-23-2024 20:50:00,13.7
11-23-2024 21:00:00,13.72
11-23-2024 21:10:00,13.74
11-23-2024 21:20:00,13.76
11-23-2024 21:30:00,13.79
11-23-2024 21:40:00,13.82
11-23-2024 21:50:00,13.85
11-23-2024 22:00:00,13.88
11-23-2024 22:10:00,13.92
11-23-2024 22:20:00,13.94
11-23-2024 22:30:00,13.96
11-23-2024 22:40:00,13.98
11-23-2024 22:50:00,14.02
11-23-2024 23:00:00,14.03
11-23-2024 23:10:00,14.06
11-23-2024 23:20:00,14.08
11-23-2024 23:30:00,14.09
11-23-2024 23:40:00,14.09
11-23-2024 23:50:00,14.1
11-24-2024 00:00:00,14.1
11-24-2024 00:10:00,14.1
11-24-2024 00:20:00,14.12
11-24-2024 00:30:00,14.15
11-24-2024 00:40:00,14.15
11-24-2024 00:50:00,14.15
11-24-2024 01:00:00,14.15
11-24-2024 01:10:00,14.13
11-24-2024 01:20:00,14.15
11-24-2024 01:30:00,14.16
11-24-2024 01:40:00,14.16
11-24-2024 01:50:00,14.17
11-24-2024 02:00:00,14.17
11-24-2024 02:10:00,14.18
11-24-2024 02:20:00,14.18
11-24-2024 02:30:00,14.18
11-24-2024 02:40:00,14.19
11-24-2024 02:50:00,14.2
11-24-2024 03:00:00,14.2
11-24-2024 03:10:00,14.19
11-24-2024 03:20:00,14.19
11-24-2024 03:30:00,14.15
11-24-2024 03:40:00,14.15
11-24-2024 03:50:00,14.19
11-24-2024 04:00:00,14.16
11-24-2024 04:10:00,14.17
11-24-2024 04:20:00,14.18
11-24-2024 04:30:00,14.19
11-24-2024 04:40:00,14.19
11-24-2024 04:50:00,14.2
11-24-2024 05:00:00,14.2
11-24-2024 05:10:00,14.18
11-24-2024 05:20:00,14.18
11-24-2024 05:30:00,14.17
11-24-2024 05:40:00,14.18
11-24-2024 05:50:00,14.19
11-24-2024 06:00:00,14.19
11-24-2024 06:10:00,14.18
11-24-2024 06:20:00,14.18
11-24-2024 06:30:00,14.18
11-24-2024 06:40:00,14.19
11-24-2024 06:50:00,14.21
11-24-2024 07:00:00,14.23
11-24-2024 07:10:00,14.24
11-24-2024 07:20:00,14.22
11-24-2024 07:30:00,14.23
11-24-2024 07:40:00,14.25
11-24-2024 07:50:00,14.28
11-24-2024 08:00:00,14.31
11-24-2024 08:10:00,14.31
11-24-2024 08:20:00,14.28
11-24-2024 08:30:00,14.34
11-24-2024 08:40:00,14.37
11-24-2024 08:50:00,14.42
11-24-2024 09:00:00,14.47
11-24-2024 09:10:00,14.5
11-24-2024 09:20:00,14.46
11-24-2024 09:30:00,14.53
11-24-2024 09:40:00,14.56
11-24-2024 09:50:00,14.61
11-24-2024 10:00:00,14.66
11-24-2024 10:10:00,14.76
11-24-2024 10:20:00,14.81
11-24-2024 10:30:00,14.81
11-24-2024 10:40:00,14.87
11-24-2024 10:50:00,14.92
11-24-2024 11:00:00,14.97
11-24-2024 11:10:00,14.95
11-24-2024 11:20:00,14.98
11-24-2024 11:30:00,15.06
11-24-2024 11:40:00,15.11
11-24-2024 11:50:00,15.16
11-24-2024 12:00:00,15.15
11-24-2024 12:10:00,15.19
11-24-2024 12:20:00,15.25
11-24-2024 12:30:00,15.32
11-24-2024 12:40:00,15.34
11-24-2024 12:50:00,15.39
11-24-2024 13:00:00,15.39
11-24-2024 13:10:00,15.43
11-24-2024 13:20:00,15.46
11-24-2024 13:30:00,15.52
11-24-2024 13:40:00,15.59
11-24-2024 13:50:00,15.64
11-24-2024 14:00:00,15.6
11-24-2024 14:10:00,15.68
11-24-2024 14:20:00,15.72
11-24-2024 14:30:00,15.71
11-24-2024 14:40:00,15.69
11-24-2024 14:50:00,15.73
11-24-2024 15:00:00,15.76
11-24-2024 15:10:00,15.8
11-24-2024 15:20:00,15.76
11-24-2024 15:30:00,15.76
11-24-2024 15:40:00,15.77
11-24-2024 15:50:00,15.8
11-24-2024 16:00:00,15.81
11-24-2024 16:10:00,15.82
11-24-2024 16:20:00,15.82
11-24-2024 16:30:00,15.82
11-24-2024 16:40:00,15.79
11-24-2024 16:50:00,15.8
11-24-2024 17:00:00,15.8
11-24-2024 17:10:00,15.79
11-24-2024 17:20:00,15.77
11-24-2024 17:30:00,15.79
11-24-2024 17:40:00,15.79
11-24-2024 17:50:00,15.76
11-24-2024 18:00:00,15.73
11-24-2024 18:10:00,15.75
11-24-2024 18:20:00,15.73
11-24-2024 18:30:00,15.69
11-24-2024 18:40:00,15.67
11-24-2024 18:50:00,15.71
11-24-2024 19:00:00,15.67
11-24-2024 19:10:00,15.65
11-24-2024 19:20:00,15.65
11-24-2024 19:30:00,15.63
11-24-2024 19:40:00,15.61
11-24-2024 19:50:00,15.6
11-24-2024 20:00:00,15.56
11-24-2024 20:10:00,15.57
11-24-2024 20:20:00,15.54
11-24-2024 20:30:00,15.51
11-24-2024 20:40:00,15.5
11-24-2024 20:50:00,15.47
11-24-2024 21:00:00,15.42
11-24-2024 21:10:00,15.43
11-24-2024 21:20:00,15.38
11-24-2024 21:30:00,15.37
11-24-2024 21:40:00,15.34
11-24-2024 21:50:00,15.29
11-24-2024 22:00:00,15.31
11-24-2024 22:10:00,15.28
11-24-2024 22:20:00,15.25
11-24-2024 22:30:00,15.22
11-24-2024 22:40:00,15.18
11-24-2024 22:50:00,15.2
11-24-2024 23:00:00,15.15
11-24-2024 23:10:00,15.16
11-24-2024 23:20:00,15.1
11-24-2024 23:30:00,15.09
11-24-2024 23:40:00,15.12
11-24-2024 23:50:00,15.1
11-26-2024 00:03:30,14.46
11-26-2024 00:13:30,14.44
11-26-2024 00:23:30,14.43
11-26-2024 00:33:30,14.42
11-26-2024 00:43:30,14.41
11-26-2024 00:53:30,14.41
11-26-2024 01:03:30,14.4
11-26-2024 01:13:30,14.37
11-26-2024 01:23:30,14.37
11-26-2024 01:33:30,14.34
11-26-2024 01:43:30,14.33
11-26-2024 01:53:30,14.31
11-26-2024 02:03:30,14.3
11-26-2024 02:13:30,14.27
11-26-2024 02:23:30,14.25
11-26-2024 02:33:30,14.22
11-26-2024 02:43:30,14.2
11-26-2024 02:53:30,14.17
11-26-2024 03:03:30,14.16
11-26-2024 03:13:30,14.12
11-26-2024 03:23:30,14.11
11-26-2024 03:33:30,14.08
11-26-2024 03:43:30,14.06
11-26-2024 03:53:30,14.03
11-26-2024 04:03:30,14.02
11-26-2024 04:13:30,13.98
11-26-2024 04:23:30,13.97
11-26-2024 04:33:30,13.93
11-26-2024 04:43:30,13.92
11-26-2024 04:53:30,13.88
11-26-2024 05:03:30,13.88
11-26-2024 05:13:30,13.84
11-26-2024 05:23:30,13.83
11-26-2024 05:33:30,13.8
11-26-2024 05:43:30,13.79
11-26-2024 05:53:30,13.75
11-26-2024 06:03:30,13.74
11-26-2024 06:13:30,13.7
11-26-2024 06:23:30,13.7
11-26-2024 06:33:30,13.67
11-26-2024 06:43:30,13.66
11-26-2024 06:53:30,13.63
11-26-2024 07:03:30,13.63
11-26-2024 07:13:30,13.6
11-26-2024 07:23:30,13.59
11-26-2024 07:33:30,13.56
11-26-2024 07:43:30,13.54
11-26-2024 07:53:30,13.57
11-26-2024 08:03:30,13.53
11-26-2024 08:13:30,13.55
11-26-2024 08:23:30,13.55
11-26-2024 08:33:30,13.54
11-26-2024 08:43:30,13.55
11-26-2024 08:53:30,13.54
11-26-2024 09:03:30,13.57
11-26-2024 09:13:30,13.6
11-26-2024 09:23:30,13.6
11-26-2024 09:33:30,13.66
11-26-2024 09:43:30,13.67
11-26-2024 09:53:30,13.7
11-26-2024 10:03:30,13.77
11-26-2024 10:13:30,13.75
11-26-2024 10:23:30,13.81
11-26-2024 10:33:30,13.85
11-26-2024 10:43:30,13.92
11-26-2024 10:53:30,13.98
11-26-2024 11:03:30,13.96
11-26-2024 11:13:30,13.98
11-26-2024 11:23:30,14.02
11-26-2024 11:33:30,14.06
11-26-2024 11:43:30,14.07
11-26-2024 11:53:30,14.08
11-26-2024 12:03:30,14.13
11-26-2024 12:13:30,14.1
11-26-2024 12:23:30,14.13
11-26-2024 12:33:30,14.18
11-26-2024 12:43:30,14.19
11-26-2024 12:53:30,14.18
11-26-2024 13:03:30,14.22
11-26-2024 13:13:30,14.27
11-26-2024 13:23:30,14.32
11-26-2024 13:33:30,14.32
11-26-2024 13:43:30,14.35
11-26-2024 13:53:30,14.39
11-26-2024 14:03:30,14.42
11-26-2024 14:13:30,14.45
11-26-2024 14:23:30,14.49
11-26-2024 14:33:30,14.52
11-26-2024 14:43:30,14.56
11-26-2024 14:53:30,14.64
11-26-2024 15:03:30,14.64
11-26-2024 15:13:30,14.67
11-26-2024 15:23:30,14.7
11-26-2024 15:33:30,14.74
11-26-2024 15:43:30,14.77
11-26-2024 15:53:30,14.78
11-26-2024 16:03:30,14.79
11-26-2024 16:13:30,14.84
11-26-2024 16:23:30,14.85
11-26-2024 16:33:30,14.85
11-26-2024 16:43:30,14.89
11-26-2024 16:53:30,14.89
11-26-2024 17:03:30,14.94
11-26-2024 17:13:30,14.95
11-26-2024 17:23:30,14.97
11-26-2024 17:33:30,14.96
11-26-2024 17:43:30,14.94
11-26-2024 17:53:30,15.03
11-26-2024 18:03:30,15.01
11-26-2024 18:13:30,15.06
11-26-2024 18:23:30,15.05
11-26-2024 18:33:30,15.09
11-26-2024 18:43:30,15.07
11-26-2024 18:53:30,15.1
11-26-2024 19:03:30,15.09
11-26-2024 19:13:30,15.12
11-26-2024 19:23:30,15.13
11-26-2024 19:33:30,15.14
11-26-2024 19:43:30,15.15
11-26-2024 19:53:30,15.14
11-26-2024 20:03:30,15.13
11-26-2024 20:13:30,15.18
11-26-2024 20:23:30,15.16
11-26-2024 20:33:30,15.18
11-26-2024 20:43:30,15.18
11-26-2024 20:53:30,15.19
11-26-2024 21:03:30,15.18
11-26-2024 21:13:30,15.18
11-26-2024 21:23:30,15.18
11-26-2024 21:33:30,15.19
11-26-2024 21:43:30,15.19
11-26-2024 21:53:30,15.16
11-26-2024 22:03:30,15.18
11-26-2024 22:13:30,15.2
11-26-2024 22:23:30,15.18
11-26-2024 22:33:30,15.17
11-26-2024 22:43:30,15.18
11-26-2024 22:53:30,15.2
11-26-2024 23:03:30,15.22
11-26-2024 23:13:30,15.23
11-26-2024 23:23:30,15.22
11-26-2024 23:33:30,15.19
11-26-2024 23:43:30,15.21
11-26-2024 23:53:30,15.21
11-27-2024 00:03:30,15.19
11-27-2024 00:13:30,15.18
11-27-2024 00:23:30,15.18
11-27-2024 00:33:30,15.14
11-27-2024 00:43:30,15.15
11-27-2024 00:53:30,15.11
11-27-2024 01:03:30,15.09
11-27-2024 01:13:30,15.07
11-27-2024 01:23:30,15.06
11-27-2024 01:33:30,15.05
11-27-2024 01:43:30,15.03
11-27-2024 01:53:30,15.01
11-27-2024 02:03:30,15.01
11-27-2024 02:13:30,15.04
11-27-2024 02:23:30,15.01
11-27-2024 02:33:30,14.96
11-27-2024 02:43:30,14.95
11-27-2024 02:53:30,14.94
11-27-2024 03:03:30,14.94
11-27-2024 03:13:30,14.91
11-27-2024 03:23:30,14.88
11-27-2024 03:33:30,14.83
11-27-2024 03:43:30,14.86
11-27-2024 03:53:30,14.82
11-27-2024 04:03:30,14.81
11-27-2024 04:13:30,14.81
11-27-2024 04:23:30,14.77
11-27-2024 04:33:30,14.76
11-27-2024 04:43:30,14.73
11-27-2024 04:53:30,14.7
11-27-2024 05:03:30,14.71
11-27-2024 05:13:30,14.72
11-27-2024 05:23:30,14.65
11-27-2024 05:33:30,14.69
11-27-2024 05:43:30,14.63
11-27-2024 05:53:30,14.66
11-27-2024 06:03:30,14.6
11-27-2024 06:13:30,14.63
11-27-2024 06:23:30,14.61
11-27-2024 06:33:30,14.54
11-27-2024 06:43:30,14.58
11-27-2024 06:53:30,14.53
11-27-2024 07:03:30,14.49
11-27-2024 07:13:30,14.47
11-27-2024 07:23:30,14.45
11-27-2024 07:33:30,14.44
11-27-2024 07:43:30,14.43
11-27-2024 07:53:30,14.42
11-27-2024 08:03:30,14.41
11-27-2024 08:13:30,14.42
11-27-2024 08:23:30,14.41
11-27-2024 08:33:30,14.42
11-27-2024 08:43:30,14.48
11-27-2024 08:53:30,14.5
11-27-2024 09:03:30,14.5
11-27-2024 09:13:30,14.48
11-27-2024 09:23:30,14.5
11-27-2024 09:33:30,14.54
11-27-2024 09:43:30,14.55
11-27-2024 09:53:30,14.58
11-27-2024 10:03:30,14.64
11-27-2024 10:13:30,14.62
11-27-2024 10:23:30,14.66
11-27-2024 10:33:30,14.66
11-27-2024 10:43:30,14.73
11-27-2024 10:53:30,14.74
11-27-2024 11:03:30,14.81
11-27-2024 11:13:30,14.78
11-27-2024 11:23:30,14.82
11-27-2024 11:33:30,14.86
11-27-2024 11:43:30,14.92
11-27-2024 11:53:30,14.97
11-27-2024 12:03:30,15.07
11-27-2024 12:13:30,15.09
11-27-2024 12:23:30,15.15
11-27-2024 12:33:30,15.22
11-27-2024 12:43:30,15.25
11-27-2024 12:53:30,15.25
11-27-2024 13:03:30,15.25
11-27-2024 13:13:30,15.34
11-27-2024 13:23:30,15.38
11-27-2024 13:33:30,15.34
11-27-2024 13:43:30,15.35
11-27-2024 13:53:30,15.39
11-27-2024 14:03:30,15.44
11-27-2024 14:13:30,15.49
11-27-2024 14:23:30,15.53
11-27-2024 14:33:30,15.55
11-27-2024 14:43:30,15.56
11-27-2024 14:53:30,15.64
11-27-2024 15:03:30,15.62
11-27-2024 15:13:30,15.66
11-27-2024 15:23:30,15.7
11-27-2024 15:33:30,15.72
11-27-2024 15:43:30,15.76
11-27-2024 15:53:30,15.76
11-27-2024 16:03:30,15.79
11-27-2024 16:13:30,15.81
11-27-2024 16:23:30,15.86
11-27-2024 16:33:30,15.86
11-27-2024 16:43:30,15.9
11-27-2024 16:53:30,15.95
11-27-2024 17:03:30,15.93
11-27-2024 17:13:30,15.95
11-27-2024 17:23:30,15.94
11-27-2024 17:33:30,15.95
11-27-2024 17:43:30,15.95
11-27-2024 17:53:30,15.96
11-27-2024 18:03:30,15.97
11-27-2024 18:13:30,15.98
11-27-2024 18:23:30,16.03
11-27-2024 18:33:30,16
11-27-2024 18:43:30,16.01
11-27-2024 18:53:30,15.99
11-27-2024 19:03:30,16.05
11-27-2024 19:13:30,16.04
11-27-2024 19:23:30,16.05
11-27-2024 19:33:30,16
11-27-2024 19:43:30,16.04
11-27-2024 19:53:30,16.04
11-27-2024 20:03:30,16.03
11-27-2024 20:13:30,16.04
11-27-2024 20:23:30,16.02
11-27-2024 20:33:30,15.99
11-27-2024 20:43:30,16.04
11-27-2024 20:53:30,16.04
11-27-2024 21:03:30,16.05
11-27-2024 21:13:30,16.06
11-27-2024 21:23:30,15.99
11-27-2024 21:33:30,16.05
11-27-2024 21:43:30,16.03
11-27-2024 21:53:30,16.03
11-27-2024 22:03:30,16.06
11-27-2024 22:13:30,16.02
11-27-2024 22:23:30,16.04
11-27-2024 22:33:30,16.04
11-27-2024 22:43:30,16.07
11-27-2024 22:53:30,16.04
11-27-2024 23:03:30,16.01
11-27-2024 23:13:30,16.02
11-27-2024 23:23:30,16.05
11-27-2024 23:33:30,16.03
11-27-2024 23:43:30,16.01
11-27-2024 23:53:30,16.03
11-29-2024 00:03:30,14.85
11-29-2024 00:13:30,14.85
11-29-2024 00:23:30,14.81
11-29-2024 00:33:30,14.84
11-29-2024 00:43:30,14.78
11-29-2024 00:53:30,14.78
11-29-2024 01:03:30,14.79
11-29-2024 01:13:30,14.76
11-29-2024 01:23:30,14.73
11-29-2024 01:33:30,14.74
11-29-2024 01:43:30,14.7
11-29-2024 01:53:30,14.69
11-29-2024 02:03:30,14.65
11-29-2024 02:13:30,14.65
11-29-2024 02:23:30,14.61
11-29-2024 02:33:30,14.64
11-29-2024 02:43:30,14.65
11-29-2024 02:53:30,14.62
11-29-2024 03:03:30,14.58
11-29-2024 03:13:30,14.58
11-29-2024 03:23:30,14.56
11-29-2024 03:33:30,14.51
11-29-2024 03:43:30,14.5
11-29-2024 03:53:30,14.48
11-29-2024 04:03:30,14.46
11-29-2024 04:13:30,14.45
11-29-2024 04:23:30,14.45
11-29-2024 04:33:30,14.43
11-29-2024 04:43:30,14.41
11-29-2024 04:53:30,14.41
11-29-2024 05:03:30,14.45
11-29-2024 05:13:30,14.43
11-29-2024 05:23:30,14.4
11-29-2024 05:33:30,14.41
11-29-2024 05:43:30,14.4
11-29-2024 05:53:30,14.38
11-29-2024 06:03:30,14.38
11-29-2024 06:13:30,14.38
11-29-2024 06:23:30,14.37
11-29-2024 06:33:30,14.31
11-29-2024 06:43:30,14.29
11-29-2024 06:53:30,14.32
11-29-2024 07:03:30,14.3
11-29-2024 07:13:30,14.29
11-29-2024 07:23:30,14.28
11-29-2024 07:33:30,14.28
11-29-2024 07:43:30,14.27
11-29-2024 07:53:30,14.27
11-29-2024 08:03:30,14.23
11-29-2024 08:13:30,14.22
11-29-2024 08:23:30,14.23
11-29-2024 08:33:30,14.23
11-29-2024 08:43:30,14.25
11-29-2024 08:53:30,14.25
11-29-2024 09:03:30,14.26
11-29-2024 09:13:30,14.22
11-29-2024 09:23:30,14.24
11-29-2024 09:33:30,14.25
11-29-2024 09:43:30,14.29
11-29-2024 09:53:30,14.31
11-29-2024 10:03:30,14.3
11-29-2024 10:13:30,14.34
11-29-2024 10:23:30,14.32
11-29-2024 10:33:30,14.33
11-29-2024 10:43:30,14.38
11-29-2024 10:53:30,14.43
11-29-2024 11:03:30,14.47
11-29-2024 11:13:30,14.43
11-29-2024 11:23:30,14.49
11-29-2024 11:33:30,14.46
11-29-2024 11:43:30,14.53
11-29-2024 11:53:30,14.49
11-29-2024 12:03:30,14.58
11-29-2024 12:13:30,14.58
11-29-2024 12:23:30,14.61
11-29-2024 12:33:30,14.59
11-29-2024 12:43:30,14.61
11-29-2024 12:53:30,14.71
11-29-2024 13:03:30,14.74
11-29-2024 13:13:30,14.68
11-29-2024 13:23:30,14.68
11-29-2024 13:33:30,14.71
11-29-2024 13:43:30,14.74
11-29-2024 13:53:30,14.76
11-29-2024 14:03:30,14.76
11-29-2024 14:13:30,14.84
11-29-2024 14:23:30,14.83
11-29-2024 14:33:30,14.84
11-29-2024 14:43:30,14.84
11-29-2024 14:53:30,14.91
11-29-2024 15:03:30,14.89
11-29-2024 15:13:30,14.87
11-29-2024 15:23:30,14.89
11-29-2024 15:33:30,14.93
11-29-2024 15:43:30,14.95
11-29-2024 15:53:30,15
11-29-2024 16:03:30,15
11-29-2024 16:13:30,15.06
11-29-2024 16:23:30,15.11
11-29-2024 16:33:30,15.14
11-29-2024 16:43:30,15.17
11-29-2024 16:53:30,15.2
11-29-2024 17:03:30,15.18
11-29-2024 17:13:30,15.27
11-29-2024 17:23:30,15.31
11-29-2024 17:33:30,15.34
11-29-2024 17:43:30,15.34
11-29-2024 17:53:30,15.33
11-29-2024 18:03:30,15.36
11-29-2024 18:13:30,15.38
11-29-2024 18:23:30,15.39
11-29-2024 18:33:30,15.34
11-29-2024 18:43:30,15.39
11-29-2024 18:53:30,15.4
11-29-2024 19:03:30,15.35
11-29-2024 19:13:30,15.35
11-29-2024 19:23:30,15.38
11-29-2024 19:33:30,15.34
11-29-2024 19:43:30,15.29
11-29-2024 19:53:30,15.29
11-29-2024 20:03:30,15.33
11-29-2024 20:13:30,15.31
11-29-2024 20:23:30,15.24
11-29-2024 20:33:30,15.26
11-29-2024 20:43:30,15.23
11-29-2024 20:53:30,15.18
11-29-2024 21:03:30,15.2
11-29-2024 21:13:30,15.17
11-29-2024 21:23:30,15.14
11-29-2024 21:33:30,15.12
11-29-2024 21:43:30,15.1
11-29-2024 21:53:30,15.08
11-29-2024 22:03:30,15.05
11-29-2024 22:13:30,15
11-29-2024 22:23:30,15.01
11-29-2024 22:33:30,14.95
11-29-2024 22:43:30,14.96
11-29-2024 22:53:30,14.88
11-29-2024 23:03:30,14.86
11-29-2024 23:13:30,14.86
11-29-2024 23:23:30,14.87
11-29-2024 23:33:30,14.81
11-29-2024 23:43:30,14.82
11-29-2024 23:53:30,14.76
12-01-2024 00:03:30,13.65
12-01-2024 00:13:30,13.64
12-01-2024 00:23:30,13.66
12-01-2024 00:33:30,13.71
12-01-2024 00:43:30,13.71
12-01-2024 00:53:30,13.7
12-01-2024 01:03:30,13.68
12-01-2024 01:13:30,13.64
12-01-2024 01:23:30,13.69
12-01-2024 01:33:30,13.67
12-01-2024 01:43:30,13.62
12-01-2024 01:53:30,13.65
12-01-2024 02:03:30,13.63
12-01-2024 02:13:30,13.59
12-01-2024 02:23:30,13.62
12-01-2024 02:33:30,13.56
12-01-2024 02:43:30,13.55
12-01-2024 02:53:30,13.55
12-01-2024 03:03:30,13.56
12-01-2024 03:13:30,13.56
12-01-2024 03:23:30,13.51
12-01-2024 03:33:30,13.52
12-01-2024 03:43:30,13.51
12-01-2024 03:53:30,13.46
12-01-2024 04:03:30,13.44
12-01-2024 04:13:30,13.47
12-01-2024 04:23:30,13.43
12-01-2024 04:33:30,13.42
12-01-2024 04:43:30,13.42
12-01-2024 04:53:30,13.4
12-01-2024 05:03:30,13.41
12-01-2024 05:13:30,13.4
12-01-2024 05:23:30,13.39
12-01-2024 05:33:30,13.38
12-01-2024 05:43:30,13.37
12-01-2024 05:53:30,13.34
12-01-2024 06:03:30,13.35
12-01-2024 06:13:30,13.32
12-01-2024 06:23:30,13.34
12-01-2024 06:33:30,13.29
12-01-2024 06:43:30,13.27
12-01-2024 06:53:30,13.3
12-01-2024 07:03:30,13.25
12-01-2024 07:13:30,13.21
12-01-2024 07:23:30,13.2
12-01-2024 07:33:30,13.25
12-01-2024 07:43:30,13.23
12-01-2024 07:53:30,13.15
12-01-2024 08:03:30,13.17
12-01-2024 08:13:30,13.19
12-01-2024 08:23:30,13.15
12-01-2024 08:33:30,13.18
12-01-2024 08:43:30,13.17
12-01-2024 08:53:30,13.14
12-01-2024 09:03:30,13.2
12-01-2024 09:13:30,13.18
12-01-2024 09:23:30,13.23
12-01-2024 09:33:30,13.2
12-01-2024 09:43:30,13.25
12-01-2024 09:53:30,13.23
12-01-2024 10:03:30,13.34
12-01-2024 10:13:30,13.36
12-01-2024 10:23:30,13.45
12-01-2024 10:33:30,13.45
12-01-2024 10:43:30,13.52
12-01-2024 10:53:30,13.63
12-01-2024 11:03:30,13.64
12-01-2024 11:13:30,13.66
12-01-2024 11:23:30,13.7
12-01-2024 11:33:30,13.76
12-01-2024 11:43:30,13.78
12-01-2024 11:53:30,13.84
12-01-2024 12:03:30,13.89
12-01-2024 12:13:30,13.96
12-01-2024 12:23:30,13.96
12-01-2024 12:33:30,14.01
12-01-2024 12:43:30,14.04
12-01-2024 12:53:30,14.03
12-01-2024 13:03:30,14.14
12-01-2024 13:13:30,14.19
12-01-2024 13:23:30,14.16
12-01-2024 13:33:30,14.15
12-01-2024 13:43:30,14.2
12-01-2024 13:53:30,14.2
12-01-2024 14:03:30,14.3
12-01-2024 14:13:30,14.34
12-01-2024 14:23:30,14.31
12-01-2024 14:33:30,14.26
12-01-2024 14:43:30,14.31
12-01-2024 14:53:30,14.35
12-01-2024 15:03:30,14.35
12-01-2024 15:13:30,14.33
12-01-2024 15:23:30,14.28
12-01-2024 15:33:30,14.36
12-01-2024 15:43:30,14.37
12-01-2024 15:53:30,14.37
12-01-2024 16:03:30,14.26
12-01-2024 16:13:30,14.31
12-01-2024 16:23:30,14.39
12-01-2024 16:33:30,14.31
12-01-2024 16:43:30,14.35
12-01-2024 16:53:30,14.32
12-01-2024 17:03:30,14.28
12-01-2024 17:13:30,14.27
12-01-2024 17:23:30,14.26
12-01-2024 17:33:30,14.33
12-01-2024 17:43:30,14.31
12-01-2024 17:53:30,14.21
12-01-2024 18:03:30,14.25
12-01-2024 18:13:30,14.22
12-01-2024 18:23:30,14.21
12-01-2024 18:33:30,14.11
12-01-2024 18:43:30,14.15
12-01-2024 18:53:30,14.11
12-01-2024 19:03:30,14.1
12-01-2024 19:13:30,14.09
12-01-2024 19:23:30,14.02
12-01-2024 19:33:30,13.97
12-01-2024 19:43:30,13.97
12-01-2024 19:53:30,13.95
12-01-2024 20:03:30,13.94
12-01-2024 20:13:30,13.89
12-01-2024 20:23:30,13.91
12-01-2024 20:33:30,13.84
12-01-2024 20:43:30,13.85
12-01-2024 20:53:30,13.8
12-01-2024 21:03:30,13.77
12-01-2024 21:13:30,13.72
12-01-2024 21:23:30,13.72
12-01-2024 21:33:30,13.7
12-01-2024 21:43:30,13.65
12-01-2024 21:53:30,13.64
12-01-2024 22:03:30,13.59
12-01-2024 22:13:30,13.55
12-01-2024 22:23:30,13.55
12-01-2024 22:33:30,13.53
12-01-2024 22:43:30,13.49
12-01-2024 22:53:30,13.5
12-01-2024 23:03:30,13.46
12-01-2024 23:13:30,13.51
12-01-2024 23:33:30,13.48
12-01-2024 23:43:30,13.47
12-01-2024 23:53:30,13.46
12-04-2024 00:04:10,13.86
12-04-2024 00:14:10,13.88
12-04-2024 00:24:10,13.89
12-04-2024 00:34:10,13.9
12-04-2024 00:44:10,13.92
12-04-2024 00:54:10,13.93
12-04-2024 01:04:10,13.94
12-04-2024 01:14:10,13.95
12-04-2024 01:24:10,13.96
12-04-2024 01:34:10,13.97
12-04-2024 01:44:10,13.97
12-04-2024 01:54:10,13.98
12-04-2024 02:04:10,13.99
12-04-2024 02:14:10,13.99
12-04-2024 02:24:10,14
12-04-2024 02:34:10,14
12-04-2024 02:44:10,14.01
12-04-2024 02:54:10,14.01
12-04-2024 03:04:10,14.02
12-04-2024 03:14:10,14.02
12-04-2024 03:24:10,14.02
12-04-2024 03:34:10,14.01
12-04-2024 03:44:10,14.02
12-04-2024 03:54:10,14.02
12-04-2024 04:04:10,14.02
12-04-2024 04:14:10,14.02
12-04-2024 04:24:10,14.01
12-04-2024 04:34:10,14
12-04-2024 04:44:10,14
12-04-2024 04:54:10,13.99
12-04-2024 05:04:10,13.98
12-04-2024 05:14:10,13.98
12-04-2024 05:24:10,13.97
12-04-2024 05:34:10,13.96
12-04-2024 05:44:10,13.96
12-04-2024 05:54:10,13.95
12-04-2024 06:04:10,13.94
12-04-2024 06:14:10,13.93
12-04-2024 06:24:10,13.92
12-04-2024 06:34:10,13.92
12-04-2024 06:44:10,13.91
12-04-2024 06:54:10,13.9
12-04-2024 07:04:10,13.89
12-04-2024 07:14:10,13.88
12-04-2024 07:24:10,13.88
12-04-2024 07:34:10,13.88
12-04-2024 07:44:10,13.88
12-04-2024 07:54:10,13.88
12-04-2024 08:04:10,13.89
12-04-2024 08:14:10,13.9
12-04-2024 08:24:10,13.9
12-04-2024 08:34:10,13.9
12-04-2024 08:44:10,13.91
12-04-2024 08:54:10,13.92
12-04-2024 09:04:10,13.93
12-04-2024 09:14:10,13.93
12-04-2024 09:24:10,13.94
12-04-2024 09:34:10,13.95
12-04-2024 09:44:10,13.96
12-04-2024 09:54:10,13.98
12-04-2024 10:04:10,14
12-04-2024 10:14:10,14.04
12-04-2024 10:24:10,14.09
12-04-2024 10:34:10,14.13
12-04-2024 10:44:10,14.18
12-04-2024 10:54:10,14.23
12-04-2024 11:04:10,14.27
12-04-2024 11:14:10,14.31
12-04-2024 11:24:10,14.34
12-04-2024 11:34:10,14.36
12-04-2024 11:44:10,14.39
12-04-2024 11:54:10,14.43
12-04-2024 12:04:10,14.47
12-04-2024 12:14:10,14.49
12-04-2024 12:24:10,14.52
12-04-2024 12:34:10,14.55
12-04-2024 12:44:10,14.57
12-04-2024 12:54:10,14.59
12-04-2024 13:04:10,14.62
12-04-2024 13:14:10,14.65
12-04-2024 13:24:10,14.67
12-04-2024 13:34:10,14.7
12-04-2024 13:44:10,14.71
12-04-2024 13:54:10,14.74
12-04-2024 14:04:10,14.75
12-04-2024 14:14:10,14.76
12-04-2024 14:24:10,14.77
12-04-2024 14:34:10,14.78
12-04-2024 14:44:10,14.78
12-04-2024 14:54:10,14.78
12-04-2024 15:04:10,14.79
12-04-2024 15:14:10,14.78
12-04-2024 15:24:10,14.79
12-04-2024 15:34:10,14.78
12-04-2024 15:44:10,14.76
12-04-2024 15:54:10,14.75
12-04-2024 16:04:10,14.75
12-04-2024 16:14:10,14.75
12-04-2024 16:24:10,14.74
12-04-2024 16:34:10,14.72
12-04-2024 16:44:10,14.72
12-04-2024 16:54:10,14.69
12-04-2024 17:04:10,14.67
12-04-2024 17:14:10,14.65
12-04-2024 17:24:10,14.62
12-04-2024 17:34:10,14.6
12-04-2024 17:44:10,14.6
12-04-2024 17:54:10,14.59
12-04-2024 18:04:10,14.56
12-04-2024 18:14:10,14.55
12-04-2024 18:24:10,14.53
12-04-2024 18:34:10,14.51
12-04-2024 18:44:10,14.48
12-04-2024 18:54:10,14.47
12-04-2024 19:04:10,14.44
12-04-2024 19:14:10,14.42
12-04-2024 19:24:10,14.39
12-04-2024 19:34:10,14.36
12-04-2024 19:44:10,14.34
12-04-2024 19:54:10,14.32
12-04-2024 20:04:10,14.29
12-04-2024 20:14:10,14.26
12-04-2024 20:24:10,14.23
12-04-2024 20:34:10,14.19
12-04-2024 20:44:10,14.17
12-04-2024 20:54:10,14.14
12-04-2024 21:04:10,14.09
12-04-2024 21:14:10,14.08
12-04-2024 21:24:10,14.04
12-04-2024 21:34:10,14
12-04-2024 21:44:10,13.96
12-04-2024 21:54:10,13.94
12-04-2024 22:04:10,13.9
12-04-2024 22:14:10,13.87
12-04-2024 22:24:10,13.85
12-04-2024 22:34:10,13.82
12-04-2024 22:44:10,13.79
12-04-2024 22:54:10,13.78
12-04-2024 23:04:10,13.75
12-04-2024 23:14:10,13.73
12-04-2024 23:24:10,13.71
12-04-2024 23:34:10,13.69
12-04-2024 23:44:10,13.68
12-04-2024 23:54:10,13.66
12-05-2024 00:04:10,13.65
12-05-2024 00:14:10,13.64
12-05-2024 00:24:10,13.63
12-05-2024 00:34:10,13.61
12-05-2024 00:44:10,13.6
12-05-2024 00:54:10,13.58
12-05-2024 01:04:10,13.56
12-05-2024 01:14:10,13.55
12-05-2024 01:24:10,13.55
12-05-2024 01:34:10,13.53
12-05-2024 01:44:10,13.52
12-05-2024 01:54:10,13.52
12-05-2024 02:04:10,13.51
12-05-2024 02:14:10,13.5
12-05-2024 02:24:10,13.48
12-05-2024 02:34:10,13.48
12-05-2024 02:44:10,13.47
12-05-2024 02:54:10,13.47
12-05-2024 03:04:10,13.47
12-05-2024 03:14:10,13.47
12-05-2024 03:24:10,13.47
12-05-2024 03:34:10,13.46
12-05-2024 03:44:10,13.46
12-05-2024 03:54:10,13.47
12-05-2024 04:04:10,13.46
12-05-2024 04:14:10,13.45
12-05-2024 04:24:10,13.45
12-05-2024 04:34:10,13.44
12-05-2024 04:44:10,13.43
12-05-2024 04:54:10,13.42
12-05-2024 05:04:10,13.42
12-05-2024 05:14:10,13.41
12-05-2024 05:24:10,13.4
12-05-2024 05:34:10,13.38
12-05-2024 05:44:10,13.36
12-05-2024 05:54:10,13.36
12-05-2024 06:04:10,13.35
12-05-2024 06:14:10,13.34
12-05-2024 06:24:10,13.33
12-05-2024 06:34:10,13.3
12-05-2024 06:44:10,13.29
12-05-2024 06:54:10,13.26
12-05-2024 07:04:10,13.25
12-05-2024 07:14:10,13.24
12-05-2024 07:24:10,13.23
12-05-2024 07:34:10,13.21
12-05-2024 07:44:10,13.21
12-05-2024 07:54:10,13.2
12-05-2024 08:04:10,13.2
12-05-2024 08:14:10,13.18
12-05-2024 08:24:10,13.18
12-05-2024 08:34:10,13.17
12-05-2024 08:44:10,13.18
12-05-2024 08:54:10,13.19
12-05-2024 09:04:10,13.19
12-05-2024 09:14:10,13.19
12-05-2024 09:24:10,13.21
12-05-2024 09:34:10,13.21
12-05-2024 09:44:10,13.23
12-05-2024 09:54:10,13.24
12-05-2024 10:04:10,13.28
12-05-2024 10:14:10,13.31
12-05-2024 10:24:10,13.34
12-05-2024 10:34:10,13.38
12-05-2024 10:44:10,13.43
12-05-2024 10:54:10,13.47
12-05-2024 11:04:10,13.51
12-05-2024 11:14:10,13.54
12-05-2024 11:24:10,13.56
12-05-2024 11:34:10,13.58
12-05-2024 11:44:10,13.61
12-05-2024 11:54:10,13.64
12-05-2024 12:04:10,13.66
12-05-2024 12:14:10,13.67
12-05-2024 12:24:10,13.67
12-05-2024 12:34:10,13.69
12-05-2024 12:44:10,13.68
12-05-2024 12:54:10,13.7
12-05-2024 13:04:10,13.7
12-05-2024 13:14:10,13.72
12-05-2024 13:24:10,13.74
12-05-2024 13:34:10,13.75
12-05-2024 13:44:10,13.78
12-05-2024 13:54:10,13.79
12-05-2024 14:04:10,13.81
12-05-2024 14:14:10,13.82
12-05-2024 14:24:10,13.83
12-05-2024 14:34:10,13.85
12-05-2024 14:44:10,13.85
12-05-2024 14:54:10,13.87
12-05-2024 15:04:10,13.87
12-05-2024 15:14:10,13.88
12-05-2024 15:24:10,13.89
12-05-2024 15:34:10,13.89
12-05-2024 15:44:10,13.9
12-05-2024 15:54:10,13.91
12-05-2024 16:04:10,13.91
12-05-2024 16:14:10,13.92
12-05-2024 16:24:10,13.9
12-05-2024 16:34:10,13.9
12-05-2024 16:44:10,13.89
12-05-2024 16:54:10,13.88
12-05-2024 17:04:10,13.88
12-05-2024 17:14:10,13.87
12-05-2024 17:24:10,13.86
12-05-2024 17:34:10,13.85
12-05-2024 17:44:10,13.84
12-05-2024 17:54:10,13.83
12-05-2024 18:04:10,13.81
12-05-2024 18:14:10,13.8
12-05-2024 18:24:10,13.78
12-05-2024 18:34:10,13.77
12-05-2024 18:44:10,13.74
12-05-2024 18:54:10,13.72
12-05-2024 19:04:10,13.7
12-05-2024 19:14:10,13.68
12-05-2024 19:24:10,13.66
12-05-2024 19:34:10,13.64
12-05-2024 19:44:10,13.62
12-05-2024 19:54:10,13.6
12-05-2024 20:04:10,13.58
12-05-2024 20:14:10,13.56
12-05-2024 20:24:10,13.54
12-05-2024 20:34:10,13.52
12-05-2024 20:44:10,13.51
12-05-2024 20:54:10,13.5
12-05-2024 21:04:10,13.49
12-05-2024 21:14:10,13.48
12-05-2024 21:24:10,13.46
12-05-2024 21:34:10,13.46
12-05-2024 21:44:10,13.46
12-05-2024 21:54:10,13.47
12-05-2024 22:04:10,13.47
12-05-2024 22:14:10,13.47
12-05-2024 22:24:10,13.48
12-05-2024 22:34:10,13.5
12-05-2024 22:44:10,13.52
12-05-2024 22:54:10,13.52
12-05-2024 23:04:10,13.54
12-05-2024 23:14:10,13.55
12-05-2024 23:24:10,13.56
12-05-2024 23:34:10,13.56
12-05-2024 23:44:10,13.57
12-05-2024 23:54:10,13.57
12-07-2024 00:04:10,12.86
12-07-2024 00:14:10,12.85
12-07-2024 00:24:10,12.84
12-07-2024 00:34:10,12.83
12-07-2024 00:44:10,12.82
12-07-2024 00:54:10,12.81
12-07-2024 01:04:10,12.8
12-07-2024 01:14:10,12.79
12-07-2024 01:24:10,12.78
12-07-2024 01:34:10,12.77
12-07-2024 01:44:10,12.75
12-07-2024 01:54:10,12.74
12-07-2024 02:04:10,12.73
12-07-2024 02:14:10,12.7
12-07-2024 02:24:10,12.68
12-07-2024 02:34:10,12.67
12-07-2024 02:44:10,12.65
12-07-2024 02:54:10,12.63
12-07-2024 03:04:10,12.62
12-07-2024 03:14:10,12.6
12-07-2024 03:24:10,12.58
12-07-2024 03:34:10,12.57
12-07-2024 03:44:10,12.55
12-07-2024 03:54:10,12.53
12-07-2024 04:04:10,12.52
12-07-2024 04:14:10,12.49
12-07-2024 04:24:10,12.48
12-07-2024 04:34:10,12.46
12-07-2024 04:44:10,12.45
12-07-2024 04:54:10,12.44
12-07-2024 05:04:10,12.42
12-07-2024 05:14:10,12.4
12-07-2024 05:24:10,12.39
12-07-2024 05:34:10,12.37
12-07-2024 05:44:10,12.36
12-07-2024 05:54:10,12.34
12-07-2024 06:04:10,12.34
12-07-2024 06:14:10,12.32
12-07-2024 06:24:10,12.31
12-07-2024 06:34:10,12.3
12-07-2024 06:44:10,12.28
12-07-2024 06:54:10,12.27
12-07-2024 07:04:10,12.26
12-07-2024 07:14:10,12.25
12-07-2024 07:24:10,12.25
12-07-2024 07:34:10,12.23
12-07-2024 07:44:10,12.22
12-07-2024 07:54:10,12.22
12-07-2024 08:04:10,12.22
12-07-2024 08:14:10,12.21
12-07-2024 08:24:10,12.21
12-07-2024 08:34:10,12.22
12-07-2024 08:44:10,12.22
12-07-2024 08:54:10,12.23
12-07-2024 09:04:10,12.23
12-07-2024 09:14:10,12.24
12-07-2024 09:24:10,12.25
12-07-2024 09:34:10,12.26
12-07-2024 09:44:10,12.28
12-07-2024 09:54:10,12.31
12-07-2024 10:04:10,12.34
12-07-2024 10:14:10,12.39
12-07-2024 10:24:10,12.45
12-07-2024 10:34:10,12.51
12-07-2024 10:44:10,12.57
12-07-2024 10:54:10,12.63
12-07-2024 11:04:10,12.66
12-07-2024 11:14:10,12.7
12-07-2024 11:24:10,12.73
12-07-2024 11:34:10,12.76
12-07-2024 11:44:10,12.79
12-07-2024 11:54:10,12.82
12-07-2024 12:04:10,12.85
12-07-2024 12:14:10,12.87
12-07-2024 12:24:10,12.88
12-07-2024 12:34:10,12.89
12-07-2024 12:44:10,12.91
12-07-2024 12:54:10,12.92
12-07-2024 13:04:10,12.93
12-07-2024 13:14:10,12.96
12-07-2024 13:24:10,12.98
12-07-2024 13:34:10,13.02
12-07-2024 13:44:10,13.04
12-07-2024 13:54:10,13.06
12-07-2024 14:04:10,13.08
12-07-2024 14:14:10,13.09
12-07-2024 14:24:10,13.1
12-07-2024 14:34:10,13.11
12-07-2024 14:44:10,13.12
12-07-2024 14:54:10,13.13
12-07-2024 15:04:10,13.14
12-07-2024 15:14:10,13.14
12-07-2024 15:24:10,13.15
12-07-2024 15:34:10,13.16
12-07-2024 15:44:10,13.17
12-07-2024 15:54:10,13.18
12-07-2024 16:04:10,13.2
12-07-2024 16:14:10,13.21
12-07-2024 16:24:10,13.22
12-07-2024 16:34:10,13.23
12-07-2024 16:44:10,13.23
12-07-2024 16:54:10,13.24
12-07-2024 17:04:10,13.24
12-07-2024 17:14:10,13.24
12-07-2024 17:24:10,13.23
12-07-2024 17:34:10,13.23
12-07-2024 17:44:10,13.21
12-07-2024 17:54:10,13.21
12-07-2024 18:04:10,13.2
12-07-2024 18:14:10,13.18
12-07-2024 18:24:10,13.17
12-07-2024 18:34:10,13.14
12-07-2024 18:44:10,13.13
12-07-2024 18:54:10,13.1
12-07-2024 19:04:10,13.09
12-07-2024 19:14:10,13.07
12-07-2024 19:24:10,13.05
12-07-2024 19:34:10,13.02
12-07-2024 19:44:10,13
12-07-2024 19:54:10,12.97
12-07-2024 20:04:10,12.95
12-07-2024 20:14:10,12.93
12-07-2024 20:24:10,12.9
12-07-2024 20:34:10,12.87
12-07-2024 20:44:10,12.84
12-07-2024 20:54:10,12.82
12-07-2024 21:04:10,12.79
12-07-2024 21:14:10,12.77
12-07-2024 21:24:10,12.75
12-07-2024 21:34:10,12.73
12-07-2024 21:44:10,12.72
12-07-2024 21:54:10,12.71
12-07-2024 22:04:10,12.7
12-07-2024 22:14:10,12.69
12-07-2024 22:24:10,12.67
12-07-2024 22:34:10,12.67
12-07-2024 22:44:10,12.67
12-07-2024 22:54:10,12.66
12-07-2024 23:04:10,12.66
12-07-2024 23:14:10,12.66
12-07-2024 23:24:10,12.65
12-07-2024 23:34:10,12.65
12-07-2024 23:44:10,12.65
12-07-2024 23:54:10,12.64
12-09-2024 00:04:10,13.06
12-09-2024 00:14:10,13.07
12-09-2024 00:24:10,13.1
12-09-2024 00:34:10,13.1
12-09-2024 00:44:10,13.12
12-09-2024 00:54:10,13.13
12-09-2024 01:04:10,13.14
12-09-2024 01:14:10,13.15
12-09-2024 01:24:10,13.15
12-09-2024 01:34:10,13.16
12-09-2024 01:44:10,13.16
12-09-2024 01:54:10,13.17
12-09-2024 02:04:10,13.18
12-09-2024 02:14:10,13.18
12-09-2024 02:24:10,13.18
12-09-2024 02:34:10,13.18
12-09-2024 02:44:10,13.18
12-09-2024 02:54:10,13.18
12-09-2024 03:04:10,13.19
12-09-2024 03:14:10,13.19
12-09-2024 03:24:10,13.18
12-09-2024 03:34:10,13.18
12-09-2024 03:44:10,13.18
12-09-2024 03:54:10,13.18
12-09-2024 04:04:10,13.17
12-09-2024 04:14:10,13.17
12-09-2024 04:24:10,13.16
12-09-2024 04:34:10,13.15
12-09-2024 04:44:10,13.15
12-09-2024 04:54:10,13.15
12-09-2024 05:04:10,13.14
12-09-2024 05:14:10,13.14
12-09-2024 05:24:10,13.13
12-09-2024 05:34:10,13.13
12-09-2024 05:44:10,13.13
12-09-2024 05:54:10,13.12
12-09-2024 06:04:10,13.11
12-09-2024 06:14:10,13.1
12-09-2024 06:24:10,13.09
12-09-2024 06:34:10,13.08
12-09-2024 06:44:10,13.07
12-09-2024 06:54:10,13.06
12-09-2024 07:04:10,13.06
12-09-2024 07:14:10,13.05
12-09-2024 07:24:10,13.04
12-09-2024 07:34:10,13.04
12-09-2024 07:44:10,13.03
12-09-2024 07:54:10,13.03
12-09-2024 08:04:10,13.03
12-09-2024 08:14:10,13.03
12-09-2024 08:24:10,13.03
12-09-2024 08:34:10,13.03
12-09-2024 08:44:10,13.03
12-09-2024 08:54:10,13.04
12-09-2024 09:04:10,13.05
12-09-2024 09:14:10,13.05
12-09-2024 09:24:10,13.06
12-09-2024 09:34:10,13.07
12-09-2024 09:44:10,13.07
12-09-2024 09:54:10,13.09
12-09-2024 10:04:10,13.1
12-09-2024 10:14:10,13.14
12-09-2024 10:24:10,13.18
12-09-2024 10:34:10,13.22
12-09-2024 10:44:10,13.27
12-09-2024 10:54:10,13.32
12-09-2024 11:04:10,13.35
12-09-2024 11:14:10,13.39
12-09-2024 11:24:10,13.42
12-09-2024 11:34:10,13.44
12-09-2024 11:44:10,13.46
12-09-2024 11:54:10,13.49
12-09-2024 12:04:10,13.52
12-09-2024 12:14:10,13.55
12-09-2024 12:24:10,13.56
12-09-2024 12:34:10,13.58
12-09-2024 12:44:10,13.6
12-09-2024 12:54:10,13.62
12-09-2024 13:04:10,13.64
12-09-2024 13:14:10,13.66
12-09-2024 13:24:10,13.69
12-09-2024 13:34:10,13.72
12-09-2024 13:44:10,13.75
12-09-2024 13:54:10,13.78
12-09-2024 14:04:10,13.8
12-09-2024 14:14:10,13.82
12-09-2024 14:24:10,13.83
12-09-2024 14:34:10,13.84
12-09-2024 14:44:10,13.85
12-09-2024 14:54:10,13.85
12-09-2024 15:04:10,13.86
12-09-2024 15:14:10,13.86
12-09-2024 15:24:10,13.87
12-09-2024 15:34:10,13.88
12-09-2024 15:44:10,13.88
12-09-2024 15:54:10,13.89
12-09-2024 16:04:10,13.88
12-09-2024 16:14:10,13.87
12-09-2024 16:24:10,13.86
12-09-2024 16:34:10,13.86
12-09-2024 16:44:10,13.86
12-09-2024 16:54:10,13.86
12-09-2024 17:04:10,13.85
12-09-2024 17:14:10,13.83
12-09-2024 17:24:10,13.79
12-09-2024 17:34:10,13.77
12-09-2024 17:44:10,13.75
12-09-2024 17:54:10,13.74
12-09-2024 18:04:10,13.74
12-09-2024 18:14:10,13.72
12-09-2024 18:24:10,13.73
12-09-2024 18:34:10,13.71
12-09-2024 18:44:10,13.68
12-09-2024 18:54:10,13.67
12-09-2024 19:04:10,13.65
12-09-2024 19:14:10,13.63
12-09-2024 19:24:10,13.61
12-09-2024 19:34:10,13.59
12-09-2024 19:44:10,13.57
12-09-2024 19:54:10,13.54
12-09-2024 20:04:10,13.5
12-09-2024 20:14:10,13.47
12-09-2024 20:24:10,13.44
12-09-2024 20:34:10,13.4
12-09-2024 20:44:10,13.37
12-09-2024 20:54:10,13.34
12-09-2024 21:04:10,13.31
12-09-2024 21:14:10,13.28
12-09-2024 21:24:10,13.25
12-09-2024 21:34:10,13.21
12-09-2024 21:44:10,13.18
12-09-2024 21:54:10,13.16
12-09-2024 22:04:10,13.13
12-09-2024 22:14:10,13.1
12-09-2024 22:24:10,13.09
12-09-2024 22:34:10,13.06
12-09-2024 22:44:10,13.03
12-09-2024 22:54:10,13.02
12-09-2024 23:04:10,13
12-09-2024 23:14:10,12.97
12-09-2024 23:24:10,12.96
12-09-2024 23:34:10,12.93
12-09-2024 23:44:10,12.92
12-09-2024 23:54:10,12.91
12-11-2024 00:04:10,11.41
12-11-2024 00:14:10,11.4
12-11-2024 00:24:10,11.37
12-11-2024 00:34:10,11.36
12-11-2024 00:44:10,11.34
12-11-2024 00:54:10,11.33
12-11-2024 01:04:10,11.3
12-11-2024 01:14:10,11.28
12-11-2024 01:24:10,11.26
12-11-2024 01:34:10,11.24
12-11-2024 01:44:10,11.22
12-11-2024 01:54:10,11.19
12-11-2024 02:04:10,11.18
12-11-2024 02:14:10,11.15
12-11-2024 02:24:10,11.14
12-11-2024 02:34:10,11.11
12-11-2024 02:44:10,11.08
12-11-2024 02:54:10,11.07
12-11-2024 03:04:10,11.04
12-11-2024 03:14:10,11.02
12-11-2024 03:24:10,11
12-11-2024 03:34:10,10.97
12-11-2024 03:44:10,10.95
12-11-2024 03:54:10,10.93
12-11-2024 04:04:10,10.9
12-11-2024 04:14:10,10.87
12-11-2024 04:24:10,10.86
12-11-2024 04:34:10,10.84
12-11-2024 04:44:10,10.82
12-11-2024 04:54:10,10.81
12-11-2024 05:04:10,10.78
12-11-2024 05:14:10,10.75
12-11-2024 05:24:10,10.73
12-11-2024 05:34:10,10.7
12-11-2024 05:44:10,10.68
12-11-2024 05:54:10,10.65
12-11-2024 06:04:10,10.63
12-11-2024 06:14:10,10.63
12-11-2024 06:24:10,10.6
12-11-2024 06:34:10,10.58
12-11-2024 06:44:10,10.56
12-11-2024 06:54:10,10.54
12-11-2024 07:04:10,10.53
12-11-2024 07:14:10,10.52
12-11-2024 07:24:10,10.5
12-11-2024 07:34:10,10.48
12-11-2024 07:44:10,10.47
12-11-2024 07:54:10,10.45
12-11-2024 08:04:10,10.45
12-11-2024 08:14:10,10.44
12-11-2024 08:24:10,10.43
12-11-2024 08:34:10,10.44
12-11-2024 08:44:10,10.44
12-11-2024 08:54:10,10.44
12-11-2024 09:04:10,10.45
12-11-2024 09:14:10,10.47
12-11-2024 09:24:10,10.5
12-11-2024 09:34:10,10.52
12-11-2024 09:44:10,10.55
12-11-2024 09:54:10,10.58
12-11-2024 10:04:10,10.62
12-11-2024 10:14:10,10.67
12-11-2024 10:24:10,10.71
12-11-2024 10:34:10,10.77
12-11-2024 10:44:10,10.81
12-11-2024 10:54:10,10.85
12-11-2024 11:04:10,10.91
12-11-2024 11:14:10,10.95
12-11-2024 11:24:10,10.99
12-11-2024 11:34:10,11.03
12-11-2024 11:44:10,11.07
12-11-2024 11:54:10,11.11
12-11-2024 12:04:10,11.15
12-11-2024 12:14:10,11.19
12-11-2024 12:24:10,11.23
12-11-2024 12:34:10,11.25
12-11-2024 12:44:10,11.29
12-11-2024 12:54:10,11.32
12-11-2024 13:04:10,11.35
12-11-2024 13:14:10,11.37
12-11-2024 13:24:10,11.4
12-11-2024 13:34:10,11.42
12-11-2024 13:44:10,11.44
12-11-2024 13:54:10,11.47
12-11-2024 14:04:10,11.5
12-11-2024 14:14:10,11.52
12-11-2024 14:24:10,11.54
12-11-2024 14:34:10,11.57
12-11-2024 14:44:10,11.58
12-11-2024 14:54:10,11.6
12-11-2024 15:04:10,11.61
12-11-2024 15:14:10,11.64
12-11-2024 15:24:10,11.67
12-11-2024 15:34:10,11.68
12-11-2024 15:44:10,11.7
12-11-2024 15:54:10,11.73
12-11-2024 16:04:10,11.76
12-11-2024 16:14:10,11.79
12-11-2024 16:24:10,11.82
12-11-2024 16:34:10,11.85
12-11-2024 16:44:10,11.89
12-11-2024 16:54:10,11.92
12-11-2024 17:04:10,11.95
12-11-2024 17:14:10,11.98
12-11-2024 17:24:10,12.01
12-11-2024 17:34:10,12.04
12-11-2024 17:44:10,12.07
12-11-2024 17:54:10,12.1
12-11-2024 18:04:10,12.11
12-11-2024 18:14:10,12.14
12-11-2024 18:24:10,12.15
12-11-2024 18:34:10,12.16
12-11-2024 18:44:10,12.18
12-11-2024 18:54:10,12.18
12-11-2024 19:04:10,12.19
12-11-2024 19:14:10,12.18
12-11-2024 19:24:10,12.18
12-11-2024 19:34:10,12.19
12-11-2024 19:44:10,12.18
12-11-2024 19:54:10,12.19
12-11-2024 20:04:10,12.18
12-11-2024 20:14:10,12.18
12-11-2024 20:24:10,12.18
12-11-2024 20:34:10,12.18
12-11-2024 20:44:10,12.18
12-11-2024 20:54:10,12.18
12-11-2024 21:04:10,12.19
12-11-2024 21:14:10,12.2
12-11-2024 21:24:10,12.2
12-11-2024 21:34:10,12.21
12-11-2024 21:44:10,12.22
12-11-2024 21:54:10,12.22
12-11-2024 22:04:10,12.22
12-11-2024 22:14:10,12.22
12-11-2024 22:24:10,12.22
12-11-2024 22:34:10,12.22
12-11-2024 22:44:10,12.21
12-11-2024 22:54:10,12.2
12-11-2024 23:04:10,12.19
12-11-2024 23:24:10,12.17
12-11-2024 23:34:10,12.16
12-11-2024 23:44:10,12.15
12-11-2024 23:54:10,12.13
12-12-2024 00:04:10,12.12
12-12-2024 00:14:10,12.1
12-12-2024 00:24:10,12.07
12-12-2024 00:34:10,12.05
12-12-2024 00:44:10,12.03
12-12-2024 00:54:10,12.01
12-12-2024 01:04:10,11.99
12-12-2024 01:14:10,11.98
12-12-2024 01:24:10,11.96
12-12-2024 01:34:10,11.93
12-12-2024 01:44:10,11.91
12-12-2024 01:54:10,11.9
12-12-2024 02:04:10,11.88
12-12-2024 02:14:10,11.86
12-12-2024 02:24:10,11.84
12-12-2024 02:34:10,11.82
12-12-2024 02:44:10,11.8
12-12-2024 02:54:10,11.76
12-12-2024 03:04:10,11.75
12-12-2024 03:14:10,11.74
12-12-2024 03:24:10,11.71
12-12-2024 03:34:10,11.69
12-12-2024 03:44:10,11.66
12-12-2024 03:54:10,11.63
12-12-2024 04:04:10,11.6
12-12-2024 04:14:10,11.58
12-12-2024 04:24:10,11.54
12-12-2024 04:34:10,11.53
12-12-2024 04:44:10,11.48
12-12-2024 04:54:10,11.45
12-12-2024 05:04:10,11.41
12-12-2024 05:14:10,11.37
12-12-2024 05:24:10,11.33
12-12-2024 05:34:10,11.27
12-12-2024 05:44:10,11.24
12-12-2024 05:54:10,11.2
12-12-2024 06:04:10,11.15
12-12-2024 06:14:10,11.13
12-12-2024 06:24:10,11.08
12-12-2024 06:34:10,11.03
12-12-2024 06:44:10,11
12-12-2024 06:54:10,10.98
12-12-2024 07:04:10,10.94
12-12-2024 07:14:10,10.92
12-12-2024 07:24:10,10.9
12-12-2024 07:34:10,10.89
12-12-2024 07:44:10,10.87
12-12-2024 07:54:10,10.85
12-12-2024 08:04:10,10.84
12-12-2024 08:14:10,10.84
12-12-2024 08:24:10,10.84
12-12-2024 08:34:10,10.85
12-12-2024 08:44:10,10.85
12-12-2024 08:54:10,10.87
12-12-2024 09:04:10,10.88
12-12-2024 09:14:10,10.9
12-12-2024 09:24:10,10.92
12-12-2024 09:34:10,10.95
12-12-2024 09:44:10,10.98
12-12-2024 09:54:10,11.01
12-12-2024 10:04:10,11.05
12-12-2024 10:14:10,11.1
12-12-2024 10:24:10,11.15
12-12-2024 10:34:10,11.21
12-12-2024 10:44:10,11.27
12-12-2024 10:54:10,11.32
12-12-2024 11:04:10,11.37
12-12-2024 11:14:10,11.41
12-12-2024 11:24:10,11.43
12-12-2024 11:34:10,11.46
12-12-2024 11:44:10,11.48
12-12-2024 11:54:10,11.51
12-12-2024 12:04:10,11.53
12-12-2024 12:14:10,11.55
12-12-2024 12:24:10,11.55
12-12-2024 12:34:10,11.56
12-12-2024 12:44:10,11.57
12-12-2024 12:54:10,11.58
12-12-2024 13:04:10,11.59
12-12-2024 13:14:10,11.6
12-12-2024 13:24:10,11.62
12-12-2024 13:34:10,11.64
12-12-2024 13:44:10,11.66
12-12-2024 13:54:10,11.67
12-12-2024 14:04:10,11.7
12-12-2024 14:14:10,11.71
12-12-2024 14:24:10,11.72
12-12-2024 14:34:10,11.74
12-12-2024 14:44:10,11.75
12-12-2024 14:54:10,11.76
12-12-2024 15:04:10,11.78
12-12-2024 15:14:10,11.78
12-12-2024 15:24:10,11.79
12-12-2024 15:34:10,11.8
12-12-2024 15:44:10,11.81
12-12-2024 15:54:10,11.82
12-12-2024 16:04:10,11.83
12-12-2024 16:14:10,11.85
12-12-2024 16:24:10,11.87
12-12-2024 16:34:10,11.89
12-12-2024 16:44:10,11.91
12-12-2024 16:54:10,11.94
12-12-2024 17:04:10,11.99
12-12-2024 17:14:10,12.03
12-12-2024 17:24:10,12.08
12-12-2024 17:34:10,12.13
12-12-2024 17:44:10,12.16
12-12-2024 17:54:10,12.21
12-12-2024 18:04:10,12.23
12-12-2024 18:14:10,12.26
12-12-2024 18:24:10,12.3
12-12-2024 18:34:10,12.35
12-12-2024 18:44:10,12.39
12-12-2024 18:54:10,12.43
12-12-2024 19:04:10,12.48
12-12-2024 19:14:10,12.52
12-12-2024 19:24:10,12.56
12-12-2024 19:34:10,12.61
12-12-2024 19:44:10,12.65
12-12-2024 19:54:10,12.68
12-12-2024 20:04:10,12.72
12-12-2024 20:14:10,12.76
12-12-2024 20:24:10,12.8
12-12-2024 20:34:10,12.85
12-12-2024 20:44:10,12.89
12-12-2024 20:54:10,12.92
12-12-2024 21:04:10,12.95
12-12-2024 21:14:10,13
12-12-2024 21:24:10,13.03
12-12-2024 21:34:10,13.06
12-12-2024 21:44:10,13.09
12-12-2024 21:54:10,13.12
12-12-2024 22:04:10,13.15
12-12-2024 22:14:10,13.18
12-12-2024 22:24:10,13.21
12-12-2024 22:34:10,13.23
12-12-2024 22:44:10,13.24
12-12-2024 22:54:10,13.24
12-12-2024 23:04:10,13.24
12-12-2024 23:14:10,13.23
12-12-2024 23:24:10,13.22
12-12-2024 23:34:10,13.2
12-12-2024 23:44:10,13.18
12-12-2024 23:54:10,13.16
12-13-2024 00:04:10,13.13
12-13-2024 00:14:10,13.12
12-13-2024 00:24:10,13.09
12-13-2024 00:34:10,13.06
12-13-2024 00:44:10,13.04
12-13-2024 00:54:10,13.01
12-13-2024 01:04:10,13
12-13-2024 01:14:10,12.97
12-13-2024 01:24:10,12.95
12-13-2024 01:34:10,12.93
12-13-2024 01:44:10,12.91
12-13-2024 01:54:10,12.88
12-13-2024 02:04:10,12.86
12-13-2024 02:14:10,12.85
12-13-2024 02:24:10,12.83
12-13-2024 02:34:10,12.8
12-13-2024 02:44:10,12.78
12-13-2024 02:54:10,12.77
12-13-2024 03:04:10,12.75
12-13-2024 03:14:10,12.73
12-13-2024 03:24:10,12.72
12-13-2024 03:34:10,12.7
12-13-2024 03:44:10,12.67
12-13-2024 03:54:10,12.65
12-13-2024 04:04:10,12.64
12-13-2024 04:14:10,12.62
12-13-2024 04:24:10,12.6
12-13-2024 04:34:10,12.6
12-13-2024 04:44:10,12.58
12-13-2024 04:54:10,12.57
12-13-2024 05:04:10,12.55
12-13-2024 05:14:10,12.54
12-13-2024 05:24:10,12.54
12-13-2024 05:34:10,12.52
12-13-2024 05:44:10,12.51
12-13-2024 05:54:10,12.49
12-13-2024 06:04:10,12.48
12-13-2024 06:14:10,12.47
12-13-2024 06:24:10,12.46
12-13-2024 06:34:10,12.44
12-13-2024 06:44:10,12.43
12-13-2024 06:54:10,12.43
12-13-2024 07:04:10,12.42
12-13-2024 07:14:10,12.41
12-13-2024 07:24:10,12.41
12-13-2024 07:34:10,12.4
12-13-2024 07:44:10,12.41
12-13-2024 07:54:10,12.4
12-13-2024 08:04:10,12.41
12-13-2024 08:14:10,12.4
12-13-2024 08:24:10,12.42
12-13-2024 08:34:10,12.41
12-13-2024 08:44:10,12.43
12-13-2024 08:54:10,12.43
12-13-2024 09:04:10,12.44
12-13-2024 09:14:10,12.46
12-13-2024 09:24:10,12.47
12-13-2024 09:34:10,12.49
12-13-2024 09:44:10,12.5
12-13-2024 09:54:10,12.51
12-13-2024 10:04:10,12.53
12-13-2024 10:14:10,12.54
12-13-2024 10:24:10,12.57
12-13-2024 10:34:10,12.61
12-13-2024 10:44:10,12.65
12-13-2024 10:54:10,12.7
12-13-2024 11:04:10,12.76
12-13-2024 11:14:10,12.81
12-13-2024 11:24:10,12.85
12-13-2024 11:34:10,12.88
12-13-2024 11:44:10,12.91
12-13-2024 11:54:10,12.94
12-13-2024 12:04:10,12.97
12-13-2024 12:14:10,13.01
12-13-2024 12:24:10,13.04
12-13-2024 12:34:10,13.07
12-13-2024 12:44:10,13.09
12-13-2024 12:54:10,13.13
12-13-2024 13:04:10,13.15
12-13-2024 13:14:10,13.18
12-13-2024 13:34:10,13.25
12-13-2024 13:44:10,13.27
12-13-2024 13:54:10,13.3
12-13-2024 14:04:10,13.33
12-13-2024 14:14:10,13.36
12-13-2024 14:24:10,13.4
12-13-2024 14:34:10,13.44
12-13-2024 14:44:10,13.48
12-13-2024 14:54:10,13.51
12-13-2024 15:04:10,13.55
12-13-2024 15:14:10,13.58
12-13-2024 15:24:10,13.63
12-13-2024 15:34:10,13.65
12-13-2024 15:44:10,13.68
12-13-2024 15:54:10,13.7
12-13-2024 16:04:10,13.71
12-13-2024 16:14:10,13.73
12-13-2024 16:24:10,13.75
12-13-2024 16:34:10,13.76
12-13-2024 16:44:10,13.76
12-13-2024 16:54:10,13.77
12-13-2024 17:04:10,13.76
12-13-2024 17:14:10,13.76
12-13-2024 17:24:10,13.76
12-13-2024 17:34:10,13.76
12-13-2024 17:44:10,13.76
12-13-2024 17:54:10,13.76
12-13-2024 18:04:10,13.76
12-13-2024 18:14:10,13.76
12-13-2024 18:24:10,13.76
12-13-2024 18:34:10,13.76
12-13-2024 18:44:10,13.75
12-13-2024 18:54:10,13.75
12-13-2024 19:04:10,13.76
12-13-2024 19:14:10,13.75
12-13-2024 19:24:10,13.74
12-13-2024 19:34:10,13.74
12-13-2024 19:44:10,13.72
12-13-2024 19:54:10,13.72
12-13-2024 20:04:10,13.71
12-13-2024 20:14:10,13.69
12-13-2024 20:24:10,13.68
12-13-2024 20:34:10,13.66
12-13-2024 20:44:10,13.64
12-13-2024 20:54:10,13.63
12-13-2024 21:04:10,13.61
12-13-2024 21:14:10,13.59
12-13-2024 21:24:10,13.57
12-13-2024 21:34:10,13.55
12-13-2024 21:44:10,13.55
12-13-2024 21:54:10,13.51
12-13-2024 22:04:10,13.5
12-13-2024 22:14:10,13.49
12-13-2024 22:24:10,13.48
12-13-2024 22:34:10,13.46
12-13-2024 22:44:10,13.44
12-13-2024 22:54:10,13.42
12-13-2024 23:04:10,13.39
12-13-2024 23:14:10,13.38
12-13-2024 23:24:10,13.36
12-13-2024 23:34:10,13.32
12-13-2024 23:44:10,13.29
12-13-2024 23:54:10,13.28
12-14-2024 00:04:10,13.25
12-14-2024 00:14:10,13.23
12-14-2024 00:24:10,13.19
12-14-2024 00:34:10,13.15
12-14-2024 00:44:10,13.13
12-14-2024 00:54:10,13.1
12-14-2024 01:04:10,13.07
12-14-2024 01:14:10,13.04
12-14-2024 01:24:10,13.02
12-14-2024 01:34:10,13
12-14-2024 01:44:10,12.98
12-14-2024 01:54:10,12.95
12-14-2024 02:04:10,12.94
12-14-2024 02:14:10,12.92
12-14-2024 02:24:10,12.9
12-14-2024 02:34:10,12.88
12-14-2024 02:44:10,12.85
12-14-2024 02:54:10,12.84
12-14-2024 03:04:10,12.81
12-14-2024 03:14:10,12.79
12-14-2024 03:24:10,12.77
12-14-2024 03:34:10,12.73
12-14-2024 03:44:10,12.71
12-14-2024 03:54:10,12.68
12-14-2024 04:04:10,12.64
12-14-2024 04:14:10,12.6
12-14-2024 04:24:10,12.58
12-14-2024 04:34:10,12.55
12-14-2024 04:44:10,12.52
12-14-2024 04:54:10,12.5
12-14-2024 05:04:10,12.46
12-14-2024 05:14:10,12.44
12-14-2024 05:24:10,12.42
12-14-2024 05:34:10,12.4
12-14-2024 05:44:10,12.39
12-14-2024 05:54:10,12.36
12-14-2024 06:04:10,12.34
12-14-2024 06:14:10,12.33
12-14-2024 06:24:10,12.3
12-14-2024 06:34:10,12.29
12-14-2024 06:44:10,12.27
12-14-2024 06:54:10,12.24
12-14-2024 07:04:10,12.22
12-14-2024 07:14:10,12.21
12-14-2024 07:24:10,12.19
12-14-2024 07:34:10,12.18
12-14-2024 07:44:10,12.15
12-14-2024 07:54:10,12.15
12-14-2024 08:04:10,12.14
12-14-2024 08:14:10,12.12
12-14-2024 08:24:10,12.12
12-14-2024 08:34:10,12.1
12-14-2024 08:44:10,12.1
12-14-2024 08:54:10,12.1
12-14-2024 09:04:10,12.1
12-14-2024 09:14:10,12.11
12-14-2024 09:24:10,12.11
12-14-2024 09:34:10,12.13
12-14-2024 09:44:10,12.14
12-14-2024 09:54:10,12.16
12-14-2024 10:04:10,12.19
12-14-2024 10:14:10,12.23
12-14-2024 10:24:10,12.26
12-14-2024 10:34:10,12.31
12-14-2024 10:44:10,12.36
12-14-2024 10:54:10,12.41
12-14-2024 11:04:10,12.45
12-14-2024 11:14:10,12.49
12-14-2024 11:24:10,12.53
12-14-2024 11:34:10,12.56
12-14-2024 11:44:10,12.58
12-14-2024 11:54:10,12.61
12-14-2024 12:04:10,12.65
12-14-2024 12:14:10,12.67
12-14-2024 12:24:10,12.7
12-14-2024 12:34:10,12.7
12-14-2024 12:44:10,12.72
12-14-2024 12:54:10,12.74
12-14-2024 13:04:10,12.76
12-14-2024 13:14:10,12.78
12-14-2024 13:24:10,12.8
12-14-2024 13:34:10,12.83
12-14-2024 13:44:10,12.86
12-14-2024 13:54:10,12.89
12-14-2024 14:04:10,12.92
12-14-2024 14:14:10,12.95
12-14-2024 14:24:10,12.98
12-14-2024 14:34:10,13.02
12-14-2024 14:44:10,13.05
12-14-2024 14:54:10,13.08
12-14-2024 15:04:10,13.1
12-14-2024 15:14:10,13.12
12-14-2024 15:24:10,13.15
12-14-2024 15:34:10,13.16
12-14-2024 15:44:10,13.18
12-14-2024 15:54:10,13.19
12-14-2024 16:04:10,13.2
12-14-2024 16:14:10,13.21
12-14-2024 16:24:10,13.22
12-14-2024 16:34:10,13.22
12-14-2024 16:44:10,13.23
12-14-2024 16:54:10,13.22
12-14-2024 17:04:10,13.21
12-14-2024 17:14:10,13.2
12-14-2024 17:24:10,13.19
12-14-2024 17:34:10,13.19
12-14-2024 17:44:10,13.17
12-14-2024 17:54:10,13.17
12-14-2024 18:04:10,13.17
12-14-2024 18:14:10,13.17
12-14-2024 18:24:10,13.17
12-14-2024 18:34:10,13.17
12-14-2024 18:44:10,13.17
12-14-2024 18:54:10,13.17
12-14-2024 19:04:10,13.17
12-14-2024 19:14:10,13.17
12-14-2024 19:24:10,13.18
12-14-2024 19:34:10,13.17
12-14-2024 19:44:10,13.17
12-14-2024 19:54:10,13.15
12-14-2024 20:04:10,13.14
12-14-2024 20:14:10,13.14
12-14-2024 20:24:10,13.11
12-14-2024 20:34:10,13.1
12-14-2024 20:44:10,13.07
12-14-2024 20:54:10,13.05
12-14-2024 21:04:10,13.04
12-14-2024 21:14:10,13.01
12-14-2024 21:24:10,12.99
12-14-2024 21:34:10,12.96
12-14-2024 21:44:10,12.94
12-14-2024 21:54:10,12.93
12-14-2024 22:04:10,12.92
12-14-2024 22:14:10,12.91
12-14-2024 22:24:10,12.9
12-14-2024 22:34:10,12.89
12-14-2024 22:44:10,12.89
12-14-2024 22:54:10,12.88
12-14-2024 23:04:10,12.88
12-14-2024 23:14:10,12.87
12-14-2024 23:24:10,12.87
12-14-2024 23:34:10,12.86
12-14-2024 23:44:10,12.85
12-14-2024 23:54:10,12.85
12-15-2024 00:04:10,12.84
12-15-2024 00:14:10,12.85
12-15-2024 00:24:10,12.85
12-15-2024 00:34:10,12.84
12-15-2024 00:44:10,12.84
12-15-2024 00:54:10,12.85
12-15-2024 01:04:10,12.84
12-15-2024 01:14:10,12.85
12-15-2024 01:24:10,12.85
12-15-2024 01:34:10,12.86
12-15-2024 01:44:10,12.86
12-15-2024 01:54:10,12.88
12-15-2024 02:04:10,12.88
12-15-2024 02:14:10,12.89
12-15-2024 02:24:10,12.9
12-15-2024 02:34:10,12.91
12-15-2024 02:44:10,12.91
12-15-2024 02:54:10,12.91
12-15-2024 03:04:10,12.91
12-15-2024 03:14:10,12.9
12-15-2024 03:24:10,12.89
12-15-2024 03:34:10,12.87
12-15-2024 03:44:10,12.86
12-15-2024 03:54:10,12.84
12-15-2024 04:04:10,12.83
12-15-2024 04:14:10,12.81
12-15-2024 04:24:10,12.79
12-15-2024 04:34:10,12.77
12-15-2024 04:44:10,12.73
12-15-2024 04:54:10,12.72
12-15-2024 05:04:10,12.69
12-15-2024 05:14:10,12.66
12-15-2024 05:24:10,12.64
12-15-2024 05:34:10,12.61
12-15-2024 05:44:10,12.59
12-15-2024 05:54:10,12.55
12-15-2024 06:04:10,12.53
12-15-2024 06:14:10,12.51
12-15-2024 06:24:10,12.48
12-15-2024 06:34:10,12.45
12-15-2024 06:44:10,12.43
12-15-2024 06:54:10,12.41
12-15-2024 07:04:10,12.38
12-15-2024 07:14:10,12.36
12-15-2024 07:24:10,12.33
12-15-2024 07:34:10,12.3
12-15-2024 07:44:10,12.29
12-15-2024 07:54:10,12.26
12-15-2024 08:04:10,12.26
12-15-2024 08:14:10,12.23
12-15-2024 08:24:10,12.22
12-15-2024 08:34:10,12.22
12-15-2024 08:44:10,12.2
12-15-2024 08:54:10,12.2
12-15-2024 09:04:10,12.21
12-15-2024 09:14:10,12.21
12-15-2024 09:24:10,12.22
12-15-2024 09:34:10,12.24
12-15-2024 09:44:10,12.25
12-15-2024 09:54:10,12.26
12-15-2024 10:04:10,12.29
12-15-2024 10:14:10,12.33
12-15-2024 10:24:10,12.37
12-15-2024 10:34:10,12.43
12-15-2024 10:44:10,12.48
12-15-2024 10:54:10,12.53
12-15-2024 11:04:10,12.57
12-15-2024 11:14:10,12.62
12-15-2024 11:24:10,12.64
12-15-2024 11:34:10,12.67
12-15-2024 11:44:10,12.69
12-15-2024 11:54:10,12.72
12-15-2024 12:04:10,12.75
12-15-2024 12:14:10,12.77
12-15-2024 12:24:10,12.79
12-15-2024 12:34:10,12.8
12-15-2024 12:44:10,12.81
12-15-2024 12:54:10,12.83
12-15-2024 13:04:10,12.83
12-15-2024 13:14:10,12.85
12-15-2024 13:24:10,12.87
12-15-2024 13:34:10,12.89
12-15-2024 13:44:10,12.91
12-15-2024 13:54:10,12.93
12-15-2024 14:04:10,12.94
12-15-2024 14:14:10,12.95
12-15-2024 14:24:10,12.96
12-15-2024 14:34:10,12.97
12-15-2024 14:44:10,12.99
12-15-2024 14:54:10,12.99
12-15-2024 15:04:10,13
12-15-2024 15:14:10,12.99
12-15-2024 15:24:10,13
12-15-2024 15:34:10,13
12-15-2024 15:44:10,13
12-15-2024 15:54:10,13
12-15-2024 16:04:10,13
12-15-2024 16:14:10,13
12-15-2024 16:24:10,13
12-15-2024 16:34:10,12.97
12-15-2024 16:44:10,12.96
12-15-2024 16:54:10,12.94
12-15-2024 17:04:10,12.91
12-15-2024 17:14:10,12.91
12-15-2024 17:24:10,12.9
12-15-2024 17:34:10,12.89
12-15-2024 17:44:10,12.88
12-15-2024 17:54:10,12.86
12-15-2024 18:04:10,12.85
12-15-2024 18:14:10,12.83
12-15-2024 18:24:10,12.81
12-15-2024 18:34:10,12.81
12-15-2024 18:44:10,12.79
12-15-2024 18:54:10,12.77
12-15-2024 19:04:10,12.76
12-15-2024 19:14:10,12.73
12-15-2024 19:24:10,12.72
12-15-2024 19:34:10,12.71
12-15-2024 19:44:10,12.69
12-15-2024 19:54:10,12.67
12-15-2024 20:04:10,12.66
12-15-2024 20:14:10,12.63
12-15-2024 20:24:10,12.62
12-15-2024 20:34:10,12.6
12-15-2024 20:44:10,12.58
12-15-2024 20:54:10,12.57
12-15-2024 21:04:10,12.55
12-15-2024 21:14:10,12.53
12-15-2024 21:24:10,12.52
12-15-2024 21:34:10,12.5
12-15-2024 21:44:10,12.49
12-15-2024 21:54:10,12.47
12-15-2024 22:04:10,12.45
12-15-2024 22:14:10,12.45
12-15-2024 22:24:10,12.45
12-15-2024 22:34:10,12.44
12-15-2024 22:44:10,12.43
12-15-2024 22:54:10,12.43
12-15-2024 23:04:10,12.43
12-15-2024 23:14:10,12.43
12-15-2024 23:24:10,12.42
12-15-2024 23:34:10,12.41
12-15-2024 23:44:10,12.41
12-15-2024 23:54:10,12.4
12-16-2024 00:04:10,12.4
12-16-2024 00:14:10,12.38
12-16-2024 00:24:10,12.38
12-16-2024 00:34:10,12.37
12-16-2024 00:44:10,12.36
12-16-2024 00:54:10,12.35
12-16-2024 01:04:10,12.33
12-16-2024 01:14:10,12.31
12-16-2024 01:24:10,12.3
12-16-2024 01:34:10,12.28
12-16-2024 01:44:10,12.27
12-16-2024 01:54:10,12.26
12-16-2024 02:04:10,12.24
12-16-2024 02:14:10,12.22
12-16-2024 02:24:10,12.21
12-16-2024 02:34:10,12.19
12-16-2024 02:44:10,12.18
12-16-2024 02:54:10,12.17
12-16-2024 03:04:10,12.15
12-16-2024 03:14:10,12.13
12-16-2024 03:24:10,12.12
12-16-2024 03:34:10,12.11
12-16-2024 03:44:10,12.1
12-16-2024 03:54:10,12.09
12-16-2024 04:04:10,12.07
12-16-2024 04:14:10,12.05
12-16-2024 04:24:10,12.04
12-16-2024 04:34:10,12.03
12-16-2024 04:44:10,12.01
12-16-2024 04:54:10,11.99
12-16-2024 05:04:10,11.98
12-16-2024 05:14:10,11.97
12-16-2024 05:24:10,11.96
12-16-2024 05:34:10,11.94
12-16-2024 05:44:10,11.93
12-16-2024 05:54:10,11.93
12-16-2024 06:04:10,11.91
12-16-2024 06:14:10,11.89
12-16-2024 06:24:10,11.89
12-16-2024 06:34:10,11.87
12-16-2024 06:44:10,11.86
12-16-2024 06:54:10,11.84
12-16-2024 07:04:10,11.82
12-16-2024 07:14:10,11.81
12-16-2024 07:24:10,11.8
12-16-2024 07:34:10,11.78
12-16-2024 07:44:10,11.77
12-16-2024 07:54:10,11.76
12-16-2024 08:04:10,11.75
12-16-2024 08:14:10,11.75
12-16-2024 08:24:10,11.74
12-16-2024 08:34:10,11.74
12-16-2024 08:44:10,11.74
12-16-2024 08:54:10,11.75
12-16-2024 09:04:10,11.76
12-16-2024 09:14:10,11.76
12-16-2024 09:24:10,11.77
12-16-2024 09:34:10,11.79
12-16-2024 09:44:10,11.81
12-16-2024 09:54:10,11.84
12-16-2024 10:04:10,11.88
12-16-2024 10:14:10,11.91
12-16-2024 10:24:10,11.96
12-16-2024 10:34:10,12.01
12-16-2024 10:44:10,12.06
12-16-2024 10:54:10,12.11
12-16-2024 11:04:10,12.16
12-16-2024 11:14:10,12.19
12-16-2024 11:24:10,12.22
12-16-2024 11:34:10,12.24
12-16-2024 11:44:10,12.26
12-16-2024 11:54:10,12.28
12-16-2024 12:04:10,12.29
12-16-2024 12:14:10,12.32
12-16-2024 12:24:10,12.32
12-16-2024 12:34:10,12.33
12-16-2024 12:44:10,12.33
12-16-2024 12:54:10,12.35
12-16-2024 13:04:10,12.36
12-16-2024 13:14:10,12.37
12-16-2024 13:24:10,12.39
12-16-2024 13:34:10,12.4
12-16-2024 13:44:10,12.4
12-16-2024 13:54:10,12.42
12-16-2024 14:04:10,12.43
12-16-2024 14:14:10,12.43
12-16-2024 14:24:10,12.44
12-16-2024 14:34:10,12.45
12-16-2024 14:44:10,12.46
12-16-2024 14:54:10,12.46
12-16-2024 15:04:10,12.47
12-16-2024 15:14:10,12.47
12-16-2024 15:24:10,12.47
12-16-2024 15:34:10,12.48
12-16-2024 15:44:10,12.48
12-16-2024 15:54:10,12.49
12-16-2024 16:04:10,12.5
12-16-2024 16:14:10,12.5
12-16-2024 16:24:10,12.51
12-16-2024 16:34:10,12.52
12-16-2024 16:44:10,12.52
12-16-2024 16:54:10,12.52
12-16-2024 17:04:10,12.52
12-16-2024 17:14:10,12.52
12-16-2024 17:24:10,12.51
12-16-2024 17:34:10,12.49
12-16-2024 17:44:10,12.48
12-16-2024 17:54:10,12.47
12-16-2024 18:04:10,12.47
12-16-2024 18:14:10,12.47
12-16-2024 18:24:10,12.47
12-16-2024 18:34:10,12.47
12-16-2024 18:44:10,12.46
12-16-2024 18:54:10,12.46
12-16-2024 19:04:10,12.45
12-16-2024 19:14:10,12.43
12-16-2024 19:24:10,12.42
12-16-2024 19:34:10,12.42
12-16-2024 19:44:10,12.41
12-16-2024 19:54:10,12.4
12-16-2024 20:04:10,12.39
12-16-2024 20:14:10,12.37
12-16-2024 20:24:10,12.35
12-16-2024 20:34:10,12.34
12-16-2024 20:44:10,12.32
12-16-2024 20:54:10,12.31
12-16-2024 21:04:10,12.29
12-16-2024 21:14:10,12.28
12-16-2024 21:24:10,12.28
12-16-2024 21:34:10,12.27
12-16-2024 21:44:10,12.27
12-16-2024 21:54:10,12.27
12-16-2024 22:04:10,12.27
12-16-2024 22:14:10,12.26
12-16-2024 22:24:10,12.25
12-16-2024 22:34:10,12.25
12-16-2024 22:44:10,12.24
12-16-2024 22:54:10,12.23
12-16-2024 23:04:10,12.23
12-16-2024 23:14:10,12.21
12-16-2024 23:24:10,12.21
12-16-2024 23:34:10,12.2
12-16-2024 23:44:10,12.19
12-16-2024 23:54:10,12.19
12-17-2024 00:04:10,12.17
12-17-2024 00:14:10,12.17
12-17-2024 00:24:10,12.16
12-17-2024 00:34:10,12.16
12-17-2024 00:44:10,12.14
12-17-2024 00:54:10,12.13
12-17-2024 01:04:10,12.11
12-17-2024 01:14:10,12.1
12-17-2024 01:24:10,12.09
12-17-2024 01:34:10,12.07
12-17-2024 01:44:10,12.06
12-17-2024 01:54:10,12.05
12-17-2024 02:04:10,12.03
12-17-2024 02:14:10,12.01
12-17-2024 02:24:10,11.98
12-17-2024 02:34:10,11.96
12-17-2024 02:44:10,11.94
12-17-2024 02:54:10,11.91
12-17-2024 03:04:10,11.88
12-17-2024 03:14:10,11.85
12-17-2024 03:24:10,11.82
12-17-2024 03:34:10,11.79
12-17-2024 03:44:10,11.78
12-17-2024 03:54:10,11.76
12-17-2024 04:04:10,11.73
12-17-2024 04:14:10,11.71
12-17-2024 04:24:10,11.69
12-17-2024 04:34:10,11.66
12-17-2024 04:44:10,11.64
12-17-2024 04:54:10,11.61
12-17-2024 05:04:10,11.59
12-17-2024 05:14:10,11.58
12-17-2024 05:24:10,11.56
12-17-2024 05:34:10,11.54
12-17-2024 05:44:10,11.52
12-17-2024 05:54:10,11.5
12-17-2024 06:04:10,11.48
12-17-2024 06:14:10,11.45
12-17-2024 06:24:10,11.43
12-17-2024 06:34:10,11.42
12-17-2024 06:44:10,11.39
12-17-2024 06:54:10,11.36
12-17-2024 07:04:10,11.35
12-17-2024 07:14:10,11.33
12-17-2024 07:24:10,11.31
12-17-2024 07:34:10,11.29
12-17-2024 07:44:10,11.28
12-17-2024 07:54:10,11.25
12-17-2024 08:04:10,11.24
12-17-2024 08:14:10,11.23
12-17-2024 08:24:10,11.22
12-17-2024 08:34:10,11.22
12-17-2024 08:44:10,11.21
12-17-2024 08:54:10,11.22
12-17-2024 09:04:10,11.23
12-17-2024 09:14:10,11.24
12-17-2024 09:24:10,11.25
12-17-2024 09:34:10,11.27
12-17-2024 09:44:10,11.29
12-17-2024 09:54:10,11.32
12-17-2024 10:04:10,11.35
12-17-2024 10:14:10,11.39
12-17-2024 10:24:10,11.45
12-17-2024 10:34:10,11.5
12-17-2024 10:44:10,11.57
12-17-2024 10:54:10,11.62
12-17-2024 11:04:10,11.67
12-17-2024 11:14:10,11.71
12-17-2024 11:24:10,11.75
12-17-2024 11:34:10,11.78
12-17-2024 11:44:10,11.8
12-17-2024 11:54:10,11.83
12-17-2024 12:04:10,11.86
12-17-2024 12:14:10,11.89
12-17-2024 12:24:10,11.91
12-17-2024 12:34:10,11.92
12-17-2024 12:44:10,11.94
12-17-2024 12:54:10,11.95
12-17-2024 13:04:10,11.95
12-17-2024 13:14:10,11.97
12-17-2024 13:24:10,11.99
12-17-2024 13:34:10,12.01
12-17-2024 13:44:10,12.03
12-17-2024 13:54:10,12.04
12-17-2024 14:04:10,12.06
12-17-2024 14:14:10,12.07
12-17-2024 14:24:10,12.09
12-17-2024 14:34:10,12.11
12-17-2024 14:44:10,12.12
12-17-2024 14:54:10,12.13
12-17-2024 15:04:10,12.14
12-17-2024 15:14:10,12.16
12-17-2024 15:24:10,12.18
12-17-2024 15:34:10,12.19
12-17-2024 15:44:10,12.2
12-17-2024 15:54:10,12.21
12-17-2024 16:04:10,12.22
12-17-2024 16:14:10,12.23
12-17-2024 16:24:10,12.24
12-17-2024 16:34:10,12.25
12-17-2024 16:44:10,12.25
12-17-2024 16:54:10,12.25
12-17-2024 17:04:10,12.26
12-17-2024 17:14:10,12.25
12-17-2024 17:24:10,12.26
12-17-2024 17:34:10,12.26
12-17-2024 17:44:10,12.26
12-17-2024 17:54:10,12.26
12-17-2024 18:04:10,12.27
12-17-2024 18:14:10,12.27
12-17-2024 18:24:10,12.27
12-17-2024 18:34:10,12.26
12-17-2024 18:44:10,12.27
12-17-2024 18:54:10,12.27
12-17-2024 19:04:10,12.27
12-17-2024 19:14:10,12.27
12-17-2024 19:24:10,12.27
12-17-2024 19:34:10,12.27
12-17-2024 19:44:10,12.26
12-17-2024 19:54:10,12.25
12-17-2024 20:04:10,12.24
12-17-2024 20:14:10,12.23
12-17-2024 20:24:10,12.22
12-17-2024 20:34:10,12.22
12-17-2024 20:44:10,12.22
12-17-2024 20:54:10,12.22
12-17-2024 21:04:10,12.23
12-17-2024 21:14:10,12.23
12-17-2024 21:24:10,12.24
12-17-2024 21:34:10,12.25
12-17-2024 21:44:10,12.27
12-17-2024 21:54:10,12.28
12-17-2024 22:04:10,12.3
12-17-2024 22:14:10,12.32
12-17-2024 22:24:10,12.33
12-17-2024 22:34:10,12.35
12-17-2024 22:44:10,12.37
12-17-2024 22:54:10,12.37
12-17-2024 23:04:10,12.38
12-17-2024 23:14:10,12.38
12-17-2024 23:24:10,12.39
12-17-2024 23:34:10,12.4
12-17-2024 23:44:10,12.39
12-17-2024 23:54:10,12.38
12-19-2024 00:04:10,12.59
12-19-2024 00:14:10,12.58
12-19-2024 00:24:10,12.56
12-19-2024 00:34:10,12.55
12-19-2024 00:44:10,12.54
12-19-2024 00:54:10,12.53
12-19-2024 01:04:10,12.51
12-19-2024 01:14:10,12.49
12-19-2024 01:24:10,12.48
12-19-2024 01:34:10,12.47
12-19-2024 01:44:10,12.45
12-19-2024 01:54:10,12.43
12-19-2024 02:04:10,12.41
12-19-2024 02:14:10,12.4
12-19-2024 02:24:10,12.36
12-19-2024 02:34:10,12.35
12-19-2024 02:44:10,12.34
12-19-2024 02:54:10,12.31
12-19-2024 03:04:10,12.3
12-19-2024 03:14:10,12.26
12-19-2024 03:24:10,12.25
12-19-2024 03:34:10,12.22
12-19-2024 03:44:10,12.19
12-19-2024 03:54:10,12.17
12-19-2024 04:04:10,12.14
12-19-2024 04:14:10,12.13
12-19-2024 04:24:10,12.1
12-19-2024 04:34:10,12.07
12-19-2024 04:44:10,12.05
12-19-2024 04:54:10,12.01
12-19-2024 05:04:10,11.99
12-19-2024 05:14:10,11.97
12-19-2024 05:24:10,11.94
12-19-2024 05:34:10,11.92
12-19-2024 05:44:10,11.88
12-19-2024 05:54:10,11.84
12-19-2024 06:04:10,11.82
12-19-2024 06:14:10,11.8
12-19-2024 06:24:10,11.76
12-19-2024 06:34:10,11.73
12-19-2024 06:44:10,11.72
12-19-2024 06:54:10,11.7
12-19-2024 07:04:10,11.67
12-19-2024 07:14:10,11.65
12-19-2024 07:24:10,11.63
12-19-2024 07:34:10,11.62
12-19-2024 07:44:10,11.6
12-19-2024 07:54:10,11.59
12-19-2024 08:04:10,11.58
12-19-2024 08:14:10,11.56
12-19-2024 08:24:10,11.56
12-19-2024 08:34:10,11.56
12-19-2024 08:44:10,11.56
12-19-2024 08:54:10,11.57
12-19-2024 09:04:10,11.58
12-19-2024 09:14:10,11.59
12-19-2024 09:24:10,11.61
12-19-2024 09:34:10,11.63
12-19-2024 09:44:10,11.65
12-19-2024 09:54:10,11.68
12-19-2024 10:04:10,11.72
12-19-2024 10:14:10,11.79
12-19-2024 10:24:10,11.84
12-19-2024 10:34:10,11.91
12-19-2024 10:44:10,11.97
12-19-2024 10:54:10,12.03
12-19-2024 11:04:10,12.08
12-19-2024 11:14:10,12.12
12-19-2024 11:24:10,12.16
12-19-2024 11:34:10,12.19
12-19-2024 11:44:10,12.22
12-19-2024 11:54:10,12.25
12-19-2024 12:04:10,12.28
12-19-2024 12:14:10,12.31
12-19-2024 12:24:10,12.32
12-19-2024 12:34:10,12.33
12-19-2024 12:44:10,12.33
12-19-2024 12:54:10,12.34
12-19-2024 13:04:10,12.35
12-19-2024 13:14:10,12.37
12-19-2024 13:24:10,12.39
12-19-2024 13:34:10,12.42
12-19-2024 13:44:10,12.44
12-19-2024 13:54:10,12.46
12-19-2024 14:04:10,12.48
12-19-2024 14:14:10,12.5
12-19-2024 14:24:10,12.51
12-19-2024 14:34:10,12.5
12-19-2024 14:44:10,12.52
12-19-2024 14:54:10,12.52
12-19-2024 15:04:10,12.53
12-19-2024 15:14:10,12.53
12-19-2024 15:24:10,12.52
12-19-2024 15:34:10,12.52
12-19-2024 15:44:10,12.52
12-19-2024 15:54:10,12.51
12-19-2024 16:04:10,12.52
12-19-2024 16:14:10,12.51
12-19-2024 16:24:10,12.51
12-19-2024 16:34:10,12.51
12-19-2024 16:44:10,12.5
12-19-2024 16:54:10,12.49
12-19-2024 17:04:10,12.49
12-19-2024 17:14:10,12.48
12-19-2024 17:24:10,12.48
12-19-2024 17:34:10,12.48
12-19-2024 17:44:10,12.47
12-19-2024 17:54:10,12.47
12-19-2024 18:04:10,12.46
12-19-2024 18:14:10,12.46
12-19-2024 18:24:10,12.45
12-19-2024 18:34:10,12.46
12-19-2024 18:44:10,12.45
12-19-2024 18:54:10,12.44
12-19-2024 19:04:10,12.44
12-19-2024 19:14:10,12.43
12-19-2024 19:24:10,12.43
12-19-2024 19:34:10,12.42
12-19-2024 19:44:10,12.41
12-19-2024 19:54:10,12.4
12-19-2024 20:04:10,12.39
12-19-2024 20:14:10,12.37
12-19-2024 20:24:10,12.37
12-19-2024 20:34:10,12.36
12-19-2024 20:44:10,12.35
12-19-2024 20:54:10,12.34
12-19-2024 21:04:10,12.34
12-19-2024 21:14:10,12.34
12-19-2024 21:24:10,12.33
12-19-2024 21:34:10,12.33
12-19-2024 21:44:10,12.33
12-19-2024 21:54:10,12.33
12-19-2024 22:04:10,12.34
12-19-2024 22:14:10,12.34
12-19-2024 22:24:10,12.35
12-19-2024 22:34:10,12.36
12-19-2024 22:44:10,12.37
12-19-2024 22:54:10,12.38
12-19-2024 23:04:10,12.38
12-19-2024 23:14:10,12.39
12-19-2024 23:24:10,12.39
12-19-2024 23:34:10,12.4
12-19-2024 23:44:10,12.4
12-19-2024 23:54:10,12.39
12-20-2024 00:04:10,12.38
12-20-2024 00:14:10,12.38
12-20-2024 00:24:10,12.37
12-20-2024 00:34:10,12.37
12-20-2024 00:44:10,12.35
12-20-2024 00:54:10,12.34
12-20-2024 01:04:10,12.32
12-20-2024 01:14:10,12.31
12-20-2024 01:24:10,12.29
12-20-2024 01:34:10,12.27
12-20-2024 01:44:10,12.25
12-20-2024 01:54:10,12.23
12-20-2024 02:04:10,12.21
12-20-2024 02:14:10,12.19
12-20-2024 02:24:10,12.16
12-20-2024 02:34:10,12.14
12-20-2024 02:44:10,12.13
12-20-2024 02:54:10,12.1
12-20-2024 03:04:10,12.08
12-20-2024 03:14:10,12.06
12-20-2024 03:24:10,12.03
12-20-2024 03:34:10,12
12-20-2024 03:44:10,11.97
12-20-2024 03:54:10,11.96
12-20-2024 04:04:10,11.93
12-20-2024 04:14:10,11.9
12-20-2024 04:24:10,11.87
12-20-2024 04:34:10,11.85
12-20-2024 04:44:10,11.82
12-20-2024 04:54:10,11.79
12-20-2024 05:04:10,11.77
12-20-2024 05:14:10,11.73
12-20-2024 05:24:10,11.71
12-20-2024 05:34:10,11.7
12-20-2024 05:44:10,11.68
12-20-2024 05:54:10,11.65
12-20-2024 06:04:10,11.63
12-20-2024 06:14:10,11.62
12-20-2024 06:24:10,11.59
12-20-2024 06:34:10,11.57
12-20-2024 06:44:10,11.53
12-20-2024 06:54:10,11.52
12-20-2024 07:04:10,11.5
12-20-2024 07:14:10,11.48
12-20-2024 07:24:10,11.46
12-20-2024 07:34:10,11.45
12-20-2024 07:44:10,11.45
12-20-2024 07:54:10,11.42
12-20-2024 08:04:10,11.41
12-20-2024 08:14:10,11.4
12-20-2024 08:24:10,11.4
12-20-2024 08:34:10,11.39
12-20-2024 08:44:10,11.39
12-20-2024 08:54:10,11.4
12-20-2024 09:04:10,11.4
12-20-2024 09:14:10,11.42
12-20-2024 09:24:10,11.44
12-20-2024 09:34:10,11.45
12-20-2024 09:44:10,11.48
12-20-2024 09:54:10,11.52
12-20-2024 10:04:10,11.55
12-20-2024 10:14:10,11.61
12-20-2024 10:24:10,11.67
12-20-2024 10:34:10,11.74
12-20-2024 10:44:10,11.82
12-20-2024 10:54:10,11.88
12-20-2024 11:04:10,11.93
12-20-2024 11:14:10,11.97
12-20-2024 11:24:10,12
12-20-2024 11:34:10,12.03
12-20-2024 11:44:10,12.06
12-20-2024 11:54:10,12.09
12-20-2024 12:04:10,12.12
12-20-2024 12:14:10,12.16
12-20-2024 12:24:10,12.17
12-20-2024 12:34:10,12.19
12-20-2024 12:44:10,12.19
12-20-2024 12:54:10,12.21
12-20-2024 13:04:10,12.23
12-20-2024 13:14:10,12.25
12-20-2024 13:24:10,12.26
12-20-2024 13:34:10,12.28
12-20-2024 13:44:10,12.3
12-20-2024 13:54:10,12.32
12-20-2024 14:04:10,12.33
12-20-2024 14:14:10,12.35
12-20-2024 14:24:10,12.36
12-20-2024 14:34:10,12.37
12-20-2024 14:44:10,12.37
12-20-2024 14:54:10,12.38
12-20-2024 15:04:10,12.39
12-20-2024 15:14:10,12.39
12-20-2024 15:24:10,12.39
12-20-2024 15:34:10,12.39
12-20-2024 15:44:10,12.39
12-20-2024 15:54:10,12.38
12-20-2024 16:04:10,12.37
12-20-2024 16:14:10,12.37
12-20-2024 16:24:10,12.36
12-20-2024 16:34:10,12.36
12-20-2024 16:44:10,12.37
12-20-2024 16:54:10,12.36
12-20-2024 17:04:10,12.36
12-20-2024 17:14:10,12.36
12-20-2024 17:24:10,12.36
12-20-2024 17:34:10,12.37
12-20-2024 17:44:10,12.37
12-20-2024 17:54:10,12.38
12-20-2024 18:04:10,12.38
12-20-2024 18:14:10,12.38
12-20-2024 18:24:10,12.38
12-20-2024 18:34:10,12.38
12-20-2024 18:44:10,12.38
12-20-2024 18:54:10,12.37
12-20-2024 19:04:10,12.37
12-20-2024 19:14:10,12.36
12-20-2024 19:24:10,12.34
12-20-2024 19:34:10,12.34
12-20-2024 19:44:10,12.33
12-20-2024 19:54:10,12.32
12-20-2024 20:04:10,12.31
12-20-2024 20:14:10,12.3
12-20-2024 20:24:10,12.28
12-20-2024 20:34:10,12.26
12-20-2024 20:44:10,12.25
12-20-2024 20:54:10,12.24
12-20-2024 21:04:10,12.22
12-20-2024 21:14:10,12.22
12-20-2024 21:24:10,12.21
12-20-2024 21:34:10,12.21
12-20-2024 21:44:10,12.2
12-20-2024 21:54:10,12.21
12-20-2024 22:04:10,12.21
12-20-2024 22:14:10,12.2
12-20-2024 22:24:10,12.2
12-20-2024 22:34:10,12.2
12-20-2024 22:44:10,12.19
12-20-2024 22:54:10,12.19
12-20-2024 23:04:10,12.19
12-20-2024 23:14:10,12.18
12-20-2024 23:24:10,12.17
12-20-2024 23:34:10,12.16
12-20-2024 23:44:10,12.15
12-20-2024 23:54:10,12.14
12-21-2024 00:04:10,12.13
12-21-2024 00:14:10,12.11
12-21-2024 00:24:10,12.11
12-21-2024 00:34:10,12.1
12-21-2024 00:44:10,12.09
12-21-2024 00:54:10,12.06
12-21-2024 01:04:10,12.05
12-21-2024 01:14:10,12.01
12-21-2024 01:24:10,11.99
12-21-2024 01:34:10,11.97
12-21-2024 01:44:10,11.95
12-21-2024 01:54:10,11.93
12-21-2024 02:04:10,11.9
12-21-2024 02:14:10,11.88
12-21-2024 02:24:10,11.86
12-21-2024 02:34:10,11.83
12-21-2024 02:44:10,11.81
12-21-2024 02:54:10,11.8
12-21-2024 03:04:10,11.77
12-21-2024 03:14:10,11.74
12-21-2024 03:24:10,11.73
12-21-2024 03:34:10,11.71
12-21-2024 03:44:10,11.69
12-21-2024 03:54:10,11.67
12-21-2024 04:04:10,11.66
12-21-2024 04:14:10,11.63
12-21-2024 04:24:10,11.61
12-21-2024 04:34:10,11.58
12-21-2024 04:44:10,11.57
12-21-2024 04:54:10,11.55
12-21-2024 05:04:10,11.53
12-21-2024 05:14:10,11.52
12-21-2024 05:24:10,11.51
12-21-2024 05:34:10,11.49
12-21-2024 05:44:10,11.47
12-21-2024 05:54:10,11.45
12-21-2024 06:04:10,11.45
12-21-2024 06:14:10,11.43
12-21-2024 06:24:10,11.42
12-21-2024 06:34:10,11.42
12-21-2024 06:44:10,11.4
12-21-2024 06:54:10,11.4
12-21-2024 07:04:10,11.39
12-21-2024 07:14:10,11.37
12-21-2024 07:24:10,11.37
12-21-2024 07:34:10,11.36
12-21-2024 07:44:10,11.35
12-21-2024 07:54:10,11.34
12-21-2024 08:04:10,11.34
12-21-2024 08:14:10,11.33
12-21-2024 08:24:10,11.33
12-21-2024 08:34:10,11.33
12-21-2024 08:44:10,11.32
12-21-2024 08:54:10,11.33
12-21-2024 09:04:10,11.33
12-21-2024 09:14:10,11.35
12-21-2024 09:24:10,11.36
12-21-2024 09:34:10,11.38
12-21-2024 09:44:10,11.41
12-21-2024 09:54:10,11.44
12-21-2024 10:04:10,11.46
12-21-2024 10:14:10,11.51
12-21-2024 10:24:10,11.55
12-21-2024 10:34:10,11.61
12-21-2024 10:44:10,11.65
12-21-2024 10:54:10,11.69
12-21-2024 11:04:10,11.73
12-21-2024 11:14:10,11.76
12-21-2024 11:24:10,11.78
12-21-2024 11:34:10,11.8
12-21-2024 11:44:10,11.83
12-21-2024 11:54:10,11.84
12-21-2024 12:04:10,11.86
12-21-2024 12:14:10,11.88
12-21-2024 12:24:10,11.89
12-21-2024 12:34:10,11.9
12-21-2024 12:44:10,11.91
12-21-2024 12:54:10,11.92
12-21-2024 13:04:10,11.93
12-21-2024 13:14:10,11.94
12-21-2024 13:24:10,11.95
12-21-2024 13:34:10,11.98
12-21-2024 13:44:10,12
12-21-2024 13:54:10,12.02
12-21-2024 14:04:10,12.03
12-21-2024 14:14:10,12.04
12-21-2024 14:24:10,12.05
12-21-2024 14:34:10,12.05
12-21-2024 14:44:10,12.05
12-21-2024 14:54:10,12.05
12-21-2024 15:04:10,12.06
12-21-2024 15:14:10,12.05
12-21-2024 15:24:10,12.06
12-21-2024 15:34:10,12.06
12-21-2024 15:44:10,12.06
12-21-2024 15:54:10,12.07
12-21-2024 16:04:10,12.07
12-21-2024 16:14:10,12.06
12-21-2024 16:24:10,12.05
12-21-2024 16:34:10,12.05
12-21-2024 16:44:10,12.04
12-21-2024 16:54:10,12.04
12-21-2024 17:04:10,12.03
12-21-2024 17:14:10,12.02
12-21-2024 17:24:10,12.01
12-21-2024 17:34:10,12.01
12-21-2024 17:44:10,12
12-21-2024 17:54:10,11.99
12-21-2024 18:04:10,11.97
12-21-2024 18:14:10,11.97
12-21-2024 18:24:10,11.96
12-21-2024 18:34:10,11.95
12-21-2024 18:44:10,11.94
12-21-2024 18:54:10,11.93
12-21-2024 19:04:10,11.92
12-21-2024 19:14:10,11.91
12-21-2024 19:24:10,11.89
12-21-2024 19:34:10,11.88
12-21-2024 19:44:10,11.87
12-21-2024 19:54:10,11.85
12-21-2024 20:04:10,11.83
12-21-2024 20:14:10,11.82
12-21-2024 20:24:10,11.82
12-21-2024 20:34:10,11.8
12-21-2024 20:44:10,11.78
12-21-2024 20:54:10,11.76
12-21-2024 21:04:10,11.76
12-21-2024 21:14:10,11.74
12-21-2024 21:24:10,11.73
12-21-2024 21:34:10,11.73
12-21-2024 21:44:10,11.72
12-21-2024 21:54:10,11.71
12-21-2024 22:04:10,11.7
12-21-2024 22:14:10,11.7
12-21-2024 22:24:10,11.7
12-21-2024 22:34:10,11.7
12-21-2024 22:44:10,11.7
12-21-2024 22:54:10,11.7
12-21-2024 23:04:10,11.69
12-21-2024 23:14:10,11.7
12-21-2024 23:24:10,11.7
12-21-2024 23:34:10,11.7
12-21-2024 23:44:10,11.7
12-21-2024 23:54:10,11.7
12-23-2024 00:04:10,13.28
12-23-2024 00:14:10,13.3
12-23-2024 00:24:10,13.31
12-23-2024 00:34:10,13.33
12-23-2024 00:44:10,13.35
12-23-2024 00:54:10,13.36
12-23-2024 01:04:10,13.36
12-23-2024 01:14:10,13.39
12-23-2024 01:24:10,13.39
12-23-2024 01:34:10,13.4
12-23-2024 01:44:10,13.41
12-23-2024 01:54:10,13.42
12-23-2024 02:04:10,13.42
12-23-2024 02:14:10,13.42
12-23-2024 02:24:10,13.42
12-23-2024 02:34:10,13.43
12-23-2024 02:44:10,13.43
12-23-2024 02:54:10,13.43
12-23-2024 03:04:10,13.43
12-23-2024 03:14:10,13.43
12-23-2024 03:24:10,13.43
12-23-2024 03:34:10,13.42
12-23-2024 03:44:10,13.42
12-23-2024 03:54:10,13.41
12-23-2024 04:04:10,13.41
12-23-2024 04:14:10,13.41
12-23-2024 04:24:10,13.41
12-23-2024 04:34:10,13.4
12-23-2024 04:44:10,13.4
12-23-2024 04:54:10,13.38
12-23-2024 05:04:10,13.36
12-23-2024 05:14:10,13.35
12-23-2024 05:24:10,13.33
12-23-2024 05:34:10,13.31
12-23-2024 05:44:10,13.29
12-23-2024 05:54:10,13.26
12-23-2024 06:04:10,13.24
12-23-2024 06:14:10,13.22
12-23-2024 06:24:10,13.19
12-23-2024 06:34:10,13.15
12-23-2024 06:44:10,13.12
12-23-2024 06:54:10,13.09
12-23-2024 07:04:10,13.05
12-23-2024 07:14:10,13.02
12-23-2024 07:24:10,12.99
12-23-2024 07:34:10,12.96
12-23-2024 07:44:10,12.94
12-23-2024 07:54:10,12.91
12-23-2024 08:04:10,12.89
12-23-2024 08:14:10,12.88
12-23-2024 08:24:10,12.86
12-23-2024 08:34:10,12.86
12-23-2024 08:44:10,12.86
12-23-2024 08:54:10,12.86
12-23-2024 09:04:10,12.87
12-23-2024 09:14:10,12.89
12-23-2024 09:24:10,12.9
12-23-2024 09:34:10,12.91
12-23-2024 09:44:10,12.93
12-23-2024 09:54:10,12.96
12-23-2024 10:04:10,13
12-23-2024 10:14:10,13.03
12-23-2024 10:24:10,13.06
12-23-2024 10:34:10,13.12
12-23-2024 10:44:10,13.16
12-23-2024 10:54:10,13.21
12-23-2024 11:04:10,13.26
12-23-2024 11:14:10,13.3
12-23-2024 11:24:10,13.35
12-23-2024 11:34:10,13.38
12-23-2024 11:44:10,13.42
12-23-2024 11:54:10,13.47
12-23-2024 12:04:10,13.52
12-23-2024 12:14:10,13.56
12-23-2024 12:24:10,13.59
12-23-2024 12:34:10,13.63
12-23-2024 12:44:10,13.66
12-23-2024 12:54:10,13.69
12-23-2024 13:04:10,13.74
12-23-2024 13:14:10,13.78
12-23-2024 13:24:10,13.82
12-23-2024 13:34:10,13.86
12-23-2024 13:44:10,13.9
12-23-2024 13:54:10,13.93
12-23-2024 14:04:10,13.96
12-23-2024 14:14:10,13.98
12-23-2024 14:24:10,14.01
12-23-2024 14:34:10,14.02
12-23-2024 14:44:10,14.03
12-23-2024 14:54:10,14.03
12-23-2024 15:04:10,14.04
12-23-2024 15:14:10,14.04
12-23-2024 15:24:10,14.04
12-23-2024 15:34:10,14.04
12-23-2024 15:44:10,14.04
12-23-2024 15:54:10,14.04
12-23-2024 16:04:10,14.04
12-23-2024 16:14:10,14.04
12-23-2024 16:24:10,14.04
12-23-2024 16:34:10,14.04
12-23-2024 16:44:10,14.04
12-23-2024 16:54:10,14.04
12-23-2024 17:04:10,14.03
12-23-2024 17:14:10,14.03
12-23-2024 17:24:10,14.04
12-23-2024 17:34:10,14.04
12-23-2024 17:44:10,14.03
12-23-2024 17:54:10,14.03
12-23-2024 18:04:10,14.03
12-23-2024 18:14:10,14.02
12-23-2024 18:24:10,14.02
12-23-2024 18:34:10,14.02
12-23-2024 18:44:10,14.03
12-23-2024 18:54:10,14.02
12-23-2024 19:04:10,14.02
12-23-2024 19:14:10,14.02
12-23-2024 19:24:10,14.02
12-23-2024 19:34:10,14.02
12-23-2024 19:44:10,14.01
12-23-2024 19:54:10,14.01
12-23-2024 20:04:10,14
12-23-2024 20:14:10,13.99
12-23-2024 20:24:10,13.99
12-23-2024 20:34:10,13.99
12-23-2024 20:44:10,13.98
12-23-2024 20:54:10,13.97
12-23-2024 21:04:10,13.96
12-23-2024 21:14:10,13.96
12-23-2024 21:24:10,13.95
12-23-2024 21:34:10,13.95
12-23-2024 21:44:10,13.95
12-23-2024 21:54:10,13.94
12-23-2024 22:04:10,13.94
12-23-2024 22:14:10,13.94
12-23-2024 22:24:10,13.94
12-23-2024 22:34:10,13.94
12-23-2024 22:44:10,13.94
12-23-2024 22:54:10,13.94
12-23-2024 23:04:10,13.93
12-23-2024 23:14:10,13.94
12-23-2024 23:24:10,13.92
12-23-2024 23:34:10,13.91
12-23-2024 23:44:10,13.91
12-23-2024 23:54:10,13.9
12-24-2024 00:04:10,13.88
12-24-2024 00:14:10,13.85
12-24-2024 00:24:10,13.84
12-24-2024 00:34:10,13.82
12-24-2024 00:44:10,13.8
12-24-2024 00:54:10,13.78
12-24-2024 01:04:10,13.75
12-24-2024 01:14:10,13.74
12-24-2024 01:24:10,13.72
12-24-2024 01:34:10,13.69
12-24-2024 01:44:10,13.67
12-24-2024 01:54:10,13.65
12-24-2024 02:04:10,13.62
12-24-2024 02:14:10,13.59
12-24-2024 02:24:10,13.58
12-24-2024 02:34:10,13.55
12-24-2024 02:44:10,13.53
12-24-2024 02:54:10,13.5
12-24-2024 03:04:10,13.47
12-24-2024 03:14:10,13.45
12-24-2024 03:24:10,13.41
12-24-2024 03:34:10,13.39
12-24-2024 03:44:10,13.37
12-24-2024 03:54:10,13.34
12-24-2024 04:04:10,13.32
12-24-2024 04:14:10,13.3
12-24-2024 04:24:10,13.28
12-24-2024 04:34:10,13.26
12-24-2024 04:44:10,13.25
12-24-2024 04:54:10,13.23
12-24-2024 05:04:10,13.22
12-24-2024 05:14:10,13.2
12-24-2024 05:24:10,13.18
12-24-2024 05:34:10,13.16
12-24-2024 05:44:10,13.16
12-24-2024 05:54:10,13.15
12-24-2024 06:04:10,13.15
12-24-2024 06:14:10,13.13
12-24-2024 06:24:10,13.12
12-24-2024 06:34:10,13.11
12-24-2024 06:44:10,13.11
12-24-2024 06:54:10,13.1
12-24-2024 07:04:10,13.09
12-24-2024 07:14:10,13.09
12-24-2024 07:24:10,13.08
12-24-2024 07:34:10,13.07
12-24-2024 07:44:10,13.07
12-24-2024 07:54:10,13.07
12-24-2024 08:04:10,13.06
12-24-2024 08:14:10,13.07
12-24-2024 08:24:10,13.07
12-24-2024 08:34:10,13.07
12-24-2024 08:44:10,13.08
12-24-2024 08:54:10,13.08
12-24-2024 09:04:10,13.09
12-24-2024 09:14:10,13.1
12-24-2024 09:24:10,13.11
12-24-2024 09:34:10,13.11
12-24-2024 09:44:10,13.13
12-24-2024 09:54:10,13.14
12-24-2024 10:04:10,13.17
12-24-2024 10:14:10,13.17
12-24-2024 10:24:10,13.19
12-24-2024 10:34:10,13.2
12-24-2024 10:44:10,13.21
12-24-2024 10:54:10,13.23
12-24-2024 11:04:10,13.23
12-24-2024 11:14:10,13.24
12-24-2024 11:24:10,13.25
12-24-2024 11:34:10,13.25
12-24-2024 11:44:10,13.25
12-24-2024 11:54:10,13.24
12-24-2024 12:04:10,13.24
12-24-2024 12:14:10,13.24
12-24-2024 12:24:10,13.24
12-24-2024 12:34:10,13.24
12-24-2024 12:44:10,13.25
12-24-2024 12:54:10,13.26
12-24-2024 13:04:10,13.26
12-24-2024 13:14:10,13.27
12-24-2024 13:24:10,13.29
12-24-2024 13:34:10,13.3
12-24-2024 13:44:10,13.32
12-24-2024 13:54:10,13.35
12-24-2024 14:04:10,13.37
12-24-2024 14:14:10,13.39
12-24-2024 14:24:10,13.42
12-24-2024 14:34:10,13.44
12-24-2024 14:44:10,13.46
12-24-2024 14:54:10,13.49
12-24-2024 15:04:10,13.52
12-24-2024 15:14:10,13.54
12-24-2024 15:24:10,13.55
12-24-2024 15:34:10,13.58
12-24-2024 15:44:10,13.61
12-24-2024 15:54:10,13.64
12-24-2024 16:04:10,13.64
12-24-2024 16:14:10,13.68
12-24-2024 16:24:10,13.71
12-24-2024 16:34:10,13.74
12-24-2024 16:44:10,13.76
12-24-2024 16:54:10,13.79
12-24-2024 17:04:10,13.81
12-24-2024 17:14:10,13.84
12-24-2024 17:24:10,13.87
12-24-2024 17:34:10,13.9
12-24-2024 17:44:10,13.92
12-24-2024 17:54:10,13.94
12-24-2024 18:04:10,13.97
12-24-2024 18:14:10,13.98
12-24-2024 18:24:10,14
12-24-2024 18:34:10,14.02
12-24-2024 18:54:10,14.05
12-24-2024 19:04:10,14.05
12-24-2024 19:14:10,14.07
12-24-2024 19:24:10,14.08
12-24-2024 19:34:10,14.09
12-24-2024 19:44:10,14.1
12-24-2024 19:54:10,14.11
12-24-2024 20:04:10,14.12
12-24-2024 20:14:10,14.13
12-24-2024 20:24:10,14.15
12-24-2024 20:34:10,14.16
12-24-2024 20:44:10,14.17
12-24-2024 20:54:10,14.19
12-24-2024 21:04:10,14.19
12-24-2024 21:14:10,14.21
12-24-2024 21:24:10,14.21
12-24-2024 21:34:10,14.22
12-24-2024 21:44:10,14.23
12-24-2024 21:54:10,14.24
12-24-2024 22:04:10,14.24
12-24-2024 22:14:10,14.25
12-24-2024 22:24:10,14.25
12-24-2024 22:34:10,14.25
12-24-2024 22:44:10,14.24
12-24-2024 22:54:10,14.23
12-24-2024 23:04:10,14.23
12-24-2024 23:14:10,14.22
12-24-2024 23:24:10,14.21
12-24-2024 23:34:10,14.2
12-24-2024 23:44:10,14.19
12-24-2024 23:54:10,14.17
12-25-2024 00:04:10,14.16
12-25-2024 00:14:10,14.14
12-25-2024 00:24:10,14.13
12-25-2024 00:34:10,14.1
12-25-2024 00:44:10,14.08
12-25-2024 00:54:10,14.05
12-25-2024 01:04:10,14.03
12-25-2024 01:14:10,14
12-25-2024 01:24:10,13.98
12-25-2024 01:34:10,13.97
12-25-2024 01:44:10,13.95
12-25-2024 01:54:10,13.94
12-25-2024 02:04:10,13.92
12-25-2024 02:14:10,13.9
12-25-2024 02:24:10,13.88
12-25-2024 02:34:10,13.87
12-25-2024 02:44:10,13.84
12-25-2024 02:54:10,13.84
12-25-2024 03:04:10,13.81
12-25-2024 03:14:10,13.79
12-25-2024 03:24:10,13.77
12-25-2024 03:34:10,13.76
12-25-2024 03:44:10,13.74
12-25-2024 03:54:10,13.72
12-25-2024 04:04:10,13.7
12-25-2024 04:14:10,13.68
12-25-2024 04:24:10,13.67
12-25-2024 04:34:10,13.66
12-25-2024 04:44:10,13.64
12-25-2024 04:54:10,13.62
12-25-2024 05:04:10,13.61
12-25-2024 05:14:10,13.61
12-25-2024 05:24:10,13.6
12-25-2024 05:34:10,13.59
12-25-2024 05:44:10,13.57
12-25-2024 05:54:10,13.56
12-25-2024 06:04:10,13.55
12-25-2024 06:14:10,13.52
12-25-2024 06:24:10,13.51
12-25-2024 06:34:10,13.49
12-25-2024 06:44:10,13.47
12-25-2024 06:54:10,13.44
12-25-2024 07:04:10,13.41
12-25-2024 07:14:10,13.39
12-25-2024 07:24:10,13.36
12-25-2024 07:34:10,13.34
12-25-2024 07:44:10,13.31
12-25-2024 07:54:10,13.29
12-25-2024 08:04:10,13.26
12-25-2024 08:14:10,13.24
12-25-2024 08:24:10,13.23
12-25-2024 08:34:10,13.22
12-25-2024 08:44:10,13.21
12-25-2024 08:54:10,13.21
12-25-2024 09:04:10,13.21
12-25-2024 09:14:10,13.22
12-25-2024 09:24:10,13.23
12-25-2024 09:34:10,13.23
12-25-2024 09:44:10,13.25
12-25-2024 09:54:10,13.27
12-25-2024 10:04:10,13.29
12-25-2024 10:14:10,13.33
12-25-2024 10:24:10,13.36
12-25-2024 10:34:10,13.41
12-25-2024 10:44:10,13.46
12-25-2024 10:54:10,13.49
12-25-2024 11:04:10,13.52
12-25-2024 11:14:10,13.55
12-25-2024 11:34:10,13.59
12-25-2024 11:44:10,13.61
12-25-2024 11:54:10,13.62
12-25-2024 12:04:10,13.64
12-25-2024 12:14:10,13.65
12-25-2024 12:24:10,13.67
12-25-2024 12:34:10,13.68
12-25-2024 12:44:10,13.7
12-25-2024 12:54:10,13.73
12-25-2024 13:04:10,13.75
12-25-2024 13:14:10,13.77
12-25-2024 13:24:10,13.78
12-25-2024 13:34:10,13.8
12-25-2024 13:44:10,13.81
12-25-2024 13:54:10,13.82
12-25-2024 14:04:10,13.84
12-25-2024 14:14:10,13.84
12-25-2024 14:24:10,13.84
12-25-2024 14:34:10,13.83
12-25-2024 14:44:10,13.82
12-25-2024 14:54:10,13.81
12-25-2024 15:04:10,13.81
12-25-2024 15:14:10,13.81
12-25-2024 15:24:10,13.81
12-25-2024 15:34:10,13.81
12-25-2024 15:44:10,13.81
12-25-2024 15:54:10,13.8
12-25-2024 16:04:10,13.79
12-25-2024 16:14:10,13.78
12-25-2024 16:24:10,13.78
12-25-2024 16:34:10,13.78
12-25-2024 16:44:10,13.78
12-25-2024 16:54:10,13.78
12-25-2024 17:04:10,13.78
12-25-2024 17:14:10,13.78
12-25-2024 17:24:10,13.78
12-25-2024 17:34:10,13.79
12-25-2024 17:44:10,13.79
12-25-2024 17:54:10,13.78
12-25-2024 18:04:10,13.77
12-25-2024 18:14:10,13.76
12-25-2024 18:24:10,13.76
12-25-2024 18:34:10,13.74
12-25-2024 18:44:10,13.73
12-25-2024 18:54:10,13.73
12-25-2024 19:04:10,13.7
12-25-2024 19:14:10,13.71
12-25-2024 19:24:10,13.68
12-25-2024 19:34:10,13.67
12-25-2024 19:44:10,13.65
12-25-2024 19:54:10,13.63
12-25-2024 20:04:10,13.6
12-25-2024 20:14:10,13.59
12-25-2024 20:24:10,13.57
12-25-2024 20:34:10,13.56
12-25-2024 20:44:10,13.55
12-25-2024 20:54:10,13.53
12-25-2024 21:04:10,13.52
12-25-2024 21:14:10,13.52
12-25-2024 21:24:10,13.51
12-25-2024 21:34:10,13.51
12-25-2024 21:44:10,13.51
12-25-2024 21:54:10,13.51
12-25-2024 22:04:10,13.5
12-25-2024 22:14:10,13.5
12-25-2024 22:24:10,13.5
12-25-2024 22:34:10,13.49
12-25-2024 22:44:10,13.48
12-25-2024 22:54:10,13.48
12-25-2024 23:04:10,13.46
12-25-2024 23:14:10,13.45
12-25-2024 23:24:10,13.45
12-25-2024 23:34:10,13.42
12-25-2024 23:44:10,13.41
12-25-2024 23:54:10,13.41
12-26-2024 00:04:10,13.39
12-26-2024 00:14:10,13.38
12-26-2024 00:24:10,13.36
12-26-2024 00:34:10,13.34
12-26-2024 00:44:10,13.34
12-26-2024 00:54:10,13.32
12-26-2024 01:04:10,13.3
12-26-2024 01:14:10,13.28
12-26-2024 01:24:10,13.26
12-26-2024 01:34:10,13.25
12-26-2024 01:44:10,13.23
12-26-2024 01:54:10,13.21
12-26-2024 02:04:10,13.19
12-26-2024 02:14:10,13.17
12-26-2024 02:24:10,13.15
12-26-2024 02:34:10,13.13
12-26-2024 02:44:10,13.11
12-26-2024 02:54:10,13.08
12-26-2024 03:04:10,13.06
12-26-2024 03:14:10,13.03
12-26-2024 03:24:10,13.01
12-26-2024 03:34:10,12.99
12-26-2024 03:44:10,12.97
12-26-2024 03:54:10,12.95
12-26-2024 04:04:10,12.92
12-26-2024 04:14:10,12.91
12-26-2024 04:24:10,12.88
12-26-2024 04:34:10,12.85
12-26-2024 04:44:10,12.84
12-26-2024 04:54:10,12.82
12-26-2024 05:04:10,12.79
12-26-2024 05:14:10,12.78
12-26-2024 05:24:10,12.76
12-26-2024 05:34:10,12.74
12-26-2024 05:44:10,12.72
12-26-2024 05:54:10,12.7
12-26-2024 06:04:10,12.68
12-26-2024 06:14:10,12.66
12-26-2024 06:24:10,12.64
12-26-2024 06:34:10,12.61
12-26-2024 06:44:10,12.6
12-26-2024 06:54:10,12.58
12-26-2024 07:04:10,12.56
12-26-2024 07:14:10,12.54
12-26-2024 07:24:10,12.53
12-26-2024 07:34:10,12.51
12-26-2024 07:44:10,12.5
12-26-2024 07:54:10,12.49
12-26-2024 08:04:10,12.48
12-26-2024 08:14:10,12.47
12-26-2024 08:24:10,12.47
12-26-2024 08:34:10,12.47
12-26-2024 08:44:10,12.47
12-26-2024 08:54:10,12.47
12-26-2024 09:04:10,12.48
12-26-2024 09:14:10,12.49
12-26-2024 09:24:10,12.5
12-26-2024 09:34:10,12.51
12-26-2024 09:44:10,12.52
12-26-2024 09:54:10,12.54
12-26-2024 10:04:10,12.55
12-26-2024 10:14:10,12.57
12-26-2024 10:24:10,12.58
12-26-2024 10:34:10,12.6
12-26-2024 10:44:10,12.62
12-26-2024 10:54:10,12.64
12-26-2024 11:04:10,12.67
12-26-2024 11:14:10,12.69
12-26-2024 11:24:10,12.7
12-26-2024 11:34:10,12.71
12-26-2024 11:44:10,12.74
12-26-2024 11:54:10,12.76
12-26-2024 12:04:10,12.77
12-26-2024 12:14:10,12.79
12-26-2024 12:24:10,12.81
12-26-2024 12:34:10,12.82
12-26-2024 12:44:10,12.83
12-26-2024 12:54:10,12.84
12-26-2024 13:04:10,12.85
12-26-2024 13:14:10,12.86
12-26-2024 13:24:10,12.87
12-26-2024 13:34:10,12.88
12-26-2024 13:44:10,12.89
12-26-2024 13:54:10,12.9
12-26-2024 14:04:10,12.91
12-26-2024 14:14:10,12.92
12-26-2024 14:24:10,12.92
12-26-2024 14:34:10,12.93
12-26-2024 14:44:10,12.94
12-26-2024 14:54:10,12.94
12-26-2024 15:04:10,12.95
12-26-2024 15:14:10,12.95
12-26-2024 15:24:10,12.96
12-26-2024 15:34:10,12.97
12-26-2024 15:44:10,12.98
12-26-2024 15:54:10,12.99
12-26-2024 16:04:10,13.01
12-26-2024 16:14:10,13.01
12-26-2024 16:24:10,13.03
12-26-2024 16:34:10,13.04
12-26-2024 16:44:10,13.05
12-26-2024 16:54:10,13.06
12-26-2024 17:04:10,13.07
12-26-2024 17:14:10,13.08
12-26-2024 17:24:10,13.09
12-26-2024 17:34:10,13.09
12-26-2024 17:44:10,13.09
12-26-2024 17:54:10,13.09
12-26-2024 18:04:10,13.08
12-26-2024 18:14:10,13.07
12-26-2024 18:24:10,13.05
12-26-2024 18:34:10,13.04
12-26-2024 18:44:10,13.03
12-26-2024 18:54:10,13.01
12-26-2024 19:04:10,13
12-26-2024 19:14:10,12.98
12-26-2024 19:24:10,12.96
12-26-2024 19:34:10,12.95
12-26-2024 19:44:10,12.93
12-26-2024 19:54:10,12.92
12-26-2024 20:04:10,12.9
12-26-2024 20:14:10,12.88
12-26-2024 20:24:10,12.87
12-26-2024 20:34:10,12.85
12-26-2024 20:44:10,12.84
12-26-2024 20:54:10,12.83
12-26-2024 21:04:10,12.83
12-26-2024 21:14:10,12.82
12-26-2024 21:24:10,12.8
12-26-2024 21:34:10,12.8
12-26-2024 21:44:10,12.79
12-26-2024 21:54:10,12.78
12-26-2024 22:04:10,12.78
12-26-2024 22:14:10,12.78
12-26-2024 22:24:10,12.76
12-26-2024 22:34:10,12.76
12-26-2024 22:44:10,12.76
12-26-2024 22:54:10,12.75
12-26-2024 23:04:10,12.75
12-26-2024 23:14:10,12.75
12-26-2024 23:24:10,12.74
12-26-2024 23:34:10,12.73
12-26-2024 23:44:10,12.73
12-26-2024 23:54:10,12.72
12-28-2024 00:04:10,14.25
12-28-2024 00:14:10,14.25
12-28-2024 00:24:10,14.25
12-28-2024 00:34:10,14.26
12-28-2024 00:44:10,14.26
12-28-2024 00:54:10,14.27
12-28-2024 01:04:10,14.26
12-28-2024 01:14:10,14.26
12-28-2024 01:24:10,14.25
12-28-2024 01:34:10,14.25
12-28-2024 01:44:10,14.23
12-28-2024 01:54:10,14.22
12-28-2024 02:04:10,14.22
12-28-2024 02:14:10,14.2
12-28-2024 02:24:10,14.18
12-28-2024 02:34:10,14.16
12-28-2024 02:44:10,14.15
12-28-2024 02:54:10,14.15
12-28-2024 03:04:10,14.13
12-28-2024 03:14:10,14.11
12-28-2024 03:24:10,14.1
12-28-2024 03:34:10,14.08
12-28-2024 03:44:10,14.08
12-28-2024 03:54:10,14.06
12-28-2024 04:04:10,14.05
12-28-2024 04:14:10,14.05
12-28-2024 04:24:10,14.03
12-28-2024 04:34:10,14.02
12-28-2024 04:44:10,14
12-28-2024 04:54:10,14
12-28-2024 05:04:10,13.98
12-28-2024 05:14:10,13.97
12-28-2024 05:24:10,13.96
12-28-2024 05:34:10,13.95
12-28-2024 05:44:10,13.93
12-28-2024 05:54:10,13.92
12-28-2024 06:04:10,13.91
12-28-2024 06:14:10,13.9
12-28-2024 06:24:10,13.88
12-28-2024 06:34:10,13.87
12-28-2024 06:44:10,13.86
12-28-2024 06:54:10,13.85
12-28-2024 07:04:10,13.84
12-28-2024 07:14:10,13.82
12-28-2024 07:24:10,13.81
12-28-2024 07:34:10,13.8
12-28-2024 07:44:10,13.79
12-28-2024 07:54:10,13.79
12-28-2024 08:04:10,13.78
12-28-2024 08:14:10,13.78
12-28-2024 08:24:10,13.78
12-28-2024 08:34:10,13.78
12-28-2024 08:44:10,13.78
12-28-2024 08:54:10,13.79
12-28-2024 09:04:10,13.78
12-28-2024 09:14:10,13.79
12-28-2024 09:24:10,13.8
12-28-2024 09:34:10,13.82
12-28-2024 09:44:10,13.83
12-28-2024 09:54:10,13.85
12-28-2024 10:04:10,13.87
12-28-2024 10:14:10,13.9
12-28-2024 10:24:10,13.93
12-28-2024 10:34:10,13.96
12-28-2024 10:44:10,14
12-28-2024 10:54:10,14.04
12-28-2024 11:04:10,14.07
12-28-2024 11:14:10,14.11
12-28-2024 11:24:10,14.14
12-28-2024 11:34:10,14.17
12-28-2024 11:44:10,14.2
12-28-2024 11:54:10,14.23
12-28-2024 12:04:10,14.26
12-28-2024 12:14:10,14.29
12-28-2024 12:24:10,14.32
12-28-2024 12:34:10,14.34
12-28-2024 12:44:10,14.36
12-28-2024 12:54:10,14.4
12-28-2024 13:04:10,14.42
12-28-2024 13:14:10,14.44
12-28-2024 13:24:10,14.48
12-28-2024 13:34:10,14.51
12-28-2024 13:44:10,14.54
12-28-2024 13:54:10,14.56
12-28-2024 14:04:10,14.58
12-28-2024 14:14:10,14.6
12-28-2024 14:24:10,14.62
12-28-2024 14:34:10,14.63
12-28-2024 14:44:10,14.63
12-28-2024 14:54:10,14.63
12-28-2024 15:04:10,14.65
12-28-2024 15:14:10,14.66
12-28-2024 15:24:10,14.67
12-28-2024 15:34:10,14.68
12-28-2024 15:44:10,14.69
12-28-2024 15:54:10,14.7
12-28-2024 16:04:10,14.71
12-28-2024 16:14:10,14.71
12-28-2024 16:24:10,14.71
12-28-2024 16:34:10,14.7
12-28-2024 16:44:10,14.7
12-28-2024 16:54:10,14.68
12-28-2024 17:04:10,14.68
12-28-2024 17:14:10,14.67
12-28-2024 17:24:10,14.65
12-28-2024 17:34:10,14.63
12-28-2024 17:44:10,14.61
12-28-2024 17:54:10,14.59
12-28-2024 18:04:10,14.57
12-28-2024 18:14:10,14.56
12-28-2024 18:24:10,14.55
12-28-2024 18:34:10,14.53
12-28-2024 18:44:10,14.52
12-28-2024 18:54:10,14.49
12-28-2024 19:04:10,14.47
12-28-2024 19:14:10,14.44
12-28-2024 19:24:10,14.41
12-28-2024 19:34:10,14.38
12-28-2024 19:44:10,14.36
12-28-2024 19:54:10,14.33
12-28-2024 20:04:10,14.3
12-28-2024 20:14:10,14.27
12-28-2024 20:24:10,14.25
12-28-2024 20:34:10,14.22
12-28-2024 20:44:10,14.18
12-28-2024 20:54:10,14.16
12-28-2024 21:04:10,14.14
12-28-2024 21:14:10,14.12
12-28-2024 21:24:10,14.11
12-28-2024 21:34:10,14.08
12-28-2024 21:44:10,14.04
12-28-2024 21:54:10,14.01
12-28-2024 22:04:10,13.98
12-28-2024 22:14:10,13.96
12-28-2024 22:24:10,13.94
12-28-2024 22:34:10,13.92
12-28-2024 22:44:10,13.9
12-28-2024 22:54:10,13.88
12-28-2024 23:04:10,13.86
12-28-2024 23:14:10,13.84
12-28-2024 23:24:10,13.83
12-28-2024 23:34:10,13.81
12-28-2024 23:44:10,13.79
12-28-2024 23:54:10,13.77
12-29-2024 00:04:10,13.75
12-29-2024 00:14:10,13.73
12-29-2024 00:24:10,13.71
12-29-2024 00:34:10,13.7
12-29-2024 00:44:10,13.69
12-29-2024 00:54:10,13.66
12-29-2024 01:04:10,13.65
12-29-2024 01:14:10,13.63
12-29-2024 01:24:10,13.6
12-29-2024 01:34:10,13.57
12-29-2024 01:44:10,13.55
12-29-2024 01:54:10,13.52
12-29-2024 02:04:10,13.49
12-29-2024 02:14:10,13.46
12-29-2024 02:24:10,13.43
12-29-2024 02:34:10,13.4
12-29-2024 02:44:10,13.36
12-29-2024 02:54:10,13.34
12-29-2024 03:04:10,13.31
12-29-2024 03:14:10,13.28
12-29-2024 03:24:10,13.25
12-29-2024 03:34:10,13.23
12-29-2024 03:44:10,13.22
12-29-2024 03:54:10,13.2
12-29-2024 04:04:10,13.19
12-29-2024 04:14:10,13.18
12-29-2024 04:24:10,13.16
12-29-2024 04:34:10,13.16
12-29-2024 04:44:10,13.15
12-29-2024 04:54:10,13.14
12-29-2024 05:04:10,13.14
12-29-2024 05:14:10,13.13
12-29-2024 05:24:10,13.12
12-29-2024 05:34:10,13.11
12-29-2024 05:44:10,13.1
12-29-2024 05:54:10,13.1
12-29-2024 06:04:10,13.09
12-29-2024 06:14:10,13.08
12-29-2024 06:24:10,13.06
12-29-2024 06:34:10,13.04
12-29-2024 06:44:10,13.03
12-29-2024 06:54:10,13.01
12-29-2024 07:04:10,12.99
12-29-2024 07:14:10,12.97
12-29-2024 07:24:10,12.95
12-29-2024 07:34:10,12.92
12-29-2024 07:44:10,12.9
12-29-2024 07:54:10,12.89
12-29-2024 08:04:10,12.87
12-29-2024 08:14:10,12.85
12-29-2024 08:24:10,12.84
12-29-2024 08:34:10,12.83
12-29-2024 08:44:10,12.83
12-29-2024 08:54:10,12.83
12-29-2024 09:04:10,12.83
12-29-2024 09:14:10,12.83
12-29-2024 09:24:10,12.83
12-29-2024 09:34:10,12.84
12-29-2024 09:44:10,12.85
12-29-2024 09:54:10,12.86
12-29-2024 10:04:10,12.88
12-29-2024 10:14:10,12.9
12-29-2024 10:24:10,12.94
12-29-2024 10:34:10,12.98
12-29-2024 10:44:10,13.01
12-29-2024 10:54:10,13.06
12-29-2024 11:04:10,13.09
12-29-2024 11:14:10,13.12
12-29-2024 11:24:10,13.15
12-29-2024 11:34:10,13.16
12-29-2024 11:44:10,13.18
12-29-2024 11:54:10,13.2
12-29-2024 12:04:10,13.22
12-29-2024 12:14:10,13.24
12-29-2024 12:24:10,13.26
12-29-2024 12:34:10,13.27
12-29-2024 12:44:10,13.28
12-29-2024 12:54:10,13.3
12-29-2024 13:04:10,13.32
12-29-2024 13:14:10,13.35
12-29-2024 13:24:10,13.36
12-29-2024 13:34:10,13.39
12-29-2024 13:44:10,13.43
12-29-2024 13:54:10,13.46
12-29-2024 14:04:10,13.49
12-29-2024 14:14:10,13.51
12-29-2024 14:24:10,13.54
12-29-2024 14:34:10,13.56
12-29-2024 14:44:10,13.58
12-29-2024 14:54:10,13.59
12-29-2024 15:04:10,13.61
12-29-2024 15:14:10,13.62
12-29-2024 15:24:10,13.62
12-29-2024 15:34:10,13.62
12-29-2024 15:44:10,13.64
12-29-2024 15:54:10,13.62
12-29-2024 16:04:10,13.62
12-29-2024 16:14:10,13.63
12-29-2024 16:24:10,13.63
12-29-2024 16:34:10,13.63
12-29-2024 16:44:10,13.62
12-29-2024 16:54:10,13.61
12-29-2024 17:04:10,13.59
12-29-2024 17:14:10,13.58
12-29-2024 17:24:10,13.56
12-29-2024 17:34:10,13.53
12-29-2024 17:44:10,13.51
12-29-2024 17:54:10,13.51
12-29-2024 18:04:10,13.47
12-29-2024 18:14:10,13.44
12-29-2024 18:24:10,13.43
12-29-2024 18:34:10,13.42
12-29-2024 18:44:10,13.4
12-29-2024 18:54:10,13.36
12-29-2024 19:04:10,13.35
12-29-2024 19:14:10,13.31
12-29-2024 19:24:10,13.3
12-29-2024 19:34:10,13.27
12-29-2024 19:44:10,13.24
12-29-2024 19:54:10,13.21
12-29-2024 20:04:10,13.18
12-29-2024 20:14:10,13.16
12-29-2024 20:24:10,13.14
12-29-2024 20:34:10,13.11
12-29-2024 20:44:10,13.07
12-29-2024 20:54:10,13.05
12-29-2024 21:04:10,13.03
12-29-2024 21:14:10,12.99
12-29-2024 21:24:10,12.98
12-29-2024 21:34:10,12.95
12-29-2024 21:44:10,12.93
12-29-2024 21:54:10,12.91
12-29-2024 22:04:10,12.89
12-29-2024 22:14:10,12.89
12-29-2024 22:24:10,12.86
12-29-2024 22:34:10,12.84
12-29-2024 22:44:10,12.83
12-29-2024 22:54:10,12.81
12-29-2024 23:04:10,12.8
12-29-2024 23:14:10,12.79
12-29-2024 23:24:10,12.78
12-29-2024 23:34:10,12.76
12-29-2024 23:44:10,12.75
12-29-2024 23:54:10,12.73
12-30-2024 00:04:10,12.72
12-30-2024 00:14:10,12.71
12-30-2024 00:24:10,12.69
12-30-2024 00:34:10,12.68
12-30-2024 00:44:10,12.66
12-30-2024 00:54:10,12.65
12-30-2024 01:04:10,12.65
12-30-2024 01:14:10,12.63
12-30-2024 01:24:10,12.61
12-30-2024 01:34:10,12.59
12-30-2024 01:44:10,12.58
12-30-2024 01:54:10,12.58
12-30-2024 02:04:10,12.56
12-30-2024 02:14:10,12.55
12-30-2024 02:24:10,12.55
12-30-2024 02:34:10,12.54
12-30-2024 02:44:10,12.53
12-30-2024 02:54:10,12.53
12-30-2024 03:04:10,12.53
12-30-2024 03:14:10,12.52
12-30-2024 03:24:10,12.52
12-30-2024 03:34:10,12.51
12-30-2024 03:44:10,12.52
12-30-2024 03:54:10,12.52
12-30-2024 04:04:10,12.52
12-30-2024 04:14:10,12.52
12-30-2024 04:24:10,12.53
12-30-2024 04:34:10,12.53
12-30-2024 04:44:10,12.54
12-30-2024 04:54:10,12.55
12-30-2024 05:04:10,12.56
12-30-2024 05:14:10,12.57
12-30-2024 05:24:10,12.58
12-30-2024 05:34:10,12.59
12-30-2024 05:44:10,12.6
12-30-2024 05:54:10,12.6
12-30-2024 06:04:10,12.61
12-30-2024 06:14:10,12.61
12-30-2024 06:24:10,12.61
12-30-2024 06:34:10,12.61
12-30-2024 06:44:10,12.61
12-30-2024 06:54:10,12.61
12-30-2024 07:04:10,12.6
12-30-2024 07:14:10,12.6
12-30-2024 07:24:10,12.59
12-30-2024 07:34:10,12.6
12-30-2024 07:44:10,12.59
12-30-2024 07:54:10,12.58
12-30-2024 08:04:10,12.58
12-30-2024 08:14:10,12.57
12-30-2024 08:24:10,12.57
12-30-2024 08:34:10,12.56
12-30-2024 08:44:10,12.55
12-30-2024 08:54:10,12.56
12-30-2024 09:04:10,12.55
12-30-2024 09:14:10,12.55
12-30-2024 09:24:10,12.56
12-30-2024 09:34:10,12.56
12-30-2024 09:44:10,12.57
12-30-2024 09:54:10,12.57
12-30-2024 10:04:10,12.58
12-30-2024 10:14:10,12.58
12-30-2024 10:24:10,12.6
12-30-2024 10:34:10,12.61
12-30-2024 10:44:10,12.63
12-30-2024 10:54:10,12.65
12-30-2024 11:04:10,12.67
12-30-2024 11:14:10,12.7
12-30-2024 11:24:10,12.74
12-30-2024 11:34:10,12.76
12-30-2024 11:44:10,12.79
12-30-2024 11:54:10,12.82
12-30-2024 12:04:10,12.85
12-30-2024 12:14:10,12.88
12-30-2024 12:24:10,12.91
12-30-2024 12:34:10,12.95
12-30-2024 12:44:10,12.97
12-30-2024 12:54:10,13.01
12-30-2024 13:04:10,13.04
12-30-2024 13:14:10,13.08
12-30-2024 13:24:10,13.12
12-30-2024 13:34:10,13.16
12-30-2024 13:44:10,13.2
12-30-2024 13:54:10,13.24
12-30-2024 14:04:10,13.27
12-30-2024 14:14:10,13.31
12-30-2024 14:24:10,13.34
12-30-2024 14:34:10,13.36
12-30-2024 14:44:10,13.39
12-30-2024 14:54:10,13.42
12-30-2024 15:04:10,13.44
12-30-2024 15:14:10,13.46
12-30-2024 15:24:10,13.48
12-30-2024 15:34:10,13.5
12-30-2024 15:44:10,13.52
12-30-2024 15:54:10,13.54
12-30-2024 16:04:10,13.55
12-30-2024 16:14:10,13.56
12-30-2024 16:24:10,13.57
12-30-2024 16:34:10,13.57
12-30-2024 16:44:10,13.57
12-30-2024 16:54:10,13.57
12-30-2024 17:04:10,13.57
12-30-2024 17:14:10,13.56
12-30-2024 17:24:10,13.55
12-30-2024 17:34:10,13.54
12-30-2024 17:44:10,13.54
12-30-2024 17:54:10,13.53
12-30-2024 18:04:10,13.52
12-30-2024 18:14:10,13.5
12-30-2024 18:24:10,13.49
12-30-2024 18:34:10,13.49
12-30-2024 18:44:10,13.46
12-30-2024 18:54:10,13.44
12-30-2024 19:04:10,13.43
12-30-2024 19:14:10,13.41
12-30-2024 19:24:10,13.38
12-30-2024 19:34:10,13.36
12-30-2024 19:44:10,13.35
12-30-2024 19:54:10,13.32
12-30-2024 20:04:10,13.3
12-30-2024 20:14:10,13.28
12-30-2024 20:24:10,13.25
12-30-2024 20:34:10,13.23
12-30-2024 20:44:10,13.22
12-30-2024 20:54:10,13.18
12-30-2024 21:04:10,13.17
12-30-2024 21:14:10,13.15
12-30-2024 21:24:10,13.13
12-30-2024 21:34:10,13.12
12-30-2024 21:44:10,13.11
12-30-2024 21:54:10,13.1
12-30-2024 22:04:10,13.09
12-30-2024 22:14:10,13.09
12-30-2024 22:24:10,13.1
12-30-2024 22:34:10,13.1
12-30-2024 22:44:10,13.1
12-30-2024 22:54:10,13.12
12-30-2024 23:04:10,13.13
12-30-2024 23:14:10,13.14
12-30-2024 23:24:10,13.16
12-30-2024 23:34:10,13.18
12-30-2024 23:44:10,13.2
12-30-2024 23:54:10,13.22
12-31-2024 00:04:10,13.23
12-31-2024 00:14:10,13.25
12-31-2024 00:24:10,13.26
12-31-2024 00:34:10,13.28
12-31-2024 00:44:10,13.29
12-31-2024 00:54:10,13.3
12-31-2024 01:04:10,13.31
12-31-2024 01:14:10,13.33
12-31-2024 01:24:10,13.34
12-31-2024 01:34:10,13.34
12-31-2024 01:44:10,13.35
12-31-2024 01:54:10,13.34
12-31-2024 02:04:10,13.34
12-31-2024 02:14:10,13.34
12-31-2024 02:24:10,13.34
12-31-2024 02:34:10,13.33
12-31-2024 02:44:10,13.33
12-31-2024 02:54:10,13.32
12-31-2024 03:04:10,13.31
12-31-2024 03:14:10,13.3
12-31-2024 03:24:10,13.3
12-31-2024 03:34:10,13.28
12-31-2024 03:44:10,13.28
12-31-2024 03:54:10,13.26
12-31-2024 04:04:10,13.25
12-31-2024 04:14:10,13.24
12-31-2024 04:24:10,13.22
12-31-2024 04:34:10,13.22
12-31-2024 04:44:10,13.2
12-31-2024 04:54:10,13.18
12-31-2024 05:04:10,13.18
12-31-2024 05:14:10,13.17
12-31-2024 05:24:10,13.15
12-31-2024 05:34:10,13.15
12-31-2024 05:44:10,13.13
12-31-2024 05:54:10,13.12
12-31-2024 06:04:10,13.11
12-31-2024 06:14:10,13.1
12-31-2024 06:24:10,13.09
12-31-2024 06:34:10,13.08
12-31-2024 06:44:10,13.08
12-31-2024 06:54:10,13.07
12-31-2024 07:04:10,13.05
12-31-2024 07:14:10,13.04
12-31-2024 07:24:10,13.04
12-31-2024 07:34:10,13.03
12-31-2024 07:44:10,13.02
12-31-2024 07:54:10,13.01
12-31-2024 08:04:10,13
12-31-2024 08:14:10,12.98
12-31-2024 08:24:10,12.97
12-31-2024 08:34:10,12.97
12-31-2024 08:44:10,12.97
12-31-2024 08:54:10,12.96
12-31-2024 09:04:10,12.95
12-31-2024 09:14:10,12.95
12-31-2024 09:24:10,12.95
12-31-2024 09:34:10,12.95
12-31-2024 09:44:10,12.95
12-31-2024 09:54:10,12.96
12-31-2024 10:04:10,12.97
12-31-2024 10:14:10,12.98
12-31-2024 10:24:10,13
12-31-2024 10:34:10,13.02
12-31-2024 10:44:10,13.06
12-31-2024 10:54:10,13.12
12-31-2024 11:04:10,13.17
12-31-2024 11:14:10,13.21
12-31-2024 11:24:10,13.25
12-31-2024 11:34:10,13.28
12-31-2024 11:44:10,13.32
12-31-2024 11:54:10,13.36
12-31-2024 12:04:10,13.4
12-31-2024 12:14:10,13.44
12-31-2024 12:24:10,13.47
12-31-2024 12:34:10,13.5
12-31-2024 12:44:10,13.52
12-31-2024 12:54:10,13.54
12-31-2024 13:04:10,13.57
12-31-2024 13:14:10,13.59
12-31-2024 13:24:10,13.61
12-31-2024 13:34:10,13.64
12-31-2024 13:44:10,13.66
12-31-2024 13:54:10,13.68
12-31-2024 14:04:10,13.7
12-31-2024 14:14:10,13.72
12-31-2024 14:24:10,13.74
12-31-2024 14:34:10,13.76
12-31-2024 14:44:10,13.77
12-31-2024 14:54:10,13.79
12-31-2024 15:04:10,13.8
12-31-2024 15:14:10,13.82
12-31-2024 15:24:10,13.83
12-31-2024 15:34:10,13.84
12-31-2024 15:44:10,13.86
12-31-2024 15:54:10,13.87
12-31-2024 16:04:10,13.88
12-31-2024 16:14:10,13.88
12-31-2024 16:24:10,13.88
12-31-2024 16:34:10,13.88
12-31-2024 16:44:10,13.88
12-31-2024 16:54:10,13.88
12-31-2024 17:04:10,13.87
12-31-2024 17:14:10,13.85
12-31-2024 17:24:10,13.84
12-31-2024 17:34:10,13.83
12-31-2024 17:44:10,13.81
12-31-2024 17:54:10,13.8
12-31-2024 18:04:10,13.78
12-31-2024 18:14:10,13.76
12-31-2024 18:24:10,13.73
12-31-2024 18:34:10,13.7
12-31-2024 18:44:10,13.69
12-31-2024 18:54:10,13.66
12-31-2024 19:04:10,13.63
12-31-2024 19:14:10,13.61
12-31-2024 19:24:10,13.58
12-31-2024 19:34:10,13.56
12-31-2024 19:44:10,13.53
12-31-2024 19:54:10,13.5
12-31-2024 20:04:10,13.48
12-31-2024 20:14:10,13.46
12-31-2024 20:24:10,13.44
12-31-2024 20:34:10,13.42
12-31-2024 20:44:10,13.4
12-31-2024 20:54:10,13.39
12-31-2024 21:04:10,13.36
12-31-2024 21:14:10,13.34
12-31-2024 21:24:10,13.33
12-31-2024 21:34:10,13.31
12-31-2024 21:44:10,13.3
12-31-2024 21:54:10,13.29
12-31-2024 22:04:10,13.28
12-31-2024 22:14:10,13.26
12-31-2024 22:24:10,13.25
12-31-2024 22:34:10,13.24
12-31-2024 22:44:10,13.24
12-31-2024 22:54:10,13.22
12-31-2024 23:04:10,13.21
12-31-2024 23:14:10,13.21
12-31-2024 23:24:10,13.21
12-31-2024 23:34:10,13.2
12-31-2024 23:44:10,13.2
12-31-2024 23:54:10,13.2
