time,trp
09-02-2024 00:06:00,108.212944785294
09-02-2024 00:16:00,108.42217430928
09-02-2024 00:26:00,109.042124679847
09-02-2024 00:36:00,108.94770356561
09-02-2024 00:46:00,110.799921695803
09-02-2024 00:56:00,108.955474539526
09-02-2024 01:06:00,109.673741752701
09-02-2024 01:16:00,108.753524793539
09-02-2024 01:26:00,107.21296182378
09-02-2024 01:36:00,109.26593213648
09-02-2024 01:46:00,108.640762546353
09-02-2024 01:56:00,107.71223007815
09-02-2024 02:06:00,109.340741099819
09-02-2024 02:16:00,108.51071871377
09-02-2024 02:26:00,109.112679271995
09-02-2024 02:36:00,109.304178296166
09-02-2024 02:46:00,111.434470306419
09-02-2024 02:56:00,111.518316218032
09-02-2024 03:06:00,111.089874374067
09-02-2024 03:16:00,110.862052281373
09-02-2024 03:26:00,109.922182540884
09-02-2024 03:36:00,110.611592693896
09-02-2024 03:46:00,110.998026320174
09-02-2024 03:56:00,110.872854215767
09-02-2024 04:06:00,110.436639701704
09-02-2024 04:16:00,112.657566198263
09-02-2024 04:26:00,110.284730583496
09-02-2024 04:36:00,109.742792173215
09-02-2024 04:46:00,111.04276726593
09-02-2024 04:56:00,111.627571803628
09-02-2024 05:06:00,109.764537492475
09-02-2024 05:16:00,110.655196355752
09-02-2024 05:26:00,112.059100609587
09-02-2024 05:36:00,112.438882865191
09-02-2024 05:46:00,110.994652281434
09-02-2024 05:56:00,110.055847304185
09-02-2024 06:06:00,109.829976463839
09-02-2024 06:16:00,109.502554692944
09-02-2024 06:26:00,110.80670141422
09-02-2024 06:36:00,111.906776767301
09-02-2024 06:46:00,110.876478726019
09-02-2024 06:56:00,110.151497554411
09-02-2024 07:06:00,112.673063487844
09-02-2024 07:16:00,108.499447151164
09-02-2024 07:26:00,110.419948235038
09-02-2024 07:36:00,109.797253829842
09-02-2024 07:46:00,112.325767948412
09-02-2024 07:56:00,112.41776645267
09-02-2024 08:06:00,110.881837088207
09-02-2024 08:16:00,111.075505606641
09-02-2024 08:26:00,110.969267785979
09-02-2024 08:36:00,109.540257228663
09-02-2024 08:46:00,111.360873892706
09-02-2024 08:56:00,110.333366060829
09-02-2024 09:06:00,110.729720396414
09-02-2024 09:16:00,110.218241954757
09-02-2024 09:26:00,109.200204628836
09-02-2024 09:36:00,110.521681911438
09-02-2024 09:46:00,109.91776653727
09-02-2024 09:56:00,109.516528602123
09-02-2024 10:06:00,108.106187109695
09-02-2024 10:16:00,108.008961466005
09-02-2024 10:26:00,109.436215182026
09-02-2024 10:36:00,108.735196353081
09-02-2024 10:46:00,108.241086922815
09-02-2024 10:56:00,109.069096248033
09-02-2024 11:06:00,109.086184167212
09-02-2024 11:16:00,109.310451023907
09-02-2024 11:26:00,108.114536343176
09-02-2024 11:36:00,109.565055767824
09-02-2024 11:46:00,109.705545190723
09-02-2024 11:56:00,110.248093480793
09-02-2024 12:06:00,110.791087039001
09-02-2024 12:16:00,110.127804547358
09-02-2024 12:26:00,109.658486292694
09-02-2024 12:36:00,109.799349932467
09-02-2024 12:46:00,108.421662782984
09-02-2024 12:56:00,111.822184423462
09-02-2024 13:06:00,108.605041240497
09-02-2024 13:16:00,109.353221971807
09-02-2024 13:26:00,108.673801847744
09-02-2024 13:36:00,109.524685392568
09-02-2024 13:46:00,109.040295393519
09-02-2024 13:56:00,109.372562171465
09-02-2024 14:06:00,107.657814186791
09-02-2024 14:16:00,108.496400634775
09-02-2024 14:26:00,108.913617359928
09-02-2024 14:36:00,107.998296449798
09-02-2024 14:46:00,110.148127515314
09-02-2024 14:56:00,108.313270434591
09-02-2024 15:06:00,108.108876051816
09-02-2024 15:16:00,105.661141889134
09-02-2024 15:26:00,107.193637253939
09-02-2024 15:36:00,108.828110429804
09-02-2024 15:46:00,107.193674264177
09-02-2024 15:56:00,108.317256605336
09-02-2024 16:06:00,108.317220497615
09-02-2024 16:16:00,109.134225176845
09-02-2024 16:26:00,109.134150212505
09-02-2024 16:36:00,106.074717358905
09-02-2024 16:46:00,105.780914469022
09-02-2024 16:56:00,107.223553874863
09-02-2024 17:06:00,108.372954094664
09-02-2024 17:16:00,106.354594292494
09-02-2024 17:26:00,108.526796472172
09-02-2024 17:36:00,107.010190676261
09-02-2024 17:46:00,108.463303085607
09-02-2024 17:56:00,106.643372956591
09-02-2024 18:06:00,106.672902476885
09-02-2024 18:16:00,106.698246385767
09-02-2024 18:26:00,106.518805600098
09-02-2024 18:36:00,106.343448838951
09-02-2024 18:46:00,105.139118898737
09-02-2024 18:56:00,106.504912829612
09-02-2024 19:06:00,106.948870401163
09-02-2024 19:16:00,105.95687643308
09-02-2024 19:26:00,107.529979326428
09-02-2024 19:36:00,105.506466233949
09-02-2024 19:46:00,106.665513974337
09-02-2024 19:56:00,106.900671571037
09-02-2024 20:06:00,103.744173790086
09-02-2024 20:16:00,107.577129242393
09-02-2024 20:26:00,105.751584831382
09-02-2024 20:36:00,106.604058702729
09-02-2024 20:46:00,107.345688294999
09-02-2024 20:56:00,107.264192647088
09-02-2024 21:06:00,107.590217521984
09-02-2024 21:16:00,106.783674338586
09-02-2024 21:26:00,106.496011654578
09-02-2024 21:36:00,106.616072022861
09-02-2024 21:46:00,107.76221164998
09-02-2024 21:56:00,106.955134767134
09-02-2024 22:06:00,109.02917443826
09-02-2024 22:16:00,108.531315273431
09-02-2024 22:26:00,107.513533263233
09-02-2024 22:36:00,105.052113569036
09-02-2024 22:46:00,106.925067674495
09-02-2024 22:56:00,106.624367447288
09-02-2024 23:06:00,105.812160697324
09-02-2024 23:16:00,105.614490437907
09-02-2024 23:26:00,104.599821938229
09-02-2024 23:36:00,107.187556881017
09-02-2024 23:46:00,106.160332453358
09-02-2024 23:56:00,107.402793145421
09-03-2024 00:06:00,104.522666815642
09-03-2024 00:16:00,105.864201369102
09-03-2024 00:26:00,108.340354197449
09-03-2024 00:36:00,105.65846443106
09-03-2024 00:46:00,107.511173502306
09-03-2024 00:56:00,105.960139407705
09-03-2024 01:06:00,109.457884302024
09-03-2024 01:16:00,109.144289239384
09-03-2024 01:26:00,107.585165223908
09-03-2024 01:36:00,107.473771158425
09-03-2024 01:46:00,109.826534787736
09-03-2024 01:56:00,109.60301073738
09-03-2024 02:06:00,108.555902792461
09-03-2024 02:16:00,109.465185157523
09-03-2024 02:26:00,108.212943500778
09-03-2024 02:36:00,107.565894979578
09-03-2024 02:46:00,108.881480866991
09-03-2024 02:56:00,109.476661728186
09-03-2024 03:06:00,109.865935151691
09-03-2024 03:16:00,109.32619091291
09-03-2024 03:26:00,108.782573258545
09-03-2024 03:36:00,110.398632770256
09-03-2024 03:46:00,108.525983665877
09-03-2024 03:56:00,109.521297978141
09-03-2024 04:06:00,109.081056933595
09-03-2024 04:16:00,109.260133398279
09-03-2024 04:26:00,111.179674697028
09-03-2024 04:36:00,109.404474759444
09-03-2024 04:46:00,110.397129708997
09-03-2024 04:56:00,107.508054884403
09-03-2024 05:06:00,108.700833266385
09-03-2024 05:16:00,110.003242653379
09-03-2024 05:26:00,110.381242582164
09-03-2024 05:36:00,110.048908402755
09-03-2024 05:46:00,109.716855493359
09-03-2024 05:56:00,110.710739732314
09-03-2024 06:06:00,109.970976926711
09-03-2024 06:16:00,109.028050279024
09-03-2024 06:26:00,109.715472801282
09-03-2024 06:36:00,109.180665392773
09-03-2024 06:46:00,110.380677290719
09-03-2024 06:56:00,106.387248476109
09-03-2024 07:06:00,107.383957663939
09-03-2024 07:16:00,109.498201870576
09-03-2024 07:26:00,108.464964521542
09-03-2024 07:36:00,109.053607857241
09-03-2024 07:46:00,109.138360682427
09-03-2024 07:56:00,109.121538511903
09-03-2024 08:06:00,110.026945027342
09-03-2024 08:16:00,108.191630705554
09-03-2024 08:26:00,108.289304918747
09-03-2024 08:36:00,108.08254278451
09-03-2024 08:46:00,109.093366639102
09-03-2024 08:56:00,108.582221693977
09-03-2024 09:06:00,110.201385251432
09-03-2024 09:16:00,108.781677926532
09-03-2024 09:26:00,108.482070092257
09-03-2024 09:36:00,108.385329154379
09-03-2024 09:46:00,108.085729513234
09-03-2024 09:56:00,107.283155097777
09-03-2024 10:06:00,107.799252733755
09-03-2024 10:16:00,108.416863414005
09-03-2024 10:26:00,106.193806751287
09-03-2024 10:36:00,108.743426217203
09-03-2024 10:46:00,106.223820047114
09-03-2024 10:56:00,107.564625705343
09-03-2024 11:06:00,107.886522487662
09-03-2024 11:16:00,108.720519910725
09-03-2024 11:26:00,105.703282357183
09-03-2024 11:36:00,108.480598734224
09-03-2024 11:46:00,106.790912451953
09-03-2024 11:56:00,106.218590504783
09-03-2024 12:06:00,106.052812671597
09-03-2024 12:16:00,108.33476428447
09-03-2024 12:26:00,107.0575810268
09-03-2024 12:36:00,108.930565434659
09-03-2024 12:46:00,107.852132359269
09-03-2024 12:56:00,105.650123093348
09-03-2024 13:06:00,108.550456445555
09-03-2024 13:16:00,109.513057027801
09-03-2024 13:26:00,106.891256369692
09-03-2024 13:36:00,105.289612061481
09-03-2024 13:46:00,107.372719667229
09-03-2024 13:56:00,106.375481671827
09-03-2024 14:06:00,106.396903120324
09-03-2024 14:16:00,106.930128184989
09-03-2024 14:26:00,106.632032789871
09-03-2024 14:36:00,107.148668005379
09-03-2024 14:46:00,107.972400431361
09-03-2024 14:56:00,107.154106486228
09-03-2024 15:06:00,106.741147496134
09-03-2024 15:16:00,107.654407526167
09-03-2024 15:26:00,105.29751592971
09-03-2024 15:36:00,106.219056550757
09-03-2024 15:46:00,107.238595675887
09-03-2024 15:56:00,106.109894425312
09-03-2024 16:06:00,107.9474079831
09-03-2024 16:16:00,108.046042069513
09-03-2024 16:26:00,107.126351551516
09-03-2024 16:36:00,105.4951205371
09-03-2024 16:46:00,105.40182103089
09-03-2024 16:56:00,105.316683866034
09-03-2024 17:06:00,107.175181409075
09-03-2024 17:16:00,106.378268475697
09-03-2024 17:26:00,107.42742592747
09-03-2024 17:36:00,106.126542328723
09-03-2024 17:46:00,108.61445461922
09-03-2024 17:56:00,107.505333212054
09-03-2024 18:06:00,106.510765671456
09-03-2024 18:16:00,107.5658036969
09-03-2024 18:26:00,105.647587490262
09-03-2024 18:36:00,106.80984004951
09-03-2024 18:46:00,106.741414244875
09-03-2024 18:56:00,106.262215059601
09-03-2024 19:06:00,104.241793233655
09-03-2024 19:16:00,105.919211084262
09-03-2024 19:26:00,104.50975905652
09-03-2024 19:36:00,106.715355465107
09-03-2024 19:46:00,105.206050276304
09-03-2024 19:56:00,104.724962978393
09-03-2024 20:06:00,104.663574390968
09-03-2024 20:16:00,106.24270125843
09-03-2024 20:26:00,105.142861093293
09-03-2024 20:36:00,104.347442512235
09-03-2024 20:46:00,105.412478272488
09-03-2024 20:56:00,106.577420191673
09-03-2024 21:06:00,107.222759468345
09-03-2024 21:16:00,107.459666326361
09-03-2024 21:26:00,106.655261309776
09-03-2024 21:36:00,108.334472909313
09-03-2024 21:46:00,108.662396767476
09-03-2024 21:56:00,107.965356472343
09-03-2024 22:06:00,106.225481586004
09-03-2024 22:16:00,105.312292223431
09-03-2024 22:26:00,106.674274219926
09-03-2024 22:36:00,108.140195566195
09-03-2024 22:46:00,105.885930342989
09-03-2024 22:56:00,106.830646883422
09-03-2024 23:06:00,105.291605036836
09-03-2024 23:16:00,107.168087851319
09-03-2024 23:26:00,107.078062729927
09-03-2024 23:36:00,105.94433190734
09-03-2024 23:46:00,105.228819414268
09-03-2024 23:56:00,107.196702867105
09-04-2024 00:06:00,103.98845863479
09-04-2024 00:16:00,104.084882444141
09-04-2024 00:26:00,107.703891725141
09-04-2024 00:36:00,105.937199236792
09-04-2024 00:46:00,105.722895822323
09-04-2024 00:56:00,106.336127820532
09-04-2024 01:06:00,106.936508698006
09-04-2024 01:16:00,105.266709183913
09-04-2024 01:26:00,108.661233181468
09-04-2024 01:36:00,106.157187721752
09-04-2024 01:46:00,107.2646590349
09-04-2024 01:56:00,107.863641227859
09-04-2024 02:06:00,109.695847083535
09-04-2024 02:16:00,109.047374702266
09-04-2024 02:26:00,108.717320141784
09-04-2024 02:36:00,107.3571210195
09-04-2024 02:46:00,108.152411233349
09-04-2024 02:56:00,108.749669079541
09-04-2024 03:06:00,109.445088895462
09-04-2024 03:16:00,108.185452188694
09-04-2024 03:26:00,108.87624665775
09-04-2024 03:36:00,106.791596086595
09-04-2024 03:46:00,108.82208774371
09-04-2024 03:56:00,109.306309485079
09-04-2024 04:06:00,108.768059484396
09-04-2024 04:16:00,109.563988248482
09-04-2024 04:26:00,112.000096230126
09-04-2024 04:36:00,108.99690783703
09-04-2024 04:46:00,108.869584709897
09-04-2024 04:56:00,107.9272489466
09-04-2024 05:06:00,107.702307471239
09-04-2024 05:16:00,108.906187132244
09-04-2024 05:26:00,108.988017897812
09-04-2024 05:36:00,109.274346407482
09-04-2024 05:46:00,108.947053653399
09-04-2024 05:56:00,108.624253727385
09-04-2024 06:06:00,108.403828543472
09-04-2024 06:16:00,109.405013868994
09-04-2024 06:26:00,108.265512776246
09-04-2024 06:36:00,107.734982398468
09-04-2024 06:46:00,108.637633110231
09-04-2024 06:56:00,108.821396212731
09-04-2024 07:06:00,109.009302407216
09-04-2024 07:16:00,109.498661955029
09-04-2024 07:26:00,108.866699744227
09-04-2024 07:36:00,109.461938534172
09-04-2024 07:46:00,107.200941013249
09-04-2024 07:56:00,108.407171448263
09-04-2024 08:06:00,106.559234443741
09-04-2024 08:16:00,110.007825530183
09-04-2024 08:26:00,110.097566906649
09-04-2024 08:36:00,107.750393494999
09-04-2024 08:46:00,109.777098373984
09-04-2024 08:56:00,107.943409311912
09-04-2024 09:06:00,109.058728760299
09-04-2024 09:16:00,108.140531401057
09-04-2024 09:26:00,108.751553480281
09-04-2024 09:36:00,108.151088039368
09-04-2024 09:46:00,108.058900739823
09-04-2024 09:56:00,107.352506312462
09-04-2024 10:06:00,107.361949062169
09-04-2024 10:16:00,107.981481839068
09-04-2024 10:26:00,106.262292816376
09-04-2024 10:36:00,107.089360516296
09-04-2024 10:46:00,104.462442024727
09-04-2024 10:56:00,106.420848273581
09-04-2024 11:06:00,106.743750357425
09-04-2024 11:16:00,106.057097847906
09-04-2024 11:26:00,106.192806584442
09-04-2024 11:36:00,106.838015592132
09-04-2024 11:46:00,106.268904544415
09-04-2024 11:56:00,106.30700579311
09-04-2024 12:06:00,107.777712217811
09-04-2024 12:16:00,107.310311531123
09-04-2024 12:26:00,107.561581825418
09-04-2024 12:36:00,107.293780609379
09-04-2024 12:46:00,109.283653155382
09-04-2024 12:56:00,108.509095183395
09-04-2024 13:06:00,107.836077939127
09-04-2024 13:16:00,108.382899183751
09-04-2024 13:26:00,105.450970766597
09-04-2024 13:36:00,107.325579678227
09-04-2024 13:46:00,107.561075879538
09-04-2024 13:56:00,106.766955752376
09-04-2024 14:06:00,106.784780841044
09-04-2024 14:16:00,105.76850044725
09-04-2024 14:26:00,107.11163146836
09-04-2024 14:36:00,105.065271200966
09-04-2024 14:46:00,107.528606194274
09-04-2024 14:56:00,105.888612677124
09-04-2024 15:06:00,107.223347497781
09-04-2024 15:16:00,106.203067210801
09-04-2024 15:26:00,103.435156385597
09-04-2024 15:36:00,106.312374388499
09-04-2024 15:46:00,107.446009605648
09-04-2024 15:56:00,105.088433939275
09-04-2024 16:06:00,106.837357955584
09-04-2024 16:16:00,106.941210277669
09-04-2024 16:26:00,105.510933160932
09-04-2024 16:36:00,106.644455575318
09-04-2024 16:46:00,107.166833081556
09-04-2024 16:56:00,106.569326023484
09-04-2024 17:06:00,106.689768943077
09-04-2024 17:16:00,106.917017789396
09-04-2024 17:26:00,107.65339638379
09-04-2024 17:36:00,105.934503929899
09-04-2024 17:46:00,105.241569634783
09-04-2024 17:56:00,107.10393183599
09-04-2024 18:06:00,106.209689593861
09-04-2024 18:16:00,106.646847561685
09-04-2024 18:26:00,106.056196499772
09-04-2024 18:36:00,107.007756253112
09-04-2024 18:46:00,106.836637495693
09-04-2024 18:56:00,106.146650626182
09-04-2024 19:06:00,107.408095631478
09-04-2024 19:16:00,105.486132729113
09-04-2024 19:26:00,104.584852744253
09-04-2024 19:36:00,106.572607053268
09-04-2024 19:46:00,106.293714279719
09-04-2024 19:56:00,106.315757250314
09-04-2024 20:06:00,106.659688229791
09-04-2024 20:16:00,104.840661710718
09-04-2024 20:26:00,105.684170208246
09-04-2024 20:36:00,105.408576015849
09-04-2024 20:46:00,105.434531876431
09-04-2024 20:56:00,105.154570276614
09-04-2024 21:06:00,105.486492326125
09-04-2024 21:16:00,105.921962450189
09-04-2024 21:26:00,105.323510234887
09-04-2024 21:36:00,105.341321308138
09-04-2024 21:46:00,104.941284570352
09-04-2024 21:56:00,106.829698060606
09-04-2024 22:06:00,105.386638954813
09-04-2024 22:16:00,105.400397070489
09-04-2024 22:26:00,106.242156752315
09-04-2024 22:36:00,105.009823595134
09-04-2024 22:46:00,104.915976519857
09-04-2024 22:56:00,105.132675543801
09-04-2024 23:06:00,105.452927965889
09-04-2024 23:16:00,105.251495997843
09-04-2024 23:26:00,104.32539923793
09-04-2024 23:36:00,105.37034567031
09-04-2024 23:46:00,105.168913644958
09-04-2024 23:56:00,105.584574487421
09-07-2024 00:06:00,108.756628062071
09-07-2024 00:16:00,108.23993653773
09-07-2024 00:26:00,108.138745957439
09-07-2024 00:36:00,108.556834097693
09-07-2024 00:46:00,109.074518265541
09-07-2024 00:56:00,108.76146435012
09-07-2024 01:06:00,108.647766396864
09-07-2024 01:16:00,111.543687707453
09-07-2024 01:26:00,109.877345768631
09-07-2024 01:36:00,110.489618617459
09-07-2024 01:46:00,107.471768388622
09-07-2024 01:56:00,110.780144934702
09-07-2024 02:06:00,109.314374786906
09-07-2024 02:16:00,109.917704924767
09-07-2024 02:26:00,109.489029828807
09-07-2024 02:36:00,109.569957109424
09-07-2024 02:46:00,109.038197816349
09-07-2024 02:56:00,109.537360526144
09-07-2024 03:06:00,110.557635351217
09-07-2024 03:16:00,110.121039490651
09-07-2024 03:26:00,110.210098536487
09-07-2024 03:36:00,110.083959031803
09-07-2024 03:46:00,109.449909179678
09-07-2024 03:56:00,109.943714366333
09-07-2024 04:06:00,111.060669072651
09-07-2024 04:16:00,110.319603744393
09-07-2024 04:26:00,108.543511764631
09-07-2024 04:36:00,111.515531250946
09-07-2024 04:46:00,110.569040857015
09-07-2024 04:56:00,109.936525777002
09-07-2024 05:06:00,110.845159780951
09-07-2024 05:16:00,111.139680931054
09-07-2024 05:26:00,111.018024266101
09-07-2024 05:36:00,109.460150077036
09-07-2024 05:46:00,108.314678330329
09-07-2024 05:56:00,110.559285536868
09-07-2024 06:06:00,109.829648770564
09-07-2024 06:16:00,110.021203237742
09-07-2024 06:26:00,109.08244621323
09-07-2024 06:36:00,110.716385805254
09-07-2024 06:46:00,109.161790952002
09-07-2024 06:56:00,107.920180143093
09-07-2024 07:06:00,109.035809103967
09-07-2024 07:16:00,109.744539934941
09-07-2024 07:26:00,108.602246149553
09-07-2024 07:36:00,108.59281271302
09-07-2024 07:46:00,110.326463144387
09-07-2024 07:56:00,106.93783765778
09-07-2024 08:06:00,109.593598353423
09-07-2024 08:16:00,109.489811887005
09-07-2024 08:26:00,109.381907189653
09-07-2024 08:36:00,107.028320033342
09-07-2024 08:46:00,108.154205041861
09-07-2024 08:56:00,109.181533242095
09-07-2024 09:06:00,107.033390159648
09-07-2024 09:16:00,107.55258607987
09-07-2024 09:26:00,108.481509320425
09-07-2024 09:36:00,108.898282627835
09-07-2024 09:46:00,109.212629225869
09-07-2024 09:56:00,108.502671861049
09-07-2024 10:06:00,109.230883827594
09-07-2024 10:16:00,106.68101238115
09-07-2024 10:26:00,108.232875792565
09-07-2024 10:36:00,109.170305525393
09-07-2024 10:46:00,106.726146207167
09-07-2024 10:56:00,108.17608063621
09-07-2024 11:06:00,107.477819837424
09-07-2024 11:16:00,107.086895982232
09-07-2024 11:26:00,108.242175259501
09-07-2024 11:36:00,107.247804750385
09-07-2024 11:46:00,108.818493618907
09-07-2024 11:56:00,108.649060889764
09-07-2024 12:06:00,107.452329658164
09-07-2024 12:16:00,110.266377545814
09-07-2024 12:26:00,107.629953458977
09-07-2024 12:36:00,109.113596456124
09-07-2024 12:46:00,108.639292404272
09-07-2024 12:56:00,108.580482372127
09-07-2024 13:06:00,109.028431672301
09-07-2024 13:16:00,107.514733887402
09-07-2024 13:26:00,108.465701387136
09-07-2024 13:36:00,108.49749370995
09-07-2024 13:46:00,108.937742929482
09-07-2024 13:56:00,108.34247925474
09-07-2024 14:06:00,108.163766943229
09-07-2024 14:16:00,107.873576436327
09-07-2024 14:26:00,108.301784673268
09-07-2024 14:36:00,107.79691424708
09-07-2024 14:46:00,108.212912206395
09-07-2024 14:56:00,107.287052610047
09-07-2024 15:06:00,106.262074002447
09-07-2024 15:16:00,106.682128920468
09-07-2024 15:26:00,107.102187935055
09-07-2024 15:36:00,105.763626927418
09-07-2024 15:46:00,106.695720573181
09-07-2024 15:56:00,106.909334558856
09-07-2024 16:06:00,107.015730320594
09-07-2024 16:16:00,106.614146005972
09-07-2024 16:26:00,108.900113335919
09-07-2024 16:36:00,105.516907820894
09-07-2024 16:46:00,107.50189923438
09-07-2024 16:56:00,110.107576552109
09-07-2024 17:06:00,109.106770472579
09-07-2024 17:16:00,106.55479018528
09-07-2024 17:26:00,108.550620602722
09-07-2024 17:36:00,106.613241981504
09-07-2024 17:46:00,108.20062039926
09-07-2024 17:56:00,107.611383722539
09-07-2024 18:06:00,108.061301277306
09-07-2024 18:16:00,108.822387505506
09-07-2024 18:26:00,109.480466300113
09-07-2024 18:36:00,108.272765547688
09-07-2024 18:46:00,108.308791514355
09-07-2024 18:56:00,105.33153573217
09-07-2024 19:06:00,107.238962068716
09-07-2024 19:16:00,105.824538826882
09-07-2024 19:26:00,107.002584269912
09-07-2024 19:36:00,106.730310658071
09-07-2024 19:46:00,107.905697002492
09-07-2024 19:56:00,107.213389093646
09-07-2024 20:06:00,106.516486047253
09-07-2024 20:16:00,107.484902971975
09-07-2024 20:26:00,105.846257513032
09-07-2024 20:36:00,107.64444934466
09-07-2024 20:46:00,107.147098863641
09-07-2024 20:56:00,108.525585712892
09-07-2024 21:06:00,108.128347876193
09-07-2024 21:16:00,107.414106565899
09-07-2024 21:26:00,106.603467692223
09-07-2024 21:36:00,106.197678289721
09-07-2024 21:46:00,105.791843346432
09-07-2024 21:56:00,107.680597247225
09-07-2024 22:06:00,106.657009812793
09-07-2024 22:16:00,107.294355631945
09-07-2024 22:26:00,107.097118036355
09-07-2024 22:36:00,107.947352981388
09-07-2024 22:46:00,106.911272241727
09-07-2024 22:56:00,108.166681554677
09-07-2024 23:06:00,107.965385111906
09-07-2024 23:16:00,107.134007080684
09-07-2024 23:26:00,106.411066852926
09-07-2024 23:36:00,105.892821610718
09-07-2024 23:46:00,106.738858051025
09-07-2024 23:56:00,106.42925546153
09-10-2024 00:06:00,105.177005651183
09-10-2024 00:16:00,108.092812617965
09-10-2024 00:26:00,108.40932407604
09-10-2024 00:36:00,105.811336201075
09-10-2024 00:46:00,104.876907216006
09-10-2024 00:56:00,106.84861315379
09-10-2024 01:06:00,104.975472049602
09-10-2024 01:16:00,108.192993170565
09-10-2024 01:26:00,107.354981450473
09-10-2024 01:36:00,108.074791337224
09-10-2024 01:46:00,108.059765303917
09-10-2024 01:56:00,108.35997557253
09-10-2024 02:06:00,108.241155184907
09-10-2024 02:16:00,108.640854622685
09-10-2024 02:26:00,108.621720849089
09-10-2024 02:36:00,110.471457176395
09-10-2024 02:46:00,109.10530063932
09-10-2024 02:56:00,108.675920344992
09-10-2024 03:06:00,109.281728486539
09-10-2024 03:16:00,108.952087070296
09-10-2024 03:26:00,109.24313670248
09-10-2024 03:36:00,110.360816831448
09-10-2024 03:46:00,110.23780112575
09-10-2024 03:56:00,109.805084246899
09-10-2024 04:06:00,109.579196220701
09-10-2024 04:16:00,108.940764615216
09-10-2024 04:26:00,108.509160945938
09-10-2024 04:36:00,108.074021414785
09-10-2024 04:46:00,108.776745962699
09-10-2024 04:56:00,108.959903197238
09-10-2024 05:06:00,110.382373099068
09-10-2024 05:16:00,108.71617658617
09-10-2024 05:26:00,108.491608017609
09-10-2024 05:36:00,109.50121177102
09-10-2024 05:46:00,108.762583561223
09-10-2024 05:56:00,110.182245322375
09-10-2024 06:06:00,108.31813194086
09-10-2024 06:16:00,109.223573199621
09-10-2024 06:26:00,110.641399279635
09-10-2024 06:36:00,110.621914218161
09-10-2024 06:46:00,110.298846983686
09-10-2024 06:56:00,110.587050718767
09-10-2024 07:06:00,110.366731890295
09-10-2024 07:16:00,109.327132894992
09-10-2024 07:26:00,109.517014670567
09-10-2024 07:36:00,109.506008810519
09-10-2024 07:46:00,110.51836072397
09-10-2024 07:56:00,109.487993224062
09-10-2024 08:06:00,107.742117822926
09-10-2024 08:16:00,109.47397689458
09-10-2024 08:26:00,107.83502898265
09-10-2024 08:36:00,108.956762295457
09-10-2024 08:46:00,110.286511546468
09-10-2024 08:56:00,108.144959863201
09-10-2024 09:06:00,109.887328882019
09-10-2024 09:16:00,108.052650044853
09-10-2024 09:26:00,108.364174717958
09-10-2024 09:36:00,109.292697161505
09-10-2024 09:46:00,109.71027551258
09-10-2024 09:56:00,110.540616727172
09-10-2024 10:06:00,108.713815360532
09-10-2024 10:16:00,109.084288497266
09-10-2024 10:26:00,109.454765730566
09-10-2024 10:36:00,109.986573904789
09-10-2024 10:46:00,109.185403123413
09-10-2024 10:56:00,109.206013443924
09-10-2024 11:06:00,109.427257390462
09-10-2024 11:16:00,109.750841455833
09-10-2024 11:26:00,108.854728382827
09-10-2024 11:36:00,109.489267004893
09-10-2024 11:46:00,110.12800731492
09-10-2024 11:56:00,109.243176475537
09-10-2024 12:06:00,107.325616179014
09-10-2024 12:16:00,109.197757568853
09-10-2024 12:26:00,107.385352523442
09-10-2024 12:36:00,109.467709384002
09-10-2024 12:46:00,109.906548809629
09-10-2024 12:56:00,109.426293344426
09-10-2024 13:06:00,110.07065215053
09-10-2024 13:16:00,111.228665304741
09-10-2024 13:26:00,109.409489656141
09-10-2024 13:36:00,108.612497719043
09-10-2024 13:46:00,109.664338053373
09-10-2024 13:56:00,109.578430352359
09-10-2024 14:06:00,107.540098603827
09-10-2024 14:16:00,109.505382236992
09-10-2024 14:26:00,108.593331501062
09-10-2024 14:36:00,110.970022025434
09-10-2024 14:46:00,107.796740455967
09-10-2024 14:56:00,108.011252306567
09-10-2024 15:06:00,109.771467757017
09-10-2024 15:16:00,109.586696531996
09-10-2024 15:26:00,109.504685701602
09-10-2024 15:36:00,107.773308036872
09-10-2024 15:46:00,108.711710007709
09-10-2024 15:56:00,108.103620892088
09-10-2024 16:06:00,107.807910534733
09-10-2024 16:16:00,108.437868577323
09-10-2024 16:26:00,109.582212773532
09-10-2024 16:36:00,109.911690064868
09-10-2024 16:46:00,108.183319945249
09-10-2024 16:56:00,109.854548711487
09-10-2024 17:06:00,109.059759346313
09-10-2024 17:16:00,109.18742306352
09-10-2024 17:26:00,108.392009419443
09-10-2024 17:36:00,109.133852267174
09-10-2024 17:46:00,108.738564975687
09-10-2024 17:56:00,108.247879649204
09-10-2024 18:06:00,108.787837867584
09-10-2024 18:16:00,107.472033339565
09-10-2024 18:26:00,108.111334187478
09-10-2024 18:36:00,108.651612818471
09-10-2024 18:46:00,108.049447182066
09-10-2024 18:56:00,108.177137060766
09-10-2024 19:06:00,107.68558913925
09-10-2024 19:16:00,108.948903135876
09-10-2024 19:26:00,109.69252898458
09-10-2024 19:36:00,108.374748440851
09-10-2024 19:46:00,108.911977976555
09-10-2024 19:56:00,109.556675001762
09-10-2024 20:06:00,108.234123169593
09-10-2024 20:16:00,108.155337349426
09-10-2024 20:26:00,107.348927485999
09-10-2024 20:36:00,108.196741805175
09-10-2024 20:46:00,108.106293196639
09-10-2024 20:56:00,107.912417535785
09-10-2024 21:06:00,105.446871233906
09-10-2024 21:16:00,109.808039165714
09-10-2024 21:26:00,107.027962541097
09-10-2024 21:36:00,108.282352005383
09-10-2024 21:46:00,108.2953448009
09-10-2024 21:56:00,108.722216549317
09-10-2024 22:06:00,106.248093130468
09-10-2024 22:16:00,106.774563165321
09-10-2024 22:26:00,108.546551780309
09-10-2024 22:36:00,106.800402919578
09-10-2024 22:46:00,108.154794380741
09-10-2024 22:56:00,107.64653314416
09-10-2024 23:06:00,108.176952890067
09-10-2024 23:16:00,108.906603487072
09-10-2024 23:26:00,107.363545210014
09-10-2024 23:36:00,107.575836801779
09-10-2024 23:46:00,106.55025305909
09-10-2024 23:56:00,108.00421348259
09-11-2024 00:06:00,106.457595260761
09-11-2024 00:16:00,107.911398299147
09-11-2024 00:26:00,107.813281737019
09-11-2024 00:36:00,108.2324017495
09-11-2024 00:46:00,108.341163685054
09-11-2024 00:56:00,108.239191217831
09-11-2024 01:06:00,110.106072171232
09-11-2024 01:16:00,108.249863243868
09-11-2024 01:26:00,109.181951825008
09-11-2024 01:36:00,109.175497470962
09-11-2024 01:46:00,109.176881674949
09-11-2024 01:56:00,108.240393328721
09-11-2024 02:06:00,110.610428586831
09-11-2024 02:16:00,109.880641940782
09-11-2024 02:26:00,110.179898370731
09-11-2024 02:36:00,109.859614474714
09-11-2024 02:46:00,112.738667977139
09-11-2024 02:56:00,111.592494755829
09-11-2024 03:06:00,110.447012025275
09-11-2024 03:16:00,109.508431272229
09-11-2024 03:26:00,110.528850741841
09-11-2024 03:36:00,109.896017975936
09-11-2024 03:46:00,110.400635360065
09-11-2024 03:56:00,111.110918257179
09-11-2024 04:06:00,109.963804828553
09-11-2024 04:16:00,111.390127329053
09-11-2024 04:26:00,110.655222796633
09-11-2024 04:36:00,110.019748127542
09-11-2024 04:46:00,110.313804115497
09-11-2024 04:56:00,111.429678851177
09-11-2024 05:06:00,109.672642002333
09-11-2024 05:16:00,111.50282158546
09-11-2024 05:26:00,110.769549343861
09-11-2024 05:36:00,111.370690600835
09-11-2024 05:46:00,110.330296465299
09-11-2024 05:56:00,109.799412988637
09-11-2024 06:06:00,109.785308566896
09-11-2024 06:16:00,110.287430074498
09-11-2024 06:26:00,109.961999200949
09-11-2024 06:36:00,111.995533927965
09-11-2024 06:46:00,110.65416007658
09-11-2024 06:56:00,112.379204278825
09-11-2024 07:06:00,110.420961709536
09-11-2024 07:16:00,110.41067215306
09-11-2024 07:26:00,110.400398255611
09-11-2024 07:36:00,109.572622904523
09-11-2024 07:46:00,111.095014398285
09-11-2024 07:56:00,109.658639098466
09-11-2024 08:06:00,111.184181731244
09-11-2024 08:16:00,110.667265525562
09-11-2024 08:26:00,110.762981806168
09-11-2024 08:36:00,110.352374667297
09-11-2024 08:46:00,109.32975477404
09-11-2024 08:56:00,111.061759458057
09-11-2024 09:06:00,110.039389807742
09-11-2024 09:16:00,108.711467202319
09-11-2024 09:26:00,109.223058729954
09-11-2024 09:36:00,111.263780433412
09-11-2024 09:46:00,111.265276540199
09-11-2024 09:56:00,110.251417785184
09-11-2024 10:06:00,109.233847776804
09-11-2024 10:16:00,109.956707514317
09-11-2024 10:26:00,109.966133605827
09-11-2024 10:36:00,109.36788721338
09-11-2024 10:46:00,112.235249506358
09-11-2024 10:56:00,110.72747516338
09-11-2024 11:06:00,107.991798653231
09-11-2024 11:16:00,108.620608610239
09-11-2024 11:26:00,106.914992174486
09-11-2024 11:36:00,108.677510411783
09-11-2024 11:46:00,109.326046196766
09-11-2024 11:56:00,108.443349712665
09-11-2024 12:06:00,109.811304540384
09-11-2024 12:16:00,110.05230512699
09-11-2024 12:26:00,107.331983736459
09-11-2024 12:36:00,109.212774988129
09-11-2024 12:46:00,110.174164791421
09-11-2024 12:56:00,108.675031751368
09-11-2024 13:06:00,109.018519905864
09-11-2024 13:16:00,109.665854475724
09-11-2024 13:26:00,109.387204851026
09-11-2024 13:36:00,109.104550136585
09-11-2024 13:46:00,108.510301980887
09-11-2024 13:56:00,110.68113798146
09-11-2024 14:06:00,111.006228957645
09-11-2024 14:16:00,110.293850930062
09-11-2024 14:26:00,109.37644653801
09-11-2024 14:36:00,109.890998423702
09-11-2024 14:46:00,109.683830285292
09-11-2024 14:56:00,107.73408268983
09-11-2024 15:06:00,109.372227846719
09-11-2024 15:16:00,110.501348260843
09-11-2024 15:26:00,109.375932711207
09-11-2024 15:36:00,109.58270398356
09-11-2024 15:46:00,110.29774857065
09-11-2024 15:56:00,109.172841429562
09-11-2024 16:06:00,109.481983576808
09-11-2024 16:16:00,109.995860336563
09-11-2024 16:26:00,107.748876257739
09-11-2024 16:36:00,109.294372294861
09-11-2024 16:46:00,108.68578830178
09-11-2024 16:56:00,108.187199773429
09-11-2024 17:06:00,110.453371532283
09-11-2024 17:16:00,108.828361361358
09-11-2024 17:26:00,109.349992698192
09-11-2024 17:36:00,109.666814855758
09-11-2024 17:46:00,108.443760360584
09-11-2024 17:56:00,108.248569602148
09-11-2024 18:06:00,108.360584733353
09-11-2024 18:16:00,110.619108948361
09-11-2024 18:26:00,108.990418744128
09-11-2024 18:36:00,110.535963940033
09-11-2024 18:46:00,106.86307486768
09-11-2024 18:56:00,109.436560368895
09-11-2024 19:06:00,109.146615763075
09-11-2024 19:16:00,106.906732962766
09-11-2024 19:26:00,107.94812175357
09-11-2024 19:36:00,109.604451812322
09-11-2024 19:46:00,109.416876123063
09-11-2024 19:56:00,108.508166028384
09-11-2024 20:06:00,109.345223664689
09-11-2024 20:16:00,108.231383303053
09-11-2024 20:26:00,109.171058039298
09-11-2024 20:36:00,111.132116798881
09-11-2024 20:46:00,108.586778306741
09-11-2024 20:56:00,107.776338610354
09-11-2024 21:06:00,107.379675917075
09-11-2024 21:16:00,109.136048762261
09-11-2024 21:26:00,108.538137029783
09-11-2024 21:36:00,108.855456701286
09-11-2024 21:46:00,108.872756842966
09-11-2024 21:56:00,108.373474635081
09-11-2024 22:06:00,109.310031464176
09-11-2024 22:16:00,108.810721993616
09-11-2024 22:26:00,107.597045509577
09-11-2024 22:36:00,108.944138804141
09-11-2024 22:46:00,108.440927158534
09-11-2024 22:56:00,108.868603740356
09-11-2024 23:06:00,109.087349846248
09-11-2024 23:16:00,109.815335934327
09-11-2024 23:26:00,107.062084577453
09-11-2024 23:36:00,107.588645208388
09-11-2024 23:46:00,108.316770956236
09-11-2024 23:56:00,107.813406061595
09-12-2024 00:06:00,108.8532053597
09-12-2024 00:16:00,108.760340837865
09-12-2024 00:26:00,107.435912873431
09-12-2024 00:36:00,110.216714136109
09-12-2024 00:46:00,109.914748308321
09-12-2024 00:56:00,108.788090754653
09-12-2024 01:06:00,108.182202761582
09-12-2024 01:16:00,109.829947424997
09-12-2024 01:26:00,110.759300471723
09-12-2024 01:36:00,108.713316003784
09-12-2024 01:46:00,109.433640511396
09-12-2024 01:56:00,109.431993756776
09-12-2024 02:06:00,109.529079173822
09-12-2024 02:16:00,108.809781150757
09-12-2024 02:26:00,109.210682264303
09-12-2024 02:36:00,108.795441961783
09-12-2024 02:46:00,110.118085264175
09-12-2024 02:56:00,110.313485265623
09-12-2024 03:06:00,109.378835955168
09-12-2024 03:16:00,109.058864020992
09-12-2024 03:26:00,110.5804937981
09-12-2024 03:36:00,111.896535352243
09-12-2024 03:46:00,111.576046217414
09-12-2024 03:56:00,109.518570667954
09-12-2024 04:06:00,109.812090819391
09-12-2024 04:16:00,109.3905922894
09-12-2024 04:26:00,109.786054078201
09-12-2024 04:36:00,110.487384433629
09-12-2024 04:46:00,110.674324023688
09-12-2024 04:56:00,110.46096555482
09-12-2024 05:06:00,109.428410357136
09-12-2024 05:16:00,108.906102147556
09-12-2024 05:26:00,110.425327311636
09-12-2024 05:36:00,110.314199914354
09-12-2024 05:46:00,110.301132720703
09-12-2024 05:56:00,110.190133766438
09-12-2024 06:06:00,109.875716850699
09-12-2024 06:16:00,110.171793959957
09-12-2024 06:26:00,108.535657157493
09-12-2024 06:36:00,110.153515231887
09-12-2024 06:46:00,110.347653424214
09-12-2024 06:56:00,110.443913498847
09-12-2024 07:06:00,111.044179045145
09-12-2024 07:16:00,109.207044514247
09-12-2024 07:26:00,109.502797197284
09-12-2024 07:36:00,110.715582268984
09-12-2024 07:46:00,108.372770808426
09-12-2024 07:56:00,110.498136246638
09-12-2024 08:06:00,110.188590225155
09-12-2024 08:16:00,109.774036034729
09-12-2024 08:26:00,109.97164152928
09-12-2024 08:36:00,111.385203555504
09-12-2024 08:46:00,110.163975977151
09-12-2024 08:56:00,108.740748402222
09-12-2024 09:06:00,110.663779123506
09-12-2024 09:16:00,109.548526642229
09-12-2024 09:26:00,107.826254653762
09-12-2024 09:36:00,109.347320706437
09-12-2024 09:46:00,108.941287708128
09-12-2024 09:56:00,109.251183050016
09-12-2024 10:06:00,108.848979134682
09-12-2024 10:16:00,110.174448182696
09-12-2024 10:26:00,108.970196043298
09-12-2024 10:36:00,109.384972182211
09-12-2024 10:46:00,110.912831542638
09-12-2024 10:56:00,109.914732723998
09-12-2024 11:06:00,110.738135020706
09-12-2024 11:16:00,108.427904124256
09-12-2024 11:26:00,108.036746915338
09-12-2024 11:36:00,109.377553986735
09-12-2024 11:46:00,107.279560172645
09-12-2024 11:56:00,108.526962499517
09-12-2024 12:06:00,107.748383929712
09-12-2024 12:16:00,107.780281585525
09-12-2024 12:26:00,108.428038861964
09-12-2024 12:36:00,108.768277207394
09-12-2024 12:46:00,108.300395969563
09-12-2024 12:56:00,110.160427734874
09-12-2024 13:06:00,106.942476944734
09-12-2024 13:16:00,107.990361221508
09-12-2024 13:26:00,109.340212146073
09-12-2024 13:36:00,109.165638230001
09-12-2024 13:46:00,109.394061111707
09-12-2024 13:56:00,108.398163979377
09-12-2024 14:06:00,106.889619718066
09-12-2024 14:16:00,109.243356346907
09-12-2024 14:26:00,108.337806206421
09-12-2024 14:36:00,107.733838926264
09-12-2024 14:46:00,109.978347721203
09-12-2024 14:56:00,107.746803876208
09-12-2024 15:06:00,108.868469739358
09-12-2024 15:16:00,108.264670002249
09-12-2024 15:26:00,108.979319162431
09-12-2024 15:36:00,108.273943327695
09-12-2024 15:46:00,106.649954284543
09-12-2024 15:56:00,108.377559686761
09-12-2024 16:06:00,105.635950382593
09-12-2024 16:16:00,107.366854190433
09-12-2024 16:26:00,110.523853897987
09-12-2024 16:36:00,108.599419829018
09-12-2024 16:46:00,108.711212885006
09-12-2024 16:56:00,107.806796141605
09-12-2024 17:06:00,107.316079234808
09-12-2024 17:16:00,107.841701002912
09-12-2024 17:26:00,108.160478800613
09-12-2024 17:36:00,107.466339280391
09-12-2024 17:46:00,107.992138290608
09-12-2024 17:56:00,108.107663950939
09-12-2024 18:06:00,107.820091945701
09-12-2024 18:16:00,108.545825693223
09-12-2024 18:26:00,107.746076359942
09-12-2024 18:36:00,108.170417461456
09-12-2024 18:46:00,108.798316866882
09-12-2024 18:56:00,108.009284952463
09-12-2024 19:06:00,109.05185535447
09-12-2024 19:16:00,109.386038078893
09-12-2024 19:26:00,108.291049685383
09-12-2024 19:36:00,108.014023189939
09-12-2024 19:46:00,108.242621650127
09-12-2024 19:56:00,106.942711057818
09-12-2024 20:06:00,108.088548669435
09-12-2024 20:16:00,107.399723271909
09-12-2024 20:26:00,106.503056336263
09-12-2024 20:36:00,108.159517161372
09-12-2024 20:46:00,108.286433563489
09-12-2024 20:56:00,108.821590837351
09-12-2024 21:06:00,107.931669114658
09-12-2024 21:16:00,108.463349628365
09-12-2024 21:26:00,107.157211193819
09-12-2024 21:36:00,107.488301569351
09-12-2024 21:46:00,106.692221168185
09-12-2024 21:56:00,107.632777260002
09-12-2024 22:06:00,107.756148882515
09-12-2024 22:16:00,107.879564540882
09-12-2024 22:26:00,106.162960925378
09-12-2024 22:36:00,108.429586625474
09-12-2024 22:46:00,107.530622941607
09-12-2024 22:56:00,107.244985464632
09-12-2024 23:06:00,108.796809000026
09-12-2024 23:16:00,106.666271134168
09-12-2024 23:26:00,107.90782392663
09-12-2024 23:36:00,107.205634413115
09-12-2024 23:46:00,106.916211423945
09-12-2024 23:56:00,106.312626405259
09-14-2024 00:06:00,107.54946855112
09-14-2024 00:16:00,106.641086517513
09-14-2024 00:26:00,107.574886581177
09-14-2024 00:36:00,107.895841919926
09-14-2024 00:46:00,108.519757556551
09-14-2024 00:56:00,107.202645429032
09-14-2024 01:06:00,106.498494827775
09-14-2024 01:16:00,106.815944039247
09-14-2024 01:26:00,105.287756940656
09-14-2024 01:36:00,107.440324517173
09-14-2024 01:46:00,105.605957795853
09-14-2024 01:56:00,107.134928373467
09-14-2024 02:06:00,105.910404479623
09-14-2024 02:16:00,107.949009538977
09-14-2024 02:26:00,108.762191514068
09-14-2024 02:36:00,109.163335992273
09-14-2024 02:46:00,109.156337215843
09-14-2024 02:56:00,106.804512248971
09-14-2024 03:06:00,107.817427856964
09-14-2024 03:16:00,108.323856916559
09-14-2024 03:26:00,109.233946514033
09-14-2024 03:36:00,109.023317052519
09-14-2024 03:46:00,107.387535959438
09-14-2024 03:56:00,108.297131403362
09-14-2024 04:06:00,109.0027114193
09-14-2024 04:16:00,109.602560739137
09-14-2024 04:26:00,109.490275689227
09-14-2024 04:36:00,109.686611191155
09-14-2024 04:46:00,108.256995276228
09-14-2024 04:56:00,108.352012128894
09-14-2024 05:06:00,108.954763968953
09-14-2024 05:16:00,108.135805609758
09-14-2024 05:26:00,108.335827709917
09-14-2024 05:36:00,107.41602861807
09-14-2024 05:46:00,109.13430213577
09-14-2024 05:56:00,106.798467711205
09-14-2024 06:06:00,107.911193040367
09-14-2024 06:16:00,107.397990580886
09-14-2024 06:26:00,108.510010542632
09-14-2024 06:36:00,109.111366574653
09-14-2024 06:46:00,106.170847053259
09-14-2024 06:56:00,109.813982101316
09-14-2024 07:06:00,107.485601715165
09-14-2024 07:16:00,108.292677654537
09-14-2024 07:26:00,107.884976809017
09-14-2024 07:36:00,108.695128192372
09-14-2024 07:46:00,109.302673459527
09-14-2024 07:56:00,108.291650437647
09-14-2024 08:06:00,108.393419508104
09-14-2024 08:16:00,107.484037023164
09-14-2024 08:26:00,108.195987083467
09-14-2024 08:36:00,108.200156079707
09-14-2024 08:46:00,108.81079326245
09-14-2024 08:56:00,108.313071477867
09-14-2024 09:06:00,108.927131438749
09-14-2024 09:16:00,108.530531044895
09-14-2024 09:26:00,108.541702273217
09-14-2024 09:36:00,107.946521041046
09-14-2024 09:46:00,109.170413576616
09-14-2024 09:56:00,107.160408571105
09-14-2024 10:06:00,107.9800715951
09-14-2024 10:16:00,109.10645269813
09-14-2024 10:26:00,107.904864795308
09-14-2024 10:36:00,108.125150279742
09-14-2024 10:46:00,107.833123048578
09-14-2024 10:56:00,108.360187327355
09-14-2024 11:06:00,107.468423496986
09-14-2024 11:16:00,110.418948310774
09-14-2024 11:26:00,109.639043468602
09-14-2024 11:36:00,107.135249258126
09-14-2024 11:46:00,109.595963130366
09-14-2024 11:56:00,109.632150562396
09-14-2024 12:06:00,107.841690995184
09-14-2024 12:16:00,107.167905782812
09-14-2024 12:26:00,108.318157303459
09-14-2024 12:36:00,107.140391091257
09-14-2024 12:46:00,107.074167452343
09-14-2024 12:56:00,107.721820448873
09-14-2024 13:06:00,109.178927673102
09-14-2024 13:16:00,108.805155931925
09-14-2024 13:26:00,106.700253513087
09-14-2024 13:36:00,108.761325037449
09-14-2024 13:46:00,108.07157287838
09-14-2024 13:56:00,108.096786777166
09-14-2024 14:06:00,108.21673400848
09-14-2024 14:16:00,108.024638398499
09-14-2024 14:26:00,109.357939175304
09-14-2024 14:36:00,106.315075586386
09-14-2024 14:46:00,107.953367713333
09-14-2024 14:56:00,107.046073836963
09-14-2024 15:06:00,108.985790322322
09-14-2024 15:16:00,107.160108831408
09-14-2024 15:26:00,108.99783231506
09-14-2024 15:36:00,108.087289608012
09-14-2024 15:46:00,107.278600151994
09-14-2024 15:56:00,105.660466912923
09-14-2024 16:06:00,105.868370792995
09-14-2024 16:16:00,106.587634084517
09-14-2024 16:26:00,107.41185332371
09-14-2024 16:36:00,107.626419693122
09-14-2024 16:46:00,106.015367564027
09-14-2024 16:56:00,109.488750421951
09-14-2024 17:06:00,107.477862846065
09-14-2024 17:16:00,108.512665888223
09-14-2024 17:26:00,105.582621830107
09-14-2024 17:36:00,107.837619053969
09-14-2024 17:46:00,106.537275005181
09-14-2024 17:56:00,107.463944145575
09-14-2024 18:06:00,107.882123500734
09-14-2024 18:16:00,107.083329446411
09-14-2024 18:26:00,107.304972010941
09-14-2024 18:36:00,106.506008587216
09-14-2024 18:46:00,107.748417283953
09-14-2024 18:56:00,106.552437775284
09-14-2024 19:06:00,108.914968735211
09-14-2024 19:16:00,108.125994574683
09-14-2024 19:26:00,108.045995005545
09-14-2024 19:36:00,106.339859730591
09-14-2024 19:46:00,106.870707523777
09-14-2024 19:56:00,106.691940118579
09-14-2024 20:06:00,108.038329205959
09-14-2024 20:16:00,107.037497748606
09-14-2024 20:26:00,106.858673237757
09-14-2024 20:36:00,107.492072518609
09-14-2024 20:46:00,105.579525285951
09-14-2024 20:56:00,107.437001201208
09-14-2024 21:06:00,105.4183152963
09-14-2024 21:16:00,107.072338969224
09-14-2024 21:26:00,106.893307363702
09-14-2024 21:36:00,106.098315861118
09-14-2024 21:46:00,106.528237797702
09-14-2024 21:56:00,106.954912018385
09-14-2024 22:06:00,105.955299024994
09-14-2024 22:16:00,108.734792542705
09-14-2024 22:26:00,107.019981825305
09-14-2024 22:36:00,107.038283267193
09-14-2024 22:46:00,107.468777715783
09-14-2024 22:56:00,106.979500939786
09-14-2024 23:06:00,106.99780904797
09-14-2024 23:16:00,105.997086721695
09-14-2024 23:26:00,107.855891810902
09-14-2024 23:36:00,106.544831588231
09-14-2024 23:46:00,108.608701899984
09-14-2024 23:56:00,106.990548173806
09-16-2024 00:06:00,107.015953765972
09-16-2024 00:16:00,108.037146567098
09-16-2024 00:26:00,109.159250172099
09-16-2024 00:36:00,108.966204406649
09-16-2024 00:46:00,106.052217985388
09-16-2024 00:56:00,108.586881167779
09-16-2024 01:06:00,106.678680355942
09-16-2024 01:16:00,107.598885472749
09-16-2024 01:26:00,107.708645587914
09-16-2024 01:36:00,109.73858640043
09-16-2024 01:46:00,108.741857841572
09-16-2024 01:56:00,108.649793771419
09-16-2024 02:06:00,108.762847814729
09-16-2024 02:16:00,107.867073424032
09-16-2024 02:26:00,108.682977171966
09-16-2024 02:36:00,108.190773295926
09-16-2024 02:46:00,108.505592646032
09-16-2024 02:56:00,108.921293483902
09-16-2024 03:06:00,107.921420959357
09-16-2024 03:16:00,107.933620425566
09-16-2024 03:26:00,108.850321414579
09-16-2024 03:36:00,108.660797734875
09-16-2024 03:46:00,107.862796777644
09-16-2024 03:56:00,108.379311678644
09-16-2024 04:06:00,108.48906930755
09-16-2024 04:16:00,107.792034964463
09-16-2024 04:26:00,108.106807382976
09-16-2024 04:36:00,106.804792648377
09-16-2024 04:46:00,108.427189618056
09-16-2024 04:56:00,107.528640632408
09-16-2024 05:06:00,109.550738453807
09-16-2024 05:16:00,109.354617320536
09-16-2024 05:26:00,108.755367087544
09-16-2024 05:36:00,109.463081197285
09-16-2024 05:46:00,108.763240728762
09-16-2024 05:56:00,109.578260456053
09-16-2024 06:06:00,108.173301414593
09-16-2024 06:16:00,108.984887439567
09-16-2024 06:26:00,108.889765069493
09-16-2024 06:36:00,108.99943504471
09-16-2024 06:46:00,110.414956115721
09-16-2024 06:56:00,110.219019554351
09-16-2024 07:06:00,110.321778547551
09-16-2024 07:16:00,108.011921047926
09-16-2024 07:26:00,110.53405309635
09-16-2024 07:36:00,109.529725260997
09-16-2024 07:46:00,109.535315702245
09-16-2024 07:56:00,109.339683176302
09-16-2024 08:06:00,108.741692346116
09-16-2024 08:16:00,109.250347972908
09-16-2024 08:26:00,109.155416656694
09-16-2024 08:36:00,108.557675867197
09-16-2024 08:46:00,108.063904135044
09-16-2024 08:56:00,109.584670772771
09-16-2024 09:06:00,109.291990562131
09-16-2024 09:16:00,108.39604851553
09-16-2024 09:26:00,108.006198711642
09-16-2024 09:36:00,109.727907430137
09-16-2024 09:46:00,109.341402911762
09-16-2024 09:56:00,107.845425720845
09-16-2024 10:06:00,107.157110242108
09-16-2024 10:16:00,107.672291060158
09-16-2024 10:26:00,108.291311621929
09-16-2024 10:36:00,108.605394390407
09-16-2024 10:46:00,109.224510909368
09-16-2024 10:56:00,108.130590203339
09-16-2024 11:06:00,108.74972112342
09-16-2024 11:16:00,109.3722600304
09-16-2024 11:26:00,108.89492687852
09-16-2024 11:36:00,108.216095434946
09-16-2024 11:46:00,109.560201577503
09-16-2024 11:56:00,107.984531458462
09-16-2024 12:06:00,109.329623679575
09-16-2024 12:16:00,109.869393285923
09-16-2024 12:26:00,109.199489012553
09-16-2024 12:36:00,108.730800251791
09-16-2024 12:46:00,109.67802040358
09-16-2024 12:56:00,109.108133546332
09-16-2024 13:06:00,107.723189660332
09-16-2024 13:16:00,108.152708385787
09-16-2024 13:26:00,108.784520733058
09-16-2024 13:36:00,109.406600945133
09-16-2024 13:46:00,108.212957522996
09-16-2024 13:56:00,108.333039324085
09-16-2024 14:06:00,107.644439501797
09-16-2024 14:16:00,107.862336364172
09-16-2024 14:26:00,107.372556896104
09-16-2024 14:36:00,107.688336794181
09-16-2024 14:46:00,108.607433604758
09-16-2024 14:56:00,107.807918513244
09-16-2024 15:06:00,107.817165773288
09-16-2024 15:16:00,107.118877966169
09-16-2024 15:26:00,107.936744908811
09-16-2024 15:36:00,108.65016825551
09-16-2024 15:46:00,106.534097974229
09-16-2024 15:56:00,108.766363997811
09-16-2024 16:06:00,108.56695286712
09-16-2024 16:16:00,107.865825421797
09-16-2024 16:26:00,107.774103848677
09-16-2024 16:36:00,108.187401668654
09-16-2024 16:46:00,107.593929155796
09-16-2024 16:56:00,108.414469608167
09-16-2024 17:06:00,107.622224174463
09-16-2024 17:16:00,106.93090157405
09-16-2024 17:26:00,107.047647271972
09-16-2024 17:36:00,106.760312623624
09-16-2024 17:46:00,107.78956535246
09-16-2024 17:56:00,108.815771410778
09-16-2024 18:06:00,107.521214720574
09-16-2024 18:16:00,107.647709251223
09-16-2024 18:26:00,107.872129531862
09-16-2024 18:36:00,107.695399740142
09-16-2024 18:46:00,108.428862476029
09-16-2024 18:56:00,106.630370162785
09-16-2024 19:06:00,107.768613493451
09-16-2024 19:16:00,105.763760220664
09-16-2024 19:26:00,106.092449467487
09-16-2024 19:36:00,107.228033362601
09-16-2024 19:46:00,106.032050212394
09-16-2024 19:56:00,106.762891870578
09-16-2024 20:06:00,106.781837849795
09-16-2024 20:16:00,106.800789403458
09-16-2024 20:26:00,105.708536792065
09-16-2024 20:36:00,107.649213369763
09-16-2024 20:46:00,106.047078775645
09-16-2024 20:56:00,106.56948884097
09-16-2024 21:06:00,106.791117217421
09-16-2024 21:16:00,106.911444074662
09-16-2024 21:26:00,106.116379115154
09-16-2024 21:36:00,106.436252736868
09-16-2024 21:46:00,107.668515896634
09-16-2024 21:56:00,105.761306880104
09-16-2024 22:06:00,106.68642537919
09-16-2024 22:16:00,105.688348343528
09-16-2024 22:26:00,105.501324188763
09-16-2024 22:36:00,106.93670925416
09-16-2024 22:46:00,106.645182683964
09-16-2024 22:56:00,106.965239664424
09-16-2024 23:06:00,106.977926621903
09-16-2024 23:16:00,106.280763767937
09-16-2024 23:26:00,107.003312826556
09-16-2024 23:36:00,106.508973568009
09-16-2024 23:46:00,105.81182300374
09-16-2024 23:56:00,105.922834512775
09-19-2024 00:06:00,108.836119808728
09-19-2024 00:16:00,108.554274548786
09-19-2024 00:26:00,106.35792370415
09-19-2024 00:36:00,108.286268469509
09-19-2024 00:46:00,107.803058084767
09-19-2024 00:56:00,107.71930659715
09-19-2024 01:06:00,108.544238321196
09-19-2024 01:16:00,107.652419584038
09-19-2024 01:26:00,108.172513093242
09-19-2024 01:36:00,107.283579064846
09-19-2024 01:46:00,107.09913045129
09-19-2024 01:56:00,107.317306850802
09-19-2024 02:06:00,106.626620495434
09-19-2024 02:16:00,106.539904118195
09-19-2024 02:26:00,107.359140659868
09-19-2024 02:36:00,107.775737377064
09-19-2024 02:46:00,108.292999171086
09-19-2024 02:56:00,108.605943367237
09-19-2024 03:06:00,107.912363905237
09-19-2024 03:16:00,108.222329960044
09-19-2024 03:26:00,109.032340381192
09-19-2024 03:36:00,109.540270180169
09-19-2024 03:46:00,108.740425231551
09-19-2024 03:56:00,108.242570287965
09-19-2024 04:06:00,108.649849203084
09-19-2024 04:16:00,107.948184048073
09-19-2024 04:26:00,109.762500236577
09-19-2024 04:36:00,109.063895048515
09-19-2024 04:56:00,108.049352401064
09-19-2024 05:06:00,109.460500362651
09-19-2024 05:16:00,108.458339024519
09-19-2024 05:26:00,109.166151679763
09-19-2024 05:36:00,108.465576900977
09-19-2024 05:46:00,108.269999461744
09-19-2024 05:56:00,107.569935559095
09-19-2024 06:06:00,108.87920441016
09-19-2024 06:16:00,107.781096467914
09-19-2024 06:26:00,107.786364027223
09-19-2024 06:36:00,107.290368303817
09-19-2024 06:46:00,109.300471340905
09-19-2024 06:56:00,108.704183762268
09-19-2024 07:06:00,110.512959814685
09-19-2024 07:16:00,109.315578753217
09-19-2024 07:26:00,108.318955803028
09-19-2024 07:36:00,108.424336598699
09-19-2024 07:46:00,108.029026613902
09-19-2024 07:56:00,108.83821978478
09-19-2024 08:06:00,109.547124097491
09-19-2024 08:16:00,107.252931783913
09-19-2024 08:26:00,107.261264773002
09-19-2024 08:36:00,109.070952036564
09-19-2024 08:46:00,109.182139264033
09-19-2024 08:56:00,108.592875595367
09-19-2024 09:06:00,109.907808263215
09-19-2024 09:16:00,108.918316832292
09-19-2024 09:26:00,109.032491124253
09-19-2024 09:36:00,109.747015311959
09-19-2024 09:46:00,108.263205288505
09-19-2024 09:56:00,109.177904838498
09-19-2024 10:06:00,109.892481684716
09-19-2024 10:16:00,104.585818713698
09-19-2024 10:26:00,105.052243173444
09-19-2024 10:36:00,105.518668587651
09-19-2024 10:46:00,105.985094956318
09-19-2024 10:56:00,106.451522279446
09-19-2024 11:06:00,106.917950557034
09-19-2024 11:16:00,107.205433640883
09-19-2024 11:26:00,106.796859242407
09-19-2024 11:36:00,107.497342873578
09-19-2024 11:46:00,108.097787122946
09-19-2024 11:56:00,105.90133440662
09-19-2024 12:06:00,106.706185465377
09-19-2024 12:16:00,107.619850354202
09-19-2024 12:26:00,106.440545186614
09-19-2024 12:36:00,107.572141909161
09-19-2024 12:46:00,108.203759173813
09-19-2024 12:56:00,106.831500475593
09-19-2024 13:06:00,108.064889811181
09-19-2024 13:16:00,108.396573746279
09-19-2024 13:26:00,106.822047869086
09-19-2024 13:36:00,107.358592125574
09-19-2024 13:46:00,108.188174783978
09-19-2024 13:56:00,107.009191875579
09-19-2024 14:06:00,108.035841050783
09-19-2024 14:16:00,108.049181102537
09-19-2024 14:26:00,106.34939035426
09-19-2024 14:36:00,106.44584117954
09-19-2024 14:46:00,106.944296392919
09-19-2024 14:56:00,107.849049554195
09-19-2024 15:06:00,108.142020663324
09-19-2024 15:16:00,107.02388485045
09-19-2024 15:26:00,108.522423914979
09-19-2024 15:36:00,107.011390768629
09-19-2024 15:46:00,107.601317012183
09-19-2024 15:56:00,107.592851209684
09-19-2024 16:06:00,107.580044184065
09-19-2024 16:16:00,109.282810649052
09-19-2024 16:26:00,109.479395765121
09-19-2024 16:36:00,108.270454044168
09-19-2024 16:46:00,109.073830671086
09-19-2024 16:56:00,107.367377748346
09-19-2024 17:06:00,107.969969843856
09-19-2024 17:16:00,108.074968502986
09-19-2024 17:26:00,108.978794419424
09-19-2024 17:36:00,108.280620704541
09-19-2024 17:46:00,107.481956517623
09-19-2024 17:56:00,108.189447574867
09-19-2024 18:06:00,107.984485762484
09-19-2024 18:16:00,108.189925531895
09-19-2024 18:26:00,106.980859234926
09-19-2024 18:36:00,107.989574412586
09-19-2024 18:46:00,107.797696957363
09-19-2024 18:56:00,108.30446691863
09-19-2024 19:06:00,108.92058113233
09-19-2024 19:16:00,107.929410191085
09-19-2024 19:26:00,108.143730213749
09-19-2024 19:36:00,105.845534450922
09-19-2024 19:46:00,107.165300811405
09-19-2024 19:56:00,107.886662128167
09-19-2024 20:06:00,110.414062329458
09-19-2024 20:16:00,106.304105687418
09-19-2024 20:26:00,106.422072041796
09-19-2024 20:36:00,107.948857569849
09-19-2024 20:46:00,108.868027652055
09-19-2024 20:56:00,108.181331905866
09-19-2024 21:06:00,107.989010579087
09-19-2024 21:16:00,108.405190006078
09-19-2024 21:26:00,106.907957986265
09-19-2024 21:36:00,107.02190265753
09-19-2024 21:46:00,109.146410940269
09-19-2024 21:56:00,107.346334525299
09-19-2024 22:06:00,108.161462903062
09-19-2024 22:16:00,106.562273262478
09-19-2024 22:26:00,107.276747753867
09-19-2024 22:36:00,107.794136397099
09-19-2024 22:46:00,107.702319059824
09-19-2024 22:56:00,108.614481520111
09-19-2024 23:06:00,106.606631538249
09-19-2024 23:16:00,107.22067091493
09-19-2024 23:26:00,107.830476099979
09-19-2024 23:36:00,107.435992625321
09-19-2024 23:46:00,107.037085927629
09-19-2024 23:56:00,108.151470524239
09-21-2024 00:06:00,108.968763468015
09-21-2024 00:16:00,109.065186866116
09-21-2024 00:26:00,108.759887852404
09-21-2024 00:36:00,108.555047415295
09-21-2024 00:46:00,107.446483652527
09-21-2024 00:56:00,108.547083188796
09-21-2024 01:06:00,109.547151592902
09-21-2024 01:16:00,108.835909541844
09-21-2024 01:26:00,109.63055719817
09-21-2024 01:36:00,110.329149492451
09-21-2024 01:46:00,108.714747925215
09-21-2024 01:56:00,109.910593448117
09-21-2024 02:06:00,109.801730575367
09-21-2024 02:16:00,108.685199469339
09-21-2024 02:26:00,110.181503948748
09-21-2024 02:36:00,109.370554040478
09-21-2024 02:46:00,109.056816677524
09-21-2024 02:56:00,110.54797108244
09-21-2024 03:06:00,110.133892362496
09-21-2024 03:16:00,109.314602147081
09-21-2024 03:26:00,108.595893382763
09-21-2024 03:36:00,110.682526167935
09-21-2024 03:46:00,110.869756229186
09-21-2024 03:56:00,109.650455942463
09-21-2024 04:06:00,109.828877245306
09-21-2024 04:16:00,108.815021866272
09-21-2024 04:26:00,109.598425499268
09-21-2024 04:36:00,110.58156133099
09-21-2024 04:46:00,109.963876459815
09-21-2024 04:56:00,109.542042429125
09-21-2024 05:06:00,108.425063405288
09-21-2024 05:16:00,109.811752770152
09-21-2024 05:26:00,110.49392069033
09-21-2024 05:36:00,109.472914210238
09-21-2024 05:46:00,109.955050863917
09-21-2024 05:56:00,110.237254412554
09-21-2024 06:06:00,110.914155978591
09-21-2024 06:16:00,111.695018029639
09-21-2024 06:26:00,109.386708767319
09-21-2024 06:36:00,109.968081311709
09-21-2024 06:46:00,110.6534163306
09-21-2024 06:56:00,109.538953562712
09-21-2024 07:06:00,110.024675043047
09-21-2024 07:16:00,109.214261270214
09-21-2024 07:26:00,109.101837050659
09-21-2024 07:36:00,108.291863529376
09-21-2024 07:46:00,109.678641851809
09-21-2024 07:56:00,109.570612183323
09-21-2024 08:06:00,111.260307662758
09-21-2024 08:16:00,109.060190338498
09-21-2024 08:26:00,110.844744307247
09-21-2024 08:36:00,110.2475784889
09-21-2024 08:46:00,109.849621891678
09-21-2024 08:56:00,108.555229048925
09-21-2024 09:06:00,110.547773560604
09-21-2024 09:16:00,109.755832274512
09-21-2024 09:26:00,109.059027091435
09-21-2024 09:36:00,108.366572335573
09-21-2024 09:46:00,108.375738441524
09-21-2024 09:56:00,109.182014955731
09-21-2024 10:06:00,107.995480028633
09-21-2024 10:16:00,108.498556594721
09-21-2024 10:26:00,109.105747148561
09-21-2024 10:36:00,107.918865408068
09-21-2024 10:46:00,108.625820469075
09-21-2024 10:56:00,108.236223653421
09-21-2024 11:06:00,108.548892165909
09-21-2024 11:16:00,108.761933502219
09-21-2024 11:26:00,106.984266434992
09-21-2024 11:36:00,106.511443569083
09-21-2024 11:46:00,108.034845039343
09-21-2024 11:56:00,108.065712188852
09-21-2024 12:06:00,108.300778920083
09-21-2024 12:16:00,108.740367942446
09-21-2024 12:26:00,106.975746366028
09-21-2024 12:36:00,107.906712153757
09-21-2024 12:46:00,108.733946487878
09-21-2024 12:56:00,107.959816215306
09-21-2024 13:06:00,107.681596242829
09-21-2024 13:16:00,106.706242157478
09-21-2024 13:26:00,107.024468767891
09-21-2024 13:36:00,106.140071900643
09-21-2024 13:46:00,107.155787795919
09-21-2024 13:56:00,107.365411557308
09-21-2024 14:06:00,107.470487271856
09-21-2024 14:16:00,106.973947292493
09-21-2024 14:26:00,108.282341288387
09-21-2024 14:36:00,107.38033941183
09-21-2024 14:46:00,108.087136049415
09-21-2024 14:56:00,108.08763130056
09-21-2024 15:06:00,108.894800279941
09-21-2024 15:16:00,108.5944309445
09-21-2024 15:26:00,108.193773731684
09-21-2024 15:36:00,107.692828641492
09-21-2024 15:46:00,107.793617496775
09-21-2024 15:56:00,108.496140297533
09-21-2024 16:06:00,110.411122308617
09-21-2024 16:16:00,110.014897252426
09-21-2024 16:26:00,108.820536435509
09-21-2024 16:36:00,107.931243130697
09-21-2024 16:46:00,109.76008484616
09-21-2024 16:56:00,107.87543563259
09-21-2024 17:06:00,108.901942348108
09-21-2024 17:16:00,110.029494968296
09-21-2024 17:26:00,111.061762608956
09-21-2024 17:36:00,109.074686123714
09-21-2024 17:46:00,110.610031893808
09-21-2024 17:56:00,110.029670256104
09-21-2024 18:06:00,109.65465619011
09-21-2024 18:16:00,109.983926990374
09-21-2024 18:26:00,110.011374542825
09-21-2024 18:36:00,110.340999933487
09-21-2024 18:46:00,110.464826921893
09-21-2024 18:56:00,111.298740430571
09-21-2024 19:06:00,110.313983350736
09-21-2024 19:16:00,108.122935587243
09-21-2024 19:26:00,109.053298142187
09-21-2024 19:36:00,110.488735633083
09-21-2024 19:46:00,110.007223557424
09-21-2024 19:56:00,108.309443859204
09-21-2024 20:06:00,109.846824850222
09-21-2024 20:16:00,109.158244038646
09-21-2024 20:26:00,109.378666459766
09-21-2024 20:36:00,109.291549254605
09-21-2024 20:46:00,109.41101692297
09-21-2024 20:56:00,109.323871368261
09-21-2024 21:06:00,110.551157306488
09-21-2024 21:16:00,109.149491193363
09-21-2024 21:26:00,108.147525049201
09-21-2024 21:36:00,108.561477137186
09-21-2024 21:46:00,109.182320197645
09-21-2024 21:56:00,108.984964426842
09-21-2024 22:06:00,108.690838308225
09-21-2024 22:16:00,108.801447671862
09-21-2024 22:26:00,109.510391531905
09-21-2024 22:36:00,110.228386718609
09-21-2024 22:46:00,110.638326842566
09-21-2024 22:56:00,109.93033834553
09-21-2024 23:06:00,109.622734266264
09-21-2024 23:16:00,109.830204830507
09-21-2024 23:26:00,109.725033777074
09-21-2024 23:36:00,108.713452580022
09-21-2024 23:46:00,110.227662087886
09-21-2024 23:56:00,108.908073449547
09-22-2024 00:06:00,110.422097128239
09-22-2024 00:16:00,110.312391916623
09-22-2024 00:26:00,108.786314864295
09-22-2024 00:36:00,109.688423323893
09-22-2024 00:46:00,110.48010076118
09-22-2024 00:56:00,110.168208732289
09-22-2024 01:06:00,110.155211146982
09-22-2024 01:16:00,111.653949296959
09-22-2024 01:26:00,111.34208735516
09-22-2024 01:36:00,109.505455303139
09-22-2024 01:46:00,111.908079009661
09-22-2024 01:56:00,111.284216392144
09-22-2024 02:06:00,111.06453030795
09-22-2024 02:16:00,110.340208736621
09-22-2024 02:26:00,111.130089810011
09-22-2024 02:36:00,111.713205856731
09-22-2024 02:46:00,110.993838440187
09-22-2024 02:56:00,112.186436451828
09-22-2024 03:06:00,111.664362712505
09-22-2024 03:16:00,110.945466818996
09-22-2024 03:26:00,111.129422634613
09-22-2024 03:36:00,111.917891122541
09-22-2024 03:46:00,112.211518590301
09-22-2024 03:56:00,113.004128027066
09-22-2024 04:06:00,111.173201481428
09-22-2024 04:16:00,111.864976111562
09-22-2024 04:26:00,112.451203098583
09-22-2024 04:36:00,111.733305013419
09-22-2024 04:46:00,111.413640815373
09-22-2024 04:56:00,112.306045669989
09-22-2024 05:06:00,112.589926744555
09-22-2024 05:16:00,110.967429872799
09-22-2024 05:26:00,111.452608802145
09-22-2024 05:36:00,111.837037283424
09-22-2024 05:46:00,110.91474158042
09-22-2024 05:56:00,111.399599408128
09-22-2024 06:06:00,111.888820564801
09-22-2024 06:16:00,112.373259037166
09-22-2024 06:26:00,110.447479844759
09-22-2024 06:36:00,110.032967280953
09-22-2024 06:46:00,112.023167599811
09-22-2024 06:56:00,111.900461968396
09-22-2024 07:06:00,111.084670924913
09-22-2024 07:16:00,111.769271234366
09-22-2024 07:26:00,110.352102162627
09-22-2024 07:36:00,109.837868446807
09-22-2024 07:46:00,112.130928411449
09-22-2024 07:56:00,110.805646143534
09-22-2024 08:06:00,111.894988587744
09-22-2024 08:16:00,112.28721882761
09-22-2024 08:26:00,110.976220396219
09-22-2024 08:36:00,110.061750380109
09-22-2024 08:46:00,111.951797609018
09-22-2024 08:56:00,111.642830474232
09-22-2024 09:06:00,110.532920662021
09-22-2024 09:16:00,110.529028503926
09-22-2024 09:26:00,111.025714482729
09-22-2024 09:36:00,111.922782444023
09-22-2024 09:46:00,109.720975231348
09-22-2024 09:56:00,111.823880048934
09-22-2024 10:06:00,112.325032862542
09-22-2024 10:16:00,110.924104992467
09-22-2024 10:26:00,110.733499134362
09-22-2024 10:36:00,109.441390903684
09-22-2024 10:46:00,111.649475130233
09-22-2024 10:56:00,108.750460388519
09-22-2024 11:06:00,109.064728734868
09-22-2024 11:16:00,109.283350183817
09-22-2024 11:26:00,108.900826509613
09-22-2024 11:36:00,109.219743357416
09-22-2024 11:46:00,108.344502063383
09-22-2024 11:56:00,108.881669292537
09-22-2024 12:06:00,108.716824935026
09-22-2024 12:16:00,108.455807929196
09-22-2024 12:26:00,107.08942709433
09-22-2024 12:36:00,108.029109699092
09-22-2024 12:46:00,108.471275064192
09-22-2024 12:56:00,108.913901989968
09-22-2024 13:06:00,108.144611842335
09-22-2024 13:16:00,107.168869998156
09-22-2024 13:26:00,107.396911600292
09-22-2024 13:36:00,108.330516520014
09-22-2024 13:46:00,106.836786891455
09-22-2024 13:56:00,108.068851430972
09-22-2024 14:06:00,106.876825653701
09-22-2024 14:16:00,108.802415060199
09-22-2024 14:26:00,107.294484008762
09-22-2024 14:36:00,108.303771488512
09-22-2024 14:46:00,108.300008365257
09-22-2024 14:56:00,108.901370410495
09-22-2024 15:06:00,108.196026404414
09-22-2024 15:16:00,109.003492611347
09-22-2024 15:26:00,109.306690019889
09-22-2024 15:36:00,107.79015272379
09-22-2024 15:46:00,109.101815387043
09-22-2024 15:56:00,107.484537864925
09-22-2024 16:06:00,108.49359958301
09-22-2024 16:16:00,109.094853641108
09-22-2024 16:26:00,108.595723430079
09-22-2024 16:36:00,108.504334038038
09-22-2024 16:46:00,106.79907350046
09-22-2024 16:56:00,107.716229599761
09-22-2024 17:06:00,106.212260921022
09-22-2024 17:16:00,107.638425236753
09-22-2024 17:26:00,107.950543856273
09-22-2024 17:36:00,106.353630355284
09-22-2024 17:46:00,105.866593843123
09-22-2024 17:56:00,108.000660190325
09-22-2024 18:06:00,107.513809966051
09-22-2024 18:16:00,105.309223380268
09-22-2024 18:26:00,107.141417835055
09-22-2024 18:36:00,106.755128932307
09-22-2024 18:46:00,106.861173924498
09-22-2024 18:56:00,106.37360805926
09-22-2024 19:06:00,106.791615952795
09-22-2024 19:16:00,106.198411084957
09-22-2024 19:26:00,106.317365862562
09-22-2024 19:36:00,106.739926092239
09-22-2024 19:46:00,105.94820354043
09-22-2024 19:56:00,106.978257949906
09-22-2024 20:06:00,106.688175968506
09-22-2024 20:16:00,105.895935304128
09-22-2024 20:26:00,108.239070526577
09-22-2024 20:36:00,107.74642790916
09-22-2024 20:46:00,108.169942997217
09-22-2024 20:56:00,105.949886516709
09-22-2024 21:06:00,106.267468945497
09-22-2024 21:16:00,106.479475871148
09-22-2024 21:26:00,107.097069171212
09-22-2024 21:36:00,106.193869710278
09-22-2024 21:46:00,105.391867721663
09-22-2024 21:56:00,105.599615012392
09-22-2024 22:06:00,105.50738298169
09-22-2024 22:16:00,105.009380886936
09-22-2024 22:26:00,107.038803057892
09-22-2024 22:36:00,105.32353323522
09-22-2024 22:46:00,107.154647571382
09-22-2024 22:56:00,106.44514031057
09-22-2024 23:06:00,107.058896530914
09-22-2024 23:16:00,106.252187804346
09-22-2024 23:26:00,107.166071894918
09-22-2024 23:36:00,106.557952407219
09-22-2024 23:46:00,106.964503562468
09-22-2024 23:56:00,106.965187796782
09-26-2024 00:06:00,108.021615742283
09-26-2024 00:16:00,108.432219374005
09-26-2024 00:26:00,107.825617059816
09-26-2024 00:36:00,108.130566876596
09-26-2024 00:46:00,109.043218432175
09-26-2024 00:56:00,108.031485125141
09-26-2024 01:06:00,108.028215153327
09-26-2024 01:16:00,107.928040840182
09-26-2024 01:26:00,109.03876732125
09-26-2024 01:36:00,108.828492699667
09-26-2024 01:46:00,109.529500555003
09-26-2024 01:56:00,109.917677314167
09-26-2024 02:06:00,108.38285916638
09-26-2024 02:16:00,109.782897357196
09-26-2024 02:26:00,110.47871789711
09-26-2024 02:36:00,110.769729153837
09-26-2024 02:46:00,109.746025744847
09-26-2024 02:56:00,109.122679774171
09-26-2024 03:06:00,110.420090077233
09-26-2024 03:16:00,109.594773287773
09-26-2024 03:26:00,108.466752131106
09-26-2024 03:36:00,109.763413704094
09-26-2024 03:46:00,109.241779213934
09-26-2024 03:56:00,111.042457816944
09-26-2024 04:06:00,110.718131036923
09-26-2024 04:16:00,110.196673214861
09-26-2024 04:26:00,111.18417099484
09-26-2024 04:36:00,109.351779170619
09-26-2024 04:46:00,108.927463981413
09-26-2024 04:56:00,108.810178041014
09-26-2024 05:06:00,110.00306001112
09-26-2024 05:16:00,110.183372258516
09-26-2024 05:26:00,109.562261705684
09-26-2024 05:36:00,108.941440846822
09-26-2024 05:46:00,111.039228778411
09-26-2024 05:56:00,109.915080579935
09-26-2024 06:06:00,109.999036821018
09-26-2024 06:16:00,109.282501578303
09-26-2024 06:26:00,109.160985356331
09-26-2024 06:36:00,111.36592604736
09-26-2024 06:46:00,109.539029879456
09-26-2024 06:56:00,109.325824680224
09-26-2024 07:06:00,109.615271301062
09-26-2024 07:16:00,108.794762335914
09-26-2024 07:26:00,110.193867050401
09-26-2024 07:36:00,109.570002832326
09-26-2024 07:46:00,111.068893565426
09-26-2024 07:56:00,109.043673608978
09-26-2024 08:06:00,108.529650427002
09-26-2024 08:16:00,110.730597196423
09-26-2024 08:36:00,110.10716233573
09-26-2024 08:46:00,108.794900933448
09-26-2024 08:56:00,109.389312905737
09-26-2024 09:06:00,109.778512582659
09-26-2024 09:16:00,109.465475761469
09-26-2024 09:26:00,110.86185000961
09-26-2024 09:36:00,109.349862711686
09-26-2024 09:46:00,109.747697843793
09-26-2024 09:56:00,109.439222037156
09-26-2024 10:06:00,108.629577225453
09-26-2024 10:16:00,109.624381560849
09-26-2024 10:26:00,110.823892072245
09-26-2024 10:36:00,108.615610220614
09-26-2024 10:46:00,109.218117787456
09-26-2024 10:56:00,108.814006698933
09-26-2024 11:06:00,109.211651952913
09-26-2024 11:16:00,109.613665809217
09-26-2024 11:26:00,109.619240246873
09-26-2024 11:36:00,109.424365857085
09-26-2024 11:46:00,109.538982431226
09-26-2024 11:56:00,108.751300409147
09-26-2024 12:06:00,108.172566261529
09-26-2024 12:16:00,109.996685356497
09-26-2024 12:26:00,108.213918707828
09-26-2024 12:36:00,108.646990028941
09-26-2024 12:46:00,108.971219614494
09-26-2024 12:56:00,108.195141414797
09-26-2024 13:06:00,107.925253200228
09-26-2024 13:16:00,108.957607516537
09-26-2024 13:26:00,107.979558811382
09-26-2024 13:36:00,107.906149153082
09-26-2024 13:46:00,107.220348524393
09-26-2024 13:56:00,106.232317353551
09-26-2024 14:06:00,107.659691824384
09-26-2024 14:16:00,108.676233973078
09-26-2024 14:26:00,107.040948681972
09-26-2024 14:36:00,105.046039408705
09-26-2024 14:46:00,104.816820248187
09-26-2024 14:56:00,107.618107061271
09-26-2024 15:06:00,107.610662709898
09-26-2024 15:16:00,104.070828054104
09-26-2024 15:26:00,107.561315382621
09-26-2024 15:36:00,107.558193563632
09-26-2024 15:46:00,107.546463309029
09-26-2024 15:56:00,104.99793762798
09-26-2024 16:06:00,104.392367161706
09-26-2024 16:16:00,105.912685173806
09-26-2024 16:26:00,104.323117095634
09-26-2024 16:36:00,106.053459486935
09-26-2024 16:46:00,108.475454614091
09-26-2024 16:56:00,107.182799679095
09-26-2024 17:06:00,106.895198192303
09-26-2024 17:16:00,106.909200339414
09-26-2024 17:26:00,108.226467884861
09-26-2024 17:36:00,106.02335667303
09-26-2024 17:46:00,108.246252087696
09-26-2024 17:56:00,105.942019497615
09-26-2024 18:06:00,107.657976648314
09-26-2024 18:16:00,106.959110152773
09-26-2024 18:26:00,107.572687789362
09-26-2024 18:36:00,106.773052895384
09-26-2024 18:46:00,105.772027482836
09-26-2024 18:56:00,106.78825585428
09-26-2024 19:06:00,107.804720615005
09-26-2024 19:16:00,104.596820099243
09-26-2024 19:26:00,104.908413749869
09-26-2024 19:36:00,105.7320622202
09-26-2024 19:46:00,107.257036706302
09-26-2024 19:56:00,106.670839909993
09-26-2024 20:06:00,105.378844439495
09-26-2024 20:16:00,107.51388966277
09-26-2024 20:26:00,106.116419944549
09-26-2024 20:36:00,106.134572649271
09-26-2024 20:46:00,105.442395840698
09-26-2024 20:56:00,106.56598230086
09-26-2024 21:06:00,105.97877595747
09-26-2024 21:16:00,105.588961613804
09-26-2024 21:26:00,105.400907360401
09-26-2024 21:36:00,106.424372705713
09-26-2024 21:46:00,107.443878775442
09-26-2024 21:56:00,105.736922887983
09-26-2024 22:06:00,106.352585022928
09-26-2024 22:16:00,106.261304406839
09-26-2024 22:26:00,106.877172210627
09-26-2024 22:36:00,106.680622365115
09-26-2024 22:46:00,105.574727346486
09-26-2024 22:56:00,108.413709328969
09-26-2024 23:06:00,107.307723628119
09-26-2024 23:16:00,107.010085388893
09-26-2024 23:26:00,106.510282689502
09-26-2024 23:36:00,106.006186329138
09-26-2024 23:46:00,106.71487463377
09-26-2024 23:56:00,106.918237346805
09-28-2024 00:06:00,107.821705352739
09-28-2024 00:16:00,106.714263059932
09-28-2024 00:26:00,107.72364794991
09-28-2024 00:36:00,109.53944378609
09-28-2024 00:46:00,107.927998111825
09-28-2024 00:56:00,108.933002467109
09-28-2024 01:06:00,108.325258526253
09-28-2024 01:16:00,107.818369954428
09-28-2024 01:26:00,107.41231918843
09-28-2024 01:36:00,109.324072539166
09-28-2024 01:46:00,108.510562211329
09-28-2024 01:56:00,108.700360890124
09-28-2024 02:06:00,107.387796375165
09-28-2024 02:16:00,107.783500395797
09-28-2024 02:26:00,109.589103364608
09-28-2024 02:36:00,108.066799543121
09-28-2024 02:46:00,108.059530748863
09-28-2024 02:56:00,107.544605309282
09-28-2024 03:06:00,107.331808346718
09-28-2024 03:16:00,108.527932122796
09-28-2024 03:26:00,108.315041066076
09-28-2024 03:36:00,107.796127647665
09-28-2024 03:46:00,109.590513043535
09-28-2024 03:56:00,106.863822197161
09-28-2024 04:06:00,109.260860868807
09-28-2024 04:16:00,108.536832143791
09-28-2024 04:26:00,108.319899685196
09-28-2024 04:36:00,108.098751094171
09-28-2024 04:46:00,108.38414748699
09-28-2024 04:56:00,107.76582221226
09-28-2024 05:06:00,110.054255218755
09-28-2024 05:16:00,108.432400765818
09-28-2024 05:26:00,108.416475344637
09-28-2024 05:36:00,108.400558885932
09-28-2024 05:46:00,106.880492686186
09-28-2024 05:56:00,109.968401190285
09-28-2024 06:06:00,107.450784840592
09-28-2024 06:16:00,109.038437101074
09-28-2024 06:26:00,108.321110835472
09-28-2024 06:36:00,108.605732656844
09-28-2024 06:46:00,108.289394158752
09-28-2024 06:56:00,107.873087869019
09-28-2024 07:06:00,107.752970368088
09-28-2024 07:16:00,107.637197189592
09-28-2024 07:26:00,108.326113881106
09-28-2024 07:36:00,107.214275307835
09-28-2024 07:46:00,108.303075942449
09-28-2024 07:56:00,108.787199779875
09-28-2024 08:06:00,107.775897407125
09-28-2024 08:16:00,109.359380732789
09-28-2024 08:26:00,108.25276184987
09-28-2024 08:36:00,106.142966246697
09-28-2024 08:46:00,108.533815979881
09-28-2024 08:56:00,108.630821684147
09-28-2024 09:06:00,108.328231633392
09-28-2024 09:16:00,107.422080602107
09-28-2024 09:26:00,108.222584003732
09-28-2024 09:36:00,108.019952203992
09-28-2024 09:46:00,107.713202787317
09-28-2024 09:56:00,106.520416915946
09-28-2024 10:06:00,109.422541223538
09-28-2024 10:16:00,108.629257756688
09-28-2024 10:26:00,107.740263687606
09-28-2024 10:36:00,106.351525983969
09-28-2024 10:46:00,105.961663447845
09-28-2024 10:56:00,106.770882907202
09-28-2024 11:06:00,106.884915512728
09-28-2024 11:16:00,107.394596326866
09-28-2024 11:26:00,106.713169417819
09-28-2024 11:36:00,105.335524854576
09-28-2024 11:46:00,106.062113246719
09-28-2024 11:56:00,106.497374717766
09-28-2024 12:06:00,107.433729665048
09-28-2024 12:16:00,107.469286832906
09-28-2024 12:26:00,107.404645537995
09-28-2024 12:36:00,108.13785311287
09-28-2024 12:46:00,108.27409978547
09-28-2024 12:56:00,107.101484835115
09-28-2024 13:06:00,108.931171384085
09-28-2024 13:16:00,106.347803765872
09-28-2024 13:26:00,104.963995105084
09-28-2024 13:36:00,107.292891282612
09-28-2024 13:46:00,107.709114486536
09-28-2024 13:56:00,105.608574295746
09-28-2024 14:06:00,108.432797060868
09-28-2024 14:16:00,107.525328233658
09-28-2024 14:26:00,107.828309195724
09-28-2024 14:36:00,106.719922769195
09-28-2024 14:46:00,108.530442842575
09-28-2024 14:56:00,106.718597311878
09-28-2024 15:06:00,107.720738904195
09-28-2024 15:16:00,108.325148304727
09-28-2024 15:26:00,107.920334374153
09-28-2024 15:36:00,107.616048802013
09-28-2024 15:46:00,107.918950142427
09-28-2024 15:56:00,108.523293567055
09-28-2024 16:06:00,108.122834180299
09-28-2024 16:16:00,107.525695430186
09-28-2024 16:26:00,108.038210946229
09-28-2024 16:36:00,106.54488123772
09-28-2024 16:46:00,107.258486540516
09-28-2024 16:56:00,107.377574362388
09-28-2024 17:06:00,106.788461806569
09-28-2024 17:16:00,106.706307644137
09-28-2024 17:26:00,108.535787569965
09-28-2024 17:36:00,107.753837205221
09-28-2024 17:46:00,108.078832707526
09-28-2024 17:56:00,107.79980571217
09-28-2024 18:06:00,106.714768396066
09-28-2024 18:16:00,106.930471723558
09-28-2024 18:26:00,106.243572387763
09-28-2024 18:36:00,107.169080626432
09-28-2024 18:46:00,107.595222658603
09-28-2024 18:56:00,106.907959787966
09-28-2024 19:06:00,107.632579154116
09-28-2024 19:16:00,106.343863978118
09-28-2024 19:26:00,106.055276444209
09-28-2024 19:36:00,108.1890536498
09-28-2024 19:46:00,107.597827247925
09-28-2024 19:56:00,106.804452445019
09-28-2024 20:06:00,107.723300570871
09-28-2024 20:16:00,107.93539980839
09-28-2024 20:26:00,108.955601091416
09-28-2024 20:36:00,107.45058382812
09-28-2024 20:46:00,106.450366951671
09-28-2024 20:56:00,106.96127545507
09-28-2024 21:06:00,108.385972165607
09-28-2024 21:16:00,106.876013148334
09-28-2024 21:26:00,107.892364776148
09-28-2024 21:36:00,106.685398712997
09-28-2024 21:46:00,107.499716757118
09-28-2024 21:56:00,107.602283475746
09-28-2024 22:06:00,108.816634271078
09-28-2024 22:16:00,107.600970507609
09-28-2024 22:26:00,107.7035342059
09-28-2024 22:36:00,108.109294786284
09-28-2024 22:46:00,107.302272610593
09-28-2024 22:56:00,109.522792506537
09-28-2024 23:06:00,107.599859735922
09-28-2024 23:16:00,107.09609517817
09-28-2024 23:26:00,108.609038255809
09-28-2024 23:36:00,108.307400339628
09-28-2024 23:46:00,108.09814297914
09-28-2024 23:56:00,107.181766633902
09-29-2024 00:06:00,108.285852595298
09-29-2024 00:16:00,106.965667731804
09-29-2024 00:26:00,107.055365215915
09-29-2024 00:36:00,107.755135341717
09-29-2024 00:46:00,108.85420838593
09-29-2024 00:56:00,107.833242667096
09-29-2024 01:06:00,108.931921725771
09-29-2024 01:16:00,108.617607344592
09-29-2024 01:26:00,109.00958680385
09-29-2024 01:36:00,107.178114569488
09-29-2024 01:46:00,109.078440953348
09-29-2024 01:56:00,109.868943694978
09-29-2024 02:06:00,109.353211464291
09-29-2024 02:16:00,109.034840514961
09-29-2024 02:26:00,109.421859246389
09-29-2024 02:36:00,110.715227001156
09-29-2024 02:46:00,107.778518481722
09-29-2024 02:56:00,110.384940267367
09-29-2024 03:06:00,108.959418194208
09-29-2024 03:16:00,110.855600974758
09-29-2024 03:26:00,109.636265305419
09-29-2024 03:36:00,110.5211040666
09-29-2024 03:46:00,109.398581361979
09-29-2024 03:56:00,109.386953543096
09-29-2024 04:06:00,109.370947887809
09-29-2024 04:16:00,108.249411226037
09-29-2024 04:26:00,109.937432371002
09-29-2024 04:36:00,109.921316430526
09-29-2024 04:46:00,108.896577963625
09-29-2024 04:56:00,110.788296089578
09-29-2024 05:06:00,110.370497339131
09-29-2024 05:16:00,109.346404392618
09-29-2024 05:26:00,110.133042881239
09-29-2024 05:36:00,110.016615685037
09-29-2024 05:46:00,109.799966706494
09-29-2024 05:56:00,110.686214402984
09-29-2024 06:06:00,107.5628171571
09-29-2024 06:16:00,109.246476936028
09-29-2024 06:26:00,107.331433044265
09-29-2024 06:36:00,108.117277448606
09-29-2024 06:46:00,110.300280587887
09-29-2024 06:56:00,108.281968138825
09-29-2024 07:06:00,109.667528340633
09-29-2024 07:16:00,109.351373536857
09-29-2024 07:26:00,109.235446817021
09-29-2024 07:36:00,110.124150438985
09-29-2024 07:46:00,110.408095661285
09-29-2024 07:56:00,108.792349400311
09-29-2024 08:06:00,106.781740161489
09-29-2024 08:16:00,110.568488003526
09-29-2024 08:26:00,109.057895286601
09-29-2024 08:36:00,108.746720739707
09-29-2024 08:46:00,108.135983070089
09-29-2024 08:56:00,108.03337508115
09-29-2024 09:06:00,109.923979739932
09-29-2024 09:16:00,108.323273533922
09-29-2024 09:26:00,109.115102876932
09-29-2024 09:36:00,108.513226378131
09-29-2024 09:46:00,109.413443846027
09-29-2024 09:56:00,108.51635391737
09-29-2024 10:06:00,108.022939677731
09-29-2024 10:16:00,107.425368591131
09-29-2024 10:26:00,108.434090957149
09-29-2024 10:36:00,108.439956355936
09-29-2024 10:46:00,109.448970852306
09-29-2024 10:56:00,107.860911066181
09-29-2024 11:06:00,108.974329837885
09-29-2024 11:16:00,108.393604807043
09-29-2024 11:26:00,107.312814035135
09-29-2024 11:36:00,107.531300949518
09-29-2024 11:46:00,108.262794887839
09-29-2024 11:56:00,106.493293756376
09-29-2024 12:06:00,107.028976335894
09-29-2024 12:16:00,106.667957604376
09-29-2024 12:26:00,108.70736223504
09-29-2024 12:36:00,108.843823057461
09-29-2024 12:46:00,108.775474519216
09-29-2024 12:56:00,109.409416754505
09-29-2024 13:06:00,107.931691403254
09-29-2024 13:16:00,106.047140435825
09-29-2024 13:26:00,108.982046458906
09-29-2024 13:36:00,108.197430289103
09-29-2024 13:46:00,106.709129142759
09-29-2024 13:56:00,108.230763261663
09-29-2024 14:06:00,108.136164056273
09-29-2024 14:16:00,108.736400477223
09-29-2024 14:26:00,107.025386128115
09-29-2024 14:36:00,108.228501894181
09-29-2024 14:46:00,106.517717260173
09-29-2024 14:56:00,107.318850445732
09-29-2024 15:06:00,107.517114453137
09-29-2024 15:16:00,108.418556495586
09-29-2024 15:26:00,107.411320517191
09-29-2024 15:36:00,108.116076369141
09-29-2024 15:46:00,106.711355715218
09-29-2024 15:56:00,107.717467398993
09-29-2024 16:06:00,107.124845774765
09-29-2024 16:16:00,107.130690357644
09-29-2024 16:26:00,106.433214456079
09-29-2024 16:36:00,107.247115593469
09-29-2024 16:46:00,107.056227510332
09-29-2024 16:56:00,107.166824192764
09-29-2024 17:06:00,107.788620887205
09-29-2024 17:16:00,106.998681628021
09-29-2024 17:26:00,106.912442003482
09-29-2024 17:36:00,105.619150824869
09-29-2024 17:46:00,106.337463388849
09-29-2024 17:56:00,107.353623864448
09-29-2024 18:06:00,106.659378951143
09-29-2024 18:16:00,106.669437125408
09-29-2024 18:26:00,107.786640609806
09-29-2024 18:36:00,108.094508926624
09-29-2024 18:46:00,106.791838027438
09-29-2024 18:56:00,105.694518373175
09-29-2024 19:06:00,106.409262708684
09-29-2024 19:16:00,105.61789777358
09-29-2024 19:26:00,105.636179213572
09-29-2024 19:36:00,105.444659292826
09-29-2024 19:46:00,106.164030990796
09-29-2024 19:56:00,106.984425607079
09-29-2024 20:06:00,107.599244376328
09-29-2024 20:16:00,105.190344605188
09-29-2024 20:26:00,105.910091473542
09-29-2024 20:36:00,106.218359112788
09-29-2024 20:46:00,105.32091905664
09-29-2024 20:56:00,107.444262417202
09-29-2024 21:06:00,107.651850760041
09-29-2024 21:16:00,106.447590695558
09-29-2024 21:26:00,106.453438887645
09-29-2024 21:36:00,106.757631798437
09-29-2024 21:46:00,106.763499966954
09-29-2024 21:56:00,105.655675028193
09-29-2024 22:06:00,106.464187428302
09-29-2024 22:16:00,107.474420402283
09-29-2024 22:26:00,106.664947460181
09-29-2024 22:36:00,106.464876344885
09-29-2024 22:46:00,105.046287119496
09-29-2024 22:56:00,106.350452849011
09-29-2024 23:06:00,106.347882226056
09-29-2024 23:16:00,107.147607397678
09-29-2024 23:26:00,105.019780203965
09-29-2024 23:36:00,105.517079130282
09-29-2024 23:46:00,105.308859971564
09-29-2024 23:56:00,106.91437583141
09-30-2024 00:06:00,106.907542708765
09-30-2024 00:16:00,106.191357520271
09-30-2024 00:26:00,107.892547985077
09-30-2024 00:36:00,107.982011780887
09-30-2024 00:46:00,106.15855461875
09-30-2024 00:56:00,107.14999213394
09-30-2024 01:06:00,107.239537881065
09-30-2024 01:16:00,106.218039733336
09-30-2024 01:26:00,106.609504777905
09-30-2024 01:36:00,107.805469973267
09-30-2024 01:46:00,107.597424925859
09-30-2024 01:56:00,106.978737823526
09-30-2024 02:06:00,106.167667215128
09-30-2024 02:16:00,106.361996803262
09-30-2024 02:26:00,107.561377351742
09-30-2024 02:36:00,109.162472829926
09-30-2024 02:46:00,108.150557958673
09-30-2024 02:56:00,107.737452416522
09-30-2024 03:06:00,107.630112076274
09-30-2024 03:16:00,108.322055859013
09-30-2024 03:26:00,108.515965898849
09-30-2024 03:36:00,107.40016733843
09-30-2024 03:46:00,107.087903207941
09-30-2024 03:56:00,108.181010232325
09-30-2024 04:06:00,107.262331109123
09-30-2024 04:16:00,107.251281636793
09-30-2024 04:26:00,109.041616596486
09-30-2024 04:36:00,107.621883294572
09-30-2024 04:46:00,108.208120948403
09-30-2024 04:56:00,108.292877002293
09-30-2024 05:06:00,109.575860315777
09-30-2024 05:16:00,108.558165309772
09-30-2024 05:26:00,107.737017316856
09-30-2024 05:36:00,107.721662735398
09-30-2024 05:46:00,107.906547631274
09-30-2024 05:56:00,109.087937937611
09-30-2024 06:06:00,106.766632131059
09-30-2024 06:16:00,109.052319387868
09-30-2024 06:26:00,107.036459590581
09-30-2024 06:36:00,109.621000464804
09-30-2024 06:46:00,106.60628721495
09-30-2024 06:56:00,107.586421411629
09-30-2024 07:06:00,108.969943240356
09-30-2024 07:16:00,107.851310137383
09-30-2024 07:26:00,107.940109617415
09-30-2024 07:36:00,107.725084924121
09-30-2024 07:46:00,108.009269659995
09-30-2024 07:56:00,108.393124243934
09-30-2024 08:06:00,107.284381008622
09-30-2024 08:16:00,108.670131499777
09-30-2024 08:26:00,108.762990647728
09-30-2024 08:36:00,107.65893215847
09-30-2024 08:46:00,107.548201096061
09-30-2024 08:56:00,107.142591778516
09-30-2024 09:06:00,107.439206645611
09-30-2024 09:16:00,108.533399589621
09-30-2024 09:26:00,107.837188794291
09-30-2024 09:36:00,110.027950392424
09-30-2024 09:46:00,106.739694706081
09-30-2024 09:56:00,108.63561372856
09-30-2024 10:06:00,108.546186295036
09-30-2024 10:16:00,107.854183627636
09-30-2024 10:26:00,107.365755106094
09-30-2024 10:36:00,108.269246968404
09-30-2024 10:46:00,108.478973470373
09-30-2024 10:56:00,108.484961633348
09-30-2024 11:06:00,107.801164421969
09-30-2024 11:16:00,107.416476565854
09-30-2024 11:26:00,107.630449227653
09-30-2024 11:36:00,106.754888025521
09-30-2024 11:46:00,105.882958715201
09-30-2024 11:56:00,107.412166458945
09-30-2024 12:06:00,107.543412155484
09-30-2024 12:16:00,107.778995621718
09-30-2024 12:26:00,108.510674589598
09-30-2024 12:36:00,108.54245938656
09-30-2024 12:46:00,107.473064252325
09-30-2024 12:56:00,107.500214575165
09-30-2024 13:06:00,106.325236909245
09-30-2024 13:16:00,106.652648754973
09-30-2024 13:26:00,107.276800865864
09-30-2024 13:36:00,106.998870330389
09-30-2024 13:46:00,107.619229928573
09-30-2024 13:56:00,107.031843041304
09-30-2024 14:06:00,107.447546855824
09-30-2024 14:16:00,107.056398632716
09-30-2024 14:26:00,106.957785093453
09-30-2024 14:36:00,106.967946737287
09-30-2024 14:46:00,107.768233635468
09-30-2024 14:56:00,107.818003073534
09-30-2024 15:06:00,107.86777346606
09-30-2024 15:16:00,106.966436708295
09-30-2024 15:26:00,106.963954010825
09-30-2024 15:36:00,107.659523072435
09-30-2024 15:46:00,109.16177026859
09-30-2024 15:56:00,107.859374829765
09-30-2024 16:06:00,107.359522799897
09-30-2024 16:16:00,108.272701082313
09-30-2024 16:26:00,106.974373172592
09-30-2024 16:36:00,106.884198496623
09-30-2024 16:46:00,107.291560772479
09-30-2024 16:56:00,107.707488281492
09-30-2024 17:06:00,106.111644594271
09-30-2024 17:16:00,107.125656054504
09-30-2024 17:26:00,106.441394765882
09-30-2024 17:36:00,107.263412201756
09-30-2024 17:46:00,106.880255124801
09-30-2024 17:56:00,106.396434583994
09-30-2024 18:06:00,106.716465806875
09-30-2024 18:16:00,105.428121540463
09-30-2024 18:26:00,107.055305452684
09-30-2024 18:36:00,106.768023627271
09-30-2024 18:46:00,106.686032525019
09-30-2024 18:56:00,107.107104259271
09-30-2024 19:06:00,108.035877292007
09-30-2024 19:16:00,108.159760924985
09-30-2024 19:26:00,107.780177890766
09-30-2024 19:36:00,107.299637630386
09-30-2024 19:46:00,108.334621237103
09-30-2024 19:56:00,108.05553729019
09-30-2024 20:06:00,108.477783303455
09-30-2024 20:16:00,108.395985213863
09-30-2024 20:26:00,107.708920059075
09-30-2024 20:36:00,107.021535606511
09-30-2024 20:46:00,106.434750071307
09-30-2024 20:56:00,106.44913534549
09-30-2024 21:06:00,106.261618680313
09-30-2024 21:16:00,106.675642461235
09-30-2024 21:26:00,105.878037482254
09-30-2024 21:36:00,106.797058474467
09-30-2024 21:46:00,105.79728183476
09-30-2024 21:56:00,107.116308966754
09-30-2024 22:06:00,107.122329312401
09-30-2024 22:16:00,106.926314578772
09-30-2024 22:26:00,105.614850419132
09-30-2024 22:36:00,107.232916872916
09-30-2024 22:46:00,108.543597727677
09-30-2024 22:56:00,107.131200453147
09-30-2024 23:06:00,107.734767621803
09-30-2024 23:16:00,106.015251155053
09-30-2024 23:26:00,107.532039657644
09-30-2024 23:36:00,108.236511424096
09-30-2024 23:46:00,109.34048169201
09-30-2024 23:56:00,108.530070745574
10-02-2024 00:06:00,108.824693119674
10-02-2024 00:16:00,110.233276739264
10-02-2024 00:26:00,108.392568267281
10-02-2024 00:36:00,108.482893931061
10-02-2024 00:46:00,108.057845638216
10-02-2024 00:56:00,109.157017010171
10-02-2024 01:06:00,107.921731580636
10-02-2024 01:16:00,108.712247248305
10-02-2024 01:26:00,110.611328713528
10-02-2024 01:36:00,109.482343206969
10-02-2024 01:46:00,110.064979363802
10-02-2024 01:56:00,110.348261869609
10-02-2024 02:06:00,110.121468905807
10-02-2024 02:16:00,109.398270466939
10-02-2024 02:26:00,110.182304598504
10-02-2024 02:36:00,109.758169724547
10-02-2024 02:46:00,110.541581173749
10-02-2024 02:56:00,109.007256387332
10-02-2024 03:06:00,109.386806502577
10-02-2024 03:16:00,109.972227374253
10-02-2024 03:26:00,110.053069803588
10-02-2024 03:36:00,110.935974378255
10-02-2024 03:46:00,109.802709374237
10-02-2024 03:56:00,109.984276304722
10-02-2024 04:06:00,110.266459359619
10-02-2024 04:16:00,110.237616632904
10-02-2024 04:26:00,110.318235710593
10-02-2024 04:36:00,110.293793185202
10-02-2024 04:46:00,109.368497243435
10-02-2024 04:56:00,110.450457145432
10-02-2024 05:06:00,111.536131476219
10-02-2024 05:16:00,108.396234160716
10-02-2024 05:26:00,110.687301502716
10-02-2024 05:36:00,111.370196590567
10-02-2024 05:46:00,110.542312717517
10-02-2024 05:56:00,110.92372712985
10-02-2024 06:06:00,110.903582395267
10-02-2024 06:16:00,110.381920309289
10-02-2024 06:26:00,111.364720315699
10-02-2024 06:36:00,109.640250943567
10-02-2024 06:46:00,111.324237373735
10-02-2024 06:56:00,110.702873899327
10-02-2024 07:06:00,111.283809479729
10-02-2024 07:16:00,110.466938601594
10-02-2024 07:26:00,109.841983518566
10-02-2024 07:36:00,109.926646292576
10-02-2024 07:46:00,110.711675323501
10-02-2024 07:56:00,110.495998628368
10-02-2024 08:06:00,111.580572965853
10-02-2024 08:16:00,109.369343060184
10-02-2024 08:26:00,109.762615443377
10-02-2024 08:36:00,111.355453149957
10-02-2024 08:46:00,111.148650890053
10-02-2024 08:56:00,109.842467605332
10-02-2024 09:06:00,110.444128527954
10-02-2024 09:16:00,109.542246572363
10-02-2024 09:26:00,109.648489499381
10-02-2024 09:36:00,110.154561152036
10-02-2024 09:46:00,111.056122242355
10-02-2024 09:56:00,108.667745177963
10-02-2024 10:06:00,108.978196520709
10-02-2024 10:16:00,108.78877747546
10-02-2024 10:26:00,109.699315286681
10-02-2024 10:36:00,109.814309767122
10-02-2024 10:46:00,110.629586276832
10-02-2024 10:56:00,110.34457442583
10-02-2024 11:06:00,108.158150087139
10-02-2024 11:16:00,111.380070959305
10-02-2024 11:26:00,107.295058944961
10-02-2024 11:36:00,111.023372723094
10-02-2024 11:46:00,109.248629182099
10-02-2024 11:56:00,109.681693273314
10-02-2024 12:06:00,110.415886462876
10-02-2024 12:16:00,110.352650487988
10-02-2024 12:26:00,108.177693105581
10-02-2024 12:36:00,110.217245820231
10-02-2024 12:46:00,109.944241505517
10-02-2024 12:56:00,108.164190397185
10-02-2024 13:06:00,109.397662699852
10-02-2024 13:16:00,109.622374488646
10-02-2024 13:26:00,109.143364746952
10-02-2024 13:36:00,108.563497957965
10-02-2024 13:46:00,109.181945513662
10-02-2024 13:56:00,110.207450775887
10-02-2024 14:06:00,107.807306366157
10-02-2024 14:16:00,109.528840843819
10-02-2024 14:26:00,109.23322511464
10-02-2024 14:36:00,110.246168571088
10-02-2024 14:46:00,108.339892526003
10-02-2024 14:56:00,110.254567256501
10-02-2024 15:06:00,109.052891299404
10-02-2024 15:16:00,109.05921860172
10-02-2024 15:26:00,109.564619135163
10-02-2024 15:36:00,109.168240716272
10-02-2024 15:46:00,108.671126870152
10-02-2024 15:56:00,109.583700230805
10-02-2024 16:06:00,109.187256107803
10-02-2024 16:16:00,109.902921267295
10-02-2024 16:26:00,108.709275110906
10-02-2024 16:36:00,110.029549835232
10-02-2024 16:46:00,108.235293261613
10-02-2024 16:56:00,108.556783829518
10-02-2024 17:06:00,108.1770067649
10-02-2024 17:16:00,109.007185981321
10-02-2024 17:26:00,107.421022231875
10-02-2024 17:36:00,110.37508133607
10-02-2024 17:46:00,108.384472523801
10-02-2024 17:56:00,108.21455638355
10-02-2024 18:16:00,108.878727971549
10-02-2024 18:26:00,107.592325425107
10-02-2024 18:36:00,108.22242893454
10-02-2024 18:46:00,109.257561090522
10-02-2024 18:56:00,108.77537273816
10-02-2024 19:06:00,107.685556554328
10-02-2024 19:16:00,107.915681337877
10-02-2024 19:26:00,107.331361249624
10-02-2024 19:36:00,108.574757350994
10-02-2024 19:46:00,107.888899408391
10-02-2024 19:56:00,108.41924887321
10-02-2024 20:06:00,107.935771656658
10-02-2024 20:16:00,107.346318708257
10-02-2024 20:26:00,106.858051213554
10-02-2024 20:36:00,106.466840316559
10-02-2024 20:46:00,108.714404779527
10-02-2024 20:56:00,106.999463153764
10-02-2024 21:06:00,108.025170840018
10-02-2024 21:16:00,108.848054460928
10-02-2024 21:26:00,108.655689873681
10-02-2024 21:36:00,108.458962155896
10-02-2024 21:46:00,108.96875584248
10-02-2024 21:56:00,108.46736847924
10-02-2024 22:06:00,107.453853769998
10-02-2024 22:16:00,108.674572024367
10-02-2024 22:26:00,107.661059224045
10-02-2024 22:36:00,108.881779387335
10-02-2024 22:46:00,108.376048498014
10-02-2024 22:56:00,107.561385427699
10-02-2024 23:06:00,108.274286870203
10-02-2024 23:16:00,108.580989026696
10-02-2024 23:26:00,107.563276720844
10-02-2024 23:36:00,108.982601011949
10-02-2024 23:46:00,107.859173449921
10-02-2024 23:56:00,108.664784305997
10-03-2024 00:06:00,109.262841544332
10-03-2024 00:16:00,108.541465914142
10-03-2024 00:26:00,109.232084048359
10-03-2024 00:36:00,108.506740636982
10-03-2024 00:46:00,107.680336287779
10-03-2024 00:56:00,109.58715391445
10-03-2024 01:06:00,107.848798896675
10-03-2024 01:16:00,108.437423948671
10-03-2024 01:26:00,108.726159711457
10-03-2024 01:36:00,109.622392537673
10-03-2024 01:46:00,109.400123491728
10-03-2024 01:56:00,109.182329234491
10-03-2024 02:06:00,108.863518358936
10-03-2024 02:16:00,108.544708437841
10-03-2024 02:26:00,109.237601245195
10-03-2024 02:36:00,108.514434615754
10-03-2024 02:46:00,108.653087667186
10-03-2024 02:56:00,108.791741673078
10-03-2024 03:06:00,109.075412399685
10-03-2024 03:16:00,108.453994555762
10-03-2024 03:26:00,107.832867863506
10-03-2024 03:36:00,109.332675309419
10-03-2024 03:46:00,109.014515586463
10-03-2024 03:56:00,108.692204524055
10-03-2024 04:06:00,109.080711046299
10-03-2024 04:16:00,110.578754668364
10-03-2024 04:26:00,109.751969158069
10-03-2024 04:36:00,109.026490631948
10-03-2024 04:46:00,108.003303925586
10-03-2024 04:56:00,108.996151167241
10-03-2024 05:06:00,109.988539375462
10-03-2024 05:16:00,109.36877181799
10-03-2024 05:26:00,109.756370724158
10-03-2024 05:36:00,108.633526756422
10-03-2024 05:46:00,108.71484779858
10-03-2024 05:56:00,109.50917354932
10-03-2024 06:06:00,108.185944910264
10-03-2024 06:16:00,109.57928833157
10-03-2024 06:26:00,108.960634290044
10-03-2024 06:36:00,108.643901962987
10-03-2024 06:46:00,108.528360473905
10-03-2024 06:56:00,108.919657104019
10-03-2024 07:06:00,109.808906079566
10-03-2024 07:16:00,108.893807260052
10-03-2024 07:26:00,110.385343933292
10-03-2024 07:36:00,107.763340753591
10-03-2024 07:46:00,110.564110033013
10-03-2024 07:56:00,108.946863034917
10-03-2024 08:06:00,110.240908824373
10-03-2024 08:16:00,108.122519136062
10-03-2024 08:26:00,109.821940958035
10-03-2024 08:36:00,108.511089339658
10-03-2024 08:46:00,109.603845440309
10-03-2024 08:56:00,109.300710564771
10-03-2024 09:06:00,110.698332745657
10-03-2024 09:16:00,109.187425317942
10-03-2024 09:26:00,108.683851383827
10-03-2024 09:36:00,109.078488795194
10-03-2024 09:46:00,109.477349776464
10-03-2024 09:56:00,108.877903596519
10-03-2024 10:06:00,109.68642196344
10-03-2024 10:16:00,108.886411622746
10-03-2024 10:26:00,108.491721262116
10-03-2024 10:36:00,109.701421961626
10-03-2024 10:46:00,109.10616842372
10-03-2024 10:56:00,108.615399787094
10-03-2024 11:06:00,109.131874931673
10-03-2024 11:16:00,108.74556476407
10-03-2024 11:26:00,110.065016418779
10-03-2024 11:36:00,108.683634091003
10-03-2024 11:46:00,109.004043815457
10-03-2024 11:56:00,109.03192133414
10-03-2024 12:06:00,108.762690894786
10-03-2024 12:16:00,108.292210897863
10-03-2024 12:26:00,110.833626800613
10-03-2024 12:36:00,109.257130030184
10-03-2024 12:46:00,108.580764077137
10-03-2024 12:56:00,111.120654639033
10-03-2024 13:06:00,110.037381983087
10-03-2024 13:16:00,109.75918891005
10-03-2024 13:26:00,107.659012347056
10-03-2024 13:36:00,108.887106093281
10-03-2024 13:46:00,108.499048541368
10-03-2024 13:56:00,107.401116511823
10-03-2024 14:06:00,108.323104249169
10-03-2024 14:16:00,111.152107829073
10-03-2024 14:26:00,108.537541059371
10-03-2024 14:36:00,109.153188427054
10-03-2024 14:46:00,109.764627968398
10-03-2024 14:56:00,108.859294976315
10-03-2024 15:06:00,109.365590230368
10-03-2024 15:16:00,108.964411751376
10-03-2024 15:26:00,109.067386831014
10-03-2024 15:36:00,108.367988023835
10-03-2024 15:46:00,109.084611275149
10-03-2024 15:56:00,108.889362618937
10-03-2024 16:06:00,108.698381367188
10-03-2024 16:16:00,108.208985580672
10-03-2024 16:26:00,108.123022711186
10-03-2024 16:36:00,109.449888203926
10-03-2024 16:46:00,108.367570469406
10-03-2024 16:56:00,108.290115022204
10-03-2024 17:06:00,107.606539891429
10-03-2024 17:16:00,107.735141056708
10-03-2024 17:26:00,109.88112403413
10-03-2024 17:36:00,108.894054675129
10-03-2024 17:46:00,107.097322330853
10-03-2024 17:56:00,108.334505475684
10-03-2024 18:06:00,108.050221457281
10-03-2024 18:16:00,107.154316411828
10-03-2024 18:26:00,107.367341139013
10-03-2024 18:36:00,106.67352837685
10-03-2024 18:46:00,107.192487365865
10-03-2024 18:56:00,107.711447309341
10-03-2024 19:06:00,107.726355926008
10-03-2024 19:16:00,108.353362752662
10-03-2024 19:26:00,110.192237284838
10-03-2024 19:36:00,106.660598970603
10-03-2024 19:46:00,107.891659543637
10-03-2024 19:56:00,108.007992603027
10-03-2024 20:06:00,107.718783198602
10-03-2024 20:16:00,106.820990875143
10-03-2024 20:26:00,108.352947394904
10-03-2024 20:36:00,108.465139828483
10-03-2024 20:46:00,107.968663844491
10-03-2024 20:56:00,106.863306013407
10-03-2024 21:06:00,108.497458487097
10-03-2024 21:16:00,108.808373117983
10-03-2024 21:26:00,109.626748611229
10-03-2024 21:36:00,107.907953103094
10-03-2024 21:46:00,108.42188315703
10-03-2024 21:56:00,110.458412445801
10-03-2024 22:06:00,108.333332184478
10-03-2024 22:16:00,108.948893794372
10-03-2024 22:26:00,108.65084477275
10-03-2024 22:36:00,109.566713694775
10-03-2024 22:46:00,108.862579675192
10-03-2024 22:56:00,109.270872408204
10-03-2024 23:06:00,107.039482143006
10-03-2024 23:16:00,108.568870851177
10-03-2024 23:26:00,107.454206546776
10-03-2024 23:36:00,109.787263520265
10-03-2024 23:46:00,107.758929684653
10-03-2024 23:56:00,109.381192122085
10-04-2024 00:06:00,109.484906681879
10-04-2024 00:16:00,108.674938874712
10-04-2024 00:26:00,108.165253178817
10-04-2024 00:36:00,109.482781250336
10-04-2024 00:46:00,108.871607781409
10-04-2024 00:56:00,109.271130055932
10-04-2024 01:06:00,108.351335588701
10-04-2024 01:16:00,108.344960339322
10-04-2024 01:26:00,109.247344373684
10-04-2024 01:36:00,109.439394006999
10-04-2024 01:46:00,109.022896307414
10-04-2024 01:56:00,109.210586824959
10-04-2024 02:06:00,108.992726637611
10-04-2024 02:16:00,109.995459088257
10-04-2024 02:26:00,109.473533987873
10-04-2024 02:36:00,109.559661666351
10-04-2024 02:46:00,110.662940310298
10-04-2024 02:56:00,109.432381327657
10-04-2024 03:06:00,108.506107029095
10-04-2024 03:16:00,108.794818015457
10-04-2024 03:26:00,110.196475492929
10-04-2024 03:36:00,108.764849625852
10-04-2024 03:46:00,109.761297396114
10-04-2024 03:56:00,110.555046280388
10-04-2024 04:06:00,109.326532694664
10-04-2024 04:16:00,108.502878030781
10-04-2024 04:26:00,109.498466789415
10-04-2024 04:36:00,111.196330870746
10-04-2024 04:46:00,109.661565296592
10-04-2024 04:56:00,109.545460844953
10-04-2024 05:06:00,110.636319656203
10-04-2024 05:16:00,109.914577978679
10-04-2024 05:26:00,110.601031601907
10-04-2024 05:36:00,111.287486179596
10-04-2024 05:46:00,109.654378365462
10-04-2024 05:56:00,109.94168177081
10-04-2024 06:06:00,110.22448993195
10-04-2024 06:16:00,108.794509378019
10-04-2024 06:26:00,110.688907281274
10-04-2024 06:36:00,110.065100510527
10-04-2024 06:46:00,109.542312798875
10-04-2024 06:56:00,109.623586190624
10-04-2024 07:06:00,110.107202021314
10-04-2024 07:16:00,108.784592035882
10-04-2024 07:26:00,109.674701489133
10-04-2024 07:36:00,110.363346765209
10-04-2024 07:46:00,108.442827872486
10-04-2024 07:56:00,109.030996999463
10-04-2024 08:06:00,109.024676629056
10-04-2024 08:16:00,109.415909220785
10-04-2024 08:26:00,109.313398618163
10-04-2024 08:36:00,109.608371239076
10-04-2024 08:46:00,110.213253170351
10-04-2024 08:56:00,109.508114627831
10-04-2024 09:06:00,109.606483395823
10-04-2024 09:16:00,108.098085910144
10-04-2024 09:26:00,108.999858860006
10-04-2024 09:36:00,109.801118074135
10-04-2024 09:46:00,108.698850590731
10-04-2024 09:56:00,109.307856849634
10-04-2024 10:06:00,108.506776731294
10-04-2024 10:16:00,108.709862038308
10-04-2024 10:26:00,108.716372970541
10-04-2024 10:36:00,108.522029220642
10-04-2024 10:46:00,109.235856642917
10-04-2024 10:56:00,109.351437256279
10-04-2024 11:06:00,108.55428686928
10-04-2024 11:16:00,108.971217631994
10-04-2024 11:26:00,109.187297721404
10-04-2024 11:36:00,108.402542898077
10-04-2024 11:46:00,108.723412661351
10-04-2024 11:56:00,109.853301161992
10-04-2024 12:06:00,107.869376960687
10-04-2024 12:16:00,108.400158880262
10-04-2024 12:26:00,108.125881604614
10-04-2024 12:36:00,109.46282933771
10-04-2024 12:46:00,108.684986812811
10-04-2024 12:56:00,107.499266516758
10-04-2024 13:06:00,108.631420716813
10-04-2024 13:16:00,107.74328796605
10-04-2024 13:26:00,108.5649945732
10-04-2024 13:36:00,107.672271401588
10-04-2024 13:46:00,109.196132610796
10-04-2024 13:56:00,110.014124656335
10-04-2024 14:06:00,109.617169617341
10-04-2024 14:16:00,109.518549958407
10-04-2024 14:26:00,108.213436974379
10-04-2024 14:36:00,108.922020102252
10-04-2024 14:46:00,108.217992386453
10-04-2024 14:56:00,107.211263096942
10-04-2024 15:06:00,107.314444031854
10-04-2024 15:16:00,108.531798744744
10-04-2024 15:26:00,108.029547209307
10-04-2024 15:36:00,107.733327170012
10-04-2024 15:46:00,108.139261370347
10-04-2024 15:56:00,109.86574207785
10-04-2024 16:06:00,109.27109578231
10-04-2024 16:16:00,109.286306887004
10-04-2024 16:26:00,107.988897040169
10-04-2024 16:36:00,107.806136243773
10-04-2024 16:46:00,108.936527696083
10-04-2024 16:56:00,110.172850816443
10-04-2024 17:06:00,109.291588496922
10-04-2024 17:16:00,108.911007796997
10-04-2024 17:26:00,109.242511364891
10-04-2024 17:36:00,109.169513673794
10-04-2024 17:46:00,108.181243144101
10-04-2024 17:56:00,108.711027705506
10-04-2024 18:06:00,108.329676087842
10-04-2024 18:16:00,108.551629506739
10-04-2024 18:26:00,108.46545483625
10-04-2024 18:36:00,108.687530541043
10-04-2024 18:46:00,106.878319490492
10-04-2024 18:56:00,109.123361694945
10-04-2024 19:06:00,106.908033607516
10-04-2024 19:16:00,106.724259471806
10-04-2024 19:26:00,106.73909583732
10-04-2024 19:36:00,109.290167082541
10-04-2024 19:46:00,108.899590960766
10-04-2024 19:56:00,108.711847522436
10-04-2024 20:06:00,107.200297813838
10-04-2024 20:16:00,107.824317289471
10-04-2024 20:26:00,108.444274923124
10-04-2024 20:36:00,107.947458008368
10-04-2024 20:46:00,108.563287533912
10-04-2024 20:56:00,108.468339365788
10-04-2024 21:06:00,109.190153819724
10-04-2024 21:16:00,107.262792340172
10-04-2024 21:26:00,109.808518436436
10-04-2024 21:36:00,108.795156921603
10-04-2024 21:46:00,110.020663383813
10-04-2024 21:56:00,108.698226534178
10-04-2024 22:06:00,109.919361310878
10-04-2024 22:16:00,110.226386094159
10-04-2024 22:26:00,108.091522446912
10-04-2024 22:36:00,109.414150728141
10-04-2024 22:46:00,108.193465795373
10-04-2024 22:56:00,108.597725853467
10-04-2024 23:06:00,108.396951639521
10-04-2024 23:16:00,109.715075552472
10-04-2024 23:26:00,109.71305014762
10-04-2024 23:36:00,109.711026206402
10-04-2024 23:46:00,107.2681631788
10-04-2024 23:56:00,110.307331840411
10-05-2024 00:06:00,108.875637952693
10-05-2024 00:16:00,109.068014309211
10-05-2024 00:26:00,109.458901470086
10-05-2024 00:36:00,110.15825759987
10-05-2024 00:46:00,109.940287955178
10-05-2024 00:56:00,109.109808203221
10-05-2024 01:06:00,109.800043116176
10-05-2024 01:16:00,109.679326094269
10-05-2024 01:26:00,107.93805184932
10-05-2024 01:36:00,108.830551226234
10-05-2024 01:46:00,110.233052262965
10-05-2024 01:56:00,110.314765287826
10-05-2024 02:06:00,111.610559617202
10-05-2024 02:16:00,109.563400586287
10-05-2024 02:26:00,110.555251148048
10-05-2024 02:36:00,108.91836951358
10-05-2024 02:46:00,109.602351460236
10-05-2024 02:56:00,110.694292650773
10-05-2024 03:06:00,109.664834437705
10-05-2024 03:16:00,108.232139125483
10-05-2024 03:26:00,110.030044561386
10-05-2024 03:36:00,110.515196439954
10-05-2024 03:46:00,109.890481926189
10-05-2024 03:56:00,109.366974833973
10-05-2024 04:06:00,108.343947842145
10-05-2024 04:16:00,110.244464561187
10-05-2024 04:26:00,110.63252089819
10-05-2024 04:36:00,110.621772354106
10-05-2024 04:46:00,109.59935255473
10-05-2024 04:56:00,110.092359543937
10-05-2024 05:06:00,110.283108707076
10-05-2024 05:16:00,109.664056826112
10-05-2024 05:26:00,109.653496470532
10-05-2024 05:36:00,111.051868525142
10-05-2024 05:46:00,109.833632388039
10-05-2024 05:56:00,109.013965142327
10-05-2024 06:06:00,108.902953629894
10-05-2024 06:16:00,107.886925742364
10-05-2024 06:26:00,109.887584308516
10-05-2024 06:36:00,109.575430376885
10-05-2024 06:46:00,108.660329878393
10-05-2024 06:56:00,108.549485043156
10-05-2024 07:06:00,110.142422059754
10-05-2024 07:16:00,109.734315835682
10-05-2024 07:26:00,109.623347646993
10-05-2024 07:36:00,108.704801565392
10-05-2024 07:46:00,109.899247937646
10-05-2024 07:56:00,109.888702383746
10-05-2024 08:06:00,109.581357611435
10-05-2024 08:16:00,110.674752238447
10-05-2024 08:26:00,110.267067568391
10-05-2024 08:36:00,108.454867021888
10-05-2024 08:46:00,110.254527883191
10-05-2024 08:56:00,109.851337995133
10-05-2024 09:06:00,109.448195926511
10-05-2024 09:16:00,109.245702508838
10-05-2024 09:26:00,108.441465964104
10-05-2024 09:36:00,108.945325128862
10-05-2024 09:46:00,107.744176614718
10-05-2024 09:56:00,108.753746467863
10-05-2024 10:06:00,109.6588391469
10-05-2024 10:16:00,109.168246038017
10-05-2024 10:26:00,109.676486187602
10-05-2024 10:36:00,108.278637281555
10-05-2024 10:46:00,107.988443110465
10-05-2024 10:56:00,109.600485452815
10-05-2024 11:06:00,107.407854670795
10-05-2024 11:16:00,108.62724083031
10-05-2024 11:26:00,108.441545107775
10-05-2024 11:36:00,108.76207791407
10-05-2024 11:46:00,108.881879546616
10-05-2024 11:56:00,108.805054683594
10-05-2024 12:06:00,108.732426112086
10-05-2024 12:16:00,108.55920779076
10-05-2024 12:26:00,108.788162380974
10-05-2024 12:36:00,109.817834962611
10-05-2024 12:46:00,108.739082683257
10-05-2024 12:56:00,108.259394513944
10-05-2024 13:06:00,108.987779810552
10-05-2024 13:16:00,108.402928676685
10-05-2024 13:26:00,108.019291391137
10-05-2024 13:36:00,108.240072678423
10-05-2024 13:46:00,107.348099600702
10-05-2024 13:56:00,107.657050834066
10-05-2024 14:06:00,107.667842697378
10-05-2024 14:16:00,109.182274194086
10-05-2024 14:26:00,107.370265429317
10-05-2024 14:36:00,107.670893576275
10-05-2024 14:46:00,107.769908962301
10-05-2024 14:56:00,107.264211923255
10-05-2024 15:06:00,107.871331621776
10-05-2024 15:16:00,107.772966416725
10-05-2024 15:26:00,107.271467390115
10-05-2024 15:36:00,107.576238870003
10-05-2024 15:46:00,106.574948219648
10-05-2024 15:56:00,107.795236825768
10-05-2024 16:06:00,107.906866751448
10-05-2024 16:16:00,107.615224339897
10-05-2024 16:26:00,107.731053751319
10-05-2024 16:36:00,107.851125134994
10-05-2024 16:46:00,107.365917472476
10-05-2024 16:56:00,107.490141868861
10-05-2024 17:16:00,107.845764519238
10-05-2024 17:26:00,107.667194699731
10-05-2024 17:36:00,106.381119250125
10-05-2024 17:46:00,108.931247600593
10-05-2024 17:56:00,106.528353193029
10-05-2024 18:06:00,107.558686319195
10-05-2024 18:16:00,105.757032679808
10-05-2024 18:26:00,107.50014090564
10-05-2024 18:36:00,107.519354751062
10-05-2024 18:46:00,106.424979005014
10-05-2024 18:56:00,106.131939039915
10-05-2024 19:06:00,107.159384758855
10-05-2024 19:16:00,106.870505188246
10-05-2024 19:26:00,106.079132821481
10-05-2024 19:36:00,108.120417527436
10-05-2024 19:46:00,108.338250713389
10-05-2024 19:56:00,106.731674242614
10-05-2024 20:06:00,107.156276508776
10-05-2024 20:16:00,108.185282363397
10-05-2024 20:26:00,106.066525543314
10-05-2024 20:36:00,106.385621526474
10-05-2024 20:46:00,107.512220117061
10-05-2024 20:56:00,107.218710898231
10-05-2024 21:06:00,107.83833616419
10-05-2024 21:16:00,105.105242348308
10-05-2024 21:26:00,106.735419411985
10-05-2024 21:36:00,106.640546762668
10-05-2024 21:46:00,107.35758925133
10-05-2024 21:56:00,107.867498440907
10-05-2024 22:06:00,107.163703256172
10-05-2024 22:16:00,107.572147392756
10-05-2024 22:26:00,108.183585741176
10-05-2024 22:36:00,106.663595841609
10-05-2024 22:46:00,109.101975415334
10-05-2024 22:56:00,107.176000909936
10-05-2024 23:16:00,108.087696546842
10-05-2024 23:26:00,108.897802076672
10-05-2024 23:36:00,108.595812091712
10-05-2024 23:46:00,107.473545784509
10-05-2024 23:56:00,106.453004394989
10-06-2024 00:06:00,108.776252108081
10-06-2024 00:16:00,109.175899426334
10-06-2024 00:26:00,108.252758918812
10-06-2024 00:36:00,107.431339577546
10-06-2024 00:46:00,106.301949676396
10-06-2024 00:56:00,109.83512044576
10-06-2024 01:06:00,109.009675438076
10-06-2024 01:16:00,107.066137802116
10-06-2024 01:26:00,109.486776089139
10-06-2024 01:36:00,110.383313160762
10-06-2024 01:46:00,108.643190474482
10-06-2024 01:56:00,109.033454217355
10-06-2024 02:06:00,109.625892553587
10-06-2024 02:16:00,109.197952093378
10-06-2024 02:26:00,110.089031960537
10-06-2024 02:36:00,110.373097631418
10-06-2024 02:46:00,109.040143654275
10-06-2024 02:56:00,110.233571279423
10-06-2024 03:06:00,109.006698478768
10-06-2024 03:16:00,109.189803173572
10-06-2024 03:26:00,109.574687624419
10-06-2024 03:36:00,109.156320588589
10-06-2024 03:46:00,108.637255193665
10-06-2024 03:56:00,110.140189329629
10-06-2024 04:06:00,108.209155159251
10-06-2024 04:16:00,109.711556626797
10-06-2024 04:26:00,108.188872133868
10-06-2024 04:36:00,109.589956139846
10-06-2024 04:46:00,108.874096385106
10-06-2024 04:56:00,109.363406414737
10-06-2024 05:06:00,107.438967593136
10-06-2024 05:16:00,107.932605822495
10-06-2024 05:26:00,110.033086147015
10-06-2024 05:36:00,110.526076439539
10-06-2024 05:46:00,109.508894787331
10-06-2024 05:56:00,108.391419470787
10-06-2024 06:06:00,108.377073299897
10-06-2024 06:16:00,110.278506255351
10-06-2024 06:26:00,110.066869180243
10-06-2024 06:36:00,109.750446103228
10-06-2024 06:46:00,108.935689110004
10-06-2024 06:56:00,109.624929587678
10-06-2024 07:06:00,109.61460407141
10-06-2024 07:16:00,109.202315930927
10-06-2024 07:26:00,107.781258194583
10-06-2024 07:36:00,108.775777373426
10-06-2024 07:46:00,109.167349934887
10-06-2024 07:56:00,108.349592071065
10-06-2024 08:06:00,109.046501699654
10-06-2024 08:16:00,107.731341630436
10-06-2024 08:26:00,108.428124508974
10-06-2024 08:36:00,109.722622852442
10-06-2024 08:46:00,110.117954416028
10-06-2024 08:56:00,108.807596306082
10-06-2024 09:06:00,110.60739460969
10-06-2024 09:16:00,109.297285847335
10-06-2024 09:26:00,109.491900742441
10-06-2024 09:36:00,110.091896966861
10-06-2024 09:46:00,108.385315228325
10-06-2024 09:56:00,108.588404785626
10-06-2024 10:06:00,108.691212258538
10-06-2024 10:16:00,110.20228162603
10-06-2024 10:26:00,108.102919726555
10-06-2024 10:36:00,108.013496709437
10-06-2024 10:46:00,109.127867075842
10-06-2024 10:56:00,109.640519000008
10-06-2024 11:06:00,108.451691803352
10-06-2024 11:16:00,108.065365941433
10-06-2024 11:26:00,108.787323635226
10-06-2024 11:36:00,109.710436434824
10-06-2024 11:46:00,108.23194236879
10-06-2024 11:56:00,108.058665548679
10-06-2024 12:06:00,107.290452152888
10-06-2024 12:16:00,107.523106537889
10-06-2024 12:26:00,107.655340093186
10-06-2024 12:36:00,108.295127887493
10-06-2024 12:46:00,107.618055480503
10-06-2024 12:56:00,107.146099001336
10-06-2024 13:06:00,107.979605972171
10-06-2024 13:16:00,106.495264136541
10-06-2024 13:26:00,107.224140883865
10-06-2024 13:36:00,107.953440550755
10-06-2024 13:46:00,108.678930750589
10-06-2024 13:56:00,108.5975043999
10-06-2024 14:06:00,107.607668396883
10-06-2024 14:16:00,107.921387194468
10-06-2024 14:26:00,107.225642838447
10-06-2024 14:36:00,107.333303165165
10-06-2024 14:46:00,108.042570959019
10-06-2024 14:56:00,106.833608841182
10-06-2024 15:06:00,107.441919024686
10-06-2024 15:16:00,107.444473047023
10-06-2024 15:26:00,107.947633922147
10-06-2024 15:36:00,107.84923620486
10-06-2024 15:46:00,107.750839442033
10-06-2024 15:56:00,108.262374835146
10-06-2024 16:06:00,107.76013603343
10-06-2024 16:16:00,108.271703178686
10-06-2024 16:26:00,107.777799273244
10-06-2024 16:36:00,107.178644779054
10-06-2024 16:46:00,107.799654070425
10-06-2024 16:56:00,107.814770643204
10-06-2024 17:06:00,108.436107959012
10-06-2024 17:16:00,107.647089185049
10-06-2024 17:26:00,108.681433735323
10-06-2024 17:36:00,106.577596728401
10-06-2024 17:46:00,106.803036334194
10-06-2024 17:56:00,106.320407524359
10-06-2024 18:06:00,106.748304113727
10-06-2024 18:16:00,106.670298096003
10-06-2024 18:26:00,108.208186713507
10-06-2024 18:36:00,106.408745750558
10-06-2024 18:46:00,108.044478655907
10-06-2024 18:56:00,105.429445864755
10-06-2024 19:06:00,107.977758892052
10-06-2024 19:16:00,105.86438915569
10-06-2024 19:26:00,106.48748754273
10-06-2024 19:36:00,107.114961763636
10-06-2024 19:46:00,106.825758125625
10-06-2024 19:56:00,107.6480737605
10-06-2024 20:06:00,107.358879332083
10-06-2024 20:16:00,106.65958253385
10-06-2024 20:26:00,105.659778682324
10-06-2024 20:36:00,105.974986333495
10-06-2024 20:46:00,107.098128783497
10-06-2024 20:56:00,105.383390823084
10-06-2024 21:06:00,107.420326748542
10-06-2024 21:16:00,104.889084941389
10-06-2024 21:26:00,107.125122397794
10-06-2024 21:36:00,106.11250899916
10-06-2024 21:46:00,106.521181721642
10-06-2024 21:56:00,106.929855398585
10-06-2024 22:06:00,106.830928184754
10-06-2024 22:16:00,106.930893308026
10-06-2024 22:26:00,105.918344043003
10-06-2024 22:36:00,107.337969510443
10-06-2024 22:46:00,107.742404610373
10-06-2024 22:56:00,107.030330764629
10-06-2024 23:06:00,107.942192556154
10-06-2024 23:16:00,107.023070894319
10-06-2024 23:26:00,107.017368386539
10-06-2024 23:36:00,106.707303444839
10-06-2024 23:46:00,105.886012485315
10-06-2024 23:56:00,108.111810436912
10-09-2024 00:06:00,108.572192528743
10-09-2024 00:16:00,108.66361777704
10-09-2024 00:26:00,110.780626119859
10-09-2024 00:36:00,108.951625543115
10-09-2024 00:46:00,108.946110325183
10-09-2024 00:56:00,110.956883309381
10-09-2024 01:06:00,109.229715479564
10-09-2024 01:16:00,109.421941202867
10-09-2024 01:26:00,108.705360444392
10-09-2024 01:36:00,107.984893279524
10-09-2024 01:46:00,108.87955235463
10-09-2024 01:56:00,106.847673315761
10-09-2024 02:06:00,107.036043685879
10-09-2024 02:16:00,108.535430169091
10-09-2024 02:26:00,108.114202395688
10-09-2024 02:36:00,107.596534755078
10-09-2024 02:46:00,108.893110996255
10-09-2024 02:56:00,107.569471883753
10-09-2024 03:06:00,110.376423158831
10-09-2024 03:16:00,107.240320242892
10-09-2024 03:26:00,110.343840870424
10-09-2024 03:36:00,109.021179278156
10-09-2024 03:46:00,108.600660880756
10-09-2024 03:56:00,108.582776065952
10-09-2024 04:06:00,109.172499189989
10-09-2024 04:16:00,109.056040409393
10-09-2024 04:26:00,108.939582583257
10-09-2024 04:36:00,108.322812458755
10-09-2024 04:46:00,109.61534685775
10-09-2024 04:56:00,108.195099962452
10-09-2024 05:06:00,107.072736263256
10-09-2024 05:16:00,109.067388364258
10-09-2024 05:26:00,108.455487237975
10-09-2024 05:36:00,108.943640918034
10-09-2024 05:46:00,109.13056560371
10-09-2024 05:56:00,108.414598091915
10-09-2024 06:06:00,107.402170196231
10-09-2024 06:16:00,108.495917307136
10-09-2024 06:26:00,108.983565407012
10-09-2024 06:36:00,108.472813155481
10-09-2024 06:46:00,107.056216055762
10-09-2024 06:56:00,105.744438146243
10-09-2024 07:06:00,106.035978433576
10-09-2024 07:16:00,105.125481280529
10-09-2024 07:26:00,106.01391131105
10-09-2024 07:36:00,107.702856445996
10-09-2024 07:46:00,107.096994622563
10-09-2024 07:56:00,105.686571991678
10-09-2024 08:06:00,107.278714140086
10-09-2024 08:16:00,106.573128137339
10-09-2024 08:26:00,106.764097360774
10-09-2024 08:36:00,107.059065435678
10-09-2024 08:46:00,107.15797775229
10-09-2024 08:56:00,106.85278343243
10-09-2024 09:06:00,108.847661058893
10-09-2024 09:16:00,108.046497923448
10-09-2024 09:26:00,104.845704811705
10-09-2024 09:36:00,106.94436597813
10-09-2024 09:46:00,106.947300830187
10-09-2024 09:56:00,108.949891096414
10-09-2024 10:06:00,106.35327705977
10-09-2024 10:16:00,107.855955619991
10-09-2024 10:26:00,107.558946120933
10-09-2024 10:36:00,108.461730252162
10-09-2024 10:46:00,107.968845638508
10-09-2024 10:56:00,106.779965429653
10-09-2024 11:06:00,106.990972846473
10-09-2024 11:16:00,107.6021213482
10-09-2024 11:26:00,108.31755551219
10-09-2024 11:36:00,107.936691828155
10-09-2024 11:46:00,107.155306187583
10-09-2024 11:56:00,109.577065602213
10-09-2024 12:06:00,107.397900138876
10-09-2024 12:16:00,107.521324977768
10-09-2024 12:26:00,108.145801422702
10-09-2024 12:36:00,108.67041248151
10-09-2024 12:46:00,106.287957299828
10-09-2024 12:56:00,108.412737807154
10-09-2024 13:06:00,108.737235809193
10-09-2024 13:16:00,107.753475165063
10-09-2024 13:26:00,106.066791001441
10-09-2024 13:36:00,107.788012576551
10-09-2024 13:46:00,106.795336986161
10-09-2024 13:56:00,106.705971035767
10-09-2024 14:06:00,107.921847501806
10-09-2024 14:16:00,106.824390880684
10-09-2024 14:26:00,106.433736659354
10-09-2024 14:36:00,106.541141331389
10-09-2024 14:46:00,107.552463910856
10-09-2024 14:56:00,106.856429477513
10-09-2024 15:06:00,107.466106561449
10-09-2024 15:16:00,107.97540350083
10-09-2024 15:26:00,107.781560150036
10-09-2024 15:36:00,106.281676844606
10-09-2024 15:46:00,107.393807975236
10-09-2024 15:56:00,106.299634718808
10-09-2024 16:06:00,107.822095899572
10-09-2024 16:16:00,107.43122210372
10-09-2024 16:26:00,107.555105534641
10-09-2024 16:36:00,106.166542749179
10-09-2024 16:46:00,107.400698156718
10-09-2024 16:56:00,105.612784632878
10-09-2024 17:06:00,106.340212358103
10-09-2024 17:16:00,107.269429839622
10-09-2024 17:26:00,105.882774285612
10-09-2024 17:36:00,107.110562319338
10-09-2024 17:46:00,106.432522020128
10-09-2024 17:56:00,107.560353952324
10-09-2024 18:06:00,106.978847195145
10-09-2024 18:16:00,107.804850382769
10-09-2024 18:26:00,107.118164127278
10-09-2024 18:36:00,106.128473245264
10-09-2024 18:46:00,106.547144057729
10-09-2024 18:56:00,106.057589269255
10-09-2024 19:06:00,107.48178044683
10-09-2024 19:16:00,106.689367808571
10-09-2024 19:26:00,106.502541361093
10-09-2024 19:36:00,107.119536425348
10-09-2024 19:46:00,106.221665823984
10-09-2024 19:56:00,106.834717271162
10-09-2024 20:06:00,106.033667251417
10-09-2024 20:16:00,107.656962955534
10-09-2024 20:26:00,105.433583852752
10-09-2024 20:36:00,104.931518812024
10-09-2024 20:46:00,106.550714843157
10-09-2024 20:56:00,108.367793404713
10-09-2024 21:06:00,108.370793160081
10-09-2024 21:16:00,106.648598036338
10-09-2024 21:26:00,105.940635639475
10-09-2024 21:36:00,107.55127231237
10-09-2024 21:46:00,106.035613620261
10-09-2024 21:56:00,107.141163793124
10-09-2024 22:06:00,106.934137365785
10-09-2024 22:16:00,106.731204256182
10-09-2024 22:26:00,106.019613872173
10-09-2024 22:36:00,108.234825315333
10-09-2024 22:46:00,107.825949009911
10-09-2024 22:56:00,108.022539279634
10-09-2024 23:06:00,108.723501774329
10-09-2024 23:16:00,107.003386293554
10-09-2024 23:26:00,106.893380482022
10-09-2024 23:36:00,108.400932155141
10-09-2024 23:46:00,107.786595307531
10-09-2024 23:56:00,108.083853557387
10-13-2024 00:00:00,108.43907795357
10-13-2024 00:10:00,109.038664597205
10-13-2024 00:20:00,109.237533810343
10-13-2024 00:30:00,107.229266939529
10-13-2024 00:40:00,109.730936047412
10-13-2024 00:50:00,108.223649576015
10-13-2024 01:00:00,108.522576375658
10-13-2024 01:10:00,108.825689488125
10-13-2024 01:20:00,110.220913842486
10-13-2024 01:30:00,108.622758820716
10-13-2024 01:40:00,109.121601780693
10-13-2024 01:50:00,108.51571092662
10-13-2024 02:00:00,107.414141877713
10-13-2024 02:10:00,110.008717260313
10-13-2024 02:20:00,108.507335398269
10-13-2024 02:30:00,110.301201927313
10-13-2024 02:40:00,108.795967264943
10-13-2024 02:50:00,107.690997744684
10-13-2024 03:00:00,109.683910508601
10-13-2024 03:10:00,109.478285866656
10-13-2024 03:20:00,110.071810203901
10-13-2024 03:30:00,108.463816767246
10-13-2024 03:40:00,107.859138011257
10-13-2024 03:50:00,108.951733870356
10-13-2024 04:00:00,109.544899971032
10-13-2024 04:10:00,108.038012663312
10-13-2024 04:20:00,109.52902630225
10-13-2024 04:30:00,109.323724601036
10-13-2024 04:40:00,108.520077745717
10-13-2024 04:50:00,108.215299141281
10-13-2024 05:00:00,109.003096728563
10-13-2024 05:10:00,109.396104197158
10-13-2024 05:20:00,108.892023018419
10-13-2024 05:30:00,108.886334697528
10-13-2024 05:40:00,109.573765386165
10-13-2024 05:50:00,108.277300374808
10-13-2024 06:00:00,109.064219024705
10-13-2024 06:10:00,109.556349047041
10-13-2024 06:20:00,108.057253664367
10-13-2024 06:30:00,110.046710328142
10-13-2024 06:40:00,108.64748109738
10-13-2024 06:50:00,107.547252800995
10-13-2024 07:00:00,107.84442320278
10-13-2024 07:10:00,109.331087659449
10-13-2024 07:20:00,107.738088010588
10-13-2024 07:30:00,109.224341523732
10-13-2024 07:40:00,108.626192983372
10-13-2024 07:50:00,108.326461055558
10-13-2024 08:00:00,109.518034148186
10-13-2024 08:10:00,107.428982632143
10-13-2024 08:20:00,107.626449541438
10-13-2024 08:30:00,108.424346862291
10-13-2024 08:40:00,108.52228481193
10-13-2024 08:50:00,109.419358419743
10-13-2024 09:00:00,108.130302792015
10-13-2024 09:10:00,107.834981753696
10-13-2024 09:20:00,108.930638013433
10-13-2024 09:30:00,107.645961304685
10-13-2024 09:40:00,109.53634021541
10-13-2024 09:50:00,108.649120187282
10-13-2024 10:00:00,108.262807572697
10-13-2024 10:10:00,109.461948481527
10-13-2024 10:20:00,108.972078894296
10-13-2024 10:30:00,108.382852075834
10-13-2024 10:40:00,107.996484530305
10-13-2024 10:50:00,108.404985681961
10-13-2024 11:00:00,107.919195403357
10-13-2024 11:10:00,108.43546842269
10-13-2024 11:20:00,108.856714348989
10-13-2024 11:30:00,109.182939072507
10-13-2024 11:40:00,109.210941339466
10-13-2024 11:50:00,108.148667814233
10-13-2024 12:00:00,109.180131424734
10-13-2024 12:10:00,108.714491014722
10-13-2024 12:20:00,108.252699397143
10-13-2024 12:30:00,108.878307868852
10-13-2024 12:40:00,108.71109182203
10-13-2024 12:50:00,110.030877759304
10-13-2024 13:00:00,108.762642321018
10-13-2024 13:10:00,108.881854731067
10-13-2024 13:20:00,107.608545554905
10-13-2024 13:30:00,108.022786529065
10-13-2024 13:40:00,108.237531137738
10-13-2024 13:50:00,108.05310148552
10-13-2024 14:00:00,108.762756066109
10-13-2024 14:10:00,109.272855524883
10-13-2024 14:20:00,108.4853260999
10-13-2024 14:30:00,109.29494139278
10-13-2024 14:40:00,109.00225449989
10-13-2024 14:50:00,108.310253712487
10-13-2024 15:00:00,108.920225747113
10-13-2024 15:10:00,107.329677825001
10-13-2024 15:20:00,109.537043247137
10-13-2024 15:30:00,107.551179578348
10-13-2024 15:40:00,108.860148108734
10-13-2024 15:50:00,107.772713564767
10-13-2024 16:00:00,108.690798598478
10-13-2024 16:10:00,108.406316559288
10-13-2024 16:20:00,108.629650374361
10-13-2024 16:30:00,108.153563522911
10-13-2024 16:40:00,107.073412361735
10-13-2024 16:50:00,108.396243266494
10-13-2024 17:00:00,107.419809158956
10-13-2024 17:10:00,107.943177268661
10-13-2024 17:20:00,106.666053583051
10-13-2024 17:30:00,107.985812901445
10-13-2024 17:40:00,107.100255277819
10-13-2024 17:50:00,106.810870498037
10-13-2024 18:00:00,108.92760797082
10-13-2024 18:10:00,107.941789671219
10-13-2024 18:20:00,107.961002216475
10-13-2024 18:30:00,107.679817219021
10-13-2024 18:40:00,108.800628459721
10-13-2024 18:50:00,108.920148283747
10-13-2024 19:00:00,107.236379382214
10-13-2024 19:10:00,105.948775347646
10-13-2024 19:20:00,107.571041861641
10-13-2024 19:30:00,106.884444396787
10-13-2024 19:40:00,106.39815635802
10-13-2024 19:50:00,108.21327639562
10-13-2024 20:00:00,108.224132071646
10-13-2024 20:10:00,107.733713909072
10-13-2024 20:20:00,107.940885004227
10-13-2024 20:30:00,108.950084868806
10-13-2024 20:40:00,107.553182816396
10-13-2024 20:50:00,108.261612624765
10-13-2024 21:00:00,108.765315990443
10-13-2024 21:10:00,106.662652880749
10-13-2024 21:20:00,107.767804445337
10-13-2024 21:30:00,108.066805888053
10-13-2024 21:40:00,108.169485517344
10-13-2024 21:50:00,107.169800829218
10-13-2024 22:00:00,108.070006437441
10-13-2024 22:10:00,108.368859218224
10-13-2024 22:20:00,108.16674624892
10-13-2024 22:30:00,107.359547456192
10-13-2024 22:40:00,107.458054813805
10-13-2024 22:50:00,107.856952360487
10-13-2024 23:00:00,109.252791757091
10-13-2024 23:10:00,108.750376898738
10-13-2024 23:20:00,107.743441897181
10-13-2024 23:30:00,108.23797757278
10-13-2024 23:40:00,109.336919372386
10-13-2024 23:50:00,107.534101320496
10-14-2024 00:00:00,108.232704826709
10-14-2024 00:10:00,106.826454009798
10-14-2024 00:20:00,109.720935285074
10-14-2024 00:30:00,109.514771789611
10-14-2024 00:40:00,109.212926573734
10-14-2024 00:50:00,109.706624404816
10-14-2024 01:00:00,109.200725743376
10-14-2024 01:10:00,107.899739977018
10-14-2024 01:20:00,108.39343193835
10-14-2024 01:30:00,108.187676822494
10-14-2024 01:40:00,110.370530862893
10-14-2024 01:50:00,108.367218396903
10-14-2024 02:00:00,106.560203434688
10-14-2024 02:10:00,108.750383211716
10-14-2024 02:20:00,108.54477231938
10-14-2024 02:30:00,107.541023765825
10-14-2024 02:40:00,108.732310220268
10-14-2024 02:50:00,109.524218493525
10-14-2024 03:00:00,109.916955050388
10-14-2024 03:10:00,109.117267034373
10-14-2024 03:20:00,109.509957239698
10-14-2024 03:30:00,108.810225300717
10-14-2024 03:40:00,108.609015413861
10-14-2024 03:50:00,109.101285205815
10-14-2024 04:00:00,109.194830087964
10-14-2024 04:10:00,108.595153952599
10-14-2024 04:20:00,108.887975100322
10-14-2024 04:30:00,108.68689540325
10-14-2024 04:40:00,108.784620404815
10-14-2024 04:50:00,108.977715771423
10-14-2024 05:00:00,108.677141177542
10-14-2024 05:10:00,109.17300927169
10-14-2024 05:20:00,108.669245268119
10-14-2024 05:30:00,109.359806258814
10-14-2024 05:40:00,108.661345673463
10-14-2024 05:50:00,110.052332234189
10-14-2024 06:00:00,109.349752496775
10-14-2024 06:10:00,109.546719539874
10-14-2024 06:20:00,108.152437729761
10-14-2024 06:30:00,109.737419142221
10-14-2024 06:40:00,109.337726278498
10-14-2024 06:50:00,108.540481653168
10-14-2024 07:00:00,109.135000877952
10-14-2024 07:10:00,109.629994075686
10-14-2024 07:20:00,109.627991117671
10-14-2024 07:30:00,108.73170386587
10-14-2024 07:40:00,109.032027184203
10-14-2024 07:50:00,109.626171421576
10-14-2024 08:00:00,108.038888810606
10-14-2024 08:10:00,109.924337153296
10-14-2024 08:20:00,110.125152290268
10-14-2024 08:30:00,110.321702867319
10-14-2024 08:40:00,110.220299481114
10-14-2024 08:50:00,108.832287409564
10-14-2024 09:00:00,110.025992384973
10-14-2024 09:10:00,108.737428981029
10-14-2024 09:20:00,107.945407122128
10-14-2024 09:30:00,110.330234021886
10-14-2024 09:40:00,110.034545891904
10-14-2024 09:50:00,109.341838636536
10-14-2024 10:00:00,109.248919144703
10-14-2024 10:10:00,110.247882594686
10-14-2024 10:20:00,110.456982345804
10-14-2024 10:30:00,109.077720705928
10-14-2024 10:40:00,108.591811917596
10-14-2024 10:50:00,107.708702339077
10-14-2024 11:00:00,108.815449236336
10-14-2024 11:10:00,109.525212559402
10-14-2024 11:20:00,107.855562680346
10-14-2024 11:30:00,108.772368624849
10-14-2024 11:40:00,108.700024571538
10-14-2024 11:50:00,108.921690531602
10-14-2024 12:00:00,109.445901078142
10-14-2024 12:10:00,109.079467509571
10-14-2024 12:20:00,110.996897974062
10-14-2024 12:30:00,109.233235933347
10-14-2024 12:40:00,109.260401501586
10-14-2024 12:50:00,108.685975631647
10-14-2024 13:00:00,108.509650184377
10-14-2024 13:10:00,108.129890751454
10-14-2024 13:20:00,108.14850248872
10-14-2024 13:30:00,107.071028916793
10-14-2024 13:40:00,107.484018963688
10-14-2024 13:50:00,109.591438058076
10-14-2024 14:00:00,107.911553672425
10-14-2024 14:10:00,108.623836291006
10-14-2024 14:20:00,109.132700684779
10-14-2024 14:30:00,107.448188667869
10-14-2024 14:40:00,107.458499252087
10-14-2024 14:50:00,107.867657710669
10-14-2024 15:00:00,110.271229640858
10-14-2024 15:10:00,106.891064708022
10-14-2024 15:20:00,108.59259558598
10-14-2024 15:30:00,108.008679367663
10-14-2024 15:40:00,108.617446820164
10-14-2024 15:50:00,107.339221629969
10-14-2024 16:00:00,107.952185582214
10-14-2024 16:10:00,107.771127271294
10-14-2024 16:20:00,107.693896087982
10-14-2024 16:30:00,107.017623192616
10-14-2024 16:40:00,107.143942875082
10-14-2024 16:50:00,108.165223234831
10-14-2024 17:00:00,106.689268897184
10-14-2024 17:10:00,107.81493372795
10-14-2024 17:20:00,108.337313963233
10-14-2024 17:30:00,107.456087808644
10-14-2024 17:40:00,107.478582854115
10-14-2024 17:50:00,107.296961471662
10-14-2024 18:00:00,108.215651558933
10-14-2024 18:10:00,107.729827769946
10-14-2024 18:20:00,108.544635893846
10-14-2024 18:30:00,108.859280720723
10-14-2024 18:40:00,107.46853636538
10-14-2024 18:50:00,107.778999043275
10-14-2024 19:00:00,106.78836873644
10-14-2024 19:10:00,107.999648984746
10-14-2024 19:20:00,107.209103980907
10-14-2024 19:30:00,107.223362972407
10-14-2024 19:40:00,107.333664864963
10-14-2024 19:50:00,108.445185936923
10-14-2024 20:00:00,107.558381666623
10-14-2024 20:10:00,106.066499254326
10-14-2024 20:20:00,106.673430855929
10-14-2024 20:30:00,108.290003442377
10-14-2024 20:40:00,107.995646697565
10-14-2024 20:50:00,109.003235850594
10-14-2024 21:00:00,109.109471239891
10-14-2024 21:10:00,107.613302973137
10-14-2024 21:20:00,109.121630342712
10-14-2024 21:30:00,107.124704348514
10-14-2024 21:40:00,109.033623852198
10-14-2024 21:50:00,108.538939822895
10-14-2024 22:00:00,109.350390469178
10-14-2024 22:10:00,107.958376252216
10-14-2024 22:20:00,108.665561223187
10-14-2024 22:30:00,106.872749049199
10-14-2024 22:40:00,108.886303151744
10-14-2024 22:50:00,109.297222960172
10-14-2024 23:00:00,108.405785009659
10-14-2024 23:10:00,106.412144708861
10-14-2024 23:20:00,109.227688457009
10-14-2024 23:30:00,106.632644221363
10-14-2024 23:40:00,108.246023034272
10-14-2024 23:50:00,108.356379880294
10-18-2024 00:00:00,106.904618247654
10-18-2024 00:05:00,107.803278855663
10-18-2024 00:10:00,107.407059151108
10-18-2024 00:15:00,106.907081936981
10-18-2024 00:20:00,108.105300298505
10-18-2024 00:25:00,107.105908754722
10-18-2024 00:30:00,109.706290391107
10-18-2024 00:35:00,108.007702712465
10-18-2024 00:40:00,107.907281994991
10-18-2024 00:45:00,108.406075487364
10-18-2024 00:50:00,106.704008320887
10-18-2024 00:55:00,108.40098368503
10-18-2024 01:00:00,107.401952864549
10-18-2024 01:05:00,108.299974044396
10-18-2024 01:10:00,107.101390417642
10-18-2024 01:15:00,107.500181081045
10-18-2024 01:20:00,107.895019742043
10-18-2024 01:25:00,108.597062341749
10-18-2024 01:30:00,108.392895581095
10-18-2024 01:35:00,107.689807280337
10-18-2024 01:40:00,107.689237128987
10-18-2024 01:45:00,109.085605895016
10-18-2024 01:50:00,106.88987955274
10-18-2024 01:55:00,108.182440802613
10-18-2024 02:00:00,107.383759303365
10-18-2024 02:05:00,108.979236428823
10-18-2024 02:10:00,108.679329883695
10-18-2024 02:15:00,106.779757432254
10-18-2024 02:20:00,107.277862148229
10-18-2024 02:25:00,107.177560422427
10-18-2024 02:30:00,107.970833395767
10-18-2024 02:35:00,107.667205877151
10-18-2024 02:40:00,107.965682990159
10-18-2024 02:45:00,108.264122298801
10-18-2024 02:50:00,107.362450143098
10-18-2024 02:55:00,108.358575097114
10-18-2024 03:00:00,106.563905245185
10-18-2024 03:05:00,108.157922484699
10-18-2024 03:10:00,106.562774308118
10-18-2024 03:15:00,108.156601566857
10-18-2024 03:20:00,108.84949904495
10-18-2024 03:25:00,107.748948379186
10-18-2024 03:30:00,107.943649473228
10-18-2024 03:35:00,106.847277917709
10-18-2024 03:40:00,107.540034547154
10-18-2024 03:45:00,107.535520112729
10-18-2024 03:50:00,106.339894893764
10-18-2024 03:55:00,107.235490244092
10-18-2024 04:00:00,108.127079247168
10-18-2024 04:05:00,107.230359260047
10-18-2024 04:10:00,107.325412796369
10-18-2024 04:15:00,107.719048186146
10-18-2024 04:20:00,108.713666502528
10-18-2024 04:25:00,106.619106277725
10-18-2024 04:30:00,106.91319305129
10-18-2024 04:35:00,108.50457056105
10-18-2024 04:40:00,108.698894176601
10-18-2024 04:45:00,108.097341494834
10-18-2024 04:50:00,107.49592349762
10-18-2024 04:55:00,107.495232217603
10-18-2024 05:00:00,107.590130587795
10-18-2024 05:05:00,106.889494530612
10-18-2024 05:10:00,108.774125564655
10-18-2024 05:15:00,108.073508033852
10-18-2024 05:20:00,109.361138325997
10-18-2024 05:25:00,108.163641936668
10-18-2024 05:30:00,106.767653030485
10-18-2024 05:35:00,108.551833006491
10-18-2024 05:40:00,108.14581375353
10-18-2024 05:45:00,109.337224203089
10-18-2024 05:50:00,109.133762559197
10-18-2024 05:55:00,106.943846119808
10-18-2024 06:00:00,108.627655831648
10-18-2024 06:05:00,107.733082883066
10-18-2024 06:10:00,107.625313782402
10-18-2024 06:15:00,107.624562377924
10-18-2024 06:20:00,108.215595604217
10-18-2024 06:25:00,107.420658731835
10-18-2024 06:30:00,109.401202052469
10-18-2024 06:35:00,108.006945117869
10-18-2024 06:40:00,107.009940050555
10-18-2024 06:45:00,107.30688886974
10-18-2024 06:50:00,107.401515822115
10-18-2024 06:55:00,107.896807209007
10-18-2024 07:00:00,108.388144154698
10-18-2024 07:05:00,109.280064877665
10-18-2024 07:10:00,108.386483251186
10-18-2024 07:15:00,108.580109873441
10-18-2024 07:20:00,107.881194574077
10-18-2024 07:25:00,107.682060452397
10-18-2024 07:30:00,109.168575861704
10-18-2024 07:35:00,107.775739231177
10-18-2024 07:40:00,106.486130992437
10-18-2024 07:45:00,107.278440127189
10-18-2024 07:50:00,107.277643879975
10-18-2024 07:55:00,107.372133896317
10-18-2024 08:00:00,109.353514340979
10-18-2024 08:05:00,107.770781557386
10-18-2024 08:10:00,109.355603715402
10-18-2024 08:15:00,109.651965729549
10-18-2024 08:20:00,109.254643053548
10-18-2024 08:25:00,108.758275356253
10-18-2024 08:30:00,108.559204238499
10-18-2024 08:35:00,107.571387507508
10-18-2024 08:40:00,108.759445284628
10-18-2024 08:45:00,108.560385968203
10-18-2024 08:50:00,107.473600757523
10-18-2024 08:55:00,106.584951350593
10-18-2024 09:00:00,107.277594245491
10-18-2024 09:05:00,107.974015110473
10-18-2024 09:10:00,108.175111073568
10-18-2024 09:15:00,107.880882134774
10-18-2024 09:20:00,109.171676492868
10-18-2024 09:25:00,107.688669350416
10-18-2024 09:30:00,107.988813904733
10-18-2024 09:35:00,108.18989035693
10-18-2024 09:40:00,107.007868592119
10-18-2024 09:45:00,107.708142305081
10-18-2024 09:50:00,107.215701117693
10-18-2024 09:55:00,107.816937188469
10-18-2024 10:00:00,107.724629940903
10-18-2024 10:05:00,106.542290732962
10-18-2024 10:10:00,108.427968428688
10-18-2024 10:15:00,106.750102935386
10-18-2024 10:20:00,107.846947619416
10-18-2024 10:25:00,107.358162224776
10-18-2024 10:30:00,107.56312248868
10-18-2024 10:35:00,106.677773571106
10-18-2024 10:40:00,108.865238298457
10-18-2024 10:45:00,108.570752464164
10-18-2024 10:50:00,108.181007835302
10-18-2024 10:55:00,108.290781232911
10-18-2024 11:00:00,107.90094521091
10-18-2024 11:05:00,107.213596250677
10-18-2024 11:10:00,107.521602965604
10-18-2024 11:15:00,108.61919684067
10-18-2024 11:20:00,106.150282619756
10-18-2024 11:25:00,105.569216665661
10-18-2024 11:30:00,107.96059717723
10-18-2024 11:35:00,107.177392502088
10-18-2024 11:40:00,107.783281208282
10-18-2024 11:45:00,106.702131810741
10-18-2024 11:50:00,107.407352390732
10-18-2024 12:00:01,106.833637880968
10-18-2024 12:10:01,106.958591083703
10-18-2024 12:20:01,107.179156974066
10-18-2024 12:30:01,107.300467517822
10-18-2024 12:40:01,108.014399091873
10-18-2024 12:50:01,107.038485264398
10-18-2024 13:00:01,106.853869290826
10-18-2024 13:10:01,106.569729213344
10-18-2024 13:20:01,107.27255615644
10-18-2024 13:30:01,107.975459409906
10-18-2024 13:40:01,106.394341842452
10-18-2024 13:50:01,106.902146766002
10-18-2024 14:00:01,107.11155942522
10-18-2024 14:10:01,107.810857139009
10-18-2024 14:20:01,107.813641299781
10-18-2024 14:30:01,107.32657997509
10-18-2024 14:40:01,105.939930789333
10-18-2024 14:50:01,105.1539722386
10-18-2024 15:00:01,108.644196118546
10-18-2024 15:10:01,107.655456895165
10-18-2024 15:20:01,107.761617299336
10-18-2024 15:30:01,107.278131088736
10-18-2024 15:40:01,107.790286440307
10-18-2024 15:50:01,105.916005374212
10-18-2024 16:00:01,108.225192550754
10-18-2024 16:10:01,107.841022097179
10-18-2024 16:20:01,107.36473169609
10-18-2024 16:30:01,107.087565045701
10-18-2024 16:40:01,106.507251333293
10-18-2024 16:50:01,108.416443220488
10-18-2024 17:00:01,107.440980777761
10-18-2024 17:10:01,106.161781088043
10-18-2024 17:20:01,106.079780104708
10-18-2024 17:30:01,108.094354818986
10-18-2024 17:40:01,107.011999769587
10-18-2024 17:50:01,105.929640818009
10-18-2024 18:00:01,106.84269999449
10-18-2024 18:10:01,105.957623475376
10-18-2024 18:20:01,108.170095212398
10-18-2024 18:30:01,105.785709756378
10-18-2024 18:40:01,107.895061713764
10-18-2024 18:50:01,105.506190632678
10-18-2024 19:00:01,107.012262071898
10-18-2024 19:10:01,107.818623709399
10-18-2024 19:20:01,107.921273527769
10-18-2024 19:30:01,107.024092214105
10-18-2024 19:40:01,107.922715336843
10-18-2024 19:50:01,107.721548080873
10-18-2024 20:00:01,108.320124010499
10-18-2024 20:10:01,107.815197623469
10-18-2024 20:20:01,107.610211511457
10-18-2024 20:30:01,106.409750840966
10-18-2024 20:40:01,107.799887528826
10-18-2024 20:50:01,107.687145698056
10-18-2024 21:00:01,107.778066839369
10-18-2024 21:10:01,107.073883795628
10-18-2024 21:20:01,107.212859646386
10-18-2024 21:30:01,107.351831594965
10-18-2024 21:40:01,107.542546137181
10-18-2024 21:50:01,109.325929003988
10-18-2024 22:00:01,107.221507652367
10-18-2024 22:10:01,106.71005588413
10-18-2024 22:20:01,108.392770646703
10-18-2024 22:30:01,106.88807341426
10-18-2024 22:40:01,108.374589317651
10-18-2024 22:50:01,107.468444046101
10-18-2024 23:00:01,107.057070516684
10-18-2024 23:10:01,107.646000925125
10-18-2024 23:20:01,107.73664774872
10-18-2024 23:30:01,108.022589151024
10-18-2024 23:40:01,107.814402189196
10-18-2024 23:50:01,108.299310844989
10-19-2024 00:00:01,108.584934577261
10-19-2024 00:10:01,108.472396286655
10-19-2024 00:20:01,108.463279256891
10-19-2024 00:30:01,107.555070975648
10-19-2024 00:40:01,109.531163281813
10-19-2024 00:50:01,109.020807412128
10-19-2024 01:00:01,107.019700023494
10-19-2024 01:10:01,108.29504325561
10-19-2024 01:20:01,107.387951339112
10-19-2024 01:30:01,107.570016055599
10-19-2024 01:40:01,108.744882439214
10-19-2024 01:50:01,107.639869578543
10-19-2024 02:00:01,107.623229577044
10-19-2024 02:10:01,107.011328286265
10-19-2024 02:20:01,107.490787641037
10-19-2024 02:30:01,107.672506511699
10-19-2024 02:40:01,108.548004082394
10-19-2024 02:50:01,108.931406399072
10-19-2024 03:00:01,108.224738132242
10-19-2024 03:10:01,108.30699791284
10-19-2024 03:20:01,108.290183641577
10-19-2024 03:30:01,107.29101132268
10-19-2024 03:40:01,107.674227558884
10-19-2024 03:50:01,107.261769572049
10-19-2024 04:00:01,107.743724879224
10-19-2024 04:10:01,107.236339620943
10-19-2024 04:20:01,106.634050773863
10-19-2024 04:30:01,107.606388717792
10-19-2024 04:40:01,106.50630763516
10-19-2024 04:50:01,108.074911386477
10-19-2024 05:00:01,108.065845241868
10-19-2024 05:10:01,108.049112648567
10-19-2024 05:20:01,108.533848630324
10-19-2024 05:30:01,107.237256348765
10-19-2024 05:40:01,107.421975582484
10-19-2024 05:50:01,106.520990274981
10-19-2024 06:00:01,108.777854542733
10-19-2024 06:10:01,108.567498633635
10-19-2024 06:20:01,107.864109303548
10-19-2024 06:30:01,108.738682155184
10-19-2024 06:40:01,107.637445508979
10-19-2024 06:50:01,108.314512605639
10-19-2024 07:00:01,108.199198531021
10-19-2024 07:10:01,108.974289048885
10-19-2024 07:20:01,107.771821727708
10-19-2024 07:30:01,107.660547769324
10-19-2024 07:40:01,108.041441240435
10-19-2024 07:50:01,109.107094642407
10-19-2024 08:00:01,108.89721790894
10-19-2024 08:10:01,108.392379048611
10-19-2024 08:20:01,108.776582871669
10-19-2024 08:30:01,106.509790721584
10-19-2024 08:40:01,106.996258262774
10-19-2024 08:50:01,107.380537384979
10-19-2024 09:00:01,107.379111409621
10-19-2024 09:10:01,108.163959219521
10-19-2024 09:20:01,108.064202690204
10-19-2024 09:30:01,107.972064626887
10-19-2024 09:40:01,108.269250107417
10-19-2024 09:50:01,107.292498238302
10-19-2024 10:00:01,109.370571100169
10-19-2024 10:10:01,107.021029485222
10-19-2024 10:20:01,106.932522531949
10-19-2024 10:30:01,108.031696217712
10-19-2024 10:40:01,109.1274893794
10-19-2024 10:50:01,107.567257785675
10-19-2024 11:00:01,109.056941824417
10-19-2024 11:10:01,107.897442626756
10-19-2024 11:20:01,106.142828624806
10-19-2024 11:30:01,108.231733674595
10-19-2024 11:40:01,108.359333744359
10-19-2024 11:50:01,106.906346520311
10-19-2024 12:00:01,107.427869168254
10-19-2024 12:10:01,108.43911144918
10-19-2024 12:20:01,106.984566105124
10-19-2024 12:30:01,106.026194342663
10-19-2024 12:40:01,109.004911910555
10-19-2024 12:50:01,106.945322238796
10-19-2024 13:00:01,107.156373271199
10-19-2024 13:10:01,107.952477065981
10-19-2024 13:20:01,107.962364109816
10-19-2024 13:30:01,107.280772407562
10-19-2024 13:40:01,106.20384670282
10-19-2024 13:50:01,107.20535238042
10-19-2024 14:00:01,107.906893756918
10-19-2024 14:10:01,107.814112186945
10-19-2024 14:20:01,107.322197663127
10-19-2024 14:30:01,107.624701262198
10-19-2024 14:40:01,108.61910539803
10-19-2024 14:50:01,106.743382408556
10-19-2024 15:00:01,108.034317502865
10-19-2024 15:10:01,107.249548345222
10-19-2024 15:20:01,106.662396645183
10-19-2024 15:30:01,105.386822387973
10-19-2024 15:40:01,109.655961675757
10-19-2024 15:50:01,105.230140462092
10-19-2024 16:00:01,106.537042644934
10-19-2024 16:10:01,106.961409392896
10-19-2024 16:20:01,107.885085343163
10-19-2024 16:30:01,107.715889410942
10-19-2024 16:40:01,106.357171404073
10-19-2024 16:50:01,106.583836965747
10-19-2024 17:00:01,106.310965910216
10-19-2024 17:10:01,107.923134176569
10-19-2024 17:20:01,108.242212261475
10-19-2024 17:30:01,106.178760414534
10-19-2024 17:40:01,106.898521080732
10-19-2024 17:50:01,107.022684763658
10-19-2024 18:00:01,106.940599330415
10-19-2024 18:10:01,105.268181097689
10-19-2024 18:20:01,105.178280641652
10-19-2024 18:30:01,106.38451389728
10-19-2024 18:40:01,108.382799527238
10-19-2024 18:50:01,105.703938861541
10-19-2024 19:00:01,106.505320612817
10-19-2024 19:10:01,106.312289223002
10-19-2024 19:20:01,105.117313497351
10-19-2024 19:30:01,105.513490015031
10-19-2024 19:40:01,106.108483477069
10-19-2024 19:50:01,105.904262933868
10-19-2024 20:00:01,105.596970076316
10-19-2024 20:10:01,107.181936448145
10-19-2024 20:20:01,105.578913738074
10-19-2024 20:30:01,106.464065400303
10-19-2024 20:40:01,107.245777164702
10-19-2024 20:50:01,105.743047386402
10-19-2024 21:00:01,106.524560540481
10-19-2024 21:10:01,106.118292903767
10-19-2024 21:20:01,106.796389152206
10-19-2024 21:30:01,106.287294930021
10-19-2024 21:40:01,107.270138007738
10-19-2024 21:50:01,106.856543023308
10-19-2024 22:00:01,106.549821899767
10-19-2024 22:10:01,107.131660922997
10-19-2024 22:20:01,107.31679348266
10-19-2024 22:30:01,106.217436975709
10-19-2024 22:40:01,107.694416859571
10-19-2024 22:50:01,107.090658397737
10-19-2024 23:00:01,106.388061791077
10-19-2024 23:10:01,105.883751716049
10-19-2024 23:20:01,107.755795912774
10-19-2024 23:30:01,107.651185551181
10-19-2024 23:40:01,107.550394015896
10-19-2024 23:50:01,106.650235345708
10-20-2024 00:00:01,106.838907371582
10-20-2024 00:10:01,107.130224055094
10-20-2024 00:20:01,106.329466511369
10-20-2024 00:30:01,106.518097593528
10-20-2024 00:40:01,108.78345406456
10-20-2024 00:50:01,106.697400684198
10-20-2024 01:00:01,107.570302636595
10-20-2024 01:10:01,107.663523809891
10-20-2024 01:20:01,108.444669645376
10-20-2024 01:30:01,107.937270104641
10-20-2024 01:40:01,107.923982247557
10-20-2024 01:50:01,107.318171781057
10-20-2024 02:00:01,106.412716068
10-20-2024 02:10:01,108.863508806882
10-20-2024 02:20:01,106.580471187655
10-20-2024 02:30:01,107.254299389893
10-20-2024 02:40:01,107.434643819888
10-20-2024 02:50:01,106.727558286794
10-20-2024 03:00:01,108.287835365492
10-20-2024 03:10:01,106.497010923102
10-20-2024 03:20:01,108.946888901633
10-20-2024 03:30:01,109.224978943269
10-20-2024 03:40:01,108.719090661151
10-20-2024 03:50:01,108.512580230344
10-20-2024 04:00:01,108.597591817689
10-20-2024 04:10:01,107.11188372456
10-20-2024 04:20:01,108.082637128237
10-20-2024 04:30:01,107.581281320586
10-20-2024 04:40:01,106.781311023645
10-20-2024 04:50:01,108.83692763448
10-20-2024 05:00:01,108.040780460744
10-20-2024 05:10:01,108.817633073866
10-20-2024 05:20:01,108.01795899837
10-20-2024 05:30:01,107.717452090347
10-20-2024 05:40:01,107.707988345463
10-20-2024 05:50:01,107.40383739927
10-20-2024 06:00:01,108.183923026065
10-20-2024 06:10:01,108.272575757525
10-20-2024 06:20:01,107.281164467889
10-20-2024 06:30:01,107.958941414985
10-20-2024 06:40:01,107.654972169767
10-20-2024 06:50:01,107.939910677251
10-20-2024 07:00:01,108.032300857892
10-20-2024 07:10:01,108.415195153422
10-20-2024 07:20:01,106.639969774648
10-20-2024 07:30:01,108.788289854906
10-20-2024 07:40:01,107.699995694556
10-20-2024 07:50:01,108.282552807428
10-20-2024 08:00:01,107.492486106176
10-20-2024 08:10:01,108.859118812101
10-20-2024 08:20:01,108.465016679174
10-20-2024 08:30:01,108.455393407154
10-20-2024 08:40:01,107.767407327086
10-20-2024 08:50:01,108.259177303217
10-20-2024 09:00:01,106.787308484299
10-20-2024 09:10:01,108.157170371057
10-20-2024 09:20:01,108.158947769502
10-20-2024 09:30:01,104.829227439614
10-20-2024 09:40:01,108.264269919763
10-20-2024 09:50:01,108.661814684267
10-20-2024 10:00:01,107.397116667838
10-20-2024 10:10:01,106.71653101892
10-20-2024 10:20:01,107.509891240322
10-20-2024 10:30:01,107.526654537737
10-20-2024 10:40:01,106.657101709481
10-20-2024 10:50:01,108.043071624288
10-20-2024 11:00:01,106.980835791577
10-20-2024 11:10:01,106.997474175332
10-20-2024 11:20:01,107.704903217777
10-20-2024 11:30:01,106.25647508981
10-20-2024 11:40:01,106.775134783704
10-20-2024 11:50:01,106.413537186336
10-20-2024 12:00:01,107.817451308864
10-20-2024 12:10:01,108.046116833696
10-20-2024 12:20:01,106.897439346937
10-20-2024 12:30:01,106.629963341614
10-20-2024 12:40:01,107.638658666843
10-20-2024 12:50:01,105.981112876489
10-20-2024 13:00:01,106.785642868653
10-20-2024 13:10:01,107.681508906969
10-20-2024 13:20:01,106.216414584587
10-20-2024 13:30:01,107.408118989872
10-20-2024 13:40:01,107.610676322998
10-20-2024 13:50:01,106.342207364762
10-20-2024 14:00:01,107.530546220934
10-20-2024 14:10:01,105.560601623365
10-20-2024 14:20:01,105.960267171101
10-20-2024 14:30:01,107.546847551503
10-20-2024 14:40:01,107.358832235603
10-20-2024 14:50:01,106.772560585381
10-20-2024 15:00:01,106.383457520688
10-20-2024 15:10:01,106.293885493617
10-20-2024 15:20:01,106.306635757134
10-20-2024 15:30:01,106.122056952688
10-20-2024 15:40:01,106.332135948
10-20-2024 15:50:01,106.940817422659
10-20-2024 16:00:01,104.884163894653
10-20-2024 16:10:01,106.579018846517
10-20-2024 16:20:01,104.517730257439
10-20-2024 16:30:01,107.299835594334
10-20-2024 16:40:01,108.011990479761
10-20-2024 16:50:01,106.747661326281
10-20-2024 17:00:01,105.391055850098
10-20-2024 17:10:01,106.209670853821
10-20-2024 17:20:01,106.534121187269
10-20-2024 17:30:01,107.746044628586
10-20-2024 17:40:01,105.294671712551
10-20-2024 17:50:01,105.615412876393
10-20-2024 18:00:01,103.954406198611
10-20-2024 18:10:01,104.274897992962
10-20-2024 18:20:01,104.39004551944
10-20-2024 18:30:01,105.497014882385
10-20-2024 18:40:01,106.604485639792
10-20-2024 18:50:01,104.640183067935
10-20-2024 19:00:01,105.545833955457
10-20-2024 19:10:01,104.264408091159
10-20-2024 19:20:01,106.059996488179
10-20-2024 19:30:01,106.458608317807
10-20-2024 19:40:01,106.166057422661
10-20-2024 19:50:01,105.17118983381
10-20-2024 20:00:01,105.669058072934
10-20-2024 20:10:01,104.372865929837
10-20-2024 20:20:01,106.852048482945
10-20-2024 20:30:01,104.861257970327
10-20-2024 20:40:01,105.744850734043
10-20-2024 20:50:01,107.322577205127
10-20-2024 21:00:01,105.824909267014
10-20-2024 21:10:01,105.716155298563
10-20-2024 21:20:01,106.99560137085
10-20-2024 21:30:01,105.887907392607
10-20-2024 21:40:01,104.788106510386
10-20-2024 21:50:01,105.564083970207
10-20-2024 22:00:01,107.040503149413
10-20-2024 22:10:01,104.851665488804
10-20-2024 22:20:01,106.224953120155
10-20-2024 22:30:01,107.003598670004
10-20-2024 22:40:01,105.509025947313
10-20-2024 22:50:01,105.59477960345
10-20-2024 23:00:01,106.772569449843
10-20-2024 23:10:01,105.674592633353
10-20-2024 23:20:01,107.738373364873
10-20-2024 23:30:01,107.233998223407
10-20-2024 23:40:01,107.319259490748
10-20-2024 23:50:01,106.914000091444
10-21-2024 00:00:01,104.825091882215
10-21-2024 00:10:01,105.009643187018
10-21-2024 00:20:01,105.885583817903
10-21-2024 00:30:01,106.069803325166
10-21-2024 00:40:01,106.352673185602
10-21-2024 00:50:01,105.750647460783
10-21-2024 01:00:01,106.921753922828
10-21-2024 01:10:01,106.707141120033
10-21-2024 01:20:01,107.384186557134
10-21-2024 01:30:01,107.070926203816
10-21-2024 01:40:01,106.462065724972
10-21-2024 01:50:01,107.824820834583
10-21-2024 02:00:01,106.522628345763
10-21-2024 02:10:01,105.918138885604
10-21-2024 02:20:01,107.969237911532
10-21-2024 02:30:01,107.360970343222
10-21-2024 02:40:01,107.04831636337
10-21-2024 02:50:01,107.424608916798
10-21-2024 03:00:01,107.407212376224
10-21-2024 03:10:01,105.914717611264
10-21-2024 03:20:01,107.864001888509
10-21-2024 03:30:01,106.175647174546
10-21-2024 03:40:01,106.850124060384
10-21-2024 03:50:01,106.931132540446
10-21-2024 04:00:01,105.739053392746
10-21-2024 04:10:01,106.216743020576
10-21-2024 04:20:01,108.264900471165
10-21-2024 04:30:01,107.37149558687
10-21-2024 04:40:01,106.1803142993
10-21-2024 04:50:01,108.325303789701
10-21-2024 05:00:01,106.157259816667
10-21-2024 05:10:01,106.245641780264
10-21-2024 05:20:01,107.314560917566
10-21-2024 05:30:01,107.889147598992
10-21-2024 05:40:01,106.996992972679
10-21-2024 05:50:01,107.375425276015
10-21-2024 06:00:01,107.855417382783
10-21-2024 06:10:01,107.155967608988
10-21-2024 06:20:01,108.223445797326
10-21-2024 06:30:01,107.91585760817
10-21-2024 06:40:01,107.909614404081
10-21-2024 06:50:01,106.427566219878
10-21-2024 07:00:01,107.39650238295
10-21-2024 07:10:01,106.408056065778
10-21-2024 07:20:01,107.27882493949
10-21-2024 07:30:01,106.486364695478
10-21-2024 07:40:01,107.552424965957
10-21-2024 07:50:01,106.369033635062
10-21-2024 08:00:01,105.678516852208
10-21-2024 08:10:01,106.845675621856
10-21-2024 08:20:01,107.820809614228
10-21-2024 08:30:01,107.325808584957
10-21-2024 08:40:01,106.73686522356
10-21-2024 08:50:01,106.147984409431
10-21-2024 09:00:01,106.833365878877
10-21-2024 09:10:01,106.54137461686
10-21-2024 09:20:01,107.331925029696
10-21-2024 09:30:01,106.355657725649
10-21-2024 09:40:01,106.653791106072
10-21-2024 09:50:01,106.666043475156
10-21-2024 10:00:01,105.794582866573
10-21-2024 10:10:01,107.175849166838
10-21-2024 10:20:01,106.112228715063
10-21-2024 10:30:01,107.200515578738
10-21-2024 10:40:01,105.748777166697
10-21-2024 10:50:01,105.960248332348
10-21-2024 11:00:01,105.584430206943
10-21-2024 11:10:01,106.08970722862
10-21-2024 11:20:01,104.349684672797
10-21-2024 11:30:01,106.037957891515
10-21-2024 11:40:01,107.139260397609
10-21-2024 11:50:01,107.064686360555
10-21-2024 12:00:01,106.993770077932
10-21-2024 12:10:01,106.137759986542
10-21-2024 12:20:01,106.753586699756
10-21-2024 12:30:01,105.893138805409
10-21-2024 12:40:01,106.014448054301
10-21-2024 12:50:01,106.525213807141
10-21-2024 13:00:01,106.147979683979
10-21-2024 13:10:01,104.787501071308
10-21-2024 13:20:01,105.586001795817
10-21-2024 13:30:01,105.995073824952
10-21-2024 13:40:01,106.502695059367
10-21-2024 13:50:01,104.350424767421
10-21-2024 14:00:01,105.834620502303
10-21-2024 14:10:01,106.535589241211
10-21-2024 14:20:01,105.465060486326
10-21-2024 14:30:01,106.764299419894
10-21-2024 14:40:01,106.583286388575
10-21-2024 14:50:01,105.811173976009
10-21-2024 15:00:01,106.713623079404
10-21-2024 15:10:01,105.353535832826
10-21-2024 15:20:01,105.668539290038
10-21-2024 15:30:01,106.381847645369
10-21-2024 15:40:01,106.704763604485
10-21-2024 15:50:01,106.04100659209
10-21-2024 16:00:01,106.56357627714
10-21-2024 16:10:01,107.08614206001
10-21-2024 16:20:01,105.53600268619
10-21-2024 16:30:01,106.954187184916
10-21-2024 16:40:01,105.90074415238
10-21-2024 16:50:01,104.945188983896
10-21-2024 17:00:01,105.859070114762
10-21-2024 17:10:01,106.291573436295
10-21-2024 17:20:01,106.724072855649
10-21-2024 17:30:01,106.751249903895
10-21-2024 17:40:01,106.576326157999
10-21-2024 17:50:01,105.409050554292
10-21-2024 18:00:01,105.634241655748
10-21-2024 18:10:01,104.561444628297
10-21-2024 18:20:01,105.772371602044
10-21-2024 18:30:01,105.986809821897
10-21-2024 18:40:01,105.704518357463
10-21-2024 18:50:01,104.527606154032
10-21-2024 19:00:01,105.533498302176
10-21-2024 19:10:01,104.945342485187
10-21-2024 19:20:01,105.848457286676
10-21-2024 19:30:01,105.654264508086
10-21-2024 19:40:01,106.056677600856
10-21-2024 19:50:01,105.06326036322
10-21-2024 20:00:01,104.467593977369
10-21-2024 20:10:01,104.76687188576
10-21-2024 20:20:01,105.360794253673
10-21-2024 20:30:01,105.059799112281
10-21-2024 20:40:01,105.554207491035
10-21-2024 20:50:01,105.842335079602
10-21-2024 21:00:01,106.237179114329
10-21-2024 21:10:01,105.531298518367
10-21-2024 21:20:01,107.409138992895
10-21-2024 21:30:01,104.322553512129
10-21-2024 21:40:01,106.295676313176
10-21-2024 21:50:01,106.682704901915
10-21-2024 22:00:01,105.97733554365
10-21-2024 22:10:01,105.470763556314
10-21-2024 22:20:01,105.758461283624
10-21-2024 22:30:01,106.343792994926
10-21-2024 22:40:01,106.035864785739
10-21-2024 22:50:01,106.124884118904
10-21-2024 23:00:01,104.82514798039
10-21-2024 23:10:01,106.501175233748
10-21-2024 23:20:01,105.598454400803
10-21-2024 23:30:01,106.972589641619
10-21-2024 23:40:01,105.669986075224
10-21-2024 23:50:01,105.560748708884
10-22-2024 00:00:01,105.348811298511
10-22-2024 00:10:01,106.028443182304
10-22-2024 00:20:01,106.117274197149
10-22-2024 00:30:01,105.208596717486
10-22-2024 00:40:01,105.785126112263
10-22-2024 00:50:01,106.167115237982
10-22-2024 01:00:01,107.53827028777
10-22-2024 01:10:01,106.337089762337
10-22-2024 01:20:01,106.32682531458
10-22-2024 01:30:01,107.198962596047
10-22-2024 01:40:01,106.291505012012
10-22-2024 01:50:01,107.858607496815
10-22-2024 02:00:01,104.778084279186
10-22-2024 02:10:01,106.443487301238
10-22-2024 02:20:01,106.722008802722
10-22-2024 02:30:01,106.506821731804
10-22-2024 02:40:01,106.887565992443
10-22-2024 02:50:01,105.883164044176
10-22-2024 03:00:01,106.753315340873
10-22-2024 03:10:01,107.330907201981
10-22-2024 03:20:01,105.045621711633
10-22-2024 03:30:01,106.408071113508
10-22-2024 03:40:01,106.193351915978
10-22-2024 03:50:01,105.581121649069
10-22-2024 04:00:01,105.760616164431
10-22-2024 04:10:01,105.648344782977
10-22-2024 04:20:01,106.516611293948
10-22-2024 04:30:01,106.302148249441
10-22-2024 04:40:01,106.186160282234
10-22-2024 04:50:01,106.073899233272
10-22-2024 05:00:01,108.419497628961
10-22-2024 05:10:01,106.73043066609
10-22-2024 05:20:01,107.993792048344
10-22-2024 05:30:01,106.895106318081
10-22-2024 05:40:01,106.590071420996
10-22-2024 05:50:01,106.772443544296
10-22-2024 06:00:01,107.14735729859
10-22-2024 06:10:01,105.366588478248
10-22-2024 06:20:01,108.202205694457
10-22-2024 06:30:01,107.301132675806
10-22-2024 06:40:01,105.717684041986
10-22-2024 06:50:01,107.174716110897
10-22-2024 07:00:01,106.27824855642
10-22-2024 07:10:01,107.832501589185
10-22-2024 07:20:01,106.544320579988
10-22-2024 07:30:01,106.827907061613
10-22-2024 07:40:01,107.405266278849
10-22-2024 07:50:01,106.999315797351
10-22-2024 08:00:01,106.793060409878
10-22-2024 08:10:01,106.786363747363
10-22-2024 08:20:01,106.482303961746
10-22-2024 08:30:01,106.377756617085
10-22-2024 08:40:01,105.88902504231
10-22-2024 08:50:01,107.937669334254
10-22-2024 09:00:01,106.568163094783
10-22-2024 09:10:01,107.449642605627
10-22-2024 09:20:01,106.377399493609
10-22-2024 09:30:01,105.794432256022
10-22-2024 09:40:01,106.483909009103
10-22-2024 09:50:01,107.470859064443
10-22-2024 10:00:01,106.115541934515
10-22-2024 10:10:01,106.714741635991
10-22-2024 10:20:01,106.831764561025
10-22-2024 10:30:01,106.357238675521
10-22-2024 10:40:01,107.258313837361
10-22-2024 10:50:01,106.297125120442
10-22-2024 11:00:01,107.096904332382
10-22-2024 11:10:01,107.708364252164
10-22-2024 11:20:01,107.040845772319
10-22-2024 11:30:01,106.478455769293
10-22-2024 11:40:01,107.290433771306
10-22-2024 11:50:01,107.415369497819
10-22-2024 12:00:01,105.873305105787
10-22-2024 12:10:01,106.292747244172
10-22-2024 12:20:01,106.810880331011
10-22-2024 12:30:01,105.846090072158
10-22-2024 12:40:01,105.573315163378
10-22-2024 12:50:01,106.179120079977
10-22-2024 13:00:01,105.501468119198
10-22-2024 13:10:01,106.891656958419
10-22-2024 13:20:01,104.827739063794
10-22-2024 13:30:01,106.210766659335
10-22-2024 13:40:01,106.612681267194
10-22-2024 13:50:01,106.522116492757
10-22-2024 14:00:01,105.63968585127
10-22-2024 14:10:01,106.333543043847
10-22-2024 14:20:01,106.925226531978
10-22-2024 14:30:01,105.053793689655
10-22-2024 14:40:01,106.043235447226
10-22-2024 14:50:01,105.751821704826
10-22-2024 15:00:01,104.869123276623
10-22-2024 15:10:01,105.464523687591
10-22-2024 15:20:01,105.373751509306
10-22-2024 15:30:01,105.085816202319
10-22-2024 15:40:01,103.61837848285
10-22-2024 15:50:01,105.510214143941
10-22-2024 16:00:01,104.834823542831
10-22-2024 16:10:01,106.04098571148
10-22-2024 16:20:01,105.178813245552
10-22-2024 16:30:01,104.703744708843
10-22-2024 16:40:01,105.120915568226
10-22-2024 16:50:01,106.328805950307
10-22-2024 17:00:01,104.773643412124
10-22-2024 17:10:01,105.590443948025
10-22-2024 17:20:01,107.499811170695
10-22-2024 17:30:01,107.035543540008
10-22-2024 17:40:01,105.382619925878
10-22-2024 17:50:01,105.206866063961
10-22-2024 18:00:01,106.220029407673
10-22-2024 18:10:01,105.548829774947
10-22-2024 18:20:01,106.761105712254
10-22-2024 18:30:01,107.478264992652
10-22-2024 18:40:01,106.902273924276
10-22-2024 18:50:01,105.429081548612
10-22-2024 19:00:01,106.734559563585
10-22-2024 19:10:01,107.246349569344
10-22-2024 19:20:01,107.059460008968
10-22-2024 19:30:01,106.773183026818
10-22-2024 19:40:01,107.472607887462
10-22-2024 19:50:01,107.97344765064
10-22-2024 20:00:01,107.484757969662
10-22-2024 20:10:01,108.379235528503
10-22-2024 20:20:01,107.481773987248
10-22-2024 20:30:01,108.276856309922
10-22-2024 20:40:01,108.968733697838
10-22-2024 20:50:01,108.865928794099
10-22-2024 21:00:01,108.564493342062
10-22-2024 21:10:01,107.663418111527
10-22-2024 21:20:01,108.943206639052
10-22-2024 21:30:01,107.843779185243
10-22-2024 21:40:01,109.127034152566
10-22-2024 21:50:01,108.222524146031
10-22-2024 22:00:01,109.207642196319
10-22-2024 22:10:01,109.299475606501
10-22-2024 22:20:01,110.581888902651
10-22-2024 22:30:01,109.77677952644
10-22-2024 22:40:01,109.174178721866
10-22-2024 22:50:01,110.055452148868
10-22-2024 23:00:01,109.655201588033
10-22-2024 23:10:01,110.242666404955
10-22-2024 23:20:01,109.838559192384
10-22-2024 23:30:01,111.119785790256
10-22-2024 23:40:01,110.12093849832
10-22-2024 23:50:01,111.401832632265
10-23-2024 00:00:01,110.204977285348
10-23-2024 00:10:01,110.395606767045
10-23-2024 00:20:01,107.511077199312
10-23-2024 00:30:01,110.966916617908
10-23-2024 00:40:01,111.054347299398
10-23-2024 00:50:01,111.537820255783
10-23-2024 01:00:01,110.932101336958
10-23-2024 01:10:01,111.811362705618
10-23-2024 01:20:01,110.311156365713
10-23-2024 01:30:01,110.79043014722
10-23-2024 01:40:01,110.877768576402
10-23-2024 01:50:01,110.569448634854
10-23-2024 02:00:01,109.865673151676
10-23-2024 02:10:01,110.744092422901
10-23-2024 02:20:01,109.941664431997
10-23-2024 02:30:01,108.641487558792
10-23-2024 02:40:01,110.804213809851
10-23-2024 02:50:01,110.689874256765
10-23-2024 03:00:01,109.982956177963
10-23-2024 03:10:01,111.053831804119
10-23-2024 03:20:01,111.437113784418
10-23-2024 03:30:01,110.92787520155
10-23-2024 03:40:01,111.010985864761
10-23-2024 03:50:01,109.71275225503
10-23-2024 04:00:01,107.231400297445
10-23-2024 04:10:01,109.682154190648
10-23-2024 04:20:01,108.976679216084
10-23-2024 04:30:01,108.764395105735
10-23-2024 04:40:01,110.424700358228
10-23-2024 04:50:01,109.916586024997
10-23-2024 05:00:01,110.787806690318
10-23-2024 05:10:01,111.063766251453
10-23-2024 05:20:01,109.6697530985
10-23-2024 05:30:01,111.03255173685
10-23-2024 05:40:01,110.229646980417
10-23-2024 05:50:01,109.328711936925
10-23-2024 06:00:01,109.116758774752
10-23-2024 06:10:01,111.363545355499
10-23-2024 06:20:01,110.065773176044
10-23-2024 06:30:01,108.575952395283
10-23-2024 06:40:01,110.628565995369
10-23-2024 06:50:01,110.019630650103
10-23-2024 07:00:01,109.709568922801
10-23-2024 07:10:01,109.698125276556
10-23-2024 07:20:01,109.588485947321
10-23-2024 07:30:01,107.90801510891
10-23-2024 07:40:01,109.172982508686
10-23-2024 07:50:01,108.870996899542
10-23-2024 08:00:01,108.270877288768
10-23-2024 08:10:01,109.539048267213
10-23-2024 08:20:01,107.965426439281
10-23-2024 08:30:01,108.354228041667
10-23-2024 08:40:01,108.256222834261
10-23-2024 08:50:01,108.448764389701
10-23-2024 09:00:01,107.664008421305
10-23-2024 09:10:01,109.720491089418
10-23-2024 09:20:01,108.837670280982
10-23-2024 09:30:01,107.468069534524
10-23-2024 09:40:01,108.841650388892
10-23-2024 10:00:01,108.366323099095
10-23-2024 10:10:01,109.162915204996
10-23-2024 10:20:01,107.407551229464
10-23-2024 10:30:01,109.484418653712
10-23-2024 10:40:01,108.121211414062
10-23-2024 10:50:01,107.452531886784
10-23-2024 11:00:01,108.06080896218
10-23-2024 11:10:01,107.977667184367
10-23-2024 11:20:01,107.603325876883
10-23-2024 11:30:01,108.113781448211
10-23-2024 11:40:01,109.029460502202
10-23-2024 11:50:01,108.174334983093
10-23-2024 12:00:01,108.594712812286
10-23-2024 12:10:01,109.507931313536
10-23-2024 12:20:01,108.356302801384
10-23-2024 12:30:01,107.889991994125
10-23-2024 12:40:01,107.415810820955
10-23-2024 12:50:01,107.927776856506
10-23-2024 13:00:01,108.238893509163
10-23-2024 13:10:01,107.464591709557
10-23-2024 13:20:01,108.36418794664
10-23-2024 13:30:01,108.375601972233
10-23-2024 13:40:01,107.300904318393
10-23-2024 13:50:01,108.595938553736
10-23-2024 14:00:01,107.323361596976
10-23-2024 14:10:01,108.219882318336
10-23-2024 14:20:01,107.828508582607
10-23-2024 14:30:01,106.946845854391
10-23-2024 14:40:01,108.033608113675
10-23-2024 14:50:01,107.547102496926
10-23-2024 15:00:01,109.131885570715
10-23-2024 15:10:01,107.356906384463
10-23-2024 15:20:01,107.854750366269
10-23-2024 15:30:01,107.466908923422
10-23-2024 15:40:01,105.797591261325
10-23-2024 15:50:01,107.493121842805
10-23-2024 16:00:01,108.006406673041
10-23-2024 16:10:01,107.431702196415
10-23-2024 16:20:01,106.860395242675
10-23-2024 16:30:01,107.179712020076
10-23-2024 16:40:01,107.10309975071
10-23-2024 16:50:01,107.818989993171
10-23-2024 17:00:01,106.557008088664
10-23-2024 17:10:01,106.182657585319
10-23-2024 17:20:01,106.895258733277
10-23-2024 17:30:01,107.119768525979
10-23-2024 17:40:01,105.749083999929
10-23-2024 17:50:01,107.260150657857
10-23-2024 18:00:01,106.087240558035
10-23-2024 18:10:01,105.80394839978
10-23-2024 18:20:01,105.722896454214
10-23-2024 18:30:01,106.930008395805
10-23-2024 18:40:01,106.344774357656
10-23-2024 18:50:01,107.154841260021
10-23-2024 19:00:01,107.361091978609
10-23-2024 19:10:01,107.567386078407
10-23-2024 19:20:01,106.182522282336
10-23-2024 19:30:01,105.589353985094
10-23-2024 19:40:01,107.084804828495
10-23-2024 19:50:01,106.889481182398
10-23-2024 20:00:01,106.487731515088
10-23-2024 20:10:01,106.185479735603
10-23-2024 20:20:01,105.386008259589
10-23-2024 20:30:01,106.973289674295
10-23-2024 20:40:01,107.959943124861
10-23-2024 20:50:01,105.960023568223
10-23-2024 21:00:01,106.847098168418
10-23-2024 21:10:01,107.531395559146
10-23-2024 21:20:01,105.33371269397
10-23-2024 21:30:01,106.614146987378
10-23-2024 21:40:01,107.695465183138
10-23-2024 21:50:01,108.081173666842
10-23-2024 22:00:01,105.881202994901
10-23-2024 22:10:01,107.362904476845
10-23-2024 22:20:01,107.744668258962
10-23-2024 22:30:01,107.038366181292
10-23-2024 22:40:01,107.225357942691
10-23-2024 22:50:01,106.622315585859
10-23-2024 23:00:01,106.012027098591
10-23-2024 23:10:01,107.587570045653
10-23-2024 23:20:01,107.282317428042
10-23-2024 23:30:01,106.977060908251
10-23-2024 23:40:01,107.362143961723
10-23-2024 23:50:01,106.855004283265
10-24-2024 00:00:01,107.041760808363
10-24-2024 00:10:01,107.624796656372
10-24-2024 00:20:01,107.415070069327
10-24-2024 00:30:01,106.313935225143
10-24-2024 00:40:01,107.487232011313
10-24-2024 00:50:01,106.881583178958
10-24-2024 01:00:01,107.068108876197
10-24-2024 01:10:01,107.349788207143
10-24-2024 01:20:01,107.638882013765
10-24-2024 01:30:01,106.934659849521
10-24-2024 01:40:01,107.91246270965
10-24-2024 01:50:01,107.307338329193
10-24-2024 02:00:01,106.995366763865
10-24-2024 02:10:01,107.866151014937
10-24-2024 02:20:01,107.755657087014
10-24-2024 02:30:01,107.641427885882
10-24-2024 02:40:01,108.614038217838
10-24-2024 02:50:01,106.919229593828
10-24-2024 03:00:01,107.789024621143
10-24-2024 03:10:01,108.267239240375
10-24-2024 03:20:01,108.153009845269
10-24-2024 03:30:01,109.124322664857
10-24-2024 03:40:01,107.727376955451
10-24-2024 03:50:01,107.905468448303
10-24-2024 04:00:01,108.083454699764
10-24-2024 04:10:01,108.462291655449
10-24-2024 04:20:01,107.953929995271
10-24-2024 04:30:01,107.934698747935
10-24-2024 04:40:01,108.214770100317
10-24-2024 04:50:01,108.199254165093
10-24-2024 05:00:01,107.09692333952
10-24-2024 05:10:01,108.164446986768
10-24-2024 05:20:01,107.460052086399
10-24-2024 05:30:01,107.736119303486
10-24-2024 05:40:01,107.819073421311
10-24-2024 05:50:01,109.176572379531
10-24-2024 06:00:01,107.292900051362
10-24-2024 06:10:01,108.555363902346
10-24-2024 06:20:01,108.830756873386
10-24-2024 06:30:01,108.323898541633
10-24-2024 06:40:01,107.424393789541
10-24-2024 06:50:01,108.787603631775
10-24-2024 07:00:01,107.491889325048
10-24-2024 07:10:01,108.261742820981
10-24-2024 07:20:01,108.838796549686
10-24-2024 07:30:01,108.725020615196
10-24-2024 07:40:01,108.222705201071
10-24-2024 07:50:01,108.995585821721
10-24-2024 08:00:01,108.293484141807
10-24-2024 08:10:01,109.462043442873
10-24-2024 08:20:01,108.273721727408
10-24-2024 08:30:01,109.343927051205
10-24-2024 08:40:01,107.869449908045
10-24-2024 08:50:01,109.535212374537
10-24-2024 09:00:01,109.044689966814
10-24-2024 09:10:01,108.060337336801
10-24-2024 09:20:01,108.941936127803
10-24-2024 09:30:01,108.941465870822
10-24-2024 09:40:01,107.772397001017
10-24-2024 09:50:01,108.563647776725
10-24-2024 10:00:01,108.374669030094
10-24-2024 10:10:01,107.895244024815
10-24-2024 10:20:01,108.105936082792
10-24-2024 10:30:01,108.02241554848
10-24-2024 10:40:01,108.82196564235
10-24-2024 10:50:01,108.149687381031
10-24-2024 11:00:01,108.066109036636
10-24-2024 11:10:01,108.37903746706
10-24-2024 11:20:01,108.495692346795
10-24-2024 11:30:01,108.620016997225
10-24-2024 11:40:01,107.954257933135
10-24-2024 11:50:01,109.65180860204
10-24-2024 12:00:01,106.727135537371
10-24-2024 12:10:01,106.063632330184
10-24-2024 12:20:01,107.762443617075
10-24-2024 12:30:01,108.477691067803
10-24-2024 12:40:01,105.832510865398
10-24-2024 12:50:01,109.295338176588
10-24-2024 13:00:01,107.039641120783
10-24-2024 13:10:01,106.951695384148
10-24-2024 13:20:01,108.433479830331
10-24-2024 13:30:01,106.070791492317
10-24-2024 13:40:01,108.731895605137
10-24-2024 13:50:01,109.228077486169
10-24-2024 14:00:01,107.752479121744
10-24-2024 14:10:01,106.868292740436
10-24-2024 14:20:01,106.276125895941
10-24-2024 14:30:01,105.000998708498
10-24-2024 14:40:01,106.57814248758
10-24-2024 14:50:01,107.172933937958
10-24-2024 15:00:01,108.063648049764
10-24-2024 15:10:01,107.376455638873
10-24-2024 15:20:01,106.988800293369
10-24-2024 15:30:01,107.189200531033
10-24-2024 15:40:01,106.114555085011
10-24-2024 15:50:01,107.115464465808
10-24-2024 16:00:01,106.541269462951
10-24-2024 16:10:01,107.155333564428
10-24-2024 16:20:01,106.880822701792
10-24-2024 16:30:01,105.716826563264
10-24-2024 16:40:01,105.04625287114
10-24-2024 16:50:01,106.455361372443
10-24-2024 17:00:01,106.381744295585
10-24-2024 17:10:01,106.604952750236
10-24-2024 17:20:01,106.432327783522
10-24-2024 17:30:01,105.958753114581
10-24-2024 17:40:01,106.27740952734
10-24-2024 17:50:01,106.691656662751
10-24-2024 18:00:01,106.907883960421
10-24-2024 18:10:01,107.120476853896
10-24-2024 18:20:01,107.333163304216
10-24-2024 18:30:01,106.656923404109
10-24-2024 18:40:01,107.663387966544
10-24-2024 18:50:01,108.170264153097
10-24-2024 19:00:01,106.592918476018
10-24-2024 19:10:01,106.801956224901
10-24-2024 19:20:01,107.603019588253
10-24-2024 19:30:01,107.308230129625
10-24-2024 19:40:01,106.417624103787
10-24-2024 19:50:01,104.931099272757
10-24-2024 20:00:01,106.125712884246
10-24-2024 20:10:01,108.309765893829
10-24-2024 20:20:01,107.018039764325
10-24-2024 20:30:01,107.013557340095
10-24-2024 20:40:01,107.906545290335
10-24-2024 20:50:01,106.706709597861
10-24-2024 21:00:01,107.893655553448
10-24-2024 21:10:01,107.484428971459
10-24-2024 21:20:01,108.1747387454
10-24-2024 21:30:01,109.357362480181
10-24-2024 21:40:01,108.554916852671
10-24-2024 21:50:01,107.256508607447
10-24-2024 22:00:01,108.438819556329
10-24-2024 22:10:01,106.04575440503
10-24-2024 22:20:01,107.430009576158
10-24-2024 22:30:01,107.124137465645
10-24-2024 22:40:01,108.008391778931
10-24-2024 22:50:01,105.719307537638
10-24-2024 23:00:01,108.090748097361
10-24-2024 23:10:01,107.487510718725
10-24-2024 23:20:01,107.181786285259
10-24-2024 23:30:01,107.569933286545
10-24-2024 23:40:01,109.943978287712
10-24-2024 23:50:01,107.454116939975
10-27-2024 00:00:01,109.283843342331
10-27-2024 00:10:01,109.863368091973
10-27-2024 00:20:01,108.568605866584
10-27-2024 00:30:01,108.756628831336
10-27-2024 00:40:01,111.312321314491
10-27-2024 00:50:01,109.029848264757
10-27-2024 01:00:01,108.621118266908
10-27-2024 01:10:01,109.891632415115
10-27-2024 01:20:01,109.980583859386
10-27-2024 01:30:01,109.868093135879
10-27-2024 01:40:01,110.347993390898
10-27-2024 01:50:01,108.557410182834
10-27-2024 02:00:01,110.719100744251
10-27-2024 02:10:01,109.619723215434
10-27-2024 02:20:01,109.803354187646
10-27-2024 02:30:01,109.793535353671
10-27-2024 02:40:01,109.878439038795
10-27-2024 02:50:01,110.259168125605
10-27-2024 03:00:01,110.146748700949
10-27-2024 03:10:01,109.734697509494
10-27-2024 03:20:01,110.505525313941
10-27-2024 03:30:01,109.801872503518
10-27-2024 03:40:01,108.601991224529
10-27-2024 03:50:01,109.569573790413
10-27-2024 04:00:01,108.17333164487
10-27-2024 04:10:01,109.829725893254
10-27-2024 04:20:01,109.713632371652
10-27-2024 04:30:01,110.093544306707
10-27-2024 04:40:01,109.091913098747
10-27-2024 04:50:01,108.783154377945
10-27-2024 05:00:01,108.966281232786
10-27-2024 05:10:01,109.338268801925
10-27-2024 05:20:01,109.615630166504
10-27-2024 05:30:01,111.46941084225
10-27-2024 05:40:01,109.19506902389
10-27-2024 05:50:01,109.177537713288
10-27-2024 06:00:01,109.360341595911
10-27-2024 06:10:01,109.146345512424
10-27-2024 06:20:01,109.128821729266
10-27-2024 06:30:01,110.583820285831
10-27-2024 06:40:01,109.290074911381
10-27-2024 06:50:01,108.785736122865
10-27-2024 07:00:01,109.062610230299
10-27-2024 07:10:01,108.758516071581
10-27-2024 07:20:01,108.544924640794
10-27-2024 07:30:01,109.511919728401
10-27-2024 07:40:01,108.325502049689
10-27-2024 07:50:01,109.39415089686
10-27-2024 08:00:01,107.910148738616
10-27-2024 08:10:01,108.684512247611
10-27-2024 08:20:01,108.874558549384
10-27-2024 08:30:01,109.456563950954
10-27-2024 08:40:01,109.054743826373
10-27-2024 08:50:01,110.028550444511
10-27-2024 09:00:01,109.536508239385
10-27-2024 09:10:01,110.024257958306
10-27-2024 09:20:01,109.826146696688
10-27-2024 09:30:01,108.550256124043
10-27-2024 09:40:01,109.045692207411
10-27-2024 09:50:01,108.651565832223
10-27-2024 10:00:01,109.343065626632
10-27-2024 10:10:01,108.662539363458
10-27-2024 10:20:01,110.334428139337
10-27-2024 10:30:01,110.642086335177
10-27-2024 10:40:01,109.576926737418
10-27-2024 10:50:01,108.707463371243
10-27-2024 11:00:01,109.116925420349
10-27-2024 11:10:01,109.035887523162
10-27-2024 11:20:01,109.543842149596
10-27-2024 11:30:01,109.270343110248
10-27-2024 11:40:01,107.031852649207
10-27-2024 11:50:01,107.944191915574
10-27-2024 12:00:01,107.087430619398
10-27-2024 12:10:01,109.472334320439
10-27-2024 12:20:01,107.627617969739
10-27-2024 12:30:01,108.833269738295
10-27-2024 12:40:01,108.263313391329
10-27-2024 12:50:01,108.18170979511
10-27-2024 13:00:01,107.702117402581
10-27-2024 13:10:01,108.404933864375
10-27-2024 13:20:01,108.019926465224
10-27-2024 13:30:01,109.606505543606
10-27-2024 13:40:01,106.354635740775
10-27-2024 13:50:01,107.637865850973
10-27-2024 14:00:01,106.452437644962
10-27-2024 14:10:01,106.946916073797
10-27-2024 14:20:01,105.863712025377
10-27-2024 14:30:01,106.354481150073
10-27-2024 14:40:01,106.947613165562
10-27-2024 14:50:01,107.639428563798
10-27-2024 15:00:01,106.950565518313
10-27-2024 15:10:01,107.050667328127
10-27-2024 15:20:01,105.572593674804
10-27-2024 15:30:01,107.349536200871
10-27-2024 15:40:01,106.072310488505
10-27-2024 15:50:01,107.356282844396
10-27-2024 16:00:01,106.177503325874
10-27-2024 16:10:01,106.782221669598
10-27-2024 16:20:01,107.782072108406
10-27-2024 16:30:01,106.218924835988
10-27-2024 16:40:01,106.630308255215
10-27-2024 16:50:01,105.951420995976
10-27-2024 17:00:01,105.766302286913
10-27-2024 17:10:01,105.284580605088
10-27-2024 17:20:01,105.004018290182
10-27-2024 17:30:01,104.521870436171
10-27-2024 17:40:01,104.827143005319
10-27-2024 17:50:01,106.228134480504
10-27-2024 18:00:01,104.851660391844
10-27-2024 18:10:01,104.468027870902
10-27-2024 18:20:01,104.183213934064
10-27-2024 18:30:01,106.175704194765
10-27-2024 18:40:01,105.788390792649
10-27-2024 18:50:01,105.400941712119
10-27-2024 19:00:01,104.719799596148
10-27-2024 19:10:01,103.935636809279
10-27-2024 19:20:01,103.246741876495
10-27-2024 19:30:01,104.940115603009
10-27-2024 19:40:01,104.548528360929
10-27-2024 19:50:01,104.949995522789
10-27-2024 20:00:01,105.153241594868
10-27-2024 20:10:01,104.857035872982
10-27-2024 20:20:01,104.465269004439
10-27-2024 20:30:01,103.57390180235
10-27-2024 20:40:01,104.662435572017
10-27-2024 20:50:01,104.663668761707
10-27-2024 21:00:01,105.454707905258
10-27-2024 21:10:01,105.154729606953
10-27-2024 21:20:01,105.743677986142
10-27-2024 21:30:01,105.840418413776
10-27-2024 21:40:01,104.945381108095
10-27-2024 21:50:01,104.740921797792
10-27-2024 22:00:01,105.135160007025
10-27-2024 22:10:01,103.443202514359
10-27-2024 22:20:01,104.627085401774
10-27-2024 22:30:01,104.620972166398
10-27-2024 22:40:01,105.015126798836
10-27-2024 22:50:01,104.513238210075
10-27-2024 23:00:01,104.510766134979
10-27-2024 23:10:01,106.388368406628
10-27-2024 23:20:01,105.093344391534
10-27-2024 23:30:01,105.0908606099
10-27-2024 23:40:01,106.079750322047
10-27-2024 23:50:01,104.487409364958
10-28-2024 00:00:01,104.283015918131
10-28-2024 00:10:01,105.66828638954
10-28-2024 00:20:01,104.571742126823
10-28-2024 00:30:01,105.652139317573
10-28-2024 00:40:01,104.456671457543
10-28-2024 00:50:01,105.239610564726
10-28-2024 01:00:01,105.427879498239
10-28-2024 01:10:01,105.715170833889
10-28-2024 01:20:01,104.916416492756
10-28-2024 01:30:01,105.30276110061
10-28-2024 01:40:01,106.180480873073
10-28-2024 01:50:01,104.98216764573
10-28-2024 02:00:01,104.279190063208
10-28-2024 02:10:01,105.659120970271
10-28-2024 02:20:01,106.437370141498
10-28-2024 02:30:01,104.942617797368
10-28-2024 02:40:01,105.229629355135
10-28-2024 02:50:01,106.007627430836
10-28-2024 03:00:01,106.393366696544
10-28-2024 03:10:01,106.581156111687
10-28-2024 03:20:01,105.087301633985
10-28-2024 03:30:01,106.557210273294
10-28-2024 03:40:01,104.961218860411
10-28-2024 03:50:01,106.331770480285
10-28-2024 04:00:01,105.230602547814
10-28-2024 04:10:01,106.011357426053
10-28-2024 04:20:01,105.408347077129
10-28-2024 04:30:01,104.410205107444
10-28-2024 04:40:01,105.779891359221
10-28-2024 04:50:01,105.967437829354
10-28-2024 05:00:01,106.648820865213
10-28-2024 05:10:01,105.947327209874
10-28-2024 05:20:01,106.723539344351
10-28-2024 05:30:01,105.824752675857
10-28-2024 05:40:01,103.840177804366
10-28-2024 05:50:01,105.907079453889
10-28-2024 06:00:01,106.880334305627
10-28-2024 06:10:01,105.587150472174
10-28-2024 06:20:01,105.873156989234
10-28-2024 06:30:01,105.073723047177
10-28-2024 06:40:01,105.458372769749
10-28-2024 06:50:01,106.537214309995
10-28-2024 07:00:01,105.445680547067
10-28-2024 07:10:01,106.027460274624
10-28-2024 07:20:01,105.429287176339
10-28-2024 07:30:01,105.718805022153
10-28-2024 07:40:01,104.528991161041
10-28-2024 07:50:01,105.410203076629
10-28-2024 08:00:01,105.206617867769
10-28-2024 08:10:01,105.696973361431
10-28-2024 08:20:01,105.887786515315
10-28-2024 08:30:01,104.899063643609
10-28-2024 08:40:01,105.582889199654
10-28-2024 08:50:01,105.777381370732
10-28-2024 09:00:01,105.676077927479
10-28-2024 09:10:01,106.166354006351
10-28-2024 09:20:01,104.786929777025
10-28-2024 09:30:01,107.052077121079
10-28-2024 09:40:01,107.246560980966
10-28-2024 09:50:01,104.585198976845
10-28-2024 10:00:01,105.966706633441
10-28-2024 10:10:01,107.048727539691
10-28-2024 10:20:01,105.964955258909
10-28-2024 10:30:01,106.159453214652
10-28-2024 10:40:01,105.667312969224
10-28-2024 10:50:01,106.950468444071
10-28-2024 11:00:01,106.063764239218
10-28-2024 11:10:01,104.48646130563
10-28-2024 11:20:01,105.572462327406
10-28-2024 11:30:01,104.681868658089
10-28-2024 11:40:01,105.66928189693
10-28-2024 11:50:01,103.697037649503
10-28-2024 12:00:01,105.276486841541
10-28-2024 12:10:01,105.175042016629
10-28-2024 12:20:01,104.485245687272
10-28-2024 12:30:01,104.78212429261
10-28-2024 12:40:01,105.177714364168
10-28-2024 12:50:01,105.577048453736
10-28-2024 13:00:01,105.479253513583
10-28-2024 13:10:01,105.187717827263
10-28-2024 13:20:01,104.698671403511
10-28-2024 13:30:01,104.703169517173
10-28-2024 13:40:01,104.612573029093
10-28-2024 13:50:01,105.604655180048
10-28-2024 14:00:01,103.831368221891
10-28-2024 14:10:01,104.827245574382
10-28-2024 14:20:01,104.930544640908
10-28-2024 14:30:01,104.935053486855
10-28-2024 14:40:01,106.026599119103
10-28-2024 14:50:01,105.335700112255
10-28-2024 15:00:01,104.249386943498
10-28-2024 15:10:01,104.444202317326
10-28-2024 15:20:01,104.046015907952
10-28-2024 15:30:01,105.327986259292
10-28-2024 15:40:01,103.051965422327
10-28-2024 15:50:01,105.721308916662
10-28-2024 16:00:01,103.942962253224
10-28-2024 16:10:01,106.015817170553
10-28-2024 16:20:01,105.028177603824
10-28-2024 16:30:01,103.641397730689
10-28-2024 16:40:01,102.7524149039
10-28-2024 16:50:01,105.718910935145
10-28-2024 17:00:01,104.03900402182
10-28-2024 17:10:01,104.336349798391
10-28-2024 17:20:01,104.538502894802
10-28-2024 17:30:01,105.132588781602
10-28-2024 17:40:01,105.235959954824
10-28-2024 17:50:01,103.555338067663
10-28-2024 18:00:01,105.63316995825
10-28-2024 18:10:01,104.249124393091
10-28-2024 18:20:01,106.125631166812
10-28-2024 18:30:01,105.628115299432
10-28-2024 18:40:01,104.141421055323
10-28-2024 18:50:01,105.32549399032
10-28-2024 19:00:01,104.732718191203
10-28-2024 19:10:01,104.033682597939
10-28-2024 19:20:01,105.415578721307
10-28-2024 19:30:01,103.9288649663
10-28-2024 19:40:01,103.826991573484
10-28-2024 19:50:01,104.417536410673
10-28-2024 20:00:01,104.711325003318
10-28-2024 20:10:01,102.825364122844
10-28-2024 20:20:01,105.983828905561
10-28-2024 20:30:01,105.185907894841
10-28-2024 20:40:01,104.886226909053
10-28-2024 20:50:01,105.073664983355
10-28-2024 21:00:01,104.671454003174
10-28-2024 21:10:01,104.760003141882
10-28-2024 21:20:01,104.947388647645
10-28-2024 21:30:01,105.632696698182
10-28-2024 21:40:01,105.131724120545
10-28-2024 21:50:01,105.417849823078
10-28-2024 22:00:01,104.719300414368
10-28-2024 22:10:01,104.613790414836
10-28-2024 22:20:01,105.104908805335
10-28-2024 22:30:01,105.197018000416
10-28-2024 22:40:01,104.297307005353
10-28-2024 22:50:01,106.764538916544
10-28-2024 23:00:01,105.769671772938
10-28-2024 23:10:01,105.960504417956
10-28-2024 23:20:01,106.253860325546
10-28-2024 23:30:01,106.152015396421
10-28-2024 23:40:01,107.136958135092
10-28-2024 23:50:01,106.047113065266
10-29-2024 00:00:01,106.241654130505
10-29-2024 00:10:01,105.839662762735
10-29-2024 00:20:01,107.022120893768
10-29-2024 00:30:01,106.422523683054
10-29-2024 00:40:01,105.230296239401
10-29-2024 00:50:01,106.708954861573
10-29-2024 01:00:01,105.813100870697
10-29-2024 01:10:01,106.106346399641
10-29-2024 01:20:01,106.099509491221
10-29-2024 01:30:01,105.800103582215
10-29-2024 01:40:01,105.398214112319
10-29-2024 01:50:01,106.774044163717
10-29-2024 02:00:01,104.795742099718
10-29-2024 02:10:01,105.974011278794
10-29-2024 02:20:01,106.358389901286
10-29-2024 02:30:01,105.162967521543
10-29-2024 02:40:01,106.53832006799
10-29-2024 02:50:01,106.918717469548
10-29-2024 03:00:01,106.710606627896
10-29-2024 03:10:01,105.614356289166
10-29-2024 03:20:01,105.402724832017
10-29-2024 03:30:01,106.773396989433
10-29-2024 03:40:01,105.279271624947
10-29-2024 03:50:01,105.85678066107
10-29-2024 04:00:01,105.451711480598
10-29-2024 04:10:01,105.831822901755
10-29-2024 04:20:01,106.116964428052
10-29-2024 04:30:01,106.003998618731
10-29-2024 04:40:01,106.088171228746
10-29-2024 04:50:01,104.300132256028
10-29-2024 05:00:01,105.373446589233
10-29-2024 05:10:01,104.669611752413
10-29-2024 05:20:01,107.704835232922
10-29-2024 05:30:01,106.016186832521
10-29-2024 05:40:01,107.285471777653
10-29-2024 05:50:01,105.400482269726
10-29-2024 06:00:01,105.677740026249
10-29-2024 06:10:01,107.33622074313
10-29-2024 06:20:01,106.436124810578
10-29-2024 06:30:01,106.716748160354
10-29-2024 06:40:01,106.010023615355
10-29-2024 06:50:01,105.307306036164
10-29-2024 07:00:01,106.374446967712
10-29-2024 07:10:01,105.966783579613
10-29-2024 07:20:01,106.440010380412
10-29-2024 07:30:01,106.232743600693
10-29-2024 07:40:01,105.432314003588
10-29-2024 07:50:01,106.596732097693
10-29-2024 08:00:01,105.702001586722
10-29-2024 08:10:01,107.066225794647
10-29-2024 08:20:01,106.171635327324
10-29-2024 08:30:01,107.044565500306
10-29-2024 08:40:01,106.939339359977
10-29-2024 08:50:01,107.423161859203
10-29-2024 09:00:01,107.32172023784
10-29-2024 09:10:01,105.649498688109
10-29-2024 09:20:01,106.529784278755
10-29-2024 09:30:01,106.52650445249
10-29-2024 09:40:01,106.526979308166
10-29-2024 09:50:01,108.000219775448
10-29-2024 10:00:01,105.746112746583
10-29-2024 10:10:01,106.441452767108
10-29-2024 10:20:01,106.543889356235
10-29-2024 10:30:01,105.369296093487
10-29-2024 10:40:01,105.770085023518
10-29-2024 10:50:01,106.46205135944
10-29-2024 11:00:01,106.466256505128
10-29-2024 11:10:01,105.78991244076
10-29-2024 11:20:01,106.300582539077
10-29-2024 11:30:01,106.024697257588
10-29-2024 11:40:01,105.650226637671
10-29-2024 11:50:01,105.373929149352
10-29-2024 12:00:01,106.472155237123
10-29-2024 12:10:01,105.995236333673
10-29-2024 12:20:01,105.605391185941
10-29-2024 12:30:01,105.722908878099
10-29-2024 12:40:01,104.351090086879
10-29-2024 12:50:01,107.016106087175
10-29-2024 13:00:01,104.745909022209
10-29-2024 13:10:01,106.516588359853
10-29-2024 13:20:01,106.710334895887
10-29-2024 13:30:01,105.816201606303
10-29-2024 13:40:01,105.13035369874
10-29-2024 13:50:01,106.408299886836
10-29-2024 14:00:01,104.338732231031
10-29-2024 14:10:01,105.029021682298
10-29-2024 14:20:01,104.832162033995
10-29-2024 14:30:01,105.621136907146
10-29-2024 14:40:01,106.903156064611
10-29-2024 14:50:01,106.213372575373
10-29-2024 15:00:01,106.217490607351
10-29-2024 15:10:01,105.133087635978
10-29-2024 15:20:01,104.640275794971
10-29-2024 15:30:01,104.841467946554
10-29-2024 15:40:01,105.535912968631
10-29-2024 15:50:01,102.872725355865
10-29-2024 16:00:01,104.951977678721
10-29-2024 16:10:01,103.479409510543
10-29-2024 16:20:01,104.378755681866
10-29-2024 16:30:01,105.27479227176
10-29-2024 16:40:01,106.269869319824
10-29-2024 16:50:01,105.293916696483
10-29-2024 17:00:01,104.21873513
10-29-2024 17:10:01,103.633459274127
10-29-2024 17:20:01,105.119407097667
10-29-2024 17:30:01,105.127076957323
10-29-2024 17:40:01,105.032194091253
10-29-2024 17:50:01,104.933583315737
10-29-2024 18:00:01,104.439558356105
10-29-2024 18:10:01,103.949121369612
10-29-2024 18:20:01,107.211885625074
10-29-2024 18:30:01,104.341259337857
10-29-2024 18:40:01,104.238898141949
10-29-2024 18:50:01,104.927467042001
10-29-2024 19:00:01,105.121698291036
10-29-2024 19:10:01,102.745390143938
10-29-2024 19:20:01,104.913244130359
10-29-2024 19:30:01,103.525674494738
10-29-2024 19:40:01,103.613756465329
10-29-2024 19:50:01,104.298514317984
10-29-2024 20:00:01,104.686674079011
10-29-2024 20:10:01,105.561468057782
10-29-2024 20:20:01,105.05640170829
10-29-2024 20:30:01,104.448969481435
10-29-2024 20:40:01,103.74296275672
10-29-2024 20:50:01,104.822264106083
10-29-2024 21:00:01,103.42144718827
10-29-2024 21:10:01,104.291964515981
10-29-2024 21:20:01,104.774651173811
10-29-2024 21:30:01,104.763704633765
10-29-2024 21:40:01,104.259293263591
10-29-2024 21:50:01,106.119574020541
10-29-2024 22:00:01,106.00980015307
10-29-2024 22:10:01,103.926981231589
10-29-2024 22:20:01,103.715198394774
10-29-2024 22:30:01,104.690604682828
10-29-2024 22:40:01,105.764398674312
10-29-2024 22:50:01,104.865887258195
10-29-2024 23:00:01,105.837065301165
10-29-2024 23:10:01,104.544491698869
10-29-2024 23:20:01,105.219764592828
10-29-2024 23:30:01,106.095649359025
10-29-2024 23:40:01,105.887438064745
10-29-2024 23:50:01,105.774047867264
11-01-2024 00:04:30,119.212977352672
11-01-2024 00:09:30,119.104211739944
11-01-2024 00:14:30,119.586639229458
11-01-2024 00:19:30,119.082151425844
11-01-2024 00:24:30,119.950509758565
11-01-2024 00:29:30,120.916475709136
11-01-2024 00:34:30,119.439874856419
11-01-2024 00:39:30,120.107798313158
11-01-2024 00:44:30,119.212749903472
11-01-2024 00:49:30,118.908714794827
11-01-2024 00:54:30,119.48370402519
11-01-2024 00:59:30,119.08203092132
11-01-2024 01:04:30,118.973367738999
11-01-2024 01:09:30,118.669420405224
11-01-2024 01:14:30,120.025447121923
11-01-2024 01:19:30,119.330925991697
11-01-2024 01:24:30,119.705577129371
11-01-2024 01:29:30,119.499301115747
11-01-2024 01:34:30,119.581040558922
11-01-2024 01:39:30,119.662762407339
11-01-2024 01:44:30,120.329997955333
11-01-2024 01:49:30,119.928606756529
11-01-2024 01:54:30,119.522408810283
11-01-2024 01:59:30,120.09679939053
11-01-2024 02:04:30,119.690652940713
11-01-2024 02:09:30,119.582088711036
11-01-2024 02:14:30,118.005600041794
11-01-2024 02:19:30,118.672616024536
11-01-2024 02:24:30,119.539370884241
11-01-2024 02:29:30,120.210995279407
11-01-2024 02:34:30,120.682604086059
11-01-2024 02:39:30,119.204200096422
11-01-2024 02:44:30,121.040599701658
11-01-2024 02:49:30,120.542133209743
11-01-2024 02:54:30,119.161630734981
11-01-2024 02:59:30,119.443056644027
11-01-2024 03:04:30,121.473718021295
11-01-2024 03:09:30,118.831585438646
11-01-2024 03:14:30,120.277364327121
11-01-2024 03:19:30,118.507818956316
11-01-2024 03:24:30,120.055605904242
11-01-2024 03:29:30,120.624173849531
11-01-2024 03:34:30,120.126133885685
11-01-2024 03:39:30,120.305034308204
11-01-2024 03:44:30,120.678656475687
11-01-2024 03:49:30,119.693881503909
11-01-2024 03:54:30,120.846424567333
11-01-2024 03:59:30,121.224830259334
11-01-2024 04:04:30,121.311135286795
11-01-2024 04:09:30,119.640314291228
11-01-2024 04:14:30,120.305822539067
11-01-2024 04:19:30,121.268092227163
11-01-2024 04:24:30,121.349417795999
11-01-2024 04:29:30,119.873859848417
11-01-2024 04:34:30,120.636377641609
11-01-2024 04:39:30,121.598256276436
11-01-2024 04:44:30,120.906229146524
11-01-2024 04:49:30,121.38160350057
11-01-2024 04:54:30,121.754679125919
11-01-2024 04:59:30,120.479239312967
11-01-2024 05:04:30,119.787474326251
11-01-2024 05:09:30,119.475091342416
11-01-2024 05:14:30,120.339272434582
11-01-2024 05:19:30,119.749803351178
11-01-2024 05:24:30,119.933329108342
11-01-2024 05:29:30,120.40360324594
11-01-2024 05:34:30,120.781487227085
11-01-2024 05:39:30,120.770506128408
11-01-2024 05:44:30,121.24553086385
11-01-2024 05:49:30,122.109284627142
11-01-2024 05:54:30,121.607319648778
11-01-2024 05:59:30,120.332975870769
11-01-2024 06:04:30,121.488111732156
11-01-2024 06:09:30,121.763632126901
11-01-2024 06:14:30,120.785961226537
11-01-2024 06:19:30,121.649410975965
11-01-2024 06:24:30,120.375428878101
11-01-2024 06:29:30,121.233861535743
11-01-2024 06:34:30,120.353557584778
11-01-2024 06:39:30,120.536896742556
11-01-2024 06:44:30,121.400126373789
11-01-2024 06:49:30,120.029397570102
11-01-2024 06:54:30,122.349347910735
11-01-2024 06:59:30,121.075835984088
11-01-2024 07:04:30,121.453307347669
11-01-2024 07:09:30,121.04897930177
11-01-2024 07:14:30,121.329299595014
11-01-2024 07:19:30,122.197109498294
11-01-2024 07:24:30,121.797747929445
11-01-2024 07:29:30,121.592594613787
11-01-2024 07:34:30,122.552373138586
11-01-2024 07:39:30,122.245129572623
11-01-2024 07:44:30,118.647727030236
11-01-2024 07:49:30,118.634519940526
11-01-2024 07:54:30,118.621315023551
11-01-2024 07:59:30,118.61051431949
11-01-2024 08:04:30,118.648235142376
11-01-2024 08:09:30,118.681148578563
11-01-2024 08:14:30,118.675155252112
11-01-2024 08:19:30,118.659556364275
11-01-2024 08:24:30,118.648764321525
11-01-2024 08:29:30,118.63797498825
11-01-2024 08:34:30,118.627188364361
11-01-2024 08:39:30,118.621205901581
11-01-2024 08:44:30,118.610424159722
11-01-2024 08:49:30,118.60444604241
11-01-2024 08:54:30,118.593669182491
11-01-2024 08:59:30,118.587695410648
11-01-2024 09:04:30,118.630218234292
11-01-2024 09:09:30,118.667937433676
11-01-2024 09:14:30,118.661970180035
11-01-2024 09:19:30,118.656005099128
11-01-2024 09:24:30,118.650042190955
11-01-2024 09:29:30,118.644081455516
11-01-2024 09:34:30,118.638122892812
11-01-2024 09:39:30,118.632166502842
11-01-2024 09:44:30,118.6310180826
11-01-2024 09:49:30,118.625066038098
11-01-2024 09:54:30,118.628729371369
11-01-2024 09:59:30,118.627589080562
11-01-2024 10:04:30,118.626451499745
11-01-2024 10:09:30,118.62050814618
11-01-2024 10:14:30,118.624184468447
11-01-2024 10:19:30,118.623055018146
11-01-2024 10:24:30,118.626738911317
11-01-2024 10:29:30,118.625615419607
11-01-2024 10:34:30,118.62449463852
11-01-2024 10:39:30,118.628189353
11-01-2024 10:44:30,118.627074531587
11-01-2024 10:49:30,118.630776820759
11-01-2024 10:54:30,118.678208482238
11-01-2024 10:59:30,118.730469728635
11-01-2024 11:04:30,118.734194782595
11-01-2024 11:09:30,118.737924167245
11-01-2024 11:14:30,118.74165788331
11-01-2024 11:19:30,118.750222233265
11-01-2024 11:24:30,118.753965694672
11-01-2024 11:29:30,118.762542493305
11-01-2024 11:34:30,118.771126329864
11-01-2024 11:39:30,118.7797172068
11-01-2024 11:44:30,118.793149539697
11-01-2024 11:49:30,118.80175612948
11-01-2024 11:54:30,118.810369767824
11-01-2024 11:59:30,118.82383028927
11-01-2024 12:04:30,118.832459659577
11-01-2024 12:09:30,118.792441294345
11-01-2024 12:14:30,118.752413622888
11-01-2024 12:19:30,118.75620691066
11-01-2024 12:24:30,118.76000454232
11-01-2024 12:29:30,118.768649579927
11-01-2024 12:34:30,118.772456988138
11-01-2024 12:39:30,118.776268742794
11-01-2024 12:44:30,118.775238522458
11-01-2024 12:49:30,118.769364696387
11-01-2024 12:54:30,118.768339365221
11-01-2024 12:59:30,118.762469884619
11-01-2024 13:04:30,118.761449442715
11-01-2024 13:09:30,118.76527967126
11-01-2024 13:14:30,118.759416708859
11-01-2024 13:19:30,118.75840441709
11-01-2024 13:24:30,118.757394842215
11-01-2024 13:29:30,118.751538398017
11-01-2024 13:34:30,118.750533712862
11-01-2024 13:39:30,118.744681614133
11-01-2024 13:44:30,118.74368181879
11-01-2024 13:49:30,118.732983934877
11-01-2024 13:54:30,118.731988485003
11-01-2024 13:59:30,118.72614507721
11-01-2024 14:04:30,118.725154517239
11-01-2024 14:09:30,118.724166674529
11-01-2024 14:14:30,118.713478565325
11-01-2024 14:19:30,118.712495068083
11-01-2024 14:24:30,118.711514288194
11-01-2024 14:29:30,118.710536225749
11-01-2024 14:34:30,118.704708027096
11-01-2024 14:39:30,118.703734854922
11-01-2024 14:44:30,118.707618343999
11-01-2024 14:49:30,118.701796663549
11-01-2024 14:54:30,118.700831644534
11-01-2024 14:59:30,118.704724922553
11-01-2024 15:04:30,118.703765884789
11-01-2024 15:09:30,118.697952895275
11-01-2024 15:14:30,118.696998748424
11-01-2024 15:19:30,118.696047319844
11-01-2024 15:24:30,118.699956916441
11-01-2024 15:29:30,118.699011470491
11-01-2024 15:34:30,118.700499261486
11-01-2024 15:39:30,118.701989225215
11-01-2024 15:44:30,118.701052481637
11-01-2024 15:49:30,118.703767513588
11-01-2024 15:54:30,118.706484718274
11-01-2024 15:59:30,118.709204095693
11-01-2024 16:04:30,118.711925645847
11-01-2024 16:09:30,118.706648752828
11-01-2024 16:14:30,118.701374032543
11-01-2024 16:19:30,118.696101484992
11-01-2024 16:24:30,118.690831110175
11-01-2024 16:29:30,118.685562908092
11-01-2024 16:34:30,118.680296878744
11-01-2024 16:39:30,118.67503302213
11-01-2024 16:44:30,118.66977133825
11-01-2024 16:49:30,118.664511827104
11-01-2024 16:54:30,119.352453505567
11-01-2024 16:59:30,117.792984826826
11-01-2024 17:04:30,119.463222766327
11-01-2024 17:09:30,119.174057367664
11-01-2024 17:14:30,119.275865896052
11-01-2024 17:19:30,117.128992955061
11-01-2024 17:24:30,119.87068585428
11-01-2024 17:29:30,119.087588018639
11-01-2024 17:34:30,118.504858390171
11-01-2024 17:39:30,117.335150125132
11-01-2024 17:44:30,118.904127319459
11-01-2024 17:49:30,118.120678398862
11-01-2024 17:54:30,118.222475636433
11-01-2024 17:59:30,118.221594105383
11-01-2024 18:04:30,118.71483680886
11-01-2024 18:09:30,118.811846926403
11-01-2024 18:14:30,120.278961179013
11-01-2024 18:19:30,117.542693951818
11-01-2024 18:24:30,117.541788492712
11-01-2024 18:29:30,118.617628115096
11-01-2024 18:34:30,118.518897612843
11-01-2024 18:39:30,119.888609426183
11-01-2024 18:44:30,119.20253172191
11-01-2024 18:49:30,119.686325479456
11-01-2024 18:54:30,120.077188245031
11-01-2024 18:59:30,117.53069974559
11-01-2024 19:04:30,118.112468508622
11-01-2024 19:09:30,117.230350394584
11-01-2024 19:14:30,117.224643869045
11-01-2024 19:19:30,117.517523047609
11-01-2024 19:24:30,116.728426324978
11-01-2024 19:29:30,117.799893813662
11-01-2024 19:34:30,119.757637071616
11-01-2024 19:39:30,117.793344579855
11-01-2024 19:44:30,117.493861566237
11-01-2024 19:49:30,118.859188030763
11-01-2024 19:54:30,116.894902057205
11-01-2024 19:59:30,119.53332080663
11-01-2024 20:04:30,118.254548069002
11-01-2024 20:09:30,118.444725126529
11-01-2024 20:14:30,117.851465624832
11-01-2024 20:19:30,118.918105054521
11-01-2024 20:24:30,117.737337133421
11-01-2024 20:29:30,118.221284787995
11-01-2024 20:34:30,118.210741694728
11-01-2024 20:39:30,118.107153310902
11-01-2024 20:44:30,119.178592637032
11-01-2024 20:49:30,119.168001387149
11-01-2024 20:54:30,118.085292320555
11-01-2024 20:59:30,118.960850873493
11-01-2024 21:04:30,121.104248252779
11-01-2024 21:09:30,118.455082435703
11-01-2024 21:14:30,118.841059057922
11-01-2024 21:19:30,120.103227500671
11-01-2024 21:24:30,118.531141796601
11-01-2024 21:29:30,119.59746651518
11-01-2024 21:34:30,118.221266903125
11-01-2024 21:39:30,118.406531659578
11-01-2024 21:44:30,119.184019826891
11-01-2024 21:49:30,118.879794898963
11-01-2024 21:54:30,119.26570057907
11-01-2024 21:59:30,117.79178071069
11-01-2024 22:04:30,118.564338333796
11-01-2024 22:09:30,118.754468155644
11-01-2024 22:14:30,117.574278038395
11-01-2024 22:19:30,118.356577154018
11-01-2024 22:24:30,118.150308847452
11-01-2024 22:29:30,118.144687058547
11-01-2024 22:34:30,118.530588045756
11-01-2024 22:39:30,117.942551665712
11-01-2024 22:44:30,117.63843397401
11-01-2024 22:49:30,118.322865975193
11-01-2024 22:54:30,117.137809196582
11-01-2024 22:59:30,117.425840896617
11-01-2024 23:04:30,117.42506869185
11-01-2024 23:09:30,117.512510060664
11-01-2024 23:14:30,117.898428429746
11-01-2024 23:19:30,116.522506256352
11-01-2024 23:24:30,117.104189272593
11-01-2024 23:29:30,116.217672198892
11-01-2024 23:34:30,118.756962577503
11-01-2024 23:39:30,118.457730754341
11-01-2024 23:44:30,117.375459897152
11-01-2024 23:49:30,117.071415143755
11-01-2024 23:54:30,117.750952720751
11-01-2024 23:59:30,118.821991001579
11-06-2024 00:04:00,126.460763364965
11-06-2024 00:14:00,124.794097158531
11-06-2024 00:24:00,127.397823254753
11-06-2024 00:34:00,126.314463781264
11-06-2024 00:44:00,124.168170450374
11-06-2024 00:54:00,125.125313987596
11-06-2024 01:04:00,127.059136025783
11-06-2024 01:14:00,125.004939179412
11-06-2024 01:24:00,124.893475923475
11-06-2024 01:34:00,125.947272188317
11-06-2024 01:44:00,126.229643101636
11-06-2024 01:54:00,126.500865118525
11-06-2024 02:04:00,125.127377638296
11-06-2024 02:14:00,125.506769241475
11-06-2024 02:24:00,126.754081821244
11-06-2024 02:34:00,125.375459729734
11-06-2024 02:44:00,126.433940537486
11-06-2024 02:54:00,127.583714140642
11-06-2024 03:04:00,125.337863843614
11-06-2024 03:14:00,126.390506119326
11-06-2024 03:24:00,126.079538937396
11-06-2024 03:34:00,125.289327754664
11-06-2024 03:44:00,125.280474633634
11-06-2024 03:54:00,126.332658703713
11-06-2024 04:04:00,124.282352595189
11-06-2024 04:14:00,125.916024129387
11-06-2024 04:24:00,126.386245838389
11-06-2024 04:34:00,126.765017996652
11-06-2024 04:44:00,125.000725067989
11-06-2024 04:54:00,125.374004341533
11-06-2024 05:04:00,125.359679320217
11-06-2024 05:14:00,126.410926593786
11-06-2024 05:24:00,125.034997827244
11-06-2024 05:34:00,125.316731987546
11-06-2024 05:44:00,125.490607244959
11-06-2024 05:54:00,124.895357945006
11-06-2024 06:04:00,125.456477395414
11-06-2024 06:14:00,123.597690693184
11-06-2024 06:24:00,124.545931974573
11-06-2024 06:34:00,126.063353321625
11-06-2024 06:44:00,123.630614734972
11-06-2024 06:54:00,125.841175165239
11-06-2024 07:04:00,123.403635144186
11-06-2024 07:14:00,124.356545164963
11-06-2024 07:24:00,123.380885784321
11-06-2024 07:34:00,124.913728076009
11-06-2024 07:44:00,124.324906466991
11-06-2024 07:54:00,124.600747839297
11-06-2024 08:04:00,122.374146719121
11-06-2024 08:14:00,124.878672645934
11-06-2024 08:24:00,123.3341815511
11-06-2024 08:34:00,123.712150117011
11-06-2024 08:44:00,123.332943108602
11-06-2024 08:54:00,123.625037708759
11-06-2024 09:04:00,122.859017814488
11-06-2024 09:14:00,123.161857816984
11-06-2024 09:24:00,123.368083637496
11-06-2024 09:34:00,122.993972572743
11-06-2024 09:44:00,122.716490712102
11-06-2024 09:54:00,123.014166986713
11-06-2024 10:04:00,122.354825139126
11-06-2024 10:14:00,121.791997783005
11-06-2024 10:24:00,123.35372910464
11-06-2024 10:34:00,123.280501125521
11-06-2024 10:44:00,122.529109930387
11-06-2024 10:54:00,122.267136912267
11-06-2024 11:04:00,120.744771360306
11-06-2024 11:14:00,122.324512753538
11-06-2024 11:24:00,121.668905157155
11-06-2024 11:34:00,121.196448420995
11-06-2024 11:44:00,121.990570285131
11-06-2024 11:54:00,122.003258876078
11-06-2024 12:04:00,121.239393480231
11-06-2024 12:14:00,121.54322626115
11-06-2024 12:24:00,121.45875321277
11-06-2024 12:34:00,121.762731317109
11-06-2024 12:44:00,120.604540094922
11-06-2024 12:54:00,121.302335152789
11-06-2024 13:04:00,120.53235981947
11-06-2024 13:14:00,121.905349848144
11-06-2024 13:24:00,120.173782615488
11-06-2024 13:34:00,120.969225535414
11-06-2024 13:44:00,119.717699282608
11-06-2024 13:54:00,120.50811216465
11-06-2024 14:04:00,120.228808400311
11-06-2024 14:14:00,119.749632274525
11-06-2024 14:24:00,120.053921120415
11-06-2024 14:34:00,120.066370445721
11-06-2024 14:44:00,119.294992409549
11-06-2024 14:54:00,119.404666222781
11-06-2024 15:04:00,120.190655479551
11-06-2024 15:14:00,119.526759264798
11-06-2024 15:24:00,120.707843360353
11-06-2024 15:34:00,119.254129857204
11-06-2024 15:44:00,118.389711134172
11-06-2024 15:54:00,120.540235363014
11-06-2024 16:04:00,118.014093482888
11-06-2024 16:14:00,117.636421020649
11-06-2024 16:24:00,118.515481599024
11-06-2024 16:34:00,119.107421651137
11-06-2024 16:44:00,119.981486018487
11-06-2024 16:54:00,119.003556301554
11-06-2024 17:04:00,119.487731065527
11-06-2024 17:14:00,118.119911745216
11-06-2024 17:24:00,116.64957563577
11-06-2024 17:34:00,119.272833239996
11-06-2024 17:44:00,118.582257692977
11-06-2024 17:54:00,118.178985566096
11-06-2024 18:04:00,119.339963729758
11-06-2024 18:14:00,118.552109516785
11-06-2024 18:24:00,118.533483346084
11-06-2024 18:34:00,117.740749651629
11-06-2024 18:44:00,118.024681629452
11-06-2024 18:54:00,117.621707398571
11-06-2024 19:04:00,118.684689760006
11-06-2024 19:14:00,117.98958716133
11-06-2024 19:24:00,119.728745894002
11-06-2024 19:34:00,118.16263230874
11-06-2024 19:44:00,118.53861327469
11-06-2024 19:54:00,117.936029556186
11-06-2024 20:04:00,118.414393121125
11-06-2024 20:14:00,118.303648611807
11-06-2024 20:24:00,119.06866757248
11-06-2024 20:34:00,117.104241224797
11-06-2024 20:44:00,117.480075545682
11-06-2024 20:54:00,118.050359050352
11-06-2024 21:04:00,118.226369547764
11-06-2024 21:14:00,118.207855445898
11-06-2024 21:24:00,119.355952093575
11-06-2024 21:34:00,118.46758868164
11-06-2024 21:44:00,119.226563806641
11-06-2024 21:54:00,117.167255997403
11-06-2024 22:04:00,118.417115317084
11-06-2024 22:14:00,118.107154144925
11-06-2024 22:24:00,117.603038290061
11-06-2024 22:34:00,118.264456284727
11-06-2024 22:44:00,119.303682617689
11-06-2024 22:54:00,118.600399270663
11-06-2024 23:04:00,118.668633625754
11-06-2024 23:14:00,118.74197487398
11-06-2024 23:24:00,117.845341482597
11-06-2024 23:34:00,118.301607512322
11-06-2024 23:44:00,118.665816229316
11-06-2024 23:54:00,117.958603555029
11-07-2024 00:04:00,118.220700146966
11-07-2024 00:14:00,118.482650947365
11-07-2024 00:24:00,117.969757128037
11-07-2024 00:34:00,117.360339388848
11-07-2024 00:44:00,118.009445833602
11-07-2024 00:54:00,117.40541592227
11-07-2024 01:04:00,118.833201127572
11-07-2024 01:14:00,117.735514802643
11-07-2024 01:24:00,118.58231438115
11-07-2024 01:34:00,118.757213266185
11-07-2024 01:44:00,118.255476394978
11-07-2024 01:54:00,119.86956195017
11-07-2024 02:04:00,118.879895097054
11-07-2024 02:14:00,117.890230416672
11-07-2024 02:24:00,119.610153768924
11-07-2024 02:34:00,117.274322995973
11-07-2024 02:44:00,117.637214346711
11-07-2024 02:54:00,119.066683933937
11-07-2024 03:04:00,118.179719448592
11-07-2024 03:14:00,118.34925701315
11-07-2024 03:24:00,120.265325020065
11-07-2024 03:34:00,118.698340651912
11-07-2024 03:44:00,119.16208273173
11-07-2024 03:54:00,117.890245936255
11-07-2024 04:04:00,119.414331595387
11-07-2024 04:14:00,119.10154661955
11-07-2024 04:24:00,118.023147143649
11-07-2024 04:34:00,118.197566564671
11-07-2024 04:44:00,118.371929080223
11-07-2024 04:54:00,119.311577091502
11-07-2024 05:04:00,118.811661925468
11-07-2024 05:14:00,117.830546646635
11-07-2024 05:24:00,119.251057435904
11-07-2024 05:34:00,117.399090906173
11-07-2024 05:44:00,117.193553605764
11-07-2024 05:54:00,117.747631752144
11-07-2024 06:04:00,118.589997732633
11-07-2024 06:14:00,118.480613051345
11-07-2024 06:24:00,117.976500883888
11-07-2024 06:34:00,118.332648879717
11-07-2024 06:44:00,118.506596551461
11-07-2024 06:54:00,118.18990678046
11-07-2024 07:04:00,116.629729843787
11-07-2024 07:14:00,117.567124983339
11-07-2024 07:24:00,117.943197777411
11-07-2024 07:34:00,117.823964803148
11-07-2024 07:44:00,117.891705725758
11-07-2024 07:54:00,117.307802240524
11-07-2024 08:04:00,117.390732700417
11-07-2024 08:14:00,118.150391152987
11-07-2024 08:24:00,116.985881458281
11-07-2024 08:34:00,118.134278349171
11-07-2024 08:44:00,118.323187830549
11-07-2024 08:54:00,116.31520133333
11-07-2024 09:04:00,117.761699936851
11-07-2024 09:14:00,117.672828684683
11-07-2024 09:24:00,116.345989093422
11-07-2024 09:34:00,116.640988294359
11-07-2024 09:44:00,117.229144516612
11-07-2024 09:54:00,117.342303306521
11-07-2024 10:04:00,117.450481442197
11-07-2024 10:14:00,116.511765854489
11-07-2024 10:24:00,117.206556476797
11-07-2024 10:34:00,117.137592492382
11-07-2024 10:44:00,117.260952501185
11-07-2024 10:54:00,115.46503462017
11-07-2024 11:04:00,115.202926931679
11-07-2024 11:14:00,116.962617150673
11-07-2024 11:24:00,115.829037052661
11-07-2024 11:34:00,115.653258069202
11-07-2024 11:44:00,116.72499179433
11-07-2024 11:54:00,116.732066045497
11-07-2024 12:04:00,115.770488949338
11-07-2024 12:14:00,115.194286457834
11-07-2024 12:24:00,116.926000680565
11-07-2024 12:34:00,116.055734789556
11-07-2024 12:44:00,116.615998221827
11-07-2024 12:54:00,116.877025090195
11-07-2024 13:04:00,116.681439269708
11-07-2024 13:14:00,116.120455705457
11-07-2024 13:24:00,117.496732239223
11-07-2024 13:34:00,116.854289414803
11-07-2024 13:44:00,116.028398512016
11-07-2024 13:54:00,115.694185284288
11-07-2024 14:04:00,115.02253191609
11-07-2024 14:14:00,114.441160240679
11-07-2024 14:24:00,115.611818148176
11-07-2024 14:34:00,114.825934786958
11-07-2024 14:44:00,114.421793810822
11-07-2024 14:54:00,112.258649819118
11-07-2024 15:04:00,112.405818894343
11-07-2024 15:14:00,110.705328713443
11-07-2024 15:24:00,109.100062321213
11-07-2024 15:34:00,108.258044277216
11-07-2024 15:44:00,109.553461309569
11-07-2024 15:54:00,108.506846431111
11-07-2024 16:04:00,107.747349884253
11-07-2024 16:14:00,107.173324909624
11-07-2024 16:24:00,108.544293118995
11-07-2024 16:34:00,105.625775274432
11-07-2024 16:44:00,107.883597716582
11-07-2024 16:54:00,106.227408210637
11-07-2024 17:04:00,106.127005646561
11-07-2024 17:14:00,104.18678962578
11-07-2024 17:24:00,104.3789925788
11-07-2024 17:34:00,105.253972125249
11-07-2024 17:44:00,103.889909024521
11-07-2024 17:54:00,103.301771990219
11-07-2024 18:04:00,103.591539278068
11-07-2024 18:14:00,102.617513941798
11-07-2024 18:24:00,103.785253495667
11-07-2024 18:34:00,103.582952028604
11-07-2024 18:44:00,102.019379025288
11-07-2024 18:54:00,102.588935859018
11-07-2024 19:04:00,102.191706910911
11-07-2024 19:14:00,101.497749628387
11-07-2024 19:24:00,102.266462640068
11-07-2024 19:34:00,100.890226546063
11-07-2024 19:44:00,100.582399265369
11-07-2024 19:54:00,102.706814831408
11-07-2024 20:04:00,101.716758540761
11-07-2024 20:14:00,101.790171409544
11-07-2024 20:24:00,101.385064616964
11-07-2024 20:34:00,102.92759696166
11-07-2024 20:44:00,102.221845225127
11-07-2024 20:54:00,102.684335625805
11-07-2024 21:04:00,102.951980980274
11-07-2024 21:14:00,103.904687587715
11-07-2024 21:24:00,103.694309132838
11-07-2024 21:34:00,102.891987816547
11-07-2024 21:44:00,103.450925002796
11-07-2024 21:54:00,104.9856899523
11-07-2024 22:04:00,104.669396159653
11-07-2024 22:14:00,104.163388839079
11-07-2024 22:24:00,103.653280050556
11-07-2024 22:34:00,103.624509272307
11-07-2024 22:44:00,105.351277278566
11-07-2024 22:54:00,103.774030952329
11-07-2024 23:04:00,105.402899240826
11-07-2024 23:14:00,105.281021657433
11-07-2024 23:24:00,103.907594396513
11-07-2024 23:34:00,106.601625874703
11-07-2024 23:44:00,105.41793326693
11-07-2024 23:54:00,105.111194711068
11-08-2024 00:04:00,105.768927809012
11-08-2024 00:14:00,105.942100408092
11-08-2024 00:24:00,105.529781831573
11-08-2024 00:34:00,105.795290786452
11-08-2024 00:44:00,105.475599188767
11-08-2024 00:54:00,106.607144419153
11-08-2024 01:04:00,107.452350890405
11-08-2024 01:14:00,106.750191618381
11-08-2024 01:24:00,106.826144432934
11-08-2024 01:34:00,106.994205530679
11-08-2024 01:44:00,107.548596396634
11-08-2024 01:54:00,105.692631582149
11-08-2024 02:04:00,107.695467923832
11-08-2024 02:14:00,107.486030077069
11-08-2024 02:24:00,107.846734571973
11-08-2024 02:34:00,108.597769222237
11-08-2024 02:44:00,107.226098837361
11-08-2024 02:54:00,107.976939510939
11-08-2024 03:04:00,107.864126879516
11-08-2024 03:14:00,108.132473358722
11-08-2024 03:24:00,108.304310482289
11-08-2024 03:34:00,108.769766069539
11-08-2024 03:44:00,106.826092493144
11-08-2024 03:54:00,110.177269146055
11-08-2024 04:04:00,109.876229856676
11-08-2024 04:14:00,109.378009953616
11-08-2024 04:24:00,108.302187831792
11-08-2024 04:34:00,108.194062884277
11-08-2024 04:44:00,109.717979611989
11-08-2024 04:54:00,107.684580465599
11-08-2024 05:04:00,109.015679213143
11-08-2024 05:14:00,109.191630598113
11-08-2024 05:24:00,109.559943746479
11-08-2024 05:34:00,107.523298032956
11-08-2024 05:44:00,110.007674017952
11-08-2024 05:54:00,110.471833309587
11-08-2024 06:04:00,108.33990944545
11-08-2024 06:14:00,110.342267582098
11-08-2024 06:24:00,110.61391659787
11-08-2024 06:34:00,109.444011679671
11-08-2024 06:44:00,109.331395333709
11-08-2024 06:54:00,108.738488846323
11-08-2024 07:04:00,109.202328434763
11-08-2024 07:14:00,108.705676578786
11-08-2024 07:24:00,109.94215003433
11-08-2024 07:34:00,108.586010432145
11-08-2024 07:44:00,111.175662945004
11-08-2024 07:54:00,110.880250312958
11-08-2024 08:04:00,110.397529439639
11-08-2024 08:14:00,110.202832711675
11-08-2024 08:24:00,110.108791310344
11-08-2024 08:34:00,110.11075991984
11-08-2024 08:44:00,111.265010270376
11-08-2024 08:54:00,110.695556350868
11-08-2024 09:04:00,111.278513221365
11-08-2024 09:14:00,109.945139077989
11-08-2024 09:24:00,110.628929529791
11-08-2024 09:34:00,112.273873593994
11-08-2024 09:44:00,111.425275916198
11-08-2024 09:54:00,109.610330788481
11-08-2024 10:04:00,111.07314959116
11-08-2024 10:14:00,110.608441850608
11-08-2024 10:24:00,109.671802586222
11-08-2024 10:34:00,111.044340186435
11-08-2024 10:44:00,110.304449223741
11-08-2024 10:54:00,109.751977123896
11-08-2024 11:04:00,109.676215500273
11-08-2024 11:14:00,109.595778323331
11-08-2024 11:24:00,110.175960859213
11-08-2024 11:34:00,109.893537063678
11-08-2024 11:44:00,109.014313399469
11-08-2024 11:54:00,109.787242396988
11-08-2024 12:04:00,108.440008265588
11-08-2024 12:14:00,109.112003779609
11-08-2024 12:24:00,109.302126146399
11-08-2024 12:34:00,109.680357292422
11-08-2024 12:44:00,108.709447218406
11-08-2024 12:54:00,109.000524633504
11-08-2024 13:04:00,108.704206905153
11-08-2024 13:14:00,110.142386252998
11-08-2024 13:24:00,108.598027260413
11-08-2024 13:34:00,109.173568808779
11-08-2024 13:44:00,108.689163345771
11-08-2024 13:54:00,108.78291415592
11-08-2024 14:04:00,110.423096685132
11-08-2024 14:14:00,109.080614045715
11-08-2024 14:24:00,108.031547417411
11-08-2024 14:34:00,109.383053062207
11-08-2024 14:44:00,109.770693046744
11-08-2024 14:54:00,109.29533969022
11-08-2024 15:04:00,108.337767289647
11-08-2024 15:14:00,107.770263257335
11-08-2024 15:24:00,107.680311253118
11-08-2024 15:34:00,107.787808587022
11-08-2024 15:44:00,108.864772731679
11-08-2024 15:54:00,109.556183141722
11-08-2024 16:04:00,108.99762448159
11-08-2024 16:14:00,108.530729635099
11-08-2024 16:24:00,106.904684809857
11-08-2024 16:34:00,110.107933900833
11-08-2024 16:44:00,108.191657477978
11-08-2024 16:54:00,107.135283702811
11-08-2024 17:04:00,108.982598178387
11-08-2024 17:14:00,107.442726788716
11-08-2024 17:24:00,108.99133844902
11-08-2024 17:34:00,108.800061178417
11-08-2024 17:44:00,109.672196629149
11-08-2024 17:54:00,110.15301855275
11-08-2024 18:04:00,110.339116416619
11-08-2024 18:14:00,107.721915336973
11-08-2024 18:24:00,108.874726103359
11-08-2024 18:34:00,108.669647567377
11-08-2024 18:44:00,108.749920364057
11-08-2024 18:54:00,109.897620958128
11-08-2024 19:04:00,108.625189929921
11-08-2024 19:14:00,110.545347500398
11-08-2024 19:24:00,108.307377159681
11-08-2024 19:34:00,109.642974076037
11-08-2024 19:44:00,108.854102184168
11-08-2024 19:54:00,108.162025258735
11-08-2024 20:04:00,108.527245943173
11-08-2024 20:14:00,108.703931460985
11-08-2024 20:24:00,109.849992179304
11-08-2024 20:34:00,108.092522387771
11-08-2024 20:44:00,109.421892462648
11-08-2024 20:54:00,109.304404718144
11-08-2024 21:04:00,108.709585798917
11-08-2024 21:14:00,108.298588409702
11-08-2024 21:24:00,107.8005624887
11-08-2024 21:34:00,108.261562545832
11-08-2024 21:44:00,108.722359058988
11-08-2024 21:54:00,109.953311214038
11-08-2024 22:04:00,109.161974393212
11-08-2024 22:14:00,109.040144474465
11-08-2024 22:24:00,109.31251160786
11-08-2024 22:34:00,108.714265261622
11-08-2024 22:44:00,108.70259219452
11-08-2024 22:54:00,108.686335106826
11-08-2024 23:04:00,110.021082169943
11-08-2024 23:14:00,109.913112046783
11-08-2024 23:24:00,109.709016576645
11-08-2024 23:34:00,109.312687460311
11-08-2024 23:44:00,109.593991268878
11-08-2024 23:54:00,109.293868374376
11-09-2024 00:04:00,111.016914374902
11-09-2024 00:14:00,108.886032789412
11-09-2024 00:24:00,110.997827146009
11-09-2024 00:34:00,108.487531308641
11-09-2024 00:44:00,111.267014390556
11-09-2024 00:54:00,110.866084403963
11-09-2024 01:04:00,109.610062227438
11-09-2024 01:14:00,110.083268969776
11-09-2024 01:24:00,109.014941037904
11-09-2024 01:34:00,110.064372851699
11-09-2024 01:44:00,108.900193811807
11-09-2024 01:54:00,109.080599525285
11-09-2024 02:04:00,110.513814713796
11-09-2024 02:14:00,110.309986130468
11-09-2024 02:24:00,108.382828712906
11-09-2024 02:34:00,110.483066566714
11-09-2024 02:44:00,109.132139447476
11-09-2024 02:54:00,110.272194745546
11-09-2024 03:04:00,110.552999945055
11-09-2024 03:14:00,109.677561670021
11-09-2024 03:24:00,109.574539801763
11-09-2024 03:34:00,110.042569396961
11-09-2024 03:44:00,110.227363172429
11-09-2024 03:54:00,109.640041178631
11-09-2024 04:04:00,110.299773593383
11-09-2024 04:14:00,111.726614303458
11-09-2024 04:24:00,108.842410591344
11-09-2024 04:34:00,108.447256673786
11-09-2024 04:44:00,111.125066934801
11-09-2024 04:54:00,110.542660890532
11-09-2024 05:04:00,107.746148485773
11-09-2024 05:14:00,109.460054301447
11-09-2024 05:24:00,109.256722892034
11-09-2024 05:34:00,110.198767140238
11-09-2024 05:44:00,110.000061991523
11-09-2024 05:54:00,110.467422220048
11-09-2024 06:04:00,110.063171508128
11-09-2024 06:14:00,110.817711799468
11-09-2024 06:24:00,110.710166225439
11-09-2024 06:34:00,109.923052695923
11-09-2024 06:44:00,109.035968913605
11-09-2024 06:54:00,110.74719687047
11-09-2024 07:04:00,109.008246423445
11-09-2024 07:14:00,110.431955381641
11-09-2024 07:24:00,110.802938108669
11-09-2024 07:34:00,110.695523413367
11-09-2024 07:44:00,110.784125255568
11-09-2024 07:54:00,109.533578377052
11-09-2024 08:04:00,110.200777432708
11-09-2024 08:14:00,110.102755307707
11-09-2024 08:24:00,109.818062191134
11-09-2024 08:34:00,108.189508108162
11-09-2024 08:44:00,109.243987064508
11-09-2024 08:54:00,109.442179197071
11-09-2024 09:04:00,109.262283609984
11-09-2024 09:14:00,108.986625824402
11-09-2024 09:24:00,108.806601279302
11-09-2024 09:34:00,109.2055479075
11-09-2024 09:44:00,109.983080488135
11-09-2024 09:54:00,109.616210542361
11-09-2024 10:04:00,109.536583980992
11-09-2024 10:14:00,110.990075233243
11-09-2024 10:24:00,108.998461097627
11-09-2024 10:34:00,111.425458062248
11-09-2024 10:44:00,108.866368848455
11-09-2024 10:54:00,108.891613333547
11-09-2024 11:04:00,107.673591417178
11-09-2024 11:24:00,109.262570428918
11-09-2024 11:34:00,107.750601025306
11-09-2024 11:44:00,108.439203877905
11-09-2024 11:54:00,106.917134346416
11-09-2024 12:04:00,108.755074066795
11-09-2024 12:14:00,107.324135213145
11-09-2024 12:24:00,107.234691012623
11-09-2024 12:34:00,109.35743520359
11-09-2024 12:44:00,108.49406507579
11-09-2024 12:54:00,108.977310807393
11-09-2024 13:04:00,107.541172215511
11-09-2024 13:14:00,107.932799745894
11-09-2024 13:24:00,108.232867585038
11-09-2024 13:34:00,109.298376348875
11-09-2024 13:44:00,107.091550259206
11-09-2024 13:54:00,108.927276904441
11-09-2024 14:04:00,109.227671333373
11-09-2024 14:14:00,108.556023542102
11-09-2024 14:24:00,108.663828015503
11-09-2024 14:34:00,106.551909307489
11-09-2024 14:44:00,106.943886034468
11-09-2024 14:54:00,107.340485445181
11-09-2024 15:04:00,105.810146479486
11-09-2024 15:14:00,107.078542955519
11-09-2024 15:24:00,107.952779354275
11-09-2024 15:34:00,107.679565689777
11-09-2024 15:44:00,107.980231667146
11-09-2024 15:54:00,106.45314347011
11-09-2024 16:04:00,106.762743615643
11-09-2024 16:14:00,106.489035155371
11-09-2024 16:24:00,106.987323062895
11-09-2024 16:34:00,108.354658286726
11-09-2024 16:44:00,107.497233301825
11-09-2024 16:54:00,106.542957038989
11-09-2024 17:04:00,106.646283115602
11-09-2024 17:14:00,108.874604725541
11-09-2024 17:24:00,109.456554813542
11-09-2024 17:34:00,108.106566324321
11-09-2024 17:44:00,107.915697979282
11-09-2024 17:54:00,108.106663946124
11-09-2024 18:04:00,108.007815095468
11-09-2024 18:14:00,108.102179744368
11-09-2024 18:24:00,109.254553845306
11-09-2024 18:34:00,108.571498282326
11-09-2024 18:44:00,110.303259129473
11-09-2024 18:54:00,108.75096758059
11-09-2024 19:04:00,107.29088447228
11-09-2024 19:14:00,107.858944111609
11-09-2024 19:24:00,109.199294557707
11-09-2024 19:34:00,108.898148160517
11-09-2024 19:44:00,109.272783662622
11-09-2024 19:54:00,110.129936182346
11-09-2024 20:04:00,109.341590363511
11-09-2024 20:14:00,111.645893878735
11-09-2024 20:24:00,108.059689561562
11-09-2024 20:34:00,109.972944369664
11-09-2024 20:44:00,107.159774369871
11-09-2024 20:54:00,108.108258461356
11-09-2024 21:04:00,108.964647010718
11-09-2024 21:14:00,108.177337322614
11-09-2024 21:24:00,109.703549697073
11-09-2024 21:34:00,108.728259401839
11-09-2024 21:44:00,109.102288441993
11-09-2024 21:54:00,108.609053113936
11-09-2024 22:04:00,109.657416554491
11-09-2024 22:14:00,109.067900183542
11-09-2024 22:24:00,109.24908907927
11-09-2024 22:34:00,110.012790842966
11-09-2024 22:44:00,108.359448436762
11-09-2024 22:54:00,110.471162061904
11-09-2024 23:04:00,110.079115326189
11-09-2024 23:14:00,110.452678084148
11-09-2024 23:24:00,109.189600562025
11-09-2024 23:34:00,109.563182489943
11-09-2024 23:44:00,109.647942760047
11-09-2024 23:54:00,109.732685928151
11-10-2024 00:04:00,110.495700119279
11-10-2024 00:14:00,110.200151193143
11-10-2024 00:24:00,110.958323507753
11-10-2024 00:34:00,109.604497329756
11-10-2024 00:44:00,110.074016617999
11-10-2024 00:54:00,109.196799056308
11-10-2024 01:04:00,110.815667378226
11-10-2024 01:14:00,111.092552339907
11-10-2024 01:24:00,110.600170557982
11-10-2024 01:34:00,110.011759300538
11-10-2024 01:44:00,109.611082092391
11-10-2024 01:54:00,109.599628260723
11-10-2024 02:04:00,109.299869707343
11-10-2024 02:14:00,111.109472213468
11-10-2024 02:24:00,110.521403592758
11-10-2024 02:34:00,110.409096828023
11-10-2024 02:44:00,110.978599118133
11-10-2024 02:54:00,110.386048545333
11-10-2024 03:04:00,109.793696080746
11-10-2024 03:14:00,109.398196795442
11-10-2024 03:24:00,109.190161846499
11-10-2024 03:34:00,109.366120515411
11-10-2024 03:44:00,108.687537548675
11-10-2024 03:54:00,110.782735132216
11-10-2024 04:04:00,108.852213772431
11-10-2024 04:14:00,111.719038537165
11-10-2024 04:24:00,109.784184978877
11-10-2024 04:34:00,109.57629219382
11-10-2024 04:44:00,109.176688452424
11-10-2024 04:54:00,109.932380693578
11-10-2024 05:04:00,108.391619698563
11-10-2024 05:14:00,108.476227667793
11-10-2024 05:24:00,108.556230544064
11-10-2024 05:34:00,109.024151206481
11-10-2024 05:44:00,109.58779741854
11-10-2024 05:54:00,110.242457728007
11-10-2024 06:04:00,108.889803078657
11-10-2024 06:14:00,109.539761734754
11-10-2024 06:24:00,109.815708539786
11-10-2024 06:34:00,109.804320864277
11-10-2024 06:44:00,110.846164041548
11-10-2024 06:54:00,108.919922353836
11-10-2024 07:04:00,108.817513216557
11-10-2024 07:14:00,109.189132898577
11-10-2024 07:24:00,110.23532405792
11-10-2024 07:34:00,110.228581630009
11-10-2024 07:44:00,108.111759469472
11-10-2024 07:54:00,110.506895987692
11-10-2024 08:04:00,108.777538556891
11-10-2024 08:14:00,108.87578076826
11-10-2024 08:24:00,109.644012689501
11-10-2024 08:34:00,110.029466910456
11-10-2024 08:44:00,109.553472718794
11-10-2024 08:54:00,108.124721510728
11-10-2024 09:04:00,109.572576969264
11-10-2024 09:14:00,109.388298891364
11-10-2024 09:24:00,107.968094473819
11-10-2024 09:34:00,110.757787500561
11-10-2024 09:44:00,108.374597775639
11-10-2024 09:54:00,107.619683175099
11-10-2024 10:04:00,108.594288628411
11-10-2024 10:14:00,108.231729207474
11-10-2024 10:24:00,107.960313167526
11-10-2024 10:34:00,108.657152284752
11-10-2024 10:44:00,109.263133453475
11-10-2024 10:54:00,107.181531062168
11-10-2024 11:04:00,108.459691947815
11-10-2024 11:14:00,108.384590796238
11-10-2024 11:24:00,107.545260274394
11-10-2024 11:34:00,107.176965203809
11-10-2024 11:44:00,108.250613617886
11-10-2024 11:54:00,109.228579304446
11-10-2024 12:04:00,107.316956266006
11-10-2024 12:14:00,108.006503845322
11-10-2024 12:24:00,107.44094946789
11-10-2024 12:34:00,108.126210641832
11-10-2024 12:44:00,109.192042753986
11-10-2024 12:54:00,108.333070417651
11-10-2024 13:04:00,107.858961567242
11-10-2024 13:14:00,107.866117775857
11-10-2024 13:24:00,107.103004585745
11-10-2024 13:34:00,107.30721902356
11-10-2024 13:44:00,107.89219019231
11-10-2024 13:54:00,106.748021069394
11-10-2024 14:04:00,107.24130438797
11-10-2024 14:14:00,107.638395794349
11-10-2024 14:24:00,107.650122037185
11-10-2024 14:34:00,106.987117201894
11-10-2024 14:44:00,107.38437321561
11-10-2024 14:54:00,107.49249472734
11-10-2024 15:04:00,106.057626201185
11-10-2024 15:14:00,107.033666703957
11-10-2024 15:24:00,106.177077714713
11-10-2024 15:34:00,106.583575400298
11-10-2024 15:44:00,107.753337915873
11-10-2024 15:54:00,106.808884219547
11-10-2024 16:04:00,105.086927510588
11-10-2024 16:14:00,106.068564112582
11-10-2024 16:24:00,107.239293805699
11-10-2024 16:34:00,106.478088920913
11-10-2024 16:44:00,105.325649216707
11-10-2024 16:54:00,105.52142202594
11-10-2024 17:04:00,105.431764840904
11-10-2024 17:14:00,106.014175889977
11-10-2024 17:24:00,106.021223150734
11-10-2024 17:34:00,105.34712638287
11-10-2024 17:44:00,105.349648429996
11-10-2024 17:54:00,105.642199936943
11-10-2024 18:04:00,104.585667807751
11-10-2024 18:14:00,104.293680572257
11-10-2024 18:24:00,106.225481902245
11-10-2024 18:34:00,105.454531264596
11-10-2024 18:44:00,106.037257027909
11-10-2024 18:54:00,105.551851901612
11-10-2024 19:04:00,104.969751812759
11-10-2024 19:14:00,106.031505196559
11-10-2024 19:24:00,106.609775076647
11-10-2024 19:34:00,104.480527341367
11-10-2024 19:44:00,105.15105028453
11-10-2024 19:54:00,104.665685122106
11-10-2024 20:04:00,105.534006629556
11-10-2024 20:14:00,104.65745781568
11-10-2024 20:24:00,105.907990163001
11-10-2024 20:34:00,104.45146848573
11-10-2024 20:44:00,106.378568457727
11-10-2024 20:54:00,104.917752014995
11-10-2024 21:04:00,104.045925765838
11-10-2024 21:14:00,105.581644707872
11-10-2024 21:24:00,104.318923991816
11-10-2024 21:34:00,105.467829521506
11-10-2024 21:44:00,104.499621518789
11-10-2024 21:54:00,104.102434082112
11-10-2024 22:04:00,105.25556518662
11-10-2024 22:14:00,105.05601536559
11-10-2024 22:24:00,106.788602984567
11-10-2024 22:34:00,103.980786218551
11-10-2024 22:44:00,105.524521351197
11-10-2024 22:54:00,104.842023267934
11-10-2024 23:04:00,105.028908945455
11-10-2024 23:14:00,104.92602329708
11-10-2024 23:24:00,106.658148125103
11-10-2024 23:34:00,106.844907487128
11-10-2024 23:44:00,105.679695355616
11-10-2024 23:54:00,104.220533684402
11-15-2024 00:04:00,114.440471019395
11-15-2024 00:14:00,114.725492765629
11-15-2024 00:24:00,114.235483258833
11-15-2024 00:34:00,116.753639868878
11-15-2024 00:44:00,117.420803097123
11-15-2024 00:54:00,118.093039302725
11-15-2024 01:04:00,120.218006249642
11-15-2024 01:14:00,119.5288415181
11-15-2024 01:24:00,119.237725642128
11-15-2024 01:44:00,121.066382450992
11-15-2024 01:54:00,122.308253057008
11-15-2024 02:04:00,123.947995588337
11-15-2024 02:14:00,124.420327477184
11-15-2024 02:24:00,124.226151629517
11-15-2024 02:34:00,126.924545943278
11-15-2024 02:44:00,127.9828821646
11-15-2024 02:54:00,129.513287031686
11-15-2024 03:04:00,131.817190342938
11-15-2024 03:14:00,132.86277234898
11-15-2024 03:24:00,137.396167812999
11-15-2024 03:34:00,139.111102418621
11-15-2024 03:44:00,138.620674903111
11-15-2024 03:54:00,140.831195093361
11-15-2024 04:04:00,140.733953755678
11-15-2024 04:14:00,141.790419820979
11-15-2024 04:24:00,142.363392353951
11-15-2024 04:34:00,143.226313831231
11-15-2024 04:44:00,142.252509531908
11-15-2024 04:54:00,144.281926880596
11-15-2024 05:04:00,144.564695123409
11-15-2024 05:14:00,146.387114024119
11-15-2024 05:24:00,147.256414620113
11-15-2024 05:34:00,145.026250408126
11-15-2024 05:44:00,147.434957122619
11-15-2024 05:54:00,147.531063977749
11-15-2024 06:04:00,147.820448861284
11-15-2024 06:14:00,148.772467649764
11-15-2024 06:24:00,149.344758126378
11-15-2024 06:34:00,151.173000425926
11-15-2024 06:44:00,152.897285743164
11-15-2024 06:54:00,152.7858860152
11-15-2024 07:04:00,155.579329967883
11-15-2024 07:14:00,155.467654574258
11-15-2024 07:24:00,157.29475318022
11-15-2024 07:34:00,158.542242351083
11-15-2024 07:44:00,157.769190788053
11-15-2024 07:54:00,157.768685788158
11-15-2024 08:04:00,156.319662228996
11-15-2024 08:14:00,157.388801601266
11-15-2024 08:24:00,156.719643881942
11-15-2024 08:34:00,156.622568780141
11-15-2024 08:44:00,157.595266452946
11-15-2024 08:54:00,157.401606157936
11-15-2024 09:04:00,156.643145797672
11-15-2024 09:14:00,156.657364208754
11-15-2024 09:24:00,157.058053729493
11-15-2024 09:34:00,158.224409359827
11-15-2024 09:44:00,156.209531043678
11-15-2024 09:54:00,154.974615953798
11-15-2024 10:04:00,154.415944463316
11-15-2024 10:14:00,155.121215565303
11-15-2024 10:24:00,153.505813547667
11-15-2024 10:34:00,154.419137391736
11-15-2024 10:44:00,153.204077542977
11-15-2024 10:54:00,153.529891821705
11-15-2024 11:04:00,151.822532332107
11-15-2024 11:14:00,151.075696904591
11-15-2024 11:24:00,151.864233422933
11-15-2024 11:34:00,150.141344442348
11-15-2024 11:44:00,150.63934325899
11-15-2024 11:54:00,151.137455528325
11-15-2024 12:04:00,151.448952547368
11-15-2024 12:14:00,149.143465667036
11-15-2024 12:24:00,149.932460577397
11-15-2024 12:34:00,148.401731243804
11-15-2024 12:44:00,149.800666981309
11-15-2024 12:54:00,147.499982822224
11-15-2024 13:04:00,148.296383515179
11-15-2024 13:14:00,146.375847968402
11-15-2024 13:24:00,147.851747249752
11-15-2024 13:34:00,147.677858523599
11-15-2024 13:44:00,147.795189476485
11-15-2024 13:54:00,146.060706322032
11-15-2024 14:04:00,144.526779285123
11-15-2024 14:14:00,143.9570089086
11-15-2024 14:24:00,142.908035330755
11-15-2024 14:34:00,141.955874370827
11-15-2024 14:44:00,141.288394497419
11-15-2024 14:54:00,139.454555847715
11-15-2024 15:04:00,138.883846142517
11-15-2024 15:14:00,138.11223667167
11-15-2024 15:24:00,138.695033177317
11-15-2024 15:34:00,137.346457212343
11-15-2024 15:44:00,136.568362272124
11-15-2024 15:54:00,137.935275288399
11-15-2024 16:04:00,137.455118110639
11-15-2024 16:14:00,134.635272290654
11-15-2024 16:24:00,133.954321334768
11-15-2024 16:34:00,135.697704310352
11-15-2024 16:44:00,135.217430607873
11-15-2024 16:54:00,133.752587775057
11-15-2024 17:04:00,134.141070079155
11-15-2024 17:14:00,132.487998587021
11-15-2024 17:24:00,132.195966580265
11-15-2024 17:34:00,132.383979161091
11-15-2024 17:44:00,133.744563455467
11-15-2024 17:54:00,133.349246697772
11-15-2024 18:04:00,132.668431783763
11-15-2024 18:14:00,131.392410199871
11-15-2024 18:24:00,130.322895098234
11-15-2024 18:34:00,132.454778046373
11-15-2024 18:44:00,131.087789693553
11-15-2024 18:54:00,131.178639389988
11-15-2024 19:04:00,132.046868405193
11-15-2024 19:14:00,130.097130919516
11-15-2024 19:24:00,130.868165002358
11-15-2024 19:34:00,131.918560598092
11-15-2024 19:44:00,130.843649289388
11-15-2024 19:54:00,131.031620097781
11-15-2024 20:04:00,131.407849238632
11-15-2024 20:14:00,130.62457058588
11-15-2024 20:24:00,132.354266819204
11-15-2024 20:34:00,129.726265358254
11-15-2024 20:44:00,129.908328673122
11-15-2024 20:54:00,129.707935219744
11-15-2024 21:04:00,129.495821353226
11-15-2024 21:14:00,129.786684456893
11-15-2024 21:24:00,129.386364922206
11-15-2024 21:34:00,127.153798175462
11-15-2024 21:44:00,127.438878989932
11-15-2024 21:54:00,126.656456419761
11-15-2024 22:04:00,127.12987465779
11-15-2024 22:14:00,127.414899471102
11-15-2024 22:24:00,125.177339037493
11-15-2024 22:34:00,124.788939772472
11-15-2024 22:44:00,124.87442728495
11-15-2024 22:54:00,124.668898744968
11-15-2024 23:04:00,124.953976175374
11-15-2024 23:14:00,125.136411126376
11-15-2024 23:24:00,124.833944455352
11-15-2024 23:34:00,125.398566288
11-15-2024 23:44:00,123.83586724605
11-15-2024 23:54:00,124.406082551932
11-17-2024 00:04:00,114.619719259215
11-17-2024 00:14:00,114.417293198034
11-17-2024 00:24:00,115.085870883741
11-17-2024 00:34:00,116.03794516032
11-17-2024 00:44:00,116.027822219342
11-17-2024 00:54:00,115.344386455034
11-17-2024 01:04:00,115.617828793534
11-17-2024 01:14:00,116.285980523682
11-17-2024 01:24:00,115.89121845698
11-17-2024 01:34:00,117.227166149625
11-17-2024 01:44:00,116.351717073612
11-17-2024 01:54:00,115.091966987433
11-17-2024 02:04:00,115.754770575724
11-17-2024 02:14:00,118.147283326773
11-17-2024 02:24:00,115.83074356081
11-17-2024 02:34:00,115.633562982681
11-17-2024 02:44:00,117.261958916381
11-17-2024 02:54:00,117.064725315664
11-17-2024 03:04:00,115.522520641278
11-17-2024 03:14:00,116.665227351926
11-17-2024 03:24:00,114.835139729492
11-17-2024 03:34:00,115.982801105967
11-17-2024 03:44:00,115.204426790221
11-17-2024 03:54:00,116.447915529997
11-17-2024 04:04:00,116.91792559838
11-17-2024 04:14:00,116.235682278049
11-17-2024 04:24:00,116.220531379838
11-17-2024 04:34:00,115.634544247867
11-17-2024 04:44:00,116.776247513095
11-17-2024 04:54:00,115.993342907564
11-17-2024 05:04:00,115.023818327634
11-17-2024 05:14:00,114.72109019103
11-17-2024 05:24:00,116.821496877367
11-17-2024 05:34:00,114.787250324365
11-17-2024 05:44:00,114.10117699795
11-17-2024 05:54:00,115.145992266109
11-17-2024 06:04:00,115.322783386288
11-17-2024 06:14:00,116.740382391822
11-17-2024 06:24:00,115.761943416053
11-17-2024 06:34:00,115.837688228219
11-17-2024 06:44:00,115.247990851691
11-17-2024 06:54:00,115.903419202141
11-17-2024 07:04:00,116.457810653955
11-17-2024 07:14:00,116.160579586082
11-17-2024 07:24:00,116.815538403895
11-17-2024 07:34:00,115.944120327856
11-17-2024 07:44:00,115.934152468948
11-17-2024 07:54:00,115.924189006401
11-17-2024 08:04:00,116.397667039969
11-17-2024 08:14:00,115.818681028274
11-17-2024 08:24:00,116.005110870095
11-17-2024 08:34:00,115.904531971691
11-17-2024 08:44:00,114.75670205646
11-17-2024 08:54:00,116.388180632123
11-17-2024 09:04:00,116.584731118182
11-17-2024 09:14:00,115.059078441356
11-17-2024 09:24:00,115.925373507395
11-17-2024 09:34:00,115.839905093811
11-17-2024 09:44:00,117.184892635859
11-17-2024 09:54:00,114.611069188882
11-17-2024 10:04:00,115.200492568117
11-17-2024 10:14:00,115.407142723432
11-17-2024 10:24:00,115.140073281845
11-17-2024 10:34:00,114.777103213682
11-17-2024 10:44:00,114.423905056773
11-17-2024 10:54:00,114.549716529255
11-17-2024 11:04:00,113.711883207163
11-17-2024 11:14:00,115.659763811591
11-17-2024 11:24:00,115.871944066522
11-17-2024 11:34:00,114.06929210976
11-17-2024 11:44:00,115.043972355
11-17-2024 11:54:00,115.352137864855
11-17-2024 12:04:00,115.079386226449
11-17-2024 12:14:00,113.366277035821
11-17-2024 12:24:00,114.528635186856
11-17-2024 12:34:00,114.255632515855
11-17-2024 12:44:00,115.221282687499
11-17-2024 12:54:00,114.078787699961
11-17-2024 13:04:00,116.293447576237
11-17-2024 13:14:00,114.286198307894
11-17-2024 13:24:00,114.104160341792
11-17-2024 13:34:00,114.589778708216
11-17-2024 13:44:00,114.311645406545
11-17-2024 13:54:00,113.168430005898
11-17-2024 14:04:00,114.903683746399
11-17-2024 14:14:00,115.591856775204
11-17-2024 14:24:00,113.967681874861
11-17-2024 14:34:00,114.170117324107
11-17-2024 14:44:00,113.790650156346
11-17-2024 14:54:00,113.993103898734
11-17-2024 15:04:00,114.863875914578
11-17-2024 15:14:00,115.350015167336
11-17-2024 15:24:00,112.849479614389
11-17-2024 15:34:00,112.950785792648
11-17-2024 15:44:00,114.110233927667
11-17-2024 15:54:00,113.437104414121
11-17-2024 16:04:00,113.052557595739
11-17-2024 16:14:00,112.095707656644
11-17-2024 16:24:00,112.576933401689
11-17-2024 16:34:00,113.640295926278
11-17-2024 16:44:00,113.255715155404
11-17-2024 16:54:00,113.159749062266
11-17-2024 17:04:00,113.82846624594
11-17-2024 17:14:00,111.904731914401
11-17-2024 17:24:00,113.155561396733
11-17-2024 17:34:00,112.001422111544
11-17-2024 17:44:00,112.28053527912
11-17-2024 17:54:00,111.982523701345
11-17-2024 18:04:00,111.881756520892
11-17-2024 18:14:00,112.930104628947
11-17-2024 18:24:00,112.920562959732
11-17-2024 18:34:00,111.656373988801
11-17-2024 18:44:00,111.358607673567
11-17-2024 18:54:00,111.536657109967
11-17-2024 19:04:00,112.099019065677
11-17-2024 19:14:00,111.700432617881
11-17-2024 19:24:00,110.725618081577
11-17-2024 19:34:00,112.344330963734
11-17-2024 19:44:00,111.662646497299
11-17-2024 19:54:00,110.885091824134
11-17-2024 20:04:00,110.971825093844
11-17-2024 20:14:00,111.240948486494
11-17-2024 20:24:00,111.807522066147
11-17-2024 20:34:00,111.121570084368
11-17-2024 20:44:00,110.52704046551
11-17-2024 20:54:00,112.719403159216
11-17-2024 21:04:00,112.033685821288
11-17-2024 21:14:00,112.503812366147
11-17-2024 21:24:00,112.101140690417
11-17-2024 21:34:00,112.182786864236
11-17-2024 21:44:00,112.072711641906
11-17-2024 21:54:00,111.200803262335
11-17-2024 22:04:00,110.712398224551
11-17-2024 22:14:00,111.081672170791
11-17-2024 22:24:00,111.843650223815
11-17-2024 22:34:00,110.785332900054
11-17-2024 22:44:00,110.685088814376
11-17-2024 22:54:00,111.351179104991
11-17-2024 23:04:00,111.054572510519
11-17-2024 23:14:00,109.134630911507
11-17-2024 23:24:00,110.94989442186
11-17-2024 23:34:00,110.366128916324
11-17-2024 23:44:00,111.510756491163
11-17-2024 23:54:00,110.548806767035
11-18-2024 00:04:00,110.635382167944
11-18-2024 00:14:00,112.16267721823
11-18-2024 00:24:00,111.10518359852
11-18-2024 00:34:00,109.851658428538
11-18-2024 00:44:00,110.995822834677
11-18-2024 00:54:00,108.694459931091
11-18-2024 01:04:00,110.508469021362
11-18-2024 01:14:00,110.590275067067
11-18-2024 01:24:00,109.629085215488
11-18-2024 01:34:00,110.294461585857
11-18-2024 01:44:00,110.476684049543
11-18-2024 01:54:00,110.567959037922
11-18-2024 02:04:00,109.2244323928
11-18-2024 02:14:00,109.602713686303
11-18-2024 02:24:00,110.076597893269
11-18-2024 02:34:00,109.020238319407
11-18-2024 02:44:00,109.403153031855
11-18-2024 02:54:00,109.303211582342
11-18-2024 03:04:00,109.681416235513
11-18-2024 03:14:00,110.059581440826
11-18-2024 03:24:00,110.432973297438
11-18-2024 03:34:00,110.333011529511
11-18-2024 03:44:00,110.706316084848
11-18-2024 03:54:00,109.741358288308
11-18-2024 04:04:00,109.737047991859
11-18-2024 04:14:00,109.732740384953
11-18-2024 04:24:00,110.397416170279
11-18-2024 04:34:00,111.248371782751
11-18-2024 04:44:00,109.242042943942
11-18-2024 04:54:00,110.666322337495
11-18-2024 05:04:00,110.661976111158
11-18-2024 05:14:00,110.270763271306
11-18-2024 05:24:00,108.255775876681
11-18-2024 05:34:00,109.775135153874
11-18-2024 05:44:00,109.866354141802
11-18-2024 05:54:00,110.998551008985
11-18-2024 06:04:00,108.51160365742
11-18-2024 06:14:00,109.362040447125
11-18-2024 06:24:00,109.835131257646
11-18-2024 06:34:00,109.549141035105
11-18-2024 06:44:00,108.967455338435
11-18-2024 06:54:00,110.585933350708
11-18-2024 07:04:00,108.672666061441
11-18-2024 07:14:00,109.441344153747
11-18-2024 07:24:00,108.482622442994
11-18-2024 07:34:00,110.005515409196
11-18-2024 07:44:00,109.819752730325
11-18-2024 07:54:00,108.765626956033
11-18-2024 08:04:00,109.534278667823
11-18-2024 08:14:00,108.680314773252
11-18-2024 08:24:00,107.630771101569
11-18-2024 08:34:00,108.685826305969
11-18-2024 08:44:00,106.786154067355
11-18-2024 08:54:00,107.168476007622
11-18-2024 09:04:00,109.278563623576
11-18-2024 09:14:00,107.092075443653
11-18-2024 09:24:00,109.111777440483
11-18-2024 09:34:00,107.024730249434
11-18-2024 09:44:00,108.567406445329
11-18-2024 09:54:00,107.530666018985
11-18-2024 10:04:00,107.735977927114
11-18-2024 10:14:00,106.698761738458
11-18-2024 10:24:00,108.529212294264
11-18-2024 10:34:00,108.356951412872
11-18-2024 10:44:00,106.367411356424
11-18-2024 10:54:00,106.390441362529
11-18-2024 11:04:00,106.513701783435
11-18-2024 11:14:00,106.632516644097
11-18-2024 11:24:00,107.517424193492
11-18-2024 11:34:00,106.770030409613
11-18-2024 11:44:00,105.634650133047
11-18-2024 11:54:00,105.557234935997
11-18-2024 12:04:00,106.52941643327
11-18-2024 12:14:00,106.064276662695
11-18-2024 12:24:00,105.982420389924
11-18-2024 12:34:00,106.47578766507
11-18-2024 12:44:00,105.435069839451
11-18-2024 12:54:00,106.408046723466
11-18-2024 13:04:00,105.074757701649
11-18-2024 13:14:00,105.86057712267
11-18-2024 13:24:00,105.010983600842
11-18-2024 13:34:00,106.080513777089
11-18-2024 13:44:00,105.038706726774
11-18-2024 13:54:00,105.436586255377
11-18-2024 14:04:00,104.965988454296
11-18-2024 14:14:00,104.307655764467
11-18-2024 14:24:00,104.129329071699
11-18-2024 14:34:00,104.811046010195
11-18-2024 14:44:00,105.10865284942
11-18-2024 14:54:00,103.00441777894
11-18-2024 15:04:00,102.153147511425
11-18-2024 15:14:00,104.084332306641
11-18-2024 15:24:00,102.948995585245
11-18-2024 15:34:00,103.919565042268
11-18-2024 15:44:00,103.067936238641
11-18-2024 15:54:00,101.542858328897
11-18-2024 16:04:00,103.567281536062
11-18-2024 16:14:00,103.379848180864
11-18-2024 16:24:00,103.292943430977
11-18-2024 16:34:00,102.821226120962
11-18-2024 16:44:00,103.21093077982
11-18-2024 16:54:00,104.855856379593
11-18-2024 17:04:00,103.417559675269
11-18-2024 17:14:00,102.84513511888
11-18-2024 17:24:00,103.908573339787
11-18-2024 17:34:00,103.528589092372
11-18-2024 17:44:00,102.089908327254
11-18-2024 17:54:00,103.149128812037
11-18-2024 18:04:00,102.957211970194
11-18-2024 18:14:00,101.99536530148
11-18-2024 18:24:00,103.054592304465
11-18-2024 18:34:00,103.343889480579
11-18-2024 18:44:00,103.055739829722
11-18-2024 18:54:00,102.474546613676
11-18-2024 19:04:00,102.663266710748
11-18-2024 19:14:00,101.609581689538
11-18-2024 19:24:00,101.990815802149
11-18-2024 19:34:00,102.953709823001
11-18-2024 19:44:00,102.27206314496
11-18-2024 19:54:00,102.556989040377
11-18-2024 20:04:00,103.996399590424
11-18-2024 20:14:00,103.419736996133
11-18-2024 20:24:00,103.704574399319
11-18-2024 20:34:00,103.416560643388
11-18-2024 20:44:00,103.513365733528
11-18-2024 20:54:00,103.028598115613
11-18-2024 21:04:00,103.22596159034
11-18-2024 21:14:00,103.418977367017
11-18-2024 21:24:00,104.093016158099
11-18-2024 21:34:00,102.939177923565
11-18-2024 21:44:00,102.651179376774
11-18-2024 21:54:00,101.597820039215
11-18-2024 22:04:00,102.372427851832
11-18-2024 22:14:00,103.908086810885
11-18-2024 22:24:00,103.235242962489
11-18-2024 22:34:00,102.754820286126
11-18-2024 22:44:00,104.872056273021
11-18-2024 22:54:00,102.471766792797
11-18-2024 23:04:00,104.199850282912
11-18-2024 23:14:00,103.142179299592
11-18-2024 23:24:00,103.046605485496
11-18-2024 23:34:00,104.009338340273
11-18-2024 23:44:00,104.582799715256
11-18-2024 23:54:00,104.102421077341
11-22-2024 00:00:00,100.515354666472
11-22-2024 00:10:00,96.6772240077755
11-22-2024 00:20:00,102.119401672935
11-22-2024 00:30:00,96.6512678513204
11-22-2024 00:40:00,101.609950396516
11-22-2024 00:50:00,101.881339409671
11-22-2024 01:00:00,96.6063447960485
11-22-2024 01:10:00,96.5436041616394
11-22-2024 01:20:00,101.643592562214
11-22-2024 01:30:00,101.914928619134
11-22-2024 01:40:00,96.4511550946296
11-22-2024 01:50:00,96.4363164753652
11-22-2024 02:00:00,101.586289171234
11-22-2024 02:10:00,96.4107831014643
11-22-2024 02:20:00,101.173387831523
11-22-2024 02:30:00,96.3812501067055
11-22-2024 02:40:00,96.3665149019896
11-22-2024 02:50:00,96.3518005582587
11-22-2024 03:00:00,96.3371070749203
11-22-2024 03:10:00,96.3224344513819
11-22-2024 03:20:00,100.986526751731
11-22-2024 03:30:00,96.2931517813374
11-22-2024 03:40:00,96.2785417336479
11-22-2024 03:50:00,96.2162260065208
11-22-2024 04:00:00,99.971644778907
11-22-2024 04:10:00,100.715827720318
11-22-2024 04:20:00,96.1208241418035
11-22-2024 04:30:00,96.1022667228587
11-22-2024 04:40:00,100.662207450618
11-22-2024 04:50:00,96.0652211353775
11-22-2024 05:00:00,96.0507919809662
11-22-2024 05:10:00,96.0282678685356
11-22-2024 05:20:00,96.0098258503948
11-22-2024 05:30:00,100.852030896218
11-22-2024 05:40:00,101.010426158958
11-22-2024 05:50:00,100.718386792761
11-22-2024 06:00:00,95.940339504218
11-22-2024 06:10:00,95.9260616190702
11-22-2024 06:20:00,95.9077553508888
11-22-2024 06:30:00,100.559688982267
11-22-2024 06:40:00,101.111933418018
11-22-2024 06:50:00,95.8610658259258
11-22-2024 07:00:00,95.8509391575779
11-22-2024 07:10:00,99.7394201366729
11-22-2024 07:20:00,95.8267000045769
11-22-2024 07:30:00,100.575418930666
11-22-2024 07:40:00,95.8065841184197
11-22-2024 07:50:00,95.7489727894731
11-22-2024 08:00:00,100.26335785903
11-22-2024 08:10:00,97.5927819712355
11-22-2024 08:20:00,99.5853247665031
11-22-2024 08:30:00,99.6788375632172
11-22-2024 08:40:00,95.6798238300595
11-22-2024 08:50:00,99.9696823932481
11-22-2024 09:00:00,100.257985929811
11-22-2024 09:10:00,98.6463313239821
11-22-2024 09:20:00,98.648925959865
11-22-2024 09:30:00,98.9414783079542
11-22-2024 09:40:00,98.4678767347129
11-22-2024 09:50:00,99.7174848539336
11-22-2024 10:00:00,98.2124527421518
11-22-2024 10:10:00,98.2276676649546
11-22-2024 10:20:00,98.2512944407854
11-22-2024 10:30:00,97.3209042027751
11-22-2024 10:40:00,98.2032303236413
11-22-2024 10:50:00,98.7001203628554
11-22-2024 11:00:00,96.7059893638131
11-22-2024 11:10:00,98.0540654515597
11-22-2024 11:20:00,97.8699833034465
11-22-2024 11:30:00,97.4947660126271
11-22-2024 11:40:00,98.1664457854462
11-22-2024 11:50:00,98.8425289371806
11-22-2024 12:00:00,97.41172484474
11-22-2024 12:10:00,97.7013355925675
11-22-2024 12:20:00,98.1822414328281
11-22-2024 12:30:00,98.6675023487894
11-22-2024 12:40:00,97.339996367868
11-22-2024 12:50:00,96.4943557739854
11-22-2024 13:00:00,96.3222407810649
11-22-2024 13:10:00,96.528845424492
11-22-2024 13:20:00,96.8313392046731
11-22-2024 13:30:00,95.9805774180698
11-22-2024 13:40:00,96.3706898782339
11-22-2024 13:50:00,97.8106259511163
11-22-2024 14:00:00,96.8638992674614
11-22-2024 14:10:00,94.7626333445946
11-22-2024 14:20:00,96.2907949004638
11-22-2024 14:30:00,97.6231155208249
11-22-2024 14:40:00,95.126268131018
11-22-2024 14:50:00,95.7959943195747
11-22-2024 15:00:00,96.2700171176485
11-22-2024 15:10:00,95.9814522102303
11-22-2024 15:20:00,93.9676054719811
11-22-2024 15:30:00,93.7747744501269
11-22-2024 15:40:00,95.4991196778554
11-22-2024 15:50:00,94.2518851087835
11-22-2024 16:00:00,93.6637092880658
11-22-2024 16:10:00,94.0500728885359
11-22-2024 16:20:00,95.1954298314003
11-22-2024 16:30:00,94.6152504410504
11-22-2024 16:40:00,94.9977763907186
11-22-2024 16:50:00,93.7465169916361
11-22-2024 17:00:00,95.0837526861314
11-22-2024 17:10:00,94.6913282556573
11-22-2024 17:20:00,94.0153800042374
11-22-2024 17:30:00,95.3566643446553
11-22-2024 17:40:00,94.9683256159989
11-22-2024 17:50:00,94.9634838829708
11-22-2024 18:00:00,96.0173285932902
11-22-2024 18:10:00,94.1909042320953
11-22-2024 18:20:00,96.6788638926088
11-22-2024 18:30:00,95.3318515465315
11-22-2024 18:40:00,94.0767358584047
11-22-2024 18:50:00,95.2183820415479
11-22-2024 19:00:00,96.0723440097293
11-22-2024 19:10:00,94.8134132016756
11-22-2024 19:20:00,96.5216163692811
11-22-2024 19:30:00,96.0336983604728
11-22-2024 19:40:00,96.0249620648095
11-22-2024 19:50:00,95.2456516383311
11-22-2024 20:00:00,95.2410577574534
11-22-2024 20:10:00,97.431778466994
11-22-2024 20:20:00,95.9820084813676
11-22-2024 20:30:00,95.4944464159847
11-22-2024 20:40:00,96.0605319719912
11-22-2024 20:50:00,93.7533450789523
11-22-2024 21:00:00,95.4687293859025
11-22-2024 21:10:00,95.6558069680797
11-22-2024 21:20:00,95.838809593978
11-22-2024 21:30:00,93.3445305962194
11-22-2024 21:40:00,95.8299840776734
11-22-2024 21:50:00,95.6340724788591
11-22-2024 22:00:00,95.2466525066078
11-22-2024 22:10:00,97.2533445872443
11-22-2024 22:20:00,96.6744353071061
11-22-2024 22:30:00,96.1913088120115
11-22-2024 22:40:00,95.9954925409474
11-22-2024 22:50:00,97.0404614523078
11-22-2024 23:00:00,96.7447895058441
11-22-2024 23:10:00,96.5449166443093
11-22-2024 23:20:00,95.387658477818
11-22-2024 23:30:00,96.0536631376843
11-22-2024 23:40:00,96.5240676713205
11-22-2024 23:50:00,97.3815481347919
11-23-2024 00:00:00,96.2162122807706
11-23-2024 00:10:00,96.6948456270142
11-23-2024 00:20:00,94.9676658146586
11-23-2024 00:30:00,97.5482091573002
11-23-2024 00:40:00,98.0227828995399
11-23-2024 00:50:00,96.7701456031995
11-23-2024 01:00:00,97.3404525663852
11-23-2024 01:10:00,96.1919087630881
11-23-2024 01:20:00,96.0921982222684
11-23-2024 01:30:00,95.8967799894554
11-23-2024 01:40:00,96.3714681249953
11-23-2024 01:50:00,95.9846345081959
11-23-2024 02:00:00,96.559225901174
11-23-2024 02:10:00,96.2722643252947
11-23-2024 02:20:00,95.7938054035132
11-23-2024 02:30:00,95.4069846995481
11-23-2024 02:40:00,96.3647085672384
11-23-2024 02:50:00,96.839635749728
11-23-2024 03:00:00,96.4487166633017
11-23-2024 03:10:00,95.6790018419977
11-23-2024 03:20:00,97.1072148087098
11-23-2024 03:30:00,97.3823186103331
11-23-2024 03:40:00,95.7430559404214
11-23-2024 03:50:00,96.21381798189
11-23-2024 04:00:00,95.6276960294938
11-23-2024 04:10:00,96.2856892670159
11-23-2024 04:20:00,94.8345674466891
11-23-2024 04:30:00,95.2930382706814
11-23-2024 04:40:00,96.7242295860163
11-23-2024 04:50:00,97.8600605158354
11-23-2024 05:00:00,96.8959154088556
11-23-2024 05:10:00,96.9838454701378
11-23-2024 05:20:00,96.3982692321355
11-23-2024 05:30:00,96.5777264933982
11-23-2024 05:40:00,94.5623842448838
11-23-2024 05:50:00,96.5583555012833
11-23-2024 06:00:00,96.550768498177
11-23-2024 06:10:00,97.4948568182166
11-23-2024 06:20:00,95.7669259028621
11-23-2024 06:30:00,95.2693988167236
11-23-2024 06:40:00,96.5040793136228
11-23-2024 06:50:00,96.3137523225446
11-23-2024 07:00:00,97.261770204286
11-23-2024 07:10:00,94.7782540074945
11-23-2024 07:20:00,97.1679495667746
11-23-2024 07:30:00,95.5401826360754
11-23-2024 07:40:00,96.2099489463092
11-23-2024 07:50:00,95.7329843570228
11-23-2024 08:00:00,96.5940217367856
11-23-2024 08:10:00,95.9259062291861
11-23-2024 08:20:00,98.0339066266142
11-23-2024 08:30:00,95.3623787459233
11-23-2024 08:40:00,95.2677031265603
11-23-2024 08:50:00,95.1811672543966
11-23-2024 09:00:00,96.7121517545988
11-23-2024 09:10:00,95.3784465109686
11-23-2024 09:20:00,95.4791818422451
11-23-2024 09:30:00,96.1497868084152
11-23-2024 09:40:00,96.1549996489961
11-23-2024 09:50:00,96.7448125383889
11-23-2024 10:00:00,97.3346444933316
11-23-2024 10:10:00,94.6800687594871
11-23-2024 10:20:00,94.7094881300117
11-23-2024 10:30:00,95.5973476610855
11-23-2024 10:40:00,94.952087864383
11-23-2024 10:50:00,96.4120303176259
11-23-2024 11:00:00,96.4257459441146
11-23-2024 11:10:00,96.3435496180696
11-23-2024 11:20:00,95.3017416266019
11-23-2024 11:30:00,94.7393971134897
11-23-2024 11:40:00,94.1768241453389
11-23-2024 11:50:00,95.6305109029484
11-23-2024 12:00:00,94.3875292241327
11-23-2024 12:10:00,95.2572712372846
11-23-2024 12:20:00,96.7077283180347
11-23-2024 12:30:00,94.5037327855615
11-23-2024 12:40:00,95.3779837508625
11-23-2024 12:50:00,94.5186378299984
11-23-2024 13:00:00,95.2009457816486
11-23-2024 13:10:00,94.8382926048451
11-23-2024 13:20:00,93.9824495078426
11-23-2024 13:30:00,93.5190555961706
11-23-2024 13:40:00,95.2642662650563
11-23-2024 13:50:00,95.374346898176
11-23-2024 14:00:00,95.0032356963813
11-23-2024 14:10:00,94.3512645427834
11-23-2024 14:20:00,95.4202312790255
11-23-2024 14:30:00,93.8890349831512
11-23-2024 14:40:00,94.8579046406824
11-23-2024 14:50:00,96.1035628137689
11-23-2024 15:00:00,93.8055239769569
11-23-2024 15:10:00,96.0314595795901
11-23-2024 15:20:00,96.2301180506898
11-23-2024 15:30:00,95.1758948450834
11-23-2024 15:40:00,97.0173973161279
11-23-2024 15:50:00,95.954711080551
11-23-2024 16:00:00,95.3822590866293
11-23-2024 16:10:00,96.2476367082093
11-23-2024 16:20:00,96.3459466395966
11-23-2024 16:30:00,95.6605442542099
11-23-2024 16:40:00,96.9157404753535
11-23-2024 16:50:00,95.5638293446032
11-23-2024 17:00:00,95.6621780613173
11-23-2024 17:10:00,95.6600055052943
11-23-2024 17:20:00,93.8300458641145
11-23-2024 17:30:00,94.5028366189145
11-23-2024 17:40:00,95.6577358533524
11-23-2024 17:50:00,95.2740806901333
11-23-2024 18:00:00,95.5612731753986
11-23-2024 18:10:00,96.2341776775981
11-23-2024 18:20:00,96.8106780075017
11-23-2024 18:30:00,94.8842849151968
11-23-2024 18:40:00,95.4608555099405
11-23-2024 18:50:00,94.7838734551321
11-23-2024 19:00:00,94.6814010416981
11-23-2024 19:10:00,94.7758805101216
11-23-2024 19:20:00,95.2560719954793
11-23-2024 19:30:00,94.9689936954807
11-23-2024 19:40:00,95.4492500900552
11-23-2024 19:50:00,95.5479408206235
11-23-2024 20:00:00,94.3970170771411
11-23-2024 20:10:00,95.6489683318441
11-23-2024 20:20:00,96.825502031547
11-23-2024 20:30:00,95.8631455874641
11-23-2024 20:40:00,95.2907483235045
11-23-2024 20:50:00,96.3587138596365
11-23-2024 21:00:00,95.6897743335832
11-23-2024 21:10:00,94.6346265782442
11-23-2024 21:20:00,95.9925251852327
11-23-2024 21:30:00,94.4585841694223
11-23-2024 21:40:00,96.7866579780373
11-23-2024 21:50:00,95.5421131262458
11-23-2024 22:00:00,95.3597164654195
11-23-2024 22:10:00,95.7610954096987
11-23-2024 22:20:00,95.7678165975602
11-23-2024 22:30:00,96.2577483387792
11-23-2024 22:40:00,97.9075928399786
11-23-2024 22:50:00,95.8930859725757
11-23-2024 23:00:00,96.3791198276223
11-23-2024 23:10:00,96.3902005735822
11-23-2024 23:20:00,96.3004112162717
11-23-2024 23:30:00,95.0459458070558
11-23-2024 23:40:00,96.1083037963249
11-23-2024 23:50:00,96.788062082524
12-03-2024 00:04:10,104.009171972708
12-03-2024 00:14:10,103.811055772131
12-03-2024 00:24:10,103.809311449844
12-03-2024 00:34:10,104.188954703182
12-03-2024 00:44:10,103.028137017881
12-03-2024 00:54:10,104.274147538855
12-03-2024 01:04:10,105.423629182759
12-03-2024 01:14:10,104.840508556685
12-03-2024 01:24:10,104.638647910566
12-03-2024 01:34:10,105.017923530481
12-03-2024 01:44:10,105.781931370572
12-03-2024 01:54:10,104.333318826473
12-03-2024 02:04:10,104.323997171707
12-03-2024 02:14:10,105.660939997354
12-03-2024 02:24:10,104.309132633702
12-03-2024 02:34:10,103.919026704853
12-03-2024 02:44:10,105.640014995243
12-03-2024 02:54:10,105.249869028584
12-03-2024 03:04:10,104.75991326043
12-03-2024 03:14:10,105.330842302779
12-03-2024 03:24:10,104.360652825263
12-03-2024 03:34:10,104.835406989724
12-03-2024 03:44:10,103.196959733804
12-03-2024 03:54:10,105.588685027625
12-03-2024 04:04:10,105.195096116323
12-03-2024 04:14:10,105.189457496743
12-03-2024 04:24:10,105.471809856141
12-03-2024 04:34:10,104.694468776778
12-03-2024 04:44:10,105.840528717662
12-03-2024 04:54:10,103.531790547612
12-03-2024 05:04:10,105.061520701093
12-03-2024 05:14:10,105.343713729825
12-03-2024 05:24:10,104.570638728555
12-03-2024 05:34:10,103.701817028823
12-03-2024 05:44:10,105.039037680875
12-03-2024 05:54:10,104.745731174213
12-03-2024 06:04:10,105.603113479026
12-03-2024 06:14:10,103.388607143954
12-03-2024 06:24:10,104.525942480647
12-03-2024 06:34:10,104.520382674493
12-03-2024 06:44:10,103.257980900825
12-03-2024 06:54:10,103.348363429569
12-03-2024 07:04:10,104.205046724974
12-03-2024 07:14:10,104.774201870583
12-03-2024 07:24:10,104.485071651363
12-03-2024 07:34:10,104.379999268644
12-03-2024 07:44:10,103.991466848628
12-03-2024 07:54:10,104.085444337407
12-03-2024 08:04:10,104.179410850267
12-03-2024 08:14:10,102.841054831849
12-03-2024 08:24:10,104.662029386405
12-03-2024 08:34:10,103.710337878257
12-03-2024 08:44:10,103.907514854049
12-03-2024 08:54:10,103.916934922085
12-03-2024 09:04:10,104.213662813572
12-03-2024 09:14:10,101.928026344666
12-03-2024 09:24:10,102.795718370832
12-03-2024 09:34:10,104.529427631104
12-03-2024 09:44:10,102.81798189611
12-03-2024 09:54:10,103.321208713372
12-03-2024 10:04:10,103.057726331331
12-03-2024 10:14:10,102.88997900291
12-03-2024 10:24:10,102.914005616532
12-03-2024 10:34:10,101.118093483066
12-03-2024 10:44:10,103.645318722534
12-03-2024 10:54:10,103.573562164986
12-03-2024 11:04:10,101.188488569335
12-03-2024 11:14:10,102.450409011948
12-03-2024 11:24:10,102.075266977643
12-03-2024 11:34:10,101.504205925663
12-03-2024 11:44:10,101.513370188473
12-03-2024 11:54:10,101.522535221085
12-03-2024 12:04:10,100.285418535971
12-03-2024 12:14:10,101.252414934839
12-03-2024 12:24:10,100.296393144397
12-03-2024 12:34:10,101.359656724508
12-03-2024 12:44:10,101.464974898687
12-03-2024 12:54:10,100.793712751862
12-03-2024 13:04:10,101.280112336643
12-03-2024 13:14:10,101.189467678416
12-03-2024 13:24:10,100.910011699821
12-03-2024 13:34:10,99.5722466684794
12-03-2024 13:44:10,101.117040398552
12-03-2024 13:54:10,99.2017524940032
12-03-2024 14:04:10,100.935652852274
12-03-2024 14:14:10,100.363814948492
12-03-2024 14:24:10,99.3107584549208
12-03-2024 14:34:10,99.7973628137925
12-03-2024 14:44:10,99.7030607410316
12-03-2024 14:54:10,98.5501600240389
12-03-2024 15:04:10,98.748021780495
12-03-2024 15:14:10,99.8086098875197
12-03-2024 15:24:10,100.102797236788
12-03-2024 15:34:10,98.6644770778597
12-03-2024 15:44:10,98.8623740207444
12-03-2024 15:54:10,100.019392412324
12-03-2024 16:04:10,99.6362898462791
12-03-2024 16:14:10,98.3868688792102
12-03-2024 16:24:10,98.8735460906916
12-03-2024 16:34:10,98.2978940003439
12-03-2024 16:44:10,99.4584685697262
12-03-2024 16:54:10,98.2089055140078
12-03-2024 17:04:10,97.6332189119767
12-03-2024 17:14:10,97.8276769467673
12-03-2024 17:24:10,98.4106448233978
12-03-2024 17:34:10,98.0240541653185
12-03-2024 17:44:10,98.1256634545322
12-03-2024 17:54:10,98.7945782620732
12-03-2024 18:04:10,98.1260774149731
12-03-2024 18:14:10,98.0351425147445
12-03-2024 18:24:10,97.6519642993028
12-03-2024 18:34:10,98.0389734279817
12-03-2024 18:44:10,99.7773240949929
12-03-2024 18:54:10,98.1424968516061
12-03-2024 19:04:10,98.0481305487854
12-03-2024 19:14:10,99.2088700218952
12-03-2024 19:24:10,99.403349323414
12-03-2024 19:34:10,98.3495669362522
12-03-2024 19:44:10,97.4848703179361
12-03-2024 19:54:10,98.0679340764815
12-03-2024 20:04:10,99.3251630363451
12-03-2024 20:14:10,98.7527247136312
12-03-2024 20:24:10,98.5654654670523
12-03-2024 20:34:10,96.9334406506049
12-03-2024 20:44:10,99.3502304979763
12-03-2024 20:54:10,100.415279299795
12-03-2024 21:04:10,98.4939787723206
12-03-2024 21:14:10,98.4064184225061
12-03-2024 21:24:10,98.1261193493686
12-03-2024 21:34:10,99.4840419327971
12-03-2024 21:44:10,100.456743149896
12-03-2024 21:54:10,97.8665970848454
12-03-2024 22:04:10,98.9392625964844
12-03-2024 22:14:10,98.565855218949
12-03-2024 22:24:10,100.510551567843
12-03-2024 22:34:10,99.9443256510396
12-03-2024 22:44:10,99.2814272878704
12-03-2024 22:54:10,99.4867908261549
12-03-2024 23:04:10,97.9549628446897
12-03-2024 23:14:10,99.4115674911499
12-03-2024 23:24:10,100.006737248492
12-03-2024 23:34:10,100.40192310679
12-03-2024 23:44:10,100.12121930068
12-03-2024 23:54:10,99.6472941986952
12-04-2024 00:04:10,99.5561116312361
12-04-2024 00:14:10,100.820750588944
12-04-2024 00:24:10,100.343214759952
12-04-2024 00:34:10,99.1893851041036
12-04-2024 00:44:10,100.937343302916
12-04-2024 00:54:10,100.652948021853
12-04-2024 01:04:10,100.368520045549
12-04-2024 01:14:10,101.147017406966
12-04-2024 01:24:10,100.282755625111
12-04-2024 01:34:10,101.15797611667
12-04-2024 01:44:10,99.7102059342258
12-04-2024 01:54:10,100.875387367181
12-04-2024 02:04:10,102.137351568533
12-04-2024 02:14:10,102.429190715745
12-04-2024 02:24:10,101.564801829817
12-04-2024 02:34:10,103.113228306973
12-04-2024 02:44:10,102.732151566053
12-04-2024 02:54:10,102.444030701886
12-04-2024 03:04:10,104.189638213981
12-04-2024 03:14:10,101.291403772706
12-04-2024 03:24:10,101.583285559206
12-04-2024 03:34:10,102.354852107242
12-04-2024 03:44:10,102.263716861264
12-04-2024 03:54:10,102.845606804461
12-04-2024 04:04:10,102.75080442267
12-04-2024 04:14:10,103.816043778453
12-04-2024 04:24:10,101.204213291498
12-04-2024 04:34:10,102.362391543501
12-04-2024 04:44:10,103.040872208508
12-04-2024 04:54:10,103.135687635262
12-04-2024 05:04:10,103.037194509715
12-04-2024 05:14:10,102.749110481666
12-04-2024 05:24:10,103.6170760862
12-04-2024 05:34:10,103.035375524236
12-04-2024 05:44:10,103.230510929397
12-04-2024 05:54:10,102.74549546447
12-04-2024 06:04:10,102.743669220609
12-04-2024 06:14:10,102.74184255857
12-04-2024 06:24:10,102.740015478283
12-04-2024 06:34:10,102.355405223206
12-04-2024 06:44:10,103.319708795559
12-04-2024 06:54:10,102.061974170536
12-04-2024 07:04:10,104.378589548429
12-04-2024 07:14:10,102.444770328336
12-04-2024 07:24:10,103.702355469348
12-04-2024 07:34:10,104.380370301771
12-04-2024 07:44:10,101.870752164099
12-04-2024 07:54:10,103.12833482035
12-04-2024 08:04:10,103.90668825536
12-04-2024 08:14:10,103.912281971914
12-04-2024 08:24:10,102.658254645009
12-04-2024 08:34:10,102.080466133724
12-04-2024 08:44:10,102.858843954792
12-04-2024 08:54:10,102.960992466617
12-04-2024 09:04:10,104.222612830087
12-04-2024 09:14:10,103.741346021602
12-04-2024 09:24:10,102.394144464453
12-04-2024 09:34:10,103.752503272829
12-04-2024 09:44:10,102.79170200187
12-04-2024 09:54:10,101.351180858193
12-04-2024 10:04:10,102.713461701236
12-04-2024 10:14:10,101.763216409147
12-04-2024 10:24:10,101.493078156944
12-04-2024 10:34:10,100.445351530907
12-04-2024 10:44:10,101.819566007055
12-04-2024 10:54:10,102.033144100479
12-04-2024 11:04:10,101.468739748796
12-04-2024 11:14:10,101.581867898313
12-04-2024 11:24:10,101.885100063906
12-04-2024 11:34:10,102.378481251782
12-04-2024 11:44:10,101.906970272841
12-04-2024 11:54:10,102.504722907408
12-04-2024 12:04:10,100.970653781175
12-04-2024 12:14:10,101.367361617015
12-04-2024 12:24:10,101.476973762439
12-04-2024 12:34:10,101.780533889321
12-04-2024 12:44:10,101.013899415392
12-04-2024 12:54:10,101.895718581443
12-04-2024 13:04:10,100.065589681589
12-04-2024 13:14:10,100.563098326756
12-04-2024 13:24:10,100.766107869691
12-04-2024 13:34:10,100.390531523964
12-04-2024 13:44:10,100.784087183372
12-04-2024 13:54:10,100.214308520572
12-04-2024 14:04:10,99.2490334117178
12-04-2024 14:14:10,99.7397021605785
12-04-2024 14:24:10,101.104105298206
12-04-2024 14:34:10,99.5562286513933
12-04-2024 14:44:10,100.431772878467
12-04-2024 14:54:10,99.0744522466684
12-04-2024 15:04:10,100.147707438606
12-04-2024 15:14:10,100.048888201071
12-04-2024 15:24:10,99.2775530245921
12-04-2024 15:34:10,99.3729430806971
12-04-2024 15:44:10,98.9794591562204
12-04-2024 15:54:10,99.463107775023
12-04-2024 16:04:10,100.53262835048
12-04-2024 16:14:10,99.0784642958498
12-04-2024 16:24:10,98.8826629147266
12-04-2024 16:34:10,101.0125796412
12-04-2024 16:44:10,99.7527542356363
12-04-2024 16:54:10,99.6469490981798
12-04-2024 17:04:10,100.126820652458
12-04-2024 17:14:10,100.121531905849
12-04-2024 17:24:10,100.597671049726
12-04-2024 17:34:10,99.4285292945264
12-04-2024 17:44:10,99.1393789273313
12-04-2024 17:54:10,99.1376891896058
12-04-2024 18:04:10,98.9350997896826
12-04-2024 18:14:10,100.193853286927
12-04-2024 18:24:10,99.0252111970207
12-04-2024 18:34:10,99.6985888370365
12-04-2024 18:44:10,99.689831587252
12-04-2024 18:54:10,100.657239572221
12-04-2024 19:04:10,99.5824580755674
12-04-2024 19:14:10,99.0928016261861
12-04-2024 19:24:10,100.440326004412
12-04-2024 19:34:10,100.9157169188
12-04-2024 19:44:10,99.2640159032078
12-04-2024 19:54:10,97.9031788582342
12-04-2024 20:04:10,98.5724393061157
12-04-2024 20:14:10,100.596669662876
12-04-2024 20:24:10,101.458822099687
12-04-2024 20:34:10,100.478554967703
12-04-2024 20:44:10,100.666734838861
12-04-2024 20:54:10,99.4970106623927
12-04-2024 21:04:10,99.0944767158399
12-04-2024 21:14:10,101.413645333572
12-04-2024 21:24:10,101.110973307081
12-04-2024 21:34:10,99.1652254178034
12-04-2024 21:44:10,100.506033495977
12-04-2024 21:54:10,100.50071295109
12-04-2024 22:04:10,100.005268247911
12-04-2024 22:14:10,99.416947256341
12-04-2024 22:24:10,99.0254343738935
12-04-2024 22:34:10,99.016815987024
12-04-2024 22:44:10,99.4909330795353
12-04-2024 22:54:10,99.778841238233
12-04-2024 23:04:10,101.797126662417
12-04-2024 23:14:10,100.05440725073
12-04-2024 23:24:10,100.435154852454
12-04-2024 23:34:10,101.008803186915
12-04-2024 23:44:10,100.23510132359
12-04-2024 23:54:10,100.80867529051
12-05-2024 00:04:10,99.2633406821608
12-05-2024 00:14:10,100.612160158414
12-05-2024 00:24:10,99.7422321050088
12-05-2024 00:34:10,101.280199693084
12-05-2024 00:44:10,100.217489014093
12-05-2024 00:54:10,101.080108903564
12-05-2024 01:04:10,99.2426860581542
12-05-2024 01:14:10,101.169336299851
12-05-2024 01:24:10,100.881844466947
12-05-2024 01:34:10,101.069298801947
12-05-2024 01:44:10,100.007068312619
12-05-2024 01:54:10,100.105229464707
12-05-2024 02:04:10,99.9106783388872
12-05-2024 02:14:10,100.390885999702
12-05-2024 02:24:10,101.060242208752
12-05-2024 02:34:10,101.447519883589
12-05-2024 02:44:10,101.252934911865
12-05-2024 02:54:10,101.832939657087
12-05-2024 03:04:10,100.099942038223
12-05-2024 03:14:10,101.065445382911
12-05-2024 03:24:10,101.163572323407
12-05-2024 03:34:10,101.258119500309
12-05-2024 03:44:10,102.416306292072
12-05-2024 03:54:10,100.301447407457
12-05-2024 04:04:10,102.130695104361
12-05-2024 04:14:10,102.610637985935
12-05-2024 04:24:10,102.516020527687
12-05-2024 04:34:10,101.454169751117
12-05-2024 04:44:10,100.488789873774
12-05-2024 04:54:10,101.835876229398
12-05-2024 05:04:10,101.355878215688
12-05-2024 05:14:10,99.5235221635434
12-05-2024 05:24:10,101.159523466625
12-05-2024 05:34:10,100.768815598914
12-05-2024 05:44:10,101.437672744202
12-05-2024 05:54:10,100.861514695882
12-05-2024 06:04:10,100.956011031317
12-05-2024 06:14:10,101.628329634337
12-05-2024 06:24:10,101.530171236369
12-05-2024 06:34:10,101.42485616064
12-05-2024 06:44:10,101.519287463265
12-05-2024 06:54:10,99.5850028007864
12-05-2024 07:04:10,100.353316647444
12-05-2024 07:14:10,101.602805522764
12-05-2024 07:24:10,101.504699527531
12-05-2024 07:34:10,100.92184325538
12-05-2024 07:44:10,101.212282092552
12-05-2024 07:54:10,102.557674610762
12-05-2024 08:04:10,101.500864157156
12-05-2024 08:14:10,102.361405423361
12-05-2024 08:24:10,100.727389663376
12-05-2024 08:34:10,101.591508570157
12-05-2024 08:44:10,101.211942056654
12-05-2024 08:54:10,100.736106950876
12-05-2024 09:04:10,101.796311135286
12-05-2024 09:14:10,102.375387005744
12-05-2024 09:24:10,100.65212296712
12-05-2024 09:34:10,100.461371868057
12-05-2024 09:44:10,100.085158007613
12-05-2024 09:54:10,101.34166159258
12-05-2024 10:04:10,100.298676167442
12-05-2024 10:14:10,99.8295027665065
12-05-2024 10:24:10,99.3601718096034
12-05-2024 10:34:10,100.05004823104
12-05-2024 10:44:10,101.32189662453
12-05-2024 10:54:10,99.795923563528
12-05-2024 11:04:10,99.6188216442644
12-05-2024 11:14:10,101.462827518658
12-05-2024 11:24:10,98.0969016540403
12-05-2024 11:34:10,100.226961858696
12-05-2024 11:44:10,100.335681796735
12-05-2024 11:54:10,101.119699278552
12-05-2024 12:04:10,101.032071695734
12-05-2024 12:14:10,99.6865945696179
12-05-2024 12:24:10,100.170712632631
12-05-2024 12:34:10,100.758411962053
12-05-2024 12:44:10,100.563592213709
12-05-2024 12:54:10,99.9933865044399
12-05-2024 13:04:10,99.5125989884708
12-05-2024 13:14:10,100.196827802495
12-05-2024 13:24:10,99.7229708072236
12-05-2024 13:34:10,100.403841328428
12-05-2024 13:44:10,99.4507253887684
12-05-2024 13:54:10,98.1042520755255
12-05-2024 14:04:10,101.1060361579
12-05-2024 14:14:10,97.924737235282
12-05-2024 14:24:10,100.344030217886
12-05-2024 14:34:10,99.4835763015777
12-05-2024 14:44:10,99.2921142711414
12-05-2024 14:54:10,99.5905198118568
12-05-2024 15:04:10,99.9785718677001
12-05-2024 15:14:10,100.466748801256
12-05-2024 15:24:10,99.4093744345899
12-05-2024 15:34:10,98.8314641199653
12-05-2024 15:44:10,99.2230229328586
12-05-2024 15:54:10,100.001068465514
12-05-2024 16:04:10,99.3264801195033
12-05-2024 16:14:10,99.9113399384939
12-05-2024 16:24:10,99.2297769932245
12-05-2024 16:34:10,99.4246747645024
12-05-2024 16:44:10,98.8432808267176
12-05-2024 16:54:10,98.8415204245557
12-05-2024 17:04:10,98.5534196440842
12-05-2024 17:14:10,98.9380322482081
12-05-2024 17:24:10,98.2601755940855
12-05-2024 17:34:10,98.3550240591161
12-05-2024 17:44:10,99.8018892181384
12-05-2024 17:54:10,99.9932081429428
12-05-2024 18:04:10,99.7947582200233
12-05-2024 18:14:10,99.7929405575434
12-05-2024 18:24:10,97.9533446249328
12-05-2024 18:34:10,99.7858092560314
12-05-2024 18:44:10,99.3909243694424
12-05-2024 18:54:10,98.9996203250804
12-05-2024 19:04:10,99.7663820732661
12-05-2024 19:14:10,98.8926846501396
12-05-2024 19:24:10,99.1769028287908
12-05-2024 19:34:10,100.61865057512
12-05-2024 19:44:10,99.6486929476405
12-05-2024 19:54:10,99.1611737155357
12-05-2024 20:04:10,99.6381018419597
12-05-2024 20:14:10,99.4399608920603
12-05-2024 20:24:10,100.398813839017
12-05-2024 20:34:10,98.7546041823232
12-05-2024 20:44:10,100.29518237019
12-05-2024 20:54:10,100.968068795662
12-05-2024 21:04:10,99.8095503253261
12-05-2024 21:14:10,99.9041052275402
12-05-2024 21:24:10,99.5133017265686
12-05-2024 21:34:10,100.093181609297
12-05-2024 21:44:10,100.094842377888
12-05-2024 21:54:10,99.8108811660779
12-05-2024 22:04:10,99.5234150861822
12-05-2024 22:14:10,100.488824009942
12-05-2024 22:24:10,100.879528952562
12-05-2024 22:34:10,100.406325640734
12-05-2024 22:44:10,100.41502513611
12-05-2024 22:54:10,100.416680106925
12-05-2024 23:04:10,100.039729396906
12-05-2024 23:14:10,99.5627950967741
12-05-2024 23:24:10,98.6036906178518
12-05-2024 23:34:10,99.5695746541119
12-05-2024 23:44:10,99.5747012832113
12-05-2024 23:54:10,101.215637373483
12-06-2024 00:04:10,99.8672862379501
12-06-2024 00:14:10,101.218934891306
12-06-2024 00:24:10,100.445629659918
12-06-2024 00:34:10,101.036485362222
12-06-2024 00:44:10,100.834615159603
12-06-2024 00:54:10,100.35062574843
12-06-2024 01:04:10,99.770276918693
12-06-2024 01:14:10,101.114575480789
12-06-2024 01:24:10,101.112658515545
12-06-2024 01:34:10,101.203568160635
12-06-2024 01:44:10,100.526982473728
12-06-2024 01:54:10,99.8434956636631
12-06-2024 02:04:10,99.8416476812132
12-06-2024 02:14:10,99.6401408101902
12-06-2024 02:24:10,98.7678382721055
12-06-2024 02:34:10,100.018299117919
12-06-2024 02:44:10,100.491005146608
12-06-2024 02:54:10,99.8149805416579
12-06-2024 03:04:10,100.676303198331
12-06-2024 03:14:10,100.478308112885
12-06-2024 03:24:10,101.139707802563
12-06-2024 03:34:10,99.9826948910992
12-06-2024 03:44:10,98.2449028715297
12-06-2024 03:54:10,99.6763443155098
12-06-2024 04:04:10,99.6710303148587
12-06-2024 04:14:10,100.431837424523
12-06-2024 04:24:10,99.1759940233826
12-06-2024 04:34:10,99.7478013325664
12-06-2024 04:44:10,100.120159647825
12-06-2024 04:54:10,100.592006746423
12-06-2024 05:04:10,100.771795596003
12-06-2024 05:14:10,100.378424288699
12-06-2024 05:24:10,99.8960530660032
12-06-2024 05:34:10,101.33558153343
12-06-2024 05:44:10,101.32652982007
12-06-2024 05:54:10,99.9726345798329
12-06-2024 06:04:10,99.7717224854813
12-06-2024 06:14:10,100.726741337093
12-06-2024 06:24:10,100.237705177678
12-06-2024 06:34:10,99.2757016611849
12-06-2024 06:44:10,100.514954329415
12-06-2024 06:54:10,100.89349744348
12-06-2024 07:04:10,99.4518711698784
12-06-2024 07:14:10,101.554366297935
12-06-2024 07:24:10,100.589307912605
12-06-2024 07:34:10,100.008237008694
12-06-2024 07:44:10,99.8144933321532
12-06-2024 07:54:10,101.91958039006
12-06-2024 08:04:10,100.766537494699
12-06-2024 08:14:10,101.052378638222
12-06-2024 08:24:10,102.0095705207
12-06-2024 08:34:10,100.47658780207
12-06-2024 08:44:10,101.146037560647
12-06-2024 08:54:10,101.346556166509
12-06-2024 09:04:10,100.289579922498
12-06-2024 09:14:10,102.11710145001
12-06-2024 09:24:10,100.683460560746
12-06-2024 09:34:10,101.459555312461
12-06-2024 09:44:10,100.409391731861
12-06-2024 09:54:10,100.417990924267
12-06-2024 10:04:10,100.337622643437
12-06-2024 10:14:10,101.028683438102
12-06-2024 10:24:10,99.6110707867195
12-06-2024 10:34:10,100.974733575756
12-06-2024 10:44:10,99.4601492368769
12-06-2024 10:54:10,99.9560948033978
12-06-2024 11:04:10,100.452258521593
12-06-2024 11:14:10,100.464377041515
12-06-2024 11:24:10,100.088363544013
12-06-2024 11:34:10,99.0425281975722
12-06-2024 11:44:10,99.9201073891131
12-06-2024 11:54:10,98.9666701484138
12-06-2024 12:04:10,100.03690694064
12-06-2024 12:14:10,100.619304088345
12-06-2024 12:24:10,99.9508333286297
12-06-2024 12:34:10,101.303134906543
12-06-2024 12:44:10,99.3801045159269
12-06-2024 12:54:10,99.9625581769127
12-06-2024 13:04:10,98.3315209117633
12-06-2024 13:14:10,99.879926468835
12-06-2024 13:24:10,99.7887313605789
12-06-2024 13:34:10,99.4121901692946
12-06-2024 13:44:10,99.4206797142007
12-06-2024 13:54:10,100.292272662544
12-06-2024 14:04:10,99.9156794543108
12-06-2024 14:14:10,99.4357838201897
12-06-2024 14:24:10,100.885320969662
12-06-2024 14:34:10,99.6280624735097
12-06-2024 14:44:10,99.7293998084311
12-06-2024 14:54:10,99.1497665169888
12-06-2024 15:04:10,98.5736039051688
12-06-2024 15:14:10,100.593738869671
12-06-2024 15:24:10,99.147610140901
12-06-2024 15:34:10,99.0460378467817
12-06-2024 15:44:10,99.8142797079942
12-06-2024 15:54:10,99.3310881207787
12-06-2024 16:04:10,98.5557885459249
12-06-2024 16:14:10,99.4166752030873
12-06-2024 16:34:10,99.0161526690605
12-06-2024 16:44:10,99.4025578435739
12-06-2024 16:54:10,99.2975837484126
12-06-2024 17:04:10,99.1033300274013
12-06-2024 17:14:10,99.6785599672828
12-06-2024 17:24:10,97.8492875032951
12-06-2024 17:34:10,97.8474887142136
12-06-2024 17:44:10,100.253355741836
12-06-2024 17:54:10,98.3280851757962
12-06-2024 18:04:10,98.7177225842786
12-06-2024 18:14:10,99.7737084323366
12-06-2024 18:24:10,100.34876894944
12-06-2024 18:34:10,99.866046766557
12-06-2024 18:44:10,99.7714477903532
12-06-2024 18:54:10,100.057990019393
12-06-2024 19:04:10,98.6138797240502
12-06-2024 19:14:10,99.6695749170101
12-06-2024 19:24:10,99.0942874091931
12-06-2024 19:34:10,98.8967248500019
12-06-2024 19:44:10,99.0905363011885
12-06-2024 19:54:10,98.3162812070903
12-06-2024 20:04:10,99.7561518756564
12-06-2024 20:14:10,99.9464544969831
12-06-2024 20:24:10,99.1722744496631
12-06-2024 20:34:10,100.419592378756
12-06-2024 20:44:10,100.52073719729
12-06-2024 20:54:10,98.6896201620155
12-06-2024 21:04:10,99.7481231191711
12-06-2024 21:14:10,98.7853889668989
12-06-2024 21:24:10,100.132076905174
12-06-2024 21:34:10,100.610519289517
12-06-2024 21:44:10,99.5552212860281
12-06-2024 21:54:10,100.133221148876
12-06-2024 22:04:10,98.5014631260825
12-06-2024 22:14:10,99.4637669076207
12-06-2024 22:24:10,99.0810003477127
12-06-2024 22:34:10,99.1786149285482
12-06-2024 22:44:10,100.233504946787
12-06-2024 22:54:10,99.4664728595094
12-06-2024 23:04:10,100.524790411268
12-06-2024 23:14:10,99.7542959610444
12-06-2024 23:24:10,100.140093051774
12-06-2024 23:34:10,101.198349642932
12-06-2024 23:44:10,99.655920218513
12-06-2024 23:54:10,99.1771761243462
12-07-2024 00:04:10,98.6950301006277
12-07-2024 00:14:10,100.518004840576
12-07-2024 00:24:10,100.612071810361
12-07-2024 00:34:10,98.6894162830721
12-07-2024 00:44:10,99.839886896087
12-07-2024 00:54:10,99.8379505318109
12-07-2024 01:04:10,100.700175216828
12-07-2024 01:14:10,99.8340764675743
12-07-2024 01:24:10,97.815984959145
12-07-2024 01:34:10,99.638196591453
12-07-2024 01:44:10,99.2488529775995
12-07-2024 01:54:10,97.5191965108371
12-07-2024 02:04:10,98.6691541943863
12-07-2024 02:14:10,99.0443472468565
12-07-2024 02:24:10,99.9026232542982
12-07-2024 02:34:10,99.9966276195205
12-07-2024 02:44:10,98.5521345323424
12-07-2024 02:54:10,99.410226254334
12-07-2024 03:04:10,100.079764752139
12-07-2024 03:14:10,99.3070428951739
12-07-2024 03:24:10,99.2058000815956
12-07-2024 03:34:10,100.546434861158
12-07-2024 03:44:10,100.061529379616
12-07-2024 03:54:10,99.5767305173596
12-07-2024 04:04:10,101.204581290269
12-07-2024 04:14:10,100.33281736548
12-07-2024 04:24:10,99.5640579734304
12-07-2024 04:34:10,99.2711747657573
12-07-2024 04:44:10,98.5026000411807
12-07-2024 04:54:10,100.225615381433
12-07-2024 05:04:10,100.124355298979
12-07-2024 05:14:10,100.023117072525
12-07-2024 05:24:10,98.871549998755
12-07-2024 05:34:10,100.015737500622
12-07-2024 05:44:10,99.1517147557179
12-07-2024 05:54:10,100.295680909707
12-07-2024 06:04:10,100.297181825325
12-07-2024 06:14:10,100.387493335477
12-07-2024 06:24:10,98.6618598649943
12-07-2024 06:34:10,98.5642197345945
12-07-2024 06:44:10,100.569552700636
12-07-2024 06:54:10,98.4613386617419
12-07-2024 07:04:10,99.4167816148726
12-07-2024 07:14:10,98.9362171779721
12-07-2024 07:24:10,98.1718974072133
12-07-2024 07:34:10,98.2623938890725
12-07-2024 07:44:10,99.5047672403833
12-07-2024 07:54:10,99.2191262688882
12-07-2024 08:04:10,99.5077500217819
12-07-2024 08:14:10,99.5058106375494
12-07-2024 08:24:10,99.3158886591413
12-07-2024 08:34:10,99.7993507582979
12-07-2024 08:44:10,99.4179947200936
12-07-2024 08:54:10,100.380068211582
12-07-2024 09:04:10,99.3286759941441
12-07-2024 09:14:10,98.7592520295717
12-07-2024 09:24:10,100.008572671792
12-07-2024 09:34:10,99.4391214158463
12-07-2024 09:44:10,100.787853105858
12-07-2024 09:54:10,99.8422542292954
12-07-2024 10:04:10,99.3752124710779
12-07-2024 10:14:10,99.7770187286976
12-07-2024 10:24:10,99.0325258406974
12-07-2024 10:34:10,98.9585871550583
12-07-2024 10:44:10,98.6928057325643
12-07-2024 10:54:10,99.0983405376918
12-07-2024 11:04:10,99.1100587321685
12-07-2024 11:14:10,100.468703593064
12-07-2024 11:24:10,98.8489775344302
12-07-2024 11:34:10,97.8046930321595
12-07-2024 11:44:10,99.064363907974
12-07-2024 11:54:10,99.5562229932119
12-07-2024 12:04:10,98.415487470232
12-07-2024 12:14:10,99.3842683656792
12-07-2024 12:24:10,99.004929390803
12-07-2024 12:34:10,97.6648898320552
12-07-2024 12:44:10,97.4808820769742
12-07-2024 12:54:10,98.926903242122
12-07-2024 13:04:10,100.565257537406
12-07-2024 13:14:10,99.2317806053996
12-07-2024 13:24:10,99.1439841274059
12-07-2024 13:34:10,99.2552713031033
12-07-2024 13:44:10,98.3982812838116
12-07-2024 13:54:10,97.8295688904922
12-07-2024 14:04:10,98.22239799294
12-07-2024 14:14:10,98.5157470083263
12-07-2024 14:24:10,99.097660097566
12-07-2024 14:34:10,99.2949052784142
12-07-2024 14:44:10,98.0493486568585
12-07-2024 14:54:10,99.0161036912092
12-07-2024 15:04:10,98.6361811461135
12-07-2024 15:14:10,99.0224318582156
12-07-2024 15:24:10,97.7766491973625
12-07-2024 15:34:10,99.320802962609
12-07-2024 15:44:10,98.8446154290332
12-07-2024 15:54:10,98.9955254886691
12-07-2024 16:04:10,99.1464347200514
12-07-2024 16:14:10,99.9211990345019
12-07-2024 16:24:10,99.2042651852786
12-07-2024 16:34:10,98.4873305078016
12-07-2024 16:44:10,99.1625062630075
12-07-2024 16:54:10,98.4936138828372
12-07-2024 17:04:10,99.842590533993
12-07-2024 17:14:10,99.2665229279153
12-07-2024 17:24:10,99.457030116192
12-07-2024 17:34:10,98.6884991990684
12-07-2024 17:44:10,100.12668762251
12-07-2024 17:54:10,99.4544765764884
12-07-2024 18:04:10,99.5487080842426
12-07-2024 18:14:10,100.697899774492
12-07-2024 18:24:10,100.118541627135
12-07-2024 18:34:10,100.398148884695
12-07-2024 18:44:10,98.953193003578
12-07-2024 18:54:10,99.4252861586191
12-07-2024 19:04:10,100.192663600708
12-07-2024 19:14:10,99.3216883193886
12-07-2024 19:24:10,99.7008670160526
12-07-2024 19:34:10,99.7880854521128
12-07-2024 19:44:10,100.07098232003
12-07-2024 19:54:10,101.119197420278
12-07-2024 20:04:10,100.921379360575
12-07-2024 20:14:10,98.9940380665281
12-07-2024 20:24:10,99.9459536216915
12-07-2024 20:34:10,101.377828474275
12-07-2024 20:44:10,99.9280520131314
12-07-2024 20:54:10,100.978877001483
12-07-2024 21:04:10,100.969756335229
12-07-2024 21:14:10,100.868150449196
12-07-2024 21:24:10,100.47859232426
12-07-2024 21:34:10,99.3212735495933
12-07-2024 21:44:10,99.2232987613015
12-07-2024 21:54:10,100.181006048007
12-07-2024 22:04:10,100.46685270342
12-07-2024 22:14:10,100.944586218554
12-07-2024 22:24:10,100.075443694118
12-07-2024 22:34:10,101.228250111309
12-07-2024 22:44:10,99.4066379952845
12-07-2024 22:54:10,100.460010068621
12-07-2024 23:04:10,100.365482846611
12-07-2024 23:14:10,100.175011140603
12-07-2024 23:24:10,99.5013900024541
12-07-2024 23:34:10,100.558125843793
12-07-2024 23:44:10,101.231107441472
12-07-2024 23:54:10,101.228994364341
12-08-2024 00:04:10,101.038539723466
12-08-2024 00:14:10,101.324219236321
12-08-2024 00:24:10,101.226176701711
12-08-2024 00:34:10,101.035740777791
12-08-2024 00:44:10,101.133071380674
12-08-2024 00:54:10,101.610545562807
12-08-2024 01:04:10,100.937024077796
12-08-2024 01:14:10,99.7840435595567
12-08-2024 01:24:10,100.648607390859
12-08-2024 01:34:10,100.73892525367
12-08-2024 01:44:10,100.832723326897
12-08-2024 01:54:10,102.173020138572
12-08-2024 02:04:10,100.445005942444
12-08-2024 02:14:10,100.819428360855
12-08-2024 02:24:10,102.063495124857
12-08-2024 02:34:10,101.482670361004
12-08-2024 02:44:10,99.4644073934529
12-08-2024 02:54:10,99.7464410929711
12-08-2024 03:04:10,100.599826743177
12-08-2024 03:14:10,101.264859197645
12-08-2024 03:24:10,100.687961005974
12-08-2024 03:34:10,100.490808863281
12-08-2024 03:44:10,101.152154949525
12-08-2024 03:54:10,101.625314069044
12-08-2024 04:04:10,99.5131756577039
12-08-2024 04:14:10,100.940283227504
12-08-2024 04:24:10,101.796167526438
12-08-2024 04:34:10,101.599042385909
12-08-2024 04:44:10,100.157855331272
12-08-2024 04:54:10,101.102217224035
12-08-2024 05:04:10,100.997422472402
12-08-2024 05:14:10,101.470073391171
12-08-2024 05:24:10,100.412341551549
12-08-2024 05:34:10,101.650006486938
12-08-2024 05:44:10,100.589011034069
12-08-2024 05:54:10,100.962369464756
12-08-2024 06:04:10,102.581786128845
12-08-2024 06:14:10,101.524628200416
12-08-2024 06:24:10,100.372133851788
12-08-2024 06:34:10,100.748823140216
12-08-2024 06:44:10,101.125428978964
12-08-2024 06:54:10,101.119802926044
12-08-2024 07:04:10,102.458699246031
12-08-2024 07:14:10,100.630972496488
12-08-2024 07:24:10,99.7692765905173
12-08-2024 07:34:10,101.769306657009
12-08-2024 07:44:10,101.194174282683
12-08-2024 07:54:10,102.047901612784
12-08-2024 08:04:10,101.278381417133
12-08-2024 08:14:10,100.897856013832
12-08-2024 08:24:10,100.708277923817
12-08-2024 08:34:10,100.426685146414
12-08-2024 08:44:10,100.809970827313
12-08-2024 08:54:10,100.429421108195
12-08-2024 09:04:10,100.911671302701
12-08-2024 09:14:10,100.824516983974
12-08-2024 09:24:10,99.8743615120113
12-08-2024 09:34:10,101.315249897937
12-08-2024 09:44:10,100.375337718617
12-08-2024 09:54:10,100.294986287812
12-08-2024 10:04:10,102.225212797717
12-08-2024 10:14:10,100.048907095427
12-08-2024 10:24:10,99.8830864735261
12-08-2024 10:34:10,99.6180291070402
12-08-2024 10:44:10,98.6828181852389
12-08-2024 10:54:10,100.236294106033
12-08-2024 11:04:10,100.730306121709
12-08-2024 11:14:10,100.64982563506
12-08-2024 11:24:10,101.811238778968
12-08-2024 11:34:10,99.3285948411188
12-08-2024 11:44:10,98.6660170188528
12-08-2024 11:54:10,98.389980801984
12-08-2024 12:04:10,99.0689904687514
12-08-2024 12:14:10,100.706737931082
12-08-2024 12:24:10,99.1777492459936
12-08-2024 12:34:10,98.4121850806131
12-08-2024 12:44:10,98.8037560741363
12-08-2024 12:54:10,100.054928115682
12-08-2024 13:04:10,98.7173324721014
12-08-2024 13:14:10,98.5302760505595
12-08-2024 13:24:10,99.0212611029112
12-08-2024 13:34:10,98.7416469198699
12-08-2024 13:44:10,99.3219062905663
12-08-2024 13:54:10,98.7510957864223
12-08-2024 14:04:10,98.5673250644315
12-08-2024 14:14:10,98.667981787152
12-08-2024 14:24:10,98.4808017846228
12-08-2024 14:34:10,99.0578349401067
12-08-2024 14:44:10,98.0963380710915
12-08-2024 14:54:10,98.0050727271477
12-08-2024 15:04:10,97.139576184646
12-08-2024 15:14:10,98.5800671139417
12-08-2024 15:24:10,98.8692333460442
12-08-2024 15:34:10,99.4462297171278
12-08-2024 15:44:10,98.7759577352733
12-08-2024 15:54:10,99.1644693302875
12-08-2024 16:04:10,98.8745661229773
12-08-2024 16:14:10,98.7765709827123
12-08-2024 16:24:10,98.6853402304314
12-08-2024 16:34:10,98.8751690990002
12-08-2024 16:44:10,97.533360783919
12-08-2024 16:54:10,99.741270733084
12-08-2024 17:04:10,97.8238306383871
12-08-2024 17:14:10,99.7439238694905
12-08-2024 17:24:10,99.3649101993883
12-08-2024 17:34:10,98.88312850822
12-08-2024 17:44:10,99.2716147105274
12-08-2024 17:54:10,98.7898366647452
12-08-2024 18:04:10,97.4513301052424
12-08-2024 18:14:10,97.0655894927825
12-08-2024 18:24:10,99.8491221107718
12-08-2024 18:34:10,98.5998714070756
12-08-2024 18:44:10,97.9296587390625
12-08-2024 18:54:10,99.3665587339019
12-08-2024 19:04:10,98.9841647698996
12-08-2024 19:14:10,99.6569752476841
12-08-2024 19:24:10,98.9901888336762
12-08-2024 19:34:10,100.142700022724
12-08-2024 19:44:10,97.4578882817714
12-08-2024 19:54:10,97.6477490370132
12-08-2024 20:04:10,97.4572056071322
12-08-2024 20:14:10,99.0892886336127
12-08-2024 20:24:10,97.5557550217182
12-08-2024 20:34:10,98.0333642840983
12-08-2024 20:44:10,99.6687839115482
12-08-2024 20:54:10,98.7141908856256
12-08-2024 21:04:10,99.9626276729336
12-08-2024 21:14:10,97.7607976603214
12-08-2024 21:24:10,98.1525478829752
12-08-2024 21:34:10,98.9248328272785
12-08-2024 21:44:10,98.8369501912427
12-08-2024 21:54:10,97.5013657729637
12-08-2024 22:04:10,98.6644986241748
12-08-2024 22:14:10,97.6198476873335
12-08-2024 22:24:10,97.819821319832
12-08-2024 22:34:10,98.7948343029673
12-08-2024 22:44:10,97.4615156425203
12-08-2024 22:54:10,98.526159627887
12-08-2024 23:04:10,98.0571603614856
12-08-2024 23:14:10,98.0684924049203
12-08-2024 23:24:10,98.0764802364718
12-08-2024 23:34:10,98.7573013549131
12-08-2024 23:44:10,97.4228616565794
12-08-2024 23:54:10,98.9691066631536
12-10-2024 00:04:10,98.5171607452506
12-10-2024 00:14:10,99.235347696868
12-10-2024 00:24:10,99.9535338202316
12-10-2024 00:34:10,99.8552218390036
12-10-2024 00:44:10,98.4090192136238
12-10-2024 00:54:10,99.1716708272565
12-10-2024 01:04:10,98.3052837566804
12-10-2024 01:14:10,98.2997605212826
12-10-2024 01:24:10,99.7341885413163
12-10-2024 01:34:10,99.7285073844755
12-10-2024 01:44:10,99.1435838790555
12-10-2024 01:54:10,98.6615335664774
12-10-2024 02:04:10,98.9472123622928
12-10-2024 02:14:10,98.4618732517835
12-10-2024 02:24:10,99.8919779811858
12-10-2024 02:34:10,97.3890049647988
12-10-2024 02:44:10,99.6853410040369
12-10-2024 02:54:10,99.1967964359107
12-10-2024 03:04:10,98.0406150393927
12-10-2024 03:14:10,99.4697606309334
12-10-2024 03:24:10,100.035797569479
12-10-2024 03:34:10,99.5508966496671
12-10-2024 03:44:10,98.8677100709306
12-10-2024 03:54:10,99.2419628070875
12-10-2024 04:04:10,98.4666729660459
12-10-2024 04:14:10,101.043554355591
12-10-2024 04:24:10,99.2149373719933
12-10-2024 04:34:10,99.7769422653333
12-10-2024 04:44:10,98.2363882655919
12-10-2024 04:54:10,99.7587552971039
12-10-2024 05:04:10,99.0764988899415
12-10-2024 05:14:10,99.0675236435774
12-10-2024 05:24:10,99.4445352705659
12-10-2024 05:34:10,100.289354996897
12-10-2024 05:44:10,99.7099253036045
12-10-2024 05:54:10,100.373494321197
12-10-2024 06:04:10,99.6883716555112
12-10-2024 06:14:10,99.7748655314003
12-10-2024 06:24:10,99.1891211877852
12-10-2024 06:34:10,99.2722837760853
12-10-2024 06:44:10,99.1644087809955
12-10-2024 06:54:10,99.7317422017564
12-10-2024 07:04:10,99.1464568539792
12-10-2024 07:14:10,99.5192969480113
12-10-2024 07:24:10,99.7999813649742
12-10-2024 07:34:10,98.5436827861526
12-10-2024 07:44:10,99.6796210450921
12-10-2024 07:54:10,99.8545233737387
12-10-2024 08:04:10,99.1779303781444
12-10-2024 08:14:10,99.0702564824444
12-10-2024 08:24:10,97.1613766390606
12-10-2024 08:34:10,98.9671148552855
12-10-2024 08:44:10,98.5836228210778
12-10-2024 08:54:10,98.7720416997473
12-10-2024 09:04:10,99.0591046562041
12-10-2024 09:14:10,98.8696088593632
12-10-2024 09:24:10,99.8272526023662
12-10-2024 09:34:10,98.783237476568
12-10-2024 09:44:10,98.2157431745598
12-10-2024 09:54:10,97.6481855967968
12-10-2024 10:04:10,99.4707735253186
12-10-2024 10:14:10,97.9628240545577
12-10-2024 10:24:10,98.7403149995195
12-10-2024 10:34:10,97.7085240068823
12-10-2024 10:44:10,97.2488512678806
12-10-2024 10:54:10,97.0753465089302
12-10-2024 11:04:10,98.2321100438494
12-10-2024 11:14:10,98.4341983548419
12-10-2024 11:24:10,97.8721813994439
12-10-2024 11:34:10,98.3542309024417
12-10-2024 11:44:10,98.4575380396179
12-10-2024 11:54:10,97.984273628213
12-10-2024 12:04:10,98.0842419723178
12-10-2024 12:14:10,98.9486435055543
12-10-2024 12:24:10,97.8986733302881
12-10-2024 12:34:10,99.0464188419772
12-10-2024 12:44:10,97.8053412262723
12-10-2024 12:54:10,97.9020032698321
12-10-2024 13:04:10,97.9031115931726
12-10-2024 13:14:10,98.3853127318558
12-10-2024 13:24:10,98.5808757715493
12-10-2024 13:34:10,98.0086011423724
12-10-2024 13:44:10,99.8288197920834
12-10-2024 13:54:10,96.6826293271293
12-10-2024 14:04:10,97.0693068045817
12-10-2024 14:14:10,98.6031025499097
12-10-2024 14:24:10,99.5601014446826
12-10-2024 14:34:10,98.1306724778454
12-10-2024 14:44:10,98.3196359978413
12-10-2024 14:54:10,97.5527334343493
12-10-2024 15:04:10,97.9328649406746
12-10-2024 15:14:10,98.3162792752235
12-10-2024 15:24:10,99.0786420780329
12-10-2024 15:34:10,98.4107204470141
12-10-2024 15:44:10,98.0229016728115
12-10-2024 15:54:10,98.8807107674322
12-10-2024 16:04:10,98.1140255658417
12-10-2024 16:14:10,98.4973297202234
12-10-2024 16:24:10,98.3039921360306
12-10-2024 16:34:10,97.5407020006786
12-10-2024 16:44:10,98.7805618498508
12-10-2024 16:54:10,99.9247474159914
12-10-2024 17:04:10,98.2028505453158
12-10-2024 17:14:10,98.3950018828277
12-10-2024 17:24:10,100.586425334554
12-10-2024 17:34:10,98.1994775981688
12-10-2024 17:44:10,99.056891454098
12-10-2024 17:54:10,99.054612720969
12-10-2024 18:04:10,98.9534709023939
12-10-2024 18:14:10,99.4252896936302
12-10-2024 18:24:10,98.9455664540114
12-10-2024 18:34:10,100.181099600671
12-10-2024 18:44:10,99.7968814005766
12-10-2024 18:54:10,99.8866160200727
12-10-2024 19:04:10,100.453569444611
12-10-2024 19:14:10,100.730633693045
12-10-2024 19:24:10,99.2901117833754
12-10-2024 19:34:10,99.1856730488778
12-10-2024 19:44:10,98.7984572695915
12-10-2024 19:54:10,100.036191605393
12-10-2024 20:04:10,99.9384740365739
12-10-2024 20:14:10,98.9823967401666
12-10-2024 20:24:10,98.6906710342878
12-10-2024 20:34:10,99.3592896613716
12-10-2024 20:44:10,99.3569866013911
12-10-2024 20:54:10,99.5521571590717
12-10-2024 21:04:10,100.220773301394
12-10-2024 21:14:10,99.8403852830656
12-10-2024 21:24:10,99.3612592135258
12-10-2024 21:34:10,98.9842428223382
12-10-2024 21:44:10,99.1760359551015
12-10-2024 21:54:10,99.9400118954642
12-10-2024 22:04:10,98.5106164034694
12-10-2024 22:14:10,99.1758639404033
12-10-2024 22:24:10,99.7490780892786
12-10-2024 22:34:10,98.8885641646491
12-10-2024 22:44:10,98.3108741561272
12-10-2024 22:54:10,97.5459173637827
12-10-2024 23:04:10,99.5456869444809
12-10-2024 23:14:10,97.7321447939417
12-10-2024 23:24:10,99.3470246029013
12-10-2024 23:34:10,98.5822181152517
12-10-2024 23:44:10,97.9095105027922
12-10-2024 23:54:10,99.6226006339841
12-15-2024 00:04:10,106.719195154504
12-15-2024 00:14:10,106.243327626218
12-15-2024 00:24:10,106.435993217014
12-15-2024 00:34:10,106.816964097942
12-15-2024 00:44:10,106.625460645596
12-15-2024 00:54:10,105.957495484888
12-15-2024 01:04:10,106.722647206823
12-15-2024 01:14:10,105.76655219311
12-15-2024 01:24:10,107.015702349374
12-15-2024 01:34:10,106.251668535337
12-15-2024 01:44:10,107.308786478693
12-15-2024 01:54:10,105.780009489597
12-15-2024 02:04:10,106.741182249928
12-15-2024 02:14:10,107.225857777066
12-15-2024 02:24:10,107.134159590712
12-15-2024 02:34:10,105.120922488244
12-15-2024 02:44:10,105.505793052323
12-15-2024 02:54:10,106.178891969547
12-15-2024 03:04:10,106.467684483319
12-15-2024 03:14:10,106.080198544367
12-15-2024 03:24:10,106.077017766573
12-15-2024 03:34:10,105.301653900959
12-15-2024 03:44:10,104.818266138587
12-15-2024 03:54:10,106.348109337575
12-15-2024 04:04:10,107.30525057003
12-15-2024 04:14:10,104.897609941973
12-15-2024 04:24:10,105.658918123634
12-15-2024 04:34:10,105.076028993614
12-15-2024 04:44:10,104.485965808332
12-15-2024 04:54:10,105.250673338699
12-15-2024 05:04:10,105.048231127995
12-15-2024 05:14:10,104.270193464107
12-15-2024 05:24:10,103.879739194684
12-15-2024 05:34:10,105.40412045893
12-15-2024 05:44:10,105.493180147703
12-15-2024 05:54:10,105.958346057462
12-15-2024 06:04:10,105.855564117513
12-15-2024 06:14:10,104.602433906158
12-15-2024 06:24:10,105.167115003177
12-15-2024 06:34:10,103.52746233776
12-15-2024 06:44:10,105.724727341671
12-15-2024 06:54:10,104.951356790314
12-15-2024 07:04:10,105.036688778337
12-15-2024 07:14:10,104.742530371099
12-15-2024 07:24:10,104.061720038045
12-15-2024 07:34:10,104.147159599957
12-15-2024 07:44:10,104.14407707067
12-15-2024 07:54:10,104.229482805214
12-15-2024 08:04:10,104.32575332605
12-15-2024 08:14:10,105.176843114643
12-15-2024 08:24:10,104.120881843415
12-15-2024 08:34:10,104.025706917975
12-15-2024 08:44:10,105.263118945783
12-15-2024 08:54:10,105.455054036505
12-15-2024 09:04:10,103.927990099527
12-15-2024 09:14:10,105.36410752506
12-15-2024 09:24:10,103.932663568729
12-15-2024 09:34:10,104.514742517618
12-15-2024 09:44:10,103.75310044469
12-15-2024 09:54:10,104.331621993678
12-15-2024 10:04:10,103.289821205322
12-15-2024 10:14:10,102.251192837475
12-15-2024 10:24:10,104.181599246259
12-15-2024 10:34:10,103.916420946848
12-15-2024 10:44:10,102.305590898999
12-15-2024 10:54:10,103.090739590215
12-15-2024 11:04:10,102.530164739313
12-15-2024 11:14:10,101.58915955802
12-15-2024 11:24:10,102.747853472731
12-15-2024 11:34:10,101.991439704575
12-15-2024 11:44:10,103.534334653997
12-15-2024 11:54:10,102.873815746615
12-15-2024 12:04:10,104.036913298214
12-15-2024 12:14:10,101.644631493581
12-15-2024 12:24:10,103.092324891117
12-15-2024 12:34:10,101.56012761367
12-15-2024 12:44:10,102.42834132426
12-15-2024 12:54:10,101.763693664657
12-15-2024 13:04:10,99.9395636259059
12-15-2024 13:14:10,101.291499800636
12-15-2024 13:24:10,102.163458576826
12-15-2024 13:34:10,101.78675451076
12-15-2024 13:44:10,101.025660540877
12-15-2024 13:54:10,101.70570256603
12-15-2024 14:04:10,100.460510189303
12-15-2024 14:14:10,101.905913727035
12-15-2024 14:24:10,101.237210720907
12-15-2024 14:34:10,101.048974321769
12-15-2024 14:44:10,99.6146233911248
12-15-2024 14:54:10,101.056912131214
12-15-2024 15:04:10,100.099637674374
12-15-2024 15:14:10,100.096729223347
12-15-2024 15:24:10,99.8122697774542
12-15-2024 15:34:10,100.005019529708
12-15-2024 15:44:10,100.870638339897
12-15-2024 15:54:10,100.48664081891
12-15-2024 16:04:10,99.7181453918468
12-15-2024 16:14:10,100.968258795097
12-15-2024 16:24:10,99.7191403642484
12-15-2024 16:34:10,99.7094676339187
12-15-2024 16:44:10,100.187089069462
12-15-2024 16:54:10,99.8924767338184
12-15-2024 17:04:10,98.9220124266804
12-15-2024 17:14:10,100.555804052076
12-15-2024 17:24:10,98.6314401035116
12-15-2024 17:34:10,100.357787273332
12-15-2024 17:44:10,99.0100083618766
12-15-2024 17:54:10,98.5235526069268
12-15-2024 18:04:10,98.8088538855091
12-15-2024 18:14:10,99.6669739306257
12-15-2024 18:24:10,101.101042934209
12-15-2024 18:34:10,100.717436220874
12-15-2024 18:44:10,98.9828120110828
12-15-2024 18:54:10,99.1686110650814
12-15-2024 19:04:10,99.26173671777
12-15-2024 19:14:10,99.7320453180138
12-15-2024 19:24:10,99.4412158166153
12-15-2024 19:34:10,100.110119433748
12-15-2024 19:44:10,100.199748487192
12-15-2024 19:54:10,100.289357004635
12-15-2024 20:04:10,98.9432098778099
12-15-2024 20:14:10,99.2214516839648
12-15-2024 20:24:10,100.369643312039
12-15-2024 20:34:10,100.746931048072
12-15-2024 20:44:10,100.932332182936
12-15-2024 20:54:10,101.312942248372
12-15-2024 21:04:10,101.018821834192
12-15-2024 21:14:10,99.9577674518811
12-15-2024 21:24:10,102.063974655743
12-15-2024 21:34:10,99.9485312887335
12-15-2024 21:44:10,101.095852582909
12-15-2024 21:54:10,101.185254442738
12-15-2024 22:04:10,99.0704897436487
12-15-2024 22:14:10,100.604276849197
12-15-2024 22:24:10,99.6464197151638
12-15-2024 22:34:10,99.6435113711341
12-15-2024 22:44:10,100.311355593219
12-15-2024 22:54:10,100.886751524972
12-15-2024 23:04:10,100.024818724533
12-15-2024 23:14:10,100.791856720304
12-15-2024 23:24:10,100.213982087779
12-15-2024 23:34:10,99.731981744669
12-15-2024 23:44:10,99.4450085216885
12-15-2024 23:54:10,100.687583572884
12-16-2024 00:04:10,100.113206565152
12-16-2024 00:14:10,100.298457247951
12-16-2024 00:24:10,99.5325511727173
12-16-2024 00:34:10,100.583332303619
12-16-2024 00:44:10,99.6225147871353
12-16-2024 00:54:10,101.056291734133
12-16-2024 01:04:10,102.007535529079
12-16-2024 01:14:10,99.7985402890286
12-16-2024 01:24:10,99.6041061995636
12-16-2024 01:34:10,100.363760469898
12-16-2024 01:44:10,100.935224367243
12-16-2024 01:54:10,101.69808853526
12-16-2024 02:04:10,100.064305137943
12-16-2024 02:14:10,100.823654426004
12-16-2024 02:24:10,100.820666994098
12-16-2024 02:34:10,99.8572940754149
12-16-2024 02:44:10,100.237118163893
12-16-2024 02:54:10,100.425530505297
12-16-2024 03:04:10,100.801847316448
12-16-2024 03:14:10,102.13471505913
12-16-2024 03:24:10,98.496641066441
12-16-2024 03:34:10,99.6416131401926
12-16-2024 03:44:10,99.3517435338974
12-16-2024 03:54:10,100.879110308283
12-16-2024 04:04:10,99.7250973410888
12-16-2024 04:14:10,101.057491919156
12-16-2024 04:24:10,102.010645605109
12-16-2024 04:34:10,100.669034880618
12-16-2024 04:44:10,101.714229039003
12-16-2024 04:54:10,100.942987597715
12-16-2024 05:04:10,100.079724969727
12-16-2024 05:14:10,100.841402921399
12-16-2024 05:24:10,100.742830834465
12-16-2024 05:34:10,100.640849473305
12-16-2024 05:44:10,101.21121022364
12-16-2024 05:54:10,100.351616845103
12-16-2024 06:04:10,100.536336011252
12-16-2024 06:14:10,101.198699370269
12-16-2024 06:24:10,99.8616072265967
12-16-2024 06:34:10,100.715023638751
12-16-2024 06:44:10,100.807549236642
12-16-2024 06:54:10,101.18316503674
12-16-2024 07:04:10,100.699194483878
12-16-2024 07:14:10,100.218722745789
12-16-2024 07:24:10,100.406731852195
12-16-2024 07:34:10,101.164182094228
12-16-2024 07:44:10,101.161158507423
12-16-2024 07:54:10,100.680790367951
12-16-2024 08:04:10,100.677792129949
12-16-2024 08:14:10,100.391819804613
12-16-2024 08:24:10,100.293377710685
12-16-2024 08:34:10,100.962002697076
12-16-2024 08:44:10,100.103293701086
12-16-2024 08:54:10,100.107094360642
12-16-2024 09:04:10,101.256520412055
12-16-2024 09:14:10,99.6339638795026
12-16-2024 09:24:10,99.9241587607476
12-16-2024 09:34:10,98.9764775674308
12-16-2024 09:44:10,100.320468794732
12-16-2024 09:54:10,99.2804569011938
12-16-2024 10:04:10,99.3897683179318
12-16-2024 10:14:10,98.2536525143556
12-16-2024 10:24:10,99.7996804155558
12-16-2024 10:34:10,98.9565524161841
12-16-2024 10:44:10,98.9735981452721
12-16-2024 10:54:10,99.0863051331388
12-16-2024 11:04:10,100.155865953124
12-16-2024 11:14:10,99.2095075786874
12-16-2024 11:24:10,98.7413898361934
12-16-2024 11:34:10,98.7484302215048
12-16-2024 11:44:10,98.8512032788826
12-16-2024 11:54:10,98.3795425210476
12-16-2024 12:04:10,97.4257632815558
12-16-2024 12:14:10,96.861323737641
12-16-2024 12:24:10,99.3515781260963
12-16-2024 12:34:10,98.1103324087319
12-16-2024 12:44:10,98.0149594317461
12-16-2024 12:54:10,98.4050349909193
12-16-2024 13:04:10,98.6960866433214
12-16-2024 13:14:10,98.1250582962681
12-16-2024 13:24:10,98.5152294030205
12-16-2024 13:34:10,97.9440947751272
12-16-2024 13:44:10,96.9864258638318
12-16-2024 13:54:10,98.8137817863476
12-16-2024 14:04:10,97.1885259907124
12-16-2024 14:14:10,97.955489443646
12-16-2024 14:24:10,98.6299464269691
12-16-2024 14:34:10,97.1003309039515
12-16-2024 14:44:10,97.391462485383
12-16-2024 14:54:10,98.733575950468
12-16-2024 15:04:10,96.2453644716539
12-16-2024 15:14:10,96.6291201524357
12-16-2024 15:24:10,97.7796191639068
12-16-2024 15:34:10,97.1123329915478
12-16-2024 15:44:10,98.2628938428501
12-16-2024 15:54:10,97.3080349816572
12-16-2024 16:04:10,97.2157998670284
12-16-2024 16:14:10,97.1203196031107
12-16-2024 16:24:10,97.1239314997388
12-16-2024 16:34:10,97.6068903378895
12-16-2024 16:44:10,97.5113970023965
12-16-2024 16:54:10,99.0456840414821
12-16-2024 17:04:10,98.2791026718449
12-16-2024 17:14:10,98.5670847816689
12-16-2024 17:24:10,97.3179093052553
12-16-2024 17:34:10,98.7495963582839
12-16-2024 17:44:10,99.8968239285474
12-16-2024 17:54:10,98.9353776077206
12-16-2024 18:04:10,97.7856308903027
12-16-2024 18:14:10,97.5943135433098
12-16-2024 18:24:10,98.6489546263456
12-16-2024 18:34:10,99.3202228016561
12-16-2024 18:44:10,97.0171291586148
12-16-2024 18:54:10,99.1259245783339
12-16-2024 19:04:10,99.6979403610444
12-16-2024 19:14:10,98.3500488716887
12-16-2024 19:24:10,98.7303780664049
12-16-2024 19:34:10,98.0600241303706
12-16-2024 19:44:10,98.9194031647722
12-16-2024 19:54:10,97.9583726253174
12-16-2024 20:04:10,97.7638530390245
12-16-2024 20:14:10,99.3861108768275
12-16-2024 20:24:10,98.0388433308429
12-16-2024 20:34:10,98.6105649157771
12-16-2024 20:44:10,99.1788787447839
12-16-2024 20:54:10,98.7928569130964
12-16-2024 21:04:10,99.2653072119443
12-16-2024 21:14:10,100.219739248453
12-16-2024 21:24:10,99.1669236606427
12-16-2024 21:34:10,99.9298322622176
12-16-2024 21:44:10,99.260022355311
12-16-2024 21:54:10,98.5902116201506
12-16-2024 22:04:10,98.3033493174912
12-16-2024 22:14:10,99.927848578411
12-16-2024 22:24:10,100.594900328841
12-16-2024 22:34:10,100.020886941726
12-16-2024 22:44:10,99.2520729912532
12-16-2024 22:54:10,99.4405050462958
12-16-2024 23:04:10,99.3451335174539
12-16-2024 23:14:10,100.200127057297
12-16-2024 23:24:10,98.2863570894441
12-16-2024 23:34:10,99.2404110259318
12-16-2024 23:44:10,100.385749193411
12-16-2024 23:54:10,100.768870119821
12-17-2024 00:04:10,99.1357160506599
12-17-2024 00:14:10,100.092900428635
12-17-2024 00:24:10,98.9416964230807
12-17-2024 00:34:10,99.5161093038225
12-17-2024 00:44:10,100.753422142776
12-17-2024 00:54:10,99.1240523666883
12-17-2024 01:04:10,98.7351027411559
12-17-2024 01:14:10,100.071189027411
12-17-2024 01:24:10,99.9724916101866
12-17-2024 01:34:10,100.252954816665
12-17-2024 01:44:10,100.154262131824
12-17-2024 01:54:10,100.055579526804
12-17-2024 02:04:10,100.335969497157
12-17-2024 02:14:10,100.52069670518
12-17-2024 02:24:10,99.1726103108055
12-17-2024 02:34:10,99.4529871986432
12-17-2024 02:44:10,99.7333015974367
12-17-2024 02:54:10,99.9146244891043
12-17-2024 03:04:10,98.6629088909394
12-17-2024 03:14:10,100.27708854412
12-17-2024 03:24:10,99.5987267961852
12-17-2024 03:34:10,99.3025264733952
12-17-2024 03:44:10,99.1085494998765
12-17-2024 03:54:10,98.1475244253046
12-17-2024 04:04:10,99.760720435823
12-17-2024 04:14:10,100.899623049806
12-17-2024 04:24:10,100.511361113714
12-17-2024 04:34:10,99.6427194154095
12-17-2024 04:44:10,100.972006360803
12-17-2024 04:54:10,99.4357949377203
12-17-2024 05:04:10,99.2386634639029
12-17-2024 05:14:10,99.3310194312762
12-17-2024 05:24:10,100.182933749958
12-17-2024 05:34:10,98.6508235522039
12-17-2024 05:44:10,100.360710837252
12-17-2024 05:54:10,100.163571395775
12-17-2024 06:04:10,99.1085760290178
12-17-2024 06:14:10,98.9083038159118
12-17-2024 06:24:10,99.2831726446617
12-17-2024 06:34:10,99.9471828047996
12-17-2024 06:44:10,99.4610113269054
12-17-2024 06:54:10,100.308629211427
12-17-2024 07:04:10,100.877071707998
12-17-2024 07:14:10,98.5846939757474
12-17-2024 07:24:10,99.1498133066774
12-17-2024 07:34:10,98.0007990315407
12-17-2024 07:44:10,98.5691467376651
12-17-2024 07:54:10,98.9403864349186
12-17-2024 08:04:10,99.5085564056921
12-17-2024 08:14:10,98.7439838433544
12-17-2024 08:24:10,98.6457975067755
12-17-2024 08:34:10,99.2172119831957
12-17-2024 08:44:10,98.4527368248885
12-17-2024 08:54:10,98.5515012418591
12-17-2024 09:04:10,98.9358497926822
12-17-2024 09:14:10,97.3211108724128
12-17-2024 09:24:10,97.5150287287928
12-17-2024 09:34:10,96.9505113040653
12-17-2024 09:44:10,98.7664369982283
12-17-2024 09:54:10,98.2052015852881
12-17-2024 10:04:10,97.7390345523881
12-17-2024 10:14:10,97.6570335956476
12-17-2024 10:24:10,97.2955530986835
12-17-2024 10:34:10,97.4072920691604
12-17-2024 10:44:10,98.193150219205
12-17-2024 10:54:10,97.351253673076
12-17-2024 11:04:10,96.3180502203089
12-17-2024 11:14:10,96.808242148734
12-17-2024 11:24:10,96.4394766175057
12-17-2024 11:34:10,97.8814937176543
12-17-2024 11:44:10,98.3657470128753
12-17-2024 11:54:10,97.993870731546
12-17-2024 12:04:10,97.3353067211482
12-17-2024 12:14:10,97.058672817077
12-17-2024 12:24:10,96.9698392996059
12-17-2024 12:34:10,96.5911184404032
12-17-2024 12:44:10,97.8401047753244
12-17-2024 12:54:10,96.7923868434988
12-17-2024 13:04:10,96.0281125689695
12-17-2024 13:14:10,95.5568150716175
12-17-2024 13:24:10,95.9457203653677
12-17-2024 13:34:10,96.5259109264376
12-17-2024 13:44:10,96.91500685389
12-17-2024 13:54:10,95.1017851080594
12-17-2024 14:04:10,95.6820398371406
12-17-2024 14:14:10,97.0242996380195
12-17-2024 14:24:10,94.7355889239256
12-17-2024 14:34:10,95.9855309358827
12-17-2024 14:44:10,95.6063272299945
12-17-2024 14:54:10,94.844427034416
12-17-2024 15:04:10,96.9525039746838
12-17-2024 15:14:10,94.7585772959689
12-17-2024 15:24:10,94.8607218158705
12-17-2024 15:34:10,93.1415740997941
12-17-2024 15:44:10,96.0158539294025
12-17-2024 15:54:10,94.4879899347181
12-17-2024 16:04:10,94.8741751310736
12-17-2024 16:14:10,94.3032400309599
12-17-2024 16:24:10,94.6894559122623
12-17-2024 16:34:10,94.8842600125295
12-17-2024 16:44:10,94.9802436485595
12-17-2024 16:54:10,93.5445983356435
12-17-2024 17:04:10,94.696667867675
12-17-2024 17:14:10,94.3109220116946
12-17-2024 17:24:10,95.1758360072468
12-17-2024 17:34:10,94.5059644919406
12-17-2024 17:44:10,96.0379289781032
12-17-2024 17:54:10,94.5064674816155
12-17-2024 18:04:10,95.4671738884138
12-17-2024 18:14:10,94.9887367366734
12-17-2024 18:24:10,93.8401375503585
12-17-2024 18:34:10,95.0818557383696
12-17-2024 18:44:10,93.6491576271185
12-17-2024 18:54:10,94.3195649446274
12-17-2024 19:04:10,93.6496490212409
12-17-2024 19:14:10,94.7987412581857
12-17-2024 19:24:10,94.7032475694238
12-17-2024 19:34:10,95.8523381498611
12-17-2024 19:44:10,94.2219785964595
12-17-2024 19:54:10,95.176420486683
12-17-2024 20:04:10,94.1206052563762
12-17-2024 20:14:10,95.3620944972758
12-17-2024 20:24:10,94.8806493930545
12-17-2024 20:34:10,95.2637309234668
12-17-2024 20:44:10,94.9768351475423
12-17-2024 20:54:10,95.3599150214471
12-17-2024 21:04:10,95.6504281059384
12-17-2024 21:14:10,94.5020681948604
12-17-2024 21:24:10,95.2711557016604
12-17-2024 21:34:10,94.1257920164066
12-17-2024 21:44:10,94.1321474816235
12-17-2024 21:54:10,95.0928668568032
12-17-2024 22:04:10,94.5248093672018
12-17-2024 22:14:10,94.3396805405083
12-17-2024 22:24:10,95.9710567724354
12-17-2024 22:34:10,94.0620228934486
12-17-2024 22:44:10,95.5052216540644
12-17-2024 22:54:10,94.64333664186
12-17-2024 23:04:10,95.0298357737962
12-17-2024 23:14:10,95.7006283176233
12-17-2024 23:24:10,94.5543940659341
12-17-2024 23:34:10,95.2283463902219
12-17-2024 23:44:10,95.8002483078234
12-17-2024 23:54:10,95.9889046131209
12-19-2024 00:04:10,66.0796162510204
12-19-2024 00:14:10,66.1718673278994
12-19-2024 00:24:10,66.3563389098229
12-19-2024 00:34:10,68.2703813936363
12-19-2024 00:44:10,65.9654893105226
12-19-2024 00:54:10,67.3999680928743
12-19-2024 01:04:10,67.4883889294501
12-19-2024 01:14:10,68.3436190639781
12-19-2024 01:24:10,65.9436381258511
12-19-2024 01:34:10,66.9942708876444
12-19-2024 01:44:10,68.0410316170382
12-19-2024 01:54:10,65.9254398606674
12-19-2024 02:04:10,66.8762762063024
12-19-2024 02:14:10,66.6809736955055
12-19-2024 02:24:10,66.0915488640683
12-19-2024 02:34:10,65.8963435191712
12-19-2024 02:44:10,67.5208711322513
12-19-2024 02:54:10,66.5521140398723
12-19-2024 03:04:10,67.4102218409119
12-19-2024 03:14:10,67.1081572885011
12-19-2024 03:24:10,67.8702710981774
12-19-2024 03:34:10,67.3804915100581
12-19-2024 03:44:10,67.7521297901139
12-19-2024 03:54:10,67.4576079168631
12-19-2024 04:04:10,66.4897688031153
12-19-2024 04:14:10,68.8776915871257
12-19-2024 04:24:10,68.388069294809
12-19-2024 04:34:10,68.6636635717652
12-19-2024 04:44:10,66.6480523851779
12-19-2024 04:54:10,69.3101792083994
12-19-2024 05:04:10,67.6775215803351
12-19-2024 05:14:10,67.7656489903779
12-19-2024 05:24:10,68.136712251688
12-19-2024 05:34:10,68.2247648634435
12-19-2024 05:44:10,68.0186845033566
12-19-2024 05:54:10,68.4812707067496
12-19-2024 06:04:10,66.1817287240545
12-19-2024 06:14:10,68.3707144166718
12-19-2024 06:24:10,69.1194261483754
12-19-2024 06:34:10,68.5353069465402
12-19-2024 06:44:10,67.5770607567409
12-19-2024 06:54:10,68.3331297336917
12-19-2024 07:04:10,68.3218623852651
12-19-2024 07:14:10,68.8868195279822
12-19-2024 07:24:10,67.0666369525531
12-19-2024 07:34:10,67.7307194490573
12-19-2024 07:44:10,69.6309749099567
12-19-2024 07:54:10,68.1010749668842
12-19-2024 08:04:10,68.4788314573821
12-19-2024 08:14:10,68.7574002416904
12-19-2024 08:24:10,69.3295838775436
12-19-2024 08:34:10,68.3759444844549
12-19-2024 08:44:10,68.0898526665283
12-19-2024 08:54:10,65.2325176852603
12-19-2024 09:04:10,67.7158361208096
12-19-2024 09:14:10,67.9103156532514
12-19-2024 09:24:10,68.0131684177752
12-19-2024 09:34:10,66.7804350878907
12-19-2024 09:44:10,68.2189417763258
12-19-2024 09:54:10,67.753056712553
12-19-2024 10:04:10,67.2907172789581
12-19-2024 10:14:10,67.9850157969677
12-19-2024 10:24:10,66.953097301857
12-19-2024 10:34:10,68.1254624505445
12-19-2024 10:44:10,68.2435449635117
12-19-2024 10:54:10,66.2582684199898
12-19-2024 11:04:10,66.0852440353046
12-19-2024 11:14:10,67.6303400227743
12-19-2024 11:24:10,67.2625316889765
12-19-2024 11:34:10,67.3693493958194
12-19-2024 11:44:10,66.231960404773
12-19-2024 11:54:10,67.391637310461
12-19-2024 12:04:10,66.5411034448952
12-19-2024 12:14:10,66.4563556024048
12-19-2024 12:24:10,66.0769664505216
12-19-2024 12:34:10,66.1763804527039
12-19-2024 12:44:10,67.3256084779318
12-19-2024 12:54:10,67.1377739910754
12-19-2024 13:04:10,66.9499187789254
12-19-2024 13:14:10,66.095195473188
12-19-2024 13:24:10,66.6772941587625
12-19-2024 13:34:10,64.8678191228414
12-19-2024 13:44:10,65.5457701129687
12-19-2024 13:54:10,65.6488444269977
12-19-2024 14:04:10,64.6976100798685
12-19-2024 14:14:10,65.2799079754601
12-19-2024 14:24:10,65.0917842089441
12-19-2024 14:34:10,66.1426380368098
12-19-2024 14:44:10,65.8623344909254
12-19-2024 14:54:10,65.2871175958081
12-19-2024 15:04:10,66.057721217625
12-19-2024 15:14:10,65.0030986727863
12-19-2024 15:24:10,64.90363966573
12-19-2024 15:34:10,63.3697279454173
12-19-2024 15:44:10,66.2458124210035
12-19-2024 15:54:10,66.2421544747869
12-19-2024 16:04:10,65.1912481132886
12-19-2024 16:14:10,66.5297470412477
12-19-2024 16:24:10,66.7214754188881
12-19-2024 16:34:10,63.8455497542809
12-19-2024 16:44:10,65.5674846625767
12-19-2024 16:54:10,65.5638645718948
12-19-2024 17:04:10,64.5094749369667
12-19-2024 17:14:10,63.8349752788036
12-19-2024 17:24:10,65.1768516360157
12-19-2024 17:34:10,63.7391269675741
12-19-2024 17:44:10,65.2690965300226
12-19-2024 17:54:10,64.1189802916081
12-19-2024 18:04:10,66.2238708015408
12-19-2024 18:14:10,64.4987916779116
12-19-2024 18:24:10,65.7410530835046
12-19-2024 18:34:10,64.9779803233642
12-19-2024 18:44:10,64.6868962556349
12-19-2024 18:54:10,62.7667827836177
12-19-2024 19:04:10,63.3417456793455
12-19-2024 19:14:10,64.8713993977788
12-19-2024 19:24:10,65.4463305593544
12-19-2024 19:34:10,64.8678191228414
12-19-2024 19:44:10,64.2893715392964
12-19-2024 19:54:10,63.2319578147035
12-19-2024 20:04:10,64.9528813787945
12-19-2024 20:14:10,65.5204546429863
12-19-2024 20:24:10,65.9036151964541
12-19-2024 20:34:10,65.0379154763802
12-19-2024 20:44:10,65.1301069666227
12-19-2024 20:54:10,65.030739714608
12-19-2024 21:04:10,64.5518682881381
12-19-2024 21:14:10,65.030739714608
12-19-2024 21:24:10,64.8356144232714
12-19-2024 21:34:10,65.6975354421923
12-19-2024 21:44:10,64.8356144232714
12-19-2024 21:54:10,64.7398454211691
12-19-2024 22:04:10,65.030739714608
12-19-2024 22:14:10,64.4560940028441
12-19-2024 22:24:10,64.6512091212799
12-19-2024 22:34:10,64.7505609161017
12-19-2024 22:44:10,65.2330842278855
12-19-2024 22:54:10,64.2787294308066
12-19-2024 23:04:10,65.0450928219339
12-19-2024 23:14:10,65.3360842187874
12-19-2024 23:24:10,65.2402835087891
12-19-2024 23:34:10,66.4893617021277
12-19-2024 23:44:10,66.0103317186829
12-19-2024 23:54:10,65.9108884787767
12-20-2024 00:04:10,65.8114562130613
12-20-2024 00:14:10,66.4820241802977
12-20-2024 00:24:10,66.095195473188
12-20-2024 00:34:10,65.2330842278855
12-20-2024 00:44:10,65.8005639501027
12-20-2024 00:54:10,65.1265139999019
12-20-2024 01:04:10,66.1727301700151
12-20-2024 01:14:10,65.7860465401327
12-20-2024 01:24:10,64.1510763593134
12-20-2024 01:34:10,64.8141623827409
12-20-2024 01:44:10,65.8600091897687
12-20-2024 01:54:10,64.512720300411
12-20-2024 02:04:10,64.9841358315826
12-20-2024 02:14:10,64.9769719314793
12-20-2024 02:24:10,66.4970974734547
12-20-2024 02:34:10,65.628750214298
12-20-2024 02:44:10,65.7207973893824
12-20-2024 02:54:10,64.5621633202742
12-20-2024 03:04:10,64.9375986974991
12-20-2024 03:14:10,65.1216982055864
12-20-2024 03:24:10,65.6846037583449
12-20-2024 03:34:10,65.6737534414194
12-20-2024 03:44:10,65.5673275139622
12-20-2024 03:54:10,66.7106051894352
12-20-2024 04:04:10,66.3173570297163
12-20-2024 04:14:10,66.3064082181729
12-20-2024 04:24:10,66.1999364174925
12-20-2024 04:34:10,64.377846379558
12-20-2024 04:44:10,66.2772290541036
12-20-2024 04:54:10,66.1708089147453
12-20-2024 05:04:10,65.5906866189653
12-20-2024 05:14:10,66.4353393242228
12-20-2024 05:24:10,65.4736089816811
12-20-2024 05:34:10,65.7563217688737
12-20-2024 05:44:10,66.1308004250693
12-20-2024 05:54:10,65.8336640918389
12-20-2024 06:04:10,65.2540251430246
12-20-2024 06:14:10,66.0136026179545
12-20-2024 06:24:10,65.5258242328423
12-20-2024 06:34:10,66.6630553537968
12-20-2024 06:44:10,65.7902766166483
12-20-2024 06:54:10,66.0726925470766
12-20-2024 07:04:10,64.1587858450275
12-20-2024 07:14:10,65.3909271709025
12-20-2024 07:24:10,66.146239996096
12-20-2024 07:34:10,65.9519960962518
12-20-2024 07:44:10,65.8566897435115
12-20-2024 07:54:10,65.8458456321811
12-20-2024 08:04:10,65.6516608631488
12-20-2024 08:14:10,65.9338984084395
12-20-2024 08:24:10,66.9819806085737
12-20-2024 08:34:10,64.4058805236617
12-20-2024 08:44:10,65.1680802931725
12-20-2024 08:54:10,65.5527776083908
12-20-2024 09:04:10,65.171656808342
12-20-2024 09:14:10,64.7976483789915
12-20-2024 09:24:10,65.9483757639338
12-20-2024 09:34:10,64.7130135106286
12-20-2024 09:44:10,63.9610964018595
12-20-2024 09:54:10,65.0239196495039
12-20-2024 10:04:10,65.3207103841811
12-20-2024 10:14:10,66.009975519075
12-20-2024 10:24:10,64.9821065424099
12-20-2024 10:34:10,65.5798673052956
12-20-2024 10:44:10,62.7437168422854
12-20-2024 10:54:10,65.2482605558884
12-20-2024 11:04:10,63.1639380355079
12-20-2024 11:14:10,63.0822684536663
12-20-2024 11:24:10,63.857448761089
12-20-2024 11:34:10,62.8162804501202
12-20-2024 11:44:10,63.304793262993
12-20-2024 11:54:10,64.6542489701228
12-20-2024 12:04:10,64.7605943358108
12-20-2024 12:14:10,62.2872092880849
12-20-2024 12:24:10,63.1518031562123
12-20-2024 12:34:10,62.8716797628599
12-20-2024 12:44:10,64.307106241464
12-20-2024 12:54:10,63.4528454437986
12-20-2024 13:04:10,61.1626532224965
12-20-2024 13:14:10,62.8924797059274
12-20-2024 13:24:10,64.3319282423292
12-20-2024 13:34:10,63.5730830034682
12-20-2024 13:44:10,62.5268108836867
12-20-2024 13:54:10,62.2464176707812
12-20-2024 14:04:10,63.2075413875319
12-20-2024 14:14:10,62.8313973089772
12-20-2024 14:24:10,63.3137881147089
12-20-2024 14:34:10,63.1257011838129
12-20-2024 14:44:10,63.1257011838129
12-20-2024 14:54:10,62.55441180077
12-20-2024 15:04:10,63.2284685988265
12-20-2024 15:14:10,63.3242693088247
12-20-2024 15:24:10,64.0906749888105
12-20-2024 15:34:10,64.2822764088069
12-20-2024 15:44:10,64.2822764088069
12-20-2024 15:54:10,62.650207224661
12-20-2024 16:04:10,62.5509603536112
12-20-2024 16:14:10,63.0299110454459
12-20-2024 16:24:10,63.1222184078565
12-20-2024 16:34:10,63.888497235266
12-20-2024 16:44:10,62.934120907079
12-20-2024 16:54:10,63.3137881147089
12-20-2024 17:04:10,62.8348638475779
12-20-2024 17:14:10,63.6969275284136
12-20-2024 17:24:10,62.9306487010041
12-20-2024 17:34:10,64.8499236744178
12-20-2024 17:44:10,61.8804293850426
12-20-2024 17:54:10,63.0333889202246
12-20-2024 18:04:10,62.9375934963337
12-20-2024 18:14:10,63.4165706157883
12-20-2024 18:24:10,63.3207751918974
12-20-2024 18:34:10,62.650207224661
12-20-2024 18:44:10,64.3745248546975
12-20-2024 18:54:10,64.0836025674822
12-20-2024 19:04:10,64.0836025674822
12-20-2024 19:14:10,63.7927123818398
12-20-2024 19:24:10,64.4560940028441
12-20-2024 19:34:10,63.7856740057863
12-20-2024 19:44:10,63.0160033833273
12-20-2024 19:54:10,64.3532194996384
12-20-2024 20:04:10,63.8708777907839
12-20-2024 20:14:10,64.5376271601912
12-20-2024 20:24:10,63.9560533830071
12-20-2024 20:34:10,62.2258234486815
12-20-2024 20:44:10,63.3711134936437
12-20-2024 20:54:10,64.3248342869745
12-20-2024 21:04:10,63.743476343322
12-20-2024 21:14:10,63.2649217161199
12-20-2024 21:24:10,64.0270793392176
12-20-2024 21:34:10,63.7399623915081
12-20-2024 21:44:10,64.3106510687818
12-20-2024 21:54:10,63.5485510930351
12-20-2024 22:04:10,64.1227849884541
12-20-2024 22:14:10,64.1192503215533
12-20-2024 22:24:10,63.5450480798677
12-20-2024 22:34:10,63.7364488270962
12-20-2024 22:44:10,63.2544601571543
12-20-2024 22:54:10,63.3501552557279
12-20-2024 23:04:10,63.1587650585807
12-20-2024 23:14:10,63.7294228602224
12-20-2024 23:24:10,64.4913868595259
12-20-2024 23:34:10,63.5310398883078
12-20-2024 23:44:10,64.8669748645256
12-20-2024 23:54:10,64.4807254292082
12-21-2024 00:04:10,64.381508941855
12-21-2024 00:14:10,64.8526792000049
12-21-2024 00:24:10,64.6613733616568
12-21-2024 00:34:10,64.4665156709109
12-21-2024 00:44:10,65.0368184906561
12-21-2024 00:54:10,65.3129513574384
12-21-2024 01:04:10,63.3013065695664
12-21-2024 01:14:10,64.3389663548314
12-21-2024 01:24:10,64.2362916694706
12-21-2024 01:34:10,64.8026939569481
12-21-2024 01:44:10,63.5531667635096
12-21-2024 01:54:10,64.501752154263
12-21-2024 02:04:10,65.5420692185398
12-21-2024 02:14:10,64.9616649751159
12-21-2024 02:24:10,64.1903457719959
12-21-2024 02:34:10,64.1797522050329
12-21-2024 02:44:10,64.0771966923561
12-21-2024 02:54:10,63.0232842388315
12-21-2024 03:04:10,64.2540496281858
12-21-2024 03:14:10,63.7661591847706
12-21-2024 03:24:10,64.3353717019054
12-21-2024 03:34:10,64.8055109308477
12-21-2024 03:44:10,64.9892505298389
12-21-2024 03:54:10,65.4592145199607
12-21-2024 04:04:10,63.6427062214514
12-21-2024 04:14:10,64.2046183059292
12-21-2024 04:24:10,63.9113924823414
12-21-2024 04:34:10,65.3314756940206
12-21-2024 04:44:10,63.8973491946264
12-21-2024 04:54:10,64.3671233712734
12-21-2024 05:04:10,64.7414461198611
12-21-2024 05:14:10,65.500634602946
12-21-2024 05:24:10,64.4483223605933
12-21-2024 05:34:10,63.6786265549787
12-21-2024 05:44:10,64.6248025035534
12-21-2024 05:54:10,64.9036262161091
12-21-2024 06:04:10,65.1895452743298
12-21-2024 06:14:10,64.9917969297951
12-21-2024 06:24:10,64.9882296977533
12-21-2024 06:34:10,64.2259044227063
12-21-2024 06:44:10,64.0282944081956
12-21-2024 06:54:10,64.9810964083176
12-21-2024 07:04:10,64.2153305812841
12-21-2024 07:14:10,64.3035478029716
12-21-2024 07:24:10,64.3035478029716
12-21-2024 07:34:10,64.3000195091022
12-21-2024 07:44:10,64.4869997256683
12-21-2024 07:54:10,64.8644570968764
12-21-2024 08:04:10,65.6264477823023
12-21-2024 08:14:10,63.4322444575838
12-21-2024 08:24:10,65.1466294429239
12-21-2024 08:34:10,64.2894369502539
12-21-2024 08:44:10,62.9525728078409
12-21-2024 08:54:10,63.5274880678805
12-21-2024 09:04:10,64.3846805605505
12-21-2024 09:14:10,64.2012375407687
12-21-2024 09:24:10,65.8241681196883
12-21-2024 09:34:10,64.0212672552559
12-21-2024 09:44:10,63.3648105573207
12-21-2024 09:54:10,63.5658477377801
12-21-2024 10:04:10,64.6212546359555
12-21-2024 10:14:10,63.1135937909952
12-21-2024 10:24:10,63.3181776570749
12-21-2024 10:34:10,62.9574911020079
12-21-2024 10:44:10,63.448386407352
12-21-2024 10:54:10,62.7943125530602
12-21-2024 11:04:10,64.2399186281637
12-21-2024 11:14:10,63.9641098334413
12-21-2024 11:24:10,64.2575833496285
12-21-2024 11:34:10,64.837590906313
12-21-2024 11:44:10,63.6067187032023
12-21-2024 11:54:10,63.8967504920718
12-21-2024 12:04:10,63.235132293246
12-21-2024 12:14:10,63.9108145122831
12-21-2024 12:24:10,63.1500345462216
12-21-2024 12:34:10,62.7713403448698
12-21-2024 12:44:10,63.0614378925097
12-21-2024 12:54:10,62.7782500214038
12-21-2024 13:04:10,62.59058912747
12-21-2024 13:14:10,63.1674148644681
12-21-2024 13:24:10,63.6487354353344
12-21-2024 13:34:10,62.1298969828957
12-21-2024 13:44:10,63.3794738452126
12-21-2024 13:54:10,64.0556928875618
12-21-2024 14:04:10,63.9636097734101
12-21-2024 14:14:10,64.3495967297784
12-21-2024 14:24:10,62.1538508613568
12-21-2024 14:34:10,64.1618983507236
12-21-2024 14:44:10,63.8750344236712
12-21-2024 14:54:10,63.2056852605489
12-21-2024 15:04:10,63.6872995666969
12-21-2024 15:14:10,64.640004895811
12-21-2024 15:24:10,62.1572743518813
12-21-2024 15:34:10,62.9222869592891
12-21-2024 15:44:10,64.3566855981787
12-21-2024 15:54:10,64.5514943049325
12-21-2024 16:04:10,62.9257529668823
12-21-2024 16:14:10,64.0698058704007
12-21-2024 16:24:10,62.3450934793917
12-21-2024 16:34:10,62.4407147884092
12-21-2024 16:44:10,62.7241240040633
12-21-2024 16:54:10,62.4372758759959
12-21-2024 17:04:10,62.8162804501202
12-21-2024 17:14:10,62.8128212345196
12-21-2024 17:24:10,62.4269614111514
12-21-2024 17:34:10,64.5301668491994
12-21-2024 17:44:10,62.9970939125115
12-21-2024 17:54:10,61.8465486758147
12-21-2024 18:04:10,62.6999516751592
12-21-2024 18:14:10,62.9866892590395
12-21-2024 18:24:10,63.2699436037337
12-21-2024 18:34:10,61.8329306706627
12-21-2024 18:44:10,63.1674148644681
12-21-2024 18:54:10,60.4883097979977
12-21-2024 19:04:10,62.7782500214038
12-21-2024 19:14:10,62.8703426261687
12-21-2024 19:24:10,62.2902004903729
12-21-2024 19:34:10,62.6689003289353
12-21-2024 19:44:10,63.1430850966271
12-21-2024 19:54:10,64.0912981019042
12-21-2024 20:04:10,63.2246963686485
12-21-2024 20:14:10,62.7437168422854
12-21-2024 20:24:10,63.9852211329242
12-21-2024 20:34:10,62.3548554666015
12-21-2024 20:44:10,62.6344348846304
12-21-2024 20:54:10,63.4867657302066
12-21-2024 21:04:10,63.1048904476189
12-21-2024 21:14:10,63.0024926077075
12-21-2024 21:24:10,63.2853878907467
12-21-2024 21:34:10,62.3308571533297
12-21-2024 21:44:10,62.6137738085057
12-21-2024 21:54:10,64.9963960882287
12-21-2024 22:04:10,63.3703884681163
12-21-2024 22:14:10,64.0384497923284
12-21-2024 22:24:10,63.4658258001466
12-21-2024 22:34:10,62.7023271439042
12-21-2024 22:44:10,62.0342658196922
12-21-2024 22:54:10,63.7521377962375
12-21-2024 23:04:10,63.3669050687417
12-21-2024 23:14:10,63.0840764720254
12-21-2024 23:24:10,63.6567004642072
12-21-2024 23:34:10,62.7023271439042
12-21-2024 23:44:10,63.1795138040557
12-21-2024 23:54:10,63.9430124602981
12-22-2024 00:04:10,63.7486334125292
12-22-2024 00:14:10,64.3212259282107
12-22-2024 00:24:10,64.8902514993465
12-22-2024 00:34:10,63.9324689917983
12-22-2024 00:44:10,62.3103018681258
12-22-2024 00:54:10,63.3564571679816
12-22-2024 01:04:10,63.4518735191382
12-22-2024 01:14:10,64.3035524564339
12-22-2024 01:24:10,62.6816527653962
12-22-2024 01:34:10,63.7276151981585
12-22-2024 01:44:10,65.5366257204259
12-22-2024 01:54:10,64.8617300531103
12-22-2024 02:04:10,63.9043700669641
12-22-2024 02:14:10,63.042489684303
12-22-2024 02:24:10,63.7984753976295
12-22-2024 02:34:10,62.841384150621
12-22-2024 02:44:10,64.3600532119385
12-22-2024 02:54:10,63.9716335857369
12-22-2024 03:04:10,64.2541183648566
12-22-2024 03:14:10,62.7253537023592
12-22-2024 03:24:10,63.6751302480508
12-22-2024 03:34:10,63.8587619558852
12-22-2024 03:44:10,64.137654464057
12-22-2024 03:54:10,63.4635791476593
12-22-2024 04:04:10,63.7459522749587
12-22-2024 04:14:10,64.7869804084171
12-22-2024 04:24:10,64.3070764840739
12-22-2024 04:34:10,65.0620938143953
12-22-2024 04:44:10,64.6775078489347
12-22-2024 04:54:10,63.8132188987705
12-22-2024 05:04:10,63.9931740614335
12-22-2024 05:14:10,63.7957196309522
12-22-2024 05:24:10,64.5539190893746
12-22-2024 05:34:10,63.8804265041889
12-22-2024 05:44:10,66.9195457619271
12-22-2024 05:54:10,65.6784565524636
12-22-2024 06:04:10,64.3423224761058
12-22-2024 06:14:10,63.3800886788316
12-22-2024 06:24:10,64.0427352509486
12-22-2024 06:34:10,63.5599671162805
12-22-2024 06:44:10,63.1759060795012
12-22-2024 06:54:10,63.3627224735589
12-22-2024 07:04:10,65.0680969978874
12-22-2024 07:14:10,62.9718129794229
12-22-2024 07:24:10,65.2547790088883
12-22-2024 07:34:10,64.9658486993894
12-22-2024 07:44:10,63.4404789442287
12-22-2024 07:54:10,64.2013842389121
12-22-2024 08:04:10,64.4867237244184
12-22-2024 08:14:10,63.4404789442287
12-22-2024 08:24:10,63.1516796825068
12-22-2024 08:34:10,64.1062710770767
12-22-2024 08:44:10,62.8697999732161
12-22-2024 08:54:10,63.2537179869604
12-22-2024 09:04:10,64.0181724095945
12-22-2024 09:14:10,63.4509074526182
12-22-2024 09:24:10,63.6481401423587
12-22-2024 09:34:10,62.8973667222878
12-22-2024 09:44:10,62.5270284262908
12-22-2024 09:54:10,61.208062482104
12-22-2024 10:04:10,61.8879755281615
12-22-2024 10:14:10,64.6633164910313
12-22-2024 10:24:10,64.5822537873015
12-22-2024 10:34:10,63.0720309270179
12-22-2024 10:44:10,63.467062690973
12-22-2024 10:54:10,62.9090997822201
12-22-2024 11:04:10,63.300793166565
12-22-2024 11:14:10,62.9332861397256
12-22-2024 11:24:10,63.4239873525893
12-22-2024 11:34:10,61.6220291695411
12-22-2024 11:44:10,62.6816527653962
12-22-2024 11:54:10,62.1228731265803
12-22-2024 12:04:10,60.8957129418089
12-22-2024 12:14:10,63.479784218372
12-22-2024 12:24:10,61.7717237881667
12-22-2024 12:34:10,63.1153025867916
12-22-2024 12:44:10,63.2107871595402
12-22-2024 12:54:10,62.1672951516003
12-22-2024 13:04:10,63.0302178324328
12-22-2024 13:14:10,61.7033957881224
12-22-2024 13:24:10,62.0922924550796
12-22-2024 13:34:10,61.9114589702825
12-22-2024 13:44:10,62.7851612192974
12-22-2024 13:54:10,61.2662637557577
12-22-2024 14:04:10,62.3279290302845
12-22-2024 14:14:10,63.2943343348243
12-22-2024 14:24:10,61.5869071590763
12-22-2024 14:34:10,61.4057908912831
12-22-2024 14:44:10,61.0366510739389
12-22-2024 14:54:10,60.9510585007685
12-22-2024 15:04:10,61.7301437575416
12-22-2024 15:14:10,60.6907642824322
12-22-2024 15:24:10,61.4667459160039
12-22-2024 15:34:10,61.3811584166304
12-22-2024 15:44:10,61.5828654440249
12-22-2024 15:54:10,61.4938758996113
12-22-2024 16:04:10,61.2132758662972
12-22-2024 16:14:10,60.0736750449163
12-22-2024 16:24:10,61.6202582109234
12-22-2024 16:34:10,60.7678293194617
12-22-2024 16:44:10,60.3911042944785
12-22-2024 16:54:10,60.4969841630209
12-22-2024 17:04:10,61.4591259419258
12-22-2024 17:14:10,60.3152271304604
12-22-2024 17:24:10,60.0341868800943
12-22-2024 17:34:10,60.8148343687842
12-22-2024 17:44:10,61.0167930494581
12-22-2024 17:54:10,61.8870780548613
12-22-2024 18:04:10,58.8297166653359
12-22-2024 18:14:10,61.0437795236896
12-22-2024 18:24:10,60.5739220721772
12-22-2024 18:34:10,62.0207314375599
12-22-2024 18:44:10,61.5509061522483
12-22-2024 18:54:10,61.1735800814982
12-22-2024 19:04:10,60.3159479976642
12-22-2024 19:14:10,62.0516146483306
12-22-2024 19:24:10,61.5747457856361
12-22-2024 19:34:10,60.3292980590105
12-22-2024 19:44:10,62.8304845056567
12-22-2024 19:54:10,60.4353961948568
12-22-2024 20:04:10,61.3001315935113
12-22-2024 20:14:10,60.7236413277416
12-22-2024 20:24:10,62.3639332365747
12-22-2024 20:34:10,62.0722205481727
12-22-2024 20:44:10,62.4600255836265
12-22-2024 20:54:10,62.7517758848673
12-22-2024 21:04:10,59.8688459054706
12-22-2024 21:14:10,61.310310895169
12-22-2024 21:24:10,61.7976405026541
12-22-2024 21:34:10,60.4521242242138
12-22-2024 21:44:10,60.6510559243106
12-22-2024 21:54:10,61.80790525992
12-22-2024 22:04:10,60.8500316843135
12-22-2024 22:14:10,63.4525574841715
12-22-2024 22:24:10,60.2866065659518
12-22-2024 22:34:10,60.9664157748004
12-22-2024 22:44:10,61.8387200019696
12-22-2024 22:54:10,60.7875605567217
12-22-2024 23:04:10,61.7596537457519
12-22-2024 23:14:10,60.7115587110599
12-22-2024 23:24:10,61.1031906835243
12-22-2024 23:34:10,62.0723264823449
12-22-2024 23:44:10,62.5639114418421
12-22-2024 23:54:10,61.5119581556963
12-23-2024 00:04:10,62.962883091597
12-23-2024 00:14:10,61.9107406950949
12-23-2024 00:24:10,60.0846731701906
12-23-2024 00:34:10,60.9580408374575
12-23-2024 00:44:10,61.4463586772275
12-23-2024 00:54:10,62.6055626101858
12-23-2024 01:04:10,62.5092463600163
12-23-2024 01:14:10,62.2306549362203
12-23-2024 01:24:10,60.7856706884753
12-23-2024 01:34:10,62.0414328873543
12-23-2024 01:44:10,62.0448757869294
12-23-2024 01:54:10,63.1081506055299
12-23-2024 02:04:10,62.3373640332486
12-23-2024 02:14:10,61.4702291394322
12-23-2024 02:24:10,63.1081506055299
12-23-2024 02:34:10,62.1481164013986
12-23-2024 02:44:10,61.8590553948805
12-23-2024 02:54:10,62.8225920832742
12-23-2024 03:04:10,61.3772870506836
12-23-2024 03:14:10,60.7028113688079
12-23-2024 03:24:10,59.7392746804142
12-23-2024 03:34:10,61.5665774609674
12-23-2024 03:44:10,62.0483190686432
12-23-2024 03:54:10,62.5265906610516
12-23-2024 04:04:10,61.5631609128073
12-23-2024 04:14:10,61.8521898372806
12-23-2024 04:24:10,62.0448757869294
12-23-2024 04:34:10,62.1377705160614
12-23-2024 04:44:10,61.8487576299402
12-23-2024 04:54:10,62.3235290491221
12-23-2024 05:04:10,62.5092463600163
12-23-2024 05:14:10,61.3500477702099
12-23-2024 05:24:10,62.113643507362
12-23-2024 05:34:10,62.2030430576012
12-23-2024 05:44:10,61.4259130316904
12-23-2024 05:54:10,61.6082210010104
12-23-2024 06:04:10,61.1201288701073
12-23-2024 06:14:10,62.2682504681187
12-23-2024 06:24:10,61.6805436663608
12-23-2024 06:34:10,60.3200135455469
12-23-2024 06:44:10,60.5023639206609
12-23-2024 06:54:10,61.4540312305732
12-23-2024 07:04:10,61.2481154426018
12-23-2024 07:14:10,62.6799645608249
12-23-2024 07:24:10,62.0928401380422
12-23-2024 07:34:10,62.2747346019952
12-23-2024 07:44:10,62.1717485424713
12-23-2024 07:54:10,61.4888920316545
12-23-2024 08:04:10,62.7309420900221
12-23-2024 08:14:10,60.9983831105756
12-23-2024 08:24:10,61.567932577639
12-23-2024 08:34:10,62.7205303794045
12-23-2024 08:44:10,62.0481816617079
12-23-2024 08:54:10,62.912630013032
12-23-2024 09:04:10,62.2437249103998
12-23-2024 09:14:10,61.9624160000984
12-23-2024 09:24:10,60.5247786522381
12-23-2024 09:34:10,60.7202808812588
12-23-2024 09:44:10,60.5348280887752
12-23-2024 09:54:10,60.3526748920571
12-23-2024 10:04:10,61.1350353737312
12-23-2024 10:14:10,61.3374722346991
12-23-2024 10:24:10,60.963039090193
12-23-2024 10:34:10,61.7528102338065
12-23-2024 10:44:10,61.2854512764307
12-23-2024 10:54:10,61.8798541521671
12-23-2024 11:04:10,59.7792269400429
12-23-2024 11:14:10,60.4664776928765
12-23-2024 11:24:10,60.1943168859987
12-23-2024 11:34:10,60.8786249753403
12-23-2024 11:44:10,60.6030942456158
12-23-2024 11:54:10,60.8126653796098
12-23-2024 12:04:10,61.6971656322109
12-23-2024 12:14:10,60.6502166051615
12-23-2024 12:24:10,60.467445176183
12-23-2024 12:34:10,60.4808837964478
12-23-2024 12:44:10,58.850860727605
12-23-2024 12:54:10,60.7905316527614
12-23-2024 13:04:10,60.1317919003731
12-23-2024 13:14:10,60.2417082694874
12-23-2024 13:24:10,60.6413615801053
12-23-2024 13:34:10,59.5924302739591
12-23-2024 13:44:10,59.7989056510449
12-23-2024 13:54:10,59.9055116162584
12-23-2024 14:04:10,59.0457739074503
12-23-2024 14:14:10,59.7288888339065
12-23-2024 14:24:10,59.5455360954213
12-23-2024 14:34:10,58.2921389328846
12-23-2024 14:44:10,60.2288968773009
12-23-2024 14:54:10,58.9721141174214
12-23-2024 15:04:10,59.4588030739911
12-23-2024 15:14:10,59.6521650352074
12-23-2024 15:24:10,59.8455269964236
12-23-2024 15:34:10,59.7488460158155
12-23-2024 15:44:10,59.2654411127749
12-23-2024 15:54:10,60.5222938606804
12-23-2024 16:04:10,59.4588030739911
12-23-2024 16:14:10,59.8455269964236
12-23-2024 16:24:10,60.1355699382479
12-23-2024 16:34:10,60.0388889576398
12-23-2024 16:44:10,60.1355699382479
12-23-2024 16:54:10,59.6521650352074
12-23-2024 17:04:10,60.4222480711285
12-23-2024 17:14:10,59.3588165050766
12-23-2024 17:24:10,59.0720791515587
12-23-2024 17:34:10,60.4256128800723
12-23-2024 17:44:10,58.68208732668
12-23-2024 17:54:10,60.0355456834733
12-23-2024 18:04:10,61.0023016526113
12-23-2024 18:14:10,61.5789262027321
12-23-2024 18:24:10,61.0955751336369
12-23-2024 18:34:10,59.4521814987131
12-23-2024 18:44:10,60.3255724742147
12-23-2024 18:54:10,61.385585775094
12-23-2024 19:04:10,60.5155538507226
12-23-2024 19:14:10,60.2255432092655
12-23-2024 19:24:10,60.0322027816274
12-23-2024 19:34:10,62.8356389823797
12-23-2024 19:44:10,61.7688272158673
12-23-2024 19:54:10,61.3821678905723
12-23-2024 20:04:10,61.5720692854934
12-23-2024 20:14:10,60.3121385137852
12-23-2024 20:24:10,59.9255222412609
12-23-2024 20:34:10,60.8920629225716
12-23-2024 20:44:10,60.018834896207
12-23-2024 20:54:10,61.4651434650569
12-23-2024 21:04:10,59.9155152579692
12-23-2024 21:14:10,61.2684462476652
12-23-2024 21:24:10,60.8785058288754
12-23-2024 21:34:10,60.4919756331365
12-23-2024 21:44:10,60.6852407310059
12-23-2024 21:54:10,61.3582533518033
12-23-2024 22:04:10,61.454880522436
12-23-2024 22:14:10,61.1649990105378
12-23-2024 22:24:10,61.2616261811705
12-23-2024 22:34:10,60.0054729629446
12-23-2024 22:44:10,62.2278978874981
12-23-2024 22:54:10,62.5177793993964
12-23-2024 23:04:10,61.6447038889885
12-23-2024 23:14:10,60.2953544748429
12-23-2024 23:24:10,61.0615748012021
12-23-2024 23:34:10,61.927676203078
12-23-2024 23:44:10,61.3480099671677
12-23-2024 23:54:10,63.5665265240509
12-25-2024 00:04:10,60.8530023652372
12-25-2024 00:14:10,62.8776528565414
12-25-2024 00:24:10,62.1003138677546
12-25-2024 00:34:10,61.7997957415202
12-25-2024 00:44:10,62.17972124918
12-25-2024 00:54:10,61.2991553479162
12-25-2024 01:04:10,61.3890040402665
12-25-2024 01:14:10,60.0255180946489
12-25-2024 01:24:10,61.4685652077096
12-25-2024 01:34:10,62.3349332310718
12-25-2024 01:44:10,61.1684034756795
12-25-2024 01:54:10,61.3582533518033
12-25-2024 02:04:10,61.0615748012021
12-25-2024 02:14:10,61.0547792753802
12-25-2024 02:24:10,59.6956564744866
12-25-2024 02:34:10,60.6582306650924
12-25-2024 02:44:10,62.6761499190329
12-25-2024 02:54:10,61.3241220317193
12-25-2024 03:04:10,60.5414315818095
12-25-2024 03:14:10,60.4381514962401
12-25-2024 03:24:10,62.5552184953385
12-25-2024 03:34:10,60.3315396686148
12-25-2024 03:44:10,62.7378246151565
12-25-2024 03:54:10,61.2832145371892
12-25-2024 04:04:10,61.9518898221344
12-25-2024 04:14:10,59.8222776618212
12-25-2024 04:24:10,61.7485967631386
12-25-2024 04:34:10,61.2627812492282
12-25-2024 04:44:10,60.6771765838962
12-25-2024 04:54:10,61.2491666255124
12-25-2024 05:04:10,61.2457639150376
12-25-2024 05:14:10,61.2457639150376
12-25-2024 05:24:10,61.1459169187087
12-25-2024 05:34:10,60.7567630956863
12-25-2024 05:44:10,60.9428710726562
12-25-2024 05:54:10,61.2287560322378
12-25-2024 06:04:10,58.8149085187128
12-25-2024 06:14:10,61.8899692748115
12-25-2024 06:24:10,59.7658105632022
12-25-2024 06:34:10,60.1447174432018
12-25-2024 06:44:10,61.0054155075959
12-25-2024 06:54:10,61.7661297285297
12-25-2024 07:04:10,62.2375617365783
12-25-2024 07:14:10,60.5930061221093
12-25-2024 07:24:10,60.4866051064564
12-25-2024 07:34:10,60.865116737753
12-25-2024 07:44:10,60.8549894928854
12-25-2024 07:54:10,61.8110284738953
12-25-2024 08:04:10,59.7792269400429
12-25-2024 08:14:10,61.0238766986583
12-25-2024 08:24:10,62.0792088356135
12-25-2024 08:34:10,60.3434204691042
12-25-2024 08:44:10,59.9551308503889
12-25-2024 08:54:10,60.6287840060113
12-25-2024 09:04:10,60.2438393456557
12-25-2024 09:14:10,61.0171109687592
12-25-2024 09:24:10,61.6942214939973
12-25-2024 09:34:10,60.4430126337446
12-25-2024 09:44:10,60.4497150777761
12-25-2024 09:54:10,60.6489553746912
12-25-2024 10:04:10,58.056152912397
12-25-2024 10:14:10,58.8394359426328
12-25-2024 10:24:10,59.4271263545917
12-25-2024 10:34:10,60.0216733156165
12-25-2024 10:44:10,60.7129200177629
12-25-2024 10:54:10,58.7953167313351
12-25-2024 11:04:10,58.9979146358016
12-25-2024 11:14:10,59.875505229706
12-25-2024 11:34:10,59.2137341916689
12-25-2024 11:44:10,59.1238634329418
12-25-2024 11:54:10,60.2846128203862
12-25-2024 12:04:10,58.9407867929421
12-25-2024 12:14:10,59.3299478282345
12-25-2024 12:24:10,60.1083996616177
12-25-2024 12:34:10,59.339839938742
12-25-2024 12:44:10,59.5394330533597
12-25-2024 12:54:10,60.5145064950307
12-25-2024 13:04:10,59.6525096525097
12-25-2024 13:14:10,58.2111060998289
12-25-2024 13:24:10,60.7244142652365
12-25-2024 13:34:10,59.6690972007662
12-25-2024 13:44:10,60.3483169675135
12-25-2024 13:54:10,59.1929214149754
12-25-2024 14:04:10,58.2337725750028
12-25-2024 14:14:10,59.1995067802267
12-25-2024 14:24:10,60.0686675649282
12-25-2024 14:34:10,59.5824861096519
12-25-2024 14:44:10,59.0963587373001
12-25-2024 14:54:10,60.2517596603655
12-25-2024 15:04:10,58.7068427459971
12-25-2024 15:14:10,58.8999573602932
12-25-2024 15:24:10,58.4171708245531
12-25-2024 15:34:10,58.127498903109
12-25-2024 15:44:10,60.1552023532174
12-25-2024 15:54:10,58.7035778285856
12-25-2024 16:04:10,59.1830461137303
12-25-2024 16:14:10,59.7590022737383
12-25-2024 16:24:10,59.2762962779892
12-25-2024 16:34:10,58.6970490830903
12-25-2024 16:44:10,58.0212606890416
12-25-2024 16:54:10,60.2417082694874
12-25-2024 17:04:10,59.2762962779892
12-25-2024 17:14:10,58.6005078839405
12-25-2024 17:24:10,58.9866726805398
12-25-2024 17:34:10,57.8313941633352
12-25-2024 17:44:10,59.376139249501
12-25-2024 17:54:10,58.6970490830903
12-25-2024 18:04:10,58.7903210858968
12-25-2024 18:14:10,59.9454178147356
12-25-2024 18:24:10,59.8488873512659
12-25-2024 18:34:10,59.7457129796645
12-25-2024 18:44:10,59.9354203084754
12-25-2024 18:54:10,60.1284490373271
12-25-2024 19:04:10,60.1184226778656
12-25-2024 19:14:10,59.0602244442935
12-25-2024 19:24:10,60.5941780187479
12-25-2024 19:34:10,59.9154352967329
12-25-2024 19:44:10,61.4523199456673
12-25-2024 19:54:10,60.3844230567405
12-25-2024 20:04:10,61.2423615826184
12-25-2024 20:14:10,61.1425203216907
12-25-2024 20:24:10,60.7500138857175
12-25-2024 20:34:10,59.6859842267011
12-25-2024 20:44:10,61.5146092376045
12-25-2024 20:54:10,59.5796338686888
12-25-2024 21:04:10,60.7331474192076
12-25-2024 21:14:10,60.4439419553066
12-25-2024 21:24:10,60.1513964378035
12-25-2024 21:34:10,61.3081540616074
12-25-2024 21:44:10,60.4405858437544
12-25-2024 21:54:10,59.6694140945518
12-25-2024 22:04:10,60.1480567550895
12-25-2024 22:14:10,61.9794879703887
12-25-2024 22:24:10,59.7624922887107
12-25-2024 22:34:10,61.0121893294018
12-25-2024 22:44:10,61.0088022304741
12-25-2024 22:54:10,59.8522372592803
12-25-2024 23:04:10,61.2911383036463
12-25-2024 23:14:10,60.1313639026797
12-25-2024 23:24:10,59.6495420765364
12-25-2024 23:34:10,59.8323076733345
12-25-2024 23:44:10,60.8887600890363
12-25-2024 23:54:10,61.0814460386852
12-26-2024 00:04:10,60.0150124230112
12-26-2024 00:14:10,60.0116825310712
12-26-2024 00:24:10,61.6424001084906
12-26-2024 00:34:10,60.0946722220853
12-26-2024 00:44:10,61.4429501245038
12-26-2024 00:54:10,61.339839272288
12-26-2024 01:04:10,61.1404670939118
12-26-2024 01:14:10,61.0374126606613
12-26-2024 01:24:10,61.2231696197541
12-26-2024 01:34:10,61.0272601262898
12-26-2024 01:44:10,60.2505189629365
12-26-2024 01:54:10,60.5325478409224
12-26-2024 02:04:10,61.8729946606396
12-26-2024 02:14:10,60.5191290479504
12-26-2024 02:24:10,61.3782593972232
12-26-2024 02:34:10,60.7942967254191
12-26-2024 02:44:10,61.4608404995968
12-26-2024 02:54:10,60.4889585051515
12-26-2024 03:04:10,61.7322887948011
12-26-2024 03:14:10,61.7220331891486
12-26-2024 03:24:10,60.3693837247218
12-26-2024 03:34:10,61.4200075049674
12-26-2024 03:44:10,61.6054238914484
12-26-2024 03:54:10,61.1181155632092
12-26-2024 04:04:10,61.3001315935113
12-26-2024 04:14:10,60.6242044874593
12-26-2024 04:24:10,60.3259599896716
12-26-2024 04:34:10,61.4684820358361
12-26-2024 04:44:10,60.1205330251884
12-26-2024 04:54:10,60.9781392890506
12-26-2024 05:04:10,61.1600476837144
12-26-2024 05:14:10,60.7726362228722
12-26-2024 05:24:10,60.2859319513903
12-26-2024 05:34:10,60.7591962355023
12-26-2024 05:44:10,60.7524784707804
12-26-2024 05:54:10,61.033656798919
12-26-2024 06:04:10,60.93095591938
12-26-2024 06:14:10,60.4445031193201
12-26-2024 06:24:10,61.9727519432199
12-26-2024 06:34:10,61.5788116708921
12-26-2024 06:44:10,60.999938616414
12-26-2024 06:54:10,59.2669768241186
12-26-2024 07:04:10,61.0823524357763
12-26-2024 07:14:10,62.4179266586485
12-26-2024 07:24:10,60.4011093862173
12-26-2024 07:34:10,61.3530808449546
12-26-2024 07:44:10,60.8703987730061
12-26-2024 07:54:10,61.3463060321823
12-26-2024 08:04:10,60.6719810082322
12-26-2024 08:14:10,61.2436896955719
12-26-2024 08:24:10,60.7644745962325
12-26-2024 08:34:10,62.2021198942507
12-26-2024 08:44:10,61.0520036558362
12-26-2024 08:54:10,60.7644745962325
12-26-2024 09:04:10,60.8636776306911
12-26-2024 09:14:10,61.250452429007
12-26-2024 09:24:10,58.6656441717791
12-26-2024 09:34:10,62.4075869219773
12-26-2024 09:44:10,60.7812519173897
12-26-2024 09:54:10,60.9797255835645
12-26-2024 10:04:10,60.8872081249425
12-26-2024 10:14:10,61.4693102241971
12-26-2024 10:24:10,61.6645082490425
12-26-2024 10:34:10,60.4244674973912
12-26-2024 10:44:10,59.8556098519264
12-26-2024 10:54:10,60.725622260152
12-26-2024 11:04:10,59.8721499321449
12-26-2024 11:14:10,59.1110920044955
12-26-2024 11:24:10,60.2659378454735
12-26-2024 11:34:10,60.6531499714393
12-26-2024 11:44:10,59.9913074995086
12-26-2024 11:54:10,59.2299681751717
12-26-2024 12:04:10,59.7132535006175
12-26-2024 12:14:10,59.1437823754601
12-26-2024 12:24:10,60.3026038433884
12-26-2024 12:34:10,59.8257964993362
12-26-2024 12:44:10,60.0211735493506
12-26-2024 12:54:10,59.7363762646441
12-26-2024 13:04:10,59.0673694563113
12-26-2024 13:14:10,59.742986058177
12-26-2024 13:24:10,58.4975748000516
12-26-2024 13:34:10,59.2692950853939
12-26-2024 13:44:10,59.5607719690868
12-26-2024 13:54:10,58.2190727988195
12-26-2024 14:04:10,59.4712877618658
12-26-2024 14:14:10,59.1863339523558
12-26-2024 14:24:10,59.1863339523558
12-26-2024 14:34:10,60.2465670026382
12-26-2024 14:44:10,58.1358699662985
12-26-2024 14:54:10,59.385070477971
12-26-2024 15:04:10,58.9078692456718
12-26-2024 15:14:10,58.0429902518528
12-26-2024 15:24:10,59.1994390660942
12-26-2024 15:34:10,59.1066079457734
12-26-2024 15:44:10,59.7826755573053
12-26-2024 15:54:10,59.5937475009074
12-26-2024 16:04:10,59.31195821362
12-26-2024 16:14:10,58.5429214782732
12-26-2024 16:24:10,58.1648443604905
12-26-2024 16:34:10,59.3218122746348
12-26-2024 16:44:10,59.9020030152918
12-26-2024 16:54:10,58.9437586155967
12-26-2024 17:04:10,58.7547003760301
12-26-2024 17:14:10,58.4694543261242
12-26-2024 17:24:10,59.5305873735913
12-26-2024 17:34:10,57.9918322880057
12-26-2024 17:44:10,58.8573820236476
12-26-2024 17:54:10,58.280348866553
12-26-2024 18:04:10,59.3349561171359
12-26-2024 18:14:10,59.2355080714149
12-26-2024 18:24:10,58.0751361496569
12-26-2024 18:34:10,59.0333755861034
12-26-2024 18:44:10,59.1262467466143
12-26-2024 18:54:10,59.31195821362
12-26-2024 19:04:10,59.1164257151646
12-26-2024 19:14:10,59.7826755573053
12-26-2024 19:24:10,59.1033360805973
12-26-2024 19:34:10,58.5234785817522
12-26-2024 19:44:10,59.0935226580901
12-26-2024 19:54:10,58.0333534208164
12-26-2024 20:04:10,58.6033571077226
12-26-2024 20:14:10,58.9811137478636
12-26-2024 20:24:10,58.4015196690171
12-26-2024 20:34:10,59.0673694563113
12-26-2024 20:44:10,60.0244938350523
12-26-2024 20:54:10,59.5410041609558
12-26-2024 21:04:10,60.6934106931034
12-26-2024 21:14:10,60.9781392890506
12-26-2024 21:24:10,58.5709457383396
12-26-2024 21:34:10,59.531125176673
12-26-2024 21:44:10,60.1999213464505
12-26-2024 21:54:10,60.1005849534249
12-26-2024 22:04:10,59.6205483323912
12-26-2024 22:14:10,60.3886069260452
12-26-2024 22:24:10,58.1740043989531
12-26-2024 22:34:10,59.2299681751717
12-26-2024 22:44:10,58.8459813474559
12-26-2024 22:54:10,58.5547534940869
12-26-2024 23:04:10,59.2266932882814
12-26-2024 23:14:10,60.2825986791583
12-26-2024 23:24:10,59.3194048555141
12-26-2024 23:34:10,60.947798738275
12-26-2024 23:44:10,59.8920100987143
12-26-2024 23:54:10,58.2571160059459
12-27-2024 00:04:10,59.8853885793957
12-27-2024 00:14:10,59.4022540228473
12-27-2024 00:24:10,60.0706876539191
12-27-2024 00:34:10,59.0151324395532
12-27-2024 00:44:10,58.6280536484113
12-27-2024 00:54:10,59.4883540992465
12-27-2024 01:04:10,59.2899026801339
12-27-2024 01:14:10,60.1467003923061
12-27-2024 01:24:10,59.7596874002406
12-27-2024 01:34:10,58.4103185808115
12-27-2024 01:44:10,60.2259893940882
12-27-2024 01:54:10,58.9760152697055
12-27-2024 02:04:10,59.0653861495505
12-27-2024 02:14:10,60.9763580470385
12-27-2024 02:24:10,59.4390791621161
12-27-2024 02:34:10,59.4292339686766
12-27-2024 02:44:10,61.4387674980677
12-27-2024 02:54:10,59.5152297652052
12-27-2024 03:04:10,59.9877954542667
12-27-2024 03:14:10,59.1155622052845
12-27-2024 03:24:10,60.3577779140352
12-27-2024 03:34:10,61.5006621379699
12-27-2024 03:44:10,59.9613182447924
12-27-2024 03:54:10,61.1006233412809
12-27-2024 04:04:10,58.7956806050095
12-27-2024 04:14:10,59.8424219769715
12-27-2024 04:24:10,59.7400846777405
12-27-2024 04:34:10,58.7762291315669
12-27-2024 04:44:10,60.3012074024614
12-27-2024 04:54:10,60.1031477205211
12-27-2024 05:04:10,61.0534728899614
12-27-2024 05:14:10,59.8061400715301
12-27-2024 05:24:10,61.043378687862
12-27-2024 05:34:10,59.3146138963043
12-27-2024 05:44:10,58.0677205463685
12-27-2024 05:54:10,58.0645210662291
12-27-2024 06:04:10,59.113504049562
12-27-2024 06:14:10,60.4459842442569
12-27-2024 06:24:10,59.7731946773739
12-27-2024 06:34:10,60.7228757129918
12-27-2024 06:44:10,59.4764542088675
12-27-2024 06:54:10,61.1942673210374
12-27-2024 07:04:10,57.9401308261383
12-27-2024 07:14:10,61.2763842153564
12-27-2024 07:24:10,59.3644845518507
12-27-2024 07:34:10,60.4060510041168
12-27-2024 07:44:10,60.1160038168406
12-27-2024 07:54:10,60.3038319214655
12-27-2024 08:04:10,59.6315686466386
12-27-2024 08:14:10,58.7650285588483
12-27-2024 08:24:10,59.5261754652023
12-27-2024 08:34:10,61.4337470955118
12-27-2024 08:44:10,59.7139843463373
12-27-2024 08:54:10,59.7106983228268
12-27-2024 09:04:10,61.6248318454201
12-27-2024 09:14:10,58.6630182218417
12-27-2024 09:24:10,59.3350801988614
12-27-2024 09:34:10,59.4338988026076
12-27-2024 09:44:10,61.0616587060356
12-27-2024 09:54:10,59.8259885623414
12-27-2024 10:04:10,60.2148926148633
12-27-2024 10:14:10,59.5523954019051
12-27-2024 10:24:10,59.0776996023249
12-27-2024 10:34:10,58.7050170416649
12-27-2024 10:44:10,59.2884770741022
12-27-2024 10:54:10,59.6808452031903
12-27-2024 11:04:10,59.5026724544336
12-27-2024 11:14:10,58.460038210476
12-27-2024 11:24:10,58.3740101299004
12-27-2024 11:34:10,59.1493519221817
12-27-2024 11:44:10,57.5317812835044
12-27-2024 11:54:10,59.7433792080785
12-27-2024 12:04:10,58.5976995998505
12-27-2024 12:14:10,59.1819786469889
12-27-2024 12:24:10,57.1772483205021
12-27-2024 12:34:10,58.3329757365472
12-27-2024 12:44:10,57.7646406062241
12-27-2024 12:54:10,58.7290759703231
12-27-2024 13:04:10,58.2629067670833
12-27-2024 13:14:10,57.7869606550339
12-27-2024 13:24:10,57.6048350488903
12-27-2024 13:34:10,58.5730193691676
12-27-2024 13:44:10,58.1001147429329
12-27-2024 13:54:10,57.8188763769139
12-27-2024 14:04:10,57.6366554551704
12-27-2024 14:14:10,58.7939659934933
12-27-2024 14:24:10,58.0330832698966
12-27-2024 14:34:10,59.7662917347152
12-27-2024 14:44:10,58.234580787769
12-27-2024 14:54:10,57.5693749347547
12-27-2024 15:04:10,57.4797794004753
12-27-2024 15:14:10,57.1982237072434
12-27-2024 15:24:10,58.5515161195204
12-27-2024 15:34:10,57.5020274504503
12-27-2024 15:44:10,58.7597318405545
12-27-2024 15:54:10,57.8091966173362
12-27-2024 16:04:10,58.0076708421945
12-27-2024 16:14:10,57.2488580966023
12-27-2024 16:24:10,57.4536834920772
12-27-2024 16:34:10,57.6585995879332
12-27-2024 16:44:10,56.6109258894739
12-27-2024 16:54:10,58.54940531494
12-27-2024 17:04:10,57.6969234461834
12-27-2024 17:14:10,57.9020750872571
12-27-2024 17:24:10,57.8187051688576
12-27-2024 17:34:10,58.1202002722027
12-27-2024 17:44:10,58.6143227610676
12-27-2024 17:54:10,57.5683735143894
12-27-2024 18:04:10,58.0625928231169
12-27-2024 18:14:10,57.7865442105588
12-27-2024 18:24:10,57.6067053434362
12-27-2024 18:34:10,58.2907345287719
12-27-2024 18:44:10,57.0477042153628
12-27-2024 18:54:10,56.9639871938017
12-27-2024 19:04:10,59.1907182784023
12-27-2024 19:14:10,58.2364012218074
12-27-2024 19:24:10,59.5994914176732
12-27-2024 19:34:10,57.9664631699804
12-27-2024 19:44:10,56.9149987034956
12-27-2024 19:54:10,59.2367680110647
12-27-2024 20:04:10,59.0536593198254
12-27-2024 20:14:10,58.4812026360161
12-27-2024 20:24:10,58.7739805561389
12-27-2024 20:34:10,58.1113390088098
12-27-2024 20:44:10,58.0212606890416
12-27-2024 20:54:10,58.5137281317011
12-27-2024 21:04:10,59.0030778168514
12-27-2024 21:14:10,58.0438544982539
12-27-2024 21:24:10,58.8295754533258
12-27-2024 21:34:10,59.4190957321824
12-27-2024 21:44:10,58.7525897523115
12-27-2024 21:54:10,56.5394821486008
12-27-2024 22:04:10,58.578887782184
12-27-2024 22:14:10,57.8184462114415
12-27-2024 22:24:10,58.211675444188
12-27-2024 22:34:10,59.088531834696
12-27-2024 22:44:10,60.1590209902755
12-27-2024 22:54:10,58.2343800302122
12-27-2024 23:04:10,58.1441246764826
12-27-2024 23:14:10,57.2797978797186
12-27-2024 23:24:10,58.7376912119898
12-27-2024 23:34:10,59.8054638581453
12-27-2024 23:44:10,60.0056986056998
12-27-2024 23:54:10,58.4604234547865
12-28-2024 00:04:10,59.2380362397398
12-28-2024 00:14:10,58.1733002942543
12-28-2024 00:24:10,58.6572711785659
12-28-2024 00:34:10,58.9509404272191
12-28-2024 00:44:10,58.3701429845864
12-28-2024 00:54:10,59.9222772246557
12-28-2024 01:04:10,58.4669425583585
12-28-2024 01:14:10,58.0797442632701
12-28-2024 01:24:10,58.1733002942543
12-28-2024 01:34:10,58.9476537091529
12-28-2024 01:44:10,57.4893305996544
12-28-2024 01:54:10,59.8087976612244
12-28-2024 02:04:10,58.163571835592
12-28-2024 02:14:10,58.7376912119898
12-28-2024 02:24:10,57.2797978797186
12-28-2024 02:34:10,60.369274206531
12-28-2024 02:44:10,59.0115469151472
12-28-2024 02:54:10,57.9474042658577
12-28-2024 03:04:10,58.424594355333
12-28-2024 03:14:10,59.4819902074268
12-28-2024 03:24:10,58.8016835850458
12-28-2024 03:34:10,59.7621582146084
12-28-2024 03:44:10,58.1182153510998
12-28-2024 03:54:10,58.9819673754301
12-28-2024 04:04:10,57.5283871167352
12-28-2024 04:14:10,59.3654280498747
12-28-2024 04:24:10,58.68208732668
12-28-2024 04:34:10,58.7754900019798
12-28-2024 04:44:10,57.7056913083823
12-28-2024 04:54:10,58.0923291060934
12-28-2024 05:04:10,58.472455897271
12-28-2024 05:14:10,58.855774167012
12-28-2024 05:24:10,57.6928429177542
12-28-2024 05:34:10,59.622282692724
12-28-2024 05:44:10,58.8426718940345
12-28-2024 05:54:10,60.1920270587799
12-28-2024 06:04:10,59.1259560628451
12-28-2024 06:14:10,58.6396376901199
12-28-2024 06:24:10,58.9228971673735
12-28-2024 06:34:10,58.9196189581311
12-28-2024 06:44:10,59.6890144397191
12-28-2024 06:54:10,58.913063633835
12-28-2024 07:04:10,57.3646117903012
12-28-2024 07:14:10,59.8688601587027
12-28-2024 07:24:10,58.8034000531451
12-28-2024 07:34:10,58.7035778285856
12-28-2024 07:44:10,58.4106735706474
12-28-2024 07:54:10,59.4726858173864
12-28-2024 08:04:10,58.2143430873412
12-28-2024 08:14:10,58.310884286491
12-28-2024 08:24:10,58.310884286491
12-28-2024 08:34:10,58.2143430873412
12-28-2024 08:44:10,59.0832138796896
12-28-2024 08:54:10,58.314127002762
12-28-2024 09:04:10,58.9866726805398
12-28-2024 09:14:10,58.5072201385327
12-28-2024 09:24:10,58.3173700797133
12-28-2024 09:34:10,58.2272946382221
12-28-2024 09:44:10,56.9751487920496
12-28-2024 09:54:10,58.3335908767809
12-28-2024 10:04:10,57.7605444868236
12-28-2024 10:14:10,57.480369729195
12-28-2024 10:24:10,58.1663193435284
12-28-2024 10:34:10,58.0793946290959
12-28-2024 10:44:10,56.8357562635323
12-28-2024 10:54:10,57.5251834618288
12-28-2024 11:04:10,58.1149783088986
12-28-2024 11:14:10,56.0001176099189
12-28-2024 11:24:10,57.0735618236299
12-28-2024 11:34:10,56.7928506411884
12-28-2024 11:44:10,57.4797175945996
12-28-2024 11:54:10,57.0054136754149
12-28-2024 12:04:10,57.5957463944095
12-28-2024 12:14:10,58.1862766359541
12-28-2024 12:24:10,56.6467012059841
12-28-2024 12:34:10,57.1372347282824
12-28-2024 12:44:10,58.0152920174057
12-28-2024 12:54:10,57.1563643127286
12-28-2024 13:04:10,56.9689716751823
12-28-2024 13:14:10,58.3318863408039
12-28-2024 13:24:10,57.9572380255306
12-28-2024 13:34:10,59.033227661594
12-28-2024 13:44:10,56.3284914745228
12-28-2024 13:54:10,57.1104774552269
12-28-2024 14:04:10,57.3108025917283
12-28-2024 14:14:10,58.2870399106201
12-28-2024 14:24:10,57.9055756958756
12-28-2024 14:34:10,57.9088109856409
12-28-2024 14:44:10,58.6848084527852
12-28-2024 14:54:10,57.4238125686758
12-28-2024 15:04:10,56.3631142706361
12-28-2024 15:14:10,57.4334393006159
12-28-2024 15:24:10,57.6306916614405
12-28-2024 15:34:10,56.8576981830375
12-28-2024 15:44:10,56.9579082028703
12-28-2024 15:54:10,56.8640541547634
12-28-2024 16:04:10,56.6731465552043
12-28-2024 16:14:10,58.2258355019222
12-28-2024 16:24:10,57.2554049102235
12-28-2024 16:34:10,57.7373928704509
12-28-2024 16:44:10,56.3788659793814
12-28-2024 16:54:10,57.6339124927036
12-28-2024 17:04:10,56.8576981830375
12-28-2024 17:14:10,57.533670295007
12-28-2024 17:24:10,57.5272405550554
12-28-2024 17:34:10,58.6848084527852
12-28-2024 17:44:10,57.7083630765793
12-28-2024 17:54:10,57.2170259249375
12-28-2024 18:04:10,55.9500611281084
12-28-2024 18:14:10,57.7892097849155
12-28-2024 18:24:10,57.2042443610189
12-28-2024 18:34:10,56.8100736475712
12-28-2024 18:44:10,57.9701827747515
12-28-2024 18:54:10,58.2512452778691
12-28-2024 19:04:10,57.6632635972883
12-28-2024 19:14:10,57.1691244868344
12-28-2024 19:24:10,57.9345986198002
12-28-2024 19:34:10,56.4719356758499
12-28-2024 19:44:10,58.4027063213617
12-28-2024 19:54:10,58.97395772003
12-28-2024 20:04:10,58.4799851282687
12-28-2024 20:14:10,57.21173802871
12-28-2024 20:24:10,58.7540653554282
12-28-2024 20:34:10,58.5506837945643
12-28-2024 20:44:10,58.1506056177549
12-28-2024 20:54:10,57.9506334130001
12-28-2024 21:04:10,57.460501225824
12-28-2024 21:14:10,58.7115115573659
12-28-2024 21:24:10,57.2574604923523
12-28-2024 21:34:10,57.247892658654
12-28-2024 21:44:10,57.718545423045
12-28-2024 21:54:10,58.578887782184
12-28-2024 22:04:10,57.6026177103694
12-28-2024 22:14:10,58.5625842682731
12-28-2024 22:24:10,58.8459469153515
12-28-2024 22:34:10,57.5833838315133
12-28-2024 22:44:10,58.9294546803512
12-28-2024 22:54:10,58.9228971673735
12-28-2024 23:04:10,57.5641627929977
12-28-2024 23:14:10,59.2960802007491
12-28-2024 23:24:10,57.9408292800504
12-28-2024 23:34:10,58.6102854388491
12-28-2024 23:44:10,59.1830461137303
12-28-2024 23:54:10,57.9214986067949
12-29-2024 00:04:10,59.0733590733591
12-29-2024 00:14:10,58.7772479353647
12-29-2024 00:24:10,59.7357498872838
12-29-2024 00:34:10,57.9954607213439
12-29-2024 00:44:10,59.246645134596
12-29-2024 00:54:10,57.7896156980908
12-29-2024 01:04:10,57.304047170685
12-29-2024 01:14:10,59.6127371390825
12-29-2024 01:24:10,59.7956916239738
12-29-2024 01:34:10,58.7250134228602
12-29-2024 01:44:10,58.4292369874425
12-29-2024 01:54:10,58.9015128145013
12-29-2024 02:04:10,59.2772455570018
12-29-2024 02:14:10,57.4363497310899
12-29-2024 02:24:10,60.7991650376473
12-29-2024 02:34:10,59.7293297983846
12-29-2024 02:44:10,58.175015102388
12-29-2024 02:54:10,58.3611720618328
12-29-2024 03:04:10,60.5661208718748
12-29-2024 03:14:10,58.8231216650852
12-29-2024 03:24:10,60.0646850454335
12-29-2024 03:34:10,58.4218290902595
12-29-2024 03:44:10,58.4185904700897
12-29-2024 03:54:10,58.3158834760116
12-29-2024 04:04:10,59.9484847178514
12-29-2024 04:14:10,59.271621055743
12-29-2024 04:24:10,58.6877947859069
12-29-2024 04:34:10,58.2067472876618
12-29-2024 04:44:10,59.2617676938706
12-29-2024 04:54:10,58.7774897798355
12-29-2024 05:04:10,59.6432793183273
12-29-2024 05:14:10,58.8704265758805
12-29-2024 05:24:10,57.5205304046983
12-29-2024 05:34:10,60.1142806138466
12-29-2024 05:44:10,59.533885264065
12-29-2024 05:54:10,58.0912224547581
12-29-2024 06:04:10,57.2224547452129
12-29-2024 06:14:10,58.950288654464
12-29-2024 06:24:10,58.6552899763686
12-29-2024 06:34:10,58.8410844604157
12-29-2024 06:44:10,59.2223869852267
12-29-2024 06:54:10,58.6390510701915
12-29-2024 07:04:10,58.8247959202505
12-29-2024 07:14:10,59.2027162513763
12-29-2024 07:24:10,60.0610412374304
12-29-2024 07:34:10,58.8980888194709
12-29-2024 07:44:10,57.9308595671422
12-29-2024 07:54:10,59.3686404466059
12-29-2024 08:04:10,58.7857401931553
12-29-2024 08:14:10,59.1634139594923
12-29-2024 08:24:10,59.1601411238276
12-29-2024 08:34:10,58.5806653841662
12-29-2024 08:44:10,59.9251396716717
12-29-2024 08:54:10,57.8123943627346
12-29-2024 09:04:10,57.7163604850556
12-29-2024 09:14:10,59.3489364055979
12-29-2024 09:24:10,57.7163604850556
12-29-2024 09:34:10,57.8155924619224
12-29-2024 09:44:10,57.5306574054154
12-29-2024 09:54:10,58.3022388059701
12-29-2024 10:04:10,58.4047510728031
12-29-2024 10:14:10,57.8347884899164
12-29-2024 10:24:10,57.943685272195
12-29-2024 10:34:10,58.0526302839427
12-29-2024 10:44:10,57.2932367833347
12-29-2024 10:54:10,57.2129467802284
12-29-2024 11:04:10,58.7612098307985
12-29-2024 11:14:10,57.5205304046983
12-29-2024 11:24:10,58.5883385155312
12-29-2024 11:34:10,57.4370712904696
12-29-2024 11:44:10,58.7905202354854
12-29-2024 11:54:10,57.8347293219191
12-29-2024 12:04:10,57.8411414703853
12-29-2024 12:14:10,58.6175724124336
12-29-2024 12:24:10,57.3726558071909
12-29-2024 12:34:10,57.7609098806583
12-29-2024 12:44:10,57.3790188418835
12-29-2024 12:54:10,57.1928148878482
12-29-2024 13:04:10,58.0658133142695
12-29-2024 13:14:10,57.4013005824884
12-29-2024 13:24:10,57.0192201003538
12-29-2024 13:34:10,58.8590250248152
12-29-2024 13:44:10,58.2939696478235
12-29-2024 13:54:10,58.400046874229
12-29-2024 14:04:10,59.4700170872684
12-29-2024 14:14:10,56.2955376917904
12-29-2024 14:24:10,57.4618669167736
12-29-2024 14:34:10,58.4324821347025
12-29-2024 14:44:10,57.3782000641864
12-29-2024 14:54:10,58.3457804331591
12-29-2024 15:04:10,58.5451633014611
12-29-2024 15:14:10,57.1015852634698
12-29-2024 15:24:10,58.3555052101338
12-29-2024 15:34:10,57.3909514050077
12-29-2024 15:44:10,57.5902613999778
12-29-2024 15:54:10,56.4263975998815
12-29-2024 16:04:10,57.3909514050077
12-29-2024 16:14:10,58.0693653037665
12-29-2024 16:24:10,57.6835223449374
12-29-2024 16:34:10,57.5870616052302
12-29-2024 16:44:10,57.5838621660329
12-29-2024 16:54:10,56.5197128412788
12-29-2024 17:04:10,58.9244162721656
12-29-2024 17:14:10,56.6067284666848
12-29-2024 17:24:10,58.9145983239327
12-29-2024 17:34:10,58.7119692977856
12-29-2024 17:44:10,57.934277658846
12-29-2024 17:54:10,57.8378811901956
12-29-2024 18:04:10,57.5359132038464
12-29-2024 18:14:10,58.7790002096772
12-29-2024 18:24:10,57.8122013036266
12-29-2024 18:34:10,57.6162962780258
12-29-2024 18:44:10,57.1282138232937
12-29-2024 18:54:10,56.8265876000148
12-29-2024 19:04:10,58.1717878386291
12-29-2024 19:14:10,58.5440405248011
12-29-2024 19:24:10,58.251941089475
12-29-2024 19:34:10,58.6273235288681
12-29-2024 19:44:10,58.4250680695357
12-29-2024 19:54:10,59.0890053645888
12-29-2024 20:04:10,58.1169790871247
12-29-2024 20:14:10,58.5915852862579
12-29-2024 20:24:10,59.3546828054967
12-29-2024 20:34:10,57.228795144382
12-29-2024 20:44:10,57.6969234461834
12-29-2024 20:54:10,58.6520414756469
12-29-2024 21:04:10,56.7227407813048
12-29-2024 21:14:10,58.9209148678326
12-29-2024 21:24:10,58.2448575365386
12-29-2024 21:34:10,57.7546972539131
12-29-2024 21:44:10,58.9974356293777
12-29-2024 21:54:10,57.7419126734755
12-29-2024 22:04:10,57.8315882667585
12-29-2024 22:14:10,58.7922458791631
12-29-2024 22:24:10,58.8785377068529
12-29-2024 22:34:10,59.640337074508
12-29-2024 22:44:10,57.9084282404135
12-29-2024 22:54:10,59.1503247890561
12-29-2024 23:04:10,58.8589995698396
12-29-2024 23:14:10,57.415554968385
12-29-2024 23:24:10,58.4684604419102
12-29-2024 23:34:10,58.9419780543848
12-29-2024 23:44:10,59.8026416833052
12-29-2024 23:54:10,59.7960293132997
12-30-2024 00:04:10,58.0651650471124
12-30-2024 00:14:10,59.0216570133468
12-30-2024 00:24:10,57.4797794004753
12-30-2024 00:34:10,58.1482823419595
12-30-2024 00:44:10,59.2931792503807
12-30-2024 00:54:10,58.5223958493231
12-30-2024 01:04:10,57.2751972492555
12-30-2024 01:14:10,58.5159286113345
12-30-2024 01:24:10,59.8523029324559
12-30-2024 01:34:10,57.8316525389918
12-30-2024 01:44:10,59.0751743101247
12-30-2024 01:54:10,58.2120629971521
12-30-2024 02:04:10,58.3974138671707
12-30-2024 02:14:10,57.0517934399067
12-30-2024 02:24:10,58.2024178454174
12-30-2024 02:34:10,58.7744839351022
12-30-2024 02:44:10,58.483613850147
12-30-2024 02:54:10,58.7712381805575
12-30-2024 03:04:10,58.7712381805575
12-30-2024 03:14:10,58.0010369243229
12-30-2024 03:24:10,57.8092979592838
12-30-2024 03:34:10,59.53166125737
12-30-2024 03:44:10,59.1514707145574
12-30-2024 03:54:10,59.3432096795965
12-30-2024 04:04:10,58.3845148544011
12-30-2024 04:14:10,59.6308181271552
12-30-2024 04:24:10,59.5382363949857
12-30-2024 04:34:10,59.3464868413786
12-30-2024 04:44:10,59.4456444368081
12-30-2024 04:54:10,58.3941885796692
12-30-2024 05:04:10,56.9590539197035
12-30-2024 05:14:10,58.7842233501292
12-30-2024 05:24:10,58.3079642541491
12-30-2024 05:34:10,56.7766804362904
12-30-2024 05:44:10,57.5471119022773
12-30-2024 05:54:10,58.6980541403229
12-30-2024 06:04:10,57.6462084333429
12-30-2024 06:14:10,57.8380427376136
12-30-2024 06:24:10,57.5502912812076
12-30-2024 06:34:10,56.6870369119895
12-30-2024 06:44:10,58.7972142589671
12-30-2024 06:54:10,58.3176284982904
12-30-2024 07:04:10,58.9857896998343
12-30-2024 07:14:10,57.7389356086183
12-30-2024 07:24:10,58.4070918677379
12-30-2024 07:34:10,58.4103185808115
12-30-2024 07:44:10,58.8866246416931
12-30-2024 07:54:10,58.5956680251399
12-30-2024 08:04:10,57.5407541981734
12-30-2024 08:14:10,57.7293677924597
12-30-2024 08:24:10,56.4827203152138
12-30-2024 08:34:10,56.9590539197035
12-30-2024 08:44:10,57.9147617440398
12-30-2024 08:54:10,59.1645391724866
12-30-2024 09:04:10,58.2024178454174
12-30-2024 09:14:10,57.1476788070326
12-30-2024 09:24:10,57.0549445828679
12-30-2024 09:34:10,57.3426165723614
12-30-2024 09:44:10,58.5924314305529
12-30-2024 09:54:10,58.1129516316122
12-30-2024 10:04:10,58.3079642541491
12-30-2024 10:14:10,57.0612479131887
12-30-2024 10:24:10,57.8348474617887
12-30-2024 10:34:10,56.6870369119895
12-30-2024 10:44:10,57.6525788449378
12-30-2024 10:54:10,57.1792588954042
12-30-2024 11:04:10,57.0896301436318
12-30-2024 11:14:10,56.8112025549687
12-30-2024 11:24:10,57.8796134755259
12-30-2024 11:34:10,58.365997812811
12-30-2024 11:44:10,57.3195423346586
12-30-2024 11:54:10,56.0806824327646
12-30-2024 12:04:10,57.7227464117774
12-30-2024 12:14:10,58.9811137478636
12-30-2024 12:24:10,57.7419126734755
12-30-2024 12:34:10,57.4664042559734
12-30-2024 12:44:10,56.8000086113042
12-30-2024 12:54:10,58.1584031105998
12-30-2024 13:04:10,57.7834832691337
12-30-2024 13:14:10,56.065282684425
12-30-2024 13:24:10,57.0395895150269
12-30-2024 13:34:10,57.7256997894166
12-30-2024 13:44:10,55.5251893822751
12-30-2024 13:54:10,57.5587985264948
12-30-2024 14:04:10,56.3168871336418
12-30-2024 14:14:10,56.4256706373905
12-30-2024 14:24:10,56.6276719015803
12-30-2024 14:34:10,55.8634250983196
12-30-2024 14:44:10,57.5103730602532
12-30-2024 14:54:10,56.7491613842094
12-30-2024 15:04:10,56.1773067577735
12-30-2024 15:14:10,56.5690223022648
12-30-2024 15:24:10,56.3825423456988
12-30-2024 15:34:10,56.3888032078964
12-30-2024 15:44:10,55.8166545328908
12-30-2024 15:54:10,56.4977416329351
12-30-2024 16:04:10,56.790132979544
12-30-2024 16:14:10,55.8290547128593
12-30-2024 16:24:10,57.0857273338805
12-30-2024 16:34:10,56.6035843665336
12-30-2024 16:44:10,55.9285842122478
12-30-2024 16:54:10,56.700012960003
12-30-2024 17:04:10,56.0250128057172
12-30-2024 17:14:10,58.2396356590104
12-30-2024 17:24:10,56.6937150967264
12-30-2024 17:34:10,56.9798042748544
12-30-2024 17:44:10,57.4618669167736
12-30-2024 17:54:10,57.8443047268823
12-30-2024 18:04:10,57.5518873162967
12-30-2024 18:14:10,56.4851943244911
12-30-2024 18:24:10,56.5784441332684
12-30-2024 18:34:10,56.9639871938017
12-30-2024 18:44:10,57.6290891597178
12-30-2024 18:54:10,58.2008461092542
12-30-2024 19:04:10,56.2705426021966
12-30-2024 19:14:10,57.9984708443036
12-30-2024 19:24:10,57.1218743835076
12-30-2024 19:34:10,57.6934338515404
12-30-2024 19:44:10,57.5939223965236
12-30-2024 19:54:10,57.8732235520331
12-30-2024 20:04:10,58.5407936899187
12-30-2024 20:14:10,56.5125571479624
12-30-2024 20:24:10,57.6582473432928
12-30-2024 20:34:10,59.3842974443
12-30-2024 20:44:10,57.9373829703361
12-30-2024 20:54:10,58.3094194152277
12-30-2024 21:04:10,57.7288989328621
12-30-2024 21:14:10,58.6845426838654
12-30-2024 21:24:10,57.9084915011112
12-30-2024 21:34:10,57.9052831164354
12-30-2024 21:44:10,58.0944407852214
12-30-2024 21:54:10,58.1873999753786
12-30-2024 22:04:10,57.5109713237602
12-30-2024 22:14:10,57.4147991309111
12-30-2024 22:24:10,58.283577495999
12-30-2024 22:34:10,56.9370922073126
12-30-2024 22:44:10,57.033269727933
12-30-2024 22:54:10,56.8472131591583
12-30-2024 23:04:10,58.2932655310189
12-30-2024 23:14:10,58.0078990789538
12-30-2024 23:24:10,58.880213785205
12-30-2024 23:34:10,57.3472177747124
12-30-2024 23:44:10,58.4121143068301
12-30-2024 23:54:10,58.4185904700897
12-31-2024 00:04:10,58.9993101026838
12-31-2024 00:14:10,57.6582473432928
12-31-2024 00:24:10,56.217501663422
12-31-2024 00:34:10,59.4970363159127
12-31-2024 00:44:10,57.0933643068846
12-31-2024 00:54:10,57.7705200887355
12-31-2024 01:04:10,57.8700137424432
12-31-2024 01:14:10,58.3579348301726
12-31-2024 01:24:10,57.590727546165
12-31-2024 01:34:10,56.5313663371219
12-31-2024 01:44:10,57.4013005824884
12-31-2024 01:54:10,60.4798944799191
12-31-2024 02:04:10,58.1685609329159
12-31-2024 02:14:10,56.2424496437465
12-31-2024 02:24:10,58.6500887552082
12-31-2024 02:34:10,57.8764337177125
12-31-2024 02:44:10,59.7061379450611
12-31-2024 02:54:10,58.1621081953877
12-31-2024 03:04:10,58.8329091458116
12-31-2024 03:14:10,56.2299728863692
12-31-2024 03:24:10,56.8076780872566
12-31-2024 03:34:10,56.705104191056
12-31-2024 03:44:10,57.1864717987899
12-31-2024 03:54:10,58.1427585697035
12-31-2024 04:04:10,58.3320498998922
12-31-2024 04:14:10,57.9438072122907
12-31-2024 04:24:10,56.3012774711738
12-31-2024 04:34:10,57.7448999704346
12-31-2024 04:44:10,58.7970376301041
12-31-2024 04:54:10,58.5980799073823
12-31-2024 05:04:10,58.5018597433308
12-31-2024 05:14:10,58.3061879221907
12-31-2024 05:24:10,56.7604593171813
12-31-2024 05:34:10,56.6642551488471
12-31-2024 05:44:10,56.1770083665265
12-31-2024 05:54:10,58.097659472304
12-31-2024 06:04:10,57.6135265403106
12-31-2024 06:14:10,56.8409146866921
12-31-2024 06:24:10,58.6650376379494
12-31-2024 06:34:10,57.6039525351124
12-31-2024 06:44:10,57.5077856694445
12-31-2024 06:54:10,57.7930849852604
12-31-2024 07:04:10,57.594381711332
12-31-2024 07:14:10,58.5526477718843
12-31-2024 07:24:10,58.2642110833528
12-31-2024 07:34:10,59.1262467466143
12-31-2024 07:44:10,57.2002744075013
12-31-2024 07:54:10,57.100977599498
12-31-2024 08:04:10,58.5396800984313
12-31-2024 08:14:10,57.2837212735594
12-31-2024 08:24:10,58.2416331953474
12-31-2024 08:34:10,58.9143913345676
12-31-2024 08:44:10,57.9533082785388
12-31-2024 08:54:10,56.9890703996654
12-31-2024 09:04:10,57.4664042559734
12-31-2024 09:14:10,57.850794919893
12-31-2024 09:24:10,58.6195762477321
12-31-2024 09:34:10,58.9078692456718
12-31-2024 09:44:10,58.6195762477321
12-31-2024 09:54:10,58.2384092111252
12-31-2024 10:04:10,58.5299581121561
12-31-2024 10:14:10,56.9953803946656
12-31-2024 10:24:10,56.8094432482313
12-31-2024 10:34:10,57.4886791524131
12-31-2024 10:44:10,57.3091029933045
12-31-2024 10:54:10,57.9052831164354
12-31-2024 11:04:10,57.344039606643
12-31-2024 11:14:10,58.5115883740553
12-31-2024 11:24:10,56.6956722624365
12-31-2024 11:34:10,56.6088306695092
12-31-2024 11:44:10,56.4288003352603
12-31-2024 11:54:10,57.1155363505233
12-31-2024 12:04:10,56.4538504223442
12-31-2024 12:14:10,56.9481788916709
12-31-2024 12:24:10,56.5721625639159
12-31-2024 12:34:10,57.6418877236274
12-31-2024 12:44:10,56.2986636393924
12-31-2024 12:54:10,56.4977416329351
12-31-2024 13:04:10,56.9892987404111
12-31-2024 13:14:10,55.1632833186231
12-31-2024 13:24:10,56.9055129289325
12-31-2024 13:34:10,56.7220665045007
12-31-2024 13:44:10,54.7023574304132
12-31-2024 13:54:10,56.7346762341143
12-31-2024 14:04:10,56.4514883893281
12-31-2024 14:14:10,55.6856925794617
12-31-2024 14:24:10,57.2361999950582
12-31-2024 14:34:10,56.0841992759443
12-31-2024 14:44:10,56.2803894796024
12-31-2024 14:54:10,56.5762887808254
12-31-2024 15:04:10,55.9035716492616
12-31-2024 15:14:10,57.5513558944948
12-31-2024 15:24:10,56.7820126944494
12-31-2024 15:34:10,57.1714649492565
12-31-2024 15:44:10,57.0812419641974
12-31-2024 15:54:10,56.9878281726186
12-31-2024 16:04:10,56.8944039862016
12-31-2024 16:14:10,55.5420751987537
12-31-2024 16:24:10,56.3148345058668
12-31-2024 16:34:10,56.8944039862016
12-31-2024 16:44:10,57.9569480334821
12-31-2024 16:54:10,56.9909988995907
12-31-2024 17:04:10,56.4082909369649
12-31-2024 17:14:10,55.9191210557221
12-31-2024 17:24:10,54.853702856719
12-31-2024 17:34:10,56.5888765968493
12-31-2024 17:44:10,57.3550404459248
12-31-2024 17:54:10,56.1932274609158
12-31-2024 18:04:10,56.2835191043448
12-31-2024 18:14:10,55.2154251047163
12-31-2024 18:24:10,58.1016473843835
12-31-2024 18:34:10,55.6795022233202
12-31-2024 18:44:10,56.7378295425773
12-31-2024 18:54:10,56.4389402059819
12-31-2024 19:04:10,56.5259934684504
12-31-2024 19:14:10,56.8090629070191
12-31-2024 19:24:10,56.7031624163725
12-31-2024 19:34:10,56.3111709020895
12-31-2024 19:44:10,56.8802329814343
12-31-2024 19:54:10,58.1238433066009
12-31-2024 20:04:10,55.5151186173035
12-31-2024 20:14:10,57.7254588740317
12-31-2024 20:24:10,56.2736657745106
12-31-2024 20:34:10,56.8455097057445
12-31-2024 20:44:10,56.26117516493
12-31-2024 20:54:10,55.3910628302271
12-31-2024 21:04:10,55.2855275973025
12-31-2024 21:14:10,55.7609218214541
12-31-2024 21:24:10,56.624530825316
12-31-2024 21:34:10,56.6182497180642
12-31-2024 21:44:10,56.5188254868129
12-31-2024 21:54:10,56.034296840821
12-31-2024 22:04:10,57.9566599711642
12-31-2024 22:14:10,58.5278099509599
12-31-2024 22:24:10,57.1769598028646
12-31-2024 22:34:10,57.6550506979438
12-31-2024 22:44:10,55.730007268964
12-31-2024 22:54:10,57.6486584704839
12-31-2024 23:04:10,56.5868650722772
12-31-2024 23:14:10,56.2981565770105
12-31-2024 23:24:10,57.2605182278996
12-31-2024 23:34:10,57.0648826753711
12-31-2024 23:44:10,58.5083451376486
12-31-2024 23:54:10,57.1611135061896
