t_wql,trp,cdom,temp
12-01-2024 00:03:30,91.4628310816776,1752.23726624679,13.65
12-01-2024 00:13:30,90.0173596606143,1732.65078165629,13.64
12-01-2024 00:23:30,90.8562453120727,1732.52510703761,13.66
12-01-2024 00:33:30,91.6951309635311,1764.1459449696,13.71
12-01-2024 00:43:30,91.4109961215449,1791.58247854712,13.71
12-01-2024 00:53:30,92.473991732803,1800.91319241223,13.7
12-01-2024 01:03:30,92.0335273087709,1786.03161529,13.68
12-01-2024 01:13:30,91.5930628847388,1771.15003816778,13.64
12-01-2024 01:23:30,91.2317977966809,1775.1859387349,13.69
12-01-2024 01:33:30,91.4224461979068,1788.29971896788,13.67
12-01-2024 01:43:30,88.3219870780619,1782.2643601711,13.62
12-01-2024 01:53:30,91.1360728201142,1776.22900137431,13.65
12-01-2024 02:03:30,88.5293402448072,1774.09981018846,13.63
12-01-2024 02:13:30,91.7988721494729,1771.97061900261,13.59
12-01-2024 02:23:30,91.8158697846998,1789.08611887136,13.62
12-01-2024 02:33:30,93.7264620749705,1777.47547315763,13.56
12-01-2024 02:43:30,90.9317487941118,1777.19628510564,13.55
12-01-2024 02:53:30,92.1905522063894,1768.76438350383,13.55
12-01-2024 03:03:30,91.0427457697565,1772.99591838054,13.56
12-01-2024 03:13:30,92.1087729704047,1793.84178718636,13.56
12-01-2024 03:23:30,90.2631852176154,1784.89059062356,13.51
12-01-2024 03:33:30,92.8751854364437,1775.93939406076,13.52
12-01-2024 03:43:30,92.2018583556748,1791.81440131078,13.51
12-01-2024 03:53:30,91.5131956725331,1771.68557135298,13.46
12-01-2024 04:03:30,90.0654875231085,1712.26547434817,13.44
12-01-2024 04:13:30,92.2024211818554,1770.24253589159,13.47
12-01-2024 04:23:30,91.0360005824402,1762.87316788251,13.43
12-01-2024 04:33:30,90.0740721114815,1705.71569224348,13.42
12-01-2024 04:43:30,91.0390506828389,1738.05539439669,13.42
12-01-2024 04:53:30,92.0040292541963,1770.39509654991,13.4
12-01-2024 05:03:30,90.8571688843797,1762.46822929763,13.41
12-01-2024 05:13:30,91.0514064925264,1765.13381717623,13.4
12-01-2024 05:23:30,91.2456231398168,1762.67245698486,13.39
12-01-2024 05:33:30,90.9581857867655,1763.05933991998,13.38
12-01-2024 05:43:30,91.6339935657852,1764.86998964969,13.37
12-01-2024 05:53:30,91.2425895178987,1758.85679901174,13.34
12-01-2024 06:03:30,90.7702427024927,1758.62015073606,13.35
12-01-2024 06:13:30,90.0901445557607,1695.96292101736,13.32
12-01-2024 06:23:30,90.6808834772475,1761.97690346275,13.34
12-01-2024 06:33:30,90.7635490071571,1763.23014343222,13.29
12-01-2024 06:43:30,90.4725176046623,1765.01881386313,13.27
12-01-2024 06:53:30,92.1260755011517,1759.22687122096,13.3
12-01-2024 07:03:30,92.4970992018714,1776.22331118628,13.25
12-01-2024 07:13:30,90.1772327281274,1688.1380275955,13.21
12-01-2024 07:23:30,90.1788415277976,1688.05615123547,13.2
12-01-2024 07:33:30,92.1281958692029,1768.43538147687,13.25
12-01-2024 07:43:30,92.0295754547517,1777.6186839246,13.23
12-01-2024 07:53:30,91.3305874869224,1764.68017096654,13.15
12-01-2024 08:03:30,91.7285209413709,1761.95300686365,13.17
12-01-2024 08:13:30,92.1264543958195,1759.22584276076,13.19
12-01-2024 08:23:30,91.1543051878253,1759.74111332379,13.15
12-01-2024 08:33:30,90.978694576337,1763.14723776148,13.18
12-01-2024 08:43:30,90.7878329803098,1760.97458900377,13.17
12-01-2024 08:53:30,90.8780179271983,1758.667071186,13.14
12-01-2024 09:03:30,90.713745182458,1755.6878557723,13.2
12-01-2024 09:13:30,90.615315751705,1756.90783048829,13.18
12-01-2024 09:23:30,89.869657171777,1740.15813472113,13.23
12-01-2024 09:33:30,90.1524875823069,1676.23564211023,13.2
12-01-2024 09:43:30,90.4654433126795,1756.75246256039,13.25
12-01-2024 09:53:30,91.2332335125942,1745.17207853144,13.23
12-01-2024 10:03:30,91.0880517947647,1737.91397777879,13.34
12-01-2024 10:13:30,86.2852611904083,1733.62781296499,13.36
12-01-2024 10:23:30,89.5989647868499,1729.3416481512,13.45
12-01-2024 10:33:30,90.1825241387019,1726.96164455208,13.45
12-01-2024 10:43:30,92.045899075468,1724.58164095296,13.52
12-01-2024 10:53:30,91.0328112505691,1727.46668561356,13.63
12-01-2024 11:03:30,90.5596739612707,1721.90035747857,13.64
12-01-2024 11:13:30,90.2832002310065,1670.35348718776,13.66
12-01-2024 11:23:30,90.3036773779489,1694.36921692988,13.7
12-01-2024 11:33:30,90.3317181354225,1718.384946672,13.76
12-01-2024 11:43:30,89.7654065004028,1716.06657640417,13.78
12-01-2024 11:53:30,89.9864203130916,1711.52846803913,13.84
12-01-2024 12:03:30,90.397004298074,1658.69984480215,13.89
12-01-2024 12:13:30,90.1389672169743,1705.49087973528,13.96
12-01-2024 12:23:30,89.8544294606579,1705.51865165939,13.96
12-01-2024 12:33:30,90.5552365635832,1704.48282706128,14.01
12-01-2024 12:43:30,89.7018717836178,1705.79935261153,14.04
12-01-2024 12:53:30,91.1536289875112,1710.29486758403,14.03
12-01-2024 13:03:30,90.4272606573587,1706.39931595145,14.14
12-01-2024 13:13:30,86.4843663816555,1499.41808919519,14.19
12-01-2024 13:23:30,88.8009199813553,1699.70699070885,14.16
12-01-2024 13:33:30,88.8025966231075,1692.36610765065,14.15
12-01-2024 13:43:30,90.1812049899533,1688.45771655682,14.2
12-01-2024 13:53:30,87.9609411820209,1687.43467164838,14.2
12-01-2024 14:03:30,90.6170183099391,1682.44827177716,14.3
12-01-2024 14:13:30,91.6060283343588,1683.01201959622,14.34
12-01-2024 14:23:30,86.2743877758331,1587.29082698718,14.31
12-01-2024 14:33:30,90.4727414775121,1653.37182613596,14.26
12-01-2024 14:43:30,89.7708841319839,1662.30451578607,14.31
12-01-2024 14:53:30,90.7597554130865,1658.94083679378,14.35
12-01-2024 15:03:30,89.7966516456271,1654.66483594264,14.35
12-01-2024 15:13:30,89.1112182750672,1441.32945602005,14.33
12-01-2024 15:23:30,88.4257849045072,1644.11968796259,14.28
12-01-2024 15:33:30,89.2354126166083,1647.39564875927,14.36
12-01-2024 15:43:30,88.9539350086901,1662.64416438793,14.37
12-01-2024 15:53:30,89.2498862159029,1668.60249422964,14.37
12-01-2024 16:03:30,90.4727179062147,1646.40601126803,14.26
12-01-2024 16:13:30,88.4636922684352,1637.6958946245,14.31
12-01-2024 16:23:30,87.7235474479193,1629.96662760268,14.39
12-01-2024 16:33:30,88.2807899443779,1629.81581853533,14.31
12-01-2024 16:43:30,88.2879987007802,1624.63762920606,14.35
12-01-2024 16:53:30,88.2952074571826,1619.45943987678,14.32
12-01-2024 17:03:30,87.9954856863449,1618.87547700969,14.28
12-01-2024 17:13:30,87.1259692143188,1619.27606630986,14.27
12-01-2024 17:23:30,87.5149410195914,1623.59509147467,14.26
12-01-2024 17:33:30,88.3203756171919,1676.66799018649,14.33
12-01-2024 17:43:30,87.9311106533514,1652.5741533923,14.31
12-01-2024 17:53:30,87.9968237244001,1611.11387261669,14.21
12-01-2024 18:03:30,89.6622853838134,1630.86373969101,14.25
12-01-2024 18:13:30,88.4951094606567,1656.27485575693,14.22
12-01-2024 18:23:30,87.0452260390883,1637.66070687077,14.21
12-01-2024 18:33:30,87.5950029801377,1598.53506290968,14.11
12-01-2024 18:43:30,87.711606001684,1649.77817922807,14.15
12-01-2024 18:53:30,90.7007416203806,1661.69136580085,14.11
12-01-2024 19:03:30,89.2516283437815,1653.49722278427,14.1
12-01-2024 19:13:30,87.6092618998286,1657.33077727401,14.09
12-01-2024 19:23:30,87.4926343601792,1602.51406937599,14.02
12-01-2024 19:33:30,89.2195277502202,1607.07814195097,13.97
12-01-2024 19:43:30,88.8383308489201,1607.7734319456,13.97
12-01-2024 19:53:30,90.3824517552561,1617.79524943278,13.95
12-01-2024 20:03:30,90.3840563570114,1616.52660162143,13.94
12-01-2024 20:13:30,89.1147854167444,1620.74898405229,13.89
12-01-2024 20:23:30,89.2241687501883,1623.84602156246,13.91
12-01-2024 20:33:30,90.3624996148219,1625.89269734183,13.84
12-01-2024 20:43:30,87.2811295374413,1627.9393731212,13.85
12-01-2024 20:53:30,90.3099129363445,1613.25033665718,13.8
12-01-2024 21:03:30,89.290381725015,1627.3427009522,13.77
12-01-2024 21:13:30,90.2423281919495,1612.13948618523,13.72
12-01-2024 21:23:30,89.2826164573617,1610.97755034917,13.72
12-01-2024 21:33:30,90.2455678150967,1611.27320711324,13.7
12-01-2024 21:43:30,90.232173701068,1611.46476410863,13.65
12-01-2024 21:53:30,87.1468912051856,1611.65632110403,13.64
12-01-2024 22:03:30,88.0023179323928,1604.88909919733,13.59
12-01-2024 22:13:30,88.2824406459057,1602.50729864749,13.55
12-01-2024 22:23:30,88.3842333259542,1594.07539704568,13.55
12-01-2024 22:33:30,87.9966880732633,1591.52218472215,13.53
12-01-2024 22:43:30,87.6984114459337,1586.29535397306,13.49
12-01-2024 22:53:30,87.0326582143332,1596.78177116288,13.5
12-01-2024 23:03:30,87.3772049057248,1594.05770577194,13.46
12-01-2024 23:13:30,87.7217515971165,1591.333640381,13.51
12-01-2024 23:33:30,86.6561241443444,1587.44458171816,13.48
12-01-2024 23:43:30,89.2600696650433,1578.53594152297,13.47
12-01-2024 23:53:30,89.6472307399045,1585.68146376871,13.46
12-02-2024 00:03:30,88.9689279287135,1581.1820522862,13.4
12-02-2024 00:13:30,88.2906251175225,1576.68264080369,13.41
12-02-2024 00:23:30,87.2362311244813,1598.54903845831,13.41
12-02-2024 00:33:30,88.5773646572723,1595.25178839336,13.37
12-02-2024 00:43:30,89.9184981900632,1591.95453832842,13.34
12-02-2024 00:53:30,86.560264706789,1578.56651368733,13.36
12-02-2024 01:03:30,87.7178292657027,1590.35649082656,13.35
12-02-2024 01:13:30,88.0903378688181,1586.55368802001,13.3
12-02-2024 01:23:30,87.7888426919222,1580.47779392954,13.25
12-02-2024 01:33:30,89.8267647620129,1588.54006920063,13.28
12-02-2024 01:43:30,88.2027470927093,1595.5548387574,13.3
12-02-2024 01:53:30,88.8601356975581,1600.1839172748,13.24
12-02-2024 02:03:30,89.6355254993283,1587.41004070491,13.24
12-02-2024 02:13:30,89.8185499303614,1591.58129842704,13.2
12-02-2024 02:23:30,87.8030846990531,1600.42528517522,13.2
12-02-2024 02:33:30,89.6405414852734,1603.87394517919,13.21
12-02-2024 02:43:30,88.2060018735441,1619.83838065819,13.22
12-02-2024 02:53:30,89.358897942113,1643.83129099703,13.2
12-02-2024 03:03:30,89.2680425682692,1628.97577552996,13.2
12-02-2024 03:13:30,89.8470880841048,1636.29236286896,13.19
12-02-2024 03:23:30,89.9524062564406,1650.07647734532,13.2
12-02-2024 03:33:30,90.1465137983677,1630.56567051697,13.19
12-02-2024 03:43:30,89.7040615722174,1510.20526387911,13.15
12-02-2024 03:53:30,90.2460226428876,1631.16949873314,13.17
12-02-2024 04:03:30,90.6362557308427,1642.66519784462,13.17
12-02-2024 04:13:30,90.0643438964836,1647.90566394481,13.17
12-02-2024 04:23:30,91.68630640408,1642.47575477833,13.12
12-02-2024 04:33:30,90.641120381454,1667.25662421124,13.14
12-02-2024 04:43:30,92.0741447193334,1650.75025905497,13.1
12-02-2024 04:53:30,89.9710507074762,1636.40096872659,13.12
12-02-2024 05:03:30,91.0118589591741,1657.38774158458,13.06
12-02-2024 05:13:30,90.5476894815184,1683.59439953254,13.09
12-02-2024 05:23:30,90.4419352249294,1652.31785268727,13.05
12-02-2024 05:33:30,90.454788278283,1686.55734150801,13.07
12-02-2024 05:43:30,90.6393284800585,1450.60119071835,13.02
12-02-2024 05:53:30,90.823868681834,1673.2604657666,13
12-02-2024 06:03:30,89.6609843961981,1675.12712036638,12.96
12-02-2024 06:13:30,92.3495517215071,1666.0452704389,12.94
12-02-2024 06:23:30,89.5608874784469,1490.47832292715,12.92
12-02-2024 06:33:30,90.8228300044589,1682.84675423769,12.94
12-02-2024 06:43:30,90.4139783445009,1691.27130552295,12.86
12-02-2024 06:53:30,90.8035513167503,1689.88079625724,12.86
12-02-2024 07:03:30,90.6978937291516,1687.77049122352,12.82
12-02-2024 07:13:30,90.3154324783746,1698.74764427965,12.81
12-02-2024 07:23:30,90.9816882542532,1696.55611829462,12.78
12-02-2024 07:33:30,90.5256972298054,1717.83443625112,12.83
12-02-2024 07:43:30,91.6796763100452,1728.14847502715,12.82
12-02-2024 07:53:30,90.8132977764548,1732.58306675171,12.8
12-02-2024 08:03:30,89.3600651472632,1486.84497414853,12.75
12-02-2024 08:13:30,91.0123233116068,1703.41973270992,12.79
12-02-2024 08:23:30,92.8303519198274,1697.25935503616,12.76
12-02-2024 08:33:30,91.6856368957966,1354.79716409041,12.76
12-02-2024 08:43:30,90.5409218717658,1703.09379714481,12.77
12-02-2024 08:53:30,91.7981200619445,1739.5175339029,12.78
12-02-2024 09:03:30,91.8648284699187,1721.88256617751,12.77
12-02-2024 09:13:30,91.931536877893,1704.24759845212,12.85
12-02-2024 09:23:30,91.5141213446831,1516.60659849535,12.87
12-02-2024 09:33:30,91.0967058114732,1692.55911045149,12.9
12-02-2024 09:43:30,91.4750091699785,1678.35853564634,12.87
12-02-2024 09:53:30,89.6885094973217,1681.25408280174,12.96
12-02-2024 10:03:30,90.5774876582467,1678.70119072235,13.01
12-02-2024 10:13:30,89.4219666108737,1483.9200435445,12.99
12-02-2024 10:23:30,90.1298607543024,1653.83757287962,13.07
12-02-2024 10:33:30,89.4768126068433,1632.40849827832,13.11
12-02-2024 10:43:30,88.9976249494944,1632.71021399024,13.1
12-02-2024 10:53:30,89.4097442281678,1483.49096223802,13.16
12-02-2024 11:03:30,90.299615866187,1617.04616572863,13.21
12-02-2024 11:13:30,89.8386038185644,1632.75784452715,13.25
12-02-2024 11:23:30,91.7767343523278,1643.23951327593,13.27
12-02-2024 11:33:30,89.960431117824,1650.78362012909,13.29
12-02-2024 11:43:30,87.8225701606605,1613.75306334792,13.22
12-02-2024 11:53:30,88.6341769066055,1612.92005160482,13.32
12-02-2024 12:03:30,89.9950905851947,1611.06731495468,13.34
12-02-2024 12:13:30,90.1707723798964,1606.58528674865,13.28
12-02-2024 12:23:30,88.461334930202,1610.35512226587,13.33
12-02-2024 12:25:56,89.6181548438023,1478.11060950813,13.58
12-02-2024 12:30:56,90.1705680053501,1491.12335431295,15.05
12-02-2024 12:35:56,90.3678425515548,1494.0164394318,15.56
12-02-2024 12:40:56,90.3282356028827,1492.69214967325,15.57
12-02-2024 12:45:56,90.9009516990952,1507.99168019085,17.19
12-02-2024 12:50:56,91.0370705265475,1511.13211409555,17.53
12-02-2024 12:55:56,91.8179235844272,1530.97770243732,19.52
12-02-2024 13:00:56,92.5160305682916,1548.43106217975,21.26
12-02-2024 13:05:56,93.1323087956616,1565.35208251429,22.89
12-02-2024 13:10:56,93.6229611170197,1578.93316880299,24.19
12-02-2024 13:15:56,95.0010290247262,1614.79619817258,27.43
12-02-2024 13:20:56,94.071713826242,1590.48968135143,25.36
12-02-2024 13:25:56,94.4283024746293,1599.42391909317,26.19
12-02-2024 13:30:56,89.8575772738534,1201.39601021096,14.82
12-02-2024 13:35:56,89.6734647426987,1215.31187472964,14.31
12-02-2024 13:40:56,89.5678792823279,1207.69653150504,14.01
12-02-2024 13:45:56,89.5105411440886,1201.62740919684,13.84
12-02-2024 13:50:56,89.4790814916415,1216.44812113189,13.74
12-02-2024 13:55:56,89.4513403200827,1239.12095533115,13.65
12-02-2024 14:00:56,89.38643681621,1229.47512826985,13.59
12-02-2024 14:05:56,89.3548623967702,1240.59195704993,13.56
12-02-2024 14:10:56,89.3232879773304,1251.342560324,13.52
12-02-2024 14:15:56,87.7829153971968,1247.89278683226,13.5
12-02-2024 14:24:10,86.2425428170633,1242.61588297343,13.54
12-02-2024 14:34:10,84.7021702369297,1231.22550229516,13.5
12-02-2024 14:44:10,83.1617976567962,1233.38444789753,13.48
12-02-2024 14:54:10,83.16052753127,1236.39762250019,13.46
12-02-2024 15:04:10,83.5446936405957,1235.89590391043,13.44
12-02-2024 15:14:10,83.7427861393255,1234.78400730034,13.44
12-02-2024 15:24:10,83.6518025685048,1236.14139251434,13.44
12-02-2024 15:34:10,83.9462537570848,1238.82839101824,13.44
12-02-2024 15:44:10,84.2440854843055,1245.00984502943,13.45
12-02-2024 15:54:10,84.3492109056608,1245.87297392552,13.46
12-02-2024 16:04:10,84.7434716181732,1251.20095919261,13.47
12-02-2024 16:14:10,85.1377755126227,1254.53472559534,13.48
12-02-2024 16:24:10,84.2824942848873,1252.52954501235,13.5
12-02-2024 16:34:10,85.2552136454999,1261.1854775187,13.51
12-02-2024 16:44:10,85.4568284591751,1261.19494481424,13.52
12-02-2024 16:54:10,86.0510534559525,1261.07273349237,13.55
12-02-2024 17:04:10,85.3883931927438,1267.24321752361,13.57
12-02-2024 17:14:10,86.3720450226039,1270.62302028857,13.61
12-02-2024 17:24:10,85.5162756722892,1276.41734711058,13.63
12-02-2024 17:34:10,85.3390549452917,1282.00645625296,13.66
12-02-2024 17:44:10,86.7056547941545,1289.31091217071,13.69
12-02-2024 17:54:10,88.3550138363908,1300.74193943685,13.7
12-02-2024 18:04:10,86.9199795947595,1305.78344894247,13.72
12-02-2024 18:14:10,88.5732463543186,1311.58802895898,13.74
12-02-2024 18:24:10,86.8447979600267,1324.45311973058,13.75
12-02-2024 18:34:10,86.9502296188538,1334.65441869586,13.76
12-02-2024 18:44:10,88.6967762361728,1347.42803702685,13.77
12-02-2024 18:54:10,88.1229382386344,1355.54892969705,13.77
12-02-2024 19:04:10,89.9624882267953,1364.62195421972,13.77
12-02-2024 19:14:10,88.5198305544052,1373.02848644566,13.77
12-02-2024 19:24:10,87.9459925568668,1386.10046474876,13.77
12-02-2024 19:34:10,88.434045273036,1397.17296616164,13.77
12-02-2024 19:44:10,88.6324914309214,1402.91352920064,13.77
12-02-2024 19:54:10,90.4683160222453,1410.08923147865,13.76
12-02-2024 20:04:10,89.2151439665848,1418.40621817754,13.75
12-02-2024 20:14:10,90.0892421417131,1425.3834846972,13.75
12-02-2024 20:24:10,89.5117976564818,1429.41505810205,13.74
12-02-2024 20:34:10,90.2856146913521,1434.30267181558,13.73
12-02-2024 20:44:10,90.962837599061,1438.23777279678,13.72
12-02-2024 20:54:10,92.1263169424311,1440.93049010368,13.72
12-02-2024 21:04:10,90.1941043043632,1444.58358236545,13.7
12-02-2024 21:14:10,92.2259364975415,1445.27748830988,13.7
12-02-2024 21:24:10,90.00446768321,1444.55258492696,13.68
12-02-2024 21:34:10,91.3568940716476,1450.19793119903,13.67
12-02-2024 21:44:10,90.5829614370206,1451.9457166738,13.65
12-02-2024 21:54:10,90.3916792015406,1451.12117016569,13.64
12-02-2024 22:04:10,92.222271598186,1453.81946220188,13.62
12-02-2024 22:14:10,89.8125884919465,1455.27728305402,13.61
12-02-2024 22:24:10,92.0248945097553,1457.31209980078,13.58
12-02-2024 22:34:10,91.7371815669532,1456.86787621664,13.57
12-02-2024 22:44:10,90.5779728678418,1458.13808211658,13.55
12-02-2024 22:54:10,90.4794982418272,1459.31286893845,13.53
12-02-2024 23:04:10,92.4091878501917,1459.91401636871,13.52
12-02-2024 23:14:10,93.5636086583738,1460.32814695786,13.5
12-02-2024 23:24:10,90.8625707168887,1461.31216807806,13.48
12-02-2024 23:34:10,91.4349268725588,1463.34364204085,13.45
12-02-2024 23:44:10,90.6656668094907,1463.27933086854,13.44
12-02-2024 23:54:10,91.1453373935592,1461.69861159806,13.42
12-03-2024 00:04:10,91.4134143994187,1464.49980676988,13.35
12-03-2024 00:14:10,91.2186671823458,1467.56974421381,13.33
12-03-2024 00:24:10,91.2202923334462,1468.45405369645,13.32
12-03-2024 00:34:10,91.6033042317737,1470.47911904077,13.3
12-03-2024 00:44:10,90.4458613608948,1471.46015617269,13.28
12-03-2024 00:54:10,91.6952391672726,1468.931764453,13.26
12-03-2024 01:04:10,92.8480892373074,1472.28343076213,13.24
12-03-2024 01:14:10,92.2683439103092,1470.98826656326,13.22
12-03-2024 01:24:10,92.0698577243921,1472.35006978646,13.19
12-03-2024 01:34:10,92.4525069285378,1475.0360126219,13.17
12-03-2024 01:44:10,93.219887813096,1476.67876298139,13.15
12-03-2024 01:54:10,91.7746569739962,1478.98425032529,13.13
12-03-2024 02:04:10,91.7687124245157,1480.43805311826,13.1
12-03-2024 02:14:10,93.1090283696214,1481.60709053627,13.07
12-03-2024 02:24:10,91.7606049080228,1480.88038578612,13.05
12-03-2024 02:34:10,91.3738802780007,1484.22493163408,13.03
12-03-2024 02:44:10,93.0982427463182,1483.78340594598,13
12-03-2024 02:54:10,92.71147973207,1483.4353397768,12.98
12-03-2024 03:04:10,92.2249077753145,1488.29274186714,12.95
12-03-2024 03:14:10,92.7992179415478,1486.61970262992,12.93
12-03-2024 03:24:10,91.832415701517,1486.17801222747,12.9
12-03-2024 03:34:10,92.3105529896586,1488.95057919171,12.88
12-03-2024 03:44:10,90.6754974540371,1488.88574604938,12.86
12-03-2024 03:54:10,93.0706001129993,1493.35938973976,12.83
12-03-2024 04:04:10,92.6803996584542,1489.23069707653,12.8
12-03-2024 04:14:10,92.678149231818,1488.50442962053,12.78
12-03-2024 04:24:10,92.9638895385196,1490.51831182909,12.76
12-03-2024 04:34:10,92.1899408540506,1489.03734047841,12.73
12-03-2024 04:44:10,93.339387154174,1494.16704461786,12.71
12-03-2024 04:54:10,91.0340491549503,1492.59069257321,12.69
12-03-2024 05:04:10,92.5671658652431,1491.67573582901,12.67
12-03-2024 05:14:10,92.8527509700811,1489.53385571538,12.65
12-03-2024 05:24:10,92.0830728716852,1492.48950425681,12.63
12-03-2024 05:34:10,91.217649282765,1492.32998287261,12.61
12-03-2024 05:44:10,92.5582604774815,1496.1335414909,12.59
12-03-2024 05:54:10,92.2683515503712,1493.23757440044,12.57
12-03-2024 06:04:10,93.1291278575752,1494.68162965586,12.55
12-03-2024 06:14:10,90.9180278123731,1490.84449686318,12.52
12-03-2024 06:24:10,92.0587570474956,1493.60979337192,12.48
12-03-2024 06:34:10,92.0565970399715,1492.31916805916,12.46
12-03-2024 06:44:10,90.7975997900214,1493.575671193,12.41
12-03-2024 06:54:10,90.891383411826,1494.9237590892,12.39
12-03-2024 07:04:10,91.7514656211921,1495.04684697851,12.37
12-03-2024 07:14:10,92.3240216229631,1493.66293679766,12.35
12-03-2024 07:24:10,92.0382967962604,1487.38141319648,12.34
12-03-2024 07:34:10,91.936629241465,1492.49707161531,12.31
12-03-2024 07:44:10,91.5515039385571,1488.38406854849,12.29
12-03-2024 07:54:10,91.6488877976227,1483.04718285376,12.28
12-03-2024 08:04:10,91.7462615081955,1485.80614887338,12.27
12-03-2024 08:14:10,90.4113195378573,1480.28034909328,12.27
12-03-2024 08:24:10,92.2356964210285,1483.03784270251,12.27
12-03-2024 08:34:10,91.2874194133368,1480.24007053224,12.28
12-03-2024 08:44:10,91.4880071569043,1478.1950101313,12.29
12-03-2024 08:54:10,91.5008398985293,1473.22875992917,12.31
12-03-2024 09:04:10,91.800980159549,1470.23858797856,12.33
12-03-2024 09:14:10,89.5187673719716,1465.64353087665,12.36
12-03-2024 09:24:10,90.3898708480382,1466.70468816967,12.37
12-03-2024 09:34:10,92.1269893383508,1465.59641904284,12.39
12-03-2024 09:44:10,90.4189674690006,1462.4117101685,12.42
12-03-2024 09:54:10,90.9256113210414,1463.26958278447,12.48
12-03-2024 10:04:10,90.6655497761107,1464.69414427747,12.54
12-03-2024 10:14:10,90.501223733989,1462.81721154366,12.6
12-03-2024 10:24:10,90.5286717286263,1460.08886539703,12.66
12-03-2024 10:34:10,88.736188951619,1459.05477968975,12.73
12-03-2024 10:44:10,91.2668285465835,1451.49453137015,12.81
12-03-2024 10:54:10,91.1984962359935,1448.0000721624,12.87
12-03-2024 11:04:10,88.8168555037965,1446.5922499054,12.91
12-03-2024 11:14:10,90.0821959563784,1441.78201001705,12.94
12-03-2024 11:24:10,89.7104804081986,1439.15095497673,12.96
12-03-2024 11:34:10,89.1428470496596,1436.42953627946,12.97
12-03-2024 11:44:10,89.15543805061,1428.78081001956,12.99
12-03-2024 11:54:10,89.1680306498958,1424.06421118995,13.01
12-03-2024 12:04:10,87.9343471590752,1419.71848965936,13.04
12-03-2024 12:14:10,88.9047690170818,1414.43728449176,13.05
12-03-2024 12:24:10,87.9521804106273,1410.00753722194,13.06
12-03-2024 12:34:10,89.018870771773,1405.57710863041,13.07
12-03-2024 12:44:10,89.1276203101915,1405.02164564513,13.09
12-03-2024 12:54:10,88.4597924802327,1398.04026310696,13.09
12-03-2024 13:04:10,88.9496234036447,1397.39691273614,13.1
12-03-2024 13:14:10,88.8624129694175,1393.6272778346,13.11
12-03-2024 13:24:10,88.5863930332752,1389.27990127418,13.13
12-03-2024 13:34:10,87.2520686100696,1387.20546873365,13.15
12-03-2024 13:44:10,88.8002932623944,1384.5708241086,13.16
12-03-2024 13:54:10,86.8884496386443,1380.12559263729,13.18
12-03-2024 14:04:10,88.6257816110475,1374.27678712683,13.18
12-03-2024 14:14:10,88.0573845878632,1373.82072360475,13.19
12-03-2024 14:24:10,87.0077714874251,1367.77150353316,13.2
12-03-2024 14:34:10,87.4978146578713,1364.56551145579,13.21
12-03-2024 14:44:10,87.4069539492976,1365.06730968716,13.21
12-03-2024 14:54:10,86.2574991370886,1361.11326063031,13.21
12-03-2024 15:04:10,86.4588031996475,1361.22494335557,13.22
12-03-2024 15:14:10,87.5228311108485,1354.8054642494,13.22
12-03-2024 15:24:10,87.8204620931244,1352.45135246987,13.23
12-03-2024 15:34:10,86.3855924482009,1347.72620050416,13.24
12-03-2024 15:44:10,86.5869350136243,1345.65568098563,13.25
12-03-2024 15:54:10,87.7473962019243,1340.0882302179,13.25
12-03-2024 16:04:10,87.3677426311969,1337.65031078629,13.25
12-03-2024 16:14:10,86.1217745085165,1336.72973988127,13.25
12-03-2024 16:24:10,86.6118996495999,1335.13241735907,13.26
12-03-2024 16:34:10,86.0396997078628,1333.64272462631,13.26
12-03-2024 16:44:10,87.2037215221795,1329.95836357707,13.27
12-03-2024 16:54:10,85.9576146119011,1326.19218348889,13.27
12-03-2024 17:04:10,85.3853826404808,1326.59935061423,13.27
12-03-2024 17:14:10,85.5832934563268,1322.1692289239,13.27
12-03-2024 17:24:10,86.1697138997907,1321.32937878139,13.28
12-03-2024 17:34:10,85.7865793912023,1319.09476236199,13.27
12-03-2024 17:44:10,85.8916445760068,1317.97010444544,13.28
12-03-2024 17:54:10,86.564013210737,1319.35414423788,13.26
12-03-2024 18:04:10,85.8989725966988,1316.90170692694,13.27
12-03-2024 18:14:10,85.8114967458141,1317.38942779307,13.28
12-03-2024 18:24:10,85.4317791157198,1317.41719971717,13.28
12-03-2024 18:34:10,85.822246983873,1316.11698679188,13.28
12-03-2024 18:44:10,87.5640528418319,1317.55330963937,13.29
12-03-2024 18:54:10,85.9326930061828,1320.14239126145,13.29
12-03-2024 19:04:10,85.8417895984665,1315.99617701109,13.29
12-03-2024 19:14:10,87.0059887557106,1318.95052142325,13.3
12-03-2024 19:24:10,87.203931608346,1320.30648153365,13.3
12-03-2024 19:34:10,86.1536182302083,1318.42260550939,13.31
12-03-2024 19:44:10,85.2923904821652,1321.67622428027,13.31
12-03-2024 19:54:10,85.8789192408265,1320.74115364171,13.32
12-03-2024 20:04:10,87.1396117109162,1330.05431249235,13.33
12-03-2024 20:14:10,86.5706440372687,1331.68202218499,13.34
12-03-2024 20:24:10,86.3868549383823,1328.84935197401,13.35
12-03-2024 20:34:10,84.7583060548003,1330.09755347562,13.36
12-03-2024 20:44:10,87.1785590839513,1328.95945393463,13.38
12-03-2024 20:54:10,88.2470762380278,1331.91678807759,13.39
12-03-2024 21:04:10,86.3292550920469,1332.6908758778,13.4
12-03-2024 21:14:10,86.2451689933127,1335.54103220647,13.42
12-03-2024 21:24:10,85.9683456517048,1335.06802054712,13.44
12-03-2024 21:34:10,87.3297392482739,1337.53945040715,13.46
12-03-2024 21:44:10,88.3059136330774,1341.15164765115,13.48
12-03-2024 21:54:10,85.7192538696791,1342.18704461146,13.51
12-03-2024 22:04:10,86.7953941909194,1342.08236262425,13.54
12-03-2024 22:14:10,86.4254672954913,1346.92110865074,13.57
12-03-2024 22:24:10,88.3736375846086,1349.08762604657,13.61
12-03-2024 22:34:10,87.8108944523851,1351.07701210809,13.64
12-03-2024 22:44:10,87.1514800021969,1357.34860559829,13.67
12-03-2024 22:54:10,87.3603254292744,1356.48592578422,13.7
12-03-2024 23:04:10,85.8319858130514,1355.62283558962,13.73
12-03-2024 23:14:10,87.2920696320629,1359.15000921773,13.75
12-03-2024 23:24:10,87.8907228353634,1363.51343263133,13.79
12-03-2024 23:34:10,88.2893929919188,1364.28139314012,13.81
12-03-2024 23:44:10,88.0121764815748,1368.7646081303,13.83
12-03-2024 23:54:10,87.5417401140062,1370.86739962654,13.85
12-04-2024 00:04:10,87.4540455678599,1373.1715485901,13.86
12-04-2024 00:14:10,88.722169388094,1373.56020096907,13.88
12-04-2024 00:24:10,88.2481244652898,1374.91206740677,13.89
12-04-2024 00:34:10,87.0977886779483,1379.02808066859,13.9
12-04-2024 00:44:10,88.8492327221945,1382.84936198436,13.92
12-04-2024 00:54:10,88.5683302152469,1378.76851238414,13.93
12-04-2024 01:04:10,88.2873958385794,1380.59796890121,13.94
12-04-2024 01:14:10,89.0693842900884,1380.42545661303,13.95
12-04-2024 01:24:10,88.2086195803714,1380.15756111552,13.96
12-04-2024 01:34:10,89.0873325234309,1380.27105901036,13.97
12-04-2024 01:44:10,87.6430625662244,1384.68537825506,13.97
12-04-2024 01:54:10,88.8117372033048,1385.65753049776,13.98
12-04-2024 02:04:10,90.0771951470145,1386.05758169044,13.99
12-04-2024 02:14:10,90.3725315664855,1391.61706899344,13.99
12-04-2024 02:24:10,89.5116447117463,1391.82683978848,14
12-04-2024 02:34:10,91.0635662080308,1394.23915531611,14
12-04-2024 02:44:10,90.6859916520364,1401.41254098714,14.01
12-04-2024 02:54:10,90.4013731782388,1397.62474945814,14.01
12-04-2024 03:04:10,92.1504779285988,1398.78896650731,14.02
12-04-2024 03:14:10,89.2557556304557,1399.67530629822,14.02
12-04-2024 03:24:10,89.5511404912024,1400.94323180771,14.02
12-04-2024 03:34:10,90.3262091234141,1403.64996050689,14.01
12-04-2024 03:44:10,90.2385801266015,1402.33432567096,14.02
12-04-2024 03:54:10,90.8239747290655,1403.98383689903,14.02
12-04-2024 04:04:10,90.7326799341892,1400.86352664485,14.02
12-04-2024 04:14:10,91.8014241061818,1406.04270576978,14.02
12-04-2024 04:24:10,89.1931103472528,1401.11792571025,14.01
12-04-2024 04:34:10,90.3547944477564,1406.11360944644,14
12-04-2024 04:44:10,91.036783606835,1402.13534811664,14
12-04-2024 04:54:10,91.1351098386534,1403.60172255235,13.99
12-04-2024 05:04:10,91.0401289491321,1403.16053429786,13.98
12-04-2024 05:14:10,90.7555589112159,1405.95395105353,13.98
12-04-2024 05:24:10,91.6270353881677,1404.17758600881,13.97
12-04-2024 05:34:10,91.0488510593353,1398.96881268987,13.96
12-04-2024 05:44:10,91.2475014285953,1403.47814678854,13.96
12-04-2024 05:54:10,90.7660035548667,1402.6557067728,13.95
12-04-2024 06:04:10,90.7676942169307,1404.97954216643,13.94
12-04-2024 06:14:10,90.7693852891422,1405.01509515898,13.93
12-04-2024 06:24:10,90.7710767714329,1408.00566142108,13.92
12-04-2024 06:34:10,90.3899874455206,1408.70069467637,13.92
12-04-2024 06:44:10,91.3578081883362,1408.35470379692,13.91
12-04-2024 06:54:10,90.1035985797964,1410.01024648316,13.9
12-04-2024 07:04:10,92.4237284930066,1409.18771137917,13.89
12-04-2024 07:14:10,90.4934380982494,1412.84411217326,13.88
12-04-2024 07:24:10,91.7545431074009,1412.39541546748,13.88
12-04-2024 07:34:10,92.4360804749576,1414.32906191117,13.88
12-04-2024 07:44:10,89.9299958137429,1412.92742794559,13.88
12-04-2024 07:54:10,91.1911008228944,1414.2893120334,13.88
12-04-2024 08:04:10,91.9729792966295,1413.45228827252,13.89
12-04-2024 08:14:10,91.9821013318893,1416.61808363016,13.9
12-04-2024 08:24:10,90.7316067983847,1416.45523878548,13.9
12-04-2024 08:34:10,90.1573497700907,1413.33783402472,13.9
12-04-2024 08:44:10,90.9392559453788,1416.78980268559,13.91
12-04-2024 08:54:10,91.0449357793452,1409.56611685043,13.92
12-04-2024 09:04:10,92.3100846447522,1414.54360401288,13.93
12-04-2024 09:14:10,91.8323523197451,1415.3340189807,13.93
12-04-2024 09:24:10,90.4886891296078,1415.64077841154,13.94
12-04-2024 09:34:10,91.8505786309856,1413.37326441954,13.95
12-04-2024 09:44:10,90.8933161597251,1413.67991163642,13.96
12-04-2024 09:54:10,89.4563364593116,1411.02308277064,13.98
12-04-2024 10:04:10,90.8221508214629,1406.93470119786,14
12-04-2024 10:14:10,89.875447732325,1405.30973032463,14.04
12-04-2024 10:24:10,89.6088507098632,1406.63467883703,14.09
12-04-2024 10:34:10,88.5646681740728,1401.18936108323,14.13
12-04-2024 10:44:10,89.9424205231896,1398.69303703009,14.18
12-04-2024 10:54:10,90.159540866118,1398.77464103561,14.23
12-04-2024 11:04:10,89.5986815895874,1397.0485973624,14.27
12-04-2024 11:14:10,89.7153536170082,1392.740004437,14.31
12-04-2024 11:24:10,90.0221296070102,1391.976270179,14.34
12-04-2024 11:34:10,90.5190545694039,1390.36028861021,14.36
12-04-2024 11:44:10,90.0510913510178,1386.82128583964,14.39
12-04-2024 11:54:10,90.65238979001,1385.56783216064,14.43
12-04-2024 12:04:10,89.1218734525787,1388.23843686045,14.47
12-04-2024 12:14:10,89.5221286768713,1388.63080929145,14.49
12-04-2024 12:24:10,89.6352901941136,1389.20569329902,14.52
12-04-2024 12:34:10,89.9423999746505,1384.89568130113,14.55
12-04-2024 12:44:10,89.1793186858745,1381.93467736799,14.57
12-04-2024 12:54:10,90.0646872084841,1379.35601654497,14.59
12-04-2024 13:04:10,88.2381164401493,1377.43732918668,14.62
12-04-2024 13:14:10,88.7391775065959,1373.31292735519,14.65
12-04-2024 13:24:10,88.9457408062378,1374.37460117547,14.67
12-04-2024 13:34:10,88.5737209717191,1375.04279083477,14.7
12-04-2024 13:44:10,88.9708311997887,1373.52582725796,14.71
12-04-2024 13:54:10,88.4046112298135,1371.69987366216,14.74
12-04-2024 14:04:10,87.4428960694503,1370.85371756341,14.75
12-04-2024 14:14:10,87.9371216109128,1372.59788688405,14.76
12-04-2024 14:24:10,89.3050799936954,1374.43827242485,14.77
12-04-2024 14:34:10,87.7607673545137,1374.1678660011,14.78
12-04-2024 14:44:10,88.6398695005835,1373.04414373227,14.78
12-04-2024 14:54:10,87.2861136886612,1377.96576597635,14.78
12-04-2024 15:04:10,88.3629282395641,1377.69560318456,14.79
12-04-2024 15:14:10,88.2676717345427,1375.81427928811,14.78
12-04-2024 15:24:10,87.4999025857669,1373.91253581026,14.79
12-04-2024 15:34:10,87.5988565071257,1376.44557023279,14.78
12-04-2024 15:44:10,87.2089382921301,1378.31658466294,14.76
12-04-2024 15:54:10,87.6961513710808,1380.36902276315,14.75
12-04-2024 16:04:10,88.7692359477975,1379.53337462152,14.75
12-04-2024 16:14:10,87.3186436245261,1385.98882925724,14.75
12-04-2024 16:24:10,87.1264110470464,1383.91561328989,14.74
12-04-2024 16:34:10,89.2598906982434,1383.67482988125,14.72
12-04-2024 16:44:10,88.0036389964437,1383.6066885187,14.72
12-04-2024 16:54:10,87.901404262691,1387.11539191187,14.69
12-04-2024 17:04:10,88.3848457446691,1388.79175380546,14.67
12-04-2024 17:14:10,88.3831290958422,1391.61794176159,14.65
12-04-2024 17:24:10,88.8628394974818,1393.1102999539,14.62
12-04-2024 17:34:10,87.6972747635238,1387.69385810256,14.6
12-04-2024 17:44:10,87.4117004178852,1391.9378985758,14.6
12-04-2024 17:54:10,87.4135864067903,1393.02863563547,14.59
12-04-2024 18:04:10,87.2145735002618,1388.86812849113,14.56
12-04-2024 18:14:10,88.4769008074817,1393.21554497082,14.55
12-04-2024 18:24:10,87.3118399246797,1394.79344206122,14.53
12-04-2024 18:34:10,87.9887943629652,1393.78540366656,14.51
12-04-2024 18:44:10,87.9836163637764,1394.50984333084,14.48
12-04-2024 18:54:10,88.9546022554936,1395.88659336493,14.47
12-04-2024 19:04:10,87.8834047343366,1394.12199113273,14.44
12-04-2024 19:14:10,87.3973317352581,1395.41137968227,14.42
12-04-2024 19:24:10,88.7484347322014,1400.44008625112,14.39
12-04-2024 19:34:10,89.2274076099604,1400.30155088961,14.36
12-04-2024 19:44:10,87.579295954762,1404.93634010701,14.34
12-04-2024 19:54:10,86.2220482733124,1403.64143751728,14.32
12-04-2024 20:04:10,86.8948926165865,1401.59036780752,14.29
12-04-2024 20:14:10,88.9227036367593,1406.80380877461,14.26
12-04-2024 20:24:10,89.7884409872746,1406.950652872,14.23
12-04-2024 20:34:10,88.8117648006957,1412.35894070658,14.19
12-04-2024 20:44:10,89.003533579239,1408.77228332265,14.17
12-04-2024 20:54:10,87.8374029437175,1410.73281718503,14.14
12-04-2024 21:04:10,87.4384604302386,1412.32544442606,14.09
12-04-2024 21:14:10,89.7612142122582,1413.60135981681,14.08
12-04-2024 21:24:10,89.4621352542465,1414.89874993325,14.04
12-04-2024 21:34:10,87.5199863885127,1414.19234163318,14
12-04-2024 21:44:10,88.8643841019617,1412.91427095808,13.96
12-04-2024 21:54:10,88.8626588502801,1413.81482641508,13.94
12-04-2024 22:04:10,88.370811180068,1413.49057542087,13.9
12-04-2024 22:14:10,87.7860886796404,1413.82619065636,13.87
12-04-2024 22:24:10,87.3981748181031,1414.53547129661,13.85
12-04-2024 22:34:10,87.3931547523671,1420.49047697259,13.82
12-04-2024 22:44:10,87.8708694416179,1418.15792947448,13.79
12-04-2024 22:54:10,88.1623772439714,1421.62061231645,13.78
12-04-2024 23:04:10,90.184256901513,1419.57413813454,13.75
12-04-2024 23:14:10,88.4451450409661,1424.56520583668,13.73
12-04-2024 23:24:10,88.8294941396094,1424.32043670292,13.71
12-04-2024 23:34:10,89.406744161475,1426.64492806239,13.69
12-04-2024 23:44:10,88.6366495358273,1425.63240522672,13.68
12-04-2024 23:54:10,89.2138268405738,1428.33670583926,13.66
12-05-2024 00:04:10,87.6721036759851,1429.13168104893,13.65
12-05-2024 00:14:10,89.0245259104041,1432.87520193924,13.64
12-05-2024 00:24:10,88.158208746558,1434.05015880471,13.63
12-05-2024 00:34:10,89.6997797867082,1436.6570612313,13.61
12-05-2024 00:44:10,88.6406823022322,1438.30691297579,13.6
12-05-2024 00:54:10,89.5069095166658,1441.29287466771,13.58
12-05-2024 01:04:10,87.6731038054545,1438.57434046852,13.56
12-05-2024 01:14:10,89.6033597862431,1438.03722166309,13.55
12-05-2024 01:24:10,89.3194822222153,1438.82541367941,13.55
12-05-2024 01:34:10,89.5105494276278,1441.23995091985,13.53
12-05-2024 01:44:10,88.4519371445937,1444.02883656659,13.52
12-05-2024 01:54:10,88.553713761736,1446.52740522117,13.52
12-05-2024 02:04:10,88.3627795956531,1449.69577137453,13.51
12-05-2024 02:14:10,88.8466027775867,1450.58327022358,13.5
12-05-2024 02:24:10,89.5195743738234,1451.66509002439,13.48
12-05-2024 02:34:10,89.9104698497651,1453.87789648832,13.48
12-05-2024 02:44:10,89.719505148295,1456.28479092,13.47
12-05-2024 02:54:10,90.3031286982799,1456.12257440593,13.47
12-05-2024 03:04:10,88.5737585244427,1457.57525961634,13.47
12-05-2024 03:14:10,89.5428810283981,1454.94319340603,13.47
12-05-2024 03:24:10,89.6446308859201,1459.24570518902,13.47
12-05-2024 03:34:10,89.7428014988387,1459.75227769312,13.46
12-05-2024 03:44:10,90.9046092780823,1460.53994511769,13.46
12-05-2024 03:54:10,88.7933835965751,1464.36371457292,13.47
12-05-2024 04:04:10,90.6262513510876,1466.19971828183,13.46
12-05-2024 04:14:10,91.1098196709794,1468.7952820588,13.45
12-05-2024 04:24:10,91.0188307512051,1468.06321672574,13.45
12-05-2024 04:34:10,89.9606122955644,1472.27297556639,13.44
12-05-2024 04:44:10,88.9988652502896,1471.73383845289,13.43
12-05-2024 04:54:10,90.3495774080839,1477.46200451443,13.42
12-05-2024 05:04:10,89.8732125584915,1479.86372200364,13.42
12-05-2024 05:14:10,88.0444947874672,1478.37459105851,13.41
12-05-2024 05:24:10,89.6841233831052,1481.15813978663,13.4
12-05-2024 05:34:10,89.2970502272931,1484.41790926336,13.38
12-05-2024 05:44:10,89.9695392840167,1481.22252405209,13.36
12-05-2024 05:54:10,89.3970188855075,1482.57909454694,13.36
12-05-2024 06:04:10,89.4951510778381,1486.97469201987,13.35
12-05-2024 06:14:10,90.171104376143,1488.90222969871,13.34
12-05-2024 06:24:10,90.0765841510336,1488.07759742856,13.33
12-05-2024 06:34:10,89.9749074592055,1491.71552788246,13.3
12-05-2024 06:44:10,90.0729779266295,1492.69334863485,13.29
12-05-2024 06:54:10,88.1423396757812,1489.50053587253,13.26
12-05-2024 07:04:10,88.9142920014008,1492.56459378547,13.25
12-05-2024 07:14:10,90.1674184961124,1496.29197618643,13.24
12-05-2024 07:24:10,90.0729556485651,1494.80370507014,13.23
12-05-2024 07:34:10,89.4937447323331,1496.06632359458,13.21
12-05-2024 07:44:10,89.7878273341721,1497.421369179,13.21
12-05-2024 07:54:10,91.1368604190764,1496.9761440667,13.2
12-05-2024 08:04:10,90.0837001165003,1498.52068413259,13.2
12-05-2024 08:14:10,90.9478849773674,1498.83463261743,13.18
12-05-2024 08:24:10,89.3175230682104,1499.71545610462,13.18
12-05-2024 08:34:10,90.1852875345295,1500.02838262119,13.17
12-05-2024 08:44:10,89.8093724322064,1495.41095863042,13.18
12-05-2024 08:54:10,89.3371899006623,1496.38547866569,13.19
12-05-2024 09:04:10,90.4010417657731,1494.51743544219,13.19
12-05-2024 09:14:10,90.9837678372105,1494.92437039582,13.19
12-05-2024 09:24:10,89.2641635588473,1492.57960430172,13.21
12-05-2024 09:34:10,89.0770670226703,1490.99568678115,13.21
12-05-2024 09:44:10,88.7045098324103,1490.64116304951,13.23
12-05-2024 09:54:10,89.9646648945555,1485.26225684049,13.24
12-05-2024 10:04:10,88.9253407521854,1484.61822837127,13.28
12-05-2024 10:14:10,88.4598271270133,1479.70634054745,13.31
12-05-2024 10:24:10,87.994156760921,1478.58816884116,13.34
12-05-2024 10:34:10,88.6876909294164,1474.90383590782,13.38
12-05-2024 10:44:10,89.9631962672726,1470.45446532871,13.43
12-05-2024 10:54:10,88.4408901648555,1467.43001976717,13.47
12-05-2024 11:04:10,88.2674514432421,1460.5077442003,13.51
12-05-2024 11:14:10,90.1151142691719,1458.71804857188,13.54
12-05-2024 11:24:10,86.7528632706387,1455.8860074737,13.56
12-05-2024 11:34:10,88.8865808417571,1453.71860945039,13.58
12-05-2024 11:44:10,88.9989660298253,1449.73914093027,13.61
12-05-2024 11:54:10,89.786647369951,1449.65767209782,13.64
12-05-2024 12:04:10,89.7026870338897,1450.72247133586,13.66
12-05-2024 12:14:10,88.3608817838184,1448.36710376924,13.67
12-05-2024 12:24:10,88.8486662338954,1446.96777442657,13.67
12-05-2024 12:34:10,89.4400330774444,1449.65001648577,13.69
12-05-2024 12:44:10,89.2488832778176,1448.16015665586,13.68
12-05-2024 12:54:10,88.682350523896,1447.89275507526,13.7
12-05-2024 13:04:10,88.2052358633662,1449.82376705741,13.7
12-05-2024 13:14:10,88.8931351928958,1448.98550742648,13.72
12-05-2024 13:24:10,88.4229533104302,1444.3393319624,13.74
12-05-2024 13:34:10,89.1074957128974,1445.98033167,13.75
12-05-2024 13:44:10,88.1580583974306,1442.75553185732,13.78
12-05-2024 13:54:10,86.8152651575649,1438.39754888172,13.79
12-05-2024 14:04:10,89.8207164799991,1438.79506438523,13.81
12-05-2024 14:14:10,86.6431051516644,1437.19800495128,13.82
12-05-2024 14:24:10,89.0660686163793,1437.88686610672,13.83
12-05-2024 14:34:10,88.2092968189163,1437.42695825986,13.85
12-05-2024 14:44:10,88.0215149679733,1438.02636066486,13.85
12-05-2024 14:54:10,88.3236005825833,1436.61352674467,13.87
12-05-2024 15:04:10,88.7153326310221,1435.7837210826,13.87
12-05-2024 15:14:10,89.2071903855206,1439.23623504335,13.88
12-05-2024 15:24:10,88.153502568626,1437.35241671048,13.89
12-05-2024 15:34:10,87.5792777949911,1436.0459738699,13.89
12-05-2024 15:44:10,87.9745202183151,1436.73508525137,13.9
12-05-2024 15:54:10,88.7562489732325,1435.80393121032,13.91
12-05-2024 16:04:10,88.0853489524272,1437.92864887073,13.91
12-05-2024 16:14:10,88.6738942636376,1433.37523280838,13.92
12-05-2024 16:24:10,87.9960206944328,1433.70099626293,13.9
12-05-2024 16:34:10,88.1946065292367,1437.25517840947,13.9
12-05-2024 16:44:10,87.6169036281971,1438.33700054031,13.89
12-05-2024 16:54:10,87.618833257963,1432.17633738403,13.88
12-05-2024 17:04:10,87.334424556195,1434.30057127968,13.88
12-05-2024 17:14:10,87.7227276225287,1436.71647448678,13.87
12-05-2024 17:24:10,87.0485656364925,1434.55861499658,13.86
12-05-2024 17:34:10,87.1471071416113,1437.45049415972,13.85
12-05-2024 17:44:10,88.5976618515966,1437.48400027879,13.84
12-05-2024 17:54:10,88.7926751559512,1441.99458920081,13.83
12-05-2024 18:04:10,88.5979213727213,1438.1281961654,13.81
12-05-2024 18:14:10,88.5998003640824,1442.06629547486,13.8
12-05-2024 18:24:10,86.7639075217426,1443.34270472933,13.78
12-05-2024 18:34:10,88.6000645521573,1441.47150200114,13.77
12-05-2024 18:44:10,88.2088794505806,1448.17896207357,13.74
12-05-2024 18:54:10,87.821276330194,1449.16833987964,13.72
12-05-2024 19:04:10,88.5917360602493,1446.35094218889,13.7
12-05-2024 19:14:10,87.7217428007117,1451.05106209618,13.68
12-05-2024 19:24:10,88.0096621878316,1447.56832809151,13.66
12-05-2024 19:34:10,89.4551081540743,1451.31565331116,13.64
12-05-2024 19:44:10,88.4888575110357,1451.82831509223,13.62
12-05-2024 19:54:10,88.0050445130483,1449.67833658375,13.6
12-05-2024 20:04:10,88.4856765073035,1452.94826661814,13.58
12-05-2024 20:14:10,88.2912424938388,1456.5023812234,13.56
12-05-2024 20:24:10,89.2537993423232,1454.92297201845,13.54
12-05-2024 20:34:10,87.6133031232266,1457.05025091268,13.52
12-05-2024 20:44:10,89.1575852169492,1459.26781510754,13.51
12-05-2024 20:54:10,89.8341792788095,1461.29501135334,13.5
12-05-2024 21:04:10,88.6793754336435,1458.76147930391,13.49
12-05-2024 21:14:10,88.7776415749557,1463.73345861129,13.48
12-05-2024 21:24:10,88.390551467964,1466.2383902623,13.46
12-05-2024 21:34:10,88.9741429171005,1464.17644956013,13.46
12-05-2024 21:44:10,88.9795180361299,1465.05910392226,13.46
12-05-2024 21:54:10,88.6992732823052,1467.55307081473,13.47
12-05-2024 22:04:10,88.4155241858569,1465.68095835711,13.47
12-05-2024 22:14:10,89.3846466898122,1465.8037245003,13.47
12-05-2024 22:24:10,89.7790683004425,1467.53791914583,13.48
12-05-2024 22:34:10,89.3095857142136,1473.25970725006,13.5
12-05-2024 22:44:10,89.3220051385274,1475.08698561336,13.52
12-05-2024 22:54:10,89.3273802575568,1479.10604456363,13.52
12-05-2024 23:04:10,88.954152422305,1479.98403505869,13.54
12-05-2024 23:14:10,88.4809418387649,1483.24106318266,13.55
12-05-2024 23:24:10,87.5255635068008,1486.02328773087,13.56
12-05-2024 23:34:10,88.4951677909382,1491.27934882618,13.56
12-05-2024 23:44:10,88.504019010219,1494.25253129154,13.57
12-05-2024 23:54:10,90.1486747634054,1498.27312123998,13.57
12-06-2024 00:04:10,88.8040540660703,1496.01928286447,13.57
12-06-2024 00:14:10,90.1594250014643,1500.23000700454,13.57
12-06-2024 00:24:10,89.3898496346825,1499.59335151442,13.56
12-06-2024 00:34:10,89.9844327628792,1499.99832292756,13.59
12-06-2024 00:44:10,89.7862915387846,1502.3105698498,13.56
12-06-2024 00:54:10,89.306033517212,1501.38865459084,13.55
12-06-2024 01:04:10,88.7294172322914,1503.0331059813,13.54
12-06-2024 01:14:10,90.0774424107586,1504.96306395377,13.52
12-06-2024 01:24:10,90.0792577097734,1509.07748086782,13.51
12-06-2024 01:34:10,90.1738998152466,1510.15100392238,13.49
12-06-2024 01:44:10,89.5010503241188,1509.32400937928,13.48
12-06-2024 01:54:10,88.8212999418889,1509.35271882255,13.45
12-06-2024 02:04:10,88.8231875432068,1512.70483638199,13.44
12-06-2024 02:14:10,88.6254171386233,1509.02970983924,13.41
12-06-2024 02:24:10,87.7568545047673,1513.80496425293,13.39
12-06-2024 02:34:10,89.0110491390517,1513.54792758414,13.38
12-06-2024 02:44:10,89.4874918056502,1514.14513919916,13.35
12-06-2024 02:54:10,88.8152092437041,1511.42077717608,13.34
12-06-2024 03:04:10,89.6802691621532,1512.30284818135,13.32
12-06-2024 03:14:10,89.4860158172193,1511.00263412252,13.3
12-06-2024 03:24:10,90.1511544581894,1518.52369862241,13.26
12-06-2024 03:34:10,88.9978886073853,1514.56805990156,13.25
12-06-2024 03:44:10,87.2638462119952,1516.39727564383,13.23
12-06-2024 03:54:10,88.6990264064664,1519.55232782124,13.19
12-06-2024 04:04:10,88.6974576318813,1515.97771627988,13.17
12-06-2024 04:14:10,89.4620077717617,1518.27909476709,13.14
12-06-2024 04:24:10,88.2099156875646,1517.16930420009,13.12
12-06-2024 04:34:10,88.7854686578963,1516.05986146054,13.1
12-06-2024 04:44:10,89.1615735376171,1517.88620022816,13.06
12-06-2024 04:54:10,89.6371679716991,1522.26810345409,13.03
12-06-2024 05:04:10,89.8207057099969,1520.11647059675,12.99
12-06-2024 05:14:10,89.4310865109929,1524.49554827815,12.96
12-06-2024 05:24:10,88.9524691842661,1520.64321842446,12.95
12-06-2024 05:34:10,90.3957453834015,1521.23814306767,12.94
12-06-2024 05:44:10,90.3904468601364,1521.73720750641,12.91
12-06-2024 05:54:10,89.0403105752209,1521.38495755658,12.88
12-06-2024 06:04:10,88.8431540557971,1527.17829782269,12.85
12-06-2024 06:14:10,89.8019253547678,1523.99004298625,12.83
12-06-2024 06:24:10,89.3166474901525,1522.78694920343,12.8
12-06-2024 06:34:10,88.3584054889259,1525.74361442698,12.79
12-06-2024 06:44:10,89.6014116937212,1527.09146735899,12.76
12-06-2024 06:54:10,89.9837126749624,1528.15640049041,12.74
12-06-2024 07:04:10,88.545852223049,1530.45011454041,12.73
12-06-2024 07:14:10,90.6521000883179,1531.13524936768,12.7
12-06-2024 07:24:10,89.6908070986386,1532.48237197139,12.68
12-06-2024 07:34:10,89.1135009866377,1532.41297236485,12.66
12-06-2024 07:44:10,88.9235217841357,1533.66658067162,12.65
12-06-2024 07:54:10,91.0323651151519,1534.5408957084,12.63
12-06-2024 08:04:10,89.883091988419,1534.0008603644,12.62
12-06-2024 08:14:10,90.1726982666296,1536.10332922048,12.61
12-06-2024 08:24:10,91.1336535520879,1541.22515809315,12.6
12-06-2024 08:34:10,89.6044448656675,1538.32761889773,12.6
12-06-2024 08:44:10,90.2776607793366,1537.78743338042,12.59
12-06-2024 08:54:10,90.4819491045239,1537.34688165236,12.61
12-06-2024 09:04:10,89.4287472470746,1535.57998842536,12.6
12-06-2024 09:14:10,91.2600336406537,1534.38251953936,12.61
12-06-2024 09:24:10,89.8301708533917,1535.63872448996,12.62
12-06-2024 09:34:10,90.6100364549475,1529.91167834082,12.64
12-06-2024 09:44:10,89.5636511572252,1531.16781921805,12.65
12-06-2024 09:54:10,89.5760257617907,1526.66616556466,12.67
12-06-2024 10:04:10,89.4994346817187,1522.73091911004,12.71
12-06-2024 10:14:10,90.1942709376662,1523.23411824666,12.76
12-06-2024 10:24:10,88.7804427332544,1520.90266138056,12.82
12-06-2024 10:34:10,90.1478801892841,1516.86669471485,12.87
12-06-2024 10:44:10,88.6370822307232,1520.49027886607,12.93
12-06-2024 10:54:10,89.1368070234648,1512.00292267036,12.97
12-06-2024 11:04:10,89.6367508155017,1508.81134631844,13.01
12-06-2024 11:14:10,89.6526516792835,1505.6185176434,13.04
12-06-2024 11:24:10,89.2804224300865,1503.65622977658,13.06
12-06-2024 11:34:10,88.2383748524684,1502.35534149147,13.09
12-06-2024 11:44:10,89.119735779073,1499.82222336056,13.12
12-06-2024 11:54:10,88.1700872965598,1498.42634607157,13.14
12-06-2024 12:04:10,89.2441068219882,1499.49283218063,13.17
12-06-2024 12:14:10,89.8302886453752,1502.64726430445,13.18
12-06-2024 12:24:10,89.1656077944366,1499.26161251062,13.19
12-06-2024 12:34:10,90.5216930061665,1501.18412696007,13.2
12-06-2024 12:44:10,88.6024582677315,1499.2211406981,13.2
12-06-2024 12:54:10,89.188699922671,1502.28145589786,13.21
12-06-2024 13:04:10,87.5614592369114,1500.50679687424,13.22
12-06-2024 13:14:10,89.1136513792151,1500.24782524112,13.24
12-06-2024 13:24:10,89.0262491128039,1495.34306118318,13.25
12-06-2024 13:34:10,88.6535028940672,1493.18624872487,13.27
12-06-2024 13:44:10,88.6657868974585,1498.33324312963,13.29
12-06-2024 13:54:10,89.5411718346939,1494.56488499635,13.3
12-06-2024 14:04:10,89.1683760798445,1497.91044080729,13.32
12-06-2024 14:14:10,88.6922784554011,1496.23028069296,13.32
12-06-2024 14:24:10,90.1456080993917,1500.14716577842,13.33
12-06-2024 14:34:10,88.8921513247536,1499.98753478902,13.31
12-06-2024 14:44:10,88.9972874585731,1498.30618384346,13.32
12-06-2024 14:54:10,88.42145552555,1498.24039951699,13.31
12-06-2024 15:04:10,87.8490953998644,1496.27573662397,13.31
12-06-2024 15:14:10,89.8730243873382,1499.34084845647,13.3
12-06-2024 15:24:10,88.4307025075154,1501.45686203512,13.29
12-06-2024 15:34:10,88.3329329287872,1498.45164943013,13.27
12-06-2024 15:44:10,89.1049756144509,1496.20454495546,13.26
12-06-2024 15:54:10,88.6255900360493,1497.84599426887,13.25
12-06-2024 16:04:10,87.8540980178485,1497.97132771619,13.23
12-06-2024 16:14:10,88.7187873376404,1497.05377343149,13.21
12-06-2024 16:34:10,88.3220717915825,1499.26840746023,13.16
12-06-2024 16:44:10,88.7122835500781,1499.01187235556,13.16
12-06-2024 16:54:10,88.6111176766368,1500.74896271275,13.13
12-06-2024 17:04:10,88.4206739421393,1500.30419289565,13.12
12-06-2024 17:14:10,88.9997119620763,1502.13308217836,13.11
12-06-2024 17:24:10,87.1742569643426,1500.36212543138,13.1
12-06-2024 17:34:10,87.1762699703773,1501.62242937145,13.09
12-06-2024 17:44:10,89.5859413357934,1501.93435620619,13.09
12-06-2024 17:54:10,87.664491079024,1505.0886713093,13.08
12-06-2024 18:04:10,88.0579419761648,1504.83144916073,13.09
12-06-2024 18:14:10,89.1177391503231,1504.19710451499,13.08
12-06-2024 18:24:10,89.6966135313174,1506.11986437607,13.07
12-06-2024 18:34:10,89.2177098231994,1506.33779601289,13.06
12-06-2024 18:44:10,89.126929073521,1507.69132018282,13.06
12-06-2024 18:54:10,89.4172886803298,1511.12855945744,13.05
12-06-2024 19:04:10,87.9770028034447,1513.23972806812,13.04
12-06-2024 19:14:10,89.0365142676263,1509.57541038626,13.03
12-06-2024 19:24:10,88.4650500294334,1509.31915765722,13.03
12-06-2024 19:34:10,88.271309597535,1512.94509470889,13.01
12-06-2024 19:44:10,88.4689432070866,1510.89033738916,13.01
12-06-2024 19:54:10,87.698513984318,1510.82430083054,12.99
12-06-2024 20:04:10,89.1422036497972,1512.83991200084,12.98
12-06-2024 20:14:10,89.3363306129671,1512.48943194116,12.97
12-06-2024 20:24:10,88.5659789286723,1510.05776621068,12.95
12-06-2024 20:34:10,89.8171190078845,1512.26205485552,12.94
12-06-2024 20:44:10,89.9220915988402,1512.57335346429,12.95
12-06-2024 20:54:10,88.0948092669067,1514.39918049688,12.93
12-06-2024 21:04:10,89.1571378483144,1517.83264629127,12.93
12-06-2024 21:14:10,88.1982372124274,1522.40090226264,12.92
12-06-2024 21:24:10,89.5487513741258,1523.46922343153,12.92
12-06-2024 21:34:10,90.0310236657554,1528.50964764898,12.91
12-06-2024 21:44:10,88.9795623164937,1531.75341719579,12.91
12-06-2024 21:54:10,89.5613936909546,1534.24048141961,12.91
12-06-2024 22:04:10,87.9334760862613,1537.95719179328,12.91
12-06-2024 22:14:10,88.89961163101,1543.84942997055,12.91
12-06-2024 22:24:10,88.5206825797517,1544.63390721765,12.91
12-06-2024 22:34:10,88.6221337413531,1550.33696906417,12.91
12-06-2024 22:44:10,89.6808573569001,1550.92967039734,12.9
12-06-2024 22:54:10,88.9176666715953,1557.67268948459,12.9
12-06-2024 23:04:10,89.9798197715843,1559.11917559809,12.9
12-06-2024 23:14:10,89.2131680827548,1563.96698767103,12.89
12-06-2024 23:24:10,89.6028048381848,1564.18390705044,12.89
12-06-2024 23:34:10,90.6648994573154,1567.42718571457,12.89
12-06-2024 23:44:10,89.1263178038522,1569.90580514432,12.87
12-06-2024 23:54:10,88.6514190329725,1570.78461071738,12.87
12-07-2024 00:04:10,88.1731188689262,1571.84835679592,12.86
12-07-2024 00:14:10,89.999931806273,1572.34467560144,12.85
12-07-2024 00:24:10,90.0978441640245,1576.52789136806,12.84
12-07-2024 00:34:10,88.1790423045145,1577.68549903844,12.83
12-07-2024 00:44:10,89.3333560612334,1576.66890004843,12.82
12-07-2024 00:54:10,89.3352679274979,1578.96052109935,12.81
12-07-2024 01:04:10,90.2013384651904,1581.44081446337,12.8
12-07-2024 01:14:10,89.3390928093052,1582.78671450452,12.79
12-07-2024 01:24:10,87.3248595166012,1585.45533510255,12.78
12-07-2024 01:34:10,89.1509159077281,1584.53303961306,12.77
12-07-2024 01:44:10,88.7654258053106,1589.74657030757,12.75
12-07-2024 01:54:10,87.0396290033289,1586.55699515921,12.74
12-07-2024 02:04:10,88.1934364135084,1585.82382849283,12.73
12-07-2024 02:14:10,88.5724823037462,1586.21371060947,12.7
12-07-2024 02:24:10,89.4346104526507,1588.78040902184,12.68
12-07-2024 02:34:10,89.5324709692811,1586.06470789466,12.67
12-07-2024 02:44:10,88.0918403726203,1590.80207604639,12.65
12-07-2024 02:54:10,88.953786705609,1589.68605019582,12.63
12-07-2024 03:04:10,89.6271816533794,1586.68819343335,12.62
12-07-2024 03:14:10,88.8583222481655,1587.08290188821,12.6
12-07-2024 03:24:10,88.7609401657097,1586.34529252859,12.58
12-07-2024 03:34:10,90.1054312985461,1589.76419409674,12.57
12-07-2024 03:44:10,89.6243896649958,1593.27116292269,12.55
12-07-2024 03:54:10,89.1434554883084,1591.96702793488,12.53
12-07-2024 04:04:10,90.7751639592209,1591.23469102566,12.52
12-07-2024 04:14:10,89.9072675546926,1590.86854837681,12.49
12-07-2024 04:24:10,89.1423767521041,1590.70220292069,12.48
12-07-2024 04:34:10,88.853360820968,1588.64506985837,12.46
12-07-2024 04:44:10,88.0886563583786,1589.61002855683,12.45
12-07-2024 04:54:10,89.8155331093488,1590.00934445444,12.44
12-07-2024 05:04:10,89.7181420408754,1592.09933467382,12.42
12-07-2024 05:14:10,89.6207736587285,1589.66607169259,12.4
12-07-2024 05:24:10,88.4730816777264,1592.89167476838,12.39
12-07-2024 05:34:10,89.6211358094114,1588.1038638194,12.37
12-07-2024 05:44:10,88.760988701679,1588.12630791526,12.36
12-07-2024 05:54:10,89.9088231234526,1588.0492482022,12.34
12-07-2024 06:04:10,89.9141982424821,1586.85270079428,12.34
12-07-2024 06:14:10,90.0083838133721,1584.8925770683,12.32
12-07-2024 06:24:10,88.2866327177846,1586.61010059412,12.31
12-07-2024 06:34:10,88.1928693657918,1582.58423024732,12.3
12-07-2024 06:44:10,90.2020712965961,1584.0142491742,12.28
12-07-2024 06:54:10,88.0977436700726,1585.16656233168,12.27
12-07-2024 07:04:10,89.0570617018107,1585.37749281729,12.26
12-07-2024 07:14:10,88.5803788798436,1585.40016740935,12.25
12-07-2024 07:24:10,87.8199429875954,1585.61616740599,12.25
12-07-2024 07:34:10,87.9143201731607,1587.7980124886,12.23
12-07-2024 07:44:10,89.1605707518193,1585.56228842789,12.22
12-07-2024 07:54:10,88.8788142419746,1584.55504177558,12.22
12-07-2024 08:04:10,89.1713209898782,1582.13640615542,12.22
12-07-2024 08:14:10,89.1732662842479,1584.3233064655,12.21
12-07-2024 08:24:10,88.9872308706678,1583.41022385071,12.21
12-07-2024 08:34:10,89.4745779758406,1580.05559217704,12.22
12-07-2024 08:44:10,89.0971109230378,1577.1664935676,12.22
12-07-2024 08:54:10,90.063069169648,1575.22262284595,12.23
12-07-2024 09:04:10,89.0155702665515,1573.08610068317,12.23
12-07-2024 09:14:10,88.4500388230533,1572.08283502925,12.24
12-07-2024 09:24:10,89.7032455677329,1572.30289523649,12.25
12-07-2024 09:34:10,89.1376884872522,1571.29940925426,12.26
12-07-2024 09:44:10,90.4903078693276,1568.13456951384,12.28
12-07-2024 09:54:10,89.5486069258134,1564.03070316738,12.31
12-07-2024 10:04:10,89.0854620170653,1560.6783800784,12.34
12-07-2024 10:14:10,89.4911631461203,1554.03287752856,12.39
12-07-2024 10:24:10,88.7505707392745,1551.53178943174,12.45
12-07-2024 10:34:10,88.6805307361981,1550.63149621462,12.51
12-07-2024 10:44:10,88.4186495548357,1547.5604587156,12.57
12-07-2024 10:54:10,88.8280828676118,1544.76974817733,12.63
12-07-2024 11:04:10,88.8437009898214,1543.10408857085,12.66
12-07-2024 11:14:10,90.2062418487839,1539.45619545528,12.7
12-07-2024 11:24:10,88.590423505143,1537.03273740099,12.73
12-07-2024 11:34:10,87.5500453519558,1533.94679808018,12.76
12-07-2024 11:44:10,88.8136148149056,1532.84396774369,12.79
12-07-2024 11:54:10,89.3093761942947,1531.55157350524,12.82
12-07-2024 12:04:10,88.1725498253884,1528.36767762137,12.85
12-07-2024 12:14:10,89.145232619132,1528.96422053265,12.87
12-07-2024 12:24:10,88.7698010263682,1530.03297514083,12.88
12-07-2024 12:34:10,87.4336731958065,1530.91274118697,12.89
12-07-2024 12:44:10,87.253574049988,1530.28018741979,12.91
12-07-2024 12:54:10,88.7034984011937,1529.45744626558,12.92
12-07-2024 13:04:10,90.3457560239258,1529.20219089636,12.93
12-07-2024 13:14:10,89.0161946973157,1529.32686438783,12.96
12-07-2024 13:24:10,88.93230980271,1527.65267235846,12.98
12-07-2024 13:34:10,89.0475092835708,1527.58832393425,13.02
12-07-2024 13:44:10,88.1944352645022,1525.81839538277,13.04
12-07-2024 13:54:10,87.6296386503352,1527.74108429489,13.06
12-07-2024 14:04:10,88.0263809149368,1524.92879930621,13.08
12-07-2024 14:14:10,88.3236439793038,1528.46156893626,13.09
12-07-2024 14:24:10,88.9094709209884,1524.79573308043,13.1
12-07-2024 14:34:10,89.1106321564103,1524.91864391036,13.11
12-07-2024 14:44:10,87.8689975438541,1524.56786914731,13.12
12-07-2024 14:54:10,88.8396675569333,1525.63824557445,13.13
12-07-2024 15:04:10,88.4636655978689,1526.04549983035,13.14
12-07-2024 15:14:10,88.8538347045372,1525.69425368801,13.14
12-07-2024 15:24:10,87.6119773466276,1524.86963408553,13.15
12-07-2024 15:34:10,89.1600473775102,1524.803036184,13.16
12-07-2024 15:44:10,88.6877840783726,1526.15806771344,13.17
12-07-2024 15:54:10,88.8426171417674,1524.95414759294,13.18
12-07-2024 16:04:10,88.9974502051622,1526.12029441886,13.2
12-07-2024 16:14:10,89.7761368416583,1526.71738443216,13.21
12-07-2024 16:24:10,89.063131370645,1529.8744994734,13.22
12-07-2024 16:34:10,88.3501258996317,1533.03209341322,13.23
12-07-2024 16:44:10,89.0292265105257,1536.37855728597,13.23
12-07-2024 16:54:10,88.3642648182467,1543.70927333032,13.24
12-07-2024 17:04:10,89.7171656320725,1549.5214938332,13.24
12-07-2024 17:14:10,89.1450297390463,1553.62682787021,13.24
12-07-2024 17:24:10,89.3394664831567,1557.53963391378,13.23
12-07-2024 17:34:10,88.5748696114839,1563.92033042528,13.23
12-07-2024 17:44:10,90.0169845681296,1568.49203626474,13.21
12-07-2024 17:54:10,89.3487088939367,1571.74318707819,13.21
12-07-2024 18:04:10,89.4468736050082,1573.18897587663,13.2
12-07-2024 18:14:10,90.5999953012681,1575.57821324529,13.18
12-07-2024 18:24:10,90.0245743818519,1580.90921418815,13.17
12-07-2024 18:34:10,90.308116041862,1581.1125572885,13.14
12-07-2024 18:44:10,88.8671021282926,1585.96778105248,13.13
12-07-2024 18:54:10,89.3431306690387,1588.06443403394,13.1
12-07-2024 19:04:10,90.1144438787001,1588.08702123643,13.09
12-07-2024 19:14:10,89.2474107295338,1591.89257913738,13.07
12-07-2024 19:24:10,89.6305279206236,1590.67844665305,13.05
12-07-2024 19:34:10,89.7216864124848,1592.11010751071,13.02
12-07-2024 19:44:10,90.008523765387,1590.80177139287,13
12-07-2024 19:54:10,91.0606770863086,1592.61140669877,12.97
12-07-2024 20:04:10,90.8668028961186,1592.15506608207,12.95
12-07-2024 20:14:10,88.9434126094247,1588.76619246546,12.93
12-07-2024 20:24:10,89.899269203017,1584.80592323847,12.9
12-07-2024 20:34:10,91.3350841302399,1587.84486769014,12.87
12-07-2024 20:44:10,89.8892591641752,1585.30471230793,12.84
12-07-2024 20:54:10,90.9440275685702,1585.60617345308,12.82
12-07-2024 21:04:10,90.938854744089,1581.46099482434,12.79
12-07-2024 21:14:10,90.8411981875239,1585.82589558867,12.77
12-07-2024 21:24:10,90.4555912979568,1586.78845342043,12.75
12-07-2024 21:34:10,89.3022274698845,1586.05047531524,12.73
12-07-2024 21:44:10,89.2082048075204,1585.50655740349,12.72
12-07-2024 21:54:10,90.1698610856747,1586.28494244002,12.71
12-07-2024 22:04:10,90.4596600773076,1590.74624783216,12.7
12-07-2024 22:14:10,90.9413460317664,1590.39096831694,12.69
12-07-2024 22:24:10,90.0761615377126,1593.61825100173,12.67
12-07-2024 22:34:10,91.2329198095881,1596.66730942415,12.67
12-07-2024 22:44:10,89.4152716032779,1600.94376548651,12.67
12-07-2024 22:54:10,90.4725972516903,1598.51082886281,12.66
12-07-2024 23:04:10,90.3820290775828,1599.0106408371,12.66
12-07-2024 23:14:10,90.1955176103385,1602.15387709239,12.66
12-07-2024 23:24:10,89.5258590585846,1605.19628953482,12.65
12-07-2024 23:34:10,90.5865520762973,1603.61924755131,12.65
12-07-2024 23:44:10,91.2634931308525,1606.19584156399,12.65
12-07-2024 23:54:10,91.265342578519,1606.40591400876,12.64
12-08-2024 00:04:10,91.0788523194925,1609.45428200489,12.64
12-08-2024 00:14:10,91.3684949227198,1610.04164235685,12.63
12-08-2024 00:24:10,91.2744177617741,1610.91205521667,12.62
12-08-2024 00:34:10,91.087948706278,1611.88361962925,12.62
12-08-2024 00:44:10,91.1892459125702,1607.75870460408,12.62
12-08-2024 00:54:10,91.6706857652985,1609.1010938028,12.61
12-08-2024 01:04:10,91.0011351586299,1611.00947203335,12.6
12-08-2024 01:14:10,89.8521281823158,1606.97302943253,12.59
12-08-2024 01:24:10,90.7206590024165,1609.83153204023,12.59
12-08-2024 01:34:10,90.8149470104306,1609.56279614014,12.57
12-08-2024 01:44:10,90.912716354914,1609.77252450027,12.56
12-08-2024 01:54:10,92.2569804865242,1611.68014641926,12.55
12-08-2024 02:04:10,90.5329462035081,1611.41808124935,12.54
12-08-2024 02:14:10,90.911340674428,1608.59630140123,12.51
12-08-2024 02:24:10,92.1593775816426,1610.69189009076,12.5
12-08-2024 02:34:10,91.5825305114258,1610.98892399438,12.48
12-08-2024 02:44:10,89.568251651882,1613.92527858313,12.46
12-08-2024 02:54:10,89.8542613842069,1612.4309964089,12.44
12-08-2024 03:04:10,90.7116213519859,1611.11884061313,12.41
12-08-2024 03:14:10,91.3806299795183,1610.94457118507,12.39
12-08-2024 03:24:10,90.8077139589577,1611.15396661992,12.38
12-08-2024 03:34:10,90.6145430214868,1611.16813182305,12.36
12-08-2024 03:44:10,91.2798674516849,1608.82122009208,12.33
12-08-2024 03:54:10,91.7570067845735,1609.68316588302,12.31
12-08-2024 04:04:10,89.6488596481333,1610.92142872594,12.29
12-08-2024 04:14:10,91.0799449940241,1609.04646067816,12.26
12-08-2024 04:24:10,91.939810451751,1610.09615524833,12.24
12-08-2024 04:34:10,91.7466714896591,1613.78013217761,12.22
12-08-2024 04:44:10,90.3094764295349,1611.44198689937,12.2
12-08-2024 04:54:10,91.257820968208,1610.12587019539,12.16
12-08-2024 05:04:10,91.157014210395,1609.66341688115,12.13
12-08-2024 05:14:10,91.6336519272239,1608.73773546089,12.11
12-08-2024 05:24:10,90.579913918285,1607.43634409696,12.09
12-08-2024 05:34:10,91.8215641914912,1606.60528373122,12.07
12-08-2024 05:44:10,90.7645639488055,1606.23795527658,12.04
12-08-2024 05:54:10,91.1419125695957,1606.62234895283,12.01
12-08-2024 06:04:10,92.765315434245,1605.69801683949,11.99
12-08-2024 06:14:10,91.712155527735,1602.80177255934,11.97
12-08-2024 06:24:10,90.5636604437949,1599.34301400703,11.95
12-08-2024 06:34:10,90.9443435192914,1602.08177897881,11.93
12-08-2024 06:44:10,91.3249439664833,1604.63197921831,11.91
12-08-2024 06:54:10,91.3233149324256,1602.39468691889,11.89
12-08-2024 07:04:10,92.6662041322592,1600.45145305775,11.89
12-08-2024 07:14:10,90.8424830213715,1599.98639820601,11.85
12-08-2024 07:24:10,89.9847905141957,1601.13415008815,11.84
12-08-2024 07:34:10,91.9888125180083,1597.58529689264,11.82
12-08-2024 07:44:10,91.4176840033919,1595.44996002744,11.81
12-08-2024 07:54:10,92.2754097068888,1592.27793324802,11.79
12-08-2024 08:04:10,91.509895541423,1595.38961172248,11.77
12-08-2024 08:14:10,91.1333759877935,1592.04158481599,11.77
12-08-2024 08:24:10,90.9478037704935,1591.78804017089,11.77
12-08-2024 08:34:10,90.6702183898925,1590.69570553698,11.78
12-08-2024 08:44:10,91.0575091861628,1601.32053680284,11.78
12-08-2024 08:54:10,90.6809686279514,1589.53211866446,11.78
12-08-2024 09:04:10,91.1672254876947,1587.50165837771,11.79
12-08-2024 09:14:10,91.0840813698047,1585.38184331665,11.81
12-08-2024 09:24:10,90.1379402339377,1583.44440490043,11.82
12-08-2024 09:34:10,91.5828340746565,1578.79028830112,11.84
12-08-2024 09:44:10,90.6469387571343,1577.1457536026,11.88
12-08-2024 09:54:10,90.5706014184765,1573.15323663585,11.92
12-08-2024 10:04:10,92.5048348719906,1568.88005575149,11.97
12-08-2024 10:14:10,90.3325541576994,1566.11009734164,12.03
12-08-2024 10:24:10,90.1707513684763,1564.46874957981,12.1
12-08-2024 10:34:10,89.9097127470007,1557.93200668311,12.16
12-08-2024 10:44:10,88.9785240620481,1556.09391230716,12.22
12-08-2024 10:54:10,90.5360131219642,1551.24178153731,12.28
12-08-2024 11:04:10,91.034042746974,1545.53415833422,12.32
12-08-2024 11:14:10,90.9575829740865,1540.48239657884,12.36
12-08-2024 11:24:10,92.1230124878161,1537.68773996316,12.39
12-08-2024 11:34:10,89.6443996819452,1532.91209273697,12.41
12-08-2024 11:44:10,88.9858466858216,1528.04074140225,12.43
12-08-2024 11:54:10,88.7138349094104,1527.59833306941,12.46
12-08-2024 12:04:10,89.3968658439588,1521.02728408043,12.48
12-08-2024 12:14:10,91.0386317166653,1518.60312170559,12.5
12-08-2024 12:24:10,89.5136741857596,1514.4813389769,12.51
12-08-2024 12:34:10,88.7521387494718,1516.39511581823,12.51
12-08-2024 12:44:10,89.1477354457736,1513.96967580611,12.53
12-08-2024 12:54:10,90.4029304222993,1512.67623989169,12.54
12-08-2024 13:04:10,89.0693684788593,1514.21247160035,12.55
12-08-2024 13:14:10,88.8863421673904,1511.31513440289,12.56
12-08-2024 13:24:10,89.3813561703929,1510.30223672433,12.59
12-08-2024 13:34:10,89.10577440651,1507.30812055695,12.61
12-08-2024 13:44:10,89.69006345161,1506.9571541922,12.62
12-08-2024 13:54:10,89.1232878232646,1507.07806231967,12.63
12-08-2024 14:04:10,88.943551634491,1506.91454594846,12.65
12-08-2024 14:14:10,89.0482423396601,1504.9584916642,12.66
12-08-2024 14:24:10,88.8650982352686,1507.72289523432,12.67
12-08-2024 14:34:10,89.4461649307211,1507.08976073693,12.67
12-08-2024 14:44:10,88.4887079379271,1509.1957598781,12.66
12-08-2024 14:54:10,88.4014806120043,1507.33413499129,12.67
12-08-2024 15:04:10,87.5400252446171,1508.11840760588,12.66
12-08-2024 15:14:10,88.9845497606998,1505.97479529917,12.66
12-08-2024 15:24:10,89.2777547591399,1504.86967110284,12.66
12-08-2024 15:34:10,89.8587896369906,1506.03033914738,12.66
12-08-2024 15:44:10,89.1925617040618,1506.43574311163,12.66
12-08-2024 15:54:10,89.585114479027,1503.81857361612,12.67
12-08-2024 16:04:10,89.2992552352576,1500.92121436773,12.66
12-08-2024 16:14:10,89.2053041634524,1501.89473433042,12.65
12-08-2024 16:24:10,89.1181188870427,1502.9593264267,12.66
12-08-2024 16:34:10,89.3119923923006,1498.92945199958,12.65
12-08-2024 16:44:10,87.9742356402785,1500.7508394675,12.65
12-08-2024 16:54:10,90.186184547464,1498.8905950297,12.65
12-08-2024 17:04:10,88.2727998507056,1498.25756122714,12.65
12-08-2024 17:14:10,90.1969347855228,1500.92855605792,12.65
12-08-2024 17:24:10,89.8219726531774,1498.40555746955,12.66
12-08-2024 17:34:10,89.3442431064772,1499.6624884528,12.65
12-08-2024 17:44:10,89.7367795980994,1502.2374217192,12.66
12-08-2024 17:54:10,89.2590553537466,1502.92766011626,12.65
12-08-2024 18:04:10,87.9246072665575,1504.0867177581,12.66
12-08-2024 18:14:10,87.5429217575964,1504.77681950829,12.65
12-08-2024 18:24:10,90.3304986095182,1509.24142988288,12.65
12-08-2024 18:34:10,89.0853079280046,1509.27033736859,12.64
12-08-2024 18:44:10,88.4191542238384,1508.5429602747,12.64
12-08-2024 18:54:10,89.8601057212621,1513.95195204299,12.63
12-08-2024 19:04:10,89.4817712888818,1513.7909510921,12.63
12-08-2024 19:14:10,90.1586381228783,1513.8187230162,12.63
12-08-2024 19:24:10,89.4959142792635,1514.97842099692,12.64
12-08-2024 19:34:10,90.6524816666283,1515.47816105728,12.64
12-08-2024 19:44:10,87.9717414928753,1513.61806043638,12.64
12-08-2024 19:54:10,88.1656634540948,1512.13646840011,12.63
12-08-2024 20:04:10,87.9791837974193,1513.58003688674,12.63
12-08-2024 20:14:10,89.6153245099402,1510.5874428108,12.63
12-08-2024 20:24:10,88.0858614233306,1513.91874004746,12.63
12-08-2024 20:34:10,88.5675341101376,1517.53372796534,12.62
12-08-2024 20:44:10,90.2070141941432,1513.40796527067,12.63
12-08-2024 20:54:10,89.2564922834446,1514.28443204139,12.64
12-08-2024 21:04:10,90.5089923598373,1512.89629955673,12.64
12-08-2024 21:14:10,88.3112398356519,1513.86718858891,12.65
12-08-2024 21:24:10,88.7070588502226,1516.5369474957,12.67
12-08-2024 21:34:10,89.4834116870076,1517.13063569978,12.68
12-08-2024 21:44:10,89.3996013200919,1520.55698187941,12.7
12-08-2024 21:54:10,88.0680946761053,1523.88991303152,12.72
12-08-2024 22:04:10,89.2352970606171,1522.12250936429,12.75
12-08-2024 22:14:10,88.1947247331977,1528.38630825618,12.78
12-08-2024 22:24:10,88.3987728631198,1530.49382295268,12.8
12-08-2024 22:34:10,89.3778589137195,1535.25021029433,12.84
12-08-2024 22:44:10,88.0486223646419,1533.01094152503,12.87
12-08-2024 22:54:10,89.1173401704695,1537.86321601259,12.89
12-08-2024 23:04:10,88.6524214799389,1538.4615292138,12.92
12-08-2024 23:14:10,88.6678331673807,1540.29012549582,12.95
12-08-2024 23:24:10,88.6799011842115,1542.68602728989,12.97
12-08-2024 23:34:10,89.3648008834409,1543.0950874001,12.99
12-08-2024 23:44:10,88.0344481716439,1544.45235128008,13.02
12-08-2024 23:54:10,89.5847703182139,1545.61927542858,13.04
12-09-2024 00:04:10,88.9238497887835,1545.55549212731,13.06
12-09-2024 00:14:10,89.6057142696536,1549.27827707285,13.07
12-09-2024 00:24:10,89.9098180249066,1551.58500189777,13.1
12-09-2024 00:34:10,90.0113703220213,1552.84420589315,13.1
12-09-2024 00:44:10,88.3883948079602,1556.95002957894,13.12
12-09-2024 00:54:10,89.1666465083959,1555.4642723972,13.13
12-09-2024 01:04:10,89.1753958922335,1557.29469183356,13.14
12-09-2024 01:14:10,89.1841456500649,1559.50443401927,13.15
12-09-2024 01:24:10,89.6705399095577,1559.05839713063,13.15
12-09-2024 01:34:10,89.2944800608483,1561.64751285824,13.16
12-09-2024 01:44:10,90.4543650982761,1562.24389883991,13.16
12-09-2024 01:54:10,89.5010400027112,1565.87598868667,13.17
12-09-2024 02:04:10,89.221147406203,1565.6225061214,13.18
12-09-2024 02:14:10,88.2643242733581,1568.77813377681,13.18
12-09-2024 02:24:10,90.7714148472609,1567.19458608176,13.18
12-09-2024 02:34:10,89.5259322388536,1568.26497658297,13.18
12-09-2024 02:44:10,90.6859452601323,1570.66233618231,13.18
12-09-2024 02:54:10,89.7291221272874,1570.87967512043,13.18
12-09-2024 03:04:10,89.256774255779,1571.10049483354,13.19
12-09-2024 03:14:10,89.8395003272164,1574.82510629549,13.19
12-09-2024 03:24:10,89.6490276591882,1574.46998065209,13.18
12-09-2024 03:34:10,89.077083827093,1575.44558764629,13.18
12-09-2024 03:44:10,90.2370968483717,1575.85249359844,13.18
12-09-2024 03:54:10,89.3764935407142,1575.88026552255,13.18
12-09-2024 04:04:10,89.2822730733995,1576.09375450575,13.17
12-09-2024 04:14:10,89.3838626846604,1578.0170515848,13.17
12-09-2024 04:24:10,90.1555303632809,1576.90360106465,13.16
12-09-2024 04:34:10,88.1372020935415,1575.60080155939,13.15
12-09-2024 04:44:10,88.5273925249416,1578.85047341015,13.15
12-09-2024 04:54:10,90.1682327215463,1578.12015123387,13.15
12-09-2024 05:04:10,91.0359716933148,1571.0373413046,13.14
12-09-2024 05:14:10,89.6945678556081,1576.75038422543,13.14
12-09-2024 05:24:10,90.177513219049,1576.58477778154,13.13
12-09-2024 05:34:10,89.8943088391256,1576.51780243387,13.13
12-09-2024 05:44:10,89.3225249602493,1575.97709072727,13.13
12-09-2024 05:54:10,89.3245261884023,1577.61162509137,13.12
12-09-2024 06:04:10,89.4227102973302,1575.55133515784,13.11
12-09-2024 06:14:10,87.6935177388054,1573.20718782119,13.1
12-09-2024 06:24:10,89.0420165662633,1575.97819147385,13.09
12-09-2024 06:34:10,90.1980335390321,1576.28628812715,13.08
12-09-2024 06:44:10,89.2383767408005,1577.06786106378,13.07
12-09-2024 06:54:10,90.2019442247752,1575.00842112283,13.06
12-09-2024 07:04:10,90.0150076063891,1577.68769753857,13.06
12-09-2024 07:14:10,90.1131247120798,1576.48057814434,13.05
12-09-2024 07:24:10,89.7305054569786,1574.61087263016,13.04
12-09-2024 07:34:10,89.6397353584484,1578.14188292566,13.04
12-09-2024 07:44:10,88.9687447250307,1578.63907180836,13.03
12-09-2024 07:54:10,89.7432389870233,1578.38281907931,13.03
12-09-2024 08:04:10,89.4601944274415,1577.08514262205,13.03
12-09-2024 08:14:10,89.6578493322118,1575.88214104917,13.03
12-09-2024 08:24:10,89.37480477263,1576.47796227958,13.03
12-09-2024 08:34:10,88.7072006415667,1576.12703466615,13.03
12-09-2024 08:44:10,89.3855550106889,1573.40923494314,13.03
12-09-2024 08:54:10,91.4133502267571,1571.07353522129,13.04
12-09-2024 09:04:10,90.4607026499196,1571.86222295282,13.05
12-09-2024 09:14:10,91.3314326544974,1566.30332304913,13.05
12-09-2024 09:24:10,91.8210649095404,1569.08032852232,13.06
12-09-2024 09:34:10,89.0412701788004,1565.13378255891,13.07
12-09-2024 09:44:10,90.1044184446646,1564.21451622235,13.07
12-09-2024 09:54:10,88.674034816604,1564.24802241934,13.09
12-09-2024 10:04:10,90.6062836409545,1559.82656157206,13.1
12-09-2024 10:14:10,90.2406154141298,1559.10641120933,13.14
12-09-2024 10:24:10,88.720144756175,1554.31011238756,13.18
12-09-2024 10:34:10,89.3163029385304,1552.82929881805,13.22
12-09-2024 10:44:10,90.2049272333926,1550.6854934544,13.27
12-09-2024 10:54:10,89.4570341460779,1548.91956576352,13.32
12-09-2024 11:04:10,89.2799173554804,1542.21400642075,13.35
12-09-2024 11:14:10,89.1060967131764,1543.48063119604,13.39
12-09-2024 11:24:10,88.5434568247616,1540.47355205704,13.42
12-09-2024 11:34:10,89.0372783833128,1536.89444166574,13.44
12-09-2024 11:44:10,87.8929288022385,1534.6440424965,13.46
12-09-2024 11:54:10,89.2575721961181,1534.1035113407,13.49
12-09-2024 12:04:10,88.8874415248419,1534.03787191149,13.52
12-09-2024 12:14:10,88.6136032772285,1534.44745204908,13.55
12-09-2024 12:24:10,90.1650761762692,1535.6165036628,13.56
12-09-2024 12:34:10,88.0557461974073,1530.32140916861,13.58
12-09-2024 12:44:10,89.7072757035646,1532.53671035172,13.6
12-09-2024 12:54:10,89.2371597096549,1530.66322930168,13.62
12-09-2024 13:04:10,87.6093486421327,1528.02821909556,13.64
12-09-2024 13:14:10,88.9719461423111,1524.25079783551,13.66
12-09-2024 13:24:10,89.3733465758234,1527.13251114962,13.69
12-09-2024 13:34:10,87.9412140876838,1525.44706185334,13.72
12-09-2024 13:44:10,88.6321472654417,1520.80966762804,13.75
12-09-2024 13:54:10,88.0682776533255,1519.21717860003,13.78
12-09-2024 14:04:10,87.404395867908,1519.33892817961,13.8
12-09-2024 14:14:10,88.1888006988547,1518.69870843105,13.82
12-09-2024 14:24:10,88.6803234178861,1518.05900764684,13.83
12-09-2024 14:34:10,88.4958884415591,1519.80081480404,13.84
12-09-2024 14:44:10,87.6353829503906,1519.63745058241,13.85
12-09-2024 14:54:10,88.2202289793374,1517.95033106385,13.85
12-09-2024 15:04:10,89.0015849699285,1517.31041023495,13.86
12-09-2024 15:14:10,88.717208513847,1518.48153102397,13.86
12-09-2024 15:24:10,88.3395639463175,1518.60388661633,13.87
12-09-2024 15:34:10,87.2857145050128,1517.20155713997,13.88
12-09-2024 15:44:10,88.1604410864344,1516.08580435233,13.88
12-09-2024 15:54:10,87.2997221010961,1517.54219860466,13.89
12-09-2024 16:04:10,88.0745967175608,1516.71311055642,13.88
12-09-2024 16:14:10,87.8834933797028,1517.40873665837,13.87
12-09-2024 16:24:10,89.1411697805342,1518.00898098819,13.86
12-09-2024 16:34:10,87.5046193072683,1518.70370641684,13.86
12-09-2024 16:44:10,88.8621684434821,1522.542641224,13.86
12-09-2024 16:54:10,88.6743758457709,1519.80732005789,13.86
12-09-2024 17:04:10,88.7729979516511,1523.36076865845,13.85
12-09-2024 17:14:10,89.254539141444,1528.62838292179,13.83
12-09-2024 17:24:10,87.9913646972074,1530.94141512371,13.79
12-09-2024 17:34:10,89.1485837747749,1532.01607723819,13.77
12-09-2024 17:44:10,88.9541996901699,1531.75763786581,13.75
12-09-2024 17:54:10,88.2340074179192,1532.54665393116,13.74
12-09-2024 18:04:10,87.5138151456685,1532.7648083417,13.74
12-09-2024 18:14:10,89.3463303302102,1529.84138731928,13.72
12-09-2024 18:24:10,89.1620415908469,1535.00922373514,13.73
12-09-2024 18:34:10,89.54672333942,1535.13111111586,13.71
12-09-2024 18:44:10,89.3490024528335,1538.77288174325,13.68
12-09-2024 18:54:10,89.6404607965174,1541.46376457263,13.67
12-09-2024 19:04:10,90.4108492600438,1545.77015146357,13.65
12-09-2024 19:14:10,87.9014133524881,1549.50455952624,13.63
12-09-2024 19:24:10,87.6108795052028,1555.99562184852,13.61
12-09-2024 19:34:10,88.3812402657796,1556.96996278314,13.59
12-09-2024 19:44:10,89.4407158708873,1558.41934872504,13.57
12-09-2024 19:54:10,88.9539402128771,1558.34516120424,13.54
12-09-2024 20:04:10,89.5243193887243,1559.50394110647,13.5
12-09-2024 20:14:10,89.0377228561399,1560.37951383369,13.47
12-09-2024 20:24:10,89.8039531411235,1564.10386804072,13.44
12-09-2024 20:34:10,88.7360995579794,1563.93083626416,13.4
12-09-2024 20:44:10,89.6947288490071,1561.4825105424,13.37
12-09-2024 20:54:10,88.2454100141296,1562.64150912198,13.34
12-09-2024 21:04:10,89.7815407418925,1567.02583487888,13.31
12-09-2024 21:14:10,89.9693374870552,1567.32934914758,13.28
12-09-2024 21:24:10,89.1945018169198,1572.56411951378,13.25
12-09-2024 21:34:10,88.9940434133924,1577.50832570806,13.21
12-09-2024 21:44:10,89.3743123257385,1582.07450064039,13.18
12-09-2024 21:54:10,88.9881529837733,1584.55810357564,13.16
12-09-2024 22:04:10,89.8492866251333,1591.39487370881,13.13
12-09-2024 22:14:10,89.171300946483,1596.23928448335,13.1
12-09-2024 22:24:10,88.9809968939557,1598.44042162896,13.09
12-09-2024 22:34:10,90.0341143325873,1607.63780069783,13.06
12-09-2024 22:44:10,89.5486453305497,1610.67710890574,13.03
12-09-2024 22:54:10,89.7429354044435,1616.47335797424,13.02
12-09-2024 23:04:10,90.3183255136801,1618.85408110191,13
12-09-2024 23:14:10,90.2174068623499,1619.5236712962,12.97
12-09-2024 23:24:10,89.834982236501,1616.70579894462,12.96
12-09-2024 23:34:10,89.1576490945183,1624.18708562293,12.93
12-09-2024 23:44:10,89.4479390962944,1626.38328587992,12.92
12-09-2024 23:54:10,89.353893390579,1630.18715391369,12.91
12-10-2024 00:04:10,89.7334927064354,1637.00056368058,12.88
12-10-2024 00:14:10,90.4558797386343,1632.67037389158,12.87
12-10-2024 00:24:10,91.1782667708333,1636.56688004082,12.86
12-10-2024 00:34:10,91.0841595252336,1639.61189206661,12.85
12-10-2024 00:44:10,89.6421671390332,1651.43912008728,12.83
12-10-2024 00:54:10,90.4090216645883,1646.81696060274,12.81
12-10-2024 01:04:10,89.5468446705997,1648.2533968628,12.8
12-10-2024 01:14:10,89.5455288512317,1648.54650418415,12.78
12-10-2024 01:24:10,90.9841597448547,1649.12297055465,12.76
12-10-2024 01:34:10,90.9826876474238,1651.11625338921,12.74
12-10-2024 01:44:10,90.401975898802,1647.71619911319,12.71
12-10-2024 01:54:10,89.9241384025086,1650.28474537094,12.7
12-10-2024 02:04:10,90.2140279575046,1650.68102377567,12.69
12-10-2024 02:14:10,89.7329030383842,1649.93499695071,12.67
12-10-2024 02:24:10,91.1672152419329,1652.20068340468,12.64
12-10-2024 02:34:10,88.6684654476423,1650.12423245382,12.61
12-10-2024 02:44:10,90.9690075890166,1645.79318227537,12.59
12-10-2024 02:54:10,90.4846802521299,1648.71882372166,12.56
12-10-2024 03:04:10,89.3327197930543,1651.84107535844,12.54
12-10-2024 03:14:10,90.7660769196165,1651.18083682821,12.51
12-10-2024 03:24:10,91.3363295181736,1649.76668258404,12.48
12-10-2024 03:34:10,90.8556494552321,1647.89089222553,12.46
12-10-2024 03:44:10,90.1766847407418,1648.07117631166,12.42
12-10-2024 03:54:10,90.5551563568324,1645.81080908881,12.39
12-10-2024 04:04:10,89.7840907278992,1645.24695450787,12.36
12-10-2024 04:14:10,92.3651839663985,1643.3649721435,12.33
12-10-2024 04:24:10,90.5407970162629,1641.4838603609,12.3
12-10-2024 04:34:10,91.1070230263002,1639.40703941383,12.26
12-10-2024 04:44:10,89.570699649214,1638.93935275766,12.23
12-10-2024 04:54:10,91.0972859071742,1638.18965685705,12.2
12-10-2024 05:04:10,90.419258073638,1633.67016506567,12.16
12-10-2024 05:14:10,90.4145098335548,1631.98181080845,12.13
12-10-2024 05:24:10,90.7957480328817,1629.54973557049,12.11
12-10-2024 05:34:10,91.6447923337157,1627.94211860534,12.06
12-10-2024 05:44:10,91.0695947515508,1627.76711021888,12.04
12-10-2024 05:54:10,91.7373916306652,1626.4647642359,12.02
12-10-2024 06:04:10,91.0565022675651,1624.48380601495,11.97
12-10-2024 06:14:10,91.147227718533,1625.61683762437,11.94
12-10-2024 06:24:10,90.5657182642222,1625.99113341298,11.9
12-10-2024 06:34:10,90.6531138023536,1628.80495779473,11.86
12-10-2024 06:44:10,90.5494733835754,1629.45951822221,11.82
12-10-2024 06:54:10,91.1210399752373,1626.65846041498,11.8
12-10-2024 07:04:10,90.5399928708496,1627.31340276327,11.76
12-10-2024 07:14:10,90.9170682977408,1624.13185869706,11.73
12-10-2024 07:24:10,91.2019895597713,1625.3639193719,11.71
12-10-2024 07:34:10,89.949934300709,1623.76295683739,11.66
12-10-2024 07:44:10,91.0901070988295,1624.79994563669,11.63
12-10-2024 07:54:10,91.2692482890632,1624.51112759609,11.58
12-10-2024 08:04:10,90.5968992645548,1622.4580103034,11.55
12-10-2024 08:14:10,90.4934674211906,1620.5862185995,11.51
12-10-2024 08:24:10,88.5888391900858,1616.67678229428,11.5
12-10-2024 08:34:10,90.3988133953182,1615.66230211663,11.48
12-10-2024 08:44:10,90.0195680025348,1612.9704108698,11.47
12-10-2024 08:54:10,90.2122318563851,1608.40787565297,11.46
12-10-2024 09:04:10,90.5035404813928,1604.78709108425,11.46
12-10-2024 09:14:10,90.3182932631034,1602.19538655197,11.46
12-10-2024 09:24:10,91.2801817039293,1600.63804598044,11.47
12-10-2024 09:34:10,90.2404208378868,1599.26759975324,11.48
12-10-2024 09:44:10,89.6771795391101,1597.61622059039,11.49
12-10-2024 09:54:10,89.11387578759,1594.84161593418,11.5
12-10-2024 10:04:10,90.9407085834814,1595.53913100747,11.53
12-10-2024 10:14:10,89.4370198348525,1589.03674884302,11.58
12-10-2024 10:24:10,90.2187621661858,1589.17579831872,11.62
12-10-2024 10:34:10,89.191231438241,1589.13193395334,11.67
12-10-2024 10:44:10,88.7358173159527,1582.80765492628,11.72
12-10-2024 10:54:10,88.5665707734913,1578.26024077667,11.77
12-10-2024 11:04:10,89.7275871776251,1574.64082142244,11.8
12-10-2024 11:14:10,89.9339332180517,1569.61252360295,11.83
12-10-2024 11:24:10,89.3761780150367,1569.64907782011,11.86
12-10-2024 11:34:10,89.8624851486864,1572.49507414661,11.87
12-10-2024 11:44:10,89.9700526229165,1570.74583955424,11.89
12-10-2024 11:54:10,89.5010514763575,1572.46618082926,11.9
12-10-2024 12:04:10,89.6052815309632,1569.11771007476,11.91
12-10-2024 12:14:10,90.4739424365482,1570.46266525064,11.92
12-10-2024 12:24:10,89.4282400990791,1566.1720146881,11.92
12-10-2024 12:34:10,90.5802451706523,1567.79572535728,11.92
12-10-2024 12:44:10,89.3434378410926,1569.60719352587,11.92
12-10-2024 12:54:10,89.4443654561673,1572.45132794127,11.92
12-10-2024 13:04:10,89.4497405751968,1570.60152487118,11.92
12-10-2024 13:14:10,89.9362076408349,1571.94667963664,11.93
12-10-2024 13:24:10,90.1360386253477,1569.44242202078,11.94
12-10-2024 13:34:10,89.5680356467845,1567.68622740075,11.94
12-10-2024 13:44:10,91.3925171891228,1565.1814508739,11.95
12-10-2024 13:54:10,88.2506112318739,1564.08737588293,11.97
12-10-2024 14:04:10,88.6415591764649,1560.26684635422,11.98
12-10-2024 14:14:10,90.1796215073091,1565.4628752561,11.99
12-10-2024 14:24:10,91.1408898958718,1565.8663614227,11.99
12-10-2024 14:34:10,89.7157413526195,1564.9573831035,12
12-10-2024 14:44:10,89.9089788835373,1567.61261936208,11.99
12-10-2024 14:54:10,89.146355089896,1570.73706454419,11.98
12-10-2024 15:04:10,89.5307614772976,1568.50792391094,11.97
12-10-2024 15:14:10,89.9184518000863,1568.72352448212,11.97
12-10-2024 15:24:10,90.6850895586449,1571.8474224544,11.96
12-10-2024 15:34:10,90.0214499060579,1571.31175113881,11.96
12-10-2024 15:44:10,89.6379121941671,1573.68084097457,11.94
12-10-2024 15:54:10,90.4999983246349,1571.35828593686,11.93
12-10-2024 16:04:10,89.7375977098171,1576.7341444877,11.92
12-10-2024 16:14:10,90.1251828130278,1577.6068251592,11.92
12-10-2024 16:24:10,89.936129099336,1579.41468719568,11.91
12-10-2024 16:34:10,89.1771263239349,1582.54022317965,11.91
12-10-2024 16:44:10,90.4212657533407,1584.91076806602,11.9
12-10-2024 16:54:10,91.5697321136903,1587.56253032027,11.89
12-10-2024 17:04:10,89.8521287859905,1591.24624852868,11.88
12-10-2024 17:14:10,90.0485668301246,1596.34193719519,11.88
12-10-2024 17:24:10,92.2442688798807,1598.70585999307,11.86
12-10-2024 17:34:10,89.8616202669597,1603.70694504083,11.86
12-10-2024 17:44:10,90.7233202370217,1607.95159272741,11.85
12-10-2024 17:54:10,90.7253320337165,1609.38094524829,11.84
12-10-2024 18:04:10,90.6284816885674,1613.0555109077,11.82
12-10-2024 18:14:10,91.1045903759015,1613.91516800367,11.8
12-10-2024 18:24:10,90.6291621579845,1616.37519532447,11.79
12-10-2024 18:34:10,91.8689836301167,1617.14039737086,11.77
12-10-2024 18:44:10,91.4890617084906,1616.0365591487,11.76
12-10-2024 18:54:10,91.5830911322749,1616.5204007475,11.74
12-10-2024 19:04:10,92.1543381636939,1617.56652469251,11.72
12-10-2024 19:14:10,92.4356977617549,1617.66865746427,11.69
12-10-2024 19:24:10,90.9994793574425,1619.45725209069,11.66
12-10-2024 19:34:10,90.899339273539,1621.61973989989,11.63
12-10-2024 19:44:10,90.5164244896002,1621.72767525088,11.61
12-10-2024 19:54:10,91.7584539646916,1621.93599737167,11.6
12-10-2024 20:04:10,91.6650381003202,1626.17101158073,11.59
12-10-2024 20:14:10,90.7132670369296,1628.15808850941,11.58
12-10-2024 20:24:10,90.425845238761,1627.60965851229,11.56
12-10-2024 20:34:10,91.0987650494687,1630.82062642878,11.56
12-10-2024 20:44:10,91.1007665997132,1628.78141177436,11.55
12-10-2024 20:54:10,91.3002423422928,1630.12718298467,11.56
12-10-2024 21:04:10,91.9731621530006,1630.81031878956,11.56
12-10-2024 21:14:10,91.5970831624996,1630.74446730213,11.56
12-10-2024 21:24:10,91.1222670758309,1633.10523470956,11.55
12-10-2024 21:34:10,90.7495616541148,1631.92349208883,11.56
12-10-2024 21:44:10,90.9456638279095,1628.58082119748,11.56
12-10-2024 21:54:10,91.7139471659999,1632.07265934859,11.56
12-10-2024 22:04:10,90.28886937429,1629.29172892648,11.56
12-10-2024 22:14:10,90.9584260931345,1630.154755155,11.55
12-10-2024 22:24:10,91.5359509456946,1631.02507412686,11.55
12-10-2024 22:34:10,90.6797544556798,1631.98151978451,11.54
12-10-2024 22:44:10,90.1063811982177,1631.3391499126,11.52
12-10-2024 22:54:10,89.345743101632,1628.83260749948,11.51
12-10-2024 23:04:10,91.3498201906244,1629.41462053304,11.5
12-10-2024 23:14:10,89.5406029590629,1629.06081062619,11.49
12-10-2024 23:24:10,91.1597932907351,1624.95743916684,11.47
12-10-2024 23:34:10,90.3993088249965,1625.2589254846,11.46
12-10-2024 23:44:10,89.7309233752372,1624.9921547656,11.44
12-10-2024 23:54:10,91.4483263427308,1624.45179675336,11.43
12-11-2024 00:04:10,91.1610779035916,1621.94080460163,11.41
12-11-2024 00:14:10,90.9725254445521,1623.08399637048,11.4
12-11-2024 00:24:10,91.0630942004716,1621.78255756651,11.37
12-11-2024 00:34:10,90.493554805024,1621.42971438278,11.36
12-11-2024 00:44:10,90.7780163727552,1619.66827974628,11.34
12-11-2024 00:54:10,90.5895605891972,1618.28761527949,11.33
12-11-2024 01:04:10,90.6801631935904,1617.36174764659,11.3
12-11-2024 01:14:10,90.9645142116985,1616.44258027882,11.28
12-11-2024 01:24:10,90.9631841585291,1616.27099194335,11.26
12-11-2024 01:34:10,90.3906784865274,1618.24760868378,11.24
12-11-2024 01:44:10,89.9134853021777,1612.192654317,11.22
12-11-2024 01:54:10,90.4800025579318,1613.22959691577,11.19
12-11-2024 02:04:10,90.9578786489726,1612.97128842619,11.18
12-11-2024 02:14:10,91.6192521337071,1610.36772604682,11.15
12-11-2024 02:24:10,91.5260987478791,1608.42983265345,11.14
12-11-2024 02:34:10,91.0456964134931,1606.76116305152,11.11
12-11-2024 02:44:10,89.8996646723106,1603.97383832648,11.08
12-11-2024 02:54:10,89.8066441676328,1604.83581097662,11.07
12-11-2024 03:04:10,91.2285510860657,1602.98235121477,11.04
12-11-2024 03:14:10,91.6075332869632,1601.22806353705,11.02
12-11-2024 03:24:10,90.1800835572373,1600.59305975903,11
12-11-2024 03:34:10,89.6052245886052,1597.15703185039,10.97
12-11-2024 03:44:10,90.7446033732552,1593.82027454503,10.95
12-11-2024 03:54:10,90.74331833945,1594.21172505575,10.93
12-11-2024 04:04:10,90.6436869443061,1590.77897791845,10.9
12-11-2024 04:14:10,89.2140421673709,1590.60761698741,10.87
12-11-2024 04:24:10,90.9261410819217,1586.44022908293,10.86
12-11-2024 04:34:10,89.8799757556551,1586.64632569859,10.84
12-11-2024 04:44:10,90.7335891479575,1582.47653301135,10.82
12-11-2024 04:54:10,91.2104999107914,1582.31446145755,10.81
12-11-2024 05:04:10,90.6360828276507,1579.91137573865,10.78
12-11-2024 05:14:10,89.3972685216235,1582.16208266449,10.75
12-11-2024 05:24:10,89.680935475888,1579.39141607081,10.73
12-11-2024 05:34:10,89.8663464445373,1575.03706764263,10.7
12-11-2024 05:44:10,90.244791949083,1575.43070110226,10.68
12-11-2024 05:54:10,90.7147305300912,1568.75429774984,10.65
12-11-2024 06:04:10,90.1441945191931,1569.5206257156,10.63
12-11-2024 06:14:10,90.6239636391646,1570.29215901499,10.63
12-11-2024 06:24:10,89.1964508521863,1571.89192841261,10.6
12-11-2024 06:34:10,90.3335916864909,1566.61672617934,10.58
12-11-2024 06:44:10,90.5220600407449,1568.40513880415,10.56
12-11-2024 06:54:10,90.6156562341432,1566.75544818962,10.54
12-11-2024 07:04:10,91.2815099812494,1564.64407085132,10.53
12-11-2024 07:14:10,89.671568553012,1563.55484283018,10.52
12-11-2024 07:24:10,89.8600515711236,1562.18503344917,10.5
12-11-2024 07:34:10,90.7121021472314,1559.23692673171,10.48
12-11-2024 07:44:10,91.4725313017656,1560.28427885359,10.47
12-11-2024 07:54:10,90.8076994644703,1558.82265081217,10.45
12-11-2024 08:04:10,90.1495757290725,1556.99352693788,10.45
12-11-2024 08:14:10,90.2464501742026,1553.86312168025,10.44
12-11-2024 08:24:10,88.8269114142662,1553.05396158266,10.43
12-11-2024 08:34:10,90.3519807877372,1553.8258276943,10.44
12-11-2024 08:44:10,89.1252110255823,1552.18251860336,10.44
12-11-2024 08:54:10,89.699268397466,1548.03258798985,10.44
12-11-2024 09:04:10,90.1818264432491,1543.51197436426,10.45
12-11-2024 09:14:10,89.1510098069914,1541.86962655616,10.47
12-11-2024 09:24:10,89.7349301296855,1538.64824336955,10.5
12-11-2024 09:34:10,91.4536124854991,1540.72027242371,10.52
12-11-2024 09:44:10,90.33099446373,1537.21865688781,10.55
12-11-2024 09:54:10,90.7256527044836,1536.59644779548,10.58
12-11-2024 10:04:10,91.3135196310529,1531.790693507,10.62
12-11-2024 10:14:10,89.6274292912073,1529.58539810554,10.67
12-11-2024 10:24:10,89.8356591048535,1527.37898436011,10.71
12-11-2024 10:34:10,88.4363565171716,1523.58762121668,10.77
12-11-2024 10:44:10,90.2589622759979,1520.81913459784,10.81
12-11-2024 10:54:10,89.8025310493686,1517.39709975289,10.85
12-11-2024 11:04:10,88.5921842556413,1518.44180239037,10.91
12-11-2024 11:14:10,90.3211685125803,1515.76199253396,10.95
12-11-2024 11:24:10,89.7693274704298,1513.54666296208,10.99
12-11-2024 11:34:10,89.597588975044,1510.39748288471,11.03
12-11-2024 11:44:10,89.9013104405434,1508.5522829715,11.07
12-11-2024 11:54:10,89.4441357785696,1509.5984465891,11.11
12-11-2024 12:04:10,89.9382505075919,1504.95183176664,11.15
12-11-2024 12:14:10,89.0050282872938,1503.75680923379,11.19
12-11-2024 12:24:10,89.6896406680548,1500.31967581391,11.23
12-11-2024 12:34:10,90.3679510762839,1496.88622558252,11.25
12-11-2024 12:44:10,87.9107480988863,1494.09946553014,11.29
12-11-2024 12:54:10,87.7351447098691,1492.62267483035,11.32
12-11-2024 13:04:10,89.6550618272534,1492.82775505922,11.35
12-11-2024 13:14:10,87.0948299984036,1487.4267507138,11.37
12-11-2024 13:24:10,90.0632429136841,1485.66699116471,11.4
12-11-2024 13:34:10,89.4081553816761,1484.09735296211,11.42
12-11-2024 13:44:10,89.134125631762,1480.37584448111,11.44
12-11-2024 13:54:10,88.2913545782424,1481.42031811438,11.47
12-11-2024 14:04:10,88.4969572195976,1479.47066073686,11.5
12-11-2024 14:14:10,88.3180454201527,1476.86931684571,11.52
12-11-2024 14:24:10,87.5669748240919,1471.36529126381,11.54
12-11-2024 14:34:10,89.2030639172079,1469.59955089748,11.57
12-11-2024 14:44:10,87.6856930200129,1465.68956503329,11.58
12-11-2024 14:54:10,87.792762158876,1466.36234176751,11.6
12-11-2024 15:04:10,88.7551950889541,1463.29414331033,11.61
12-11-2024 15:14:10,86.862102034633,1460.30775773979,11.64
12-11-2024 15:24:10,87.5447549418895,1454.88377129377,11.67
12-11-2024 15:34:10,88.4121151898484,1452.65643501548,11.68
12-11-2024 15:44:10,87.374074038715,1444.23662031602,11.7
12-11-2024 15:54:10,87.3888634983421,1440.30639416546,11.73
12-11-2024 16:04:10,87.4991244820122,1435.43672014835,11.76
12-11-2024 16:14:10,85.6997366598723,1429.06424005573,11.79
12-11-2024 16:24:10,87.7197503110616,1425.40927574417,11.82
12-11-2024 16:34:10,86.9704739491523,1422.31561228801,11.85
12-11-2024 16:44:10,87.2749279718544,1417.70997669226,11.89
12-11-2024 16:54:10,86.4297331152533,1414.04962294559,11.92
12-11-2024 17:04:10,85.7753938573406,1414.80089665293,11.95
12-11-2024 17:14:10,86.9369338595284,1409.07191991004,11.98
12-11-2024 17:24:10,86.186858780496,1405.97072311808,12.01
12-11-2024 17:34:10,85.8189966499609,1405.87495627555,12.04
12-11-2024 17:44:10,86.120431331575,1407.18891649688,12.07
12-11-2024 17:54:10,86.1350221023644,1403.80311506156,12.1
12-11-2024 18:04:10,86.6217324411386,1402.31662759926,12.11
12-11-2024 18:14:10,87.2104164224518,1400.90341318178,12.14
12-11-2024 18:24:10,86.2621872696983,1404.58858548205,12.15
12-11-2024 18:34:10,86.4619997000579,1404.04207418225,12.16
12-11-2024 18:44:10,87.239071508024,1401.79224976195,12.18
12-11-2024 18:54:10,86.4789311083726,1406.14696699691,12.18
12-11-2024 19:04:10,85.8175343204346,1402.59015947229,12.19
12-11-2024 19:14:10,85.3414080684102,1406.29657487363,12.18
12-11-2024 19:24:10,87.7390191833172,1406.32434679773,12.18
12-11-2024 19:34:10,87.2690803986732,1405.02525447487,12.19
12-11-2024 19:44:10,86.6971855831899,1406.94427481693,12.18
12-11-2024 19:54:10,86.8013570630153,1407.24443521492,12.19
12-11-2024 20:04:10,86.899314700919,1409.44548340607,12.18
12-11-2024 20:14:10,87.7658947784643,1409.84951144416,12.18
12-11-2024 20:24:10,87.0057543788129,1410.44166753925,12.18
12-11-2024 20:34:10,86.4369928588318,1411.59820780532,12.18
12-11-2024 20:44:10,86.8251257372016,1406.64058621909,12.18
12-11-2024 20:54:10,86.7348114163959,1409.7724710836,12.18
12-11-2024 21:04:10,85.6906463193011,1404.99298828421,12.19
12-11-2024 21:14:10,86.9431652690035,1408.5857452397,12.2
12-11-2024 21:24:10,86.948540388033,1409.08390871884,12.2
12-11-2024 21:34:10,86.2870915251357,1409.29016639065,12.21
12-11-2024 21:44:10,88.0183327062973,1412.03695130965,12.22
12-11-2024 21:54:10,87.2580234816623,1411.9706306359,12.22
12-11-2024 22:04:10,86.3062931711111,1413.97434711499,12.22
12-11-2024 22:14:10,88.1301686063437,1416.26034138765,12.22
12-11-2024 22:24:10,87.0827277528345,1418.92270605174,12.22
12-11-2024 22:34:10,88.3323399303187,1418.38592238871,12.22
12-11-2024 22:44:10,87.2817700213891,1422.75061885786,12.21
12-11-2024 22:54:10,86.5184165081318,1423.63375930899,12.2
12-11-2024 23:04:10,86.7120948950877,1425.45748158448,12.19
12-11-2024 23:24:10,87.0940142752009,1426.81897098333,12.17
12-11-2024 23:34:10,88.6271348789342,1431.46353932251,12.16
12-11-2024 23:44:10,88.2466147129905,1431.9695319559,12.15
12-11-2024 23:54:10,88.3412945215415,1432.95352757778,12.13
12-12-2024 00:04:10,87.386907676526,1435.52776907681,12.12
12-12-2024 00:14:10,88.0555522133618,1439.98927248425,12.1
12-12-2024 00:24:10,87.668901332551,1440.32109481664,12.07
12-12-2024 00:34:10,88.4329542329918,1441.67914572969,12.05
12-12-2024 00:44:10,88.2407361321454,1442.56700795047,12.03
12-12-2024 00:54:10,87.0925630047897,1444.0182661705,12.01
12-12-2024 01:04:10,88.9079130915969,1446.59623552692,11.99
12-12-2024 01:14:10,86.998396326598,1446.34911245302,11.98
12-12-2024 01:24:10,88.431164863537,1446.29675540511,11.96
12-12-2024 01:34:10,88.2358757942461,1448.88012647886,11.93
12-12-2024 01:44:10,87.3749827876473,1449.20291128827,11.91
12-12-2024 01:54:10,87.0906083266714,1452.14715970353,11.9
12-12-2024 02:04:10,87.7584889705595,1453.40789413998,11.88
12-12-2024 02:14:10,88.2351818979137,1453.82373024879,11.86
12-12-2024 02:24:10,87.8521771544128,1454.6147363833,11.84
12-12-2024 02:34:10,87.3737579451393,1457.09404969949,11.82
12-12-2024 02:44:10,87.7548499942354,1462.29263178337,11.8
12-12-2024 02:54:10,88.225005770283,1467.03142329175,11.76
12-12-2024 03:04:10,87.9408256422709,1470.34605956408,11.75
12-12-2024 03:14:10,87.3703036043183,1472.16018399346,11.74
12-12-2024 03:24:10,88.5116324075533,1473.04636964016,11.71
12-12-2024 03:34:10,89.2741018238679,1474.77078646318,11.69
12-12-2024 03:44:10,88.9835671328923,1482.58943878714,11.66
12-12-2024 03:54:10,89.5517319279689,1484.12846977301,11.63
12-12-2024 04:04:10,88.3074059301542,1485.76046719378,11.6
12-12-2024 04:14:10,88.4018245604606,1487.20065643517,11.58
12-12-2024 04:24:10,87.9177566524981,1485.09069151517,11.54
12-12-2024 04:34:10,88.6827718953519,1488.211316167,11.53
12-12-2024 04:44:10,88.2909442943387,1492.09405540687,11.48
12-12-2024 04:54:10,89.90703761216,1491.1967307538,11.45
12-12-2024 05:04:10,88.4701430832935,1491.51914352875,11.41
12-12-2024 05:14:10,88.6533713505618,1493.99163027827,11.37
12-12-2024 05:24:10,89.2174943071077,1497.95801804209,11.33
12-12-2024 05:34:10,88.3467182809453,1496.60259896119,11.27
12-12-2024 05:44:10,88.1522244905166,1497.2001122129,11.24
12-12-2024 05:54:10,88.049835512993,1503.21582825639,11.2
12-12-2024 06:04:10,88.800702259011,1500.83002113092,11.15
12-12-2024 06:14:10,89.8462422081131,1505.62273302232,11.13
12-12-2024 06:24:10,90.2158829395531,1506.3157214435,11.08
12-12-2024 06:34:10,89.6344573468351,1508.31370948961,11.03
12-12-2024 06:44:10,88.6794515291457,1506.48363524224,11
12-12-2024 06:54:10,88.9636675604039,1508.56690351487,10.98
12-12-2024 07:04:10,89.7166209669072,1511.21282281067,10.94
12-12-2024 07:14:10,90.095662457776,1510.49927427565,10.92
12-12-2024 07:24:10,89.334393907954,1512.30123845277,10.9
12-12-2024 07:34:10,88.9565101336868,1516.33649437172,10.89
12-12-2024 07:44:10,90.0955616881972,1512.26950323501,10.87
12-12-2024 07:54:10,89.4294976933727,1514.07054723001,10.85
12-12-2024 08:04:10,89.7166292180044,1513.91391120029,10.84
12-12-2024 08:14:10,90.1019556310255,1515.71090383643,10.84
12-12-2024 08:24:10,90.3922942205486,1512.94516937312,10.84
12-12-2024 08:34:10,89.5459911908244,1510.17730820641,10.85
12-12-2024 08:44:10,89.6463593311879,1512.90567256961,10.85
12-12-2024 08:54:10,89.5631670091247,1514.79235359438,10.87
12-12-2024 09:04:10,89.0017037362465,1508.11190979283,10.88
12-12-2024 09:14:10,89.9636343315774,1507.66930891756,10.9
12-12-2024 09:24:10,89.880450738795,1507.50608524615,10.92
12-12-2024 09:34:10,88.659933568497,1509.11113427561,10.95
12-12-2024 09:44:10,90.3858936140028,1509.22545610909,10.98
12-12-2024 09:54:10,90.4961225776518,1508.22098522445,11.01
12-12-2024 10:04:10,88.8979096432998,1503.85617066058,11.05
12-12-2024 10:14:10,88.4435623810189,1501.9115321878,11.1
12-12-2024 10:24:10,89.1307537965239,1503.04543989778,11.15
12-12-2024 10:34:10,89.4408271073216,1498.20147577332,11.21
12-12-2024 10:44:10,89.4654654240326,1497.08985368707,11.27
12-12-2024 10:54:10,89.2964269693953,1493.55063215431,11.32
12-12-2024 11:04:10,89.22255689636,1493.74828790621,11.37
12-12-2024 11:14:10,89.6218725959058,1494.32353589288,11.41
12-12-2024 11:24:10,90.6819421319285,1495.46695373919,11.43
12-12-2024 11:34:10,90.6971588983886,1493.42671701549,11.46
12-12-2024 11:44:10,88.8979858367908,1499.90372315425,11.48
12-12-2024 11:54:10,89.3895963171487,1501.98157271026,11.51
12-12-2024 12:04:10,89.5920869477612,1513.70402152684,11.53
12-12-2024 12:14:10,89.4131877340833,1513.9151946485,11.55
12-12-2024 12:24:10,89.6092794309563,1517.31315476363,11.55
12-12-2024 12:34:10,89.7132397307888,1519.77348798396,11.56
12-12-2024 12:44:10,90.1986859283496,1519.42527423648,11.57
12-12-2024 12:54:10,90.3026888525203,1518.04699050142,11.58
12-12-2024 13:04:10,89.3575309062083,1519.75876726729,11.59
12-12-2024 13:14:10,90.1291892684963,1519.12950572403,11.6
12-12-2024 13:24:10,90.3318539463517,1519.71623016524,11.62
12-12-2024 13:34:10,91.6794274648656,1522.55144442648,11.64
12-12-2024 13:44:10,90.0694018239655,1525.66859035884,11.66
12-12-2024 13:54:10,88.8375480225979,1525.41422465186,11.67
12-12-2024 14:04:10,91.2383834379633,1527.21955886501,11.7
12-12-2024 14:14:10,90.3880899191481,1531.83916184716,11.71
12-12-2024 14:24:10,89.8240445694517,1536.17824934262,11.72
12-12-2024 14:34:10,90.9813809168946,1532.7367424689,11.74
12-12-2024 14:44:10,90.7036631644915,1532.48273026277,11.75
12-12-2024 14:54:10,90.0440406043545,1534.19774239465,11.76
12-12-2024 15:04:10,89.6739901050024,1529.44196295362,11.78
12-12-2024 15:14:10,90.3477176592033,1533.59602347098,11.78
12-12-2024 15:24:10,90.2608699272673,1529.12159531607,11.79
12-12-2024 15:34:10,91.7973322462027,1528.21063795526,11.8
12-12-2024 15:44:10,89.0367025859457,1528.89414837547,11.81
12-12-2024 15:54:10,91.719264583952,1530.70345026949,11.82
12-12-2024 16:04:10,91.0594397291243,1530.16765229293,11.83
12-12-2024 16:14:10,91.3579620856261,1530.56929224737,11.85
12-12-2024 16:24:10,91.2744441451081,1526.84194452887,11.87
12-12-2024 16:34:10,89.948929275182,1527.24318555397,11.89
12-12-2024 16:44:10,90.1518771835874,1522.95095783479,11.91
12-12-2024 16:54:10,90.7403821074919,1526.73060974619,11.94
12-12-2024 17:04:10,90.7621750957687,1529.19554532943,11.99
12-12-2024 17:14:10,91.4499637223009,1529.87777140109,12.03
12-12-2024 17:24:10,90.4199534007788,1531.875579805,12.08
12-12-2024 17:34:10,91.3982970630348,1535.94350655434,12.13
12-12-2024 17:44:10,91.1266006884018,1537.5692054032,12.16
12-12-2024 17:54:10,91.4356284440192,1539.1014192355,12.21
12-12-2024 18:04:10,90.4904943108885,1537.90575278773,12.23
12-12-2024 18:14:10,90.1227606310342,1540.94491122474,12.26
12-12-2024 18:24:10,90.4284050790901,1539.84314547602,12.3
12-12-2024 18:34:10,90.3543520745966,1540.81266868883,12.35
12-12-2024 18:44:10,91.0433957491589,1538.67371660889,12.39
12-12-2024 18:54:10,90.8703479373926,1538.41830370473,12.43
12-12-2024 19:04:10,89.7420281306363,1540.14241442829,12.48
12-12-2024 19:14:10,91.006638489703,1540.26446743719,12.52
12-12-2024 19:24:10,90.066328500913,1539.91489716536,12.56
12-12-2024 19:34:10,91.0471371118667,1540.6031327896,12.61
12-12-2024 19:44:10,90.010425335257,1547.61665389013,12.65
12-12-2024 19:54:10,90.8891376455985,1542.64170212995,12.68
12-12-2024 20:04:10,90.5238110914984,1546.92047063501,12.72
12-12-2024 20:14:10,89.4863460997412,1546.76127249935,12.76
12-12-2024 20:24:10,90.1767362380123,1544.23923997758,12.8
12-12-2024 20:34:10,90.0063318968582,1550.22478351141,12.85
12-12-2024 20:44:10,88.2955407010038,1552.61987381231,12.89
12-12-2024 20:54:10,91.4810756540965,1552.83961054579,12.92
12-12-2024 21:04:10,90.535482262969,1554.28945692547,12.95
12-12-2024 21:14:10,90.0766535251799,1556.7834544295,13
12-12-2024 21:24:10,91.0532015370349,1559.27648491945,13.03
12-12-2024 21:34:10,91.3569812330172,1559.9714105598,13.06
12-12-2024 21:44:10,88.7757046232797,1558.10924797003,13.09
12-12-2024 21:54:10,90.6182085358516,1571.02566281012,13.12
12-12-2024 22:04:10,89.38280081574,1585.36941770351,13.15
12-12-2024 22:14:10,91.6108941593231,1610.33549540171,13.18
12-12-2024 22:24:10,92.5886610690649,1649.24939407181,13.21
12-12-2024 22:34:10,92.600833764526,1659.52252158226,13.23
12-12-2024 22:44:10,90.4920678595841,1669.7956490927,13.24
12-12-2024 22:54:10,92.1337241794376,1680.06877660314,13.24
12-12-2024 23:04:10,92.2353511338096,1690.34190411358,13.24
12-12-2024 23:14:10,91.7561157511036,1700.61503162402,13.23
12-12-2024 23:24:10,92.4318280571788,1710.88815913446,13.22
12-12-2024 23:34:10,93.0078106507725,1721.1612866449,13.2
12-12-2024 23:44:10,93.3912270839618,1731.43441415534,13.18
12-12-2024 23:54:10,92.235213152609,1724.04107682982,13.16
12-13-2024 00:04:10,91.4609190246294,1714.55214407512,13.13
12-13-2024 00:14:10,93.1943439464854,1703.57680889497,13.12
12-13-2024 00:24:10,92.8047523718246,1691.0645054143,13.09
12-13-2024 00:34:10,93.1845390122861,1683.38747769883,13.06
12-13-2024 00:44:10,92.7023393552826,1672.31570540539,13.04
12-13-2024 00:54:10,91.8323609404799,1659.25028586941,13.01
12-13-2024 01:04:10,91.7382640203092,1651.31817289358,13
12-13-2024 01:14:10,91.1569652356429,1641.3844156821,12.97
12-13-2024 01:24:10,92.0205977898432,1634.77370351926,12.95
12-13-2024 01:34:10,91.9231735381474,1627.5028002894,12.93
12-13-2024 01:44:10,89.5199470224322,1617.20730421457,12.91
12-13-2024 01:54:10,90.4762737322468,1590.17168511258,12.88
12-13-2024 02:04:10,91.5316555334064,1598.98535276984,12.86
12-13-2024 02:14:10,92.2060130774003,1595.98329513781,12.85
12-13-2024 02:24:10,91.4363934941953,1587.58953369122,12.83
12-13-2024 02:34:10,90.3756156421011,1583.73188781137,12.8
12-13-2024 02:44:10,90.0864488501674,1578.7450125684,12.78
12-13-2024 02:54:10,91.1445981677195,1574.42353417364,12.77
12-13-2024 03:04:10,91.0473784636392,1569.43923360082,12.75
12-13-2024 03:14:10,89.9903771895131,1566.25117052701,12.73
12-13-2024 03:24:10,89.3206895357816,1561.36560115397,12.72
12-13-2024 03:34:10,89.9914176931462,1557.89620195714,12.7
12-13-2024 03:44:10,89.9870862977817,1551.78327116669,12.67
12-13-2024 03:54:10,88.5469223334899,1551.1486969876,12.65
12-13-2024 04:04:10,89.988133239877,1547.96636590884,12.64
12-13-2024 04:14:10,90.1788854566827,1547.99318767485,12.62
12-13-2024 04:24:10,90.1777737293468,1551.79460472322,12.6
12-13-2024 04:34:10,89.6076799213325,1554.9364175165,12.6
12-13-2024 04:44:10,90.3738403360006,1561.47237573427,12.58
12-13-2024 04:54:10,91.1431274354244,1574.32934475662,12.57
12-13-2024 05:04:10,91.621338352768,1585.01134695487,12.55
12-13-2024 05:14:10,92.1986711602424,1601.25918306261,12.54
12-13-2024 05:24:10,92.6834447973935,1619.11377121961,12.54
12-13-2024 05:34:10,93.4490163679883,1628.93777026296,12.52
12-13-2024 05:44:10,93.9302905620588,1651.30808301832,12.51
12-13-2024 05:54:10,93.6412141387329,1690.91929841829,12.49
12-13-2024 06:04:10,95.6559665336701,1766.8301146816,12.48
12-13-2024 06:14:10,97.3829691051615,1844.61481634096,12.47
12-13-2024 06:24:10,97.1930344348076,1881.94826953644,12.46
12-13-2024 06:34:10,97.2869885468639,1943.28112405521,12.44
12-13-2024 06:44:10,99.013521855008,1981.06978057453,12.43
12-13-2024 06:54:10,99.0188969740374,1995.23398332386,12.43
12-13-2024 07:04:10,99.9787106958075,2018.69199447097,12.42
12-13-2024 07:14:10,98.2557135813121,2029.70827509825,12.41
12-13-2024 07:24:10,99.602441440883,2034.54170254459,12.41
12-13-2024 07:34:10,99.6040622747586,2030.85741225929,12.4
12-13-2024 07:44:10,99.9964353190966,2025.26862096729,12.41
12-13-2024 07:54:10,99.99803500207,2017.06241397838,12.4
12-13-2024 08:04:10,98.2825891764592,2009.77645577298,12.41
12-13-2024 08:14:10,97.9010615492403,2000.06388894652,12.4
12-13-2024 08:24:10,98.1053876810836,1995.92065775479,12.42
12-13-2024 08:34:10,98.6819581737022,1985.54880831518,12.41
12-13-2024 08:44:10,98.886380308879,1974.33482825122,12.43
12-13-2024 08:54:10,98.3168265044621,1960.88586945528,12.43
12-13-2024 09:04:10,98.1342295460498,1951.52045624193,12.44
12-13-2024 09:14:10,97.6677608880046,1938.97901971816,12.46
12-13-2024 09:24:10,97.2934110694137,1923.10505498488,12.47
12-13-2024 09:34:10,97.4018896062538,1912.63070661028,12.49
12-13-2024 09:44:10,96.644027504487,1900.42853248342,12.5
12-13-2024 09:54:10,97.3240383978925,1897.2773206058,12.51
12-13-2024 10:04:10,97.1449180887909,1896.13297622716,12.53
12-13-2024 10:14:10,95.4280752471041,1891.56588056753,12.54
12-13-2024 10:24:10,96.3070772045326,1891.67332022397,12.57
12-13-2024 10:34:10,97.5736554218243,1889.1649547022,12.61
12-13-2024 10:44:10,96.8260934400056,1883.25661411867,12.65
12-13-2024 10:54:10,98.2889416351327,1879.91993803326,12.7
12-13-2024 11:04:10,96.3964870673418,1876.98405821268,12.76
12-13-2024 11:14:10,95.4595278146021,1875.34343445107,12.81
12-13-2024 11:24:10,96.6315430403181,1881.4289818052,12.85
12-13-2024 11:34:10,96.6476963240101,1875.10372198247,12.88
12-13-2024 11:44:10,96.7599292293765,1880.22072058824,12.91
12-13-2024 11:54:10,96.9682896220669,1881.08260814778,12.94
12-13-2024 12:04:10,95.9273139999037,1880.80929983316,12.97
12-13-2024 12:14:10,96.3314265807067,1887.282520506,13.01
12-13-2024 12:24:10,97.1166968248468,1888.99878404763,13.04
12-13-2024 12:34:10,96.3636471554242,1895.8298284432,13.07
12-13-2024 12:44:10,96.5685259249435,1897.52172684699,13.09
12-13-2024 12:54:10,97.9349726679047,1897.37362952236,13.13
12-13-2024 13:04:10,96.6970333229677,1900.29842199589,13.15
12-13-2024 13:14:10,97.0018659565309,1904.10468561052,13.18
12-13-2024 13:34:10,97.5138483744641,1915.51621096143,13.25
12-13-2024 13:44:10,97.7190508771875,1923.28371767921,13.27
12-13-2024 13:54:10,97.6391147297522,1939.81137097264,13.3
12-13-2024 14:04:10,98.1369495301976,1954.63854241289,13.33
12-13-2024 14:14:10,97.3828413152288,1989.30957946804,13.36
12-13-2024 14:24:10,100.389232774314,2020.61540328598,13.4
12-13-2024 14:34:10,99.5426092773503,2048.99626073527,13.44
12-13-2024 14:44:10,100.237688783622,2119.38517125632,13.48
12-13-2024 14:54:10,100.254463500734,2163.06612499678,13.51
12-13-2024 15:04:10,101.335637164511,2202.44562571512,13.55
12-13-2024 15:14:10,101.352597499088,2266.8002715325,13.58
12-13-2024 15:24:10,101.377289894009,2297.54107497158,13.63
12-13-2024 15:34:10,102.25863521372,2357.3282743497,13.65
12-13-2024 15:44:10,102.854676577565,2386.27799255025,13.68
12-13-2024 15:54:10,103.543432507394,2434.01618359378,13.7
12-13-2024 16:04:10,103.26328343445,2464.94719031822,13.71
12-13-2024 16:14:10,101.828888464502,2498.24049471281,13.73
12-13-2024 16:24:10,103.579491142146,2529.35445456265,13.75
12-13-2024 16:34:10,101.272130612709,2565.35056207035,13.76
12-13-2024 16:44:10,103.497699214421,2587.37088999076,13.76
12-13-2024 16:54:10,103.410521875194,2613.9481092024,13.77
12-13-2024 17:04:10,103.50844945248,2641.88419154409,13.76
12-13-2024 17:14:10,103.899945177193,2673.52031234599,13.76
12-13-2024 17:24:10,103.712259993381,2703.1571098755,13.76
12-13-2024 17:34:10,104.393346172357,2730.03293717171,13.76
12-13-2024 17:44:10,104.205660988545,2764.81085168737,13.76
12-13-2024 17:54:10,103.728385350469,2778.0722395573,13.76
12-13-2024 18:04:10,103.444170015235,2796.18912680304,13.76
12-13-2024 18:14:10,103.835665739949,2824.49304215096,13.76
12-13-2024 18:24:10,103.261859950452,2844.89487027943,13.76
12-13-2024 18:34:10,103.267235069482,2864.91587492744,13.76
12-13-2024 18:44:10,103.365168456525,2860.65344251605,13.75
12-13-2024 18:54:10,104.625365767697,2884.00486068552,13.75
12-13-2024 19:04:10,105.020903152148,2906.5089500694,13.76
12-13-2024 19:14:10,103.960442517679,2930.51729991226,13.75
12-13-2024 19:24:10,103.093139239318,2935.48371686999,13.74
12-13-2024 19:34:10,105.028902702304,2955.59684111287,13.74
12-13-2024 19:44:10,104.157575653136,2967.01936782249,13.72
12-13-2024 19:54:10,103.583898659995,2995.12424288664,13.72
12-13-2024 20:04:10,104.067809533526,3017.78606063949,13.71
12-13-2024 20:14:10,104.06517064454,3035.1911703025,13.69
12-13-2024 20:24:10,103.873564970016,3052.99218539618,13.68
12-13-2024 20:34:10,105.896956790137,3057.25957214626,13.66
12-13-2024 20:44:10,104.929460811781,3078.93228342052,13.64
12-13-2024 20:54:10,105.220164843445,3083.88315878559,13.63
12-13-2024 21:04:10,105.699652967249,3096.89304794949,13.61
12-13-2024 21:14:10,104.6360119506,3111.89566808109,13.59
12-13-2024 21:24:10,105.501173912135,3113.77443368715,13.57
12-13-2024 21:34:10,104.437793637232,3124.30240991847,13.55
12-13-2024 21:44:10,103.961080951166,3127.5619672345,13.55
12-13-2024 21:54:10,104.046875864971,3129.76486985222,13.51
12-13-2024 22:04:10,104.915769785146,3132.33155345256,13.5
12-13-2024 22:14:10,104.242400765765,3133.66273352497,13.49
12-13-2024 22:24:10,105.78584916652,3131.19365367895,13.48
12-13-2024 22:34:10,105.590299338018,3126.6088181501,13.46
12-13-2024 22:44:10,104.913000671853,3125.53937465335,13.44
12-13-2024 22:54:10,105.006637513474,3124.28035182475,13.42
12-13-2024 23:04:10,105.481530321451,3119.19831505539,13.39
12-13-2024 23:14:10,104.712219382771,3118.82069858169,13.38
12-13-2024 23:24:10,106.539537464106,3117.2785665422,13.36
12-13-2024 23:34:10,105.950625588972,3116.72987109034,13.32
12-13-2024 23:44:10,106.232547453532,3107.66924601939,13.29
12-13-2024 23:54:10,106.041264810064,3106.24941420559,13.28
12-14-2024 00:04:10,106.034340530652,3101.27186434206,13.25
12-14-2024 00:14:10,105.0690533354,3100.01846007144,13.23
12-14-2024 00:24:10,105.924279084884,3092.08198246318,13.19
12-14-2024 00:34:10,105.817089773401,3088.13037113074,13.15
12-14-2024 00:44:10,106.968615968549,3080.62664880536,13.13
12-14-2024 00:54:10,106.192134818122,3080.20757202103,13.1
12-14-2024 01:04:10,105.415913528614,3071.92828257263,13.07
12-14-2024 01:14:10,106.370565886569,3064.78898681533,13.04
12-14-2024 01:24:10,106.367720140703,3058.2418533217,13.02
12-14-2024 01:34:10,106.845495827382,3052.92722013863,13
12-14-2024 01:44:10,107.227053615305,3041.65197885683,12.98
12-14-2024 01:54:10,107.027768021863,3036.13305869926,12.95
12-14-2024 02:04:10,106.260263362404,3029.9919823209,12.94
12-14-2024 02:14:10,106.737844152652,3024.59034625447,12.92
12-14-2024 02:24:10,107.215320411875,3018.52830115818,12.9
12-14-2024 02:34:10,106.828151335559,3011.42788337725,12.88
12-14-2024 02:44:10,106.917182092055,3003.08379881718,12.85
12-14-2024 02:54:10,105.477840771769,2996.09912167934,12.84
12-14-2024 03:04:10,107.391513953455,2987.8556274931,12.81
12-14-2024 03:14:10,108.636731873321,2981.1428037188,12.79
12-14-2024 03:24:10,107.19362911487,2974.05408702548,12.77
12-14-2024 03:34:10,107.18242229249,2964.95614398841,12.73
12-14-2024 03:44:10,106.507720495273,2958.25093327644,12.71
12-14-2024 03:54:10,107.844132712221,2953.42352202722,12.68
12-14-2024 04:04:10,108.024659286115,2946.32041280351,12.64
12-14-2024 04:14:10,107.725551003634,2942.61878322564,12.6
12-14-2024 04:24:10,109.161099582156,2935.07450069138,12.58
12-14-2024 04:34:10,107.427799943211,2928.84227767212,12.55
12-14-2024 04:44:10,106.845505784814,2916.76585292188,12.52
12-14-2024 04:54:10,109.047389753094,2914.03907348272,12.5
12-14-2024 05:04:10,107.119061816502,2902.90439437274,12.46
12-14-2024 05:14:10,107.212000180771,2896.41098734928,12.44
12-14-2024 05:24:10,107.400735411079,2886.52707857367,12.42
12-14-2024 05:34:10,109.792959476612,2878.4363904439,12.4
12-14-2024 05:44:10,107.207448248182,2872.23893133136,12.39
12-14-2024 05:54:10,106.913069038039,2861.03791387604,12.36
12-14-2024 06:04:10,108.059497778324,2847.58664538895,12.34
12-14-2024 06:14:10,108.731073908308,2837.43918285851,12.33
12-14-2024 06:24:10,106.904500012896,2827.94593126989,12.3
12-14-2024 06:34:10,107.097255982255,2815.82606181837,12.29
12-14-2024 06:44:10,107.573067733009,2805.87159412409,12.27
12-14-2024 06:54:10,108.523205993855,2797.51917439941,12.24
12-14-2024 07:04:10,108.903021463016,2789.64132218766,12.22
12-14-2024 07:14:10,108.425648927863,2780.63656788383,12.21
12-14-2024 07:24:10,108.518330270337,2765.80182123988,12.19
12-14-2024 07:34:10,107.849680483551,2752.66212040801,12.18
12-14-2024 07:44:10,106.407468368268,2743.01097373946,12.15
12-14-2024 07:54:10,109.187378426667,2731.56554689466,12.15
12-14-2024 08:04:10,107.753494471435,2721.62965341844,12.14
12-14-2024 08:14:10,107.367930163211,2708.50415728349,12.12
12-14-2024 08:24:10,108.042909900396,2695.74504505938,12.12
12-14-2024 08:34:10,107.944299748819,2684.41161218922,12.1
12-14-2024 08:44:10,108.427911175323,2671.27841226226,12.1
12-14-2024 08:54:10,107.955049986878,2660.02535117117,12.1
12-14-2024 09:04:10,108.725603197867,2654.60072047127,12.1
12-14-2024 09:14:10,108.065616261271,2642.49072883646,12.11
12-14-2024 09:24:10,107.018813531008,2642.89455705594,12.11
12-14-2024 09:34:10,108.371694649426,2642.33647491923,12.13
12-14-2024 09:44:10,108.859597467907,2641.13089836224,12.14
12-14-2024 09:54:10,107.820930829306,2629.85073515626,12.16
12-14-2024 10:04:10,106.594743165197,2620.34178858058,12.19
12-14-2024 10:14:10,108.147928131,2602.53442409032,12.23
12-14-2024 10:24:10,107.591438959199,2592.07295824635,12.26
12-14-2024 10:34:10,107.234508701917,2576.49117941903,12.31
12-14-2024 10:44:10,108.314145694091,2571.54131374944,12.36
12-14-2024 10:54:10,106.903291934301,2551.98223942224,12.41
12-14-2024 11:04:10,108.170922708742,2534.31270320052,12.45
12-14-2024 11:14:10,106.755220542749,2519.55525752649,12.49
12-14-2024 11:24:10,108.502745975557,2502.33662985118,12.53
12-14-2024 11:34:10,106.507023839479,2489.28120503964,12.56
12-14-2024 11:44:10,107.479587004238,2475.77164958204,12.58
12-14-2024 11:54:10,106.250474950496,2456.66534907024,12.61
12-14-2024 12:04:10,107.423411473967,2439.60055969923,12.65
12-14-2024 12:14:10,106.285686164702,2423.24168222514,12.67
12-14-2024 12:24:10,105.72751080646,2411.94848287343,12.7
12-14-2024 12:34:10,105.253063383543,2394.8831960321,12.7
12-14-2024 12:44:10,106.3222080653,2386.25624133753,12.72
12-14-2024 12:54:10,105.279901896246,2375.8318014723,12.74
12-14-2024 13:04:10,106.349283659116,2360.11329453889,12.76
12-14-2024 13:14:10,104.8267126918,2341.64964711676,12.78
12-14-2024 13:24:10,105.89627853879,2322.23527046781,12.8
12-14-2024 13:34:10,105.721761114339,2301.6437010052,12.83
12-14-2024 13:44:10,105.451134506239,2284.82477500653,12.86
12-14-2024 13:54:10,104.604023801861,2266.95782367704,12.89
12-14-2024 14:04:10,104.813524959166,2248.89348546783,12.92
12-14-2024 14:14:10,103.677731483452,2231.86164644036,12.95
12-14-2024 14:24:10,104.944390870024,2213.11849304248,12.98
12-14-2024 14:34:10,105.350336012464,2203.50425189668,13.02
12-14-2024 14:44:10,103.925545358243,2192.0356251044,13.05
12-14-2024 14:54:10,104.423609786315,2182.36123653457,13.08
12-14-2024 15:04:10,104.436944839663,2173.67659143388,13.1
12-14-2024 15:14:10,103.103651948802,2162.24182115489,13.12
12-14-2024 15:24:10,103.986583492797,2149.80729379399,13.15
12-14-2024 15:34:10,103.995914788036,2137.56115003775,13.16
12-14-2024 15:44:10,103.624324274427,2123.36686000928,13.18
12-14-2024 15:54:10,104.018536186254,2113.01168797347,13.19
12-14-2024 16:04:10,104.02786923609,2102.18093730565,13.2
12-14-2024 16:14:10,102.01625034509,2094.95112509474,13.21
12-14-2024 16:24:10,103.85405432648,2087.15132721452,13.22
12-14-2024 16:34:10,104.340635260133,2081.77478577501,13.22
12-14-2024 16:44:10,102.906288151856,2069.32720775147,13.23
12-14-2024 16:54:10,102.426562239698,2061.44563886574,13.22
12-14-2024 17:04:10,102.235597595444,2052.61722758515,13.21
12-14-2024 17:14:10,103.776803590676,2051.18441598945,13.2
12-14-2024 17:24:10,103.68201162258,2043.40084710107,13.19
12-14-2024 17:34:10,103.398711265405,2038.68908115615,13.19
12-14-2024 17:44:10,103.58867548901,2031.53356795309,13.17
12-14-2024 17:54:10,102.2470477168,2025.87476441238,13.17
12-14-2024 18:04:10,101.963779359135,2021.0689471914,13.17
12-14-2024 18:14:10,101.295653032545,2021.85492917748,13.17
12-14-2024 18:24:10,102.648031042814,2018.6603083382,13.17
12-14-2024 18:34:10,102.942049638538,2013.57016234397,13.17
12-14-2024 18:44:10,103.428497218724,2007.43747751453,13.17
12-14-2024 18:54:10,101.894440462051,2004.14808041749,13.17
12-14-2024 19:04:10,102.861960503394,2000.00569700074,13.17
12-14-2024 19:14:10,102.867335622424,1993.20957836707,13.17
12-14-2024 19:24:10,102.587938990825,1994.12443773711,13.18
12-14-2024 19:34:10,101.819726445937,1992.12780712232,13.17
12-14-2024 19:44:10,101.825101564967,1992.34513156192,13.17
12-14-2024 19:54:10,103.650692566128,1990.50451880035,13.15
12-14-2024 20:04:10,102.593955137322,1992.67783446992,13.14
12-14-2024 20:14:10,101.829742281074,1993.93741510998,13.14
12-14-2024 20:24:10,103.939651728971,1997.55758395121,13.11
12-14-2024 20:34:10,103.748729164866,1998.59300428271,13.1
12-14-2024 20:44:10,102.876858133582,2002.11631645869,13.07
12-14-2024 20:54:10,102.009112819881,2005.29419927058,13.05
12-14-2024 21:04:10,103.356686783805,2008.31689737806,13.04
12-14-2024 21:14:10,102.196787292557,2011.6470772946,13.01
12-14-2024 21:24:10,103.636255540431,2009.80583748854,12.99
12-14-2024 21:34:10,102.188326043542,2011.99893684232,12.96
12-14-2024 21:44:10,101.609467562196,2005.61709341569,12.94
12-14-2024 21:54:10,102.571901207157,2002.48809295425,12.93
12-14-2024 22:04:10,102.28517122705,1997.84604827158,12.92
12-14-2024 22:14:10,101.998473580031,1991.97507033822,12.91
12-14-2024 22:24:10,103.248939869401,1986.10499284553,12.9
12-14-2024 22:34:10,102.481894763889,1979.2900783109,12.89
12-14-2024 22:44:10,102.199073655618,1974.87288503555,12.89
12-14-2024 22:54:10,102.104550635327,1970.04525080161,12.88
12-14-2024 23:04:10,100.861144542148,1966.00666277689,12.88
12-14-2024 23:14:10,101.823304233371,1961.46375772382,12.87
12-14-2024 23:24:10,100.676022016618,1957.80371716909,12.87
12-14-2024 23:34:10,100.965793363726,1955.81469714119,12.86
12-14-2024 23:44:10,102.600151330517,1951.74599781882,12.85
12-14-2024 23:54:10,101.356952509735,1949.22105837672,12.85
12-15-2024 00:04:10,101.1664614313,1944.30233996431,12.84
12-15-2024 00:14:10,100.69539370328,1942.84755137671,12.85
12-15-2024 00:24:10,100.892857120742,1942.49714383916,12.85
12-15-2024 00:34:10,101.278625624104,1939.09154719052,12.84
12-15-2024 00:44:10,101.091923071702,1935.99957657852,12.84
12-15-2024 00:54:10,100.428761731749,1935.20596010911,12.85
12-15-2024 01:04:10,101.198712145476,1934.6370556376,12.84
12-15-2024 01:14:10,100.247423671376,1928.54881851286,12.85
12-15-2024 01:24:10,101.501372730216,1929.80567368736,12.85
12-15-2024 01:34:10,100.742146402164,1932.60449247941,12.86
12-15-2024 01:44:10,101.804065617548,1926.58093132693,12.86
12-15-2024 01:54:10,100.28010091292,1931.3946101143,12.88
12-15-2024 02:04:10,101.246076964418,1931.04411599666,12.88
12-15-2024 02:14:10,101.735558700635,1931.66845954082,12.89
12-15-2024 02:24:10,101.648669666356,1932.76579888109,12.9
12-15-2024 02:34:10,99.6402495679266,1930.8364802107,12.91
12-15-2024 02:44:10,100.029928857244,1933.89107342676,12.91
12-15-2024 02:54:10,100.707836274277,1929.00026075144,12.91
12-15-2024 03:04:10,101.001439521022,1932.90614745586,12.91
12-15-2024 03:14:10,100.618767280543,1931.95884904203,12.9
12-15-2024 03:24:10,100.62039962464,1932.14658419252,12.89
12-15-2024 03:34:10,99.8498522125358,1925.78049943391,12.87
12-15-2024 03:44:10,99.3712809999716,1927.85971520944,12.86
12-15-2024 03:54:10,100.905933826115,1919.51046566691,12.84
12-15-2024 04:04:10,101.86788794378,1914.59444187888,12.83
12-15-2024 04:14:10,99.4650731415383,1909.46268586673,12.81
12-15-2024 04:24:10,100.23119625206,1907.92356472409,12.79
12-15-2024 04:34:10,99.6531278713937,1904.30620321501,12.77
12-15-2024 04:44:10,99.0678856491793,1898.08608473881,12.73
12-15-2024 04:54:10,99.8374108851648,1892.98694710804,12.72
12-15-2024 05:04:10,99.6397901738682,1890.19781436514,12.69
12-15-2024 05:14:10,98.8665770193834,1884.76654497906,12.66
12-15-2024 05:24:10,98.4809469635705,1887.76389605232,12.64
12-15-2024 05:34:10,100.010145672235,1883.7508550466,12.61
12-15-2024 05:44:10,100.104029401104,1889.01182321772,12.59
12-15-2024 05:54:10,100.574018073227,1886.38948205113,12.55
12-15-2024 06:04:10,100.476062559589,1887.78076863411,12.53
12-15-2024 06:14:10,99.2277640377643,1888.9830396814,12.51
12-15-2024 06:24:10,99.7972703257866,1885.63369973536,12.48
12-15-2024 06:34:10,98.1624522227082,1885.20787451852,12.45
12-15-2024 06:44:10,100.364538041972,1885.09043479201,12.43
12-15-2024 06:54:10,99.5960006846219,1881.3923547265,12.41
12-15-2024 07:04:10,99.686163022656,1879.08361623611,12.38
12-15-2024 07:14:10,99.3968376101053,1875.57625927953,12.36
12-15-2024 07:24:10,98.7208623053383,1876.28322732467,12.33
12-15-2024 07:34:10,98.8111347122741,1871.99994695152,12.3
12-15-2024 07:44:10,98.8128868519039,1869.08485595353,12.29
12-15-2024 07:54:10,98.903127085664,1866.49871954885,12.26
12-15-2024 08:04:10,99.0042338600846,1863.89109830484,12.26
12-15-2024 08:14:10,99.8601567447173,1859.14245912445,12.23
12-15-2024 08:24:10,98.8090376582701,1851.148916728,12.22
12-15-2024 08:34:10,98.7187022343415,1845.34294758501,12.22
12-15-2024 08:44:10,99.960948609874,1842.78582895202,12.2
12-15-2024 08:54:10,100.15772370937,1841.02611296698,12.2
12-15-2024 09:04:10,98.635507817599,1834.58404638025,12.21
12-15-2024 09:14:10,100.0764619312,1832.35376741101,12.21
12-15-2024 09:24:10,98.6498672865306,1827.60421361282,12.22
12-15-2024 09:34:10,99.2367886494566,1826.16834974784,12.24
12-15-2024 09:44:10,98.4799948526969,1823.67597034819,12.25
12-15-2024 09:54:10,99.0633601694083,1815.91242178273,12.26
12-15-2024 10:04:10,98.0264110558511,1812.32908282888,12.29
12-15-2024 10:14:10,96.9926354620079,1809.42290402992,12.33
12-15-2024 10:24:10,98.9278837868774,1803.87734412982,12.37
12-15-2024 10:34:10,98.6675575220686,1796.29270335894,12.43
12-15-2024 10:44:10,97.0615852065389,1790.28575149206,12.48
12-15-2024 10:54:10,97.8515831706577,1783.80263360979,12.53
12-15-2024 11:04:10,97.2958632835036,1775.41045174969,12.57
12-15-2024 11:14:10,96.3597156314528,1768.16215112862,12.62
12-15-2024 11:24:10,97.5232589802946,1760.95471402276,12.64
12-15-2024 11:34:10,96.7717030492773,1755.36558174132,12.67
12-15-2024 11:44:10,98.3194476759003,1748.15342919997,12.69
12-15-2024 11:54:10,97.663787896048,1744.16488661447,12.72
12-15-2024 12:04:10,98.8317385731077,1739.89108850762,12.75
12-15-2024 12:14:10,96.4443236707805,1732.38868554986,12.77
12-15-2024 12:24:10,97.8968704857116,1727.71903371957,12.79
12-15-2024 12:34:10,96.3695382117022,1724.07443300898,12.8
12-15-2024 12:44:10,97.2426088447934,1718.82249974421,12.81
12-15-2024 12:54:10,96.5828249297857,1714.62198429056,12.83
12-15-2024 13:04:10,94.7635631155646,1705.57483388791,12.83
12-15-2024 13:14:10,96.1203572283301,1697.77893839671,12.85
12-15-2024 13:24:10,96.997176561872,1691.0208071335,12.87
12-15-2024 13:34:10,96.6253384759296,1683.69316193429,12.89
12-15-2024 13:44:10,95.8691127123056,1681.47103189368,12.91
12-15-2024 13:54:10,96.5540185029159,1672.34222445526,12.93
12-15-2024 14:04:10,95.3136974262931,1666.51342536003,12.94
12-15-2024 14:14:10,96.7639632973524,1663.61686059705,12.95
12-15-2024 14:24:10,96.1001311433435,1657.97574514084,12.96
12-15-2024 14:34:10,95.9167646758148,1654.22639396997,12.97
12-15-2024 14:44:10,94.4872893184864,1653.79663581712,12.99
12-15-2024 14:54:10,95.9344434376651,1655.52803502816,12.99
12-15-2024 15:04:10,94.9820441706574,1651.39901224699,13
12-15-2024 15:14:10,94.9840076756244,1647.72796416445,12.99
12-15-2024 15:24:10,94.7044226416939,1645.30209876292,13
12-15-2024 15:34:10,94.9020456054049,1644.57264516921,13
12-15-2024 15:44:10,95.7725360255013,1641.7608214015,13
12-15-2024 15:54:10,95.3934154551676,1640.17948910024,13
12-15-2024 16:04:10,94.6297991954708,1634.24411007152,13
12-15-2024 16:14:10,95.8847853049304,1636.92217130799,13
12-15-2024 16:24:10,94.6405494335297,1635.24618581701,13
12-15-2024 16:34:10,94.6357547045403,1632.41588488655,12.97
12-15-2024 16:44:10,95.1182538076702,1629.50414698922,12.96
12-15-2024 16:54:10,94.8285224666283,1628.00629801542,12.94
12-15-2024 17:04:10,93.8629421563119,1624.8952184902,12.91
12-15-2024 17:14:10,95.501609999064,1621.99075728772,12.91
12-15-2024 17:24:10,93.5821358057857,1617.66245551783,12.9
12-15-2024 17:34:10,95.3133601961342,1617.21234148284,12.89
12-15-2024 17:44:10,93.970470600191,1613.07420647865,12.88
12-15-2024 17:54:10,93.4889015393431,1612.71444639661,12.86
12-15-2024 18:04:10,93.7790878005607,1607.34852907029,12.85
12-15-2024 18:14:10,94.642091237069,1607.93504411347,12.83
12-15-2024 18:24:10,96.0810423094309,1601.9997832554,12.81
12-15-2024 18:34:10,95.7023258334995,1602.87819936665,12.81
12-15-2024 18:44:10,93.9725970966182,1605.82777862454,12.79
12-15-2024 18:54:10,94.1632853326482,1603.01274792255,12.77
12-15-2024 19:04:10,94.2613016387192,1604.17040337376,12.76
12-15-2024 19:14:10,94.7364997054093,1602.86387314792,12.73
12-15-2024 19:24:10,94.4505639491443,1601.56546889883,12.72
12-15-2024 19:34:10,95.1243585390856,1602.06170253405,12.71
12-15-2024 19:44:10,95.2188812599332,1602.83732450762,12.69
12-15-2024 19:54:10,95.3133842714796,1600.96909287753,12.67
12-15-2024 20:04:10,93.9721381973372,1602.1260559163,12.66
12-15-2024 20:14:10,94.255275150726,1599.87718283908,12.63
12-15-2024 20:24:10,95.4083600436552,1601.69454400655,12.62
12-15-2024 20:34:10,95.7905444867502,1610.01892049157,12.6
12-15-2024 20:44:10,95.9808438824166,1614.28369848176,12.58
12-15-2024 20:54:10,96.3663525959557,1615.72191466031,12.57
12-15-2024 21:04:10,96.0771339293072,1615.07975942397,12.55
12-15-2024 21:14:10,95.0209850764856,1617.17293154548,12.53
12-15-2024 21:24:10,97.1320867678588,1615.59255996095,12.52
12-15-2024 21:34:10,95.0215546606622,1623.24848216063,12.5
12-15-2024 21:44:10,96.1737757723001,1622.89373625533,12.49
12-15-2024 21:54:10,96.2680820498086,1617.34879805642,12.47
12-15-2024 22:04:10,94.1582311538286,1618.12078838191,12.45
12-15-2024 22:14:10,95.6969193413232,1620.59924774119,12.45
12-15-2024 22:24:10,94.7439737925619,1617.32801734871,12.45
12-15-2024 22:34:10,94.745973852668,1617.91637816921,12.44
12-15-2024 22:44:10,95.4187246960566,1616.808282023,12.43
12-15-2024 22:54:10,95.9990287385324,1619.28636862348,12.43
12-15-2024 23:04:10,95.1420104723923,1620.25656926927,12.43
12-15-2024 23:14:10,95.9139574893502,1619.34191247169,12.43
12-15-2024 23:24:10,95.3409976377799,1620.77816679013,12.42
12-15-2024 23:34:10,94.8639125354372,1619.10466509716,12.41
12-15-2024 23:44:10,94.5818549243506,1616.77672352997,12.41
12-15-2024 23:54:10,95.8293401399888,1622.73559104097,12.4
12-16-2024 00:04:10,95.2598815251395,1621.25582096463,12.4
12-16-2024 00:14:10,95.4500478520505,1622.0268760931,12.38
12-16-2024 00:24:10,94.6890625821781,1621.67781982102,12.38
12-16-2024 00:34:10,95.7447579241451,1621.7003776885,12.37
12-16-2024 00:44:10,94.7888633369084,1625.01968180853,12.36
12-16-2024 00:54:10,96.2275546347151,1627.39662989605,12.35
12-16-2024 01:04:10,97.183715181917,1626.47140781673,12.33
12-16-2024 01:14:10,94.9796499929188,1627.52377117166,12.31
12-16-2024 01:24:10,94.7901391456792,1628.01664714912,12.3
12-16-2024 01:34:10,95.5547134042511,1628.59787325173,12.28
12-16-2024 01:44:10,96.1310991586539,1628.52579586909,12.27
12-16-2024 01:54:10,96.8988852452816,1631.37149037615,12.26
12-16-2024 02:04:10,95.270033826879,1631.48151701786,12.24
12-16-2024 02:14:10,96.0343063908869,1629.9919445134,12.22
12-16-2024 02:24:10,96.0362464086033,1632.46012246171,12.21
12-16-2024 02:34:10,95.0778053137389,1632.09960940242,12.19
12-16-2024 02:44:10,95.4625569759187,1631.55702693148,12.18
12-16-2024 02:54:10,95.6558984852078,1630.63830348694,12.17
12-16-2024 03:04:10,96.0371442282498,1633.94585935983,12.15
12-16-2024 03:14:10,97.3749378589286,1632.8330877332,12.13
12-16-2024 03:24:10,93.7418109846272,1631.068441996,12.12
12-16-2024 03:34:10,94.8917116681561,1632.31251859334,12.11
12-16-2024 03:44:10,94.6067773072235,1632.71034817315,12.1
12-16-2024 03:54:10,96.139072779963,1634.6121185842,12.09
12-16-2024 04:04:10,94.9899999238067,1636.03739588681,12.07
12-16-2024 04:14:10,96.3273253201076,1638.96579004725,12.05
12-16-2024 04:24:10,97.2854124889455,1641.89998784074,12.04
12-16-2024 04:34:10,95.948745450793,1641.45129117809,12.03
12-16-2024 04:44:10,96.998874054376,1641.8415418827,12.01
12-16-2024 04:54:10,96.2325753301886,1643.26489685312,11.99
12-16-2024 05:04:10,95.374256943663,1644.03726235907,11.98
12-16-2024 05:14:10,96.1408732804846,1642.46165691587,11.97
12-16-2024 05:24:10,96.0472439470724,1641.73145934335,11.96
12-16-2024 05:34:10,95.9502058783137,1643.15431911635,11.94
12-16-2024 05:44:10,96.5255082727922,1642.61201727788,11.93
12-16-2024 05:54:10,95.6708635890292,1642.45201747735,11.93
12-16-2024 06:04:10,95.8605273485438,1644.62543676723,11.91
12-16-2024 06:14:10,96.5278341395765,1646.23506149456,11.89
12-16-2024 06:24:10,95.1956951778018,1650.67413208089,11.89
12-16-2024 06:34:10,96.0540558824379,1647.68429256953,11.87
12-16-2024 06:44:10,96.1515300682527,1648.54950394945,11.86
12-16-2024 06:54:10,96.5320937942199,1651.00234945991,11.84
12-16-2024 07:04:10,96.0530755920292,1651.76592236018,11.82
12-16-2024 07:14:10,95.5775573296735,1648.78469027318,11.81
12-16-2024 07:24:10,95.7705179356931,1650.86876173293,11.8
12-16-2024 07:34:10,96.5329178016283,1649.94411757583,11.78
12-16-2024 07:44:10,96.5348481692303,1650.90237241233,11.77
12-16-2024 07:54:10,96.0594368277358,1655.61109021003,11.76
12-16-2024 08:04:10,96.0613942030029,1647.28673767892,11.75
12-16-2024 08:14:10,95.780379819213,1648.81463760331,11.75
12-16-2024 08:24:10,95.6868954004017,1646.30399155771,11.74
12-16-2024 08:34:10,96.3604759467848,1646.89426892242,11.74
12-16-2024 08:44:10,95.5067298020737,1644.57826817735,11.74
12-16-2024 08:54:10,95.5154907925115,1639.26865129795,11.75
12-16-2024 09:04:10,96.6698731665229,1640.61554839551,11.76
12-16-2024 09:14:10,95.052285186406,1637.54907220636,11.76
12-16-2024 09:24:10,95.347441673383,1632.23810932619,11.77
12-16-2024 09:34:10,94.4047284265922,1632.37142144849,11.79
12-16-2024 09:44:10,95.7536787913279,1629.78454864619,11.81
12-16-2024 09:54:10,94.7186371704019,1626.35797821568,11.84
12-16-2024 10:04:10,94.8329151654362,1619.46254427961,11.88
12-16-2024 10:14:10,93.7017716409879,1608.24043778976,11.91
12-16-2024 10:24:10,95.2527621299319,1603.21749749429,11.96
12-16-2024 10:34:10,94.4146074171253,1596.12398662274,12.01
12-16-2024 10:44:10,94.4366237154221,1592.97216890387,12.06
12-16-2024 10:54:10,94.5543017149277,1588.8777981793,12.11
12-16-2024 11:04:10,95.628830529117,1584.6862491613,12.16
12-16-2024 11:14:10,94.6874485000657,1580.58168119067,12.19
12-16-2024 11:24:10,94.2243059924282,1574.4992860383,12.22
12-16-2024 11:34:10,94.2363202394102,1569.63647347559,12.24
12-16-2024 11:44:10,94.3440676062838,1566.46635640353,12.26
12-16-2024 11:54:10,93.8773842669569,1569.03753216947,12.28
12-16-2024 12:04:10,92.9285848830181,1567.37180281735,12.29
12-16-2024 12:14:10,92.3691250469769,1567.1198956362,12.32
12-16-2024 12:24:10,94.8643470452847,1567.33599575479,12.32
12-16-2024 12:34:10,93.6280847875762,1565.38710222063,12.33
12-16-2024 12:44:10,93.5376912820356,1569.46423803033,12.33
12-16-2024 12:54:10,93.9327458165808,1567.79884679845,12.35
12-16-2024 13:04:10,94.2287773726255,1565.2843750013,12.36
12-16-2024 13:14:10,93.6627331418007,1560.32031961564,12.37
12-16-2024 13:24:10,94.0578857173099,1555.16708457181,12.39
12-16-2024 13:34:10,93.4917368533217,1552.27398729613,12.4
12-16-2024 13:44:10,92.53905574922,1545.51782021822,12.4
12-16-2024 13:54:10,94.3713900181207,1539.70148923418,12.42
12-16-2024 14:04:10,92.751126567809,1537.37200025464,12.43
12-16-2024 14:14:10,93.5230735847669,1534.66672888587,12.43
12-16-2024 14:24:10,94.202515616565,1533.09067378237,12.44
12-16-2024 14:34:10,92.6778945353815,1531.60863190266,12.45
12-16-2024 14:44:10,92.9740143108458,1530.88047535513,12.46
12-16-2024 14:54:10,94.3211124338138,1532.88779924075,12.46
12-16-2024 15:04:10,91.8379015798582,1524.52368270002,12.47
12-16-2024 15:14:10,92.2266472935016,1527.00251493155,12.47
12-16-2024 15:24:10,93.3821341963729,1525.33339895052,12.47
12-16-2024 15:34:10,92.7198440729398,1521.58772026893,12.48
12-16-2024 15:44:10,93.8753944775744,1520.76698369016,12.48
12-16-2024 15:54:10,92.9255344319042,1523.24353535907,12.49
12-16-2024 16:04:10,92.8382956233491,1519.87428933458,12.5
12-16-2024 16:14:10,92.7478122165309,1518.6762513444,12.5
12-16-2024 16:24:10,92.7564217050402,1518.51260338347,12.51
12-16-2024 16:34:10,93.2443771186225,1517.40585206206,12.52
12-16-2024 16:44:10,93.1538831240855,1520.82869119563,12.52
12-16-2024 16:54:10,94.6931640601773,1521.32800023216,12.52
12-16-2024 17:04:10,93.9315862706755,1525.97683585803,12.52
12-16-2024 17:14:10,94.2245687304041,1525.25014840225,12.52
12-16-2024 17:24:10,92.9804000580461,1526.78905607217,12.51
12-16-2024 17:34:10,94.4170841151749,1529.83840962476,12.49
12-16-2024 17:44:10,95.5693108938681,1531.94229987176,12.48
12-16-2024 17:54:10,94.6128727656562,1533.95160268695,12.47
12-16-2024 18:04:10,93.4681361008438,1532.75384445735,12.47
12-16-2024 18:14:10,93.2818259225662,1535.42121978944,12.47
12-16-2024 18:24:10,94.3414701767841,1537.80578047068,12.47
12-16-2024 18:34:10,95.0177438363879,1538.49345324679,12.47
12-16-2024 18:44:10,92.7196677378554,1540.59638192921,12.46
12-16-2024 18:54:10,94.8334647202168,1543.64061398515,12.46
12-16-2024 19:04:10,95.4104885522111,1546.7798268375,12.45
12-16-2024 19:14:10,94.067613104614,1547.37448850229,12.43
12-16-2024 19:24:10,94.4529527477439,1550.32424038232,12.42
12-16-2024 19:34:10,93.7876144783376,1551.01166224398,12.42
12-16-2024 19:44:10,94.65200374765,1552.83017711162,12.41
12-16-2024 19:54:10,93.6959913764399,1553.51776316228,12.4
12-16-2024 20:04:10,93.5064877971177,1556.84324680508,12.39
12-16-2024 20:14:10,95.1337550553272,1562.80553885587,12.37
12-16-2024 20:24:10,93.7915094031547,1560.5718822411,12.35
12-16-2024 20:34:10,94.3682464675417,1564.93154548722,12.34
12-16-2024 20:44:10,94.9415763137347,1564.76969987617,12.32
12-16-2024 20:54:10,94.5605753890149,1570.35210118877,12.31
12-16-2024 21:04:10,95.0380437313662,1571.41333789162,12.29
12-16-2024 21:14:10,95.9974930195219,1574.45231478195,12.28
12-16-2024 21:24:10,94.9497037724414,1574.10354476826,12.28
12-16-2024 21:34:10,95.7176320386527,1581.66025283206,12.27
12-16-2024 21:44:10,95.0528486129983,1582.81756476381,12.27
12-16-2024 21:54:10,94.3880651873439,1588.11652339022,12.27
12-16-2024 22:04:10,94.1062295015088,1588.61493698417,12.27
12-16-2024 22:14:10,95.7357483144403,1592.40513205826,12.26
12-16-2024 22:24:10,96.4078242412412,1597.98292232501,12.25
12-16-2024 22:34:10,95.8388411018123,1599.04594864806,12.25
12-16-2024 22:44:10,95.0750587044341,1600.76443488384,12.24
12-16-2024 22:54:10,95.2685193277556,1605.58795586213,12.23
12-16-2024 23:04:10,95.1781786265918,1607.21542341568,12.23
12-16-2024 23:14:10,96.0381994231487,1611.18713860218,12.21
12-16-2024 23:24:10,94.1294692160834,1613.75521778131,12.21
12-16-2024 23:34:10,95.0885519688061,1614.34314468281,12.2
12-16-2024 23:44:10,96.2389190041931,1615.30727121469,12.19
12-16-2024 23:54:10,96.6270729821959,1617.40460886143,12.19
12-17-2024 00:04:10,94.9989602848284,1613.56687918662,12.17
12-17-2024 00:14:10,95.9611770589413,1615.85201644355,12.17
12-17-2024 00:24:10,94.8150144585524,1621.33021170779,12.16
12-17-2024 00:34:10,95.3944629281598,1620.511535879,12.16
12-17-2024 00:44:10,96.6368089046312,1620.43565058299,12.14
12-17-2024 00:54:10,95.0124849642942,1619.61236479504,12.13
12-17-2024 01:04:10,94.6285767054136,1617.28031018259,12.11
12-17-2024 01:14:10,95.9696984924842,1617.58554496618,12.1
12-17-2024 01:24:10,95.8760432165925,1620.42873254779,12.09
12-17-2024 01:34:10,96.1615475496131,1619.03713817817,12.07
12-17-2024 01:44:10,96.0678986632555,1620.84581666636,12.06
12-17-2024 01:54:10,95.974260685933,1618.89537314144,12.05
12-17-2024 02:04:10,96.2596942618404,1616.56488392346,12.03
12-17-2024 02:14:10,96.4494662904603,1619.77773514126,12.01
12-17-2024 02:24:10,95.106431542862,1616.69191437811,11.98
12-17-2024 02:34:10,95.3918545205771,1621.40606322446,11.96
12-17-2024 02:44:10,95.6772158323967,1619.64017638804,11.94
12-17-2024 02:54:10,95.8635865695956,1620.78028057101,11.91
12-17-2024 03:04:10,94.616925606019,1619.85517247745,11.88
12-17-2024 03:14:10,96.2361487861179,1619.2119842591,11.85
12-17-2024 03:24:10,95.5628409575829,1622.50902347294,11.82
12-17-2024 03:34:10,95.2716937948706,1618.48924017608,11.79
12-17-2024 03:44:10,95.0827709793646,1617.10571591573,11.78
12-17-2024 03:54:10,94.1268038361525,1616.37436827205,11.76
12-17-2024 04:04:10,95.7450474329987,1616.20132969106,11.73
12-17-2024 04:14:10,96.8890007354879,1613.87701058285,11.71
12-17-2024 04:24:10,96.5057967936705,1611.45968753756,11.69
12-17-2024 04:34:10,95.6422156764383,1613.81763230388,11.66
12-17-2024 04:44:10,96.976554942831,1610.55813055268,11.64
12-17-2024 04:54:10,95.4454086395863,1610.76125953699,11.61
12-17-2024 05:04:10,95.2533376842109,1608.06533801733,11.59
12-17-2024 05:14:10,95.3507540497928,1605.56110243004,11.58
12-17-2024 05:24:10,96.2077260161612,1602.30485193996,11.56
12-17-2024 05:34:10,94.6806845989556,1599.51764009177,11.54
12-17-2024 05:44:10,96.3956274556974,1601.03665450906,11.52
12-17-2024 05:54:10,96.2035526741984,1596.47245410495,11.5
12-17-2024 06:04:10,95.1536265386579,1593.50027718331,11.48
12-17-2024 06:14:10,94.9584203779444,1591.27492035879,11.45
12-17-2024 06:24:10,95.3383538657254,1591.2976780753,11.43
12-17-2024 06:34:10,96.0074285349045,1588.7977822852,11.42
12-17-2024 06:44:10,95.5263268470025,1587.13554876628,11.39
12-17-2024 06:54:10,96.3790094729004,1585.56756234748,11.36
12-17-2024 07:04:10,96.9525193584595,1586.52801862651,11.35
12-17-2024 07:14:10,94.6652222099856,1583.09345992698,11.33
12-17-2024 07:24:10,95.2354103065261,1581.43543687033,11.31
12-17-2024 07:34:10,94.0914732441625,1580.24508632512,11.29
12-17-2024 07:44:10,94.664891644806,1580.64490539163,11.28
12-17-2024 07:54:10,95.0412031513667,1577.39846379613,11.25
12-17-2024 08:04:10,95.6144454584614,1576.58422053608,11.24
12-17-2024 08:14:10,94.8549520262728,1572.22126258112,11.23
12-17-2024 08:24:10,94.7618426667223,1568.32588403771,11.22
12-17-2024 08:34:10,95.3383322377062,1560.41605583299,11.22
12-17-2024 08:44:10,94.578938702785,1558.38939653421,11.21
12-17-2024 08:54:10,94.6827822818182,1553.93475251628,11.22
12-17-2024 09:04:10,95.0722095444446,1552.28114993267,11.23
12-17-2024 09:14:10,93.4625591147595,1546.51779916858,11.24
12-17-2024 09:24:10,93.6615581885873,1546.17104493702,11.25
12-17-2024 09:34:10,93.1021264823508,1536.20114083754,11.27
12-17-2024 09:44:10,94.9231281167988,1532.20792183596,11.29
12-17-2024 09:54:10,94.3669803559029,1531.66898948777,11.32
12-17-2024 10:04:10,93.9059013668014,1525.70824458037,11.35
12-17-2024 10:14:10,93.8289878633845,1522.54694695712,11.39
12-17-2024 10:24:10,93.4725974425446,1517.03913810585,11.45
12-17-2024 10:34:10,93.5894249548343,1515.74102555315,11.5
12-17-2024 10:44:10,94.3803701478319,1511.15813989846,11.57
12-17-2024 10:54:10,93.5435679216407,1507.79593194607,11.62
12-17-2024 11:04:10,92.515460392796,1503.58784910945,11.67
12-17-2024 11:14:10,93.0107422777662,1498.53749701212,11.71
12-17-2024 11:24:10,92.6470711815401,1497.04687520392,11.75
12-17-2024 11:34:10,94.0941756227151,1493.49698711681,11.78
12-17-2024 11:44:10,94.5835208573426,1491.7327751206,11.8
12-17-2024 11:54:10,94.2167412333209,1489.39990542535,11.83
12-17-2024 12:04:10,93.5632758941455,1486.12760222528,11.86
12-17-2024 12:14:10,93.2917398823463,1485.66952187291,11.89
12-17-2024 12:24:10,93.2080040133548,1482.02518116959,11.91
12-17-2024 12:34:10,92.834382544762,1479.79402511817,11.92
12-17-2024 12:44:10,94.0884626488537,1479.34031211206,11.94
12-17-2024 12:54:10,93.0458485250555,1476.63893443861,11.95
12-17-2024 13:04:10,92.286677426131,1477.79350745199,11.95
12-17-2024 13:14:10,91.8204832815048,1475.83673994477,11.97
12-17-2024 13:24:10,92.2144892124005,1474.2550849816,11.99
12-17-2024 13:34:10,92.7997804624686,1472.76688477955,12.01
12-17-2024 13:44:10,93.1939787001606,1469.21116975576,12.03
12-17-2024 13:54:10,91.385868808145,1467.63471896285,12.04
12-17-2024 14:04:10,91.9712267169595,1464.26535863318,12.06
12-17-2024 14:14:10,93.3185871529811,1460.43251025185,12.07
12-17-2024 14:24:10,91.0349929509703,1457.24927538347,12.09
12-17-2024 14:34:10,92.2900379259348,1455.66330532935,12.11
12-17-2024 14:44:10,91.9159443384623,1449.85388803215,12.12
12-17-2024 14:54:10,91.1591566321192,1445.07789665056,12.13
12-17-2024 15:04:10,93.2723353005179,1439.36082144159,12.14
12-17-2024 15:14:10,91.0835288145999,1433.9154670532,12.16
12-17-2024 15:24:10,91.1907850917923,1430.82005157048,12.18
12-17-2024 15:34:10,89.476756991494,1424.81749361638,12.19
12-17-2024 15:44:10,92.3561388467319,1423.98832713339,12.2
12-17-2024 15:54:10,90.8333953478074,1419.01927055341,12.21
12-17-2024 16:04:10,91.2246942042095,1418.75408504169,12.22
12-17-2024 16:14:10,90.6588774163799,1416.79505966536,12.23
12-17-2024 16:24:10,91.0502086170521,1415.30626697094,12.24
12-17-2024 16:34:10,91.2501296308665,1412.78198951772,12.25
12-17-2024 16:44:10,91.3512311263056,1414.88027023971,12.25
12-17-2024 16:54:10,89.9207105991894,1410.76702456805,12.25
12-17-2024 17:04:10,91.0778957182533,1408.33632336151,12.26
12-17-2024 17:14:10,90.697271848526,1406.02275256662,12.25
12-17-2024 17:24:10,91.5673042332678,1405.56823167245,12.26
12-17-2024 17:34:10,90.9025577645593,1402.58412569014,12.26
12-17-2024 17:44:10,92.4396393698469,1402.51777642967,12.26
12-17-2024 17:54:10,90.9133080026182,1398.87482215533,12.26
12-17-2024 18:04:10,91.8791357363952,1397.00778822584,12.27
12-17-2024 18:14:10,91.4058261806505,1393.74106846101,12.27
12-17-2024 18:24:10,90.2623580802219,1393.67471205115,12.27
12-17-2024 18:34:10,91.5091984110827,1393.71512351553,12.26
12-17-2024 18:44:10,90.0816344483711,1393.9185125673,12.27
12-17-2024 18:54:10,90.7571681120844,1393.6638994895,12.27
12-17-2024 19:04:10,90.09238468643,1394.25644141743,12.27
12-17-2024 19:14:10,91.2466030249174,1396.54329335681,12.27
12-17-2024 19:24:10,91.156241208992,1395.62978194122,12.27
12-17-2024 19:34:10,92.3104595474794,1394.15150052181,12.27
12-17-2024 19:44:10,90.6852393457685,1397.01552607528,12.26
12-17-2024 19:54:10,91.6448111406842,1398.93798045095,12.25
12-17-2024 20:04:10,90.5941346476368,1399.6367574965,12.24
12-17-2024 20:14:10,91.8407542952121,1400.24133289175,12.23
12-17-2024 20:24:10,91.3644472989747,1402.06902446504,12.22
12-17-2024 20:34:10,91.7526645898363,1407.64825966268,12.22
12-17-2024 20:44:10,91.4709080799916,1405.7000870318,12.22
12-17-2024 20:54:10,91.8591253708532,1406.10422934734,12.22
12-17-2024 21:04:10,92.1547773509391,1404.42648145734,12.23
12-17-2024 21:14:10,91.0115626276493,1403.79555518109,12.23
12-17-2024 21:24:10,91.7857887759976,1402.58803267168,12.24
12-17-2024 21:34:10,90.6455721904717,1402.88614710646,12.25
12-17-2024 21:44:10,90.657071265675,1403.92536893218,12.27
12-17-2024 21:54:10,91.622931020429,1410.4365843222,12.28
12-17-2024 22:04:10,91.0600210799794,1408.84098148084,12.3
12-17-2024 22:14:10,90.8800391081913,1414.1188643078,12.32
12-17-2024 22:24:10,92.5165555854394,1417.05480390891,12.33
12-17-2024 22:34:10,90.6126770083953,1420.3572270673,12.35
12-17-2024 22:44:10,92.0610187128594,1425.16784414804,12.37
12-17-2024 22:54:10,91.2042859681493,1428.39841225371,12.37
12-17-2024 23:04:10,91.5959335770069,1430.20604983262,12.38
12-17-2024 23:14:10,92.2718740363254,1435.88624469966,12.38
12-17-2024 23:24:10,91.1307959221245,1439.29622426262,12.39
12-17-2024 23:34:10,91.8098980882448,1445.53335940562,12.4
12-17-2024 23:44:10,92.3869505174085,1441.98976603266,12.39
12-17-2024 23:54:10,92.5807596582814,1441.74396238808,12.38
12-18-2024 00:04:10,91.337701563993,1443.28799820256,12.37
12-18-2024 00:14:10,92.6841333599507,1444.2577690036,12.37
12-18-2024 00:24:10,91.3453545625301,1445.98988816351,12.36
12-18-2024 00:34:10,91.2518535913741,1446.68570699269,12.35
12-18-2024 00:44:10,92.8791131255615,1450.40354945006,12.33
12-18-2024 00:54:10,92.306727793812,1457.69037162863,12.32
12-18-2024 01:04:10,90.9652676682281,1458.58121558929,12.3
12-18-2024 01:14:10,92.209144476522,1459.00111987386,12.28
12-18-2024 01:24:10,91.4454824290063,1458.7542716291,12.27
12-18-2024 01:34:10,92.401923446143,1464.35034071386,12.25
12-18-2024 01:44:10,93.2592408811614,1464.58837763248,12.22
12-18-2024 01:54:10,93.4528288808868,1464.34123660471,12.21
12-18-2024 02:04:10,92.6862309326486,1464.76001953451,12.19
12-18-2024 02:14:10,93.6421181657567,1467.0598215279,12.17
12-18-2024 02:24:10,91.5362400608741,1468.6065929184,12.15
12-18-2024 02:34:10,93.0660241484093,1472.69166848169,12.13
12-18-2024 02:44:10,93.7345994643757,1475.08325944992,12.11
12-18-2024 02:54:10,92.965221481391,1471.65296049265,12.08
12-18-2024 03:04:10,94.4942620990937,1473.01005842283,12.06
12-18-2024 03:14:10,92.4851878954309,1472.11161302468,12.04
12-18-2024 03:24:10,93.0610761449505,1471.0186822939,12.03
12-18-2024 03:34:10,93.5380900267972,1475.38155481066,12.01
12-18-2024 03:44:10,91.90891896175,1482.28519912907,11.98
12-18-2024 03:54:10,93.4340409604598,1477.91770642827,11.95
12-18-2024 04:04:10,94.4841543959377,1481.24417414261,11.93
12-18-2024 04:14:10,93.0498096635238,1482.22285136721,11.91
12-18-2024 04:24:10,93.7143773725494,1481.79943491438,11.88
12-18-2024 04:34:10,93.8088498302249,1482.96534862158,11.86
12-18-2024 04:44:10,93.5212609263957,1483.38034254323,11.84
12-18-2024 04:54:10,93.3324256187555,1481.06868230683,11.83
12-18-2024 05:04:10,93.6147024630553,1480.2706524243,11.8
12-18-2024 05:14:10,94.6639382398345,1481.24856670618,11.78
12-18-2024 05:24:10,94.0932103885395,1482.50147947824,11.77
12-18-2024 05:34:10,92.9434042568677,1483.39103448858,11.74
12-18-2024 05:44:10,93.327425005371,1479.95622793362,11.73
12-18-2024 05:54:10,92.4674495280507,1479.80894791741,11.71
12-18-2024 06:04:10,92.1802544157797,1481.34859907426,11.69
12-18-2024 06:14:10,92.9459196647965,1481.38247216266,11.68
12-18-2024 06:24:10,95.4290827232699,1482.07225331675,11.67
12-18-2024 06:34:10,95.2403269774045,1484.26104155301,11.66
12-18-2024 06:44:10,91.4198302919664,1484.02544961885,11.63
12-18-2024 06:54:10,93.4254224432672,1487.43109737433,11.62
12-18-2024 07:04:10,92.6676378003917,1484.64889315638,11.62
12-18-2024 07:14:10,93.9099342381762,1488.5225366484,11.61
12-18-2024 07:24:10,92.3859446242607,1490.99082313065,11.6
12-18-2024 07:34:10,93.9174715350136,1485.49314393842,11.6
12-18-2024 07:44:10,93.439551800569,1489.65257305666,11.58
12-18-2024 07:54:10,94.0203884311309,1493.98250778932,11.59
12-18-2024 08:04:10,94.0225460748147,1497.85458467271,11.58
12-18-2024 08:14:10,93.4524914735044,1496.29551246276,11.57
12-18-2024 08:24:10,93.8425483008113,1496.78647779433,11.58
12-18-2024 08:34:10,94.4201674560275,1496.15878679458,11.58
12-18-2024 08:44:10,93.5703677951831,1494.21501204652,11.59
12-18-2024 08:54:10,94.5327794091453,1496.57891813629,11.6
12-18-2024 09:04:10,93.7782810908551,1490.42022727901,11.61
12-18-2024 09:14:10,92.0697495561074,1490.9108780681,11.62
12-18-2024 09:24:10,93.8940462723723,1491.1151774116,11.64
12-18-2024 09:34:10,94.3796839990172,1489.35749074896,11.65
12-18-2024 09:44:10,94.2961096538676,1485.34502903635,11.67
12-18-2024 09:54:10,94.4066162162403,1484.98037266538,11.7
12-18-2024 10:04:10,92.9930745524689,1486.9534036425,11.74
12-18-2024 10:14:10,94.5420006176852,1485.1705717883,11.79
12-18-2024 10:24:10,94.0860567266658,1486.201025715,11.84
12-18-2024 10:34:10,95.2638431854624,1487.4028265882,11.92
12-18-2024 10:44:10,92.8993464702403,1495.28572157567,11.98
12-18-2024 10:54:10,93.6918020919407,1484.94080821366,12.05
12-18-2024 11:04:10,92.565426365197,1483.90495782235,12.1
12-18-2024 11:14:10,92.8735311740222,1479.57680879496,12.15
12-18-2024 11:24:10,94.996826607907,1479.7674244816,12.19
12-18-2024 11:34:10,94.4410132901714,1477.60564552167,12.23
12-18-2024 11:44:10,93.8881679867886,1475.90656408909,12.28
12-18-2024 11:54:10,94.3852257969471,1478.07364577566,12.32
12-18-2024 12:04:10,92.2005352808204,1475.72077744161,12.36
12-18-2024 12:14:10,93.7480877963273,1473.56170853835,12.39
12-18-2024 12:24:10,94.1495881707491,1471.77164060979,12.43
12-18-2024 12:34:10,94.4489235878411,1465.8473171101,12.45
12-18-2024 12:44:10,91.8730444641193,1465.4832038539,12.47
12-18-2024 12:54:10,92.7473116111434,1465.1190905977,12.49
12-18-2024 13:04:10,94.48129481299,1464.75497734149,12.5
12-18-2024 13:14:10,94.6849090185093,1464.39086408529,12.52
12-18-2024 13:24:10,93.7380105769865,1464.02675082909,12.54
12-18-2024 13:34:10,95.1914486140152,1463.66263757288,12.57
12-18-2024 13:44:10,95.2001135810737,1463.29852431668,12.58
12-18-2024 13:54:10,94.1570431205022,1462.93441106048,12.6
12-18-2024 14:04:10,94.363972022449,1462.57029780427,12.63
12-18-2024 14:14:10,79.8171529455062,1257.09550934594,15.47
12-18-2024 14:24:10,69.9091888862672,1221.48994860474,13.07
12-18-2024 14:34:10,69.9356178248837,1209.50340288948,12.89
12-18-2024 14:44:10,69.4360782223158,1201.57356466318,12.84
12-18-2024 14:54:10,68.6639688038981,1193.91946861514,12.83
12-18-2024 15:04:10,68.6601704914767,1189.48033007751,12.82
12-18-2024 15:14:10,68.1800294390887,1184.47059887168,12.82
12-18-2024 15:24:10,67.9879730181335,1179.83896058705,12.82
12-18-2024 15:34:10,67.2234659618583,1179.45631115685,12.83
12-18-2024 15:44:10,67.7073791794365,1177.37192559522,12.84
12-18-2024 15:54:10,68.6677675365917,1176.61562437434,12.84
12-18-2024 16:04:10,67.611340343721,1176.1429361113,12.84
12-18-2024 16:14:10,67.8994568508676,1173.96857010129,12.84
12-18-2024 16:24:10,66.2667966437039,1169.24168747082,12.84
12-18-2024 16:34:10,66.4588743151349,1174.72487132216,12.84
12-18-2024 16:44:10,67.035107329428,1169.24168747082,12.84
12-18-2024 16:54:10,67.8034180151521,1169.90345103909,12.84
12-18-2024 17:04:10,65.7866024651263,1167.16185911342,12.84
12-18-2024 17:14:10,66.7469908222814,1168.10723563951,12.84
12-18-2024 17:24:10,68.2798347126875,1171.70481500274,12.83
12-18-2024 17:34:10,67.2197473343128,1167.92903356943,12.82
12-18-2024 17:44:10,66.5438688269726,1171.99865783711,12.81
12-18-2024 17:54:10,67.3120520168944,1172.47123794108,12.81
12-18-2024 18:04:10,67.120006219414,1175.77929866885,12.81
12-18-2024 18:14:10,67.3120520168944,1170.58091752521,12.81
12-18-2024 18:24:10,66.4441706125906,1172.85436173166,12.8
12-18-2024 18:34:10,65.6723974872737,1165.77180028624,12.79
12-18-2024 18:44:10,65.86442204133,1165.01578744559,12.79
12-18-2024 18:54:10,67.3968908714236,1161.99762296094,12.78
12-18-2024 19:04:10,67.1088699702637,1163.60402774181,12.78
12-18-2024 19:14:10,66.0491404740344,1167.20030459833,12.77
12-18-2024 19:24:10,66.3298090906358,1169.1007372227,12.75
12-18-2024 19:34:10,66.8097642938966,1163.999206733,12.75
12-18-2024 19:44:10,66.4221272539368,1167.12230308928,12.74
12-18-2024 19:54:10,65.0747288189191,1168.45021402247,12.73
12-18-2024 20:04:10,67.47050903248,1169.77792252894,12.72
12-18-2024 20:14:10,66.8872623472633,1176.4935143635,12.7
12-18-2024 20:24:10,65.8316527549822,1176.68238794102,12.7
12-18-2024 20:34:10,65.632467319813,1175.37000040472,12.68
12-18-2024 20:44:10,66.6842742690033,1178.30173434141,12.67
12-18-2024 20:54:10,65.5292692124903,1181.9882856492,12.66
12-18-2024 21:04:10,66.5772861853939,1183.41290484196,12.64
12-18-2024 21:14:10,65.4224785153645,1184.54979064205,12.63
12-18-2024 21:24:10,65.7102606789218,1187.7589295171,12.63
12-18-2024 21:34:10,67.1491714967084,1192.10070564216,12.63
12-18-2024 21:44:10,66.189897618184,1195.49861739221,12.63
12-18-2024 21:54:10,66.1862402113199,1198.23894336397,12.62
12-18-2024 22:04:10,66.4776797817414,1198.14143764225,12.63
12-18-2024 22:14:10,66.6732188744219,1204.46268371886,12.64
12-18-2024 22:24:10,66.0939702303316,1207.76885426739,12.63
12-18-2024 22:34:10,67.1454610839477,1218.53048186611,12.62
12-18-2024 22:44:10,65.0387689639548,1218.81206745504,12.63
12-18-2024 22:54:10,66.9536169094222,1227.21337276006,12.62
12-18-2024 23:04:10,66.9536169094222,1230.32788797201,12.62
12-18-2024 23:14:10,67.1454610839477,1232.02671445126,12.62
12-18-2024 23:24:10,66.8540007194349,1233.63158515606,12.61
12-18-2024 23:34:10,66.758083932176,1235.61339844311,12.61
12-18-2024 23:44:10,66.5625725613881,1230.23487307232,12.6
12-18-2024 23:54:10,66.5588951714932,1234.1985780481,12.59
12-19-2024 00:04:10,66.0793642264536,1233.63243191139,12.59
12-19-2024 00:14:10,66.1716146248635,1231.65149458362,12.58
12-19-2024 00:24:10,66.3560848473422,1231.65264262287,12.56
12-19-2024 00:34:10,68.2701196658722,1240.99178344368,12.55
12-19-2024 00:44:10,65.9652360935445,1239.85978508646,12.54
12-19-2024 00:54:10,67.3997090369597,1241.08582404653,12.53
12-19-2024 01:04:10,67.4881288679103,1243.25444143305,12.51
12-19-2024 01:14:10,68.3433550328097,1247.21383083053,12.49
12-19-2024 01:24:10,65.9433830413614,1245.23336733214,12.48
12-19-2024 01:34:10,66.9940114087904,1245.51572236824,12.47
12-19-2024 01:44:10,68.0407674131416,1240.89615708154,12.45
12-19-2024 01:54:10,65.9251832218497,1246.73895591212,12.43
12-19-2024 02:04:10,66.8760152069999,1247.39740790868,12.41
12-19-2024 02:14:10,66.6807131299266,1255.97092912427,12.4
12-19-2024 02:24:10,66.0912892997776,1262.2767402306,12.36
12-19-2024 02:34:10,65.8960843970764,1257.84826393491,12.35
12-19-2024 02:44:10,67.5206052896737,1256.62252671175,12.34
12-19-2024 02:54:10,66.5518510287874,1260.94977276276,12.31
12-19-2024 03:04:10,67.4099551069086,1264.99656057273,12.3
12-19-2024 03:14:10,67.1078904291866,1270.44774940184,12.26
12-19-2024 03:24:10,67.8700008744819,1278.25684058538,12.25
12-19-2024 03:34:10,67.3802222424736,1279.94160864165,12.22
12-19-2024 03:44:10,67.7518580382943,1285.76474076509,12.19
12-19-2024 03:54:10,67.4573366833836,1284.15870370935,12.17
12-19-2024 04:04:10,66.4895004811925,1283.77232492027,12.14
12-19-2024 04:14:10,68.8774132903524,1287.62410419134,12.13
12-19-2024 04:24:10,68.3877919688667,1287.80109562671,12.1
12-19-2024 04:34:10,68.6633841170501,1283.65467112098,12.07
12-19-2024 04:44:10,66.6477804796561,1286.18515267427,12.05
12-19-2024 04:54:10,69.3098950820189,1286.82850206424,12.01
12-19-2024 05:04:10,67.6772434829606,1289.26342307892,11.99
12-19-2024 05:14:10,67.7653698663343,1289.161919219,11.97
12-19-2024 05:24:10,68.1364305972572,1285.11316260657,11.94
12-19-2024 05:34:10,68.2244821763585,1286.32662852253,11.92
12-19-2024 05:44:10,68.0184013372907,1294.0080748934,11.88
12-19-2024 05:54:10,68.480984273566,1298.77639011724,11.84
12-19-2024 06:04:10,66.1814512611134,1298.01690745963,11.82
12-19-2024 06:14:10,68.370427107319,1297.5390351878,11.8
12-19-2024 06:24:10,69.1191343401143,1300.61562360692,11.76
12-19-2024 06:34:10,68.535016598785,1299.7579892869,11.73
12-19-2024 06:44:10,67.57677413815,1298.81604061504,11.72
12-19-2024 06:54:10,68.3328392402236,1295.71417764162,11.7
12-19-2024 07:04:10,68.3215709379613,1292.98401860599,11.67
12-19-2024 07:14:10,68.8865249975247,1296.62968236701,11.65
12-19-2024 07:24:10,67.0663495491851,1300.64893560351,11.63
12-19-2024 07:34:10,67.7304288690656,1296.33566020166,11.62
12-19-2024 07:44:10,69.6306754973839,1299.69848461945,11.6
12-19-2024 07:54:10,68.1007818003642,1296.60363917024,11.59
12-19-2024 08:04:10,68.4785363303571,1297.62931409939,11.58
12-19-2024 08:14:10,68.7571032428705,1296.49700301458,11.56
12-19-2024 08:24:10,69.3292844071663,1295.56076889917,11.56
12-19-2024 08:34:10,68.3756491333401,1288.258142799,11.56
12-19-2024 08:44:10,68.0895585511922,1292.65844314141,11.56
12-19-2024 08:54:10,65.2322362306265,1290.50898179382,11.57
12-19-2024 09:04:10,67.715544282108,1286.76735707561,11.58
12-19-2024 09:14:10,67.9100233079262,1284.14890249469,11.59
12-19-2024 09:24:10,68.0128762938668,1285.46692135335,11.61
12-19-2024 09:34:10,66.7801489109951,1282.38271000447,11.63
12-19-2024 09:44:10,68.2186501014268,1277.51751074831,11.65
12-19-2024 09:54:10,67.7527680227549,1273.12191200963,11.68
12-19-2024 10:04:10,67.2904318748527,1271.63239080425,11.72
12-19-2024 10:14:10,67.9847297757411,1269.86763605389,11.79
12-19-2024 10:24:10,66.9528172604878,1264.71904491659,11.84
12-19-2024 10:34:10,68.1251798411206,1262.29191857461,11.91
12-19-2024 10:44:10,68.2432638710334,1262.30242268686,11.97
12-19-2024 10:54:10,66.2579974544908,1256.67551349207,12.03
12-19-2024 11:04:10,66.0849753988867,1254.70829790128,12.08
12-19-2024 11:14:10,67.6300664337242,1252.26845566285,12.12
12-19-2024 11:24:10,67.2622609093833,1249.82713202947,12.16
12-19-2024 11:34:10,67.3690791793208,1246.44299203522,12.19
12-19-2024 11:44:10,66.2316957269769,1244.18642145619,12.22
12-19-2024 11:54:10,67.3913689924334,1246.06984018189,12.25
12-19-2024 12:04:10,66.5408394951222,1244.37696894448,12.28
12-19-2024 12:14:10,66.4560929697532,1246.63791751635,12.31
12-19-2024 12:24:10,66.076705642388,1249.74589854549,12.32
12-19-2024 12:34:10,66.1761195778935,1247.20407676184,12.33
12-19-2024 12:44:10,67.3253430727339,1252.19515317896,12.33
12-19-2024 12:54:10,67.1375096568245,1250.21839482115,12.34
12-19-2024 13:04:10,66.9496555138902,1249.27737722446,12.35
12-19-2024 13:14:10,66.0949362200336,1245.69931485149,12.37
12-19-2024 13:24:10,66.6770332791291,1252.01265654282,12.39
12-19-2024 13:34:10,64.8675662815726,1246.64414627261,12.42
12-19-2024 13:44:10,65.5455152751559,1246.36252977332,12.44
12-19-2024 13:54:10,65.6485898355652,1242.12172366159,12.46
12-19-2024 14:04:10,64.6973598152891,1241.83933332064,12.48
12-19-2024 14:14:10,65.2796561021987,1241.74544316931,12.5
12-19-2024 14:24:10,65.0915333825442,1240.99123553238,12.51
12-19-2024 14:34:10,66.1423828348269,1239.85958176272,12.5
12-19-2024 14:44:10,65.8620810201154,1238.16214980439,12.52
12-19-2024 14:54:10,65.286866338717,1242.21736897124,12.52
12-19-2024 15:04:10,66.0574673207187,1233.16339762964,12.53
12-19-2024 15:14:10,65.0028488293864,1234.67243123285,12.53
12-19-2024 15:24:10,64.9033898844514,1231.8435524979,12.52
12-19-2024 15:34:10,63.369484067389,1232.88093414523,12.52
12-19-2024 15:44:10,66.2455574743809,1228.16556302099,12.52
12-19-2024 15:54:10,66.2418992155199,1226.84619865321,12.51
12-19-2024 16:04:10,65.1909972251506,1228.16556302099,12.52
12-19-2024 16:14:10,66.5294906737639,1225.05449398185,12.51
12-19-2024 16:24:10,66.7212183125931,1224.01719127738,12.51
12-19-2024 16:34:10,63.8453037301538,1220.71668267224,12.51
12-19-2024 16:44:10,65.5672316797415,1216.38060725067,12.5
12-19-2024 16:54:10,65.5636112797221,1220.6252081896,12.49
12-19-2024 17:04:10,64.5092257182061,1220.34235050193,12.49
12-19-2024 17:14:10,63.8347283510853,1217.04402929214,12.48
12-19-2024 17:24:10,65.1765995176246,1219.30671863315,12.48
12-19-2024 17:34:10,63.7388804106182,1212.80148677776,12.48
12-19-2024 17:44:10,65.2688437330276,1217.23425728267,12.47
12-19-2024 17:54:10,64.1187319491857,1211.38942116499,12.47
12-19-2024 18:04:10,66.2236139801103,1214.97358247509,12.46
12-19-2024 18:14:10,64.498541546475,1214.97358247509,12.46
12-19-2024 18:24:10,65.7407978104438,1209.4142492604,12.45
12-19-2024 18:34:10,64.9777283335959,1211.86285796414,12.46
12-19-2024 18:44:10,64.686645075874,1211.39365065035,12.45
12-19-2024 18:54:10,62.766538750332,1209.22801398909,12.44
12-19-2024 19:04:10,63.3414994106404,1211.86701511081,12.44
12-19-2024 19:14:10,64.8711468621981,1213.28273629244,12.43
12-19-2024 19:24:10,65.4460757856444,1212.8115219316,12.43
12-19-2024 19:34:10,64.8675662815726,1212.15387810905,12.42
12-19-2024 19:44:10,64.2891206359554,1213.09821947547,12.41
12-19-2024 19:54:10,63.2317107266546,1212.4406538613,12.4
12-19-2024 20:04:10,64.9526272460482,1214.70382879123,12.39
12-19-2024 20:14:10,65.5201976442072,1216.87414921745,12.37
12-19-2024 20:24:10,65.9033566947581,1215.93215034052,12.37
12-19-2024 20:34:10,65.037660050071,1219.79582016165,12.36
12-19-2024 20:44:10,65.1298508575755,1218.29032527129,12.35
12-19-2024 20:54:10,65.0304836761538,1220.64637403216,12.34
12-19-2024 21:04:10,64.5516141350923,1222.9066558759,12.34
12-19-2024 21:14:10,65.0304836761538,1223.56590474699,12.34
12-19-2024 21:24:10,64.835358833913,1228.08731237172,12.33
12-19-2024 21:34:10,65.6972764550433,1231.38330623209,12.33
12-19-2024 21:44:10,64.835358833913,1235.71518387714,12.33
12-19-2024 21:54:10,64.739590209343,1237.88112269966,12.33
12-19-2024 22:04:10,65.0304836761538,1241.45980267664,12.34
12-19-2024 22:14:10,64.45584022688,1239.85876970398,12.34
12-19-2024 22:24:10,64.6509548953875,1247.48785142777,12.35
12-19-2024 22:34:10,64.7503066183328,1243.90915838261,12.36
12-19-2024 22:44:10,65.232828356294,1246.64131372842,12.37
12-19-2024 22:54:10,64.2784776191443,1249.37388448741,12.38
12-19-2024 23:04:10,65.0448380080461,1248.43181399692,12.38
12-19-2024 23:14:10,65.3358285867328,1250.8820860049,12.39
12-19-2024 23:24:10,65.2400282515616,1252.20108496581,12.39
12-19-2024 23:34:10,66.4891018853004,1255.68826499918,12.4
12-19-2024 23:44:10,66.0100737737348,1254.93449399896,12.4
12-19-2024 23:54:10,65.9106305977598,1257.85393765545,12.39
12-20-2024 00:04:10,65.811198396948,1255.77996382274,12.38
12-20-2024 00:14:10,66.4817637372371,1257.94672595086,12.38
12-20-2024 00:24:10,66.0949362200336,1259.82929800543,12.37
12-20-2024 00:34:10,65.232828356294,1256.15550238541,12.37
12-20-2024 00:44:10,65.8003052046388,1251.1610885894,12.35
12-20-2024 00:54:10,65.1262575843661,1251.25435733286,12.34
12-20-2024 01:04:10,66.1724689838987,1252.38249326816,12.32
12-20-2024 01:14:10,65.7857865565136,1252.38149100339,12.31
12-20-2024 01:24:10,64.1508222057093,1249.83763575826,12.29
12-20-2024 01:34:10,64.8139049644225,1255.76610348986,12.27
12-20-2024 01:44:10,65.8597469698781,1252.18725253928,12.25
12-20-2024 01:54:10,64.51246281026,1256.89026602464,12.23
12-20-2024 02:04:10,64.9838758209161,1256.32306578972,12.21
12-20-2024 02:14:10,64.976711310737,1258.76631520176,12.19
12-20-2024 02:24:10,66.4968297752794,1260.07855481457,12.16
12-20-2024 02:34:10,65.6284853670476,1262.7083781885,12.14
12-20-2024 02:44:10,65.7205318478779,1261.01408363591,12.13
12-20-2024 02:54:10,64.56190150907,1260.63308944844,12.1
12-20-2024 03:04:10,64.9373347262577,1259.68990999124,12.08
12-20-2024 03:14:10,65.1214328467353,1253.57820330825,12.06
12-20-2024 03:24:10,65.6843351388675,1261.65523702217,12.03
12-20-2024 03:34:10,65.6734838999034,1263.9045848994,12
12-20-2024 03:44:10,65.5670574447184,1266.90422454027,11.97
12-20-2024 03:54:10,66.7103300840327,1266.6204028425,11.96
12-20-2024 04:04:10,66.3170825708852,1262.01376129729,11.93
12-20-2024 04:14:10,66.306132830007,1260.6944718462,11.9
12-20-2024 04:24:10,66.1996604987715,1261.25264590521,11.87
12-20-2024 04:34:10,64.3775774247521,1260.02952820812,11.85
12-20-2024 04:44:10,66.2769511907832,1261.24429578628,11.82
12-20-2024 04:54:10,66.1705305261076,1262.92744365596,11.79
12-20-2024 05:04:10,65.5904100291756,1263.48648453978,11.77
12-20-2024 05:14:10,66.4350578729169,1260.57307478839,11.73
12-20-2024 05:24:10,65.473330964488,1260.56984032219,11.71
12-20-2024 05:34:10,65.7560422297683,1260.19333327806,11.7
12-20-2024 05:44:10,66.1305186475622,1255.12990500934,11.68
12-20-2024 05:54:10,65.8333826153629,1257.37478085605,11.65
12-20-2024 06:04:10,65.2537455073152,1256.24795645507,11.63
12-20-2024 06:14:10,66.0133194047794,1255.12267678484,11.62
12-20-2024 06:24:10,65.5255421524513,1256.43009004384,11.59
12-20-2024 06:34:10,66.6627677269122,1258.7682472057,11.57
12-20-2024 06:44:10,65.7899914712384,1255.20544892875,11.53
12-20-2024 06:54:10,66.0724058552798,1258.76085422995,11.52
12-20-2024 07:04:10,64.1585068318153,1255.66972592771,11.5
12-20-2024 07:14:10,65.3906421615579,1255.19940325549,11.48
12-20-2024 07:24:10,66.1459510496544,1254.26145895831,11.46
12-20-2024 07:34:10,65.9517076768096,1255.19577804218,11.45
12-20-2024 07:44:10,65.8564017408604,1257.34732841444,11.45
12-20-2024 07:54:10,65.8455567141699,1251.26412597129,11.42
12-20-2024 08:04:10,65.6513724772693,1256.50019099945,11.41
12-20-2024 08:14:10,65.9336084615334,1254.90920854783,11.4
12-20-2024 08:24:10,66.9816860526849,1249.48560690135,11.4
12-20-2024 08:34:10,64.4055969825025,1248.36279037039,11.39
12-20-2024 08:44:10,65.1677933964967,1248.08228041824,11.39
12-20-2024 08:54:10,65.5524893374783,1249.766138021,11.4
12-20-2024 09:04:10,65.1713702134232,1244.34253637452,11.4
12-20-2024 09:14:10,64.797364060254,1241.35053023521,11.42
12-20-2024 09:24:10,65.9480870388611,1240.88316310116,11.44
12-20-2024 09:34:10,64.7127305094706,1236.95437271216,11.45
12-20-2024 09:44:10,63.9608176244976,1234.52112758501,11.48
12-20-2024 09:54:10,65.0236375083706,1235.3620726434,11.52
12-20-2024 10:04:10,65.3204279114164,1242.28881374465,11.55
12-20-2024 10:14:10,66.0096919990965,1240.51070115301,11.61
12-20-2024 10:24:10,64.9818293418319,1235.82623533549,11.67
12-20-2024 10:34:10,65.5795897988579,1233.10567670582,11.74
12-20-2024 10:44:10,62.7434537930036,1231.03822191174,11.82
12-20-2024 10:54:10,65.2479889232718,1229.15751065266,11.88
12-20-2024 11:04:10,63.1636766273129,1228.02707913767,11.93
12-20-2024 11:14:10,63.082008620283,1236.00641209596,11.97
12-20-2024 11:24:10,63.8571866741419,1235.25420226139,12
12-20-2024 11:34:10,62.816023560751,1236.66266232393,12.03
12-20-2024 11:44:10,63.3045353076927,1238.63563382583,12.06
12-20-2024 11:54:10,64.6539864680787,1240.42150367338,12.09
12-20-2024 12:04:10,64.7603323559142,1238.9174442728,12.12
12-20-2024 12:14:10,62.2869585377077,1239.38760974372,12.16
12-20-2024 12:24:10,63.1515492355081,1241.45687616346,12.17
12-20-2024 12:34:10,62.8714275863832,1244.56156865102,12.19
12-20-2024 12:44:10,64.3068483075335,1244.18528397418,12.19
12-20-2024 12:54:10,63.4525915600403,1247.85537493964,12.21
12-20-2024 13:04:10,61.1624091034958,1243.99860124621,12.23
12-20-2024 13:14:10,62.8922293011772,1243.90521734774,12.25
12-20-2024 13:24:10,64.3316724228437,1247.38805918081,12.26
12-20-2024 13:34:10,63.5728308269945,1246.82449154018,12.28
12-20-2024 13:44:10,62.5265634727433,1247.76714924608,12.3
12-20-2024 13:54:10,62.2461719819597,1246.45015514216,12.32
12-20-2024 14:04:10,63.2072922162224,1247.20407676184,12.33
12-20-2024 14:14:10,62.8311502390729,1251.34945972589,12.35
12-20-2024 14:24:10,63.313539459642,1255.11809294625,12.36
12-20-2024 14:34:10,63.125453578264,1250.8803086746,12.37
12-20-2024 14:44:10,63.125453578264,1253.42370564231,12.37
12-20-2024 14:54:10,62.5541667441151,1253.89582284176,12.38
12-20-2024 15:04:10,63.2282212129672,1250.22258652444,12.39
12-20-2024 15:14:10,63.3240215481384,1251.07051442789,12.39
12-20-2024 15:24:10,64.0904242295077,1252.10687075432,12.39
12-20-2024 15:34:10,64.28202489985,1252.3895133888,12.39
12-20-2024 15:44:10,64.28202489985,1250.59944337042,12.39
12-20-2024 15:54:10,62.6499617927278,1245.3229813783,12.38
12-20-2024 16:04:10,62.5507150024376,1243.15591788378,12.37
12-20-2024 16:14:10,63.0296638156262,1242.40231878224,12.37
12-20-2024 16:24:10,63.1219705051499,1238.7285583742,12.36
12-20-2024 16:34:10,63.8882463231184,1236.46793291598,12.36
12-20-2024 16:44:10,62.9338740529885,1234.58372810372,12.37
12-20-2024 16:54:10,63.313539459642,1236.09116200628,12.36
12-20-2024 17:04:10,62.8346170734117,1236.46793291598,12.36
12-20-2024 17:14:10,63.6966773686262,1232.22926018183,12.36
12-20-2024 17:24:10,62.9304015506578,1234.86665654975,12.36
12-20-2024 17:34:10,64.8496693057431,1229.87373371908,12.37
12-20-2024 17:44:10,61.8801866639735,1227.23613686367,12.37
12-20-2024 17:54:10,63.0331419871787,1230.72088877571,12.38
12-20-2024 18:04:10,62.937346938566,1227.6120561571,12.38
12-20-2024 18:14:10,63.4163221816297,1227.89467730424,12.38
12-20-2024 18:24:10,63.3205271330169,1227.89467730424,12.38
12-20-2024 18:34:10,62.6499617927278,1227.6120561571,12.38
12-20-2024 18:44:10,64.374272667757,1228.08309140234,12.38
12-20-2024 18:54:10,64.0833512046413,1230.72153270831,12.37
12-20-2024 19:04:10,64.0833512046413,1229.12013461753,12.37
12-20-2024 19:14:10,63.7924618458723,1227.23704562827,12.36
12-20-2024 19:24:10,64.45584022688,1226.7679706923,12.34
12-20-2024 19:34:10,63.7854228693939,1230.62928550869,12.34
12-20-2024 19:44:10,63.0157549670824,1230.3474224474,12.33
12-20-2024 19:54:10,64.3529654951953,1229.40645354204,12.32
12-20-2024 20:04:10,63.8706253758291,1230.91370813378,12.31
12-20-2024 20:14:10,64.5373717926937,1229.31379066673,12.3
12-20-2024 20:24:10,63.955799687398,1230.25664627699,12.28
12-20-2024 20:34:10,62.2255760042387,1229.03442818856,12.26
12-20-2024 20:44:10,63.3708611832257,1231.8586207055,12.25
12-20-2024 20:54:10,64.324577863021,1231.57685693343,12.24
12-20-2024 21:04:10,63.7432216100673,1232.51893932199,12.22
12-20-2024 21:14:10,63.2646688952771,1230.82527256057,12.22
12-20-2024 21:24:10,64.0268231578687,1234.58932594119,12.21
12-20-2024 21:34:10,63.7397073589545,1234.21298412563,12.21
12-20-2024 21:44:10,64.3103934367104,1235.81269339759,12.2
12-20-2024 21:54:10,63.548296826345,1234.58932594119,12.21
12-20-2024 22:04:10,64.1225284241734,1235.53018048009,12.21
12-20-2024 22:14:10,64.118993456244,1236.09492833061,12.2
12-20-2024 22:24:10,63.5447935148448,1238.25872948379,12.2
12-20-2024 22:34:10,63.7361934953112,1243.05672334518,12.2
12-20-2024 22:44:10,63.2542064453566,1246.2548496968,12.19
12-20-2024 22:54:10,63.3499011601,1250.11176763442,12.19
12-20-2024 23:04:10,63.1585117306133,1251.99319101862,12.19
12-20-2024 23:14:10,63.7291669301771,1251.33377109439,12.18
12-20-2024 23:24:10,64.4911275526249,1255.65946638247,12.17
12-20-2024 23:34:10,63.5307841306266,1258.00946030748,12.16
12-20-2024 23:44:10,64.8667134100837,1259.70079925907,12.15
12-20-2024 23:54:10,64.4804652148543,1262.7083781885,12.14
12-21-2024 00:04:10,64.3812488116766,1261.95436704776,12.13
12-21-2024 00:14:10,64.8524165291316,1263.73718057926,12.11
12-21-2024 00:24:10,64.6611114656238,1261.19880058554,12.11
12-21-2024 00:34:10,64.466254247575,1259.50500614692,12.1
12-21-2024 00:44:10,65.0365544353455,1261.10146205532,12.09
12-21-2024 00:54:10,65.312685219266,1262.50615362794,12.06
12-21-2024 01:04:10,63.301048317837,1265.98132365221,12.05
12-21-2024 01:14:10,64.3387026071707,1265.97320001589,12.01
12-21-2024 01:24:10,64.2360277126406,1266.34485428748,11.99
12-21-2024 01:34:10,64.8024270371998,1263.52330889287,11.97
12-21-2024 01:44:10,63.5529043674214,1267.36952515656,11.95
12-21-2024 01:54:10,64.5014852094345,1269.24297269588,11.93
12-21-2024 02:04:10,65.5417970048773,1268.20363406403,11.9
12-21-2024 02:14:10,64.9613945356147,1266.50993405036,11.88
12-21-2024 02:24:10,64.190077914828,1269.22704359275,11.86
12-21-2024 02:34:10,64.1794834494098,1269.03259243319,11.83
12-21-2024 02:44:10,64.0769277389252,1270.0598812356,11.81
12-21-2024 02:54:10,63.0230194006013,1268.93202306316,11.8
12-21-2024 03:04:10,64.2537786748693,1270.42562658044,11.77
12-21-2024 03:14:10,63.7658893531835,1272.19980482764,11.74
12-21-2024 03:24:10,64.3350991470489,1273.04100212882,11.73
12-21-2024 03:34:10,64.8052357505647,1266.94345539706,11.71
12-21-2024 03:44:10,64.9889739339992,1266.00210331771,11.69
12-21-2024 03:54:10,65.4589352841361,1265.52954237934,11.67
12-21-2024 04:04:10,63.6424344235108,1265.4338568041,11.66
12-21-2024 04:14:10,64.2043431672853,1266.73932705555,11.63
12-21-2024 04:24:10,63.9111179760038,1265.33028105528,11.61
12-21-2024 04:34:10,65.3311941313296,1265.23071814915,11.58
12-21-2024 04:44:10,63.8970735007598,1266.44594701757,11.57
12-21-2024 04:54:10,64.3668450221987,1264.38226966355,11.55
12-21-2024 05:04:10,64.7411655202476,1268.49696076677,11.53
12-21-2024 05:14:10,65.5003503933293,1267.74598635919,11.52
12-21-2024 05:24:10,64.448042402605,1268.77329848062,11.51
12-21-2024 05:34:10,63.6783493193099,1269.04955272716,11.49
12-21-2024 05:44:10,64.6245205182833,1265.48977199518,11.47
12-21-2024 05:54:10,64.9033423813689,1268.29217161245,11.45
12-21-2024 06:04:10,65.1892601892164,1269.3211739644,11.45
12-21-2024 06:14:10,64.9915120759041,1264.64004840296,11.43
12-21-2024 06:24:10,64.9879445427841,1263.14173595696,11.42
12-21-2024 06:34:10,64.2256226126635,1261.83239312389,11.42
12-21-2024 06:44:10,64.0280128412579,1262.20301765862,11.4
12-21-2024 06:54:10,64.9808106513956,1262.85759027113,11.4
12-21-2024 07:04:10,64.215047879004,1262.76230124725,11.39
12-21-2024 07:14:10,64.3032640858801,1261.44989582632,11.37
12-21-2024 07:24:10,64.3032640858801,1263.0392123778,11.37
12-21-2024 07:34:10,64.2997354944252,1257.89589477934,11.36
12-21-2024 07:44:10,64.4867145710664,1259.85746108243,11.35
12-21-2024 07:54:10,64.8641699573661,1257.33226487605,11.34
12-21-2024 08:04:10,65.6261572696406,1257.89307320116,11.34
12-21-2024 08:14:10,63.4319633493131,1257.14397469339,11.33
12-21-2024 08:24:10,65.1463407371323,1255.74205962236,11.33
12-21-2024 08:34:10,64.2891520432227,1254.34014455134,11.33
12-21-2024 08:44:10,62.9522935188418,1257.32952873603,11.32
12-21-2024 08:54:10,63.5272065375252,1256.30282565078,11.33
12-21-2024 09:04:10,64.3843952314349,1252.56438546137,11.33
12-21-2024 09:14:10,64.2009536497766,1252.94030333498,11.35
12-21-2024 09:24:10,65.8238773728116,1246.4910717143,11.36
12-21-2024 09:34:10,64.0209850954587,1241.72386377684,11.38
12-21-2024 09:44:10,63.3645322168129,1242.19202419215,11.41
12-21-2024 09:54:10,63.5655694435265,1239.29300677878,11.44
12-21-2024 10:04:10,64.6209723511033,1235.55091284123,11.46
12-21-2024 10:14:10,63.1133196309534,1233.67777683644,11.51
12-21-2024 10:24:10,63.3179038440592,1231.14846944656,11.55
12-21-2024 10:34:10,62.9572206927799,1227.58578784542,11.61
12-21-2024 10:44:10,63.448115129299,1224.86535168109,11.65
12-21-2024 10:54:10,62.7940452989302,1222.04955416855,11.69
12-21-2024 11:04:10,64.2396464776912,1221.48190410446,11.73
12-21-2024 11:14:10,63.9638397898848,1222.79059530372,11.76
12-21-2024 11:24:10,64.2573126957697,1222.88189218097,11.78
12-21-2024 11:34:10,64.837318443952,1222.69183625186,11.8
12-21-2024 11:44:10,63.6064523471829,1225.22108798532,11.83
12-21-2024 11:54:10,63.8964832343315,1222.96830493233,11.84
12-21-2024 12:04:10,63.2348684220478,1220.80761770972,11.86
12-21-2024 12:14:10,63.9105484475386,1223.80804298012,11.88
12-21-2024 12:24:10,63.1497719579669,1220.61572558013,11.89
12-21-2024 12:34:10,62.7710796387819,1221.36523473031,11.9
12-21-2024 12:44:10,63.0611762905184,1218.45386354565,11.91
12-21-2024 12:54:10,62.7779899017753,1219.10944373037,11.92
12-21-2024 13:04:10,62.5903300921179,1218.63849290573,11.93
12-21-2024 13:14:10,63.1671537514544,1217.41632690559,11.94
12-21-2024 13:24:10,63.6484726446657,1215.06717459627,11.95
12-21-2024 13:34:10,62.129641376913,1213.65286758321,11.98
12-21-2024 13:44:10,63.3792137199941,1209.23401868524,12
12-21-2024 13:54:10,64.0554306153372,1208.00812714611,12.02
12-21-2024 14:04:10,63.9633481919976,1210.54260305285,12.03
12-21-2024 14:14:10,64.3493338855702,1208.56718305648,12.04
12-21-2024 14:24:10,62.1535972909275,1207.15529124379,12.05
12-21-2024 14:34:10,64.161636588019,1207.43720513712,12.05
12-21-2024 14:44:10,63.8747738312917,1205.93366437268,12.05
12-21-2024 14:54:10,63.2054273989278,1204.33615231047,12.05
12-21-2024 15:04:10,63.6870400527543,1202.54791884942,12.06
12-21-2024 15:14:10,64.6397411825646,1201.89289856827,12.05
12-21-2024 15:24:10,62.157021072508,1197.84899762853,12.06
12-21-2024 15:34:10,62.9220305626311,1196.43932126227,12.06
12-21-2024 15:44:10,64.3564233566121,1196.81523495994,12.06
12-21-2024 15:54:10,64.5512315863633,1191.45484447216,12.07
12-21-2024 16:04:10,62.9254968649289,1188.63527790797,12.07
12-21-2024 16:14:10,64.0695447978159,1184.87997505888,12.06
12-21-2024 16:24:10,62.3448391287458,1183.00466771509,12.05
12-21-2024 16:34:10,62.4404600476549,1179.62170099511,12.05
12-21-2024 16:44:10,62.7238677993077,1177.84089874149,12.04
12-21-2024 16:54:10,62.4370208429084,1172.20304840846,12.04
12-21-2024 17:04:10,62.816023560751,1171.73834233717,12.03
12-21-2024 17:14:10,62.8125640511591,1168.54915892389,12.02
12-21-2024 17:24:10,62.4267055014598,1168.36662871754,12.01
12-21-2024 17:34:10,64.5299023177417,1166.95748668725,12.01
12-21-2024 17:44:10,62.9968353566759,1168.3719975458,12
12-21-2024 17:54:10,61.8462945388073,1165.8412944234,11.99
12-21-2024 18:04:10,62.6996934165237,1164.63152620637,11.97
12-21-2024 18:14:10,62.9864298193432,1164.25586891221,11.97
12-21-2024 18:24:10,63.2696826871485,1163.60419718427,11.96
12-21-2024 18:34:10,61.8326753770251,1166.52082766688,11.95
12-21-2024 18:44:10,63.1671537514544,1162.01947106152,11.94
12-21-2024 18:54:10,60.4880594630697,1163.99692103584,11.93
12-21-2024 19:04:10,62.7779899017753,1165.41079889641,11.92
12-21-2024 19:14:10,62.8700818169108,1165.13477306076,11.91
12-21-2024 19:24:10,62.28994147745,1164.11355973628,11.89
12-21-2024 19:34:10,62.6686394343577,1166.18395261281,11.88
12-21-2024 19:44:10,63.1428219187416,1169.56783674975,11.87
12-21-2024 19:54:10,64.0910303442265,1168.07711643927,11.85
12-21-2024 20:04:10,63.224431612365,1170.33943894463,11.83
12-21-2024 20:14:10,62.7434537930036,1172.03318940526,11.82
12-21-2024 20:24:10,63.98495287871,1174.19076611058,11.82
12-21-2024 20:34:10,62.3545934372616,1173.9192254164,11.8
12-21-2024 20:44:10,62.6341710674961,1175.42957335861,11.78
12-21-2024 20:54:10,63.4864977019006,1177.6895849256,11.76
12-21-2024 21:04:10,63.1046240315132,1172.72003492551,11.76
12-21-2024 21:14:10,63.0022260076364,1180.69891982309,11.74
12-21-2024 21:24:10,63.2851197841148,1186.51546126248,11.73
12-21-2024 21:34:10,62.3305930905384,1185.85925456035,11.73
12-21-2024 21:44:10,62.6135082409977,1190.64386171278,11.72
12-21-2024 21:54:10,64.9961200973999,1188.49175219611,11.71
12-21-2024 22:04:10,63.3701190719393,1187.37091620555,11.7
12-21-2024 22:14:10,64.0381775561314,1186.71485839408,11.7
12-21-2024 22:24:10,63.4655559982524,1185.21529768216,11.7
12-21-2024 22:34:10,62.7020605877471,1186.62113584959,11.7
12-21-2024 22:44:10,62.034002103555,1188.49558673948,11.7
12-21-2024 22:54:10,63.7518667771919,1187.37091620555,11.7
12-21-2024 23:04:10,63.3666353776439,1187.93712796323,11.69
12-21-2024 23:14:10,63.0838082929998,1194.58755213165,11.7
12-21-2024 23:24:10,63.6564298508787,1195.6185001211,11.7
12-21-2024 23:34:10,62.7020605877471,1197.21178337751,11.7
12-21-2024 23:44:10,63.1792452193129,1200.67951752382,11.7
12-21-2024 23:54:10,63.9427406298182,1200.30462734584,11.7
12-22-2024 00:04:10,63.7483620967863,1202.93160102051,11.69
12-22-2024 00:14:10,64.3209521755,1206.86765019805,11.69
12-22-2024 00:24:10,64.8899750077089,1205.46446901898,11.68
12-22-2024 00:34:10,63.9321962687627,1207.80955140454,11.67
12-22-2024 00:44:10,62.3100360649284,1207.05994113214,11.67
12-22-2024 00:54:10,63.3561865925205,1207.4371473889,11.66
12-22-2024 01:04:10,63.451602536184,1209.87319657274,11.66
12-22-2024 01:14:10,64.3032772079235,1208.84714903963,11.64
12-22-2024 01:24:10,62.6813844593557,1211.37650993734,11.64
12-22-2024 01:34:10,63.7273421036353,1212.59636092096,11.63
12-22-2024 01:44:10,65.5363445535888,1213.53502988242,11.62
12-22-2024 01:54:10,64.8614511482481,1212.69604246558,11.6
12-22-2024 02:04:10,63.9040949667283,1212.3234661778,11.59
12-22-2024 02:14:10,63.0422179865822,1214.47916033115,11.58
12-22-2024 02:24:10,63.7981998189742,1216.54260955888,11.56
12-22-2024 02:34:10,62.8411123994503,1219.44642711664,11.55
12-22-2024 02:44:10,64.3597742653419,1218.98139906033,11.53
12-22-2024 02:54:10,63.9713556984437,1220.85621292909,11.51
12-22-2024 03:04:10,64.2538389370632,1218.05016788457,11.5
12-22-2024 03:14:10,62.725080616925,1216.46100762815,11.49
12-22-2024 03:24:10,63.6748527170856,1215.994889654,11.48
12-22-2024 03:34:10,63.8584830018278,1218.52431587469,11.46
12-22-2024 03:44:10,64.1373736664068,1215.62773915745,11.44
12-22-2024 03:54:10,63.4633006825429,1216.28596743079,11.42
12-22-2024 04:04:10,63.7456722602223,1216.8488006315,11.41
12-22-2024 04:14:10,64.7866951894996,1218.53523212545,11.39
12-22-2024 04:24:10,64.3067930646348,1218.8172794364,11.38
12-22-2024 04:34:10,65.0618064336184,1220.50303227103,11.36
12-22-2024 04:44:10,64.6772218519263,1216.48501250384,11.35
12-22-2024 04:54:10,63.8129361021618,1217.32958667619,11.33
12-22-2024 05:04:10,63.9928895328676,1220.60492735301,11.3
12-22-2024 05:14:10,63.7954353594324,1222.19596811864,11.28
12-22-2024 05:24:10,64.5536311252653,1217.61973159014,11.27
12-22-2024 05:34:10,63.8801409229138,1218.18341147901,11.25
12-22-2024 05:44:10,66.9192459431598,1220.24117054207,11.23
12-22-2024 05:54:10,65.678161974757,1222.2970363096,11.22
12-22-2024 06:04:10,64.3420335783169,1219.68376753576,11.21
12-22-2024 06:14:10,63.3798031771914,1219.03468874987,11.18
12-22-2024 06:24:10,64.0424464531035,1220.06303912147,11.17
12-22-2024 06:34:10,63.5596798777501,1218.94590906806,11.15
12-22-2024 06:44:10,63.1756202696727,1218.57412477694,11.14
12-22-2024 06:54:10,63.3624355107566,1218.20239648199,11.13
12-22-2024 07:04:10,65.0678016795452,1215.96620886272,11.11
12-22-2024 07:14:10,62.9715268694733,1216.24785500408,11.1
12-22-2024 07:24:10,65.2544825263727,1217.74064157052,11.1
12-22-2024 07:34:10,64.9655532141572,1213.35752610036,11.09
12-22-2024 07:44:10,63.4401900888413,1214.75874757829,11.08
12-22-2024 07:54:10,64.2010919189923,1211.68033883385,11.08
12-22-2024 08:04:10,64.4864301052989,1213.07961553586,11.08
12-22-2024 08:14:10,63.4401900888413,1212.51990485506,11.08
12-22-2024 08:24:10,63.1513918354884,1210.28323833703,11.07
12-22-2024 08:34:10,64.1059791902234,1209.72135145102,11.08
12-22-2024 08:44:10,62.869513716228,1211.68033883385,11.08
12-22-2024 08:54:10,63.2534302890403,1207.57341364317,11.09
12-22-2024 09:04:10,64.0178815455522,1205.79834903903,11.1
12-22-2024 09:14:10,63.4506194740594,1205.14269134982,11.11
12-22-2024 09:24:10,63.6478518869312,1204.20436067133,11.13
12-22-2024 09:34:10,62.8970827837805,1202.14294527372,11.16
12-22-2024 09:44:10,62.5267470712591,1199.5204234728,11.19
12-22-2024 09:54:10,61.2077882524207,1198.5745586053,11.23
12-22-2024 10:04:10,61.8876994563752,1193.42428042536,11.27
12-22-2024 10:14:10,64.6630292975709,1193.13013447309,11.31
12-22-2024 10:24:10,64.5819682114964,1193.11623633003,11.35
12-22-2024 10:34:10,63.0717532580129,1189.08168715004,11.39
12-22-2024 10:44:10,63.4667845198712,1192.1530993968,11.43
12-22-2024 10:54:10,62.9088252832847,1192.23245338862,11.47
12-22-2024 11:04:10,63.3005178845845,1188.66573697524,11.5
12-22-2024 11:14:10,62.9330136840312,1186.02941044126,11.54
12-22-2024 11:24:10,63.4237140107068,1183.39149022861,11.58
12-22-2024 11:34:10,61.6217644962664,1183.00420281342,11.61
12-22-2024 11:44:10,62.6813844593557,1182.42937966353,11.64
12-22-2024 11:54:10,62.1226084264978,1180.06950080504,11.68
12-22-2024 12:04:10,60.8954546612142,1181.73887298166,11.72
12-22-2024 12:14:10,63.4795155986033,1179.38640712835,11.74
12-22-2024 12:24:10,61.771463302586,1178.99774158517,11.77
12-22-2024 12:34:10,63.1150370530406,1182.74008554473,11.79
12-22-2024 12:44:10,63.2105212240739,1183.49037661477,11.79
12-22-2024 12:54:10,62.1670342146652,1184.51375038723,11.81
12-22-2024 13:04:10,63.0299535820128,1183.29011134608,11.82
12-22-2024 13:14:10,61.7031380065131,1180.93168828859,11.85
12-22-2024 13:24:10,62.0920336568564,1178.67062742332,11.87
12-22-2024 13:34:10,61.9112018355109,1174.71456445203,11.9
12-22-2024 13:44:10,62.7849016863927,1173.09884223033,11.94
12-22-2024 13:54:10,61.2660114024264,1166.60372700068,11.97
12-22-2024 14:04:10,62.327673220869,1164.9903130377,12
12-22-2024 14:14:10,63.2940754904371,1165.63113423421,12.03
12-22-2024 14:24:10,61.5866565061007,1164.38700545599,12.07
12-22-2024 14:34:10,61.4055418797376,1159.48162007883,12.1
12-22-2024 14:44:10,61.0364047582746,1156.91846714723,12.14
12-22-2024 14:54:10,60.9508134288161,1157.93435884903,12.17
12-22-2024 15:04:10,61.729896766555,1150.94735743321,12.21
12-22-2024 15:14:10,60.6905226437539,1148.09712842741,12.25
12-22-2024 15:24:10,61.4665020947748,1144.59335542749,12.28
12-22-2024 15:34:10,61.3809158409392,1141.84124061335,12.31
12-22-2024 15:44:10,61.5826229805109,1138.99369242689,12.34
12-22-2024 15:54:10,61.493634391967,1140.01458003216,12.36
12-22-2024 16:04:10,61.2130360635368,1139.34005119821,12.38
12-22-2024 16:14:10,60.0734405942535,1136.30195965937,12.41
12-22-2024 16:24:10,61.6200189389437,1134.38551086033,12.45
12-22-2024 16:34:10,60.7675942561382,1129.83621094097,12.48
12-22-2024 16:44:10,60.3908712839724,1129.72527561785,12.5
12-22-2024 16:54:10,60.4967516391487,1133.66149441746,12.53
12-22-2024 17:04:10,61.4588900232007,1129.31466008673,12.54
12-22-2024 17:14:10,60.3149961979454,1128.16589714514,12.56
12-22-2024 17:24:10,60.0339576161805,1125.79022777476,12.58
12-22-2024 17:34:10,60.8146033246041,1124.52875001431,12.62
12-22-2024 17:44:10,61.0165621420541,1122.6145287911,12.65
12-22-2024 17:54:10,61.8868444654779,1122.31351891957,12.67
12-22-2024 18:04:10,58.8294957786905,1120.57789604768,12.71
12-22-2024 18:14:10,61.0435509274816,1120.84318832584,12.73
12-22-2024 18:24:10,60.5736961340634,1118.73755871506,12.76
12-22-2024 18:34:10,62.0205007164383,1121.83750343924,12.78
12-22-2024 18:44:10,61.5506780924812,1124.45709937808,12.81
12-22-2024 18:54:10,61.1733540252911,1125.38489895987,12.83
12-22-2024 19:04:10,60.3157257078123,1131.51294928756,12.85
12-22-2024 19:14:10,62.0513865762566,1130.83460088179,12.87
12-22-2024 19:24:10,61.5745197712165,1135.08182478488,12.88
12-22-2024 19:34:10,60.3290769148722,1135.1684529582,12.89
12-22-2024 19:44:10,62.8302545043248,1134.40386584162,12.9
12-22-2024 19:54:10,60.4351755599128,1133.44191372904,12.92
12-22-2024 20:04:10,61.2999078016286,1135.42841683272,12.92
12-22-2024 20:14:10,60.7234196404848,1133.15812757137,12.92
12-22-2024 20:24:10,62.3637061790277,1138.53469697858,12.94
12-22-2024 20:34:10,62.0719942451268,1139.29920221949,12.93
12-22-2024 20:44:10,62.4597981762219,1139.19696579019,12.94
12-22-2024 20:54:10,62.7515477262263,1141.9332253702,12.95
12-22-2024 21:04:10,59.8686282288499,1141.36552304588,12.95
12-22-2024 21:14:10,61.3100879775381,1142.21707653236,12.95
12-22-2024 21:24:10,61.7974164257542,1144.37879010492,12.97
12-22-2024 21:34:10,60.4519050261266,1145.60899967007,12.97
12-22-2024 21:44:10,60.6508366062768,1144.64824489204,12.99
12-22-2024 21:54:10,61.8076820651202,1145.68220846066,13
12-22-2024 22:04:10,60.8498122502528,1144.44447991164,13.01
12-22-2024 22:14:10,63.4523292944564,1145.37675127285,13.03
12-22-2024 22:24:10,60.2863903598698,1146.49868628767,13.05
12-22-2024 22:34:10,60.9661977357543,1144.21162653453,13.07
12-22-2024 22:44:10,61.8384994570634,1148.36471217174,13.09
12-22-2024 22:54:10,60.7873443642572,1149.86654978404,13.11
12-22-2024 23:04:10,61.7594350160418,1151.74114941857,13.14
12-22-2024 23:14:10,60.7113445980277,1150.4889927898,13.17
12-22-2024 23:24:10,61.102975796516,1151.42332990008,13.19
12-22-2024 23:34:10,62.0721088040606,1156.33977391985,13.21
12-22-2024 23:44:10,62.5636929726861,1156.32075359913,13.24
12-22-2024 23:54:10,61.5117439716327,1155.92870236869,13.26
12-23-2024 00:04:10,62.9626644817338,1158.57192503881,13.28
12-23-2024 00:14:10,61.9105263542941,1162.92362767813,13.3
12-23-2024 00:24:10,60.0844654503619,1163.20242180668,13.31
12-23-2024 00:34:10,60.9578307049947,1161.76739819488,13.33
12-23-2024 00:44:10,61.4461474731493,1165.07728068012,13.35
12-23-2024 00:54:10,62.6053477333498,1168.20377204274,13.36
12-23-2024 01:04:10,62.5090318137601,1173.70879469292,13.36
12-23-2024 01:14:10,62.2304422757728,1171.41528054609,13.39
12-23-2024 01:24:10,60.7854629659638,1176.54182444344,13.39
12-23-2024 01:34:10,62.0412211825332,1178.05611673588,13.4
12-23-2024 01:44:10,62.0446643794106,1179.57064108744,13.41
12-23-2024 01:54:10,63.107935889462,1184.12404787481,13.42
12-23-2024 02:04:10,62.337151939667,1184.59883698783,13.42
12-23-2024 02:14:10,61.4700199961477,1184.12404787481,13.42
12-23-2024 02:24:10,63.107935889462,1184.0290900522,13.42
12-23-2024 02:34:10,62.1479052613373,1182.88528148036,13.43
12-23-2024 02:44:10,61.858845236866,1187.91843176283,13.43
12-23-2024 02:54:10,62.8223786517704,1188.77311765985,13.43
12-23-2024 03:04:10,61.3770785294138,1185.92416466977,13.43
12-23-2024 03:14:10,60.7026051389806,1186.68388546713,13.43
12-23-2024 03:24:10,59.7390717240762,1186.01912976944,13.43
12-23-2024 03:34:10,61.5663679898721,1185.64337303648,13.42
12-23-2024 03:44:10,62.0481079584939,1186.87782473033,13.42
12-23-2024 03:54:10,62.52637761217,1183.55856404692,13.41
12-23-2024 04:04:10,61.5629511466512,1187.07173427313,13.41
12-23-2024 04:14:10,61.8519790863068,1186.40708044655,13.41
12-23-2024 04:24:10,62.0446643794106,1183.1787618603,13.41
12-23-2024 04:34:10,62.1375584825061,1186.31618138417,13.4
12-23-2024 04:44:10,61.8485465825875,1186.22123811235,13.4
12-23-2024 04:54:10,62.3233157609268,1186.98878356897,13.38
12-23-2024 05:04:10,62.5090318137601,1184.43409744242,13.36
12-23-2024 05:14:10,61.3498368971725,1187.66512629774,13.35
12-23-2024 05:24:10,62.1134293913453,1188.14747960452,13.33
12-23-2024 05:34:10,62.2028280143169,1188.53480733869,13.31
12-23-2024 05:44:10,61.4257000638143,1185.98125348256,13.29
12-23-2024 05:54:10,61.6080064817605,1189.97681560716,13.26
12-23-2024 06:04:10,61.1199154425472,1189.32055860589,13.24
12-23-2024 06:14:10,62.2680324122686,1187.71637729815,13.22
12-23-2024 06:24:10,61.680326748924,1184.41051346847,13.19
12-23-2024 06:34:10,60.3198002141003,1184.71155538239,13.15
12-23-2024 06:44:10,60.5021490429047,1183.49243055808,13.12
12-23-2024 06:54:10,61.4538120576416,1184.92597733986,13.09
12-23-2024 07:04:10,61.2478957882569,1188.25669096663,13.05
12-23-2024 07:14:10,62.6797388386271,1182.87230832435,13.02
12-23-2024 07:24:10,62.092615606426,1183.7370265309,12.99
12-23-2024 07:34:10,62.2745084864764,1182.99273581719,12.96
12-23-2024 07:44:10,62.1715221846393,1182.05521888403,12.94
12-23-2024 07:54:10,61.4886672460311,1179.98736303542,12.91
12-23-2024 08:04:10,62.730712142375,1179.05066258685,12.89
12-23-2024 08:14:10,60.9981592117355,1179.81178422196,12.88
12-23-2024 08:24:10,61.5677059785041,1177.92980418868,12.86
12-23-2024 08:34:10,62.720299538164,1176.98428339547,12.86
12-23-2024 08:44:10,62.047953295029,1173.67496061921,12.86
12-23-2024 08:54:10,62.912398464774,1172.63488774667,12.86
12-23-2024 09:04:10,62.2434961322202,1174.14275768452,12.87
12-23-2024 09:14:10,61.9621888695741,1171.95763301325,12.89
12-23-2024 09:24:10,60.5245570913221,1171.10127287402,12.9
12-23-2024 09:34:10,60.7200589054558,1172.13654530941,12.91
12-23-2024 09:44:10,60.5346073907584,1167.30157404188,12.93
12-23-2024 09:54:10,60.3524557554124,1164.63562569492,12.96
12-23-2024 10:04:10,61.1348146087347,1157.98712312523,13
12-23-2024 10:14:10,61.3372516513079,1157.02176205204,13.03
12-23-2024 10:24:10,60.9628207607041,1152.07870161547,13.06
12-23-2024 10:34:10,61.7525909150157,1148.43862017492,13.12
12-23-2024 10:44:10,61.2852348349804,1150.68531448402,13.16
12-23-2024 10:54:10,61.8796371488542,1146.00600042167,13.21
12-23-2024 11:04:10,59.7790187893332,1147.39296367382,13.26
12-23-2024 11:14:10,60.4662683522499,1141.19826377388,13.3
12-23-2024 11:24:10,60.1941099854519,1139.83204146043,13.35
12-23-2024 11:34:10,60.8784166320027,1138.0055612144,13.38
12-23-2024 11:44:10,60.6028880526284,1143.29218415499,13.42
12-23-2024 11:54:10,60.8124599888245,1140.6905827885,13.47
12-23-2024 12:04:10,61.6969587922129,1136.75655730762,13.52
12-23-2024 12:14:10,60.6500144852916,1137.01030503283,13.56
12-23-2024 12:24:10,60.4672445706951,1134.32449708429,13.59
12-23-2024 12:34:10,60.4806843541634,1133.62652571878,13.63
12-23-2024 12:44:10,58.8506675422688,1131.22389346666,13.66
12-23-2024 12:54:10,60.790333011348,1131.19902164955,13.69
12-23-2024 13:04:10,60.1315969142552,1130.5863956873,13.74
12-23-2024 13:14:10,60.2415141319683,1133.21918842924,13.78
12-23-2024 13:24:10,60.641167368199,1130.61486233792,13.82
12-23-2024 13:34:10,59.5922406144851,1129.72395761098,13.86
12-23-2024 13:44:10,59.7987165321994,1128.35596279389,13.9
12-23-2024 13:54:10,59.9053230605345,1127.37707936586,13.93
12-23-2024 14:04:10,59.0455889454432,1122.29759137577,13.96
12-23-2024 14:14:10,59.728702330807,1124.94987700654,13.98
12-23-2024 14:24:10,59.5453510604987,1127.59438947869,14.01
12-23-2024 14:34:10,58.2919580851679,1125.58247337941,14.02
12-23-2024 14:44:10,60.2287103229939,1128.24503242104,14.03
12-23-2024 14:54:10,58.971931455901,1131.10714564382,14.03
12-23-2024 15:04:10,59.4586192032406,1130.43094586983,14.04
12-23-2024 15:14:10,59.6519805665032,1131.57587930589,14.04
12-23-2024 15:24:10,59.8453419297658,1131.09882370754,14.04
12-23-2024 15:34:10,59.7486612481345,1129.38142355345,14.04
12-23-2024 15:44:10,59.265257839978,1133.96115729769,14.04
12-23-2024 15:54:10,60.5221067011848,1134.9152684944,14.04
12-23-2024 16:04:10,59.4586192032406,1131.95752378458,14.04
12-23-2024 16:14:10,59.8453419297658,1131.28964594688,14.04
12-23-2024 16:24:10,60.1353839746596,1131.09882370754,14.04
12-23-2024 16:34:10,60.0387032930283,1129.57224579279,14.04
12-23-2024 16:44:10,60.1353839746596,1131.28964594688,14.04
12-23-2024 16:54:10,59.6519805665032,1131.57587930589,14.04
12-23-2024 17:04:10,60.4220609179313,1132.7290098034,14.03
12-23-2024 17:14:10,59.3586326457757,1134.16006641479,14.03
12-23-2024 17:24:10,59.0718964767155,1134.2473906567,14.04
12-23-2024 17:34:10,60.4254260195535,1133.67492393867,14.04
12-23-2024 17:44:10,58.6819055634949,1139.21646644171,14.03
12-23-2024 17:54:10,60.0353597280566,1138.83485134533,14.03
12-23-2024 18:04:10,61.0021127027435,1138.93025511943,14.03
12-23-2024 18:14:10,61.5787351579634,1138.65178424075,14.02
12-23-2024 18:24:10,61.0953855884346,1137.31623422573,14.02
12-23-2024 18:34:10,59.4519970520369,1140.55971283365,14.02
12-23-2024 18:44:10,60.3253856204626,1139.97969663445,14.03
12-23-2024 18:54:10,61.3853953301519,1145.61572360483,14.02
12-23-2024 19:04:10,60.5153661050001,1146.28349861234,14.02
12-23-2024 19:14:10,60.2253563632829,1146.56968790128,14.02
12-23-2024 19:24:10,60.0320165354714,1141.22748784117,14.02
12-23-2024 19:34:10,62.8354440387382,1143.32620929335,14.02
12-23-2024 19:44:10,61.7686352721732,1144.19209049969,14.01
12-23-2024 19:54:10,61.3819771484037,1145.33675953562,14.01
12-23-2024 20:04:10,61.5718776444671,1143.34096701613,14
12-23-2024 20:14:10,60.311950491855,1145.92345305706,13.99
12-23-2024 20:24:10,59.9253354245995,1149.83380358351,13.99
12-23-2024 20:34:10,60.8918730927382,1146.59107387865,13.99
12-23-2024 20:44:10,60.0186474877527,1146.78893446962,13.98
12-23-2024 20:54:10,61.4649512324036,1148.03572157657,13.97
12-23-2024 21:04:10,59.9153275714809,1150.52189783687,13.96
12-23-2024 21:14:10,61.2682543230949,1150.61725022357,13.96
12-23-2024 21:24:10,60.8783148207004,1156.34476827322,13.95
12-23-2024 21:34:10,60.4917858377118,1159.77719007878,13.95
12-23-2024 21:44:10,60.6850503292061,1159.96788017908,13.95
12-23-2024 21:54:10,61.3580605309353,1161.49937873661,13.94
12-23-2024 22:04:10,61.4546873979131,1159.87863758595,13.94
12-23-2024 22:14:10,61.1648067969796,1165.02687418217,13.94
12-23-2024 22:24:10,61.2614336639574,1164.74086103793,13.94
12-23-2024 22:34:10,60.0052843932454,1164.74086103793,13.94
12-23-2024 22:44:10,62.2277023337359,1168.17301876875,13.94
12-23-2024 22:54:10,62.5175829346695,1171.12848792584,13.94
12-23-2024 23:04:10,61.6445098590662,1171.99169742296,13.93
12-23-2024 23:14:10,60.2951649941789,1174.27463251242,13.94
12-23-2024 23:24:10,61.0613823007933,1176.95366515216,13.92
12-23-2024 23:34:10,61.9274806620103,1175.62403234667,13.91
12-23-2024 23:44:10,61.3478162564377,1179.43666095814,13.91
12-23-2024 23:54:10,63.5663254898017,1185.25506827475,13.9
12-24-2024 00:04:10,62.3035214714394,1183.64337038716,13.88
12-24-2024 00:14:10,62.0033873611575,1185.65688911385,13.85
12-24-2024 00:24:10,60.2616220127962,1186.04206236567,13.84
12-24-2024 00:34:10,60.9308544734611,1188.0504783438,13.82
12-24-2024 00:44:10,61.3102831650874,1189.391630952,13.8
12-24-2024 00:54:10,60.8207594601603,1189.78016632412,13.78
12-24-2024 01:04:10,61.9689113350567,1189.41075995756,13.75
12-24-2024 01:14:10,61.7724270066185,1190.46168767074,13.74
12-24-2024 01:24:10,62.3446107436726,1191.70646920822,13.72
12-24-2024 01:34:10,62.6236922608966,1190.57555172268,13.69
12-24-2024 01:44:10,61.8448762402939,1193.8177797034,13.67
12-24-2024 01:54:10,63.0921273400346,1191.92223633781,13.65
12-24-2024 02:04:10,63.7567959548298,1195.16664123356,13.62
12-24-2024 02:14:10,62.1067073421494,1195.27185690248,13.59
12-24-2024 02:24:10,61.6210891094195,1196.98656557917,13.58
12-24-2024 02:34:10,60.9358985640685,1196.80617263789,13.55
12-24-2024 02:44:10,62.0860125722169,1195.38710506019,13.53
12-24-2024 02:54:10,62.3648427356609,1200.81309734964,13.5
12-24-2024 03:04:10,61.2943336812875,1200.15696393653,13.47
12-24-2024 03:14:10,62.3475331060275,1200.06796803833,13.45
12-24-2024 03:24:10,63.4898040776888,1201.69411845791,13.41
12-24-2024 03:34:10,62.7121020457091,1198.09229601196,13.39
12-24-2024 03:44:10,62.0308938845008,1197.90874950109,13.37
12-24-2024 03:54:10,62.116875256989,1198.20293303457,13.34
12-24-2024 04:04:10,62.5914566514644,1200.01202722981,13.32
12-24-2024 04:14:10,61.9105263542941,1199.92315572466,13.3
12-24-2024 04:24:10,61.5185666725198,1199.54974324879,13.28
12-24-2024 04:34:10,62.3781065627825,1199.84033587679,13.26
12-24-2024 04:44:10,62.3746477406131,1199.93818169113,13.25
12-24-2024 04:54:10,61.9827452515312,1200.03900862838,13.23
12-24-2024 05:04:10,61.9793089234946,1198.05094144962,13.22
12-24-2024 05:14:10,61.395054453117,1199.00521607414,13.2
12-24-2024 05:24:10,62.831545847396,1198.53744613066,13.18
12-24-2024 05:34:10,61.6700714744466,1198.8279713575,13.16
12-24-2024 05:44:10,61.8624897941796,1200.15473749181,13.16
12-24-2024 05:54:10,62.3400806040462,1198.16772566429,13.15
12-24-2024 06:04:10,62.6286920883242,1200.63153149056,13.15
12-24-2024 06:14:10,63.1989102706687,1195.14208627583,13.13
12-24-2024 06:24:10,61.8487787513319,1198.74557507616,13.12
12-24-2024 06:34:10,60.7873443642572,1197.8013392214,13.11
12-24-2024 06:44:10,62.3262644747447,1197.13820972326,13.11
12-24-2024 06:54:10,62.2266342211566,1197.6150520756,13.1
12-24-2024 07:04:10,61.5499839074971,1195.15555412265,13.09
12-24-2024 07:14:10,62.1270150066298,1196.1027371581,13.09
12-24-2024 07:24:10,62.7005724848419,1195.72718618319,13.08
12-24-2024 07:34:10,61.5431649067551,1193.74172756727,13.07
12-24-2024 07:44:10,62.7932604439236,1194.4993581758,13.07
12-24-2024 07:54:10,61.3508425164215,1190.80590895921,13.07
12-24-2024 08:04:10,61.347444235535,1192.23005534595,13.06
12-24-2024 08:14:10,61.9278096874224,1190.52179748102,13.07
12-24-2024 08:24:10,61.5431649067551,1190.14298217675,13.07
12-24-2024 08:34:10,60.1007469792531,1187.11245974262,13.07
12-24-2024 08:44:10,61.7389072626818,1186.06665762948,13.08
12-24-2024 08:54:10,61.3542411738177,1185.40368017971,13.08
12-24-2024 09:04:10,61.3576402077861,1181.8002733229,13.09
12-24-2024 09:14:10,61.8419255088156,1183.97457374776,13.1
12-24-2024 09:24:10,61.2682568987846,1181.88623126592,13.11
12-24-2024 09:34:10,61.36443940569,1182.07569683681,13.11
12-24-2024 09:44:10,61.5636264432694,1179.50878643157,13.13
12-24-2024 09:54:10,60.6050530531251,1178.65143213637,13.14
12-24-2024 10:04:10,60.999988074722,1175.60470109273,13.17
12-24-2024 10:14:10,61.9621329970362,1175.41514857724,13.17
12-24-2024 10:24:10,62.83502865374,1173.6043671271,13.19
12-24-2024 10:34:10,60.8176714958776,1178.14965412472,13.2
12-24-2024 10:44:10,61.4946938384414,1174.25796833412,13.21
12-24-2024 10:54:10,60.5390477689644,1177.47190337763,13.23
12-24-2024 11:04:10,61.3090197596667,1177.09262429778,13.23
12-24-2024 11:14:10,61.0236636072046,1173.48444528368,13.24
12-24-2024 11:24:10,61.9896190508562,1173.95358817312,13.25
12-24-2024 11:34:10,61.027047326464,1177.46245664088,13.25
12-24-2024 11:44:10,60.6420186367072,1175.94510811428,13.25
12-24-2024 11:54:10,61.2161672778898,1177.4671803707,13.24
12-24-2024 12:04:10,59.7723897477509,1174.33788851661,13.24
12-24-2024 12:14:10,60.8311599365195,1177.27752631894,13.24
12-24-2024 12:24:10,60.0611452537787,1177.56200739658,13.24
12-24-2024 12:34:10,61.5049227839176,1176.61373713777,13.24
12-24-2024 12:44:10,61.9896190508562,1174.23809102186,13.25
12-24-2024 12:54:10,61.0304314209939,1175.46605982586,13.26
12-24-2024 13:04:10,60.4528563602274,1174.61248595637,13.26
12-24-2024 13:14:10,60.5524766488154,1171.95177659408,13.27
12-24-2024 13:24:10,61.136864483577,1171.56202851621,13.29
12-24-2024 13:34:10,60.6588360858558,1170.03892153323,13.3
12-24-2024 13:44:10,61.0507438723515,1166.13804180077,13.32
12-24-2024 13:54:10,60.0977994094751,1161.94535250625,13.35
12-24-2024 14:04:10,60.5860749275637,1160.50969662443,13.37
12-24-2024 14:14:10,60.9781268739383,1158.3141128084,13.39
12-24-2024 14:24:10,61.277324008699,1156.68123714218,13.42
12-24-2024 14:34:10,59.5496703274277,1157.23842409897,13.44
12-24-2024 14:44:10,61.6764085447553,1158.65066433249,13.46
12-24-2024 14:54:10,58.7951187402287,1153.12162952366,13.49
12-24-2024 15:04:10,60.5401408148589,1153.19685862966,13.52
12-24-2024 15:14:10,60.643277650906,1149.28681305625,13.54
12-24-2024 15:24:10,60.7430634420304,1153.93748993916,13.55
12-24-2024 15:34:10,60.7531864459065,1151.06563538261,13.58
12-24-2024 15:44:10,60.1846146070245,1151.90121333489,13.61
12-24-2024 15:54:10,59.905250542352,1150.54945806191,13.64
12-24-2024 16:04:10,60.7734425791977,1148.36174001169,13.64
12-24-2024 16:14:10,59.2431585123184,1151.09311792972,13.68
12-24-2024 16:24:10,61.3761117353206,1147.07570905753,13.71
12-24-2024 16:34:10,60.228116331453,1147.62562822312,13.74
12-24-2024 16:44:10,59.7521637296002,1151.80061663721,13.76
12-24-2024 16:54:10,60.1483182562761,1148.9236349011,13.79
12-24-2024 17:04:10,59.9618954024387,1149.8621837193,13.81
12-24-2024 17:14:10,60.5513413493961,1151.08001924212,13.84
12-24-2024 17:24:10,60.561448684931,1144.96136394858,13.87
12-24-2024 17:34:10,60.0885326058612,1147.13171451873,13.9
12-24-2024 17:44:10,59.6121406322618,1154.93404122326,13.92
12-24-2024 17:54:10,59.7154037923118,1154.06303698651,13.94
12-24-2024 18:04:10,59.3388051205909,1156.9041759421,13.97
12-24-2024 18:14:10,61.0817797298868,1160.14032331168,13.98
12-24-2024 18:24:10,60.7986044558395,1160.12815398492,14
12-24-2024 18:34:10,60.4186961910944,1161.26073806658,14.02
12-24-2024 18:54:10,60.5254775624171,1165.72740378625,14.05
12-24-2024 19:04:10,61.1055939607789,1167.92202851303,14.05
12-24-2024 19:14:10,60.0487362228855,1170.67861293463,14.07
12-24-2024 19:24:10,60.5355923994272,1171.05509821716,14.08
12-24-2024 19:34:10,60.4422571516348,1173.14970305842,14.09
12-24-2024 19:44:10,60.6390505016944,1173.52643669106,14.1
12-24-2024 19:54:10,60.3522738425886,1175.71701720576,14.11
12-24-2024 20:04:10,59.6785701200627,1176.85776607874,14.12
12-24-2024 20:14:10,60.2622704776337,1175.51628143533,14.13
12-24-2024 20:24:10,60.5592068381676,1176.46138773928,14.15
12-24-2024 20:34:10,60.7560725102515,1176.26555465987,14.16
12-24-2024 20:44:10,60.2757050138902,1180.6540137253,14.17
12-24-2024 20:54:10,61.1532781734091,1179.97633904147,14.19
12-24-2024 21:04:10,60.8629936251176,1181.9822892657,14.19
12-24-2024 21:14:10,59.9020563245643,1177.48326818657,14.21
12-24-2024 21:24:10,59.7085117160843,1181.59132340215,14.21
12-24-2024 21:34:10,60.4860620084825,1181.10916465294,14.22
12-24-2024 21:44:10,59.4248202002623,1187.69769821444,14.23
12-24-2024 21:54:10,60.5895953443994,1187.98040213991,14.24
12-24-2024 22:04:10,60.3960183624684,1188.45819348568,14.24
12-24-2024 22:14:10,61.0769431664974,1191.70351265687,14.25
12-24-2024 22:24:10,62.6256453704022,1193.61482542777,14.25
12-24-2024 22:34:10,61.4641187174736,1191.89464393396,14.25
12-24-2024 22:44:10,61.7510572359853,1194.8605975191,14.24
12-24-2024 22:54:10,60.9733497168815,1198.59050091729,14.23
12-24-2024 23:04:10,61.2636990012476,1196.48838109744,14.23
12-24-2024 23:14:10,61.260283602191,1200.21787140998,14.22
12-24-2024 23:24:10,60.9665516712044,1197.16371875423,14.21
12-24-2024 23:34:10,60.6728524871766,1202.51657164569,14.2
12-24-2024 23:44:10,61.4435627217006,1199.1761483305,14.19
12-24-2024 23:54:10,61.0497108567652,1203.95765224244,14.17
12-25-2024 00:04:10,60.8528178486437,1204.7243624287,14.16
12-25-2024 00:14:10,62.8774615692559,1205.78000514425,14.14
12-25-2024 00:24:10,62.1001246334524,1205.20971576983,14.13
12-25-2024 00:34:10,61.7996064921575,1206.64939695881,14.1
12-25-2024 00:44:10,62.1795302121912,1206.27264762564,14.08
12-25-2024 00:54:10,61.2989660935662,1210.57408298569,14.05
12-25-2024 01:04:10,61.3888138926182,1211.24631588174,14.03
12-25-2024 01:14:10,60.025331267212,1210.298951403,14
12-25-2024 01:24:10,61.468373272481,1214.0227139957,13.98
12-25-2024 01:34:10,62.3347382781451,1214.31073000715,13.97
12-25-2024 01:44:10,61.1682115579418,1214.9819741182,13.95
12-25-2024 01:54:10,61.3580605309353,1217.74863043608,13.94
12-25-2024 02:04:10,61.0613823007933,1217.75192940138,13.92
12-25-2024 02:14:10,61.0545861847335,1220.99571242103,13.9
12-25-2024 02:24:10,59.6954670842629,1217.66323056172,13.88
12-25-2024 02:34:10,60.6580379172834,1220.23761873547,13.87
12-25-2024 02:44:10,62.675949817796,1215.95509108719,13.84
12-25-2024 02:54:10,61.3239262469961,1221.28989875726,13.84
12-25-2024 03:04:10,60.5412373870033,1224.53227003057,13.81
12-25-2024 03:14:10,60.4379570279756,1223.96315618598,13.79
12-25-2024 03:24:10,62.5550165893256,1221.58516673292,13.77
12-25-2024 03:34:10,60.3313446381262,1223.30022509271,13.76
12-25-2024 03:44:10,62.7376211785969,1221.87479793232,13.74
12-25-2024 03:54:10,61.2830152046936,1222.06781124778,13.72
12-25-2024 04:04:10,61.9516876954067,1219.40590518743,13.7
12-25-2024 04:14:10,59.8220818854029,1223.02454437665,13.68
12-25-2024 04:24:10,61.7483943740844,1219.60074258988,13.67
12-25-2024 04:34:10,61.2625801464601,1221.50490220435,13.66
12-25-2024 04:44:10,60.676976797326,1221.41249925372,13.64
12-25-2024 04:54:10,61.2489643438985,1222.55647115918,13.62
12-25-2024 05:04:10,61.2455613388791,1220.6558222048,13.61
12-25-2024 05:14:10,61.2455613388791,1221.32149614959,13.61
12-25-2024 05:24:10,61.1457143675537,1222.65411314827,13.6
12-25-2024 05:34:10,60.7565615303635,1217.23572604133,13.59
12-25-2024 05:44:10,60.942668281602,1219.42563804938,13.57
12-25-2024 05:54:10,61.2285519843564,1219.71233374101,13.56
12-25-2024 06:04:10,58.8147122216484,1220.18909047356,13.55
12-25-2024 06:14:10,61.8897617884386,1219.05309456129,13.52
12-25-2024 06:24:10,59.7656099000178,1217.72431184037,13.51
12-25-2024 06:34:10,60.1445149080373,1219.72278815397,13.49
12-25-2024 06:44:10,61.0052094658097,1217.63590024842,13.47
12-25-2024 06:54:10,61.7659201939825,1220.30008299119,13.44
12-25-2024 07:04:10,62.2373496725143,1220.20947505551,13.41
12-25-2024 07:14:10,60.5927990579893,1220.40225556528,13.39
12-25-2024 07:24:10,60.4863975023749,1218.88794609789,13.36
12-25-2024 07:34:10,60.8649072285535,1217.46756121499,13.34
12-25-2024 07:44:10,60.8547791099819,1216.80840617216,13.31
12-25-2024 07:54:10,61.8108141707975,1213.49161690521,13.29
12-25-2024 08:04:10,59.7790187893332,1214.35109165809,13.26
12-25-2024 08:14:10,61.0236636072046,1212.26869886922,13.24
12-25-2024 08:24:10,62.0789917503689,1211.41738102372,13.23
12-25-2024 08:34:10,60.343209153775,1212.08319369199,13.22
12-25-2024 08:44:10,59.9549205967903,1204.88006778284,13.21
12-25-2024 08:54:10,60.6285713900127,1204.69045725994,13.21
12-25-2024 09:04:10,60.2436280795999,1203.17357307672,13.21
12-25-2024 09:14:10,61.0168972942478,1204.78263002535,13.22
12-25-2024 09:24:10,61.6940057550178,1202.31468310745,13.23
12-25-2024 09:34:10,60.4428012701267,1201.84058425765,13.23
12-25-2024 09:44:10,60.4495042918287,1200.12785025696,13.25
12-25-2024 09:54:10,60.6487444972236,1197.37125507637,13.27
12-25-2024 10:04:10,58.0559516277117,1192.52682271071,13.29
12-25-2024 10:14:10,58.8392331133519,1185.20581585021,13.33
12-25-2024 10:24:10,59.4269223868875,1182.82055632081,13.36
12-25-2024 10:34:10,60.0214688018211,1180.33024546067,13.41
12-25-2024 10:44:10,60.7127146612435,1177.26810409386,13.46
12-25-2024 10:54:10,58.7951187402287,1175.44869411442,13.49
12-25-2024 11:04:10,58.9977168450536,1175.24396791702,13.52
12-25-2024 11:14:10,59.8753053928585,1176.75009270567,13.55
12-25-2024 11:34:10,59.2135377454654,1177.30141851615,13.59
12-25-2024 11:44:10,59.1236678751699,1176.62624557027,13.61
12-25-2024 11:54:10,60.2844137243096,1178.14310110618,13.62
12-25-2024 12:04:10,58.9405927236346,1179.8458562996,13.64
12-25-2024 12:14:10,59.3297527738857,1179.08029684016,13.65
12-25-2024 12:24:10,60.1082026485228,1180.40302779567,13.67
12-25-2024 12:34:10,59.3396457411658,1175.83143919454,13.68
12-25-2024 12:44:10,59.5392387976105,1172.01522774219,13.7
12-25-2024 12:54:10,60.51430996537,1174.18897841308,13.73
12-25-2024 13:04:10,59.6523165187929,1171.98942419062,13.75
12-25-2024 13:14:10,58.2109182150669,1170.07483351371,13.77
12-25-2024 13:24:10,60.7242185721283,1169.87908150925,13.78
12-25-2024 13:34:10,59.6689055055496,1169.7731926482,13.8
12-25-2024 13:44:10,60.3481233921485,1166.91058352761,13.81
12-25-2024 13:54:10,59.1927318418885,1166.14302945267,13.82
12-25-2024 14:04:10,58.2335866565963,1166.4175912936,13.84
12-25-2024 14:14:10,59.1993177785962,1168.60867301524,13.84
12-25-2024 14:24:10,60.0684757883962,1167.46549994308,13.84
12-25-2024 14:34:10,59.5822955871065,1171.09078335368,13.83
12-25-2024 14:44:10,59.0961694734678,1169.57202145302,13.82
12-25-2024 14:54:10,60.251566394721,1171.76794883612,13.81
12-25-2024 15:04:10,58.706654435882,1171.57746392206,13.81
12-25-2024 15:14:10,58.8997684307369,1168.52970529712,13.81
12-25-2024 15:24:10,58.4169834435997,1167.10106844167,13.81
12-25-2024 15:34:10,58.1273124513174,1168.8154326682,13.81
12-25-2024 15:44:10,60.1550093972936,1167.76776564088,13.81
12-25-2024 15:54:10,58.7033892352333,1166.43996283931,13.8
12-25-2024 16:04:10,59.1828556839442,1165.68373102564,13.79
12-25-2024 16:14:10,59.7588096918083,1164.16585141886,13.78
12-25-2024 16:24:10,59.2761052516483,1162.73754389626,13.78
12-25-2024 16:34:10,58.6968599234563,1159.30960584203,13.78
12-25-2024 16:44:10,58.0210737072323,1159.78570834956,13.78
12-25-2024 16:54:10,60.2415141319683,1162.64232339476,13.78
12-25-2024 17:04:10,59.2761052516483,1161.7853388812,13.78
12-25-2024 17:14:10,58.6003190354243,1159.78570834956,13.78
12-25-2024 17:24:10,58.9864825875523,1160.64269286312,13.78
12-25-2024 17:34:10,57.8312080826796,1160.92234008117,13.79
12-25-2024 17:44:10,59.3759481984106,1159.39869497894,13.79
12-25-2024 17:54:10,58.6968599234563,1157.97651882093,13.78
12-25-2024 18:04:10,58.7901313316347,1165.21896106605,13.77
12-25-2024 18:14:10,59.9452240324422,1161.41640951871,13.76
12-25-2024 18:24:10,59.8486938810212,1163.79655627156,13.76
12-25-2024 18:34:10,59.7455192454638,1159.81010735489,13.74
12-25-2024 18:44:10,59.9352256594813,1160.95841194102,13.73
12-25-2024 18:54:10,60.1282537614442,1163.52837809027,13.73
12-25-2024 19:04:10,60.1182265330816,1162.78451346069,13.7
12-25-2024 19:14:10,59.0600320471953,1165.34821682647,13.71
12-25-2024 19:24:10,60.5939797161823,1166.98273197289,13.68
12-25-2024 19:34:10,59.9152389161038,1170.50845901266,13.67
12-25-2024 19:44:10,61.4521179137646,1165.2871025649,13.65
12-25-2024 19:54:10,60.3842239325459,1170.62465630898,13.63
12-25-2024 20:04:10,61.242158711982,1170.35517379289,13.6
12-25-2024 20:14:10,61.142317476588,1169.50472038028,13.59
12-25-2024 20:24:10,60.749811736407,1171.13155337416,13.57
12-25-2024 20:34:10,59.6857853201837,1171.89725277524,13.56
12-25-2024 20:44:10,61.5144039301831,1169.05083927197,13.55
12-25-2024 20:54:10,59.5794344248913,1170.48716695193,13.53
12-25-2024 21:04:10,60.7329438110846,1171.82286475174,13.52
12-25-2024 21:14:10,60.4437393167461,1175.3389985605,13.52
12-25-2024 21:24:10,60.1511944800179,1180.95027292642,13.51
12-25-2024 21:34:10,61.3079482200183,1181.99552984645,13.51
12-25-2024 21:44:10,60.440382915018,1181.99552984645,13.51
12-25-2024 21:54:10,59.6692137550178,1181.61543642099,13.51
12-25-2024 22:04:10,60.1478545085817,1183.14010826063,13.5
12-25-2024 22:14:10,61.9792795657341,1186.46567072361,13.5
12-25-2024 22:24:10,59.7622913386549,1190.17129746808,13.5
12-25-2024 22:34:10,61.011983873057,1188.93994165437,13.49
12-25-2024 22:44:10,61.0085964813755,1191.1288287045,13.48
12-25-2024 22:54:10,59.8520354106385,1192.93385723739,13.48
12-25-2024 23:04:10,61.2909309913506,1194.74570060453,13.46
12-25-2024 23:14:10,60.1311602135412,1197.40853763824,13.45
12-25-2024 23:24:10,59.6493400195225,1197.69347660968,13.45
12-25-2024 23:34:10,59.8321041028334,1199.79208860451,13.42
12-25-2024 23:44:10,60.888552620788,1201.21936572464,13.41
12-25-2024 23:54:10,61.0812379138918,1197.32639331181,13.41
12-26-2024 00:04:10,60.0148073340657,1198.09229601196,13.39
12-26-2024 00:14:10,60.0114771546482,1200.37373386354,13.38
12-26-2024 00:24:10,61.6421885374521,1198.86105335325,13.36
12-26-2024 00:34:10,60.094465364901,1199.6264277277,13.34
12-26-2024 00:44:10,61.442738626293,1204.75100862299,13.34
12-26-2024 00:54:10,61.3396275184352,1204.28185732591,13.32
12-26-2024 01:04:10,61.1402554198706,1205.04616730034,13.3
12-26-2024 01:14:10,61.0372007361151,1204.67197052504,13.28
12-26-2024 01:24:10,61.2229564412495,1204.29788830634,13.26
12-26-2024 01:34:10,61.027047326464,1202.7832101785,13.25
12-26-2024 01:44:10,60.2503082724511,1203.92661919679,13.23
12-26-2024 01:54:10,60.5323355624095,1204.78526252139,13.21
12-26-2024 02:04:10,61.8727770663933,1205.83322463644,13.19
12-26-2024 02:14:10,60.5189156135649,1203.46892087032,13.17
12-26-2024 02:24:10,61.3780423231196,1203.47438436701,13.15
12-26-2024 02:34:10,60.7940811127285,1201.67964802889,13.13
12-26-2024 02:44:10,61.4606219125955,1204.14843584651,13.11
12-26-2024 02:54:10,60.4887424738736,1203.77762664462,13.08
12-26-2024 03:04:10,61.732067710366,1203.78303920236,13.06
12-26-2024 03:14:10,61.7218112227894,1205.49530285644,13.03
12-26-2024 03:24:10,60.3691660239475,1204.3645258822,13.01
12-26-2024 03:34:10,61.4197854063564,1208.81820603284,12.99
12-26-2024 03:44:10,61.6052005115217,1206.36242588749,12.97
12-26-2024 03:54:10,61.1178933443797,1205.51588569407,12.95
12-26-2024 04:04:10,61.2999078016286,1207.51010088058,12.92
12-26-2024 04:14:10,60.6239828628838,1208.45840081287,12.91
12-26-2024 04:24:10,60.3257385590077,1208.37087037417,12.88
12-26-2024 04:34:10,61.4682554984074,1207.90520054293,12.85
12-26-2024 04:44:10,60.120311157911,1210.36556635583,12.84
12-26-2024 04:54:10,60.9779136532695,1210.2754407432,12.82
12-26-2024 05:04:10,61.1598204669493,1206.31298886624,12.79
12-26-2024 05:14:10,60.7724101447452,1211.32369917348,12.78
12-26-2024 05:24:10,60.2857070874672,1210.28866878979,12.76
12-26-2024 05:34:10,60.7589690054076,1206.41998646323,12.74
12-26-2024 05:44:10,60.7522506650922,1211.24199261293,12.72
12-26-2024 05:54:10,61.0334273355229,1208.31871217539,12.7
12-26-2024 06:04:10,60.9307262398849,1207.47361545434,12.68
12-26-2024 06:14:10,60.4442746762356,1207.57285636892,12.66
12-26-2024 06:24:10,61.9725171120526,1206.25616263662,12.64
12-26-2024 06:34:10,61.5785774201969,1206.45243150513,12.61
12-26-2024 06:44:10,60.9997062666323,1209.66333036083,12.6
12-26-2024 06:54:10,59.2667504900951,1206.17685818577,12.58
12-26-2024 07:04:10,61.0821185661228,1208.82329676543,12.56
12-26-2024 07:14:10,62.417687059444,1208.1676673391,12.54
12-26-2024 07:24:10,60.4008772308458,1207.13256797413,12.53
12-26-2024 07:34:10,61.352844425373,1208.36335046443,12.51
12-26-2024 07:44:10,60.8701639132103,1206.47983486607,12.5
12-26-2024 07:54:10,61.3460690336581,1206.29375201435,12.49
12-26-2024 08:04:10,60.6717463156711,1202.80794218833,12.48
12-26-2024 08:14:10,61.2434524895809,1202.43362388789,12.47
12-26-2024 08:24:10,60.7642392463135,1202.43362388789,12.47
12-26-2024 08:34:10,62.2018789761158,1202.15080923704,12.47
12-26-2024 08:44:10,61.0517671922739,1201.58517993533,12.47
12-26-2024 08:54:10,60.7642392463135,1200.83100753305,12.47
12-26-2024 09:04:10,60.8634421966053,1196.11415288786,12.48
12-26-2024 09:14:10,61.250215800793,1194.50801502812,12.49
12-26-2024 09:24:10,58.665417818716,1190.63859905072,12.5
12-26-2024 09:34:10,62.4073464389341,1193.84111260182,12.51
12-26-2024 09:44:10,60.7810180010963,1188.83936784478,12.52
12-26-2024 09:54:10,60.979491505079,1187.79416307294,12.54
12-26-2024 10:04:10,60.8869747020068,1185.33769768571,12.55
12-26-2024 10:14:10,61.4690751763239,1182.78222785345,12.57
12-26-2024 10:24:10,61.6642727591119,1183.53273694323,12.58
12-26-2024 10:34:10,60.4242373395886,1181.63696253829,12.6
12-26-2024 10:44:10,59.8553824519763,1178.60805960375,12.62
12-26-2024 10:54:10,60.7253921546893,1178.31564897042,12.64
12-26-2024 11:04:10,59.8719239479972,1174.71395662466,12.67
12-26-2024 11:14:10,59.1108694770832,1172.15453087944,12.69
12-26-2024 11:24:10,60.2657112684094,1170.73287024918,12.7
12-26-2024 11:34:10,60.652922238389,1171.29431662734,12.71
12-26-2024 11:44:10,59.9910831412002,1170.14520181035,12.74
12-26-2024 11:54:10,59.2297472499479,1163.71003383949,12.76
12-26-2024 12:04:10,59.7130310680951,1169.94043321756,12.77
12-26-2024 12:14:10,59.1435626493576,1167.09482275739,12.79
12-26-2024 12:24:10,60.3023804088583,1163.01963586175,12.81
12-26-2024 12:34:10,59.8255751275384,1160.55622160614,12.82
12-26-2024 12:44:10,60.0209517516592,1164.52050149405,12.83
12-26-2024 12:54:10,59.736155815049,1162.34043883035,12.84
12-26-2024 13:04:10,59.0671517680009,1162.80729973995,12.85
12-26-2024 13:14:10,59.7427661757091,1161.76139862469,12.86
12-26-2024 13:24:10,58.4973597909292,1162.89020165936,12.87
12-26-2024 13:34:10,59.2690775332926,1162.12784677009,12.88
12-26-2024 13:44:10,59.5605536420713,1159.00103232548,12.89
12-26-2024 13:54:10,58.2188596783193,1159.75155935885,12.9
12-26-2024 14:04:10,59.4710703520208,1159.08337848786,12.91
12-26-2024 14:14:10,59.1861178774345,1154.72587555419,12.92
12-26-2024 14:24:10,59.1861178774345,1151.60422781984,12.92
12-26-2024 14:34:10,60.2463473555643,1154.43561942078,12.93
12-26-2024 14:44:10,58.1356583024834,1154.61836811755,12.94
12-26-2024 14:54:10,59.3848542660079,1150.17170609678,12.94
12-26-2024 15:04:10,58.9076550630578,1148.93488737015,12.95
12-26-2024 15:14:10,58.0427792138449,1146.28560985666,12.95
12-26-2024 15:24:10,59.1992241167739,1148.92799538412,12.96
12-26-2024 15:34:10,59.106393626499,1144.47342160993,12.97
12-26-2024 15:44:10,59.7824590829906,1145.31793643241,12.98
12-26-2024 15:54:10,59.5935320061674,1143.98572316935,12.99
12-26-2024 16:04:10,59.3117443260758,1139.71145890291,13.01
12-26-2024 16:14:10,58.5427103639873,1139.61679848273,13.01
12-26-2024 16:24:10,58.1646351865851,1136.19328748764,13.03
12-26-2024 16:34:10,59.3215992342886,1136.28009986791,13.04
12-26-2024 16:44:10,59.901788188515,1137.88195516344,13.05
12-26-2024 16:54:10,58.9435475178416,1133.707563352,13.06
12-26-2024 17:04:10,58.7544902469178,1132.1842406241,13.07
12-26-2024 17:14:10,58.4692455073373,1134.16499441931,13.08
12-26-2024 17:24:10,59.5303750605323,1131.22069923022,13.09
12-26-2024 17:34:10,57.9916254628449,1131.4101358373,13.09
12-26-2024 17:44:10,58.8571721115441,1131.12598092667,13.09
12-26-2024 17:54:10,58.2801410124113,1132.45203717629,13.09
12-26-2024 18:04:10,59.3347442072814,1133.69143909804,13.08
12-26-2024 18:14:10,59.2352962227518,1134.17302097149,13.07
12-26-2024 18:24:10,58.0749278745795,1138.45009128152,13.05
12-26-2024 18:34:10,59.0331635816097,1138.07906011268,13.04
12-26-2024 18:44:10,59.126034115289,1140.16963263176,13.03
12-26-2024 18:54:10,59.3117443260758,1138.00757133977,13.01
12-26-2024 19:04:10,59.1162122395784,1140.47628302565,13
12-26-2024 19:14:10,59.7824590829906,1139.3556963072,12.98
12-26-2024 19:24:10,59.1031214802207,1140.41181027585,12.96
12-26-2024 19:34:10,58.5232657967409,1143.25786412695,12.95
12-26-2024 19:44:10,59.0933072147879,1139.01539439697,12.93
12-26-2024 19:54:10,58.0331415551468,1141.29333075787,12.92
12-26-2024 20:04:10,58.6031425804864,1140.07872259921,12.9
12-26-2024 20:14:10,58.9808972535521,1139.81015030677,12.88
12-26-2024 20:24:10,58.4013050129474,1140.66876749202,12.87
12-26-2024 20:34:10,59.0671517680009,1140.96743582906,12.85
12-26-2024 20:44:10,60.0242723221955,1142.01484351937,12.84
12-26-2024 20:54:10,59.5407841376459,1140.8878912681,12.83
12-26-2024 21:04:10,60.6931864112778,1139.56446509544,12.83
12-26-2024 21:14:10,60.9779136532695,1142.9749007706,12.82
12-26-2024 21:24:10,58.5707284301738,1141.09940076939,12.8
12-26-2024 21:34:10,59.5309043060783,1141.66645364372,12.8
12-26-2024 21:44:10,60.1996976966675,1142.33540222601,12.79
12-26-2024 21:54:10,60.1003613753721,1144.32717037139,12.78
12-26-2024 22:04:10,59.6203265401055,1144.51615916914,12.78
12-26-2024 22:14:10,60.388382276532,1145.55559755676,12.78
12-26-2024 22:24:10,58.1737874124285,1145.66435579586,12.76
12-26-2024 22:34:10,59.2297472499479,1144.24715594951,12.76
12-26-2024 22:44:10,58.8457618544863,1144.71955589829,12.76
12-26-2024 22:54:10,58.5545347978117,1149.45039755867,12.75
12-26-2024 23:04:10,59.2264720823767,1152.94589067198,12.75
12-26-2024 23:14:10,60.2823735295504,1152.5679995246,12.75
12-26-2024 23:24:10,59.3191830100187,1152.29120623901,12.74
12-26-2024 23:34:10,60.947570501495,1152.9590389942,12.73
12-26-2024 23:44:10,59.8917858156423,1152.9590389942,12.73
12-26-2024 23:54:10,58.2568975572054,1155.4213424543,12.72
12-27-2024 00:04:10,59.8851637290423,1152.97218330806,12.71
12-27-2024 00:14:10,59.4020306929067,1155.62298404769,12.7
12-27-2024 00:24:10,60.0704615140489,1154.87391546407,12.69
12-27-2024 00:34:10,59.0149102733867,1157.32908486735,12.69
12-27-2024 00:44:10,58.627832649716,1159.1293480855,12.68
12-27-2024 00:54:10,59.4881295637152,1161.3069977884,12.67
12-27-2024 01:04:10,59.289678307845,1162.92367811786,12.65
12-27-2024 01:14:10,60.1464721834803,1164.06793370426,12.63
12-27-2024 01:24:10,59.7594603647135,1163.88489678359,12.62
12-27-2024 01:34:10,58.4100960949357,1162.19779832467,12.6
12-27-2024 01:44:10,60.2257593977018,1164.09653287672,12.58
12-27-2024 01:54:10,58.9757897557554,1161.93235369251,12.57
12-27-2024 02:04:10,59.0651597109231,1161.56680003994,12.55
12-27-2024 02:14:10,60.9761236806634,1160.25821167417,12.53
12-27-2024 02:24:10,59.4388504111667,1161.49021532415,12.52
12-27-2024 02:34:10,59.4290043763562,1163.39366938448,12.49
12-27-2024 02:44:10,61.4385298394079,1165.56784678432,12.48
12-27-2024 02:54:10,59.5149989604175,1166.33316284927,12.46
12-27-2024 03:04:10,59.9875622255082,1167.28674616172,12.44
12-27-2024 03:14:10,59.1153314938666,1167.96274898233,12.41
12-27-2024 03:24:10,60.3575420572612,1167.30861522285,12.4
12-27-2024 03:34:10,61.500421209375,1165.62381788288,12.38
12-27-2024 03:44:10,59.9610827560301,1168.27239825984,12.36
12-27-2024 03:54:10,61.1003824756817,1167.53519659417,12.33
12-27-2024 04:04:10,58.7954482470151,1167.1694581218,12.31
12-27-2024 04:14:10,59.8421848933856,1167.08625869955,12.29
12-27-2024 04:24:10,59.7398474118163,1163.99097786939,12.27
12-27-2024 04:34:10,58.7759951155598,1166.54347953584,12.25
12-27-2024 04:44:10,60.3009667217564,1166.64861257569,12.23
12-27-2024 04:54:10,60.1029072393745,1169.3881063956,12.21
12-27-2024 05:04:10,61.0532280062595,1166.38842703734,12.19
12-27-2024 05:14:10,59.805899896938,1165.17112099122,12.18
12-27-2024 05:24:10,61.0431329447888,1166.87525224543,12.16
12-27-2024 05:34:10,59.3143745299847,1165.85183741294,12.14
12-27-2024 05:44:10,58.0674859267276,1162.66043875609,12.13
12-27-2024 05:54:10,58.0642861743573,1165.29883921356,12.12
12-27-2024 06:04:10,59.1132646238987,1165.96254378396,12.11
12-27-2024 06:14:10,60.4457388281446,1168.1356491474,12.09
12-27-2024 06:24:10,59.7729516994272,1165.50924368686,12.08
12-27-2024 06:34:10,60.722628278527,1165.42644120441,12.06
12-27-2024 06:44:10,59.4762115614722,1167.4054322841,12.05
12-27-2024 06:54:10,61.1940173651782,1166.75312641987,12.04
12-27-2024 07:04:10,57.939893877953,1168.8256738573,12.03
12-27-2024 07:14:10,61.2761327217439,1168.3719975458,12
12-27-2024 07:24:10,59.3642409051529,1173.06878158481,12
12-27-2024 07:34:10,60.405802193968,1169.13941373623,11.97
12-27-2024 07:44:10,60.1157559066713,1170.55333047388,11.96
12-27-2024 07:54:10,60.3035829411172,1170.65243166087,11.95
12-27-2024 08:04:10,59.6313221496332,1169.06144426203,11.94
12-27-2024 08:14:10,58.7647850678718,1167.66388888945,11.92
12-27-2024 08:24:10,59.5259285287772,1169.1712535024,11.91
12-27-2024 08:34:10,61.4334919448048,1168.14404751143,11.9
12-27-2024 08:44:10,59.7137363382628,1167.01767317875,11.9
12-27-2024 08:54:10,59.7104500358991,1165.05213391974,11.89
12-27-2024 09:04:10,61.6245759010872,1162.41831132033,11.9
12-27-2024 09:14:10,58.6627745787094,1159.50851096092,11.9
12-27-2024 09:24:10,59.3348340551696,1161.00442098094,11.91
12-27-2024 09:34:10,59.4336525401891,1160.52910391151,11.92
12-27-2024 09:44:10,61.0614059982646,1158.73931274596,11.93
12-27-2024 09:54:10,59.825741554896,1156.47351795422,11.95
12-27-2024 10:04:10,60.2146445920883,1154.86443655832,11.97
12-27-2024 10:14:10,59.5521506919272,1149.87343911789,11.99
12-27-2024 10:24:10,59.0774571326642,1147.89401913568,12
12-27-2024 10:34:10,58.7047769654507,1144.39684144549,12.03
12-27-2024 10:44:10,59.288235484546,1140.33420188487,12.06
12-27-2024 10:54:10,59.6806028936111,1139.46570684515,12.09
12-27-2024 11:04:10,59.5024320369433,1141.31600530703,12.13
12-27-2024 11:14:10,58.4598028671881,1133.8637898824,12.16
12-27-2024 11:24:10,58.3737759934456,1132.71094846008,12.19
12-27-2024 11:34:10,59.1491155480805,1131.65167441984,12.22
12-27-2024 11:44:10,57.5315522222336,1129.93311942778,12.25
12-27-2024 11:54:10,59.7431422229586,1128.59032307099,12.28
12-27-2024 12:04:10,58.5974674476031,1125.66349885218,12.29
12-27-2024 12:14:10,59.1817450536171,1126.2967670662,12.32
12-27-2024 12:24:10,57.177023202745,1124.11350362224,12.34
12-27-2024 12:34:10,58.3327466428472,1124.56697273436,12.36
12-27-2024 12:44:10,57.7644143134784,1125.02057974277,12.38
12-27-2024 12:54:10,58.7288464779382,1121.70546970926,12.4
12-27-2024 13:04:10,58.262680244583,1120.63297633128,12.44
12-27-2024 13:14:10,57.7867362677808,1118.26752811358,12.45
12-27-2024 13:24:10,57.6046122207241,1116.63718978512,12.48
12-27-2024 13:34:10,58.5727936623483,1114.25170509503,12.51
12-27-2024 13:44:10,58.0998914315755,1112.346394772,12.53
12-27-2024 13:54:10,57.8186547170238,1107.32764866565,12.55
12-27-2024 14:04:10,57.6364353471637,1107.86363179109,12.58
12-27-2024 14:14:10,58.7937420462981,1107.18307630264,12.6
12-27-2024 14:24:10,58.0328627939834,1104.99224550294,12.62
12-27-2024 14:34:10,59.7660652644098,1101.76241727011,12.64
12-27-2024 14:44:10,58.2343604091617,1100.71353899296,12.65
12-27-2024 14:54:10,57.569157642305,1095.97167726242,12.67
12-27-2024 15:04:10,57.4795630142416,1094.62783549138,12.69
12-27-2024 15:14:10,57.1980089463288,1093.9446919444,12.71
12-27-2024 15:24:10,58.5512971458114,1091.45536947742,12.74
12-27-2024 15:34:10,57.5018129703708,1090.29908179814,12.76
12-27-2024 15:44:10,58.7595135412449,1087.80797609395,12.79
12-27-2024 15:54:10,57.808982707509,1087.20619489443,12.82
12-27-2024 16:04:10,58.0074567721698,1082.36158472295,12.84
12-27-2024 16:14:10,57.2486476771655,1084.21686877754,12.87
12-27-2024 16:24:10,57.4534734580104,1082.84531719675,12.91
12-27-2024 16:34:10,57.658389947528,1081.94601310036,12.95
12-27-2024 16:44:10,56.6107209001309,1081.72070843021,12.98
12-27-2024 16:54:10,58.5491947580666,1081.37652942954,13.03
12-27-2024 17:04:10,57.6967171000829,1079.62361715723,13.07
12-27-2024 17:14:10,57.9018691570931,1078.15383119889,13.11
12-27-2024 17:24:10,57.818500683691,1080.47361657895,13.15
12-27-2024 17:34:10,58.1199958757412,1078.24486520239,13.19
12-27-2024 17:44:10,58.6141177922088,1081.04019732713,13.23
12-27-2024 17:54:10,57.5681733481583,1082.88875310575,13.27
12-27-2024 18:04:10,58.0623920938593,1081.5125943046,13.31
12-27-2024 18:14:10,57.7863455860338,1082.88789284459,13.35
12-27-2024 18:24:10,57.6065084843841,1083.88429029862,13.39
12-27-2024 18:34:10,58.2905362032435,1084.22841849515,13.42
12-27-2024 18:44:10,57.0475109718212,1088.27691157762,13.45
12-27-2024 18:54:10,56.9637953696314,1086.52047089335,13.49
12-27-2024 19:04:10,59.1905198412793,1086.58037755019,13.52
12-27-2024 19:14:10,58.2362068555339,1088.63641452003,13.55
12-27-2024 19:24:10,59.5992936916899,1091.15741228326,13.59
12-27-2024 19:34:10,57.9662714404194,1089.32786252383,13.61
12-27-2024 19:44:10,56.914811304328,1092.62248881921,13.64
12-27-2024 19:54:10,59.2365735589394,1095.26370242046,13.66
12-27-2024 20:04:10,59.0534663538809,1095.13539200578,13.69
12-27-2024 20:14:10,58.481012125164,1098.25385236239,13.71
12-27-2024 20:24:10,58.7737893852889,1097.7671444651,13.72
12-27-2024 20:34:10,58.1111511554432,1096.96203545164,13.76
12-27-2024 20:44:10,58.0210737072323,1097.7019413673,13.78
12-27-2024 20:54:10,58.5135404410271,1100.52659097793,13.81
12-27-2024 21:04:10,59.0028891470374,1101.3625863946,13.83
12-27-2024 21:14:10,58.0436694767222,1101.05557794205,13.85
12-27-2024 21:24:10,58.8293891054299,1104.9204272753,13.89
12-27-2024 21:34:10,59.4189084097909,1103.55491872249,13.92
12-27-2024 21:44:10,58.7524054142632,1103.52361048765,13.95
12-27-2024 21:54:10,56.5393056044047,1101.20347828031,13.98
12-27-2024 22:04:10,58.5787057510751,1105.46412145068,14.01
12-27-2024 22:14:10,57.8182677033953,1106.85421002869,14.05
12-27-2024 22:24:10,58.2114963062433,1107.59729206157,14.07
12-27-2024 22:34:10,59.0883505914382,1108.43605090045,14.09
12-27-2024 22:44:10,60.1588370674521,1111.0888570362,14.11
12-27-2024 22:54:10,58.234202868757,1118.88898481789,14.14
12-27-2024 23:04:10,58.1439483736643,1117.43795202364,14.16
12-27-2024 23:14:10,57.2796247731922,1119.80703492715,14.18
12-27-2024 23:24:10,58.7375142898185,1123.13213638691,14.2
12-27-2024 23:34:10,59.8052840203243,1124.93837589426,14.21
12-27-2024 23:44:10,60.0055187689945,1127.97838515056,14.23
12-27-2024 23:54:10,58.4602485431585,1129.30762487849,14.24
12-28-2024 00:04:10,59.2378592993604,1133.59960442148,14.25
12-28-2024 00:14:10,58.1731265341758,1129.29915068695,14.25
12-28-2024 00:24:10,58.657095972896,1130.15924143385,14.25
12-28-2024 00:34:10,58.9507646408067,1133.11359555111,14.26
12-28-2024 00:44:10,58.3699689300598,1135.98078582326,14.26
12-28-2024 00:54:10,59.9220988431514,1136.06840541428,14.27
12-28-2024 01:04:10,58.4667682151843,1138.27453804097,14.26
12-28-2024 01:14:10,58.0795710746864,1141.42844734033,14.26
12-28-2024 01:24:10,58.1731265341758,1139.33354273418,14.25
12-28-2024 01:34:10,58.9474776361282,1142.86947136035,14.25
12-28-2024 01:44:10,57.4891583044883,1144.98644551115,14.23
12-28-2024 01:54:10,59.8086181139874,1145.37588301726,14.22
12-28-2024 02:04:10,58.1633972273567,1148.62436316596,14.22
12-28-2024 02:14:10,58.7375142898185,1149.5936148065,14.2
12-28-2024 02:24:10,57.2796247731922,1150.46705353954,14.18
12-28-2024 02:34:10,60.3690911566831,1148.95273915019,14.16
12-28-2024 02:44:10,59.0113676857544,1151.8244528337,14.15
12-28-2024 02:54:10,57.9472282684703,1152.20642081674,14.15
12-28-2024 03:04:10,58.424416321815,1152.50625675811,14.13
12-28-2024 03:14:10,59.4818083544743,1150.8967488984,14.11
12-28-2024 03:24:10,58.8015035167946,1150.61718463267,14.1
12-28-2024 03:34:10,59.7619746051853,1151.20347145031,14.08
12-28-2024 03:44:10,58.1180367924213,1150.6308283705,14.08
12-28-2024 03:54:10,58.9817855710663,1149.02222906391,14.06
12-28-2024 04:04:10,57.5282095042143,1150.07877529964,14.05
12-28-2024 04:14:10,59.3652447656935,1148.93375370306,14.05
12-28-2024 04:24:10,58.6819055634949,1145.13150043546,14.03
12-28-2024 04:34:10,58.7753076546966,1143.99398430087,14.02
12-28-2024 04:44:10,57.7055117013294,1143.05482178371,14
12-28-2024 04:54:10,58.0921482956432,1144.1994027134,14
12-28-2024 05:04:10,58.4722733173758,1142.02058131175,13.98
12-28-2024 05:14:10,58.8555900951789,1146.5099659868,13.97
12-28-2024 05:24:10,57.6926621938292,1144.41934508853,13.96
12-28-2024 05:34:10,59.6220956259875,1143.09180630175,13.95
12-28-2024 05:44:10,58.8424866836541,1142.72527062055,13.93
12-28-2024 05:54:10,60.1918372996744,1141.7794606943,13.92
12-28-2024 06:04:10,59.1257693684093,1143.0260577186,13.91
12-28-2024 06:14:10,58.6394522375526,1141.6991366085,13.9
12-28-2024 06:24:10,58.9227102288031,1140.76119369654,13.88
12-28-2024 06:34:10,58.9194317349408,1144.77079115165,13.87
12-28-2024 06:44:10,59.6888244728554,1143.63470213415,13.86
12-28-2024 06:54:10,58.9128758415983,1142.4035160598,13.85
12-28-2024 07:04:10,57.3644286467963,1142.31569235557,13.84
12-28-2024 07:14:10,59.8686684208334,1142.52108456136,13.82
12-28-2024 07:24:10,58.8032114333095,1141.76657487178,13.81
12-28-2024 07:34:10,58.7033892352333,1140.6312406047,13.8
12-28-2024 07:44:10,58.4104856260787,1138.16289136659,13.79
12-28-2024 07:54:10,59.4724944556438,1137.49629663437,13.79
12-28-2024 08:04:10,58.2141554832963,1141.12249005428,13.78
12-28-2024 08:14:10,58.3106963713283,1137.69455200004,13.78
12-28-2024 08:24:10,58.3106963713283,1136.36146497895,13.78
12-28-2024 08:34:10,58.2141554832963,1135.40925996389,13.78
12-28-2024 08:44:10,59.0830234755843,1135.79014196991,13.78
12-28-2024 08:54:10,58.3139393688455,1135.68696807547,13.79
12-28-2024 09:04:10,58.9864825875523,1136.64712648347,13.78
12-28-2024 09:14:10,58.5070318833119,1131.49694404433,13.79
12-28-2024 09:24:10,58.3171827271068,1128.25067274308,13.8
12-28-2024 09:34:10,58.2271081576815,1128.51936722659,13.82
12-28-2024 09:44:10,56.9749666067955,1128.60611690047,13.83
12-28-2024 09:54:10,58.3334049316809,1125.63568862035,13.85
12-28-2024 10:04:10,57.7603609467125,1121.61619632479,13.87
12-28-2024 10:14:10,57.4801879429058,1121.11252558025,13.9
12-28-2024 10:24:10,58.1661362620029,1117.36738941715,13.93
12-28-2024 10:34:10,58.0792126942903,1115.0508099871,13.96
12-28-2024 10:44:10,56.8355793641234,1113.58186284419,14
12-28-2024 10:54:10,57.5250055706149,1111.92118865353,14.04
12-28-2024 11:04:10,58.1147994685253,1109.12422267272,14.07
12-28-2024 11:14:10,55.9999464020173,1109.84784362083,14.11
12-28-2024 11:24:10,57.0733881936323,1106.66695118957,14.14
12-28-2024 11:34:10,56.7926787209527,1107.87789671683,14.17
12-28-2024 11:44:10,57.4795444615357,1107.65647030758,14.2
12-28-2024 11:54:10,57.0052428305448,1105.04616893403,14.23
12-28-2024 12:04:10,57.595574649064,1105.49299592946,14.26
12-28-2024 12:14:10,58.1861040076495,1101.63824900637,14.29
12-28-2024 12:24:10,56.6465340003302,1102.08449399211,14.32
12-28-2024 12:34:10,57.1370666498067,1100.24632379137,14.34
12-28-2024 12:44:10,58.0151219400495,1097.45111830625,14.36
12-28-2024 12:54:10,57.1561979046274,1101.52142547819,14.4
12-28-2024 13:04:10,56.9688063865842,1102.64845662157,14.42
12-28-2024 13:14:10,58.3317176856531,1101.1917773615,14.44
12-28-2024 13:24:10,57.957071622002,1100.47898371038,14.48
12-28-2024 13:34:10,59.0330590616631,1097.57409764843,14.51
12-28-2024 13:44:10,56.3283314516582,1101.37245368403,14.54
12-28-2024 13:54:10,57.1103157870726,1099.53104723627,14.56
12-28-2024 14:04:10,57.3106409348886,1098.16811864554,14.58
12-28-2024 14:14:10,58.2868760884816,1098.05048419206,14.6
12-28-2024 14:24:10,57.9054135305425,1098.22033066911,14.62
12-28-2024 14:34:10,57.9086491036418,1099.5512783741,14.63
12-28-2024 14:44:10,58.684644401513,1100.41389705484,14.63
12-28-2024 14:54:10,57.4236520424723,1098.40112013313,14.63
12-28-2024 15:04:10,56.3629572788517,1094.06557687005,14.65
12-28-2024 15:14:10,57.4332796176783,1096.54693723232,14.66
12-28-2024 15:24:10,57.6305317211997,1092.98848205386,14.67
12-28-2024 15:34:10,56.8575406753035,1087.32003697276,14.68
12-28-2024 15:44:10,56.9577507053196,1086.15759259909,14.69
12-28-2024 15:54:10,56.8638972040778,1081.06313220141,14.7
12-28-2024 16:04:10,56.6729904178548,1078.55734155961,14.71
12-28-2024 16:14:10,58.2256750868371,1079.03687087739,14.71
12-28-2024 16:24:10,57.2552471687231,1079.9000236494,14.71
12-28-2024 16:34:10,57.7372335092599,1081.54262440943,14.7
12-28-2024 16:44:10,56.3787103678655,1079.43285869414,14.7
12-28-2024 16:54:10,57.6337528346933,1079.07404727438,14.68
12-28-2024 17:04:10,56.8575406753035,1075.71812123434,14.68
12-28-2024 17:14:10,57.533510624026,1076.01839772724,14.67
12-28-2024 17:24:10,57.5270803207557,1078.53603832165,14.65
12-28-2024 17:34:10,58.684644401513,1076.83565311481,14.63
12-28-2024 17:44:10,57.7082011721929,1078.7773983346,14.61
12-28-2024 17:54:10,57.2168648213864,1080.52690924359,14.59
12-28-2024 18:04:10,55.9499030271718,1078.73120288905,14.57
12-28-2024 18:14:10,57.7890461954079,1079.12678577423,14.56
12-28-2024 18:24:10,57.2040821388184,1080.48018000375,14.55
12-28-2024 18:34:10,56.8099119700278,1080.60048488431,14.53
12-28-2024 18:44:10,57.9700175032402,1080.61274085749,14.52
12-28-2024 18:54:10,58.2510783238674,1084.19198269829,14.49
12-28-2024 19:04:10,57.6630977471352,1083.83301807492,14.47
12-28-2024 19:14:10,57.1689591935803,1088.94142558831,14.44
12-28-2024 19:24:10,57.9344302377127,1092.22947607215,14.41
12-28-2024 19:34:10,56.4717706916469,1087.76741851958,14.38
12-28-2024 19:44:10,58.4025351082635,1092.38183912983,14.36
12-28-2024 19:54:10,58.9737839417247,1091.17270549831,14.33
12-28-2024 20:04:10,58.4798119227758,1091.49377160885,14.3
12-28-2024 20:14:10,57.2115677161591,1088.94727771201,14.27
12-28-2024 20:24:10,58.7538898606401,1090.88176399184,14.25
12-28-2024 20:34:10,58.550508024211,1091.4893299624,14.22
12-28-2024 20:44:10,58.1504298795414,1092.29898084501,14.18
12-28-2024 20:54:10,57.9504576968801,1091.84412490268,14.16
12-28-2024 21:04:10,57.4603264186739,1092.72619408226,14.14
12-28-2024 21:14:10,58.7113323547456,1094.84910046167,14.12
12-28-2024 21:24:10,57.2572854404045,1093.42828150981,14.11
12-28-2024 21:34:10,57.2477167738992,1095.65709270847,14.08
12-28-2024 21:44:10,57.7183669338775,1092.93437583887,14.04
12-28-2024 21:54:10,58.5787057510751,1098.97766358041,14.01
12-28-2024 22:04:10,57.6024378465388,1099.48687114348,13.98
12-28-2024 22:14:10,58.5624008198668,1103.89458074403,13.96
12-28-2024 22:24:10,58.8457619895112,1103.62938588648,13.94
12-28-2024 22:34:10,57.5832022963177,1106.12864099989,13.92
12-28-2024 22:44:10,58.9292683112143,1108.91305237832,13.9
12-28-2024 22:54:10,58.9227102288031,1107.88485823373,13.88
12-28-2024 23:04:10,57.5639795887084,1112.00205020475,13.86
12-28-2024 23:14:10,59.2958908907962,1113.73636555157,13.84
12-28-2024 23:24:10,57.9406440069107,1113.93652355116,13.83
12-28-2024 23:34:10,58.6100974384546,1116.14635393079,13.81
12-28-2024 23:44:10,59.1828556839442,1115.02253137646,13.79
12-28-2024 23:54:10,57.921311656783,1117.32672888627,13.77
12-29-2024 00:04:10,59.0731678147269,1121.53418945574,13.75
12-29-2024 00:14:10,58.7770570477039,1121.93300004499,13.73
12-29-2024 00:24:10,59.7355552895652,1123.47371985598,13.71
12-29-2024 00:34:10,57.9952715030209,1119.86645015184,13.7
12-29-2024 00:44:10,59.2464515380439,1120.44654104336,13.69
12-29-2024 00:54:10,57.7894259964246,1124.56459882847,13.66
12-29-2024 01:04:10,57.3038587767286,1123.14651591704,13.65
12-29-2024 01:14:10,59.612540559606,1123.25944028347,13.63
12-29-2024 01:24:10,59.7954935455572,1125.56826390855,13.6
12-29-2024 01:34:10,58.7248180118601,1127.87602477726,13.57
12-29-2024 01:44:10,58.4290419775721,1129.50899447669,13.55
12-29-2024 01:54:10,58.9013153469408,1131.1497493423,13.52
12-29-2024 02:04:10,59.2770459430175,1132.12468792979,13.49
12-29-2024 02:14:10,57.4361554573034,1134.99891688055,13.46
12-29-2024 02:24:10,60.7989584804711,1139.67616113084,13.43
12-29-2024 02:34:10,59.7291259831842,1136.85073676623,13.4
12-29-2024 02:44:10,58.1748154322205,1140.86848715906,13.36
12-29-2024 02:54:10,58.3609711716827,1139.93455026225,13.34
12-29-2024 03:04:10,60.5659114876244,1141.94978375736,13.31
12-29-2024 03:14:10,58.8229174286535,1143.11038714939,13.28
12-29-2024 03:24:10,60.0644756020719,1141.52026341707,13.25
12-29-2024 03:34:10,58.4216247945333,1142.10412918212,13.23
12-29-2024 03:44:10,58.4183858952814,1142.49080757106,13.22
12-29-2024 03:54:10,58.3156786811738,1143.45358288159,13.2
12-29-2024 04:04:10,59.9482738916999,1140.61718355871,13.19
12-29-2024 04:14:10,59.2714123154609,1139.58210477097,13.18
12-29-2024 04:24:10,58.6875875185841,1139.88164739036,13.16
12-29-2024 04:34:10,58.2065417192514,1140.54503045751,13.16
12-29-2024 04:44:10,59.261558105081,1138.46781525869,13.15
12-29-2024 04:54:10,58.7772816118404,1138.94928967596,13.14
12-29-2024 05:04:10,59.6430680840279,1140.56011645836,13.14
12-29-2024 05:14:10,58.8702177863764,1142.17836134891,13.13
12-29-2024 05:24:10,57.5203261171018,1139.15409742478,13.12
12-29-2024 05:34:10,60.1140668159189,1139.35121059916,13.11
12-29-2024 05:44:10,59.5336732347696,1136.51707623215,13.1
12-29-2024 05:54:10,58.0910155634909,1137.18015503975,13.1
12-29-2024 06:04:10,57.2222506640012,1139.84006485275,13.09
12-29-2024 06:14:10,58.9500781184173,1139.37410295317,13.08
12-29-2024 06:24:10,58.6550799117184,1138.8211791573,13.06
12-29-2024 06:34:10,58.8408731464905,1139.40460976672,13.04
12-29-2024 06:44:10,59.2221740081593,1141.68443078189,13.03
12-29-2024 06:54:10,58.6388396092484,1139.42747764239,13.01
12-29-2024 07:04:10,58.8245832060878,1141.99815800127,12.99
12-29-2024 07:14:10,59.2025015836153,1138.70089980422,12.97
12-29-2024 07:24:10,60.0608228620083,1140.89243777561,12.95
12-29-2024 07:34:10,58.8978737968626,1139.40142304008,12.92
12-29-2024 07:44:10,57.930647501694,1137.33587516638,12.9
12-29-2024 07:54:10,59.368422823871,1135.64132159644,12.89
12-29-2024 08:04:10,58.7855241248747,1137.07551430751,12.87
12-29-2024 08:14:10,59.1631959172171,1134.9165644425,12.85
12-29-2024 08:24:10,59.1599228007559,1136.34258436282,12.84
12-29-2024 08:34:10,58.5804489096194,1134.08169952302,12.83
12-29-2024 08:44:10,59.9249182288566,1133.6090473185,12.83
12-29-2024 08:54:10,57.8121807271982,1132.94733423218,12.83
12-29-2024 09:04:10,57.7161472043955,1129.82782968235,12.83
12-29-2024 09:14:10,59.3487170920406,1129.35517747783,12.83
12-29-2024 09:24:10,57.7161472043955,1126.51926425072,12.83
12-29-2024 09:34:10,57.8153791007387,1123.01277534492,12.84
12-29-2024 09:44:10,57.5304453805407,1124.2329946506,12.85
12-29-2024 09:54:10,58.3020242261341,1122.61683778554,12.86
12-29-2024 10:04:10,58.4045366940712,1120.51858217746,12.88
12-29-2024 10:14:10,57.8345767761522,1115.96058137947,12.9
12-29-2024 10:24:10,57.9434743080951,1115.73372789334,12.94
12-29-2024 10:34:10,58.052420074158,1109.73377314547,12.98
12-29-2024 10:44:10,57.2930301755935,1108.56818066545,13.01
12-29-2024 10:54:10,57.2127418811024,1106.71903549071,13.06
12-29-2024 11:04:10,58.7610002616886,1104.22598272007,13.09
12-29-2024 11:14:10,57.5203261171018,1105.61612749062,13.12
12-29-2024 11:24:10,58.5881313084323,1104.54310426629,13.15
12-29-2024 11:34:10,57.4368684403192,1107.66018412858,13.16
12-29-2024 11:44:10,58.7903131895237,1109.63051655608,13.18
12-29-2024 11:54:10,57.8345262168077,1107.71473354098,13.2
12-29-2024 12:04:10,57.8409389177333,1106.27242678333,13.22
12-29-2024 12:14:10,58.6173677236398,1107.39000824427,13.24
12-29-2024 12:24:10,57.3724560361394,1107.74919951316,13.26
12-29-2024 12:34:10,57.7607090449749,1108.30823158804,13.27
12-29-2024 12:44:10,57.3788196194394,1104.88339469887,13.28
12-29-2024 12:54:10,57.1926168809498,1103.06028871052,13.3
12-29-2024 13:04:10,58.0656128628201,1100.95196900035,13.32
12-29-2024 13:14:10,57.4011032821269,1099.87623051498,13.35
12-29-2024 13:24:10,57.0190243971432,1097.68253361019,13.36
12-29-2024 13:34:10,58.8588238862185,1097.55507402491,13.39
12-29-2024 13:44:10,58.2937716017195,1094.66270388761,13.43
12-29-2024 13:54:10,58.3998493408152,1090.92497785364,13.46
12-29-2024 14:04:10,59.469816824133,1089.18071688714,13.49
12-29-2024 14:14:10,56.2953486800168,1083.36128593773,13.51
12-29-2024 14:24:10,57.4616748488712,1086.93714804096,13.54
12-29-2024 14:34:10,58.4322874055433,1084.91753292698,13.56
12-29-2024 14:44:10,57.378009421134,1082.5170004515,13.58
12-29-2024 14:54:10,58.3455868664602,1083.36071414739,13.59
12-29-2024 15:04:10,58.5449696577947,1085.23872257721,13.61
12-29-2024 15:14:10,57.101396679666,1083.8003535846,13.62
12-29-2024 15:24:10,58.3553124851317,1083.41993928008,13.62
12-29-2024 15:34:10,57.3907618655427,1080.85214272455,13.62
12-29-2024 15:44:10,57.5900717774302,1079.21082598962,13.64
12-29-2024 15:54:10,56.4262112459538,1081.04234987681,13.62
12-29-2024 16:04:10,57.3907618655427,1078.18924259289,13.62
12-29-2024 16:14:10,58.0691738137263,1077.32088739127,13.63
12-29-2024 16:24:10,57.6833321272563,1076.75022213795,13.63
12-29-2024 16:34:10,57.5868717056388,1077.41599826682,13.63
12-29-2024 16:44:10,57.5836719894605,1077.14310325545,13.62
12-29-2024 16:54:10,56.5195258969814,1075.34870968307,13.61
12-29-2024 17:04:10,58.924220785797,1076.70499622653,13.59
12-29-2024 17:14:10,56.6065403869002,1079.09432242443,13.58
12-29-2024 17:24:10,58.9144019880973,1081.78055942426,13.56
12-29-2024 17:34:10,58.7117727585094,1079.25075250943,13.53
12-29-2024 17:44:10,57.9340831450173,1078.99021154486,13.51
12-29-2024 17:54:10,57.8376870000172,1077.75490791209,13.51
12-29-2024 18:04:10,57.5357188800764,1078.37437506787,13.47
12-29-2024 18:14:10,58.7788008086261,1078.41135048369,13.44
12-29-2024 18:24:10,57.8120048942673,1077.0941604488,13.43
12-29-2024 18:34:10,57.6161002471729,1077.39145526765,13.42
12-29-2024 18:44:10,57.1280188839165,1079.97971694637,13.4
12-29-2024 18:54:10,56.8263925579637,1081.64203657776,13.36
12-29-2024 19:04:10,58.1715878899407,1080.61012689996,13.35
12-29-2024 19:14:10,58.5438381311218,1079.80479303278,13.31
12-29-2024 19:24:10,58.2517394157822,1082.28363065362,13.3
12-29-2024 19:34:10,58.6271196806495,1084.12178750974,13.27
12-29-2024 19:44:10,58.4248640529546,1082.16601935979,13.24
12-29-2024 19:54:10,59.0887981483616,1084.57219100132,13.21
12-29-2024 20:04:10,58.1167744132116,1083.56505212857,13.18
12-29-2024 20:14:10,58.5913783587176,1086.71623300842,13.16
12-29-2024 20:24:10,59.3544725932987,1087.40283263904,13.14
12-29-2024 20:34:10,57.2285916087548,1086.11138517664,13.11
12-29-2024 20:44:10,57.6967171000829,1088.43107298141,13.07
12-29-2024 20:54:10,58.6518311316118,1088.35942353737,13.05
12-29-2024 21:04:10,56.7225367935292,1086.86767272379,13.03
12-29-2024 21:14:10,58.9207018060978,1088.33389846317,12.99
12-29-2024 21:24:10,58.244646630695,1091.46849784126,12.98
12-29-2024 21:34:10,57.7544872641072,1093.11082547866,12.95
12-29-2024 21:44:10,58.9972205363899,1096.72802884087,12.93
12-29-2024 21:54:10,57.7417015857261,1096.2768366798,12.91
12-29-2024 22:04:10,57.8313762782692,1099.23043645199,12.89
12-29-2024 22:14:10,58.7920303692703,1100.838189822,12.89
12-29-2024 22:24:10,58.8783210059641,1101.4371720175,12.86
12-29-2024 22:34:10,59.6401169793335,1103.72709421264,12.84
12-29-2024 22:44:10,57.9082142500008,1101.56322785211,12.83
12-29-2024 22:54:10,59.1501056239757,1101.58422234609,12.81
12-29-2024 23:04:10,58.8587811929451,1100.93315550461,12.8
12-29-2024 23:14:10,57.4153416628504,1104.06225216798,12.79
12-29-2024 23:24:10,58.4682429354658,1104.63952284406,12.78
12-29-2024 23:34:10,58.9417582033517,1105.03796020027,12.76
12-29-2024 23:44:10,59.8024183262896,1103.53662315138,12.75
12-29-2024 23:54:10,59.7958053896557,1105.72984683484,12.73
12-30-2024 00:04:10,58.0649473181371,1104.41770271545,12.72
12-30-2024 00:14:10,59.0214354060272,1107.16685000986,12.71
12-30-2024 00:24:10,57.4795630142416,1106.62039373046,12.69
12-30-2024 00:34:10,58.1480631517642,1109.65201195022,12.68
12-30-2024 00:44:10,59.292955158593,1111.93754220258,12.66
12-30-2024 00:54:10,58.5221743815298,1110.72002571108,12.65
12-30-2024 01:04:10,57.2749805012677,1114.4016576168,12.65
12-30-2024 01:14:10,58.5157065899888,1112.53293882851,12.63
12-30-2024 01:24:10,59.8520752495371,1113.87343938166,12.61
12-30-2024 01:34:10,57.8314319717729,1115.68532009486,12.59
12-30-2024 01:44:10,59.0749487085738,1117.95913584505,12.58
12-30-2024 01:54:10,58.2118406917277,1117.86478533987,12.58
12-30-2024 02:04:10,58.397190277502,1116.84556035632,12.56
12-30-2024 02:14:10,57.051574720778,1115.15695225533,12.55
12-30-2024 02:24:10,58.2021947151466,1117.60950518704,12.55
12-30-2024 02:34:10,58.7742583217192,1118.37333372158,12.54
12-30-2024 02:44:10,58.4833890647872,1116.59055178105,12.53
12-30-2024 02:54:10,58.771012289696,1117.81664158367,12.53
12-30-2024 03:04:10,58.771012289696,1118.57115838528,12.53
12-30-2024 03:14:10,58.0008137076707,1114.90234861661,12.52
12-30-2024 03:24:10,57.8090754805379,1115.75111541897,12.52
12-30-2024 03:34:10,59.5314318564947,1115.38330804537,12.51
12-30-2024 03:44:10,59.1512430704675,1116.2226525314,12.52
12-30-2024 03:54:10,59.3429812976003,1116.2226525314,12.52
12-30-2024 04:04:10,58.3842901619363,1113.6763521243,12.52
12-30-2024 04:14:10,59.6305886382995,1112.73327789946,12.52
12-30-2024 04:24:10,59.5380075561194,1114.13837217582,12.53
12-30-2024 04:34:10,59.3462587395136,1113.66679917482,12.53
12-30-2024 04:44:10,59.4454162470896,1114.60046256117,12.54
12-30-2024 04:54:10,58.3939647142081,1113.64768891274,12.55
12-30-2024 05:04:10,56.9588358371694,1113.44945931968,12.56
12-30-2024 05:14:10,58.7839985695578,1112.68513961104,12.57
12-30-2024 05:24:10,58.3077415824884,1114.27946614314,12.58
12-30-2024 05:34:10,56.7764638926858,1116.44018161049,12.59
12-30-2024 05:44:10,57.5468927043701,1116.80829353463,12.6
12-30-2024 05:54:10,58.6978305584575,1116.14773941086,12.6
12-30-2024 06:04:10,57.645989142583,1114.81715999453,12.61
12-30-2024 06:14:10,57.8378227171008,1116.32711297514,12.61
12-30-2024 06:24:10,57.5500723553242,1116.61022915901,12.61
12-30-2024 06:34:10,56.6868212699943,1117.93143801704,12.61
12-30-2024 06:44:10,58.7969905896895,1115.28902030097,12.61
12-30-2024 06:54:10,58.3174066533951,1119.15827481378,12.61
12-30-2024 07:04:10,58.9855650219794,1115.29845553745,12.6
12-30-2024 07:14:10,57.7387156800514,1114.63790141369,12.6
12-30-2024 07:24:10,58.4068691058204,1114.45867013197,12.59
12-30-2024 07:34:10,58.4100960949357,1115.67591503675,12.6
12-30-2024 07:44:10,58.88640005086,1114.64738551088,12.59
12-30-2024 07:54:10,58.5954442547704,1115.97777523633,12.58
12-30-2024 08:04:10,57.540534456403,1115.60037321562,12.58
12-30-2024 08:14:10,57.7291470454711,1112.30776632306,12.57
12-30-2024 08:24:10,56.4825043351869,1112.21342300106,12.57
12-30-2024 08:34:10,56.9588358371694,1108.1666354849,12.56
12-30-2024 08:44:10,57.9145397165545,1110.15751743301,12.55
12-30-2024 08:54:10,59.1643126456794,1109.77034986331,12.56
12-30-2024 09:04:10,58.2021947151466,1108.08228033695,12.55
12-30-2024 09:14:10,57.1474597203087,1107.61063554239,12.55
12-30-2024 09:24:10,57.0547261331916,1104.67619830835,12.56
12-30-2024 09:34:10,57.3423970212581,1107.22327408583,12.56
12-30-2024 09:44:10,58.5922073833602,1104.94898720743,12.57
12-30-2024 09:54:10,58.1127294178663,1102.59040415755,12.57
12-30-2024 10:04:10,58.3077415824884,1103.61785905811,12.58
12-30-2024 10:14:10,57.0610300025997,1097.8624782423,12.58
12-30-2024 10:24:10,57.834627167892,1102.74792718594,12.6
12-30-2024 10:34:10,56.6868212699943,1097.73581690142,12.61
12-30-2024 10:44:10,57.6523600993168,1096.48724445328,12.63
12-30-2024 10:54:10,57.1790425104783,1093.91668009009,12.65
12-30-2024 11:04:10,57.0894146619525,1091.43974751496,12.67
12-30-2024 11:14:10,56.8109889663987,1090.08385264873,12.7
12-30-2024 11:24:10,57.8793970146299,1086.73209022574,12.74
12-30-2024 11:34:10,58.3657801101593,1086.14196224882,12.76
12-30-2024 11:44:10,57.3193293858222,1087.14646485838,12.79
12-30-2024 11:54:10,56.0804749189124,1081.44027784621,12.82
12-30-2024 12:04:10,57.7225336789732,1080.64781169425,12.85
12-30-2024 12:14:10,58.9808972535521,1079.28758362658,12.88
12-30-2024 12:24:10,57.7417015857261,1076.03496928986,12.91
12-30-2024 12:34:10,57.4661953143696,1076.1743728031,12.95
12-30-2024 12:44:10,56.7998026557088,1075.86558047654,12.97
12-30-2024 12:54:10,58.1581933829431,1076.00499612536,13.01
12-30-2024 13:04:10,57.7832757533346,1071.13880258359,13.04
12-30-2024 13:14:10,56.0650824519369,1070.70858137038,13.08
12-30-2024 13:24:10,57.0393869355207,1067.34115615333,13.12
12-30-2024 13:34:10,57.7254959199188,1066.71997198419,13.16
12-30-2024 13:44:10,55.5249943878503,1063.72845742947,13.2
12-30-2024 13:54:10,57.5585975348713,1062.44199797643,13.24
12-30-2024 14:04:10,56.3166913188505,1059.17655302898,13.27
12-30-2024 14:14:10,56.4254755671667,1056.08533092416,13.31
12-30-2024 14:24:10,56.6274769784644,1055.28406584384,13.34
12-30-2024 14:34:10,55.863233362066,1055.92029281568,13.36
12-30-2024 14:44:10,57.5101765303968,1053.21996291258,13.39
12-30-2024 14:54:10,56.7489683036536,1053.65199961659,13.42
12-30-2024 15:04:10,56.1771161826705,1050.58444377372,13.44
12-30-2024 15:14:10,56.5688309621428,1054.92492851916,13.46
12-30-2024 15:24:10,56.3823521984276,1054.32666621172,13.48
12-30-2024 15:34:10,56.3886136017954,1052.96809185225,13.5
12-30-2024 15:44:10,55.8164674073301,1051.79916203651,13.52
12-30-2024 15:54:10,56.4975527876486,1056.42763208073,13.54
12-30-2024 16:04:10,56.7899434402474,1054.41751037027,13.55
12-30-2024 16:14:10,55.8288686597518,1054.6885155371,13.56
12-30-2024 16:24:10,57.0855373777031,1054.29409261461,13.57
12-30-2024 16:34:10,56.6033960147157,1053.62862294389,13.57
12-30-2024 16:44:10,55.9283981065334,1054.00889132716,13.57
12-30-2024 16:54:10,56.6998242873132,1055.91023324351,13.57
12-30-2024 17:04:10,56.0248263791309,1054.38915971043,13.57
12-30-2024 17:14:10,58.2394415725217,1057.16007041803,13.56
12-30-2024 17:24:10,56.6935258792283,1056.6037181354,13.55
12-30-2024 17:34:10,56.9796138182599,1056.80781296497,13.54
12-30-2024 17:44:10,57.4616748488712,1056.52267730179,13.54
12-30-2024 17:54:10,57.8441110921275,1055.68134544511,13.53
12-30-2024 18:04:10,57.5516943733611,1060.54198123667,13.52
12-30-2024 18:14:10,56.4850043942771,1057.62387930043,13.5
12-30-2024 18:24:10,56.5782536074004,1058.872914315,13.49
12-30-2024 18:34:10,56.9637953696314,1060.1080285264,13.49
12-30-2024 18:44:10,57.6288942340058,1061.19406639798,13.46
12-30-2024 18:54:10,58.2006486695248,1058.5621235131,13.44
12-30-2024 19:04:10,56.2703514304201,1059.1457566113,13.43
12-30-2024 19:14:10,57.9982732242316,1060.59760612949,13.41
12-30-2024 19:24:10,57.1216788968,1062.44229572169,13.38
12-30-2024 19:34:10,57.6932358342716,1064.36765515821,13.36
12-30-2024 19:44:10,57.5937244340803,1063.71669614392,13.35
12-30-2024 19:54:10,57.873023765431,1063.85188972093,13.32
12-30-2024 20:04:10,58.540591016191,1064.7325724777,13.3
12-30-2024 20:14:10,56.512360933911,1065.70784164164,13.28
12-30-2024 20:24:10,57.6580462910914,1067.8340255941,13.25
12-30-2024 20:34:10,59.3840897829111,1069.28254585195,13.23
12-30-2024 20:44:10,57.937180080658,1071.47623372287,13.22
12-30-2024 20:54:10,58.3092140635865,1069.82144361224,13.18
12-30-2024 21:04:10,57.7286953388536,1075.04709162325,13.17
12-30-2024 21:14:10,58.684335136525,1074.02981672565,13.15
12-30-2024 21:24:10,57.9082861232003,1076.13951291588,13.13
12-30-2024 21:34:10,57.9050774623667,1074.35191822996,13.12
12-30-2024 21:44:10,58.0942341709041,1077.30123612985,13.11
12-30-2024 21:54:10,58.1871927415761,1074.37711940532,13.1
12-30-2024 22:04:10,57.5107662135676,1076.75767469221,13.09
12-30-2024 22:14:10,57.4145943637121,1077.98901263829,13.09
12-30-2024 22:24:10,58.2833699196614,1076.65053245996,13.1
12-30-2024 22:34:10,56.9368894264679,1079.87120095403,13.1
12-30-2024 22:44:10,57.0330666045531,1081.38680965713,13.1
12-30-2024 22:54:10,56.8470112628883,1079.75209982953,13.12
12-30-2024 23:04:10,58.2930587884707,1085.23525100709,13.13
12-30-2024 23:14:10,58.0076936365626,1084.65495165729,13.14
12-30-2024 23:24:10,58.8800058383172,1087.75869211395,13.16
12-30-2024 23:34:10,57.3470158117121,1089.0624955351,13.18
12-30-2024 23:44:10,58.411909174047,1093.30543619411,13.2
12-30-2024 23:54:10,58.4183858952814,1093.94679981368,13.22
12-31-2024 00:04:10,58.9991037875599,1094.40978489166,13.23
12-31-2024 00:14:10,57.6580462910914,1095.71530477036,13.25
12-31-2024 00:24:10,56.2173059146064,1095.60948225822,13.26
12-31-2024 00:34:10,59.49682973962,1097.01034166316,13.28
12-31-2024 00:44:10,57.0931663602538,1098.61213378512,13.29
12-31-2024 00:54:10,57.7703200817675,1103.15515929526,13.3
12-31-2024 01:04:10,57.8698136789543,1100.10865259776,13.31
12-31-2024 01:14:10,58.3577336607058,1101.22606028356,13.33
12-31-2024 01:24:10,57.5905293080301,1101.3103942552,13.34
12-31-2024 01:34:10,56.5311717455078,1102.63898930213,13.34
12-31-2024 01:44:10,57.4011032821269,1103.95722783245,13.35
12-31-2024 01:54:10,60.4796862967272,1104.34718293389,13.34
12-31-2024 02:04:10,58.1683607057695,1103.20838717938,13.34
12-31-2024 02:14:10,56.2422560466381,1106.71967408911,13.34
12-31-2024 02:24:10,58.6498868705524,1108.61766701329,13.34
12-31-2024 02:34:10,57.8762342080597,1108.24809634224,13.33
12-31-2024 02:44:10,59.7059321281149,1111.37954485489,13.33
12-31-2024 02:54:10,58.1619074115147,1111.67398679722,13.32
12-31-2024 03:04:10,58.8327057534793,1113.86594062076,13.31
12-31-2024 03:14:10,56.2297782129203,1115.86781764971,13.3
12-31-2024 03:24:10,56.807481413738,1113.4011824466,13.3
12-31-2024 03:34:10,56.7049073084728,1114.46385682667,13.28
12-31-2024 03:44:10,57.1862732448775,1113.7050083413,13.28
12-31-2024 03:54:10,58.1425561171614,1113.72421659957,13.26
12-31-2024 04:04:10,58.3318464981659,1117.33752127439,13.25
12-31-2024 04:14:10,57.9436048762416,1113.64859195245,13.24
12-31-2024 04:24:10,56.3010803109384,1114.71074063178,13.22
12-31-2024 04:34:10,57.7446977548086,1116.70180344995,13.22
12-31-2024 04:44:10,58.7968311455399,1112.35983597517,13.2
12-31-2024 04:54:10,58.5978735391488,1113.70620735748,13.18
12-31-2024 05:04:10,58.5016537139614,1112.37923825935,13.18
12-31-2024 05:14:10,58.3059822922422,1110.01953073186,13.17
12-31-2024 05:24:10,56.7602585746717,1113.07166289566,13.15
12-31-2024 05:34:10,56.6640547465791,1110.32357178176,13.15
12-31-2024 05:44:10,56.1768091294833,1110.53277257325,13.13
12-31-2024 05:54:10,58.0974531349992,1111.01630909019,13.12
12-31-2024 06:04:10,57.6133216363767,1111.97343560431,13.11
12-31-2024 06:14:10,56.8407122483826,1112.3620625266,13.1
12-31-2024 06:24:10,58.6648284118331,1110.57210905755,13.09
12-31-2024 06:34:10,57.6037468073931,1112.38144964131,13.08
12-31-2024 06:44:10,57.5075802851771,1110.77136154903,13.08
12-31-2024 06:54:10,57.7928782952498,1109.36061854209,13.07
12-31-2024 07:04:10,57.594175160386,1109.47514925938,13.05
12-31-2024 07:14:10,58.5524374938116,1110.62124585039,13.04
12-31-2024 07:24:10,58.2640018411327,1111.28402067741,13.04
12-31-2024 07:34:10,59.126034115289,1109.68431986023,13.03
12-31-2024 07:44:10,57.2000684186858,1110.9248930121,13.02
12-31-2024 07:54:10,57.1007716850714,1110.17740780842,13.01
12-31-2024 08:04:10,58.5394687055337,1109.99795593342,13
12-31-2024 08:14:10,57.2835138480103,1108.88202455615,12.98
12-31-2024 08:24:10,58.2414220124527,1108.32418669551,12.97
12-31-2024 08:34:10,58.9141777122665,1106.52618810029,12.97
12-31-2024 08:44:10,57.9530981411039,1108.32418669551,12.97
12-31-2024 08:54:10,56.9888634760502,1106.44169412177,12.96
12-31-2024 09:04:10,57.4661953143696,1105.22180839749,12.95
12-31-2024 09:14:10,57.8505845806864,1104.37025491101,12.95
12-31-2024 09:24:10,58.6193631133201,1102.38329677589,12.95
12-31-2024 09:34:10,58.9076550630578,1104.55948901912,12.95
12-31-2024 09:44:10,58.6193631133201,1097.17935880295,12.95
12-31-2024 09:54:10,58.2381977512419,1099.9126188721,12.96
12-31-2024 10:04:10,58.5297458838014,1099.71271973946,12.97
12-31-2024 10:14:10,56.9951740132048,1098.56640275222,12.98
12-31-2024 10:24:10,56.8092381033997,1095.4213647154,13
12-31-2024 10:34:10,57.4884721249985,1092.65403622886,13.02
12-31-2024 10:44:10,57.3088977498101,1087.77971769332,13.06
12-31-2024 10:54:10,57.9050774623667,1087.61552215872,13.12
12-31-2024 11:04:10,57.3438373699279,1084.52471739794,13.17
12-31-2024 11:14:10,58.5113831827424,1082.20205946504,13.21
12-31-2024 11:24:10,56.6954745666992,1077.41228816826,13.25
12-31-2024 11:34:10,56.6086341211919,1076.04715225481,13.28
12-31-2024 11:44:10,56.4286055350126,1075.33298842377,13.32
12-31-2024 11:54:10,57.115340316733,1073.76415933697,13.36
12-31-2024 12:04:10,56.4536577841063,1073.23874464719,13.4
12-31-2024 12:14:10,56.9479857014721,1070.90853263356,13.44
12-31-2024 12:24:10,56.5719714951505,1067.26005143478,13.47
12-31-2024 12:34:10,57.6416939040575,1069.97596844867,13.5
12-31-2024 12:44:10,56.2984748978943,1069.47486172379,13.52
12-31-2024 12:54:10,56.4975527876486,1070.0190986923,13.54
12-31-2024 13:04:10,56.9891091051056,1070.36043180775,13.57
12-31-2024 13:14:10,55.1631003101078,1069.76403325191,13.59
12-31-2024 13:24:10,56.9053247085648,1069.64293301336,13.61
12-31-2024 13:34:10,56.7218797405845,1065.79916316003,13.64
12-31-2024 13:44:10,54.7021778630597,1067.77032884281,13.66
12-31-2024 13:54:10,56.7344905622853,1065.74590956611,13.68
12-31-2024 14:04:10,56.4513042084313,1065.43378449184,13.7
12-31-2024 14:14:10,55.6855114537137,1066.4540362174,13.72
12-31-2024 14:24:10,57.2360143983199,1064.04771667867,13.74
12-31-2024 14:34:10,56.0840179756021,1065.7345100543,13.76
12-31-2024 14:44:10,56.2802078265075,1062.76957373912,13.77
12-31-2024 14:54:10,56.5761067386481,1059.88562423947,13.79
12-31-2024 15:04:10,55.9033920513159,1059.58613867979,13.8
12-31-2024 15:14:10,57.5511715787366,1054.89128899684,13.82
12-31-2024 15:24:10,56.7818311267725,1056.11546405094,13.83
12-31-2024 15:34:10,57.1712824223964,1053.62451484051,13.84
12-31-2024 15:44:10,57.0810602968568,1053.59597902186,13.86
12-31-2024 15:54:10,56.9876470878936,1053.10527582887,13.87
12-31-2024 16:04:10,56.8942234832214,1047.75451714088,13.88
12-31-2024 16:14:10,55.5418989861669,1048.99333557861,13.88
12-31-2024 16:24:10,56.3146558416266,1050.23215401634,13.88
12-31-2024 16:34:10,56.8942234832214,1049.37451048252,13.88
12-31-2024 16:44:10,57.9567641594785,1049.66039166046,13.88
12-31-2024 16:54:10,56.9908180901539,1047.46863596294,13.88
12-31-2024 17:04:10,56.4081116937794,1049.10324709336,13.87
12-31-2024 17:14:10,55.9189428070252,1046.94122575108,13.85
12-31-2024 17:24:10,54.8535277295965,1045.14598122199,13.84
12-31-2024 17:34:10,56.5886956467495,1047.16129668188,13.83
12-31-2024 17:44:10,57.3548564718979,1046.5241178421,13.81
12-31-2024 17:54:10,56.1930469324108,1047.87221677995,13.8
12-31-2024 18:04:10,56.2833377226563,1048.66338309144,13.78
12-31-2024 18:14:10,55.2152466128131,1047.35977712233,13.76
12-31-2024 18:24:10,58.1014586908338,1048.07026923691,13.73
12-31-2024 18:34:10,55.6793205611365,1046.49654591433,13.7
12-31-2024 18:44:10,56.7376441439248,1048.50959114708,13.69
12-31-2024 18:54:10,56.4387549380774,1052.64421673607,13.66
12-31-2024 19:04:10,56.5258070678465,1052.78228149854,13.63
12-31-2024 19:14:10,56.808875005669,1052.90598811557,13.61
12-31-2024 19:24:10,56.7029740161794,1053.70946039031,13.58
12-31-2024 19:34:10,56.3109832423057,1056.58971159935,13.56
12-31-2024 19:44:10,56.8800425739254,1054.25577646945,13.53
12-31-2024 19:54:10,58.123647866466,1057.33883108932,13.5
12-31-2024 20:04:10,55.5149313953748,1056.98670826019,13.48
12-31-2024 20:14:10,57.7252636223569,1054.07004608113,13.46
12-31-2024 20:24:10,56.2734748725207,1057.2325102232,13.44
12-31-2024 20:34:10,56.845316297378,1056.0259451817,13.42
12-31-2024 20:44:10,56.2609831841606,1057.47816152516,13.4
12-31-2024 20:54:10,55.390873542677,1055.97310685745,13.39
12-31-2024 21:04:10,55.2853378445274,1058.19823322266,13.36
12-31-2024 21:14:10,55.7607298818552,1056.04326301352,13.34
12-31-2024 21:24:10,56.6243356311799,1056.62664207302,13.33
12-31-2024 21:34:10,56.6180539820717,1059.12142207406,13.31
12-31-2024 21:44:10,56.5186298133292,1059.32494914782,13.3
12-31-2024 21:54:10,56.0341025660501,1060.19248831556,13.29
12-31-2024 22:04:10,57.956458743125,1061.81874315412,13.28
12-31-2024 22:14:10,58.5276061576724,1063.83756600506,13.26
12-31-2024 22:24:10,57.1767604288953,1063.75615142886,13.25
12-31-2024 22:34:10,57.6548493702139,1066.04542495993,13.24
12-31-2024 22:44:10,55.729812663362,1067.46783034815,13.24
12-31-2024 22:54:10,57.6484565918839,1066.83042048046,13.22
12-31-2024 23:04:10,56.5866666306785,1065.99035975689,13.21
12-31-2024 23:14:10,56.2979591478689,1069.87737547639,13.21
12-31-2024 23:24:10,57.2603174239009,1067.98127024736,13.21
12-31-2024 23:34:10,57.0646822738219,1066.85679172189,13.2
12-31-2024 23:44:10,58.5081396669203,1070.64871207633,13.2
12-31-2024 23:54:10,57.1609127666951,1074.06144039532,13.2
