time,cdom
09-02-2024 00:06:00,3530.91672417801
09-02-2024 00:16:00,3501.96842983905
09-02-2024 00:26:00,3478.0023776519
09-02-2024 00:36:00,3488.88133715792
09-02-2024 00:46:00,3499.9989413111
09-02-2024 00:56:00,3490.9788504399
09-02-2024 01:06:00,3512.81644602019
09-02-2024 01:16:00,3541.88989325355
09-02-2024 01:26:00,3562.47621552121
09-02-2024 01:36:00,3546.42592435692
09-02-2024 01:46:00,3546.09805627051
09-02-2024 01:56:00,3539.20998241188
09-02-2024 02:06:00,3553.84292594513
09-02-2024 02:16:00,3479.18051329833
09-02-2024 02:26:00,3518.38758222234
09-02-2024 02:36:00,3581.39742048041
09-02-2024 02:46:00,3584.44313386588
09-02-2024 02:56:00,3692.52511611684
09-02-2024 03:06:00,3685.15347637755
09-02-2024 03:16:00,3682.04244356444
09-02-2024 03:26:00,3627.44220189733
09-02-2024 03:36:00,3641.42821991785
09-02-2024 03:46:00,3718.6792551937
09-02-2024 03:56:00,3664.05850946817
09-02-2024 04:06:00,3698.01219922545
09-02-2024 04:16:00,3680.48648867098
09-02-2024 04:26:00,3680.27574500883
09-02-2024 04:36:00,3687.81618068643
09-02-2024 04:46:00,3719.41414510649
09-02-2024 04:56:00,3703.97464760981
09-02-2024 05:06:00,3640.03781809962
09-02-2024 05:16:00,3678.90288509764
09-02-2024 05:26:00,3736.8099043842
09-02-2024 05:36:00,3671.42141061927
09-02-2024 05:46:00,3692.64117472465
09-02-2024 05:56:00,3660.13264619002
09-02-2024 06:06:00,3679.61020823603
09-02-2024 06:16:00,3716.3779579327
09-02-2024 06:26:00,3740.50868970868
09-02-2024 06:36:00,3625.64580049692
09-02-2024 06:46:00,3675.76287490843
09-02-2024 06:56:00,3653.54242713788
09-02-2024 07:06:00,3675.21059653918
09-02-2024 07:16:00,3652.88859566288
09-02-2024 07:26:00,3648.2544033278
09-02-2024 07:36:00,3670.40137729798
09-02-2024 07:46:00,3712.74011674117
09-02-2024 07:56:00,3719.22356646225
09-02-2024 08:06:00,3636.51482922356
09-02-2024 08:16:00,3668.52217626149
09-02-2024 08:26:00,3601.95289251595
09-02-2024 08:36:00,3620.79898199886
09-02-2024 08:46:00,3507.05080289809
09-02-2024 08:56:00,3715.34711519058
09-02-2024 09:06:00,3735.7824438359
09-02-2024 09:16:00,3575.12430877203
09-02-2024 09:26:00,3719.14880719913
09-02-2024 09:36:00,3622.48041860999
09-02-2024 09:46:00,3633.1966375971
09-02-2024 09:56:00,3612.94058757407
09-02-2024 10:06:00,3569.63574624078
09-02-2024 10:16:00,3680.91978298747
09-02-2024 10:26:00,3616.42204768109
09-02-2024 10:36:00,3604.49830198526
09-02-2024 10:46:00,3643.00387888483
09-02-2024 10:56:00,3576.90737395728
09-02-2024 11:06:00,3585.72994684401
09-02-2024 11:16:00,3590.96519514197
09-02-2024 11:26:00,3630.49011230568
09-02-2024 11:36:00,3588.23437656375
09-02-2024 11:46:00,3596.25071775585
09-02-2024 11:56:00,3570.25937437077
09-02-2024 12:06:00,3566.43230502359
09-02-2024 12:16:00,3556.18168888752
09-02-2024 12:26:00,3559.99819362909
09-02-2024 12:36:00,3553.1599034008
09-02-2024 12:46:00,3535.28486728211
09-02-2024 12:56:00,3552.95343231031
09-02-2024 13:06:00,3623.73179308294
09-02-2024 13:16:00,3581.16565617112
09-02-2024 13:26:00,3567.75852026398
09-02-2024 13:36:00,3580.67985253468
09-02-2024 13:46:00,3566.06947479081
09-02-2024 13:56:00,3557.4205046428
09-02-2024 14:06:00,3553.63221406278
09-02-2024 14:16:00,3553.24243232182
09-02-2024 14:26:00,3574.77903987507
09-02-2024 14:36:00,3579.74688412288
09-02-2024 14:46:00,3561.93653919171
09-02-2024 14:56:00,3531.75799694218
09-02-2024 15:06:00,3564.5792426086
09-02-2024 15:16:00,3568.82569875265
09-02-2024 15:26:00,3562.89379955393
09-02-2024 15:36:00,3523.98909296471
09-02-2024 15:46:00,3575.86477396292
09-02-2024 15:56:00,3582.19429971283
09-02-2024 16:06:00,3525.47600132664
09-02-2024 16:16:00,3562.50568120297
09-02-2024 16:26:00,3546.99898476634
09-02-2024 16:36:00,3530.23178063322
09-02-2024 16:46:00,3577.27828797986
09-02-2024 16:56:00,3600.3333687241
09-02-2024 17:06:00,3585.50779059646
09-02-2024 17:16:00,3551.28319078496
09-02-2024 17:26:00,3566.85812969425
09-02-2024 17:36:00,3591.57286660508
09-02-2024 17:46:00,3518.52681551261
09-02-2024 17:56:00,3533.82109543155
09-02-2024 18:06:00,3546.69764710305
09-02-2024 18:16:00,3521.16485009194
09-02-2024 18:26:00,3563.85213441013
09-02-2024 18:36:00,3537.14038377674
09-02-2024 18:46:00,3542.40980439627
09-02-2024 18:56:00,3532.20215466594
09-02-2024 19:06:00,3491.83137643607
09-02-2024 19:16:00,3505.01213668817
09-02-2024 19:26:00,3488.85169700886
09-02-2024 19:36:00,3523.45602117261
09-02-2024 19:46:00,3492.0542128086
09-02-2024 19:56:00,3491.58005746216
09-02-2024 20:06:00,3515.42793595259
09-02-2024 20:16:00,3477.94289755344
09-02-2024 20:26:00,3454.50063102119
09-02-2024 20:36:00,3488.14837311541
09-02-2024 20:46:00,3490.96181798699
09-02-2024 20:56:00,3467.32031987989
09-02-2024 21:06:00,3464.01462662302
09-02-2024 21:16:00,3479.88258019736
09-02-2024 21:26:00,3474.87803733824
09-02-2024 21:36:00,3497.95312179038
09-02-2024 21:46:00,3488.52944763845
09-02-2024 21:56:00,3493.98793331679
09-02-2024 22:06:00,3481.7426673057
09-02-2024 22:16:00,3495.02903468492
09-02-2024 22:26:00,3490.39866431864
09-02-2024 22:36:00,3483.15685501298
09-02-2024 22:46:00,3486.21800262024
09-02-2024 22:56:00,3495.81868981874
09-02-2024 23:06:00,3468.72871716316
09-02-2024 23:16:00,3476.55471342769
09-02-2024 23:26:00,3503.0210556711
09-02-2024 23:36:00,3485.04256207524
09-02-2024 23:46:00,3488.30703318781
09-02-2024 23:56:00,3522.81551100318
09-03-2024 00:06:00,3570.67463037241
09-03-2024 00:16:00,3564.76868483538
09-03-2024 00:26:00,3548.31079847657
09-03-2024 00:36:00,3550.55720531057
09-03-2024 00:46:00,3520.34281479371
09-03-2024 00:56:00,3513.11595928912
09-03-2024 01:06:00,3549.56761568994
09-03-2024 01:16:00,3519.99806972506
09-03-2024 01:26:00,3578.68825454252
09-03-2024 01:36:00,3544.87794407103
09-03-2024 01:46:00,3530.43869103365
09-03-2024 01:56:00,3573.45272400796
09-03-2024 02:06:00,3630.08161536957
09-03-2024 02:16:00,3631.56202989486
09-03-2024 02:26:00,3622.2132420169
09-03-2024 02:36:00,3638.01178468535
09-03-2024 02:46:00,3652.40174377843
09-03-2024 02:56:00,3655.75956271809
09-03-2024 03:06:00,3691.52797127851
09-03-2024 03:16:00,3693.63170268616
09-03-2024 03:26:00,3703.52956206712
09-03-2024 03:36:00,3700.0244228469
09-03-2024 03:46:00,3641.59542441664
09-03-2024 03:56:00,3647.98937343901
09-03-2024 04:06:00,3694.1189358663
09-03-2024 04:16:00,3710.17915937234
09-03-2024 04:26:00,3684.97275631006
09-03-2024 04:36:00,3691.9574502693
09-03-2024 04:46:00,3650.60512636873
09-03-2024 04:56:00,3674.69778129551
09-03-2024 05:06:00,3677.45022260819
09-03-2024 05:16:00,3642.97190230257
09-03-2024 05:26:00,3683.10329526882
09-03-2024 05:36:00,3640.12393096487
09-03-2024 05:46:00,3700.24727564571
09-03-2024 05:56:00,3627.9112895151
09-03-2024 06:06:00,3642.46421317967
09-03-2024 06:16:00,3700.01835702034
09-03-2024 06:26:00,3640.73773640814
09-03-2024 06:36:00,3674.23028229309
09-03-2024 06:46:00,3638.27973903306
09-03-2024 06:56:00,3634.34810444393
09-03-2024 07:06:00,3643.50713225391
09-03-2024 07:16:00,3654.19238406791
09-03-2024 07:26:00,3645.10740505849
09-03-2024 07:36:00,3716.10678056406
09-03-2024 07:46:00,3667.5549385271
09-03-2024 07:56:00,3646.93302792721
09-03-2024 08:06:00,3582.47220630385
09-03-2024 08:16:00,3602.28376966683
09-03-2024 08:26:00,3594.90854230514
09-03-2024 08:36:00,3517.92016612515
09-03-2024 08:46:00,3558.93755954583
09-03-2024 08:56:00,3611.37032667958
09-03-2024 09:06:00,3684.80321865193
09-03-2024 09:16:00,3542.02864220498
09-03-2024 09:26:00,3577.66657138566
09-03-2024 09:36:00,3568.62115139931
09-03-2024 09:46:00,3593.24146105765
09-03-2024 09:56:00,3524.2836039092
09-03-2024 10:06:00,3530.20730931
09-03-2024 10:16:00,3565.82636732866
09-03-2024 10:26:00,3582.57201182603
09-03-2024 10:36:00,3546.83529507362
09-03-2024 10:46:00,3539.03043463617
09-03-2024 10:56:00,3542.01896143612
09-03-2024 11:06:00,3541.25693860359
09-03-2024 11:16:00,3541.08023134883
09-03-2024 11:26:00,3536.04343634085
09-03-2024 11:36:00,3532.71234313248
09-03-2024 11:46:00,3551.76628562302
09-03-2024 11:56:00,3537.04337740373
09-03-2024 12:06:00,3523.63338601813
09-03-2024 12:16:00,3520.84315711239
09-03-2024 12:26:00,3535.77921329097
09-03-2024 12:36:00,3538.67177807417
09-03-2024 12:46:00,3558.09193522921
09-03-2024 12:56:00,3560.3598969078
09-03-2024 13:06:00,3543.89281602132
09-03-2024 13:16:00,3539.04394064485
09-03-2024 13:26:00,3591.9776369839
09-03-2024 13:36:00,3561.62371073884
09-03-2024 13:46:00,3556.59869964566
09-03-2024 13:56:00,3549.06628143789
09-03-2024 14:06:00,3561.59588435443
09-03-2024 14:16:00,3537.65636977795
09-03-2024 14:26:00,3565.67041034877
09-03-2024 14:36:00,3558.98909493596
09-03-2024 14:46:00,3552.10120077855
09-03-2024 14:56:00,3553.8179083619
09-03-2024 15:06:00,3534.89755134286
09-03-2024 15:16:00,3554.54188132517
09-03-2024 15:26:00,3563.20414151116
09-03-2024 15:36:00,3558.20701748666
09-03-2024 15:46:00,3574.09427311911
09-03-2024 15:56:00,3542.90243009239
09-03-2024 16:06:00,3530.91915833506
09-03-2024 16:16:00,3545.04912444228
09-03-2024 16:26:00,3537.27185654926
09-03-2024 16:36:00,3512.54394014411
09-03-2024 16:46:00,3552.48876544322
09-03-2024 16:56:00,3604.98601682337
09-03-2024 17:06:00,3552.50473617383
09-03-2024 17:16:00,3546.85663618232
09-03-2024 17:26:00,3562.46202008338
09-03-2024 17:36:00,3592.94187032691
09-03-2024 17:46:00,3528.39953933916
09-03-2024 17:56:00,3527.83260597347
09-03-2024 18:06:00,3540.94383411279
09-03-2024 18:16:00,3520.30754924384
09-03-2024 18:26:00,3508.25033588995
09-03-2024 18:36:00,3515.22470753814
09-03-2024 18:46:00,3526.56400761621
09-03-2024 18:56:00,3530.23576077775
09-03-2024 19:06:00,3523.63008874335
09-03-2024 19:16:00,3504.44273384612
09-03-2024 19:26:00,3528.30893232843
09-03-2024 19:36:00,3529.50873244152
09-03-2024 19:46:00,3492.58765034713
09-03-2024 19:56:00,3546.04988388627
09-03-2024 20:06:00,3499.85773456189
09-03-2024 20:16:00,3541.92106561597
09-03-2024 20:26:00,3480.90629382447
09-03-2024 20:36:00,3512.07269656212
09-03-2024 20:46:00,3498.30938254981
09-03-2024 20:56:00,3495.64529436659
09-03-2024 21:06:00,3502.63372262583
09-03-2024 21:16:00,3502.27147390042
09-03-2024 21:26:00,3507.62577418385
09-03-2024 21:36:00,3474.51870258851
09-03-2024 21:46:00,3462.40834522739
09-03-2024 21:56:00,3522.94657347825
09-03-2024 22:06:00,3498.57622126916
09-03-2024 22:16:00,3493.27592412775
09-03-2024 22:26:00,3515.45020151421
09-03-2024 22:36:00,3512.77410942625
09-03-2024 22:46:00,3501.98493897704
09-03-2024 22:56:00,3483.06842520737
09-03-2024 23:06:00,3500.25615349269
09-03-2024 23:16:00,3502.12116375952
09-03-2024 23:26:00,3486.66050872792
09-03-2024 23:36:00,3479.98031318898
09-03-2024 23:46:00,3484.50224497678
09-03-2024 23:56:00,3506.41837121506
09-04-2024 00:06:00,3548.70078851286
09-04-2024 00:16:00,3535.39040963326
09-04-2024 00:26:00,3533.91616623979
09-04-2024 00:36:00,3518.30711352355
09-04-2024 00:46:00,3539.31681645682
09-04-2024 00:56:00,3504.20795135275
09-04-2024 01:06:00,3513.98156705863
09-04-2024 01:16:00,3523.71494329998
09-04-2024 01:26:00,3536.47758638821
09-04-2024 01:36:00,3493.81080582303
09-04-2024 01:46:00,3588.57186515373
09-04-2024 01:56:00,3540.25463231746
09-04-2024 02:06:00,3657.00290915061
09-04-2024 02:16:00,3680.06703499765
09-04-2024 02:26:00,3661.32445915051
09-04-2024 02:36:00,3644.06141328473
09-04-2024 02:46:00,3704.72685824455
09-04-2024 02:56:00,3697.0479956436
09-04-2024 03:06:00,3669.19332966478
09-04-2024 03:16:00,3670.09353710041
09-04-2024 03:26:00,3665.91538268832
09-04-2024 03:36:00,3669.32966795262
09-04-2024 03:46:00,3643.32815289143
09-04-2024 03:56:00,3664.91791201047
09-04-2024 04:06:00,3654.20105070434
09-04-2024 04:16:00,3656.87082310297
09-04-2024 04:26:00,3646.3790083703
09-04-2024 04:36:00,3626.29135804448
09-04-2024 04:46:00,3664.05392972722
09-04-2024 04:56:00,3642.80164528907
09-04-2024 05:06:00,3634.70000091097
09-04-2024 05:16:00,3648.01551522136
09-04-2024 05:26:00,3674.41167642814
09-04-2024 05:36:00,3644.52944324231
09-04-2024 05:46:00,3625.61266572512
09-04-2024 05:56:00,3608.03206685248
09-04-2024 06:06:00,3627.4712566123
09-04-2024 06:16:00,3663.50196537399
09-04-2024 06:26:00,3588.67085051685
09-04-2024 06:36:00,3634.05531474262
09-04-2024 06:46:00,3621.65629466596
09-04-2024 06:56:00,3652.27753544467
09-04-2024 07:06:00,3650.88188388866
09-04-2024 07:16:00,3625.87639936936
09-04-2024 07:26:00,3694.03894733499
09-04-2024 07:36:00,3663.47584883462
09-04-2024 07:46:00,3658.9174423298
09-04-2024 07:56:00,3674.95824456289
09-04-2024 08:06:00,3646.18696489486
09-04-2024 08:16:00,3616.80214643493
09-04-2024 08:26:00,3636.91895890993
09-04-2024 08:36:00,3656.79841703974
09-04-2024 08:46:00,3615.84475248324
09-04-2024 08:56:00,3663.85310487602
09-04-2024 09:06:00,3619.92418576772
09-04-2024 09:16:00,3595.45561091438
09-04-2024 09:26:00,3608.42411783787
09-04-2024 09:36:00,3568.63776676906
09-04-2024 09:46:00,3597.62687822856
09-04-2024 09:56:00,3585.39418271341
09-04-2024 10:06:00,3493.39472321909
09-04-2024 10:16:00,3468.94501067007
09-04-2024 10:26:00,3549.53267124611
09-04-2024 10:36:00,3475.59580507587
09-04-2024 10:46:00,3484.55549962851
09-04-2024 10:56:00,3476.5468458145
09-04-2024 11:06:00,3480.69573906511
09-04-2024 11:16:00,3470.01434860373
09-04-2024 11:26:00,3475.15369336569
09-04-2024 11:36:00,3496.00451164194
09-04-2024 11:46:00,3507.67404367792
09-04-2024 11:56:00,3474.26476953083
09-04-2024 12:06:00,3482.23089446123
09-04-2024 12:16:00,3485.67904129831
09-04-2024 12:26:00,3524.95460171259
09-04-2024 12:36:00,3487.2290831146
09-04-2024 12:46:00,3477.44638985307
09-04-2024 12:56:00,3478.31941469133
09-04-2024 13:06:00,3469.89264213538
09-04-2024 13:16:00,3463.28353350879
09-04-2024 13:26:00,3513.23004312162
09-04-2024 13:36:00,3496.83548739278
09-04-2024 13:46:00,3494.9252956825
09-04-2024 13:56:00,3488.1767340025
09-04-2024 14:06:00,3486.36343314791
09-04-2024 14:16:00,3480.99034500234
09-04-2024 14:26:00,3479.76300881895
09-04-2024 14:36:00,3469.86280906156
09-04-2024 14:46:00,3467.35887236146
09-04-2024 14:56:00,3442.77871459222
09-04-2024 15:06:00,3452.92158984893
09-04-2024 15:16:00,3441.88433262329
09-04-2024 15:26:00,3453.78839463946
09-04-2024 15:36:00,3456.12049850287
09-04-2024 15:46:00,3472.64995355036
09-04-2024 15:56:00,3460.61441664838
09-04-2024 16:06:00,3461.4959763964
09-04-2024 16:16:00,3440.86282732207
09-04-2024 16:26:00,3487.85196125578
09-04-2024 16:36:00,3454.64538632207
09-04-2024 16:46:00,3468.65004297604
09-04-2024 16:56:00,3478.44149060978
09-04-2024 17:06:00,3493.93989124519
09-04-2024 17:16:00,3491.78313491286
09-04-2024 17:26:00,3490.48917373872
09-04-2024 17:36:00,3488.50307164744
09-04-2024 17:46:00,3472.18805304556
09-04-2024 17:56:00,3490.23765745018
09-04-2024 18:06:00,3476.78692335441
09-04-2024 18:16:00,3457.01934930672
09-04-2024 18:26:00,3470.92381747533
09-04-2024 18:36:00,3461.0191349792
09-04-2024 18:46:00,3470.49382277639
09-04-2024 18:56:00,3463.66587887972
09-04-2024 19:06:00,3454.68065353671
09-04-2024 19:16:00,3456.66050649475
09-04-2024 19:26:00,3474.25550000016
09-04-2024 19:36:00,3436.63684814813
09-04-2024 19:46:00,3490.84244092491
09-04-2024 19:56:00,3480.00235063115
09-04-2024 20:06:00,3465.80622824431
09-04-2024 20:16:00,3473.72113310301
09-04-2024 20:26:00,3434.76215760285
09-04-2024 20:36:00,3438.93497803777
09-04-2024 20:46:00,3444.55137060027
09-04-2024 20:56:00,3470.24462390219
09-04-2024 21:06:00,3424.67944713455
09-04-2024 21:16:00,3450.98503881549
09-04-2024 21:26:00,3453.71757089349
09-04-2024 21:36:00,3457.11909171134
09-04-2024 21:46:00,3434.75633304137
09-04-2024 21:56:00,3434.71758883048
09-04-2024 22:06:00,3463.00089740473
09-04-2024 22:16:00,3460.1476350168
09-04-2024 22:26:00,3455.61389894669
09-04-2024 22:36:00,3445.13319636583
09-04-2024 22:46:00,3423.3118332376
09-04-2024 22:56:00,3401.17185669147
09-04-2024 23:06:00,3379.97328447287
09-04-2024 23:16:00,3424.02766221594
09-04-2024 23:26:00,3449.60070113344
09-04-2024 23:36:00,3463.795484572
09-04-2024 23:46:00,3495.67192463516
09-04-2024 23:56:00,3504.16374018683
09-07-2024 00:06:00,3635.99475974434
09-07-2024 00:16:00,3628.72487574392
09-07-2024 00:26:00,3606.37116458628
09-07-2024 00:36:00,3619.35786618
09-07-2024 00:46:00,3671.60286666123
09-07-2024 00:56:00,3670.79088193527
09-07-2024 01:06:00,3678.25047614881
09-07-2024 01:16:00,3631.64819858415
09-07-2024 01:26:00,3693.02720925071
09-07-2024 01:36:00,3577.25834079985
09-07-2024 01:46:00,3601.26947529957
09-07-2024 01:56:00,3711.45618352172
09-07-2024 02:06:00,3686.08832129782
09-07-2024 02:16:00,3778.52656751391
09-07-2024 02:26:00,3679.79658588799
09-07-2024 02:36:00,3789.28909509282
09-07-2024 02:46:00,3783.6770452555
09-07-2024 02:56:00,3691.93215466775
09-07-2024 03:06:00,3670.73809321709
09-07-2024 03:16:00,3764.08995545507
09-07-2024 03:26:00,3610.75202913322
09-07-2024 03:36:00,3704.98787251703
09-07-2024 03:46:00,3755.64292008738
09-07-2024 03:56:00,3712.33468208247
09-07-2024 04:06:00,3686.62015360406
09-07-2024 04:16:00,3639.61145667084
09-07-2024 04:26:00,3720.21599021503
09-07-2024 04:36:00,3717.50709553804
09-07-2024 04:46:00,3701.75811446847
09-07-2024 04:56:00,3718.02246278058
09-07-2024 05:06:00,3690.612564289
09-07-2024 05:16:00,3689.98596581191
09-07-2024 05:26:00,3678.65557223534
09-07-2024 05:36:00,3735.08652078773
09-07-2024 05:46:00,3747.6591401842
09-07-2024 05:56:00,3693.46276965263
09-07-2024 06:06:00,3711.01102724485
09-07-2024 06:16:00,3718.2781309756
09-07-2024 06:26:00,3775.82224770835
09-07-2024 06:36:00,3688.11762720458
09-07-2024 06:46:00,3702.86105654456
09-07-2024 06:56:00,3744.65745039248
09-07-2024 07:06:00,3731.66976874039
09-07-2024 07:16:00,3661.83280107385
09-07-2024 07:26:00,3591.99594325009
09-07-2024 07:36:00,3755.10750544742
09-07-2024 07:46:00,3693.22462150668
09-07-2024 07:56:00,3735.53689342651
09-07-2024 08:06:00,3663.86227522244
09-07-2024 08:16:00,3680.56924301423
09-07-2024 08:26:00,3719.9560049753
09-07-2024 08:36:00,3638.53461132495
09-07-2024 08:46:00,3615.71760005497
09-07-2024 08:56:00,3642.11823426948
09-07-2024 09:06:00,3613.27807781726
09-07-2024 09:16:00,3612.75316594893
09-07-2024 09:26:00,3637.46752566875
09-07-2024 09:36:00,3643.25262392232
09-07-2024 09:46:00,3657.83016295456
09-07-2024 09:56:00,3658.34008233217
09-07-2024 10:06:00,3644.3414917593
09-07-2024 10:16:00,3655.99784220175
09-07-2024 10:26:00,3637.72707636191
09-07-2024 10:36:00,3650.60104726518
09-07-2024 10:46:00,3663.27234606444
09-07-2024 10:56:00,3653.79344265598
09-07-2024 11:06:00,3668.72231616595
09-07-2024 11:16:00,3642.43483071381
09-07-2024 11:26:00,3630.58173634279
09-07-2024 11:36:00,3642.53393402619
09-07-2024 11:46:00,3643.39947944509
09-07-2024 11:56:00,3653.16396012182
09-07-2024 12:06:00,3662.4205381076
09-07-2024 12:16:00,3667.71385396195
09-07-2024 12:26:00,3696.43411804858
09-07-2024 12:36:00,3679.15378749224
09-07-2024 12:46:00,3675.61784777669
09-07-2024 12:56:00,3665.7994213099
09-07-2024 13:06:00,3651.95290357872
09-07-2024 13:16:00,3658.98188898635
09-07-2024 13:26:00,3643.94664318757
09-07-2024 13:36:00,3638.97059060832
09-07-2024 13:46:00,3632.66019617489
09-07-2024 13:56:00,3636.50886048716
09-07-2024 14:06:00,3647.85808519302
09-07-2024 14:16:00,3640.55443033426
09-07-2024 14:26:00,3646.13849576413
09-07-2024 14:36:00,3660.43213186911
09-07-2024 14:46:00,3669.44566735269
09-07-2024 14:56:00,3607.56263378967
09-07-2024 15:06:00,3650.2191037364
09-07-2024 15:16:00,3638.18809448212
09-07-2024 15:26:00,3657.84044455489
09-07-2024 15:36:00,3611.22936484557
09-07-2024 15:46:00,3637.07773654364
09-07-2024 15:56:00,3611.14440881981
09-07-2024 16:06:00,3605.31564740345
09-07-2024 16:16:00,3619.70655842912
09-07-2024 16:26:00,3613.9945185145
09-07-2024 16:36:00,3613.44832184746
09-07-2024 16:46:00,3626.1904769562
09-07-2024 16:56:00,3640.7206244873
09-07-2024 17:06:00,3637.82181079279
09-07-2024 17:16:00,3637.74894747349
09-07-2024 17:26:00,3643.54642389397
09-07-2024 17:36:00,3630.50006143831
09-07-2024 17:46:00,3644.24529961895
09-07-2024 17:56:00,3637.77074456805
09-07-2024 18:06:00,3635.46212749616
09-07-2024 18:16:00,3640.40357859771
09-07-2024 18:26:00,3631.15179490175
09-07-2024 18:36:00,3622.41507718873
09-07-2024 18:46:00,3626.0935503647
09-07-2024 18:56:00,3644.66131198182
09-07-2024 19:06:00,3649.38288535415
09-07-2024 19:16:00,3621.08923770676
09-07-2024 19:26:00,3623.08644365745
09-07-2024 19:36:00,3643.22475414367
09-07-2024 19:46:00,3637.65649269029
09-07-2024 19:56:00,3630.25483468682
09-07-2024 20:06:00,3616.63225454859
09-07-2024 20:16:00,3619.50983867635
09-07-2024 20:26:00,3599.12175309123
09-07-2024 20:36:00,3603.50869527053
09-07-2024 20:46:00,3599.66435174784
09-07-2024 20:56:00,3588.39570075125
09-07-2024 21:06:00,3576.83587043796
09-07-2024 21:16:00,3593.20197696825
09-07-2024 21:26:00,3583.30175349399
09-07-2024 21:36:00,3563.52531158207
09-07-2024 21:46:00,3605.40323553826
09-07-2024 21:56:00,3599.42266751615
09-07-2024 22:06:00,3560.78318061779
09-07-2024 22:16:00,3563.50269739243
09-07-2024 22:26:00,3558.25940962776
09-07-2024 22:36:00,3570.81925341318
09-07-2024 22:46:00,3561.68205368067
09-07-2024 22:56:00,3572.33281801921
09-07-2024 23:06:00,3565.74512750929
09-07-2024 23:16:00,3567.05124635652
09-07-2024 23:26:00,3598.58223510143
09-07-2024 23:36:00,3585.97758463069
09-07-2024 23:46:00,3610.67913520809
09-07-2024 23:56:00,3641.60292564744
09-10-2024 00:06:00,3523.83928442997
09-10-2024 00:16:00,3562.47352476624
09-10-2024 00:26:00,3556.62905801981
09-10-2024 00:36:00,3555.47558105159
09-10-2024 00:46:00,3544.50199708138
09-10-2024 00:56:00,3559.33607074958
09-10-2024 01:06:00,3537.96090477881
09-10-2024 01:16:00,3590.03735916802
09-10-2024 01:26:00,3604.46535636139
09-10-2024 01:36:00,3588.72622707122
09-10-2024 01:46:00,3642.42792618112
09-10-2024 01:56:00,3658.96248651692
09-10-2024 02:06:00,3690.25659712818
09-10-2024 02:16:00,3706.68031597781
09-10-2024 02:26:00,3725.42969280329
09-10-2024 02:36:00,3721.63431224422
09-10-2024 02:46:00,3727.85258580594
09-10-2024 02:56:00,3676.38715023303
09-10-2024 03:06:00,3718.17430109752
09-10-2024 03:16:00,3722.18302753129
09-10-2024 03:26:00,3680.27161761353
09-10-2024 03:36:00,3712.58632509571
09-10-2024 03:46:00,3722.03717447289
09-10-2024 03:56:00,3690.03796478179
09-10-2024 04:06:00,3709.11338264388
09-10-2024 04:16:00,3703.60421780251
09-10-2024 04:26:00,3694.02803492713
09-10-2024 04:36:00,3713.51512053212
09-10-2024 04:46:00,3734.93126664005
09-10-2024 04:56:00,3696.92133090506
09-10-2024 05:06:00,3777.40011869162
09-10-2024 05:16:00,3774.78934108351
09-10-2024 05:26:00,3771.45351621069
09-10-2024 05:36:00,3737.85444893474
09-10-2024 05:46:00,3768.95285487102
09-10-2024 05:56:00,3777.3671037279
09-10-2024 06:06:00,3795.7173559245
09-10-2024 06:16:00,3752.6341150122
09-10-2024 06:26:00,3789.04839136117
09-10-2024 06:36:00,3795.36032294068
09-10-2024 06:46:00,3790.24721423408
09-10-2024 06:56:00,3793.86024449484
09-10-2024 07:06:00,3744.14953974763
09-10-2024 07:16:00,3777.55065335115
09-10-2024 07:26:00,3797.16815601318
09-10-2024 07:36:00,3789.66972578871
09-10-2024 07:46:00,3797.67304363628
09-10-2024 07:56:00,3780.24497596759
09-10-2024 08:06:00,3778.82981455442
09-10-2024 08:16:00,3803.21536495359
09-10-2024 08:26:00,3775.66970908097
09-10-2024 08:36:00,3660.66986125477
09-10-2024 08:46:00,3708.73193606901
09-10-2024 08:56:00,3671.67807271036
09-10-2024 09:06:00,3662.47079623931
09-10-2024 09:16:00,3716.9831841157
09-10-2024 09:26:00,3643.64891215688
09-10-2024 09:36:00,3695.54620732122
09-10-2024 09:46:00,3692.59709803053
09-10-2024 09:56:00,3696.62787063771
09-10-2024 10:06:00,3683.95522113697
09-10-2024 10:16:00,3699.43247950154
09-10-2024 10:26:00,3724.70966362034
09-10-2024 10:36:00,3714.24679951748
09-10-2024 10:46:00,3729.29244421116
09-10-2024 10:56:00,3720.58072702428
09-10-2024 11:06:00,3704.77239031007
09-10-2024 11:16:00,3694.63659340392
09-10-2024 11:26:00,3714.07114755831
09-10-2024 11:36:00,3694.81175454552
09-10-2024 11:46:00,3716.6341428641
09-10-2024 11:56:00,3697.96397635593
09-10-2024 12:06:00,3708.60765941366
09-10-2024 12:16:00,3700.01401756058
09-10-2024 12:26:00,3703.49403582097
09-10-2024 12:36:00,3688.74776055584
09-10-2024 12:46:00,3698.99225468692
09-10-2024 12:56:00,3695.84124870902
09-10-2024 13:06:00,3696.97089699043
09-10-2024 13:16:00,3707.23224244762
09-10-2024 13:26:00,3695.70343012973
09-10-2024 13:36:00,3709.01452572808
09-10-2024 13:46:00,3698.33989011913
09-10-2024 13:56:00,3695.72192341009
09-10-2024 14:06:00,3697.05159234442
09-10-2024 14:16:00,3699.14047109945
09-10-2024 14:26:00,3691.56474338479
09-10-2024 14:36:00,3713.71285508912
09-10-2024 14:46:00,3717.98665193376
09-10-2024 14:56:00,3727.79959506377
09-10-2024 15:06:00,3713.46783264808
09-10-2024 15:16:00,3717.68286362826
09-10-2024 15:26:00,3746.75683753168
09-10-2024 15:36:00,3757.56277140385
09-10-2024 15:46:00,3756.22655691925
09-10-2024 15:56:00,3783.00502734398
09-10-2024 16:06:00,3802.99887112284
09-10-2024 16:16:00,3795.9438775183
09-10-2024 16:26:00,3793.57028228241
09-10-2024 16:36:00,3763.35868453737
09-10-2024 16:46:00,3758.74249585828
09-10-2024 16:56:00,3732.64338726753
09-10-2024 17:06:00,3721.81109557564
09-10-2024 17:16:00,3723.71543423803
09-10-2024 17:26:00,3723.29760404582
09-10-2024 17:36:00,3698.11733344284
09-10-2024 17:46:00,3673.79283494047
09-10-2024 17:56:00,3675.57870287695
09-10-2024 18:06:00,3679.03579753007
09-10-2024 18:16:00,3690.01307066283
09-10-2024 18:26:00,3678.47004909551
09-10-2024 18:36:00,3682.45355031245
09-10-2024 18:46:00,3651.70911878406
09-10-2024 18:56:00,3712.44526187625
09-10-2024 19:06:00,3690.19759264611
09-10-2024 19:16:00,3699.31498443634
09-10-2024 19:26:00,3506.01661162628
09-10-2024 19:36:00,3633.8688119787
09-10-2024 19:46:00,3642.2795951126
09-10-2024 19:56:00,3508.12860336643
09-10-2024 20:06:00,3459.52797869187
09-10-2024 20:16:00,3507.87807158282
09-10-2024 20:26:00,3500.12555071987
09-10-2024 20:36:00,3504.32077042124
09-10-2024 20:46:00,3498.23512150924
09-10-2024 20:56:00,3474.74221878963
09-10-2024 21:06:00,3516.42420446891
09-10-2024 21:16:00,3524.0302071255
09-10-2024 21:26:00,3498.01206406767
09-10-2024 21:36:00,3598.9312121522
09-10-2024 21:46:00,3580.57424893427
09-10-2024 21:56:00,3590.85964354794
09-10-2024 22:06:00,3576.21480101911
09-10-2024 22:16:00,3584.54934522244
09-10-2024 22:26:00,3605.74964808408
09-10-2024 22:36:00,3590.74724611897
09-10-2024 22:46:00,3615.7698988776
09-10-2024 22:56:00,3626.20517053584
09-10-2024 23:06:00,3595.04042396656
09-10-2024 23:16:00,3592.18929688231
09-10-2024 23:26:00,3600.42103253073
09-10-2024 23:36:00,3571.12582903724
09-10-2024 23:46:00,3593.83842746069
09-10-2024 23:56:00,3595.81515179139
09-11-2024 00:06:00,3576.80783046381
09-11-2024 00:16:00,3583.40202765906
09-11-2024 00:26:00,3607.72362471958
09-11-2024 00:36:00,3568.79097327278
09-11-2024 00:46:00,3583.88022206126
09-11-2024 00:56:00,3556.64258256364
09-11-2024 01:06:00,3539.85277652286
09-11-2024 01:16:00,3557.24651111097
09-11-2024 01:26:00,3580.97079437532
09-11-2024 01:36:00,3604.76918899215
09-11-2024 01:46:00,3617.89132165486
09-11-2024 01:56:00,3653.18730234598
09-11-2024 02:06:00,3700.39625394312
09-11-2024 02:16:00,3637.87820066861
09-11-2024 02:26:00,3745.15111481685
09-11-2024 02:36:00,3773.26920030497
09-11-2024 02:46:00,3742.29951772914
09-11-2024 02:56:00,3721.91023692133
09-11-2024 03:06:00,3763.47767474941
09-11-2024 03:16:00,3768.9901415639
09-11-2024 03:26:00,3759.99188772009
09-11-2024 03:36:00,3794.52749781273
09-11-2024 03:46:00,3795.74557639871
09-11-2024 03:56:00,3796.4418469842
09-11-2024 04:06:00,3696.22237293265
09-11-2024 04:16:00,3733.64301059154
09-11-2024 04:26:00,3766.96778707647
09-11-2024 04:36:00,3793.31577024276
09-11-2024 04:46:00,3797.05280517087
09-11-2024 04:56:00,3810.65684222411
09-11-2024 05:06:00,3714.2421318267
09-11-2024 05:16:00,3804.50699634832
09-11-2024 05:26:00,3812.58955886088
09-11-2024 05:36:00,3495.59560097825
09-11-2024 05:46:00,3613.06043643449
09-11-2024 05:56:00,3620.4390256055
09-11-2024 06:06:00,3632.73950204276
09-11-2024 06:16:00,3632.67592661995
09-11-2024 06:26:00,3637.86128700446
09-11-2024 06:36:00,3617.05723455547
09-11-2024 06:46:00,3560.27478356226
09-11-2024 06:56:00,3587.24255069613
09-11-2024 07:06:00,3597.87437500324
09-11-2024 07:16:00,3583.17589625267
09-11-2024 07:26:00,3664.51132221929
09-11-2024 07:36:00,3661.96321040358
09-11-2024 07:46:00,3532.97263861848
09-11-2024 07:56:00,3692.17267590806
09-11-2024 08:06:00,3699.16042112451
09-11-2024 08:16:00,3695.54002321908
09-11-2024 08:26:00,3671.03054034961
09-11-2024 08:36:00,3715.43593445464
09-11-2024 08:46:00,3733.2805696879
09-11-2024 08:56:00,3641.49095880447
09-11-2024 09:06:00,3641.76462899777
09-11-2024 09:16:00,3574.91843188141
09-11-2024 09:26:00,3621.20635137665
09-11-2024 09:36:00,3634.70090784476
09-11-2024 09:46:00,3557.78353997913
09-11-2024 09:56:00,3573.70597981153
09-11-2024 10:06:00,3553.51437087989
09-11-2024 10:16:00,3508.99561109857
09-11-2024 10:26:00,3551.16455130768
09-11-2024 10:36:00,3590.31248719575
09-11-2024 10:46:00,3574.61052475077
09-11-2024 10:56:00,3446.40388801644
09-11-2024 11:06:00,3488.69410480195
09-11-2024 11:16:00,3502.83471238272
09-11-2024 11:26:00,3460.99721688561
09-11-2024 11:36:00,3488.25514880245
09-11-2024 11:46:00,3480.64657497777
09-11-2024 11:56:00,3485.28501361098
09-11-2024 12:06:00,3474.72753548616
09-11-2024 12:16:00,3482.04903640635
09-11-2024 12:26:00,3474.77781310203
09-11-2024 12:36:00,3464.50216546188
09-11-2024 12:46:00,3487.48387839492
09-11-2024 12:56:00,3443.96430049265
09-11-2024 13:06:00,3521.11726860481
09-11-2024 13:16:00,3517.67304309142
09-11-2024 13:26:00,3522.55823020364
09-11-2024 13:36:00,3529.360308092
09-11-2024 13:46:00,3533.10659195264
09-11-2024 13:56:00,3534.51925448634
09-11-2024 14:06:00,3493.33712444811
09-11-2024 14:16:00,3479.24970829146
09-11-2024 14:26:00,3458.22220661669
09-11-2024 14:36:00,3414.7726290824
09-11-2024 14:46:00,3473.7341022717
09-11-2024 14:56:00,3455.72744676878
09-11-2024 15:06:00,3447.97909567513
09-11-2024 15:16:00,3442.76658076278
09-11-2024 15:26:00,3394.91770524396
09-11-2024 15:36:00,3447.35106237562
09-11-2024 15:46:00,3415.92198551412
09-11-2024 15:56:00,3467.19263740982
09-11-2024 16:06:00,3441.71371187464
09-11-2024 16:16:00,3441.36872500502
09-11-2024 16:26:00,3394.96063428813
09-11-2024 16:36:00,3411.45961209931
09-11-2024 16:46:00,3407.23671719406
09-11-2024 16:56:00,3416.75007253965
09-11-2024 17:06:00,3441.67108952738
09-11-2024 17:16:00,3511.57735822508
09-11-2024 17:26:00,3455.28271327766
09-11-2024 17:36:00,3429.4925530174
09-11-2024 17:46:00,3422.68329629962
09-11-2024 17:56:00,3401.65174750566
09-11-2024 18:06:00,3418.77344448894
09-11-2024 18:16:00,3400.59345457782
09-11-2024 18:26:00,3378.63352576313
09-11-2024 18:36:00,3420.77389828536
09-11-2024 18:46:00,3439.59575993989
09-11-2024 18:56:00,3430.81178353821
09-11-2024 19:06:00,3410.28174440799
09-11-2024 19:16:00,3421.45532603463
09-11-2024 19:26:00,3343.40165610567
09-11-2024 19:36:00,3307.12183692415
09-11-2024 19:46:00,3304.8756213114
09-11-2024 19:56:00,3354.54578417965
09-11-2024 20:06:00,3345.47544217001
09-11-2024 20:16:00,3331.80917387171
09-11-2024 20:26:00,3394.99973148876
09-11-2024 20:36:00,3338.88169077837
09-11-2024 20:46:00,3322.34797095118
09-11-2024 20:56:00,3405.05191212693
09-11-2024 21:06:00,3330.27843825779
09-11-2024 21:16:00,3328.41110741913
09-11-2024 21:26:00,3335.90428040846
09-11-2024 21:36:00,3342.28682665598
09-11-2024 21:46:00,3292.7969643241
09-11-2024 21:56:00,3329.05842099366
09-11-2024 22:06:00,3331.64642012988
09-11-2024 22:16:00,3330.60758090484
09-11-2024 22:26:00,3319.86236928601
09-11-2024 22:36:00,3330.43277762248
09-11-2024 22:46:00,3332.88094463136
09-11-2024 22:56:00,3353.34168023907
09-11-2024 23:06:00,3330.94425356502
09-11-2024 23:16:00,3335.67448097687
09-11-2024 23:26:00,3315.69499984095
09-11-2024 23:36:00,3361.63799076126
09-11-2024 23:46:00,3338.98858103801
09-11-2024 23:56:00,3395.05990405237
09-12-2024 00:06:00,3394.5448595207
09-12-2024 00:16:00,3404.46348473049
09-12-2024 00:26:00,3371.33637907446
09-12-2024 00:36:00,3359.36926640472
09-12-2024 00:46:00,3379.41203008365
09-12-2024 00:56:00,3354.81820059524
09-12-2024 01:06:00,3381.01567688178
09-12-2024 01:16:00,3367.76751019901
09-12-2024 01:26:00,3359.80947369598
09-12-2024 01:36:00,3390.7302427375
09-12-2024 01:46:00,3364.59086501241
09-12-2024 01:56:00,3405.78199705757
09-12-2024 02:06:00,3436.96096238097
09-12-2024 02:16:00,3455.01450784037
09-12-2024 02:26:00,3507.74635402141
09-12-2024 02:36:00,3469.52190189209
09-12-2024 02:46:00,3486.31233212737
09-12-2024 02:56:00,3492.33500483578
09-12-2024 03:06:00,3475.15125342625
09-12-2024 03:16:00,3498.37585223825
09-12-2024 03:26:00,3432.88622956239
09-12-2024 03:36:00,3507.50210021485
09-12-2024 03:46:00,3479.82570028666
09-12-2024 03:56:00,3531.04495363908
09-12-2024 04:06:00,3536.77129094436
09-12-2024 04:16:00,3457.1118272791
09-12-2024 04:26:00,3504.9728587019
09-12-2024 04:36:00,3487.76041713935
09-12-2024 04:46:00,3575.60960023362
09-12-2024 04:56:00,3461.30269034532
09-12-2024 05:06:00,3563.10705321741
09-12-2024 05:16:00,3498.25568842608
09-12-2024 05:26:00,3519.63074205248
09-12-2024 05:36:00,3504.25768573329
09-12-2024 05:46:00,3521.86929603452
09-12-2024 05:56:00,3548.12763990718
09-12-2024 06:06:00,3531.02228698444
09-12-2024 06:16:00,3563.29870501366
09-12-2024 06:26:00,3554.59700919552
09-12-2024 06:36:00,3587.14472409865
09-12-2024 06:46:00,3563.91516252778
09-12-2024 06:56:00,3517.34042081046
09-12-2024 07:06:00,3471.46493121286
09-12-2024 07:16:00,3577.76894788938
09-12-2024 07:26:00,3585.93632481778
09-12-2024 07:36:00,3571.18191420796
09-12-2024 07:46:00,3509.23204144224
09-12-2024 07:56:00,3569.80919991149
09-12-2024 08:06:00,3500.81712711933
09-12-2024 08:16:00,3492.18126622516
09-12-2024 08:26:00,3452.61831551269
09-12-2024 08:36:00,3544.81617292875
09-12-2024 08:46:00,3509.33648959331
09-12-2024 08:56:00,3424.80517810667
09-12-2024 09:06:00,3518.70324687775
09-12-2024 09:16:00,3443.92955335105
09-12-2024 09:26:00,3495.55479136578
09-12-2024 09:36:00,3483.020069058
09-12-2024 09:46:00,3508.68175701212
09-12-2024 09:56:00,3375.08579518614
09-12-2024 10:06:00,3471.97866415608
09-12-2024 10:16:00,3364.07650108386
09-12-2024 10:26:00,3457.69199086145
09-12-2024 10:36:00,3362.90597232237
09-12-2024 10:46:00,3365.6252723767
09-12-2024 10:56:00,3453.38911556256
09-12-2024 11:06:00,3482.08523309566
09-12-2024 11:16:00,3450.42182449155
09-12-2024 11:26:00,3400.80388476499
09-12-2024 11:36:00,3475.11632862839
09-12-2024 11:46:00,3445.80567769494
09-12-2024 11:56:00,3405.31032252893
09-12-2024 12:06:00,3402.16891503558
09-12-2024 12:16:00,3390.46115408054
09-12-2024 12:26:00,3388.51028778441
09-12-2024 12:36:00,3449.49266031237
09-12-2024 12:46:00,3411.4221088377
09-12-2024 12:56:00,3484.81048358545
09-12-2024 13:06:00,3461.96516130152
09-12-2024 13:16:00,3387.34007145191
09-12-2024 13:26:00,3447.27204674189
09-12-2024 13:36:00,3455.86316735908
09-12-2024 13:46:00,3454.6868536962
09-12-2024 13:56:00,3359.33126116221
09-12-2024 14:06:00,3431.70746313008
09-12-2024 14:16:00,3421.68409764148
09-12-2024 14:26:00,3367.04941554416
09-12-2024 14:36:00,3350.18456706836
09-12-2024 14:46:00,3415.58094515611
09-12-2024 14:56:00,3420.12310599424
09-12-2024 15:06:00,3417.35084701879
09-12-2024 15:16:00,3339.96819593454
09-12-2024 15:26:00,3370.69110331622
09-12-2024 15:36:00,3338.58354604694
09-12-2024 15:46:00,3333.06310931412
09-12-2024 15:56:00,3410.60818369136
09-12-2024 16:06:00,3345.83511537315
09-12-2024 16:16:00,3401.18782227499
09-12-2024 16:26:00,3314.37735554826
09-12-2024 16:36:00,3332.01589572774
09-12-2024 16:46:00,3313.88740765392
09-12-2024 16:56:00,3322.25123350369
09-12-2024 17:06:00,3332.62771410272
09-12-2024 17:16:00,3429.05899911495
09-12-2024 17:26:00,3407.89599103181
09-12-2024 17:36:00,3417.36986538825
09-12-2024 17:46:00,3374.43726166733
09-12-2024 17:56:00,3371.27843828564
09-12-2024 18:06:00,3431.22749257643
09-12-2024 18:16:00,3354.85926779572
09-12-2024 18:26:00,3337.66848386546
09-12-2024 18:36:00,3342.63140497345
09-12-2024 18:46:00,3329.56677057092
09-12-2024 18:56:00,3304.26716283407
09-12-2024 19:06:00,3411.28662425857
09-12-2024 19:16:00,3393.72707943559
09-12-2024 19:26:00,3416.9429295576
09-12-2024 19:36:00,3400.60391447087
09-12-2024 19:46:00,3427.84288707563
09-12-2024 19:56:00,3452.94327844934
09-12-2024 20:06:00,3416.21831575879
09-12-2024 20:16:00,3338.7753471009
09-12-2024 20:26:00,3336.18436475515
09-12-2024 20:36:00,3336.1969060458
09-12-2024 20:46:00,3333.53513683872
09-12-2024 20:56:00,3404.23173863958
09-12-2024 21:06:00,3361.28113571388
09-12-2024 21:16:00,3393.79981957436
09-12-2024 21:26:00,3348.17015797681
09-12-2024 21:36:00,3387.84811000105
09-12-2024 21:46:00,3397.73076721156
09-12-2024 21:56:00,3318.87571951446
09-12-2024 22:06:00,3385.34515721266
09-12-2024 22:16:00,3395.64697454966
09-12-2024 22:26:00,3395.12352732989
09-12-2024 22:36:00,3337.51108298493
09-12-2024 22:46:00,3316.33497356787
09-12-2024 22:56:00,3381.74577779401
09-12-2024 23:06:00,3388.71616650901
09-12-2024 23:16:00,3389.28741890756
09-12-2024 23:26:00,3386.72238638371
09-12-2024 23:36:00,3375.37931173722
09-12-2024 23:46:00,3375.43220129964
09-12-2024 23:56:00,3361.26024724403
09-14-2024 00:06:00,3554.05082915699
09-14-2024 00:16:00,3553.94253198932
09-14-2024 00:26:00,3553.77991098674
09-14-2024 00:36:00,3554.95699930579
09-14-2024 00:46:00,3579.68451517874
09-14-2024 00:56:00,3564.22182842922
09-14-2024 01:06:00,3563.80485567614
09-14-2024 01:16:00,3560.29643026852
09-14-2024 01:26:00,3553.49663225108
09-14-2024 01:36:00,3559.83148813165
09-14-2024 01:46:00,3587.12992203597
09-14-2024 01:56:00,3570.03346839187
09-14-2024 02:06:00,3561.95352106894
09-14-2024 02:16:00,3672.69657841973
09-14-2024 02:26:00,3680.99983225753
09-14-2024 02:36:00,3677.61773396142
09-14-2024 02:46:00,3695.62029332745
09-14-2024 02:56:00,3692.44116994158
09-14-2024 03:06:00,3693.06533014195
09-14-2024 03:16:00,3686.97229120493
09-14-2024 03:26:00,3700.53081705959
09-14-2024 03:36:00,3681.6596092518
09-14-2024 03:46:00,3689.77474639059
09-14-2024 03:56:00,3688.04290964293
09-14-2024 04:06:00,3680.77980560533
09-14-2024 04:16:00,3693.74327869222
09-14-2024 04:26:00,3692.36355827884
09-14-2024 04:36:00,3673.8547735404
09-14-2024 04:46:00,3645.54293491332
09-14-2024 04:56:00,3687.69533064099
09-14-2024 05:06:00,3701.60786197615
09-14-2024 05:16:00,3678.32610915037
09-14-2024 05:26:00,3672.58182727002
09-14-2024 05:36:00,3663.31438276282
09-14-2024 05:46:00,3693.23592288595
09-14-2024 05:56:00,3681.37432466201
09-14-2024 06:06:00,3698.88724574827
09-14-2024 06:16:00,3649.15998775147
09-14-2024 06:26:00,3656.88963846918
09-14-2024 06:36:00,3662.31761222089
09-14-2024 06:46:00,3676.96135051005
09-14-2024 06:56:00,3649.45786365546
09-14-2024 07:06:00,3642.17329970442
09-14-2024 07:16:00,3634.53380331688
09-14-2024 07:26:00,3643.67857110872
09-14-2024 07:36:00,3666.49582571408
09-14-2024 07:46:00,3640.92124552181
09-14-2024 07:56:00,3659.76547189667
09-14-2024 08:06:00,3656.86032779303
09-14-2024 08:16:00,3670.91831271201
09-14-2024 08:26:00,3637.096033885
09-14-2024 08:36:00,3668.77332840396
09-14-2024 08:46:00,3671.20396760786
09-14-2024 08:56:00,3630.34683812736
09-14-2024 09:06:00,3601.47343808498
09-14-2024 09:16:00,3651.56464113004
09-14-2024 09:26:00,3633.30173916263
09-14-2024 09:36:00,3608.94950902615
09-14-2024 09:46:00,3633.92183662849
09-14-2024 09:56:00,3625.0978931078
09-14-2024 10:06:00,3636.97814867021
09-14-2024 10:16:00,3618.26001197463
09-14-2024 10:26:00,3639.27634010509
09-14-2024 10:36:00,3660.09838032242
09-14-2024 10:46:00,3665.48492187362
09-14-2024 10:56:00,3665.25147476771
09-14-2024 11:06:00,3650.94757163151
09-14-2024 11:16:00,3655.02384881708
09-14-2024 11:26:00,3654.08379192271
09-14-2024 11:36:00,3658.47579839411
09-14-2024 11:46:00,3655.86208620049
09-14-2024 11:56:00,3665.81617557401
09-14-2024 12:06:00,3669.31131961786
09-14-2024 12:16:00,3672.45828711646
09-14-2024 12:26:00,3662.35841493981
09-14-2024 12:36:00,3641.18390869706
09-14-2024 12:46:00,3632.88991699322
09-14-2024 12:56:00,3628.00809744169
09-14-2024 13:06:00,3612.74768931695
09-14-2024 13:16:00,3623.07862280029
09-14-2024 13:26:00,3621.91256336656
09-14-2024 13:36:00,3607.24023032132
09-14-2024 13:46:00,3628.17243400448
09-14-2024 13:56:00,3614.77240975624
09-14-2024 14:06:00,3609.76135200119
09-14-2024 14:16:00,3609.56248180149
09-14-2024 14:26:00,3632.81055554347
09-14-2024 14:36:00,3645.35670039074
09-14-2024 14:46:00,3610.55394368554
09-14-2024 14:56:00,3608.35976342532
09-14-2024 15:06:00,3615.58346173465
09-14-2024 15:16:00,3582.2255486246
09-14-2024 15:26:00,3600.50238090909
09-14-2024 15:36:00,3607.26517502455
09-14-2024 15:46:00,3596.63437278209
09-14-2024 15:56:00,3578.69059750639
09-14-2024 16:06:00,3582.07963994405
09-14-2024 16:16:00,3577.13009956705
09-14-2024 16:26:00,3580.71722472495
09-14-2024 16:36:00,3586.86120018835
09-14-2024 16:46:00,3594.48615759707
09-14-2024 16:56:00,3593.16018961104
09-14-2024 17:06:00,3593.11048376615
09-14-2024 17:16:00,3597.30993478184
09-14-2024 17:26:00,3597.72367760415
09-14-2024 17:36:00,3588.61705941963
09-14-2024 17:46:00,3594.09548771042
09-14-2024 17:56:00,3592.77263154043
09-14-2024 18:06:00,3589.60675032749
09-14-2024 18:16:00,3585.67000321899
09-14-2024 18:26:00,3584.95559373956
09-14-2024 18:36:00,3576.81793529124
09-14-2024 18:46:00,3583.42362649325
09-14-2024 18:56:00,3591.82336623006
09-14-2024 19:06:00,3581.52151516593
09-14-2024 19:16:00,3572.08180723489
09-14-2024 19:26:00,3564.64104636955
09-14-2024 19:36:00,3573.1465646615
09-14-2024 19:46:00,3570.1148888829
09-14-2024 19:56:00,3576.77895884312
09-14-2024 20:06:00,3574.56785302541
09-14-2024 20:16:00,3566.55689166147
09-14-2024 20:26:00,3547.43566791619
09-14-2024 20:36:00,3546.14039762664
09-14-2024 20:46:00,3529.77683113938
09-14-2024 20:56:00,3534.95456335471
09-14-2024 21:06:00,3536.53488881639
09-14-2024 21:16:00,3532.86902392589
09-14-2024 21:26:00,3526.87748538459
09-14-2024 21:36:00,3537.82455096681
09-14-2024 21:46:00,3526.33033890316
09-14-2024 21:56:00,3533.0164327419
09-14-2024 22:06:00,3542.11802307362
09-14-2024 22:16:00,3557.61227186603
09-14-2024 22:26:00,3549.10107117677
09-14-2024 22:36:00,3545.17999431612
09-14-2024 22:46:00,3540.88932241882
09-14-2024 22:56:00,3545.15618826661
09-14-2024 23:06:00,3542.05697333627
09-14-2024 23:16:00,3543.84970191872
09-14-2024 23:26:00,3534.4544069851
09-14-2024 23:36:00,3538.98887339129
09-14-2024 23:46:00,3536.09274265482
09-14-2024 23:56:00,3541.97113275242
09-16-2024 00:06:00,3629.10994389793
09-16-2024 00:16:00,3627.31864684687
09-16-2024 00:26:00,3618.84331156162
09-16-2024 00:36:00,3615.48785066417
09-16-2024 00:46:00,3603.87418758478
09-16-2024 00:56:00,3603.19743734851
09-16-2024 01:06:00,3604.19808047097
09-16-2024 01:16:00,3611.31853096349
09-16-2024 01:26:00,3596.92870868036
09-16-2024 01:36:00,3597.97381577941
09-16-2024 01:46:00,3600.63903505201
09-16-2024 01:56:00,3602.75412578093
09-16-2024 02:06:00,3599.24362020265
09-16-2024 02:16:00,3597.96054568007
09-16-2024 02:26:00,3602.30326122909
09-16-2024 02:36:00,3600.21066990973
09-16-2024 02:46:00,3613.10076157469
09-16-2024 02:56:00,3615.96883645396
09-16-2024 03:06:00,3588.62677408712
09-16-2024 03:16:00,3607.08356313894
09-16-2024 03:26:00,3602.82225293027
09-16-2024 03:36:00,3599.11124454912
09-16-2024 03:46:00,3600.62013738631
09-16-2024 03:56:00,3614.21638372302
09-16-2024 04:06:00,3609.4497891946
09-16-2024 04:16:00,3606.80917583222
09-16-2024 04:26:00,3601.98659359459
09-16-2024 04:36:00,3600.15657982177
09-16-2024 04:46:00,3574.44955461197
09-16-2024 04:56:00,3588.60688031188
09-16-2024 05:06:00,3595.84037242495
09-16-2024 05:16:00,3592.75600901703
09-16-2024 05:26:00,3667.23034039952
09-16-2024 05:36:00,3679.15034143989
09-16-2024 05:46:00,3680.30005875902
09-16-2024 05:56:00,3684.73347815304
09-16-2024 06:06:00,3682.74980545232
09-16-2024 06:16:00,3683.79806530479
09-16-2024 06:26:00,3688.17983183084
09-16-2024 06:36:00,3690.79262842644
09-16-2024 06:46:00,3693.15271025724
09-16-2024 06:56:00,3695.71419913343
09-16-2024 07:06:00,3684.42563481836
09-16-2024 07:16:00,3673.13718034607
09-16-2024 07:26:00,3661.84883571657
09-16-2024 07:36:00,3650.56060092984
09-16-2024 07:46:00,3683.59320569583
09-16-2024 07:56:00,3698.96183965277
09-16-2024 08:06:00,3714.33058345249
09-16-2024 08:16:00,3711.71171840985
09-16-2024 08:26:00,3709.09296321
09-16-2024 08:36:00,3706.47431785294
09-16-2024 08:46:00,3699.40668146394
09-16-2024 08:56:00,3709.22203342467
09-16-2024 09:06:00,3707.09330895953
09-16-2024 09:16:00,3707.05647381279
09-16-2024 09:26:00,3707.01974850883
09-16-2024 09:36:00,3639.74298060544
09-16-2024 09:46:00,3639.22321525926
09-16-2024 09:56:00,3603.78789056371
09-16-2024 10:06:00,3622.01204242841
09-16-2024 10:16:00,3587.38033914898
09-16-2024 10:26:00,3648.54436706834
09-16-2024 10:36:00,3660.78072006359
09-16-2024 10:46:00,3636.37207666814
09-16-2024 10:56:00,3674.31498482606
09-16-2024 11:06:00,3574.19460516603
09-16-2024 11:16:00,3627.35132975117
09-16-2024 11:26:00,3637.45322481807
09-16-2024 11:36:00,3652.80816044172
09-16-2024 11:46:00,3663.97466432594
09-16-2024 11:56:00,3657.77977327783
09-16-2024 12:06:00,3671.48801415382
09-16-2024 12:16:00,3630.30010694365
09-16-2024 12:26:00,3664.95283543451
09-16-2024 12:36:00,3653.78234910958
09-16-2024 12:46:00,3659.96794081165
09-16-2024 12:56:00,3661.04559614883
09-16-2024 13:06:00,3640.02466037924
09-16-2024 13:16:00,3641.56413333794
09-16-2024 13:26:00,3643.91629137554
09-16-2024 13:36:00,3641.5660693376
09-16-2024 13:46:00,3639.56511451581
09-16-2024 13:56:00,3634.11197137911
09-16-2024 14:06:00,3628.14937687373
09-16-2024 14:16:00,3640.92618307515
09-16-2024 14:26:00,3628.01327678341
09-16-2024 14:36:00,3628.66284716051
09-16-2024 14:46:00,3623.98828029997
09-16-2024 14:56:00,3608.24763470047
09-16-2024 15:06:00,3628.85528878933
09-16-2024 15:16:00,3631.18692898011
09-16-2024 15:26:00,3670.16247482378
09-16-2024 15:36:00,3665.64329729762
09-16-2024 15:46:00,3636.56911232515
09-16-2024 15:56:00,3651.88730749844
09-16-2024 16:06:00,3637.18418638566
09-16-2024 16:16:00,3650.82918640913
09-16-2024 16:26:00,3625.26867816886
09-16-2024 16:36:00,3634.79954185739
09-16-2024 16:46:00,3638.79656642864
09-16-2024 16:56:00,3604.25882130067
09-16-2024 17:06:00,3612.55749801331
09-16-2024 17:16:00,3622.5817973438
09-16-2024 17:26:00,3625.20321980478
09-16-2024 17:36:00,3623.97037474142
09-16-2024 17:46:00,3621.96877656934
09-16-2024 17:56:00,3615.86508774395
09-16-2024 18:06:00,3623.19806456067
09-16-2024 18:16:00,3631.22979928569
09-16-2024 18:26:00,3619.42194714421
09-16-2024 18:36:00,3608.15781802341
09-16-2024 18:46:00,3584.89653918495
09-16-2024 18:56:00,3568.5945790747
09-16-2024 19:06:00,3565.53818252524
09-16-2024 19:16:00,3561.89535180678
09-16-2024 19:26:00,3562.08996830002
09-16-2024 19:36:00,3552.98829985151
09-16-2024 19:46:00,3549.03534453524
09-16-2024 19:56:00,3554.27794514214
09-16-2024 20:06:00,3551.23973226872
09-16-2024 20:16:00,3542.3970123914
09-16-2024 20:26:00,3553.54763919878
09-16-2024 20:36:00,3548.4337303292
09-16-2024 20:46:00,3549.26345017189
09-16-2024 20:56:00,3547.3061119912
09-16-2024 21:06:00,3547.62641385122
09-16-2024 21:16:00,3547.23346031385
09-16-2024 21:26:00,3550.06531818738
09-16-2024 21:36:00,3545.4571892712
09-16-2024 21:46:00,3544.31408031847
09-16-2024 21:56:00,3544.22633539552
09-16-2024 22:06:00,3539.27480820692
09-16-2024 22:16:00,3539.7623976344
09-16-2024 22:26:00,3540.046186229
09-16-2024 22:36:00,3541.14587417715
09-16-2024 22:46:00,3542.92383102937
09-16-2024 22:56:00,3547.59340011719
09-16-2024 23:06:00,3547.12805835197
09-16-2024 23:16:00,3540.44183625799
09-16-2024 23:26:00,3539.46679695116
09-16-2024 23:36:00,3536.35021513298
09-16-2024 23:46:00,3536.90514719324
09-16-2024 23:56:00,3528.85909085885
09-19-2024 00:06:00,3554.86953147976
09-19-2024 00:16:00,3553.89590056356
09-19-2024 00:26:00,3550.27256339988
09-19-2024 00:36:00,3557.33927061008
09-19-2024 00:46:00,3559.89622790353
09-19-2024 00:56:00,3560.50923791128
09-19-2024 01:06:00,3558.22434599609
09-19-2024 01:16:00,3560.22226488293
09-19-2024 01:26:00,3558.61570832292
09-19-2024 01:36:00,3553.98157493535
09-19-2024 01:46:00,3561.55809062311
09-19-2024 01:56:00,3565.4015324959
09-19-2024 02:06:00,3568.61166880772
09-19-2024 02:16:00,3561.72906274046
09-19-2024 02:26:00,3551.61685380498
09-19-2024 02:36:00,3562.19510176711
09-19-2024 02:46:00,3558.94625202807
09-19-2024 02:56:00,3551.43171385418
09-19-2024 03:06:00,3550.98241795093
09-19-2024 03:16:00,3561.5043378566
09-19-2024 03:26:00,3538.70726567459
09-19-2024 03:36:00,3628.56703350765
09-19-2024 03:46:00,3638.22992599488
09-19-2024 03:56:00,3641.13499025466
09-19-2024 04:06:00,3648.77524581158
09-19-2024 04:16:00,3654.66446120276
09-19-2024 04:26:00,3659.37695604262
09-19-2024 04:36:00,3647.4734877266
09-19-2024 04:56:00,3655.53513181363
09-19-2024 05:06:00,3660.04190666134
09-19-2024 05:16:00,3661.19255876408
09-19-2024 05:26:00,3666.09819817462
09-19-2024 05:36:00,3661.91983806828
09-19-2024 05:46:00,3667.32557552029
09-19-2024 05:56:00,3665.15895742283
09-19-2024 06:06:00,3665.3391309147
09-19-2024 06:16:00,3652.06522658485
09-19-2024 06:26:00,3652.4498516176
09-19-2024 06:36:00,3652.53351855477
09-19-2024 06:46:00,3656.83138536517
09-19-2024 06:56:00,3665.54099714702
09-19-2024 07:06:00,3669.13223190013
09-19-2024 07:16:00,3643.24590201544
09-19-2024 07:26:00,3620.17900178366
09-19-2024 07:36:00,3654.44386130383
09-19-2024 07:46:00,3632.98900575619
09-19-2024 07:56:00,3644.83176545279
09-19-2024 08:06:00,3624.42148359749
09-19-2024 08:16:00,3655.28837226415
09-19-2024 08:26:00,3651.60370742957
09-19-2024 08:36:00,3646.71920829774
09-19-2024 08:46:00,3625.2532520216
09-19-2024 08:56:00,3619.70506298929
09-19-2024 09:06:00,3622.39574775711
09-19-2024 09:16:00,3616.94863221115
09-19-2024 09:26:00,3619.63935073958
09-19-2024 09:36:00,3611.12113341091
09-19-2024 09:46:00,3602.13204210615
09-19-2024 09:56:00,3611.12887356676
09-19-2024 10:06:00,3608.31533070336
09-19-2024 10:16:00,3591.15087000538
09-19-2024 10:26:00,3601.17343981612
09-19-2024 10:36:00,3611.19598167317
09-19-2024 10:46:00,3621.21849557653
09-19-2024 10:56:00,3631.24098152621
09-19-2024 11:06:00,3641.2634395222
09-19-2024 11:16:00,3641.34183312351
09-19-2024 11:26:00,3635.27113699627
09-19-2024 11:36:00,3631.41043399783
09-19-2024 11:46:00,3636.65484654125
09-19-2024 11:56:00,3634.14861294432
09-19-2024 12:06:00,3630.04076081395
09-19-2024 12:16:00,3633.24542494908
09-19-2024 12:26:00,3666.20018177186
09-19-2024 12:36:00,3663.32992615834
09-19-2024 12:46:00,3618.85215057095
09-19-2024 12:56:00,3655.87386274288
09-19-2024 13:06:00,3628.70410318403
09-19-2024 13:16:00,3659.3460608367
09-19-2024 13:26:00,3656.46282684127
09-19-2024 13:36:00,3650.71587831006
09-19-2024 13:46:00,3630.36625763675
09-19-2024 13:56:00,3648.94494552816
09-19-2024 14:06:00,3611.30405401117
09-19-2024 14:16:00,3606.66692207939
09-19-2024 14:26:00,3608.42236503138
09-19-2024 14:36:00,3634.89893099856
09-19-2024 14:46:00,3642.84109044204
09-19-2024 14:56:00,3641.16936227221
09-19-2024 15:06:00,3645.43035128408
09-19-2024 15:16:00,3644.09818390937
09-19-2024 15:26:00,3652.48365539539
09-19-2024 15:36:00,3644.41721773561
09-19-2024 15:46:00,3642.58294842875
09-19-2024 15:56:00,3644.32498404641
09-19-2024 16:06:00,3646.21287349679
09-19-2024 16:16:00,3642.67843843334
09-19-2024 16:26:00,3637.03281300951
09-19-2024 16:36:00,3634.60575592155
09-19-2024 16:46:00,3631.72989359623
09-19-2024 16:56:00,3622.31813709776
09-19-2024 17:06:00,3620.14608138101
09-19-2024 17:16:00,3616.41742084612
09-19-2024 17:26:00,3617.0608000856
09-19-2024 17:36:00,3615.74513102407
09-19-2024 17:46:00,3602.86292635596
09-19-2024 17:56:00,3608.58670020582
09-19-2024 18:06:00,3613.60382195348
09-19-2024 18:16:00,3609.16936092943
09-19-2024 18:26:00,3606.14030052871
09-19-2024 18:36:00,3597.98353084902
09-19-2024 18:46:00,3598.92947090056
09-19-2024 18:56:00,3593.1846305436
09-19-2024 19:06:00,3587.73970406334
09-19-2024 19:16:00,3580.27886804962
09-19-2024 19:26:00,3572.81429850635
09-19-2024 19:36:00,3574.30892054308
09-19-2024 19:46:00,3564.9251609467
09-19-2024 19:56:00,3560.62217490942
09-19-2024 20:06:00,3557.57923362342
09-19-2024 20:16:00,3559.57538887418
09-19-2024 20:26:00,3558.0905233722
09-19-2024 20:36:00,3556.30193396162
09-19-2024 20:46:00,3550.42875158157
09-19-2024 20:56:00,3552.16920495036
09-19-2024 21:06:00,3543.92305079904
09-19-2024 21:16:00,3544.60580708675
09-19-2024 21:26:00,3543.16774709711
09-19-2024 21:36:00,3538.49601475845
09-19-2024 21:46:00,3540.14219223167
09-19-2024 21:56:00,3543.55311023517
09-19-2024 22:06:00,3535.5975549202
09-19-2024 22:16:00,3537.28970574949
09-19-2024 22:26:00,3536.61080988545
09-19-2024 22:36:00,3533.54962266167
09-19-2024 22:46:00,3531.45333562639
09-19-2024 22:56:00,3536.29233802601
09-19-2024 23:06:00,3531.36246613826
09-19-2024 23:16:00,3533.11069070864
09-19-2024 23:26:00,3533.396861776
09-19-2024 23:36:00,3532.51363781841
09-19-2024 23:46:00,3535.53324790489
09-19-2024 23:56:00,3539.46455200699
09-21-2024 00:06:00,3570.57486059681
09-21-2024 00:16:00,3569.45647495276
09-21-2024 00:26:00,3571.65809026597
09-21-2024 00:36:00,3574.06052736101
09-21-2024 00:46:00,3575.75847740571
09-21-2024 00:56:00,3576.45038311687
09-21-2024 01:06:00,3579.55580514919
09-21-2024 01:16:00,3582.91500860117
09-21-2024 01:26:00,3581.84957706216
09-21-2024 01:36:00,3583.94803219816
09-21-2024 01:46:00,3584.79242234841
09-21-2024 01:56:00,3590.9627738519
09-21-2024 02:06:00,3590.90147862526
09-21-2024 02:16:00,3591.49548173815
09-21-2024 02:26:00,3594.94948669551
09-21-2024 02:36:00,3598.8040734576
09-21-2024 02:46:00,3600.80146808702
09-21-2024 02:56:00,3620.86499819774
09-21-2024 03:06:00,3636.80454038803
09-21-2024 03:16:00,3647.06590224
09-21-2024 03:26:00,3652.90821697806
09-21-2024 03:36:00,3660.2505717607
09-21-2024 03:46:00,3662.33014831196
09-21-2024 03:56:00,3663.35318216477
09-21-2024 04:06:00,3669.02923587719
09-21-2024 04:16:00,3668.60158062236
09-21-2024 04:26:00,3672.82487574418
09-21-2024 04:36:00,3674.9441449802
09-21-2024 04:46:00,3676.46191085627
09-21-2024 04:56:00,3676.32433271314
09-21-2024 05:06:00,3682.0389860591
09-21-2024 05:16:00,3678.41136407125
09-21-2024 05:26:00,3685.52087169855
09-21-2024 05:36:00,3688.1762633082
09-21-2024 05:46:00,3688.58893288843
09-21-2024 05:56:00,3689.9993818431
09-21-2024 06:06:00,3691.05427525759
09-21-2024 06:16:00,3693.06139523736
09-21-2024 06:26:00,3694.12593072055
09-21-2024 06:36:00,3694.43664483786
09-21-2024 06:46:00,3696.49679564502
09-21-2024 06:56:00,3699.79510267747
09-21-2024 07:06:00,3697.76969213628
09-21-2024 07:16:00,3698.43357980926
09-21-2024 07:26:00,3698.99764212831
09-21-2024 07:36:00,3697.86966109583
09-21-2024 07:46:00,3698.38990284771
09-21-2024 07:56:00,3701.29766082735
09-21-2024 08:06:00,3700.1820670059
09-21-2024 08:16:00,3697.61843457431
09-21-2024 08:26:00,3692.56948384838
09-21-2024 08:36:00,3693.69795676598
09-21-2024 08:46:00,3685.57790016117
09-21-2024 08:56:00,3676.06556805469
09-21-2024 09:06:00,3661.58089532318
09-21-2024 09:16:00,3653.71167427013
09-21-2024 09:26:00,3641.91103669218
09-21-2024 09:36:00,3637.52069466017
09-21-2024 09:46:00,3619.45196758236
09-21-2024 09:56:00,3614.80907832619
09-21-2024 10:06:00,3610.26413689992
09-21-2024 10:16:00,3609.65024413678
09-21-2024 10:26:00,3607.69113477391
09-21-2024 10:36:00,3602.5457213167
09-21-2024 10:46:00,3601.28166153121
09-21-2024 10:56:00,3602.30751311094
09-21-2024 11:06:00,3599.59653355315
09-21-2024 11:16:00,3599.77342823007
09-21-2024 11:26:00,3589.93210936902
09-21-2024 11:36:00,3607.29772982337
09-21-2024 11:46:00,3607.22223477544
09-21-2024 11:56:00,3612.78443146346
09-21-2024 12:06:00,3625.89287812051
09-21-2024 12:16:00,3602.48666592285
09-21-2024 12:26:00,3593.30243858281
09-21-2024 12:36:00,3598.97045484142
09-21-2024 12:46:00,3603.19481871594
09-21-2024 12:56:00,3597.70665664149
09-21-2024 13:06:00,3566.5119792546
09-21-2024 13:16:00,3550.0725999473
09-21-2024 13:26:00,3550.58166875296
09-21-2024 13:36:00,3541.56018774143
09-21-2024 13:46:00,3546.13771148801
09-21-2024 13:56:00,3540.837786244
09-21-2024 14:06:00,3554.46386889402
09-21-2024 14:16:00,3565.38182983089
09-21-2024 14:26:00,3563.95367970958
09-21-2024 14:36:00,3558.16374064774
09-21-2024 14:46:00,3559.04393276153
09-21-2024 14:56:00,3556.66695590834
09-21-2024 15:06:00,3553.02877877013
09-21-2024 15:16:00,3548.64343994365
09-21-2024 15:26:00,3548.6758990911
09-21-2024 15:36:00,3546.09779678218
09-21-2024 15:46:00,3547.03384623472
09-21-2024 15:56:00,3543.85325721012
09-21-2024 16:06:00,3541.16019273604
09-21-2024 16:16:00,3530.48950257982
09-21-2024 16:26:00,3525.68412304787
09-21-2024 16:36:00,3514.38786424648
09-21-2024 16:46:00,3528.7960831776
09-21-2024 16:56:00,3541.40592593098
09-21-2024 17:06:00,3534.61149751815
09-21-2024 17:16:00,3545.42226891871
09-21-2024 17:26:00,3504.93783329256
09-21-2024 17:36:00,3494.69473272822
09-21-2024 17:46:00,3512.69789047817
09-21-2024 17:56:00,3485.91507278513
09-21-2024 18:06:00,3493.33916407797
09-21-2024 18:16:00,3494.81654013618
09-21-2024 18:26:00,3500.9394283463
09-21-2024 18:36:00,3472.32043504903
09-21-2024 18:46:00,3481.73475289526
09-21-2024 18:56:00,3494.22865919006
09-21-2024 19:06:00,3469.37270912574
09-21-2024 19:16:00,3484.7048605767
09-21-2024 19:26:00,3461.23967108618
09-21-2024 19:36:00,3494.26660150181
09-21-2024 19:46:00,3483.0451443775
09-21-2024 19:56:00,3487.68879782323
09-21-2024 20:06:00,3458.61131181506
09-21-2024 20:16:00,3452.39775964087
09-21-2024 20:26:00,3441.51298291931
09-21-2024 20:36:00,3439.41584025947
09-21-2024 20:46:00,3435.11886181762
09-21-2024 20:56:00,3432.71412625752
09-21-2024 21:06:00,3426.44862625046
09-21-2024 21:16:00,3427.90082789305
09-21-2024 21:26:00,3427.28754296101
09-21-2024 21:36:00,3423.93014287136
09-21-2024 21:46:00,3430.15979597317
09-21-2024 21:56:00,3428.29245364412
09-21-2024 22:06:00,3429.71202224295
09-21-2024 22:16:00,3433.57255819131
09-21-2024 22:26:00,3439.80567983478
09-21-2024 22:36:00,3440.10863308752
09-21-2024 22:46:00,3443.32654316203
09-21-2024 22:56:00,3448.44221222496
09-21-2024 23:06:00,3455.65782746805
09-21-2024 23:16:00,3456.639155185
09-21-2024 23:26:00,3457.95504476527
09-21-2024 23:36:00,3466.01970221596
09-21-2024 23:46:00,3461.02936049646
09-21-2024 23:56:00,3463.8700017754
09-22-2024 00:06:00,3465.38830215107
09-22-2024 00:16:00,3470.32609142784
09-22-2024 00:26:00,3479.22657944375
09-22-2024 00:36:00,3483.7539805643
09-22-2024 00:46:00,3487.49156350704
09-22-2024 00:56:00,3493.13283812224
09-22-2024 01:06:00,3500.56090659614
09-22-2024 01:16:00,3504.59493930986
09-22-2024 01:26:00,3512.56399724551
09-22-2024 01:36:00,3534.24868869415
09-22-2024 01:46:00,3557.70103400762
09-22-2024 01:56:00,3576.00893168062
09-22-2024 02:06:00,3581.93824185224
09-22-2024 02:16:00,3589.38372498821
09-22-2024 02:26:00,3595.81139850888
09-22-2024 02:36:00,3603.70616068852
09-22-2024 02:46:00,3605.11113980632
09-22-2024 02:56:00,3605.15191569549
09-22-2024 03:06:00,3608.83475190085
09-22-2024 03:16:00,3612.36134057257
09-22-2024 03:26:00,3615.53427603958
09-22-2024 03:36:00,3615.57182044156
09-22-2024 03:46:00,3618.33409524686
09-22-2024 03:56:00,3618.52060559481
09-22-2024 04:06:00,3622.79939642846
09-22-2024 04:16:00,3627.22586190851
09-22-2024 04:26:00,3630.08625051707
09-22-2024 04:36:00,3634.10481335994
09-22-2024 04:46:00,3640.59338294601
09-22-2024 04:56:00,3643.80027032699
09-22-2024 05:06:00,3643.32482389411
09-22-2024 05:16:00,3644.61399878719
09-22-2024 05:26:00,3646.25488570178
09-22-2024 05:36:00,3651.21917584894
09-22-2024 05:46:00,3651.74918489194
09-22-2024 05:56:00,3655.39981042109
09-22-2024 06:06:00,3652.15503332725
09-22-2024 06:16:00,3653.38874450587
09-22-2024 06:26:00,3654.62171125487
09-22-2024 06:36:00,3654.09526647552
09-22-2024 06:46:00,3659.95166302097
09-22-2024 06:56:00,3663.34047969137
09-22-2024 07:06:00,3665.0227310472
09-22-2024 07:16:00,3664.94471562037
09-22-2024 07:26:00,3664.71800657436
09-22-2024 07:36:00,3663.2868742296
09-22-2024 07:46:00,3663.46217412425
09-22-2024 07:56:00,3666.34259998395
09-22-2024 08:06:00,3665.61451365945
09-22-2024 08:16:00,3668.34806187847
09-22-2024 08:26:00,3668.57426684061
09-22-2024 08:36:00,3665.74120952179
09-22-2024 08:46:00,3662.60893118751
09-22-2024 08:56:00,3661.83404066221
09-22-2024 09:06:00,3651.44234062504
09-22-2024 09:16:00,3653.22440233088
09-22-2024 09:26:00,3643.58773964377
09-22-2024 09:36:00,3645.37013420069
09-22-2024 09:46:00,3634.7834920729
09-22-2024 09:56:00,3628.10281104443
09-22-2024 10:06:00,3631.6377657394
09-22-2024 10:16:00,3623.85533958349
09-22-2024 10:26:00,3617.87128000834
09-22-2024 10:36:00,3610.98354169895
09-22-2024 10:46:00,3610.35895482725
09-22-2024 10:56:00,3603.82229071316
09-22-2024 11:06:00,3590.16065403897
09-22-2024 11:16:00,3591.17463759792
09-22-2024 11:26:00,3582.66148604966
09-22-2024 11:36:00,3573.13947032218
09-22-2024 11:46:00,3592.70589103864
09-22-2024 11:56:00,3584.5649085718
09-22-2024 12:06:00,3606.36301678606
09-22-2024 12:16:00,3584.28621975121
09-22-2024 12:26:00,3569.82631290787
09-22-2024 12:36:00,3565.9779060516
09-22-2024 12:46:00,3595.12580106978
09-22-2024 12:56:00,3576.60807958787
09-22-2024 13:06:00,3578.60918584559
09-22-2024 13:16:00,3547.44419035044
09-22-2024 13:26:00,3511.0507935809
09-22-2024 13:36:00,3523.54673485393
09-22-2024 13:46:00,3512.81581840694
09-22-2024 13:56:00,3511.42312888733
09-22-2024 14:06:00,3506.95405093191
09-22-2024 14:16:00,3513.43624080169
09-22-2024 14:26:00,3513.09878918922
09-22-2024 14:36:00,3527.1957227888
09-22-2024 14:46:00,3537.40482675332
09-22-2024 14:56:00,3552.06507969422
09-22-2024 15:06:00,3557.3552016741
09-22-2024 15:16:00,3554.24565156184
09-22-2024 15:26:00,3554.88049317207
09-22-2024 15:36:00,3548.59126325687
09-22-2024 15:46:00,3541.4342030383
09-22-2024 15:56:00,3540.8128645407
09-22-2024 16:06:00,3539.52501561242
09-22-2024 16:16:00,3533.23801774554
09-22-2024 16:26:00,3522.98584125584
09-22-2024 16:36:00,3520.46259753366
09-22-2024 16:46:00,3523.91026620672
09-22-2024 16:56:00,3528.16886035166
09-22-2024 17:06:00,3503.16748427595
09-22-2024 17:16:00,3491.25891380013
09-22-2024 17:26:00,3488.52527079841
09-22-2024 17:36:00,3477.75908736916
09-22-2024 17:46:00,3466.37760003468
09-22-2024 17:56:00,3461.64512969164
09-22-2024 18:06:00,3453.49694117389
09-22-2024 18:16:00,3451.53169831912
09-22-2024 18:26:00,3454.3001005525
09-22-2024 18:36:00,3449.99911333854
09-22-2024 18:46:00,3457.67381880052
09-22-2024 18:56:00,3466.26868697626
09-22-2024 19:06:00,3461.72975661883
09-22-2024 19:16:00,3462.9796344922
09-22-2024 19:26:00,3460.30180969998
09-22-2024 19:36:00,3461.18040753413
09-22-2024 19:46:00,3451.07599224107
09-22-2024 19:56:00,3451.64671642303
09-22-2024 20:06:00,3447.80769634914
09-22-2024 20:16:00,3440.53957224418
09-22-2024 20:26:00,3437.20449285179
09-22-2024 20:36:00,3440.79286300048
09-22-2024 20:46:00,3435.6555047787
09-22-2024 20:56:00,3436.56282638078
09-22-2024 21:06:00,3437.60551250742
09-22-2024 21:16:00,3439.43077549609
09-22-2024 21:26:00,3427.69723466116
09-22-2024 21:36:00,3424.83086127917
09-22-2024 21:46:00,3428.28644786938
09-22-2024 21:56:00,3424.46896125295
09-22-2024 22:06:00,3427.92521212724
09-22-2024 22:16:00,3424.34277664296
09-22-2024 22:26:00,3427.02107727006
09-22-2024 22:36:00,3427.82559986471
09-22-2024 22:46:00,3431.04710247158
09-22-2024 22:56:00,3430.46032905429
09-22-2024 23:06:00,3437.86664724209
09-22-2024 23:16:00,3434.1487847689
09-22-2024 23:26:00,3434.48041683842
09-22-2024 23:36:00,3438.3843816202
09-22-2024 23:46:00,3439.73663225834
09-22-2024 23:56:00,3440.78265259999
09-26-2024 00:06:00,3547.93186036334
09-26-2024 00:16:00,3548.08494366646
09-26-2024 00:26:00,3553.59602205929
09-26-2024 00:36:00,3557.07092269482
09-26-2024 00:46:00,3561.86929274901
09-26-2024 00:56:00,3564.42787006554
09-26-2024 01:06:00,3570.71370771072
09-26-2024 01:16:00,3575.51160917465
09-26-2024 01:26:00,3578.02973419026
09-26-2024 01:36:00,3570.02435484564
09-26-2024 01:46:00,3579.21860345099
09-26-2024 01:56:00,3599.21237762249
09-26-2024 02:06:00,3615.63390483984
09-26-2024 02:16:00,3649.63138978372
09-26-2024 02:26:00,3665.97132881999
09-26-2024 02:36:00,3670.82165062948
09-26-2024 02:46:00,3672.82531506489
09-26-2024 02:56:00,3672.03828694145
09-26-2024 03:06:00,3673.48516463895
09-26-2024 03:16:00,3676.85930578273
09-26-2024 03:26:00,3676.68056615179
09-26-2024 03:36:00,3677.61756539455
09-26-2024 03:46:00,3683.62313287514
09-26-2024 03:56:00,3683.74654581587
09-26-2024 04:06:00,3688.58292861047
09-26-2024 04:16:00,3685.97030856449
09-26-2024 04:26:00,3685.13326734363
09-26-2024 04:36:00,3686.87542065446
09-26-2024 04:46:00,3690.08511578883
09-26-2024 04:56:00,3691.92560231679
09-26-2024 05:06:00,3684.76763948194
09-26-2024 05:16:00,3685.75182542222
09-26-2024 05:26:00,3686.98580980689
09-26-2024 05:36:00,3686.90621704805
09-26-2024 05:46:00,3691.57152270714
09-26-2024 05:56:00,3691.79334199777
09-26-2024 06:06:00,3694.73902411881
09-26-2024 06:16:00,3696.01743397486
09-26-2024 06:26:00,3698.91080561943
09-26-2024 06:36:00,3694.79337404208
09-26-2024 06:46:00,3700.05266276983
09-26-2024 06:56:00,3696.89553947966
09-26-2024 07:06:00,3704.11449652887
09-26-2024 07:16:00,3702.31825420889
09-26-2024 07:26:00,3704.85022831718
09-26-2024 07:36:00,3694.04880246476
09-26-2024 07:46:00,3686.82086719831
09-26-2024 07:56:00,3695.39248902923
09-26-2024 08:06:00,3691.94092511175
09-26-2024 08:16:00,3693.36541715342
09-26-2024 08:36:00,3699.4673849357
09-26-2024 08:46:00,3701.99524554967
09-26-2024 08:56:00,3706.83311132826
09-26-2024 09:06:00,3714.23095989838
09-26-2024 09:16:00,3711.2818336778
09-26-2024 09:26:00,3717.31996547794
09-26-2024 09:36:00,3715.82698454001
09-26-2024 09:46:00,3709.86755877287
09-26-2024 09:56:00,3712.59146428813
09-26-2024 10:06:00,3710.29708542892
09-26-2024 10:16:00,3716.0300159912
09-26-2024 10:26:00,3715.7923998236
09-26-2024 10:36:00,3710.94028928362
09-26-2024 10:46:00,3703.22923907518
09-26-2024 10:56:00,3701.38773804812
09-26-2024 11:06:00,3702.55551008424
09-26-2024 11:16:00,3697.45342928159
09-26-2024 11:26:00,3694.40576013942
09-26-2024 11:36:00,3685.84018642352
09-26-2024 11:46:00,3671.74826198464
09-26-2024 11:56:00,3678.72594575358
09-26-2024 12:06:00,3655.58051138549
09-26-2024 12:16:00,3654.06728972349
09-26-2024 12:26:00,3680.43059157099
09-26-2024 12:36:00,3676.85406575802
09-26-2024 12:46:00,3665.13362716081
09-26-2024 12:56:00,3688.36571737558
09-26-2024 13:06:00,3685.59349130493
09-26-2024 13:16:00,3664.43718414695
09-26-2024 13:26:00,3651.82645621419
09-26-2024 13:36:00,3651.40370286883
09-26-2024 13:46:00,3615.68916404982
09-26-2024 13:56:00,3609.81637240873
09-26-2024 14:06:00,3605.04986621981
09-26-2024 14:16:00,3620.58916024299
09-26-2024 14:26:00,3693.09156490973
09-26-2024 14:36:00,3656.6604392787
09-26-2024 14:46:00,3658.06893221386
09-26-2024 14:56:00,3620.9919226585
09-26-2024 15:06:00,3539.85817748391
09-26-2024 15:16:00,3536.66724211262
09-26-2024 15:26:00,3489.39212092716
09-26-2024 15:36:00,3495.51603369034
09-26-2024 15:46:00,3484.85881475907
09-26-2024 15:56:00,3499.4800904637
09-26-2024 16:06:00,3507.50835284961
09-26-2024 16:16:00,3524.12378653626
09-26-2024 16:26:00,3530.31382481115
09-26-2024 16:36:00,3538.45674977075
09-26-2024 16:46:00,3547.20219848736
09-26-2024 16:56:00,3551.75611734622
09-26-2024 17:06:00,3555.60676736987
09-26-2024 17:16:00,3559.25761954511
09-26-2024 17:26:00,3558.43670481515
09-26-2024 17:36:00,3562.85861687328
09-26-2024 17:46:00,3568.08867492076
09-26-2024 17:56:00,3578.16178567444
09-26-2024 18:06:00,3571.15119513062
09-26-2024 18:16:00,3566.56051823413
09-26-2024 18:26:00,3574.82036379931
09-26-2024 18:36:00,3569.21972393179
09-26-2024 18:46:00,3563.41630147062
09-26-2024 18:56:00,3553.71287362024
09-26-2024 19:06:00,3545.82322877657
09-26-2024 19:16:00,3540.79368985571
09-26-2024 19:26:00,3535.82718311853
09-26-2024 19:36:00,3540.32379102396
09-26-2024 19:46:00,3538.21923576184
09-26-2024 19:56:00,3533.72317142041
09-26-2024 20:06:00,3535.49287246901
09-26-2024 20:16:00,3528.96992575007
09-26-2024 20:26:00,3525.74681120099
09-26-2024 20:36:00,3518.8119564264
09-26-2024 20:46:00,3513.05370134362
09-26-2024 20:56:00,3511.24129612657
09-26-2024 21:06:00,3509.8663242172
09-26-2024 21:16:00,3509.47023848293
09-26-2024 21:26:00,3509.78320619704
09-26-2024 21:36:00,3507.15686821659
09-26-2024 21:46:00,3505.61141201009
09-26-2024 21:56:00,3502.13895679385
09-26-2024 22:06:00,3504.24271714816
09-26-2024 22:16:00,3506.54995010797
09-26-2024 22:26:00,3506.52473603442
09-26-2024 22:36:00,3507.48093577812
09-26-2024 22:46:00,3513.30720082956
09-26-2024 22:56:00,3514.80502011345
09-26-2024 23:06:00,3518.8065330461
09-26-2024 23:16:00,3519.76393622488
09-26-2024 23:26:00,3521.93943738768
09-26-2024 23:36:00,3531.18576638556
09-26-2024 23:46:00,3531.80465696934
09-26-2024 23:56:00,3544.19739740424
09-28-2024 00:06:00,3604.75001956954
09-28-2024 00:16:00,3608.29559709851
09-28-2024 00:26:00,3607.49271998514
09-28-2024 00:36:00,3610.22923199025
09-28-2024 00:46:00,3613.37022084991
09-28-2024 00:56:00,3615.86401039861
09-28-2024 01:06:00,3619.77291830783
09-28-2024 01:16:00,3624.79329384778
09-28-2024 01:26:00,3632.23907660528
09-28-2024 01:36:00,3630.88924301445
09-28-2024 01:46:00,3633.84410034964
09-28-2024 01:56:00,3647.16347034277
09-28-2024 02:06:00,3652.17831161048
09-28-2024 02:16:00,3650.2793599742
09-28-2024 02:26:00,3657.47126491865
09-28-2024 02:36:00,3665.72734482574
09-28-2024 02:46:00,3662.61576080665
09-28-2024 02:56:00,3668.84852602676
09-28-2024 03:06:00,3676.4910392388
09-28-2024 03:16:00,3681.40588255354
09-28-2024 03:26:00,3685.20885895923
09-28-2024 03:36:00,3686.84646488199
09-28-2024 03:46:00,3691.10377291318
09-28-2024 03:56:00,3689.35857957915
09-28-2024 04:06:00,3687.36685437511
09-28-2024 04:16:00,3687.04262778494
09-28-2024 04:26:00,3686.96585955452
09-28-2024 04:36:00,3692.3777820108
09-28-2024 04:46:00,3695.82016968953
09-28-2024 04:56:00,3685.48365085661
09-28-2024 05:06:00,3695.91658357093
09-28-2024 05:16:00,3694.12902556464
09-28-2024 05:26:00,3694.25129338618
09-28-2024 05:36:00,3689.35245255972
09-28-2024 05:46:00,3688.97432670779
09-28-2024 05:56:00,3687.34657432397
09-28-2024 06:06:00,3682.40014951038
09-28-2024 06:16:00,3689.04516001635
09-28-2024 06:26:00,3689.97115244433
09-28-2024 06:36:00,3688.39092470252
09-28-2024 06:46:00,3676.59196619693
09-28-2024 06:56:00,3685.93478858518
09-28-2024 07:06:00,3683.01071647749
09-28-2024 07:16:00,3687.44040960222
09-28-2024 07:26:00,3686.60964954548
09-28-2024 07:36:00,3685.67927497208
09-28-2024 07:46:00,3684.94940665124
09-28-2024 07:56:00,3685.57457727404
09-28-2024 08:06:00,3682.74604871059
09-28-2024 08:16:00,3684.37092369013
09-28-2024 08:26:00,3681.38935287419
09-28-2024 08:36:00,3682.0600084956
09-28-2024 08:46:00,3673.48725400495
09-28-2024 08:56:00,3669.85400641122
09-28-2024 09:06:00,3669.01727209563
09-28-2024 09:16:00,3670.83262500234
09-28-2024 09:26:00,3657.2604503775
09-28-2024 09:36:00,3658.92067056735
09-28-2024 09:46:00,3653.15128439851
09-28-2024 09:56:00,3643.1174693594
09-28-2024 10:06:00,3636.27657875805
09-28-2024 10:16:00,3636.52309990571
09-28-2024 10:26:00,3622.03218528608
09-28-2024 10:36:00,3615.32647866715
09-28-2024 10:46:00,3613.41313098106
09-28-2024 10:56:00,3605.20519929707
09-28-2024 11:06:00,3605.9259893301
09-28-2024 11:16:00,3602.51069740144
09-28-2024 11:26:00,3595.27130783408
09-28-2024 11:36:00,3601.36646988136
09-28-2024 11:46:00,3603.90286885272
09-28-2024 11:56:00,3618.23409889823
09-28-2024 12:06:00,3596.113068789
09-28-2024 12:16:00,3628.90511969874
09-28-2024 12:26:00,3616.09213485597
09-28-2024 12:36:00,3628.4194481392
09-28-2024 12:46:00,3624.52992748934
09-28-2024 12:56:00,3611.95201684321
09-28-2024 13:06:00,3587.82126792444
09-28-2024 13:16:00,3591.97266571245
09-28-2024 13:26:00,3590.25327105506
09-28-2024 13:36:00,3589.80367121895
09-28-2024 13:46:00,3573.10505992966
09-28-2024 13:56:00,3573.08085573952
09-28-2024 14:06:00,3575.67539066106
09-28-2024 14:16:00,3584.50625252337
09-28-2024 14:26:00,3592.56766702703
09-28-2024 14:36:00,3594.04479307684
09-28-2024 14:46:00,3595.05601125238
09-28-2024 14:56:00,3593.81391521406
09-28-2024 15:06:00,3595.29065868677
09-28-2024 15:16:00,3594.99266676275
09-28-2024 15:26:00,3591.53572128751
09-28-2024 15:36:00,3592.30764831322
09-28-2024 15:46:00,3585.76782971652
09-28-2024 15:56:00,3581.14079537358
09-28-2024 16:06:00,3577.82249932415
09-28-2024 16:16:00,3572.72797508662
09-28-2024 16:26:00,3567.56740292724
09-28-2024 16:36:00,3560.72789192051
09-28-2024 16:46:00,3550.72762796699
09-28-2024 16:56:00,3547.64325661566
09-28-2024 17:06:00,3542.91037992159
09-28-2024 17:16:00,3543.95555280678
09-28-2024 17:26:00,3537.73918867761
09-28-2024 17:36:00,3555.26368387452
09-28-2024 17:46:00,3548.777440083
09-28-2024 17:56:00,3538.34733942115
09-28-2024 18:06:00,3524.77677696589
09-28-2024 18:16:00,3523.2593661574
09-28-2024 18:26:00,3519.14473912152
09-28-2024 18:36:00,3517.6563966805
09-28-2024 18:46:00,3514.37748580637
09-28-2024 18:56:00,3513.99940664918
09-28-2024 19:06:00,3509.06584442321
09-28-2024 19:16:00,3509.02015187533
09-28-2024 19:26:00,3510.63469573384
09-28-2024 19:36:00,3505.96833749568
09-28-2024 19:46:00,3503.93448249891
09-28-2024 19:56:00,3500.48042483873
09-28-2024 20:06:00,3499.22521101306
09-28-2024 20:16:00,3497.36112867529
09-28-2024 20:26:00,3499.65442507934
09-28-2024 20:36:00,3497.28251630007
09-28-2024 20:46:00,3500.38801958922
09-28-2024 20:56:00,3500.52190387761
09-28-2024 21:06:00,3495.71361230745
09-28-2024 21:16:00,3501.02264666911
09-28-2024 21:26:00,3500.64903025318
09-28-2024 21:36:00,3499.56481505778
09-28-2024 21:46:00,3504.87533473201
09-28-2024 21:56:00,3506.90762537094
09-28-2024 22:06:00,3510.7670187545
09-28-2024 22:16:00,3512.86973608616
09-28-2024 22:26:00,3507.69535968185
09-28-2024 22:36:00,3508.10339738649
09-28-2024 22:46:00,3511.75937342842
09-28-2024 22:56:00,3512.84686152518
09-28-2024 23:06:00,3516.57270086354
09-28-2024 23:16:00,3515.35685972985
09-28-2024 23:26:00,3519.0821579249
09-28-2024 23:36:00,3519.48995310211
09-28-2024 23:46:00,3523.89299890542
09-28-2024 23:56:00,3527.58452332825
09-29-2024 00:06:00,3524.88512181279
09-29-2024 00:16:00,3531.71892209447
09-29-2024 00:26:00,3531.31934307015
09-29-2024 00:36:00,3535.00696656038
09-29-2024 00:46:00,3545.85565780402
09-29-2024 00:56:00,3546.26346318161
09-29-2024 01:06:00,3547.78529799124
09-29-2024 01:16:00,3554.8760773994
09-29-2024 01:26:00,3557.50876097255
09-29-2024 01:36:00,3560.40917770757
09-29-2024 01:46:00,3568.87240513636
09-29-2024 01:56:00,3572.47529548238
09-29-2024 02:06:00,3576.1117428845
09-29-2024 02:16:00,3580.11462357907
09-29-2024 02:26:00,3594.52328611079
09-29-2024 02:36:00,3599.325782973
09-29-2024 02:46:00,3604.32716008129
09-29-2024 02:56:00,3610.77725762663
09-29-2024 03:06:00,3618.39626367188
09-29-2024 03:16:00,3617.13152856984
09-29-2024 03:26:00,3620.44580571508
09-29-2024 03:36:00,3627.41005147039
09-29-2024 03:46:00,3635.31627674143
09-29-2024 03:56:00,3624.11172406274
09-29-2024 04:06:00,3626.07094356234
09-29-2024 04:16:00,3634.675593586
09-29-2024 04:26:00,3648.06561325245
09-29-2024 04:36:00,3642.97076616425
09-29-2024 04:46:00,3651.21751570843
09-29-2024 04:56:00,3660.70664458897
09-29-2024 05:06:00,3656.11582929389
09-29-2024 05:16:00,3656.71172584498
09-29-2024 05:26:00,3654.4360820301
09-29-2024 05:36:00,3656.68091537088
09-29-2024 05:46:00,3654.10566661987
09-29-2024 05:56:00,3651.13069934446
09-29-2024 06:06:00,3653.07356566323
09-29-2024 06:16:00,3657.78138886889
09-29-2024 06:26:00,3655.05072110465
09-29-2024 06:36:00,3655.28669808448
09-29-2024 06:46:00,3651.27302032144
09-29-2024 06:56:00,3660.92456662169
09-29-2024 07:06:00,3658.45524759997
09-29-2024 07:16:00,3659.99111617236
09-29-2024 07:26:00,3657.82393930728
09-29-2024 07:36:00,3653.99928680181
09-29-2024 07:46:00,3653.83533596387
09-29-2024 07:56:00,3655.37098023398
09-29-2024 08:06:00,3654.7485885267
09-29-2024 08:16:00,3653.52700311753
09-29-2024 08:26:00,3651.00739232489
09-29-2024 08:36:00,3656.47870499355
09-29-2024 08:46:00,3656.75535475508
09-29-2024 08:56:00,3645.13442957944
09-29-2024 09:06:00,3650.84483704786
09-29-2024 09:16:00,3651.1051346055
09-29-2024 09:26:00,3653.71944376155
09-29-2024 09:36:00,3652.38278209017
09-29-2024 09:46:00,3645.39931608612
09-29-2024 09:56:00,3642.90639999789
09-29-2024 10:06:00,3639.45565726254
09-29-2024 10:16:00,3634.56730855878
09-29-2024 10:26:00,3630.55607638981
09-29-2024 10:36:00,3627.40284016173
09-29-2024 10:46:00,3620.39420497456
09-29-2024 10:56:00,3611.58586089851
09-29-2024 11:06:00,3625.68406693926
09-29-2024 11:16:00,3601.36328743847
09-29-2024 11:26:00,3599.01430113257
09-29-2024 11:36:00,3598.2633180277
09-29-2024 11:46:00,3602.92367833114
09-29-2024 11:56:00,3617.59805093401
09-29-2024 12:06:00,3615.00189311298
09-29-2024 12:16:00,3612.13952527238
09-29-2024 12:26:00,3603.11728727347
09-29-2024 12:36:00,3626.29758597758
09-29-2024 12:46:00,3620.44730588134
09-29-2024 12:56:00,3604.14133511405
09-29-2024 13:06:00,3616.12704196633
09-29-2024 13:16:00,3590.37497390798
09-29-2024 13:26:00,3592.26710017128
09-29-2024 13:36:00,3583.35627927354
09-29-2024 13:46:00,3578.06355495163
09-29-2024 13:56:00,3584.81531763381
09-29-2024 14:06:00,3593.00801138546
09-29-2024 14:16:00,3597.60350799571
09-29-2024 14:26:00,3599.07708857159
09-29-2024 14:36:00,3596.02007344492
09-29-2024 14:46:00,3596.18486018182
09-29-2024 14:56:00,3593.53118538753
09-29-2024 15:06:00,3593.59547456791
09-29-2024 15:16:00,3590.23792662315
09-29-2024 15:26:00,3590.80561687357
09-29-2024 15:36:00,3589.89997198942
09-29-2024 15:46:00,3585.67339539076
09-29-2024 15:56:00,3585.27086183572
09-29-2024 16:06:00,3585.2416964779
09-29-2024 16:16:00,3580.24447434909
09-29-2024 16:26:00,3579.27304192749
09-29-2024 16:36:00,3575.51747410204
09-29-2024 16:46:00,3570.753636175
09-29-2024 16:56:00,3561.25457260807
09-29-2024 17:06:00,3555.24382498424
09-29-2024 17:16:00,3546.47540230486
09-29-2024 17:26:00,3543.04487286654
09-29-2024 17:36:00,3538.90683938178
09-29-2024 17:46:00,3534.36332281222
09-29-2024 17:56:00,3530.29059603131
09-29-2024 18:06:00,3530.65516821068
09-29-2024 18:16:00,3527.28665944158
09-29-2024 18:26:00,3527.95347614435
09-29-2024 18:36:00,3529.19485551833
09-29-2024 18:46:00,3527.20668012641
09-29-2024 18:56:00,3522.01872756744
09-29-2024 19:06:00,3514.40594968615
09-29-2024 19:16:00,3506.4160097898
09-29-2024 19:26:00,3502.28945186084
09-29-2024 19:36:00,3497.69872909233
09-29-2024 19:46:00,3493.74101503648
09-29-2024 19:56:00,3489.78128696972
09-29-2024 20:06:00,3492.26243012101
09-29-2024 20:16:00,3488.37389171943
09-29-2024 20:26:00,3485.42179972887
09-29-2024 20:36:00,3479.37901259172
09-29-2024 20:46:00,3481.25283051489
09-29-2024 20:56:00,3478.14222270741
09-29-2024 21:06:00,3476.34645471238
09-29-2024 21:16:00,3476.27061772478
09-29-2024 21:26:00,3476.70072676423
09-29-2024 21:36:00,3477.71121480642
09-29-2024 21:46:00,3479.96315465281
09-29-2024 21:56:00,3478.44344124326
09-29-2024 22:06:00,3474.69710633738
09-29-2024 22:16:00,3473.58217221002
09-29-2024 22:26:00,3473.25038572396
09-29-2024 22:36:00,3471.42709115396
09-29-2024 22:46:00,3468.13484400984
09-29-2024 22:56:00,3469.39621327532
09-29-2024 23:06:00,3471.59384584824
09-29-2024 23:16:00,3474.06805502312
09-29-2024 23:26:00,3474.08793935433
09-29-2024 23:36:00,3471.91008260098
09-29-2024 23:46:00,3473.57416923821
09-29-2024 23:56:00,3477.25908672808
09-30-2024 00:06:00,3475.08179172461
09-30-2024 00:16:00,3477.22305366598
09-30-2024 00:26:00,3478.45426593814
09-30-2024 00:36:00,3485.94552470109
09-30-2024 00:46:00,3489.19310817206
09-30-2024 00:56:00,3493.01678616759
09-30-2024 01:06:00,3495.55457084502
09-30-2024 01:16:00,3498.26457331318
09-30-2024 01:26:00,3501.10219469184
09-30-2024 01:36:00,3503.53519704592
09-30-2024 01:46:00,3505.08874477146
09-30-2024 01:56:00,3508.59923038089
09-30-2024 02:06:00,3511.15870130343
09-30-2024 02:16:00,3517.84734036039
09-30-2024 02:26:00,3520.20305378995
09-30-2024 02:36:00,3524.57198307227
09-30-2024 02:46:00,3532.96679687305
09-30-2024 02:56:00,3532.06668796165
09-30-2024 03:06:00,3540.15496677228
09-30-2024 03:16:00,3545.3911480172
09-30-2024 03:26:00,3555.88841478569
09-30-2024 03:36:00,3565.44345196388
09-30-2024 03:46:00,3577.10544470148
09-30-2024 03:56:00,3580.11643181094
09-30-2024 04:06:00,3586.80933226128
09-30-2024 04:16:00,3592.32805466964
09-30-2024 04:26:00,3587.16161543231
09-30-2024 04:36:00,3596.15568507618
09-30-2024 04:46:00,3603.43762814002
09-30-2024 04:56:00,3604.99550455045
09-30-2024 05:06:00,3608.02017417102
09-30-2024 05:16:00,3610.87898366542
09-30-2024 05:26:00,3611.99486450874
09-30-2024 05:36:00,3612.04495387388
09-30-2024 05:46:00,3618.30506946434
09-30-2024 05:56:00,3614.11049338554
09-30-2024 06:06:00,3617.52549464387
09-30-2024 06:16:00,3617.97407692666
09-30-2024 06:26:00,3618.82246960202
09-30-2024 06:36:00,3615.47102784918
09-30-2024 06:46:00,3620.51771882501
09-30-2024 06:56:00,3622.42590970745
09-30-2024 07:06:00,3623.67137028732
09-30-2024 07:16:00,3622.98119095709
09-30-2024 07:26:00,3620.07129070927
09-30-2024 07:36:00,3618.82184731206
09-30-2024 07:46:00,3620.66550778662
09-30-2024 07:56:00,3623.60491827009
09-30-2024 08:06:00,3621.99450585078
09-30-2024 08:16:00,3621.48126235807
09-30-2024 08:26:00,3620.60716023354
09-30-2024 08:36:00,3623.71886933175
09-30-2024 08:46:00,3623.20554082601
09-30-2024 08:56:00,3622.73006418791
09-30-2024 09:06:00,3619.40416954235
09-30-2024 09:16:00,3618.07043948329
09-30-2024 09:26:00,3619.66186973191
09-30-2024 09:36:00,3617.73074911844
09-30-2024 09:46:00,3617.33052119757
09-30-2024 09:56:00,3610.45794807113
09-30-2024 10:06:00,3606.44585331926
09-30-2024 10:16:00,3601.7989265941
09-30-2024 10:26:00,3603.06391041032
09-30-2024 10:36:00,3596.52267518199
09-30-2024 10:46:00,3594.29966909808
09-30-2024 10:56:00,3588.8521638998
09-30-2024 11:06:00,3591.44605686426
09-30-2024 11:16:00,3580.68209378336
09-30-2024 11:26:00,3579.98441139233
09-30-2024 11:36:00,3583.44446609863
09-30-2024 11:46:00,3592.43121728977
09-30-2024 11:56:00,3602.56085936295
09-30-2024 12:06:00,3599.11276525652
09-30-2024 12:16:00,3596.89583723378
09-30-2024 12:26:00,3603.04395764478
09-30-2024 12:36:00,3600.39036288329
09-30-2024 12:46:00,3606.44698777966
09-30-2024 12:56:00,3595.13855798276
09-30-2024 13:06:00,3595.94937389288
09-30-2024 13:16:00,3587.23240409585
09-30-2024 13:26:00,3570.34521932944
09-30-2024 13:36:00,3565.48993625588
09-30-2024 13:46:00,3559.29260453277
09-30-2024 13:56:00,3556.37358299789
09-30-2024 14:06:00,3558.47617221479
09-30-2024 14:16:00,3557.43225039988
09-30-2024 14:26:00,3562.45255231795
09-30-2024 14:36:00,3561.20801368463
09-30-2024 14:46:00,3567.80377764775
09-30-2024 14:56:00,3564.58449737561
09-30-2024 15:06:00,3567.361240869
09-30-2024 15:16:00,3563.33834631274
09-30-2024 15:26:00,3563.80411732429
09-30-2024 15:36:00,3559.31469916865
09-30-2024 15:46:00,3560.785124638
09-30-2024 15:56:00,3555.95988737682
09-30-2024 16:06:00,3553.34443039579
09-30-2024 16:16:00,3546.47253509328
09-30-2024 16:26:00,3544.7919826513
09-30-2024 16:36:00,3545.15194980123
09-30-2024 16:46:00,3542.26484987746
09-30-2024 16:56:00,3539.63986870498
09-30-2024 17:06:00,3535.87704293204
09-30-2024 17:16:00,3527.48755432165
09-30-2024 17:26:00,3523.07636871901
09-30-2024 17:36:00,3522.08320869927
09-30-2024 17:46:00,3518.37176831429
09-30-2024 17:56:00,3519.18853771587
09-30-2024 18:06:00,3518.89788001047
09-30-2024 18:16:00,3516.08824286361
09-30-2024 18:26:00,3515.89698708431
09-30-2024 18:36:00,3514.66858278622
09-30-2024 18:46:00,3514.87993535059
09-30-2024 18:56:00,3512.46868870641
09-30-2024 19:06:00,3520.07450386566
09-30-2024 19:16:00,3522.43684332041
09-30-2024 19:26:00,3527.42685447179
09-30-2024 19:36:00,3530.70322446894
09-30-2024 19:46:00,3521.37693736334
09-30-2024 19:56:00,3522.83328787009
09-30-2024 20:06:00,3515.46025708036
09-30-2024 20:16:00,3494.92732411908
09-30-2024 20:26:00,3482.58013399691
09-30-2024 20:36:00,3482.17327508768
09-30-2024 20:46:00,3482.88026630547
09-30-2024 20:56:00,3480.31921506746
09-30-2024 21:06:00,3477.95951465085
09-30-2024 21:16:00,3474.86344445357
09-30-2024 21:26:00,3475.82127757332
09-30-2024 21:36:00,3478.40162063793
09-30-2024 21:46:00,3480.88134151705
09-30-2024 21:56:00,3479.98884030917
09-30-2024 22:06:00,3483.66023740749
09-30-2024 22:16:00,3486.31786715533
09-30-2024 22:26:00,3485.9062229111
09-30-2024 22:36:00,3487.42176783702
09-30-2024 22:46:00,3494.79321699768
09-30-2024 22:56:00,3500.36555690664
09-30-2024 23:06:00,3498.1008026098
09-30-2024 23:16:00,3505.47012653657
09-30-2024 23:26:00,3500.39369050639
09-30-2024 23:36:00,3501.8810330674
09-30-2024 23:46:00,3504.35415366908
09-30-2024 23:56:00,3506.14491345541
10-02-2024 00:06:00,3560.67005785085
10-02-2024 00:16:00,3567.1935234922
10-02-2024 00:26:00,3569.09343976344
10-02-2024 00:36:00,3573.47069315963
10-02-2024 00:46:00,3579.81765139327
10-02-2024 00:56:00,3594.85020272644
10-02-2024 01:06:00,3604.4416112627
10-02-2024 01:16:00,3615.34814359275
10-02-2024 01:26:00,3623.15750897499
10-02-2024 01:36:00,3626.35618857498
10-02-2024 01:46:00,3631.71466872269
10-02-2024 01:56:00,3638.93418084079
10-02-2024 02:06:00,3644.58638395867
10-02-2024 02:16:00,3647.67119611457
10-02-2024 02:26:00,3648.64754692032
10-02-2024 02:36:00,3652.6026068298
10-02-2024 02:46:00,3654.1839702414
10-02-2024 02:56:00,3656.7147639768
10-02-2024 03:06:00,3657.17877924005
10-02-2024 03:16:00,3660.11110952478
10-02-2024 03:26:00,3660.91605368637
10-02-2024 03:36:00,3659.65814721309
10-02-2024 03:46:00,3659.81683780486
10-02-2024 03:56:00,3660.62093870718
10-02-2024 04:06:00,3658.49511696648
10-02-2024 04:16:00,3664.47058901867
10-02-2024 04:26:00,3667.08825143267
10-02-2024 04:36:00,3663.71304144463
10-02-2024 04:46:00,3663.60658019993
10-02-2024 04:56:00,3664.36787714925
10-02-2024 05:06:00,3666.47743889912
10-02-2024 05:16:00,3665.32380127124
10-02-2024 05:26:00,3665.01578948695
10-02-2024 05:36:00,3666.7200884862
10-02-2024 05:46:00,3665.97020302657
10-02-2024 05:56:00,3661.23998768079
10-02-2024 06:06:00,3669.47431646076
10-02-2024 06:16:00,3666.15261881968
10-02-2024 06:26:00,3669.25854476036
10-02-2024 06:36:00,3665.63866991269
10-02-2024 06:46:00,3667.83961128041
10-02-2024 06:56:00,3667.73267520757
10-02-2024 07:06:00,3666.62360580537
10-02-2024 07:16:00,3663.2501768627
10-02-2024 07:26:00,3667.61294548698
10-02-2024 07:36:00,3664.34211035026
10-02-2024 07:46:00,3662.97495327696
10-02-2024 07:56:00,3659.00744986956
10-02-2024 08:06:00,3658.64311952441
10-02-2024 08:16:00,3657.81755050708
10-02-2024 08:26:00,3658.43039626743
10-02-2024 08:36:00,3655.64441665472
10-02-2024 08:46:00,3653.35905457136
10-02-2024 08:56:00,3652.57334200788
10-02-2024 09:06:00,3647.16703754863
10-02-2024 09:16:00,3648.81792759009
10-02-2024 09:26:00,3647.4462886902
10-02-2024 09:36:00,3641.27748301775
10-02-2024 09:46:00,3637.66946217179
10-02-2024 09:56:00,3635.03380675814
10-02-2024 10:06:00,3634.79646950384
10-02-2024 10:16:00,3632.55932154607
10-02-2024 10:26:00,3625.52139459005
10-02-2024 10:36:00,3621.61704367709
10-02-2024 10:46:00,3624.41397578575
10-02-2024 10:56:00,3623.60957528845
10-02-2024 11:06:00,3619.10112708834
10-02-2024 11:16:00,3617.92953649739
10-02-2024 11:26:00,3615.85564763141
10-02-2024 11:36:00,3618.72503074154
10-02-2024 11:46:00,3636.36893759678
10-02-2024 11:56:00,3645.44148721314
10-02-2024 12:06:00,3649.2048781236
10-02-2024 12:16:00,3649.09367722134
10-02-2024 12:26:00,3653.46637271432
10-02-2024 12:36:00,3648.09117407162
10-02-2024 12:46:00,3645.38851022351
10-02-2024 12:56:00,3643.48823050619
10-02-2024 13:06:00,3636.35006728765
10-02-2024 13:16:00,3614.76404603968
10-02-2024 13:26:00,3617.95042289626
10-02-2024 13:36:00,3606.62213830858
10-02-2024 13:46:00,3602.27637581805
10-02-2024 13:56:00,3599.87860259473
10-02-2024 14:06:00,3597.95006155638
10-02-2024 14:16:00,3598.0052707607
10-02-2024 14:26:00,3601.76085294888
10-02-2024 14:36:00,3601.37893508471
10-02-2024 14:46:00,3600.69410235402
10-02-2024 14:56:00,3604.01280355526
10-02-2024 15:06:00,3600.50159295428
10-02-2024 15:16:00,3599.91741034398
10-02-2024 15:26:00,3599.4003327543
10-02-2024 15:36:00,3598.31112816685
10-02-2024 15:46:00,3595.40425013089
10-02-2024 15:56:00,3592.79978955479
10-02-2024 16:06:00,3591.60866747119
10-02-2024 16:16:00,3586.51117319615
10-02-2024 16:26:00,3583.66679061217
10-02-2024 16:36:00,3579.47519565264
10-02-2024 16:46:00,3574.73918073992
10-02-2024 16:56:00,3581.72871376015
10-02-2024 17:06:00,3580.96693896809
10-02-2024 17:16:00,3592.24632181887
10-02-2024 17:26:00,3589.49626244367
10-02-2024 17:36:00,3585.52789260873
10-02-2024 17:46:00,3591.6896367648
10-02-2024 17:56:00,3590.4887991805
10-02-2024 18:16:00,3575.47619445002
10-02-2024 18:26:00,3573.01336364412
10-02-2024 18:36:00,3560.05188176443
10-02-2024 18:46:00,3559.17488492725
10-02-2024 18:56:00,3563.99127022462
10-02-2024 19:06:00,3549.58568911776
10-02-2024 19:16:00,3545.98478092497
10-02-2024 19:26:00,3535.12212932521
10-02-2024 19:36:00,3529.0658229001
10-02-2024 19:46:00,3525.2178289711
10-02-2024 19:56:00,3535.63955251153
10-02-2024 20:06:00,3518.12398958557
10-02-2024 20:16:00,3512.81121974566
10-02-2024 20:26:00,3510.76075283168
10-02-2024 20:36:00,3516.64501677654
10-02-2024 20:46:00,3510.99374505315
10-02-2024 20:56:00,3512.76870621666
10-02-2024 21:06:00,3513.31847771619
10-02-2024 21:16:00,3512.23381347495
10-02-2024 21:26:00,3517.68805348659
10-02-2024 21:36:00,3516.16785904253
10-02-2024 21:46:00,3516.97076328963
10-02-2024 21:56:00,3521.78631679164
10-02-2024 22:06:00,3521.56728701583
10-02-2024 22:16:00,3524.5162343159
10-02-2024 22:26:00,3525.2168920284
10-02-2024 22:36:00,3523.77145386395
10-02-2024 22:46:00,3525.08521793286
10-02-2024 22:56:00,3527.80175976837
10-02-2024 23:06:00,3528.80881095274
10-02-2024 23:16:00,3530.63331645043
10-02-2024 23:26:00,3532.6338837709
10-02-2024 23:36:00,3536.0644657073
10-02-2024 23:46:00,3537.42261402835
10-02-2024 23:56:00,3538.06537215599
10-03-2024 00:06:00,3541.23192515641
10-03-2024 00:16:00,3548.88863575557
10-03-2024 00:26:00,3556.48124406499
10-03-2024 00:36:00,3556.65178556771
10-03-2024 00:46:00,3581.29625688158
10-03-2024 00:56:00,3588.05206852231
10-03-2024 01:06:00,3596.46600439675
10-03-2024 01:16:00,3602.59951730446
10-03-2024 01:26:00,3612.02075697791
10-03-2024 01:36:00,3616.95704096798
10-03-2024 01:46:00,3618.59875527626
10-03-2024 01:56:00,3622.51214251485
10-03-2024 02:06:00,3624.69439282369
10-03-2024 02:16:00,3624.94391261967
10-03-2024 02:26:00,3627.42883814511
10-03-2024 02:36:00,3632.14697035571
10-03-2024 02:46:00,3633.10473072935
10-03-2024 02:56:00,3632.67681579779
10-03-2024 03:06:00,3633.59770316734
10-03-2024 03:16:00,3639.8294867324
10-03-2024 03:26:00,3638.75527573762
10-03-2024 03:36:00,3638.49285810812
10-03-2024 03:46:00,3641.57517505484
10-03-2024 03:56:00,3645.83419712234
10-03-2024 04:06:00,3645.6711121798
10-03-2024 04:16:00,3643.68580872644
10-03-2024 04:26:00,3643.89153994948
10-03-2024 04:36:00,3642.78207596279
10-03-2024 04:46:00,3643.8338695975
10-03-2024 04:56:00,3644.17735281695
10-03-2024 05:06:00,3643.91427901675
10-03-2024 05:16:00,3643.65140518606
10-03-2024 05:26:00,3641.36884451052
10-03-2024 05:36:00,3641.5108738991
10-03-2024 05:46:00,3644.03838535886
10-03-2024 05:56:00,3639.67593123444
10-03-2024 06:06:00,3644.3572837948
10-03-2024 06:16:00,3643.99411856352
10-03-2024 06:26:00,3647.66310436764
10-03-2024 06:36:00,3646.08998378305
10-03-2024 06:46:00,3647.33839947519
10-03-2024 06:56:00,3647.61593918925
10-03-2024 07:06:00,3646.04431685568
10-03-2024 07:16:00,3651.25388902915
10-03-2024 07:26:00,3649.480793077
10-03-2024 07:36:00,3649.65697282654
10-03-2024 07:46:00,3649.43080825185
10-03-2024 07:56:00,3649.4058549199
10-03-2024 08:06:00,3648.8783317823
10-03-2024 08:16:00,3653.57680384214
10-03-2024 08:26:00,3650.27234835173
10-03-2024 08:36:00,3649.0786687747
10-03-2024 08:46:00,3651.464386976
10-03-2024 08:56:00,3651.61351793404
10-03-2024 09:06:00,3646.60449661976
10-03-2024 09:16:00,3649.62885844739
10-03-2024 09:26:00,3650.0792159967
10-03-2024 09:36:00,3645.17283700597
10-03-2024 09:46:00,3647.63071428593
10-03-2024 09:56:00,3643.09951514531
10-03-2024 10:06:00,3641.21388760551
10-03-2024 10:16:00,3644.31057643779
10-03-2024 10:26:00,3640.41720287864
10-03-2024 10:36:00,3632.60799089494
10-03-2024 10:46:00,3631.32327669044
10-03-2024 10:56:00,3623.44623720107
10-03-2024 11:06:00,3621.32556586638
10-03-2024 11:16:00,3621.51442213694
10-03-2024 11:26:00,3616.3775133559
10-03-2024 11:36:00,3612.00910169525
10-03-2024 11:46:00,3613.83836481939
10-03-2024 11:56:00,3641.39213303608
10-03-2024 12:06:00,3643.03918629098
10-03-2024 12:16:00,3644.08364838058
10-03-2024 12:26:00,3650.63517491206
10-03-2024 12:36:00,3641.90431814131
10-03-2024 12:46:00,3642.61048968027
10-03-2024 12:56:00,3645.90479164872
10-03-2024 13:06:00,3611.34114972866
10-03-2024 13:16:00,3602.70689635332
10-03-2024 13:26:00,3600.6685469895
10-03-2024 13:36:00,3601.39051141368
10-03-2024 13:46:00,3598.84510514437
10-03-2024 13:56:00,3600.3098771709
10-03-2024 14:06:00,3598.57204517551
10-03-2024 14:16:00,3602.73501651684
10-03-2024 14:26:00,3602.95405993303
10-03-2024 14:36:00,3600.17143672092
10-03-2024 14:46:00,3596.95053954669
10-03-2024 14:56:00,3597.54110499477
10-03-2024 15:06:00,3595.60245541743
10-03-2024 15:16:00,3594.77662019796
10-03-2024 15:26:00,3594.55776192203
10-03-2024 15:36:00,3590.32420471765
10-03-2024 15:46:00,3591.38359576381
10-03-2024 15:56:00,3589.27386278996
10-03-2024 16:06:00,3586.68942326301
10-03-2024 16:16:00,3581.70579471374
10-03-2024 16:26:00,3578.74498702521
10-03-2024 16:36:00,3574.56715947944
10-03-2024 16:46:00,3579.80181968905
10-03-2024 16:56:00,3594.33710710119
10-03-2024 17:06:00,3602.39304712411
10-03-2024 17:16:00,3599.83442009599
10-03-2024 17:26:00,3605.66632781825
10-03-2024 17:36:00,3591.29304006562
10-03-2024 17:46:00,3575.68868484823
10-03-2024 17:56:00,3561.08783804749
10-03-2024 18:06:00,3559.46067719021
10-03-2024 18:16:00,3560.34541726828
10-03-2024 18:26:00,3551.94471128369
10-03-2024 18:36:00,3551.09824083597
10-03-2024 18:46:00,3549.13186134925
10-03-2024 18:56:00,3547.74659829454
10-03-2024 19:06:00,3543.13145829656
10-03-2024 19:16:00,3542.71728369799
10-03-2024 19:26:00,3537.58877156611
10-03-2024 19:36:00,3533.98602790249
10-03-2024 19:46:00,3533.33701093442
10-03-2024 19:56:00,3529.01771037314
10-03-2024 20:06:00,3532.13977420011
10-03-2024 20:16:00,3529.55176746485
10-03-2024 20:26:00,3529.17972524165
10-03-2024 20:36:00,3528.39940321983
10-03-2024 20:46:00,3527.21059968684
10-03-2024 20:56:00,3529.79753348461
10-03-2024 21:06:00,3529.5271401873
10-03-2024 21:16:00,3525.96285370528
10-03-2024 21:26:00,3531.48418626505
10-03-2024 21:36:00,3534.65806194899
10-03-2024 21:46:00,3533.13538194233
10-03-2024 21:56:00,3532.93994214017
10-03-2024 22:06:00,3535.91034467367
10-03-2024 22:16:00,3538.16625189884
10-03-2024 22:26:00,3538.78819862449
10-03-2024 22:36:00,3537.74806594118
10-03-2024 22:46:00,3541.94525850516
10-03-2024 22:56:00,3543.45876699754
10-03-2024 23:06:00,3545.7894602423
10-03-2024 23:16:00,3547.22923016304
10-03-2024 23:26:00,3550.58165287729
10-03-2024 23:36:00,3550.7383404893
10-03-2024 23:46:00,3554.0904378019
10-03-2024 23:56:00,3555.47250596925
10-04-2024 00:06:00,3562.39928880286
10-04-2024 00:16:00,3563.29959677373
10-04-2024 00:26:00,3565.2935440457
10-04-2024 00:36:00,3563.7127267987
10-04-2024 00:46:00,3565.29781121909
10-04-2024 00:56:00,3570.22195035825
10-04-2024 01:06:00,3574.94029774025
10-04-2024 01:16:00,3581.90257379812
10-04-2024 01:26:00,3580.76944149783
10-04-2024 01:36:00,3590.34867007488
10-04-2024 01:46:00,3613.38610381262
10-04-2024 01:56:00,3636.27457449937
10-04-2024 02:06:00,3650.07670993533
10-04-2024 02:16:00,3657.18228780758
10-04-2024 02:26:00,3666.38567887304
10-04-2024 02:36:00,3669.7785882238
10-04-2024 02:46:00,3671.37533617398
10-04-2024 02:56:00,3672.32212463926
10-04-2024 03:06:00,3674.38746440659
10-04-2024 03:16:00,3674.51903725104
10-04-2024 03:26:00,3671.905356462
10-04-2024 03:36:00,3677.62793615383
10-04-2024 03:46:00,3675.62464552956
10-04-2024 03:56:00,3679.20925518201
10-04-2024 04:06:00,3678.22221716385
10-04-2024 04:16:00,3677.23585210619
10-04-2024 04:26:00,3680.20764576841
10-04-2024 04:36:00,3684.25409690046
10-04-2024 04:46:00,3681.19990781888
10-04-2024 04:56:00,3681.63314763724
10-04-2024 05:06:00,3684.25606649021
10-04-2024 05:16:00,3683.16879824229
10-04-2024 05:26:00,3682.65073492803
10-04-2024 05:36:00,3681.93073290298
10-04-2024 05:46:00,3681.21135786143
10-04-2024 05:56:00,3681.54265949978
10-04-2024 06:06:00,3682.74465658738
10-04-2024 06:16:00,3682.53110022011
10-04-2024 06:26:00,3682.62076461637
10-04-2024 06:36:00,3680.18635953957
10-04-2024 06:46:00,3679.46962115826
10-04-2024 06:56:00,3680.36757269872
10-04-2024 07:06:00,3681.86986139169
10-04-2024 07:16:00,3681.79692715351
10-04-2024 07:26:00,3677.59239026239
10-04-2024 07:36:00,3675.30466950831
10-04-2024 07:46:00,3674.36570959407
10-04-2024 07:56:00,3677.41655546347
10-04-2024 08:06:00,3671.18053876463
10-04-2024 08:16:00,3670.04202266655
10-04-2024 08:26:00,3667.16778805554
10-04-2024 08:36:00,3661.33893812439
10-04-2024 08:46:00,3660.31388696054
10-04-2024 08:56:00,3655.63013741701
10-04-2024 09:06:00,3657.88858665443
10-04-2024 09:16:00,3658.6377655097
10-04-2024 09:26:00,3653.04998858721
10-04-2024 09:36:00,3652.99479897822
10-04-2024 09:46:00,3645.73430039922
10-04-2024 09:56:00,3643.83975942287
10-04-2024 10:06:00,3641.10490858008
10-04-2024 10:16:00,3638.26944534778
10-04-2024 10:26:00,3636.17284905833
10-04-2024 10:36:00,3631.05784813545
10-04-2024 10:46:00,3632.91852688276
10-04-2024 10:56:00,3628.4740242273
10-04-2024 11:06:00,3626.57655525697
10-04-2024 11:16:00,3626.45793653326
10-04-2024 11:26:00,3625.43290253739
10-04-2024 11:36:00,3622.12432597252
10-04-2024 11:46:00,3618.41045873237
10-04-2024 11:56:00,3655.85575598181
10-04-2024 12:06:00,3621.25988373983
10-04-2024 12:16:00,3655.44653575675
10-04-2024 12:26:00,3648.57855410649
10-04-2024 12:36:00,3642.30976289221
10-04-2024 12:46:00,3642.90626454469
10-04-2024 12:56:00,3623.55240365295
10-04-2024 13:06:00,3619.15055233454
10-04-2024 13:16:00,3614.40836694228
10-04-2024 13:26:00,3612.26127136392
10-04-2024 13:36:00,3608.79723404367
10-04-2024 13:46:00,3610.96813646334
10-04-2024 13:56:00,3609.69718906387
10-04-2024 14:06:00,3611.63341741075
10-04-2024 14:16:00,3612.52429928342
10-04-2024 14:26:00,3612.0304405092
10-04-2024 14:36:00,3608.16179803597
10-04-2024 14:46:00,3603.17919397014
10-04-2024 14:56:00,3602.04469633962
10-04-2024 15:06:00,3600.10003719983
10-04-2024 15:16:00,3601.73171766875
10-04-2024 15:26:00,3600.90086177277
10-04-2024 15:36:00,3600.50700041104
10-04-2024 15:46:00,3598.86574811871
10-04-2024 15:56:00,3601.03585861766
10-04-2024 16:06:00,3592.97367085954
10-04-2024 16:16:00,3594.16148515473
10-04-2024 16:26:00,3589.57194724676
10-04-2024 16:36:00,3590.99329793447
10-04-2024 16:46:00,3606.81891096096
10-04-2024 16:56:00,3618.93401801473
10-04-2024 17:06:00,3626.52482597515
10-04-2024 17:16:00,3629.61940804751
10-04-2024 17:26:00,3624.82502559249
10-04-2024 17:36:00,3618.6024990155
10-04-2024 17:46:00,3616.5107849785
10-04-2024 17:56:00,3592.33773237474
10-04-2024 18:06:00,3588.1975094948
10-04-2024 18:16:00,3583.41220696559
10-04-2024 18:26:00,3577.77868961669
10-04-2024 18:36:00,3575.53412234579
10-04-2024 18:46:00,3573.97159514129
10-04-2024 18:56:00,3569.75796839538
10-04-2024 19:06:00,3569.31465004849
10-04-2024 19:16:00,3568.59446915519
10-04-2024 19:26:00,3569.68072188179
10-04-2024 19:36:00,3563.72652982115
10-04-2024 19:46:00,3565.01611646427
10-04-2024 19:56:00,3564.77488301676
10-04-2024 20:06:00,3562.15590141702
10-04-2024 20:16:00,3563.1393499927
10-04-2024 20:26:00,3559.9059945772
10-04-2024 20:36:00,3562.39295078709
10-04-2024 20:46:00,3562.29718723588
10-04-2024 20:56:00,3566.2887781234
10-04-2024 21:06:00,3562.74753182676
10-04-2024 21:16:00,3565.68883218921
10-04-2024 21:26:00,3569.68156726307
10-04-2024 21:36:00,3569.25009897191
10-04-2024 21:46:00,3572.73228657031
10-04-2024 21:56:00,3575.54181838015
10-04-2024 22:06:00,3577.56331989134
10-04-2024 22:16:00,3579.99363572608
10-04-2024 22:26:00,3580.24722580592
10-04-2024 22:36:00,3582.47288756396
10-04-2024 22:46:00,3586.0986084621
10-04-2024 22:56:00,3586.45378745241
10-04-2024 23:06:00,3587.24841740826
10-04-2024 23:16:00,3589.64697317431
10-04-2024 23:26:00,3587.85621278796
10-04-2024 23:36:00,3590.66293323934
10-04-2024 23:46:00,3588.43286736788
10-04-2024 23:56:00,3589.1651984445
10-05-2024 00:06:00,3596.80918701223
10-05-2024 00:16:00,3599.14146422041
10-05-2024 00:26:00,3602.25704246664
10-05-2024 00:36:00,3609.17742518794
10-05-2024 00:46:00,3621.46645650535
10-05-2024 00:56:00,3634.12068971368
10-05-2024 01:06:00,3637.89929041834
10-05-2024 01:16:00,3646.86956488376
10-05-2024 01:26:00,3655.52705825399
10-05-2024 01:36:00,3657.05329490441
10-05-2024 01:46:00,3657.69908782269
10-05-2024 01:56:00,3662.07094131183
10-05-2024 02:06:00,3662.2713016774
10-05-2024 02:16:00,3664.16216576501
10-05-2024 02:26:00,3666.59600923613
10-05-2024 02:36:00,3665.77913064368
10-05-2024 02:46:00,3660.35980040706
10-05-2024 02:56:00,3662.18353363002
10-05-2024 03:06:00,3664.30998400961
10-05-2024 03:16:00,3662.17805174852
10-05-2024 03:26:00,3663.89760621844
10-05-2024 03:36:00,3663.18539104851
10-05-2024 03:46:00,3658.82968193941
10-05-2024 03:56:00,3665.91135821613
10-05-2024 04:06:00,3662.50490300825
10-05-2024 04:16:00,3664.56106417961
10-05-2024 04:26:00,3665.70614215047
10-05-2024 04:36:00,3663.35014845924
10-05-2024 04:46:00,3662.57548979492
10-05-2024 04:56:00,3660.92865097892
10-05-2024 05:06:00,3660.79729576176
10-05-2024 05:16:00,3661.74022101166
10-05-2024 05:26:00,3661.10416789349
10-05-2024 05:36:00,3661.88097490476
10-05-2024 05:46:00,3658.72344333873
10-05-2024 05:56:00,3658.96025179485
10-05-2024 06:06:00,3654.89793600902
10-05-2024 06:16:00,3660.21098673772
10-05-2024 06:26:00,3658.87100641366
10-05-2024 06:36:00,3658.43834807764
10-05-2024 06:46:00,3658.0059108538
10-05-2024 06:56:00,3653.74744842465
10-05-2024 07:06:00,3652.47570263345
10-05-2024 07:16:00,3648.55795277247
10-05-2024 07:26:00,3652.55553656148
10-05-2024 07:36:00,3650.17872709724
10-05-2024 07:46:00,3649.14567432723
10-05-2024 07:56:00,3650.62652119804
10-05-2024 08:06:00,3649.12631656792
10-05-2024 08:16:00,3649.09916062788
10-05-2024 08:26:00,3649.10698892098
10-05-2024 08:36:00,3646.70372116466
10-05-2024 08:46:00,3646.41059229937
10-05-2024 08:56:00,3635.50584943841
10-05-2024 09:06:00,3639.56686133664
10-05-2024 09:16:00,3635.19180135277
10-05-2024 09:26:00,3633.32776682152
10-05-2024 09:36:00,3627.88260881201
10-05-2024 09:46:00,3624.8473413504
10-05-2024 09:56:00,3625.25904934855
10-05-2024 10:06:00,3623.22768780107
10-05-2024 10:16:00,3621.36197270218
10-05-2024 10:26:00,3620.06579765136
10-05-2024 10:36:00,3613.94758130396
10-05-2024 10:46:00,3617.50500371519
10-05-2024 10:56:00,3611.48548253734
10-05-2024 11:06:00,3613.06532326115
10-05-2024 11:16:00,3612.13268448707
10-05-2024 11:26:00,3610.49566353643
10-05-2024 11:36:00,3615.22621350673
10-05-2024 11:46:00,3605.16904383188
10-05-2024 11:56:00,3607.21472514928
10-05-2024 12:06:00,3612.61697781319
10-05-2024 12:16:00,3636.0597555045
10-05-2024 12:26:00,3624.54585336169
10-05-2024 12:36:00,3638.7044327086
10-05-2024 12:46:00,3611.74427532307
10-05-2024 12:56:00,3607.84246234757
10-05-2024 13:06:00,3603.63444549835
10-05-2024 13:16:00,3597.57379681285
10-05-2024 13:26:00,3596.05608474229
10-05-2024 13:36:00,3596.65991503343
10-05-2024 13:46:00,3596.22229770649
10-05-2024 13:56:00,3595.82426093801
10-05-2024 14:06:00,3589.18688830838
10-05-2024 14:16:00,3588.05016307036
10-05-2024 14:26:00,3582.46385698792
10-05-2024 14:36:00,3580.48870992072
10-05-2024 14:46:00,3575.37946907407
10-05-2024 14:56:00,3574.11290159499
10-05-2024 15:06:00,3569.84218867427
10-05-2024 15:16:00,3566.17805649833
10-05-2024 15:26:00,3562.7160992682
10-05-2024 15:36:00,3562.69156337568
10-05-2024 15:46:00,3557.7404778491
10-05-2024 15:56:00,3563.02933595898
10-05-2024 16:06:00,3561.44216358467
10-05-2024 16:16:00,3562.6868782761
10-05-2024 16:26:00,3556.06754656363
10-05-2024 16:36:00,3554.53253076072
10-05-2024 16:46:00,3550.06017944532
10-05-2024 16:56:00,3552.80298791062
10-05-2024 17:16:00,3548.23610606178
10-05-2024 17:26:00,3551.89465243301
10-05-2024 17:36:00,3535.99732755097
10-05-2024 17:46:00,3529.80615264149
10-05-2024 17:56:00,3521.27380629923
10-05-2024 18:06:00,3519.21288411401
10-05-2024 18:16:00,3518.26848529834
10-05-2024 18:26:00,3515.00908504662
10-05-2024 18:36:00,3512.84195970441
10-05-2024 18:46:00,3514.84469836807
10-05-2024 18:56:00,3513.03534038297
10-05-2024 19:06:00,3506.8723862502
10-05-2024 19:16:00,3510.68346269416
10-05-2024 19:26:00,3509.12274657781
10-05-2024 19:36:00,3507.53753201016
10-05-2024 19:46:00,3508.70253242534
10-05-2024 19:56:00,3505.58755592349
10-05-2024 20:06:00,3504.63489982711
10-05-2024 20:16:00,3506.20784006299
10-05-2024 20:26:00,3501.23060414584
10-05-2024 20:36:00,3498.41649422853
10-05-2024 20:46:00,3500.47614826773
10-05-2024 20:56:00,3499.16875690622
10-05-2024 21:06:00,3499.49396106068
10-05-2024 21:16:00,3503.47120818763
10-05-2024 21:26:00,3499.99691888611
10-05-2024 21:36:00,3502.23920649961
10-05-2024 21:46:00,3500.70408298522
10-05-2024 21:56:00,3506.59937622777
10-05-2024 22:06:00,3507.4129294337
10-05-2024 22:16:00,3508.20317130131
10-05-2024 22:26:00,3513.4862032414
10-05-2024 22:36:00,3512.23419918974
10-05-2024 22:46:00,3511.39060518677
10-05-2024 22:56:00,3514.22292525152
10-05-2024 23:16:00,3519.88994832319
10-05-2024 23:26:00,3519.22627619167
10-05-2024 23:36:00,3521.34340938408
10-05-2024 23:46:00,3521.26771653834
10-05-2024 23:56:00,3524.96822998984
10-06-2024 00:06:00,3532.41776426278
10-06-2024 00:16:00,3540.29761656603
10-06-2024 00:26:00,3544.17059769955
10-06-2024 00:36:00,3548.34757578422
10-06-2024 00:46:00,3566.5623487743
10-06-2024 00:56:00,3578.75308506362
10-06-2024 01:06:00,3588.08357546988
10-06-2024 01:16:00,3596.56279653783
10-06-2024 01:26:00,3598.98949031671
10-06-2024 01:36:00,3601.38413525906
10-06-2024 01:46:00,3605.17032644008
10-06-2024 01:56:00,3608.88319929133
10-06-2024 02:06:00,3613.91519958587
10-06-2024 02:16:00,3616.74571636536
10-06-2024 02:26:00,3620.01201595352
10-06-2024 02:36:00,3622.86957722718
10-06-2024 02:46:00,3625.9277961949
10-06-2024 02:56:00,3626.44752526565
10-06-2024 03:06:00,3624.56586971158
10-06-2024 03:16:00,3627.11315542245
10-06-2024 03:26:00,3626.31467763542
10-06-2024 03:36:00,3628.48695483526
10-06-2024 03:46:00,3625.69617023466
10-06-2024 03:56:00,3626.48277726651
10-06-2024 04:06:00,3627.53989847744
10-06-2024 04:16:00,3626.80799138846
10-06-2024 04:26:00,3628.09947063078
10-06-2024 04:36:00,3628.48019018806
10-06-2024 04:46:00,3627.04090576277
10-06-2024 04:56:00,3629.30936589537
10-06-2024 05:06:00,3629.68951048251
10-06-2024 05:16:00,3627.74603986734
10-06-2024 05:26:00,3630.31542921298
10-06-2024 05:36:00,3628.57485967229
10-06-2024 05:46:00,3633.49697422398
10-06-2024 05:56:00,3628.62821994759
10-06-2024 06:06:00,3633.51488845035
10-06-2024 06:16:00,3630.46430892105
10-06-2024 06:26:00,3631.14593595287
10-06-2024 06:36:00,3630.98800093515
10-06-2024 06:46:00,3632.17299750057
10-06-2024 06:56:00,3629.89931696354
10-06-2024 07:06:00,3631.28535762734
10-06-2024 07:16:00,3631.9658958557
10-06-2024 07:26:00,3633.3178649431
10-06-2024 07:36:00,3629.16713784738
10-06-2024 07:46:00,3627.33244635544
10-06-2024 07:56:00,3625.26527735716
10-06-2024 08:06:00,3628.79432481504
10-06-2024 08:16:00,3625.85519759892
10-06-2024 08:26:00,3621.3411830836
10-06-2024 08:36:00,3622.52535386648
10-06-2024 08:46:00,3621.83188691983
10-06-2024 08:56:00,3619.73217119947
10-06-2024 09:06:00,3615.62421566027
10-06-2024 09:16:00,3615.13305149933
10-06-2024 09:26:00,3616.3490680682
10-06-2024 09:36:00,3613.17832964362
10-06-2024 09:46:00,3610.30927998038
10-06-2024 09:56:00,3605.56377054633
10-06-2024 10:06:00,3605.03490715257
10-06-2024 10:16:00,3603.03032596177
10-06-2024 10:26:00,3597.00884919442
10-06-2024 10:36:00,3594.12895950557
10-06-2024 10:46:00,3592.65432588303
10-06-2024 10:56:00,3589.97361690191
10-06-2024 11:06:00,3586.01464759185
10-06-2024 11:16:00,3585.27004015801
10-06-2024 11:26:00,3586.06192723004
10-06-2024 11:36:00,3586.65310040116
10-06-2024 11:46:00,3597.56635707835
10-06-2024 11:56:00,3610.80566357645
10-06-2024 12:06:00,3618.88333944155
10-06-2024 12:16:00,3621.39530027211
10-06-2024 12:26:00,3620.38010136037
10-06-2024 12:36:00,3617.98241903666
10-06-2024 12:46:00,3597.95002749957
10-06-2024 12:56:00,3609.95189319349
10-06-2024 13:06:00,3584.94136547624
10-06-2024 13:16:00,3579.7269809416
10-06-2024 13:26:00,3579.23420447469
10-06-2024 13:36:00,3574.69258609069
10-06-2024 13:46:00,3568.60083350082
10-06-2024 13:56:00,3565.13817155506
10-06-2024 14:06:00,3565.62418476711
10-06-2024 14:16:00,3565.65037698583
10-06-2024 14:26:00,3570.03419892731
10-06-2024 14:36:00,3569.93196779266
10-06-2024 14:46:00,3571.4235969682
10-06-2024 14:56:00,3575.55028569775
10-06-2024 15:06:00,3575.521616173
10-06-2024 15:16:00,3574.47942349929
10-06-2024 15:26:00,3569.55829167873
10-06-2024 15:36:00,3565.37455611368
10-06-2024 15:46:00,3564.02834706078
10-06-2024 15:56:00,3559.66867371723
10-06-2024 16:06:00,3561.36277830232
10-06-2024 16:16:00,3560.24590652186
10-06-2024 16:26:00,3560.77754990448
10-06-2024 16:36:00,3556.31464186506
10-06-2024 16:46:00,3551.90326112581
10-06-2024 16:56:00,3547.388217806
10-06-2024 17:06:00,3543.37817990818
10-06-2024 17:16:00,3539.08676597968
10-06-2024 17:26:00,3532.07585364287
10-06-2024 17:36:00,3529.30089439934
10-06-2024 17:46:00,3526.04009182182
10-06-2024 17:56:00,3522.36993192224
10-06-2024 18:06:00,3521.95076968064
10-06-2024 18:16:00,3515.02031104918
10-06-2024 18:26:00,3509.28267395702
10-06-2024 18:36:00,3503.15617818404
10-06-2024 18:46:00,3503.70214755202
10-06-2024 18:56:00,3502.94634028985
10-06-2024 19:06:00,3498.39787908194
10-06-2024 19:16:00,3497.51609817051
10-06-2024 19:26:00,3495.92022805447
10-06-2024 19:36:00,3490.36793943709
10-06-2024 19:46:00,3490.19725498788
10-06-2024 19:56:00,3499.28886926779
10-06-2024 20:06:00,3493.91604352459
10-06-2024 20:16:00,3492.09158779731
10-06-2024 20:26:00,3489.77717708997
10-06-2024 20:36:00,3486.62386438805
10-06-2024 20:46:00,3482.52992269996
10-06-2024 20:56:00,3481.21281243599
10-06-2024 21:06:00,3477.93440497888
10-06-2024 21:16:00,3479.35400300252
10-06-2024 21:26:00,3477.3827573982
10-06-2024 21:36:00,3475.30934067225
10-06-2024 21:46:00,3479.56877240551
10-06-2024 21:56:00,3479.12959045939
10-06-2024 22:06:00,3478.17966471982
10-06-2024 22:16:00,3478.12893366297
10-06-2024 22:26:00,3478.50678794262
10-06-2024 22:36:00,3478.76237486423
10-06-2024 22:46:00,3479.22213930913
10-06-2024 22:56:00,3473.45313225879
10-06-2024 23:06:00,3482.18341408234
10-06-2024 23:16:00,3482.21400652258
10-06-2024 23:26:00,3480.10116802502
10-06-2024 23:36:00,3483.0915528705
10-06-2024 23:46:00,3482.69346452933
10-06-2024 23:56:00,3485.27415407059
10-09-2024 00:06:00,3588.44775602548
10-09-2024 00:16:00,3591.16999003008
10-09-2024 00:26:00,3590.06137871256
10-09-2024 00:36:00,3598.87104179717
10-09-2024 00:46:00,3602.32757036885
10-09-2024 00:56:00,3605.14560971609
10-09-2024 01:06:00,3605.93395067808
10-09-2024 01:16:00,3611.79145671222
10-09-2024 01:26:00,3611.46275857791
10-09-2024 01:36:00,3614.95578472731
10-09-2024 01:46:00,3616.0153442312
10-09-2024 01:56:00,3615.96029050961
10-09-2024 02:06:00,3619.95462995968
10-09-2024 02:16:00,3619.39234884158
10-09-2024 02:26:00,3624.06108309395
10-09-2024 02:36:00,3628.65534192209
10-09-2024 02:46:00,3632.43786962678
10-09-2024 02:56:00,3628.63842566785
10-09-2024 03:06:00,3631.50927225216
10-09-2024 03:16:00,3631.65141296397
10-09-2024 03:26:00,3641.15151087783
10-09-2024 03:36:00,3642.50148061072
10-09-2024 03:46:00,3645.23133435412
10-09-2024 03:56:00,3647.55563684304
10-09-2024 04:06:00,3650.01089257791
10-09-2024 04:16:00,3651.62624068936
10-09-2024 04:26:00,3652.56743269961
10-09-2024 04:36:00,3652.90383221669
10-09-2024 04:46:00,3651.73003346241
10-09-2024 04:56:00,3646.1291381779
10-09-2024 05:06:00,3643.21673426823
10-09-2024 05:16:00,3645.26527926212
10-09-2024 05:26:00,3648.24900779934
10-09-2024 05:36:00,3646.77717702506
10-09-2024 05:46:00,3650.02841559487
10-09-2024 05:56:00,3650.76661615272
10-09-2024 06:06:00,3652.64085888976
10-09-2024 06:16:00,3645.37880599365
10-09-2024 06:26:00,3639.7954920194
10-09-2024 06:36:00,3637.55728311771
10-09-2024 06:46:00,3626.96471017
10-09-2024 06:56:00,3625.73364467944
10-09-2024 07:06:00,3620.39289620079
10-09-2024 07:16:00,3622.57172705765
10-09-2024 07:26:00,3622.21496227919
10-09-2024 07:36:00,3637.88430601476
10-09-2024 07:46:00,3632.37667639968
10-09-2024 07:56:00,3628.44293410131
10-09-2024 08:06:00,3636.0222477642
10-09-2024 08:16:00,3631.51927121913
10-09-2024 08:26:00,3636.59336560719
10-09-2024 08:36:00,3632.99246678287
10-09-2024 08:46:00,3632.02353833842
10-09-2024 08:56:00,3631.92479305759
10-09-2024 09:06:00,3627.6260715949
10-09-2024 09:16:00,3623.45818127451
10-09-2024 09:26:00,3618.89101007676
10-09-2024 09:36:00,3623.52233103992
10-09-2024 09:46:00,3622.08419262213
10-09-2024 09:56:00,3620.34609886308
10-09-2024 10:06:00,3623.90669433091
10-09-2024 10:16:00,3624.96786694856
10-09-2024 10:26:00,3623.72956830775
10-09-2024 10:36:00,3625.49051558904
10-09-2024 10:46:00,3626.18134182103
10-09-2024 10:56:00,3626.30194033501
10-09-2024 11:06:00,3626.12248161122
10-09-2024 11:16:00,3624.0423036818
10-09-2024 11:26:00,3625.59274506621
10-09-2024 11:36:00,3619.76703253171
10-09-2024 11:46:00,3624.75057609693
10-09-2024 11:56:00,3623.72806054972
10-09-2024 12:06:00,3623.73614137899
10-09-2024 12:16:00,3628.7558803112
10-09-2024 12:26:00,3634.58180501734
10-09-2024 12:36:00,3638.40605423738
10-09-2024 12:46:00,3620.55635266182
10-09-2024 12:56:00,3622.64170042737
10-09-2024 13:06:00,3618.63171838004
10-09-2024 13:16:00,3617.0007253835
10-09-2024 13:26:00,3613.76069145154
10-09-2024 13:36:00,3607.77602292842
10-09-2024 13:46:00,3602.96707060008
10-09-2024 13:56:00,3598.96092398312
10-09-2024 14:06:00,3597.26649565673
10-09-2024 14:16:00,3593.53271382654
10-09-2024 14:26:00,3591.83690110689
10-09-2024 14:36:00,3592.5281223116
10-09-2024 14:46:00,3587.78653542895
10-09-2024 14:56:00,3587.27005912966
10-09-2024 15:06:00,3589.87284468636
10-09-2024 15:16:00,3584.72723975466
10-09-2024 15:26:00,3582.60000981597
10-09-2024 15:36:00,3579.16394918574
10-09-2024 15:46:00,3578.14308384346
10-09-2024 15:56:00,3574.32884233973
10-09-2024 16:06:00,3569.53149772614
10-09-2024 16:16:00,3567.527080493
10-09-2024 16:26:00,3564.89098540487
10-09-2024 16:36:00,3564.24393944353
10-09-2024 16:46:00,3574.23366414948
10-09-2024 16:56:00,3562.6185977754
10-09-2024 17:06:00,3565.93019946343
10-09-2024 17:16:00,3561.06654762052
10-09-2024 17:26:00,3559.63294149701
10-09-2024 17:36:00,3559.99251965924
10-09-2024 17:46:00,3557.26741439055
10-09-2024 17:56:00,3557.32301569796
10-09-2024 18:06:00,3558.11085739722
10-09-2024 18:16:00,3558.97617384668
10-09-2024 18:26:00,3554.98317261049
10-09-2024 18:36:00,3556.96174058931
10-09-2024 18:46:00,3556.58772603661
10-09-2024 18:56:00,3558.64486479823
10-09-2024 19:06:00,3553.88976482675
10-09-2024 19:16:00,3551.487594149
10-09-2024 19:26:00,3552.93641394791
10-09-2024 19:36:00,3552.33414501954
10-09-2024 19:46:00,3549.29784953148
10-09-2024 19:56:00,3549.17831873403
10-09-2024 20:06:00,3548.85588227174
10-09-2024 20:16:00,3554.31500665621
10-09-2024 20:26:00,3549.1781775498
10-09-2024 20:36:00,3556.64182407595
10-09-2024 20:46:00,3557.817143611
10-09-2024 20:56:00,3558.56250484905
10-09-2024 21:06:00,3558.31785488685
10-09-2024 21:16:00,3561.06679958122
10-09-2024 21:26:00,3561.20331146923
10-09-2024 21:36:00,3558.98374230492
10-09-2024 21:46:00,3559.62719003876
10-09-2024 21:56:00,3560.65158608886
10-09-2024 22:06:00,3565.52629041098
10-09-2024 22:16:00,3565.35829787945
10-09-2024 22:26:00,3568.00223711555
10-09-2024 22:36:00,3571.05046943615
10-09-2024 22:46:00,3569.74287294238
10-09-2024 22:56:00,3570.86589735285
10-09-2024 23:06:00,3573.10220677843
10-09-2024 23:16:00,3572.7059182395
10-09-2024 23:26:00,3573.90372892897
10-09-2024 23:36:00,3579.98323520398
10-09-2024 23:46:00,3583.10079722073
10-09-2024 23:56:00,3584.32145847812
10-13-2024 00:00:00,3495.66073641277
10-13-2024 00:10:00,3495.106889869
10-13-2024 00:20:00,3496.55730325767
10-13-2024 00:30:00,3506.67092721387
10-13-2024 00:40:00,3517.63433820821
10-13-2024 00:50:00,3523.83354414373
10-13-2024 01:00:00,3522.17457717328
10-13-2024 01:10:00,3527.97808909401
10-13-2024 01:20:00,3541.07808806281
10-13-2024 01:30:00,3543.97589053381
10-13-2024 01:40:00,3549.11913065802
10-13-2024 01:50:00,3555.10497065329
10-13-2024 02:00:00,3559.84433640062
10-13-2024 02:10:00,3561.82529987474
10-13-2024 02:20:00,3569.86123139466
10-13-2024 02:30:00,3573.13858259233
10-13-2024 02:40:00,3572.31707079946
10-13-2024 02:50:00,3574.29355065072
10-13-2024 03:00:00,3572.77310193396
10-13-2024 03:10:00,3574.3492188221
10-13-2024 03:20:00,3576.92303981033
10-13-2024 03:30:00,3576.8428807512
10-13-2024 03:40:00,3580.01351886543
10-13-2024 03:50:00,3578.1947784938
10-13-2024 04:00:00,3581.56318229276
10-13-2024 04:10:00,3584.67249672904
10-13-2024 04:20:00,3585.04726783089
10-13-2024 04:30:00,3585.52158934033
10-13-2024 04:40:00,3588.98466362521
10-13-2024 04:50:00,3591.25087111817
10-13-2024 05:00:00,3587.88126211228
10-13-2024 05:10:00,3589.44978412055
10-13-2024 05:20:00,3590.91810091734
10-13-2024 05:30:00,3591.58976983127
10-13-2024 05:40:00,3590.1139093633
10-13-2024 05:50:00,3590.44601143981
10-13-2024 06:00:00,3593.84311530414
10-13-2024 06:10:00,3592.42634006778
10-13-2024 06:20:00,3591.20907198256
10-13-2024 06:30:00,3594.81973666963
10-13-2024 06:40:00,3592.70850189771
10-13-2024 06:50:00,3594.07423540523
10-13-2024 07:00:00,3592.2210587414
10-13-2024 07:10:00,3592.09743015017
10-13-2024 07:20:00,3592.42901667657
10-13-2024 07:30:00,3594.98476339021
10-13-2024 07:40:00,3595.01820118966
10-13-2024 07:50:00,3587.90930332749
10-13-2024 08:00:00,3594.58923530581
10-13-2024 08:10:00,3594.92033194839
10-13-2024 08:20:00,3590.88867797427
10-13-2024 08:30:00,3586.12264439046
10-13-2024 08:40:00,3591.70883764691
10-13-2024 08:50:00,3591.89990007305
10-13-2024 09:00:00,3591.29803068678
10-13-2024 09:10:00,3589.7052112147
10-13-2024 09:20:00,3587.12167938737
10-13-2024 09:30:00,3588.06404139009
10-13-2024 09:40:00,3587.1653227717
10-13-2024 09:50:00,3587.51301167423
10-13-2024 10:00:00,3585.14327864418
10-13-2024 10:10:00,3587.86920021442
10-13-2024 10:20:00,3583.46014238171
10-13-2024 10:30:00,3585.39320611462
10-13-2024 10:40:00,3582.32911047386
10-13-2024 10:50:00,3580.94934845724
10-13-2024 11:00:00,3579.47016227043
10-13-2024 11:10:00,3574.13773528582
10-13-2024 11:20:00,3565.78382059297
10-13-2024 11:30:00,3561.9438152106
10-13-2024 11:40:00,3567.43046924031
10-13-2024 11:50:00,3567.6149481655
10-13-2024 12:00:00,3563.38381108722
10-13-2024 12:10:00,3562.77069902351
10-13-2024 12:20:00,3564.40007127543
10-13-2024 12:30:00,3562.13886779396
10-13-2024 12:40:00,3559.63196894648
10-13-2024 12:50:00,3556.41529551746
10-13-2024 13:00:00,3551.45762900228
10-13-2024 13:10:00,3548.1815004158
10-13-2024 13:20:00,3545.45581968684
10-13-2024 13:30:00,3544.51514339727
10-13-2024 13:40:00,3545.26911650062
10-13-2024 13:50:00,3547.91801006349
10-13-2024 14:00:00,3550.81262901556
10-13-2024 14:10:00,3550.71535775955
10-13-2024 14:20:00,3552.41349558278
10-13-2024 14:30:00,3554.11182338976
10-13-2024 14:40:00,3552.96254081432
10-13-2024 14:50:00,3551.11490524987
10-13-2024 15:00:00,3551.21679053222
10-13-2024 15:10:00,3549.56843214253
10-13-2024 15:20:00,3548.47275960369
10-13-2024 15:30:00,3547.87574012518
10-13-2024 15:40:00,3546.18084427952
10-13-2024 15:50:00,3540.4936457864
10-13-2024 16:00:00,3533.3137766747
10-13-2024 16:10:00,3530.67082465472
10-13-2024 16:20:00,3521.63965157877
10-13-2024 16:30:00,3520.09519480433
10-13-2024 16:40:00,3514.50103038493
10-13-2024 16:50:00,3512.8530525375
10-13-2024 17:00:00,3504.30436472892
10-13-2024 17:10:00,3504.2520119785
10-13-2024 17:20:00,3498.99648332557
10-13-2024 17:30:00,3496.08990735521
10-13-2024 17:40:00,3493.03233257312
10-13-2024 17:50:00,3491.02574682118
10-13-2024 18:00:00,3484.86262882821
10-13-2024 18:10:00,3478.4971206267
10-13-2024 18:20:00,3474.881376528
10-13-2024 18:30:00,3469.0596243034
10-13-2024 18:40:00,3461.83194048142
10-13-2024 18:50:00,3456.70551183483
10-13-2024 19:00:00,3451.47617249899
10-13-2024 19:10:00,3445.69731508375
10-13-2024 19:20:00,3446.38054950367
10-13-2024 19:30:00,3443.60773310277
10-13-2024 19:40:00,3445.64982985607
10-13-2024 19:50:00,3445.74049598112
10-13-2024 20:00:00,3445.8310933544
10-13-2024 20:10:00,3444.81770217138
10-13-2024 20:20:00,3443.55821093635
10-13-2024 20:30:00,3445.4097228099
10-13-2024 20:40:00,3444.35085707339
10-13-2024 20:50:00,3447.80798327981
10-13-2024 21:00:00,3448.91139615136
10-13-2024 21:10:00,3447.40578410741
10-13-2024 21:20:00,3443.49244481594
10-13-2024 21:30:00,3447.15909005147
10-13-2024 21:40:00,3448.56303624359
10-13-2024 21:50:00,3450.5685482127
10-13-2024 22:00:00,3449.31904984245
10-13-2024 22:10:00,3445.86411725938
10-13-2024 22:20:00,3450.63090392346
10-13-2024 22:30:00,3455.95178209921
10-13-2024 22:40:00,3452.49785969154
10-13-2024 22:50:00,3452.35149393878
10-13-2024 23:00:00,3455.26505623403
10-13-2024 23:10:00,3456.32023626778
10-13-2024 23:20:00,3456.127782155
10-13-2024 23:30:00,3457.63728186045
10-13-2024 23:40:00,3457.59056587495
10-13-2024 23:50:00,3455.24222881779
10-14-2024 00:00:00,3458.09762488737
10-14-2024 00:10:00,3459.30569489642
10-14-2024 00:20:00,3459.61318224538
10-14-2024 00:30:00,3463.52001470743
10-14-2024 00:40:00,3464.27241986726
10-14-2024 00:50:00,3465.17837314276
10-14-2024 01:00:00,3465.78420479513
10-14-2024 01:10:00,3468.13435705285
10-14-2024 01:20:00,3472.135248741
10-14-2024 01:30:00,3482.52499749345
10-14-2024 01:40:00,3504.09242398103
10-14-2024 01:50:00,3512.87129707214
10-14-2024 02:00:00,3520.69771079171
10-14-2024 02:10:00,3528.3707185686
10-14-2024 02:20:00,3531.85226269627
10-14-2024 02:30:00,3538.02372961554
10-14-2024 02:40:00,3539.00985801454
10-14-2024 02:50:00,3543.38328245057
10-14-2024 03:00:00,3547.0573726698
10-14-2024 03:10:00,3549.1887811444
10-14-2024 03:20:00,3549.77332676912
10-14-2024 03:30:00,3553.79513600101
10-14-2024 03:40:00,3557.71614562094
10-14-2024 03:50:00,3560.08981724211
10-14-2024 04:00:00,3559.87557103934
10-14-2024 04:10:00,3563.99218592906
10-14-2024 04:20:00,3567.4570208687
10-14-2024 04:30:00,3564.51073874735
10-14-2024 04:40:00,3567.63019812419
10-14-2024 04:50:00,3570.29720699134
10-14-2024 05:00:00,3570.33372008981
10-14-2024 05:10:00,3573.45061778182
10-14-2024 05:20:00,3575.91622656741
10-14-2024 05:30:00,3576.79162357044
10-14-2024 05:40:00,3576.92654626371
10-14-2024 05:50:00,3579.04719796687
10-14-2024 06:00:00,3578.43258742173
10-14-2024 06:10:00,3580.3537426059
10-14-2024 06:20:00,3583.16739786216
10-14-2024 06:30:00,3585.03250809392
10-14-2024 06:40:00,3585.06701365701
10-14-2024 06:50:00,3587.48175783106
10-14-2024 07:00:00,3585.63189319802
10-14-2024 07:10:00,3586.16210843808
10-14-2024 07:20:00,3585.40352366361
10-14-2024 07:30:00,3585.14077664075
10-14-2024 07:40:00,3586.02282500684
10-14-2024 07:50:00,3588.23730091583
10-14-2024 08:00:00,3587.63269276538
10-14-2024 08:10:00,3587.36981282449
10-14-2024 08:20:00,3584.48712424938
10-14-2024 08:30:00,3585.61143121928
10-14-2024 08:40:00,3589.80518959507
10-14-2024 08:50:00,3584.84412244338
10-14-2024 09:00:00,3585.92340654182
10-14-2024 09:10:00,3584.92348553552
10-14-2024 09:20:00,3584.1217062713
10-14-2024 09:30:00,3582.33019516603
10-14-2024 09:40:00,3584.39909182122
10-14-2024 09:50:00,3578.6490471494
10-14-2024 10:00:00,3574.83356869075
10-14-2024 10:10:00,3575.3727132502
10-14-2024 10:20:00,3574.97547279964
10-14-2024 10:30:00,3569.23286919428
10-14-2024 10:40:00,3568.63692336502
10-14-2024 10:50:00,3566.9517854636
10-14-2024 11:00:00,3565.2198067708
10-14-2024 11:10:00,3557.24807615588
10-14-2024 11:20:00,3554.47585714921
10-14-2024 11:30:00,3552.74445561649
10-14-2024 11:40:00,3547.99014753016
10-14-2024 11:50:00,3545.36256888895
10-14-2024 12:00:00,3545.46219917848
10-14-2024 12:10:00,3546.80357376692
10-14-2024 12:20:00,3546.50622764291
10-14-2024 12:30:00,3544.81783228687
10-14-2024 12:40:00,3542.33291360547
10-14-2024 12:50:00,3543.97001878012
10-14-2024 13:00:00,3538.74728590123
10-14-2024 13:10:00,3535.85794259978
10-14-2024 13:20:00,3530.97748393873
10-14-2024 13:30:00,3532.76115813375
10-14-2024 13:40:00,3531.31093575966
10-14-2024 13:50:00,3533.7419570067
10-14-2024 14:00:00,3537.86599025051
10-14-2024 14:10:00,3541.19469894161
10-14-2024 14:20:00,3534.71532516692
10-14-2024 14:30:00,3536.50014306746
10-14-2024 14:40:00,3539.28106667601
10-14-2024 14:50:00,3538.97481320635
10-14-2024 15:00:00,3532.99087889251
10-14-2024 15:10:00,3533.38120477968
10-14-2024 15:20:00,3531.53019194567
10-14-2024 15:30:00,3527.88509820136
10-14-2024 15:40:00,3526.28209740607
10-14-2024 15:50:00,3519.09609642382
10-14-2024 16:00:00,3511.75878492194
10-14-2024 16:10:00,3507.15834690336
10-14-2024 16:20:00,3503.30090804637
10-14-2024 16:30:00,3499.34101954584
10-14-2024 16:40:00,3496.52291176772
10-14-2024 16:50:00,3495.45287766912
10-14-2024 17:00:00,3488.68930533933
10-14-2024 17:10:00,3486.26292101986
10-14-2024 17:20:00,3478.09184778878
10-14-2024 17:30:00,3472.76978489366
10-14-2024 17:40:00,3468.58936210414
10-14-2024 17:50:00,3464.16186952211
10-14-2024 18:00:00,3457.23086105144
10-14-2024 18:10:00,3453.2553097395
10-14-2024 18:20:00,3451.48012974025
10-14-2024 18:30:00,3451.30580592415
10-14-2024 18:40:00,3448.8860050471
10-14-2024 18:50:00,3452.37240415418
10-14-2024 19:00:00,3446.94849776709
10-14-2024 19:10:00,3445.12828678938
10-14-2024 19:20:00,3445.61085896474
10-14-2024 19:30:00,3441.72917573155
10-14-2024 19:40:00,3433.09669491147
10-14-2024 19:50:00,3425.26409414781
10-14-2024 20:00:00,3421.07698299654
10-14-2024 20:10:00,3422.15859727974
10-14-2024 20:20:00,3425.00321884457
10-14-2024 20:30:00,3427.92967301108
10-14-2024 20:40:00,3432.0773621174
10-14-2024 20:50:00,3430.91386378566
10-14-2024 21:00:00,3431.25347577542
10-14-2024 21:10:00,3432.09409547497
10-14-2024 21:20:00,3432.63404079495
10-14-2024 21:30:00,3433.07373225771
10-14-2024 21:40:00,3436.51968795952
10-14-2024 21:50:00,3436.859081969
10-14-2024 22:00:00,3431.22685389475
10-14-2024 22:10:00,3433.61175017832
10-14-2024 22:20:00,3432.44763253418
10-14-2024 22:30:00,3434.83267526864
10-14-2024 22:40:00,3434.61171174123
10-14-2024 22:50:00,3432.48586504802
10-14-2024 23:00:00,3433.46761826364
10-14-2024 23:10:00,3435.9534534199
10-14-2024 23:20:00,3436.83520648511
10-14-2024 23:30:00,3443.43316527448
10-14-2024 23:40:00,3444.81695877812
10-14-2024 23:50:00,3449.61107652045
10-18-2024 00:00:00,3682.08908661525
10-18-2024 00:05:00,3676.3577205818
10-18-2024 00:10:00,3678.76398339177
10-18-2024 00:15:00,3682.6193858297
10-18-2024 00:20:00,3683.4787499386
10-18-2024 00:25:00,3686.63425946422
10-18-2024 00:30:00,3687.8417505358
10-18-2024 00:35:00,3693.89171138188
10-18-2024 00:40:00,3699.84086480641
10-18-2024 00:45:00,3699.99979532841
10-18-2024 00:50:00,3698.11269215065
10-18-2024 00:55:00,3700.86627649794
10-18-2024 01:00:00,3704.91658101606
10-18-2024 01:05:00,3701.4831321166
10-18-2024 01:10:00,3702.3401863132
10-18-2024 01:15:00,3709.08284312856
10-18-2024 01:20:00,3709.38973219796
10-18-2024 01:25:00,3711.29397633988
10-18-2024 01:30:00,3715.58952850463
10-18-2024 01:35:00,3714.59907457673
10-18-2024 01:40:00,3719.34288497702
10-18-2024 01:45:00,3716.70854548168
10-18-2024 01:50:00,3713.17744345975
10-18-2024 01:55:00,3720.26110742806
10-18-2024 02:00:00,3719.8200966392
10-18-2024 02:05:00,3723.76393105328
10-18-2024 02:10:00,3722.32622756188
10-18-2024 02:15:00,3723.72669732963
10-18-2024 02:20:00,3723.6840500968
10-18-2024 02:25:00,3718.76030698964
10-18-2024 02:30:00,3726.23642166798
10-18-2024 02:35:00,3725.54442310842
10-18-2024 02:40:00,3723.31101276831
10-18-2024 02:45:00,3723.46753782033
10-18-2024 02:50:00,3726.06139655529
10-18-2024 02:55:00,3725.81949079969
10-18-2024 03:00:00,3726.77202314567
10-18-2024 03:05:00,3725.13671298188
10-18-2024 03:10:00,3722.10840139392
10-18-2024 03:15:00,3720.77223834913
10-18-2024 03:20:00,3722.86765668882
10-18-2024 03:25:00,3722.97286148766
10-18-2024 03:30:00,3727.15600648549
10-18-2024 03:35:00,3725.82019793304
10-18-2024 03:40:00,3721.94740815064
10-18-2024 03:45:00,3724.53833484074
10-18-2024 03:50:00,3720.12142996565
10-18-2024 03:55:00,3724.75120264128
10-18-2024 04:00:00,3722.868315008
10-18-2024 04:05:00,3721.73256742258
10-18-2024 04:10:00,3721.73860968198
10-18-2024 04:15:00,3722.73817860326
10-18-2024 04:20:00,3719.91407444687
10-18-2024 04:25:00,3720.31776442026
10-18-2024 04:30:00,3721.11859081457
10-18-2024 04:35:00,3721.57274256296
10-18-2024 04:40:00,3721.57890912354
10-18-2024 04:45:00,3718.110611991
10-18-2024 04:50:00,3716.43004022445
10-18-2024 04:55:00,3715.29636670921
10-18-2024 05:00:00,3718.47900870533
10-18-2024 05:05:00,3715.60851794782
10-18-2024 05:10:00,3713.0365673421
10-18-2024 05:15:00,3713.93688806312
10-18-2024 05:20:00,3717.61363887236
10-18-2024 05:25:00,3716.23249180948
10-18-2024 05:30:00,3715.74403295944
10-18-2024 05:35:00,3718.22935619124
10-18-2024 05:40:00,3718.780722809
10-18-2024 05:45:00,3715.36970100505
10-18-2024 05:50:00,3717.85395911721
10-18-2024 05:55:00,3717.66291374226
10-18-2024 06:00:00,3714.30264337686
10-18-2024 06:05:00,3712.97358714493
10-18-2024 06:10:00,3714.61504707507
10-18-2024 06:15:00,3713.5834062317
10-18-2024 06:20:00,3712.10646389674
10-18-2024 06:25:00,3713.45072816957
10-18-2024 06:30:00,3710.68768557856
10-18-2024 06:35:00,3711.88338719548
10-18-2024 06:40:00,3713.27658951033
10-18-2024 06:45:00,3710.95989090659
10-18-2024 06:50:00,3710.07808537514
10-18-2024 06:55:00,3709.24567077307
10-18-2024 07:00:00,3707.37554945964
10-18-2024 07:05:00,3705.45592039754
10-18-2024 07:10:00,3701.36151192834
10-18-2024 07:15:00,3702.55766787093
10-18-2024 07:20:00,3701.9744251737
10-18-2024 07:25:00,3700.45144554644
10-18-2024 07:30:00,3698.23695984836
10-18-2024 07:35:00,3699.43309686107
10-18-2024 07:40:00,3695.44088692208
10-18-2024 07:45:00,3698.75963124955
10-18-2024 07:50:00,3694.86687011342
10-18-2024 07:55:00,3694.68040161246
10-18-2024 08:00:00,3694.54164670397
10-18-2024 08:05:00,3691.68532324947
10-18-2024 08:10:00,3690.85553790135
10-18-2024 08:15:00,3687.35986706988
10-18-2024 08:20:00,3691.86212554863
10-18-2024 08:25:00,3687.57710760478
10-18-2024 08:30:00,3689.61067470117
10-18-2024 08:35:00,3686.26172215237
10-18-2024 08:40:00,3680.7932694718
10-18-2024 08:45:00,3681.93868875632
10-18-2024 08:50:00,3678.78757489661
10-18-2024 08:55:00,3677.41304747176
10-18-2024 09:00:00,3673.62388883217
10-18-2024 09:05:00,3674.91413278855
10-18-2024 09:10:00,3669.59184806645
10-18-2024 09:15:00,3673.74412523955
10-18-2024 09:20:00,3668.61914093974
10-18-2024 09:25:00,3667.8366405607
10-18-2024 09:30:00,3664.58675140559
10-18-2024 09:35:00,3666.27150901445
10-18-2024 09:40:00,3664.25072547857
10-18-2024 09:45:00,3660.84761042001
10-18-2024 09:50:00,3661.34795872516
10-18-2024 09:55:00,3655.96985741225
10-18-2024 10:00:00,3653.35513027346
10-18-2024 10:05:00,3650.93737658977
10-18-2024 10:10:00,3651.63508754647
10-18-2024 10:15:00,3650.50050108042
10-18-2024 10:20:00,3646.69943840475
10-18-2024 10:25:00,3643.39147741805
10-18-2024 10:30:00,3642.25573428622
10-18-2024 10:35:00,3638.4528771621
10-18-2024 10:40:00,3633.95787520621
10-18-2024 10:45:00,3633.3713725691
10-18-2024 10:50:00,3634.30882355421
10-18-2024 10:55:00,3629.95329375422
10-18-2024 11:00:00,3623.97369807291
10-18-2024 11:05:00,3621.05648443933
10-18-2024 11:10:00,3620.94708434145
10-18-2024 11:15:00,3619.11604004457
10-18-2024 11:20:00,3611.19623002379
10-18-2024 11:25:00,3608.75208454905
10-18-2024 11:30:00,3609.03581073032
10-18-2024 11:35:00,3603.87922726959
10-18-2024 11:40:00,3600.50163194769
10-18-2024 11:45:00,3598.50809314141
10-18-2024 11:50:00,3593.05014627391
10-18-2024 12:00:01,3590.87371789721
10-18-2024 12:10:01,3588.33768216273
10-18-2024 12:20:01,3580.90534141318
10-18-2024 12:30:01,3578.52237908233
10-18-2024 12:40:01,3573.02582793338
10-18-2024 12:50:01,3568.0215409342
10-18-2024 13:00:01,3563.37427541486
10-18-2024 13:10:01,3560.80865857091
10-18-2024 13:20:01,3563.03266170089
10-18-2024 13:30:01,3560.29419099526
10-18-2024 13:40:01,3554.9108677413
10-18-2024 13:50:01,3558.26295705813
10-18-2024 14:00:01,3551.6857318362
10-18-2024 14:10:01,3547.91618270135
10-18-2024 14:20:01,3543.4514703359
10-18-2024 14:30:01,3536.37396219946
10-18-2024 14:40:01,3532.93552716192
10-18-2024 14:50:01,3528.33799515283
10-18-2024 15:00:01,3525.09662159589
10-18-2024 15:10:01,3527.3193719612
10-18-2024 15:20:01,3524.97154336503
10-18-2024 15:30:01,3517.02409165642
10-18-2024 15:40:01,3508.07852999222
10-18-2024 15:50:01,3500.1541250832
10-18-2024 16:00:01,3496.5020195142
10-18-2024 16:10:01,3489.93120893725
10-18-2024 16:20:01,3482.12275672311
10-18-2024 16:30:01,3478.39069015329
10-18-2024 16:40:01,3474.22781439939
10-18-2024 16:50:01,3470.23259569231
10-18-2024 17:00:01,3467.48835740719
10-18-2024 17:10:01,3465.41134900607
10-18-2024 17:20:01,3463.73179931422
10-18-2024 17:30:01,3457.56113948305
10-18-2024 17:40:01,3457.07531159909
10-18-2024 17:50:01,3454.76440186876
10-18-2024 18:00:01,3455.24817236742
10-18-2024 18:10:01,3456.03167304003
10-18-2024 18:20:01,3455.01715307416
10-18-2024 18:30:01,3453.20258177399
10-18-2024 18:40:01,3452.85897350331
10-18-2024 18:50:01,3454.71425844144
10-18-2024 19:00:01,3456.24256729823
10-18-2024 19:10:01,3462.76983647953
10-18-2024 19:20:01,3466.27024932784
10-18-2024 19:30:01,3467.97105425463
10-18-2024 19:40:01,3471.74258281711
10-18-2024 19:50:01,3471.91494376685
10-18-2024 20:00:01,3470.18818528844
10-18-2024 20:10:01,3472.13090734384
10-18-2024 20:20:01,3473.97310466152
10-18-2024 20:30:01,3475.54394842986
10-18-2024 20:40:01,3480.95205678602
10-18-2024 20:50:01,3485.22944506428
10-18-2024 21:00:01,3481.74734313541
10-18-2024 21:10:01,3488.17769416713
10-18-2024 21:20:01,3486.86203923736
10-18-2024 21:30:01,3492.95904060919
10-18-2024 21:40:01,3490.37625838473
10-18-2024 21:50:01,3494.84391219175
10-18-2024 22:00:01,3495.95034682817
10-18-2024 22:10:01,3499.21809343154
10-18-2024 22:20:01,3500.9896118261
10-18-2024 22:30:01,3498.90689427184
10-18-2024 22:40:01,3500.9074443453
10-18-2024 22:50:01,3503.10616738446
10-18-2024 23:00:01,3506.96459272385
10-18-2024 23:10:01,3508.56382599112
10-18-2024 23:20:01,3515.43383943767
10-18-2024 23:30:01,3516.60081679326
10-18-2024 23:40:01,3522.86872155641
10-18-2024 23:50:01,3528.10716594245
10-19-2024 00:00:01,3535.22984491259
10-19-2024 00:10:01,3537.87905744843
10-19-2024 00:20:01,3543.04241687687
10-19-2024 00:30:01,3547.2758752267
10-19-2024 00:40:01,3555.57486100602
10-19-2024 00:50:01,3557.42116786038
10-19-2024 01:00:01,3559.46469658743
10-19-2024 01:10:01,3567.91467900643
10-19-2024 01:20:01,3576.09704612802
10-19-2024 01:30:01,3577.40300450889
10-19-2024 01:40:01,3581.18326616701
10-19-2024 01:50:01,3583.21591657183
10-19-2024 02:00:01,3581.45082379165
10-19-2024 02:10:01,3587.10465078826
10-19-2024 02:20:01,3589.98602634943
10-19-2024 02:30:01,3589.20888923585
10-19-2024 02:40:01,3588.23492623147
10-19-2024 02:50:01,3593.32242692934
10-19-2024 03:00:01,3591.59526843243
10-19-2024 03:10:01,3595.16086913556
10-19-2024 03:20:01,3599.11830176246
10-19-2024 03:30:01,3593.97755432904
10-19-2024 03:40:01,3601.22400507081
10-19-2024 03:50:01,3603.89446605837
10-19-2024 04:00:01,3600.88737226874
10-19-2024 04:10:01,3602.80637466074
10-19-2024 04:20:01,3599.83934107196
10-19-2024 04:30:01,3605.65677529516
10-19-2024 04:40:01,3605.60491882735
10-19-2024 04:50:01,3605.65153486643
10-19-2024 05:00:01,3600.52452062558
10-19-2024 05:10:01,3598.077951575
10-19-2024 05:20:01,3604.15903702
10-19-2024 05:30:01,3604.40285005941
10-19-2024 05:40:01,3603.36987578957
10-19-2024 05:50:01,3605.77385879586
10-19-2024 06:00:01,3606.60605481159
10-19-2024 06:10:01,3599.58856304248
10-19-2024 06:20:01,3606.50359162832
10-19-2024 06:30:01,3604.68757000962
10-19-2024 06:40:01,3604.20749375382
10-19-2024 06:50:01,3598.86625892651
10-19-2024 07:00:01,3600.93560323978
10-19-2024 07:10:01,3603.62832493225
10-19-2024 07:20:01,3604.18891946998
10-19-2024 07:30:01,3600.4214627873
10-19-2024 07:40:01,3596.94988375145
10-19-2024 07:50:01,3602.24307825665
10-19-2024 08:00:01,3597.0143130158
10-19-2024 08:10:01,3597.35814149004
10-19-2024 08:20:01,3596.07803339999
10-19-2024 08:30:01,3589.75644590423
10-19-2024 08:40:01,3590.27248291508
10-19-2024 08:50:01,3593.68104376239
10-19-2024 09:00:01,3589.93743342076
10-19-2024 09:10:01,3585.70633465015
10-19-2024 09:20:01,3586.16095226195
10-19-2024 09:30:01,3583.07538233108
10-19-2024 09:40:01,3582.98000519511
10-19-2024 09:50:01,3579.89380772066
10-19-2024 10:00:01,3575.70528886148
10-19-2024 10:10:01,3573.2379637105
10-19-2024 10:20:01,3569.30463420702
10-19-2024 10:30:01,3563.38625664254
10-19-2024 10:40:01,3564.36928343969
10-19-2024 10:50:01,3557.63024966715
10-19-2024 11:00:01,3551.08343832014
10-19-2024 11:10:01,3548.11945057502
10-19-2024 11:20:01,3552.4588204275
10-19-2024 11:30:01,3543.03260612815
10-19-2024 11:40:01,3543.45549679373
10-19-2024 11:50:01,3539.43700020201
10-19-2024 12:00:01,3542.30877436634
10-19-2024 12:10:01,3532.89047551446
10-19-2024 12:20:01,3530.43030207627
10-19-2024 12:30:01,3533.39883494873
10-19-2024 12:40:01,3524.09633746631
10-19-2024 12:50:01,3519.57151621281
10-19-2024 13:00:01,3521.23499675009
10-19-2024 13:10:01,3521.46206332109
10-19-2024 13:20:01,3519.26245198174
10-19-2024 13:30:01,3511.26219875297
10-19-2024 13:40:01,3509.6499664659
10-19-2024 13:50:01,3502.85444137896
10-19-2024 14:00:01,3503.79728790942
10-19-2024 14:10:01,3503.92427944012
10-19-2024 14:20:01,3507.85838212518
10-19-2024 14:30:01,3503.16531610479
10-19-2024 14:40:01,3499.35685359278
10-19-2024 14:50:01,3495.71612948583
10-19-2024 15:00:01,3492.79213296524
10-19-2024 15:10:01,3488.58844925242
10-19-2024 15:20:01,3486.0568881248
10-19-2024 15:30:01,3482.37115365335
10-19-2024 15:40:01,3473.02789073756
10-19-2024 15:50:01,3465.8969682095
10-19-2024 16:00:01,3457.35414081284
10-19-2024 16:10:01,3459.69852789267
10-19-2024 16:20:01,3455.65833641934
10-19-2024 16:30:01,3450.89695354339
10-19-2024 16:40:01,3446.82134799648
10-19-2024 16:50:01,3444.81614463393
10-19-2024 17:00:01,3440.01608988176
10-19-2024 17:10:01,3433.9253191828
10-19-2024 17:20:01,3431.86272412238
10-19-2024 17:30:01,3427.12545935123
10-19-2024 17:40:01,3426.56634563397
10-19-2024 17:50:01,3425.4119339005
10-19-2024 18:00:01,3424.60755130766
10-19-2024 18:10:01,3418.74574160502
10-19-2024 18:20:01,3418.29098334057
10-19-2024 18:30:01,3418.45313391612
10-19-2024 18:40:01,3420.08127437502
10-19-2024 18:50:01,3422.18361133074
10-19-2024 19:00:01,3422.89708407307
10-19-2024 19:10:01,3426.38907085575
10-19-2024 19:20:01,3427.55359664569
10-19-2024 19:30:01,3434.77005965196
10-19-2024 19:40:01,3432.16382193491
10-19-2024 19:50:01,3433.70120804111
10-19-2024 20:00:01,3438.28906121343
10-19-2024 20:10:01,3438.83338674983
10-19-2024 20:20:01,3438.9339819844
10-19-2024 20:30:01,3441.53550062261
10-19-2024 20:40:01,3444.01287311659
10-19-2024 20:50:01,3448.56843492599
10-19-2024 21:00:01,3447.18108633346
10-19-2024 21:10:01,3448.19411549762
10-19-2024 21:20:01,3453.01690316853
10-19-2024 21:30:01,3455.98159086775
10-19-2024 21:40:01,3455.60737870884
10-19-2024 21:50:01,3460.42288121769
10-19-2024 22:00:01,3458.86213816665
10-19-2024 22:10:01,3463.698698768
10-19-2024 22:20:01,3465.5695539701
10-19-2024 22:30:01,3466.37872233608
10-19-2024 22:40:01,3467.68110078981
10-19-2024 22:50:01,3469.47633578876
10-19-2024 23:00:01,3473.83598400282
10-19-2024 23:10:01,3473.45893598704
10-19-2024 23:20:01,3478.40734128082
10-19-2024 23:30:01,3479.73187818362
10-19-2024 23:40:01,3481.37821555281
10-19-2024 23:50:01,3485.43535606448
10-20-2024 00:00:01,3494.31929898516
10-20-2024 00:10:01,3497.01985136819
10-20-2024 00:20:01,3499.10070223654
10-20-2024 00:30:01,3502.65783999922
10-20-2024 00:40:01,3506.50870629458
10-20-2024 00:50:01,3511.53900689414
10-20-2024 01:00:01,3517.09918911707
10-20-2024 01:10:01,3517.43113645477
10-20-2024 01:20:01,3527.37285226287
10-20-2024 01:30:01,3535.41104178804
10-20-2024 01:40:01,3537.74312609207
10-20-2024 01:50:01,3542.0390772083
10-20-2024 02:00:01,3544.82772677797
10-20-2024 02:10:01,3548.39976024062
10-20-2024 02:20:01,3550.23397819748
10-20-2024 02:30:01,3554.68456903655
10-20-2024 02:40:01,3556.09136864693
10-20-2024 02:50:01,3556.22267154596
10-20-2024 03:00:01,3560.76394099764
10-20-2024 03:10:01,3562.36291714623
10-20-2024 03:20:01,3562.13254620625
10-20-2024 03:30:01,3564.70895480867
10-20-2024 03:40:01,3564.86961754272
10-20-2024 03:50:01,3565.16056860622
10-20-2024 04:00:01,3565.41894676093
10-20-2024 04:10:01,3567.37202197537
10-20-2024 04:20:01,3567.53194866123
10-20-2024 04:30:01,3565.67213941306
10-20-2024 04:40:01,3568.6658909528
10-20-2024 04:50:01,3569.34649221179
10-20-2024 05:00:01,3566.80431575504
10-20-2024 05:10:01,3567.97327269959
10-20-2024 05:20:01,3565.59562144058
10-20-2024 05:30:01,3567.18703451308
10-20-2024 05:40:01,3568.74545198662
10-20-2024 05:50:01,3570.40071697427
10-20-2024 06:00:01,3567.99209312429
10-20-2024 06:10:01,3568.76948233983
10-20-2024 06:20:01,3572.17837512248
10-20-2024 06:30:01,3571.68762866431
10-20-2024 06:40:01,3569.73572634751
10-20-2024 06:50:01,3567.78479156972
10-20-2024 07:00:01,3567.23039607688
10-20-2024 07:10:01,3568.98087011755
10-20-2024 07:20:01,3565.18191426118
10-20-2024 07:30:01,3570.04643822831
10-20-2024 07:40:01,3569.65457630987
10-20-2024 07:50:01,3569.9761927105
10-20-2024 08:00:01,3568.5468943324
10-20-2024 08:10:01,3567.40982047781
10-20-2024 08:20:01,3570.09766205488
10-20-2024 08:30:01,3571.94237247364
10-20-2024 08:40:01,3571.22649512695
10-20-2024 08:50:01,3569.57081378045
10-20-2024 09:00:01,3568.85513649087
10-20-2024 09:10:01,3566.48716322668
10-20-2024 09:20:01,3567.84483115216
10-20-2024 09:30:01,3569.29965516832
10-20-2024 09:40:01,3561.74634378916
10-20-2024 09:50:01,3561.67732387919
10-20-2024 10:00:01,3556.09754662371
10-20-2024 10:10:01,3552.52734336987
10-20-2024 10:20:01,3551.41826592853
10-20-2024 10:30:01,3546.47845823127
10-20-2024 10:40:01,3542.47861235151
10-20-2024 10:50:01,3541.10464369013
10-20-2024 11:00:01,3536.44933280851
10-20-2024 11:10:01,3540.45870094444
10-20-2024 11:20:01,3535.0498632232
10-20-2024 11:30:01,3534.63667665778
10-20-2024 11:40:01,3535.03234438733
10-20-2024 11:50:01,3533.99368056316
10-20-2024 12:00:01,3534.97480195681
10-20-2024 12:10:01,3533.83661477733
10-20-2024 12:20:01,3532.50117230199
10-20-2024 12:30:01,3520.96134295906
10-20-2024 12:40:01,3516.52554032363
10-20-2024 12:50:01,3513.69459062686
10-20-2024 13:00:01,3511.64512267606
10-20-2024 13:10:01,3512.5759237573
10-20-2024 13:20:01,3512.35888006508
10-20-2024 13:30:01,3513.48590672522
10-20-2024 13:40:01,3510.46990127638
10-20-2024 13:50:01,3506.91940045755
10-20-2024 14:00:01,3506.45032617619
10-20-2024 14:10:01,3508.0126471488
10-20-2024 14:20:01,3505.68091705092
10-20-2024 14:30:01,3503.86566794667
10-20-2024 14:40:01,3498.32341556113
10-20-2024 14:50:01,3499.02988217186
10-20-2024 15:00:01,3494.24409143213
10-20-2024 15:10:01,3495.95710505198
10-20-2024 15:20:01,3490.53431305663
10-20-2024 15:30:01,3485.69764354884
10-20-2024 15:40:01,3479.18978455865
10-20-2024 15:50:01,3472.50649617427
10-20-2024 16:00:01,3467.78329419748
10-20-2024 16:10:01,3461.976121017
10-20-2024 16:20:01,3454.27494795275
10-20-2024 16:30:01,3451.90080505763
10-20-2024 16:40:01,3448.36711158662
10-20-2024 16:50:01,3441.28844343618
10-20-2024 17:00:01,3438.18384389844
10-20-2024 17:10:01,3443.44783838352
10-20-2024 17:20:01,3432.5548265244
10-20-2024 17:30:01,3426.36213029116
10-20-2024 17:40:01,3421.74164059644
10-20-2024 17:50:01,3418.3008362305
10-20-2024 18:00:01,3416.63385525085
10-20-2024 18:10:01,3411.21110260146
10-20-2024 18:20:01,3412.86040026235
10-20-2024 18:30:01,3405.91052590024
10-20-2024 18:40:01,3402.41694942018
10-20-2024 18:50:01,3402.69822933943
10-20-2024 19:00:01,3397.30258252692
10-20-2024 19:10:01,3401.78277396126
10-20-2024 19:20:01,3403.78985290557
10-20-2024 19:30:01,3408.63041247653
10-20-2024 19:40:01,3407.84805756661
10-20-2024 19:50:01,3410.19523755048
10-20-2024 20:00:01,3413.4520247177
10-20-2024 20:10:01,3415.77908848752
10-20-2024 20:20:01,3416.0470006827
10-20-2024 20:30:01,3414.31664919853
10-20-2024 20:40:01,3417.01888620228
10-20-2024 20:50:01,3416.35759161899
10-20-2024 21:00:01,3418.76153846843
10-20-2024 21:10:01,3419.97826066598
10-20-2024 21:20:01,3421.49090633334
10-20-2024 21:30:01,3423.06193963384
10-20-2024 21:40:01,3421.80781781971
10-20-2024 21:50:01,3422.88431916839
10-20-2024 22:00:01,3423.60503750012
10-20-2024 22:10:01,3423.14141492979
10-20-2024 22:20:01,3425.32157930674
10-20-2024 22:30:01,3425.2324611895
10-20-2024 22:40:01,3428.219459978
10-20-2024 22:50:01,3429.11513164473
10-20-2024 23:00:01,3428.65113324541
10-20-2024 23:10:01,3430.25601787369
10-20-2024 23:20:01,3431.8398471999
10-20-2024 23:30:01,3435.21529900309
10-20-2024 23:40:01,3439.84781154482
10-20-2024 23:50:01,3443.80996196969
10-21-2024 00:00:01,3441.551773972
10-21-2024 00:10:01,3448.04678015206
10-21-2024 00:20:01,3452.3750882301
10-21-2024 00:30:01,3452.86815048695
10-21-2024 00:40:01,3461.51489449934
10-21-2024 00:50:01,3463.30425149961
10-21-2024 01:00:01,3466.83738118155
10-21-2024 01:10:01,3472.99515065911
10-21-2024 01:20:01,3474.75677843785
10-21-2024 01:30:01,3476.88607677944
10-21-2024 01:40:01,3481.26866677446
10-21-2024 01:50:01,3483.09991739279
10-21-2024 02:00:01,3487.15854933878
10-21-2024 02:10:01,3490.18564923861
10-21-2024 02:20:01,3492.89246764585
10-21-2024 02:30:01,3492.36838809774
10-21-2024 02:40:01,3494.48558173286
10-21-2024 02:50:01,3496.79674304512
10-21-2024 03:00:01,3496.85842676154
10-21-2024 03:10:01,3498.19013679988
10-21-2024 03:20:01,3500.8880234604
10-21-2024 03:30:01,3501.72923834484
10-21-2024 03:40:01,3502.10731921257
10-21-2024 03:50:01,3497.87536207682
10-21-2024 04:00:01,3502.93518863926
10-21-2024 04:10:01,3506.23721755492
10-21-2024 04:20:01,3505.05445324093
10-21-2024 04:30:01,3508.96413862255
10-21-2024 04:40:01,3508.9500800674
10-21-2024 04:50:01,3505.82033700666
10-21-2024 05:00:01,3504.66469741659
10-21-2024 05:10:01,3510.22485276805
10-21-2024 05:20:01,3515.1013403519
10-21-2024 05:30:01,3513.62667098021
10-21-2024 05:40:01,3515.09619051323
10-21-2024 05:50:01,3515.95562277863
10-21-2024 06:00:01,3514.70251212215
10-21-2024 06:10:01,3520.22548343205
10-21-2024 06:20:01,3519.06929718831
10-21-2024 06:30:01,3516.13958077933
10-21-2024 06:40:01,3520.83659522347
10-21-2024 06:50:01,3524.1198275372
10-21-2024 07:00:01,3516.85058287092
10-21-2024 07:10:01,3515.01775114813
10-21-2024 07:20:01,3515.2227033067
10-21-2024 07:30:01,3514.36091632073
10-21-2024 07:40:01,3514.75991087274
10-21-2024 07:50:01,3514.38335373732
10-21-2024 08:00:01,3508.02422493787
10-21-2024 08:10:01,3509.03117015817
10-21-2024 08:20:01,3501.14944442833
10-21-2024 08:30:01,3501.96349670277
10-21-2024 08:40:01,3498.24936788009
10-21-2024 08:50:01,3497.24782336115
10-21-2024 09:00:01,3492.68687233092
10-21-2024 09:10:01,3489.86931805873
10-21-2024 09:20:01,3486.80799364615
10-21-2024 09:30:01,3482.43991565465
10-21-2024 09:40:01,3483.13229784181
10-21-2024 09:50:01,3480.38251449823
10-21-2024 10:00:01,3475.76719814643
10-21-2024 10:10:01,3472.52965865022
10-21-2024 10:20:01,3471.32671078837
10-21-2024 10:30:01,3466.24360075968
10-21-2024 10:40:01,3464.96297551767
10-21-2024 10:50:01,3462.32272449355
10-21-2024 11:00:01,3455.02092264386
10-21-2024 11:10:01,3454.90039652301
10-21-2024 11:20:01,3453.75256219617
10-21-2024 11:30:01,3457.56061422284
10-21-2024 11:40:01,3452.23096239502
10-21-2024 11:50:01,3449.42564471632
10-21-2024 12:00:01,3449.16858113906
10-21-2024 12:10:01,3444.23586868296
10-21-2024 12:20:01,3442.22103709614
10-21-2024 12:30:01,3438.9166306011
10-21-2024 12:40:01,3431.60958122275
10-21-2024 12:50:01,3430.71747667916
10-21-2024 13:00:01,3428.24387271236
10-21-2024 13:10:01,3426.54970116729
10-21-2024 13:20:01,3422.78490730762
10-21-2024 13:30:01,3419.03612039541
10-21-2024 13:40:01,3415.28480861077
10-21-2024 13:50:01,3414.05520670974
10-21-2024 14:00:01,3411.04768383015
10-21-2024 14:10:01,3408.34949191102
10-21-2024 14:20:01,3405.35645101935
10-21-2024 14:30:01,3399.65509124076
10-21-2024 14:40:01,3395.40141373373
10-21-2024 14:50:01,3390.85114579607
10-21-2024 15:00:01,3384.33894251872
10-21-2024 15:10:01,3383.91201438339
10-21-2024 15:20:01,3381.52411184144
10-21-2024 15:30:01,3381.50244108364
10-21-2024 15:40:01,3381.6916134663
10-21-2024 15:50:01,3380.11354970634
10-21-2024 16:00:01,3396.31351637089
10-21-2024 16:10:01,3380.50448516909
10-21-2024 16:20:01,3376.18286442283
10-21-2024 16:30:01,3393.03138212071
10-21-2024 16:40:01,3388.1357125824
10-21-2024 16:50:01,3378.6985905682
10-21-2024 17:00:01,3367.13526274602
10-21-2024 17:10:01,3368.13195723126
10-21-2024 17:20:01,3386.42738258427
10-21-2024 17:30:01,3364.97621932045
10-21-2024 17:40:01,3361.9772404705
10-21-2024 17:50:01,3357.78819748963
10-21-2024 18:00:01,3357.66520983467
10-21-2024 18:10:01,3354.54588577283
10-21-2024 18:20:01,3351.02768352327
10-21-2024 18:30:01,3346.99906140323
10-21-2024 18:40:01,3345.64372999791
10-21-2024 18:50:01,3343.39507551768
10-21-2024 19:00:01,3343.01753507291
10-21-2024 19:10:01,3349.47177007443
10-21-2024 19:20:01,3347.59521514416
10-21-2024 19:30:01,3349.97207644405
10-21-2024 19:40:01,3355.52413662188
10-21-2024 19:50:01,3355.70638392316
10-21-2024 20:00:01,3358.46818661186
10-21-2024 20:10:01,3361.13073035899
10-21-2024 20:20:01,3361.89511662556
10-21-2024 20:30:01,3362.85776499077
10-21-2024 20:40:01,3365.20892606915
10-21-2024 20:50:01,3368.02868345605
10-21-2024 21:00:01,3369.08960136615
10-21-2024 21:10:01,3370.9162236917
10-21-2024 21:20:01,3370.26420854629
10-21-2024 21:30:01,3370.02245722379
10-21-2024 21:40:01,3374.40980270304
10-21-2024 21:50:01,3372.3709772677
10-21-2024 22:00:01,3379.44275028241
10-21-2024 22:10:01,3379.9776116995
10-21-2024 22:20:01,3381.40298751338
10-21-2024 22:30:01,3384.6087516191
10-21-2024 22:40:01,3385.63673318115
10-21-2024 22:50:01,3387.35655603848
10-21-2024 23:00:01,3390.2620979878
10-21-2024 23:10:01,3394.84676404863
10-21-2024 23:20:01,3396.16796804698
10-21-2024 23:30:01,3400.14054794664
10-21-2024 23:40:01,3404.99954825729
10-21-2024 23:50:01,3409.27955510424
10-22-2024 00:00:01,3410.77693929676
10-22-2024 00:10:01,3418.58883903997
10-22-2024 00:20:01,3424.34182744797
10-22-2024 00:30:01,3424.13917613966
10-22-2024 00:40:01,3433.40008624985
10-22-2024 00:50:01,3435.67602697257
10-22-2024 01:00:01,3440.11788526306
10-22-2024 01:10:01,3442.7843143414
10-22-2024 01:20:01,3446.15745922684
10-22-2024 01:30:01,3451.26172621284
10-22-2024 01:40:01,3453.80415071937
10-22-2024 01:50:01,3455.28274652315
10-22-2024 02:00:01,3454.87264169872
10-22-2024 02:10:01,3459.20008902535
10-22-2024 02:20:01,3463.01322849622
10-22-2024 02:30:01,3463.77921260469
10-22-2024 02:40:01,3465.7432002926
10-22-2024 02:50:01,3465.52643115105
10-22-2024 03:00:01,3469.03743770305
10-22-2024 03:10:01,3468.6443571225
10-22-2024 03:20:01,3470.68147877185
10-22-2024 03:30:01,3469.28766104711
10-22-2024 03:40:01,3472.30256527371
10-22-2024 03:50:01,3471.47597879495
10-22-2024 04:00:01,3474.78119102146
10-22-2024 04:10:01,3474.09424779773
10-22-2024 04:20:01,3472.70232639304
10-22-2024 04:30:01,3476.39469287032
10-22-2024 04:40:01,3475.19858519621
10-22-2024 04:50:01,3473.82908473869
10-22-2024 05:00:01,3472.36286586762
10-22-2024 05:10:01,3476.24572110916
10-22-2024 05:20:01,3475.75575779796
10-22-2024 05:30:01,3476.6108445474
10-22-2024 05:40:01,3474.77696535589
10-22-2024 05:50:01,3474.48311598587
10-22-2024 06:00:01,3473.77891587058
10-22-2024 06:10:01,3474.94706061667
10-22-2024 06:20:01,3476.0380507874
10-22-2024 06:30:01,3472.70543221241
10-22-2024 06:40:01,3476.01426925496
10-22-2024 06:50:01,3477.86161334884
10-22-2024 07:00:01,3473.9690335061
10-22-2024 07:10:01,3476.39942480413
10-22-2024 07:20:01,3477.75907934831
10-22-2024 07:30:01,3475.64030999846
10-22-2024 07:40:01,3476.43742554184
10-22-2024 07:50:01,3474.29946049771
10-22-2024 08:00:01,3472.08619262006
10-22-2024 08:10:01,3472.03025307851
10-22-2024 08:20:01,3473.11884080561
10-22-2024 08:30:01,3473.25691048395
10-22-2024 08:40:01,3470.42709466378
10-22-2024 08:50:01,3468.23660505603
10-22-2024 09:00:01,3468.41540826901
10-22-2024 09:10:01,3469.37048659427
10-22-2024 09:20:01,3466.26965667457
10-22-2024 09:30:01,3462.00360895404
10-22-2024 09:40:01,3461.13401379467
10-22-2024 09:50:01,3463.87539512912
10-22-2024 10:00:01,3454.9070217818
10-22-2024 10:10:01,3453.49093248302
10-22-2024 10:20:01,3448.22455712161
10-22-2024 10:30:01,3448.86513351647
10-22-2024 10:40:01,3451.56637217046
10-22-2024 10:50:01,3444.93105266916
10-22-2024 11:00:01,3445.86272341542
10-22-2024 11:10:01,3444.30003754439
10-22-2024 11:20:01,3443.10736644858
10-22-2024 11:30:01,3442.82615931037
10-22-2024 11:40:01,3444.68935746127
10-22-2024 11:50:01,3438.36002833137
10-22-2024 12:00:01,3437.31159300083
10-22-2024 12:10:01,3435.65823274622
10-22-2024 12:20:01,3429.11676084265
10-22-2024 12:30:01,3427.2277962251
10-22-2024 12:40:01,3421.44137886922
10-22-2024 12:50:01,3413.66117505867
10-22-2024 13:00:01,3414.66838779774
10-22-2024 13:10:01,3417.92725963802
10-22-2024 13:20:01,3416.55451678527
10-22-2024 13:30:01,3418.41213557494
10-22-2024 13:40:01,3419.3068229318
10-22-2024 13:50:01,3416.38244527155
10-22-2024 14:00:01,3417.35910685383
10-22-2024 14:10:01,3420.58858432771
10-22-2024 14:20:01,3420.47215770787
10-22-2024 14:30:01,3415.16460674814
10-22-2024 14:40:01,3417.12059454187
10-22-2024 14:50:01,3415.35432454915
10-22-2024 15:00:01,3414.37144884839
10-22-2024 15:10:01,3411.42882817263
10-22-2024 15:20:01,3408.69658012546
10-22-2024 15:30:01,3403.31718194701
10-22-2024 15:40:01,3398.93035365396
10-22-2024 15:50:01,3393.09786682762
10-22-2024 16:00:01,3388.71887150551
10-22-2024 16:10:01,3383.77400188259
10-22-2024 16:20:01,3379.91695402286
10-22-2024 16:30:01,3376.62023364238
10-22-2024 16:40:01,3373.03792485344
10-22-2024 16:50:01,3373.09033384852
10-22-2024 17:00:01,3371.97396303558
10-22-2024 17:10:01,3370.46233881583
10-22-2024 17:20:01,3379.99310324673
10-22-2024 17:30:01,3375.1447722553
10-22-2024 17:40:01,3368.41601003547
10-22-2024 17:50:01,3366.09673288627
10-22-2024 18:00:01,3363.28139974955
10-22-2024 18:10:01,3360.85825124102
10-22-2024 18:20:01,3357.4443740745
10-22-2024 18:30:01,3359.06923510836
10-22-2024 18:40:01,3358.40962092982
10-22-2024 18:50:01,3355.9576862573
10-22-2024 19:00:01,3357.95766503648
10-22-2024 19:10:01,3358.3747447142
10-22-2024 19:20:01,3359.87043609803
10-22-2024 19:30:01,3365.52676654802
10-22-2024 19:40:01,3369.47823719978
10-22-2024 19:50:01,3374.02465576401
10-22-2024 20:00:01,3378.08863284484
10-22-2024 20:10:01,3385.89371235724
10-22-2024 20:20:01,3387.74090855129
10-22-2024 20:30:01,3392.27589636158
10-22-2024 20:40:01,3396.99526423849
10-22-2024 20:50:01,3396.26574236209
10-22-2024 21:00:01,3400.98400585778
10-22-2024 21:10:01,3402.22097590831
10-22-2024 21:20:01,3403.04735329362
10-22-2024 21:30:01,3403.49159132773
10-22-2024 21:40:01,3407.20196074689
10-22-2024 21:50:01,3405.55292919848
10-22-2024 22:00:01,3410.05303182153
10-22-2024 22:10:01,3411.97973031176
10-22-2024 22:20:01,3410.3451920688
10-22-2024 22:30:01,3416.31068920179
10-22-2024 22:40:01,3420.60817319597
10-22-2024 22:50:01,3422.91169653544
10-22-2024 23:00:01,3425.73982237767
10-22-2024 23:10:01,3433.09719490311
10-22-2024 23:20:01,3438.27854561051
10-22-2024 23:30:01,3440.88976244464
10-22-2024 23:40:01,3442.70997912517
10-22-2024 23:50:01,3448.0848700689
10-23-2024 00:00:01,3453.26057801385
10-23-2024 00:10:01,3455.47289088956
10-23-2024 00:20:01,3459.14683895669
10-23-2024 00:30:01,3459.46401652156
10-23-2024 00:40:01,3465.89766269792
10-23-2024 00:50:01,3467.6926209379
10-23-2024 01:00:01,3471.16308804453
10-23-2024 01:10:01,3472.16734125486
10-23-2024 01:20:01,3479.75485586764
10-23-2024 01:30:01,3482.017468255
10-23-2024 01:40:01,3484.39736929928
10-23-2024 01:50:01,3483.23110391069
10-23-2024 02:00:01,3488.36628074465
10-23-2024 02:10:01,3491.23522252021
10-23-2024 02:20:01,3492.23316418472
10-23-2024 02:30:01,3493.70175458655
10-23-2024 02:40:01,3498.23921655401
10-23-2024 02:50:01,3496.65734924828
10-23-2024 03:00:01,3499.40116934167
10-23-2024 03:10:01,3502.14331576473
10-23-2024 03:20:01,3499.89555099092
10-23-2024 03:30:01,3502.14513389648
10-23-2024 03:40:01,3503.70616809222
10-23-2024 03:50:01,3507.1309179096
10-23-2024 04:00:01,3506.13871560711
10-23-2024 04:10:01,3504.36259437481
10-23-2024 04:20:01,3504.45053145206
10-23-2024 04:30:01,3505.91068425832
10-23-2024 04:40:01,3510.99537449554
10-23-2024 04:50:01,3509.70999245533
10-23-2024 05:00:01,3509.99223637238
10-23-2024 05:10:01,3510.15468364121
10-23-2024 05:20:01,3505.44627484443
10-23-2024 05:30:01,3510.91431123199
10-23-2024 05:40:01,3507.87120267865
10-23-2024 05:50:01,3510.01133250254
10-23-2024 06:00:01,3509.12059028217
10-23-2024 06:10:01,3507.74198655433
10-23-2024 06:20:01,3511.22593558333
10-23-2024 06:30:01,3508.38336274459
10-23-2024 06:40:01,3509.56571451981
10-23-2024 06:50:01,3510.80184932136
10-23-2024 07:00:01,3510.79084454412
10-23-2024 07:10:01,3508.36367486508
10-23-2024 07:20:01,3507.40004317473
10-23-2024 07:30:01,3507.99638067052
10-23-2024 07:40:01,3505.9614792263
10-23-2024 07:50:01,3503.07169837543
10-23-2024 08:00:01,3504.54543565732
10-23-2024 08:10:01,3501.85182938625
10-23-2024 08:20:01,3501.22468183379
10-23-2024 08:30:01,3500.88974248411
10-23-2024 08:40:01,3499.60172459863
10-23-2024 08:50:01,3495.95639036882
10-23-2024 09:00:01,3494.0841937859
10-23-2024 09:10:01,3494.33393545635
10-23-2024 09:20:01,3493.63013308347
10-23-2024 09:30:01,3489.14891644886
10-23-2024 09:40:01,3489.51600287094
10-23-2024 10:00:01,3487.81912299517
10-23-2024 10:10:01,3487.75778040282
10-23-2024 10:20:01,3486.91672975189
10-23-2024 10:30:01,3486.58191744832
10-23-2024 10:40:01,3483.39991190513
10-23-2024 10:50:01,3484.1555505427
10-23-2024 11:00:01,3487.15582368737
10-23-2024 11:10:01,3486.1367782866
10-23-2024 11:20:01,3481.52338921842
10-23-2024 11:30:01,3482.76712868407
10-23-2024 11:40:01,3483.1895170281
10-23-2024 11:50:01,3488.20904918291
10-23-2024 12:00:01,3487.44102819824
10-23-2024 12:10:01,3489.31560096541
10-23-2024 12:20:01,3484.5493940725
10-23-2024 12:30:01,3481.52260119339
10-23-2024 12:40:01,3479.63159442765
10-23-2024 12:50:01,3476.463510072
10-23-2024 13:00:01,3474.35396327299
10-23-2024 13:10:01,3476.66057470979
10-23-2024 13:20:01,3479.53892215121
10-23-2024 13:30:01,3475.73978236607
10-23-2024 13:40:01,3474.5911900542
10-23-2024 13:50:01,3475.40719337259
10-23-2024 14:00:01,3473.86457805131
10-23-2024 14:10:01,3475.25201418563
10-23-2024 14:20:01,3476.22806241632
10-23-2024 14:30:01,3477.81267309578
10-23-2024 14:40:01,3475.91891929198
10-23-2024 14:50:01,3477.30688105455
10-23-2024 15:00:01,3478.7749288271
10-23-2024 15:10:01,3476.89900237396
10-23-2024 15:20:01,3473.54723589299
10-23-2024 15:30:01,3475.23016231013
10-23-2024 15:40:01,3463.64743002714
10-23-2024 15:50:01,3462.11587004396
10-23-2024 16:00:01,3456.16895399824
10-23-2024 16:10:01,3452.4829377392
10-23-2024 16:20:01,3450.7811766212
10-23-2024 16:30:01,3446.90822074576
10-23-2024 16:40:01,3448.35870225715
10-23-2024 16:50:01,3447.14541850619
10-23-2024 17:00:01,3444.36656867901
10-23-2024 17:10:01,3442.16165056448
10-23-2024 17:20:01,3441.71817730653
10-23-2024 17:30:01,3442.78868757877
10-23-2024 17:40:01,3439.17863446965
10-23-2024 17:50:01,3439.24303134717
10-23-2024 18:00:01,3437.6085163153
10-23-2024 18:10:01,3433.77820148365
10-23-2024 18:20:01,3436.00473598787
10-23-2024 18:30:01,3435.93769719043
10-23-2024 18:40:01,3438.92913890584
10-23-2024 18:50:01,3438.26760597204
10-23-2024 19:00:01,3438.66639110464
10-23-2024 19:10:01,3440.85108214785
10-23-2024 19:20:01,3445.02099968203
10-23-2024 19:30:01,3444.80958799898
10-23-2024 19:40:01,3448.9649454209
10-23-2024 19:50:01,3453.61717313075
10-23-2024 20:00:01,3455.6561886834
10-23-2024 20:10:01,3458.3895355062
10-23-2024 20:20:01,3458.84010971024
10-23-2024 20:30:01,3460.48127480204
10-23-2024 20:40:01,3462.79963441861
10-23-2024 20:50:01,3460.24006683548
10-23-2024 21:00:01,3458.98753489303
10-23-2024 21:10:01,3460.1974365014
10-23-2024 21:20:01,3458.63143202758
10-23-2024 21:30:01,3462.21922581361
10-23-2024 21:40:01,3460.15820008963
10-23-2024 21:50:01,3463.74398226291
10-23-2024 22:00:01,3467.31082943374
10-23-2024 22:10:01,3465.36642832297
10-23-2024 22:20:01,3466.85278623086
10-23-2024 22:30:01,3468.65237809463
10-23-2024 22:40:01,3470.55006764778
10-23-2024 22:50:01,3471.77211535368
10-23-2024 23:00:01,3474.34283311452
10-23-2024 23:10:01,3476.73216656235
10-23-2024 23:20:01,3479.53379018916
10-23-2024 23:30:01,3478.97465933732
10-23-2024 23:40:01,3479.78089842129
10-23-2024 23:50:01,3485.72295774001
10-24-2024 00:00:01,3489.09474256518
10-24-2024 00:10:01,3490.78662319422
10-24-2024 00:20:01,3495.04397560968
10-24-2024 00:30:01,3498.80594036307
10-24-2024 00:40:01,3502.54636608053
10-24-2024 00:50:01,3504.52931476124
10-24-2024 01:00:01,3507.59594883509
10-24-2024 01:10:01,3508.57085689684
10-24-2024 01:20:01,3507.12191831374
10-24-2024 01:30:01,3512.15642981766
10-24-2024 01:40:01,3517.28708221061
10-24-2024 01:50:01,3519.46086383952
10-24-2024 02:00:01,3525.64897808689
10-24-2024 02:10:01,3527.1859409033
10-24-2024 02:20:01,3530.24093681599
10-24-2024 02:30:01,3531.79714678757
10-24-2024 02:40:01,3534.92564375554
10-24-2024 02:50:01,3538.05221839388
10-24-2024 03:00:01,3540.66301927501
10-24-2024 03:10:01,3541.91941939357
10-24-2024 03:20:01,3541.30941344966
10-24-2024 03:30:01,3543.44839753686
10-24-2024 03:40:01,3544.01599198589
10-24-2024 03:50:01,3544.26627176342
10-24-2024 04:00:01,3547.94831238854
10-24-2024 04:10:01,3547.82791166955
10-24-2024 04:20:01,3550.74538267828
10-24-2024 04:30:01,3551.67864433927
10-24-2024 04:40:01,3550.77401476991
10-24-2024 04:50:01,3552.02361579219
10-24-2024 05:00:01,3553.83632311667
10-24-2024 05:10:01,3554.39945831306
10-24-2024 05:20:01,3558.18938088558
10-24-2024 05:30:01,3558.72726321672
10-24-2024 05:40:01,3557.72494249965
10-24-2024 05:50:01,3558.45815431895
10-24-2024 06:00:01,3559.11684352062
10-24-2024 06:10:01,3558.798970858
10-24-2024 06:20:01,3561.1901477182
10-24-2024 06:30:01,3559.21360521893
10-24-2024 06:40:01,3560.16399770029
10-24-2024 06:50:01,3560.84502673584
10-24-2024 07:00:01,3560.99111726986
10-24-2024 07:10:01,3559.60194317182
10-24-2024 07:20:01,3559.60076510093
10-24-2024 07:30:01,3561.32891319375
10-24-2024 07:40:01,3559.08830631043
10-24-2024 07:50:01,3557.82208503154
10-24-2024 08:00:01,3558.38200508059
10-24-2024 08:10:01,3559.3774487988
10-24-2024 08:20:01,3556.94502981158
10-24-2024 08:30:01,3557.55135705912
10-24-2024 08:40:01,3556.7221634803
10-24-2024 08:50:01,3558.63877904456
10-24-2024 09:00:01,3555.40174636775
10-24-2024 09:10:01,3552.91979464733
10-24-2024 09:20:01,3553.57214956933
10-24-2024 09:30:01,3554.03000050779
10-24-2024 09:40:01,3548.50431718904
10-24-2024 09:50:01,3545.79736416761
10-24-2024 10:00:01,3540.85211762607
10-24-2024 10:10:01,3533.6887255604
10-24-2024 10:20:01,3534.81547611075
10-24-2024 10:30:01,3530.97742380314
10-24-2024 10:40:01,3534.44111066411
10-24-2024 10:50:01,3534.69192529789
10-24-2024 11:00:01,3533.28606677537
10-24-2024 11:10:01,3534.82490903636
10-24-2024 11:20:01,3532.07352810046
10-24-2024 11:30:01,3530.53243034822
10-24-2024 11:40:01,3531.50696009237
10-24-2024 11:50:01,3531.81949642553
10-24-2024 12:00:01,3529.10232497703
10-24-2024 12:10:01,3529.02226395082
10-24-2024 12:20:01,3523.85398012066
10-24-2024 12:30:01,3520.63772314209
10-24-2024 12:40:01,3517.55396138228
10-24-2024 12:50:01,3515.25178443893
10-24-2024 13:00:01,3514.39826689058
10-24-2024 13:10:01,3517.46449799827
10-24-2024 13:20:01,3525.19662430148
10-24-2024 13:30:01,3519.40281322448
10-24-2024 13:40:01,3524.76307078058
10-24-2024 13:50:01,3523.28196739825
10-24-2024 14:00:01,3522.1927115815
10-24-2024 14:10:01,3519.14230037968
10-24-2024 14:20:01,3515.87559815695
10-24-2024 14:30:01,3516.96226783246
10-24-2024 14:40:01,3514.28330239588
10-24-2024 14:50:01,3511.72161996835
10-24-2024 15:00:01,3510.33638283139
10-24-2024 15:10:01,3506.00832265194
10-24-2024 15:20:01,3505.1314464905
10-24-2024 15:30:01,3501.48854820835
10-24-2024 15:40:01,3495.42795663098
10-24-2024 15:50:01,3491.05055569141
10-24-2024 16:00:01,3484.23242158632
10-24-2024 16:10:01,3478.01467195419
10-24-2024 16:20:01,3476.21405796787
10-24-2024 16:30:01,3471.85465407507
10-24-2024 16:40:01,3470.63931864481
10-24-2024 16:50:01,3467.56803246894
10-24-2024 17:00:01,3466.16756273851
10-24-2024 17:10:01,3470.8755634606
10-24-2024 17:20:01,3461.68493697071
10-24-2024 17:30:01,3463.61734363015
10-24-2024 17:40:01,3453.90460005024
10-24-2024 17:50:01,3457.00491552948
10-24-2024 18:00:01,3451.80997880514
10-24-2024 18:10:01,3448.96825063251
10-24-2024 18:20:01,3449.78176609107
10-24-2024 18:30:01,3446.45683485087
10-24-2024 18:40:01,3450.03942639634
10-24-2024 18:50:01,3447.27763633134
10-24-2024 19:00:01,3449.85833760481
10-24-2024 19:10:01,3451.64826967386
10-24-2024 19:20:01,3447.18741479944
10-24-2024 19:30:01,3460.63213803548
10-24-2024 19:40:01,3463.78115701498
10-24-2024 19:50:01,3469.10916085427
10-24-2024 20:00:01,3466.71337472153
10-24-2024 20:10:01,3465.0941514221
10-24-2024 20:20:01,3467.63426938132
10-24-2024 20:30:01,3468.57425379682
10-24-2024 20:40:01,3466.75699204464
10-24-2024 20:50:01,3469.26560867418
10-24-2024 21:00:01,3470.89819420027
10-24-2024 21:10:01,3468.63873980594
10-24-2024 21:20:01,3467.10381455417
10-24-2024 21:30:01,3471.39216456026
10-24-2024 21:40:01,3471.72162995078
10-24-2024 21:50:01,3474.91974502415
10-24-2024 22:00:01,3477.32559546168
10-24-2024 22:10:01,3480.80209839927
10-24-2024 22:20:01,3482.92601735823
10-24-2024 22:30:01,3486.31805539188
10-24-2024 22:40:01,3486.34834441439
10-24-2024 22:50:01,3488.25635682639
10-24-2024 23:00:01,3493.91861949114
10-24-2024 23:10:01,3496.91158994101
10-24-2024 23:20:01,3501.18775882883
10-24-2024 23:30:01,3502.10457614562
10-24-2024 23:40:01,3506.7918829108
10-24-2024 23:50:01,3509.46641379888
10-27-2024 00:00:01,3736.04539619509
10-27-2024 00:10:01,3736.68699825564
10-27-2024 00:20:01,3739.62418681158
10-27-2024 00:30:01,3738.92066140827
10-27-2024 00:40:01,3741.23321732857
10-27-2024 00:50:01,3742.59473977095
10-27-2024 01:00:01,3744.51230671728
10-27-2024 01:10:01,3747.11699586935
10-27-2024 01:20:01,3752.50587391575
10-27-2024 01:30:01,3753.14271674137
10-27-2024 01:40:01,3740.42076345797
10-27-2024 01:50:01,3757.950814633
10-27-2024 02:00:01,3761.6641759681
10-27-2024 02:10:01,3761.51308782719
10-27-2024 02:20:01,3760.18443265477
10-27-2024 02:30:01,3763.69887597946
10-27-2024 02:40:01,3761.68357034107
10-27-2024 02:50:01,3767.71153885342
10-27-2024 03:00:01,3769.03010827456
10-27-2024 03:10:01,3769.03856315811
10-27-2024 03:20:01,3769.92898587697
10-27-2024 03:30:01,3773.69519123298
10-27-2024 03:40:01,3777.61979107901
10-27-2024 03:50:01,3778.01733659471
10-27-2024 04:00:01,3776.16354958559
10-27-2024 04:10:01,3774.99589462411
10-27-2024 04:20:01,3778.52407471772
10-27-2024 04:30:01,3779.54349999954
10-27-2024 04:40:01,3780.81991752379
10-27-2024 04:50:01,3781.74056558857
10-27-2024 05:00:01,3781.58595936212
10-27-2024 05:10:01,3782.72723348988
10-27-2024 05:20:01,3781.95080499309
10-27-2024 05:30:01,3782.77261853397
10-27-2024 05:40:01,3785.15563466594
10-27-2024 05:50:01,3786.13538564808
10-27-2024 06:00:01,3784.51705520739
10-27-2024 06:10:01,3788.03190097304
10-27-2024 06:20:01,3784.33087127743
10-27-2024 06:30:01,3786.96659602846
10-27-2024 06:40:01,3788.82134221657
10-27-2024 06:50:01,3789.83472811357
10-27-2024 07:00:01,3792.07711083558
10-27-2024 07:10:01,3794.00189847304
10-27-2024 07:20:01,3792.9330486684
10-27-2024 07:30:01,3798.22569951046
10-27-2024 07:40:01,3798.39709984035
10-27-2024 07:50:01,3802.36191498932
10-27-2024 08:00:01,3805.31560243919
10-27-2024 08:10:01,3806.555348103
10-27-2024 08:20:01,3810.94334410815
10-27-2024 08:30:01,3815.52506105902
10-27-2024 08:40:01,3816.27680267121
10-27-2024 08:50:01,3816.58054312341
10-27-2024 09:00:01,3812.35435793895
10-27-2024 09:10:01,3815.51472594531
10-27-2024 09:20:01,3808.27549961621
10-27-2024 09:30:01,3806.09021696628
10-27-2024 09:40:01,3803.78469809563
10-27-2024 09:50:01,3804.02914507693
10-27-2024 10:00:01,3797.2505464946
10-27-2024 10:10:01,3794.65095683231
10-27-2024 10:20:01,3790.88342424222
10-27-2024 10:30:01,3784.17035489287
10-27-2024 10:40:01,3774.1442496443
10-27-2024 10:50:01,3764.30639695016
10-27-2024 11:00:01,3757.12476508624
10-27-2024 11:10:01,3750.52185576503
10-27-2024 11:20:01,3743.81613452827
10-27-2024 11:30:01,3742.79214539458
10-27-2024 11:40:01,3739.13311134176
10-27-2024 11:50:01,3730.16516242066
10-27-2024 12:00:01,3725.09266299131
10-27-2024 12:10:01,3718.22389823408
10-27-2024 12:20:01,3715.35642677227
10-27-2024 12:30:01,3707.69158398391
10-27-2024 12:40:01,3702.3382970912
10-27-2024 12:50:01,3697.44064566244
10-27-2024 13:00:01,3690.64950229194
10-27-2024 13:10:01,3687.77327249397
10-27-2024 13:20:01,3687.90555194172
10-27-2024 13:30:01,3686.17520822559
10-27-2024 13:40:01,3687.23163303233
10-27-2024 13:50:01,3690.34711725294
10-27-2024 14:00:01,3687.25776005793
10-27-2024 14:10:01,3688.51035592577
10-27-2024 14:20:01,3684.76196297349
10-27-2024 14:30:01,3683.63318657049
10-27-2024 14:40:01,3684.00288475907
10-27-2024 14:50:01,3678.09566558275
10-27-2024 15:00:01,3677.09166800453
10-27-2024 15:10:01,3676.47981371366
10-27-2024 15:20:01,3676.65259585141
10-27-2024 15:30:01,3673.98021344904
10-27-2024 15:40:01,3669.76391165517
10-27-2024 15:50:01,3665.61823781992
10-27-2024 16:00:01,3664.73642663739
10-27-2024 16:10:01,3651.33936359749
10-27-2024 16:20:01,3640.19247392227
10-27-2024 16:30:01,3625.91761756087
10-27-2024 16:40:01,3616.54561695993
10-27-2024 16:50:01,3607.04627681659
10-27-2024 17:00:01,3599.60610138049
10-27-2024 17:10:01,3591.57078213912
10-27-2024 17:20:01,3585.02604980816
10-27-2024 17:30:01,3580.62274496262
10-27-2024 17:40:01,3574.52350030821
10-27-2024 17:50:01,3569.83705894212
10-27-2024 18:00:01,3561.95744917363
10-27-2024 18:10:01,3558.92097286653
10-27-2024 18:20:01,3554.30483459916
10-27-2024 18:30:01,3547.71300176018
10-27-2024 18:40:01,3546.92133710288
10-27-2024 18:50:01,3546.62257178863
10-27-2024 19:00:01,3544.26716517127
10-27-2024 19:10:01,3539.5243708788
10-27-2024 19:20:01,3538.21982800463
10-27-2024 19:30:01,3538.21456207673
10-27-2024 19:40:01,3537.30425220671
10-27-2024 19:50:01,3535.80073839986
10-27-2024 20:00:01,3534.49429473052
10-27-2024 20:10:01,3536.23559488726
10-27-2024 20:20:01,3532.06228190623
10-27-2024 20:30:01,3534.59447009427
10-27-2024 20:40:01,3535.03542982785
10-27-2024 20:50:01,3534.20672418143
10-27-2024 21:00:01,3537.31681757919
10-27-2024 21:10:01,3536.07706454065
10-27-2024 21:20:01,3536.60113026329
10-27-2024 21:30:01,3537.93153343914
10-27-2024 21:40:01,3535.6043960596
10-27-2024 21:50:01,3538.89598765924
10-27-2024 22:00:01,3538.54582789617
10-27-2024 22:10:01,3536.4997526134
10-27-2024 22:20:01,3539.7906744348
10-27-2024 22:30:01,3539.32590074631
10-27-2024 22:40:01,3537.09810984147
10-27-2024 22:50:01,3540.38838570834
10-27-2024 23:00:01,3546.85614011158
10-27-2024 23:10:01,3551.3309705198
10-27-2024 23:20:01,3550.3712811918
10-27-2024 23:30:01,3548.53902397775
10-27-2024 23:40:01,3549.86819837916
10-27-2024 23:50:01,3549.2049818756
10-28-2024 00:00:01,3545.67722027899
10-28-2024 00:10:01,3549.57436395565
10-28-2024 00:20:01,3549.99770025617
10-28-2024 00:30:01,3556.72490924762
10-28-2024 00:40:01,3555.86380926907
10-28-2024 00:50:01,3557.15814631358
10-28-2024 01:00:01,3560.42642086813
10-28-2024 01:10:01,3566.06249621409
10-28-2024 01:20:01,3569.24752990483
10-28-2024 01:30:01,3568.76280503656
10-28-2024 01:40:01,3571.41738642307
10-28-2024 01:50:01,3575.56854863688
10-28-2024 02:00:01,3580.60599926757
10-28-2024 02:10:01,3582.70252582435
10-28-2024 02:20:01,3586.73242768836
10-28-2024 02:30:01,3591.66712739645
10-28-2024 02:40:01,3594.13625001715
10-28-2024 02:50:01,3596.19049519709
10-28-2024 03:00:01,3597.2786355101
10-28-2024 03:10:01,3599.84401432179
10-28-2024 03:20:01,3601.12821119278
10-28-2024 03:30:01,3605.83797645727
10-28-2024 03:40:01,3605.32804697935
10-28-2024 03:50:01,3605.70415992675
10-28-2024 04:00:01,3608.73681018978
10-28-2024 04:10:01,3605.78786491907
10-28-2024 04:20:01,3606.67608344957
10-28-2024 04:30:01,3606.97392670539
10-28-2024 04:40:01,3609.70919473643
10-28-2024 04:50:01,3608.33518068668
10-28-2024 05:00:01,3608.14113863667
10-28-2024 05:10:01,3608.8316702097
10-28-2024 05:20:01,3609.30472875783
10-28-2024 05:30:01,3610.48601631413
10-28-2024 05:40:01,3609.11309594094
10-28-2024 05:50:01,3608.25225656597
10-28-2024 06:00:01,3609.51075005098
10-28-2024 06:10:01,3608.04046339545
10-28-2024 06:20:01,3607.84675219201
10-28-2024 06:30:01,3611.97155494343
10-28-2024 06:40:01,3611.67915409216
10-28-2024 06:50:01,3608.07141779798
10-28-2024 07:00:01,3607.70204429811
10-28-2024 07:10:01,3607.60659348676
10-28-2024 07:20:01,3610.67054156786
10-28-2024 07:30:01,3601.9638471232
10-28-2024 07:40:01,3607.67578550618
10-28-2024 07:50:01,3607.99300666838
10-28-2024 08:00:01,3604.48577027138
10-28-2024 08:10:01,3607.27482001917
10-28-2024 08:20:01,3606.21919995248
10-28-2024 08:30:01,3604.00722838701
10-28-2024 08:40:01,3605.69717537813
10-28-2024 08:50:01,3604.66185080559
10-28-2024 09:00:01,3603.626482637
10-28-2024 09:10:01,3602.00279687903
10-28-2024 09:20:01,3598.24160150513
10-28-2024 09:30:01,3595.93131493952
10-28-2024 09:40:01,3598.71976281648
10-28-2024 09:50:01,3598.68415952129
10-28-2024 10:00:01,3598.94269151486
10-28-2024 10:10:01,3598.10287672015
10-28-2024 10:20:01,3596.98818863603
10-28-2024 10:30:01,3598.10974314946
10-28-2024 10:40:01,3596.40633993088
10-28-2024 10:50:01,3597.84155262375
10-28-2024 11:00:01,3597.41302670002
10-28-2024 11:10:01,3594.33545736824
10-28-2024 11:20:01,3599.49903968518
10-28-2024 11:30:01,3599.34521895987
10-28-2024 11:40:01,3595.87463556751
10-28-2024 11:50:01,3594.56232027519
10-28-2024 12:00:01,3593.15159243039
10-28-2024 12:10:01,3592.99752738583
10-28-2024 12:20:01,3589.03463122775
10-28-2024 12:30:01,3589.19352595062
10-28-2024 12:40:01,3590.13767737804
10-28-2024 12:50:01,3587.46810055426
10-28-2024 13:00:01,3587.03759992239
10-28-2024 13:10:01,3582.79551509013
10-28-2024 13:20:01,3578.25734742819
10-28-2024 13:30:01,3577.25401206268
10-28-2024 13:40:01,3576.56258425763
10-28-2024 13:50:01,3577.22900476143
10-28-2024 14:00:01,3576.12638731929
10-28-2024 14:10:01,3572.5830047446
10-28-2024 14:20:01,3570.3974423352
10-28-2024 14:30:01,3569.58787699305
10-28-2024 14:40:01,3569.26975143793
10-28-2024 14:50:01,3567.16396165528
10-28-2024 15:00:01,3571.35361645331
10-28-2024 15:10:01,3572.47690895067
10-28-2024 15:20:01,3567.59943087866
10-28-2024 15:30:01,3567.93565559725
10-28-2024 15:40:01,3566.89462069312
10-28-2024 15:50:01,3562.91873046218
10-28-2024 16:00:01,3565.43576398811
10-28-2024 16:10:01,3562.1314823594
10-28-2024 16:20:01,3564.15655281944
10-28-2024 16:30:01,3560.65511854397
10-28-2024 16:40:01,3554.80780652104
10-28-2024 16:50:01,3553.78167020362
10-28-2024 17:00:01,3553.54266080853
10-28-2024 17:10:01,3550.05544784159
10-28-2024 17:20:01,3546.68103674201
10-28-2024 17:30:01,3545.85047473512
10-28-2024 17:40:01,3544.54222034636
10-28-2024 17:50:01,3543.31725115216
10-28-2024 18:00:01,3542.68291374522
10-28-2024 18:10:01,3542.14689969326
10-28-2024 18:20:01,3546.61919175456
10-28-2024 18:30:01,3546.65939674245
10-28-2024 18:40:01,3548.57086538029
10-28-2024 18:50:01,3548.02004404575
10-28-2024 19:00:01,3545.21868076191
10-28-2024 19:10:01,3546.42582131326
10-28-2024 19:20:01,3545.28393006025
10-28-2024 19:30:01,3545.02840390666
10-28-2024 19:40:01,3543.49246604133
10-28-2024 19:50:01,3544.02477153604
10-28-2024 20:00:01,3537.85972329114
10-28-2024 20:10:01,3541.03680874364
10-28-2024 20:20:01,3544.11489341568
10-28-2024 20:30:01,3543.8446104781
10-28-2024 20:40:01,3544.77046958307
10-28-2024 20:50:01,3544.38706655538
10-28-2024 21:00:01,3547.75914910091
10-28-2024 21:10:01,3547.86748857704
10-28-2024 21:20:01,3548.95991024051
10-28-2024 21:30:01,3551.14940177527
10-28-2024 21:40:01,3554.02729595124
10-28-2024 21:50:01,3551.77343828173
10-28-2024 22:00:01,3554.15870217983
10-28-2024 22:10:01,3554.47790561545
10-28-2024 22:20:01,3555.59924539396
10-28-2024 22:30:01,3557.78703693426
10-28-2024 22:40:01,3560.64717283191
10-28-2024 22:50:01,3563.2432678116
10-28-2024 23:00:01,3562.47986041754
10-28-2024 23:10:01,3566.53451360425
10-28-2024 23:20:01,3565.39370955699
10-28-2024 23:30:01,3565.62942225712
10-28-2024 23:40:01,3568.42156057044
10-28-2024 23:50:01,3566.49401982448
10-29-2024 00:00:01,3568.40113929633
10-29-2024 00:10:01,3571.56995425496
10-29-2024 00:20:01,3577.31124566779
10-29-2024 00:30:01,3576.25171189149
10-29-2024 00:40:01,3579.71423194185
10-29-2024 00:50:01,3582.80034028308
10-29-2024 01:00:01,3585.96712801638
10-29-2024 01:10:01,3586.39896263887
10-29-2024 01:20:01,3588.28743148663
10-29-2024 01:30:01,3592.55233854775
10-29-2024 01:40:01,3594.44011496713
10-29-2024 01:50:01,3593.87079119991
10-29-2024 02:00:01,3594.40060883992
10-29-2024 02:10:01,3598.74444680111
10-29-2024 02:20:01,3603.75646820492
10-29-2024 02:30:01,3608.17750684185
10-29-2024 02:40:01,3613.79540443141
10-29-2024 02:50:01,3616.32797146639
10-29-2024 03:00:01,3620.74491513142
10-29-2024 03:10:01,3629.97078607167
10-29-2024 03:20:01,3630.73150853675
10-29-2024 03:30:01,3634.5549456622
10-29-2024 03:40:01,3637.37457282214
10-29-2024 03:50:01,3638.3292770913
10-29-2024 04:00:01,3643.03173162303
10-29-2024 04:10:01,3643.59256408966
10-29-2024 04:20:01,3644.27309931755
10-29-2024 04:30:01,3644.34341225351
10-29-2024 04:40:01,3647.35322210301
10-29-2024 04:50:01,3646.24728822114
10-29-2024 05:00:01,3648.88574048178
10-29-2024 05:10:01,3650.03211036789
10-29-2024 05:20:01,3650.27456376215
10-29-2024 05:30:01,3651.32215558025
10-29-2024 05:40:01,3650.92393111523
10-29-2024 05:50:01,3651.579670628
10-29-2024 06:00:01,3652.11492575585
10-29-2024 06:10:01,3648.37020279402
10-29-2024 06:20:01,3651.27439244116
10-29-2024 06:30:01,3651.14764085152
10-29-2024 06:40:01,3652.65959748711
10-29-2024 06:50:01,3652.63031468395
10-29-2024 07:00:01,3651.23394356899
10-29-2024 07:10:01,3653.35288020866
10-29-2024 07:20:01,3653.59395795546
10-29-2024 07:30:01,3655.53858052732
10-29-2024 07:40:01,3654.53316062186
10-29-2024 07:50:01,3653.52823582587
10-29-2024 08:00:01,3653.71628524633
10-29-2024 08:10:01,3646.49384723241
10-29-2024 08:20:01,3650.09510195072
10-29-2024 08:30:01,3652.23309832958
10-29-2024 08:40:01,3652.34592661626
10-29-2024 08:50:01,3648.3654112522
10-29-2024 09:00:01,3647.23333833299
10-29-2024 09:10:01,3645.12662573664
10-29-2024 09:20:01,3646.62587504427
10-29-2024 09:30:01,3644.03177721526
10-29-2024 09:40:01,3644.87022788746
10-29-2024 09:50:01,3641.90722298149
10-29-2024 10:00:01,3635.06510108181
10-29-2024 10:10:01,3632.92155344661
10-29-2024 10:20:01,3630.65898822942
10-29-2024 10:30:01,3635.90651249172
10-29-2024 10:40:01,3632.88357850477
10-29-2024 10:50:01,3628.57026104985
10-29-2024 11:00:01,3627.86661651107
10-29-2024 11:10:01,3623.6881422745
10-29-2024 11:20:01,3619.15510252559
10-29-2024 11:30:01,3621.65350882595
10-29-2024 11:40:01,3623.86080831199
10-29-2024 11:50:01,3619.61433774311
10-29-2024 12:00:01,3616.12737521616
10-29-2024 12:10:01,3613.8121976099
10-29-2024 12:20:01,3610.85121083272
10-29-2024 12:30:01,3607.66938745601
10-29-2024 12:40:01,3609.42643817088
10-29-2024 12:50:01,3607.93174200863
10-29-2024 13:00:01,3607.96760629749
10-29-2024 13:10:01,3611.3351343198
10-29-2024 13:20:01,3610.09702331998
10-29-2024 13:30:01,3605.70486227328
10-29-2024 13:40:01,3601.26915061144
10-29-2024 13:50:01,3601.5007874538
10-29-2024 14:00:01,3595.18385779265
10-29-2024 14:10:01,3593.8646109735
10-29-2024 14:20:01,3589.40837397415
10-29-2024 14:30:01,3584.06909581207
10-29-2024 14:40:01,3585.3954858636
10-29-2024 14:50:01,3587.50638642592
10-29-2024 15:00:01,3581.10316016843
10-29-2024 15:10:01,3580.07587603359
10-29-2024 15:20:01,3579.53874811879
10-29-2024 15:30:01,3578.13470048762
10-29-2024 15:40:01,3572.31527295228
10-29-2024 15:50:01,3568.34305903571
10-29-2024 16:00:01,3556.84321490694
10-29-2024 16:10:01,3547.59552792151
10-29-2024 16:20:01,3542.0874844612
10-29-2024 16:30:01,3537.34889876466
10-29-2024 16:40:01,3531.23259231655
10-29-2024 16:50:01,3532.49533699591
10-29-2024 17:00:01,3524.61663769368
10-29-2024 17:10:01,3522.4246497236
10-29-2024 17:20:01,3518.0566807268
10-29-2024 17:30:01,3515.66532791771
10-29-2024 17:40:01,3513.85225965446
10-29-2024 17:50:01,3510.84722740673
10-29-2024 18:00:01,3511.58070155171
10-29-2024 18:10:01,3513.60422624656
10-29-2024 18:20:01,3511.58220963625
10-29-2024 18:30:01,3514.3719518645
10-29-2024 18:40:01,3516.47271432929
10-29-2024 18:50:01,3520.34498334279
10-29-2024 19:00:01,3520.87094737568
10-29-2024 19:10:01,3519.92057602522
10-29-2024 19:20:01,3517.77811897391
10-29-2024 19:30:01,3514.56427877817
10-29-2024 19:40:01,3515.3636819446
10-29-2024 19:50:01,3517.45272159092
10-29-2024 20:00:01,3516.19647386522
10-29-2024 20:10:01,3516.68938012877
10-29-2024 20:20:01,3512.66925882038
10-29-2024 20:30:01,3518.07873397302
10-29-2024 20:40:01,3517.39139219057
10-29-2024 20:50:01,3520.26434829613
10-29-2024 21:00:01,3522.31684959024
10-29-2024 21:10:01,3523.68051835942
10-29-2024 21:20:01,3527.12861927583
10-29-2024 21:30:01,3524.19306200914
10-29-2024 21:40:01,3531.76344958379
10-29-2024 21:50:01,3531.17209220023
10-29-2024 22:00:01,3532.65377467603
10-29-2024 22:10:01,3537.07868500201
10-29-2024 22:20:01,3539.91992873735
10-29-2024 22:30:01,3540.90898754923
10-29-2024 22:40:01,3544.74173062674
10-29-2024 22:50:01,3545.8277626822
10-29-2024 23:00:01,3552.78221733257
10-29-2024 23:10:01,3555.04272990056
10-29-2024 23:20:01,3557.09270601677
10-29-2024 23:30:01,3562.29092635023
10-29-2024 23:40:01,3565.52829267343
10-29-2024 23:50:01,3570.61073602556
11-01-2024 00:04:30,2259.44774944353
11-01-2024 00:09:30,2261.46341051854
11-01-2024 00:14:30,2263.50515465977
11-01-2024 00:19:30,2260.07352961477
11-01-2024 00:24:30,2261.02573327089
11-01-2024 00:29:30,2264.30198039492
11-01-2024 00:34:30,2264.09343665084
11-01-2024 00:39:30,2266.47303624954
11-01-2024 00:44:30,2269.43316144707
11-01-2024 00:49:30,2274.93556488955
11-01-2024 00:54:30,2266.69795876853
11-01-2024 00:59:30,2269.00829406647
11-01-2024 01:04:30,2268.12640016068
11-01-2024 01:09:30,2267.53555021568
11-01-2024 01:14:30,2266.65530066823
11-01-2024 01:19:30,2267.3234320353
11-01-2024 01:24:30,2273.38119218536
11-01-2024 01:29:30,2275.59718350885
11-01-2024 01:34:30,2279.7198388468
11-01-2024 01:39:30,2280.07174498958
11-01-2024 01:44:30,2282.45389595317
11-01-2024 01:49:30,2283.22095327155
11-01-2024 01:54:30,2281.64146209138
11-01-2024 01:59:30,2279.80092229099
11-01-2024 02:04:30,2283.73031077763
11-01-2024 02:09:30,2282.7608069165
11-01-2024 02:14:30,2286.01400054823
11-01-2024 02:19:30,2285.88682279716
11-01-2024 02:24:30,2287.81645287985
11-01-2024 02:29:30,2287.33258240477
11-01-2024 02:34:30,2290.97228377034
11-01-2024 02:39:30,2289.20603226354
11-01-2024 02:44:30,2290.3362822065
11-01-2024 02:49:30,2290.24117845379
11-01-2024 02:54:30,2289.8284823664
11-01-2024 02:59:30,2290.9890517588
11-01-2024 03:04:30,2291.54228468055
11-01-2024 03:09:30,2294.53651797702
11-01-2024 03:14:30,2291.23263500561
11-01-2024 03:19:30,2294.87323840342
11-01-2024 03:24:30,2297.67523366147
11-01-2024 03:29:30,2296.39859000351
11-01-2024 03:34:30,2297.75520427641
11-01-2024 03:39:30,2299.08248687389
11-01-2024 03:44:30,2298.09715086695
11-01-2024 03:49:30,2297.04611836618
11-01-2024 03:54:30,2302.22875036612
11-01-2024 03:59:30,2301.08266932512
11-01-2024 04:04:30,2302.05674271864
11-01-2024 04:09:30,2299.14842499154
11-01-2024 04:14:30,2302.11599103507
11-01-2024 04:19:30,2304.05457166378
11-01-2024 04:24:30,2303.94107613589
11-01-2024 04:29:30,2304.69461918702
11-01-2024 04:34:30,2305.54480974952
11-01-2024 04:39:30,2301.42159225819
11-01-2024 04:44:30,2302.49632391076
11-01-2024 04:49:30,2306.93950001004
11-01-2024 04:54:30,2304.80910554732
11-01-2024 04:59:30,2306.07771849149
11-01-2024 05:04:30,2306.09628679077
11-01-2024 05:09:30,2307.49633998254
11-01-2024 05:14:30,2305.30430558982
11-01-2024 05:19:30,2307.27920388647
11-01-2024 05:24:30,2304.99263553282
11-01-2024 05:29:30,2300.75347802918
11-01-2024 05:34:30,2304.71818671214
11-01-2024 05:39:30,2303.20363258991
11-01-2024 05:44:30,2303.13183874674
11-01-2024 05:49:30,2302.5801888026
11-01-2024 05:54:30,2303.05555088267
11-01-2024 05:59:30,2302.79368357875
11-01-2024 06:04:30,2303.01298139163
11-01-2024 06:09:30,2303.58617691397
11-01-2024 06:14:30,2303.83786277685
11-01-2024 06:19:30,2302.23396345205
11-01-2024 06:24:30,2303.32054092325
11-01-2024 06:29:30,2300.43877177516
11-01-2024 06:34:30,2299.54085042015
11-01-2024 06:39:30,2300.53346399598
11-01-2024 06:44:30,2299.99023343243
11-01-2024 06:49:30,2299.25575707315
11-01-2024 06:54:30,2301.78643182142
11-01-2024 06:59:30,2301.14934171066
11-01-2024 07:04:30,2303.00892280778
11-01-2024 07:09:30,2302.72582577699
11-01-2024 07:14:30,2301.80302515439
11-01-2024 07:19:30,2304.94320864315
11-01-2024 07:24:30,2302.19841184345
11-01-2024 07:29:30,2303.77284398591
11-01-2024 07:34:30,2304.67608570994
11-01-2024 07:39:30,2301.32696844895
11-01-2024 07:44:30,2305.33304127077
11-01-2024 07:49:30,2305.05514875449
11-01-2024 07:54:30,2308.45447593968
11-01-2024 07:59:30,2306.09963787222
11-01-2024 08:04:30,2310.36285555711
11-01-2024 08:09:30,2308.36105729653
11-01-2024 08:14:30,2310.83521774516
11-01-2024 08:19:30,2310.65651151486
11-01-2024 08:24:30,2309.83987702234
11-01-2024 08:29:30,2310.27017553504
11-01-2024 08:34:30,2308.68833996219
11-01-2024 08:39:30,2310.781847139
11-01-2024 08:44:30,2311.4058366065
11-01-2024 08:49:30,2308.61290014945
11-01-2024 08:54:30,2307.6093178696
11-01-2024 08:59:30,2308.555536446
11-01-2024 09:04:30,2307.77755546122
11-01-2024 09:09:30,2310.60926687532
11-01-2024 09:14:30,2307.82054580697
11-01-2024 09:19:30,2305.51171457465
11-01-2024 09:24:30,2305.50343248702
11-01-2024 09:29:30,2306.45416110612
11-01-2024 09:34:30,2302.61444998359
11-01-2024 09:39:30,2303.85418905579
11-01-2024 09:44:30,2301.77305350487
11-01-2024 09:49:30,2302.72696173467
11-01-2024 09:54:30,2292.81998328908
11-01-2024 09:59:30,2299.55855005539
11-01-2024 10:04:30,2298.91767273228
11-01-2024 10:09:30,2300.06679445918
11-01-2024 10:14:30,2295.72058493614
11-01-2024 10:19:30,2295.56116498652
11-01-2024 10:24:30,2293.32475811281
11-01-2024 10:29:30,2292.39955581492
11-01-2024 10:34:30,2292.43417010644
11-01-2024 10:39:30,2290.29511713058
11-01-2024 10:44:30,2289.56377818294
11-01-2024 10:49:30,2288.48098102603
11-01-2024 10:54:30,2289.09442480245
11-01-2024 10:59:30,2284.55803257288
11-01-2024 11:04:30,2279.92513304729
11-01-2024 11:09:30,2277.01972560171
11-01-2024 11:14:30,2275.55456134213
11-01-2024 11:19:30,2273.64032035459
11-01-2024 11:24:30,2272.07980906422
11-01-2024 11:29:30,2268.62864588038
11-01-2024 11:34:30,2269.40518096579
11-01-2024 11:39:30,2270.66362686311
11-01-2024 11:44:30,2263.49298492965
11-01-2024 11:49:30,2261.5789171109
11-01-2024 11:54:30,2262.35838999772
11-01-2024 11:59:30,2259.70516022827
11-01-2024 12:04:30,2256.15535127698
11-01-2024 12:09:30,2259.05497473419
11-01-2024 12:14:30,2254.8311859874
11-01-2024 12:19:30,2252.69585374874
11-01-2024 12:24:30,2250.07912373876
11-01-2024 12:29:30,2251.05637149092
11-01-2024 12:34:30,2247.57291537117
11-01-2024 12:39:30,2248.42616270671
11-01-2024 12:44:30,2248.19098664288
11-01-2024 12:49:30,2250.81881380783
11-01-2024 12:54:30,2249.33234892259
11-01-2024 12:59:30,2250.13052369541
11-01-2024 13:04:30,2250.0914838864
11-01-2024 13:09:30,2249.1186951176
11-01-2024 13:14:30,2247.89477021111
11-01-2024 13:19:30,2247.37591769868
11-01-2024 13:24:30,2245.79709879302
11-01-2024 13:29:30,2249.01104178694
11-01-2024 13:34:30,2244.63721323533
11-01-2024 13:39:30,2243.99554464518
11-01-2024 13:44:30,2244.1554353427
11-01-2024 13:49:30,2241.2679791695
11-01-2024 13:54:30,2240.27193196125
11-01-2024 13:59:30,2241.07996449052
11-01-2024 14:04:30,2242.11090925688
11-01-2024 14:09:30,2237.74117857053
11-01-2024 14:14:30,2237.55815503433
11-01-2024 14:19:30,2238.59132114046
11-01-2024 14:24:30,2231.13648861275
11-01-2024 14:29:30,2230.72386304177
11-01-2024 14:34:30,2230.95879942197
11-01-2024 14:39:30,2228.13572801109
11-01-2024 14:44:30,2223.41130395479
11-01-2024 14:49:30,2221.91175883849
11-01-2024 14:54:30,2218.51077071738
11-01-2024 14:59:30,2214.65495460233
11-01-2024 15:04:30,2209.2272347573
11-01-2024 15:09:30,2207.05472393953
11-01-2024 15:14:30,2207.90227363666
11-01-2024 15:19:30,2203.63411121704
11-01-2024 15:24:30,2199.00626828913
11-01-2024 15:29:30,2195.60715488884
11-01-2024 15:34:30,2189.9872008901
11-01-2024 15:39:30,2189.70472685576
11-01-2024 15:44:30,2184.27785390975
11-01-2024 15:49:30,2180.3250166831
11-01-2024 15:54:30,2177.7245505656
11-01-2024 15:59:30,2174.22976604395
11-01-2024 16:04:30,2169.50324143086
11-01-2024 16:09:30,2169.22253633673
11-01-2024 16:14:30,2168.58018646451
11-01-2024 16:19:30,2165.56934972669
11-01-2024 16:24:30,2159.89860150662
11-01-2024 16:29:30,2157.87858508155
11-01-2024 16:34:30,2156.55947665065
11-01-2024 16:39:30,2152.50780938228
11-01-2024 16:44:30,2150.29460754035
11-01-2024 16:49:30,2150.33098111616
11-01-2024 16:54:30,2147.34378039834
11-01-2024 16:59:30,2146.09954728975
11-01-2024 17:04:30,2140.81048868053
11-01-2024 17:09:30,2140.7289871078
11-01-2024 17:14:30,2140.93899338282
11-01-2024 17:19:30,2139.69638553597
11-01-2024 17:24:30,2136.70972631958
11-01-2024 17:29:30,2138.64423484396
11-01-2024 17:34:30,2136.62783335455
11-01-2024 17:39:30,2136.06601348883
11-01-2024 17:44:30,2132.78968366517
11-01-2024 17:49:30,2130.84913029306
11-01-2024 17:54:30,2135.81743709863
11-01-2024 17:59:30,2136.78838146223
11-01-2024 18:04:30,2134.96930142514
11-01-2024 18:09:30,2134.29264869651
11-01-2024 18:14:30,2136.23657811842
11-01-2024 18:19:30,2133.93415517238
11-01-2024 18:24:30,2132.7744113152
11-01-2024 18:29:30,2137.14787365578
11-01-2024 18:34:30,2138.41659052681
11-01-2024 18:39:30,2137.55061055261
11-01-2024 18:44:30,2140.27747369618
11-01-2024 18:49:30,2138.90484798175
11-01-2024 18:54:30,2138.23538336866
11-01-2024 18:59:30,2134.36230828699
11-01-2024 19:04:30,2136.00194290345
11-01-2024 19:09:30,2138.1507118069
11-01-2024 19:14:30,2140.76311934752
11-01-2024 19:19:30,2137.28131690051
11-01-2024 19:24:30,2135.23392791706
11-01-2024 19:29:30,2137.46040710788
11-01-2024 19:34:30,2139.5165133586
11-01-2024 19:39:30,2139.12239380826
11-01-2024 19:44:30,2141.35137780226
11-01-2024 19:49:30,2138.62783211237
11-01-2024 19:54:30,2138.0417724522
11-01-2024 19:59:30,2141.05005136563
11-01-2024 20:04:30,2139.2029240981
11-01-2024 20:09:30,2140.36739438661
11-01-2024 20:14:30,2138.3275580439
11-01-2024 20:19:30,2141.80105225403
11-01-2024 20:24:30,2140.1513544191
11-01-2024 20:29:30,2145.68900149181
11-01-2024 20:34:30,2141.4923083554
11-01-2024 20:39:30,2140.33056536764
11-01-2024 20:44:30,2142.56838116241
11-01-2024 20:49:30,2140.89909549743
11-01-2024 20:54:30,2143.91505674624
11-01-2024 20:59:30,2142.75645810469
11-01-2024 21:04:30,2141.67206424288
11-01-2024 21:09:30,2141.29181650875
11-01-2024 21:14:30,2142.75710593367
11-01-2024 21:19:30,2140.50998960915
11-01-2024 21:24:30,2141.1999963917
11-01-2024 21:29:30,2142.83776389825
11-01-2024 21:34:30,2143.04384330331
11-01-2024 21:39:30,2144.77988049089
11-01-2024 21:44:30,2139.93980704921
11-01-2024 21:49:30,2135.17422692775
11-01-2024 21:54:30,2142.56594164689
11-01-2024 21:59:30,2140.64041171835
11-01-2024 22:04:30,2143.73882847458
11-01-2024 22:09:30,2143.36784634783
11-01-2024 22:14:30,2141.63886263308
11-01-2024 22:19:30,2136.82848732966
11-01-2024 22:24:30,2132.16578964905
11-01-2024 22:29:30,2126.36280117028
11-01-2024 22:34:30,2132.30424143933
11-01-2024 22:39:30,2128.66104750529
11-01-2024 22:44:30,2134.58097996051
11-01-2024 22:49:30,2132.49254669204
11-01-2024 22:54:30,2139.96655560784
11-01-2024 22:59:30,2142.22374920165
11-01-2024 23:04:30,2143.43841404865
11-01-2024 23:09:30,2145.38167273195
11-01-2024 23:14:30,2152.39687015849
11-01-2024 23:19:30,2147.76623180741
11-01-2024 23:24:30,2158.08283850847
11-01-2024 23:29:30,2160.2475908548
11-01-2024 23:34:30,2165.13065327316
11-01-2024 23:39:30,2167.49105362921
11-01-2024 23:44:30,2178.4901214683
11-01-2024 23:49:30,2177.81616880261
11-01-2024 23:54:30,2182.11961959409
11-01-2024 23:59:30,2184.09470082841
11-06-2024 00:04:00,2956.19896973743
11-06-2024 00:14:00,2954.63320196359
11-06-2024 00:24:00,2955.39362111676
11-06-2024 00:34:00,2956.13596506646
11-06-2024 00:44:00,2957.34056816979
11-06-2024 00:54:00,2957.41197709172
11-06-2024 01:04:00,2959.77032349161
11-06-2024 01:14:00,2959.84315625687
11-06-2024 01:24:00,2961.83694220246
11-06-2024 01:34:00,2962.67918971318
11-06-2024 01:44:00,2966.86298523995
11-06-2024 01:54:00,2969.93123872842
11-06-2024 02:04:00,2970.5827437048
11-06-2024 02:14:00,2974.28697469245
11-06-2024 02:24:00,2976.18644148907
11-06-2024 02:34:00,2982.99454574914
11-06-2024 02:44:00,2985.83574769086
11-06-2024 02:54:00,2991.66625573232
11-06-2024 03:04:00,2989.53940770304
11-06-2024 03:14:00,2996.42371137139
11-06-2024 03:24:00,3002.65176669721
11-06-2024 03:34:00,2997.6529245338
11-06-2024 03:44:00,2999.25027406561
11-06-2024 03:54:00,3000.76846536776
11-06-2024 04:04:00,3002.09557488354
11-06-2024 04:14:00,3003.5189641551
11-06-2024 04:24:00,3002.45353513058
11-06-2024 04:34:00,3002.71352419574
11-06-2024 04:44:00,3001.1878815029
11-06-2024 04:54:00,2998.49923277211
11-06-2024 05:04:00,2998.10875411316
11-06-2024 05:14:00,2993.79690836448
11-06-2024 05:24:00,2986.06129643527
11-06-2024 05:34:00,2979.53729460517
11-06-2024 05:44:00,2969.13204226969
11-06-2024 05:54:00,2964.54463179536
11-06-2024 06:04:00,2952.33283007261
11-06-2024 06:14:00,2944.14113895639
11-06-2024 06:24:00,2926.8783307408
11-06-2024 06:34:00,2924.37874080417
11-06-2024 06:44:00,2914.55715719075
11-06-2024 06:54:00,2910.94507342709
11-06-2024 07:04:00,2904.20921876658
11-06-2024 07:14:00,2894.9714839949
11-06-2024 07:24:00,2890.38769273203
11-06-2024 07:34:00,2886.30824508146
11-06-2024 07:44:00,2878.38879920494
11-06-2024 07:54:00,2872.40619342163
11-06-2024 08:04:00,2866.84862760573
11-06-2024 08:14:00,2861.12884478654
11-06-2024 08:24:00,2853.73263462087
11-06-2024 08:34:00,2851.16307726744
11-06-2024 08:44:00,2848.4127148008
11-06-2024 08:54:00,2844.64182095203
11-06-2024 09:04:00,2836.83388767044
11-06-2024 09:14:00,2829.18449462227
11-06-2024 09:24:00,2826.01881444616
11-06-2024 09:34:00,2814.16309259173
11-06-2024 09:44:00,2806.69570422074
11-06-2024 09:54:00,2798.49423164774
11-06-2024 10:04:00,2794.33197064894
11-06-2024 10:14:00,2784.43275098471
11-06-2024 10:24:00,2776.85739380129
11-06-2024 10:34:00,2767.58206711758
11-06-2024 10:44:00,2760.88317378378
11-06-2024 10:54:00,2754.2383279113
11-06-2024 11:04:00,2747.30027415822
11-06-2024 11:14:00,2738.72727240168
11-06-2024 11:24:00,2732.00651515292
11-06-2024 11:34:00,2724.01733451286
11-06-2024 11:44:00,2719.62901398139
11-06-2024 11:54:00,2714.03161579167
11-06-2024 12:04:00,2712.17389620326
11-06-2024 12:14:00,2706.38124737071
11-06-2024 12:24:00,2704.71387331194
11-06-2024 12:34:00,2700.45396515128
11-06-2024 12:44:00,2695.46631137171
11-06-2024 12:54:00,2693.46659030877
11-06-2024 13:04:00,2688.38056045391
11-06-2024 13:14:00,2683.44263860919
11-06-2024 13:24:00,2674.61454271782
11-06-2024 13:34:00,2668.56976930596
11-06-2024 13:44:00,2657.8540157441
11-06-2024 13:54:00,2649.05769517268
11-06-2024 14:04:00,2639.48802971155
11-06-2024 14:14:00,2631.59794114797
11-06-2024 14:24:00,2624.90921346049
11-06-2024 14:34:00,2616.96624949574
11-06-2024 14:44:00,2608.87684917193
11-06-2024 14:54:00,2598.90547328147
11-06-2024 15:04:00,2587.34334788518
11-06-2024 15:14:00,2577.69757191972
11-06-2024 15:24:00,2566.36407176933
11-06-2024 15:34:00,2558.35715069283
11-06-2024 15:44:00,2549.3298628824
11-06-2024 15:54:00,2544.98286087969
11-06-2024 16:04:00,2539.67058585837
11-06-2024 16:14:00,2534.78394283837
11-06-2024 16:24:00,2535.3140809539
11-06-2024 16:34:00,2532.99094705055
11-06-2024 16:44:00,2537.05210838129
11-06-2024 16:54:00,2540.34207262457
11-06-2024 17:04:00,2540.35195010883
11-06-2024 17:14:00,2538.33618566984
11-06-2024 17:24:00,2536.08756868933
11-06-2024 17:34:00,2537.79587270592
11-06-2024 17:44:00,2537.2858877052
11-06-2024 17:54:00,2535.77173163257
11-06-2024 18:04:00,2538.06086168307
11-06-2024 18:14:00,2538.51807623834
11-06-2024 18:24:00,2536.48447179612
11-06-2024 18:34:00,2540.47015640293
11-06-2024 18:44:00,2544.59282367304
11-06-2024 18:54:00,2542.12050671379
11-06-2024 19:04:00,2544.70184284307
11-06-2024 19:14:00,2544.83368746274
11-06-2024 19:24:00,2542.3651122852
11-06-2024 19:34:00,2546.29684001295
11-06-2024 19:44:00,2546.8164976734
11-06-2024 19:54:00,2548.54813302257
11-06-2024 20:04:00,2549.78406179761
11-06-2024 20:14:00,2548.38023641728
11-06-2024 20:24:00,2548.61428109287
11-06-2024 20:34:00,2549.38602412094
11-06-2024 20:44:00,2548.75574808259
11-06-2024 20:54:00,2547.54935855891
11-06-2024 21:04:00,2549.47825287044
11-06-2024 21:14:00,2552.27279706512
11-06-2024 21:24:00,2552.37506396733
11-06-2024 21:34:00,2555.01827110893
11-06-2024 21:44:00,2558.19732789391
11-06-2024 21:54:00,2559.83861089436
11-06-2024 22:04:00,2561.42522765164
11-06-2024 22:14:00,2564.21974710047
11-06-2024 22:24:00,2569.89476102828
11-06-2024 22:34:00,2571.15208312616
11-06-2024 22:44:00,2574.53362434286
11-06-2024 22:54:00,2577.57214151435
11-06-2024 23:04:00,2579.51281075389
11-06-2024 23:14:00,2580.15330299885
11-06-2024 23:24:00,2587.40744062831
11-06-2024 23:34:00,2588.86699012122
11-06-2024 23:44:00,2593.62565758391
11-06-2024 23:54:00,2596.2330608235
11-07-2024 00:04:00,2593.09779640236
11-07-2024 00:14:00,2596.47117801978
11-07-2024 00:24:00,2597.73946591925
11-07-2024 00:34:00,2600.05948877327
11-07-2024 00:44:00,2605.24549586532
11-07-2024 00:54:00,2602.54432712624
11-07-2024 01:04:00,2606.24393362659
11-07-2024 01:14:00,2604.60544209507
11-07-2024 01:24:00,2606.49102190499
11-07-2024 01:34:00,2609.46938778047
11-07-2024 01:44:00,2609.49083454953
11-07-2024 01:54:00,2611.90531507753
11-07-2024 02:04:00,2612.11903300824
11-07-2024 02:14:00,2615.0098222791
11-07-2024 02:24:00,2610.84308853631
11-07-2024 02:34:00,2612.01249718989
11-07-2024 02:44:00,2614.5671378802
11-07-2024 02:54:00,2613.64318577635
11-07-2024 03:04:00,2616.24170998215
11-07-2024 03:14:00,2617.75000900433
11-07-2024 03:24:00,2617.34827627466
11-07-2024 03:34:00,2616.67071878627
11-07-2024 03:44:00,2616.98864219531
11-07-2024 03:54:00,2616.6421662695
11-07-2024 04:04:00,2618.86253973064
11-07-2024 04:14:00,2619.32961627495
11-07-2024 04:24:00,2618.79616085531
11-07-2024 04:34:00,2619.02361773047
11-07-2024 04:44:00,2618.3027481536
11-07-2024 04:54:00,2617.82503554612
11-07-2024 05:04:00,2616.72749459466
11-07-2024 05:14:00,2617.24407331391
11-07-2024 05:24:00,2616.86526811303
11-07-2024 05:34:00,2618.76300785151
11-07-2024 05:44:00,2618.09256270101
11-07-2024 05:54:00,2616.01160275579
11-07-2024 06:04:00,2609.57571205998
11-07-2024 06:14:00,2607.77375146988
11-07-2024 06:24:00,2603.4285648278
11-07-2024 06:34:00,2603.87322169533
11-07-2024 06:44:00,2600.04860541249
11-07-2024 06:54:00,2600.4967136288
11-07-2024 07:04:00,2598.62263800352
11-07-2024 07:14:00,2594.86026791043
11-07-2024 07:24:00,2591.8830334662
11-07-2024 07:34:00,2591.05566227199
11-07-2024 07:44:00,2586.97857482352
11-07-2024 07:54:00,2583.25155821639
11-07-2024 08:04:00,2577.12617830766
11-07-2024 08:14:00,2574.81899467324
11-07-2024 08:24:00,2574.36309232716
11-07-2024 08:34:00,2573.22957205012
11-07-2024 08:44:00,2568.6978786969
11-07-2024 08:54:00,2563.10871994901
11-07-2024 09:04:00,2562.99616718872
11-07-2024 09:14:00,2573.08563683308
11-07-2024 09:24:00,2561.33531508105
11-07-2024 09:34:00,2554.89242430936
11-07-2024 09:44:00,2557.65291759263
11-07-2024 09:54:00,2547.49844105457
11-07-2024 10:04:00,2540.70766128748
11-07-2024 10:14:00,2539.84966476259
11-07-2024 10:24:00,2535.58402210697
11-07-2024 10:34:00,2529.7402046425
11-07-2024 10:44:00,2526.73316020753
11-07-2024 10:54:00,2518.82866857588
11-07-2024 11:04:00,2514.01216677571
11-07-2024 11:14:00,2508.717039358
11-07-2024 11:24:00,2503.19515350881
11-07-2024 11:34:00,2499.5362607079
11-07-2024 11:44:00,2494.32459271938
11-07-2024 11:54:00,2492.11909921234
11-07-2024 12:04:00,2490.35737770367
11-07-2024 12:14:00,2485.74644719611
11-07-2024 12:24:00,2483.57489503787
11-07-2024 12:34:00,2484.15872920107
11-07-2024 12:44:00,2472.97143478547
11-07-2024 12:54:00,2493.53428284917
11-07-2024 13:04:00,2473.23619191154
11-07-2024 13:14:00,2448.87195592835
11-07-2024 13:24:00,2416.27918199338
11-07-2024 13:34:00,2406.39648337612
11-07-2024 13:44:00,2392.36473384569
11-07-2024 13:54:00,2383.49798825342
11-07-2024 14:04:00,2388.94430394462
11-07-2024 14:14:00,2414.24750290652
11-07-2024 14:24:00,2451.25573588814
11-07-2024 14:34:00,2474.47243563793
11-07-2024 14:44:00,2501.75027551341
11-07-2024 14:54:00,2519.52479437688
11-07-2024 15:04:00,2540.18296337104
11-07-2024 15:14:00,2551.64117645065
11-07-2024 15:24:00,2554.54979139037
11-07-2024 15:34:00,2554.75507162365
11-07-2024 15:44:00,2555.69628068389
11-07-2024 15:54:00,2553.61357069298
11-07-2024 16:04:00,2551.20460165265
11-07-2024 16:14:00,2546.79455925978
11-07-2024 16:24:00,2542.83124692768
11-07-2024 16:34:00,2542.43870709016
11-07-2024 16:44:00,2539.70087440137
11-07-2024 16:54:00,2536.76418564042
11-07-2024 17:04:00,2537.46376867318
11-07-2024 17:14:00,2532.2766844264
11-07-2024 17:24:00,2530.46656905603
11-07-2024 17:34:00,2526.1459863172
11-07-2024 17:44:00,2522.82430506897
11-07-2024 17:54:00,2518.79464937955
11-07-2024 18:04:00,2510.70883389929
11-07-2024 18:14:00,2507.38777787472
11-07-2024 18:24:00,2499.01301186569
11-07-2024 18:34:00,2490.70611709036
11-07-2024 18:44:00,2486.29393206038
11-07-2024 18:54:00,2479.96159280316
11-07-2024 19:04:00,2472.33740845207
11-07-2024 19:14:00,2466.61902253708
11-07-2024 19:24:00,2460.42074188909
11-07-2024 19:34:00,2455.76967554393
11-07-2024 19:44:00,2450.90205976128
11-07-2024 19:54:00,2447.55573261328
11-07-2024 20:04:00,2447.13133150518
11-07-2024 20:14:00,2449.06744593989
11-07-2024 20:24:00,2450.47655144239
11-07-2024 20:34:00,2446.0081000653
11-07-2024 20:44:00,2439.08500905617
11-07-2024 20:54:00,2432.74633805697
11-07-2024 21:04:00,2430.93759226208
11-07-2024 21:14:00,2430.59857012963
11-07-2024 21:24:00,2433.74777533268
11-07-2024 21:34:00,2431.17486717194
11-07-2024 21:44:00,2437.25621733624
11-07-2024 21:54:00,2439.1307076183
11-07-2024 22:04:00,2442.5178076411
11-07-2024 22:14:00,2444.39184883071
11-07-2024 22:24:00,2446.04937710118
11-07-2024 22:34:00,2448.83362836272
11-07-2024 22:44:00,2452.81744767516
11-07-2024 22:54:00,2454.37790540097
11-07-2024 23:04:00,2460.66004236161
11-07-2024 23:14:00,2464.51841238171
11-07-2024 23:24:00,2469.19325795692
11-07-2024 23:34:00,2467.80804393302
11-07-2024 23:44:00,2471.68994253555
11-07-2024 23:54:00,2473.96994401394
11-08-2024 00:04:00,2477.94590171161
11-08-2024 00:14:00,2485.26825831995
11-08-2024 00:24:00,2484.52870006187
11-08-2024 00:34:00,2485.32021310197
11-08-2024 00:44:00,2471.27874452929
11-08-2024 00:54:00,2486.75642434441
11-08-2024 01:04:00,2488.88642882616
11-08-2024 01:14:00,2490.63448532346
11-08-2024 01:24:00,2489.83420386798
11-08-2024 01:34:00,2491.77399113007
11-08-2024 01:44:00,2493.52300711264
11-08-2024 01:54:00,2497.29987123648
11-08-2024 02:04:00,2501.04826094761
11-08-2024 02:14:00,2502.27935620351
11-08-2024 02:24:00,2501.93318937954
11-08-2024 02:34:00,2501.33038305476
11-08-2024 02:44:00,2504.53418641067
11-08-2024 02:54:00,2503.93340273532
11-08-2024 03:04:00,2504.59733804292
11-08-2024 03:14:00,2504.94970371168
11-08-2024 03:24:00,2504.0678729046
11-08-2024 03:34:00,2506.15957949063
11-08-2024 03:44:00,2505.59221427509
11-08-2024 03:54:00,2502.91050976998
11-08-2024 04:04:00,2503.51231972027
11-08-2024 04:14:00,2503.32892070315
11-08-2024 04:24:00,2505.23418952051
11-08-2024 04:34:00,2502.61279127256
11-08-2024 04:44:00,2499.9669306177
11-08-2024 04:54:00,2501.61693474689
11-08-2024 05:04:00,2503.24104415629
11-08-2024 05:14:00,2501.35827065518
11-08-2024 05:24:00,2501.27808541388
11-08-2024 05:34:00,2498.73562749954
11-08-2024 05:44:00,2498.0899601036
11-08-2024 05:54:00,2499.24507539325
11-08-2024 06:04:00,2499.92736806249
11-08-2024 06:14:00,2498.1492978365
11-08-2024 06:24:00,2497.50882286881
11-08-2024 06:34:00,2494.0312515969
11-08-2024 06:44:00,2495.38074852487
11-08-2024 06:54:00,2496.82531926592
11-08-2024 07:04:00,2494.48826966813
11-08-2024 07:14:00,2493.38230238139
11-08-2024 07:24:00,2492.20810076223
11-08-2024 07:34:00,2491.88577302873
11-08-2024 07:44:00,2489.5344768033
11-08-2024 07:54:00,2486.49840295145
11-08-2024 08:04:00,2486.32225032012
11-08-2024 08:14:00,2489.17068279703
11-08-2024 08:24:00,2482.78302245878
11-08-2024 08:34:00,2482.16006799634
11-08-2024 08:44:00,2479.45832054642
11-08-2024 08:54:00,2476.96882050797
11-08-2024 09:04:00,2477.69361441939
11-08-2024 09:14:00,2475.22687125503
11-08-2024 09:24:00,2475.12411331418
11-08-2024 09:34:00,2472.75108973618
11-08-2024 09:44:00,2467.8443413259
11-08-2024 09:54:00,2466.22643013312
11-08-2024 10:04:00,2462.66285393146
11-08-2024 10:14:00,2462.67512244477
11-08-2024 10:24:00,2465.5735477004
11-08-2024 10:34:00,2467.62137598176
11-08-2024 10:44:00,2454.60972245818
11-08-2024 10:54:00,2448.96714565383
11-08-2024 11:04:00,2446.2429567188
11-08-2024 11:14:00,2441.8826484022
11-08-2024 11:24:00,2445.34579281762
11-08-2024 11:34:00,2440.6605876902
11-08-2024 11:44:00,2439.12811712118
11-08-2024 11:54:00,2435.94430575734
11-08-2024 12:04:00,2431.05076106488
11-08-2024 12:14:00,2431.64878693751
11-08-2024 12:24:00,2427.11790107245
11-08-2024 12:34:00,2421.8103012956
11-08-2024 12:44:00,2425.43248048903
11-08-2024 12:54:00,2421.96691006586
11-08-2024 13:04:00,2420.08192396113
11-08-2024 13:14:00,2422.47186818145
11-08-2024 13:24:00,2418.04179149354
11-08-2024 13:34:00,2413.99237275221
11-08-2024 13:44:00,2408.23422256062
11-08-2024 13:54:00,2404.56623073121
11-08-2024 14:04:00,2399.01479473174
11-08-2024 14:14:00,2395.56777299111
11-08-2024 14:24:00,2391.08963101985
11-08-2024 14:34:00,2388.95720048916
11-08-2024 14:44:00,2388.44060804777
11-08-2024 14:54:00,2386.13281245268
11-08-2024 15:04:00,2381.63845961681
11-08-2024 15:14:00,2376.87114754371
11-08-2024 15:24:00,2373.99126767627
11-08-2024 15:34:00,2366.93839246482
11-08-2024 15:44:00,2362.93901976738
11-08-2024 15:54:00,2356.4628756298
11-08-2024 16:04:00,2354.75444204481
11-08-2024 16:14:00,2349.5099380352
11-08-2024 16:24:00,2348.9307906641
11-08-2024 16:34:00,2348.35155926687
11-08-2024 16:44:00,2346.53294971637
11-08-2024 16:54:00,2351.08147661115
11-08-2024 17:04:00,2352.68639105617
11-08-2024 17:14:00,2353.61409117983
11-08-2024 17:24:00,2357.29823962118
11-08-2024 17:34:00,2364.13167742986
11-08-2024 17:44:00,2368.77252729361
11-08-2024 17:54:00,2370.44531903336
11-08-2024 18:04:00,2375.92299219378
11-08-2024 18:14:00,2381.6868833463
11-08-2024 18:24:00,2386.68772873479
11-08-2024 18:34:00,2392.24784676585
11-08-2024 18:44:00,2395.12415728391
11-08-2024 18:54:00,2399.92030035265
11-08-2024 19:04:00,2403.27250586211
11-08-2024 19:14:00,2405.7806098198
11-08-2024 19:24:00,2408.56077646069
11-08-2024 19:34:00,2411.91230645145
11-08-2024 19:44:00,2413.16842975001
11-08-2024 19:54:00,2420.61349549599
11-08-2024 20:04:00,2424.90020063218
11-08-2024 20:14:00,2424.34793819115
11-08-2024 20:24:00,2425.23897232854
11-08-2024 20:34:00,2428.47871395336
11-08-2024 20:44:00,2427.15382853111
11-08-2024 20:54:00,2426.21124226217
11-08-2024 21:04:00,2428.3261235523
11-08-2024 21:14:00,2427.46643909996
11-08-2024 21:24:00,2425.97321711746
11-08-2024 21:34:00,2425.13206305387
11-08-2024 21:44:00,2425.14692908661
11-08-2024 21:54:00,2424.11932978375
11-08-2024 22:04:00,2426.22388415468
11-08-2024 22:14:00,2428.78813550371
11-08-2024 22:24:00,2433.56129563973
11-08-2024 22:34:00,2434.14856545512
11-08-2024 22:44:00,2439.03006392523
11-08-2024 22:54:00,2444.36944318781
11-08-2024 23:04:00,2447.16582734803
11-08-2024 23:14:00,2457.53867673514
11-08-2024 23:24:00,2462.98554183188
11-08-2024 23:34:00,2467.29567091407
11-08-2024 23:44:00,2471.43327258223
11-08-2024 23:54:00,2474.41796808158
11-09-2024 00:04:00,2479.5970408833
11-09-2024 00:14:00,2485.40278169583
11-09-2024 00:24:00,2487.47704400364
11-09-2024 00:34:00,2490.17806967372
11-09-2024 00:44:00,2494.60046670218
11-09-2024 00:54:00,2493.97285419962
11-09-2024 01:04:00,2495.93662355716
11-09-2024 01:14:00,2497.33359325477
11-09-2024 01:24:00,2496.91625853095
11-09-2024 01:34:00,2497.65288216132
11-09-2024 01:44:00,2502.05863068846
11-09-2024 01:54:00,2497.86311862382
11-09-2024 02:04:00,2497.37360185611
11-09-2024 02:14:00,2498.00096345725
11-09-2024 02:24:00,2499.49763894708
11-09-2024 02:34:00,2493.41896867712
11-09-2024 02:44:00,2497.65701220452
11-09-2024 02:54:00,2495.2655968222
11-09-2024 03:04:00,2493.83776393318
11-09-2024 03:14:00,2495.98208527438
11-09-2024 03:24:00,2494.27312172619
11-09-2024 03:34:00,2493.02019874741
11-09-2024 03:44:00,2495.08974307159
11-09-2024 03:54:00,2494.68845453533
11-09-2024 04:04:00,2491.64590569622
11-09-2024 04:14:00,2492.00218630959
11-09-2024 04:24:00,2493.79145014647
11-09-2024 04:34:00,2494.33799201904
11-09-2024 04:44:00,2494.5249459657
11-09-2024 04:54:00,2493.76955566599
11-09-2024 05:04:00,2496.94261957957
11-09-2024 05:14:00,2500.69816814812
11-09-2024 05:24:00,2479.75449960447
11-09-2024 05:34:00,2496.78716675533
11-09-2024 05:44:00,2498.01623140013
11-09-2024 05:54:00,2499.60620985511
11-09-2024 06:04:00,2497.77196575214
11-09-2024 06:14:00,2500.30530935107
11-09-2024 06:24:00,2500.29629688653
11-09-2024 06:34:00,2501.00843490809
11-09-2024 06:44:00,2501.98721032527
11-09-2024 06:54:00,2502.16956750681
11-09-2024 07:04:00,2498.85581805549
11-09-2024 07:14:00,2498.00609252829
11-09-2024 07:24:00,2499.79084855071
11-09-2024 07:34:00,2498.84928047081
11-09-2024 07:44:00,2496.1384794577
11-09-2024 07:54:00,2499.44588269496
11-09-2024 08:04:00,2495.62470773558
11-09-2024 08:14:00,2497.63316463474
11-09-2024 08:24:00,2493.07662751169
11-09-2024 08:34:00,2493.5823711262
11-09-2024 08:44:00,2492.4115328503
11-09-2024 08:54:00,2491.53815487496
11-09-2024 09:04:00,2492.74918586621
11-09-2024 09:14:00,2486.81065198763
11-09-2024 09:24:00,2485.10458095378
11-09-2024 09:34:00,2482.00009316507
11-09-2024 09:44:00,2484.1531093686
11-09-2024 09:54:00,2476.62049303906
11-09-2024 10:04:00,2473.982655011
11-09-2024 10:14:00,2476.244061785
11-09-2024 10:24:00,2488.70249495285
11-09-2024 10:34:00,2468.751393226
11-09-2024 10:44:00,2463.31321822074
11-09-2024 10:54:00,2459.46265672432
11-09-2024 11:04:00,2457.88721475024
11-09-2024 11:24:00,2450.59850643974
11-09-2024 11:34:00,2449.85602858151
11-09-2024 11:44:00,2446.25254966397
11-09-2024 11:54:00,2443.1203915613
11-09-2024 12:04:00,2443.29057341867
11-09-2024 12:14:00,2437.58956227586
11-09-2024 12:24:00,2432.8243922788
11-09-2024 12:34:00,2435.16320775979
11-09-2024 12:44:00,2434.46217924047
11-09-2024 12:54:00,2431.86673213815
11-09-2024 13:04:00,2430.79631674071
11-09-2024 13:14:00,2427.35666391987
11-09-2024 13:24:00,2426.86325237644
11-09-2024 13:34:00,2423.61222281566
11-09-2024 13:44:00,2419.98138276269
11-09-2024 13:54:00,2419.29000663091
11-09-2024 14:04:00,2415.38095030435
11-09-2024 14:14:00,2412.0261261416
11-09-2024 14:24:00,2408.77929299885
11-09-2024 14:34:00,2406.18948471542
11-09-2024 14:44:00,2405.97240642539
11-09-2024 14:54:00,2401.20454346438
11-09-2024 15:04:00,2395.39022390667
11-09-2024 15:14:00,2389.008300863
11-09-2024 15:24:00,2384.13464465117
11-09-2024 15:34:00,2381.73847808585
11-09-2024 15:44:00,2376.48556576674
11-09-2024 15:54:00,2372.56482898366
11-09-2024 16:04:00,2366.64699336521
11-09-2024 16:14:00,2362.91117743023
11-09-2024 16:24:00,2358.22143358171
11-09-2024 16:34:00,2356.09976472111
11-09-2024 16:44:00,2358.54694834157
11-09-2024 16:54:00,2357.85212574811
11-09-2024 17:04:00,2356.87008091424
11-09-2024 17:14:00,2356.74579638619
11-09-2024 17:24:00,2357.76423344069
11-09-2024 17:34:00,2359.06935711362
11-09-2024 17:44:00,2359.13630121365
11-09-2024 17:54:00,2364.92114339943
11-09-2024 18:04:00,2363.17740198909
11-09-2024 18:14:00,2363.72182779062
11-09-2024 18:24:00,2363.97970929092
11-09-2024 18:34:00,2365.00081139351
11-09-2024 18:44:00,2365.26037782921
11-09-2024 18:54:00,2366.09248970016
11-09-2024 19:04:00,2367.40037805736
11-09-2024 19:14:00,2366.51817703901
11-09-2024 19:24:00,2367.63723741434
11-09-2024 19:34:00,2371.89928134436
11-09-2024 19:44:00,2373.97133867995
11-09-2024 19:54:00,2372.23617019941
11-09-2024 20:04:00,2374.02267766033
11-09-2024 20:14:00,2373.622514551
11-09-2024 20:24:00,2374.93468064815
11-09-2024 20:34:00,2375.10611335985
11-09-2024 20:44:00,2371.57020206463
11-09-2024 20:54:00,2376.49807871103
11-09-2024 21:04:00,2375.81837554058
11-09-2024 21:14:00,2380.08050100202
11-09-2024 21:24:00,2381.58661595315
11-09-2024 21:34:00,2389.74431429175
11-09-2024 21:44:00,2390.39718655333
11-09-2024 21:54:00,2395.32433986503
11-09-2024 22:04:00,2399.11163590656
11-09-2024 22:14:00,2403.2785728348
11-09-2024 22:24:00,2410.19800952162
11-09-2024 22:34:00,2411.14045931784
11-09-2024 22:44:00,2415.5882897831
11-09-2024 22:54:00,2420.61206470227
11-09-2024 23:04:00,2425.44622890151
11-09-2024 23:14:00,2427.33543293069
11-09-2024 23:24:00,2431.406637266
11-09-2024 23:34:00,2435.95182566975
11-09-2024 23:44:00,2439.07438820861
11-09-2024 23:54:00,2441.81783465911
11-10-2024 00:04:00,2445.89377307718
11-10-2024 00:14:00,2447.22107462124
11-10-2024 00:24:00,2448.82815734708
11-10-2024 00:34:00,2454.99004495538
11-10-2024 00:44:00,2451.57563756388
11-10-2024 00:54:00,2451.85819128957
11-10-2024 01:04:00,2460.28224416798
11-10-2024 01:14:00,2458.76618495511
11-10-2024 01:24:00,2457.5357185472
11-10-2024 01:34:00,2461.0404273655
11-10-2024 01:44:00,2462.26756543036
11-10-2024 01:54:00,2464.54210902161
11-10-2024 02:04:00,2465.77615485454
11-10-2024 02:14:00,2469.0862871281
11-10-2024 02:24:00,2471.92936342826
11-10-2024 02:34:00,2474.19893999426
11-10-2024 02:44:00,2469.95681035453
11-10-2024 02:54:00,2476.29353232881
11-10-2024 03:04:00,2473.74407278686
11-10-2024 03:14:00,2475.26627862532
11-10-2024 03:24:00,2475.83820949409
11-10-2024 03:34:00,2477.63904756236
11-10-2024 03:44:00,2481.81380746671
11-10-2024 03:54:00,2484.55930128342
11-10-2024 04:04:00,2481.07993648573
11-10-2024 04:14:00,2481.85072701289
11-10-2024 04:24:00,2484.50385934172
11-10-2024 04:34:00,2486.77956265324
11-10-2024 04:44:00,2490.94215987277
11-10-2024 04:54:00,2488.50835022273
11-10-2024 05:04:00,2487.21415312828
11-10-2024 05:14:00,2487.89542707583
11-10-2024 05:24:00,2487.72298080001
11-10-2024 05:34:00,2486.99216130932
11-10-2024 05:44:00,2488.33612822915
11-10-2024 05:54:00,2488.73253987628
11-10-2024 06:04:00,2490.83165148017
11-10-2024 06:14:00,2496.68655942685
11-10-2024 06:24:00,2502.36428976994
11-10-2024 06:34:00,2495.61266556399
11-10-2024 06:44:00,2505.24495271416
11-10-2024 06:54:00,2500.00312835319
11-10-2024 07:04:00,2502.67591716401
11-10-2024 07:14:00,2502.51950216654
11-10-2024 07:24:00,2502.18221608083
11-10-2024 07:34:00,2498.83494178922
11-10-2024 07:44:00,2504.32690244997
11-10-2024 07:54:00,2499.77079414554
11-10-2024 08:04:00,2506.11694310349
11-10-2024 08:14:00,2504.3849174264
11-10-2024 08:24:00,2501.14776819833
11-10-2024 08:34:00,2502.61572521462
11-10-2024 08:44:00,2502.48470902366
11-10-2024 08:54:00,2504.05400565815
11-10-2024 09:04:00,2506.94795117699
11-10-2024 09:14:00,2502.30503269337
11-10-2024 09:24:00,2498.51875051312
11-10-2024 09:34:00,2498.49394586244
11-10-2024 09:44:00,2498.84635780166
11-10-2024 09:54:00,2498.44524534748
11-10-2024 10:04:00,2497.20044274416
11-10-2024 10:14:00,2497.94009998003
11-10-2024 10:24:00,2495.93979026364
11-10-2024 10:34:00,2496.96708407881
11-10-2024 10:44:00,2494.78871076636
11-10-2024 10:54:00,2491.9463022078
11-10-2024 11:04:00,2490.42408099689
11-10-2024 11:14:00,2484.63718204484
11-10-2024 11:24:00,2481.97085064515
11-10-2024 11:34:00,2485.25944106952
11-10-2024 11:44:00,2483.53243439447
11-10-2024 11:54:00,2481.0468959659
11-10-2024 12:04:00,2479.5996711403
11-10-2024 12:14:00,2477.87001688066
11-10-2024 12:24:00,2477.27480892853
11-10-2024 12:34:00,2474.59408019015
11-10-2024 12:44:00,2478.16855970836
11-10-2024 12:54:00,2476.43428704746
11-10-2024 13:04:00,2477.35550199943
11-10-2024 13:14:00,2477.42375462272
11-10-2024 13:24:00,2475.97455959742
11-10-2024 13:34:00,2475.76027470554
11-10-2024 13:44:00,2475.73471039708
11-10-2024 13:54:00,2472.76804169104
11-10-2024 14:04:00,2473.40842645207
11-10-2024 14:14:00,2470.44046159179
11-10-2024 14:24:00,2464.81159789843
11-10-2024 14:34:00,2458.32530139256
11-10-2024 14:44:00,2452.31150890354
11-10-2024 14:54:00,2446.77054612595
11-10-2024 15:04:00,2442.08306527334
11-10-2024 15:14:00,2438.7251725799
11-10-2024 15:24:00,2430.41951308337
11-10-2024 15:34:00,2425.62398415079
11-10-2024 15:44:00,2420.64207217254
11-10-2024 15:54:00,2416.887383867
11-10-2024 16:04:00,2415.13462761998
11-10-2024 16:14:00,2411.28479398652
11-10-2024 16:24:00,2407.15201947492
11-10-2024 16:34:00,2406.63990308172
11-10-2024 16:44:00,2407.08667478907
11-10-2024 16:54:00,2407.82549693777
11-10-2024 17:04:00,2410.75288715575
11-10-2024 17:14:00,2413.40064228241
11-10-2024 17:24:00,2413.46910039961
11-10-2024 17:34:00,2414.4018154714
11-10-2024 17:44:00,2413.61815047998
11-10-2024 17:54:00,2415.60168047326
11-10-2024 18:04:00,2416.6267289077
11-10-2024 18:14:00,2420.23941407518
11-10-2024 18:24:00,2423.75744986296
11-10-2024 18:34:00,2423.07281716834
11-10-2024 18:44:00,2421.24349160825
11-10-2024 18:54:00,2423.23728774334
11-10-2024 19:04:00,2422.27342853491
11-10-2024 19:14:00,2424.17332955846
11-10-2024 19:24:00,2425.97856650512
11-10-2024 19:34:00,2423.49008551717
11-10-2024 19:44:00,2425.68398371316
11-10-2024 19:54:00,2426.82348891114
11-10-2024 20:04:00,2428.72716861896
11-10-2024 20:14:00,2427.77431764803
11-10-2024 20:24:00,2426.82254339329
11-10-2024 20:34:00,2429.40178092157
11-10-2024 20:44:00,2431.21838105911
11-10-2024 20:54:00,2430.84724068642
11-10-2024 21:04:00,2436.28425755469
11-10-2024 21:14:00,2432.76730782137
11-10-2024 21:24:00,2439.73617046829
11-10-2024 21:34:00,2439.27264271908
11-10-2024 21:44:00,2440.80190547753
11-10-2024 21:54:00,2445.3928122207
11-10-2024 22:04:00,2447.21438920677
11-10-2024 22:14:00,2450.37103536525
11-10-2024 22:24:00,2458.00761540696
11-10-2024 22:34:00,2458.21047959328
11-10-2024 22:44:00,2464.22327988552
11-10-2024 22:54:00,2467.09565301983
11-10-2024 23:04:00,2470.15908861875
11-10-2024 23:14:00,2473.98521647053
11-10-2024 23:24:00,2479.05021894446
11-10-2024 23:34:00,2478.39951677591
11-10-2024 23:44:00,2483.17949427044
11-10-2024 23:54:00,2484.0573513137
11-15-2024 00:04:00,3353.84741534744
11-15-2024 00:14:00,3356.97227292623
11-15-2024 00:24:00,3364.88145945649
11-15-2024 00:34:00,3380.07015285588
11-15-2024 00:44:00,3388.16076506758
11-15-2024 00:54:00,3392.52951751787
11-15-2024 01:04:00,3399.95929055388
11-15-2024 01:14:00,3400.68415001056
11-15-2024 01:24:00,3399.03913883315
11-15-2024 01:44:00,3406.36384825422
11-15-2024 01:54:00,3425.33945621051
11-15-2024 02:04:00,3427.89250280266
11-15-2024 02:14:00,3429.66985042187
11-15-2024 02:24:00,3434.43401503002
11-15-2024 02:34:00,3437.64569042202
11-15-2024 02:44:00,3458.06892648855
11-15-2024 02:54:00,3454.57793421295
11-15-2024 03:04:00,3466.84861516923
11-15-2024 03:14:00,3479.40154718312
11-15-2024 03:24:00,3491.67937045643
11-15-2024 03:34:00,3501.91752977828
11-15-2024 03:44:00,3506.85768063674
11-15-2024 03:54:00,3508.6324677201
11-15-2024 04:04:00,3509.29607856095
11-15-2024 04:14:00,3517.86314776991
11-15-2024 04:24:00,3522.5183515628
11-15-2024 04:34:00,3518.58817450055
11-15-2024 04:44:00,3520.66911096899
11-15-2024 04:54:00,3530.01722680961
11-15-2024 05:04:00,3521.79779845777
11-15-2024 05:14:00,3527.58358974128
11-15-2024 05:24:00,3527.01404471882
11-15-2024 05:34:00,3527.47748093262
11-15-2024 05:44:00,3528.03720240982
11-15-2024 05:54:00,3533.19142299463
11-15-2024 06:04:00,3538.34641254479
11-15-2024 06:14:00,3541.17890774064
11-15-2024 06:24:00,3538.40478716234
11-15-2024 06:34:00,3542.30470287613
11-15-2024 06:44:00,3546.47351924654
11-15-2024 06:54:00,3547.87877985809
11-15-2024 07:04:00,3550.44571047267
11-15-2024 07:14:00,3549.66115326983
11-15-2024 07:24:00,3549.46681870726
11-15-2024 07:34:00,3550.03557520386
11-15-2024 07:44:00,3548.7171591596
11-15-2024 07:54:00,3549.20939459169
11-15-2024 08:04:00,3546.46366186416
11-15-2024 08:14:00,3549.4507213582
11-15-2024 08:24:00,3544.34068423264
11-15-2024 08:34:00,3544.6452911599
11-15-2024 08:44:00,3542.67987898403
11-15-2024 08:54:00,3540.69923387787
11-15-2024 09:04:00,3539.60738470111
11-15-2024 09:14:00,3535.27501226357
11-15-2024 09:24:00,3531.89482917188
11-15-2024 09:34:00,3533.36168585084
11-15-2024 09:44:00,3518.25370666183
11-15-2024 09:54:00,3512.02236495112
11-15-2024 10:04:00,3505.59742061085
11-15-2024 10:14:00,3501.6617699589
11-15-2024 10:24:00,3493.6192544568
11-15-2024 10:34:00,3491.60768969679
11-15-2024 10:44:00,3485.48554653128
11-15-2024 10:54:00,3480.49459952294
11-15-2024 11:04:00,3479.99303049044
11-15-2024 11:14:00,3475.46467351249
11-15-2024 11:24:00,3472.8297273053
11-15-2024 11:34:00,3466.94943032002
11-15-2024 11:44:00,3467.66179205178
11-15-2024 11:54:00,3465.40778304298
11-15-2024 12:04:00,3461.15034294447
11-15-2024 12:14:00,3456.220724135
11-15-2024 12:24:00,3457.50747589188
11-15-2024 12:34:00,3451.42587257374
11-15-2024 12:44:00,3442.6744444256
11-15-2024 12:54:00,3434.86400396089
11-15-2024 13:04:00,3431.35952906543
11-15-2024 13:14:00,3426.2230716777
11-15-2024 13:24:00,3425.30510391959
11-15-2024 13:34:00,3419.58923578007
11-15-2024 13:44:00,3411.37546488521
11-15-2024 13:54:00,3403.15661233213
11-15-2024 14:04:00,3395.51210079613
11-15-2024 14:14:00,3390.84096224475
11-15-2024 14:24:00,3384.15129468721
11-15-2024 14:34:00,3376.978207276
11-15-2024 14:44:00,3371.7253944901
11-15-2024 14:54:00,3365.89463887927
11-15-2024 15:04:00,3363.23411875827
11-15-2024 15:14:00,3361.82560540785
11-15-2024 15:24:00,3360.6127475675
11-15-2024 15:34:00,3358.43267884042
11-15-2024 15:44:00,3359.04751823851
11-15-2024 15:54:00,3358.5058677409
11-15-2024 16:04:00,3356.23393345755
11-15-2024 16:14:00,3357.52398987923
11-15-2024 16:24:00,3354.96876200918
11-15-2024 16:34:00,3355.68777956884
11-15-2024 16:44:00,3356.01429837642
11-15-2024 16:54:00,3359.52319025673
11-15-2024 17:04:00,3356.49063968049
11-15-2024 17:14:00,3362.20795035126
11-15-2024 17:24:00,3363.11883642601
11-15-2024 17:34:00,3368.16877722237
11-15-2024 17:44:00,3369.65807191421
11-15-2024 17:54:00,3371.92128077905
11-15-2024 18:04:00,3380.42953452339
11-15-2024 18:14:00,3375.29632183153
11-15-2024 18:24:00,3379.09545176296
11-15-2024 18:34:00,3382.61072510892
11-15-2024 18:44:00,3388.24064964556
11-15-2024 18:54:00,3389.06613248327
11-15-2024 19:04:00,3392.00635606199
11-15-2024 19:14:00,3393.69814131576
11-15-2024 19:24:00,3399.04131476555
11-15-2024 19:34:00,3399.97204732957
11-15-2024 19:44:00,3401.85793309368
11-15-2024 19:54:00,3404.03263900512
11-15-2024 20:04:00,3406.49907115036
11-15-2024 20:14:00,3408.09900932514
11-15-2024 20:24:00,3409.89763383149
11-15-2024 20:34:00,3410.44331279416
11-15-2024 20:44:00,3410.51321641757
11-15-2024 20:54:00,3410.77300463087
11-15-2024 21:04:00,3426.39016596233
11-15-2024 21:14:00,3431.15761534114
11-15-2024 21:24:00,3433.14750136629
11-15-2024 21:34:00,3438.587442765
11-15-2024 21:44:00,3446.13954657856
11-15-2024 21:54:00,3453.30787560336
11-15-2024 22:04:00,3462.3942095116
11-15-2024 22:14:00,3473.10946477479
11-15-2024 22:24:00,3475.29110894365
11-15-2024 22:34:00,3478.43285720874
11-15-2024 22:44:00,3485.5039730082
11-15-2024 22:54:00,3498.61249148572
11-15-2024 23:04:00,3500.02880235056
11-15-2024 23:14:00,3508.82235469333
11-15-2024 23:24:00,3514.74017388778
11-15-2024 23:34:00,3519.4089437317
11-15-2024 23:44:00,3524.17623067199
11-15-2024 23:54:00,3525.30452547822
11-17-2024 00:04:00,4326.56408117033
11-17-2024 00:14:00,4328.86157092464
11-17-2024 00:24:00,4331.11105351951
11-17-2024 00:34:00,4330.85102325602
11-17-2024 00:44:00,4336.94091330544
11-17-2024 00:54:00,4335.45104732662
11-17-2024 01:04:00,4339.03187956986
11-17-2024 01:14:00,4343.55775300459
11-17-2024 01:24:00,4348.22672108437
11-17-2024 01:34:00,4350.43382891364
11-17-2024 01:44:00,4353.20956568397
11-17-2024 01:54:00,4354.75526320372
11-17-2024 02:04:00,4354.78756970458
11-17-2024 02:14:00,4345.45337549322
11-17-2024 02:24:00,4360.53263057406
11-17-2024 02:34:00,4360.0469414492
11-17-2024 02:44:00,4363.53536087704
11-17-2024 02:54:00,4362.29488083024
11-17-2024 03:04:00,4363.79846780046
11-17-2024 03:14:00,4372.44347111961
11-17-2024 03:24:00,4370.73312987781
11-17-2024 03:34:00,4372.80616171682
11-17-2024 03:44:00,4367.64831080597
11-17-2024 03:54:00,4375.30059335058
11-17-2024 04:04:00,4378.74695524897
11-17-2024 04:14:00,4375.67296595785
11-17-2024 04:24:00,4372.74415879914
11-17-2024 04:34:00,4368.16354443268
11-17-2024 04:44:00,4365.75800188643
11-17-2024 04:54:00,4364.0650420602
11-17-2024 05:04:00,4359.6810602745
11-17-2024 05:14:00,4352.99028208683
11-17-2024 05:24:00,4346.91356954198
11-17-2024 05:34:00,4344.5288184824
11-17-2024 05:44:00,4341.81259881139
11-17-2024 05:54:00,4336.68920003936
11-17-2024 06:04:00,4330.96143419776
11-17-2024 06:14:00,4327.270821229
11-17-2024 06:24:00,4326.12864951814
11-17-2024 06:34:00,4319.3365947366
11-17-2024 06:44:00,4314.19110305745
11-17-2024 06:54:00,4309.0495270868
11-17-2024 07:04:00,4307.45050638336
11-17-2024 07:14:00,4302.82531799893
11-17-2024 07:24:00,4298.35325135923
11-17-2024 07:34:00,4294.29845177076
11-17-2024 07:44:00,4291.09282600224
11-17-2024 07:54:00,4290.05278194271
11-17-2024 08:04:00,4282.4674191357
11-17-2024 08:14:00,4283.72423511429
11-17-2024 08:24:00,4278.86960104105
11-17-2024 08:34:00,4276.46147317972
11-17-2024 08:44:00,4276.2522502814
11-17-2024 08:54:00,4269.12005669434
11-17-2024 09:04:00,4264.33834287729
11-17-2024 09:14:00,4261.7195446555
11-17-2024 09:24:00,4255.99697728682
11-17-2024 09:34:00,4256.23290962366
11-17-2024 09:44:00,4251.9206612201
11-17-2024 09:54:00,4250.27477680672
11-17-2024 10:04:00,4247.90759284396
11-17-2024 10:14:00,4246.29237406109
11-17-2024 10:24:00,4245.08436328611
11-17-2024 10:34:00,4241.14372397435
11-17-2024 10:44:00,4240.37117704473
11-17-2024 10:54:00,4238.7485663991
11-17-2024 11:04:00,4233.50940933535
11-17-2024 11:14:00,4231.12587249612
11-17-2024 11:24:00,4224.33877958257
11-17-2024 11:34:00,4221.70149753161
11-17-2024 11:44:00,4219.22278212991
11-17-2024 11:54:00,4215.07058969086
11-17-2024 12:04:00,4211.8329121104
11-17-2024 12:14:00,4207.27058565184
11-17-2024 12:24:00,4203.71926035888
11-17-2024 12:34:00,4201.13881801326
11-17-2024 12:44:00,4198.78872753166
11-17-2024 12:54:00,4194.66775768782
11-17-2024 13:04:00,4190.33144711384
11-17-2024 13:14:00,4187.81682309796
11-17-2024 13:24:00,4184.82864236789
11-17-2024 13:34:00,4184.84318708983
11-17-2024 13:44:00,4180.1512158469
11-17-2024 13:54:00,4177.1615284908
11-17-2024 14:04:00,4174.90520788038
11-17-2024 14:14:00,4172.97876229514
11-17-2024 14:24:00,4169.89259228645
11-17-2024 14:34:00,4167.84736117746
11-17-2024 14:44:00,4165.30627203596
11-17-2024 14:54:00,4156.91433259081
11-17-2024 15:04:00,4146.1315672224
11-17-2024 15:14:00,4137.33703334656
11-17-2024 15:24:00,4131.17561861027
11-17-2024 15:34:00,4123.61201353468
11-17-2024 15:44:00,4114.81603326168
11-17-2024 15:54:00,4107.51874293547
11-17-2024 16:04:00,4100.41171584187
11-17-2024 16:14:00,4094.26816839134
11-17-2024 16:24:00,4085.74068251791
11-17-2024 16:34:00,4079.12286012379
11-17-2024 16:44:00,4069.3642212324
11-17-2024 16:54:00,4062.0701535502
11-17-2024 17:04:00,4052.39646370677
11-17-2024 17:14:00,4044.82036644651
11-17-2024 17:24:00,4036.86602063701
11-17-2024 17:34:00,4031.75507515225
11-17-2024 17:44:00,4026.05880562671
11-17-2024 17:54:00,4025.00714419332
11-17-2024 18:04:00,4021.40807840854
11-17-2024 18:14:00,4018.65520771952
11-17-2024 18:24:00,4015.71512199683
11-17-2024 18:34:00,4014.1902000139
11-17-2024 18:44:00,4011.16004859233
11-17-2024 18:54:00,4008.97739211666
11-17-2024 19:04:00,4010.48711254364
11-17-2024 19:14:00,4007.07916364636
11-17-2024 19:24:00,4004.52547201948
11-17-2024 19:34:00,4003.8654435359
11-17-2024 19:44:00,4002.07831406884
11-17-2024 19:54:00,4002.37240220106
11-17-2024 20:04:00,4004.27424866478
11-17-2024 20:14:00,4005.69413904837
11-17-2024 20:24:00,4010.24236355496
11-17-2024 20:34:00,4014.50166989356
11-17-2024 20:44:00,4022.24801369867
11-17-2024 20:54:00,4024.52353377319
11-17-2024 21:04:00,4030.38547500085
11-17-2024 21:14:00,4035.59250626923
11-17-2024 21:24:00,4040.78562671248
11-17-2024 21:34:00,4031.83952884327
11-17-2024 21:44:00,4029.40433824409
11-17-2024 21:54:00,4028.29691235907
11-17-2024 22:04:00,4026.06014926099
11-17-2024 22:14:00,4026.1762681128
11-17-2024 22:24:00,4025.36148674608
11-17-2024 22:34:00,4022.47516695038
11-17-2024 22:44:00,4024.11226419657
11-17-2024 22:54:00,4021.60537134549
11-17-2024 23:04:00,4023.61703084257
11-17-2024 23:14:00,4022.5256547691
11-17-2024 23:24:00,4018.42201680675
11-17-2024 23:34:00,4022.88532409063
11-17-2024 23:44:00,4023.20986139956
11-17-2024 23:54:00,4024.28853698172
11-18-2024 00:04:00,4023.29386261033
11-18-2024 00:14:00,4025.40985237173
11-18-2024 00:24:00,4028.65593529222
11-18-2024 00:34:00,4025.5003107694
11-18-2024 00:44:00,4031.19428658079
11-18-2024 00:54:00,4028.70302494403
11-18-2024 01:04:00,4030.07039434551
11-18-2024 01:14:00,4029.08139647231
11-18-2024 01:24:00,4032.42573976285
11-18-2024 01:34:00,4032.85530784877
11-18-2024 01:44:00,4037.04437221531
11-18-2024 01:54:00,4035.31324510069
11-18-2024 02:04:00,4039.60032025104
11-18-2024 02:14:00,4037.68334605286
11-18-2024 02:24:00,4041.78368961129
11-18-2024 02:34:00,4044.56856493672
11-18-2024 02:44:00,4044.16116160584
11-18-2024 02:54:00,4043.65811495398
11-18-2024 03:04:00,4046.72736821515
11-18-2024 03:14:00,4048.8574941062
11-18-2024 03:24:00,4052.77097383878
11-18-2024 03:34:00,4053.77499939304
11-18-2024 03:44:00,4054.025878721
11-18-2024 03:54:00,4059.9132897355
11-18-2024 04:04:00,4061.29548028875
11-18-2024 04:14:00,4066.810421507
11-18-2024 04:24:00,4068.28787999467
11-18-2024 04:34:00,4067.50991710365
11-18-2024 04:44:00,4070.21253326474
11-18-2024 04:54:00,4074.03648113148
11-18-2024 05:04:00,4076.54968231294
11-18-2024 05:14:00,4075.11871633341
11-18-2024 05:24:00,4076.03541454918
11-18-2024 05:34:00,4074.60762446591
11-18-2024 05:44:00,4076.18592880171
11-18-2024 05:54:00,4072.97665200043
11-18-2024 06:04:00,4072.58747496084
11-18-2024 06:14:00,4073.51045328968
11-18-2024 06:24:00,4069.65426485739
11-18-2024 06:34:00,4061.01869591905
11-18-2024 06:44:00,4059.97802649616
11-18-2024 06:54:00,4057.62678916943
11-18-2024 07:04:00,4052.9335450726
11-18-2024 07:14:00,4048.0527802776
11-18-2024 07:24:00,4042.98713483062
11-18-2024 07:34:00,4039.51670855658
11-18-2024 07:44:00,4035.48095102353
11-18-2024 07:54:00,4032.20037244525
11-18-2024 08:04:00,4031.44609581707
11-18-2024 08:14:00,4028.53608664636
11-18-2024 08:24:00,4022.81741292252
11-18-2024 08:34:00,4020.09514483566
11-18-2024 08:44:00,4020.83774339277
11-18-2024 08:54:00,4019.24530987409
11-18-2024 09:04:00,4019.33212424757
11-18-2024 09:14:00,4017.3557123306
11-18-2024 09:24:00,4016.87470491703
11-18-2024 09:34:00,4012.6399566661
11-18-2024 09:44:00,4013.28377594876
11-18-2024 09:54:00,4010.54817270666
11-18-2024 10:04:00,4007.52953941422
11-18-2024 10:14:00,4005.54258044083
11-18-2024 10:24:00,4001.4878919245
11-18-2024 10:34:00,3999.86692005483
11-18-2024 10:44:00,4000.31258217199
11-18-2024 10:54:00,3996.61294614941
11-18-2024 11:04:00,3993.84223859869
11-18-2024 11:14:00,3990.2296979046
11-18-2024 11:24:00,3988.30844065524
11-18-2024 11:34:00,3986.95944329753
11-18-2024 11:44:00,3985.4303677636
11-18-2024 11:54:00,3985.68104236763
11-18-2024 12:04:00,3984.71602938783
11-18-2024 12:14:00,3984.50465269592
11-18-2024 12:24:00,3982.50151902682
11-18-2024 12:34:00,3982.19503519006
11-18-2024 12:44:00,3981.13362735782
11-18-2024 12:54:00,3978.75063238943
11-18-2024 13:04:00,3977.32156708917
11-18-2024 13:14:00,3977.85151016954
11-18-2024 13:24:00,3976.41005998483
11-18-2024 13:34:00,3973.36230652439
11-18-2024 13:44:00,3973.14702284788
11-18-2024 13:54:00,3968.01821420398
11-18-2024 14:04:00,3965.45180668787
11-18-2024 14:14:00,3961.7370707878
11-18-2024 14:24:00,3959.2496142218
11-18-2024 14:34:00,3955.64042702693
11-18-2024 14:44:00,3950.51714865001
11-18-2024 14:54:00,3946.62213796755
11-18-2024 15:04:00,3939.77748922965
11-18-2024 15:14:00,3935.12258700062
11-18-2024 15:24:00,3932.89348759857
11-18-2024 15:34:00,3927.19413882154
11-18-2024 15:44:00,3922.42217189489
11-18-2024 15:54:00,3920.86808184077
11-18-2024 16:04:00,3920.96021767958
11-18-2024 16:14:00,3918.21108240853
11-18-2024 16:24:00,3917.24305228092
11-18-2024 16:34:00,3916.27491037345
11-18-2024 16:44:00,3920.4431020318
11-18-2024 16:54:00,3917.01156237777
11-18-2024 17:04:00,3915.96848776222
11-18-2024 17:14:00,3915.21010148013
11-18-2024 17:24:00,3917.01161762007
11-18-2024 17:34:00,3917.48661344788
11-18-2024 17:44:00,3920.61690419896
11-18-2024 17:54:00,3920.54423734385
11-18-2024 18:04:00,3922.5582117839
11-18-2024 18:14:00,3922.96114475261
11-18-2024 18:24:00,3923.27003430803
11-18-2024 18:34:00,3925.2863156441
11-18-2024 18:44:00,3927.39817832414
11-18-2024 18:54:00,3929.91017865615
11-18-2024 19:04:00,3929.19973018806
11-18-2024 19:14:00,3930.44031996223
11-18-2024 19:24:00,3930.58484411959
11-18-2024 19:34:00,3931.18375666138
11-18-2024 19:44:00,3934.66835139841
11-18-2024 19:54:00,3936.14257531109
11-18-2024 20:04:00,3939.41824610709
11-18-2024 20:14:00,3941.91601794986
11-18-2024 20:24:00,3944.62440738434
11-18-2024 20:34:00,3951.76699328786
11-18-2024 20:44:00,3951.51894142515
11-18-2024 20:54:00,3953.56600617643
11-18-2024 21:04:00,3955.00513283583
11-18-2024 21:14:00,3965.46745146745
11-18-2024 21:24:00,3963.32724297082
11-18-2024 21:34:00,3966.39969280154
11-18-2024 21:44:00,3972.03147546622
11-18-2024 21:54:00,3979.16121395781
11-18-2024 22:04:00,3978.89997837903
11-18-2024 22:14:00,3984.6482882061
11-18-2024 22:24:00,3986.96651885431
11-18-2024 22:34:00,3994.59257529924
11-18-2024 22:44:00,3995.11173531034
11-18-2024 22:54:00,4001.39437525052
11-18-2024 23:04:00,4005.06063619551
11-18-2024 23:14:00,4007.09840505444
11-18-2024 23:24:00,4010.65324483055
11-18-2024 23:34:00,4014.30362244398
11-18-2024 23:44:00,4014.27673130222
11-18-2024 23:54:00,4017.64423152199
11-22-2024 00:00:00,4595.54162548627
11-22-2024 00:10:00,4576.62149025767
11-22-2024 00:20:00,4584.9753651428
11-22-2024 00:30:00,4602.6111937701
11-22-2024 00:40:00,4604.73134865459
11-22-2024 00:50:00,4610.42337402972
11-22-2024 01:00:00,4618.83984058801
11-22-2024 01:10:00,4624.43563235998
11-22-2024 01:20:00,4625.89673620443
11-22-2024 01:30:00,4611.10735075484
11-22-2024 01:40:00,4623.18473557631
11-22-2024 01:50:00,4621.83055135039
11-22-2024 02:00:00,4621.53869784912
11-22-2024 02:10:00,4600.00129371405
11-22-2024 02:20:00,4609.07331857682
11-22-2024 02:30:00,4621.89768634663
11-22-2024 02:40:00,4611.16436710441
11-22-2024 02:50:00,4613.38347922314
11-22-2024 03:00:00,4595.33876274674
11-22-2024 03:10:00,4606.47224327201
11-22-2024 03:20:00,4606.53638181827
11-22-2024 03:30:00,4591.50400761866
11-22-2024 03:40:00,4597.29122635968
11-22-2024 03:50:00,4598.10908409439
11-22-2024 04:00:00,4593.86610708901
11-22-2024 04:10:00,4606.55995173117
11-22-2024 04:20:00,4613.65584081146
11-22-2024 04:30:00,4612.66564051956
11-22-2024 04:40:00,4603.2479609591
11-22-2024 04:50:00,4617.52373355354
11-22-2024 05:00:00,4606.92169263368
11-22-2024 05:10:00,4595.14619525024
11-22-2024 05:20:00,4611.10043955066
11-22-2024 05:30:00,4611.238981469
11-22-2024 05:40:00,4606.89815552586
11-22-2024 05:50:00,4586.83318862981
11-22-2024 06:00:00,4593.08276482106
11-22-2024 06:10:00,4592.41411858697
11-22-2024 06:20:00,4599.47600022172
11-22-2024 06:30:00,4596.93941967195
11-22-2024 06:40:00,4573.17097117866
11-22-2024 06:50:00,4590.81625226584
11-22-2024 07:00:00,4582.14752135546
11-22-2024 07:10:00,4529.56484049302
11-22-2024 07:20:00,4580.66529014416
11-22-2024 07:30:00,4588.06211552565
11-22-2024 07:40:00,4594.1516575917
11-22-2024 07:50:00,4578.58277444367
11-22-2024 08:00:00,4579.65978085331
11-22-2024 08:10:00,4560.85311995522
11-22-2024 08:20:00,4554.37034205806
11-22-2024 08:30:00,4537.54975829375
11-22-2024 08:40:00,4550.41915754886
11-22-2024 08:50:00,4520.94367729658
11-22-2024 09:00:00,4525.80867494964
11-22-2024 09:10:00,4549.47816929368
11-22-2024 09:20:00,4546.31588462817
11-22-2024 09:30:00,4515.42030050093
11-22-2024 09:40:00,4503.56090832869
11-22-2024 09:50:00,4499.22049558104
11-22-2024 10:00:00,4455.3507882464
11-22-2024 10:10:00,4482.83040805193
11-22-2024 10:20:00,4472.26896093672
11-22-2024 10:30:00,4479.49712880777
11-22-2024 10:40:00,4453.55433585088
11-22-2024 10:50:00,4443.04201582763
11-22-2024 11:00:00,4470.47791421474
11-22-2024 11:10:00,4462.55831175539
11-22-2024 11:20:00,4472.63625133595
11-22-2024 11:30:00,4468.35769479416
11-22-2024 11:40:00,4458.98957731043
11-22-2024 11:50:00,4432.73452155331
11-22-2024 12:00:00,4450.40916816106
11-22-2024 12:10:00,4456.63021029292
11-22-2024 12:20:00,4440.40031450946
11-22-2024 12:30:00,4418.92053827245
11-22-2024 12:40:00,4435.61037996526
11-22-2024 12:50:00,4445.5596446796
11-22-2024 13:00:00,4441.0486431228
11-22-2024 13:10:00,4438.77638477598
11-22-2024 13:20:00,4438.76342047132
11-22-2024 13:30:00,4416.50814356439
11-22-2024 13:40:00,4421.6384692869
11-22-2024 13:50:00,4429.95882271563
11-22-2024 14:00:00,4389.97189520322
11-22-2024 14:10:00,4408.58322397915
11-22-2024 14:20:00,4418.48094499645
11-22-2024 14:30:00,4380.76269838451
11-22-2024 14:40:00,4381.5186771754
11-22-2024 14:50:00,4371.82604764583
11-22-2024 15:00:00,4389.92873333869
11-22-2024 15:10:00,4391.55069098846
11-22-2024 15:20:00,4403.82745366983
11-22-2024 15:30:00,4368.21000480446
11-22-2024 15:40:00,4369.17386790258
11-22-2024 15:50:00,4407.10459465694
11-22-2024 16:00:00,4357.8657339751
11-22-2024 16:10:00,4437.39618796472
11-22-2024 16:20:00,4425.71509839762
11-22-2024 16:30:00,4401.30448996766
11-22-2024 16:40:00,4389.16861096825
11-22-2024 16:50:00,4433.97971390719
11-22-2024 17:00:00,4422.67898332025
11-22-2024 17:10:00,4400.42389729998
11-22-2024 17:20:00,4428.35481345612
11-22-2024 17:30:00,4427.35443153067
11-22-2024 17:40:00,4428.88346688401
11-22-2024 17:50:00,4419.5681599758
11-22-2024 18:00:00,4420.2678420478
11-22-2024 18:10:00,4407.65285017232
11-22-2024 18:20:00,4441.53587700455
11-22-2024 18:30:00,4434.2044827796
11-22-2024 18:40:00,4423.93246591483
11-22-2024 18:50:00,4442.99025455371
11-22-2024 19:00:00,4433.28671411176
11-22-2024 19:10:00,4414.89397558941
11-22-2024 19:20:00,4441.54660330403
11-22-2024 19:30:00,4402.53849994187
11-22-2024 19:40:00,4419.70590490843
11-22-2024 19:50:00,4423.18937376938
11-22-2024 20:00:00,4428.9708697696
11-22-2024 20:10:00,4429.2508675087
11-22-2024 20:20:00,4433.39380206401
11-22-2024 20:30:00,4438.30917690159
11-22-2024 20:40:00,4439.73985792439
11-22-2024 20:50:00,4430.15237925109
11-22-2024 21:00:00,4430.7377507972
11-22-2024 21:10:00,4402.43242933162
11-22-2024 21:20:00,4438.14488278949
11-22-2024 21:30:00,4453.3474031968
11-22-2024 21:40:00,4451.50724380043
11-22-2024 21:50:00,4443.82991401978
11-22-2024 22:00:00,4401.03042705288
11-22-2024 22:10:00,4415.86026843011
11-22-2024 22:20:00,4467.88586215139
11-22-2024 22:30:00,4473.01880559879
11-22-2024 22:40:00,4463.55733180474
11-22-2024 22:50:00,4474.13111662966
11-22-2024 23:00:00,4476.23074341167
11-22-2024 23:10:00,4475.31840780987
11-22-2024 23:20:00,4478.17254032923
11-22-2024 23:30:00,4472.29589833863
11-22-2024 23:40:00,4483.8117080501
11-22-2024 23:50:00,4477.65507747956
11-23-2024 00:00:00,4380.05365997254
11-23-2024 00:10:00,4482.42895239149
11-23-2024 00:20:00,4484.74641169095
11-23-2024 00:30:00,4477.18290751473
11-23-2024 00:40:00,4485.80798531629
11-23-2024 00:50:00,4479.16411894482
11-23-2024 01:00:00,4482.04998098173
11-23-2024 01:10:00,4472.4436948401
11-23-2024 01:20:00,4489.1665432857
11-23-2024 01:30:00,4449.51617029887
11-23-2024 01:40:00,4491.18118598226
11-23-2024 01:50:00,4486.07259624858
11-23-2024 02:00:00,4452.56434262211
11-23-2024 02:10:00,4459.99782641021
11-23-2024 02:20:00,4463.76223108108
11-23-2024 02:30:00,4479.17806931353
11-23-2024 02:40:00,4498.00911532722
11-23-2024 02:50:00,4495.63522130024
11-23-2024 03:00:00,4498.79125040116
11-23-2024 03:10:00,4472.03843699963
11-23-2024 03:20:00,4460.41977123764
11-23-2024 03:30:00,4448.49966440485
11-23-2024 03:40:00,4474.1297605135
11-23-2024 03:50:00,4484.44157279033
11-23-2024 04:00:00,4453.42705387797
11-23-2024 04:10:00,4429.47758987144
11-23-2024 04:20:00,4437.86818162293
11-23-2024 04:30:00,4492.48878759211
11-23-2024 04:40:00,4492.94881845952
11-23-2024 04:50:00,4488.56499191365
11-23-2024 05:00:00,4500.56281250354
11-23-2024 05:10:00,4493.29272875203
11-23-2024 05:20:00,4491.35604916305
11-23-2024 05:30:00,4492.89721167005
11-23-2024 05:40:00,4490.51854635467
11-23-2024 05:50:00,4487.36444561364
11-23-2024 06:00:00,4487.52461620489
11-23-2024 06:10:00,4482.11948396412
11-23-2024 06:20:00,4481.90619697162
11-23-2024 06:30:00,4466.03539999138
11-23-2024 06:40:00,4401.14770267187
11-23-2024 06:50:00,4444.07123384857
11-23-2024 07:00:00,4453.25171445688
11-23-2024 07:10:00,4465.67071030679
11-23-2024 07:20:00,4467.20191115914
11-23-2024 07:30:00,4465.79984700252
11-23-2024 07:40:00,4462.26305537036
11-23-2024 07:50:00,4446.42590089578
11-23-2024 08:00:00,4431.62038766548
11-23-2024 08:10:00,4402.25699864117
11-23-2024 08:20:00,4370.74689417052
11-23-2024 08:30:00,4389.20585415099
11-23-2024 08:40:00,4400.6995274081
11-23-2024 08:50:00,4410.35681912201
11-23-2024 09:00:00,4409.35866957533
11-23-2024 09:10:00,4445.32039374056
11-23-2024 09:20:00,4432.69265430678
11-23-2024 09:30:00,4424.08395144013
11-23-2024 09:40:00,4399.76853312893
11-23-2024 09:50:00,4375.45410900492
11-23-2024 10:00:00,4408.00840731726
11-23-2024 10:10:00,4357.52369569683
11-23-2024 10:20:00,4383.30099179594
11-23-2024 10:30:00,4381.28719539089
11-23-2024 10:40:00,4364.75050721885
11-23-2024 10:50:00,4357.23886931688
11-23-2024 11:00:00,4352.42677206154
11-23-2024 11:10:00,4346.38579710712
11-23-2024 11:20:00,4354.22353121947
11-23-2024 11:30:00,4360.74489232816
11-23-2024 11:40:00,4343.1772961733
11-23-2024 11:50:00,4324.84411501994
11-23-2024 12:00:00,4328.78451583225
11-23-2024 12:10:00,4333.95632796749
11-23-2024 12:20:00,4346.8061025859
11-23-2024 12:30:00,4351.13369957747
11-23-2024 12:40:00,4340.72245975017
11-23-2024 12:50:00,4329.81974298724
11-23-2024 13:00:00,4338.89754520724
11-23-2024 13:10:00,4334.5845811238
11-23-2024 13:20:00,4347.55505253662
11-23-2024 13:30:00,4378.0940949315
11-23-2024 13:40:00,4360.49423476764
11-23-2024 13:50:00,4341.4628903086
11-23-2024 14:00:00,4346.88648699774
11-23-2024 14:10:00,4321.89484599535
11-23-2024 14:20:00,4328.15828255767
11-23-2024 14:30:00,4329.58516943227
11-23-2024 14:40:00,4333.46676757222
11-23-2024 14:50:00,4299.1449306962
11-23-2024 15:00:00,4337.99246138547
11-23-2024 15:10:00,4337.24274405127
11-23-2024 15:20:00,4343.50705814181
11-23-2024 15:30:00,4328.20910420971
11-23-2024 15:40:00,4327.1751581805
11-23-2024 15:50:00,4322.67566173344
11-23-2024 16:00:00,4320.96238417586
11-23-2024 16:10:00,4326.44321843276
11-23-2024 16:20:00,4328.32901633285
11-23-2024 16:30:00,4289.59138940729
11-23-2024 16:40:00,4336.61919147308
11-23-2024 16:50:00,4350.84748015323
11-23-2024 17:00:00,4340.28834529889
11-23-2024 17:10:00,4314.2206266365
11-23-2024 17:20:00,4321.24464460852
11-23-2024 17:30:00,4325.87886490517
11-23-2024 17:40:00,4326.42682700639
11-23-2024 17:50:00,4309.12015043284
11-23-2024 18:00:00,4293.7001488026
11-23-2024 18:10:00,4307.55952056931
11-23-2024 18:20:00,4296.6093119331
11-23-2024 18:30:00,4327.78730284665
11-23-2024 18:40:00,4340.22474662326
11-23-2024 18:50:00,4341.16008174389
11-23-2024 19:00:00,4328.20073975797
11-23-2024 19:10:00,4318.01597943975
11-23-2024 19:20:00,4311.06424218251
11-23-2024 19:30:00,4314.77513598847
11-23-2024 19:40:00,4325.69747343784
11-23-2024 19:50:00,4313.05908047575
11-23-2024 20:00:00,4293.20699554353
11-23-2024 20:10:00,4327.81204381881
11-23-2024 20:20:00,4312.66625536726
11-23-2024 20:30:00,4314.57873077779
11-23-2024 20:40:00,4341.2461487422
11-23-2024 20:50:00,4343.84691641933
11-23-2024 21:00:00,4353.01677323587
11-23-2024 21:10:00,4344.48501190811
11-23-2024 21:20:00,4340.14079276243
11-23-2024 21:30:00,4376.76120801289
11-23-2024 21:40:00,4368.25134671691
11-23-2024 21:50:00,4354.30824622054
11-23-2024 22:00:00,4377.90555966907
11-23-2024 22:10:00,4369.12727680515
11-23-2024 22:20:00,4387.76403431497
11-23-2024 22:30:00,4391.81874134782
11-23-2024 22:40:00,4392.72869680082
11-23-2024 22:50:00,4382.80819187718
11-23-2024 23:00:00,4391.52162364416
11-23-2024 23:10:00,4405.62576041178
11-23-2024 23:20:00,4396.52179492542
11-23-2024 23:30:00,4397.03504335231
11-23-2024 23:40:00,4402.58603250616
11-23-2024 23:50:00,4406.92006475844
12-03-2024 00:04:10,4720.65364573516
12-03-2024 00:14:10,4723.09680261049
12-03-2024 00:24:10,4723.35474952412
12-03-2024 00:34:10,4724.75386072018
12-03-2024 00:44:10,4725.10935766219
12-03-2024 00:54:10,4721.95584325371
12-03-2024 01:04:10,4724.68279093526
12-03-2024 01:14:10,4722.76332725688
12-03-2024 01:24:10,4723.50123722253
12-03-2024 01:34:10,4725.56369978743
12-03-2024 01:44:10,4726.58338385558
12-03-2024 01:54:10,4728.26621641262
12-03-2024 02:04:10,4729.09777568078
12-03-2024 02:14:10,4729.64498246105
12-03-2024 02:24:10,4728.29686479053
12-03-2024 02:34:10,4731.02040419013
12-03-2024 02:44:10,4729.95828767093
12-03-2024 02:54:10,4728.99004547216
12-03-2024 03:04:10,4733.22767379381
12-03-2024 03:14:10,4730.93528546626
12-03-2024 03:24:10,4729.87465416896
12-03-2024 03:34:10,4732.02869033199
12-03-2024 03:44:10,4731.34574314099
12-03-2024 03:54:10,4735.20167592211
12-03-2024 04:04:10,4730.45569789376
12-03-2024 04:14:10,4729.11255485342
12-03-2024 04:24:10,4730.50996976892
12-03-2024 04:34:10,4728.41294651076
12-03-2024 04:44:10,4732.92700349839
12-03-2024 04:54:10,4730.73542711392
12-03-2024 05:04:10,4729.20565750118
12-03-2024 05:14:10,4726.4493789172
12-03-2024 05:24:10,4728.79103354642
12-03-2024 05:34:10,4728.01793557689
12-03-2024 05:44:10,4731.20832388823
12-03-2024 05:54:10,4727.69960946382
12-03-2024 06:04:10,4728.53132306053
12-03-2024 06:14:10,4724.08226696964
12-03-2024 06:24:10,4726.23603978953
12-03-2024 06:34:10,4724.33431459887
12-03-2024 06:44:10,4724.98011893989
12-03-2024 06:54:10,4725.7179277089
12-03-2024 07:04:10,4725.23115091648
12-03-2024 07:14:10,4723.23779096913
12-03-2024 07:24:10,4716.34724045246
12-03-2024 07:34:10,4720.85426114051
12-03-2024 07:44:10,4716.1330502229
12-03-2024 07:54:10,4710.1883736098
12-03-2024 08:04:10,4712.33994802009
12-03-2024 08:14:10,4706.20718503681
12-03-2024 08:24:10,4708.35811442472
12-03-2024 08:34:10,4704.95420198487
12-03-2024 08:44:10,4702.30341256196
12-03-2024 08:54:10,4696.73185295829
12-03-2024 09:04:10,4693.13678085305
12-03-2024 09:14:10,4687.93724103546
12-03-2024 09:24:10,4688.39431417543
12-03-2024 09:34:10,4686.68237926059
12-03-2024 09:44:10,4682.89442278401
12-03-2024 09:54:10,4683.14946096495
12-03-2024 10:04:10,4683.97159964493
12-03-2024 10:14:10,4681.49266179102
12-03-2024 10:24:10,4678.16272429565
12-03-2024 10:34:10,4676.52745944832
12-03-2024 10:44:10,4668.36645678304
12-03-2024 10:54:10,4664.27164462366
12-03-2024 11:04:10,4662.26387395781
12-03-2024 11:14:10,4656.85410084742
12-03-2024 11:24:10,4653.62391940759
12-03-2024 11:34:10,4650.30378455537
12-03-2024 11:44:10,4642.05676428201
12-03-2024 11:54:10,4636.74227951519
12-03-2024 12:04:10,4631.79908626552
12-03-2024 12:14:10,4625.92081856497
12-03-2024 12:24:10,4620.89441997006
12-03-2024 12:34:10,4615.86775251917
12-03-2024 12:44:10,4614.71645974319
12-03-2024 12:54:10,4607.13966473
12-03-2024 13:04:10,4605.90130735206
12-03-2024 13:14:10,4601.53708249413
12-03-2024 13:24:10,4596.59553155046
12-03-2024 13:34:10,4593.92733377027
12-03-2024 13:44:10,4590.69933493052
12-03-2024 13:54:10,4585.66116658716
12-03-2024 14:04:10,4579.21983421079
12-03-2024 14:14:10,4578.17165072945
12-03-2024 14:24:10,4571.53073125553
12-03-2024 14:34:10,4567.73344813421
12-03-2024 14:44:10,4567.64436023609
12-03-2024 14:54:10,4563.09984395709
12-03-2024 15:04:10,4562.62146828828
12-03-2024 15:14:10,4555.61235046651
12-03-2024 15:24:10,4552.66900879073
12-03-2024 15:34:10,4547.35504280635
12-03-2024 15:44:10,4544.69611792618
12-03-2024 15:54:10,4538.54067711128
12-03-2024 16:04:10,4535.51517562739
12-03-2024 16:14:10,4534.00743297667
12-03-2024 16:24:10,4531.82335431809
12-03-2024 16:34:10,4529.74731561717
12-03-2024 16:44:10,4525.47702637098
12-03-2024 16:54:10,4521.12532853117
12-03-2024 17:04:10,4520.94738441987
12-03-2024 17:14:10,4515.9325708918
12-03-2024 17:24:10,4514.50843838943
12-03-2024 17:34:10,4511.68994982839
12-03-2024 17:44:10,4509.98183491688
12-03-2024 17:54:10,4510.78282024026
12-03-2024 18:04:10,4507.74775279984
12-03-2024 18:14:10,4507.65325181102
12-03-2024 18:24:10,4507.09921289915
12-03-2024 18:34:10,4505.21760351631
12-03-2024 18:44:10,4506.07294060263
12-03-2024 18:54:10,4508.08144518358
12-03-2024 19:04:10,4503.3550759777
12-03-2024 19:14:10,4505.7296699169
12-03-2024 19:24:10,4506.50629219388
12-03-2024 19:34:10,4504.04349755494
12-03-2024 19:44:10,4506.71860076155
12-03-2024 19:54:10,4505.20543512488
12-03-2024 20:04:10,4513.94089692664
12-03-2024 20:14:10,4514.99133297106
12-03-2024 20:24:10,4511.58180790664
12-03-2024 20:34:10,4512.25356126488
12-03-2024 20:44:10,4510.53943157872
12-03-2024 20:54:10,4512.92114014892
12-03-2024 21:04:10,4513.12001793525
12-03-2024 21:14:10,4515.39537598699
12-03-2024 21:24:10,4514.34798319477
12-03-2024 21:34:10,4516.24544030426
12-03-2024 21:44:10,4519.28407571829
12-03-2024 21:54:10,4519.7463291034
12-03-2024 22:04:10,4519.06891760647
12-03-2024 22:14:10,4523.33533983808
12-03-2024 22:24:10,4524.92995182004
12-03-2024 22:34:10,4526.34784302981
12-03-2024 22:44:10,4532.04834840075
12-03-2024 22:54:10,4530.61500260943
12-03-2024 23:04:10,4529.18165891261
12-03-2024 23:14:10,4532.13898345098
12-03-2024 23:24:10,4535.93297363452
12-03-2024 23:34:10,4536.13191374044
12-03-2024 23:44:10,4540.0465159262
12-03-2024 23:54:10,4541.58111026209
12-04-2024 00:04:10,4543.31747205068
12-04-2024 00:14:10,4543.13875450554
12-04-2024 00:24:10,4543.92365999518
12-04-2024 00:34:10,4547.47312119723
12-04-2024 00:44:10,4550.72826560863
12-04-2024 00:54:10,4546.08169957983
12-04-2024 01:04:10,4547.34584448544
12-04-2024 01:14:10,4546.60843566251
12-04-2024 01:24:10,4545.7760562351
12-04-2024 01:34:10,4545.32548219022
12-04-2024 01:44:10,4549.17613416891
12-04-2024 01:54:10,4549.58503834185
12-04-2024 02:04:10,4549.42225468579
12-04-2024 02:14:10,4554.41931071712
12-04-2024 02:24:10,4554.06707188503
12-04-2024 02:34:10,4555.91778515123
12-04-2024 02:44:10,4562.52997725303
12-04-2024 02:54:10,4558.18141636742
12-04-2024 03:04:10,4558.78527251237
12-04-2024 03:14:10,4559.11166193063
12-04-2024 03:24:10,4559.82004906213
12-04-2024 03:34:10,4561.96764770917
12-04-2024 03:44:10,4560.09330507903
12-04-2024 03:54:10,4561.18451488832
12-04-2024 04:04:10,4557.50632179273
12-04-2024 04:14:10,4562.12801995306
12-04-2024 04:24:10,4556.64618201008
12-04-2024 04:34:10,4561.08520764839
12-04-2024 04:44:10,4556.55071451891
12-04-2024 04:54:10,4557.46126034105
12-04-2024 05:04:10,4556.46465840286
12-04-2024 05:14:10,4558.70307211366
12-04-2024 05:24:10,4556.37212006617
12-04-2024 05:34:10,4550.60917666248
12-04-2024 05:44:10,4554.56474293818
12-04-2024 05:54:10,4553.18895214719
12-04-2024 06:04:10,4554.95984517994
12-04-2024 06:14:10,4554.44287125091
12-04-2024 06:24:10,4556.88131923779
12-04-2024 06:34:10,4557.02465199674
12-04-2024 06:44:10,4556.12737213191
12-04-2024 06:54:10,4557.23203571035
12-04-2024 07:04:10,4555.85903720677
12-04-2024 07:14:10,4558.96538123629
12-04-2024 07:24:10,4557.96704793421
12-04-2024 07:34:10,4559.3514671517
12-04-2024 07:44:10,4557.40102279924
12-04-2024 07:54:10,4558.21450537233
12-04-2024 08:04:10,4556.82949778317
12-04-2024 08:14:10,4559.44771657884
12-04-2024 08:24:10,4558.73770965731
12-04-2024 08:34:10,4555.07355914963
12-04-2024 08:44:10,4557.97918832959
12-04-2024 08:54:10,4550.20958936937
12-04-2024 09:04:10,4554.64156004498
12-04-2024 09:14:10,4554.88687411054
12-04-2024 09:24:10,4554.64894808574
12-04-2024 09:34:10,4551.8371644481
12-04-2024 09:44:10,4551.59995117177
12-04-2024 09:54:10,4548.3996804429
12-04-2024 10:04:10,4543.76827130399
12-04-2024 10:14:10,4541.60068680595
12-04-2024 10:24:10,4542.38343274525
12-04-2024 10:34:10,4536.39633110687
12-04-2024 10:44:10,4533.35863420067
12-04-2024 10:54:10,4532.89927460906
12-04-2024 11:04:10,4530.63267973382
12-04-2024 11:14:10,4525.78395121274
12-04-2024 11:24:10,4524.4804871822
12-04-2024 11:34:10,4522.32518704424
12-04-2024 11:44:10,4518.24728278436
12-04-2024 11:54:10,4516.45533961661
12-04-2024 12:04:10,4518.58786264147
12-04-2024 12:14:10,4518.44256400877
12-04-2024 12:24:10,4518.48019152752
12-04-2024 12:34:10,4513.63334124524
12-04-2024 12:44:10,4510.13590760033
12-04-2024 12:54:10,4507.02122908071
12-04-2024 13:04:10,4504.5669380067
12-04-2024 13:14:10,4499.9073474548
12-04-2024 13:24:10,4500.43423678522
12-04-2024 13:34:10,4500.5680571756
12-04-2024 13:44:10,4498.51713474221
12-04-2024 13:54:10,4496.15763966498
12-04-2024 14:04:10,4494.77834889906
12-04-2024 14:14:10,4495.98979311452
12-04-2024 14:24:10,4497.29786593168
12-04-2024 14:34:10,4496.49556164271
12-04-2024 14:44:10,4494.84035266712
12-04-2024 14:54:10,4499.2308939038
12-04-2024 15:04:10,4498.43007070018
12-04-2024 15:14:10,4496.01849610573
12-04-2024 15:24:10,4493.58691900333
12-04-2024 15:34:10,4495.59052274738
12-04-2024 15:44:10,4496.93251742707
12-04-2024 15:54:10,4498.45635033215
12-04-2024 16:04:10,4497.09251502405
12-04-2024 16:14:10,4503.02018674982
12-04-2024 16:24:10,4500.41960767772
12-04-2024 16:34:10,4499.65186928297
12-04-2024 16:44:10,4499.05718981775
12-04-2024 16:54:10,4502.03975662093
12-04-2024 17:04:10,4503.1903987742
12-04-2024 17:14:10,4505.49127813922
12-04-2024 17:24:10,4506.45873942552
12-04-2024 17:34:10,4500.51782345873
12-04-2024 17:44:10,4504.23779572713
12-04-2024 17:54:10,4504.80487840723
12-04-2024 18:04:10,4500.12113086494
12-04-2024 18:14:10,4503.94571412049
12-04-2024 18:24:10,4505.00119138263
12-04-2024 18:34:10,4503.47114867581
12-04-2024 18:44:10,4503.67399216215
12-04-2024 18:54:10,4504.52956234429
12-04-2024 19:04:10,4502.24419185146
12-04-2024 19:14:10,4503.01322329887
12-04-2024 19:24:10,4507.5219784317
12-04-2024 19:34:10,4506.86391030199
12-04-2024 19:44:10,4510.97957576798
12-04-2024 19:54:10,4509.16596908654
12-04-2024 20:04:10,4506.59660638458
12-04-2024 20:14:10,4511.29215794366
12-04-2024 20:24:10,4510.92153131196
12-04-2024 20:34:10,4515.81275203521
12-04-2024 20:44:10,4511.70945585084
12-04-2024 20:54:10,4513.15375415368
12-04-2024 21:04:10,4514.23055409507
12-04-2024 21:14:10,4514.99106438393
12-04-2024 21:24:10,4515.77345484031
12-04-2024 21:34:10,4514.5524619162
12-04-2024 21:44:10,4512.76021985454
12-04-2024 21:54:10,4513.14701826452
12-04-2024 22:04:10,4512.30941963423
12-04-2024 22:14:10,4512.13210118955
12-04-2024 22:24:10,4512.32886246773
12-04-2024 22:34:10,4517.77175201485
12-04-2024 22:44:10,4514.92751177917
12-04-2024 22:54:10,4517.87891136407
12-04-2024 23:04:10,4515.3215690448
12-04-2024 23:14:10,4519.80217404142
12-04-2024 23:24:10,4519.04736166623
12-04-2024 23:34:10,4520.86221881468
12-04-2024 23:44:10,4519.34048107822
12-04-2024 23:54:10,4521.53597191423
12-05-2024 00:04:10,4521.82255474611
12-05-2024 00:14:10,4525.05809174263
12-05-2024 00:24:10,4525.72548066771
12-05-2024 00:34:10,4527.82522332226
12-05-2024 00:44:10,4528.9683314301
12-05-2024 00:54:10,4531.44795776575
12-05-2024 01:04:10,4528.22350849253
12-05-2024 01:14:10,4527.18088648233
12-05-2024 01:24:10,4527.46398832105
12-05-2024 01:34:10,4529.3738408934
12-05-2024 01:44:10,4531.65845619366
12-05-2024 01:54:10,4533.65316975359
12-05-2024 02:04:10,4536.31808998499
12-05-2024 02:14:10,4536.70255853742
12-05-2024 02:24:10,4537.28175786312
12-05-2024 02:34:10,4538.99235953797
12-05-2024 02:44:10,4540.89745899627
12-05-2024 02:54:10,4540.23386595333
12-05-2024 03:04:10,4541.18558487324
12-05-2024 03:14:10,4538.05297053042
12-05-2024 03:24:10,4541.85533702767
12-05-2024 03:34:10,4541.86217959905
12-05-2024 03:44:10,4542.15053158472
12-05-2024 03:54:10,4545.47539627142
12-05-2024 04:04:10,4546.81290563434
12-05-2024 04:14:10,4548.91038648218
12-05-2024 04:24:10,4547.68065775556
12-05-2024 04:34:10,4551.39315637047
12-05-2024 04:44:10,4550.35717813389
12-05-2024 04:54:10,4555.58890678562
12-05-2024 05:04:10,4557.49460642896
12-05-2024 05:14:10,4555.50987312696
12-05-2024 05:24:10,4557.79822598972
12-05-2024 05:34:10,4560.56320895337
12-05-2024 05:44:10,4556.87345879947
12-05-2024 05:54:10,4557.73607530648
12-05-2024 06:04:10,4561.63812452996
12-05-2024 06:14:10,4563.07252991849
12-05-2024 06:24:10,4561.75518173492
12-05-2024 06:34:10,4564.90079750286
12-05-2024 06:44:10,4565.38672473922
12-05-2024 06:54:10,4561.70243198403
12-05-2024 07:04:10,4564.27541835249
12-05-2024 07:14:10,4567.51214072691
12-05-2024 07:24:10,4565.53362955149
12-05-2024 07:34:10,4566.30641407821
12-05-2024 07:44:10,4567.17204294183
12-05-2024 07:54:10,4566.23781371928
12-05-2024 08:04:10,4567.29376175261
12-05-2024 08:14:10,4567.11952752277
12-05-2024 08:24:10,4567.51258489689
12-05-2024 08:34:10,4567.33815613258
12-05-2024 08:44:10,4562.23380142699
12-05-2024 08:54:10,4562.72179512565
12-05-2024 09:04:10,4560.36763969464
12-05-2024 09:14:10,4560.2888716335
12-05-2024 09:24:10,4557.45882390186
12-05-2024 09:34:10,4555.39003120328
12-05-2024 09:44:10,4554.55104791276
12-05-2024 09:54:10,4548.68809938509
12-05-2024 10:04:10,4547.56044160152
12-05-2024 10:14:10,4542.16534056404
12-05-2024 10:24:10,4540.56436269903
12-05-2024 10:34:10,4536.39764212478
12-05-2024 10:44:10,4531.46629982519
12-05-2024 10:54:10,4527.96029055016
12-05-2024 11:04:10,4520.5568690931
12-05-2024 11:14:10,4518.28643049967
12-05-2024 11:24:10,4514.97405793037
12-05-2024 11:34:10,4512.32673998779
12-05-2024 11:44:10,4507.86776887034
12-05-2024 11:54:10,4507.30720459533
12-05-2024 12:04:10,4507.89331693888
12-05-2024 12:14:10,4505.05967719136
12-05-2024 12:24:10,4503.18248447051
12-05-2024 12:34:10,4505.38727490392
12-05-2024 12:44:10,4503.42037439116
12-05-2024 12:54:10,4502.67635012116
12-05-2024 13:04:10,4504.13114417318
12-05-2024 13:14:10,4502.81708758848
12-05-2024 13:24:10,4497.69553273014
12-05-2024 13:34:10,4498.86155473965
12-05-2024 13:44:10,4495.16220094715
12-05-2024 13:54:10,4490.33007319576
12-05-2024 14:04:10,4490.25385246872
12-05-2024 14:14:10,4488.18346954931
12-05-2024 14:24:10,4488.39941668589
12-05-2024 14:34:10,4487.46701118412
12-05-2024 14:44:10,4487.59432228735
12-05-2024 14:54:10,4485.70981692342
12-05-2024 15:04:10,4484.40874679641
12-05-2024 15:14:10,4487.39040554473
12-05-2024 15:24:10,4485.03615145627
12-05-2024 15:34:10,4483.25968221576
12-05-2024 15:44:10,4483.47917944538
12-05-2024 15:54:10,4482.07882584454
12-05-2024 16:04:10,4483.73475008506
12-05-2024 16:14:10,4478.71296413067
12-05-2024 16:24:10,4478.57075674401
12-05-2024 16:34:10,4481.65738105163
12-05-2024 16:44:10,4482.272058674
12-05-2024 16:54:10,4475.64467294882
12-05-2024 17:04:10,4477.30258830604
12-05-2024 17:14:10,4479.25258270862
12-05-2024 17:24:10,4476.62923288034
12-05-2024 17:34:10,4479.05602756941
12-05-2024 17:44:10,4478.62486544267
12-05-2024 17:54:10,4482.67119270734
12-05-2024 18:04:10,4478.34095915672
12-05-2024 18:14:10,4481.81562250312
12-05-2024 18:24:10,4482.62900940993
12-05-2024 18:34:10,4480.29520336889
12-05-2024 18:44:10,4486.54045643172
12-05-2024 18:54:10,4487.06804968593
12-05-2024 19:04:10,4483.78928503145
12-05-2024 19:14:10,4488.02844035594
12-05-2024 19:24:10,4484.08516526957
12-05-2024 19:34:10,4487.3723521224
12-05-2024 19:44:10,4487.42529238659
12-05-2024 19:54:10,4484.81600847069
12-05-2024 20:04:10,4487.62703818876
12-05-2024 20:14:10,4490.72266454548
12-05-2024 20:24:10,4488.68518660748
12-05-2024 20:34:10,4490.35480415249
12-05-2024 20:44:10,4492.11512173834
12-05-2024 20:54:10,4493.68548411227
12-05-2024 21:04:10,4490.69553698417
12-05-2024 21:14:10,4495.21150329223
12-05-2024 21:24:10,4497.26083542374
12-05-2024 21:34:10,4494.74371885106
12-05-2024 21:44:10,4495.17160572753
12-05-2024 21:54:10,4497.21121778771
12-05-2024 22:04:10,4494.88516663842
12-05-2024 22:14:10,4494.55440380035
12-05-2024 22:24:10,4495.83548212125
12-05-2024 22:34:10,4501.10456329148
12-05-2024 22:44:10,4502.47955262261
12-05-2024 22:54:10,4506.04672714721
12-05-2024 23:04:10,4506.47325491242
12-05-2024 23:14:10,4509.27922708698
12-05-2024 23:24:10,4511.61080883257
12-05-2024 23:34:10,4516.41663376734
12-05-2024 23:44:10,4518.93999815528
12-05-2024 23:54:10,4522.51117860997
12-06-2024 00:04:10,4519.8083518143
12-06-2024 00:14:10,4523.57049116483
12-06-2024 00:24:10,4522.48566752378
12-06-2024 00:34:10,4522.44289176857
12-06-2024 00:44:10,4524.30778649661
12-06-2024 00:54:10,4522.93894092297
12-06-2024 01:04:10,4524.13687095565
12-06-2024 01:14:10,4525.62071716318
12-06-2024 01:24:10,4529.2894342562
12-06-2024 01:34:10,4529.91767166343
12-06-2024 01:44:10,4528.64580908586
12-06-2024 01:54:10,4528.23005679939
12-06-2024 02:04:10,4531.1381254669
12-06-2024 02:14:10,4527.01936733472
12-06-2024 02:24:10,4531.35139329639
12-06-2024 02:34:10,4530.65155021618
12-06-2024 02:44:10,4530.80636169583
12-06-2024 02:54:10,4527.64002172221
12-06-2024 03:04:10,4528.08051966108
12-06-2024 03:14:10,4526.33914811989
12-06-2024 03:24:10,4533.41945002276
12-06-2024 03:34:10,4529.02348509075
12-06-2024 03:44:10,4530.41277631293
12-06-2024 03:54:10,4533.1283095155
12-06-2024 04:04:10,4529.11460621708
12-06-2024 04:14:10,4530.9772944149
12-06-2024 04:24:10,4529.42923350203
12-06-2024 04:34:10,4527.88193290905
12-06-2024 04:44:10,4529.27081701114
12-06-2024 04:54:10,4533.215676753
12-06-2024 05:04:10,4530.62742004255
12-06-2024 05:14:10,4534.57027914239
12-06-2024 05:24:10,4530.28216046848
12-06-2024 05:34:10,4530.44170213576
12-06-2024 05:44:10,4530.50579122417
12-06-2024 05:54:10,4529.718979688
12-06-2024 06:04:10,4535.07816155228
12-06-2024 06:14:10,4531.45617688442
12-06-2024 06:24:10,4529.81976026117
12-06-2024 06:34:10,4532.3435137826
12-06-2024 06:44:10,4533.25886493433
12-06-2024 06:54:10,4533.89171169513
12-06-2024 07:04:10,4535.75375246617
12-06-2024 07:14:10,4536.00762394667
12-06-2024 07:24:10,4536.92389716602
12-06-2024 07:34:10,4536.42406284711
12-06-2024 07:44:10,4537.24764937911
12-06-2024 07:54:10,4537.69235319595
12-06-2024 08:04:10,4536.72312382982
12-06-2024 08:14:10,4538.39680702062
12-06-2024 08:24:10,4543.09025797958
12-06-2024 08:34:10,4539.76476841149
12-06-2024 08:44:10,4538.79703879859
12-06-2024 08:54:10,4537.92936285441
12-06-2024 09:04:10,4535.7357524157
12-06-2024 09:14:10,4534.1119829382
12-06-2024 09:24:10,4534.94229594687
12-06-2024 09:34:10,4528.78978372801
12-06-2024 09:44:10,4529.62085762741
12-06-2024 09:54:10,4524.69456091898
12-06-2024 10:04:10,4520.33508796391
12-06-2024 10:14:10,4520.41446870993
12-06-2024 10:24:10,4517.65961276146
12-06-2024 10:34:10,4513.20065953733
12-06-2024 10:44:10,4516.4016605449
12-06-2024 10:54:10,4507.4921468263
12-06-2024 11:04:10,4503.87881745409
12-06-2024 11:14:10,4500.26464572745
12-06-2024 11:24:10,4497.88142298037
12-06-2024 11:34:10,4496.16001377641
12-06-2024 11:44:10,4493.2067889954
12-06-2024 11:54:10,4491.39121339866
12-06-2024 12:04:10,4492.03841255864
12-06-2024 12:14:10,4494.77396227881
12-06-2024 12:24:10,4490.9698500333
12-06-2024 12:34:10,4492.47430883524
12-06-2024 12:44:10,4490.09368255625
12-06-2024 12:54:10,4492.73676543641
12-06-2024 13:04:10,4490.54529355005
12-06-2024 13:14:10,4489.86992181563
12-06-2024 13:24:10,4484.54917433372
12-06-2024 13:34:10,4481.97678943178
12-06-2024 13:44:10,4486.70861344515
12-06-2024 13:54:10,4482.52550766486
12-06-2024 14:04:10,4485.45672064515
12-06-2024 14:14:10,4483.36263240457
12-06-2024 14:24:10,4486.86599636779
12-06-2024 14:34:10,4486.29325512211
12-06-2024 14:44:10,4484.19921596632
12-06-2024 14:54:10,4483.72114868676
12-06-2024 15:04:10,4481.34462048681
12-06-2024 15:14:10,4483.99826987776
12-06-2024 15:24:10,4485.7032348385
12-06-2024 15:34:10,4482.28739093953
12-06-2024 15:44:10,4479.63006904931
12-06-2024 15:54:10,4480.86170786327
12-06-2024 16:04:10,4480.57764300434
12-06-2024 16:14:10,4479.25110440015
12-06-2024 16:34:10,4481.05715469124
12-06-2024 16:44:10,4480.39246420007
12-06-2024 16:54:10,4481.72180137257
12-06-2024 17:04:10,4480.86969894948
12-06-2024 17:14:10,4482.29166478653
12-06-2024 17:24:10,4480.11420233972
12-06-2024 17:34:10,4480.96840862577
12-06-2024 17:44:10,4480.87465413825
12-06-2024 17:54:10,4483.62369376617
12-06-2024 18:04:10,4482.96161856234
12-06-2024 18:14:10,4481.92282896232
12-06-2024 18:24:10,4483.44155259524
12-06-2024 18:34:10,4483.25586298863
12-06-2024 18:44:10,4484.20617919488
12-06-2024 18:54:10,4487.24061744194
12-06-2024 19:04:10,4488.94939945146
12-06-2024 19:14:10,4484.88311617962
12-06-2024 19:24:10,4484.22530778746
12-06-2024 19:34:10,4487.45009095831
12-06-2024 19:44:10,4484.99460560677
12-06-2024 19:54:10,4484.5282455997
12-06-2024 20:04:10,4486.14394518281
12-06-2024 20:14:10,4485.39396953648
12-06-2024 20:24:10,4482.56322133675
12-06-2024 20:34:10,4484.36883554618
12-06-2024 20:44:10,4484.28187998279
12-06-2024 20:54:10,4485.70985562578
12-06-2024 21:04:10,4488.74588505757
12-06-2024 21:14:10,4492.91711295288
12-06-2024 21:24:10,4493.58882626507
12-06-2024 21:34:10,4498.2330466418
12-06-2024 21:44:10,4501.0810300264
12-06-2024 21:54:10,4503.17272170701
12-06-2024 22:04:10,4506.49447017258
12-06-2024 22:14:10,4511.99215565594
12-06-2024 22:24:10,4512.38250036427
12-06-2024 22:34:10,4517.69183476561
12-06-2024 22:44:10,4517.89122626112
12-06-2024 22:54:10,4524.24134129205
12-06-2024 23:04:10,4525.29534379857
12-06-2024 23:14:10,4529.75107705343
12-06-2024 23:24:10,4529.57633963953
12-06-2024 23:34:10,4532.42836943431
12-06-2024 23:44:10,4534.51614845227
12-06-2024 23:54:10,4535.00453367851
12-07-2024 00:04:10,4535.67826902177
12-07-2024 00:14:10,4535.78499042976
12-07-2024 00:24:10,4539.57901568949
12-07-2024 00:34:10,4540.34784991254
12-07-2024 00:44:10,4538.94289325864
12-07-2024 00:54:10,4540.84656409666
12-07-2024 01:04:10,4542.93931943382
12-07-2024 01:14:10,4543.8980956523
12-07-2024 01:24:10,4546.18000288364
12-07-2024 01:34:10,4544.87141199447
12-07-2024 01:44:10,4549.69904775204
12-07-2024 01:54:10,4546.12400565002
12-07-2024 02:04:10,4545.00578074703
12-07-2024 02:14:10,4545.0110101565
12-07-2024 02:24:10,4547.19346758562
12-07-2024 02:34:10,4544.09394874922
12-07-2024 02:44:10,4548.4478974966
12-07-2024 02:54:10,4546.94887380865
12-07-2024 03:04:10,4543.56843725172
12-07-2024 03:14:10,4543.58097049657
12-07-2024 03:24:10,4542.46160018355
12-07-2024 03:34:10,4545.49914936771
12-07-2024 03:44:10,4548.62517551969
12-07-2024 03:54:10,4546.9405179066
12-07-2024 04:04:10,4545.82807257685
12-07-2024 04:14:10,4545.08222818675
12-07-2024 04:24:10,4544.53659838574
12-07-2024 04:34:10,4542.10059386088
12-07-2024 04:44:10,4542.6870913825
12-07-2024 04:54:10,4542.70835948501
12-07-2024 05:04:10,4544.420709076
12-07-2024 05:14:10,4541.61022518918
12-07-2024 05:24:10,4544.45901337602
12-07-2024 05:34:10,4539.29481029088
12-07-2024 05:44:10,4538.94126961103
12-07-2024 05:54:10,4538.48863516434
12-07-2024 06:04:10,4536.91693251732
12-07-2024 06:14:10,4534.58206207993
12-07-2024 06:24:10,4535.92524801853
12-07-2024 06:34:10,4531.52546188704
12-07-2024 06:44:10,4532.5819660669
12-07-2024 06:54:10,4533.36117999523
12-07-2024 07:04:10,4533.19942526608
12-07-2024 07:14:10,4532.84982743287
12-07-2024 07:24:10,4532.69396976265
12-07-2024 07:34:10,4534.50436125681
12-07-2024 07:44:10,4531.89760591746
12-07-2024 07:54:10,4530.5197410498
12-07-2024 08:04:10,4527.7309020109
12-07-2024 08:14:10,4529.54800124464
12-07-2024 08:24:10,4528.26553770878
12-07-2024 08:34:10,4524.54194418406
12-07-2024 08:44:10,4521.28429285641
12-07-2024 08:54:10,4518.97228291893
12-07-2024 09:04:10,4516.46803176416
12-07-2024 09:14:10,4515.0974503086
12-07-2024 09:24:10,4514.9506051941
12-07-2024 09:34:10,4513.58062837016
12-07-2024 09:44:10,4510.04971634691
12-07-2024 09:54:10,4505.58019425158
12-07-2024 10:04:10,4501.86262663582
12-07-2024 10:14:10,4494.85230237369
12-07-2024 10:24:10,4491.98680084009
12-07-2024 10:34:10,4490.7225040893
12-07-2024 10:44:10,4487.28787893899
12-07-2024 10:54:10,4484.13399273461
12-07-2024 11:04:10,4482.10556058255
12-07-2024 11:14:10,4478.09531296808
12-07-2024 11:24:10,4475.30990845064
12-07-2024 11:34:10,4471.86243613807
12-07-2024 11:44:10,4470.3984822315
12-07-2024 11:54:10,4468.74537718331
12-07-2024 12:04:10,4465.2011858237
12-07-2024 12:14:10,4465.43783750283
12-07-2024 12:24:10,4466.14711015165
12-07-2024 12:34:10,4466.66780700993
12-07-2024 12:44:10,4465.67660132124
12-07-2024 12:54:10,4464.49561850444
12-07-2024 13:04:10,4463.88253310169
12-07-2024 13:14:10,4463.6497934829
12-07-2024 13:24:10,4461.61860100051
12-07-2024 13:34:10,4461.19766721179
12-07-2024 13:44:10,4459.07156329005
12-07-2024 13:54:10,4460.63848386537
12-07-2024 14:04:10,4457.47084999026
12-07-2024 14:14:10,4460.64867139671
12-07-2024 14:24:10,4456.62831035324
12-07-2024 14:34:10,4456.39710292398
12-07-2024 14:44:10,4455.69262307638
12-07-2024 14:54:10,4456.40970482803
12-07-2024 15:04:10,4456.46407786079
12-07-2024 15:14:10,4455.76036157777
12-07-2024 15:24:10,4454.58368750901
12-07-2024 15:34:10,4454.16544651978
12-07-2024 15:44:10,4455.16924538245
12-07-2024 15:54:10,4453.61450878847
12-07-2024 16:04:10,4454.43025069868
12-07-2024 16:14:10,4454.67734659963
12-07-2024 16:24:10,4457.48487632722
12-07-2024 16:34:10,4460.29329744798
12-07-2024 16:44:10,4463.29099819666
12-07-2024 16:54:10,4470.27336041399
12-07-2024 17:04:10,4475.73763922346
12-07-2024 17:14:10,4479.49544650024
12-07-2024 17:24:10,4483.06113597084
12-07-2024 17:34:10,4489.09512740669
12-07-2024 17:44:10,4493.3205380683
12-07-2024 17:54:10,4496.22581325766
12-07-2024 18:04:10,4497.32613891594
12-07-2024 18:14:10,4499.37032165169
12-07-2024 18:24:10,4504.35667877044
12-07-2024 18:34:10,4504.2157927231
12-07-2024 18:44:10,4508.72719826912
12-07-2024 18:54:10,4510.48044426872
12-07-2024 19:04:10,4510.16004525173
12-07-2024 19:14:10,4513.62302122859
12-07-2024 19:24:10,4512.06672667329
12-07-2024 19:34:10,4513.15663141111
12-07-2024 19:44:10,4511.50695834249
12-07-2024 19:54:10,4512.97566192138
12-07-2024 20:04:10,4512.17880806103
12-07-2024 20:14:10,4508.44983808203
12-07-2024 20:24:10,4504.14988325011
12-07-2024 20:34:10,4506.84954406035
12-07-2024 20:44:10,4503.97052594555
12-07-2024 20:54:10,4503.93353515923
12-07-2024 21:04:10,4499.45032125751
12-07-2024 21:14:10,4503.47758885378
12-07-2024 21:24:10,4504.10293118661
12-07-2024 21:34:10,4503.02815267468
12-07-2024 21:44:10,4502.14784915244
12-07-2024 21:54:10,4502.59025902417
12-07-2024 22:04:10,4506.71599604394
12-07-2024 22:14:10,4506.02556806878
12-07-2024 22:24:10,4508.91810661133
12-07-2024 22:34:10,4511.63283887757
12-07-2024 22:44:10,4515.5753793633
12-07-2024 22:54:10,4512.80894741705
12-07-2024 23:04:10,4512.9756746329
12-07-2024 23:14:10,4515.78623450889
12-07-2024 23:24:10,4518.49638056887
12-07-2024 23:34:10,4516.58749450063
12-07-2024 23:44:10,4518.83265045529
12-07-2024 23:54:10,4518.71169835858
12-08-2024 00:04:10,4521.42945252196
12-08-2024 00:14:10,4521.68661270275
12-08-2024 00:24:10,4522.22723743022
12-08-2024 00:34:10,4522.86942868502
12-08-2024 00:44:10,4518.41556093581
12-08-2024 00:54:10,4519.42939871512
12-08-2024 01:04:10,4521.00963711839
12-08-2024 01:14:10,4516.64547647609
12-08-2024 01:24:10,4519.17666537646
12-08-2024 01:34:10,4518.5810278553
12-08-2024 01:44:10,4518.46426897369
12-08-2024 01:54:10,4520.04581346016
12-08-2024 02:04:10,4519.45808675264
12-08-2024 02:14:10,4516.31105660565
12-08-2024 02:24:10,4518.08180499752
12-08-2024 02:34:10,4518.05441128501
12-08-2024 02:44:10,4520.66674653739
12-08-2024 02:54:10,4518.84886455904
12-08-2024 03:04:10,4517.21351852088
12-08-2024 03:14:10,4516.71647216387
12-08-2024 03:24:10,4516.60350517876
12-08-2024 03:34:10,4516.29571811742
12-08-2024 03:44:10,4513.62726778646
12-08-2024 03:54:10,4514.1680849161
12-08-2024 04:04:10,4515.08563096313
12-08-2024 04:14:10,4512.89036103544
12-08-2024 04:24:10,4513.62016407746
12-08-2024 04:34:10,4516.98465763477
12-08-2024 04:44:10,4514.32745133813
12-08-2024 04:54:10,4512.69267917347
12-08-2024 05:04:10,4511.91198411949
12-08-2024 05:14:10,4510.66847684679
12-08-2024 05:24:10,4509.04967274758
12-08-2024 05:34:10,4507.90161135575
12-08-2024 05:44:10,4507.21769097213
12-08-2024 05:54:10,4507.28590394605
12-08-2024 06:04:10,4506.04580843412
12-08-2024 06:14:10,4502.83421657779
12-08-2024 06:24:10,4499.0605239087
12-08-2024 06:34:10,4501.48475675703
12-08-2024 06:44:10,4503.72083765628
12-08-2024 06:54:10,4501.16984664341
12-08-2024 07:04:10,4498.91333126624
12-08-2024 07:14:10,4498.13539446937
12-08-2024 07:24:10,4498.97068192196
12-08-2024 07:34:10,4495.10978224747
12-08-2024 07:44:10,4492.66281156625
12-08-2024 07:54:10,4489.17956266859
12-08-2024 08:04:10,4491.98042067127
12-08-2024 08:14:10,4488.32200209975
12-08-2024 08:24:10,4487.75847292246
12-08-2024 08:34:10,4486.35657026395
12-08-2024 08:44:10,4496.67222317768
12-08-2024 08:54:10,4484.57507787093
12-08-2024 09:04:10,4482.236288618
12-08-2024 09:14:10,4479.80855978501
12-08-2024 09:24:10,4477.56361718798
12-08-2024 09:34:10,4472.60241610077
12-08-2024 09:44:10,4470.65120931575
12-08-2024 09:54:10,4466.35243671406
12-08-2024 10:04:10,4461.77341563348
12-08-2024 10:14:10,4458.69802944579
12-08-2024 10:24:10,4456.75166699141
12-08-2024 10:34:10,4449.91032740783
12-08-2024 10:44:10,4447.76804098036
12-08-2024 10:54:10,4442.61213551706
12-08-2024 11:04:10,4436.60114636971
12-08-2024 11:14:10,4431.24643001006
12-08-2024 11:24:10,4428.14922508402
12-08-2024 11:34:10,4423.07144268464
12-08-2024 11:44:10,4417.89836877525
12-08-2024 11:54:10,4417.15464572781
12-08-2024 12:04:10,4410.28270176163
12-08-2024 12:14:10,4407.55805027168
12-08-2024 12:24:10,4403.1361911233
12-08-2024 12:34:10,4404.75029201907
12-08-2024 12:44:10,4402.02560030949
12-08-2024 12:54:10,4400.43332093123
12-08-2024 13:04:10,4401.67111719913
12-08-2024 13:14:10,4398.47576401982
12-08-2024 13:24:10,4397.16526476159
12-08-2024 13:34:10,4393.87396013849
12-08-2024 13:44:10,4393.22621121918
12-08-2024 13:54:10,4393.05074853796
12-08-2024 14:04:10,4392.59127672417
12-08-2024 14:14:10,4390.33967982111
12-08-2024 14:24:10,4392.80894592946
12-08-2024 14:34:10,4391.8810892822
12-08-2024 14:44:10,4393.692772064
12-08-2024 14:54:10,4391.53725434184
12-08-2024 15:04:10,4392.02803761282
12-08-2024 15:14:10,4389.59135543122
12-08-2024 15:24:10,4388.19357223034
12-08-2024 15:34:10,4389.06199023562
12-08-2024 15:44:10,4389.17555781521
12-08-2024 15:54:10,4386.26697154338
12-08-2024 16:04:10,4383.07860356702
12-08-2024 16:14:10,4383.76152127992
12-08-2024 16:24:10,4384.53592832754
12-08-2024 16:34:10,4380.21628438751
12-08-2024 16:44:10,4381.74830816292
12-08-2024 16:54:10,4379.59911823689
12-08-2024 17:04:10,4378.67754952103
12-08-2024 17:14:10,4381.06041678566
12-08-2024 17:24:10,4378.24971360868
12-08-2024 17:34:10,4379.21934176531
12-08-2024 17:44:10,4381.50738749197
12-08-2024 17:54:10,4381.91114890017
12-08-2024 18:04:10,4382.78414617095
12-08-2024 18:14:10,4383.18859589346
12-08-2024 18:24:10,4387.36796329017
12-08-2024 18:34:10,4387.11204473057
12-08-2024 18:44:10,4386.10025769423
12-08-2024 18:54:10,4391.22524000042
12-08-2024 19:04:10,4390.78065319062
12-08-2024 19:14:10,4390.52525144395
12-08-2024 19:24:10,4391.40218892682
12-08-2024 19:34:10,4391.61957954647
12-08-2024 19:44:10,4389.4775456395
12-08-2024 19:54:10,4387.71442976183
12-08-2024 20:04:10,4388.87688478295
12-08-2024 20:14:10,4385.60359663618
12-08-2024 20:24:10,4388.65460243043
12-08-2024 20:34:10,4391.98970848738
12-08-2024 20:44:10,4387.58449339315
12-08-2024 20:54:10,4388.18191244592
12-08-2024 21:04:10,4386.51514579891
12-08-2024 21:14:10,4387.20781193187
12-08-2024 21:24:10,4389.59976024685
12-08-2024 21:34:10,4389.91605111417
12-08-2024 21:44:10,4393.06541052908
12-08-2024 21:54:10,4396.1217675713
12-08-2024 22:04:10,4394.07821261156
12-08-2024 22:14:10,4400.06626040159
12-08-2024 22:24:10,4401.89844039269
12-08-2024 22:34:10,4406.37990650503
12-08-2024 22:44:10,4403.866137123
12-08-2024 22:54:10,4408.44431028031
12-08-2024 23:04:10,4408.76894357481
12-08-2024 23:14:10,4410.32427060444
12-08-2024 23:24:10,4412.44731228783
12-08-2024 23:34:10,4412.58392774295
12-08-2024 23:44:10,4413.66916057574
12-08-2024 23:54:10,4414.56446392954
12-10-2024 00:04:10,4470.92620062342
12-10-2024 00:14:10,4466.38461296222
12-10-2024 00:24:10,4470.07012129885
12-10-2024 00:34:10,4472.90454926857
12-10-2024 00:44:10,4484.52158966271
12-10-2024 00:54:10,4479.68967998076
12-10-2024 01:04:10,4480.91677203492
12-10-2024 01:14:10,4481.00094665513
12-10-2024 01:24:10,4481.36889237213
12-10-2024 01:34:10,4483.15406485618
12-10-2024 01:44:10,4479.54631829224
12-10-2024 01:54:10,4481.9075809817
12-10-2024 02:04:10,4482.09699164945
12-10-2024 02:14:10,4481.1445086221
12-10-2024 02:24:10,4483.2041439646
12-10-2024 02:34:10,4480.92206114467
12-10-2024 02:44:10,4476.38579784694
12-10-2024 02:54:10,4479.1066245905
12-10-2024 03:04:10,4482.0244763785
12-10-2024 03:14:10,4481.16025372485
12-10-2024 03:24:10,4479.54252904874
12-10-2024 03:34:10,4477.46358419896
12-10-2024 03:44:10,4477.44111760959
12-10-2024 03:54:10,4474.97841881664
12-10-2024 04:04:10,4474.21264244415
12-10-2024 04:14:10,4472.12915291387
12-10-2024 04:24:10,4470.04694647266
12-10-2024 04:34:10,4467.76944101801
12-10-2024 04:44:10,4467.10148241187
12-10-2024 04:54:10,4466.15192751666
12-10-2024 05:04:10,4461.43299278374
12-10-2024 05:14:10,4459.54560610333
12-10-2024 05:24:10,4456.91491483599
12-10-2024 05:34:10,4455.10908503403
12-10-2024 05:44:10,4454.73628185714
12-10-2024 05:54:10,4453.23655546243
12-10-2024 06:04:10,4451.05862256063
12-10-2024 06:14:10,4451.99509200064
12-10-2024 06:24:10,4452.17323674834
12-10-2024 06:34:10,4454.79131839844
12-10-2024 06:44:10,4455.25055225042
12-10-2024 06:54:10,4452.25459157638
12-10-2024 07:04:10,4452.71503233256
12-10-2024 07:14:10,4449.33940844673
12-10-2024 07:24:10,4450.37779676054
12-10-2024 07:34:10,4448.58357141834
12-10-2024 07:44:10,4449.42771053257
12-10-2024 07:54:10,4448.94645237905
12-10-2024 08:04:10,4446.70131583092
12-10-2024 08:14:10,4444.63791445131
12-10-2024 08:24:10,4440.53729242939
12-10-2024 08:34:10,4439.33203127203
12-10-2024 08:44:10,4436.4497771306
12-10-2024 08:54:10,4431.69729486023
12-10-2024 09:04:10,4427.88697662605
12-10-2024 09:14:10,4425.10614906893
12-10-2024 09:24:10,4423.36009867051
12-10-2024 09:34:10,4421.80135475913
12-10-2024 09:44:10,4419.96209089037
12-10-2024 09:54:10,4417.00001600566
12-10-2024 10:04:10,4417.5104722598
12-10-2024 10:14:10,4410.8214616092
12-10-2024 10:24:10,4410.77428074832
12-10-2024 10:34:10,4410.54460140824
12-10-2024 10:44:10,4404.03493081574
12-10-2024 10:54:10,4399.30253439589
12-10-2024 11:04:10,4395.49853852125
12-10-2024 11:14:10,4390.28607904281
12-10-2024 11:24:10,4390.13887536118
12-10-2024 11:34:10,4392.80151643109
12-10-2024 11:44:10,4390.8693494434
12-10-2024 11:54:10,4392.40716236332
12-10-2024 12:04:10,4388.87658436556
12-10-2024 12:14:10,4390.03983679283
12-10-2024 12:24:10,4385.56790301828
12-10-2024 12:34:10,4387.01073290854
12-10-2024 12:44:10,4388.64173246147
12-10-2024 12:54:10,4391.30580898886
12-10-2024 13:04:10,4389.27636848857
12-10-2024 13:14:10,4390.4422954043
12-10-2024 13:24:10,4387.75922895196
12-10-2024 13:34:10,4385.82463418245
12-10-2024 13:44:10,4383.1418737714
12-10-2024 13:54:10,4381.87022749567
12-10-2024 14:04:10,4377.87254124625
12-10-2024 14:14:10,4382.89181069936
12-10-2024 14:24:10,4383.11895547053
12-10-2024 14:34:10,4382.03405296529
12-10-2024 14:44:10,4384.51376648292
12-10-2024 14:54:10,4387.46310060466
12-10-2024 15:04:10,4385.05927042495
12-10-2024 15:14:10,4385.10059232797
12-10-2024 15:24:10,4388.05061667413
12-10-2024 15:34:10,4387.34149292511
12-10-2024 15:44:10,4389.53753283642
12-10-2024 15:54:10,4387.04235083597
12-10-2024 16:04:10,4392.24598183553
12-10-2024 16:14:10,4392.94685761419
12-10-2024 16:24:10,4394.58332311101
12-10-2024 16:34:10,4397.53787533271
12-10-2024 16:44:10,4399.73784767292
12-10-2024 16:54:10,4402.21944937494
12-10-2024 17:04:10,4405.73341774186
12-10-2024 17:14:10,4410.65976919379
12-10-2024 17:24:10,4412.85476677028
12-10-2024 17:34:10,4417.68733970986
12-10-2024 17:44:10,4421.76388647112
12-10-2024 17:54:10,4423.02555536065
12-10-2024 18:04:10,4426.5328434087
12-10-2024 18:14:10,4427.22564019787
12-10-2024 18:24:10,4429.51921953305
12-10-2024 18:34:10,4430.11838638505
12-10-2024 18:44:10,4428.84893129023
12-10-2024 18:54:10,4429.1675631468
12-10-2024 19:04:10,4430.04888885229
12-10-2024 19:14:10,4429.98663489924
12-10-2024 19:24:10,4431.61125233391
12-10-2024 19:34:10,4433.61017475976
12-10-2024 19:44:10,4433.55496341871
12-10-2024 19:54:10,4433.60055376383
12-10-2024 20:04:10,4437.67324157569
12-10-2024 20:14:10,4439.49840854331
12-10-2024 20:24:10,4438.78848292292
12-10-2024 20:34:10,4441.83836628703
12-10-2024 20:44:10,4439.63848623345
12-10-2024 20:54:10,4440.82400377912
12-10-2024 21:04:10,4441.34729695268
12-10-2024 21:14:10,4441.12201664189
12-10-2024 21:24:10,4443.32376078305
12-10-2024 21:34:10,4441.98341890872
12-10-2024 21:44:10,4438.48256244076
12-10-2024 21:54:10,4441.81661540053
12-10-2024 22:04:10,4438.87832337208
12-10-2024 22:14:10,4439.58439140276
12-10-2024 22:24:10,4440.2981672685
12-10-2024 22:34:10,4441.09847952258
12-10-2024 22:44:10,4440.30038894044
12-10-2024 22:54:10,4437.63854424696
12-10-2024 23:04:10,4438.06566198968
12-10-2024 23:14:10,4437.55737094174
12-10-2024 23:24:10,4433.29993491074
12-10-2024 23:34:10,4433.44776389151
12-10-2024 23:44:10,4433.02774672612
12-10-2024 23:54:10,4432.33455785257
12-15-2024 00:04:10,4732.61524439892
12-15-2024 00:14:10,4731.24522184478
12-15-2024 00:24:10,4730.97998787831
12-15-2024 00:34:10,4727.65997864749
12-15-2024 00:44:10,4724.6540107287
12-15-2024 00:54:10,4723.94680920382
12-15-2024 01:04:10,4723.46472531067
12-15-2024 01:14:10,4717.46373610937
12-15-2024 01:24:10,4718.80823731485
12-15-2024 01:34:10,4721.69511553422
12-15-2024 01:44:10,4715.76003638928
12-15-2024 01:54:10,4720.66259977251
12-15-2024 02:04:10,4720.40140404654
12-15-2024 02:14:10,4721.11546024271
12-15-2024 02:24:10,4722.30292400867
12-15-2024 02:34:10,4720.46414679766
12-15-2024 02:44:10,4723.6096832171
12-15-2024 02:54:10,4718.810238163
12-15-2024 03:04:10,4722.80789175653
12-15-2024 03:14:10,4721.95277675495
12-15-2024 03:24:10,4722.23310609478
12-15-2024 03:34:10,4715.96003465658
12-15-2024 03:44:10,4718.13266673868
12-15-2024 03:54:10,4709.87725854679
12-15-2024 04:04:10,4705.05548665201
12-15-2024 04:14:10,4700.01839216389
12-15-2024 04:24:10,4698.57433958763
12-15-2024 04:34:10,4695.05246232185
12-15-2024 04:44:10,4688.92823824917
12-15-2024 04:54:10,4683.92541536231
12-15-2024 05:04:10,4681.23299999327
12-15-2024 05:14:10,4675.89886460254
12-15-2024 05:24:10,4678.993752237
12-15-2024 05:34:10,4675.07866805222
12-15-2024 05:44:10,4680.43799418331
12-15-2024 05:54:10,4677.9144295156
12-15-2024 06:04:10,4679.40490506281
12-15-2024 06:14:10,4680.70677784669
12-15-2024 06:24:10,4677.45745619583
12-15-2024 06:34:10,4677.13205714083
12-15-2024 06:44:10,4677.11545870619
12-15-2024 06:54:10,4673.51863815415
12-15-2024 07:04:10,4671.31156634222
12-15-2024 07:14:10,4667.90629362212
12-15-2024 07:24:10,4668.71574849642
12-15-2024 07:34:10,4664.53537553444
12-15-2024 07:44:10,4661.72360844055
12-15-2024 07:54:10,4659.24120172523
12-15-2024 08:04:10,4656.73773196468
12-15-2024 08:14:10,4652.09365103092
12-15-2024 08:24:10,4644.20509086496
12-15-2024 08:34:10,4638.50451591767
12-15-2024 08:44:10,4636.05319256188
12-15-2024 08:54:10,4634.3996891093
12-15-2024 09:04:10,4628.06425825393
12-15-2024 09:14:10,4625.94101755069
12-15-2024 09:24:10,4621.2989216434
12-15-2024 09:34:10,4619.97092571069
12-15-2024 09:44:10,4617.58682543926
12-15-2024 09:54:10,4609.93197707637
12-15-2024 10:04:10,4606.45774992194
12-15-2024 10:14:10,4603.66109724408
12-15-2024 10:24:10,4598.22548015729
12-15-2024 10:34:10,4590.75120377394
12-15-2024 10:44:10,4584.85502316466
12-15-2024 10:54:10,4578.48308966477
12-15-2024 11:04:10,4570.20250462597
12-15-2024 11:14:10,4563.06621430011
12-15-2024 11:24:10,4555.97119109496
12-15-2024 11:34:10,4550.4948855109
12-15-2024 11:44:10,4543.39597172297
12-15-2024 11:54:10,4539.52107820758
12-15-2024 12:04:10,4535.36134204654
12-15-2024 12:14:10,4527.97341556223
12-15-2024 12:24:10,4523.41864830574
12-15-2024 12:34:10,4519.88934022946
12-15-2024 12:44:10,4514.75311451373
12-15-2024 12:54:10,4510.66872027968
12-15-2024 13:04:10,4501.7381053059
12-15-2024 13:14:10,4494.05916137456
12-15-2024 13:24:10,4487.41839252527
12-15-2024 13:34:10,4480.20852302737
12-15-2024 13:44:10,4478.10457344359
12-15-2024 13:54:10,4469.09436927541
12-15-2024 14:04:10,4463.38457821447
12-15-2024 14:14:10,4460.60742956369
12-15-2024 14:24:10,4455.08614678599
12-15-2024 14:34:10,4451.45703793452
12-15-2024 14:44:10,4451.14793232011
12-15-2024 14:54:10,4453.00038795543
12-15-2024 15:04:10,4448.9928454774
12-15-2024 15:14:10,4445.44368412548
12-15-2024 15:24:10,4443.14012144814
12-15-2024 15:34:10,4442.53337786349
12-15-2024 15:44:10,4439.84467967766
12-15-2024 15:54:10,4438.38688361433
12-15-2024 16:04:10,4432.57545976786
12-15-2024 16:14:10,4435.37787588523
12-15-2024 16:24:10,4433.82666421946
12-15-2024 16:34:10,4431.12154336544
12-15-2024 16:44:10,4428.33540346824
12-15-2024 16:54:10,4426.96356023891
12-15-2024 17:04:10,4423.97889874443
12-15-2024 17:14:10,4421.20127565471
12-15-2024 17:24:10,4417.00022400373
12-15-2024 17:34:10,4416.67776674642
12-15-2024 17:44:10,4412.66770656681
12-15-2024 17:54:10,4412.43642549924
12-15-2024 18:04:10,4407.19940985651
12-15-2024 18:14:10,4407.91522746991
12-15-2024 18:24:10,4402.10969158903
12-15-2024 18:34:10,4403.11823997154
12-15-2024 18:44:10,4406.1983556568
12-15-2024 18:54:10,4403.5142826638
12-15-2024 19:04:10,4404.8033048171
12-15-2024 19:14:10,4403.62855239563
12-15-2024 19:24:10,4402.46234358898
12-15-2024 19:34:10,4403.0911823869
12-15-2024 19:44:10,4403.99981899626
12-15-2024 19:54:10,4402.26501857836
12-15-2024 20:04:10,4403.55582319969
12-15-2024 20:14:10,4401.4412043405
12-15-2024 20:24:10,4403.39323101958
12-15-2024 20:34:10,4411.8526727398
12-15-2024 20:44:10,4416.25293474898
12-15-2024 20:54:10,4417.82705443681
12-15-2024 21:04:10,4417.32121586275
12-15-2024 21:14:10,4419.55111281901
12-15-2024 21:24:10,4418.10788694266
12-15-2024 21:34:10,4425.90135011784
12-15-2024 21:44:10,4425.68457294011
12-15-2024 21:54:10,4420.27802159964
12-15-2024 22:04:10,4421.18880124223
12-15-2024 22:14:10,4423.80646487109
12-15-2024 22:24:10,4420.67486039583
12-15-2024 22:34:10,4421.40325086785
12-15-2024 22:44:10,4420.43559956461
12-15-2024 22:54:10,4423.05454035459
12-15-2024 23:04:10,4424.16601008183
12-15-2024 23:14:10,4423.39303786005
12-15-2024 23:24:10,4424.97138287955
12-15-2024 23:34:10,4423.4403893466
12-15-2024 23:44:10,4421.25537206989
12-15-2024 23:54:10,4427.3575604749
12-16-2024 00:04:10,4426.0215382978
12-16-2024 00:14:10,4426.93674499547
12-16-2024 00:24:10,4426.73225977498
12-16-2024 00:34:10,4426.89979797916
12-16-2024 00:44:10,4430.36448960434
12-16-2024 00:54:10,4432.88723918752
12-16-2024 01:04:10,4432.10823380592
12-16-2024 01:14:10,4433.30722314257
12-16-2024 01:24:10,4433.94714109585
12-16-2024 01:34:10,4434.67581890203
12-16-2024 01:44:10,4434.75160937693
12-16-2024 01:54:10,4437.74557946331
12-16-2024 02:04:10,4438.00429601198
12-16-2024 02:14:10,4436.66382852064
12-16-2024 02:24:10,4439.28152008617
12-16-2024 02:34:10,4439.07093515418
12-16-2024 02:44:10,4438.67869620841
12-16-2024 02:54:10,4437.91072939446
12-16-2024 03:04:10,4441.36944478965
12-16-2024 03:14:10,4440.40825247028
12-16-2024 03:24:10,4438.79560222336
12-16-2024 03:34:10,4440.19208180159
12-16-2024 03:44:10,4440.74272824791
12-16-2024 03:54:10,4442.79772550183
12-16-2024 04:04:10,4444.37664030209
12-16-2024 04:14:10,4447.45908191763
12-16-2024 04:24:10,4450.54774224231
12-16-2024 04:34:10,4450.25392625643
12-16-2024 04:44:10,4450.79946608957
12-16-2024 04:54:10,4452.37852092844
12-16-2024 05:04:10,4453.30700250189
12-16-2024 05:14:10,4451.88792957221
12-16-2024 05:24:10,4451.31467557243
12-16-2024 05:34:10,4452.89488513488
12-16-2024 05:44:10,4452.51035151924
12-16-2024 05:54:10,4452.50853439804
12-16-2024 06:04:10,4454.84053963902
12-16-2024 06:14:10,4456.60916374565
12-16-2024 06:24:10,4461.20764661803
12-16-2024 06:34:10,4458.37763928263
12-16-2024 06:44:10,4459.40309137287
12-16-2024 06:54:10,4462.01658471902
12-16-2024 07:04:10,4462.94122082332
12-16-2024 07:14:10,4460.12147349833
12-16-2024 07:24:10,4462.36743348819
12-16-2024 07:34:10,4461.60509289526
12-16-2024 07:44:10,4462.72606315948
12-16-2024 07:54:10,4467.59790237312
12-16-2024 08:04:10,4459.4371063037
12-16-2024 08:14:10,4461.12896074138
12-16-2024 08:24:10,4458.78268606789
12-16-2024 08:34:10,4459.53774453389
12-16-2024 08:44:10,4457.38694241362
12-16-2024 08:54:10,4452.24294444077
12-16-2024 09:04:10,4453.75586138635
12-16-2024 09:14:10,4450.8558225584
12-16-2024 09:24:10,4445.71171599969
12-16-2024 09:34:10,4446.01229009886
12-16-2024 09:44:10,4443.59309643903
12-16-2024 09:54:10,4440.33462164041
12-16-2024 10:04:10,4433.60770428181
12-16-2024 10:14:10,4422.55453154839
12-16-2024 10:24:10,4417.70093193959
12-16-2024 10:34:10,4410.77717762818
12-16-2024 10:44:10,4407.7955222322
12-16-2024 10:54:10,4403.87172782558
12-16-2024 11:04:10,4399.85116769626
12-16-2024 11:14:10,4395.91799586436
12-16-2024 11:24:10,4390.00741253042
12-16-2024 11:34:10,4385.31681971899
12-16-2024 11:44:10,4382.31933208102
12-16-2024 11:54:10,4385.06354039346
12-16-2024 12:04:10,4383.57126048727
12-16-2024 12:14:10,4383.49321790171
12-16-2024 12:24:10,4383.88358688449
12-16-2024 12:34:10,4382.10938068572
12-16-2024 12:44:10,4386.36160407768
12-16-2024 12:54:10,4384.87172717545
12-16-2024 13:04:10,4382.53318106231
12-16-2024 13:14:10,4377.74546777696
12-16-2024 13:24:10,4372.76899006394
12-16-2024 13:34:10,4370.05305648242
12-16-2024 13:44:10,4363.47446931347
12-16-2024 13:54:10,4357.83613408017
12-16-2024 14:04:10,4355.6850452937
12-16-2024 14:14:10,4353.15858476673
12-16-2024 14:24:10,4351.76175360387
12-16-2024 14:34:10,4350.45934799119
12-16-2024 14:44:10,4349.91123898708
12-16-2024 14:54:10,4352.09901612448
12-16-2024 15:04:10,4343.91578423483
12-16-2024 15:14:10,4346.57589393687
12-16-2024 15:24:10,4345.08847450421
12-16-2024 15:34:10,4341.52491055447
12-16-2024 15:44:10,4340.88669413793
12-16-2024 15:54:10,4343.5461756178
12-16-2024 16:04:10,4340.36028115704
12-16-2024 16:14:10,4339.34600137022
12-16-2024 16:24:10,4339.36652485033
12-16-2024 16:34:10,4338.44435894205
12-16-2024 16:44:10,4342.05218641934
12-16-2024 16:54:10,4342.73690090141
12-16-2024 17:04:10,4347.57154789832
12-16-2024 17:14:10,4347.03109278986
12-16-2024 17:24:10,4348.75663929893
12-16-2024 17:34:10,4351.99303935878
12-16-2024 17:44:10,4354.28439249528
12-16-2024 17:54:10,4356.48157082474
12-16-2024 18:04:10,4355.47210811037
12-16-2024 18:14:10,4358.32818529408
12-16-2024 18:24:10,4360.90186075891
12-16-2024 18:34:10,4361.77906349907
12-16-2024 18:44:10,4364.07192994173
12-16-2024 18:54:10,4367.30651317314
12-16-2024 19:04:10,4370.63648708448
12-16-2024 19:14:10,4371.42232389181
12-16-2024 19:24:10,4374.56366207374
12-16-2024 19:34:10,4375.44308878693
12-16-2024 19:44:10,4377.4540167207
12-16-2024 19:54:10,4378.33443012706
12-16-2024 20:04:10,4381.8531493691
12-16-2024 20:14:10,4388.00908277268
12-16-2024 20:24:10,4385.96949317514
12-16-2024 20:34:10,4390.5236277514
12-16-2024 20:44:10,4390.55667077349
12-16-2024 20:54:10,4396.33436636471
12-16-2024 21:04:10,4397.59131465876
12-16-2024 21:14:10,4400.82641488754
12-16-2024 21:24:10,4400.67418869878
12-16-2024 21:34:10,4408.42783769159
12-16-2024 21:44:10,4409.7825159589
12-16-2024 21:54:10,4415.27924665294
12-16-2024 22:04:10,4415.9758526209
12-16-2024 22:14:10,4419.96464465621
12-16-2024 22:24:10,4425.74144143133
12-16-2024 22:34:10,4427.00389665087
12-16-2024 22:44:10,4428.92222064888
12-16-2024 22:54:10,4433.94598678002
12-16-2024 23:04:10,4435.77411974833
12-16-2024 23:14:10,4439.94690386219
12-16-2024 23:24:10,4442.71647187005
12-16-2024 23:34:10,4443.50630076271
12-16-2024 23:44:10,4444.67274114709
12-16-2024 23:54:10,4446.972805834
12-17-2024 00:04:10,4443.33822031289
12-17-2024 00:14:10,4445.82690925653
12-17-2024 00:24:10,4451.50906083952
12-17-2024 00:34:10,4450.89476678393
12-17-2024 00:44:10,4451.02366935601
12-17-2024 00:54:10,4450.40558773878
12-17-2024 01:04:10,4448.27914971446
12-17-2024 01:14:10,4448.79041176857
12-17-2024 01:24:10,4451.84003487528
12-17-2024 01:34:10,4450.65529298944
12-17-2024 01:44:10,4452.6712336781
12-17-2024 01:54:10,4450.92847111988
12-17-2024 02:04:10,4448.80607342813
12-17-2024 02:14:10,4452.22741935443
12-17-2024 02:24:10,4449.35051380764
12-17-2024 02:34:10,4454.27397976015
12-17-2024 02:44:10,4452.71783346144
12-17-2024 02:54:10,4454.06808317144
12-17-2024 03:04:10,4453.35353660284
12-17-2024 03:14:10,4452.92132192361
12-17-2024 03:24:10,4456.42974039765
12-17-2024 03:34:10,4452.62176142781
12-17-2024 03:44:10,4451.45045458144
12-17-2024 03:54:10,4450.93173315633
12-17-2024 04:04:10,4450.97172976059
12-17-2024 04:14:10,4448.86086462319
12-17-2024 04:24:10,4446.65740821327
12-17-2024 04:34:10,4449.22962122194
12-17-2024 04:44:10,4446.18481257642
12-17-2024 04:54:10,4446.60303854898
12-17-2024 05:04:10,4444.12263415371
12-17-2024 05:14:10,4441.83433038432
12-17-2024 05:24:10,4438.79442301394
12-17-2024 05:34:10,4436.22396596299
12-17-2024 05:44:10,4437.96014002763
12-17-2024 05:54:10,4433.61352258182
12-17-2024 06:04:10,4430.85933829545
12-17-2024 06:14:10,4428.85238278268
12-17-2024 06:24:10,4429.0939527754
12-17-2024 06:34:10,4426.81328877245
12-17-2024 06:44:10,4425.37069305801
12-17-2024 06:54:10,4424.02275677868
12-17-2024 07:04:10,4425.20367607309
12-17-2024 07:14:10,4421.98999836315
12-17-2024 07:24:10,4420.55326557547
12-17-2024 07:34:10,4419.58461694365
12-17-2024 07:44:10,4420.20654997818
12-17-2024 07:54:10,4417.18263657427
12-17-2024 08:04:10,4416.59133447601
12-17-2024 08:14:10,4412.45173667933
12-17-2024 08:24:10,4408.78012993525
12-17-2024 08:34:10,4401.09449583276
12-17-2024 08:44:10,4399.29242989337
12-17-2024 08:54:10,4395.06280101675
12-17-2024 09:04:10,4393.63462090074
12-17-2024 09:14:10,4388.0971126121
12-17-2024 09:24:10,4387.97660339977
12-17-2024 09:34:10,4378.23337677754
12-17-2024 09:44:10,4374.46723676388
12-17-2024 09:54:10,4374.15579194382
12-17-2024 10:04:10,4368.42295686314
12-17-2024 10:14:10,4365.48997878374
12-17-2024 10:24:10,4360.21091082125
12-17-2024 10:34:10,4359.14194168311
12-17-2024 10:44:10,4354.78862240757
12-17-2024 10:54:10,4351.65638639514
12-17-2024 11:04:10,4347.67868940188
12-17-2024 11:14:10,4342.85913470001
12-17-2024 11:24:10,4341.59971652752
12-17-2024 11:34:10,4338.2814457794
12-17-2024 11:44:10,4336.74925818295
12-17-2024 11:54:10,4334.64882864003
12-17-2024 12:04:10,4331.60937965713
12-17-2024 12:14:10,4331.38456116993
12-17-2024 12:24:10,4327.97389793122
12-17-2024 12:34:10,4325.97682711078
12-17-2024 12:44:10,4325.7576110821
12-17-2024 12:54:10,4323.2911443826
12-17-2024 13:04:10,4324.68103203368
12-17-2024 13:14:10,4322.96000148072
12-17-2024 13:24:10,4321.61449530763
12-17-2024 13:34:10,4320.36285620944
12-17-2024 13:44:10,4317.0441182292
12-17-2024 13:54:10,4315.70505135339
12-17-2024 14:04:10,4312.57349268063
12-17-2024 14:14:10,4308.97885692954
12-17-2024 14:24:10,4306.03424832579
12-17-2024 14:34:10,4304.68731434057
12-17-2024 14:44:10,4299.11735034701
12-17-2024 14:54:10,4294.58122301556
12-17-2024 15:04:10,4289.10442587837
12-17-2024 15:14:10,4283.89976377844
12-17-2024 15:24:10,4281.04544915247
12-17-2024 15:34:10,4275.28440710314
12-17-2024 15:44:10,4274.69716048001
12-17-2024 15:54:10,4269.97044303571
12-17-2024 16:04:10,4269.94800140925
12-17-2024 16:14:10,4268.23213517376
12-17-2024 16:24:10,4266.98691332569
12-17-2024 16:34:10,4264.7066208872
12-17-2024 16:44:10,4267.04928938196
12-17-2024 16:54:10,4263.18085411376
12-17-2024 17:04:10,4260.99537520215
12-17-2024 17:14:10,4258.92743467682
12-17-2024 17:24:10,4258.71895780783
12-17-2024 17:34:10,4255.9813103073
12-17-2024 17:44:10,4256.16182724963
12-17-2024 17:54:10,4252.76615749674
12-17-2024 18:04:10,4251.14681980865
12-17-2024 18:14:10,4248.12820890933
12-17-2024 18:24:10,4248.31036863118
12-17-2024 18:34:10,4248.59970640658
12-17-2024 18:44:10,4249.05243824393
12-17-2024 18:54:10,4249.04757905149
12-17-2024 19:04:10,4249.89028596633
12-17-2024 19:14:10,4252.42771261344
12-17-2024 19:24:10,4251.76519360392
12-17-2024 19:34:10,4250.53831799335
12-17-2024 19:44:10,4253.65415262554
12-17-2024 19:54:10,4255.82883008962
12-17-2024 20:04:10,4256.78024470035
12-17-2024 20:14:10,4257.63787029498
12-17-2024 20:24:10,4259.71902254236
12-17-2024 20:34:10,4265.55212688479
12-17-2024 20:44:10,4263.8582482241
12-17-2024 20:54:10,4264.51709313486
12-17-2024 21:04:10,4263.09446588425
12-17-2024 21:14:10,4262.71906886373
12-17-2024 21:24:10,4261.7674911813
12-17-2024 21:34:10,4262.32196046085
12-17-2024 21:44:10,4263.61795055383
12-17-2024 21:54:10,4270.38633564429
12-17-2024 22:04:10,4269.04833035112
12-17-2024 22:14:10,4274.58421206253
12-17-2024 22:24:10,4277.7785646815
12-17-2024 22:34:10,4281.33981494285
12-17-2024 22:44:10,4286.40966920803
12-17-2024 22:54:10,4289.89988515693
12-17-2024 23:04:10,4291.9675875558
12-17-2024 23:14:10,4297.90825129802
12-17-2024 23:24:10,4301.57911809077
12-17-2024 23:34:10,4308.07754842483
12-17-2024 23:44:10,4304.79567396396
12-17-2024 23:54:10,4304.81199642546
12-19-2024 00:04:10,1233.63049982983
12-19-2024 00:14:10,1231.64956314841
12-19-2024 00:24:10,1231.6507062747
12-19-2024 00:34:10,1240.9898299393
12-19-2024 00:44:10,1239.85783089301
12-19-2024 00:54:10,1241.08386544761
12-19-2024 01:04:10,1243.25247445811
12-19-2024 01:14:10,1247.21185262346
12-19-2024 01:24:10,1245.23138978684
12-19-2024 01:34:10,1245.5137418949
12-19-2024 01:44:10,1240.89417901395
12-19-2024 01:54:10,1246.73696356925
12-19-2024 02:04:10,1247.39540955097
12-19-2024 02:14:10,1255.96891453381
12-19-2024 02:24:10,1262.27470548807
12-19-2024 02:34:10,1257.84623383131
12-19-2024 02:44:10,1256.62049608962
12-19-2024 02:54:10,1260.94772763416
12-19-2024 03:04:10,1264.99450636875
12-19-2024 03:14:10,1270.44567625867
12-19-2024 03:24:10,1278.25475216285
12-19-2024 03:34:10,1279.93950984988
12-19-2024 03:44:10,1285.76262477697
12-19-2024 03:54:10,1284.15658527405
12-19-2024 04:04:10,1283.77019949217
12-19-2024 04:14:10,1287.62196983595
12-19-2024 04:24:10,1287.79895332845
12-19-2024 04:34:10,1283.65252809905
12-19-2024 04:44:10,1286.18300033877
12-19-2024 04:54:10,1286.82633847366
12-19-2024 05:04:10,1289.26125029787
12-19-2024 05:14:10,1289.15974151441
12-19-2024 05:24:10,1285.11098412629
12-19-2024 05:34:10,1286.32444290567
12-19-2024 05:44:10,1294.00586600977
12-19-2024 05:54:10,1298.7741628475
12-19-2024 06:04:10,1298.01467637437
12-19-2024 06:14:10,1297.53679980941
12-19-2024 06:24:10,1300.6133726796
12-19-2024 06:34:10,1299.75573216651
12-19-2024 06:44:10,1298.81378257392
12-19-2024 06:54:10,1295.71191989361
12-19-2024 07:04:10,1292.98175798481
12-19-2024 07:14:10,1296.62741027249
12-19-2024 07:24:10,1300.64665135241
12-19-2024 07:34:10,1296.33338097796
12-19-2024 07:44:10,1299.69619437566
12-19-2024 07:54:10,1296.60135183286
12-19-2024 08:04:10,1297.62702240387
12-19-2024 08:14:10,1296.4947082269
12-19-2024 08:24:10,1295.55847576862
12-19-2024 08:34:10,1288.25586259403
12-19-2024 08:44:10,1292.65615514795
12-19-2024 08:54:10,1290.50670013888
12-19-2024 09:04:10,1286.765084563
12-19-2024 09:14:10,1284.1466371287
12-19-2024 09:24:10,1285.46465871311
12-19-2024 09:34:10,1282.38045783324
12-19-2024 09:44:10,1277.5152721442
12-19-2024 09:54:10,1273.11968861888
12-19-2024 10:04:10,1271.63018002294
12-19-2024 10:14:10,1269.86544584516
12-19-2024 10:24:10,1264.71687605174
12-19-2024 10:34:10,1262.28977130373
12-19-2024 10:44:10,1262.30029035442
12-19-2024 10:54:10,1256.67340556802
12-19-2024 11:04:10,1254.70620568722
12-19-2024 11:14:10,1252.26637743284
12-19-2024 11:24:10,1249.82506775333
12-19-2024 11:34:10,1246.44094075906
12-19-2024 11:44:10,1244.1843812942
12-19-2024 11:54:10,1246.06780434665
12-19-2024 12:04:10,1244.37494328346
12-19-2024 12:14:10,1246.63589560008
12-19-2024 12:24:10,1249.74387407041
12-19-2024 12:34:10,1247.20205888161
12-19-2024 12:44:10,1252.19312722356
12-19-2024 12:54:10,1250.21637454769
12-19-2024 13:04:10,1249.27536095383
12-19-2024 13:14:10,1245.697309307
12-19-2024 13:24:10,1252.01064581194
12-19-2024 13:34:10,1246.64215160126
12-19-2024 13:44:10,1246.36054051181
12-19-2024 13:54:10,1242.1197461125
12-19-2024 14:04:10,1241.83736116537
12-19-2024 14:14:10,1241.74347610853
12-19-2024 14:24:10,1240.9892721381
12-19-2024 14:34:10,1239.85761768935
12-19-2024 14:44:10,1238.16019335254
12-19-2024 14:54:10,1242.21540611164
12-19-2024 15:04:10,1233.16145153336
12-19-2024 15:14:10,1234.67048275512
12-19-2024 15:24:10,1231.84160603023
12-19-2024 15:34:10,1232.87898603837
12-19-2024 15:44:10,1228.16362236501
12-19-2024 15:54:10,1226.84425763805
12-19-2024 16:04:10,1228.16362236501
12-19-2024 16:14:10,1225.05255580138
12-19-2024 16:24:10,1224.01525473804
12-19-2024 16:34:10,1220.71475135469
12-19-2024 16:44:10,1216.37868037057
12-19-2024 16:54:10,1220.62327215477
12-19-2024 17:04:10,1220.34041491574
12-19-2024 17:14:10,1217.04209651411
12-19-2024 17:24:10,1219.30478226175
12-19-2024 17:34:10,1212.79956073727
12-19-2024 17:44:10,1217.23232177921
12-19-2024 17:54:10,1211.3874949553
12-19-2024 18:04:10,1214.97164814783
12-19-2024 18:14:10,1214.97164814783
12-19-2024 18:24:10,1209.41232137698
12-19-2024 18:34:10,1211.86092858938
12-19-2024 18:44:10,1211.39171961164
12-19-2024 18:54:10,1209.22608399626
12-19-2024 19:04:10,1211.86508090599
12-19-2024 19:14:10,1213.28079741406
12-19-2024 19:24:10,1212.80958380624
12-19-2024 19:34:10,1212.15193862325
12-19-2024 19:44:10,1213.09627606581
12-19-2024 19:54:10,1212.43870909386
12-19-2024 20:04:10,1214.70187797828
12-19-2024 20:14:10,1216.87219008075
12-19-2024 20:24:10,1215.93019272041
12-19-2024 20:34:10,1219.79385389677
12-19-2024 20:44:10,1218.2883590122
12-19-2024 20:54:10,1220.6444015452
12-19-2024 21:04:10,1222.90467973647
12-19-2024 21:14:10,1223.56392754226
12-19-2024 21:24:10,1228.08532542095
12-19-2024 21:34:10,1231.38131394865
12-19-2024 21:44:10,1235.71318458506
12-19-2024 21:54:10,1237.87911990326
12-19-2024 22:04:10,1241.4577965565
12-19-2024 22:14:10,1239.85676617102
12-19-2024 22:24:10,1247.48583804535
12-19-2024 22:34:10,1243.90715324793
12-19-2024 22:44:10,1246.63930666733
12-19-2024 22:54:10,1249.37187551048
12-19-2024 23:04:10,1248.42980653483
12-19-2024 23:14:10,1250.88007708971
12-19-2024 23:24:10,1252.19907393232
12-19-2024 23:34:10,1255.68625086212
12-19-2024 23:44:10,1254.93248107096
12-19-2024 23:54:10,1257.85191754348
12-20-2024 00:04:10,1255.77794454492
12-20-2024 00:14:10,1257.94470318892
12-20-2024 00:24:10,1259.82726971202
12-20-2024 00:34:10,1256.15348000672
12-20-2024 00:44:10,1251.15906927855
12-20-2024 00:54:10,1251.25233538535
12-20-2024 01:04:10,1252.38046452204
12-20-2024 01:14:10,1252.37945977165
12-20-2024 01:24:10,1249.83560368914
12-20-2024 01:34:10,1255.76405679657
12-20-2024 01:44:10,1252.18520670938
12-20-2024 01:54:10,1256.88820752422
12-20-2024 02:04:10,1256.32100323531
12-20-2024 02:14:10,1258.76424364506
12-20-2024 02:24:10,1260.07647360667
12-20-2024 02:34:10,1262.70628763411
12-20-2024 02:44:10,1261.01199338907
12-20-2024 02:54:10,1260.63099234503
12-20-2024 03:04:10,1259.68780947039
12-20-2024 03:14:10,1253.57610801787
12-20-2024 03:24:10,1261.65312074522
12-20-2024 03:34:10,1263.90245735327
12-20-2024 03:44:10,1266.90208443428
12-20-2024 03:54:10,1266.61826071376
12-20-2024 04:04:10,1262.01161948237
12-20-2024 04:14:10,1260.6923248045
12-20-2024 04:24:10,1261.2504904472
12-20-2024 04:34:10,1260.02736986997
12-20-2024 04:44:10,1261.24212790731
12-20-2024 04:54:10,1262.92526541735
12-20-2024 05:04:10,1263.48430035893
12-20-2024 05:14:10,1260.57088571533
12-20-2024 05:24:10,1260.56764629272
12-20-2024 05:34:10,1260.19113742419
12-20-2024 05:44:10,1255.12771303998
12-20-2024 05:54:10,1257.3725775482
12-20-2024 06:04:10,1256.24575018273
12-20-2024 06:14:10,1255.12047002201
12-20-2024 06:24:10,1256.42787357659
12-20-2024 06:34:10,1258.76602166924
12-20-2024 06:44:10,1255.20321983494
12-20-2024 06:54:10,1258.75861635201
12-20-2024 07:04:10,1255.66748861823
12-20-2024 07:14:10,1255.19716186027
12-20-2024 07:24:10,1254.25921431938
12-20-2024 07:34:10,1255.19352927062
12-20-2024 07:44:10,1257.34507578823
12-20-2024 07:54:10,1251.2618768872
12-20-2024 08:04:10,1256.49793004217
12-20-2024 08:14:10,1254.90694799523
12-20-2024 08:24:10,1249.48335611865
12-20-2024 08:34:10,1248.36053916534
12-20-2024 08:44:10,1248.08002971904
12-20-2024 08:54:10,1249.76388673296
12-20-2024 09:04:10,1244.34029485638
12-20-2024 09:14:10,1241.34829897032
12-20-2024 09:24:10,1240.88093753952
12-20-2024 09:34:10,1236.95215662136
12-20-2024 09:44:10,1234.51892311475
12-20-2024 09:54:10,1235.3598763648
12-20-2024 10:04:10,1242.28661246602
12-20-2024 10:14:10,1240.50851764337
12-20-2024 10:24:10,1235.82407464756
12-20-2024 10:34:10,1233.10353775933
12-20-2024 10:44:10,1231.03610595222
12-20-2024 10:54:10,1229.15541246953
12-20-2024 11:04:10,1228.02499500293
12-20-2024 11:14:10,1236.00432418381
12-20-2024 11:24:10,1235.25212294281
12-20-2024 11:34:10,1236.66058796906
12-20-2024 11:44:10,1238.63356351117
12-20-2024 11:54:10,1240.41943773731
12-20-2024 12:04:10,1238.91538819976
12-20-2024 12:14:10,1239.38556271001
12-20-2024 12:24:10,1241.45482817199
12-20-2024 12:34:10,1244.55952047112
12-20-2024 12:44:10,1244.18323641354
12-20-2024 12:54:10,1247.85332628697
12-20-2024 13:04:10,1243.99656385942
12-20-2024 13:14:10,1243.90318504907
12-20-2024 13:24:10,1247.38602366692
12-20-2024 13:34:10,1246.82246189496
12-20-2024 13:44:10,1247.76512302062
12-20-2024 13:54:10,1246.44813600588
12-20-2024 14:04:10,1247.20205888161
12-20-2024 14:14:10,1251.34744011103
12-20-2024 14:24:10,1255.1160697432
12-20-2024 14:34:10,1250.87829478884
12-20-2024 14:44:10,1253.42168766175
12-20-2024 14:54:10,1253.89380659362
12-20-2024 15:04:10,1250.22057866841
12-20-2024 15:14:10,1251.06850521008
12-20-2024 15:24:10,1252.10485987213
12-20-2024 15:34:10,1252.38750205269
12-20-2024 15:44:10,1250.59743490915
12-20-2024 15:54:10,1245.32097891518
12-20-2024 16:04:10,1243.1539164341
12-20-2024 16:14:10,1242.40031854583
12-20-2024 16:24:10,1238.72656159045
12-20-2024 16:34:10,1236.46593977628
12-20-2024 16:44:10,1234.58174045505
12-20-2024 16:54:10,1236.08916947392
12-20-2024 17:04:10,1236.46593977628
12-20-2024 17:14:10,1232.22727387471
12-20-2024 17:24:10,1234.86466599124
12-20-2024 17:34:10,1229.87175365337
12-20-2024 17:44:10,1227.23416104443
12-20-2024 17:54:10,1230.71890979256
12-20-2024 18:04:10,1227.61008217291
12-20-2024 18:14:10,1227.8927028656
12-20-2024 18:24:10,1227.8927028656
12-20-2024 18:34:10,1227.61008217291
12-20-2024 18:44:10,1228.08111666073
12-20-2024 18:54:10,1230.71955127767
12-20-2024 19:04:10,1229.1181557651
12-20-2024 19:14:10,1227.23506736841
12-20-2024 19:24:10,1226.76598831323
12-20-2024 19:34:10,1230.62729688999
12-20-2024 19:44:10,1230.34543183995
12-20-2024 19:54:10,1229.40446201502
12-20-2024 20:04:10,1230.91171172053
12-20-2024 20:14:10,1229.31179440732
12-20-2024 20:24:10,1230.25464360175
12-20-2024 20:34:10,1229.03242262451
12-20-2024 20:44:10,1231.85660808862
12-20-2024 20:54:10,1231.57484233358
12-20-2024 21:04:10,1232.51691829182
12-20-2024 21:14:10,1230.8232543076
12-20-2024 21:24:10,1234.58729906791
12-20-2024 21:34:10,1234.2109578702
12-20-2024 21:44:10,1235.81066206562
12-20-2024 21:54:10,1234.58729906791
12-20-2024 22:04:10,1235.52815206217
12-20-2024 22:14:10,1236.09289653473
12-20-2024 22:24:10,1238.25669413122
12-20-2024 22:34:10,1243.05468010604
12-20-2024 22:44:10,1246.25279873027
12-20-2024 22:54:10,1250.10971032054
12-20-2024 23:04:10,1251.99113060848
12-20-2024 23:14:10,1251.3317092892
12-20-2024 23:24:10,1255.65739496144
12-20-2024 23:34:10,1258.00738251701
12-20-2024 23:44:10,1259.69871617939
12-20-2024 23:54:10,1262.70628763411
12-21-2024 00:04:10,1261.95227524231
12-21-2024 00:14:10,1263.73508081389
12-21-2024 00:24:10,1261.19670503782
12-21-2024 00:34:10,1259.50291092011
12-21-2024 00:44:10,1261.09936167655
12-21-2024 00:54:10,1262.50404341495
12-21-2024 01:04:10,1265.97920512631
12-21-2024 01:14:10,1265.97107149007
12-21-2024 01:24:10,1266.34272013084
12-21-2024 01:34:10,1263.52117449806
12-21-2024 01:44:10,1267.3673792576
12-21-2024 01:54:10,1269.24081861198
12-21-2024 02:04:10,1268.20147423376
12-21-2024 02:14:10,1266.50777210631
12-21-2024 02:24:10,1269.22487200309
12-21-2024 02:34:10,1269.03041366902
12-21-2024 02:44:10,1270.05769570074
12-21-2024 02:54:10,1268.92983696845
12-21-2024 03:04:10,1270.42343040395
12-21-2024 03:14:10,1272.19759806843
12-21-2024 03:24:10,1273.03879140434
12-21-2024 03:34:10,1266.94125027428
12-21-2024 03:44:10,1265.99989485144
12-21-2024 03:54:10,1265.52732975889
12-21-2024 04:04:10,1265.43164186242
12-21-2024 04:14:10,1266.73710235785
12-21-2024 04:24:10,1265.32805385896
12-21-2024 04:34:10,1265.2284836716
12-21-2024 04:44:10,1266.44370790673
12-21-2024 04:54:10,1264.38002923633
12-21-2024 05:04:10,1268.49470806884
12-21-2024 05:14:10,1267.7437325071
12-21-2024 05:24:10,1268.7710403127
12-21-2024 05:34:10,1269.04728908873
12-21-2024 05:44:10,1265.48750974307
12-21-2024 05:54:10,1268.28989937778
12-21-2024 06:04:10,1269.3188998862
12-21-2024 06:14:10,1264.63777775429
12-21-2024 06:24:10,1263.13946552348
12-21-2024 06:34:10,1261.83012504389
12-21-2024 06:44:10,1262.20074396719
12-21-2024 06:54:10,1262.85531540057
12-21-2024 07:04:10,1262.76002407519
12-21-2024 07:14:10,1261.4476160809
12-21-2024 07:24:10,1263.03692976009
12-21-2024 07:34:10,1257.89361899434
12-21-2024 07:44:10,1259.85517928259
12-21-2024 07:54:10,1257.32998518908
12-21-2024 08:04:10,1257.89079249737
12-21-2024 08:14:10,1257.14169288788
12-21-2024 08:24:10,1255.73978036143
12-21-2024 08:34:10,1254.33786783498
12-21-2024 08:44:10,1257.32724413381
12-21-2024 08:54:10,1256.30054537201
12-21-2024 09:04:10,1252.56211196814
12-21-2024 09:14:10,1252.9380340632
12-21-2024 09:24:10,1246.48881656291
12-21-2024 09:34:10,1241.72162211235
12-21-2024 09:44:10,1242.1897889811
12-21-2024 09:54:10,1239.29078406913
12-21-2024 10:04:10,1235.54870168688
12-21-2024 10:14:10,1233.67558113167
12-21-2024 10:24:10,1231.14628790811
12-21-2024 10:34:10,1227.58362708581
12-21-2024 10:44:10,1224.86320533978
12-21-2024 10:54:10,1222.04742237492
12-21-2024 11:04:10,1221.47978291595
12-21-2024 11:14:10,1222.78847906529
12-21-2024 11:24:10,1222.87978060186
12-21-2024 11:34:10,1222.68972981896
12-21-2024 11:44:10,1225.21898443981
12-21-2024 11:54:10,1222.96620766576
12-21-2024 12:04:10,1220.80552896349
12-21-2024 12:14:10,1223.80595392859
12-21-2024 12:24:10,1220.6136443863
12-21-2024 12:34:10,1221.36315466877
12-21-2024 12:44:10,1218.45179084721
12-21-2024 12:54:10,1219.10737232324
12-21-2024 13:04:10,1218.63642470475
12-21-2024 13:14:10,1217.41426318269
12-21-2024 13:24:10,1215.06511725519
12-21-2024 13:34:10,1213.65081982949
12-21-2024 13:44:10,1209.23198316675
12-21-2024 13:54:10,1208.00609846725
12-21-2024 14:04:10,1210.54057251128
12-21-2024 14:14:10,1208.56515821849
12-21-2024 14:24:10,1207.15327115889
12-21-2024 14:34:10,1207.43518458046
12-21-2024 14:44:10,1205.93164633209
12-21-2024 14:54:10,1204.3341369432
12-21-2024 15:04:10,1202.54590885349
12-21-2024 15:14:10,1201.8908872896
12-21-2024 15:24:10,1197.8469954866
12-21-2024 15:34:10,1196.43732147653
12-21-2024 15:44:10,1196.81323454588
12-21-2024 15:54:10,1191.45285537499
12-21-2024 16:04:10,1188.63329351799
12-21-2024 16:14:10,1184.87799459399
12-21-2024 16:24:10,1183.00268804447
12-21-2024 16:34:10,1179.61972698565
12-21-2024 16:44:10,1177.83892538242
12-21-2024 16:54:10,1172.20108449507
12-21-2024 17:04:10,1171.73637688514
12-21-2024 17:14:10,1168.54719651078
12-21-2024 17:24:10,1168.36466430113
12-21-2024 17:34:10,1166.95552464008
12-21-2024 17:44:10,1168.37003081085
12-21-2024 17:54:10,1165.83932964426
12-21-2024 18:04:10,1164.62955886357
12-21-2024 18:14:10,1164.25390220399
12-21-2024 18:24:10,1163.60222927819
12-21-2024 18:34:10,1166.51885252405
12-21-2024 18:44:10,1162.01750124549
12-21-2024 18:54:10,1163.99494556929
12-21-2024 19:04:10,1165.40881872945
12-21-2024 19:14:10,1165.13279106283
12-21-2024 19:24:10,1164.11157488068
12-21-2024 19:34:10,1166.18196192612
12-21-2024 19:44:10,1169.56583797942
12-21-2024 19:54:10,1168.07511560885
12-21-2024 20:04:10,1170.33742962379
12-21-2024 20:14:10,1172.03117486604
12-21-2024 20:24:10,1174.18874786283
12-21-2024 20:34:10,1173.91720300814
12-21-2024 20:44:10,1175.42754371655
12-21-2024 20:54:10,1177.68754674182
12-21-2024 21:04:10,1172.71800534235
12-21-2024 21:14:10,1180.69687178142
12-21-2024 21:24:10,1186.51340079564
12-21-2024 21:34:10,1185.85719523306
12-21-2024 21:44:10,1190.64179173311
12-21-2024 21:54:10,1188.48968361898
12-21-2024 22:04:10,1187.36884724283
12-21-2024 22:14:10,1186.71279057453
12-21-2024 22:24:10,1185.21323247555
12-21-2024 22:34:10,1186.61906819334
12-21-2024 22:44:10,1188.49351581706
12-21-2024 22:54:10,1187.36884724283
12-21-2024 23:04:10,1187.93505567672
12-21-2024 23:14:10,1194.58547059413
12-21-2024 23:24:10,1195.61641678718
12-21-2024 23:34:10,1197.20969726734
12-21-2024 23:44:10,1200.67742537121
12-21-2024 23:54:10,1200.30253584647
12-22-2024 00:04:10,1202.92950257703
12-22-2024 00:14:10,1206.86554488836
12-22-2024 00:24:10,1205.46236378575
12-22-2024 00:34:10,1207.80743970028
12-22-2024 00:44:10,1207.05783073848
12-22-2024 00:54:10,1207.43503396128
12-22-2024 01:04:10,1209.8710788812
12-22-2024 01:14:10,1208.84502839062
12-22-2024 01:24:10,1211.37438485114
12-22-2024 01:34:10,1212.59423131127
12-22-2024 01:44:10,1213.53289623919
12-22-2024 01:54:10,1212.69390553181
12-22-2024 02:04:10,1212.32132751901
12-22-2024 02:14:10,1214.47701548407
12-22-2024 02:24:10,1216.54045628974
12-22-2024 02:34:10,1219.44426631367
12-22-2024 02:44:10,1218.97923429608
12-22-2024 02:54:10,1220.8540400442
12-22-2024 03:04:10,1218.04799760433
12-22-2024 03:14:10,1216.45883779335
12-22-2024 03:24:10,1215.99271826583
12-22-2024 03:34:10,1218.52213519131
12-22-2024 03:44:10,1215.62555889218
12-22-2024 03:54:10,1216.28378121818
12-22-2024 04:04:10,1216.84661102327
12-22-2024 04:14:10,1218.53303470921
12-22-2024 04:24:10,1218.81507912481
12-22-2024 04:34:10,1220.5008241372
12-22-2024 04:44:10,1216.48280925832
12-22-2024 04:54:10,1217.32737713662
12-22-2024 05:04:10,1220.60270470534
12-22-2024 05:14:10,1222.19373779395
12-22-2024 05:24:10,1217.61750723597
12-22-2024 05:34:10,1218.18118133312
12-22-2024 05:44:10,1220.2389318604
12-22-2024 05:54:10,1222.29479146842
12-22-2024 06:04:10,1219.68152511174
12-22-2024 06:14:10,1219.03244037822
12-22-2024 06:24:10,1220.06078647153
12-22-2024 06:34:10,1218.94365372293
12-22-2024 06:44:10,1218.57186774207
12-22-2024 06:54:10,1218.20013775908
12-22-2024 07:04:10,1215.96394954272
12-22-2024 07:14:10,1216.24559278911
12-22-2024 07:24:10,1217.73837657897
12-22-2024 07:34:10,1213.35526689571
12-22-2024 07:44:10,1214.75648339659
12-22-2024 07:54:10,1211.67808038998
12-22-2024 08:04:10,1213.07735448389
12-22-2024 08:14:10,1212.51764484632
12-22-2024 08:24:10,1210.28098013824
12-22-2024 08:34:10,1209.7190966585
12-22-2024 08:44:10,1211.67808038998
12-22-2024 08:54:10,1207.57116520822
12-22-2024 09:04:10,1205.79610626008
12-22-2024 09:14:10,1205.14045214041
12-22-2024 09:24:10,1204.2021279028
12-22-2024 09:34:10,1202.14072336408
12-22-2024 09:44:10,1199.51821343488
12-22-2024 09:54:10,1198.57235967369
12-22-2024 10:04:10,1193.42210027156
12-22-2024 10:14:10,1193.12796418897
12-22-2024 10:24:10,1193.11407540903
12-22-2024 10:34:10,1189.07954284815
12-22-2024 10:44:10,1192.15095889773
12-22-2024 10:54:10,1192.23032209492
12-22-2024 11:04:10,1188.66361905118
12-22-2024 11:14:10,1186.02730652356
12-22-2024 11:24:10,1183.38940028432
12-22-2024 11:34:10,1183.00212052498
12-22-2024 11:44:10,1182.42730535853
12-22-2024 11:54:10,1180.06743992179
12-22-2024 12:04:10,1181.73681848365
12-22-2024 12:14:10,1179.38436136337
12-22-2024 12:24:10,1178.99570345947
12-22-2024 12:34:10,1182.73804560955
12-22-2024 12:44:10,1183.48833538553
12-22-2024 12:54:10,1184.51171206122
12-22-2024 13:04:10,1183.288077458
12-22-2024 13:14:10,1180.92966543923
12-22-2024 13:24:10,1178.66861309649
12-22-2024 13:34:10,1174.7125638395
12-22-2024 13:44:10,1173.09685363293
12-22-2024 13:54:10,1166.60175632636
12-22-2024 14:04:10,1164.98835199519
12-22-2024 14:14:10,1165.6291790263
12-22-2024 14:24:10,1164.38506154775
12-22-2024 14:34:10,1159.47969124411
12-22-2024 14:44:10,1156.91655173983
12-22-2024 14:54:10,1157.93244864197
12-22-2024 15:04:10,1150.9454678782
12-22-2024 15:14:10,1148.09525266048
12-22-2024 15:24:10,1144.59149219938
12-22-2024 15:34:10,1141.83938866633
12-22-2024 15:44:10,1138.99185188548
12-22-2024 15:54:10,1140.01274237163
12-22-2024 16:04:10,1139.33821915426
12-22-2024 16:14:10,1136.30013927898
12-22-2024 16:24:10,1134.38370257751
12-22-2024 16:34:10,1129.83441665699
12-22-2024 16:44:10,1129.72348600929
12-22-2024 16:54:10,1133.65970534845
12-22-2024 17:04:10,1129.31288012796
12-22-2024 17:14:10,1128.16412349411
12-22-2024 17:24:10,1125.7884623477
12-22-2024 17:34:10,1124.52699553757
12-22-2024 17:44:10,1122.61278402212
12-22-2024 17:54:10,1122.31177909974
12-22-2024 18:04:10,1120.57616787128
12-22-2024 18:14:10,1120.84146421983
12-22-2024 18:24:10,1118.73584455722
12-22-2024 18:34:10,1121.83578901852
12-22-2024 18:44:10,1124.45538770271
12-22-2024 18:54:10,1125.38319037674
12-22-2024 19:04:10,1131.51123593115
12-22-2024 19:14:10,1130.83289308168
12-22-2024 19:24:10,1135.08011284416
12-22-2024 19:34:10,1135.16674316093
12-22-2024 19:44:10,1134.40215946891
12-22-2024 19:54:10,1133.44021334633
12-22-2024 20:04:10,1135.42671346987
12-22-2024 20:14:10,1133.15642761439
12-22-2024 20:24:10,1138.53299352056
12-22-2024 20:34:10,1139.2974953335
12-22-2024 20:44:10,1139.19526134129
12-22-2024 20:54:10,1141.93151911711
12-22-2024 21:04:10,1141.36381764104
12-22-2024 21:14:10,1142.21536985515
12-22-2024 21:24:10,1144.37708478809
12-22-2024 21:34:10,1145.60729252002
12-22-2024 21:44:10,1144.64654376655
12-22-2024 21:54:10,1145.68050809757
12-22-2024 22:04:10,1144.44278368242
12-22-2024 22:14:10,1145.37505826047
12-22-2024 22:24:10,1146.49699622143
12-22-2024 22:34:10,1144.2099444364
12-22-2024 22:44:10,1148.36302858301
12-22-2024 22:54:10,1149.86486861577
12-22-2024 23:04:10,1151.73947245689
12-22-2024 23:14:10,1150.48732459428
12-22-2024 23:24:10,1151.42166498398
12-22-2024 23:34:10,1156.33810655015
12-22-2024 23:44:10,1156.31909324252
12-22-2024 23:54:10,1155.92704723235
12-23-2024 00:04:10,1158.57027078711
12-23-2024 00:14:10,1162.92197190127
12-23-2024 00:24:10,1163.20076797816
12-23-2024 00:34:10,1161.76575109252
12-23-2024 00:44:10,1165.0756335858
12-23-2024 00:54:10,1168.2021228856
12-23-2024 01:04:10,1173.70713776433
12-23-2024 01:14:10,1171.41363394838
12-23-2024 01:24:10,1176.54017063962
12-23-2024 01:34:10,1178.054463182
12-23-2024 01:44:10,1179.56898778966
12-23-2024 01:54:10,1184.12239058643
12-23-2024 02:04:10,1184.59717903494
12-23-2024 02:14:10,1184.12239058643
12-23-2024 02:24:10,1184.02743289672
12-23-2024 02:34:10,1182.8836283151
12-23-2024 02:44:10,1187.91677156339
12-23-2024 02:54:10,1188.77145626593
12-23-2024 03:04:10,1185.92250725746
12-23-2024 03:14:10,1186.68222699305
12-23-2024 03:24:10,1186.01747222441
12-23-2024 03:34:10,1185.64171362166
12-23-2024 03:44:10,1186.87616358779
12-23-2024 03:54:10,1183.55690515963
12-23-2024 04:04:10,1187.07007046175
12-23-2024 04:14:10,1186.40541756676
12-23-2024 04:24:10,1183.17710350535
12-23-2024 04:34:10,1186.31451623623
12-23-2024 04:44:10,1186.21957309767
12-23-2024 04:54:10,1186.98711268423
12-23-2024 05:04:10,1184.43242537288
12-23-2024 05:14:10,1187.66344727051
12-23-2024 05:24:10,1188.14579510164
12-23-2024 05:34:10,1188.53311749286
12-23-2024 05:44:10,1185.97956248529
12-23-2024 05:54:10,1189.97511171843
12-23-2024 06:04:10,1189.31885086499
12-23-2024 06:14:10,1187.71466707676
12-23-2024 06:24:10,1184.4088008541
12-23-2024 06:34:10,1184.70983279785
12-23-2024 06:44:10,1183.49070260618
12-23-2024 06:54:10,1184.92424014957
12-23-2024 07:04:10,1188.25493934446
12-23-2024 07:14:10,1182.87055751402
12-23-2024 07:24:10,1183.73526731339
12-23-2024 07:34:10,1182.99097058628
12-23-2024 07:44:10,1182.05345031128
12-23-2024 07:54:10,1179.98559046053
12-23-2024 08:04:10,1179.04888669394
12-23-2024 08:14:10,1179.8100048191
12-23-2024 08:24:10,1177.92802290577
12-23-2024 08:34:10,1176.98250354239
12-23-2024 08:44:10,1173.67318577054
12-23-2024 08:54:10,1172.63311447081
12-23-2024 09:04:10,1174.14098447991
12-23-2024 09:14:10,1171.95586780391
12-23-2024 09:24:10,1171.09951130099
12-23-2024 09:34:10,1172.13478452801
12-23-2024 09:44:10,1167.29982520302
12-23-2024 09:54:10,1164.63388785601
12-23-2024 10:04:10,1157.98540449981
12-23-2024 10:14:10,1157.02005182685
12-23-2024 10:24:10,1152.07700563766
12-23-2024 10:34:10,1148.43694340315
12-23-2024 10:44:10,1150.68364368875
12-23-2024 10:54:10,1146.00434795263
12-23-2024 11:04:10,1147.39132075951
12-23-2024 11:14:10,1141.19663892971
12-23-2024 11:24:10,1139.83043005584
12-23-2024 11:34:10,1138.00395928171
12-23-2024 11:44:10,1143.29058401448
12-23-2024 11:54:10,1140.68899781333
12-23-2024 12:04:10,1136.75498929196
12-23-2024 12:14:10,1137.00874587013
12-23-2024 12:24:10,1134.32294849423
12-23-2024 12:34:10,1133.62498726705
12-23-2024 12:44:10,1131.22236515375
12-23-2024 12:54:10,1131.19750025145
12-23-2024 13:04:10,1130.58488658264
12-23-2024 13:14:10,1133.21768501367
12-23-2024 13:24:10,1130.61337156527
12-23-2024 13:34:10,1129.72247719927
12-23-2024 13:44:10,1128.35449335558
12-23-2024 13:54:10,1127.37561808564
12-23-2024 14:04:10,1122.29614353491
12-23-2024 14:14:10,1124.94843032692
12-23-2024 14:24:10,1127.59294629134
12-23-2024 14:34:10,1125.58103506139
12-23-2024 14:44:10,1128.24359300077
12-23-2024 14:54:10,1131.10570257205
12-23-2024 15:04:10,1130.42950596567
12-23-2024 15:14:10,1131.57443794335
12-23-2024 15:24:10,1131.09738295265
12-23-2024 15:34:10,1129.37998498613
12-23-2024 15:44:10,1133.95971289686
12-23-2024 15:54:10,1134.91382287826
12-23-2024 16:04:10,1131.95608193591
12-23-2024 16:14:10,1131.28820494893
12-23-2024 16:24:10,1131.09738295265
12-23-2024 16:34:10,1129.57080698241
12-23-2024 16:44:10,1131.28820494893
12-23-2024 16:54:10,1131.57443794335
12-23-2024 17:04:10,1132.72756466245
12-23-2024 17:14:10,1134.15861944809
12-23-2024 17:24:10,1134.24594589128
12-23-2024 17:34:10,1133.67347990244
12-23-2024 17:44:10,1139.21501302403
12-23-2024 17:54:10,1138.83339841452
12-23-2024 18:04:10,1138.9288020669
12-23-2024 18:14:10,1138.6503292222
12-23-2024 18:24:10,1137.31478091379
12-23-2024 18:34:10,1140.55825537706
12-23-2024 18:44:10,1139.97824224304
12-23-2024 18:54:10,1145.61425968745
12-23-2024 19:04:10,1146.28203384165
12-23-2024 19:14:10,1146.56822276488
12-23-2024 19:24:10,1141.22602953126
12-23-2024 19:34:10,1143.32474830161
12-23-2024 19:44:10,1144.19062606925
12-23-2024 19:54:10,1145.33529364014
12-23-2024 20:04:10,1143.33950134488
12-23-2024 20:14:10,1145.92198174021
12-23-2024 20:24:10,1149.83232724594
12-23-2024 20:34:10,1146.58960170461
12-23-2024 20:44:10,1146.78745970508
12-23-2024 20:54:10,1148.03424287003
12-23-2024 21:04:10,1150.52041358472
12-23-2024 21:14:10,1150.6157658484
12-23-2024 21:24:10,1156.34327415433
12-23-2024 21:34:10,1159.77569152484
12-23-2024 21:44:10,1159.96638137875
12-23-2024 21:54:10,1161.49787559245
12-23-2024 22:04:10,1159.87713653926
12-23-2024 22:14:10,1165.02536647293
12-23-2024 22:24:10,1164.73935369884
12-23-2024 22:34:10,1164.73935369884
12-23-2024 22:44:10,1168.17150698796
12-23-2024 22:54:10,1171.12697232026
12-23-2024 23:04:10,1171.99017831429
12-23-2024 23:14:10,1174.27311283528
12-23-2024 23:24:10,1176.9521372162
12-23-2024 23:34:10,1175.62250374423
12-23-2024 23:44:10,1179.43512739834
12-23-2024 23:54:10,1185.25352473774
12-25-2024 00:04:10,1204.72285739825
12-25-2024 00:14:10,1205.77849386923
12-25-2024 00:24:10,1205.20820274842
12-25-2024 00:34:10,1206.64787474
12-25-2024 00:44:10,1206.27112095886
12-25-2024 00:54:10,1210.57254346663
12-25-2024 01:04:10,1211.24477056805
12-25-2024 01:14:10,1210.29739989699
12-25-2024 01:24:10,1214.02115276887
12-25-2024 01:34:10,1214.30916593629
12-25-2024 01:44:10,1214.98040423389
12-25-2024 01:54:10,1217.74705449745
12-25-2024 02:04:10,1217.75034850061
12-25-2024 02:14:10,1220.99412233959
12-25-2024 02:24:10,1217.66163986566
12-25-2024 02:34:10,1220.23602219446
12-25-2024 02:44:10,1215.9534927321
12-25-2024 02:54:10,1221.28829338965
12-25-2024 03:04:10,1224.53065293475
12-25-2024 03:14:10,1223.96153486852
12-25-2024 03:24:10,1221.58354360344
12-25-2024 03:34:10,1223.29859720049
12-25-2024 03:44:10,1221.87316697607
12-25-2024 03:54:10,1222.06617507373
12-25-2024 04:04:10,1219.40426762945
12-25-2024 04:14:10,1223.02289699814
12-25-2024 04:24:10,1219.59909735015
12-25-2024 04:34:10,1221.50325191944
12-25-2024 04:44:10,1221.41084414223
12-25-2024 04:54:10,1222.55480954298
12-25-2024 05:04:10,1220.65416069899
12-25-2024 05:14:10,1221.3198337377
12-25-2024 05:24:10,1222.65244644596
12-25-2024 05:34:10,1217.23406426011
12-25-2024 05:44:10,1219.42396834042
12-25-2024 05:54:10,1219.71066117044
12-25-2024 06:04:10,1220.1874147796
12-25-2024 06:14:10,1219.05141302769
12-25-2024 06:24:10,1217.72262967653
12-25-2024 06:34:10,1219.72109829624
12-25-2024 06:44:10,1217.6342083587
12-25-2024 06:54:10,1220.29838000143
12-25-2024 07:04:10,1220.20776479795
12-25-2024 07:14:10,1220.40054010912
12-25-2024 07:24:10,1218.88622538974
12-25-2024 07:34:10,1217.46583759922
12-25-2024 07:44:10,1216.80667612724
12-25-2024 07:54:10,1213.48988668308
12-25-2024 08:04:10,1214.34935286864
12-25-2024 08:14:10,1212.26695817717
12-25-2024 08:24:10,1211.4156391142
12-25-2024 08:34:10,1212.08144838424
12-25-2024 08:44:10,1204.87833042108
12-25-2024 08:54:10,1204.68872017158
12-25-2024 09:04:10,1203.17183817562
12-25-2024 09:14:10,1204.78089522986
12-25-2024 09:24:10,1202.31295428679
12-25-2024 09:34:10,1201.8388561187
12-25-2024 09:44:10,1200.12612941542
12-25-2024 09:54:10,1197.36954301249
12-25-2024 10:04:10,1192.52512238063
12-25-2024 10:14:10,1185.20413551789
12-25-2024 10:24:10,1182.81888652911
12-25-2024 10:34:10,1180.32859109823
12-25-2024 10:44:10,1177.26646591522
12-25-2024 10:54:10,1175.44706559597
12-25-2024 11:04:10,1175.24234681271
12-25-2024 11:14:10,1176.74847666678
12-25-2024 11:34:10,1177.29981125361
12-25-2024 11:44:10,1176.62464399568
12-25-2024 11:54:10,1178.14149985364
12-25-2024 12:04:10,1179.84425751423
12-25-2024 12:14:10,1179.07870148191
12-25-2024 12:24:10,1180.4014354336
12-25-2024 12:34:10,1175.82985538377
12-25-2024 12:44:10,1172.01365382584
12-25-2024 12:54:10,1174.18740872468
12-25-2024 13:04:10,1171.98786220027
12-25-2024 13:14:10,1170.0732788264
12-25-2024 13:24:10,1169.87752945785
12-25-2024 13:34:10,1169.77164548957
12-25-2024 13:44:10,1166.90904252599
12-25-2024 13:54:10,1166.14149183434
12-25-2024 14:04:10,1166.41605805483
12-25-2024 14:14:10,1168.60713689632
12-25-2024 14:24:10,1167.46396532684
12-25-2024 14:34:10,1171.0892415916
12-25-2024 14:44:10,1169.57047931339
12-25-2024 14:54:10,1171.76640141995
12-25-2024 15:04:10,1171.57591675744
12-25-2024 15:14:10,1168.52816215731
12-25-2024 15:24:10,1167.09952718849
12-25-2024 15:34:10,1168.81388915107
12-25-2024 15:44:10,1167.76622350727
12-25-2024 15:54:10,1166.43842008925
12-25-2024 16:04:10,1165.68218690777
12-25-2024 16:14:10,1164.16430694707
12-25-2024 16:24:10,1162.73600131937
12-25-2024 16:34:10,1159.3080678129
12-25-2024 16:44:10,1159.7841696888
12-25-2024 16:54:10,1162.64078094419
12-25-2024 17:04:10,1161.78379756758
12-25-2024 17:14:10,1159.7841696888
12-25-2024 17:24:10,1160.64115306542
12-25-2024 17:34:10,1160.92080227046
12-25-2024 17:44:10,1159.39715918652
12-25-2024 17:54:10,1157.97498256039
12-25-2024 18:04:10,1165.21741283078
12-25-2024 18:14:10,1161.41486397765
12-25-2024 18:24:10,1163.79500756314
12-25-2024 18:34:10,1159.80855924248
12-25-2024 18:44:10,1160.9568599396
12-25-2024 18:54:10,1163.52682265325
12-25-2024 19:04:10,1162.7829519404
12-25-2024 19:14:10,1165.34665422742
12-25-2024 19:24:10,1166.98116008108
12-25-2024 19:34:10,1170.50687999836
12-25-2024 19:44:10,1165.28552586958
12-25-2024 19:54:10,1170.62306764685
12-25-2024 20:04:10,1170.35357838364
12-25-2024 20:14:10,1169.50312376186
12-25-2024 20:24:10,1171.12994979228
12-25-2024 20:34:10,1171.89564577268
12-25-2024 20:44:10,1169.04923380652
12-25-2024 20:54:10,1170.48555477698
12-25-2024 21:04:10,1171.82124836643
12-25-2024 21:14:10,1175.33737732511
12-25-2024 21:24:10,1180.94864156223
12-25-2024 21:34:10,1181.99389703834
12-25-2024 21:44:10,1181.99389703834
12-25-2024 21:54:10,1181.61380413794
12-25-2024 22:04:10,1183.13847147859
12-25-2024 22:14:10,1186.46402934092
12-25-2024 22:24:10,1190.16965095895
12-25-2024 22:34:10,1188.93829444455
12-25-2024 22:44:10,1191.12717605388
12-25-2024 22:54:10,1192.93220208235
12-25-2024 23:04:10,1194.74403810567
12-25-2024 23:14:10,1197.40686901421
12-25-2024 23:24:10,1197.69180758858
12-25-2024 23:34:10,1199.79040938729
12-25-2024 23:44:10,1201.2176820838
12-25-2024 23:54:10,1197.3247151274
12-26-2024 00:04:10,1198.09061191576
12-26-2024 00:14:10,1200.37204413724
12-26-2024 00:24:10,1198.85936091713
12-26-2024 00:34:10,1199.62472937032
12-26-2024 00:44:10,1204.74930301054
12-26-2024 00:54:10,1204.28014751957
12-26-2024 01:04:10,1205.04445154919
12-26-2024 01:14:10,1204.67025045
12-26-2024 01:24:10,1204.29616391174
12-26-2024 01:34:10,1202.78148552949
12-26-2024 01:44:10,1203.92488805831
12-26-2024 01:54:10,1204.78352529633
12-26-2024 02:04:10,1205.83148104562
12-26-2024 02:14:10,1203.46717585453
12-26-2024 02:24:10,1203.4726345011
12-26-2024 02:34:10,1201.67789593903
12-26-2024 02:44:10,1204.14667531513
12-26-2024 02:54:10,1203.77585939746
12-26-2024 03:04:10,1203.78126711046
12-26-2024 03:14:10,1205.4935209812
12-26-2024 03:24:10,1204.36274084297
12-26-2024 03:34:10,1208.81640954079
12-26-2024 03:44:10,1206.36062820463
12-26-2024 03:54:10,1205.51408443708
12-26-2024 04:04:10,1207.50828938123
12-26-2024 04:14:10,1208.45658546884
12-26-2024 04:24:10,1208.36904789824
12-26-2024 04:34:10,1207.90337151207
12-26-2024 04:44:10,1210.36373117616
12-26-2024 04:54:10,1210.27360085509
12-26-2024 05:04:10,1206.31114776088
12-26-2024 05:14:10,1211.32184799768
12-26-2024 05:24:10,1210.28681435504
12-26-2024 05:34:10,1206.41813313241
12-26-2024 05:44:10,1211.24012703287
12-26-2024 05:54:10,1208.31684626942
12-26-2024 06:04:10,1207.47174602983
12-26-2024 06:14:10,1207.57098196829
12-26-2024 06:24:10,1206.25428546401
12-26-2024 06:34:10,1206.45054680502
12-26-2024 06:44:10,1209.66143823168
12-26-2024 06:54:10,1206.17496669904
12-26-2024 07:04:10,1208.82139630852
12-26-2024 07:14:10,1208.16576309689
12-26-2024 07:24:10,1207.13066295797
12-26-2024 07:34:10,1208.36143869131
12-26-2024 07:44:10,1206.47792366988
12-26-2024 07:54:10,1206.29183871065
12-26-2024 08:04:10,1202.80603201851
12-26-2024 08:14:10,1202.43171191867
12-26-2024 08:24:10,1202.43171191867
12-26-2024 08:34:10,1202.14889771751
12-26-2024 08:44:10,1201.5832693152
12-26-2024 08:54:10,1200.82909811211
12-26-2024 09:04:10,1196.1122533484
12-26-2024 09:14:10,1194.5061204178
12-26-2024 09:24:10,1190.63671294878
12-26-2024 09:34:10,1193.83922380459
12-26-2024 09:44:10,1188.83748932913
12-26-2024 09:54:10,1187.79229094224
12-26-2024 10:04:10,1185.33583178909
12-26-2024 10:14:10,1182.78037069509
12-26-2024 10:24:10,1183.53088096627
12-26-2024 10:34:10,1181.63511424738
12-26-2024 10:44:10,1178.6062207531
12-26-2024 10:54:10,1178.31381527876
12-26-2024 11:04:10,1174.71213557322
12-26-2024 11:14:10,1172.1527184774
12-26-2024 11:24:10,1170.7310623839
12-26-2024 11:34:10,1171.29251023512
12-26-2024 11:44:10,1170.14340420571
12-26-2024 11:54:10,1163.7082507737
12-26-2024 12:04:10,1169.93864294487
12-26-2024 12:14:10,1167.09304150778
12-26-2024 12:24:10,1163.01786548557
12-26-2024 12:34:10,1160.55445730231
12-26-2024 12:44:10,1164.51873349442
12-26-2024 12:54:10,1162.33867646731
12-26-2024 13:04:10,1162.8055389971
12-26-2024 13:14:10,1161.75964179188
12-26-2024 13:24:10,1162.88844544849
12-26-2024 13:34:10,1162.12609403831
12-26-2024 13:44:10,1158.99928663145
12-26-2024 13:54:10,1159.74981485808
12-26-2024 14:04:10,1159.0816373149
12-26-2024 14:14:10,1154.72414324142
12-26-2024 14:24:10,1151.60250019014
12-26-2024 14:34:10,1154.43388985757
12-26-2024 14:44:10,1154.61664059539
12-26-2024 14:54:10,1150.16998522764
12-26-2024 15:04:10,1148.93317065532
12-26-2024 15:14:10,1146.28389710032
12-26-2024 15:24:10,1148.92628098373
12-26-2024 15:34:10,1144.47171615209
12-26-2024 15:44:10,1145.3162320137
12-26-2024 15:54:10,1143.98402302846
12-26-2024 16:04:10,1139.7097696887
12-26-2024 16:14:10,1139.61510940882
12-26-2024 16:24:10,1136.19160804959
12-26-2024 16:34:10,1136.27842258309
12-26-2024 16:44:10,1137.88027779921
12-26-2024 16:54:10,1133.70589441838
12-26-2024 17:04:10,1132.18257620735
12-26-2024 17:14:10,1134.16332936937
12-26-2024 17:24:10,1131.21904077589
12-26-2024 17:34:10,1131.40847710525
12-26-2024 17:44:10,1131.12432261121
12-26-2024 17:54:10,1132.45037691673
12-26-2024 18:04:10,1133.68977474332
12-26-2024 18:14:10,1134.17135363105
12-26-2024 18:24:10,1138.4484130798
12-26-2024 18:34:10,1138.07738017238
12-26-2024 18:44:10,1140.16794731616
12-26-2024 18:54:10,1138.00588465096
12-26-2024 19:04:10,1140.47459038893
12-26-2024 19:14:10,1139.35400076127
12-26-2024 19:24:10,1140.41010858309
12-26-2024 19:34:10,1143.25615589461
12-26-2024 19:44:10,1139.01368793617
12-26-2024 19:54:10,1141.29161859652
12-26-2024 20:04:10,1140.07700769037
12-26-2024 20:14:10,1139.80843123474
12-26-2024 20:24:10,1140.66704484023
12-26-2024 20:34:10,1140.96570815652
12-26-2024 20:44:10,1142.01311197439
12-26-2024 20:54:10,1140.88615914799
12-26-2024 21:04:10,1139.56273498459
12-26-2024 21:14:10,1142.9731631943
12-26-2024 21:24:10,1141.09766147751
12-26-2024 21:34:10,1141.66471348752
12-26-2024 21:44:10,1142.33365876486
12-26-2024 21:54:10,1144.32542158139
12-26-2024 22:04:10,1144.51441009032
12-26-2024 22:14:10,1145.55384688945
12-26-2024 22:24:10,1145.66260038011
12-26-2024 22:34:10,1144.24540270522
12-26-2024 22:44:10,1144.71780193019
12-26-2024 22:54:10,1149.44863404369
12-26-2024 23:04:10,1152.94412179413
12-26-2024 23:14:10,1152.56623122651
12-26-2024 23:24:10,1152.28943606211
12-26-2024 23:34:10,1152.95726548688
12-26-2024 23:44:10,1152.95726548688
12-26-2024 23:54:10,1155.41956285037
12-27-2024 00:04:10,1152.97040517258
12-27-2024 00:14:10,1155.62119951535
12-27-2024 00:24:10,1154.87212978156
12-27-2024 00:34:10,1157.32729538862
12-27-2024 00:44:10,1159.12755350815
12-27-2024 00:54:10,1161.30519752055
12-27-2024 01:04:10,1162.92187070034
12-27-2024 01:14:10,1164.06611986172
12-27-2024 01:24:10,1163.88308090384
12-27-2024 01:34:10,1162.19598044008
12-27-2024 01:44:10,1164.09470737897
12-27-2024 01:54:10,1161.93052927181
12-27-2024 02:04:10,1161.56497156222
12-27-2024 02:14:10,1160.256380632
12-27-2024 02:24:10,1161.48838002361
12-27-2024 02:34:10,1163.39182412465
12-27-2024 02:44:10,1165.5659957552
12-27-2024 02:54:10,1166.33130596114
12-27-2024 03:04:10,1167.2848831094
12-27-2024 03:14:10,1167.96087788067
12-27-2024 03:24:10,1167.30674284767
12-27-2024 03:34:10,1165.62194357497
12-27-2024 03:44:10,1168.27051504877
12-27-2024 03:54:10,1167.53330761207
12-27-2024 04:04:10,1167.16756509506
12-27-2024 04:14:10,1167.08436117312
12-27-2024 04:24:10,1163.98908075454
12-27-2024 04:34:10,1166.54157363117
12-27-2024 04:44:10,1166.64670187058
12-27-2024 04:54:10,1169.38618656569
12-27-2024 05:04:10,1166.38650750729
12-27-2024 05:14:10,1165.16920115503
12-27-2024 05:24:10,1166.87332497671
12-27-2024 05:34:10,1165.84990721535
12-27-2024 05:44:10,1162.65851153947
12-27-2024 05:54:10,1165.29690531591
12-27-2024 06:04:10,1165.96060647626
12-27-2024 06:14:10,1168.13370360424
12-27-2024 06:24:10,1165.50730021137
12-27-2024 06:34:10,1165.42449325509
12-27-2024 06:44:10,1167.40347871765
12-27-2024 06:54:10,1166.7511716373
12-27-2024 07:04:10,1168.82371329093
12-27-2024 07:14:10,1168.37003081085
12-27-2024 07:24:10,1173.06680694371
12-27-2024 07:34:10,1169.13743877853
12-27-2024 07:44:10,1170.55135081532
12-27-2024 07:54:10,1170.65044952245
12-27-2024 08:04:10,1169.05946250869
12-27-2024 08:14:10,1167.66190489423
12-27-2024 08:24:10,1169.16926463806
12-27-2024 08:34:10,1168.1420580889
12-27-2024 08:44:10,1167.01568567451
12-27-2024 08:54:10,1165.05014746383
12-27-2024 09:04:10,1162.41633164909
12-27-2024 09:14:10,1159.50653624526
12-27-2024 09:24:10,1161.00244600912
12-27-2024 09:34:10,1160.52713203911
12-27-2024 09:44:10,1158.73734620231
12-27-2024 09:54:10,1156.47155982341
12-27-2024 10:04:10,1154.86248571448
12-27-2024 10:14:10,1149.8715012492
12-27-2024 10:24:10,1147.89208687157
12-27-2024 10:34:10,1144.39492185558
12-27-2024 10:44:10,1140.33229587591
12-27-2024 10:54:10,1139.46380905211
12-27-2024 11:04:10,1141.31411347077
12-27-2024 11:14:10,1133.86191713704
12-27-2024 11:24:10,1132.7090843532
12-27-2024 11:34:10,1131.64981878736
12-27-2024 11:44:10,1129.9312733373
12-27-2024 11:54:10,1128.58848589344
12-27-2024 12:04:10,1125.66166867363
12-27-2024 12:14:10,1126.29494256753
12-27-2024 12:24:10,1124.11168712627
12-27-2024 12:34:10,1124.56515997479
12-27-2024 12:44:10,1125.01877072434
12-27-2024 12:54:10,1121.703670482
12-27-2024 13:04:10,1120.63118774088
12-27-2024 13:14:10,1118.26574552385
12-27-2024 13:24:10,1116.6354164624
12-27-2024 13:34:10,1114.24994221762
12-27-2024 13:44:10,1112.34463934107
12-27-2024 13:54:10,1107.32590556837
12-27-2024 14:04:10,1107.86189447592
12-27-2024 14:14:10,1107.18134447089
12-27-2024 14:24:10,1104.99052150683
12-27-2024 14:34:10,1101.76070271038
12-27-2024 14:44:10,1100.71182826252
12-27-2024 14:54:10,1095.96997827793
12-27-2024 15:04:10,1094.62614296222
12-27-2024 15:14:10,1093.94300484223
12-27-2024 15:24:10,1091.45369275796
12-27-2024 15:34:10,1090.29741121446
12-27-2024 15:44:10,1087.80631585393
12-27-2024 15:54:10,1087.20454209898
12-27-2024 16:04:10,1082.35994362539
12-27-2024 16:14:10,1084.2152313801
12-27-2024 16:24:10,1082.84369054847
12-27-2024 16:34:10,1081.94439647893
12-27-2024 16:44:10,1081.71909865449
12-27-2024 16:54:10,1081.37493101761
12-27-2024 17:04:10,1079.62203000951
12-27-2024 17:14:10,1078.15225487857
12-27-2024 17:24:10,1080.4720455576
12-27-2024 17:34:10,1078.24330609967
12-27-2024 17:44:10,1081.0386428883
12-27-2024 17:54:10,1082.88720473492
12-27-2024 18:04:10,1081.51105662179
12-27-2024 18:14:10,1082.88636194314
12-27-2024 18:24:10,1083.88276673869
12-27-2024 18:34:10,1084.22690101971
12-27-2024 18:44:10,1088.27539503172
12-27-2024 18:54:10,1086.51896557998
12-27-2024 19:04:10,1086.57887874639
12-27-2024 19:14:10,1088.63491948826
12-27-2024 19:24:10,1091.15592262529
12-27-2024 19:34:10,1089.32637977617
12-27-2024 19:44:10,1092.62100822847
12-27-2024 19:54:10,1095.2622226907
12-27-2024 20:04:10,1095.1339191112
12-27-2024 20:14:10,1098.25237972923
12-27-2024 20:24:10,1097.76567471187
12-27-2024 20:34:10,1096.96057568247
12-27-2024 20:44:10,1097.70048507164
12-27-2024 20:54:10,1100.52513764184
12-27-2024 21:04:10,1101.36113643094
12-27-2024 21:14:10,1101.05413285913
12-27-2024 21:24:10,1104.91898610865
12-27-2024 21:34:10,1103.5534860737
12-27-2024 21:44:10,1103.52218461924
12-27-2024 21:54:10,1101.20206213843
12-27-2024 22:04:10,1105.46270658746
12-27-2024 22:14:10,1106.85280241294
12-27-2024 22:24:10,1107.59588801925
12-27-2024 22:34:10,1108.43465031812
12-27-2024 22:44:10,1111.08745763734
12-27-2024 22:54:10,1118.88758244849
12-27-2024 23:04:10,1117.43655603781
12-27-2024 23:14:10,1119.80564055767
12-27-2024 23:24:10,1123.13074246804
12-27-2024 23:34:10,1124.93698203339
12-27-2024 23:44:10,1127.97699213588
12-27-2024 23:54:10,1129.30623253197
12-28-2024 00:04:10,1133.59820910214
12-28-2024 00:14:10,1129.29776066093
12-28-2024 00:24:10,1130.15785034917
12-28-2024 00:34:10,1133.11220314821
12-28-2024 00:44:10,1135.97938989707
12-28-2024 00:54:10,1136.06701170505
12-28-2024 01:04:10,1138.27313929615
12-28-2024 01:14:10,1141.42704471989
12-28-2024 01:24:10,1139.33214035708
12-28-2024 01:34:10,1142.86806463096
12-28-2024 01:44:10,1144.9850314921
12-28-2024 01:54:10,1145.37446617505
12-28-2024 02:04:10,1148.62294230534
12-28-2024 02:14:10,1149.5921880463
12-28-2024 02:24:10,1150.46562099259
12-28-2024 02:34:10,1148.95130379376
12-28-2024 02:44:10,1151.82301153685
12-28-2024 02:54:10,1152.20497904192
12-28-2024 03:04:10,1152.50480990068
12-28-2024 03:14:10,1150.89529936213
12-28-2024 03:24:10,1150.61573309991
12-28-2024 03:34:10,1151.20201447945
12-28-2024 03:44:10,1150.62937212438
12-28-2024 03:54:10,1149.0207701655
12-28-2024 04:04:10,1150.07731271407
12-28-2024 04:14:10,1148.93229257364
12-28-2024 04:24:10,1145.13003947135
12-28-2024 04:34:10,1143.99252245581
12-28-2024 04:44:10,1143.05335647927
12-28-2024 04:54:10,1144.1979359417
12-28-2024 05:04:10,1142.01911267928
12-28-2024 05:14:10,1146.50848924549
12-28-2024 05:24:10,1144.41786870909
12-28-2024 05:34:10,1143.09032930708
12-28-2024 05:44:10,1142.72378944635
12-28-2024 05:54:10,1141.77797842194
12-28-2024 06:04:10,1143.02457150161
12-28-2024 06:14:10,1141.69764979361
12-28-2024 06:24:10,1140.75970346156
12-28-2024 06:34:10,1144.76929335032
12-28-2024 06:44:10,1143.63320349354
12-28-2024 06:54:10,1142.40201670969
12-28-2024 07:04:10,1142.31419079838
12-28-2024 07:14:10,1142.51957808976
12-28-2024 07:24:10,1141.76506707489
12-28-2024 07:34:10,1140.62973198963
12-28-2024 07:44:10,1138.16138370408
12-28-2024 07:54:10,1137.49478985486
12-28-2024 08:04:10,1141.12097615358
12-28-2024 08:14:10,1137.69304264711
12-28-2024 08:24:10,1136.3599573946
12-28-2024 08:34:10,1135.4077536428
12-28-2024 08:44:10,1135.78863514352
12-28-2024 08:54:10,1135.68546369268
12-28-2024 09:04:10,1136.64561852013
12-28-2024 09:14:10,1131.49544521184
12-28-2024 09:24:10,1128.24918050273
12-28-2024 09:34:10,1128.51787921696
12-28-2024 09:44:10,1128.60463107021
12-28-2024 09:54:10,1125.63421127721
12-28-2024 10:04:10,1121.6147288186
12-28-2024 10:14:10,1121.11106557494
12-28-2024 10:24:10,1117.36594111126
12-28-2024 10:34:10,1115.04937149509
12-28-2024 10:44:10,1113.58043532172
12-28-2024 10:54:10,1111.91977232646
12-28-2024 11:04:10,1109.12281669479
12-28-2024 11:14:10,1109.84644578501
12-28-2024 11:24:10,1106.66556413876
12-28-2024 11:34:10,1107.87651493757
12-28-2024 11:44:10,1107.65509559555
12-28-2024 11:54:10,1105.04480423986
12-28-2024 12:04:10,1105.49163746756
12-28-2024 12:14:10,1101.63690204484
12-28-2024 12:24:10,1102.08315325439
12-28-2024 12:34:10,1100.24498979703
12-28-2024 12:44:10,1097.44979219806
12-28-2024 12:54:10,1101.52010348338
12-28-2024 13:04:10,1102.64713779673
12-28-2024 13:14:10,1101.19046479693
12-28-2024 13:24:10,1100.47768102978
12-28-2024 13:34:10,1097.572805168
12-28-2024 13:44:10,1101.3711635188
12-28-2024 13:54:10,1099.52976374767
12-28-2024 14:04:10,1098.16684126325
12-28-2024 14:14:10,1098.04921146287
12-28-2024 14:24:10,1098.21906226142
12-28-2024 14:34:10,1099.55001069167
12-28-2024 14:44:10,1100.41262837788
12-28-2024 14:54:10,1098.39985377672
12-28-2024 15:04:10,1094.06432001549
12-28-2024 15:14:10,1096.5456797845
12-28-2024 15:24:10,1092.98723093698
12-28-2024 15:34:10,1087.31879458343
12-28-2024 15:44:10,1086.15635377494
12-28-2024 15:54:10,1081.0619014146
12-28-2024 16:04:10,1078.55611584763
12-28-2024 16:14:10,1079.03564462046
12-28-2024 16:24:10,1079.89879641155
12-28-2024 16:34:10,1081.54139307672
12-28-2024 16:44:10,1079.43162976339
12-28-2024 16:54:10,1079.07281430704
12-28-2024 17:04:10,1075.71689210154
12-28-2024 17:14:10,1076.01716603559
12-28-2024 17:24:10,1078.53479930731
12-28-2024 17:34:10,1076.83441162142
12-28-2024 17:44:10,1078.77615016349
12-28-2024 17:54:10,1080.52565460337
12-28-2024 18:04:10,1078.72994589777
12-28-2024 18:14:10,1079.12552610363
12-28-2024 18:24:10,1080.47891653252
12-28-2024 18:34:10,1080.59921683134
12-28-2024 18:44:10,1080.6114705701
12-28-2024 18:54:10,1084.19070152328
12-28-2024 19:04:10,1083.83173287386
12-28-2024 19:14:10,1088.94012762554
12-28-2024 19:24:10,1092.22816746886
12-28-2024 19:34:10,1087.76610857151
12-28-2024 19:44:10,1092.38051914712
12-28-2024 19:54:10,1091.17138027012
12-28-2024 20:04:10,1091.49243928531
12-28-2024 20:14:10,1088.94594181016
12-28-2024 20:24:10,1090.88042125282
12-28-2024 20:34:10,1091.48797977843
12-28-2024 20:44:10,1092.29762072821
12-28-2024 20:54:10,1091.84276089054
12-28-2024 21:04:10,1092.72482450423
12-28-2024 21:14:10,1094.84772375163
12-28-2024 21:24:10,1093.42690435417
12-28-2024 21:34:10,1095.65570603748
12-28-2024 21:44:10,1092.93298369655
12-28-2024 21:54:10,1098.97625701908
12-28-2024 22:04:10,1099.48545720914
12-28-2024 22:14:10,1103.89315664432
12-28-2024 22:24:10,1103.62795763426
12-28-2024 22:34:10,1106.12720500987
12-28-2024 22:44:10,1108.91160826018
12-28-2024 22:54:10,1107.8834109468
12-28-2024 23:04:10,1112.00059301617
12-28-2024 23:14:10,1113.7349015615
12-28-2024 23:24:10,1113.93505703368
12-28-2024 23:34:10,1116.14487996752
12-28-2024 23:44:10,1115.02105436673
12-28-2024 23:54:10,1117.32524428576
12-29-2024 00:04:10,1121.53269471054
12-29-2024 00:14:10,1121.93150021383
12-29-2024 00:24:10,1123.47221340585
12-29-2024 00:34:10,1119.86494626685
12-29-2024 00:44:10,1120.44503410673
12-29-2024 00:54:10,1124.56307951244
12-29-2024 01:04:10,1123.14499624017
12-29-2024 01:14:10,1123.25791590099
12-29-2024 01:24:10,1125.56672955209
12-29-2024 01:34:10,1127.87448042338
12-29-2024 01:44:10,1129.50744331432
12-29-2024 01:54:10,1131.14818906054
12-29-2024 02:04:10,1132.12311943433
12-29-2024 02:14:10,1134.99733751985
12-29-2024 02:24:10,1139.67456835336
12-29-2024 02:34:10,1136.84914104943
12-29-2024 02:44:10,1140.86687659123
12-29-2024 02:54:10,1139.93293641296
12-29-2024 03:04:10,1141.94816014561
12-29-2024 03:14:10,1143.10875497424
12-29-2024 03:24:10,1141.51862661188
12-29-2024 03:34:10,1142.10248693883
12-29-2024 03:44:10,1142.48916247106
12-29-2024 03:54:10,1143.45193179104
12-29-2024 04:04:10,1140.6155342679
12-29-2024 04:14:10,1139.58045468341
12-29-2024 04:24:10,1139.87999228202
12-29-2024 04:34:10,1140.54337438595
12-29-2024 04:44:10,1138.46615991308
12-29-2024 04:54:10,1138.94763133952
12-29-2024 05:04:10,1140.55845577652
12-29-2024 05:14:10,1142.17669601396
12-29-2024 05:24:10,1139.15243420883
12-29-2024 05:34:10,1139.34954480489
12-29-2024 05:44:10,1136.51541229706
12-29-2024 05:54:10,1137.17849013388
12-29-2024 06:04:10,1139.83839376179
12-29-2024 06:14:10,1139.37243025582
12-29-2024 06:24:10,1138.81950269591
12-29-2024 06:34:10,1139.40292786975
12-29-2024 06:44:10,1141.68274322723
12-29-2024 06:54:10,1139.42578884908
12-29-2024 07:04:10,1141.99646081422
12-29-2024 07:14:10,1138.69920294841
12-29-2024 07:24:10,1140.89073307765
12-29-2024 07:34:10,1139.39971371695
12-29-2024 07:44:10,1137.33416438333
12-29-2024 07:54:10,1135.63961108694
12-29-2024 08:04:10,1137.0737970823
12-29-2024 08:14:10,1134.91484593228
12-29-2024 08:24:10,1136.34086141822
12-29-2024 08:34:10,1134.07997773622
12-29-2024 08:44:10,1133.6073262493
12-29-2024 08:54:10,1132.9456141676
12-29-2024 09:04:10,1129.82611435387
12-29-2024 09:14:10,1129.35346286694
12-29-2024 09:24:10,1126.51755394537
12-29-2024 09:34:10,1123.01107261124
12-29-2024 09:44:10,1124.23129231763
12-29-2024 09:54:10,1122.61514014772
12-29-2024 10:04:10,1120.51689220115
12-29-2024 10:14:10,1115.95890274918
12-29-2024 10:24:10,1115.73205854977
12-29-2024 10:34:10,1109.73212168176
12-29-2024 10:44:10,1108.56653761
12-29-2024 10:54:10,1106.71740628697
12-29-2024 11:04:10,1104.22436384202
12-29-2024 11:14:10,1105.6145132416
12-29-2024 11:24:10,1104.54149824762
12-29-2024 11:34:10,1107.65857580581
12-29-2024 11:44:10,1109.6289098377
12-29-2024 11:54:10,1107.71313405557
12-29-2024 12:04:10,1106.27083383505
12-29-2024 12:14:10,1107.38841814714
12-29-2024 12:24:10,1107.74761336346
12-29-2024 12:34:10,1108.30664687112
12-29-2024 12:44:10,1104.88181710563
12-29-2024 12:54:10,1103.05871816741
12-29-2024 13:04:10,1100.95040589896
12-29-2024 13:14:10,1099.87467559676
12-29-2024 13:24:10,1097.68098400812
12-29-2024 13:34:10,1097.55353124866
12-29-2024 13:44:10,1094.6611740196
12-29-2024 13:54:10,1090.9234598222
12-29-2024 14:04:10,1089.17920788815
12-29-2024 14:14:10,1083.35978938292
12-29-2024 14:24:10,1086.93565314321
12-29-2024 14:34:10,1084.91604519821
12-29-2024 14:44:10,1082.51552039752
12-29-2024 14:54:10,1083.35923513355
12-29-2024 15:04:10,1085.23724539552
12-29-2024 15:14:10,1083.79888055635
12-29-2024 15:24:10,1083.41846676886
12-29-2024 15:34:10,1080.85067370331
12-29-2024 15:44:10,1079.20936357276
12-29-2024 15:54:10,1081.04088059705
12-29-2024 16:04:10,1078.18777719088
12-29-2024 16:14:10,1077.31942535228
12-29-2024 16:24:10,1076.74876087342
12-29-2024 16:34:10,1077.41453609876
12-29-2024 16:44:10,1077.14163927529
12-29-2024 16:54:10,1075.34724596324
12-29-2024 17:04:10,1076.70352629913
12-29-2024 17:14:10,1079.09284705005
12-29-2024 17:24:10,1081.77907599717
12-29-2024 17:34:10,1079.2492659993
12-29-2024 17:44:10,1078.98872102825
12-29-2024 17:54:10,1077.75341910193
12-29-2024 18:04:10,1078.37287668029
12-29-2024 18:14:10,1078.40984550675
12-29-2024 18:24:10,1077.09265513406
12-29-2024 18:34:10,1077.38994736115
12-29-2024 18:44:10,1079.97820105539
12-29-2024 18:54:10,1081.64050962011
12-29-2024 19:04:10,1080.60859921863
12-29-2024 19:14:10,1079.8032577781
12-29-2024 19:24:10,1082.28208969242
12-29-2024 19:34:10,1084.12023737586
12-29-2024 19:44:10,1082.16446548168
12-29-2024 19:54:10,1084.57062711599
12-29-2024 20:04:10,1083.56348315235
12-29-2024 20:14:10,1086.71465509627
12-29-2024 20:24:10,1087.40124935543
12-29-2024 20:34:10,1086.10979722193
12-29-2024 20:44:10,1088.42947288591
12-29-2024 20:54:10,1088.35781917485
12-29-2024 21:04:10,1086.86606619526
12-29-2024 21:14:10,1088.33228102956
12-29-2024 21:24:10,1091.46687355925
12-29-2024 21:34:10,1093.10919217499
12-29-2024 21:44:10,1096.72638573455
12-29-2024 21:54:10,1096.27518985472
12-29-2024 22:04:10,1099.22878078477
12-29-2024 22:14:10,1100.83653173317
12-29-2024 22:24:10,1101.43550640788
12-29-2024 22:34:10,1103.72542072028
12-29-2024 22:44:10,1101.56155543554
12-29-2024 22:54:10,1101.58254548836
12-29-2024 23:04:10,1100.93147743511
12-29-2024 23:14:10,1104.06056712028
12-29-2024 23:24:10,1104.63783470574
12-29-2024 23:34:10,1105.0362670333
12-29-2024 23:44:10,1103.53493007844
12-29-2024 23:54:10,1105.72814597652
12-30-2024 00:04:10,1104.41600166838
12-30-2024 00:14:10,1107.16514251623
12-30-2024 00:24:10,1106.61868265823
12-30-2024 00:34:10,1109.65029397424
12-30-2024 00:44:10,1111.93581624756
12-30-2024 00:54:10,1110.71829942855
12-30-2024 01:04:10,1114.39992561227
12-30-2024 01:14:10,1112.53120528744
12-30-2024 01:24:10,1113.87169930692
12-30-2024 01:34:10,1115.68357273886
12-30-2024 01:44:10,1117.95738269845
12-30-2024 01:54:10,1117.86303234123
12-30-2024 02:04:10,1116.84380450262
12-30-2024 02:14:10,1115.15519683357
12-30-2024 02:24:10,1117.6077459046
12-30-2024 02:34:10,1118.37157100787
12-30-2024 02:44:10,1116.58878965227
12-30-2024 02:54:10,1117.81487751995
12-30-2024 03:04:10,1118.56939313083
12-30-2024 03:14:10,1114.90058693075
12-30-2024 03:24:10,1115.74935239195
12-30-2024 03:34:10,1115.38154337762
12-30-2024 03:44:10,1116.22088875929
12-30-2024 03:54:10,1116.22088875929
12-30-2024 04:04:10,1113.67459237567
12-30-2024 04:14:10,1112.731519641
12-30-2024 04:24:10,1114.13661391691
12-30-2024 04:34:10,1113.66504166011
12-30-2024 04:44:10,1114.59870579405
12-30-2024 04:54:10,1113.64593586679
12-30-2024 05:04:10,1113.44770880517
12-30-2024 05:14:10,1112.68339251638
12-30-2024 05:24:10,1114.27771876687
12-30-2024 05:34:10,1116.43843307224
12-30-2024 05:44:10,1116.80654664732
12-30-2024 05:54:10,1116.14599355678
12-30-2024 06:04:10,1114.81541844554
12-30-2024 06:14:10,1116.32536906732
12-30-2024 06:24:10,1116.60848480891
12-30-2024 06:34:10,1117.92969160297
12-30-2024 06:44:10,1115.28727801485
12-30-2024 06:54:10,1119.15652648317
12-30-2024 07:04:10,1115.2967110118
12-30-2024 07:14:10,1114.63615792126
12-30-2024 07:24:10,1114.45692469711
12-30-2024 07:34:10,1115.67416992068
12-30-2024 07:44:10,1114.64563978046
12-30-2024 07:54:10,1115.97602519683
12-30-2024 08:04:10,1115.59862376795
12-30-2024 08:14:10,1112.30601982093
12-30-2024 08:24:10,1112.21167664707
12-30-2024 08:34:10,1108.16489327581
12-30-2024 08:44:10,1110.15576988109
12-30-2024 08:54:10,1109.76860513293
12-30-2024 09:04:10,1108.08053605176
12-30-2024 09:14:10,1107.60889199964
12-30-2024 09:24:10,1104.67446158676
12-30-2024 09:34:10,1107.22153335985
12-30-2024 09:44:10,1104.94725225978
12-30-2024 09:54:10,1102.58867291325
12-30-2024 10:04:10,1103.61612840102
12-30-2024 10:14:10,1097.86075661061
12-30-2024 10:24:10,1102.74620229155
12-30-2024 10:34:10,1097.73410203661
12-30-2024 10:44:10,1096.4855359145
12-30-2024 10:54:10,1093.91497992334
12-30-2024 11:04:10,1091.4380555559
12-30-2024 11:14:10,1090.08216932301
12-30-2024 11:24:10,1086.73042076229
12-30-2024 11:34:10,1086.14029803478
12-30-2024 11:44:10,1087.14480562798
12-30-2024 11:54:10,1081.43863381624
12-30-2024 12:04:10,1080.64617535871
12-30-2024 12:14:10,1079.28595583524
12-30-2024 12:24:10,1076.03335287207
12-30-2024 12:34:10,1076.17276480554
12-30-2024 12:44:10,1075.86397725592
12-30-2024 12:54:10,1076.00340133318
12-30-2024 13:04:10,1071.13722145509
12-30-2024 13:14:10,1070.70700947981
12-30-2024 13:24:10,1067.33959778748
12-30-2024 13:34:10,1066.71842310662
12-30-2024 13:44:10,1063.72692145807
12-30-2024 13:54:10,1062.44047241998
12-30-2024 14:04:10,1059.1750385631
12-30-2024 14:14:10,1056.08382939355
12-30-2024 14:24:10,1055.28257183751
12-30-2024 14:34:10,1055.91880216951
12-30-2024 14:44:10,1053.2184824559
12-30-2024 14:54:10,1053.6505249356
12-30-2024 15:04:10,1050.58297763062
12-30-2024 15:14:10,1054.92346058209
12-30-2024 15:24:10,1054.32520336943
12-30-2024 15:34:10,1052.96663515305
12-30-2024 15:44:10,1051.79771120911
12-30-2024 15:54:10,1056.42617914365
12-30-2024 16:04:10,1054.41606233155
12-30-2024 16:14:10,1054.68706926086
12-30-2024 16:24:10,1054.29264901343
12-30-2024 16:34:10,1053.62718025391
12-30-2024 16:44:10,1054.00744811649
12-30-2024 16:54:10,1055.90878742941
12-30-2024 17:04:10,1054.38771597907
12-30-2024 17:14:10,1057.15862075259
12-30-2024 17:24:10,1056.60226709434
12-30-2024 17:34:10,1056.80635950501
12-30-2024 17:44:10,1056.52122423399
12-30-2024 17:54:10,1055.6798913984
12-30-2024 18:04:10,1060.54051834963
12-30-2024 18:14:10,1057.62241616031
12-30-2024 18:24:10,1058.87144730578
12-30-2024 18:34:10,1060.106559806
12-30-2024 18:44:10,1061.19258973736
12-30-2024 18:54:10,1058.56064623674
12-30-2024 19:04:10,1059.14427638072
12-30-2024 19:14:10,1060.59611958549
12-30-2024 19:24:10,1062.4408001569
12-30-2024 19:34:10,1064.36615258686
12-30-2024 19:44:10,1063.7151923452
12-30-2024 19:54:10,1063.85037929321
12-30-2024 20:04:10,1064.73105650579
12-30-2024 20:14:10,1065.7063199847
12-30-2024 20:24:10,1067.83249444628
12-30-2024 20:34:10,1069.28100831957
12-30-2024 20:44:10,1071.47469087846
12-30-2024 20:54:10,1069.81989453644
12-30-2024 21:04:10,1075.04553281761
12-30-2024 21:14:10,1074.02825507366
12-30-2024 21:24:10,1076.13794386782
12-30-2024 21:34:10,1074.35034962809
12-30-2024 21:44:10,1077.29966105606
12-30-2024 21:54:10,1074.37554644718
12-30-2024 22:04:10,1076.75609608476
12-30-2024 22:14:10,1077.9874322256
12-30-2024 22:24:10,1076.6489561734
12-30-2024 22:34:10,1079.8696199522
12-30-2024 22:44:10,1081.38522643634
12-30-2024 22:54:10,1079.75052334315
12-30-2024 23:04:10,1085.23366869713
12-30-2024 23:14:10,1084.65337237466
12-30-2024 23:24:10,1087.75711268815
12-30-2024 23:34:10,1089.06091859872
12-30-2024 23:44:10,1093.30385751501
12-30-2024 23:54:10,1093.94522461337
12-31-2024 00:04:10,1094.40821122856
12-31-2024 00:14:10,1095.71373364407
12-31-2024 00:24:10,1095.60791349098
12-31-2024 00:34:10,1097.00877531136
12-31-2024 00:44:10,1098.61056736059
12-31-2024 00:54:10,1103.15358861706
12-31-2024 01:04:10,1100.10708847527
12-31-2024 01:14:10,1101.22449901402
12-31-2024 01:24:10,1101.30883508761
12-31-2024 01:34:10,1102.6374282536
12-31-2024 01:44:10,1103.95566714484
12-31-2024 01:54:10,1104.345619467
12-31-2024 02:04:10,1103.20682532473
12-31-2024 02:14:10,1106.7181072634
12-31-2024 02:24:10,1108.61609750052
12-31-2024 02:34:10,1108.24652511717
12-31-2024 02:44:10,1111.3779691902
12-31-2024 02:54:10,1111.672408473
12-31-2024 03:04:10,1113.86435693831
12-31-2024 03:14:10,1115.86622887117
12-31-2024 03:24:10,1113.39959718007
12-31-2024 03:34:10,1114.4622655541
12-31-2024 03:44:10,1113.70341815224
12-31-2024 03:54:10,1113.72262189444
12-31-2024 04:04:10,1117.33591914441
12-31-2024 04:14:10,1113.64699286864
12-31-2024 04:24:10,1114.70913553297
12-31-2024 04:34:10,1116.70019548416
12-31-2024 04:44:10,1112.35822978246
12-31-2024 04:54:10,1113.70459473759
12-31-2024 05:04:10,1112.37762756088
12-31-2024 05:14:10,1110.01792121659
12-31-2024 05:24:10,1113.07004447637
12-31-2024 05:34:10,1110.32195735822
12-31-2024 05:44:10,1110.53115337865
12-31-2024 05:54:10,1111.01468695667
12-31-2024 06:04:10,1111.97180983785
12-31-2024 06:14:10,1112.36043395603
12-31-2024 06:24:10,1110.5704808756
12-31-2024 06:34:10,1112.37981657146
12-31-2024 06:44:10,1110.76973084292
12-31-2024 06:54:10,1109.3589876782
12-31-2024 07:04:10,1109.47351376994
12-31-2024 07:14:10,1110.6196064411
12-31-2024 07:24:10,1111.28238028979
12-31-2024 07:34:10,1109.6826796058
12-31-2024 07:44:10,1110.92324869364
12-31-2024 07:54:10,1110.17576236786
12-31-2024 08:04:10,1109.99630853108
12-31-2024 08:14:10,1108.88037435998
12-31-2024 08:24:10,1108.32253510611
12-31-2024 08:34:10,1106.52453919021
12-31-2024 08:44:10,1108.32253510611
12-31-2024 08:54:10,1106.44004311833
12-31-2024 09:04:10,1105.22015699784
12-31-2024 09:14:10,1104.36860478374
12-31-2024 09:24:10,1102.38164961749
12-31-2024 09:34:10,1104.55783860909
12-31-2024 09:44:10,1097.17771942017
12-31-2024 09:54:10,1099.91097761117
12-31-2024 10:04:10,1099.71108098259
12-31-2024 10:14:10,1098.56476790737
12-31-2024 10:24:10,1095.41973894689
12-31-2024 10:34:10,1092.65241895372
12-31-2024 10:44:10,1087.77811637019
12-31-2024 10:54:10,1087.6139341914
12-31-2024 11:04:10,1084.52314484985
12-31-2024 11:14:10,1082.20049899729
12-31-2024 11:24:10,1077.41074328633
12-31-2024 11:34:10,1076.04561583502
12-31-2024 11:44:10,1075.3314616955
12-31-2024 11:54:10,1073.76264350055
12-31-2024 12:04:10,1073.23723821803
12-31-2024 12:14:10,1070.90703812718
12-31-2024 12:24:10,1067.2585684904
12-31-2024 12:34:10,1069.9744882204
12-31-2024 12:44:10,1069.47338651494
12-31-2024 12:54:10,1070.01762706245
12-31-2024 13:04:10,1070.35896620759
12-31-2024 13:14:10,1069.76257280038
12-31-2024 13:24:10,1069.64147706
12-31-2024 13:34:10,1065.79771891704
12-31-2024 13:44:10,1067.76888625731
12-31-2024 13:54:10,1065.74447403736
12-31-2024 14:04:10,1065.43235370527
12-31-2024 14:14:10,1066.45260838794
12-31-2024 14:24:10,1064.04629638972
12-31-2024 14:34:10,1065.73309184079
12-31-2024 14:44:10,1062.76816162912
12-31-2024 14:54:10,1059.88422026661
12-31-2024 15:04:10,1059.58473725613
12-31-2024 15:14:10,1054.88989806954
12-31-2024 15:24:10,1056.11407365593
12-31-2024 15:34:10,1053.62312986658
12-31-2024 15:44:10,1053.5945983697
12-31-2024 15:54:10,1053.10389796136
12-31-2024 16:04:10,1047.7531484053
12-31-2024 16:14:10,1048.9919652247
12-31-2024 16:24:10,1050.23078204409
12-31-2024 16:34:10,1049.37313963066
12-31-2024 16:44:10,1049.65902043514
12-31-2024 16:54:10,1047.46726760082
12-31-2024 17:04:10,1049.10187446205
12-31-2024 17:14:10,1046.93985169067
12-31-2024 17:24:10,1045.14460739297
12-31-2024 17:34:10,1047.15991807519
12-31-2024 17:44:10,1046.52273582073
12-31-2024 17:54:10,1047.87083084929
12-31-2024 18:04:10,1048.66199185409
12-31-2024 18:14:10,1047.35838336078
12-31-2024 18:24:10,1048.06886814749
12-31-2024 18:34:10,1046.49514055885
12-31-2024 18:44:10,1048.50818096153
12-31-2024 18:54:10,1052.64279458634
12-31-2024 19:04:10,1052.78085276105
12-31-2024 19:14:10,1052.90455494384
12-31-2024 19:24:10,1053.70801972296
12-31-2024 19:34:10,1056.58826271604
12-31-2024 19:44:10,1054.25432438625
12-31-2024 19:54:10,1057.33736834354
12-31-2024 20:04:10,1056.98524172719
12-31-2024 20:14:10,1054.06857933364
12-31-2024 20:24:10,1057.23103480239
12-31-2024 20:34:10,1056.02446717816
12-31-2024 20:44:10,1057.47667721801
12-31-2024 20:54:10,1055.97162253083
12-31-2024 21:04:10,1058.1967393607
12-31-2024 21:14:10,1056.04176793235
12-31-2024 21:24:10,1056.62514403457
12-31-2024 21:34:10,1059.11991622677
12-31-2024 21:44:10,1059.32344087531
12-31-2024 21:54:10,1060.19097667058
12-31-2024 22:04:10,1061.81722705018
12-31-2024 22:14:10,1063.83604273098
12-31-2024 22:24:10,1063.75462612823
12-31-2024 22:34:10,1066.04389422933
12-31-2024 22:44:10,1067.46629757512
12-31-2024 22:54:10,1066.82888432567
12-31-2024 23:04:10,1065.9888226654
12-31-2024 23:14:10,1069.87583278007
12-31-2024 23:24:10,1067.97973028511
12-31-2024 23:34:10,1066.85525123332
12-31-2024 23:44:10,1070.64716611242
12-31-2024 23:54:10,1074.0598895036
01-01-2025 00:04:10,1077.69891590586
01-01-2025 00:14:10,1077.55506287147
01-01-2025 00:24:10,1077.41125521239
01-01-2025 00:34:10,1077.2674929286
01-01-2025 00:44:10,1077.12377602012
01-01-2025 00:54:10,1076.98010448694
01-01-2025 01:04:10,1079.12353864423
01-01-2025 01:14:10,1080.31903945705
01-01-2025 01:24:10,1083.31574521274
01-01-2025 01:34:10,1084.52270428932
01-01-2025 01:44:10,1087.70885723476
01-01-2025 01:54:10,1087.20939137241
01-01-2025 02:04:10,1085.656227312
01-01-2025 02:14:10,1087.34807809181
01-01-2025 02:24:10,1086.6481710921
01-01-2025 02:34:10,1089.18148554971
01-01-2025 02:44:10,1090.86167746037
01-01-2025 02:54:10,1091.97318392707
01-01-2025 03:04:10,1091.75821627899
01-01-2025 03:14:10,1092.49066227705
01-01-2025 03:24:10,1095.49646033473
01-01-2025 03:34:10,1095.66030826125
01-01-2025 03:44:10,1097.25529122247
01-01-2025 03:54:10,1100.64894501044
01-01-2025 04:04:10,1101.38060045069
01-01-2025 04:14:10,1102.50094797204
01-01-2025 04:24:10,1102.7691390628
01-01-2025 04:34:10,1103.3112335113
01-01-2025 04:44:10,1105.38719651747
01-01-2025 04:54:10,1105.92904320156
01-01-2025 05:04:10,1104.21016462207
01-01-2025 05:14:10,1104.37370933698
01-01-2025 05:24:10,1105.02010413024
01-01-2025 05:34:10,1106.51746231938
01-01-2025 05:44:10,1104.04324558342
01-01-2025 06:04:10,1106.89318555926
01-01-2025 06:14:10,1106.49940486656
01-01-2025 06:24:10,1106.20029477224
01-01-2025 06:34:10,1104.39971995783
01-01-2025 06:44:10,1104.6678816057
01-01-2025 06:54:10,1104.08609519671
01-01-2025 07:04:10,1104.06110614531
01-01-2025 07:14:10,1102.54561327431
01-01-2025 07:24:10,1104.90072349357
01-01-2025 07:34:10,1104.69704652221
01-01-2025 07:44:10,1102.33339149139
01-01-2025 07:54:10,1103.366725832
01-01-2025 08:04:10,1102.87057928022
01-01-2025 08:14:10,1101.46200373161
01-01-2025 08:24:10,1101.35366128912
01-01-2025 08:34:10,1098.2289600655
01-01-2025 08:44:10,1098.12126955737
01-01-2025 08:54:10,1098.27548768465
01-01-2025 09:04:10,1096.55533757761
01-01-2025 09:14:10,1095.30668137491
01-01-2025 09:24:10,1094.79064649814
01-01-2025 09:34:10,1092.11775731165
01-01-2025 09:44:10,1089.81076976653
01-01-2025 09:54:10,1088.63455218062
01-01-2025 10:04:10,1085.84427189682
01-01-2025 10:14:10,1084.37316985481
01-01-2025 10:24:10,1080.33182222003
01-01-2025 10:34:10,1078.83528737852
01-01-2025 10:44:10,1073.46860084457
01-01-2025 10:54:10,1073.7503034326
01-01-2025 11:04:10,1074.78777070261
01-01-2025 11:14:10,1070.45333698963
01-01-2025 11:24:10,1068.38430229387
01-01-2025 11:34:10,1069.44626586988
01-01-2025 11:44:10,1072.88484827109
01-01-2025 11:54:10,1073.09725476455
01-01-2025 12:04:10,1072.75481225174
01-01-2025 12:14:10,1073.25109546846
01-01-2025 12:24:10,1070.82718151289
01-01-2025 12:34:10,1069.44341946353
01-01-2025 12:44:10,1074.96787859999
01-01-2025 12:54:10,1073.21828607186
01-01-2025 13:04:10,1073.1722171925
01-01-2025 13:14:10,1073.77631315646
01-01-2025 13:24:10,1072.67634482786
01-01-2025 13:34:10,1072.91438333784
01-01-2025 13:44:10,1072.57171856474
01-01-2025 13:54:10,1069.95573970715
01-01-2025 14:04:10,1073.49660956345
01-01-2025 14:14:10,1072.40860970355
01-01-2025 14:24:10,1074.93331245933
01-01-2025 14:34:10,1076.5930827955
01-01-2025 14:44:10,1077.4126162378
01-01-2025 14:54:10,1079.29865807573
01-01-2025 15:04:10,1077.26390627696
01-01-2025 15:14:10,1078.94833446391
01-01-2025 15:24:10,1077.87328057498
01-01-2025 15:34:10,1076.14752372857
01-01-2025 15:44:10,1076.49352856935
01-01-2025 15:54:10,1076.2012701429
01-01-2025 16:04:10,1076.18086758929
01-01-2025 16:14:10,1078.24384488392
01-01-2025 16:24:10,1077.47818183553
01-01-2025 16:34:10,1077.29313471371
01-01-2025 16:44:10,1077.66379251859
01-01-2025 16:54:10,1077.66816469054
01-01-2025 17:04:10,1077.10499390744
01-01-2025 17:14:10,1076.44757408707
01-01-2025 17:24:10,1075.14110149137
01-01-2025 17:34:10,1075.98469642573
01-01-2025 17:44:10,1074.66659471947
01-01-2025 17:54:10,1074.79162135178
01-01-2025 18:04:10,1076.59187550251
01-01-2025 18:14:10,1077.27047242626
01-01-2025 18:24:10,1075.37496870507
01-01-2025 18:34:10,1077.65835062352
01-01-2025 18:44:10,1075.03383291148
01-01-2025 18:54:10,1074.09633725752
01-01-2025 19:04:10,1072.78208592913
01-01-2025 19:14:10,1073.92012460707
01-01-2025 19:24:10,1072.22957583457
01-01-2025 19:34:10,1074.12136841039
01-01-2025 19:44:10,1071.28815008534
01-01-2025 19:54:10,1072.70851126355
01-01-2025 20:04:10,1070.64317343744
01-01-2025 20:14:10,1073.46310502047
01-01-2025 20:24:10,1073.36316170914
01-01-2025 20:34:10,1071.86384069054
01-01-2025 20:44:10,1074.41248144838
01-01-2025 20:54:10,1071.86588278073
01-01-2025 21:04:10,1071.68522537574
01-01-2025 21:14:10,1071.85541971194
01-01-2025 21:24:10,1072.79092619028
01-01-2025 21:34:10,1073.3373395667
01-01-2025 21:44:10,1072.95593813983
01-01-2025 21:54:10,1070.76242667463
01-01-2025 22:04:10,1073.84798826314
01-01-2025 22:14:10,1073.06526863774
01-01-2025 22:24:10,1077.27886479543
01-01-2025 22:34:10,1076.49630013987
01-01-2025 22:44:10,1078.74727420968
01-01-2025 22:54:10,1080.60947580688
01-01-2025 23:04:10,1079.27546168587
01-01-2025 23:14:10,1081.78332321043
01-01-2025 23:24:10,1083.45718729095
01-01-2025 23:34:10,1085.31882332028
01-01-2025 23:44:10,1083.79701442779
01-01-2025 23:54:10,1086.59816389438
01-02-2025 00:04:10,1086.76795121967
01-02-2025 00:14:10,1088.81690569548
01-02-2025 00:24:10,1088.03548182493
01-02-2025 00:34:10,1088.86294323141
01-02-2025 00:44:10,1091.85101510358
01-02-2025 00:54:10,1089.10862218705
01-02-2025 01:04:10,1092.37811789411
01-02-2025 01:14:10,1094.61403900101
01-02-2025 01:24:10,1094.78356470413
01-02-2025 01:34:10,1098.15685107264
01-02-2025 01:44:10,1100.3918269418
01-02-2025 01:54:10,1096.80560571362
01-02-2025 02:04:10,1098.57106267414
01-02-2025 02:14:10,1097.43725304579
01-02-2025 02:24:10,1098.65010562135
01-02-2025 02:34:10,1099.9457144807
01-02-2025 02:44:10,1098.81231596075
01-02-2025 02:54:10,1096.1782917001
01-02-2025 03:04:10,1099.45455650793
01-02-2025 03:14:10,1097.29029360473
01-02-2025 03:24:10,1096.34578721304
01-02-2025 03:34:10,1096.52672577638
01-02-2025 03:44:10,1097.83259846826
01-02-2025 03:54:10,1097.82592854308
01-02-2025 04:04:10,1096.13245044065
01-02-2025 04:14:10,1098.27035794878
01-02-2025 04:24:10,1098.35750870734
01-02-2025 04:34:10,1095.91534176614
01-02-2025 04:44:10,1095.45211952508
01-02-2025 04:54:10,1097.68267807146
01-02-2025 05:04:10,1096.83375147552
01-02-2025 05:14:10,1098.23210449646
01-02-2025 05:24:10,1097.95612155157
01-02-2025 05:34:10,1100.26816504217
01-02-2025 05:44:10,1098.41200203486
01-02-2025 05:54:10,1098.31247811149
01-02-2025 06:04:10,1098.49368595318
01-02-2025 06:14:10,1096.61721396371
01-02-2025 06:24:10,1098.10799508939
01-02-2025 06:34:10,1097.9153348197
01-02-2025 06:44:10,1097.61827259835
01-02-2025 06:54:10,1099.01504914272
01-02-2025 07:04:10,1097.43155507056
01-02-2025 07:14:10,1096.01339919217
01-02-2025 07:24:10,1096.58015309148
01-02-2025 07:34:10,1097.5093117253
01-02-2025 07:44:10,1097.58655664234
01-02-2025 07:54:10,1096.63639602679
01-02-2025 08:04:10,1098.95534427313
01-02-2025 08:14:10,1095.50625110454
01-02-2025 08:24:10,1096.89101343372
01-02-2025 08:34:10,1096.4905785305
01-02-2025 08:44:10,1095.17902779097
01-02-2025 08:54:10,1091.87322402168
01-02-2025 09:04:10,1091.75304717407
01-02-2025 09:14:10,1089.19376617987
01-02-2025 09:24:10,1086.44738217202
01-02-2025 09:34:10,1084.62236498059
01-02-2025 09:44:10,1083.35724965683
01-02-2025 09:54:10,1080.42266341298
01-02-2025 10:04:10,1077.16940522596
01-02-2025 10:14:10,1074.02057581407
01-02-2025 10:24:10,1073.66184283527
01-02-2025 10:34:10,1071.69999379568
01-02-2025 10:44:10,1070.48513534345
01-02-2025 10:54:10,1068.69442526796
01-02-2025 11:04:10,1066.08641213834
01-02-2025 11:14:10,1061.8568400512
01-02-2025 11:24:10,1059.33848721784
01-02-2025 11:34:10,1057.84963938045
01-02-2025 11:44:10,1055.99923192495
01-02-2025 11:54:10,1053.4915949394
01-02-2025 12:04:10,1053.32766693968
01-02-2025 12:14:10,1052.03790376718
01-02-2025 12:24:10,1051.49825682255
01-02-2025 12:34:10,1053.77409710096
01-02-2025 12:44:10,1055.23502987393
01-02-2025 12:54:10,1053.67773452098
01-02-2025 13:04:10,1052.88580034628
01-02-2025 13:14:10,1054.05094784662
01-02-2025 13:24:10,1055.48373346741
01-02-2025 13:34:10,1056.25958687943
01-02-2025 13:44:10,1054.79522409949
01-02-2025 13:54:10,1053.98823990852
01-02-2025 14:04:10,1051.48929856309
01-02-2025 14:14:10,1053.59560679052
01-02-2025 14:24:10,1055.99911037553
01-02-2025 14:34:10,1053.60830392237
01-02-2025 14:44:10,1054.41388544573
01-02-2025 14:54:10,1056.92656856199
01-02-2025 15:04:10,1056.52464447449
01-02-2025 15:14:10,1057.80076479526
01-02-2025 15:24:10,1056.83472667448
01-02-2025 15:34:10,1055.88327076944
01-02-2025 15:44:10,1055.37292748545
01-02-2025 15:54:10,1051.58617993084
01-02-2025 16:04:10,1050.15018238465
01-02-2025 16:14:10,1051.44104758817
01-02-2025 16:24:10,1048.12457708608
01-02-2025 16:34:10,1050.27678014936
01-02-2025 16:44:10,1047.71282564332
01-02-2025 16:54:10,1049.01887776673
01-02-2025 17:04:10,1049.46365910807
01-02-2025 17:14:10,1052.27369427709
01-02-2025 17:24:10,1049.33429356539
01-02-2025 17:34:10,1050.07623939549
01-02-2025 17:44:10,1050.89714380165
01-02-2025 17:54:10,1051.09003390017
01-02-2025 18:04:10,1051.54991043485
01-02-2025 18:14:10,1055.00217135692
01-02-2025 18:24:10,1054.8979959494
01-02-2025 18:34:10,1056.48524446026
01-02-2025 18:44:10,1048.69178928993
01-02-2025 18:54:10,1056.55884471379
01-02-2025 19:04:10,1053.35469905243
01-02-2025 19:14:10,1056.45936872149
01-02-2025 19:24:10,1056.44939979938
01-02-2025 19:34:10,1055.79674018977
01-02-2025 19:44:10,1053.36038128353
01-02-2025 19:54:10,1056.08814957459
01-02-2025 20:04:10,1057.12559917865
01-02-2025 20:14:10,1058.53820153157
01-02-2025 20:24:10,1060.2176198461
01-02-2025 20:34:10,1058.8940897761
01-02-2025 20:44:10,1062.65172851577
01-02-2025 20:54:10,1064.33049985638
01-02-2025 21:04:10,1063.27453905101
01-02-2025 21:14:10,1063.54612993093
01-02-2025 21:24:10,1065.41234279652
01-02-2025 21:34:10,1064.46452948435
01-02-2025 21:44:10,1067.3344977722
01-02-2025 21:54:10,1064.10744646211
01-02-2025 22:04:10,1064.55276347835
01-02-2025 22:14:10,1064.7167033051
01-02-2025 22:24:10,1067.30583106
01-02-2025 22:34:10,1067.26837728257
01-02-2025 22:44:10,1068.16924088267
01-02-2025 22:54:10,1072.54220528927
01-02-2025 23:04:10,1072.42489259868
01-02-2025 23:14:10,1074.92172438531
01-02-2025 23:24:10,1075.16656549204
01-02-2025 23:34:10,1076.26941244785
01-02-2025 23:44:10,1076.42059165783
01-02-2025 23:54:10,1078.07365834547
01-03-2025 00:04:10,1078.70747598613
01-03-2025 00:14:10,1081.2186263594
01-03-2025 00:24:10,1083.54209337224
01-03-2025 00:34:10,1083.23740346015
01-03-2025 00:44:10,1086.68733363798
01-03-2025 00:54:10,1088.83551875229
01-03-2025 01:04:10,1088.43713614599
01-03-2025 01:14:10,1089.37735949667
01-03-2025 01:24:10,1090.0114121872
01-03-2025 01:34:10,1090.47002979797
01-03-2025 01:44:10,1090.00259033898
01-03-2025 01:54:10,1091.3177022367
01-03-2025 02:04:10,1093.17122108417
01-03-2025 02:14:10,1092.69165164003
01-03-2025 02:24:10,1095.02601057494
01-03-2025 02:34:10,1092.87038256267
01-03-2025 02:44:10,1097.56031400157
01-03-2025 02:54:10,1097.3621391025
01-03-2025 03:04:10,1097.8319907472
01-03-2025 03:14:10,1097.16527522801
01-03-2025 03:24:10,1099.79079339378
01-03-2025 03:34:10,1098.30408370697
01-03-2025 03:44:10,1101.30332439876
01-03-2025 03:54:10,1102.61561505626
01-03-2025 04:04:10,1102.15944117731
01-03-2025 04:14:10,1103.95067967804
01-03-2025 04:24:10,1102.81663354289
01-03-2025 04:34:10,1100.85175842079
01-03-2025 04:44:10,1101.6017978591
01-03-2025 04:54:10,1101.13512711727
01-03-2025 05:04:10,1100.85579781362
01-03-2025 05:14:10,1100.95083023284
01-03-2025 05:24:10,1099.92343981118
01-03-2025 05:34:10,1099.72655031685
01-03-2025 05:44:10,1098.03335768614
01-03-2025 05:54:10,1097.8602453275
01-03-2025 06:04:10,1097.86250639076
01-03-2025 06:14:10,1100.19013137648
01-03-2025 06:24:10,1098.31108938859
01-03-2025 06:34:10,1096.26921489958
01-03-2025 06:44:10,1097.40505229264
01-03-2025 06:54:10,1097.23269284541
01-03-2025 07:04:10,1094.62032659753
01-03-2025 07:14:10,1094.83431785615
01-03-2025 07:24:10,1095.78306892377
01-03-2025 07:34:10,1093.63958065235
01-03-2025 07:44:10,1091.69569113414
01-03-2025 07:54:10,1090.21921774636
01-03-2025 08:04:10,1089.95601105209
01-03-2025 08:14:10,1089.94798217333
01-03-2025 08:24:10,1087.99415468987
01-03-2025 08:34:10,1086.86747953405
01-03-2025 08:44:10,1084.14318578878
01-03-2025 08:54:10,1084.86892187524
01-03-2025 09:04:10,1080.55959088709
01-03-2025 09:14:10,1079.50060152026
01-03-2025 09:24:10,1077.88194598004
01-03-2025 09:34:10,1075.76976704396
01-03-2025 09:44:10,1072.92397655103
01-03-2025 09:54:10,1071.08985148839
01-03-2025 10:04:10,1069.14755278176
01-03-2025 10:14:10,1067.00315058419
01-03-2025 10:24:10,1065.21642606557
01-03-2025 10:34:10,1066.1384275479
01-03-2025 10:44:10,1063.14863358256
01-03-2025 10:54:10,1060.59477806378
01-03-2025 11:04:10,1057.77235926141
01-03-2025 11:14:10,1054.85372962397
01-03-2025 11:24:10,1052.60350935173
01-03-2025 11:34:10,1049.60196820594
01-03-2025 11:44:10,1049.05095592082
01-03-2025 11:54:10,1049.81222053305
01-03-2025 12:04:10,1048.04171874324
01-03-2025 12:14:10,1046.45777448322
01-03-2025 12:24:10,1045.62361550541
01-03-2025 12:34:10,1043.67861055447
01-03-2025 12:44:10,1046.52090398649
01-03-2025 12:54:10,1044.38742796139
01-03-2025 13:04:10,1043.08216030964
01-03-2025 13:14:10,1043.76549408466
01-03-2025 13:24:10,1040.22012837939
01-03-2025 13:34:10,1038.92915229187
01-03-2025 13:44:10,1034.25284220097
01-03-2025 13:54:10,1034.93483432314
01-03-2025 14:04:10,1031.68357693316
01-03-2025 14:14:10,1030.97127242093
01-03-2025 14:24:10,1031.08837055301
01-03-2025 14:34:10,1028.96414396371
01-03-2025 14:44:10,1028.62759429141
01-03-2025 14:54:10,1027.36709204381
01-03-2025 15:04:10,1026.76537963139
01-03-2025 15:14:10,1026.65186955485
01-03-2025 15:24:10,1026.16186352876
01-03-2025 15:34:10,1025.97191788794
01-03-2025 15:44:10,1023.86409296554
01-03-2025 15:54:10,1023.69221622247
01-03-2025 16:04:10,1020.6612096623
01-03-2025 16:14:10,1022.8069051817
01-03-2025 16:24:10,1018.72247257485
01-03-2025 16:34:10,1020.11539069093
01-03-2025 16:44:10,1018.59038058507
01-03-2025 16:54:10,1018.47733856286
01-03-2025 17:04:10,1018.36434191594
01-03-2025 17:14:10,1016.29309879615
01-03-2025 17:24:10,1018.25086988069
01-03-2025 17:34:10,1017.68572272215
01-03-2025 17:44:10,1018.34410578626
01-03-2025 17:54:10,1016.80139782072
01-03-2025 18:04:10,1015.48370881957
01-03-2025 18:14:10,1014.73087432435
01-03-2025 18:24:10,1017.08326164909
01-03-2025 18:34:10,1016.80096023013
01-03-2025 18:44:10,1015.18313830768
01-03-2025 18:54:10,1015.08926688194
01-03-2025 19:04:10,1017.3472419465
01-03-2025 19:14:10,1015.46612065677
01-03-2025 19:24:10,1017.7995485894
01-03-2025 19:34:10,1020.80959393063
01-03-2025 19:44:10,1020.73373631918
01-03-2025 19:54:10,1022.20237764622
01-03-2025 20:04:10,1022.40853995568
01-03-2025 20:14:10,1025.32352138109
01-03-2025 20:24:10,1023.93105772966
01-03-2025 20:34:10,1026.35761826599
01-03-2025 20:44:10,1029.72436335395
01-03-2025 20:54:10,1031.11686154693
01-03-2025 21:04:10,1032.99671737729
01-03-2025 21:14:10,1034.93614715275
01-03-2025 21:24:10,1041.02947735325
01-03-2025 21:34:10,1041.29399003585
01-03-2025 21:44:10,1039.6782697411
01-03-2025 21:54:10,1039.84885925667
01-03-2025 22:04:10,1043.79650898227
01-03-2025 22:14:10,1044.06118890163
01-03-2025 22:24:10,1044.32591419629
01-03-2025 22:34:10,1044.21465772461
01-03-2025 22:44:10,1049.63380963911
01-03-2025 22:54:10,1051.21488017097
01-03-2025 23:04:10,1054.30021876025
01-03-2025 23:14:10,1052.59089292558
01-03-2025 23:24:10,1053.13794648939
01-03-2025 23:34:10,1053.88881817094
01-03-2025 23:44:10,1054.89028716634
01-03-2025 23:54:10,1060.13817273767
01-04-2025 00:04:10,1058.42907377951
01-04-2025 00:14:10,1062.64289700748
01-04-2025 00:24:10,1064.50641766996
01-04-2025 00:34:10,1064.50467998222
01-04-2025 00:44:10,1063.54795232077
01-04-2025 00:54:10,1067.38561609052
01-04-2025 01:04:10,1068.68514202951
01-04-2025 01:14:10,1069.73189384436
01-04-2025 01:24:10,1071.50128775941
01-04-2025 01:34:10,1073.94296527946
01-04-2025 01:44:10,1074.50476423863
01-04-2025 01:54:10,1077.69772707248
01-04-2025 02:04:10,1076.27189880458
01-04-2025 02:14:10,1076.08188940872
01-04-2025 02:24:10,1075.89196599373
01-04-2025 02:34:10,1077.20532481538
01-04-2025 02:44:10,1077.75296512986
01-04-2025 02:54:10,1078.61045483461
01-04-2025 03:04:10,1078.05893432542
01-04-2025 03:14:10,1080.2170933309
01-04-2025 03:24:10,1079.18214280938
01-04-2025 03:34:10,1080.11930491428
01-04-2025 03:44:10,1078.44139461425
01-04-2025 03:54:10,1077.4070697911
01-04-2025 04:04:10,1079.29692986648
01-04-2025 04:14:10,1080.42161258485
01-04-2025 04:24:10,1079.32170247918
01-04-2025 04:34:10,1080.95683586137
01-04-2025 04:44:10,1083.12639622859
01-04-2025 04:54:10,1080.51263360976
01-04-2025 05:04:10,1077.88564955465
01-04-2025 05:14:10,1081.47523785208
01-04-2025 05:24:10,1079.81442775417
01-04-2025 05:34:10,1078.87608572203
01-04-2025 05:44:10,1079.55904579802
01-04-2025 05:54:10,1077.97936875199
01-04-2025 06:04:10,1078.07225929582
01-04-2025 06:14:10,1078.00604829187
01-04-2025 06:24:10,1077.42932763958
01-04-2025 06:34:10,1076.21128781277
01-04-2025 06:44:10,1074.88549506953
01-04-2025 06:54:10,1074.13607053849
01-04-2025 07:04:10,1075.63411407139
01-04-2025 07:14:10,1074.58958194404
01-04-2025 07:24:10,1073.15604225394
01-04-2025 07:34:10,1075.12250088029
01-04-2025 07:44:10,1073.7971926933
01-04-2025 07:54:10,1073.0337542527
01-04-2025 08:04:10,1072.81763266718
01-04-2025 08:14:10,1071.00943546659
01-04-2025 08:24:10,1072.39999139184
01-04-2025 08:34:10,1070.23183383764
01-04-2025 08:44:10,1068.43832785397
01-04-2025 08:54:10,1068.58173924988
01-04-2025 09:04:10,1066.41337803177
01-04-2025 09:14:10,1064.58928234408
01-04-2025 09:24:10,1060.25047732386
01-04-2025 09:34:10,1064.79676055461
01-04-2025 09:44:10,1065.59582861924
01-04-2025 09:54:10,1063.69232872133
01-04-2025 10:04:10,1062.80420143335
01-04-2025 10:14:10,1061.35332210785
01-04-2025 10:24:10,1059.13621298908
01-04-2025 10:34:10,1058.87204258638
01-04-2025 10:44:10,1056.07433062635
01-04-2025 10:54:10,1052.7732180344
01-04-2025 11:04:10,1053.55587847584
01-04-2025 11:14:10,1049.98596976536
01-04-2025 11:24:10,1047.65150380703
01-04-2025 11:34:10,1044.95652377315
01-04-2025 11:44:10,1046.00353559468
01-04-2025 11:54:10,1044.34107050448
01-04-2025 12:14:10,1043.30219892236
01-04-2025 12:24:10,1044.17841708981
01-04-2025 12:34:10,1043.84863940415
01-04-2025 12:44:10,1048.42934757657
01-04-2025 12:54:10,1046.8598451958
01-04-2025 13:04:10,1049.07223435102
01-04-2025 13:14:10,1046.67163410028
01-04-2025 13:24:10,1045.9654047613
01-04-2025 13:34:10,1046.18397846611
01-04-2025 13:44:10,1042.53988393089
01-04-2025 13:54:10,1041.1557884356
01-04-2025 14:04:10,1036.09504441573
01-04-2025 14:14:10,1034.61458437952
01-04-2025 14:24:10,1032.1321114967
01-04-2025 14:34:10,1030.17878870913
01-04-2025 14:44:10,1030.41227138638
01-04-2025 14:54:10,1029.43768633758
01-04-2025 15:04:10,1027.21823449033
01-04-2025 15:14:10,1027.9048694236
01-04-2025 15:24:10,1025.51414985996
01-04-2025 15:34:10,1026.04885126449
01-04-2025 15:44:10,1022.71382920157
01-04-2025 15:54:10,1022.70087366632
01-04-2025 16:04:10,1024.57568931495
01-04-2025 16:14:10,1021.73123581743
01-04-2025 16:24:10,1022.66227931237
01-04-2025 16:34:10,1023.49898189218
01-04-2025 16:44:10,1024.9964338803
01-04-2025 16:54:10,1024.24734817039
01-04-2025 17:04:10,1023.70591071731
01-04-2025 17:14:10,1021.23985683996
01-04-2025 17:24:10,1022.66162522437
01-04-2025 17:34:10,1021.5546860147
01-04-2025 17:44:10,1021.93853171562
01-04-2025 17:54:10,1023.45432255125
01-04-2025 18:04:10,1023.27215113888
01-04-2025 18:14:10,1019.60043061773
01-04-2025 18:24:10,1023.00237235306
01-04-2025 18:34:10,1023.48055118766
01-04-2025 18:44:10,1022.63861423401
01-04-2025 18:54:10,1024.24829269348
01-04-2025 19:04:10,1023.59509835813
01-04-2025 19:14:10,1026.92000932555
01-04-2025 19:24:10,1025.1357981682
01-04-2025 19:34:10,1026.83916224772
01-04-2025 19:44:10,1025.80928622039
01-04-2025 19:54:10,1029.02022470894
01-04-2025 20:04:10,1030.92980253122
01-04-2025 20:14:10,1033.02728392963
01-04-2025 20:24:10,1033.03384854298
01-04-2025 20:34:10,1033.05858737402
01-04-2025 20:44:10,1034.19540937118
01-04-2025 20:54:10,1034.03177288732
01-04-2025 21:04:10,1036.39242225223
01-04-2025 21:14:10,1034.70433652317
01-04-2025 21:24:10,1038.28854430632
01-04-2025 21:34:10,1039.33061155715
01-04-2025 21:44:10,1038.60187092843
01-04-2025 21:54:10,1039.90850859728
01-04-2025 22:04:10,1041.42095873701
01-04-2025 22:14:10,1043.57461916871
01-04-2025 22:24:10,1042.7166807356
01-04-2025 22:34:10,1045.34100133043
01-04-2025 22:44:10,1047.68302565305
01-04-2025 22:54:10,1047.31290058106
01-04-2025 23:04:10,1047.96092288483
01-04-2025 23:14:10,1046.14500756488
01-04-2025 23:24:10,1047.28086218105
01-04-2025 23:34:10,1051.22275633944
01-04-2025 23:44:10,1058.74075180716
01-04-2025 23:54:10,1053.08384973533
01-05-2025 00:04:10,1056.17891940367
01-05-2025 00:14:10,1056.56139403927
01-05-2025 00:24:10,1059.10799487868
01-05-2025 00:34:10,1057.5758255048
01-05-2025 00:44:10,1062.75704120767
01-05-2025 00:54:10,1061.55582527417
01-05-2025 01:04:10,1059.28779776169
01-05-2025 01:14:10,1064.29563550638
01-05-2025 01:24:10,1063.45498261659
01-05-2025 01:34:10,1067.78724318752
01-05-2025 01:44:10,1068.48244104619
01-05-2025 01:54:10,1069.05229230391
01-05-2025 02:04:10,1070.95372690965
01-05-2025 02:14:10,1073.43384225747
01-05-2025 02:24:10,1072.89078991286
01-05-2025 02:34:10,1071.69027498087
01-05-2025 02:44:10,1073.21453172884
01-05-2025 02:54:10,1071.3569747966
01-05-2025 03:04:10,1074.38358853574
01-05-2025 03:14:10,1073.10523885436
01-05-2025 03:24:10,1075.66119661698
01-05-2025 03:34:10,1073.89869001444
01-05-2025 03:44:10,1071.6675376179
01-05-2025 03:54:10,1070.93850703746
01-05-2025 04:04:10,1074.16549969742
01-05-2025 04:14:10,1073.62411616878
01-05-2025 04:24:10,1075.61519557791
01-05-2025 04:34:10,1074.80776401523
01-05-2025 04:44:10,1074.36054030229
01-05-2025 04:54:10,1077.94419508535
01-05-2025 05:04:10,1075.15371484552
01-05-2025 05:14:10,1074.14460570659
01-05-2025 05:24:10,1077.05599133662
01-05-2025 05:34:10,1075.31263172393
01-05-2025 05:44:10,1076.45848077724
01-05-2025 05:54:10,1077.04214527022
01-05-2025 06:04:10,1075.47204439551
01-05-2025 06:14:10,1075.58770760564
01-05-2025 06:24:10,1078.94989961601
01-05-2025 06:34:10,1077.56740372217
01-05-2025 06:44:10,1077.66789560294
01-05-2025 06:54:10,1077.03474564601
01-05-2025 07:04:10,1077.89903824941
01-05-2025 07:14:10,1079.87098873752
01-05-2025 07:24:10,1079.51860998432
01-05-2025 07:34:10,1078.02893115208
01-05-2025 07:44:10,1077.75553524378
01-05-2025 07:54:10,1074.86336030927
01-05-2025 08:04:10,1078.69044763547
01-05-2025 08:14:10,1077.31001406039
01-05-2025 08:24:10,1079.09421271726
01-05-2025 08:34:10,1083.02877287731
01-05-2025 08:44:10,1079.84217633114
01-05-2025 08:54:10,1079.10168871042
01-05-2025 09:04:10,1075.99370438136
01-05-2025 09:14:10,1074.94250786316
01-05-2025 09:24:10,1072.39490886339
01-05-2025 09:34:10,1072.9177824168
01-05-2025 09:44:10,1071.00865017343
01-05-2025 09:54:10,1069.36387452804
01-05-2025 10:04:10,1066.79845095192
01-05-2025 10:14:10,1064.57435985115
01-05-2025 10:24:10,1061.50618081067
01-05-2025 10:34:10,1059.5601279931
01-05-2025 10:44:10,1059.07879959423
01-05-2025 10:54:10,1058.6136508098
01-05-2025 11:04:10,1057.28735593265
01-05-2025 11:14:10,1057.29020322612
01-05-2025 11:24:10,1050.45875863347
01-05-2025 11:34:10,1050.74064404072
01-05-2025 11:44:10,1050.2886963919
01-05-2025 11:54:10,1051.63862973814
01-05-2025 12:04:10,1051.67378661226
01-05-2025 12:14:10,1048.4022086205
01-05-2025 12:24:10,1047.89017998038
01-05-2025 12:34:10,1049.33484076791
01-05-2025 12:44:10,1049.29296731628
01-05-2025 12:54:10,1053.31241705455
01-05-2025 13:04:10,1055.16936839133
01-05-2025 13:14:10,1052.90536731045
01-05-2025 13:24:10,1054.55727505849
01-05-2025 13:34:10,1053.68678079431
01-05-2025 13:44:10,1053.53439994762
01-05-2025 13:54:10,1052.47541537191
01-05-2025 14:04:10,1048.76372676475
01-05-2025 14:14:10,1046.85710678964
01-05-2025 14:24:10,1046.25022883011
01-05-2025 14:34:10,1049.14430747763
01-05-2025 14:44:10,1045.35423382517
01-05-2025 14:54:10,1045.61235821143
01-05-2025 15:04:10,1047.47134093524
01-05-2025 15:14:10,1045.7521364196
01-05-2025 15:24:10,1044.50359390026
01-05-2025 15:34:10,1041.55955611516
01-05-2025 15:44:10,1042.1184026196
01-05-2025 15:54:10,1041.228018196
01-05-2025 16:04:10,1038.09474216094
01-05-2025 16:14:10,1038.18279771011
01-05-2025 16:24:10,1034.67226635131
01-05-2025 16:34:10,1035.90966559765
01-05-2025 16:44:10,1032.68168094188
01-05-2025 16:54:10,1032.31781842049
01-05-2025 17:04:10,1031.18141117782
01-05-2025 17:14:10,1030.04504931045
01-05-2025 17:24:10,1029.96417705938
01-05-2025 17:34:10,1028.07440115426
01-05-2025 17:44:10,1028.18218090411
01-05-2025 17:54:10,1025.63329808976
01-05-2025 18:04:10,1028.28437235422
01-05-2025 18:14:10,1027.07379390474
01-05-2025 18:24:10,1028.23706852144
01-05-2025 18:34:10,1030.24740863953
01-05-2025 18:44:10,1028.37833351386
01-05-2025 18:54:10,1028.29817251545
01-05-2025 19:04:10,1029.08452267366
01-05-2025 19:14:10,1029.38090630372
01-05-2025 19:24:10,1030.28035376467
01-05-2025 19:34:10,1030.50179287533
01-05-2025 19:44:10,1031.28762037756
01-05-2025 19:54:10,1032.95774841845
01-05-2025 20:04:10,1035.41655808378
01-05-2025 20:14:10,1034.2460728977
01-05-2025 20:24:10,1034.91817663097
01-05-2025 20:34:10,1037.31949244529
01-05-2025 20:44:10,1039.04353973839
01-05-2025 20:54:10,1039.5272571659
01-05-2025 21:04:10,1040.31128929764
01-05-2025 21:14:10,1040.32524761416
01-05-2025 21:24:10,1042.31175919434
01-05-2025 21:34:10,1041.01078367063
01-05-2025 21:44:10,1040.2735492775
01-05-2025 21:54:10,1042.16588291087
01-05-2025 22:04:10,1045.84208741076
01-05-2025 22:14:10,1047.92161588142
01-05-2025 22:24:10,1044.80081179294
01-05-2025 22:34:10,1047.16220195893
01-05-2025 22:44:10,1046.87645587748
01-05-2025 22:54:10,1049.5953253103
01-05-2025 23:04:10,1052.03256166789
01-05-2025 23:14:10,1051.9524122578
01-05-2025 23:24:10,1055.79784706421
01-05-2025 23:34:10,1058.03004355668
01-05-2025 23:44:10,1057.66793921804
01-05-2025 23:54:10,1061.51351015034
01-06-2025 00:04:10,1064.79581224006
01-06-2025 00:14:10,1063.87011465782
01-06-2025 00:24:10,1067.07496142688
01-06-2025 00:34:10,1070.7487035626
01-06-2025 00:44:10,1070.10451435488
01-06-2025 00:54:10,1070.58668358723
01-06-2025 01:04:10,1074.18171651506
01-06-2025 01:14:10,1074.58579472738
01-06-2025 01:24:10,1076.85011091423
01-06-2025 01:34:10,1077.70703053275
01-06-2025 01:44:10,1078.09487740668
01-06-2025 01:54:10,1080.17100443852
01-06-2025 02:04:10,1081.2307830384
01-06-2025 02:14:10,1081.0713695925
01-06-2025 02:24:10,1082.78709211964
01-06-2025 02:34:10,1083.1900565102
01-06-2025 02:44:10,1084.60860145845
01-06-2025 02:54:10,1085.38619894317
01-06-2025 03:04:10,1087.10064531998
01-06-2025 03:14:10,1085.25454194737
01-06-2025 03:24:10,1085.45459896057
01-06-2025 03:34:10,1085.46733930088
01-06-2025 03:44:10,1087.18127375883
01-06-2025 03:54:10,1086.46000680279
01-06-2025 04:04:10,1084.67839456916
01-06-2025 04:14:10,1087.42206880095
01-06-2025 04:24:10,1087.16926935775
01-06-2025 04:34:10,1085.96532877443
01-06-2025 04:44:10,1088.14641469636
01-06-2025 04:54:10,1086.84921048114
01-06-2025 05:04:10,1087.61103950614
01-06-2025 05:14:10,1088.37281267543
01-06-2025 05:24:10,1089.14958857894
01-06-2025 05:34:10,1087.21338344863
01-06-2025 05:44:10,1088.73849698223
01-06-2025 05:54:10,1087.62955376428
01-06-2025 06:04:10,1087.45600977283
01-06-2025 06:14:10,1085.8798981356
01-06-2025 06:24:10,1086.92217176057
01-06-2025 06:34:10,1088.16650941269
01-06-2025 06:44:10,1088.55412616192
01-06-2025 06:54:10,1087.75699196496
01-06-2025 07:04:10,1087.49047854695
01-06-2025 07:14:10,1087.23932415224
01-06-2025 07:24:10,1085.21323220656
01-06-2025 07:34:10,1087.09582957234
01-06-2025 07:44:10,1085.0549186504
01-06-2025 07:54:10,1084.52433143906
01-06-2025 08:04:10,1085.65947480329
01-06-2025 08:14:10,1085.76728942103
01-06-2025 08:24:10,1083.54073902902
01-06-2025 08:34:10,1085.7808967763
01-06-2025 08:44:10,1086.88524664193
01-06-2025 08:54:10,1082.58882182842
01-06-2025 09:04:10,1082.7591801992
01-06-2025 09:14:10,1081.90222386118
01-06-2025 09:24:10,1077.01266313121
01-06-2025 09:34:10,1079.40884225839
01-06-2025 09:44:10,1076.01250057893
01-06-2025 09:54:10,1076.80441276577
01-06-2025 10:04:10,1074.43464917387
01-06-2025 10:14:10,1070.25454878692
01-06-2025 10:24:10,1072.26152125851
01-06-2025 10:34:10,1067.68743794286
01-06-2025 10:44:10,1068.18087291448
01-06-2025 10:54:10,1067.44064798352
01-06-2025 11:04:10,1070.05479499809
01-06-2025 11:14:10,1065.9413653665
01-06-2025 11:24:10,1066.4178904323
01-06-2025 11:34:10,1067.09931419804
01-06-2025 11:44:10,1064.59216654707
01-06-2025 11:54:10,1065.5548929955
01-06-2025 12:04:10,1065.14484463971
01-06-2025 12:14:10,1063.47996547454
01-06-2025 12:24:10,1066.15028386488
01-06-2025 12:34:10,1065.92787583441
01-06-2025 12:44:10,1067.77152901016
01-06-2025 12:54:10,1067.36147651197
01-06-2025 13:04:10,1065.44823432804
01-06-2025 13:14:10,1066.82291997464
01-06-2025 13:24:10,1065.94273217459
01-06-2025 13:34:10,1062.03723448788
01-06-2025 13:44:10,1063.01868532256
01-06-2025 13:54:10,1060.59765417128
01-06-2025 14:04:10,1058.02273744379
01-06-2025 14:14:10,1057.14033390429
01-06-2025 14:24:10,1056.84016701114
01-06-2025 14:34:10,1055.88138852789
01-06-2025 14:44:10,1053.32292397823
01-06-2025 14:54:10,1055.01672210903
01-06-2025 15:04:10,1053.49316238039
01-06-2025 15:14:10,1053.19278985377
01-06-2025 15:24:10,1053.87004161479
01-06-2025 15:34:10,1052.25227983991
01-06-2025 15:44:10,1049.14710431296
01-06-2025 15:54:10,1047.6230440814
01-06-2025 16:04:10,1045.94830490835
01-06-2025 16:14:10,1043.95350870858
01-06-2025 16:24:10,1043.57757426392
01-06-2025 16:34:10,1042.91934354706
01-06-2025 16:44:10,1041.97881655798
01-06-2025 16:54:10,1041.79124600424
01-06-2025 17:04:10,1037.93327940816
01-06-2025 17:14:10,1039.45927306954
01-06-2025 17:24:10,1040.04409886266
01-06-2025 17:34:10,1037.97476091536
01-06-2025 17:44:10,1039.12432205912
01-06-2025 17:54:10,1039.70925664232
01-06-2025 18:04:10,1036.24880149082
01-06-2025 18:14:10,1038.92304621198
01-06-2025 18:24:10,1036.68630310193
01-06-2025 18:34:10,1038.94483282392
01-06-2025 18:44:10,1038.98507178609
01-06-2025 18:54:10,1039.96565468006
01-06-2025 19:04:10,1041.67881168328
01-06-2025 19:14:10,1039.44318403936
01-06-2025 19:24:10,1039.29561249106
01-06-2025 19:34:10,1042.79434526243
01-06-2025 19:44:10,1044.41289925936
01-06-2025 19:54:10,1043.15640288539
01-06-2025 20:04:10,1048.2509776892
01-06-2025 20:14:10,1050.28189598241
01-06-2025 20:24:10,1049.38187293015
01-06-2025 20:34:10,1050.73596624311
01-06-2025 20:44:10,1052.18361636782
01-06-2025 20:54:10,1051.07752647442
01-06-2025 21:04:10,1051.94311447003
01-06-2025 21:14:10,1055.06154671128
01-06-2025 21:24:10,1057.54069905586
01-06-2025 21:34:10,1052.19301967579
01-06-2025 21:44:10,1054.015464076
01-06-2025 21:54:10,1059.94788366051
01-06-2025 22:04:10,1056.59041051755
01-06-2025 22:14:10,1058.84469673117
01-06-2025 22:24:10,1057.51531082316
01-06-2025 22:34:10,1060.78406343679
01-06-2025 22:44:10,1059.66046311433
01-06-2025 22:54:10,1054.9708725543
01-06-2025 23:04:10,1058.70903771205
01-06-2025 23:14:10,1059.80170590371
01-06-2025 23:24:10,1061.47596825166
01-06-2025 23:34:10,1061.46070040778
01-06-2025 23:44:10,1065.08928581116
01-06-2025 23:54:10,1063.74191370458
01-07-2025 00:04:10,1066.45040014461
01-07-2025 00:14:10,1067.54510589751
01-07-2025 00:24:10,1068.73410229138
01-07-2025 00:34:10,1070.2227244637
01-07-2025 00:44:10,1072.46325818842
01-07-2025 00:54:10,1073.57659420943
01-07-2025 01:04:10,1072.24688010696
01-07-2025 01:14:10,1075.53893874358
01-07-2025 01:24:10,1073.56865888621
01-07-2025 01:34:10,1077.68968953253
01-07-2025 01:44:10,1077.8808437846
01-07-2025 01:54:10,1078.91784781802
01-07-2025 02:04:10,1079.39102762271
01-07-2025 02:14:10,1077.53169788574
01-07-2025 02:24:10,1079.3205359011
01-07-2025 02:34:10,1084.32083847138
01-07-2025 02:44:10,1082.19628565346
01-07-2025 02:54:10,1087.21155169654
01-07-2025 03:04:10,1087.5293080015
01-07-2025 03:14:10,1084.63780854634
01-07-2025 03:24:10,1086.08282435505
01-07-2025 03:34:10,1087.73142003855
01-07-2025 03:44:10,1086.82896800353
01-07-2025 03:54:10,1088.10156987478
01-07-2025 04:04:10,1088.23167794369
01-07-2025 04:14:10,1088.92470934903
01-07-2025 04:24:10,1087.83539792555
01-07-2025 04:34:10,1088.1532846266
01-07-2025 04:44:10,1090.08130046582
01-07-2025 04:54:10,1087.66390040965
01-07-2025 05:04:10,1088.37303352687
01-07-2025 05:14:10,1090.00304333111
01-07-2025 05:24:10,1088.74382652142
01-07-2025 05:34:10,1091.20054036093
01-07-2025 05:44:10,1090.67497146273
01-07-2025 05:54:10,1087.99532530331
01-07-2025 06:04:10,1088.78167162139
01-07-2025 06:14:10,1091.0820477196
01-07-2025 06:24:10,1092.88170425587
01-07-2025 06:34:10,1091.51417188904
01-07-2025 06:44:10,1089.5855580597
01-07-2025 06:54:10,1091.94637098463
01-07-2025 07:04:10,1091.8897467724
01-07-2025 07:14:10,1089.30710490436
01-07-2025 07:24:10,1087.56722758153
01-07-2025 07:34:10,1088.80474751655
01-07-2025 07:44:10,1088.17151333729
01-07-2025 07:54:10,1088.38015391378
01-07-2025 08:04:10,1086.53144353446
01-07-2025 08:14:10,1084.51260949707
01-07-2025 08:24:10,1086.74577777141
01-07-2025 08:34:10,1084.78758963859
01-07-2025 08:44:10,1084.43570601828
01-07-2025 08:54:10,1082.835063799
01-07-2025 09:04:10,1080.76662408799
01-07-2025 09:14:10,1081.41010783415
01-07-2025 09:24:10,1080.27662291357
01-07-2025 09:34:10,1078.65824083527
01-07-2025 09:44:10,1075.72955059893
01-07-2025 09:54:10,1074.11002369324
01-07-2025 10:04:10,1071.44291535949
01-07-2025 10:14:10,1069.80437625187
01-07-2025 10:24:10,1067.84830890785
01-07-2025 10:34:10,1069.09394870085
01-07-2025 10:44:10,1067.13622901674
01-07-2025 10:54:10,1064.23949074332
01-07-2025 11:04:10,1062.44756051868
01-07-2025 11:14:10,1061.1416567403
01-07-2025 11:24:10,1056.62446937211
01-07-2025 11:34:10,1052.23549435482
01-07-2025 11:44:10,1051.205950734
01-07-2025 11:54:10,1049.14191343357
01-07-2025 12:04:10,1046.23021876841
01-07-2025 12:14:10,1045.59308944004
01-07-2025 12:24:10,1044.7674300777
01-07-2025 12:34:10,1043.20850759872
01-07-2025 12:44:10,1041.53463661839
01-07-2025 12:54:10,1042.89233551813
01-07-2025 13:04:10,1041.3519636009
01-07-2025 13:14:10,1041.76843270829
01-07-2025 13:24:10,1040.48962502576
01-07-2025 13:34:10,1040.45529067574
01-07-2025 13:44:10,1040.13829705112
01-07-2025 13:54:10,1040.55481959437
01-07-2025 14:04:10,1040.61477076656
01-07-2025 14:14:10,1041.63769626616
01-07-2025 14:24:10,1041.98069881863
01-07-2025 14:34:10,1039.60972736286
01-07-2025 14:44:10,1039.78433399222
01-07-2025 14:54:10,1041.8652459659
01-07-2025 15:04:10,1040.51094621216
01-07-2025 15:14:10,1037.5733745307
01-07-2025 15:24:10,1035.55784742708
01-07-2025 15:34:10,1035.78520767436
01-07-2025 15:44:10,1031.03208529171
01-07-2025 15:54:10,1030.52458902382
01-07-2025 16:04:10,1030.18452922224
01-07-2025 16:14:10,1027.90424258933
01-07-2025 16:24:10,1026.35743658347
01-07-2025 16:34:10,1028.44151824142
01-07-2025 16:44:10,1027.10496182166
01-07-2025 16:54:10,1027.30069640524
01-07-2025 17:04:10,1028.25191193553
01-07-2025 17:14:10,1029.86417896609
01-07-2025 17:24:10,1030.76352810924
01-07-2025 17:34:10,1029.94216741322
01-07-2025 17:44:10,1032.87593533175
01-07-2025 17:54:10,1032.54771055345
01-07-2025 18:04:10,1031.72658416275
01-07-2025 18:14:10,1033.94679602369
01-07-2025 18:24:10,1033.59770376564
01-07-2025 18:34:10,1032.42065562922
01-07-2025 18:44:10,1031.90439422721
01-07-2025 18:54:10,1031.27280196118
01-07-2025 19:04:10,1032.83189609714
01-07-2025 19:14:10,1033.89803787981
01-07-2025 19:24:10,1033.19349149936
01-07-2025 19:34:10,1032.37377701474
01-07-2025 19:44:10,1032.59131246441
01-07-2025 19:54:10,1032.99741852262
01-07-2025 20:04:10,1035.76012943333
01-07-2025 20:14:10,1036.35456861621
01-07-2025 20:24:10,1034.948713694
01-07-2025 20:34:10,1035.73178323614
01-07-2025 20:44:10,1039.96047585533
01-07-2025 20:54:10,1035.84227625998
01-07-2025 21:04:10,1038.16510627378
01-07-2025 21:14:10,1038.45611962686
01-07-2025 21:24:10,1038.51705906534
01-07-2025 21:34:10,1039.73026350426
01-07-2025 21:44:10,1037.73772303111
01-07-2025 21:54:10,1040.55421397896
01-07-2025 22:04:10,1044.78577248061
01-07-2025 22:14:10,1049.79250784771
01-07-2025 22:24:10,1049.80100309634
01-07-2025 22:34:10,1055.56228740178
01-07-2025 22:44:10,1057.43759137434
01-07-2025 22:54:10,1059.16318116731
01-07-2025 23:04:10,1059.34117417013
01-07-2025 23:14:10,1062.38702734018
01-07-2025 23:24:10,1064.7534766773
01-07-2025 23:34:10,1064.95090409998
01-07-2025 23:44:10,1065.35586337042
01-07-2025 23:54:10,1065.8362746569
01-08-2025 00:04:10,1066.42983588741
01-08-2025 00:14:10,1073.45307371352
01-08-2025 00:24:10,1077.08073903704
01-08-2025 00:34:10,1076.10721489369
01-08-2025 00:44:10,1078.97943165957
01-08-2025 00:54:10,1081.00292520974
01-08-2025 01:04:10,1082.38410095044
01-08-2025 01:14:10,1083.95308169095
01-08-2025 01:24:10,1086.65123539742
01-08-2025 01:34:10,1084.79520755193
01-08-2025 01:44:10,1086.92779288513
01-08-2025 01:54:10,1086.50148351921
01-08-2025 02:04:10,1088.22230406753
01-08-2025 02:14:10,1087.23152933597
01-08-2025 02:24:10,1089.79873608351
01-08-2025 02:34:10,1088.54309870884
01-08-2025 02:44:10,1089.6218912201
01-08-2025 02:54:10,1086.54583551759
01-08-2025 03:04:10,1086.30853682533
01-08-2025 03:14:10,1089.3616245883
01-08-2025 03:24:10,1087.54355071567
01-08-2025 03:34:10,1089.27985936693
01-08-2025 03:44:10,1089.68317592413
01-08-2025 03:54:10,1090.21467661834
01-08-2025 04:04:10,1092.53053278942
01-08-2025 04:14:10,1093.71862966121
01-08-2025 04:24:10,1090.68174273971
01-08-2025 04:34:10,1088.66151389118
01-08-2025 04:44:10,1092.74223383495
01-08-2025 04:54:10,1090.25327922693
01-08-2025 05:04:10,1090.56268924396
01-08-2025 05:14:10,1089.9510686087
01-08-2025 05:24:10,1089.52731107194
01-08-2025 05:34:10,1086.83547216023
01-08-2025 05:44:10,1088.27069571462
01-08-2025 05:54:10,1088.20529728345
01-08-2025 06:04:10,1085.81318524015
01-08-2025 06:14:10,1084.26563093065
01-08-2025 06:24:10,1086.91932571557
01-08-2025 06:34:10,1085.7294812974
01-08-2025 06:44:10,1083.99517859102
01-08-2025 06:54:10,1083.01114330146
01-08-2025 07:04:10,1086.69470219041
01-08-2025 07:14:10,1084.56873512805
01-08-2025 07:24:10,1086.58288210743
01-08-2025 07:34:10,1086.62951746134
01-08-2025 07:44:10,1086.86351902236
01-08-2025 07:54:10,1087.82920037083
01-08-2025 08:04:10,1087.96948374887
01-08-2025 08:14:10,1085.07879317473
01-08-2025 08:24:10,1085.29558842801
01-08-2025 08:34:10,1085.58840533515
01-08-2025 08:44:10,1082.79170050526
01-08-2025 08:54:10,1081.47506182857
01-08-2025 09:04:10,1082.87373803414
01-08-2025 09:14:10,1081.20037944241
01-08-2025 09:24:10,1081.38182924254
01-08-2025 09:34:10,1082.20096299753
01-08-2025 09:44:10,1079.92915582958
01-08-2025 09:54:10,1082.17160735904
01-08-2025 10:04:10,1078.88689718334
01-08-2025 10:14:10,1077.45726778826
01-08-2025 10:24:10,1074.04059492457
01-08-2025 10:34:10,1073.02231573787
01-08-2025 10:44:10,1070.70901122905
01-08-2025 10:54:10,1072.0154564609
01-08-2025 11:04:10,1071.7272230131
01-08-2025 11:14:10,1068.07690107196
01-08-2025 11:24:10,1069.49667932914
01-08-2025 11:34:10,1067.45951404086
01-08-2025 11:44:10,1070.49707461838
01-08-2025 11:54:10,1069.32428727505
01-08-2025 12:04:10,1070.69010913741
01-08-2025 12:14:10,1074.05065163673
01-08-2025 12:24:10,1072.06910010566
01-08-2025 12:34:10,1071.29121262971
01-08-2025 12:44:10,1075.78227870506
01-08-2025 12:54:10,1073.8378097435
01-08-2025 13:04:10,1072.96597729944
01-08-2025 13:14:10,1072.86571295075
01-08-2025 13:24:10,1072.55829431983
01-08-2025 13:34:10,1071.7801185138
01-08-2025 13:44:10,1066.55726637206
01-08-2025 13:54:10,1063.68648559346
01-08-2025 14:04:10,1062.90651013006
01-08-2025 14:14:10,1060.8074137263
01-08-2025 14:24:10,1059.38725260711
01-08-2025 14:34:10,1058.88905845359
01-08-2025 14:44:10,1057.3001967587
01-08-2025 14:54:10,1053.9210410539
01-08-2025 15:04:10,1054.38486776534
01-08-2025 15:14:10,1053.73836875619
01-08-2025 15:24:10,1050.19137662259
01-08-2025 15:34:10,1050.8642231329
01-08-2025 15:44:10,1049.36986207852
01-08-2025 15:54:10,1049.36235093552
01-08-2025 16:04:10,1048.33913658454
01-08-2025 16:14:10,1049.10644314598
01-08-2025 16:24:10,1047.80061288185
01-08-2025 16:34:10,1047.12340419591
01-08-2025 16:44:10,1044.3530987624
01-08-2025 16:54:10,1042.35861870369
01-08-2025 17:04:10,1040.24940209888
01-08-2025 17:14:10,1040.6103579397
01-08-2025 17:24:10,1039.53778253059
01-08-2025 17:34:10,1039.97143326768
01-08-2025 17:44:10,1041.48314514211
01-08-2025 17:54:10,1039.77448340736
01-08-2025 18:04:10,1039.54971395511
01-08-2025 18:14:10,1040.73562074853
01-08-2025 18:24:10,1039.61405215194
01-08-2025 18:34:10,1039.22340695164
01-08-2025 18:44:10,1042.288235879
01-08-2025 18:54:10,1041.26121285544
01-08-2025 19:04:10,1042.33054350143
01-08-2025 19:14:10,1043.16082299706
01-08-2025 19:24:10,1045.84746233617
01-08-2025 19:34:10,1044.70535876131
01-08-2025 19:44:10,1047.74528879286
01-08-2025 19:54:10,1045.47707119577
01-08-2025 20:04:10,1049.12119517863
01-08-2025 20:14:10,1048.61520169438
01-08-2025 20:24:10,1050.56913544155
01-08-2025 20:34:10,1049.78194171902
01-08-2025 20:44:10,1052.20384192734
01-08-2025 20:54:10,1056.1040460809
01-08-2025 21:04:10,1058.03482964946
01-08-2025 21:14:10,1057.92372182864
01-08-2025 21:24:10,1057.58462826874
01-08-2025 21:34:10,1057.26606026744
01-08-2025 21:44:10,1058.23874347745
01-08-2025 21:54:10,1056.88997454473
01-08-2025 22:04:10,1060.57869782146
01-08-2025 22:14:10,1058.46052939641
01-08-2025 22:24:10,1061.21225552567
01-08-2025 22:34:10,1062.95363616672
01-08-2025 22:44:10,1062.44778085834
01-08-2025 22:54:10,1063.41979571692
01-08-2025 23:04:10,1061.49006271908
01-08-2025 23:14:10,1062.38861846364
01-08-2025 23:24:10,1062.79905323207
01-08-2025 23:34:10,1064.46583010671
01-08-2025 23:44:10,1062.53731043157
01-08-2025 23:54:10,1069.14138368103
01-10-2025 00:04:10,1123.64919254307
01-10-2025 00:14:10,1126.46736782238
01-10-2025 00:24:10,1128.72659422689
01-10-2025 00:34:10,1128.62411076981
01-10-2025 00:44:10,1131.9087271038
01-10-2025 00:54:10,1133.03426064364
01-10-2025 01:04:10,1133.78721638322
01-10-2025 01:14:10,1135.02218319619
01-10-2025 01:24:10,1135.58900803448
01-10-2025 01:34:10,1139.23180188536
01-10-2025 01:44:10,1139.72141102085
01-10-2025 01:54:10,1143.10050594118
01-10-2025 02:04:10,1140.6852800258
01-10-2025 02:14:10,1142.57327483269
01-10-2025 02:24:10,1143.52916734853
01-10-2025 02:34:10,1146.9086891722
01-10-2025 02:44:10,1147.39859860546
01-10-2025 02:54:10,1144.99889564831
01-10-2025 03:04:10,1144.75841067739
01-10-2025 03:14:10,1148.24605466648
01-10-2025 03:24:10,1151.36046212324
01-10-2025 03:34:10,1152.61072962988
01-10-2025 03:44:10,1153.02225464148
01-10-2025 03:54:10,1155.12538032953
01-10-2025 04:04:10,1154.06079644801
01-10-2025 04:14:10,1152.42308109961
01-10-2025 04:24:10,1153.8738248224
01-10-2025 04:34:10,1154.02057935097
01-10-2025 04:44:10,1152.64830699455
01-10-2025 04:54:10,1155.76016897086
01-10-2025 05:04:10,1155.99991833029
01-10-2025 05:14:10,1156.87683284864
01-10-2025 05:24:10,1153.48659832862
01-10-2025 05:34:10,1152.70316419058
01-10-2025 05:44:10,1153.11493503952
01-10-2025 05:54:10,1152.50319252951
01-10-2025 06:04:10,1153.65936107429
01-10-2025 06:14:10,1150.64387177241
01-10-2025 06:24:10,1150.3267126154
01-10-2025 06:34:10,1151.86968747843
01-10-2025 06:44:10,1150.80872962978
01-10-2025 06:54:10,1151.04975087885
01-10-2025 07:04:10,1151.13471715018
01-10-2025 07:14:10,1150.08977328478
01-10-2025 07:24:10,1147.82251286329
01-10-2025 07:34:10,1146.7788937658
01-10-2025 07:44:10,1145.10118157762
01-10-2025 07:54:10,1143.95060197658
01-10-2025 08:04:10,1143.45026289026
01-10-2025 08:14:10,1140.62973488927
01-10-2025 08:24:10,1139.218039127
01-10-2025 08:34:10,1138.87269794934
01-10-2025 08:44:10,1135.31188884348
01-10-2025 08:54:10,1132.63077745865
01-10-2025 09:04:10,1131.99080270123
01-10-2025 09:14:10,1129.40189907205
01-10-2025 09:24:10,1128.66883194166
01-10-2025 09:34:10,1127.15948625169
01-10-2025 09:44:10,1126.03779041554
01-10-2025 09:54:10,1123.58149973611
01-10-2025 10:04:10,1121.21661015412
01-10-2025 10:14:10,1116.99171256635
01-10-2025 10:24:10,1117.09787603336
01-10-2025 10:34:10,1116.7390138856
01-10-2025 10:44:10,1116.49055785428
01-10-2025 10:54:10,1116.57870707461
01-10-2025 11:04:10,1114.35618489509
01-10-2025 11:14:10,1110.73389912874
01-10-2025 11:24:10,1110.38930788744
01-10-2025 11:34:10,1107.80641669052
01-10-2025 11:44:10,1104.38197206057
01-10-2025 11:54:10,1101.45947110389
01-10-2025 12:04:10,1101.14879948752
01-10-2025 12:14:10,1100.55793421409
01-10-2025 12:24:10,1101.57308291713
01-10-2025 12:34:10,1101.18790206768
01-10-2025 12:44:10,1101.82990875267
01-10-2025 12:54:10,1099.87596704655
01-10-2025 13:04:10,1100.63048790229
01-10-2025 13:14:10,1098.76962732739
01-10-2025 13:24:10,1098.2711416463
01-10-2025 13:34:10,1091.8112077939
01-10-2025 13:44:10,1090.69652506726
01-10-2025 13:54:10,1086.47724335574
01-10-2025 14:04:10,1082.06973359691
01-10-2025 14:14:10,1078.1492878905
01-10-2025 14:24:10,1078.13419887301
01-10-2025 14:34:10,1073.8385732198
01-10-2025 14:44:10,1069.63584368199
01-10-2025 14:54:10,1068.4036023516
01-10-2025 15:04:10,1064.73881493769
01-10-2025 15:14:10,1063.52755739861
01-10-2025 15:24:10,1061.26473092333
01-10-2025 15:34:10,1057.45547415969
01-10-2025 15:44:10,1056.05632625202
01-10-2025 15:54:10,1053.81476676857
01-10-2025 16:04:10,1053.91259312766
01-10-2025 16:14:10,1052.72308841769
01-10-2025 16:24:10,1049.94263493348
01-10-2025 16:34:10,1050.64810847037
01-10-2025 16:44:10,1048.82704765062
01-10-2025 16:54:10,1048.62025502769
01-10-2025 17:04:10,1051.10331404107
01-10-2025 17:14:10,1048.5579182562
01-10-2025 17:24:10,1048.88933439273
01-10-2025 17:34:10,1048.68293529416
01-10-2025 17:44:10,1047.89228093599
01-10-2025 17:54:10,1047.96672200785
01-10-2025 18:04:10,1048.29830556784
01-10-2025 18:14:10,1047.62502379903
01-10-2025 18:24:10,1047.65286450867
01-10-2025 18:34:10,1047.14337674653
01-10-2025 18:44:10,1045.021553909
01-10-2025 18:54:10,1047.0358637968
01-10-2025 19:04:10,1045.98954354729
01-10-2025 19:14:10,1047.11607561445
01-10-2025 19:24:10,1048.05538958302
01-10-2025 19:34:10,1047.31347871247
01-10-2025 19:44:10,1046.47864133902
01-10-2025 19:54:10,1052.08482127716
01-10-2025 20:04:10,1053.2322659845
01-10-2025 20:14:10,1050.158023422
01-10-2025 20:24:10,1053.31135873123
01-10-2025 20:34:10,1053.24573778475
01-10-2025 20:44:10,1053.2504250999
01-10-2025 20:54:10,1053.04570234427
01-10-2025 21:04:10,1055.58976276278
01-10-2025 21:14:10,1055.94399934284
01-10-2025 21:24:10,1059.18613131839
01-10-2025 21:34:10,1060.47133189295
01-10-2025 21:44:10,1062.80305222363
01-10-2025 21:54:10,1067.51042210158
01-10-2025 22:04:10,1069.28146351405
01-10-2025 22:14:10,1069.61190817536
01-10-2025 22:24:10,1073.05734608921
01-10-2025 22:34:10,1074.59734364789
01-10-2025 22:44:10,1077.36820189872
01-10-2025 22:54:10,1077.3259891057
01-10-2025 23:04:10,1080.09596875646
01-10-2025 23:14:10,1078.75143365439
01-10-2025 23:24:10,1080.94161488997
01-10-2025 23:34:10,1081.9224677109
01-10-2025 23:44:10,1082.08727348842
01-10-2025 23:54:10,1084.20462831578
01-11-2025 00:04:10,1085.46398813942
01-11-2025 00:14:10,1088.69598760419
01-11-2025 00:24:10,1088.56062792775
01-11-2025 00:34:10,1090.56302062706
01-11-2025 00:44:10,1091.17114988636
01-11-2025 00:54:10,1095.31052176421
01-11-2025 01:04:10,1096.1970950448
01-11-2025 01:14:10,1093.459944552
01-11-2025 01:24:10,1097.43252946143
01-11-2025 01:34:10,1099.06202517689
01-11-2025 01:44:10,1099.31785639272
01-11-2025 01:54:10,1097.23208378654
01-11-2025 02:04:10,1100.92405244833
01-11-2025 02:14:10,1102.55282782611
01-11-2025 02:24:10,1102.41737549927
01-11-2025 02:34:10,1105.41909730518
01-11-2025 02:44:10,1103.42680590392
01-11-2025 02:54:10,1103.86799835634
01-11-2025 03:04:10,1106.05316332708
01-11-2025 03:14:10,1103.69038289057
01-11-2025 03:24:10,1103.53571929281
01-11-2025 03:34:10,1100.82199409257
01-11-2025 03:44:10,1103.11939425872
01-11-2025 03:54:10,1101.89099930698
01-11-2025 04:04:10,1104.16816677034
01-11-2025 04:14:10,1103.38416668592
01-11-2025 04:24:10,1103.06408448528
01-11-2025 04:34:10,1105.36033009412
01-11-2025 04:44:10,1103.64941158735
01-11-2025 04:54:10,1103.97864335198
01-11-2025 05:04:10,1103.02959496202
01-11-2025 05:14:10,1106.90088749792
01-11-2025 05:24:10,1104.63478665856
01-11-2025 05:34:10,1105.539653733
01-11-2025 05:44:10,1105.96155890097
01-11-2025 05:54:10,1105.01317578784
01-11-2025 06:04:10,1103.34376578265
01-11-2025 06:14:10,1105.5256938003
01-11-2025 06:24:10,1106.41074112121
01-11-2025 06:34:10,1107.22254159291
01-11-2025 06:44:10,1108.47778040594
01-11-2025 06:54:10,1107.80794980721
01-11-2025 07:04:10,1110.91448278188
01-11-2025 07:14:10,1108.92942077435
01-11-2025 07:24:10,1108.7033643768
01-11-2025 07:34:10,1108.45802361039
01-11-2025 07:44:10,1109.52788496008
01-11-2025 07:54:10,1108.74672175624
01-11-2025 08:04:10,1106.20748823729
01-11-2025 08:14:10,1106.53720914625
01-11-2025 08:24:10,1108.60552128931
01-11-2025 08:34:10,1105.93509305214
01-11-2025 08:44:10,1105.96777144507
01-11-2025 08:54:10,1109.59016734359
01-11-2025 09:04:10,1105.36579336614
01-11-2025 09:14:10,1106.11932363836
01-11-2025 09:24:10,1104.26150578471
01-11-2025 09:34:10,1101.29216848217
01-11-2025 09:44:10,1099.39270992839
01-11-2025 09:54:10,1097.97558188086
01-11-2025 10:04:10,1098.22551134543
01-11-2025 10:14:10,1097.25042384098
01-11-2025 10:24:10,1098.40695367965
01-11-2025 10:34:10,1094.90687144977
01-11-2025 10:44:10,1096.97062557104
01-11-2025 10:54:10,1096.3443913213
01-11-2025 11:04:10,1095.99617279142
01-11-2025 11:14:10,1097.35088356701
01-11-2025 11:24:10,1092.82049586675
01-11-2025 11:34:10,1092.09842965632
01-11-2025 11:44:10,1088.79282383754
01-11-2025 11:54:10,1088.85532987295
01-11-2025 12:04:10,1088.33836470142
01-11-2025 12:14:10,1088.49383658702
01-11-2025 12:24:10,1087.36747720126
01-11-2025 12:34:10,1086.68485073379
01-11-2025 12:44:10,1086.1165018655
01-11-2025 12:54:10,1082.31018553525
01-11-2025 13:04:10,1084.34893073324
01-11-2025 13:14:10,1084.71156571615
01-11-2025 13:24:10,1084.79481998142
01-11-2025 13:34:10,1083.66677026133
01-11-2025 13:44:10,1081.69964488298
01-11-2025 13:54:10,1078.70664963073
01-11-2025 14:04:10,1076.83142234825
01-11-2025 14:14:10,1076.35417505125
01-11-2025 14:24:10,1073.45229549272
01-11-2025 14:34:10,1073.44072969489
01-11-2025 14:44:10,1071.93672092773
01-11-2025 14:54:10,1070.50274687772
01-11-2025 15:04:10,1066.40810358772
01-11-2025 15:14:10,1067.60865935519
01-11-2025 15:24:10,1064.98288487927
01-11-2025 15:34:10,1062.82306720912
01-11-2025 15:44:10,1057.97892051968
01-11-2025 15:54:10,1056.0976907229
01-11-2025 16:04:10,1055.66468943671
01-11-2025 16:14:10,1052.94241030488
01-11-2025 16:24:10,1053.60582222576
01-11-2025 16:34:10,1052.28370785699
01-11-2025 16:44:10,1047.34257186518
01-11-2025 16:54:10,1045.88201737792
01-11-2025 17:04:10,1041.87427379588
01-11-2025 17:14:10,1036.16756704957
01-11-2025 17:24:10,1035.94711418708
01-11-2025 17:34:10,1034.60607439095
01-11-2025 17:44:10,1034.87850002985
01-11-2025 17:54:10,1031.78988634675
01-11-2025 18:04:10,1030.84929547822
01-11-2025 18:14:10,1031.0030925249
01-11-2025 18:24:10,1028.68925514995
01-11-2025 18:34:10,1031.5493951411
01-11-2025 18:44:10,1029.27733837777
01-11-2025 18:54:10,1029.67029584129
01-11-2025 19:04:10,1029.10437994818
01-11-2025 19:14:10,1032.64202007184
01-11-2025 19:24:10,1032.88929164503
01-11-2025 19:34:10,1032.72219873836
01-11-2025 19:44:10,1033.46150662773
01-11-2025 19:54:10,1032.6162633831
01-11-2025 20:04:10,1034.91394744776
01-11-2025 20:14:10,1038.07556266176
01-11-2025 20:24:10,1036.48485990407
01-11-2025 20:34:10,1037.24911532342
01-11-2025 20:44:10,1037.77575056081
01-11-2025 20:54:10,1041.02849442704
01-11-2025 21:04:10,1043.88278351097
01-11-2025 21:14:10,1045.80561130326
01-11-2025 21:24:10,1044.46962003626
01-11-2025 21:34:10,1047.16191114595
01-11-2025 21:44:10,1050.10801765281
01-11-2025 21:54:10,1048.86538314188
01-11-2025 22:04:10,1052.04113927985
01-11-2025 22:14:10,1051.17076862055
01-11-2025 22:24:10,1054.27809889913
01-11-2025 22:34:10,1051.17411948051
01-11-2025 22:44:10,1048.88338751711
01-11-2025 22:54:10,1051.52529149486
01-11-2025 23:04:10,1054.16724084792
01-11-2025 23:14:10,1054.11027092704
01-11-2025 23:24:10,1055.82163356544
01-11-2025 23:34:10,1061.34881918669
01-11-2025 23:44:10,1061.78124582917
01-11-2025 23:54:10,1059.11877018849
01-12-2025 00:04:10,1065.4832333652
01-12-2025 00:14:10,1066.0085458078
01-12-2025 00:24:10,1067.71994307657
01-12-2025 00:34:10,1069.08258906787
01-12-2025 00:44:10,1070.25901567136
01-12-2025 00:54:10,1070.78410078956
01-12-2025 01:04:10,1074.28599833591
01-12-2025 01:14:10,1070.15988986429
01-12-2025 01:24:10,1075.05661615193
01-12-2025 01:34:10,1073.62834042043
01-12-2025 01:44:10,1077.50122421957
01-12-2025 01:54:10,1075.81711146342
01-12-2025 02:04:10,1080.73445780339
01-12-2025 02:14:10,1081.35186426588
01-12-2025 02:24:10,1082.10724678556
01-12-2025 02:34:10,1084.32677359283
01-12-2025 02:44:10,1089.33314575323
01-12-2025 02:54:10,1087.72006152468
01-12-2025 03:04:10,1088.08029175413
01-12-2025 03:14:10,1088.81201599815
01-12-2025 03:24:10,1089.00845572377
01-12-2025 03:34:10,1089.73994534897
01-12-2025 03:44:10,1092.04942202247
01-12-2025 03:54:10,1091.59565478523
01-12-2025 04:04:10,1092.07008527022
01-12-2025 04:14:10,1090.68904367989
01-12-2025 04:24:10,1090.12146162134
01-12-2025 04:34:10,1092.75091044394
01-12-2025 04:44:10,1092.36888833976
01-12-2025 04:54:10,1092.17246252209
01-12-2025 05:04:10,1095.89052833599
01-12-2025 05:14:10,1094.53257441555
01-12-2025 05:24:10,1091.37187579674
01-12-2025 05:34:10,1094.53223850746
01-12-2025 05:44:10,1095.53997920319
01-12-2025 05:54:10,1094.16195585518
01-12-2025 06:04:10,1095.5181805872
01-12-2025 06:14:10,1095.0662959327
01-12-2025 06:24:10,1094.61471784281
01-12-2025 06:34:10,1095.71450415088
01-12-2025 06:44:10,1095.54064211189
01-12-2025 06:54:10,1092.66323484587
01-12-2025 07:04:10,1093.41495488531
01-12-2025 07:14:10,1096.17855332683
01-12-2025 07:24:10,1093.65073141045
01-12-2025 07:34:10,1093.6409629846
01-12-2025 07:44:10,1094.71850124091
01-12-2025 07:54:10,1093.13779216165
01-12-2025 08:04:10,1092.13397878402
01-12-2025 08:14:10,1091.36375470527
01-12-2025 08:24:10,1092.62593770295
01-12-2025 08:34:10,1090.26354721933
01-12-2025 08:44:10,1091.15637001917
01-12-2025 08:54:10,1089.16372451704
01-12-2025 09:04:10,1089.89775492506
01-12-2025 09:14:10,1089.43088013968
01-12-2025 09:24:10,1087.96974393933
01-12-2025 09:34:10,1086.30110009999
01-12-2025 09:44:10,1085.51111046793
01-12-2025 09:54:10,1082.70906686602
01-12-2025 10:04:10,1083.48988497855
01-12-2025 10:14:10,1081.31053432861
01-12-2025 10:24:10,1082.16098973127
01-12-2025 10:34:10,1081.90097202748
01-12-2025 10:44:10,1082.01119662012
01-12-2025 10:54:10,1082.53889679769
01-12-2025 11:04:10,1082.69617827326
01-12-2025 11:14:10,1081.53173492309
01-12-2025 11:24:10,1078.37011626062
01-12-2025 11:34:10,1075.55348234428
01-12-2025 11:44:10,1073.77954397381
01-12-2025 11:54:10,1071.74894842493
01-12-2025 12:04:10,1068.85588752065
01-12-2025 12:14:10,1071.96156789637
01-12-2025 12:24:10,1072.743084528
01-12-2025 12:34:10,1070.75700952496
01-12-2025 12:44:10,1072.51718100072
01-12-2025 12:54:10,1071.76449138201
01-12-2025 13:04:10,1074.17707310546
01-12-2025 13:14:10,1072.79650555091
01-12-2025 13:24:10,1074.55794122832
01-12-2025 13:34:10,1072.03557774292
01-12-2025 13:44:10,1073.89059111675
01-12-2025 13:54:10,1072.0195393743
01-12-2025 14:04:10,1073.89900718037
01-12-2025 14:14:10,1074.10154803079
01-12-2025 14:24:10,1072.71997031911
01-12-2025 14:34:10,1074.34429805107
01-12-2025 14:44:10,1073.3594428022
01-12-2025 14:54:10,1072.58504534684
01-12-2025 15:04:10,1071.53131164614
01-12-2025 15:14:10,1068.47259634632
01-12-2025 15:24:10,1068.32662416352
01-12-2025 15:34:10,1068.62222064142
01-12-2025 15:44:10,1067.73082437137
01-12-2025 15:54:10,1064.97573893653
01-12-2025 16:04:10,1062.52512488033
01-12-2025 16:14:10,1057.5845252015
01-12-2025 16:24:10,1053.17882775506
01-12-2025 16:34:10,1053.15198814432
01-12-2025 16:44:10,1055.12349901364
01-12-2025 16:54:10,1050.09227365369
01-12-2025 17:04:10,1046.52662398862
01-12-2025 17:14:10,1042.68218371225
01-12-2025 17:24:10,1041.88498820908
01-12-2025 17:34:10,1039.11906455027
01-12-2025 17:44:10,1039.36001306491
01-12-2025 17:54:10,1037.99224542514
01-12-2025 18:04:10,1034.29920493507
01-12-2025 18:14:10,1035.25887578206
01-12-2025 18:24:10,1034.10635779496
01-12-2025 18:34:10,1031.74613833684
01-12-2025 18:44:10,1034.93653990837
01-12-2025 18:54:10,1035.15213385661
01-12-2025 19:04:10,1033.53687462899
01-12-2025 19:14:10,1030.47498145578
01-12-2025 19:24:10,1032.57614471414
01-12-2025 19:34:10,1030.00757183813
01-12-2025 19:44:10,1032.08075096681
01-12-2025 19:54:10,1030.74728255578
01-12-2025 20:04:10,1032.88497989726
01-12-2025 20:14:10,1032.29402452558
01-12-2025 20:24:10,1033.5578014036
01-12-2025 20:34:10,1035.25732975586
01-12-2025 20:44:10,1036.98312127705
01-12-2025 20:54:10,1040.81200991921
01-12-2025 21:04:10,1042.23110150546
01-12-2025 21:14:10,1044.94608749649
01-12-2025 21:24:10,1042.93833080222
01-12-2025 21:34:10,1042.82234153823
01-12-2025 21:44:10,1045.41720360277
01-12-2025 21:54:10,1042.73622922824
01-12-2025 22:04:10,1043.66491354
01-12-2025 22:14:10,1046.23246880065
01-12-2025 22:24:10,1044.20020400442
01-12-2025 22:34:10,1045.5647207621
01-12-2025 22:44:10,1044.70914545182
01-12-2025 22:54:10,1046.16604291803
01-12-2025 23:04:10,1045.86558731261
01-12-2025 23:14:10,1046.67497064722
01-12-2025 23:24:10,1045.97841928435
01-12-2025 23:34:10,1049.19208719559
01-12-2025 23:44:10,1046.8838295745
01-12-2025 23:54:10,1046.7686601651
01-13-2025 00:04:10,1048.31754539115
01-13-2025 00:14:10,1046.28763165716
01-13-2025 00:24:10,1047.62522703407
01-13-2025 00:34:10,1050.65265386337
01-13-2025 00:44:10,1054.07516952146
01-13-2025 00:54:10,1052.85110978855
01-13-2025 01:04:10,1051.44250901552
01-13-2025 01:14:10,1052.25148972606
01-13-2025 01:24:10,1054.44612828893
01-13-2025 01:34:10,1050.72857154273
01-13-2025 01:44:10,1056.06360855934
01-13-2025 01:54:10,1054.53742673833
01-13-2025 02:04:10,1055.78230269494
01-13-2025 02:14:10,1058.34593631854
01-13-2025 02:24:10,1058.66721845588
01-13-2025 02:34:10,1059.03962581085
01-13-2025 02:44:10,1059.47883116344
01-13-2025 02:54:10,1062.04168815785
01-13-2025 03:04:10,1060.84429818257
01-13-2025 03:14:10,1058.39615733193
01-13-2025 03:24:10,1062.73795009389
01-13-2025 03:34:10,1062.09479955697
01-13-2025 03:44:10,1063.54906035125
01-13-2025 03:54:10,1062.51167347763
01-13-2025 04:04:10,1064.45237599212
01-13-2025 04:14:10,1064.27083258464
01-13-2025 04:24:10,1064.89437547395
01-13-2025 04:34:10,1065.72749439586
01-13-2025 04:44:10,1064.78314519444
01-13-2025 04:54:10,1065.31445604839
01-13-2025 05:04:10,1066.70071549493
01-13-2025 05:14:10,1066.12556361297
01-13-2025 05:24:10,1065.64275153313
01-13-2025 05:34:10,1068.04270963721
01-13-2025 05:44:10,1068.29734729095
01-13-2025 05:54:10,1068.20837576387
01-13-2025 06:04:10,1069.29241169933
01-13-2025 06:14:10,1068.71782450638
01-13-2025 06:24:10,1068.997562219
01-13-2025 06:34:10,1071.30378979297
01-13-2025 06:44:10,1068.91235165773
01-13-2025 06:54:10,1070.45651305593
01-13-2025 07:04:10,1071.28865469498
01-13-2025 07:14:10,1072.21270049775
01-13-2025 07:24:10,1072.12399212881
01-13-2025 07:34:10,1071.6672453659
01-13-2025 07:44:10,1071.64601421293
01-13-2025 07:54:10,1073.02994809546
01-13-2025 08:04:10,1070.49955172437
01-13-2025 08:14:10,1072.25161703457
01-13-2025 08:24:10,1072.20580507641
01-13-2025 08:34:10,1071.72488730886
01-13-2025 08:44:10,1071.03520232207
01-13-2025 08:54:10,1070.59658373141
01-13-2025 09:04:10,1069.23782044483
01-13-2025 09:14:10,1067.3015364435
01-13-2025 09:24:10,1067.08812728561
01-13-2025 09:34:10,1063.09993641176
01-13-2025 09:44:10,1062.24086309043
01-13-2025 09:54:10,1060.25028617602
01-13-2025 10:04:10,1059.91701582438
01-13-2025 10:14:10,1057.99062089378
01-13-2025 10:24:10,1057.88084862761
01-13-2025 10:34:10,1056.04424232741
01-13-2025 10:44:10,1055.07642198844
01-13-2025 10:54:10,1055.70367977943
01-13-2025 11:04:10,1053.50703033675
01-13-2025 11:14:10,1050.00121263413
01-13-2025 11:24:10,1051.06248154103
01-13-2025 11:34:10,1049.74592696528
01-13-2025 11:44:10,1048.54761868559
01-13-2025 11:54:10,1046.54217882046
01-13-2025 12:04:10,1045.73941506004
01-13-2025 12:14:10,1041.0729629103
01-13-2025 12:24:10,1041.84324949016
01-13-2025 12:34:10,1038.00753699793
01-13-2025 12:44:10,1036.95104818871
01-13-2025 12:54:10,1034.37408589165
01-13-2025 13:04:10,1032.51019042449
01-13-2025 13:14:10,1031.50106950998
01-13-2025 13:24:10,1030.43545212187
01-13-2025 13:34:10,1026.90208868406
01-13-2025 13:44:10,1024.63702887993
01-13-2025 13:54:10,1021.25779993845
01-13-2025 14:04:10,1020.87528886725
01-13-2025 14:14:10,1019.62344586152
01-13-2025 14:24:10,1017.81499767172
01-13-2025 14:34:10,1015.57618636506
01-13-2025 14:44:10,1013.86032613649
01-13-2025 14:54:10,1015.26963443994
01-13-2025 15:04:10,1015.31684877314
01-13-2025 15:14:10,1012.55030115043
01-13-2025 15:24:10,1010.8042717081
01-13-2025 15:34:10,1011.96532630312
01-13-2025 15:44:10,1010.92907685139
01-13-2025 15:54:10,1008.16212241946
01-13-2025 16:04:10,1006.4157625164
01-13-2025 16:14:10,1005.38000823694
01-13-2025 16:24:10,1004.40666347224
01-13-2025 16:34:10,1006.58889851901
01-13-2025 16:44:10,1005.33721499584
01-13-2025 16:54:10,1006.52912238485
01-13-2025 17:04:10,1005.92608077931
01-13-2025 17:14:10,1006.37554025759
01-13-2025 17:24:10,1009.05143441167
01-13-2025 17:34:10,1008.88173688044
01-13-2025 17:44:10,1010.31900000102
01-13-2025 17:54:10,1009.62518072821
01-13-2025 18:04:10,1011.21738437651
01-13-2025 18:14:10,1010.58426263125
01-13-2025 18:24:10,1013.2883232144
01-13-2025 18:34:10,1013.67471360416
01-13-2025 18:44:10,1013.47250430763
01-13-2025 18:54:10,1015.71161759266
01-13-2025 19:04:10,1017.91695423428
01-13-2025 19:14:10,1018.48788831571
01-13-2025 19:24:10,1020.19926262342
01-13-2025 19:34:10,1018.60772972827
01-13-2025 19:44:10,1019.67073054632
01-13-2025 19:54:10,1020.45584893201
01-13-2025 20:04:10,1020.43791057816
01-13-2025 20:14:10,1018.35651816987
01-13-2025 20:24:10,1020.89796511453
01-13-2025 20:34:10,1019.37211027154
01-13-2025 20:44:10,1019.51015005362
01-13-2025 20:54:10,1021.61756428106
01-13-2025 21:04:10,1022.30933651014
01-13-2025 21:14:10,1020.41578611575
01-13-2025 21:24:10,1024.43072071675
01-13-2025 21:34:10,1024.291165994
01-13-2025 21:44:10,1025.35121328357
01-13-2025 21:54:10,1026.25555979512
01-13-2025 22:04:10,1027.28576847399
01-13-2025 22:14:10,1027.79155073379
01-13-2025 22:24:10,1028.48157909345
01-13-2025 22:34:10,1030.09301816761
01-13-2025 22:44:10,1033.79446665716
01-13-2025 22:54:10,1032.85953470274
01-13-2025 23:04:10,1036.50305934512
01-13-2025 23:14:10,1037.04225525053
01-13-2025 23:24:10,1041.45076016164
01-13-2025 23:34:10,1042.33009841038
01-13-2025 23:44:10,1041.94777115444
01-13-2025 23:54:10,1044.94590262958
01-14-2025 00:04:10,1046.83864090648
01-14-2025 00:14:10,1048.11421999659
01-14-2025 00:24:10,1049.29756983341
01-14-2025 00:34:10,1049.90069742799
01-14-2025 00:44:10,1054.09601167696
01-14-2025 00:54:10,1055.3332760746
01-14-2025 01:04:10,1053.56948209941
01-14-2025 01:14:10,1054.59537813532
01-14-2025 01:24:10,1054.48922503828
01-14-2025 01:34:10,1056.52741155273
01-14-2025 01:44:10,1058.17000013272
01-14-2025 01:54:10,1059.19508573486
01-14-2025 02:04:10,1058.72085686195
01-14-2025 02:14:10,1058.89083810053
01-14-2025 02:24:10,1059.27177709666
01-14-2025 02:34:10,1059.53381338012
01-14-2025 02:44:10,1061.93821562761
01-14-2025 02:54:10,1062.63330529412
01-14-2025 03:04:10,1064.11741872721
01-14-2025 03:14:10,1062.93465878594
01-14-2025 03:24:10,1062.57975589434
01-14-2025 03:34:10,1063.51195014996
01-14-2025 03:44:10,1063.13056269448
01-14-2025 03:54:10,1064.08925066423
01-14-2025 04:04:10,1063.45909626017
01-14-2025 04:14:10,1068.38049350853
01-14-2025 04:24:10,1069.49542749302
01-14-2025 04:34:10,1067.60533676507
01-14-2025 04:44:10,1068.72015907024
01-14-2025 04:54:10,1071.12021248672
01-14-2025 05:04:10,1068.44397433183
01-14-2025 05:14:10,1068.52237745618
01-14-2025 05:24:10,1074.77726967975
01-14-2025 05:34:10,1074.02926049613
01-14-2025 05:44:10,1070.48873855767
01-14-2025 05:54:10,1073.04472372655
01-14-2025 06:04:10,1074.4076268965
01-14-2025 06:14:10,1076.25493942839
01-14-2025 06:24:10,1075.78282282099
01-14-2025 06:34:10,1076.62079344442
01-14-2025 06:44:10,1078.07482570773
01-14-2025 06:54:10,1080.47128958476
01-14-2025 07:04:10,1078.62400202598
01-14-2025 07:14:10,1078.54474235729
01-14-2025 07:24:10,1078.53155350363
01-14-2025 07:34:10,1081.5688130449
01-14-2025 07:44:10,1079.99750166368
01-14-2025 07:54:10,1080.55985852557
01-14-2025 08:04:10,1080.61286086794
01-14-2025 08:14:10,1080.2589719097
01-14-2025 08:24:10,1080.63814863726
01-14-2025 08:34:10,1080.39086061902
01-14-2025 08:44:10,1079.46199761338
01-14-2025 08:54:10,1081.96316845095
01-14-2025 09:04:10,1079.79197763099
01-14-2025 09:14:10,1079.0865605626
01-14-2025 09:24:10,1078.35522514478
01-14-2025 09:34:10,1076.49780551933
01-14-2025 09:44:10,1077.48173601367
01-14-2025 09:54:10,1075.9640094804
01-14-2025 10:04:10,1076.48962651484
01-14-2025 10:14:10,1076.50457769218
01-14-2025 10:24:10,1076.06048206506
01-14-2025 10:34:10,1075.49798133747
01-14-2025 10:44:10,1077.69132060693
01-14-2025 10:54:10,1076.57734677985
01-14-2025 11:04:10,1079.02285147842
01-14-2025 11:14:10,1078.71027456
01-14-2025 11:24:10,1078.44942941542
01-14-2025 11:34:10,1078.0962419916
01-14-2025 11:44:10,1076.45305081138
01-14-2025 11:54:10,1075.26934535976
01-14-2025 12:04:10,1072.57068734585
01-14-2025 12:14:10,1071.43812459845
01-14-2025 12:24:10,1072.33378528434
01-14-2025 12:34:10,1070.67399032567
01-14-2025 12:44:10,1073.23028835029
01-14-2025 12:54:10,1072.88834634464
01-14-2025 13:04:10,1073.77240255587
01-14-2025 13:14:10,1074.35317279433
01-14-2025 13:24:10,1071.12413529981
01-14-2025 13:34:10,1074.10427229494
01-14-2025 13:44:10,1075.88508852993
01-14-2025 13:54:10,1076.09712287855
01-14-2025 14:04:10,1075.20155053398
01-14-2025 14:14:10,1075.2024105515
01-14-2025 14:24:10,1074.86056235049
01-14-2025 14:34:10,1071.99886017262
01-14-2025 14:44:10,1072.09161258682
01-14-2025 14:54:10,1070.4947983967
01-14-2025 15:04:10,1069.66347618401
01-14-2025 15:14:10,1069.35921165976
01-14-2025 15:24:10,1064.76555721917
01-14-2025 15:34:10,1064.11787137458
01-14-2025 15:44:10,1062.08335069301
01-14-2025 15:54:10,1061.00057986791
01-14-2025 16:04:10,1062.13663108498
01-14-2025 16:14:10,1058.0024517221
01-14-2025 16:24:10,1058.14935903709
01-14-2025 16:34:10,1056.63196743741
01-14-2025 16:44:10,1054.89383310684
01-14-2025 16:54:10,1053.95985698303
01-14-2025 17:04:10,1055.3369870655
01-14-2025 17:14:10,1051.1968332139
01-14-2025 17:24:10,1053.06455019271
01-14-2025 17:34:10,1055.30137791096
01-14-2025 17:44:10,1054.48905974919
01-14-2025 17:54:10,1053.67707307452
01-14-2025 18:04:10,1053.20634991748
01-14-2025 18:14:10,1055.71937503242
01-14-2025 18:24:10,1056.75441776901
01-14-2025 18:34:10,1055.20431190056
01-14-2025 18:44:10,1055.77777581604
01-14-2025 18:54:10,1057.89194418048
01-14-2025 19:04:10,1057.8472357714
01-14-2025 19:14:10,1059.15842925704
01-14-2025 19:24:10,1060.58955934491
01-14-2025 19:34:10,1063.19126051122
01-14-2025 19:44:10,1061.8548996866
01-14-2025 19:54:10,1063.62587695587
01-14-2025 20:04:10,1062.87967426209
01-14-2025 20:14:10,1062.9546396972
01-14-2025 20:24:10,1065.36984160372
01-14-2025 20:34:10,1064.928273632
01-14-2025 20:44:10,1063.9342070769
01-14-2025 20:54:10,1066.46816642658
01-14-2025 21:04:10,1066.0269440799
01-14-2025 21:14:10,1067.86022730147
01-14-2025 21:24:10,1067.81485131007
01-14-2025 21:34:10,1068.2022952761
01-14-2025 21:44:10,1070.61439425102
01-14-2025 21:54:10,1068.88508897481
01-14-2025 22:04:10,1068.99645888346
01-14-2025 22:14:10,1069.72439743163
01-14-2025 22:24:10,1064.13283243471
01-14-2025 22:34:10,1069.36795405506
01-14-2025 22:44:10,1072.23841768217
01-14-2025 22:54:10,1071.61405710973
01-14-2025 23:04:10,1070.87066477651
01-14-2025 23:14:10,1072.54502726773
01-14-2025 23:24:10,1074.31089737883
01-14-2025 23:34:10,1072.21648036463
01-14-2025 23:44:10,1070.61926031219
01-14-2025 23:54:10,1071.83381297885
01-17-2025 00:03:00,1107.47607700218
01-17-2025 00:13:00,1102.19528559247
01-17-2025 00:23:00,1101.92352910916
01-17-2025 00:33:00,1097.73443007977
01-17-2025 00:43:00,1096.55761442076
01-17-2025 00:53:00,1096.77900007091
01-17-2025 01:03:00,1097.40078346231
01-17-2025 01:13:00,1101.56280750085
01-17-2025 01:23:00,1101.87473571845
01-17-2025 01:33:00,1100.50912797557
01-17-2025 01:43:00,1102.00298684543
01-17-2025 01:53:00,1101.16740748816
01-17-2025 02:03:00,1103.71203823876
01-17-2025 02:13:00,1104.14132389868
01-17-2025 02:23:00,1106.71088027591
01-17-2025 02:33:00,1104.81145023895
01-17-2025 02:43:00,1108.02987200825
01-17-2025 02:53:00,1108.82759541525
01-17-2025 03:03:00,1111.64337124095
01-17-2025 03:13:00,1111.22993988594
01-17-2025 03:23:00,1109.14265676471
01-17-2025 03:33:00,1105.66149867537
01-17-2025 03:43:00,1106.05677751746
01-17-2025 03:53:00,1104.96461068193
01-17-2025 04:03:00,1106.93812256318
01-17-2025 04:13:00,1107.08004765769
01-17-2025 04:23:00,1109.98005478931
01-17-2025 04:33:00,1111.11429194025
01-17-2025 04:43:00,1115.40431673859
01-17-2025 04:53:00,1114.37420481024
01-17-2025 05:03:00,1114.20605477343
01-17-2025 05:13:00,1115.42951309978
01-17-2025 05:23:00,1116.83760707442
01-17-2025 05:33:00,1116.08391555562
01-17-2025 05:43:00,1118.97481267649
01-17-2025 05:53:00,1120.07530083765
01-17-2025 06:03:00,1120.06189131817
01-17-2025 06:13:00,1123.3870385885
01-17-2025 06:23:00,1121.42449234623
01-17-2025 06:33:00,1121.15738667288
01-17-2025 06:43:00,1120.98248929375
01-17-2025 06:53:00,1122.10493245034
01-17-2025 07:03:00,1122.76298910694
01-17-2025 07:13:00,1125.48526419256
01-17-2025 07:23:00,1122.80573156775
01-17-2025 07:33:00,1119.45136435926
01-17-2025 07:43:00,1122.91243141763
01-17-2025 07:53:00,1121.62194247721
01-17-2025 08:03:00,1122.83149431936
01-17-2025 08:13:00,1124.75465299819
01-17-2025 08:23:00,1122.6956435792
01-17-2025 08:33:00,1124.49857845926
01-17-2025 08:43:00,1124.33037660614
01-17-2025 08:53:00,1126.13222996799
01-17-2025 09:03:00,1128.37056096935
01-17-2025 09:13:00,1123.66296220725
01-17-2025 09:23:00,1127.3560896523
01-17-2025 09:33:00,1122.09035423969
01-17-2025 09:43:00,1125.59755405902
01-17-2025 09:53:00,1120.73954694416
01-17-2025 10:03:00,1118.93733683283
01-17-2025 10:13:00,1119.35863050237
01-17-2025 10:23:00,1117.39537267881
01-17-2025 10:33:00,1116.54371080743
01-17-2025 10:43:00,1111.6102945819
01-17-2025 10:53:00,1112.58435100957
01-17-2025 11:03:00,1112.63033285883
01-17-2025 11:13:00,1106.68066087762
01-17-2025 11:23:00,1106.45548134518
01-17-2025 11:33:00,1106.37770612651
01-17-2025 11:43:00,1105.55588854448
01-17-2025 11:53:00,1105.90378263282
01-17-2025 12:03:00,1107.98963066607
01-17-2025 12:13:00,1106.66332638355
01-17-2025 12:23:00,1104.65728909442
01-17-2025 12:33:00,1108.50947567567
01-17-2025 12:43:00,1106.12957961442
01-17-2025 12:53:00,1107.86997549115
01-17-2025 13:03:00,1108.80028452298
01-17-2025 13:13:00,1109.17175814535
01-17-2025 13:23:00,1106.75064466317
01-17-2025 13:33:00,1107.67924758822
01-17-2025 13:43:00,1110.16230535665
01-17-2025 13:53:00,1107.33864095832
01-17-2025 14:03:00,1103.98275582299
01-17-2025 14:13:00,1100.59755813683
01-17-2025 14:23:00,1100.0979978975
01-17-2025 14:33:00,1099.16023580452
01-17-2025 14:43:00,1096.33015443704
01-17-2025 14:53:00,1096.04283633281
01-17-2025 15:03:00,1097.15245612335
01-17-2025 15:13:00,1100.59112627535
01-17-2025 15:23:00,1098.0657536678
01-17-2025 15:33:00,1095.51077556653
01-17-2025 15:43:00,1095.68625582317
01-17-2025 15:53:00,1093.43756940203
01-17-2025 16:03:00,1090.78606425356
01-17-2025 16:13:00,1089.43854911509
01-17-2025 16:23:00,1085.50821972072
01-17-2025 16:33:00,1083.87859299346
01-17-2025 16:43:00,1084.51601286349
01-17-2025 16:53:00,1082.72769424131
01-17-2025 17:03:00,1083.17733640793
01-17-2025 17:13:00,1083.65598810245
01-17-2025 17:23:00,1082.70513874522
01-17-2025 17:33:00,1085.17118167322
01-17-2025 17:43:00,1084.43530969719
01-17-2025 17:53:00,1087.52351375925
01-17-2025 18:03:00,1088.55884266495
01-17-2025 18:13:00,1084.80168089057
01-17-2025 18:23:00,1089.40905212313
01-17-2025 18:33:00,1089.38139565521
01-17-2025 18:43:00,1092.52316069811
01-17-2025 18:53:00,1091.06653148829
01-17-2025 19:03:00,1091.31646673007
01-17-2025 19:13:00,1087.15602138536
01-17-2025 19:23:00,1087.77805323873
01-17-2025 19:33:00,1088.90011426539
01-17-2025 19:43:00,1088.68196169234
01-17-2025 19:53:00,1087.03651896372
01-17-2025 20:03:00,1088.09252309568
01-17-2025 20:13:00,1088.71110547246
01-17-2025 20:23:00,1088.92723100874
01-17-2025 20:33:00,1089.73059747095
01-17-2025 20:43:00,1091.65051642073
01-17-2025 20:53:00,1090.56098485473
01-17-2025 21:03:00,1090.24483583339
01-17-2025 21:13:00,1093.09295356947
01-17-2025 21:23:00,1091.35037941919
01-17-2025 21:33:00,1091.65495052072
01-17-2025 21:43:00,1093.66269556579
01-17-2025 21:53:00,1097.59463456162
01-17-2025 22:03:00,1099.0133014417
01-17-2025 22:13:00,1103.25013575548
01-17-2025 22:23:00,1103.15053588256
01-17-2025 22:33:00,1106.91983801849
01-17-2025 22:43:00,1108.58626449498
01-17-2025 22:53:00,1112.88368837704
01-17-2025 23:03:00,1112.68867862938
01-17-2025 23:13:00,1114.65930970788
01-17-2025 23:23:00,1114.5560988494
01-17-2025 23:33:00,1119.22196343446
01-17-2025 23:53:00,1121.84087292832
01-18-2025 00:03:00,1121.1116104308
01-18-2025 00:13:00,1124.10064869075
01-18-2025 00:23:00,1126.31868307762
01-18-2025 00:33:00,1127.42047109326
01-18-2025 00:43:00,1128.64069112923
01-18-2025 00:53:00,1130.97559194515
01-18-2025 01:03:00,1130.89285792776
01-18-2025 01:13:00,1131.52722360276
01-18-2025 01:23:00,1129.67733801348
01-18-2025 01:33:00,1130.986915215
01-18-2025 01:43:00,1132.82752049532
01-18-2025 01:53:00,1131.69359521428
01-18-2025 02:03:00,1132.07181658349
01-18-2025 02:13:00,1135.11852907085
01-18-2025 02:23:00,1135.00507770462
01-18-2025 02:33:00,1135.82030143204
01-18-2025 02:43:00,1135.42685262158
01-18-2025 02:53:00,1136.12245774995
01-18-2025 03:03:00,1138.42288678495
01-18-2025 03:13:00,1140.04698188346
01-18-2025 03:23:00,1141.90670387061
01-18-2025 03:33:00,1143.62279297667
01-18-2025 03:43:00,1141.36680753631
01-18-2025 03:53:00,1141.61965225422
01-18-2025 04:03:00,1142.15071678058
01-18-2025 04:13:00,1144.72590097568
01-18-2025 04:23:00,1146.86042696566
01-18-2025 04:33:00,1146.27440868447
01-18-2025 04:43:00,1147.6640139388
01-18-2025 04:53:00,1150.00642263055
01-18-2025 05:03:00,1151.30130436253
01-18-2025 05:13:00,1150.36577395149
01-18-2025 05:23:00,1151.7521058496
01-18-2025 05:33:00,1149.16796025752
01-18-2025 05:43:00,1153.82748062521
01-18-2025 05:53:00,1155.2111952372
01-18-2025 06:03:00,1158.47486339689
01-18-2025 06:13:00,1160.64653913051
01-18-2025 06:23:00,1161.23896798668
01-18-2025 06:33:00,1163.1988772782
01-18-2025 06:43:00,1163.23266026216
01-18-2025 06:53:00,1161.10911303058
01-18-2025 07:03:00,1165.52374830385
01-18-2025 07:13:00,1163.86313396643
01-18-2025 07:23:00,1161.92430239839
01-18-2025 07:33:00,1167.79393962273
01-18-2025 07:43:00,1161.86945011182
01-18-2025 07:53:00,1164.42371329267
01-18-2025 08:03:00,1166.81414424966
01-18-2025 08:13:00,1164.59566665334
01-18-2025 08:23:00,1163.09475554012
01-18-2025 08:33:00,1159.83402236258
01-18-2025 08:43:00,1158.33246569084
01-18-2025 08:53:00,1158.01050501441
01-18-2025 09:03:00,1157.5027481578
01-18-2025 09:13:00,1154.84081297028
01-18-2025 09:23:00,1153.19657576527
01-18-2025 09:33:00,1152.33688177873
01-18-2025 09:43:00,1150.11071090303
01-18-2025 09:53:00,1148.32218779644
01-18-2025 10:03:00,1145.23468865138
01-18-2025 10:13:00,1144.9263893854
01-18-2025 10:23:00,1143.38716641674
01-18-2025 10:33:00,1143.02755176096
01-18-2025 10:43:00,1142.01747872444
01-18-2025 10:53:00,1140.33121344983
01-18-2025 11:03:00,1140.22193932788
01-18-2025 11:13:00,1138.60000680211
01-18-2025 11:23:00,1135.44588756177
01-18-2025 11:33:00,1131.35878570044
01-18-2025 11:43:00,1129.66124463014
01-18-2025 11:53:00,1123.89199416608
01-18-2025 12:03:00,1120.93785203871
01-18-2025 12:13:00,1120.86862924598
01-18-2025 12:23:00,1116.9521853709
01-18-2025 12:33:00,1117.16017806416
01-18-2025 12:43:00,1112.0808716279
01-18-2025 12:53:00,1111.35386130811
01-18-2025 13:03:00,1112.89164522962
01-18-2025 13:13:00,1110.60457364662
01-18-2025 13:23:00,1108.66168864979
01-18-2025 13:33:00,1105.90459534559
01-18-2025 13:43:00,1104.5461106111
01-18-2025 13:53:00,1101.87906603139
01-18-2025 14:03:00,1100.63936981771
01-18-2025 14:13:00,1102.29446934323
01-18-2025 14:23:00,1100.58615899404
01-18-2025 14:33:00,1098.34434292454
01-18-2025 14:43:00,1095.79285068066
01-18-2025 14:53:00,1093.82933876745
01-18-2025 15:03:00,1094.82718930948
01-18-2025 15:13:00,1090.33814892043
01-18-2025 15:23:00,1089.8386961857
01-18-2025 15:33:00,1086.28203666932
01-18-2025 15:43:00,1084.75206939222
01-18-2025 15:53:00,1086.12030850071
01-18-2025 16:03:00,1084.05675011318
01-18-2025 16:13:00,1083.76951465855
01-18-2025 16:23:00,1079.39527847307
01-18-2025 16:33:00,1079.97797309234
01-18-2025 16:43:00,1081.21483030239
01-18-2025 16:53:00,1079.83200472299
01-18-2025 17:03:00,1079.19688017379
01-18-2025 17:13:00,1082.14501283135
01-18-2025 17:23:00,1082.06990594821
01-18-2025 17:33:00,1082.86531001472
01-18-2025 17:43:00,1082.070182661
01-18-2025 17:53:00,1084.54741447526
01-18-2025 18:03:00,1084.71524479044
01-18-2025 18:13:00,1084.94673736317
01-18-2025 18:23:00,1083.80456635458
01-18-2025 18:33:00,1084.28011484846
01-18-2025 18:43:00,1086.96823590051
01-18-2025 18:53:00,1084.14280510167
01-18-2025 19:03:00,1081.6912415535
01-18-2025 19:13:00,1083.59442518941
01-18-2025 19:23:00,1085.06428843715
01-18-2025 19:33:00,1085.22610437269
01-18-2025 19:43:00,1083.80044044196
01-18-2025 19:53:00,1084.11264678782
01-18-2025 20:03:00,1085.39218919021
01-18-2025 20:13:00,1085.14916684176
01-18-2025 20:23:00,1085.24336620725
01-18-2025 20:33:00,1087.57487387187
01-18-2025 20:43:00,1088.44884530111
01-18-2025 20:53:00,1090.59120608673
01-18-2025 21:03:00,1091.95793067237
01-18-2025 21:13:00,1092.29847992496
01-18-2025 21:23:00,1091.05423823838
01-18-2025 21:33:00,1091.27195064317
01-18-2025 21:43:00,1091.58217596005
01-18-2025 21:53:00,1089.40501195958
01-18-2025 22:03:00,1089.64944868468
01-18-2025 22:13:00,1089.09106523744
01-18-2025 22:23:00,1087.44310553656
01-18-2025 22:33:00,1093.71028747299
01-18-2025 22:43:00,1095.13383842673
01-18-2025 22:53:00,1095.41118433618
01-18-2025 23:03:00,1096.3677176743
01-18-2025 23:13:00,1098.04046820013
01-18-2025 23:23:00,1099.7403192025
01-18-2025 23:33:00,1103.11501660268
01-18-2025 23:43:00,1104.6268114096
01-18-2025 23:53:00,1105.85851267707
01-19-2025 00:03:00,1108.4855286484
01-19-2025 00:13:00,1110.92539310786
01-19-2025 00:23:00,1109.64183931295
01-19-2025 00:33:00,1111.89389991643
01-19-2025 00:43:00,1112.19101821841
01-19-2025 00:53:00,1109.78931606968
01-19-2025 01:03:00,1110.57726341459
01-19-2025 01:13:00,1111.98874437073
01-19-2025 01:23:00,1112.86792184256
01-19-2025 01:33:00,1113.25468430027
01-19-2025 01:43:00,1112.83043086271
01-19-2025 01:53:00,1112.49863661121
01-19-2025 02:03:00,1112.90995195232
01-19-2025 02:13:00,1113.10809733547
01-19-2025 02:23:00,1112.21686788288
01-19-2025 02:33:00,1113.36953308515
01-19-2025 02:43:00,1111.98614401972
01-19-2025 02:53:00,1113.88051690988
01-19-2025 03:03:00,1114.10172789373
01-19-2025 03:13:00,1115.15808496949
01-19-2025 03:23:00,1114.63489083279
01-19-2025 03:33:00,1116.22044258369
01-19-2025 03:43:00,1116.04108594893
01-19-2025 03:53:00,1116.418158713
01-19-2025 04:03:00,1117.35153568591
01-19-2025 04:13:00,1116.2420269701
01-19-2025 04:23:00,1114.9464272471
01-19-2025 04:33:00,1118.94055853904
01-19-2025 04:43:00,1116.59677458457
01-19-2025 04:53:00,1116.50591716175
01-19-2025 05:03:00,1115.83153899541
01-19-2025 05:13:00,1116.8270062855
01-19-2025 05:23:00,1118.03342690401
01-19-2025 05:33:00,1116.24371974805
01-19-2025 05:43:00,1117.14448825032
01-19-2025 05:53:00,1117.30228277946
01-19-2025 06:03:00,1116.9954911434
01-19-2025 06:13:00,1117.59011223883
01-19-2025 06:23:00,1116.65847622341
01-19-2025 06:33:00,1115.60749764365
01-19-2025 06:43:00,1114.99378532347
01-19-2025 06:53:00,1118.42190563544
01-19-2025 07:03:00,1120.24578161535
01-19-2025 07:13:00,1121.44507533367
01-19-2025 07:23:00,1122.06133558623
01-19-2025 07:33:00,1120.66126525976
01-19-2025 07:43:00,1122.76076959745
01-19-2025 07:53:00,1122.91124461464
01-19-2025 08:03:00,1123.6178053852
01-19-2025 08:13:00,1124.16352667925
01-19-2025 08:23:00,1122.45665953643
01-19-2025 08:33:00,1122.23358739998
01-19-2025 08:43:00,1121.45325821889
01-19-2025 08:53:00,1124.10500100193
01-19-2025 09:03:00,1123.13790866383
01-19-2025 09:13:00,1123.62930108341
01-19-2025 09:23:00,1123.65623554933
01-19-2025 09:33:00,1119.9707500938
01-19-2025 09:43:00,1118.23298678685
01-19-2025 09:53:00,1116.53556504903
01-19-2025 10:03:00,1111.2421018128
01-19-2025 10:13:00,1110.62942672069
01-19-2025 10:23:00,1107.69352633571
01-19-2025 10:33:00,1108.28634558751
01-19-2025 10:43:00,1105.81167735529
01-19-2025 10:53:00,1103.77313188067
01-19-2025 11:03:00,1107.22066557158
01-19-2025 11:13:00,1104.22285587543
01-19-2025 11:23:00,1101.68737662071
01-19-2025 11:33:00,1097.4066191151
01-19-2025 11:43:00,1095.07876956934
01-19-2025 11:53:00,1092.96265379914
01-19-2025 12:03:00,1091.2176587808
01-19-2025 12:13:00,1089.93737707871
01-19-2025 12:23:00,1087.93746257796
01-19-2025 12:33:00,1084.6299174708
01-19-2025 12:43:00,1085.54784611472
01-19-2025 12:53:00,1086.43745815438
01-19-2025 13:03:00,1083.08915207216
01-19-2025 13:13:00,1081.26986838839
01-19-2025 13:23:00,1082.53087306274
01-19-2025 13:33:00,1077.16019061754
01-19-2025 13:43:00,1075.68159941993
01-19-2025 13:53:00,1074.97815410088
01-19-2025 14:03:00,1071.56307854386
01-19-2025 14:13:00,1066.93046929653
01-19-2025 14:23:00,1065.19425932344
01-19-2025 14:33:00,1061.67949479076
01-19-2025 14:43:00,1059.03468204919
01-19-2025 14:53:00,1058.41689503718
01-19-2025 15:03:00,1058.32643904721
01-19-2025 15:13:00,1055.67824044704
01-19-2025 15:23:00,1054.90086387234
01-19-2025 15:33:00,1053.37370680292
01-19-2025 15:43:00,1051.19006696427
01-19-2025 15:53:00,1048.81790468623
01-19-2025 16:03:00,1048.81686618856
01-19-2025 16:13:00,1044.75656716663
01-19-2025 16:23:00,1044.94142777916
01-19-2025 16:33:00,1044.37623825899
01-19-2025 16:43:00,1045.12209738577
01-19-2025 16:53:00,1042.58794781799
01-19-2025 17:03:00,1041.86451330436
01-19-2025 17:13:00,1041.23417342567
01-19-2025 17:23:00,1036.48037777181
01-19-2025 17:33:00,1035.75512380235
01-19-2025 17:43:00,1037.93399807459
01-19-2025 17:53:00,1038.98785241886
01-19-2025 18:03:00,1036.57415882952
01-19-2025 18:13:00,1037.75194792375
01-19-2025 18:23:00,1037.30478614311
01-19-2025 18:33:00,1036.70112832185
01-19-2025 18:43:00,1036.94004890529
01-19-2025 18:53:00,1038.95808454722
01-19-2025 19:03:00,1037.16572337283
01-19-2025 19:13:00,1036.84068387248
01-19-2025 19:23:00,1035.29740727208
01-19-2025 19:33:00,1037.00039633502
01-19-2025 19:43:00,1036.54846765817
01-19-2025 19:53:00,1036.28326390949
01-19-2025 20:03:00,1035.54912514193
01-19-2025 20:13:00,1035.15756556555
01-19-2025 20:23:00,1036.38929987692
01-19-2025 20:33:00,1035.90292060184
01-19-2025 20:43:00,1037.22722803602
01-19-2025 20:53:00,1040.48717993742
01-19-2025 21:03:00,1038.31279076908
01-19-2025 21:13:00,1041.7595600726
01-19-2025 21:23:00,1039.58377850732
01-19-2025 21:33:00,1037.12594224817
01-19-2025 21:43:00,1040.63442467045
01-19-2025 21:53:00,1041.42485031489
01-19-2025 22:03:00,1043.80884605397
01-19-2025 22:13:00,1045.91169516154
01-19-2025 22:23:00,1046.13890446675
01-19-2025 22:33:00,1049.49129416696
01-19-2025 22:43:00,1050.74986262452
01-19-2025 22:53:00,1054.35380400419
01-19-2025 23:03:00,1054.20484836215
01-19-2025 23:13:00,1055.275348515
01-19-2025 23:23:00,1057.5658589704
01-19-2025 23:33:00,1059.22881641997
01-19-2025 23:43:00,1061.70710283626
01-19-2025 23:53:00,1065.05967991048
01-20-2025 00:03:00,1066.90978789235
01-20-2025 00:13:00,1067.56758061925
01-20-2025 00:23:00,1067.63261447737
01-20-2025 00:33:00,1070.60841930302
01-20-2025 00:43:00,1071.42390780941
01-20-2025 00:53:00,1072.83083702136
01-20-2025 01:03:00,1073.64538588454
01-20-2025 01:13:00,1073.2383188209
01-20-2025 01:23:00,1074.20217228092
01-20-2025 01:33:00,1078.8003622581
01-20-2025 01:43:00,1080.01652326634
01-20-2025 01:53:00,1082.26529021487
01-20-2025 02:03:00,1083.85595186186
01-20-2025 02:13:00,1084.97636501195
01-20-2025 02:23:00,1085.93551450686
01-20-2025 02:33:00,1089.02696196132
01-20-2025 02:43:00,1088.64271545691
01-20-2025 02:53:00,1090.53877727317
01-20-2025 03:03:00,1090.05941786967
01-20-2025 03:13:00,1092.14178492373
01-20-2025 03:23:00,1093.82109600034
01-20-2025 03:33:00,1094.02376349415
01-20-2025 03:43:00,1094.54850135936
01-20-2025 03:53:00,1093.62307130903
01-20-2025 04:03:00,1096.45285728258
01-20-2025 04:13:00,1095.68763807578
01-20-2025 04:23:00,1095.6992233741
01-20-2025 04:33:00,1095.77780520675
01-20-2025 04:43:00,1094.4738234999
01-20-2025 04:53:00,1094.38973123307
01-20-2025 05:03:00,1094.02342116802
01-20-2025 05:13:00,1093.02591188632
01-20-2025 05:23:00,1092.12187195661
01-20-2025 05:33:00,1092.06183245534
01-20-2025 05:43:00,1090.96925931655
01-20-2025 05:53:00,1092.50256069792
01-20-2025 06:03:00,1090.12250821125
01-20-2025 06:13:00,1090.27410507291
01-20-2025 06:23:00,1089.39390755963
01-20-2025 06:33:00,1092.00690420564
01-20-2025 06:43:00,1090.37592129631
01-20-2025 06:53:00,1089.61433132079
01-20-2025 07:03:00,1090.97950332371
01-20-2025 07:13:00,1089.44147177833
01-20-2025 07:23:00,1091.01808830789
01-20-2025 07:33:00,1089.54665794766
01-20-2025 07:43:00,1091.28197940072
01-20-2025 07:53:00,1090.46442574347
01-20-2025 08:03:00,1092.07789624195
01-20-2025 08:13:00,1087.61250345659
01-20-2025 08:23:00,1086.48692170851
01-20-2025 08:33:00,1086.76320616786
01-20-2025 08:43:00,1085.7300618
01-20-2025 08:53:00,1086.35255579082
01-20-2025 09:03:00,1082.76775387494
01-20-2025 09:13:00,1080.18378618632
01-20-2025 09:23:00,1080.75091672269
01-20-2025 09:33:00,1080.66305775519
01-20-2025 09:43:00,1077.55460476403
01-20-2025 09:53:00,1074.35067799639
01-20-2025 10:03:00,1073.85863767562
01-20-2025 10:13:00,1071.11942025972
01-20-2025 10:23:00,1068.44440823303
01-20-2025 10:33:00,1063.39779627464
01-20-2025 10:43:00,1063.37874927396
01-20-2025 10:53:00,1062.0467728188
01-20-2025 11:03:00,1060.43180547418
01-20-2025 11:13:00,1056.88120361416
01-20-2025 11:23:00,1057.29855833878
01-20-2025 11:33:00,1057.09527759696
01-20-2025 11:43:00,1053.25313126843
01-20-2025 11:53:00,1053.03859909647
01-20-2025 12:03:00,1049.55881388551
01-20-2025 12:13:00,1049.18241962691
01-20-2025 12:23:00,1043.90841112787
01-20-2025 12:33:00,1046.3842230131
01-20-2025 12:43:00,1048.38993384923
01-20-2025 12:53:00,1048.63461999872
01-20-2025 13:03:00,1038.7274507163
01-20-2025 13:13:00,1037.08329193107
01-20-2025 13:23:00,1052.63056833864
01-20-2025 13:33:00,1035.45492857313
01-20-2025 13:43:00,1032.39257306551
01-20-2025 13:53:00,1030.83804063364
01-20-2025 14:03:00,1030.25650609548
01-20-2025 14:13:00,1029.29671513441
01-20-2025 14:23:00,1027.42269302715
01-20-2025 14:33:00,1025.642215968
01-20-2025 14:43:00,1025.81277236967
01-20-2025 14:53:00,1023.96703904222
01-20-2025 15:03:00,1024.23069246128
01-20-2025 15:13:00,1022.73034219653
01-20-2025 15:23:00,1023.21251426759
01-20-2025 15:33:00,1024.19718088997
01-20-2025 15:43:00,1022.50597014275
01-20-2025 15:53:00,1022.63945802461
01-20-2025 16:03:00,1022.58343734274
01-20-2025 16:13:00,1024.41583096012
01-20-2025 16:23:00,1025.99476998528
01-20-2025 16:33:00,1029.93374041913
01-20-2025 16:43:00,1029.14999410563
01-20-2025 16:53:00,1030.94518578448
01-20-2025 17:03:00,1033.77755576452
01-20-2025 17:13:00,1034.5616193055
01-20-2025 17:23:00,1036.16423515415
01-20-2025 17:33:00,1037.44721495114
01-20-2025 17:43:00,1034.92673645914
01-20-2025 17:53:00,1036.17840449333
01-20-2025 18:03:00,1036.55088313211
01-20-2025 18:13:00,1034.87831205321
01-20-2025 18:23:00,1036.31555561239
01-20-2025 18:33:00,1037.72213207826
01-20-2025 18:43:00,1037.17856131957
01-20-2025 18:53:00,1036.54033757942
01-20-2025 19:03:00,1040.19678816928
01-20-2025 19:13:00,1039.55677997021
01-20-2025 19:23:00,1040.82725265584
01-20-2025 19:33:00,1041.81399960575
01-20-2025 19:43:00,1040.98386346346
01-20-2025 19:53:00,1040.9343793651
01-20-2025 20:03:00,1041.07213252176
01-20-2025 20:13:00,1043.83983116196
01-20-2025 20:23:00,1047.63829968917
01-20-2025 20:33:00,1046.08140488391
01-20-2025 20:43:00,1048.56116234474
01-20-2025 20:53:00,1049.37749471209
01-20-2025 21:03:00,1053.19401740391
01-20-2025 21:13:00,1056.16296222761
01-20-2025 21:23:00,1056.28957066136
01-20-2025 21:33:00,1058.0748444537
01-20-2025 21:43:00,1063.16470319674
01-20-2025 21:53:00,1061.78827197784
01-20-2025 22:03:00,1065.1870517321
01-20-2025 22:13:00,1068.08862821279
01-20-2025 22:23:00,1067.64537894377
01-20-2025 22:33:00,1068.29795848511
01-20-2025 22:43:00,1070.63320624772
01-20-2025 22:53:00,1071.35085443039
01-20-2025 23:03:00,1074.12482257395
01-20-2025 23:13:00,1075.70746108647
01-20-2025 23:23:00,1077.54357970421
01-20-2025 23:33:00,1079.72700826804
01-20-2025 23:43:00,1080.71966464655
01-20-2025 23:53:00,1082.99449081219
01-21-2025 00:03:00,1082.09137663706
01-21-2025 00:13:00,1084.45789349602
01-21-2025 00:23:00,1084.30091433277
01-21-2025 00:33:00,1086.10510060598
01-21-2025 00:43:00,1085.94672492615
01-21-2025 00:53:00,1088.47200397207
01-21-2025 01:03:00,1085.8836698997
01-21-2025 01:13:00,1086.91305311896
01-21-2025 01:23:00,1086.00490968665
01-21-2025 01:33:00,1083.15981976707
01-21-2025 01:43:00,1087.85342571687
01-21-2025 01:53:00,1085.8476001269
01-21-2025 02:03:00,1087.13326391098
01-21-2025 02:13:00,1086.5023949151
01-21-2025 02:23:00,1082.25592417575
01-21-2025 02:33:00,1084.54146170538
01-21-2025 02:43:00,1084.28223189447
01-21-2025 02:53:00,1082.90288835562
01-21-2025 03:03:00,1084.90577369624
01-21-2025 03:13:00,1084.66903074649
01-21-2025 03:23:00,1085.94794609536
01-21-2025 03:33:00,1088.71709698066
01-21-2025 03:43:00,1089.4817664912
01-21-2025 03:53:00,1090.03485080702
01-21-2025 04:03:00,1092.37998733338
01-21-2025 04:13:00,1094.5363614089
01-21-2025 04:23:00,1094.3639482932
01-21-2025 04:33:00,1094.30730215448
01-21-2025 04:43:00,1093.08719891481
01-21-2025 04:53:00,1094.67908333709
01-21-2025 05:03:00,1096.9193485418
01-21-2025 05:13:00,1096.30101827806
01-21-2025 05:23:00,1095.26462307278
01-21-2025 05:33:00,1097.5924852279
01-21-2025 05:43:00,1094.42082804759
01-21-2025 05:53:00,1095.79524592481
01-21-2025 06:03:00,1094.71072486772
01-21-2025 06:13:00,1096.3374849548
01-21-2025 06:23:00,1096.89656243033
01-21-2025 06:33:00,1095.94947686843
01-21-2025 06:43:00,1097.24744712326
01-21-2025 06:53:00,1096.9003588001
01-21-2025 07:03:00,1094.35599154521
01-21-2025 07:13:00,1096.11322464964
01-21-2025 07:23:00,1095.16400897494
01-21-2025 07:33:00,1094.69965884235
01-21-2025 07:43:00,1094.00424131836
01-21-2025 07:53:00,1094.64755311435
01-21-2025 08:03:00,1091.91910943338
01-21-2025 08:13:00,1092.26128520047
01-21-2025 08:23:00,1089.41786011253
01-21-2025 08:33:00,1091.3280521671
01-21-2025 08:43:00,1090.05331706221
01-21-2025 08:53:00,1091.33875839771
01-21-2025 09:03:00,1089.11732729393
01-21-2025 09:13:00,1089.64031182541
01-21-2025 09:23:00,1087.09483773846
01-21-2025 09:33:00,1086.30169948211
01-21-2025 09:43:00,1083.91570679495
01-21-2025 09:53:00,1082.61273278679
01-21-2025 10:03:00,1080.20071626675
01-21-2025 10:13:00,1077.85576845274
01-21-2025 10:23:00,1077.54153128984
01-21-2025 10:33:00,1077.66504062253
01-21-2025 10:43:00,1075.45297748184
01-21-2025 10:53:00,1075.76008159834
01-21-2025 11:03:00,1075.16264288303
01-21-2025 11:13:00,1070.79149414939
01-21-2025 11:23:00,1066.81057013215
01-21-2025 11:33:00,1063.47454366722
01-21-2025 11:43:00,1061.80427567482
01-21-2025 11:53:00,1060.22495315397
01-21-2025 12:03:00,1062.65944726362
01-21-2025 12:13:00,1056.76516813762
01-21-2025 12:23:00,1054.76699762156
01-21-2025 12:33:00,1054.58263194114
01-21-2025 12:43:00,1055.48713973632
01-21-2025 12:53:00,1055.58053742296
01-21-2025 13:03:00,1056.23097997949
01-21-2025 13:13:00,1055.79100110902
01-21-2025 13:23:00,1060.55476518188
01-21-2025 13:33:00,1060.04573556624
01-21-2025 13:43:00,1060.55838586649
01-21-2025 13:53:00,1059.18696380623
01-21-2025 14:03:00,1059.95260678069
01-21-2025 14:13:00,1059.41642230748
01-21-2025 14:23:00,1058.43953822545
01-21-2025 14:33:00,1058.64576449345
01-21-2025 14:43:00,1055.52946926225
01-21-2025 14:53:00,1053.03822357608
01-21-2025 15:03:00,1052.89554582871
01-21-2025 15:13:00,1053.40305152954
01-21-2025 15:23:00,1052.14352092567
01-21-2025 15:33:00,1051.50907097393
01-21-2025 15:43:00,1050.06230370937
01-21-2025 15:53:00,1049.70546326952
01-21-2025 16:03:00,1048.8153029711
01-21-2025 16:13:00,1044.45859431307
01-21-2025 16:23:00,1042.29098182198
01-21-2025 16:33:00,1038.63540662581
01-21-2025 16:43:00,1038.140703024
01-21-2025 16:53:00,1033.83393329987
01-21-2025 17:03:00,1029.8325210313
01-21-2025 17:13:00,1028.18157268548
01-21-2025 17:23:00,1025.26925945882
01-21-2025 17:33:00,1022.07798326757
01-21-2025 17:43:00,1018.29067816457
01-21-2025 17:53:00,1017.51456247665
01-21-2025 18:03:00,1016.69964736639
01-21-2025 18:13:00,1014.06534772914
01-21-2025 18:23:00,1013.22247690806
01-21-2025 18:33:00,1011.57127756353
01-21-2025 18:43:00,1010.44922372586
01-21-2025 18:53:00,1008.21324584443
01-21-2025 19:03:00,1005.42053631648
01-21-2025 19:13:00,1006.61698418259
01-21-2025 19:23:00,1007.5341016232
01-21-2025 19:33:00,1007.03136685735
01-21-2025 19:43:00,1007.85408947237
01-21-2025 19:53:00,1005.24523226807
01-21-2025 20:03:00,1003.93432527508
01-21-2025 20:13:00,1004.56962839352
01-21-2025 20:23:00,1005.26896312121
01-21-2025 20:33:00,1004.32712181212
01-21-2025 20:43:00,1004.40408021512
01-21-2025 20:53:00,1005.12880782121
01-21-2025 21:03:00,1007.70519675013
01-21-2025 21:13:00,1009.10341112454
01-21-2025 21:23:00,1008.68645097591
01-21-2025 21:33:00,1010.54545722007
01-21-2025 21:43:00,1014.57069984882
01-21-2025 21:53:00,1013.04065111779
01-21-2025 22:03:00,1013.08369617729
01-21-2025 22:13:00,1014.42182235061
01-21-2025 22:23:00,1010.57648857873
01-21-2025 22:33:00,1012.93121796625
01-21-2025 22:43:00,1012.13882703752
01-21-2025 22:53:00,1013.75156313653
01-21-2025 23:03:00,1013.23546619394
01-21-2025 23:13:00,1014.38400048841
01-21-2025 23:23:00,1018.00306989947
01-21-2025 23:33:00,1015.97830734629
01-21-2025 23:43:00,1015.82955473362
01-21-2025 23:53:00,1015.28378331177
01-22-2025 00:03:00,1016.40249516963
01-22-2025 00:13:00,1016.99177952332
01-22-2025 00:23:00,1018.96768305303
01-22-2025 00:33:00,1018.23453095305
01-22-2025 00:43:00,1018.82163593976
01-22-2025 00:53:00,1018.91965695348
01-22-2025 01:03:00,1019.2538369269
01-22-2025 01:13:00,1019.46889767706
01-22-2025 01:23:00,1018.91775071829
01-22-2025 01:33:00,1018.69509271502
01-22-2025 01:43:00,1018.32765992902
01-22-2025 01:53:00,1017.91887397363
01-22-2025 02:03:00,1014.43348501114
01-22-2025 02:13:00,1016.8629748671
01-22-2025 02:23:00,1015.40999815346
01-22-2025 02:33:00,1013.95657649853
01-22-2025 02:43:00,1014.28430988811
01-22-2025 02:53:00,1017.07978216427
01-22-2025 03:03:00,1016.64084589546
01-22-2025 03:13:00,1016.36033559424
01-22-2025 03:23:00,1016.01256337113
01-22-2025 03:33:00,1015.20234542719
01-22-2025 03:43:00,1015.38183729835
01-22-2025 03:53:00,1015.49403204303
01-22-2025 04:03:00,1016.99084731482
01-22-2025 04:13:00,1018.32748757958
01-22-2025 04:23:00,1018.71441204773
01-22-2025 04:33:00,1018.75662259046
01-22-2025 04:43:00,1020.34213154701
01-22-2025 04:53:00,1021.12106640949
01-22-2025 05:03:00,1020.67428014926
01-22-2025 05:13:00,1018.75034488615
01-22-2025 05:23:00,1018.76386393923
01-22-2025 05:33:00,1015.63951093791
01-22-2025 05:43:00,1016.5745723745
01-22-2025 05:53:00,1017.25723580513
01-22-2025 06:03:00,1015.2641185639
01-22-2025 06:13:00,1015.64343541803
01-22-2025 06:23:00,1014.75618094065
01-22-2025 06:33:00,1015.80471444378
01-22-2025 06:43:00,1011.84862406795
01-22-2025 06:53:00,1012.06630859282
01-22-2025 07:03:00,1014.12656383418
01-22-2025 07:13:00,1013.85645994371
01-22-2025 07:23:00,1013.17534767012
01-22-2025 07:33:00,1015.04810066409
01-22-2025 07:43:00,1013.39417170847
01-22-2025 07:53:00,1012.75306765268
01-22-2025 08:03:00,1012.2956068328
01-22-2025 08:13:00,1010.08766200671
01-22-2025 08:23:00,1010.64215563525
01-22-2025 08:33:00,1007.57917456229
01-22-2025 08:43:00,1008.84393432685
01-22-2025 08:53:00,1007.04366485211
01-22-2025 09:03:00,1007.11004341863
01-22-2025 09:13:00,1003.25645295017
01-22-2025 09:23:00,1000.99312339528
01-22-2025 09:33:00,999.322123903396
01-22-2025 09:43:00,996.912661025923
01-22-2025 09:53:00,989.866119202486
01-22-2025 10:03:00,988.874708538986
01-22-2025 10:13:00,989.911904512793
01-22-2025 10:23:00,986.796449904972
01-22-2025 10:33:00,985.801857970852
01-22-2025 10:43:00,986.349678452964
01-22-2025 10:53:00,986.25088193942
01-22-2025 11:03:00,984.553342179794
01-22-2025 11:13:00,985.073960993998
01-22-2025 11:23:00,982.818337527678
01-22-2025 11:33:00,978.337726516273
01-22-2025 11:43:00,978.1413295768
01-22-2025 11:53:00,978.03719721119
01-22-2025 12:03:00,977.681722617893
01-22-2025 12:13:00,985.647006379123
01-22-2025 12:23:00,980.839307609162
01-22-2025 12:33:00,974.384112894762
01-22-2025 12:43:00,973.746950728004
01-22-2025 12:53:00,970.628489303745
01-22-2025 13:03:00,968.836303836946
01-22-2025 13:13:00,968.343883573011
01-22-2025 13:23:00,966.735430572023
01-22-2025 13:33:00,966.613351386276
01-22-2025 13:43:00,965.467895446986
01-22-2025 13:53:00,963.763431130561
01-22-2025 14:03:00,961.12744988608
01-22-2025 14:13:00,959.141236627664
01-22-2025 14:23:00,957.619081535702
01-22-2025 14:33:00,954.112219097474
01-22-2025 14:43:00,952.214825829218
01-22-2025 14:53:00,950.19417441206
01-22-2025 15:03:00,947.146973891241
01-22-2025 15:13:00,945.588907615381
01-22-2025 15:23:00,945.119223131063
01-22-2025 15:33:00,949.219510586639
01-22-2025 15:43:00,946.353138511246
01-22-2025 15:53:00,943.548810204104
01-22-2025 16:03:00,943.916872909455
01-22-2025 16:13:00,939.737215566357
01-22-2025 16:23:00,939.975432459345
01-22-2025 16:33:00,938.595255739923
01-22-2025 16:43:00,937.336940851624
01-22-2025 16:53:00,936.919105723428
01-22-2025 17:03:00,935.659010921398
01-22-2025 17:13:00,935.737076500074
01-22-2025 17:23:00,938.714597673826
01-22-2025 17:33:00,937.950154725897
01-22-2025 17:43:00,939.992215479251
01-22-2025 17:53:00,942.063432342424
01-22-2025 18:03:00,944.069665408273
01-22-2025 18:13:00,942.238478228722
01-22-2025 18:23:00,945.366468205032
01-22-2025 18:33:00,945.4992653467
01-22-2025 18:43:00,946.221480188521
01-22-2025 18:53:00,946.194381118779
01-22-2025 19:03:00,947.008651378228
01-22-2025 19:13:00,945.763970809094
01-22-2025 19:23:00,947.951722352428
01-22-2025 19:33:00,947.388850025216
01-22-2025 19:43:00,945.768282251391
01-22-2025 19:53:00,947.981784382452
01-22-2025 20:03:00,945.079176326449
01-22-2025 20:13:00,947.571362244314
01-22-2025 20:23:00,945.041986901597
01-22-2025 20:33:00,944.28866068851
01-22-2025 20:43:00,944.749814591424
01-22-2025 20:53:00,943.154262954438
01-22-2025 21:03:00,942.586213317961
01-22-2025 21:13:00,943.577513854503
01-22-2025 21:23:00,944.689492112478
01-22-2025 21:33:00,943.558857813642
01-22-2025 21:43:00,945.04255939837
01-22-2025 21:53:00,945.68475105755
01-22-2025 22:03:00,945.01903680994
01-22-2025 22:13:00,945.258346128434
01-22-2025 22:23:00,947.29809032411
01-22-2025 22:33:00,946.135888039682
01-22-2025 22:43:00,947.893653768646
01-22-2025 22:53:00,949.836747927395
01-22-2025 23:03:00,946.713574235482
01-22-2025 23:13:00,947.228309923899
01-22-2025 23:23:00,943.94559474197
01-22-2025 23:33:00,943.71293079302
01-22-2025 23:43:00,944.785224123683
01-22-2025 23:53:00,942.368596590094
01-23-2025 00:03:00,940.922075940018
01-23-2025 00:13:00,941.860976277385
01-23-2025 00:23:00,938.577371914328
01-23-2025 00:33:00,939.487100782813
01-23-2025 00:43:00,942.724956794601
01-23-2025 00:53:00,940.278843295091
01-23-2025 01:03:00,940.188762998503
01-23-2025 01:13:00,939.884115298552
01-23-2025 01:23:00,936.599529848596
01-23-2025 01:33:00,940.176272129953
01-23-2025 01:43:00,939.924475782764
01-23-2025 01:53:00,940.082337793618
01-23-2025 02:03:00,940.080701548652
01-23-2025 02:13:00,942.12451513591
01-23-2025 02:23:00,941.655841537862
01-23-2025 02:33:00,944.16160631869
01-23-2025 02:43:00,944.740358891142
01-23-2025 02:53:00,945.569873670436
01-23-2025 03:03:00,945.376299160812
01-23-2025 03:13:00,944.744336252352
01-23-2025 03:23:00,945.133160459834
01-23-2025 03:33:00,945.030158882923
01-23-2025 03:43:00,944.025023808662
01-23-2025 03:53:00,944.29176325731
01-23-2025 04:03:00,944.769601056868
01-23-2025 04:13:00,943.365293525377
01-23-2025 04:23:00,943.629503984798
01-23-2025 04:33:00,943.614726293267
01-23-2025 04:43:00,943.903556198245
01-23-2025 04:53:00,944.072332447611
01-23-2025 05:03:00,942.970008944417
01-23-2025 05:13:00,939.738095490599
01-23-2025 05:23:00,940.394468125183
01-23-2025 05:33:00,941.855931199764
01-23-2025 05:43:00,940.355542600613
01-23-2025 05:53:00,942.11846369801
01-23-2025 06:03:00,941.541767373983
01-23-2025 06:13:00,941.175647415423
01-23-2025 06:23:00,941.917759224086
01-23-2025 06:33:00,940.7585381916
01-23-2025 06:43:00,942.330040732975
01-23-2025 06:53:00,940.918753964653
01-23-2025 07:03:00,940.430537791979
01-23-2025 07:13:00,940.192564700029
01-23-2025 07:23:00,942.19495898524
01-23-2025 07:33:00,940.043454238811
01-23-2025 07:43:00,939.275844148539
01-23-2025 07:53:00,937.809977715054
01-23-2025 08:03:00,935.329051040092
01-23-2025 08:13:00,935.456434771842
01-23-2025 08:23:00,937.216775722482
01-23-2025 08:33:00,938.080004922611
01-23-2025 08:43:00,934.00388266373
01-23-2025 08:53:00,934.906069135656
01-23-2025 09:03:00,929.695875771564
01-23-2025 09:13:00,927.59315416794
01-23-2025 09:23:00,926.807239402943
01-23-2025 09:33:00,923.345815990626
01-23-2025 09:43:00,920.079023419924
01-23-2025 09:53:00,918.009754494208
01-23-2025 10:03:00,914.896074074992
01-23-2025 10:13:00,912.703429915059
01-23-2025 10:23:00,913.06851744911
01-23-2025 10:33:00,907.766932935577
01-23-2025 10:43:00,911.311998467284
01-23-2025 10:53:00,907.57680489757
01-23-2025 11:03:00,906.865648109107
01-23-2025 11:13:00,903.438303763441
01-23-2025 11:23:00,897.623801773157
01-23-2025 11:33:00,897.462018892774
01-23-2025 11:43:00,891.601860187289
01-23-2025 11:53:00,887.965038110821
01-23-2025 12:03:00,888.691420913234
01-23-2025 12:13:00,885.54369704318
01-23-2025 12:23:00,882.143934417903
01-23-2025 12:33:00,880.973770048374
01-23-2025 12:43:00,880.576349311604
01-23-2025 12:53:00,877.72960081096
01-23-2025 13:03:00,877.639422598306
01-23-2025 13:13:00,877.73490930384
01-23-2025 13:23:00,875.502749419761
01-23-2025 13:33:00,877.645288973443
01-23-2025 13:43:00,876.901397933305
01-23-2025 13:53:00,872.059075891029
01-23-2025 14:03:00,872.43094461782
01-23-2025 14:13:00,875.038277839878
01-23-2025 14:23:00,871.7127736071
01-23-2025 14:33:00,874.069773641167
01-23-2025 14:43:00,873.631205488614
01-23-2025 14:53:00,871.358111811238
01-23-2025 15:03:00,869.177591368319
01-23-2025 15:13:00,868.860058834768
01-23-2025 15:23:00,867.23740373969
01-23-2025 15:33:00,866.452759636927
01-23-2025 15:43:00,865.823838306369
01-23-2025 15:53:00,862.305286162704
01-23-2025 16:03:00,859.904083351946
01-23-2025 16:13:00,852.84160132844
01-23-2025 16:23:00,849.785761601562
01-23-2025 16:33:00,846.014500914085
01-23-2025 16:43:00,842.988351874419
01-23-2025 16:53:00,841.04853593694
01-23-2025 17:03:00,836.777178541957
01-23-2025 17:13:00,833.809950031751
01-23-2025 17:23:00,832.831994712974
01-23-2025 17:33:00,833.065498405584
01-23-2025 17:43:00,832.645744960869
01-23-2025 17:53:00,831.977773680855
01-23-2025 18:03:00,831.556800250934
01-23-2025 18:13:00,832.752067797715
01-23-2025 18:23:00,832.73467961432
01-23-2025 18:33:00,832.311872702427
01-23-2025 18:43:00,833.163862766621
01-23-2025 18:53:00,836.748737433677
01-23-2025 19:03:00,835.734863234101
01-23-2025 19:13:00,836.397262324471
01-23-2025 19:23:00,836.903767085961
01-23-2025 19:33:00,839.736945625271
01-23-2025 19:43:00,839.185735938087
01-23-2025 19:53:00,838.727010791343
01-23-2025 20:03:00,840.5630620204
01-23-2025 20:13:00,837.342619825306
01-23-2025 20:23:00,841.191687804887
01-23-2025 20:33:00,841.876489549742
01-23-2025 20:43:00,841.196242015676
01-23-2025 20:53:00,845.596643757654
01-23-2025 21:03:00,845.069400134399
01-23-2025 21:13:00,844.325475182089
01-23-2025 21:23:00,844.168614382301
01-23-2025 21:33:00,842.309066277223
01-23-2025 21:43:00,843.885076390778
01-23-2025 21:53:00,845.582699041889
01-23-2025 22:03:00,844.371347475174
01-23-2025 22:13:00,846.159379863576
01-23-2025 22:23:00,845.039615048746
01-23-2025 22:33:00,843.548320006052
01-23-2025 22:43:00,844.683866665958
01-23-2025 22:53:00,844.83114995041
01-23-2025 23:03:00,845.686278651008
01-23-2025 23:13:00,846.759186669339
01-23-2025 23:23:00,847.953387664917
01-23-2025 23:33:00,847.170497922921
01-23-2025 23:43:00,847.621397913499
01-23-2025 23:53:00,848.349409606886
01-24-2025 00:03:00,847.408608026894
01-24-2025 00:13:00,849.895123338228
01-24-2025 00:23:00,849.294295946424
01-24-2025 00:33:00,847.795709066681
01-24-2025 00:43:00,848.704628782244
01-24-2025 00:53:00,849.056940311102
01-24-2025 01:03:00,849.344678212356
01-24-2025 01:13:00,849.7877473484
01-24-2025 01:23:00,850.906413397993
01-24-2025 01:33:00,853.475599051792
01-24-2025 01:43:00,852.065237879837
01-24-2025 01:53:00,854.197746606442
01-24-2025 02:03:00,853.156136239259
01-24-2025 02:13:00,852.114068114661
01-24-2025 02:23:00,853.290336761533
01-24-2025 02:33:00,853.661710259981
01-24-2025 02:43:00,851.508780059101
01-24-2025 02:53:00,853.606192591726
01-24-2025 03:03:00,855.240271497824
01-24-2025 03:13:00,854.776376013441
01-24-2025 03:23:00,855.142954499932
01-24-2025 03:33:00,858.0288589002
01-24-2025 03:43:00,855.716125438193
01-24-2025 03:53:00,852.729786313758
01-24-2025 04:03:00,854.227941885854
01-24-2025 04:13:00,853.852016008938
01-24-2025 04:23:00,854.831097885162
01-24-2025 04:33:00,853.254885242135
01-24-2025 04:43:00,852.692520204841
01-24-2025 04:53:00,853.63162345928
01-24-2025 05:03:00,852.330650803353
01-24-2025 05:13:00,848.422454526798
01-24-2025 05:23:00,848.502950729278
01-24-2025 05:33:00,849.291559635183
01-24-2025 05:43:00,846.912165803723
01-24-2025 05:53:00,848.647062223187
01-24-2025 06:03:00,848.632002730129
01-24-2025 06:13:00,846.472522225723
01-24-2025 06:23:00,846.456283947964
01-24-2025 06:33:00,845.032097396051
01-24-2025 06:43:00,845.722544729463
01-24-2025 06:53:00,846.46694369302
01-24-2025 07:03:00,845.013677079879
01-24-2025 07:13:00,843.403706877339
01-24-2025 07:23:00,845.469218684055
01-24-2025 07:33:00,841.285449139479
01-24-2025 07:43:00,841.052435935222
01-24-2025 07:53:00,841.498434530609
01-24-2025 08:03:00,841.355813993655
01-24-2025 08:13:00,837.667039105854
01-24-2025 08:23:00,836.301812485127
01-24-2025 08:33:00,836.102233094888
01-24-2025 08:43:00,835.139457641102
01-24-2025 08:53:00,833.377181804849
01-24-2025 09:03:00,833.147929309229
01-24-2025 09:13:00,831.356378432968
01-24-2025 09:23:00,830.574653863779
01-24-2025 09:33:00,827.09953696977
01-24-2025 09:43:00,826.231610162334
01-24-2025 09:53:00,823.092788652781
01-24-2025 10:03:00,821.8832898272
01-24-2025 10:13:00,821.627687137592
01-24-2025 10:23:00,822.228334673636
01-24-2025 10:33:00,822.432542547316
01-24-2025 10:43:00,821.255437639571
01-24-2025 10:53:00,817.59004173586
01-24-2025 11:03:00,819.14602481442
01-24-2025 11:13:00,821.994134952132
01-24-2025 11:23:00,818.082412755748
01-24-2025 11:33:00,816.594970161499
01-24-2025 11:43:00,817.073633607857
01-24-2025 11:53:00,811.520146743187
01-24-2025 12:03:00,809.779367406104
01-24-2025 12:13:00,810.09966929599
01-24-2025 12:23:00,809.004045076663
01-24-2025 12:33:00,807.225664388912
01-24-2025 12:43:00,804.954378485736
01-24-2025 12:53:00,800.490066765179
01-24-2025 13:03:00,801.547189769895
01-24-2025 13:13:00,801.459832346711
01-24-2025 13:23:00,799.398165707022
01-24-2025 13:33:00,797.613077006696
01-24-2025 13:43:00,794.837616896072
01-24-2025 13:53:00,794.191691510084
01-24-2025 14:03:00,797.099724549938
01-24-2025 14:13:00,796.667963609764
01-24-2025 14:23:00,791.045266063299
01-24-2025 14:33:00,789.933169419848
01-24-2025 14:43:00,788.201351925592
01-24-2025 14:53:00,788.571188505593
01-24-2025 15:03:00,784.148819519668
01-24-2025 15:13:00,782.755161618367
01-24-2025 15:23:00,779.876588817694
01-24-2025 15:33:00,781.35682769751
01-24-2025 15:43:00,775.012614677817
01-24-2025 15:53:00,777.45044932102
01-24-2025 16:03:00,772.866208044469
01-24-2025 16:13:00,771.559802847558
01-24-2025 16:23:00,769.69551028189
01-24-2025 16:33:00,766.158777536543
01-24-2025 16:43:00,764.942367710666
01-24-2025 16:53:00,770.22721098689
01-24-2025 17:03:00,766.037382104254
01-24-2025 17:13:00,769.774387494886
01-24-2025 17:23:00,770.445267240787
01-24-2025 17:33:00,769.721913126132
01-24-2025 17:43:00,767.882796087607
01-24-2025 17:53:00,769.790926733564
01-24-2025 18:03:00,768.197887843133
01-24-2025 18:13:00,771.126750454591
01-24-2025 18:23:00,771.204838518831
01-24-2025 18:33:00,766.110132683624
01-24-2025 18:43:00,766.37292696768
01-24-2025 18:53:00,765.64389327973
01-24-2025 19:03:00,765.657214253588
01-24-2025 19:13:00,768.362438675426
01-24-2025 19:23:00,768.682564037414
01-24-2025 19:33:00,770.765053443512
01-24-2025 19:43:00,765.856170590929
01-24-2025 19:53:00,769.112788988788
01-24-2025 20:03:00,768.656917648804
01-24-2025 20:13:00,767.922131251394
01-24-2025 20:23:00,767.928698907809
01-24-2025 20:33:00,773.312612317457
01-24-2025 20:43:00,769.730795732447
01-24-2025 20:53:00,768.529682824311
01-24-2025 21:03:00,767.235461767789
01-24-2025 21:13:00,767.608791772717
01-24-2025 21:23:00,766.558473847861
01-24-2025 21:33:00,767.422888185622
01-24-2025 21:43:00,767.052618019249
01-24-2025 21:53:00,768.222168019949
01-24-2025 22:03:00,770.412631482129
01-24-2025 22:13:00,769.391818071674
01-24-2025 22:23:00,773.616281980087
01-24-2025 22:33:00,770.002770079526
01-24-2025 22:43:00,772.374284418152
01-24-2025 22:53:00,772.923266496479
01-24-2025 23:03:00,772.453814411885
01-24-2025 23:13:00,775.007054182628
01-24-2025 23:23:00,778.299087946818
01-24-2025 23:33:00,776.873585176217
01-24-2025 23:43:00,776.8630089227
01-24-2025 23:53:00,775.991227526107
01-25-2025 00:03:00,777.799920270755
01-25-2025 00:13:00,774.551665768736
01-25-2025 00:23:00,776.977470634314
01-25-2025 00:33:00,775.669197123908
01-25-2025 00:43:00,775.810919393352
01-25-2025 00:53:00,777.494899911754
01-25-2025 01:03:00,777.293420819702
01-25-2025 01:13:00,775.86218203963
01-25-2025 01:23:00,779.327006819769
01-25-2025 01:33:00,778.448714774293
01-25-2025 01:43:00,779.140210852659
01-25-2025 01:53:00,777.734112983929
01-25-2025 02:03:00,778.516413451423
01-25-2025 02:13:00,778.217255759496
01-25-2025 02:23:00,780.105889393242
01-25-2025 02:33:00,778.854464155755
01-25-2025 02:43:00,782.89172077897
01-25-2025 02:53:00,779.727713547777
01-25-2025 03:03:00,783.762047187493
01-25-2025 03:13:00,782.811761150792
01-25-2025 03:23:00,780.015821549063
01-25-2025 03:33:00,778.603568482668
01-25-2025 03:43:00,778.574383760059
01-25-2025 03:53:00,780.388728841046
01-25-2025 04:03:00,780.818705747297
01-25-2025 04:13:00,778.758671181058
01-25-2025 04:23:00,780.358749995678
01-25-2025 04:33:00,778.693134782813
01-25-2025 04:43:00,781.607899206244
01-25-2025 04:53:00,779.637920104075
01-25-2025 05:03:00,774.719893522294
01-25-2025 05:13:00,776.645098803967
01-25-2025 05:23:00,773.937757914292
01-25-2025 05:33:00,773.716367287292
01-25-2025 05:43:00,774.506885941769
01-25-2025 05:53:00,771.49566034828
01-25-2025 06:03:00,771.916633754535
01-25-2025 06:13:00,772.520732174061
01-25-2025 06:23:00,772.571790238712
01-25-2025 06:33:00,774.921954121504
01-25-2025 06:43:00,773.683279938857
01-25-2025 06:53:00,774.19159458155
01-25-2025 07:03:00,771.848329152746
01-25-2025 07:13:00,766.903770364563
01-25-2025 07:23:00,770.904096896953
01-25-2025 07:33:00,764.331440554512
01-25-2025 07:43:00,763.247493580351
01-25-2025 07:53:00,764.487491284181
01-25-2025 08:03:00,761.656324998136
01-25-2025 08:13:00,760.938290768499
01-25-2025 08:23:00,759.392732358514
01-25-2025 08:33:00,758.003385524776
01-25-2025 08:43:00,758.359167672629
01-25-2025 08:53:00,757.795535194751
01-25-2025 09:03:00,754.84239506641
01-25-2025 09:13:00,757.650243863969
01-25-2025 09:23:00,755.468687290481
01-25-2025 09:33:00,754.297135787946
01-25-2025 09:43:00,754.411824782122
01-25-2025 09:53:00,749.993683885269
01-25-2025 10:03:00,746.64940223415
01-25-2025 10:13:00,744.710572716284
01-25-2025 10:23:00,739.79809555276
01-25-2025 10:33:00,737.339811745161
01-25-2025 10:43:00,734.447364637544
01-25-2025 10:53:00,732.169408666688
01-25-2025 11:03:00,730.534723984649
01-25-2025 11:13:00,726.593999851057
01-25-2025 11:23:00,725.50913488584
01-25-2025 11:33:00,719.689097975918
01-25-2025 11:43:00,712.693509457058
01-25-2025 11:53:00,708.554910684258
01-25-2025 12:03:00,707.398808686176
01-25-2025 12:13:00,706.518971716806
01-25-2025 12:23:00,704.899079254727
01-25-2025 12:33:00,703.30813740237
01-25-2025 12:43:00,700.514239524349
01-25-2025 12:53:00,697.348874400502
01-25-2025 13:03:00,697.881708481666
01-25-2025 13:13:00,692.462512659069
01-25-2025 13:23:00,690.896236042325
01-25-2025 13:33:00,687.354413400508
01-25-2025 13:43:00,692.976218147028
01-25-2025 13:53:00,691.068805808178
01-25-2025 14:03:00,684.5897311247
01-25-2025 14:13:00,680.454065471879
01-25-2025 14:23:00,676.747573973085
01-25-2025 14:33:00,673.191816616895
01-25-2025 14:43:00,668.305437690938
01-25-2025 14:53:00,669.198330216272
01-25-2025 15:03:00,666.874213518946
01-25-2025 15:13:00,667.799279085908
01-25-2025 15:23:00,663.52135407527
01-25-2025 15:33:00,661.935848172715
01-25-2025 15:43:00,658.954192275556
01-25-2025 15:53:00,657.704968251449
01-25-2025 16:03:00,652.578562401118
01-25-2025 16:13:00,655.548146207514
01-25-2025 16:23:00,653.430226433909
01-25-2025 16:33:00,652.768438966358
01-25-2025 16:43:00,654.342879150771
01-25-2025 16:53:00,653.15417053122
01-25-2025 17:03:00,653.083634227233
01-25-2025 17:13:00,652.919576696805
01-25-2025 17:23:00,650.641921184971
01-25-2025 17:33:00,655.175818005382
01-25-2025 17:43:00,656.070888926079
01-25-2025 17:53:00,657.432915337105
01-25-2025 18:03:00,657.986909183043
01-25-2025 18:13:00,658.073684069136
01-25-2025 18:23:00,661.242666613295
01-25-2025 18:33:00,659.959645207008
01-25-2025 18:43:00,662.816879874658
01-25-2025 18:53:00,663.868858230881
01-25-2025 19:03:00,663.019927468939
01-25-2025 19:13:00,662.54424276503
01-25-2025 19:23:00,665.059666471129
01-25-2025 19:33:00,665.237873583337
01-25-2025 19:43:00,666.724979271514
01-25-2025 19:53:00,666.091937724632
01-25-2025 20:03:00,667.952817197977
01-25-2025 20:13:00,667.849258550353
01-25-2025 20:23:00,669.024551644301
01-25-2025 20:33:00,671.416821394316
01-25-2025 20:43:00,671.874295829265
01-25-2025 20:53:00,673.73586184243
01-25-2025 21:03:00,675.942201166044
01-25-2025 21:13:00,679.243590132453
01-25-2025 21:23:00,684.262642637731
01-25-2025 21:33:00,686.940801914495
01-25-2025 21:43:00,691.68209301978
01-25-2025 21:53:00,698.140927209334
01-25-2025 22:03:00,699.322589602128
01-25-2025 22:13:00,700.438475747114
01-25-2025 22:23:00,704.086917813542
01-25-2025 22:33:00,707.708955072824
01-25-2025 22:43:00,707.418037701162
01-25-2025 22:53:00,710.505244942109
01-25-2025 23:03:00,711.903436534701
01-25-2025 23:13:00,713.609769236956
01-25-2025 23:23:00,714.632368376413
01-25-2025 23:33:00,717.183386261592
01-25-2025 23:43:00,717.386793419719
01-25-2025 23:53:00,717.65767937222
01-30-2025 00:03:00,625.085140435532
01-30-2025 00:13:00,631.111752572399
01-30-2025 00:23:00,634.227980232814
01-30-2025 00:33:00,636.290267710508
01-30-2025 00:43:00,631.005622274257
01-30-2025 00:53:00,635.998260257838
01-30-2025 01:03:00,642.017851123782
01-30-2025 01:13:00,647.110170248377
01-30-2025 01:23:00,643.146662032662
01-30-2025 01:33:00,644.828661482295
01-30-2025 01:43:00,645.671021263014
01-30-2025 01:53:00,642.557730821343
01-30-2025 02:03:00,642.749664710413
01-30-2025 02:13:00,643.977449407797
01-30-2025 02:23:00,640.779754998886
01-30-2025 02:33:00,632.114330572222
01-30-2025 02:43:00,634.182244452105
01-30-2025 02:53:00,634.845716689439
01-30-2025 03:03:00,635.885620299642
01-30-2025 03:13:00,628.723516011067
01-30-2025 03:23:00,624.770206825058
01-30-2025 03:33:00,626.375081901292
01-30-2025 03:43:00,629.484811955262
01-30-2025 03:53:00,626.104231963247
01-30-2025 04:03:00,619.896148592105
01-30-2025 04:13:00,620.936887394684
01-30-2025 04:23:00,621.218631491197
01-30-2025 04:33:00,621.695111054595
01-30-2025 04:43:00,619.451934399904
01-30-2025 04:53:00,608.548135261762
01-30-2025 05:03:00,611.27561945835
01-30-2025 05:13:00,618.425444324166
01-30-2025 05:23:00,618.714368249974
01-30-2025 05:33:00,616.272117307264
01-30-2025 05:43:00,614.6823050604
01-30-2025 05:53:00,614.59589292197
01-30-2025 06:03:00,618.629926181106
01-30-2025 06:13:00,617.691860377607
01-30-2025 06:23:00,615.815243813166
01-30-2025 06:33:00,614.696395115206
01-30-2025 06:43:00,620.31756612159
01-30-2025 06:53:00,624.816335951625
01-30-2025 07:03:00,618.630997747386
01-30-2025 07:13:00,615.999619325326
01-30-2025 07:23:00,612.718922643883
01-30-2025 07:33:00,615.810186585254
01-30-2025 07:43:00,615.812478553614
01-30-2025 07:53:00,611.883420038962
01-30-2025 08:03:00,612.917585962706
01-30-2025 08:13:00,608.146234624828
01-30-2025 08:23:00,598.038223455327
01-30-2025 08:33:00,598.329512464498
01-30-2025 08:43:00,598.630324864268
01-30-2025 08:53:00,597.993861181334
01-30-2025 09:03:00,589.486917021115
01-30-2025 09:13:00,581.63721737412
01-30-2025 09:23:00,582.322637994018
01-30-2025 09:33:00,574.751531196913
01-30-2025 09:43:00,583.315736568865
01-30-2025 09:53:00,576.673633827279
01-30-2025 10:03:00,576.601046977031
01-30-2025 10:13:00,572.957803709205
01-30-2025 10:23:00,571.854444041646
01-30-2025 10:33:00,560.23587698366
01-30-2025 10:43:00,559.13552245663
01-30-2025 10:53:00,562.642373133995
01-30-2025 11:03:00,543.850315892594
01-30-2025 11:13:00,539.820789570496
01-30-2025 11:23:00,536.730232872928
01-30-2025 11:33:00,535.615222585374
01-30-2025 11:43:00,521.216423870084
01-30-2025 11:53:00,520.0018364872
01-30-2025 12:03:00,511.435919844951
01-30-2025 12:13:00,507.103910203807
01-30-2025 12:23:00,514.278522415783
01-30-2025 12:33:00,496.360303320808
01-30-2025 12:43:00,487.872926773638
01-30-2025 12:53:00,486.555585687394
01-30-2025 13:03:00,484.112994760515
01-30-2025 13:13:00,481.099228939265
01-30-2025 13:23:00,482.05494381834
01-30-2025 13:33:00,478.851364045957
01-30-2025 13:43:00,475.457932256114
01-30-2025 13:53:00,481.977995114994
01-30-2025 14:03:00,466.678423277817
01-30-2025 14:13:00,465.727180261298
01-30-2025 14:23:00,462.429398600125
01-30-2025 14:33:00,467.160696975088
01-30-2025 14:43:00,461.120551569157
01-30-2025 14:53:00,461.597633226955
01-30-2025 15:03:00,460.650222899539
01-30-2025 15:13:00,459.513183302693
01-30-2025 15:23:00,456.779774408787
01-30-2025 15:33:00,458.209135738006
01-30-2025 15:43:00,459.165638153417
01-30-2025 15:53:00,458.128772347378
01-30-2025 16:03:00,450.932309217197
01-30-2025 16:13:00,455.858342525371
01-30-2025 16:23:00,458.809987354979
01-30-2025 16:33:00,462.41840751966
01-30-2025 16:43:00,460.15669133183
01-30-2025 16:53:00,455.919094276408
01-30-2025 17:03:00,455.740147987428
01-30-2025 17:13:00,457.941400871132
01-30-2025 17:23:00,455.970162518197
01-30-2025 17:33:00,453.248289435864
01-30-2025 17:43:00,454.225636222873
01-30-2025 17:53:00,455.196152653127
01-30-2025 18:03:00,456.646351654044
01-30-2025 18:13:00,451.945633398438
01-30-2025 18:23:00,454.997775209736
01-30-2025 18:33:00,456.447726356395
01-30-2025 18:43:00,457.134108093935
01-30-2025 18:53:00,453.854541769227
01-30-2025 19:03:00,457.857681616598
01-30-2025 19:13:00,458.455824685461
01-30-2025 19:23:00,464.720161256492
01-30-2025 19:33:00,462.475243768689
01-30-2025 19:43:00,461.648700870974
01-30-2025 19:53:00,462.063555386276
01-30-2025 20:03:00,470.693160376797
01-30-2025 20:13:00,471.572881039953
01-30-2025 20:23:00,473.675145400112
01-30-2025 20:33:00,475.121140786111
01-30-2025 20:43:00,477.70515874428
01-30-2025 20:53:00,480.188832148069
01-30-2025 21:03:00,476.634879583566
01-30-2025 21:13:00,474.304267706719
01-30-2025 21:23:00,476.415111996748
01-30-2025 21:33:00,480.59093313763
01-30-2025 21:43:00,482.88857792417
01-30-2025 21:53:00,483.671612682177
01-30-2025 22:03:00,482.002514922235
01-30-2025 22:13:00,482.785636122934
01-30-2025 22:23:00,488.004043175325
01-30-2025 22:33:00,486.241211542597
01-30-2025 22:43:00,485.232952979699
01-30-2025 22:53:00,487.523089732116
01-30-2025 23:03:00,494.900184294205
01-30-2025 23:13:00,491.257890116765
01-30-2025 23:23:00,491.756799535147
01-30-2025 23:33:00,486.327842779773
01-30-2025 23:43:00,489.279517446669
01-30-2025 23:53:00,495.520109660369
01-31-2025 00:03:00,494.508761764537
01-31-2025 00:13:00,496.046152706885
01-31-2025 00:23:00,498.234145118177
01-31-2025 00:33:00,498.64166201852
01-31-2025 00:43:00,502.337233099566
01-31-2025 00:53:00,508.385568833881
01-31-2025 01:03:00,508.881985322073
01-31-2025 01:13:00,505.336361251151
01-31-2025 01:23:00,504.420265634303
01-31-2025 01:33:00,513.096065519491
01-31-2025 01:43:00,511.240192277345
01-31-2025 01:53:00,510.423810993419
01-31-2025 02:03:00,519.183590235192
01-31-2025 02:13:00,523.998917476258
01-31-2025 02:23:00,525.618364108348
01-31-2025 02:33:00,529.306409882514
01-31-2025 02:43:00,529.987642374475
01-31-2025 02:53:00,535.831304025253
01-31-2025 03:03:00,538.106985003508
01-31-2025 03:13:00,537.474800249323
01-31-2025 03:23:00,538.812788320852
01-31-2025 03:33:00,540.242604618812
01-31-2025 03:43:00,540.735634144462
01-31-2025 03:53:00,542.165219196727
01-31-2025 04:03:00,541.532687946455
01-31-2025 04:13:00,542.399547759521
01-31-2025 04:23:00,542.42313598231
01-31-2025 04:33:00,540.293003598064
01-31-2025 04:43:00,536.291484884441
01-31-2025 04:53:00,534.258684707156
01-31-2025 05:03:00,536.342176609263
01-31-2025 05:13:00,535.992400738045
01-31-2025 05:23:00,536.206197411142
01-31-2025 05:33:00,534.361595533751
01-31-2025 05:43:00,532.799732004325
01-31-2025 05:53:00,533.482001501374
01-31-2025 06:03:00,527.902314799214
01-31-2025 06:13:00,531.016114426158
01-31-2025 06:23:00,527.399900922059
01-31-2025 06:33:00,527.71186116682
01-31-2025 06:43:00,524.473613868904
01-31-2025 06:53:00,526.744228885546
01-31-2025 07:03:00,525.093985558852
01-31-2025 07:13:00,525.403142019548
01-31-2025 07:23:00,524.686601018015
01-31-2025 07:33:00,522.572169947215
01-31-2025 07:43:00,517.942386167093
01-31-2025 07:53:00,521.232799245716
01-31-2025 08:03:00,516.043601407125
01-31-2025 08:13:00,509.924472657574
01-31-2025 08:23:00,515.077788020922
01-31-2025 08:33:00,511.661625599766
01-31-2025 08:43:00,509.543815030792
01-31-2025 08:53:00,508.081301265713
01-31-2025 09:03:00,503.628357696449
01-31-2025 09:13:00,496.752156054775
01-31-2025 09:23:00,487.446702532042
01-31-2025 09:33:00,487.549624641035
01-31-2025 09:43:00,477.212546695034
01-31-2025 09:53:00,473.018356215005
01-31-2025 10:03:00,468.448546130298
01-31-2025 10:13:00,469.747524551657
01-31-2025 10:23:00,461.533570418333
01-31-2025 10:33:00,451.525412865318
01-31-2025 10:43:00,454.960427580505
01-31-2025 10:53:00,456.802363195253
01-31-2025 11:03:00,472.9482193597
01-31-2025 11:13:00,456.741876819583
01-31-2025 11:23:00,432.279481684143
01-31-2025 11:33:00,420.717977523891
01-31-2025 11:43:00,416.079622502278
01-31-2025 11:53:00,420.458674640897
01-31-2025 12:03:00,415.357353531571
01-31-2025 12:13:00,414.589340949374
01-31-2025 12:23:00,412.87153238624
01-31-2025 12:33:00,409.473211882241
01-31-2025 12:43:00,410.006524043849
01-31-2025 12:53:00,407.356638528817
01-31-2025 13:03:00,404.611148087245
01-31-2025 13:13:00,404.507813410739
01-31-2025 13:23:00,401.771648784495
01-31-2025 13:33:00,398.940194792517
01-31-2025 13:43:00,400.258382779967
01-31-2025 13:53:00,398.096103559785
01-31-2025 14:03:00,397.438670927927
01-31-2025 14:13:00,392.16983278059
01-31-2025 14:23:00,386.993539065134
01-31-2025 14:33:00,382.08486777264
01-31-2025 14:43:00,376.138161007262
01-31-2025 14:53:00,369.312617819172
01-31-2025 15:03:00,363.141502338491
01-31-2025 15:13:00,355.393689560019
01-31-2025 15:23:00,351.602045798483
01-31-2025 15:33:00,349.050404348851
01-31-2025 15:43:00,349.893071937973
01-31-2025 15:53:00,350.170090262774
01-31-2025 16:03:00,349.236694764939
01-31-2025 16:13:00,356.32175861257
01-31-2025 16:23:00,359.634216514034
01-31-2025 16:33:00,358.984505994077
01-31-2025 16:43:00,358.130814849352
01-31-2025 16:53:00,358.896495227417
01-31-2025 17:03:00,359.001680651398
01-31-2025 17:13:00,360.160259698517
01-31-2025 17:23:00,358.125259049709
01-31-2025 17:33:00,358.464995612298
01-31-2025 17:43:00,362.265530004661
01-31-2025 17:53:00,365.231639218178
01-31-2025 18:03:00,365.570480131591
01-31-2025 18:13:00,366.475244858924
01-31-2025 18:23:00,370.194675310399
01-31-2025 18:33:00,366.760910464731
01-31-2025 18:43:00,367.179384731275
01-31-2025 18:53:00,365.74163406774
01-31-2025 19:03:00,370.104920919101
01-31-2025 19:13:00,367.978125041698
01-31-2025 19:23:00,367.454101589264
01-31-2025 19:33:00,367.104071466886
01-31-2025 19:43:00,367.319644143129
01-31-2025 19:53:00,370.188924881869
01-31-2025 20:03:00,372.00685940444
01-31-2025 20:13:00,371.374357242403
01-31-2025 20:23:00,378.766980295494
01-31-2025 20:33:00,376.532530103147
01-31-2025 20:43:00,383.453169548168
01-31-2025 20:53:00,389.323277116308
01-31-2025 21:03:00,386.160128725971
01-31-2025 21:13:00,390.535238245189
01-31-2025 21:23:00,389.539560024136
01-31-2025 21:33:00,396.551698472737
01-31-2025 21:43:00,397.157267748512
01-31-2025 21:53:00,402.755030467174
01-31-2025 22:03:00,403.630732931392
01-31-2025 22:13:00,405.566375320303
01-31-2025 22:23:00,407.96064235555
01-31-2025 22:33:00,408.283017755687
01-31-2025 22:43:00,414.171923855141
01-31-2025 22:53:00,412.234501669547
01-31-2025 23:03:00,414.827165125925
01-31-2025 23:13:00,412.314161050877
01-31-2025 23:23:00,410.295015074523
01-31-2025 23:33:00,418.533435299174
01-31-2025 23:43:00,419.137621566949
01-31-2025 23:53:00,422.188012960273
02-01-2025 00:03:00,422.050080011189
02-01-2025 00:13:00,422.758797300258
02-01-2025 00:23:00,421.105532440691
02-01-2025 00:33:00,422.953513423119
02-01-2025 00:43:00,419.514512483204
02-01-2025 00:53:00,421.163687727022
02-01-2025 01:03:00,421.496565081651
02-01-2025 01:13:00,422.591995372837
02-01-2025 01:23:00,425.743441642358
02-01-2025 01:33:00,425.595520675137
02-01-2025 01:43:00,428.453865907372
02-01-2025 01:53:00,429.171867342932
02-01-2025 02:03:00,432.039305481751
02-01-2025 02:13:00,424.765548232263
02-01-2025 02:23:00,432.608546168586
02-01-2025 02:33:00,436.610556520445
02-01-2025 02:43:00,437.316924586279
02-01-2025 02:53:00,438.032813995055
02-01-2025 03:03:00,436.206101556393
02-01-2025 03:13:00,439.26685189196
02-01-2025 03:23:00,439.316289746414
02-01-2025 03:33:00,439.478684853539
02-01-2025 03:43:00,442.52762604218
02-01-2025 03:53:00,439.49382035471
02-01-2025 04:03:00,443.572446405459
02-01-2025 04:13:00,441.560745651775
02-01-2025 04:23:00,446.958372441164
02-01-2025 04:33:00,442.240830183387
02-01-2025 04:43:00,445.482917911372
02-01-2025 04:53:00,448.068488552097
02-01-2025 05:03:00,440.256752379312
02-01-2025 05:13:00,439.661727818172
02-01-2025 05:23:00,447.195877256628
02-01-2025 05:33:00,441.71750949118
02-01-2025 05:43:00,447.855989104009
02-01-2025 05:53:00,448.756025531466
02-01-2025 06:03:00,451.142580065584
02-01-2025 06:13:00,449.687420391458
02-01-2025 06:23:00,452.345146487734
02-01-2025 06:33:00,448.179910044515
02-01-2025 06:43:00,453.199865732356
02-01-2025 06:53:00,449.699243158038
02-01-2025 07:03:00,449.842548879943
02-01-2025 07:13:00,451.853717604723
02-01-2025 07:23:00,448.737718676885
02-01-2025 07:33:00,450.841857492342
02-01-2025 07:43:00,451.545343300565
02-01-2025 07:53:00,448.048996246482
02-01-2025 08:03:00,449.31276561664
02-01-2025 08:13:00,443.662667699662
02-01-2025 08:23:00,446.046502843348
02-01-2025 08:33:00,440.864519812298
02-01-2025 08:43:00,439.124851414972
02-01-2025 08:53:00,437.291958523912
02-01-2025 09:03:00,432.453308320655
02-01-2025 09:13:00,422.37657166241
02-01-2025 09:23:00,417.989094545951
02-01-2025 09:33:00,409.759688280967
02-01-2025 09:43:00,408.530111896237
02-01-2025 09:53:00,408.981438949775
02-01-2025 10:03:00,406.44250128827
02-01-2025 10:13:00,402.767553628753
02-01-2025 10:23:00,398.715699969651
02-01-2025 10:33:00,394.567192261536
02-01-2025 10:43:00,382.604399451165
02-01-2025 10:53:00,393.75079944626
02-01-2025 11:03:00,387.798858530254
02-01-2025 11:13:00,386.970591218852
02-01-2025 11:23:00,395.980693201902
02-01-2025 11:33:00,378.802906682376
02-01-2025 11:43:00,374.772472618125
02-01-2025 11:53:00,364.187127431955
02-01-2025 12:03:00,362.040597530979
02-01-2025 12:13:00,354.62173339781
02-01-2025 12:23:00,348.718412669966
02-01-2025 12:33:00,350.533442635044
02-01-2025 12:43:00,342.190165100793
02-01-2025 12:53:00,338.253076554515
02-01-2025 13:03:00,333.953271153217
02-01-2025 13:13:00,328.612380481292
02-01-2025 13:23:00,324.24910406188
02-01-2025 13:33:00,318.806807136264
02-01-2025 13:43:00,315.929744029647
02-01-2025 13:53:00,312.618409008985
02-01-2025 14:03:00,307.943146851835
02-01-2025 14:13:00,306.289061432215
02-01-2025 14:23:00,302.78472350383
02-01-2025 14:33:00,303.607093952592
02-01-2025 14:43:00,300.594684077647
02-01-2025 14:53:00,299.924711168328
02-01-2025 15:03:00,303.909313780177
02-01-2025 15:13:00,300.591483297748
02-01-2025 15:23:00,293.772636919359
02-01-2025 15:33:00,293.079841820707
02-01-2025 15:43:00,288.768601461713
02-01-2025 15:53:00,289.137476082755
02-01-2025 16:03:00,287.875054752276
02-01-2025 16:13:00,289.547870258376
02-01-2025 16:23:00,290.128386249039
02-01-2025 16:33:00,295.518243593241
02-01-2025 16:43:00,296.667816685759
02-01-2025 16:53:00,300.75454287246
02-01-2025 17:03:00,298.515098316591
02-01-2025 17:13:00,301.465403917921
02-01-2025 17:23:00,300.762922713826
02-01-2025 17:33:00,305.439671446407
02-01-2025 17:43:00,307.27428393271
02-01-2025 17:53:00,306.761098494501
02-01-2025 18:03:00,301.869683569169
02-01-2025 18:13:00,305.525018899365
02-01-2025 18:23:00,306.222907585381
02-01-2025 18:33:00,306.941518242549
02-01-2025 18:43:00,307.849521157298
02-01-2025 18:53:00,305.516754693925
02-01-2025 19:03:00,308.887243584297
02-01-2025 19:13:00,306.291421286272
02-01-2025 19:23:00,306.137230867145
02-01-2025 19:33:00,309.507388173797
02-01-2025 19:43:00,309.258651141419
02-01-2025 19:53:00,307.210879499714
02-01-2025 20:03:00,308.308550852614
02-01-2025 20:13:00,311.184529384669
02-01-2025 20:23:00,314.932856845805
02-01-2025 20:33:00,317.166011750657
02-01-2025 20:43:00,316.06571659629
02-01-2025 20:53:00,318.657514840408
02-01-2025 21:03:00,320.795775516099
02-01-2025 21:13:00,321.797953321551
02-01-2025 21:23:00,327.986372753371
02-01-2025 21:33:00,330.313117090989
02-01-2025 21:43:00,333.093945214987
02-01-2025 21:53:00,339.300454851444
02-01-2025 22:03:00,337.727826271285
02-01-2025 22:13:00,342.798082550388
02-01-2025 22:23:00,336.323500114568
02-01-2025 22:33:00,341.280378542568
02-01-2025 22:43:00,347.390606652001
02-01-2025 22:53:00,347.444962120176
02-01-2025 23:03:00,350.242861270125
02-01-2025 23:13:00,349.634984944219
02-01-2025 23:23:00,355.553855515483
02-01-2025 23:33:00,352.581307500812
02-01-2025 23:43:00,350.649603162852
02-01-2025 23:53:00,355.071493532256
02-02-2025 00:03:00,351.721933381005
02-02-2025 00:13:00,353.401251444183
02-02-2025 00:23:00,353.662311429464
02-02-2025 00:33:00,358.459808480078
02-02-2025 00:43:00,360.704597931972
02-02-2025 00:53:00,358.113246062469
02-02-2025 01:03:00,365.270343569593
02-02-2025 01:13:00,366.663406897434
02-02-2025 01:23:00,368.639115958752
02-02-2025 01:33:00,370.881146839785
02-02-2025 01:43:00,374.349897404467
02-02-2025 01:53:00,372.075755878823
02-02-2025 02:03:00,372.145826229287
02-02-2025 02:13:00,370.156336684754
02-02-2025 02:23:00,374.849347758302
02-02-2025 02:33:00,372.482971952354
02-02-2025 02:43:00,375.570953180638
02-02-2025 02:53:00,377.338094910117
02-02-2025 03:03:00,377.046566916487
02-02-2025 03:13:00,378.624524039852
02-02-2025 03:23:00,378.804187250154
02-02-2025 03:33:00,379.64333781278
02-02-2025 03:43:00,382.806209544265
02-02-2025 03:53:00,380.819066658618
02-02-2025 04:03:00,380.135601083014
02-02-2025 04:13:00,381.335436817868
02-02-2025 04:23:00,381.044335974519
02-02-2025 04:33:00,381.39676497619
02-02-2025 04:43:00,385.998799879197
02-02-2025 04:53:00,387.57357076441
02-02-2025 05:03:00,388.959836676328
02-02-2025 05:13:00,387.257203411552
02-02-2025 05:23:00,390.25651902321
02-02-2025 05:33:00,391.627120312979
02-02-2025 05:43:00,388.891209718787
02-02-2025 05:53:00,396.869375262302
02-02-2025 06:03:00,392.240049785566
02-02-2025 06:13:00,396.363305750352
02-02-2025 06:23:00,398.953741086692
02-02-2025 06:33:00,400.163324652583
02-02-2025 06:43:00,400.888961645795
02-02-2025 06:53:00,397.38994323899
02-02-2025 07:03:00,400.087134361732
02-02-2025 07:13:00,400.812756308744
02-02-2025 07:23:00,401.819767364006
02-02-2025 07:33:00,400.481031376301
02-02-2025 07:43:00,404.288334160134
02-02-2025 07:53:00,401.917915903594
02-02-2025 08:03:00,402.910617516298
02-02-2025 08:13:00,400.995876785051
02-02-2025 08:23:00,401.050868289656
02-02-2025 08:33:00,400.608661090399
02-02-2025 08:43:00,392.583994375079
02-02-2025 08:53:00,391.484649897359
02-02-2025 09:03:00,385.601357570805
02-02-2025 09:13:00,378.559682448855
02-02-2025 09:23:00,378.818646586486
02-02-2025 09:33:00,369.502130116209
02-02-2025 09:43:00,368.333113621679
02-02-2025 09:53:00,365.941821861735
02-02-2025 10:03:00,364.676499074176
02-02-2025 10:13:00,366.196892231389
02-02-2025 10:23:00,353.735957896832
02-02-2025 10:33:00,356.869534848163
02-02-2025 10:43:00,358.010979410459
02-02-2025 10:53:00,369.02921420141
02-02-2025 11:03:00,358.453320250279
02-02-2025 11:13:00,355.392934295752
02-02-2025 11:23:00,351.666731624907
02-02-2025 11:33:00,362.316343032771
02-02-2025 11:43:00,354.766578278533
02-02-2025 11:53:00,354.285230316282
02-02-2025 12:03:00,336.271564640619
02-02-2025 12:13:00,341.670116851293
02-02-2025 12:23:00,331.911344593262
02-02-2025 12:33:00,323.469507588107
02-02-2025 12:43:00,320.162331263747
02-02-2025 12:53:00,311.748537557352
02-02-2025 13:03:00,306.577939403626
02-02-2025 13:13:00,302.375928863348
02-02-2025 13:23:00,301.496012327725
02-02-2025 13:33:00,300.235712410788
02-02-2025 13:43:00,295.5542565224
02-02-2025 13:53:00,293.151551183871
02-02-2025 14:03:00,289.892200443738
02-02-2025 14:13:00,286.179477159446
02-02-2025 14:23:00,286.150545150524
02-02-2025 14:33:00,282.887583657459
02-02-2025 14:43:00,284.522677077773
02-02-2025 14:53:00,282.043446468815
02-02-2025 15:03:00,279.206998761735
02-02-2025 15:13:00,279.866769658274
02-02-2025 15:23:00,279.313629922867
02-02-2025 15:33:00,272.810156388723
02-02-2025 15:43:00,267.947370274847
02-02-2025 15:53:00,262.651254383303
02-02-2025 16:03:00,257.732914412978
02-02-2025 16:13:00,257.576204597127
02-02-2025 16:23:00,257.280644809439
02-02-2025 16:33:00,259.818926362199
02-02-2025 16:43:00,260.451331482724
02-02-2025 16:53:00,258.916295184638
02-02-2025 17:03:00,263.580609733081
02-02-2025 17:13:00,267.413063036618
02-02-2025 17:23:00,280.523839956573
02-02-2025 17:33:00,278.920392188553
02-02-2025 17:43:00,280.655864558341
02-02-2025 17:53:00,279.267465241099
02-02-2025 18:03:00,281.861885953972
02-02-2025 18:13:00,281.594195044809
02-02-2025 18:23:00,284.022475784021
02-02-2025 18:33:00,285.496633518739
02-02-2025 18:43:00,289.475382541504
02-02-2025 18:53:00,286.083597406255
02-02-2025 19:03:00,286.72301993221
02-02-2025 19:13:00,287.529388186504
02-02-2025 19:23:00,291.793862756393
02-02-2025 19:33:00,283.060669715661
02-02-2025 19:43:00,288.27920255535
02-02-2025 19:53:00,288.823314353383
02-02-2025 20:03:00,289.462798484211
02-02-2025 20:13:00,292.772540335837
02-02-2025 20:23:00,289.883480508899
02-02-2025 20:33:00,290.904389947541
02-02-2025 20:43:00,290.685740071478
02-02-2025 20:53:00,289.132479408844
02-02-2025 21:03:00,294.347987830889
02-02-2025 21:13:00,298.704869391772
02-02-2025 21:23:00,296.865649125605
02-02-2025 21:33:00,302.842071002842
02-02-2025 21:43:00,301.955988515715
02-02-2025 21:53:00,302.427064612513
02-02-2025 22:03:00,311.545682394176
02-02-2025 22:13:00,312.015371343854
02-02-2025 22:23:00,317.628500476326
02-02-2025 22:33:00,315.98032929608
02-02-2025 22:43:00,321.496523292503
02-02-2025 22:53:00,321.679194026567
02-02-2025 23:03:00,319.841200543589
02-02-2025 23:13:00,324.498262075631
02-02-2025 23:23:00,325.420980559856
02-02-2025 23:33:00,323.39316796606
02-02-2025 23:43:00,327.76305662789
02-02-2025 23:53:00,327.998453674749
02-03-2025 00:03:00,326.351774481202
02-03-2025 00:13:00,329.578801051444
02-03-2025 00:23:00,328.788748406642
02-03-2025 00:33:00,332.089289073957
02-03-2025 00:43:00,330.464085156413
02-03-2025 00:53:00,335.210925656937
02-03-2025 01:03:00,334.115334020676
02-03-2025 01:13:00,338.500971420775
02-03-2025 01:23:00,342.199401733708
02-03-2025 01:33:00,337.532833035349
02-03-2025 01:43:00,344.746613545805
02-03-2025 01:53:00,346.827424466819
02-03-2025 02:03:00,347.977223970993
02-03-2025 02:13:00,354.179215236359
02-03-2025 02:23:00,355.137083293373
02-03-2025 02:33:00,356.569243022472
02-03-2025 02:43:00,354.109990011968
02-03-2025 02:53:00,360.380741764288
02-03-2025 03:03:00,356.423223983305
02-03-2025 03:13:00,360.035194160587
02-03-2025 03:23:00,363.853610076786
02-03-2025 03:33:00,363.12093094664
02-03-2025 03:43:00,368.073240369935
02-03-2025 03:53:00,360.881060705394
02-03-2025 04:03:00,368.009540925045
02-03-2025 04:13:00,368.223611379619
02-03-2025 04:23:00,365.864405417262
02-03-2025 04:33:00,362.560236603366
02-03-2025 04:43:00,366.465159928719
02-03-2025 04:53:00,366.094437793386
02-03-2025 05:03:00,367.822117887123
02-03-2025 05:13:00,368.113156079219
02-03-2025 05:23:00,366.230818750876
02-03-2025 05:33:00,356.130348133767
02-03-2025 05:43:00,362.676545983689
02-03-2025 05:53:00,366.840297123085
02-03-2025 06:03:00,370.719068587784
02-03-2025 06:13:00,363.346571804256
02-03-2025 06:23:00,370.244576069077
02-03-2025 06:33:00,369.951453643632
02-03-2025 06:43:00,370.884892255637
02-03-2025 06:53:00,369.100925622466
02-03-2025 07:03:00,370.883058026512
02-03-2025 07:13:00,372.116925182698
02-03-2025 07:23:00,370.693155783772
02-03-2025 07:33:00,377.58140081054
02-03-2025 07:43:00,374.443716901471
02-03-2025 07:53:00,374.24543092475
02-03-2025 08:03:00,379.605516176791
02-03-2025 08:13:00,374.697084921503
02-03-2025 08:23:00,375.405558285678
02-03-2025 08:33:00,377.450339839441
02-03-2025 08:43:00,375.898441149545
02-03-2025 08:53:00,378.679132052365
02-03-2025 09:03:00,374.266141575351
02-03-2025 09:13:00,366.554333686042
02-03-2025 09:23:00,361.836705062565
02-03-2025 09:33:00,353.535149984872
02-03-2025 09:43:00,350.697957325444
02-03-2025 09:53:00,347.36801505786
02-03-2025 10:03:00,345.073713481741
02-03-2025 10:13:00,343.040767549257
02-03-2025 10:23:00,338.551619071876
02-03-2025 10:33:00,351.908885658529
02-03-2025 10:43:00,340.008963533907
02-03-2025 10:53:00,347.687036083323
02-03-2025 11:03:00,333.576209629916
02-03-2025 11:13:00,355.471849004624
02-03-2025 11:23:00,346.041905265011
02-03-2025 11:33:00,342.496277986175
02-03-2025 11:43:00,337.522569133985
02-03-2025 11:53:00,327.74357149002
02-03-2025 12:03:00,327.524427840706
02-03-2025 12:13:00,334.527771080214
02-03-2025 12:23:00,313.581328730628
02-03-2025 12:33:00,311.948437091375
02-03-2025 12:43:00,310.241674752842
02-03-2025 12:53:00,311.771255552308
02-03-2025 13:03:00,306.560873350017
02-03-2025 13:13:00,300.393349956737
02-03-2025 13:23:00,296.533622502422
02-03-2025 13:33:00,292.07461377736
02-03-2025 13:43:00,283.248590985981
02-03-2025 13:53:00,280.93212010753
02-03-2025 14:03:00,278.328228710253
02-03-2025 14:13:00,280.834250007043
02-03-2025 14:23:00,278.66303540176
02-03-2025 14:33:00,282.219712564795
02-03-2025 14:43:00,282.626229516626
02-03-2025 14:53:00,278.449590256317
02-03-2025 15:03:00,278.213387929184
02-03-2025 15:13:00,280.9372661073
02-03-2025 15:23:00,275.232441231487
02-03-2025 15:33:00,273.12944269802
02-03-2025 15:43:00,270.574722096904
02-03-2025 15:53:00,268.661618558355
02-03-2025 16:03:00,267.730140065122
02-03-2025 16:13:00,264.696600704637
02-03-2025 16:23:00,270.575424952378
02-03-2025 16:33:00,270.817248125765
02-03-2025 16:43:00,274.854607073204
02-03-2025 16:53:00,276.338718683317
02-03-2025 17:03:00,272.498514477057
02-03-2025 17:13:00,276.275685810969
02-03-2025 17:23:00,275.275746810899
02-03-2025 17:33:00,275.761515203649
02-03-2025 17:43:00,278.513535522516
02-03-2025 17:53:00,275.5177067609
02-03-2025 18:03:00,276.316156445226
02-03-2025 18:13:00,285.106428914961
02-03-2025 18:23:00,282.294265586002
02-03-2025 18:33:00,282.276150132359
02-03-2025 18:43:00,285.789415082822
02-03-2025 18:53:00,288.538757649284
02-03-2025 19:03:00,283.011483629458
02-03-2025 19:13:00,284.78084238662
02-03-2025 19:23:00,287.434465861795
02-03-2025 19:33:00,289.229130985139
02-03-2025 19:43:00,291.977565997996
02-03-2025 19:53:00,286.687465131634
02-03-2025 20:03:00,286.071843790548
02-03-2025 20:13:00,288.222775819873
02-03-2025 20:23:00,289.896786756342
02-03-2025 20:33:00,288.136591059919
02-03-2025 20:43:00,292.386423197174
02-03-2025 20:53:00,295.562046530646
02-03-2025 21:03:00,293.967646659718
02-03-2025 21:13:00,298.098139611716
02-03-2025 21:23:00,301.561326534301
02-03-2025 21:33:00,304.28591338059
02-03-2025 21:43:00,304.600639858542
02-03-2025 21:53:00,315.986537972764
02-03-2025 22:03:00,314.465235194988
02-03-2025 22:13:00,319.840454142107
02-03-2025 22:23:00,320.752549106446
02-03-2025 22:33:00,322.882779815318
02-03-2025 22:43:00,330.551051697287
02-03-2025 22:53:00,333.850374709323
02-03-2025 23:03:00,334.931737406522
02-03-2025 23:13:00,337.563032467892
02-03-2025 23:23:00,340.862779601435
02-03-2025 23:33:00,341.562934021568
02-03-2025 23:43:00,343.3351748479
02-03-2025 23:53:00,344.343541109953
02-04-2025 00:03:00,343.845529163423
02-04-2025 00:13:00,342.01099711397
02-04-2025 00:23:00,345.119909816837
02-04-2025 00:33:00,341.089770757774
02-04-2025 00:43:00,344.198576317755
02-04-2025 00:53:00,342.48166018478
02-04-2025 01:03:00,344.540124611266
02-04-2025 01:13:00,348.051655509774
02-04-2025 01:23:00,345.54998422411
02-04-2025 01:33:00,354.351305822167
02-04-2025 01:43:00,350.991410937317
02-04-2025 01:53:00,355.475859023777
02-04-2025 02:03:00,361.941895290087
02-04-2025 02:13:00,360.79674123833
02-04-2025 02:23:00,366.804016356853
02-04-2025 02:33:00,369.110723932089
02-04-2025 02:43:00,370.157841987012
02-04-2025 02:53:00,370.461816923923
02-04-2025 03:03:00,363.429302348419
02-04-2025 03:13:00,372.193400822387
02-04-2025 03:23:00,371.239446722484
02-04-2025 03:33:00,374.476233011915
02-04-2025 03:43:00,372.475010405328
02-04-2025 03:53:00,373.711504744813
02-04-2025 04:03:00,375.404465745281
02-04-2025 04:13:00,372.928258505169
02-04-2025 04:23:00,377.495438247558
02-04-2025 04:33:00,373.287696124774
02-04-2025 04:43:00,375.075421566726
02-04-2025 04:53:00,376.311267472168
02-04-2025 05:03:00,372.219821082914
02-04-2025 05:13:00,372.180444027992
02-04-2025 05:23:00,375.88953139466
02-04-2025 05:33:00,372.921365430161
02-04-2025 05:43:00,372.940721754844
02-04-2025 05:53:00,372.255665605099
02-04-2025 06:03:00,371.855999098716
02-04-2025 06:13:00,371.381066085978
02-04-2025 06:23:00,372.97768439804
02-04-2025 06:33:00,372.407860185746
02-04-2025 06:43:00,375.258891415168
02-04-2025 06:53:00,371.819415825721
02-04-2025 07:03:00,375.544404059223
02-04-2025 07:13:00,373.625824064294
02-04-2025 07:23:00,374.291360817754
02-04-2025 07:33:00,370.494131075885
02-04-2025 07:43:00,372.869003149642
02-04-2025 07:53:00,369.472935848707
02-04-2025 08:03:00,369.170182004953
02-04-2025 08:13:00,370.860447994554
02-04-2025 08:23:00,371.676766692073
02-04-2025 08:33:00,367.673332423971
02-04-2025 08:43:00,359.949419125337
02-04-2025 08:53:00,363.802420118294
02-04-2025 09:03:00,362.626192591343
02-04-2025 09:13:00,363.727439381544
02-04-2025 09:23:00,359.663101677155
02-04-2025 09:33:00,354.975301123125
02-04-2025 09:43:00,358.977362957411
02-04-2025 09:53:00,358.254756057672
02-04-2025 10:03:00,355.728294075707
02-04-2025 10:13:00,355.859889880346
02-04-2025 10:23:00,357.605699929321
02-04-2025 10:33:00,357.452660785611
02-04-2025 10:43:00,355.495300837497
02-04-2025 10:53:00,353.04145447726
02-04-2025 11:03:00,348.423738016753
02-04-2025 11:13:00,344.660297339166
02-04-2025 11:23:00,344.104274064928
02-04-2025 11:33:00,342.312791794212
02-04-2025 11:43:00,340.878556124042
02-04-2025 11:53:00,339.085906922681
02-04-2025 12:03:00,335.86660706377
02-04-2025 12:13:00,336.617321393288
02-04-2025 12:23:00,331.946642572395
02-04-2025 12:33:00,331.601427251559
02-04-2025 12:43:00,327.59419234592
02-04-2025 12:53:00,325.416984395929
02-04-2025 13:03:00,323.1439442883
02-04-2025 13:13:00,324.392290238579
02-04-2025 13:23:00,323.832123897804
02-04-2025 13:33:00,324.414443041324
02-04-2025 13:43:00,318.306212184799
02-04-2025 13:53:00,319.459461824543
02-04-2025 14:03:00,318.231288666617
02-04-2025 14:13:00,312.880683851973
02-04-2025 14:23:00,314.224363633539
02-04-2025 14:33:00,309.44274787232
02-04-2025 14:43:00,308.879531099907
02-04-2025 14:53:00,311.819553781722
02-04-2025 15:03:00,315.69330441079
02-04-2025 15:13:00,320.49652161096
02-04-2025 15:23:00,323.416936589823
02-04-2025 15:33:00,323.190060753837
02-04-2025 15:43:00,326.110596624421
02-04-2025 15:53:00,328.864113110493
02-04-2025 16:03:00,325.514275565852
02-04-2025 16:13:00,324.715542620476
02-04-2025 16:23:00,322.701370396678
02-04-2025 16:33:00,320.949309084728
02-04-2025 16:43:00,321.796086090885
02-04-2025 16:53:00,319.090843135534
02-04-2025 17:03:00,328.422900292404
02-04-2025 17:13:00,326.385361436151
02-04-2025 17:23:00,324.848646906554
02-04-2025 17:33:00,327.244392880987
02-04-2025 17:43:00,325.422222697335
02-04-2025 17:53:00,317.430529704659
02-04-2025 18:03:00,324.757197452416
02-04-2025 18:13:00,320.649349200056
02-04-2025 18:23:00,318.281742054929
02-04-2025 18:33:00,320.963202737168
02-04-2025 18:43:00,319.834546944765
02-04-2025 18:53:00,318.325464893146
02-04-2025 19:03:00,315.84004318919
02-04-2025 19:13:00,320.830101631872
02-04-2025 19:23:00,317.799063198819
02-04-2025 19:33:00,324.499789270525
02-04-2025 19:43:00,323.372378747203
02-04-2025 19:53:00,323.577177687088
02-04-2025 20:03:00,329.037001702992
02-04-2025 20:13:00,330.453450232912
02-04-2025 20:23:00,333.153103146846
02-04-2025 20:33:00,331.003974548291
02-04-2025 20:43:00,335.651346021613
02-04-2025 20:53:00,334.262728578507
02-04-2025 21:03:00,334.537884479612
02-04-2025 21:13:00,333.031558801415
02-04-2025 21:23:00,334.351861689204
02-04-2025 21:33:00,337.595092103949
02-04-2025 21:43:00,338.083452786505
02-04-2025 21:53:00,341.682124655022
02-04-2025 22:03:00,345.777791088852
02-04-2025 22:13:00,347.973739201136
02-04-2025 22:23:00,348.460670179742
02-04-2025 22:33:00,346.457491891136
02-04-2025 22:43:00,349.579278582898
02-04-2025 22:53:00,348.927496458285
02-04-2025 23:03:00,351.953680331558
02-04-2025 23:13:00,353.578606025313
02-04-2025 23:23:00,358.048602791569
02-04-2025 23:33:00,360.051652010452
02-04-2025 23:43:00,361.368853789758
02-04-2025 23:53:00,360.884365509418
02-05-2025 00:03:00,362.770345404272
02-05-2025 00:13:00,366.383868316291
02-05-2025 00:23:00,366.015492817712
02-05-2025 00:33:00,369.417054793905
02-05-2025 00:43:00,369.12219506548
02-05-2025 00:53:00,367.332499828025
02-05-2025 01:03:00,367.796025471253
02-05-2025 01:13:00,369.606989506762
02-05-2025 01:23:00,373.311871926467
02-05-2025 01:33:00,375.858681772217
02-05-2025 01:43:00,374.827142343784
02-05-2025 01:53:00,376.521231001534
02-05-2025 02:03:00,381.359866491409
02-05-2025 02:13:00,381.329006824113
02-05-2025 02:23:00,385.409079796233
02-05-2025 02:33:00,387.102063821931
02-05-2025 02:43:00,385.975403294376
02-05-2025 02:53:00,390.242771666762
02-05-2025 03:03:00,392.711361622198
02-05-2025 03:13:00,396.882021110347
02-05-2025 03:23:00,396.341623605926
02-05-2025 03:33:00,400.132131141924
02-05-2025 03:43:00,392.387134699616
02-05-2025 03:53:00,393.321993823649
02-05-2025 04:03:00,401.00610626059
02-05-2025 04:13:00,399.312940839823
02-05-2025 04:23:00,396.467364448109
02-05-2025 04:33:00,394.492044771347
02-05-2025 04:43:00,388.813489111881
02-05-2025 04:53:00,391.637773586807
02-05-2025 05:03:00,392.383630981266
02-05-2025 05:13:00,387.651299162483
02-05-2025 05:23:00,391.439358305038
02-05-2025 05:33:00,393.05466019539
02-05-2025 05:43:00,390.515632944811
02-05-2025 05:53:00,391.867253785173
02-05-2025 06:03:00,397.559167972841
02-05-2025 06:13:00,395.756804024394
02-05-2025 06:23:00,395.389446709731
02-05-2025 06:33:00,397.022490887018
02-05-2025 06:43:00,405.973129239218
02-05-2025 06:53:00,394.665900996994
02-05-2025 07:03:00,397.505085308793
02-05-2025 07:13:00,392.782167748206
02-05-2025 07:23:00,380.592038352243
02-05-2025 07:33:00,386.712135318199
02-05-2025 07:43:00,385.081463245853
02-05-2025 07:53:00,385.053465425925
02-05-2025 08:03:00,383.873897422809
02-05-2025 08:13:00,383.468891858462
02-05-2025 08:23:00,382.6868324487
02-05-2025 08:33:00,380.543602588881
02-05-2025 08:43:00,380.138692273272
02-05-2025 08:53:00,378.277717612848
02-05-2025 09:03:00,375.494067470078
02-05-2025 09:13:00,378.893558152919
02-05-2025 09:23:00,371.726544200314
02-05-2025 09:33:00,365.688791089804
02-05-2025 09:43:00,371.615692032339
02-05-2025 09:53:00,366.518948547094
02-05-2025 10:03:00,363.708782723764
02-05-2025 10:13:00,361.04205938656
02-05-2025 10:23:00,355.633128693802
02-05-2025 10:33:00,358.494424668507
02-05-2025 10:43:00,356.60613245263
02-05-2025 10:53:00,352.799754945577
02-05-2025 11:03:00,356.542679859191
02-05-2025 11:13:00,359.532328983211
02-05-2025 11:23:00,351.025986628782
02-05-2025 11:33:00,341.770995783928
02-05-2025 11:43:00,344.281436065222
02-05-2025 11:53:00,340.926053475958
02-05-2025 12:03:00,349.454342936522
02-05-2025 12:13:00,337.794240320361
02-05-2025 12:23:00,340.784035245247
02-05-2025 12:33:00,323.625138145091
02-05-2025 12:43:00,317.437531050237
02-05-2025 12:53:00,315.943660420311
02-05-2025 13:03:00,311.014043607626
02-05-2025 13:13:00,299.563112752378
02-05-2025 13:23:00,297.296430970835
02-05-2025 13:33:00,295.055838777661
02-05-2025 13:43:00,298.70987745894
02-05-2025 13:53:00,294.404899572838
02-05-2025 14:03:00,291.615151707735
02-05-2025 14:13:00,292.047613906202
02-05-2025 14:23:00,289.762530274523
02-05-2025 14:33:00,287.256774082075
02-05-2025 14:43:00,287.64963005999
02-05-2025 14:53:00,291.871143553892
02-05-2025 15:03:00,289.201559932391
02-05-2025 15:13:00,287.871559534257
02-05-2025 15:23:00,284.69285490075
02-05-2025 15:33:00,283.332616324968
02-05-2025 15:43:00,278.014080436242
02-05-2025 15:53:00,280.264079222309
02-05-2025 16:03:00,279.189189682718
02-05-2025 16:13:00,279.168585622595
02-05-2025 16:23:00,285.957792104858
02-05-2025 16:33:00,289.737525854725
02-05-2025 16:43:00,293.929939762641
02-05-2025 16:53:00,297.422882059851
02-05-2025 17:03:00,302.862793096782
02-05-2025 17:13:00,297.271041372606
02-05-2025 17:23:00,302.807001329144
02-05-2025 17:33:00,302.395484002569
02-05-2025 17:43:00,306.807855479192
02-05-2025 17:53:00,304.217967771015
02-05-2025 18:03:00,306.300463506478
02-05-2025 18:13:00,305.437278112448
02-05-2025 18:23:00,300.162988905734
02-05-2025 18:33:00,303.711565723913
02-05-2025 18:43:00,303.300694217097
02-05-2025 18:53:00,303.081664979002
02-05-2025 19:03:00,306.506550821133
02-05-2025 19:13:00,305.904078829037
02-05-2025 19:23:00,309.068781473232
02-05-2025 19:33:00,303.93218889098
02-05-2025 19:43:00,303.973346160105
02-05-2025 19:53:00,304.042344910472
02-05-2025 20:03:00,300.151460567413
02-05-2025 20:13:00,302.87801808232
02-05-2025 20:23:00,304.769533704114
02-05-2025 20:33:00,305.578330271651
02-05-2025 20:43:00,306.579142996953
02-05-2025 20:53:00,303.263050096172
02-05-2025 21:03:00,303.784193848108
02-05-2025 21:13:00,301.01499273305
02-05-2025 21:23:00,303.743339317715
02-05-2025 21:33:00,300.109699262393
02-05-2025 21:43:00,306.102240676745
02-05-2025 21:53:00,307.748281807845
02-05-2025 22:03:00,314.798972350153
02-05-2025 22:13:00,322.138841994524
02-05-2025 22:23:00,322.016594091054
02-05-2025 22:33:00,325.351026723436
02-05-2025 22:43:00,330.195771498275
02-05-2025 22:53:00,333.652366146055
02-05-2025 23:03:00,333.556149270779
02-05-2025 23:13:00,339.341526551274
02-05-2025 23:23:00,340.012976341861
02-05-2025 23:33:00,340.901617301453
02-05-2025 23:43:00,343.780174493765
02-05-2025 23:53:00,342.486523590422
02-06-2025 00:03:00,345.485121215435
02-06-2025 00:13:00,352.439732480373
02-06-2025 00:23:00,353.062942230031
02-06-2025 00:33:00,354.069445408371
02-06-2025 00:43:00,358.645591728823
02-06-2025 00:53:00,359.770201068704
02-06-2025 01:03:00,357.039322457856
02-06-2025 01:13:00,359.025885284169
02-06-2025 01:23:00,360.317517799958
02-06-2025 01:33:00,360.555926197897
02-06-2025 01:43:00,360.818162266654
02-06-2025 01:53:00,361.917500746775
02-06-2025 02:03:00,362.323347596741
02-06-2025 02:13:00,363.039707658527
02-06-2025 02:23:00,358.187330521754
02-06-2025 02:33:00,363.492486792279
02-06-2025 02:43:00,360.935720420675
02-06-2025 02:53:00,361.246378210565
02-06-2025 03:03:00,362.321340673472
02-06-2025 03:13:00,361.676700002512
02-06-2025 03:23:00,362.106728701273
02-06-2025 03:33:00,365.591965683519
02-06-2025 03:43:00,364.565730662621
02-06-2025 03:53:00,366.045072016749
02-06-2025 04:03:00,366.951357793223
02-06-2025 04:13:00,367.284985083149
02-06-2025 04:23:00,366.855602049626
02-06-2025 04:33:00,365.091623570255
02-06-2025 04:43:00,364.949211702827
02-06-2025 04:53:00,369.500392468315
02-06-2025 05:03:00,368.499818688501
02-06-2025 05:13:00,366.737788648927
02-06-2025 05:23:00,369.071814667845
02-06-2025 05:33:00,370.524751275702
02-06-2025 05:43:00,366.645831929708
02-06-2025 05:53:00,366.861434691587
02-06-2025 06:03:00,365.554259541109
02-06-2025 06:13:00,362.915331912503
02-06-2025 06:23:00,363.845332085359
02-06-2025 06:33:00,364.323358673056
02-06-2025 06:43:00,364.801398214122
02-06-2025 06:53:00,358.309976431349
02-06-2025 07:03:00,359.049806954701
02-06-2025 07:13:00,358.767328236448
02-06-2025 07:23:00,364.953999624353
02-06-2025 07:33:00,364.552332005259
02-06-2025 07:43:00,360.916214663391
02-06-2025 07:53:00,355.543224099806
02-06-2025 08:03:00,357.544600050001
02-06-2025 08:13:00,357.143174214349
02-06-2025 08:23:00,356.051334329185
02-06-2025 08:33:00,354.103035847637
02-06-2025 08:43:00,351.107772318788
02-06-2025 08:53:00,347.135187141871
02-06-2025 09:03:00,344.684330574369
02-06-2025 09:13:00,336.832523239857
02-06-2025 09:23:00,340.446873947124
02-06-2025 09:33:00,336.920247624081
02-06-2025 09:43:00,330.602885895168
02-06-2025 09:53:00,322.52558137001
02-06-2025 10:03:00,323.539549648419
02-06-2025 10:13:00,323.437298464391
02-06-2025 10:23:00,324.765265940202
02-06-2025 10:33:00,327.375097767359
02-06-2025 10:43:00,322.925367465899
02-06-2025 10:53:00,327.568092877964
02-06-2025 11:03:00,317.290217896394
02-06-2025 11:13:00,322.452534424517
02-06-2025 11:23:00,317.049891343621
02-06-2025 11:33:00,325.059313825651
02-06-2025 11:43:00,315.783931885234
02-06-2025 11:53:00,309.879134308538
02-06-2025 12:03:00,308.85371332565
02-06-2025 12:13:00,305.336577320493
02-06-2025 12:23:00,294.820402665855
02-06-2025 12:33:00,296.981298653371
02-06-2025 12:43:00,294.894141477329
02-06-2025 12:53:00,292.25968912643
02-06-2025 13:03:00,288.633556199967
02-06-2025 13:13:00,285.611212995565
02-06-2025 13:23:00,283.64330348078
02-06-2025 13:33:00,281.705086413122
02-06-2025 13:43:00,279.158313544512
02-06-2025 13:53:00,278.179014701399
02-06-2025 14:03:00,278.191822942642
02-06-2025 14:13:00,278.012369563268
02-06-2025 14:23:00,279.948196979145
02-06-2025 14:33:00,281.43489434281
02-06-2025 14:43:00,279.33243520353
02-06-2025 14:53:00,272.580460846539
02-06-2025 15:03:00,270.540028965597
02-06-2025 15:13:00,269.653517941407
02-06-2025 15:23:00,265.108565832558
02-06-2025 15:33:00,264.284077209703
02-06-2025 15:43:00,258.868505568507
02-06-2025 15:53:00,260.612290201562
02-06-2025 16:03:00,262.194743523268
02-06-2025 16:13:00,259.184412970563
02-06-2025 16:23:00,258.905086522154
02-06-2025 16:33:00,257.821203721113
02-06-2025 16:43:00,260.015863002583
02-06-2025 16:53:00,261.472733148553
02-06-2025 17:03:00,257.174952715645
02-06-2025 17:13:00,256.668795442309
02-06-2025 17:23:00,254.039144085072
02-06-2025 17:33:00,258.584944088463
02-06-2025 17:43:00,260.235941418093
02-06-2025 17:53:00,261.051532646261
02-06-2025 18:03:00,265.826076737356
02-06-2025 18:13:00,266.35260740047
02-06-2025 18:23:00,265.237547320231
02-06-2025 18:33:00,264.122346897115
02-06-2025 18:43:00,268.126064764616
02-06-2025 18:53:00,265.948453590607
02-06-2025 19:03:00,269.566600649526
02-06-2025 19:13:00,266.229525860071
02-06-2025 19:23:00,266.885988825606
02-06-2025 19:33:00,270.76226091259
02-06-2025 19:43:00,271.708791109063
02-06-2025 19:53:00,272.333129181361
02-06-2025 20:03:00,272.66768178218
02-06-2025 20:13:00,279.284327964795
02-06-2025 20:23:00,278.749657308226
02-06-2025 20:33:00,281.919768671176
02-06-2025 20:43:00,288.472824036399
02-06-2025 20:53:00,286.230442600811
02-06-2025 21:03:00,289.272916200023
02-06-2025 21:13:00,291.283566807093
02-06-2025 21:23:00,296.453467833409
02-06-2025 21:33:00,299.044395983041
02-06-2025 21:43:00,299.055785701519
02-06-2025 21:53:00,309.572877371401
02-06-2025 22:03:00,308.297344122562
02-06-2025 22:13:00,304.508676077951
02-06-2025 22:23:00,312.638869006824
02-06-2025 22:33:00,313.036179195504
02-06-2025 22:43:00,315.752844855729
02-06-2025 22:53:00,319.338855337458
02-06-2025 23:03:00,322.924394267456
02-06-2025 23:13:00,322.326215115704
02-06-2025 23:23:00,325.138474247379
02-06-2025 23:33:00,327.757165380152
02-06-2025 23:43:00,330.085732726178
02-06-2025 23:53:00,332.386008296695
02-08-2025 00:03:00,1549.50654514671
02-08-2025 00:13:00,1559.94569801048
02-08-2025 00:23:00,1557.78785882114
02-08-2025 00:33:00,1561.78258252926
02-08-2025 00:43:00,1563.59629987041
02-08-2025 00:53:00,1565.37888603835
02-08-2025 01:03:00,1571.58022625981
02-08-2025 01:13:00,1573.55336590577
02-08-2025 01:23:00,1575.40028401842
02-08-2025 01:33:00,1576.24984238354
02-08-2025 01:43:00,1579.66184059879
02-08-2025 01:53:00,1586.20249640188
02-08-2025 02:03:00,1583.5949128269
02-08-2025 02:13:00,1595.40718303308
02-08-2025 02:23:00,1599.8003016221
02-08-2025 02:33:00,1600.83560460072
02-08-2025 02:43:00,1605.70502277762
02-08-2025 02:53:00,1604.65780120203
02-08-2025 03:03:00,1608.08686363747
02-08-2025 03:13:00,1611.32290759812
02-08-2025 03:23:00,1612.2173318425
02-08-2025 03:33:00,1611.02022902216
02-08-2025 03:43:00,1612.33928352044
02-08-2025 03:53:00,1613.01492567207
02-08-2025 04:03:00,1612.70686782384
02-08-2025 04:13:00,1609.31145259202
02-08-2025 04:23:00,1609.22310446757
02-08-2025 04:33:00,1609.51733626133
02-08-2025 04:43:00,1607.39525065355
02-08-2025 04:53:00,1603.14464311143
02-08-2025 05:03:00,1601.14851493126
02-08-2025 05:13:00,1601.79975268225
02-08-2025 05:23:00,1596.91316032094
02-08-2025 05:33:00,1595.15064879409
02-08-2025 05:43:00,1592.58687193096
02-08-2025 05:53:00,1594.07032869475
02-08-2025 06:03:00,1589.21905470269
02-08-2025 06:13:00,1585.10467494055
02-08-2025 06:23:00,1583.72808391062
02-08-2025 06:33:00,1580.31367664288
02-08-2025 06:43:00,1575.91873556365
02-08-2025 06:53:00,1572.85987367394
02-08-2025 07:03:00,1567.23063070251
02-08-2025 07:13:00,1562.65171503755
02-08-2025 07:23:00,1549.98194674665
02-08-2025 07:33:00,1540.07870691101
02-08-2025 07:43:00,1532.01697663524
02-08-2025 07:53:00,1517.70933314535
02-08-2025 08:03:00,1515.71570872191
02-08-2025 08:13:00,1505.8522138899
02-08-2025 08:23:00,1492.14861922823
02-08-2025 08:33:00,1488.43478040377
02-08-2025 08:43:00,1478.09871267416
02-08-2025 08:53:00,1473.89123738663
02-08-2025 09:03:00,1465.89502528208
02-08-2025 09:13:00,1461.47591429929
02-08-2025 09:23:00,1453.19370901998
02-08-2025 09:33:00,1449.1540376658
02-08-2025 09:43:00,1444.82824795754
02-08-2025 09:53:00,1438.93825092786
02-08-2025 10:03:00,1432.27193395336
02-08-2025 10:13:00,1423.33255313739
02-08-2025 10:23:00,1411.82914658318
02-08-2025 10:33:00,1403.12475372381
02-08-2025 10:43:00,1392.51738787143
02-08-2025 10:53:00,1384.09437357702
02-08-2025 11:03:00,1375.18795808854
02-08-2025 11:13:00,1366.65880390257
02-08-2025 11:23:00,1358.64472879653
02-08-2025 11:33:00,1346.56381548924
02-08-2025 11:43:00,1338.62772517997
02-08-2025 11:53:00,1333.07423352606
02-08-2025 12:03:00,1323.6438899072
02-08-2025 12:13:00,1312.96238959948
02-08-2025 12:23:00,1303.99539063
02-08-2025 12:33:00,1298.23311205302
02-08-2025 12:43:00,1291.60526362756
02-08-2025 12:53:00,1283.97257811716
02-08-2025 13:03:00,1278.0074024364
02-08-2025 13:13:00,1271.17579467569
02-08-2025 13:23:00,1269.85958150113
02-08-2025 13:33:00,1262.50113506091
02-08-2025 13:43:00,1254.9474026023
02-08-2025 13:53:00,1243.16864693577
02-08-2025 14:03:00,1237.29521383684
02-08-2025 14:13:00,1225.3157946123
02-08-2025 14:23:00,1221.91280013995
02-08-2025 14:33:00,1212.8413055136
02-08-2025 14:43:00,1207.47414222314
02-08-2025 14:53:00,1203.02896087226
02-08-2025 15:03:00,1195.12310189749
02-08-2025 15:13:00,1192.0201213835
02-08-2025 15:23:00,1186.12865635097
02-08-2025 15:33:00,1177.73581798967
02-08-2025 15:43:00,1173.31656312768
02-08-2025 15:53:00,1165.72124330667
02-08-2025 16:03:00,1159.27680061981
02-08-2025 16:13:00,1154.43267134714
02-08-2025 16:23:00,1147.14880882711
02-08-2025 16:33:00,1140.56777016287
02-08-2025 16:43:00,1137.7734668072
02-08-2025 16:53:00,1132.98847880593
02-08-2025 17:03:00,1125.75996983537
02-08-2025 17:13:00,1117.50576503992
02-08-2025 17:23:00,1117.43651050018
02-08-2025 17:33:00,1112.01168398486
02-08-2025 17:43:00,1108.99512297021
02-08-2025 17:53:00,1105.69026331301
02-08-2025 18:03:00,1102.96367721649
02-08-2025 18:13:00,1097.22531690844
02-08-2025 18:23:00,1092.93258534602
02-08-2025 18:33:00,1090.40083042146
02-08-2025 18:43:00,1085.07878813688
02-08-2025 18:53:00,1087.26329023515
02-08-2025 19:03:00,1081.46140553555
02-08-2025 19:13:00,1080.56727563042
02-08-2025 19:23:00,1078.23032084719
02-08-2025 19:33:00,1080.4150364713
02-08-2025 19:43:00,1074.71203371934
02-08-2025 19:53:00,1072.47252898631
02-08-2025 20:03:00,1074.92000490126
02-08-2025 20:13:00,1077.27068959532
02-08-2025 20:23:00,1076.71060371286
02-08-2025 20:33:00,1075.04948229517
02-08-2025 20:43:00,1072.95276996203
02-08-2025 20:53:00,1072.84908646536
02-08-2025 21:03:00,1073.25155891978
02-08-2025 21:13:00,1071.27892018888
02-08-2025 21:23:00,1067.55346498592
02-08-2025 21:33:00,1068.22004794322
02-08-2025 21:43:00,1065.09838518975
02-08-2025 21:53:00,1066.62916648313
02-08-2025 22:03:00,1062.04593355931
02-08-2025 22:13:00,1060.62937822237
02-08-2025 22:23:00,1058.66283974964
02-08-2025 22:33:00,1060.50693154213
02-08-2025 22:43:00,1058.92478296719
02-08-2025 22:53:00,1056.26499728965
02-08-2025 23:03:00,1052.95993565792
02-08-2025 23:13:00,1045.92031743387
02-08-2025 23:23:00,1042.69081501319
02-08-2025 23:33:00,1037.21039018271
02-08-2025 23:43:00,1026.5603954263
02-08-2025 23:53:00,1021.63530544083
02-15-2025 00:03:00,609.723911148901
02-15-2025 00:13:00,607.297304469198
02-15-2025 00:23:00,610.218006010925
02-15-2025 00:33:00,606.595336380479
02-15-2025 00:43:00,596.451380739881
02-15-2025 00:53:00,612.033190163873
02-15-2025 01:03:00,614.666516013353
02-15-2025 01:13:00,614.961116308347
02-15-2025 01:23:00,613.632274805386
02-15-2025 01:33:00,611.731071806557
02-15-2025 01:43:00,614.508611197427
02-15-2025 01:53:00,600.033980305598
02-15-2025 02:03:00,605.223904043595
02-15-2025 02:13:00,615.538649299671
02-15-2025 02:23:00,615.642949366753
02-15-2025 02:33:00,611.123901924224
02-15-2025 02:43:00,615.354100150851
02-15-2025 02:53:00,602.138424758156
02-15-2025 03:03:00,606.559693666861
02-15-2025 03:13:00,607.237746413807
02-15-2025 03:23:00,612.253155110284
02-15-2025 03:33:00,617.93228588947
02-15-2025 03:43:00,615.967427693528
02-15-2025 03:53:00,597.605773199327
02-15-2025 04:03:00,615.06119511238
02-15-2025 04:13:00,615.382242091492
02-15-2025 04:23:00,607.99816179543
02-15-2025 04:33:00,604.776442840967
02-15-2025 04:43:00,605.385429566144
02-15-2025 04:53:00,603.807769641233
02-15-2025 05:03:00,604.322001642817
02-15-2025 05:13:00,604.335202590379
02-15-2025 05:23:00,612.165111337342
02-15-2025 05:33:00,610.017978240205
02-15-2025 05:43:00,610.600577444294
02-15-2025 05:53:00,608.049530404124
02-15-2025 06:03:00,606.474593747749
02-15-2025 06:13:00,607.152771868221
02-15-2025 06:23:00,607.407779550754
02-15-2025 06:33:00,604.885892656457
02-15-2025 06:43:00,605.210797827489
02-15-2025 06:53:00,604.182151797829
02-15-2025 07:03:00,601.757864158517
02-15-2025 07:13:00,595.516548067863
02-15-2025 07:23:00,594.368784718002
02-15-2025 07:33:00,592.584761995901
02-15-2025 07:43:00,592.764465912409
02-15-2025 07:53:00,591.712339526002
02-15-2025 08:03:00,591.107132368792
02-15-2025 08:13:00,590.786270531735
02-15-2025 08:23:00,587.026586755581
02-15-2025 08:33:00,584.620887143139
02-15-2025 08:43:00,580.765732170468
02-15-2025 09:03:00,581.280928641498
02-15-2025 09:13:00,577.016461471759
02-15-2025 09:23:00,576.895020660678
02-15-2025 09:33:00,574.496754083359
02-15-2025 09:43:00,574.659226529677
02-15-2025 09:53:00,571.186391245194
02-15-2025 10:03:00,567.265821477369
02-15-2025 10:13:00,559.865334078161
02-15-2025 10:23:00,553.694155092182
02-15-2025 10:33:00,554.205730305238
02-15-2025 10:43:00,549.360743117039
02-15-2025 10:53:00,542.986732931393
02-15-2025 11:03:00,539.938581292076
02-15-2025 11:13:00,537.043811407821
02-15-2025 11:23:00,533.572412479767
02-15-2025 11:33:00,531.399992732444
02-15-2025 11:43:00,526.644426605205
02-15-2025 11:53:00,522.616592052798
02-15-2025 12:03:00,518.612377078214
02-15-2025 12:13:00,514.826884561984
02-15-2025 12:23:00,511.453095692611
02-15-2025 12:33:00,509.704398278015
02-15-2025 12:43:00,507.055599916033
02-15-2025 12:53:00,501.942057474657
02-15-2025 13:03:00,501.877067374832
02-15-2025 13:13:00,496.560839218995
02-15-2025 13:23:00,495.565242088767
02-15-2025 13:33:00,494.892458682717
02-15-2025 13:43:00,493.580596758048
02-15-2025 13:53:00,492.652571997608
02-15-2025 14:03:00,490.145760903532
02-15-2025 14:13:00,487.093904658239
02-15-2025 14:23:00,484.870498462488
02-15-2025 14:33:00,472.682482526098
02-15-2025 14:43:00,461.797853895774
02-15-2025 14:53:00,452.487463897564
02-15-2025 15:03:00,445.198618984094
02-15-2025 15:13:00,440.72316702003
02-15-2025 15:23:00,436.807328523714
02-15-2025 15:33:00,437.781753487068
02-15-2025 15:43:00,436.861593072694
02-15-2025 15:53:00,437.724059528091
02-15-2025 16:03:00,441.686176386835
02-15-2025 16:13:00,439.781449918505
02-15-2025 16:23:00,446.345694495549
02-15-2025 16:33:00,446.128747390422
02-15-2025 16:43:00,445.717877632248
02-15-2025 16:53:00,451.744127590632
02-15-2025 17:03:00,452.519215500962
02-15-2025 17:13:00,454.611576678763
02-15-2025 17:23:00,454.029807958012
02-15-2025 17:33:00,455.289391554869
02-15-2025 17:43:00,456.548877870668
02-15-2025 17:53:00,456.161169409234
02-15-2025 18:03:00,456.936187472095
02-15-2025 18:13:00,457.420565258131
02-15-2025 18:23:00,457.323774833304
02-15-2025 18:33:00,459.106638245381
02-15-2025 18:43:00,460.308072849382
02-15-2025 18:53:00,464.026589909772
02-15-2025 19:03:00,463.136415645329
02-15-2025 19:13:00,465.421208786817
02-15-2025 19:23:00,465.112080602077
02-15-2025 19:33:00,465.557868536581
02-15-2025 19:43:00,463.72263159298
02-15-2025 19:53:00,477.926435801274
02-15-2025 20:03:00,478.367449093958
02-15-2025 20:13:00,480.73904239633
02-15-2025 20:23:00,480.793147414548
02-15-2025 20:33:00,482.583714563059
02-15-2025 20:43:00,482.096578512014
02-15-2025 20:53:00,485.583141290415
02-15-2025 21:03:00,484.961884921396
02-15-2025 21:13:00,486.074916677175
02-15-2025 21:23:00,482.432544892196
02-15-2025 21:33:00,476.290194793176
02-15-2025 21:43:00,481.350852844427
02-15-2025 21:53:00,480.867429938191
02-15-2025 22:03:00,480.693881413448
02-15-2025 22:13:00,480.366162371993
02-15-2025 22:23:00,477.483226149008
02-15-2025 22:33:00,479.808279683188
02-15-2025 22:43:00,480.441927874219
02-15-2025 22:53:00,472.977208630297
02-15-2025 23:03:00,474.054923964635
02-15-2025 23:13:00,469.992235530875
02-15-2025 23:23:00,478.202235401675
02-15-2025 23:33:00,478.127967806688
02-15-2025 23:43:00,481.731821585932
02-15-2025 23:53:00,475.720001339011
02-18-2025 00:03:00,394.671008271611
02-18-2025 00:13:00,392.300549875851
02-18-2025 00:23:00,394.411122126696
02-18-2025 00:33:00,395.365630666348
02-18-2025 00:43:00,393.813022839315
02-18-2025 00:53:00,389.476490740003
02-18-2025 01:03:00,388.124265242395
02-18-2025 01:13:00,386.914191947511
02-18-2025 01:23:00,386.570029165261
02-18-2025 01:33:00,386.034000049659
02-18-2025 01:43:00,387.708344320698
02-18-2025 01:53:00,387.941168204485
02-18-2025 02:03:00,390.286940599101
02-18-2025 02:13:00,386.870775606037
02-18-2025 02:23:00,386.764923932654
02-18-2025 02:33:00,392.085436221632
02-18-2025 02:43:00,390.782578961838
02-18-2025 02:53:00,391.01548086479
02-18-2025 03:03:00,392.20170077209
02-18-2025 03:13:00,392.767279303997
02-18-2025 03:23:00,390.839470742129
02-18-2025 03:33:00,392.93951014189
02-18-2025 03:43:00,392.354721946474
02-18-2025 03:53:00,393.303920519607
02-18-2025 04:03:00,394.63632607963
02-18-2025 04:13:00,394.531101545315
02-18-2025 04:23:00,393.372151299076
02-18-2025 04:33:00,393.075854984705
02-18-2025 04:43:00,394.216490966302
02-18-2025 04:53:00,397.27221762551
02-18-2025 05:03:00,396.829428717766
02-18-2025 05:13:00,397.969456969247
02-18-2025 05:23:00,397.814149031858
02-18-2025 05:33:00,398.188264943088
02-18-2025 05:43:00,399.564612743648
02-18-2025 05:53:00,397.928974252276
02-18-2025 06:03:00,399.113867513346
02-18-2025 06:13:00,398.722736511698
02-18-2025 06:23:00,398.905839620718
02-18-2025 06:33:00,397.367391056323
02-18-2025 06:43:00,399.1259967423
02-18-2025 06:53:00,400.119378418123
02-18-2025 07:03:00,399.155312397966
02-18-2025 07:13:00,399.28820033478
02-18-2025 07:23:00,400.472796642766
02-18-2025 07:33:00,398.885057509618
02-18-2025 07:43:00,399.59176924941
02-18-2025 07:53:00,400.96753646148
02-18-2025 08:03:00,399.520791350361
02-18-2025 08:13:00,400.559193535542
02-18-2025 08:23:00,400.546273268321
02-18-2025 08:33:00,401.680376608702
02-18-2025 08:43:00,400.565397595854
02-18-2025 08:53:00,399.450264731852
02-18-2025 09:03:00,398.334977967095
02-18-2025 09:13:00,397.550867854742
02-18-2025 09:23:00,397.340282901734
02-18-2025 09:33:00,396.173142110284
02-18-2025 09:43:00,395.049885449801
02-18-2025 09:53:00,393.491727745691
02-18-2025 10:03:00,393.655600866767
02-18-2025 10:13:00,388.744317016442
02-18-2025 10:23:00,388.75878654682
02-18-2025 10:33:00,386.37732577003
02-18-2025 10:43:00,384.612512225908
02-18-2025 10:53:00,384.903651863451
02-18-2025 11:03:00,383.659189116631
02-18-2025 11:13:00,382.360371737335
02-18-2025 11:23:00,382.212851761328
02-18-2025 11:33:00,378.78531469781
02-18-2025 11:43:00,376.849190449129
02-18-2025 11:53:00,377.168024102321
02-18-2025 12:03:00,375.516385272518
02-18-2025 12:13:00,371.643741465361
02-18-2025 12:23:00,369.653364127814
02-18-2025 12:33:00,367.424907576444
02-18-2025 12:43:00,366.214479375122
02-18-2025 12:53:00,361.19154240953
02-18-2025 13:03:00,361.288782877078
02-18-2025 13:13:00,358.442841828847
02-18-2025 13:23:00,356.71463935495
02-18-2025 13:33:00,356.823988568902
02-18-2025 13:43:00,356.601704942073
02-18-2025 13:53:00,355.217849659364
02-18-2025 14:03:00,354.332248845809
02-18-2025 14:13:00,354.414605558133
02-18-2025 14:23:00,353.086088403058
02-18-2025 14:33:00,353.112648629834
02-18-2025 14:43:00,352.558355954227
02-18-2025 14:53:00,350.745334502403
02-18-2025 15:03:00,352.514665372187
02-18-2025 15:13:00,352.153918058844
02-18-2025 15:23:00,351.793131618472
02-18-2025 15:33:00,352.441543678825
02-18-2025 15:43:00,351.790111878762
02-18-2025 15:53:00,350.929143548845
02-18-2025 16:03:00,349.970791075423
02-18-2025 16:13:00,348.583803042114
02-18-2025 16:23:00,348.496946614654
02-18-2025 16:33:00,349.104961088866
02-18-2025 16:43:00,349.131304416723
02-18-2025 16:53:00,350.943651800409
02-18-2025 17:03:00,349.087075700099
02-18-2025 17:13:00,349.79238183705
02-18-2025 17:23:00,349.721861353691
02-18-2025 17:33:00,350.968949040699
02-18-2025 17:43:00,351.092574669068
02-18-2025 17:53:00,350.981833178699
02-18-2025 18:03:00,349.804131708217
02-18-2025 18:13:00,352.700568673671
02-18-2025 18:23:00,352.493006663976
02-18-2025 18:33:00,351.566151771362
02-18-2025 18:43:00,351.415439231915
02-18-2025 18:53:00,353.729787968438
02-18-2025 19:03:00,353.579103958989
02-18-2025 19:13:00,356.781900743203
02-18-2025 19:23:00,356.534286510697
02-18-2025 19:33:00,357.450199730422
02-18-2025 19:43:00,358.947720454478
02-18-2025 19:53:00,360.970652407775
02-18-2025 20:03:00,360.667057252644
02-18-2025 20:13:00,362.939946028087
02-18-2025 20:23:00,363.661767465234
02-18-2025 20:33:00,365.062008763043
02-18-2025 20:43:00,365.88067007578
02-18-2025 20:53:00,366.990017050848
02-18-2025 21:03:00,367.961146736712
02-18-2025 21:13:00,369.803976725362
02-18-2025 21:23:00,371.162089066088
02-18-2025 21:33:00,371.800561464604
02-18-2025 21:43:00,373.835887707664
02-18-2025 21:53:00,374.709067493207
02-18-2025 22:03:00,376.618340606417
02-18-2025 22:13:00,378.416633188875
02-18-2025 22:23:00,381.194139624243
02-18-2025 22:33:00,383.52858713607
02-18-2025 22:43:00,385.626213727076
02-18-2025 22:53:00,388.634391935065
02-18-2025 23:03:00,389.956524111671
02-18-2025 23:13:00,390.837835120659
02-18-2025 23:23:00,393.316755822412
02-18-2025 23:33:00,394.636436078566
02-18-2025 23:43:00,379.562577441921
02-18-2025 23:53:00,398.430238174855
02-19-2025 00:03:00,399.072751784751
02-19-2025 00:13:00,400.774516924965
02-19-2025 00:23:00,402.18640251148
02-19-2025 00:33:00,401.629517176017
02-19-2025 00:43:00,404.579579875692
02-19-2025 00:53:00,404.493824608082
02-19-2025 01:03:00,405.090868646511
02-19-2025 01:13:00,405.346631836674
02-19-2025 01:23:00,406.851085121278
02-19-2025 01:33:00,407.298542497266
02-19-2025 01:43:00,408.417738898585
02-19-2025 01:53:00,409.152604304901
02-19-2025 02:03:00,409.163359182531
02-19-2025 02:13:00,409.322745294316
02-19-2025 02:23:00,409.813124390746
02-19-2025 02:33:00,408.439849881364
02-19-2025 02:43:00,409.79260106728
02-19-2025 02:53:00,410.283065314156
02-19-2025 03:03:00,410.433859675977
02-19-2025 03:13:00,411.498452446084
02-19-2025 03:23:00,410.458070070387
02-19-2025 03:33:00,410.757410359228
02-19-2025 03:43:00,410.430697994732
02-19-2025 03:53:00,411.494972976003
02-19-2025 04:03:00,410.07450479811
02-19-2025 04:13:00,410.651633842007
02-19-2025 04:23:00,411.577097923726
02-19-2025 04:33:00,414.931977759676
02-19-2025 04:43:00,410.458911926805
02-19-2025 04:53:00,414.237351235107
02-19-2025 05:03:00,412.247468281895
02-19-2025 05:13:00,412.209183771319
02-19-2025 05:23:00,413.410591331699
02-19-2025 05:33:00,411.423150811841
02-19-2025 05:43:00,411.290384824749
02-19-2025 05:53:00,413.592004744575
02-19-2025 06:03:00,412.844922771885
02-19-2025 06:13:00,412.469688069798
02-19-2025 06:23:00,414.293879283742
02-19-2025 06:33:00,415.589157303941
02-19-2025 06:43:00,413.415977381975
02-19-2025 06:53:00,415.472108131456
02-19-2025 07:03:00,414.2942133644
02-19-2025 07:13:00,413.402273903029
02-19-2025 07:23:00,414.507035233248
02-19-2025 07:33:00,415.70650901275
02-19-2025 07:43:00,414.245378965091
02-19-2025 07:53:00,415.497042438396
02-19-2025 08:03:00,415.124303855727
02-19-2025 08:13:00,414.509526095921
02-19-2025 08:23:00,414.032389305414
02-19-2025 08:33:00,413.175482201958
02-19-2025 08:43:00,412.888381682576
02-19-2025 08:53:00,412.548701108729
02-19-2025 09:03:00,411.966326211433
02-19-2025 09:13:00,408.617901289589
02-19-2025 09:23:00,405.077233206406
02-19-2025 09:33:00,404.766555684957
02-19-2025 09:43:00,402.309847334389
02-19-2025 09:53:00,401.046530389942
02-19-2025 10:03:00,400.638780721982
02-19-2025 10:13:00,399.41518527452
02-19-2025 10:23:00,397.755425270376
02-19-2025 10:33:00,395.426928878566
02-19-2025 10:43:00,397.56345526173
02-19-2025 10:53:00,392.833261932797
02-19-2025 11:03:00,392.37870644622
02-19-2025 11:13:00,388.905900876758
02-19-2025 11:23:00,387.53084167685
02-19-2025 11:33:00,386.63162686336
02-19-2025 11:43:00,385.922064457624
02-19-2025 11:53:00,382.8696290907
02-19-2025 12:03:00,380.235729484973
02-19-2025 12:13:00,380.246166159827
02-19-2025 12:23:00,377.565254619388
02-19-2025 12:33:00,373.607558877262
02-19-2025 12:43:00,374.880154730367
02-19-2025 12:53:00,371.012138375168
02-19-2025 13:03:00,367.486084793155
02-19-2025 13:13:00,367.425520847279
02-19-2025 13:23:00,368.829255108298
02-19-2025 13:33:00,365.451399637444
02-19-2025 13:43:00,364.636708659205
02-19-2025 13:53:00,363.300450301411
02-19-2025 14:03:00,363.314540851643
02-19-2025 14:13:00,361.45624586638
02-19-2025 14:23:00,361.855951317049
02-19-2025 14:33:00,361.772953820412
02-19-2025 14:43:00,360.047882561851
02-19-2025 14:53:00,358.998191786736
02-19-2025 15:03:00,357.889287375614
02-19-2025 15:13:00,357.939600272355
02-19-2025 15:23:00,357.506331746216
02-19-2025 15:33:00,357.905283869568
02-19-2025 15:43:00,357.85856252146
02-19-2025 15:53:00,357.172092719588
02-19-2025 16:03:00,357.259544256822
02-19-2025 16:13:00,357.405887190688
02-19-2025 16:23:00,356.814919005205
02-19-2025 16:33:00,357.639449141104
02-19-2025 16:43:00,357.612997564045
02-19-2025 16:53:00,358.787918700273
02-19-2025 17:03:00,357.403849139667
02-19-2025 17:13:00,360.83096630565
02-19-2025 17:23:00,361.774900482077
02-19-2025 17:33:00,361.613824097071
02-19-2025 17:43:00,361.549755221838
02-19-2025 17:53:00,363.135110906017
02-19-2025 18:03:00,362.488989016669
02-19-2025 18:13:00,365.142136087718
02-19-2025 18:23:00,363.293411118545
02-19-2025 18:33:00,364.550021428551
02-19-2025 18:43:00,364.059975090676
02-19-2025 18:53:00,363.375909521579
02-19-2025 19:03:00,363.3331517433
02-19-2025 19:13:00,364.648850947664
02-19-2025 19:23:00,365.576381248986
02-19-2025 19:33:00,366.794899982749
02-19-2025 19:43:00,366.714117536947
02-19-2025 19:53:00,367.991217707206
02-19-2025 20:03:00,368.589320992223
02-19-2025 20:13:00,369.866028414575
02-19-2025 20:23:00,371.180910916734
02-19-2025 20:33:00,373.232599130454
02-19-2025 20:43:00,374.605419971052
02-19-2025 20:53:00,375.532165572717
02-19-2025 21:03:00,377.195247047522
02-19-2025 21:13:00,377.889229282045
02-19-2025 21:23:00,379.609662019596
02-19-2025 21:33:00,379.780242887919
02-19-2025 21:43:00,380.47388292852
02-19-2025 21:53:00,374.837179940561
02-19-2025 22:03:00,381.395959254107
02-19-2025 22:13:00,382.688664292489
02-19-2025 22:23:00,383.052727924344
02-19-2025 22:33:00,386.317561966706
02-19-2025 22:43:00,387.125091043448
02-19-2025 22:53:00,387.352569058708
02-19-2025 23:03:00,390.478177288631
02-19-2025 23:13:00,392.346654266608
02-19-2025 23:23:00,393.595349515664
02-19-2025 23:33:00,394.593518465519
02-19-2025 23:43:00,396.073671656132
02-19-2025 23:53:00,396.548976807993
02-20-2025 00:03:00,397.988178500215
02-20-2025 00:13:00,400.871955910303
02-20-2025 00:23:00,401.056725590654
02-20-2025 00:33:00,401.281583886723
02-20-2025 00:43:00,403.006706086946
02-20-2025 00:53:00,403.808659135223
02-20-2025 01:03:00,403.031236763921
02-20-2025 01:13:00,405.083187931089
02-20-2025 01:23:00,404.594724685964
02-20-2025 01:33:00,406.31686181074
02-20-2025 01:43:00,406.88538443813
02-20-2025 01:53:00,407.781938053471
02-20-2025 02:03:00,408.446022954737
02-20-2025 02:13:00,408.91799207129
02-20-2025 02:23:00,408.854575800578
02-20-2025 02:33:00,409.366739112042
02-20-2025 02:43:00,409.606873108459
02-20-2025 02:53:00,412.418355586774
02-20-2025 03:03:00,409.728838279848
02-20-2025 03:13:00,412.115655580715
02-20-2025 03:23:00,413.775616084737
02-20-2025 03:33:00,414.820394735924
02-20-2025 03:43:00,414.374803669993
02-20-2025 03:53:00,413.602725646973
02-20-2025 04:03:00,416.503371295768
02-20-2025 04:13:00,417.260130386898
02-20-2025 04:23:00,416.87059915755
02-20-2025 04:33:00,418.526763191043
02-20-2025 04:43:00,417.223493623155
02-20-2025 04:53:00,413.440579899023
02-20-2025 05:03:00,426.965256595628
02-20-2025 05:13:00,429.339112365767
02-20-2025 05:23:00,429.94153387631
02-20-2025 05:33:00,433.443973665541
02-20-2025 05:43:00,431.717567837355
02-20-2025 05:53:00,432.224184129829
02-20-2025 06:03:00,433.777991101015
02-20-2025 06:13:00,433.373572323809
02-20-2025 06:23:00,432.982420413251
02-20-2025 06:33:00,433.4349944141
02-20-2025 06:43:00,433.316933575458
02-20-2025 06:53:00,433.728517222501
02-20-2025 07:03:00,434.086124850451
02-20-2025 07:13:00,434.633823183203
02-20-2025 07:23:00,435.520365969666
02-20-2025 07:33:00,435.444086315404
02-20-2025 07:43:00,434.662167672004
02-20-2025 07:53:00,435.76683446502
02-20-2025 08:03:00,433.751258862384
02-20-2025 08:13:00,435.09974332297
02-20-2025 08:23:00,434.116141819978
02-20-2025 08:33:00,433.837946899046
02-20-2025 08:43:00,433.125971847802
02-20-2025 08:53:00,432.847854195236
02-20-2025 09:03:00,430.84731909319
02-20-2025 09:13:00,430.555249381645
02-20-2025 09:23:00,429.25881237503
02-20-2025 09:33:00,427.67672312118
02-20-2025 09:43:00,428.074654910563
02-20-2025 09:53:00,427.576912966728
02-20-2025 10:03:00,425.312084667507
02-20-2025 10:13:00,424.56747644485
02-20-2025 10:23:00,422.775271598062
02-20-2025 10:33:00,422.449400081149
02-20-2025 10:43:00,420.559265768957
02-20-2025 10:53:00,419.453156824899
02-20-2025 11:03:00,419.108322083325
02-20-2025 11:13:00,419.470303251421
02-20-2025 11:23:00,417.332769719766
02-20-2025 11:33:00,415.62985842274
02-20-2025 11:43:00,414.441436353708
02-20-2025 11:53:00,412.980850679265
02-20-2025 12:03:00,410.446073992388
02-20-2025 12:13:00,409.210294006715
02-20-2025 12:23:00,406.052903701472
02-20-2025 12:33:00,404.964586679706
02-20-2025 12:43:00,402.164130184657
02-20-2025 12:53:00,399.841056457806
02-20-2025 13:03:00,398.150548854267
02-20-2025 13:13:00,396.420423760913
02-20-2025 13:23:00,395.170067073693
02-20-2025 13:33:00,394.073529861318
02-20-2025 13:43:00,392.938663011704
02-20-2025 13:53:00,391.166246696544
02-20-2025 14:03:00,391.764400752409
02-20-2025 14:13:00,389.664028682563
02-20-2025 14:23:00,388.103940092227
02-20-2025 14:33:00,387.195820114809
02-20-2025 14:43:00,387.118144726131
02-20-2025 14:53:00,386.112520194133
02-20-2025 15:03:00,385.648359986125
02-20-2025 15:13:00,385.799906992004
02-20-2025 15:23:00,386.167383895743
02-20-2025 15:33:00,384.097658818731
02-20-2025 15:43:00,383.245822108078
02-20-2025 15:53:00,383.84286485549
02-20-2025 16:03:00,383.920247714832
02-20-2025 16:13:00,384.517549803988
02-20-2025 16:23:00,384.111600374504
02-20-2025 16:33:00,384.322252481992
02-20-2025 16:43:00,384.846533102958
02-20-2025 16:53:00,385.057314323304
02-20-2025 17:03:00,385.61845896185
02-20-2025 17:13:00,387.377643912312
02-20-2025 17:23:00,388.096023846598
02-20-2025 17:33:00,389.201659034255
02-20-2025 17:43:00,389.049215169792
02-20-2025 17:53:00,389.22400308433
02-20-2025 18:03:00,390.717341730314
02-20-2025 18:13:00,389.209509422033
02-20-2025 18:23:00,389.698005020976
02-20-2025 18:33:00,388.674164639698
02-20-2025 18:43:00,390.264726032188
02-20-2025 18:53:00,391.080809110224
02-20-2025 19:03:00,391.025382037068
02-20-2025 19:13:00,391.9385385873
02-20-2025 19:23:00,391.458894565494
02-20-2025 19:33:00,388.848439445653
02-20-2025 19:43:00,389.724925479865
02-20-2025 19:53:00,390.661621738054
02-20-2025 20:03:00,393.765738468818
02-20-2025 20:13:00,395.864347777482
02-20-2025 20:23:00,398.193624632296
02-20-2025 20:33:00,398.936222835053
02-20-2025 20:43:00,399.485156586143
02-20-2025 20:53:00,402.39526209522
02-20-2025 21:03:00,402.013292246068
02-20-2025 21:13:00,404.401795657962
02-20-2025 21:23:00,405.703599973231
02-20-2025 21:33:00,405.128156414361
02-20-2025 21:43:00,406.102013679747
02-20-2025 21:53:00,406.494966249095
02-20-2025 22:03:00,408.437219642697
02-20-2025 22:13:00,409.179783297418
02-20-2025 22:23:00,410.637929178573
02-20-2025 22:33:00,412.348577152267
02-20-2025 22:43:00,414.155869431013
02-20-2025 22:53:00,415.827954047736
02-20-2025 23:03:00,418.892955695579
02-20-2025 23:13:00,421.531862040672
02-20-2025 23:23:00,422.622066546348
02-20-2025 23:33:00,424.543916332745
02-20-2025 23:43:00,425.923697011217
02-20-2025 23:53:00,428.617931909265
02-21-2025 00:03:00,430.383573705498
02-21-2025 00:13:00,429.983167744315
02-21-2025 00:23:00,431.225878996794
02-21-2025 00:33:00,434.59359759854
02-21-2025 00:43:00,434.193086107197
02-21-2025 00:53:00,436.303610518442
02-21-2025 01:03:00,437.698025030863
02-21-2025 01:13:00,437.104699648318
02-21-2025 01:23:00,437.090780281338
02-21-2025 01:33:00,438.773929337468
02-21-2025 01:43:00,439.185309084528
02-21-2025 01:53:00,438.207304973715
02-21-2025 02:03:00,440.218299942524
02-21-2025 02:13:00,441.939428785513
02-21-2025 02:23:00,441.194317484245
02-21-2025 02:33:00,441.951543000881
02-21-2025 02:43:00,442.32335171658
02-21-2025 02:53:00,442.984066294309
02-21-2025 03:03:00,442.87450539403
02-21-2025 03:13:00,444.497666427318
02-21-2025 03:23:00,445.831592515313
02-21-2025 03:33:00,445.04861767652
02-21-2025 03:43:00,445.612743360817
02-21-2025 03:53:00,447.234552415294
02-21-2025 04:03:00,447.31762323763
02-21-2025 04:13:00,448.882355710667
02-21-2025 04:23:00,447.331701096197
02-21-2025 04:33:00,447.991733127378
02-21-2025 04:43:00,448.843766355499
02-21-2025 04:53:00,449.559854173449
02-21-2025 05:03:00,450.891494246523
02-21-2025 05:13:00,449.783547829372
02-21-2025 05:23:00,450.595390847823
02-21-2025 05:33:00,451.790629367318
02-21-2025 05:43:00,451.299144542855
02-21-2025 05:53:00,451.495716641357
02-21-2025 06:03:00,452.977776198261
02-21-2025 06:13:00,454.171780963301
02-21-2025 06:23:00,454.160102318862
02-21-2025 06:33:00,454.49187891926
02-21-2025 06:43:00,454.041630729175
02-21-2025 06:53:00,455.043623246097
02-21-2025 07:03:00,456.085012008102
02-21-2025 07:13:00,456.839155448003
02-21-2025 07:23:00,455.568583690024
02-21-2025 07:33:00,455.884509857479
02-21-2025 07:43:00,456.391725720813
02-21-2025 07:53:00,456.309008958963
02-21-2025 08:03:00,456.704438341938
02-21-2025 08:13:00,457.578013869739
02-21-2025 08:23:00,456.578908411082
02-21-2025 08:33:00,456.440349976416
02-21-2025 08:43:00,457.06689852588
02-21-2025 08:53:00,454.441571437866
02-21-2025 09:03:00,456.064115363344
02-21-2025 09:13:00,454.282117526193
02-21-2025 09:23:00,453.591246790264
02-21-2025 09:33:00,451.846653788975
02-21-2025 09:43:00,452.168708959508
02-21-2025 09:53:00,451.667833639446
02-21-2025 10:03:00,450.552589072534
02-21-2025 10:13:00,450.760630452249
02-21-2025 10:23:00,448.322512086464
02-21-2025 10:33:00,447.99265295453
02-21-2025 10:43:00,448.219768428327
02-21-2025 10:53:00,445.795720483531
02-21-2025 11:03:00,446.002233788317
02-21-2025 11:13:00,443.880133348414
02-21-2025 11:23:00,443.622180579702
02-21-2025 11:33:00,442.920152699664
02-21-2025 11:43:00,439.823212561268
02-21-2025 11:53:00,438.806580945766
02-21-2025 12:03:00,436.01006921537
02-21-2025 12:13:00,434.853051172227
02-21-2025 12:23:00,432.940874482434
02-21-2025 12:33:00,432.962843494371
02-21-2025 12:43:00,432.887620024946
02-21-2025 12:53:00,428.567873788996
02-21-2025 13:03:00,426.728522181554
02-21-2025 13:13:00,426.245899651109
02-21-2025 13:23:00,425.10629178066
02-21-2025 13:33:00,424.682532473735
02-21-2025 13:43:00,422.158763472161
02-21-2025 13:53:00,423.542413939082
02-21-2025 14:03:00,421.5259784586
02-21-2025 14:13:00,419.957882569623
02-21-2025 14:23:00,420.527485780523
02-21-2025 14:33:00,418.885814152558
02-21-2025 14:43:00,420.257156922992
02-21-2025 14:53:00,420.680797893029
02-21-2025 15:03:00,420.363625419836
02-21-2025 15:13:00,419.633554353627
02-21-2025 15:23:00,418.223090699581
02-21-2025 15:33:00,418.598134521642
02-21-2025 15:43:00,417.612252414447
02-21-2025 15:53:00,417.112177322335
02-21-2025 16:03:00,415.639456148675
02-21-2025 16:13:00,414.396618859725
02-21-2025 16:23:00,415.708078338023
02-21-2025 16:33:00,414.720795333538
02-21-2025 16:43:00,416.785662974012
02-21-2025 16:53:00,417.841987233258
02-21-2025 17:03:00,418.08378946886
02-21-2025 17:13:00,417.874939528888
02-21-2025 17:23:00,419.771924233917
02-21-2025 17:33:00,419.916601024543
02-21-2025 17:43:00,420.548190157433
02-21-2025 17:53:00,419.913912118588
02-21-2025 18:03:00,420.350844509014
02-21-2025 18:13:00,420.459562609265
02-21-2025 18:23:00,422.162799793845
02-21-2025 18:33:00,421.102843574021
02-21-2025 18:43:00,421.637442736251
02-21-2025 18:53:00,421.905062226692
02-21-2025 19:03:00,422.501058872133
02-21-2025 19:13:00,424.521814031102
02-21-2025 19:23:00,421.088910859446
02-21-2025 19:33:00,421.259543892417
02-21-2025 19:43:00,425.811805393244
02-21-2025 19:53:00,427.600969088846
02-21-2025 20:03:00,429.097715260568
02-21-2025 20:13:00,430.10753807395
02-21-2025 20:23:00,431.543052698035
02-21-2025 20:33:00,430.667331267401
02-21-2025 20:43:00,432.297182629853
02-21-2025 20:53:00,435.05737871375
02-21-2025 21:03:00,434.99652479854
02-21-2025 21:13:00,437.232625823479
02-21-2025 21:23:00,436.88014557769
02-21-2025 21:33:00,439.018118084328
02-21-2025 21:43:00,440.415014669574
02-21-2025 21:53:00,439.831390378624
02-21-2025 22:03:00,442.685028810472
02-21-2025 22:13:00,442.355691040984
02-21-2025 22:23:00,443.131829788564
02-21-2025 22:33:00,444.39312077147
02-21-2025 22:43:00,444.974744034346
02-21-2025 22:53:00,447.556242178866
02-21-2025 23:03:00,450.427312827436
02-21-2025 23:13:00,451.939555718026
02-21-2025 23:23:00,453.06343026454
02-21-2025 23:33:00,454.342830404284
02-21-2025 23:43:00,456.627892432705
02-21-2025 23:53:00,459.008597497344
02-22-2025 00:03:00,459.994879839158
02-22-2025 00:13:00,461.018859978069
02-22-2025 00:23:00,462.391095810955
02-22-2025 00:33:00,462.543979576175
02-22-2025 00:43:00,461.402428194633
02-22-2025 00:53:00,463.643366818891
02-22-2025 01:03:00,466.01779958251
02-22-2025 01:13:00,466.942777706666
02-22-2025 01:23:00,466.863879501416
02-22-2025 01:33:00,467.557127228134
02-22-2025 01:43:00,468.288532574828
02-22-2025 01:53:00,470.523804885869
02-22-2025 02:03:00,470.57967137861
02-22-2025 02:13:00,472.042356667998
02-22-2025 02:23:00,471.77078977938
02-22-2025 02:33:00,475.215255043558
02-22-2025 02:43:00,474.462216266136
02-22-2025 02:53:00,475.056596966731
02-22-2025 03:03:00,476.55484305957
02-22-2025 03:13:00,476.283543715709
02-22-2025 03:23:00,477.396551968262
02-22-2025 03:33:00,476.299868631616
02-22-2025 03:43:00,477.412683163367
02-22-2025 03:53:00,477.757099429048
02-22-2025 04:03:00,478.812002729412
02-22-2025 04:13:00,479.252219298972
02-22-2025 04:23:00,478.925108479917
02-22-2025 04:33:00,480.554844753724
02-22-2025 04:43:00,480.994875268647
02-22-2025 04:53:00,480.917042510211
02-22-2025 05:03:00,482.372162166499
02-22-2025 05:13:00,482.581703747578
02-22-2025 05:23:00,484.457343081891
02-22-2025 05:33:00,483.135568602973
02-22-2025 05:43:00,483.823692128483
02-22-2025 05:53:00,483.899242134104
02-22-2025 06:03:00,484.070625593442
02-22-2025 06:13:00,484.701566449435
02-22-2025 06:23:00,485.675662638099
02-22-2025 06:33:00,485.56064764914
02-22-2025 06:43:00,484.530575908208
02-22-2025 06:53:00,485.981325809031
02-22-2025 07:03:00,484.189778918651
02-22-2025 07:13:00,485.773951445387
02-22-2025 07:23:00,486.595167971613
02-22-2025 07:33:00,485.606386127737
02-22-2025 07:43:00,485.704288839559
02-22-2025 07:53:00,485.135908827601
02-22-2025 08:03:00,484.549313035914
02-22-2025 08:13:00,484.400651249561
02-22-2025 08:23:00,482.862721540148
02-22-2025 08:33:00,484.066148330928
02-22-2025 08:43:00,483.994171344611
02-22-2025 08:53:00,484.150724966399
02-22-2025 09:03:00,483.393357840008
02-22-2025 09:13:00,481.092646501815
02-22-2025 09:23:00,480.257119257075
02-22-2025 09:33:00,480.812595493269
02-22-2025 09:43:00,480.796302291047
02-22-2025 09:53:00,485.242639398739
02-22-2025 10:03:00,476.429709853562
02-22-2025 10:13:00,476.353530182054
02-22-2025 10:23:00,476.792017685089
02-22-2025 10:33:00,476.636738769976
02-22-2025 10:43:00,474.818161738854
02-22-2025 10:53:00,473.932735010896
02-22-2025 11:03:00,475.955371256795
02-22-2025 11:13:00,473.072195009268
02-22-2025 11:23:00,470.146189959418
02-22-2025 11:33:00,468.979643955487
02-22-2025 11:43:00,466.428335997618
02-22-2025 11:53:00,466.217047132836
02-22-2025 12:03:00,462.71866111386
02-22-2025 12:13:00,462.851528265553
02-22-2025 12:23:00,461.428991673746
02-22-2025 12:33:00,460.619310020908
02-22-2025 12:43:00,457.745048092115
02-22-2025 12:53:00,459.623459444887
02-22-2025 13:03:00,457.771675673696
02-22-2025 13:13:00,458.008277088947
02-22-2025 13:23:00,458.402232915098
02-22-2025 13:33:00,456.148559106922
02-22-2025 13:43:00,454.957698195823
02-22-2025 13:53:00,454.75919869178
02-22-2025 14:03:00,454.693084647955
02-22-2025 14:13:00,453.368194946208
02-22-2025 14:23:00,454.005071421864
02-22-2025 14:33:00,454.509600304796
02-22-2025 14:43:00,454.275147953594
02-22-2025 14:53:00,453.750142827562
02-22-2025 15:03:00,453.999869284815
02-22-2025 15:13:00,452.541587436857
02-22-2025 15:23:00,452.280723638743
02-22-2025 15:33:00,451.693633827837
02-22-2025 15:43:00,451.68783383033
02-22-2025 15:53:00,451.452901620072
02-22-2025 16:03:00,451.350071857209
02-22-2025 16:13:00,452.507605027312
02-22-2025 16:23:00,450.985392056363
02-22-2025 16:33:00,451.402415387416
02-22-2025 16:43:00,451.105265973844
02-22-2025 16:53:00,450.260815313062
02-22-2025 17:03:00,451.26007191837
02-22-2025 17:13:00,450.574242053748
02-22-2025 17:23:00,451.830021205115
02-22-2025 17:33:00,451.691576502925
02-22-2025 17:43:00,451.296805668512
02-22-2025 17:53:00,452.358840411577
02-22-2025 18:03:00,453.129731740161
02-22-2025 18:13:00,452.796977741615
02-22-2025 18:23:00,453.53296042637
02-22-2025 18:33:00,454.401391066537
02-22-2025 18:43:00,455.782721058262
02-22-2025 18:53:00,455.47691561266
02-22-2025 19:03:00,456.080929083163
02-22-2025 19:13:00,455.713311010729
02-22-2025 19:23:00,457.059561190303
02-22-2025 19:33:00,457.531324077807
02-22-2025 19:43:00,456.545927286089
02-22-2025 19:53:00,458.148301657389
02-22-2025 20:03:00,458.487825623838
02-22-2025 20:13:00,458.92450235231
02-22-2025 20:23:00,461.399995316559
02-22-2025 20:33:00,462.286307429361
02-22-2025 20:43:00,461.655127932844
02-22-2025 20:53:00,463.838239607928
02-22-2025 21:03:00,462.722246553838
02-22-2025 21:13:00,465.548265522772
02-22-2025 21:23:00,465.693511105042
02-22-2025 21:33:00,468.03333599306
02-22-2025 21:43:00,467.913272617752
02-22-2025 21:53:00,468.54314911853
02-22-2025 22:03:00,469.851256783961
02-22-2025 22:13:00,472.056140394573
02-22-2025 22:23:00,471.74218976781
02-22-2025 22:33:00,471.403409567754
02-22-2025 22:43:00,473.897175512375
02-22-2025 22:53:00,474.902279287494
02-22-2025 23:03:00,476.426521182801
02-22-2025 23:13:00,479.593823946895
02-22-2025 23:23:00,479.37625913546
02-22-2025 23:33:00,480.705185704331
02-22-2025 23:43:00,483.542696009326
02-22-2025 23:53:00,485.702409219211
02-23-2025 00:03:00,487.897465421624
02-23-2025 00:13:00,488.221278907023
02-23-2025 00:23:00,489.160593270469
02-23-2025 00:33:00,489.677115602483
02-23-2025 00:43:00,492.254497504869
02-23-2025 00:53:00,492.095568689426
02-23-2025 01:03:00,492.359174416528
02-23-2025 01:13:00,494.163565070195
02-23-2025 01:23:00,495.100720026975
02-23-2025 01:33:00,497.54014373057
02-23-2025 01:43:00,496.359817211742
02-23-2025 01:53:00,497.429360476174
02-23-2025 02:03:00,498.269218115527
02-23-2025 02:13:00,497.955442043795
02-23-2025 02:23:00,500.044222307342
02-23-2025 02:33:00,500.077698300609
02-23-2025 02:43:00,501.204727943462
02-23-2025 02:53:00,502.811252368923
02-23-2025 03:03:00,503.478868917883
02-23-2025 03:13:00,503.991688733121
02-23-2025 03:23:00,503.162255136022
02-23-2025 03:33:00,504.191774866844
02-23-2025 03:43:00,504.188471860598
02-23-2025 03:53:00,505.217438641206
02-23-2025 04:03:00,506.304500377342
02-23-2025 04:13:00,506.412879593167
02-23-2025 04:23:00,507.882043444046
02-23-2025 04:33:00,508.909565848027
02-23-2025 04:43:00,509.20916910337
02-23-2025 04:53:00,508.706811488099
02-23-2025 05:03:00,509.48456524948
02-23-2025 05:13:00,510.702529144781
02-23-2025 05:23:00,511.15594469362
02-23-2025 05:33:00,511.131950336787
02-23-2025 05:43:00,510.381862812898
02-23-2025 05:53:00,511.599140137374
02-23-2025 06:03:00,512.18543764588
02-23-2025 06:13:00,512.352873024653
02-23-2025 06:23:00,513.913281698379
02-23-2025 06:33:00,514.594512233825
02-23-2025 06:43:00,514.915032073016
02-23-2025 06:53:00,516.130200444166
02-23-2025 07:03:00,516.334845632679
02-23-2025 07:13:00,514.445076640365
02-23-2025 07:23:00,515.887818259285
02-23-2025 07:33:00,514.951054724394
02-23-2025 07:43:00,514.490629002338
02-23-2025 07:53:00,514.981802296546
02-23-2025 08:03:00,514.786345023332
02-23-2025 08:13:00,514.591026890483
02-23-2025 08:23:00,513.598139431792
02-23-2025 08:33:00,514.39098567546
02-23-2025 08:43:00,513.699366225431
02-23-2025 08:53:00,513.25611991861
02-23-2025 09:03:00,513.742505151441
02-23-2025 09:13:00,511.089866144557
02-23-2025 09:23:00,510.566031601347
02-23-2025 09:33:00,510.876398906427
02-23-2025 09:43:00,510.6741515195
02-23-2025 09:53:00,508.98418917898
02-23-2025 10:03:00,507.57860215052
02-23-2025 10:13:00,506.493930519314
02-23-2025 10:23:00,506.647889462295
02-23-2025 10:33:00,506.360854517549
02-23-2025 10:43:00,505.631972087318
02-23-2025 10:53:00,508.282213463482
02-23-2025 11:03:00,507.912316271294
02-23-2025 11:13:00,505.69974089961
02-23-2025 11:23:00,505.302766857416
02-23-2025 11:33:00,503.657942754044
02-23-2025 11:43:00,499.418068351613
02-23-2025 11:53:00,500.549655306611
02-23-2025 12:03:00,497.355671121626
02-23-2025 12:13:00,498.222632578825
02-23-2025 12:23:00,496.657492028219
02-23-2025 12:33:00,493.861343130278
02-23-2025 12:43:00,491.797057271628
02-23-2025 12:53:00,488.404825293493
02-23-2025 13:03:00,488.836554944303
02-23-2025 13:13:00,487.722712821657
02-23-2025 13:23:00,487.477474265669
02-23-2025 13:33:00,485.456588546443
02-23-2025 13:43:00,484.981604807932
02-23-2025 13:53:00,484.146824210416
02-23-2025 14:03:00,482.827690309665
02-23-2025 14:13:00,483.603002435475
02-23-2025 14:23:00,483.313664317565
02-23-2025 14:33:00,481.344089074823
02-23-2025 14:43:00,482.472455218885
02-23-2025 14:53:00,481.533494694103
02-23-2025 15:03:00,481.369154280433
02-23-2025 15:13:00,480.270658926908
02-23-2025 15:23:00,480.300056624791
02-23-2025 15:33:00,478.814097430577
02-23-2025 15:43:00,480.107319614515
02-23-2025 15:53:00,478.911447656462
02-23-2025 16:03:00,478.296636772319
02-23-2025 16:13:00,477.294218082202
02-23-2025 16:23:00,478.55377778073
02-23-2025 16:33:00,478.713978647199
02-23-2025 16:43:00,477.390772842362
02-23-2025 16:53:00,477.681408062855
02-23-2025 17:03:00,477.09948754242
02-23-2025 17:13:00,476.420373500364
02-23-2025 17:23:00,476.03196695561
02-23-2025 17:33:00,475.4493951356
02-23-2025 17:43:00,476.870547850468
02-23-2025 17:53:00,477.258162057055
02-23-2025 18:03:00,476.19026006466
02-23-2025 18:13:00,477.126770489912
02-23-2025 18:23:00,476.835043062815
02-23-2025 18:33:00,478.612011430031
02-23-2025 18:43:00,479.063610917205
02-23-2025 18:53:00,478.511128341663
02-23-2025 19:03:00,479.803040872136
02-23-2025 19:13:00,479.217292356734
02-23-2025 19:23:00,479.053310117203
02-23-2025 19:33:00,479.923688179442
02-23-2025 19:43:00,480.599945820381
02-23-2025 19:53:00,481.018505565881
02-23-2025 20:03:00,481.952475741403
02-23-2025 20:13:00,481.464452339767
02-23-2025 20:23:00,482.204411563226
02-23-2025 20:33:00,484.723787396665
02-23-2025 20:43:00,483.654091867598
02-23-2025 20:53:00,486.236512408201
02-23-2025 21:03:00,488.07634123561
02-23-2025 21:13:00,489.528137338983
02-23-2025 21:23:00,491.333673899984
02-23-2025 21:33:00,490.070769149618
02-23-2025 21:43:00,491.391464463272
02-23-2025 21:53:00,492.067466423036
02-23-2025 22:03:00,494.550675797805
02-23-2025 22:13:00,494.804843708869
02-23-2025 22:23:00,496.705933394054
02-23-2025 22:33:00,496.538411772409
02-23-2025 22:43:00,497.954659914163
02-23-2025 22:53:00,498.817969329139
02-23-2025 23:03:00,500.648747267632
02-23-2025 23:13:00,501.8358703789
02-23-2025 23:23:00,503.603024668275
02-23-2025 23:33:00,505.721712858195
02-23-2025 23:43:00,506.29263837773
02-23-2025 23:53:00,507.767979821943
02-24-2025 00:03:00,509.014767063759
02-24-2025 00:13:00,509.453527017246
02-24-2025 00:23:00,510.892560200231
02-24-2025 00:33:00,512.427476798837
02-24-2025 00:43:00,514.023118601469
02-24-2025 00:53:00,517.739580633337
02-24-2025 01:03:00,516.66837397724
02-24-2025 01:13:00,518.743418090384
02-24-2025 01:23:00,518.636654212769
02-24-2025 01:33:00,520.07127031727
02-24-2025 01:43:00,520.892163301389
02-24-2025 01:53:00,520.978146056985
02-24-2025 02:03:00,522.37597801786
02-24-2025 02:13:00,522.654350412818
02-24-2025 02:23:00,523.545153433246
02-24-2025 02:33:00,524.015767479634
02-24-2025 02:43:00,525.543441444463
02-24-2025 02:53:00,523.996210650995
02-24-2025 03:03:00,526.291782550953
02-24-2025 03:13:00,528.106143981785
02-24-2025 03:23:00,527.676561313971
02-24-2025 03:33:00,529.454138151357
02-24-2025 03:43:00,529.63599052468
02-24-2025 03:53:00,529.78240214972
02-24-2025 04:03:00,530.922963726236
02-24-2025 04:13:00,532.31479877691
02-24-2025 04:23:00,531.599040978245
02-24-2025 04:33:00,531.841426720113
02-24-2025 04:43:00,533.554987796132
02-24-2025 04:53:00,533.988370117646
02-24-2025 05:03:00,533.883619098739
02-24-2025 05:13:00,534.735217529713
02-24-2025 05:23:00,534.786330892478
02-24-2025 05:33:00,535.733142819484
02-24-2025 05:43:00,535.187119723453
02-24-2025 05:53:00,536.002686452774
02-24-2025 06:03:00,535.899105509916
02-24-2025 06:13:00,536.845450945999
02-24-2025 06:23:00,538.077641236874
02-24-2025 06:33:00,537.592860839172
02-24-2025 06:43:00,539.396565668371
02-24-2025 06:53:00,538.757213478435
02-24-2025 07:03:00,537.701717231307
02-24-2025 07:13:00,538.492400748935
02-24-2025 07:23:00,538.866465286056
02-24-2025 07:33:00,538.704843798516
02-24-2025 07:43:00,539.435661112323
02-24-2025 07:53:00,538.643590545679
02-24-2025 08:03:00,540.611618213115
02-24-2025 08:13:00,539.249047832398
02-24-2025 08:23:00,537.636900708774
02-24-2025 08:33:00,534.918528305766
02-24-2025 08:43:00,532.996174549488
02-24-2025 08:53:00,531.929927021367
02-24-2025 09:03:00,532.325699172278
02-24-2025 09:13:00,530.151590404782
02-24-2025 09:23:00,526.331697339107
02-24-2025 09:33:00,525.747554485455
02-24-2025 09:43:00,522.338680143922
02-24-2025 09:53:00,534.368118786766
02-24-2025 10:03:00,528.861806615598
02-24-2025 10:13:00,521.252507527058
02-24-2025 10:23:00,521.591303482986
02-24-2025 10:33:00,519.925150622892
02-24-2025 10:43:00,522.016375879365
02-24-2025 10:53:00,524.047968659516
02-24-2025 11:03:00,525.67170538187
02-24-2025 11:13:00,521.778668125764
02-24-2025 11:23:00,524.107083119171
02-24-2025 11:33:00,524.424945315638
02-24-2025 11:43:00,521.32109193457
02-24-2025 11:53:00,518.369513550035
02-24-2025 12:03:00,515.893191837792
02-24-2025 12:13:00,516.395609271663
02-24-2025 12:23:00,514.842296710988
02-24-2025 12:33:00,515.503103960355
02-24-2025 12:43:00,511.17870982573
02-24-2025 12:53:00,510.772548290901
02-24-2025 13:03:00,510.429266398479
02-24-2025 13:13:00,507.670578726392
02-24-2025 13:23:00,506.13278841218
02-24-2025 13:33:00,504.947808334586
02-24-2025 13:43:00,503.181795137159
02-24-2025 13:53:00,501.865947042994
02-24-2025 14:03:00,501.742397304453
02-24-2025 14:13:00,502.521943869891
02-24-2025 14:23:00,501.043803459457
02-24-2025 14:33:00,499.6302791127
02-24-2025 14:43:00,500.764755350999
02-24-2025 14:53:00,498.867342915869
02-24-2025 15:03:00,498.163031305879
02-24-2025 15:13:00,499.200833547101
02-24-2025 15:23:00,499.270834357597
02-24-2025 15:33:00,499.37262791813
02-24-2025 15:43:00,497.375803937518
02-24-2025 15:53:00,497.024532319975
02-24-2025 16:03:00,495.413555447887
02-24-2025 16:13:00,493.961190056135
02-24-2025 16:23:00,495.578696641394
02-24-2025 16:33:00,495.063530627387
02-24-2025 16:43:00,493.189764047242
02-24-2025 16:53:00,493.612441296657
02-24-2025 17:03:00,492.513428035646
02-24-2025 17:13:00,493.033049235919
02-24-2025 17:23:00,492.193304467684
02-24-2025 17:33:00,493.944465645598
02-24-2025 17:43:00,493.881613722249
02-24-2025 17:53:00,494.56483726803
02-24-2025 18:03:00,494.470817668419
02-24-2025 18:13:00,495.025924269953
02-24-2025 18:23:00,496.84462350903
02-24-2025 18:33:00,496.362025630337
02-24-2025 18:43:00,496.528595359501
02-24-2025 18:53:00,497.63616869812
02-24-2025 19:03:00,498.872342942412
02-24-2025 19:13:00,498.230092017911
02-24-2025 19:23:00,499.077532312427
02-24-2025 19:33:00,498.921476962927
02-24-2025 19:43:00,499.769081202964
02-24-2025 19:53:00,501.07167594883
02-24-2025 20:03:00,500.137861200269
02-24-2025 20:13:00,501.829528131819
02-24-2025 20:23:00,502.743352921304
02-24-2025 20:33:00,503.431305078861
02-24-2025 20:43:00,505.091487237354
02-24-2025 20:53:00,506.685959771099
02-24-2025 21:03:00,507.762665407941
02-24-2025 21:13:00,509.811387555415
02-24-2025 21:23:00,510.499105010512
02-24-2025 21:33:00,511.089634853369
02-24-2025 21:43:00,511.971737726536
02-24-2025 21:53:00,513.339698685388
02-24-2025 22:03:00,514.02737306111
02-24-2025 22:13:00,516.658283547843
02-24-2025 22:23:00,515.370654291921
02-24-2025 22:33:00,516.803264270417
02-24-2025 22:43:00,517.199474520765
02-24-2025 22:53:00,518.243330512705
02-24-2025 23:03:00,518.316092996921
02-24-2025 23:13:00,520.298241762182
02-24-2025 23:23:00,520.921011154177
02-24-2025 23:33:00,523.54872455223
02-24-2025 23:43:00,526.013738661298
02-24-2025 23:53:00,526.69965067326
02-25-2025 00:03:00,528.451670656792
02-25-2025 00:13:00,531.171894977495
02-25-2025 00:23:00,531.662608334729
02-25-2025 00:33:00,533.86336398329
02-25-2025 00:43:00,535.999135026174
02-25-2025 00:53:00,537.553192001539
02-25-2025 01:03:00,538.589480017023
02-25-2025 01:13:00,538.304772517201
02-25-2025 01:23:00,540.694017481763
02-25-2025 01:33:00,541.438988315695
02-25-2025 01:43:00,543.666185484269
02-25-2025 01:53:00,543.797149765963
02-25-2025 02:03:00,545.539835029324
02-25-2025 02:13:00,544.898666487881
02-25-2025 02:23:00,547.604745978962
02-25-2025 02:33:00,547.093864552212
02-25-2025 02:43:00,547.161953679249
02-25-2025 02:53:00,547.712000036706
02-25-2025 03:03:00,549.128644983092
02-25-2025 03:13:00,549.196821178401
02-25-2025 03:23:00,551.767139296476
02-25-2025 03:33:00,552.412008114044
02-25-2025 03:43:00,551.099971033559
02-25-2025 03:53:00,552.547832881715
02-25-2025 04:03:00,552.135760428278
02-25-2025 04:13:00,552.972840167385
02-25-2025 04:23:00,554.001594701289
02-25-2025 04:33:00,553.816037628604
02-25-2025 04:43:00,553.78907013658
02-25-2025 04:53:00,553.508361877904
02-25-2025 05:03:00,553.707474597646
02-25-2025 05:13:00,554.865195041184
02-25-2025 05:23:00,554.585214667056
02-25-2025 05:33:00,556.283516848823
02-25-2025 05:43:00,556.133238989837
02-25-2025 05:53:00,557.67275720378
02-25-2025 06:03:00,558.288340812522
02-25-2025 06:13:00,556.573878084335
02-25-2025 06:23:00,558.877900471268
02-25-2025 06:33:00,559.077190140599
02-25-2025 06:43:00,559.467798712807
02-25-2025 06:53:00,560.752201548314
02-25-2025 07:03:00,559.838726689707
02-25-2025 07:13:00,560.358709182575
02-25-2025 07:23:00,561.035995686833
02-25-2025 07:33:00,561.364937169504
02-25-2025 07:43:00,561.503046154917
02-25-2025 07:53:00,562.056653553472
02-25-2025 08:03:00,561.178978756126
02-25-2025 08:13:00,562.52964331613
02-25-2025 08:23:00,563.341448257319
02-25-2025 08:33:00,561.577216694582
02-25-2025 08:43:00,562.327262759726
02-25-2025 08:53:00,560.658408802048
02-25-2025 09:03:00,560.773870723504
02-25-2025 09:13:00,558.822671874935
02-25-2025 09:23:00,558.431262154382
02-25-2025 09:33:00,557.275353216392
02-25-2025 09:43:00,556.787388891872
02-25-2025 09:53:00,558.147946888162
02-25-2025 10:03:00,557.056300888775
02-25-2025 10:13:00,556.187645847244
02-25-2025 10:23:00,556.912158649536
02-25-2025 10:33:00,555.500185335602
02-25-2025 10:43:00,558.911166081221
02-25-2025 10:53:00,558.681791246991
02-25-2025 11:03:00,558.547669127547
02-25-2025 11:13:00,560.208199027567
02-25-2025 11:23:00,558.028268595713
02-25-2025 11:33:00,558.087304388405
02-25-2025 11:43:00,556.860424635487
02-25-2025 11:53:00,557.561980654267
02-25-2025 12:03:00,555.751997448498
02-25-2025 12:13:00,555.260009194295
02-25-2025 12:23:00,553.056747566748
02-25-2025 12:33:00,551.138724597693
02-25-2025 12:43:00,551.283858387391
02-25-2025 12:53:00,551.557475508638
02-25-2025 13:03:00,551.475857011473
02-25-2025 13:13:00,551.167246709043
02-25-2025 13:23:00,548.39933166339
02-25-2025 13:33:00,547.279140148286
02-25-2025 13:43:00,546.708346732298
02-25-2025 13:53:00,544.679364175455
02-25-2025 14:03:00,544.463607096158
02-25-2025 14:13:00,543.178031478192
02-25-2025 14:23:00,543.481318554975
02-25-2025 14:33:00,543.038314153174
02-25-2025 14:43:00,539.742086961399
02-25-2025 14:53:00,542.963805679812
02-25-2025 15:03:00,540.736896525031
02-25-2025 15:13:00,539.774525396232
02-25-2025 15:23:00,541.179574094881
02-25-2025 15:33:00,539.858676489528
02-25-2025 15:43:00,540.551013863452
02-25-2025 15:53:00,539.618932534678
02-25-2025 16:03:00,539.173495782378
02-25-2025 16:13:00,540.158326617495
02-25-2025 16:23:00,538.379177517538
02-25-2025 16:33:00,537.737824642392
02-25-2025 16:43:00,536.998541222105
02-25-2025 16:53:00,538.014739696432
02-25-2025 17:03:00,537.274974123718
02-25-2025 17:13:00,535.656379735356
02-25-2025 17:23:00,537.063167116227
02-25-2025 17:33:00,536.908217521537
02-25-2025 17:43:00,536.624562275198
02-25-2025 17:53:00,536.243096720953
02-25-2025 18:03:00,536.740675640779
02-25-2025 18:13:00,535.901229131589
02-25-2025 18:23:00,536.954398203675
02-25-2025 18:33:00,536.768031590692
02-25-2025 18:43:00,535.084672348809
02-25-2025 18:53:00,534.965082696639
02-25-2025 19:03:00,536.898430077369
02-25-2025 19:13:00,535.734126703109
02-25-2025 19:23:00,536.268415875476
02-25-2025 19:33:00,536.60721569861
02-25-2025 19:43:00,535.803291891854
02-25-2025 19:53:00,536.435560445766
02-25-2025 20:03:00,539.023541705926
02-25-2025 20:13:00,538.482539795328
02-25-2025 20:23:00,536.737723141441
02-25-2025 20:33:00,539.00175028288
02-25-2025 20:43:00,537.941712169143
02-25-2025 20:53:00,540.663570215849
02-25-2025 21:03:00,541.558633298196
02-25-2025 21:13:00,542.196684421369
02-25-2025 21:23:00,543.158525732253
02-25-2025 21:33:00,545.390102529753
02-25-2025 21:43:00,545.832186506683
02-25-2025 21:53:00,546.145707453468
02-25-2025 22:03:00,547.790135150292
02-25-2025 22:13:00,547.939231236835
02-25-2025 22:23:00,550.625220861047
02-25-2025 22:33:00,551.847002846904
02-25-2025 22:43:00,552.288261105453
02-25-2025 22:53:00,555.135538850126
02-25-2025 23:03:00,557.396541820278
02-25-2025 23:13:00,558.682107396386
02-25-2025 23:23:00,559.187952323579
02-25-2025 23:33:00,560.764798403326
02-25-2025 23:43:00,563.379732179257
02-25-2025 23:53:00,564.728154054431
02-26-2025 00:03:00,566.4317295443
02-26-2025 00:13:00,566.838467506727
02-26-2025 00:23:00,567.342431652904
02-26-2025 00:33:00,569.789890106013
02-26-2025 00:43:00,570.455217454694
02-26-2025 00:53:00,573.094765216831
02-26-2025 01:03:00,573.014752880684
02-26-2025 01:13:00,573.129159518879
02-26-2025 01:23:00,574.116921850983
02-26-2025 01:33:00,575.039761351573
02-26-2025 01:43:00,577.384400349719
02-26-2025 01:53:00,577.692241071402
02-26-2025 02:03:00,574.802356003336
02-26-2025 02:13:00,578.825090619154
02-26-2025 02:23:00,579.584677246756
02-26-2025 02:33:00,582.76411829923
02-26-2025 02:43:00,582.651324380277
02-26-2025 02:53:00,582.765116324538
02-26-2025 03:03:00,584.006815329177
02-26-2025 03:13:00,584.087936323162
02-26-2025 03:23:00,585.651497693489
02-26-2025 03:33:00,583.704083194397
02-26-2025 03:43:00,584.622524751249
02-26-2025 03:53:00,586.988036897515
02-26-2025 04:03:00,586.619900462381
02-26-2025 04:13:00,588.051872784657
02-26-2025 04:23:00,587.393253771833
02-26-2025 04:33:00,590.525597619159
02-26-2025 04:43:00,588.96978335815
02-26-2025 04:53:00,590.143687713617
02-26-2025 05:03:00,590.096701545524
02-26-2025 05:13:00,592.421762974453
02-26-2025 05:23:00,593.464908491406
02-26-2025 05:33:00,593.033212747702
02-26-2025 05:43:00,592.827202337769
02-26-2025 05:53:00,593.293797954922
02-26-2025 06:03:00,593.856337974558
02-26-2025 06:13:00,594.226882390596
02-26-2025 06:23:00,594.50155992299
02-26-2025 06:33:00,594.13798876982
02-26-2025 06:43:00,596.425752964989
02-26-2025 06:53:00,595.838015479939
02-26-2025 07:03:00,595.795346294767
02-26-2025 07:13:00,596.549211712836
02-26-2025 07:23:00,597.622737458158
02-26-2025 07:33:00,597.451985779907
02-26-2025 07:43:00,596.29467078853
02-26-2025 07:53:00,597.783477696789
02-26-2025 08:03:00,598.285379453902
02-26-2025 08:13:00,597.257206809249
02-26-2025 08:23:00,595.879286794459
02-26-2025 08:33:00,596.318433292991
02-26-2025 08:43:00,595.577652682984
02-26-2025 08:53:00,596.527484339624
02-26-2025 09:03:00,596.23415938549
02-26-2025 09:13:00,595.877503212086
02-26-2025 09:23:00,595.457324214307
02-26-2025 09:33:00,593.218582657803
02-26-2025 09:43:00,593.786737496466
02-26-2025 09:53:00,593.078175296297
02-26-2025 10:03:00,592.145817478432
02-26-2025 10:13:00,592.522077179323
02-26-2025 10:23:00,592.962435562575
02-26-2025 10:33:00,590.909394099237
02-26-2025 10:43:00,590.805015305653
02-26-2025 10:53:00,591.788210633546
02-26-2025 11:03:00,593.316656386257
02-26-2025 11:13:00,591.51305128848
02-26-2025 11:23:00,592.88228027777
02-26-2025 11:33:00,592.422896270815
02-26-2025 11:43:00,591.287251700362
02-26-2025 11:53:00,589.408815508576
02-26-2025 12:03:00,589.426584750067
02-26-2025 12:13:00,586.736912885338
02-26-2025 12:23:00,584.978315541248
02-26-2025 12:33:00,583.444487776368
02-26-2025 12:43:00,581.23025982883
02-26-2025 12:53:00,581.502090502055
02-26-2025 13:03:00,579.318536280598
02-26-2025 13:13:00,578.684939493356
02-26-2025 13:23:00,577.309638237955
02-26-2025 13:33:00,576.837663714617
02-26-2025 13:43:00,576.6258648389
02-26-2025 13:53:00,575.120397652134
02-26-2025 14:03:00,574.458171781587
02-26-2025 14:13:00,575.963908576519
02-26-2025 14:23:00,574.426703739023
02-26-2025 14:33:00,571.109164105173
02-26-2025 14:43:00,570.901744157877
02-26-2025 14:53:00,570.402653047629
02-26-2025 15:03:00,572.042386237907
02-26-2025 15:13:00,571.057167687891
02-26-2025 15:23:00,570.849703258367
02-26-2025 15:33:00,572.228149246456
02-26-2025 15:43:00,570.456824988103
02-26-2025 15:53:00,570.533200422974
02-26-2025 16:03:00,571.680259169938
02-26-2025 16:13:00,570.325913698171
02-26-2025 16:23:00,569.16513424033
02-26-2025 16:33:00,570.439720070839
02-26-2025 16:43:00,569.150495354469
02-26-2025 16:53:00,570.005762555076
02-26-2025 17:03:00,568.842417503324
02-26-2025 17:13:00,568.106890772611
02-26-2025 17:23:00,568.542178617113
02-26-2025 17:33:00,568.421297884098
02-26-2025 17:43:00,568.241241894221
02-26-2025 17:53:00,569.360282619524
02-26-2025 18:03:00,570.157079574825
02-26-2025 18:13:00,570.7586678255
02-26-2025 18:23:00,570.383187590595
02-26-2025 18:33:00,571.375848576788
02-26-2025 18:43:00,573.512047286436
02-26-2025 18:53:00,573.693553525742
02-26-2025 19:03:00,572.47684808028
02-26-2025 19:13:00,573.733679841342
02-26-2025 19:23:00,573.885604482006
02-26-2025 19:33:00,574.849383666407
02-26-2025 19:43:00,576.076852788919
02-26-2025 19:53:00,577.138694444457
02-26-2025 20:03:00,577.456533355321
02-26-2025 20:13:00,577.217676066045
02-26-2025 20:23:00,577.565482322377
02-26-2025 20:33:00,577.815581841278
02-26-2025 20:43:00,580.675467462718
02-26-2025 20:53:00,578.872746711062
02-26-2025 21:03:00,582.025781844536
02-26-2025 21:13:00,584.328925498809
02-26-2025 21:23:00,583.737098112158
02-26-2025 21:33:00,584.44613388975
02-26-2025 21:43:00,587.402754442386
02-26-2025 21:53:00,587.788140003575
02-26-2025 22:03:00,588.66202486996
02-26-2025 22:13:00,591.654069798617
02-26-2025 22:23:00,592.887334743105
02-26-2025 22:33:00,592.948791817058
02-26-2025 22:43:00,595.712391337869
02-26-2025 22:53:00,598.084292836343
02-26-2025 23:03:00,599.577223097199
02-26-2025 23:13:00,601.361987465473
02-26-2025 23:23:00,602.822307128193
02-26-2025 23:33:00,605.1899488825
02-26-2025 23:43:00,606.74576389763
02-26-2025 23:53:00,609.176862977141
03-01-2025 00:03:00,425.401040442371
03-01-2025 00:13:00,425.0605655859
03-01-2025 00:23:00,427.799112228455
03-01-2025 00:33:00,430.341275898554
03-01-2025 00:43:00,431.506905066069
03-01-2025 00:53:00,433.212967793713
03-01-2025 01:03:00,433.553424399
03-01-2025 01:13:00,435.496555308364
03-01-2025 01:23:00,434.818526481502
03-01-2025 01:33:00,436.132336534625
03-01-2025 01:43:00,435.985150756935
03-01-2025 01:53:00,436.865099396837
03-01-2025 02:03:00,438.858543823357
03-01-2025 02:13:00,439.338010992654
03-01-2025 02:23:00,440.497831869331
03-01-2025 02:33:00,440.112326940523
03-01-2025 02:43:00,441.130893354613
03-01-2025 02:53:00,441.803695151596
03-01-2025 03:03:00,442.389589407417
03-01-2025 03:13:00,443.406829511883
03-01-2025 03:23:00,444.035357235236
03-01-2025 03:33:00,444.275537674426
03-01-2025 03:43:00,446.800366880338
03-01-2025 03:53:00,443.689271120957
03-01-2025 04:03:00,446.212830243107
03-01-2025 04:13:00,444.611314913403
03-01-2025 04:23:00,446.78895980195
03-01-2025 04:33:00,446.447447835279
03-01-2025 04:43:00,447.268011664518
03-01-2025 04:53:00,447.410701224611
03-01-2025 05:03:00,446.15572281853
03-01-2025 05:13:00,448.813841208196
03-01-2025 05:23:00,448.182644835403
03-01-2025 05:33:00,449.872008839531
03-01-2025 05:43:00,449.391405476863
03-01-2025 05:53:00,450.349655958813
03-01-2025 06:03:00,450.685003483638
03-01-2025 06:13:00,449.378931816489
03-01-2025 06:23:00,450.92642343758
03-01-2025 06:33:00,451.59397794045
03-01-2025 06:43:00,452.12188528272
03-01-2025 06:53:00,453.763979635455
03-01-2025 07:03:00,452.223729086306
03-01-2025 07:13:00,452.076627323453
03-01-2025 07:23:00,452.561323247658
03-01-2025 07:33:00,451.996581829492
03-01-2025 07:43:00,451.999548677156
03-01-2025 07:53:00,452.976144141996
03-01-2025 08:03:00,453.417543552957
03-01-2025 08:13:00,452.809933511712
03-01-2025 08:23:00,453.593472361082
03-01-2025 08:33:00,453.756123249587
03-01-2025 08:43:00,453.822363285518
03-01-2025 08:53:00,453.503290132117
03-01-2025 09:03:00,453.237329686298
03-01-2025 09:13:00,452.296952403799
03-01-2025 09:23:00,452.897435468055
03-01-2025 09:33:00,451.667562912653
03-01-2025 09:43:00,453.809171384739
03-01-2025 09:53:00,451.904428125237
03-01-2025 10:03:00,454.14241086824
03-01-2025 10:13:00,452.333427606223
03-01-2025 10:23:00,450.191327732869
03-01-2025 10:33:00,450.887219669547
03-01-2025 10:43:00,451.626573851307
03-01-2025 10:53:00,450.972859441904
03-01-2025 11:03:00,449.451294694335
03-01-2025 11:13:00,449.655747968331
03-01-2025 11:23:00,449.632388658206
03-01-2025 11:33:00,449.363386293947
03-01-2025 11:43:00,446.691917602584
03-01-2025 11:53:00,445.606468153229
03-01-2025 12:03:00,445.485117780283
03-01-2025 12:13:00,443.730973773411
03-01-2025 12:23:00,440.720570985439
03-01-2025 12:33:00,438.525326222184
03-01-2025 12:43:00,439.039514445397
03-01-2025 12:53:00,438.297610968437
03-01-2025 13:03:00,434.956901285575
03-01-2025 13:13:00,431.992433656971
03-01-2025 13:23:00,430.567765384118
03-01-2025 13:33:00,428.560679064781
03-01-2025 13:43:00,426.694671689593
03-01-2025 13:53:00,426.035998216837
03-01-2025 14:03:00,429.298611854275
03-01-2025 14:13:00,426.60031155964
03-01-2025 14:23:00,427.436189759716
03-01-2025 14:33:00,425.171296563524
03-01-2025 14:43:00,425.716267617295
03-01-2025 14:53:00,425.191386779957
03-01-2025 15:03:00,423.407419967243
03-01-2025 15:13:00,423.076763936696
03-01-2025 15:23:00,423.47074722265
03-01-2025 15:33:00,420.092081641521
03-01-2025 15:43:00,417.972449828465
03-01-2025 15:53:00,418.466824314893
03-01-2025 16:03:00,416.252848319724
03-01-2025 16:13:00,415.73172583333
03-01-2025 16:23:00,415.01686848559
03-01-2025 16:33:00,414.689150639576
03-01-2025 16:43:00,412.715512024538
03-01-2025 16:53:00,413.114338038809
03-01-2025 17:03:00,413.270336812434
03-01-2025 17:13:00,413.572107694533
03-01-2025 17:23:00,415.713627755014
03-01-2025 17:33:00,416.062936223986
03-01-2025 17:43:00,414.475432812796
03-01-2025 17:53:00,412.694149147301
03-01-2025 18:03:00,413.720973027586
03-01-2025 18:13:00,412.955797183281
03-01-2025 18:23:00,413.739804684599
03-01-2025 18:33:00,412.53933338114
03-01-2025 18:43:00,413.226361360297
03-01-2025 18:53:00,412.364349087648
03-01-2025 19:03:00,412.083199461978
03-01-2025 19:13:00,412.673145469183
03-01-2025 19:23:00,411.811211415422
03-01-2025 19:33:00,410.949356287927
03-01-2025 19:43:00,412.022920698179
03-01-2025 19:53:00,412.031907460217
03-01-2025 20:03:00,411.992526917388
03-01-2025 20:13:00,414.420174701754
03-01-2025 20:23:00,414.47735615295
03-01-2025 20:33:00,417.436985186897
03-01-2025 20:43:00,418.412631140791
03-01-2025 20:53:00,416.050895827178
03-01-2025 21:03:00,417.897794643231
03-01-2025 21:13:00,419.551298671513
03-01-2025 21:23:00,421.446227074325
03-01-2025 21:33:00,423.293369987647
03-01-2025 21:43:00,425.624510143039
03-01-2025 21:53:00,425.052385776901
03-01-2025 22:03:00,426.609381415298
03-01-2025 22:13:00,428.166456122278
03-01-2025 22:23:00,429.336390619306
03-01-2025 22:33:00,431.474467707007
03-01-2025 22:43:00,433.515894805167
03-01-2025 22:53:00,437.056739536339
03-01-2025 23:03:00,435.612670274013
03-01-2025 23:13:00,438.913130641395
03-01-2025 23:23:00,440.323772526021
03-01-2025 23:33:00,441.009806083538
03-01-2025 23:43:00,443.388737649133
03-01-2025 23:53:00,442.815710310318
03-08-2025 00:03:00,468.786721635163
03-08-2025 00:13:00,469.947831061124
03-08-2025 00:23:00,470.323925568253
03-08-2025 00:33:00,469.538678537384
03-08-2025 00:43:00,471.45229736858
03-08-2025 00:53:00,470.321610583443
03-08-2025 01:03:00,469.850130678299
03-08-2025 01:13:00,470.131671085299
03-08-2025 01:23:00,466.868501222382
03-08-2025 01:33:00,469.189028471304
03-08-2025 01:43:00,471.163717069363
03-08-2025 01:53:00,471.319233678786
03-08-2025 02:03:00,471.286886778663
03-08-2025 02:13:00,471.755821019862
03-08-2025 02:23:00,472.538125851937
03-08-2025 02:33:00,473.006675942468
03-08-2025 02:43:00,471.563691270678
03-08-2025 02:53:00,474.31918808827
03-08-2025 03:03:00,472.500455374088
03-08-2025 03:13:00,475.567570692403
03-08-2025 03:23:00,477.757547375924
03-08-2025 03:33:00,475.908198421008
03-08-2025 03:43:00,474.904348997967
03-08-2025 03:53:00,475.653433991664
03-08-2025 04:03:00,474.211343191438
03-08-2025 04:13:00,475.054070250522
03-08-2025 04:23:00,474.613865775059
03-08-2025 04:33:00,475.612537501796
03-08-2025 04:43:00,478.362738545816
03-08-2025 04:53:00,478.453658191386
03-08-2025 05:03:00,476.605976679672
03-08-2025 05:13:00,477.32220338272
03-08-2025 05:23:00,479.22650813913
03-08-2025 05:33:00,479.067311329788
03-08-2025 05:43:00,478.970326599652
03-08-2025 05:53:00,477.842077824533
03-08-2025 06:03:00,477.651500787718
03-08-2025 06:13:00,480.241082770031
03-08-2025 06:23:00,479.675358537442
03-08-2025 06:33:00,481.826691594977
03-08-2025 06:43:00,480.168211026794
03-08-2025 06:53:00,480.320465235306
03-08-2025 07:03:00,479.286706856463
03-08-2025 07:13:00,478.939931243343
03-08-2025 07:23:00,479.810329354904
03-08-2025 07:33:00,480.586899837721
03-08-2025 07:43:00,479.896726760002
03-08-2025 07:53:00,480.923028776464
03-08-2025 08:03:00,481.387514283486
03-08-2025 08:13:00,481.540111556584
03-08-2025 08:23:00,480.380851234095
03-08-2025 08:33:00,479.033989587729
03-08-2025 08:43:00,480.122524533678
03-08-2025 08:53:00,477.587195374245
03-08-2025 09:03:00,477.956565996045
03-08-2025 09:13:00,476.856287121757
03-08-2025 09:23:00,476.786996618079
03-08-2025 09:33:00,475.872578690797
03-08-2025 09:43:00,473.391557656229
03-08-2025 09:53:00,472.629666664063
03-08-2025 10:03:00,473.340026985512
03-08-2025 10:13:00,470.975225084045
03-08-2025 10:23:00,467.977629062695
03-08-2025 10:33:00,466.919480317319
03-08-2025 10:43:00,465.477301672379
03-08-2025 10:53:00,462.802754713478
03-08-2025 11:03:00,462.102423985124
03-08-2025 11:13:00,459.918506998608
03-08-2025 11:23:00,458.14315611359
03-08-2025 11:33:00,456.274523346833
03-08-2025 11:43:00,453.444603018519
03-08-2025 11:53:00,451.990432921129
03-08-2025 12:03:00,450.252942044989
03-08-2025 12:13:00,445.762266160514
03-08-2025 12:23:00,446.39060341404
03-08-2025 12:33:00,445.5260233594
03-08-2025 12:43:00,444.61990150889
03-08-2025 12:53:00,441.223524573586
03-08-2025 13:03:00,441.30716738317
03-08-2025 13:13:00,439.600229280687
03-08-2025 13:23:00,442.168603390832
03-08-2025 13:33:00,443.304960703364
03-08-2025 13:43:00,443.130240062415
03-08-2025 13:53:00,442.250006902847
03-08-2025 14:03:00,442.857189798492
03-08-2025 14:13:00,444.818074758666
03-08-2025 14:23:00,445.107323465904
03-08-2025 14:33:00,448.144115952863
03-08-2025 14:43:00,447.698766802427
03-08-2025 14:53:00,448.540250510828
03-08-2025 15:03:00,448.123339829777
03-08-2025 15:13:00,448.839007333901
03-08-2025 15:23:00,450.388129836743
03-08-2025 15:33:00,452.974858574813
03-08-2025 15:43:00,450.231182244527
03-08-2025 15:53:00,451.015004065743
03-08-2025 16:03:00,451.478719588769
03-08-2025 16:13:00,451.903920921624
03-08-2025 16:23:00,451.659323109242
03-08-2025 16:33:00,452.510749310149
03-08-2025 16:43:00,450.743110991119
03-08-2025 16:53:00,449.334084753243
03-08-2025 17:03:00,449.282974438403
03-08-2025 17:13:00,450.395776332786
03-08-2025 17:23:00,447.754214767481
03-08-2025 17:33:00,445.054905061877
03-08-2025 17:43:00,444.227339597164
03-08-2025 17:53:00,444.147198473722
03-08-2025 18:03:00,438.316782684637
03-08-2025 18:13:00,441.659238055134
03-08-2025 18:23:00,438.807901936909
03-08-2025 18:33:00,438.215299758516
03-08-2025 18:43:00,437.719773648637
03-08-2025 18:53:00,436.905859456431
03-08-2025 19:03:00,435.192790335161
03-08-2025 19:13:00,435.320841844859
03-08-2025 19:23:00,435.130862629727
03-08-2025 19:33:00,433.973437502908
03-08-2025 19:43:00,433.494096619635
03-08-2025 19:53:00,433.92738390536
03-08-2025 20:03:00,433.807927296896
03-08-2025 20:13:00,433.854571094609
03-08-2025 20:23:00,432.136722000432
03-08-2025 20:33:00,430.394245065932
03-08-2025 20:43:00,431.422548408797
03-08-2025 20:53:00,429.999375756151
03-08-2025 21:03:00,428.90972807249
03-08-2025 21:13:00,428.644684496103
03-08-2025 21:23:00,430.233217313468
03-08-2025 21:33:00,430.298834284245
03-08-2025 21:43:00,430.679259892503
03-08-2025 21:53:00,430.441250971389
03-08-2025 22:03:00,429.191742062746
03-08-2025 22:13:00,429.572824301568
03-08-2025 22:23:00,427.778030535278
03-08-2025 22:33:00,431.152549935135
03-08-2025 22:43:00,429.646234002063
03-08-2025 22:53:00,429.862137477123
03-08-2025 23:03:00,429.340235480662
03-08-2025 23:13:00,428.697325643181
03-08-2025 23:23:00,430.752859310951
03-08-2025 23:33:00,427.492689066959
03-08-2025 23:43:00,426.999787623176
03-08-2025 23:53:00,427.269621103583
03-10-2025 00:03:00,409.26655087408
03-10-2025 00:13:00,410.388397515397
03-10-2025 00:23:00,409.658727833732
03-10-2025 00:33:00,409.965302457502
03-10-2025 00:43:00,411.085119267097
03-10-2025 00:53:00,411.051464055496
03-10-2025 01:03:00,411.379466175347
03-10-2025 01:13:00,412.42356703742
03-10-2025 01:23:00,413.996946234337
03-10-2025 01:33:00,413.505736229533
03-10-2025 01:43:00,414.260211522096
03-10-2025 01:53:00,413.842780455881
03-10-2025 02:03:00,414.095660534589
03-10-2025 02:13:00,414.202032150847
03-10-2025 02:23:00,415.123816159239
03-10-2025 02:33:00,416.83161146758
03-10-2025 02:43:00,414.982023638167
03-10-2025 02:53:00,414.543801834263
03-10-2025 03:03:00,415.89030822487
03-10-2025 03:13:00,415.569950818883
03-10-2025 03:23:00,414.986491081416
03-10-2025 03:33:00,416.118286018212
03-10-2025 03:43:00,416.179436169113
03-10-2025 03:53:00,414.930702528026
03-10-2025 04:03:00,416.06116062149
03-10-2025 04:13:00,415.859628391418
03-10-2025 04:23:00,417.061522831341
03-10-2025 04:33:00,416.312270833248
03-10-2025 04:43:00,416.228302131226
03-10-2025 04:53:00,415.837576274303
03-10-2025 05:03:00,417.461656792202
03-10-2025 05:13:00,417.282701421226
03-10-2025 05:23:00,417.694926599696
03-10-2025 05:33:00,416.852717751745
03-10-2025 05:43:00,417.643811626014
03-10-2025 05:53:00,417.582045664041
03-10-2025 06:03:00,418.183113406462
03-10-2025 06:13:00,417.102119904022
03-10-2025 06:23:00,419.478837320781
03-10-2025 06:33:00,420.028677536866
03-10-2025 06:43:00,419.682602357725
03-10-2025 06:53:00,419.620415824064
03-10-2025 07:03:00,420.191913590821
03-10-2025 07:13:00,419.089914307762
03-10-2025 07:23:00,419.878349528046
03-10-2025 07:33:00,419.743806271222
03-10-2025 07:43:00,420.342774134187
03-10-2025 07:53:00,421.246755016541
03-10-2025 08:03:00,420.262441275386
03-10-2025 08:13:00,421.71010748442
03-10-2025 08:23:00,420.820548095106
03-10-2025 08:33:00,420.025704528062
03-10-2025 08:43:00,420.38477390913
03-10-2025 08:53:00,418.80718380751
03-10-2025 09:03:00,419.093797275074
03-10-2025 09:13:00,418.364824255353
03-10-2025 09:23:00,418.012941548645
03-10-2025 09:33:00,418.720002713324
03-10-2025 09:43:00,417.236169516896
03-10-2025 09:53:00,416.840755535756
03-10-2025 10:03:00,414.769801131616
03-10-2025 10:13:00,411.494596021949
03-10-2025 10:23:00,408.240151796835
03-10-2025 10:33:00,406.650382153393
03-10-2025 10:43:00,405.047492751424
03-10-2025 10:53:00,402.571925534421
03-10-2025 11:03:00,403.724621925926
03-10-2025 11:13:00,404.319340385044
03-10-2025 11:23:00,406.166525826303
03-10-2025 11:33:00,406.097157557193
03-10-2025 11:43:00,407.832403046633
03-10-2025 11:53:00,405.446006459871
03-10-2025 12:03:00,399.955067462366
03-10-2025 12:13:00,392.682904227843
03-10-2025 12:23:00,385.729594699498
03-10-2025 12:33:00,380.518782032039
03-10-2025 12:43:00,374.813755115474
03-10-2025 12:53:00,367.729852432304
03-10-2025 13:03:00,364.03824384201
03-10-2025 13:13:00,360.671746520458
03-10-2025 13:23:00,356.273912116411
03-10-2025 13:33:00,351.624606136863
03-10-2025 13:43:00,345.74645033162
03-10-2025 13:53:00,342.143867303743
03-10-2025 14:03:00,337.279615629691
03-10-2025 14:13:00,333.858611219494
03-10-2025 14:23:00,331.273269759362
03-10-2025 14:33:00,328.908004601731
03-10-2025 14:43:00,326.039974415206
03-10-2025 14:53:00,323.153625768013
03-10-2025 15:03:00,321.829802441614
03-10-2025 15:13:00,319.69936933667
03-10-2025 15:23:00,319.217078427006
03-10-2025 15:33:00,318.956265304021
03-10-2025 15:43:00,317.097575453314
03-10-2025 15:53:00,316.625090842557
03-10-2025 16:03:00,317.473715732904
03-10-2025 16:13:00,316.95815089355
03-10-2025 16:23:00,317.514795336872
03-10-2025 16:33:00,319.327805390126
03-10-2025 16:43:00,320.570814693209
03-10-2025 16:53:00,320.851174678953
03-10-2025 17:03:00,323.006790359155
03-10-2025 17:13:00,326.382822467365
03-10-2025 17:23:00,339.117949328863
03-10-2025 17:33:00,345.276192634261
03-10-2025 17:43:00,349.553636526886
03-10-2025 17:53:00,354.133567455967
03-10-2025 18:03:00,356.43847505523
03-10-2025 18:13:00,355.711593390516
03-10-2025 18:23:00,358.319384968371
03-10-2025 18:33:00,356.910791851606
03-10-2025 18:43:00,355.961519159672
03-10-2025 18:53:00,354.12248785939
03-10-2025 19:03:00,351.882383578196
03-10-2025 19:13:00,350.892215043806
03-10-2025 19:23:00,346.717644096699
03-10-2025 19:33:00,344.86284268569
03-10-2025 19:43:00,344.460983697203
03-10-2025 19:53:00,342.240744876999
03-10-2025 20:03:00,339.282162999472
03-10-2025 20:13:00,335.979985129262
03-10-2025 20:23:00,331.735799048643
03-10-2025 20:33:00,329.967011074427
03-10-2025 20:43:00,329.124593181384
03-10-2025 20:53:00,326.810722273435
03-10-2025 21:03:00,326.424242821084
03-10-2025 21:13:00,325.695222184023
03-10-2025 21:23:00,325.516098847769
03-10-2025 21:33:00,327.190532196033
03-10-2025 21:43:00,326.901068374653
03-10-2025 21:53:00,327.997456160645
03-10-2025 22:03:00,329.1610367844
03-10-2025 22:13:00,330.241619037841
03-10-2025 22:23:00,330.280909054454
03-10-2025 22:33:00,330.252392888576
03-10-2025 22:43:00,329.716908299838
03-10-2025 22:53:00,330.728121115826
03-10-2025 23:03:00,331.096537676537
03-10-2025 23:13:00,330.643032662077
03-10-2025 23:23:00,330.231716783427
03-10-2025 23:33:00,330.326696215986
03-10-2025 23:43:00,329.423409901837
03-10-2025 23:53:00,330.064519450042
03-18-2025 00:03:00,666.543834638751
03-18-2025 00:13:00,668.023835382146
03-18-2025 00:23:00,668.814930656953
03-18-2025 00:33:00,668.63940293029
03-18-2025 00:43:00,671.814074237539
03-18-2025 00:53:00,663.918224524101
03-18-2025 01:03:00,667.342058969459
03-18-2025 01:13:00,675.554746615837
03-18-2025 01:23:00,679.067426724735
03-18-2025 01:33:00,677.568140297384
03-18-2025 01:43:00,679.825419197331
03-18-2025 01:53:00,678.711949932816
03-18-2025 02:03:00,680.966955146109
03-18-2025 02:13:00,675.814220298152
03-18-2025 02:23:00,686.27055526879
03-18-2025 02:33:00,686.057664846852
03-18-2025 02:43:00,688.720205113582
03-18-2025 02:53:00,689.076092062763
03-18-2025 03:03:00,690.937766468533
03-18-2025 03:13:00,692.383913035279
03-18-2025 03:23:00,691.203264752523
03-18-2025 03:33:00,695.873092091388
03-18-2025 03:43:00,694.308512841679
03-18-2025 03:53:00,692.709295719541
03-18-2025 04:03:00,696.577846355145
03-18-2025 04:13:00,694.020981423602
03-18-2025 04:23:00,697.664819495686
03-18-2025 04:33:00,699.800624789461
03-18-2025 04:43:00,700.694881381307
03-18-2025 04:53:00,699.671118538763
03-18-2025 05:03:00,698.26914314999
03-18-2025 05:13:00,702.284282239754
03-18-2025 05:23:00,701.581922576696
03-18-2025 05:33:00,704.447034070454
03-18-2025 05:43:00,703.935371768867
03-18-2025 05:53:00,695.716935224158
03-18-2025 06:03:00,708.100520451577
03-18-2025 06:13:00,706.981765370163
03-18-2025 06:23:00,707.135414753163
03-18-2025 06:33:00,708.117068836448
03-18-2025 06:43:00,697.006708072965
03-18-2025 06:53:00,709.060608969802
03-18-2025 07:03:00,708.354758227259
03-18-2025 07:13:00,690.538012664383
03-18-2025 07:23:00,710.983535831104
03-18-2025 07:33:00,709.387829953545
03-18-2025 07:43:00,710.906988250071
03-18-2025 07:53:00,711.059341839304
03-18-2025 08:03:00,711.02082692032
03-18-2025 08:13:00,711.935890822262
03-18-2025 08:23:00,710.657446520545
03-18-2025 08:33:00,712.239670331506
03-18-2025 08:43:00,710.198446868333
03-18-2025 08:53:00,710.953414674372
03-18-2025 09:03:00,709.451057845671
03-18-2025 09:13:00,709.855538287239
03-18-2025 09:23:00,710.832159114268
03-18-2025 09:33:00,708.756829796189
03-18-2025 09:43:00,707.219719714959
03-18-2025 09:53:00,706.158840919653
03-18-2025 10:03:00,705.826955242591
03-18-2025 10:13:00,704.604518824948
03-18-2025 10:23:00,703.155783019849
03-18-2025 10:33:00,705.432858953076
03-18-2025 10:43:00,704.491573159521
03-18-2025 10:53:00,701.922571058764
03-18-2025 11:03:00,701.391359332252
03-18-2025 11:13:00,699.548507890457
03-18-2025 11:23:00,697.763332798412
03-18-2025 11:33:00,694.817408268481
03-18-2025 11:43:00,691.096057478112
03-18-2025 11:53:00,688.676099283283
03-18-2025 12:03:00,686.346128870291
03-18-2025 12:13:00,683.171226686252
03-18-2025 12:23:00,681.860928573781
03-18-2025 12:33:00,680.933989745305
03-18-2025 12:43:00,681.978826218322
03-18-2025 12:53:00,679.30526807439
03-18-2025 13:03:00,678.914446037386
03-18-2025 13:13:00,677.172383350231
03-18-2025 13:23:00,673.967629518804
03-18-2025 13:33:00,676.246332900229
03-18-2025 13:43:00,674.11633481612
03-18-2025 13:53:00,674.29354126035
03-18-2025 14:03:00,675.876406428569
03-18-2025 14:13:00,672.678005969448
03-18-2025 14:23:00,673.870717532402
03-18-2025 14:33:00,672.494868251152
03-18-2025 14:43:00,671.048111781822
03-18-2025 14:53:00,668.425086272269
03-18-2025 15:03:00,667.65889409831
03-18-2025 15:13:00,667.492287327601
03-18-2025 15:23:00,665.491729688235
03-18-2025 15:33:00,664.763677095842
03-18-2025 15:43:00,665.477919253419
03-18-2025 15:53:00,662.814234615901
03-18-2025 16:03:00,664.439755534531
03-18-2025 16:13:00,663.933631676563
03-18-2025 16:23:00,662.317514561049
03-18-2025 16:33:00,664.267825886693
03-18-2025 16:43:00,663.071431320369
03-18-2025 16:53:00,663.940969636076
03-18-2025 17:03:00,663.798077991989
03-18-2025 17:13:00,664.612098017192
03-18-2025 17:23:00,664.060595050934
03-18-2025 17:33:00,665.972985422222
03-18-2025 17:43:00,666.773051632821
03-18-2025 17:53:00,665.573172458809
03-18-2025 18:03:00,666.077279223872
03-18-2025 18:13:00,666.820397352654
03-18-2025 18:23:00,665.915916076284
03-18-2025 18:33:00,667.05305998917
03-18-2025 18:43:00,666.669600330519
03-18-2025 18:53:00,665.89162115874
03-18-2025 19:03:00,666.395087668069
03-18-2025 19:13:00,666.517812645489
03-18-2025 19:23:00,667.52745741375
03-18-2025 19:33:00,667.185395554467
03-18-2025 19:43:00,667.631648290055
03-18-2025 19:53:00,667.331332648476
03-18-2025 20:03:00,666.580610126438
03-18-2025 20:13:00,668.755330395935
03-18-2025 20:23:00,667.962839115073
03-18-2025 20:33:00,669.741801597942
03-18-2025 20:43:00,671.265323201914
03-18-2025 20:53:00,671.018583486583
03-18-2025 21:03:00,671.795047873308
03-18-2025 21:13:00,672.472214392908
03-18-2025 21:23:00,673.666972865632
03-18-2025 21:33:00,673.390860449934
03-18-2025 21:43:00,673.155974728248
03-18-2025 21:53:00,674.12338539127
03-18-2025 22:03:00,672.898937430484
03-18-2025 22:13:00,673.279331182836
03-18-2025 22:23:00,672.167304920649
03-18-2025 22:33:00,671.865301307102
03-18-2025 22:43:00,672.314751883222
03-18-2025 22:53:00,671.360086658253
03-18-2025 23:03:00,667.141524339467
03-18-2025 23:13:00,672.937906615566
03-18-2025 23:23:00,672.37351847725
03-18-2025 23:33:00,672.751997249312
03-18-2025 23:43:00,670.803308046937
03-18-2025 23:53:00,670.726076948777
03-23-2025 00:00:19,544.375468606265
03-23-2025 00:05:19,543.944328551661
03-23-2025 00:10:19,543.86254018185
03-23-2025 00:15:19,546.240908445585
03-23-2025 00:20:19,547.535981723062
03-23-2025 00:25:19,547.443632299646
03-23-2025 00:30:19,547.557807974473
03-23-2025 00:35:19,547.770246194582
03-23-2025 00:40:19,548.714599708866
03-23-2025 00:45:19,549.17736448515
03-23-2025 00:50:19,548.254733231433
03-23-2025 00:55:19,548.913816504058
03-23-2025 01:00:19,547.162237910771
03-23-2025 01:05:19,547.124262450597
03-23-2025 01:10:19,547.532828682486
03-23-2025 01:15:19,546.764023606873
03-23-2025 01:20:19,547.760987137156
03-23-2025 01:25:19,548.899454333892
03-23-2025 01:30:19,547.096766342795
03-23-2025 01:35:19,549.224901882637
03-23-2025 01:40:19,547.966893848353
03-23-2025 01:45:19,548.668558768114
03-23-2025 01:50:19,548.488549134964
03-23-2025 01:55:19,548.494178158553
03-23-2025 02:00:19,548.564174361029
03-23-2025 02:05:19,550.341434232316
03-23-2025 02:10:19,550.987481579073
03-23-2025 02:15:19,551.785242910351
03-23-2025 02:20:19,550.768455176549
03-23-2025 02:25:19,550.295193020036
03-23-2025 02:30:19,549.333573696842
03-23-2025 02:35:19,552.225999236097
03-23-2025 02:40:19,550.678489989497
03-23-2025 02:45:19,553.86182516143
03-23-2025 02:50:19,551.826755239675
03-23-2025 02:55:19,551.842062634425
03-23-2025 03:00:19,554.198995560412
03-23-2025 03:05:19,552.501198988807
03-23-2025 03:10:19,552.321371129367
03-23-2025 03:15:19,551.697429941842
03-23-2025 03:20:19,554.008854738767
03-23-2025 03:25:19,551.782540660057
03-23-2025 03:30:19,552.18767591718
03-23-2025 03:35:19,551.618661036574
03-23-2025 03:40:19,548.853662189471
03-23-2025 03:45:19,552.136499688706
03-23-2025 03:50:19,552.000361236257
03-23-2025 03:55:19,552.84856074015
03-23-2025 04:00:19,550.485924379625
03-23-2025 04:05:19,551.474518152199
03-23-2025 04:10:19,552.116678600102
03-23-2025 04:15:19,549.615536411019
03-23-2025 04:20:19,550.657935240385
03-23-2025 04:25:19,550.576716560776
03-23-2025 04:30:19,552.881930547499
03-23-2025 04:35:19,549.108428366124
03-23-2025 04:40:19,551.995877534233
03-23-2025 04:45:19,550.371772615943
03-23-2025 04:50:19,549.762266768054
03-23-2025 04:55:19,548.181987863202
03-23-2025 05:00:19,549.84907473492
03-23-2025 05:05:19,550.404855739695
03-23-2025 05:10:19,549.504793761103
03-23-2025 05:15:19,547.785679094562
03-23-2025 05:20:19,548.341702621206
03-23-2025 05:25:19,547.733481410057
03-23-2025 05:30:19,548.052380790405
03-23-2025 05:35:19,547.444442125863
03-23-2025 05:40:19,548.582223510966
03-23-2025 05:45:19,548.944041159735
03-23-2025 05:50:19,548.390347954927
03-23-2025 05:55:19,547.589002583187
03-23-2025 06:00:19,548.241726935664
03-23-2025 06:05:19,546.040985127702
03-23-2025 06:10:19,548.104390751225
03-23-2025 06:15:19,545.656558074262
03-23-2025 06:20:19,546.309468082317
03-23-2025 06:25:19,546.241172280127
03-23-2025 06:30:19,544.278976677456
03-23-2025 06:35:19,545.276237259065
03-23-2025 06:40:19,544.476677815987
03-23-2025 06:45:19,543.634222502023
03-23-2025 06:50:19,545.061713305936
03-23-2025 06:55:19,545.338057708915
03-23-2025 07:00:19,544.732579433538
03-23-2025 07:05:19,546.019874273236
03-23-2025 07:10:19,545.317759717891
03-23-2025 07:15:19,545.346946836618
03-23-2025 07:20:19,546.193107187379
03-23-2025 07:25:19,545.502233898157
03-23-2025 07:30:19,543.79031924805
03-23-2025 07:35:19,544.539959090067
03-23-2025 07:40:19,545.439915739581
03-23-2025 07:45:19,545.179313287298
03-23-2025 07:50:19,543.565025306469
03-23-2025 07:55:19,544.271646665544
03-23-2025 08:00:19,542.034571839551
03-23-2025 08:05:19,542.881124361405
03-23-2025 08:10:19,542.71779611167
03-23-2025 08:15:19,540.771459737389
03-23-2025 08:20:19,539.888559194324
03-23-2025 08:25:19,540.982274450723
03-23-2025 08:30:19,539.852842218559
03-23-2025 08:35:19,540.323449660187
03-23-2025 08:40:19,539.537635468455
03-23-2025 08:45:19,540.244883080421
03-23-2025 08:50:19,538.9760462163
03-23-2025 08:55:19,541.379845871384
03-23-2025 09:00:19,539.864403515967
03-23-2025 09:05:19,543.04127307312
03-23-2025 09:10:19,540.709812405019
03-23-2025 09:15:19,541.277591919993
03-23-2025 09:20:19,541.168978225995
03-23-2025 09:25:19,540.287332582698
03-23-2025 09:30:19,540.812296755297
03-23-2025 09:35:19,538.577698875697
03-23-2025 09:40:19,539.822444960255
03-23-2025 09:45:19,539.617574855265
03-23-2025 09:50:19,539.509429001105
03-23-2025 09:55:19,538.874968217452
03-23-2025 10:00:19,537.317171071442
03-23-2025 10:05:19,537.552623216872
03-23-2025 10:10:19,535.661491192686
03-23-2025 10:15:19,536.380422711585
03-23-2025 10:20:19,534.735686410539
03-23-2025 10:25:19,532.940736133943
03-23-2025 10:30:19,534.443381178755
03-23-2025 10:35:19,531.443591383663
03-23-2025 10:40:19,533.043480144152
03-23-2025 10:45:19,529.998703806304
03-23-2025 10:50:19,529.856773477367
03-23-2025 10:55:19,527.294216752338
03-23-2025 11:00:19,530.444749938515
03-23-2025 11:05:19,528.999943750784
03-23-2025 11:10:19,526.876002759437
03-23-2025 11:15:19,527.562170665843
03-23-2025 11:20:19,525.533711190227
03-23-2025 11:25:19,524.429844936601
03-23-2025 11:30:19,523.854870223188
03-23-2025 11:35:19,524.258797058613
03-23-2025 11:40:19,522.376629992308
03-23-2025 11:45:19,523.266403739608
03-23-2025 11:50:19,520.56024054222
03-23-2025 11:55:19,520.088703111502
03-23-2025 12:00:19,519.32497975199
03-23-2025 12:05:19,516.673363430893
03-23-2025 12:10:19,516.544422452082
03-23-2025 12:15:19,514.653774378821
03-23-2025 12:20:19,512.573552403812
03-23-2025 12:25:19,511.473590986028
03-23-2025 12:30:19,510.072905623385
03-23-2025 12:35:19,508.716608255317
03-23-2025 12:40:19,507.997553546473
03-23-2025 12:45:19,509.188127290655
03-23-2025 12:50:19,505.630943755642
03-23-2025 12:55:19,505.692836269568
03-23-2025 13:00:19,501.980590850025
03-23-2025 13:05:19,499.249909888925
03-23-2025 13:10:19,497.146737956763
03-23-2025 13:15:19,497.251593345952
03-23-2025 13:20:19,497.160417346905
03-23-2025 13:25:19,493.439889209455
03-23-2025 13:30:19,495.560272030159
03-23-2025 13:35:19,493.647781817481
03-23-2025 13:40:19,492.178431837178
03-23-2025 13:45:19,490.215840157097
03-23-2025 13:50:19,489.382015984568
03-23-2025 13:55:19,487.315097817957
03-23-2025 14:00:19,488.00516389543
03-23-2025 14:05:19,485.247023638878
03-23-2025 14:10:19,483.323826509563
03-23-2025 14:15:19,482.484261717469
03-23-2025 14:20:19,482.334675621673
03-23-2025 14:25:19,478.831692963017
03-23-2025 14:30:19,477.250101397212
03-23-2025 14:35:19,475.865441897876
03-23-2025 14:40:19,474.579130433169
03-23-2025 14:45:19,472.996438735135
03-23-2025 14:50:19,473.683672912429
03-23-2025 14:55:19,472.396731858889
03-23-2025 15:00:19,471.70193749681
03-23-2025 15:05:19,470.858521953218
03-23-2025 15:10:19,469.669706818538
03-23-2025 15:15:19,469.02366963734
03-23-2025 15:20:19,468.476404213746
03-23-2025 15:25:19,468.373903335286
03-23-2025 15:30:19,467.530240264512
03-23-2025 15:35:19,466.143120767686
03-23-2025 15:40:19,464.805136789145
03-23-2025 15:45:19,465.196644839919
03-23-2025 15:50:19,463.265354437185
03-23-2025 15:55:19,463.508751633572
03-23-2025 16:00:19,461.230870356858
03-23-2025 16:05:19,461.424640420364
03-23-2025 16:10:19,460.381898140486
03-23-2025 16:15:19,458.89402622546
03-23-2025 16:20:19,462.105524301551
03-23-2025 16:25:19,463.091579393614
03-23-2025 16:30:19,459.672523067915
03-23-2025 16:35:19,462.045202624031
03-23-2025 16:40:19,461.645511146476
03-23-2025 16:45:19,462.187350305264
03-23-2025 16:50:19,459.904325754025
03-23-2025 16:55:19,460.297296460772
03-23-2025 17:00:19,458.756830385433
03-23-2025 17:05:19,458.803069466494
03-23-2025 17:10:19,457.608587891025
03-23-2025 17:15:19,457.208657985178
03-23-2025 17:20:19,456.659264715851
03-23-2025 17:25:19,456.109733883173
03-23-2025 17:30:19,455.063431910291
03-23-2025 17:35:19,456.301816381898
03-23-2025 17:40:19,453.616382736736
03-23-2025 17:45:19,453.165523483575
03-23-2025 17:50:19,452.3185955216
03-23-2025 17:55:19,451.818676503179
03-23-2025 18:00:19,451.318707286601
03-23-2025 18:05:19,452.409827864984
03-23-2025 18:10:19,450.568221807552
03-23-2025 18:15:19,450.764465208252
03-23-2025 18:20:19,450.01673981517
03-23-2025 18:25:19,450.213154217525
03-23-2025 18:30:19,449.365898447902
03-23-2025 18:35:19,449.960540382537
03-23-2025 18:40:19,450.457768498053
03-23-2025 18:45:19,452.29781574487
03-23-2025 18:50:19,453.69098290163
03-23-2025 18:55:19,452.496548749065
03-23-2025 19:00:19,449.858138099533
03-23-2025 19:05:19,450.951396914603
03-23-2025 19:10:19,450.900933018929
03-23-2025 19:15:19,450.352724408632
03-23-2025 19:20:19,449.406225185698
03-23-2025 19:25:19,448.908749815508
03-23-2025 19:30:19,450.551373311588
03-23-2025 19:35:19,449.804191936125
03-23-2025 19:40:19,450.849750530049
03-23-2025 19:45:19,450.252892891457
03-23-2025 19:50:19,451.497963652729
03-23-2025 19:55:19,452.096495461078
03-23-2025 20:00:19,453.790772645123
03-23-2025 20:05:19,452.297731722793
03-23-2025 20:10:19,453.693346470982
03-23-2025 20:15:19,451.651964903266
03-23-2025 20:20:19,453.197807680105
03-23-2025 20:25:19,454.195231838252
03-23-2025 20:30:19,455.989582989627
03-23-2025 20:35:19,455.692283437016
03-23-2025 20:40:19,456.241968424177
03-23-2025 20:45:19,456.243635194739
03-23-2025 20:50:19,456.942566789663
03-23-2025 20:55:19,456.496408376194
03-23-2025 21:00:19,457.195431880741
03-23-2025 21:05:19,459.936049017021
03-23-2025 21:10:19,459.788638750724
03-23-2025 21:15:19,459.691175239545
03-23-2025 21:20:19,460.738722263387
03-23-2025 21:25:19,461.686605173673
03-23-2025 21:30:19,463.032598574969
03-23-2025 21:35:19,461.491716709589
03-23-2025 21:40:19,461.643224800111
03-23-2025 21:45:19,463.43652668061
03-23-2025 21:50:19,463.040252063546
03-23-2025 21:55:19,463.241068598536
03-23-2025 22:00:19,464.038688743307
03-23-2025 22:05:19,464.935553965508
03-23-2025 22:10:19,467.074400948363
03-23-2025 22:15:19,470.206313574518
03-23-2025 22:20:19,471.846013905607
03-23-2025 22:25:19,472.093937380859
03-23-2025 22:30:19,474.129796869664
03-23-2025 22:35:19,477.305169545211
03-23-2025 22:40:19,478.048064217335
03-23-2025 22:45:19,476.309256612122
03-23-2025 22:50:19,479.679899679964
03-23-2025 22:55:19,480.520916523939
03-23-2025 23:00:19,480.714997337756
03-23-2025 23:05:19,479.723038819555
03-23-2025 23:10:19,483.037491500924
03-23-2025 23:15:19,482.144884875391
03-23-2025 23:20:19,482.088612289236
03-23-2025 23:25:19,483.866412870859
03-23-2025 23:30:19,483.86121276456
03-23-2025 23:35:19,483.761501164159
03-23-2025 23:40:19,486.672838388226
03-23-2025 23:45:19,486.026323217123
03-23-2025 23:50:19,487.456855018426
03-23-2025 23:55:19,487.003256991927
03-24-2025 00:00:19,487.839726460397
03-24-2025 00:05:19,487.490180597185
03-24-2025 00:10:19,487.385232653933
03-24-2025 00:15:19,485.653564111869
03-24-2025 00:20:19,487.373009275217
03-24-2025 00:25:19,489.044457475826
03-24-2025 00:30:19,488.49797698554
03-24-2025 00:35:19,488.294339855378
03-24-2025 00:40:19,489.076767520625
03-24-2025 00:45:19,489.417955029919
03-24-2025 00:50:19,490.101096457956
03-24-2025 00:55:19,489.306238858379
03-24-2025 01:00:19,490.382914606519
03-24-2025 01:05:19,491.013016622615
03-24-2025 01:10:19,490.467624398223
03-24-2025 01:15:19,492.920285895051
03-24-2025 01:20:19,492.125886593349
03-24-2025 01:25:19,490.597533223768
03-24-2025 01:30:19,491.377069221286
03-24-2025 01:35:19,492.110038512287
03-24-2025 01:40:19,492.692227071282
03-24-2025 01:45:19,492.095559130904
03-24-2025 01:50:19,493.659198158185
03-24-2025 01:55:19,492.820396200803
03-24-2025 02:00:19,492.865206205541
03-24-2025 02:05:19,494.865587171762
03-24-2025 02:10:19,492.700251781638
03-24-2025 02:15:19,493.921582091332
03-24-2025 02:20:19,492.299942014311
03-24-2025 02:25:19,492.188635436241
03-24-2025 02:30:19,491.30624108029
03-24-2025 02:35:19,491.939095325071
03-24-2025 02:40:19,491.88634010824
03-24-2025 02:45:19,492.564599139603
03-24-2025 02:50:19,492.211937574839
03-24-2025 02:55:19,491.715974898445
03-24-2025 03:00:19,492.393643859357
03-24-2025 03:05:19,492.732006284702
03-24-2025 03:10:19,491.259167386838
03-24-2025 03:15:19,492.574651166985
03-24-2025 03:20:19,491.545354364899
03-24-2025 03:25:19,492.274307901933
03-24-2025 03:30:19,492.755640516604
03-24-2025 03:35:19,492.55355948795
03-24-2025 03:40:19,492.110928642469
03-24-2025 03:45:19,493.664863603556
03-24-2025 03:50:19,492.734710156952
03-24-2025 03:55:19,494.775054294464
03-24-2025 04:00:19,494.91726929498
03-24-2025 04:05:19,496.273849742047
03-24-2025 04:10:19,494.805046445236
03-24-2025 04:15:19,492.610213434323
03-24-2025 04:20:19,492.655555653438
03-24-2025 04:25:19,492.947558880709
03-24-2025 04:30:19,495.860090970637
03-24-2025 04:35:19,493.6151874961
03-24-2025 04:40:19,492.934323671092
03-24-2025 04:45:19,491.521145078533
03-24-2025 04:50:19,493.025115224623
03-24-2025 04:55:19,492.338277996374
03-24-2025 05:00:19,493.115963094353
03-24-2025 05:05:19,493.744286333673
03-24-2025 05:10:19,493.206867640852
03-24-2025 05:15:19,493.252341280384
03-24-2025 05:20:19,493.543963314921
03-24-2025 05:25:19,493.544333039756
03-24-2025 05:30:19,493.492776248595
03-24-2025 05:35:19,493.247230205935
03-24-2025 05:40:19,493.150772219173
03-24-2025 05:45:19,493.830348469805
03-24-2025 05:50:19,493.830908357035
03-24-2025 05:55:19,494.793992469018
03-24-2025 06:00:19,494.89142089553
03-24-2025 06:05:19,494.549160631454
03-24-2025 06:10:19,495.75730650315
03-24-2025 06:15:19,494.789057270066
03-24-2025 06:20:19,494.253450014556
03-24-2025 06:25:19,495.028939105548
03-24-2025 06:30:19,493.24201156711
03-24-2025 06:35:19,493.875926316559
03-24-2025 06:40:19,494.018586767928
03-24-2025 06:45:19,494.161216803375
03-24-2025 06:50:19,494.3558090726
03-24-2025 06:55:19,492.280359453828
03-24-2025 07:00:19,493.539412384884
03-24-2025 07:05:19,492.625385141537
03-24-2025 07:10:19,491.563057143207
03-24-2025 07:15:19,493.253471657683
03-24-2025 07:20:19,492.868289163778
03-24-2025 07:25:19,493.405147461219
03-24-2025 07:30:19,495.577702199639
03-24-2025 07:35:19,492.635301870591
03-24-2025 07:40:19,492.83037704559
03-24-2025 07:45:19,492.639007591333
03-24-2025 07:50:19,492.596194601987
03-24-2025 07:55:19,491.587517191522
03-24-2025 08:00:19,492.748665574001
03-24-2025 08:05:19,491.740333971863
03-24-2025 08:10:19,490.873621309118
03-24-2025 08:15:19,491.79676113501
03-24-2025 08:20:19,489.392506820113
03-24-2025 08:25:19,490.315825695561
03-24-2025 08:30:19,488.632664872254
03-24-2025 08:35:19,489.89727253076
03-24-2025 08:40:19,487.783291162545
03-24-2025 08:45:19,488.51381115788
03-24-2025 08:50:19,488.137608466503
03-24-2025 08:55:19,487.813015526362
03-24-2025 09:00:19,487.050812851384
03-24-2025 09:05:19,488.702021721161
03-24-2025 09:10:19,487.701922292442
03-24-2025 09:15:19,485.974492255786
03-24-2025 09:20:19,487.19489137419
03-24-2025 09:25:19,487.108811965749
03-24-2025 09:30:19,484.177666573283
03-24-2025 09:35:19,485.063520947414
03-24-2025 09:40:19,484.063289952687
03-24-2025 09:45:19,484.75634939051
03-24-2025 09:50:19,484.818661717808
03-24-2025 09:55:19,483.773113359977
03-24-2025 10:00:19,483.59702438539
03-24-2025 10:05:19,483.324338855646
03-24-2025 10:10:19,482.329658974138
03-24-2025 10:15:19,481.960201256156
03-24-2025 10:20:19,480.919540671144
03-24-2025 10:25:19,482.006737410162
03-24-2025 10:30:19,479.462945007836
03-24-2025 10:35:19,475.563022370369
03-24-2025 10:40:19,475.437072755904
03-24-2025 10:45:19,478.945231369249
03-24-2025 10:50:19,477.663145527631
03-24-2025 10:55:19,477.982028697468
03-24-2025 11:00:19,477.525596867605
03-24-2025 11:05:19,476.144685741522
03-24-2025 11:10:19,475.539216797898
03-24-2025 11:15:19,472.067155123534
03-24-2025 11:20:19,473.545569874627
03-24-2025 11:25:19,471.148229195975
03-24-2025 11:30:19,470.248764417104
03-24-2025 11:35:19,465.653410492264
03-24-2025 11:40:19,465.969216389865
03-24-2025 11:45:19,464.147390238855
03-24-2025 11:50:19,462.907937916299
03-24-2025 11:55:19,461.227021159318
03-24-2025 12:00:19,460.909716174643
03-24-2025 12:05:19,459.226185491247
03-24-2025 12:10:19,458.567330833071
03-24-2025 12:15:19,458.248525165032
03-24-2025 12:20:19,458.51854981449
03-24-2025 12:25:19,455.071655210719
03-24-2025 12:30:19,453.380461650952
03-24-2025 12:35:19,454.673658414975
03-24-2025 12:40:19,452.294954119315
03-24-2025 12:45:19,452.070619030654
03-24-2025 12:50:19,449.24851355916
03-24-2025 12:55:19,445.979278239455
03-24-2025 13:00:19,444.720424481077
03-24-2025 13:05:19,443.017719735103
03-24-2025 13:10:19,442.493540763045
03-24-2025 13:15:19,437.687521435694
03-24-2025 13:20:19,436.47055729555
03-24-2025 13:25:19,435.005585875237
03-24-2025 13:30:19,432.997287912914
03-24-2025 13:35:19,428.766387377845
03-24-2025 13:40:19,426.557445590446
03-24-2025 13:45:19,425.283602607516
03-24-2025 13:50:19,424.305062099336
03-24-2025 13:55:19,424.461046584157
03-24-2025 14:00:19,422.938936250269
03-24-2025 14:05:19,423.295277609396
03-24-2025 14:10:19,420.485269442515
03-24-2025 14:15:19,420.298306277942
03-24-2025 14:20:19,421.695754638872
03-24-2025 14:25:19,418.981667900834
03-24-2025 14:30:19,418.493661128525
03-24-2025 14:35:19,417.311223418252
03-24-2025 14:40:19,413.949424573225
03-24-2025 14:45:19,413.4155933714
03-24-2025 14:50:19,412.385426678985
03-24-2025 14:55:19,413.836457554441
03-24-2025 15:00:19,410.820392761442
03-24-2025 15:05:19,407.855198894507
03-24-2025 15:10:19,405.783026763446
03-24-2025 15:15:19,405.100979087904
03-24-2025 15:20:19,405.114270531693
03-24-2025 15:25:19,406.963354354211
03-24-2025 15:30:19,405.883869354032
03-24-2025 15:35:19,406.541134997329
03-24-2025 15:40:19,406.801080648865
03-24-2025 15:45:19,403.878477134122
03-24-2025 15:50:19,402.300587071369
03-24-2025 15:55:19,402.062510813142
03-24-2025 16:00:19,404.213063379315
03-24-2025 16:05:19,401.785463850701
03-24-2025 16:10:19,400.55169969122
03-24-2025 16:15:19,405.094148035131
03-24-2025 16:20:19,402.067621051866
03-24-2025 16:25:19,401.278805788009
03-24-2025 16:30:19,401.333971464837
03-24-2025 16:35:19,402.539140823416
03-24-2025 16:40:19,402.794664318231
03-24-2025 16:45:19,401.207080012337
03-24-2025 16:50:19,399.219278258955
03-24-2025 16:55:19,398.082368556888
03-24-2025 17:00:19,395.646596984858
03-24-2025 17:05:19,397.605506495862
03-24-2025 17:10:19,393.569834611478
03-24-2025 17:15:19,396.981995477562
03-24-2025 17:20:19,393.744512545755
03-24-2025 17:25:19,393.458888389533
03-24-2025 17:30:19,394.773275377275
03-24-2025 17:35:19,392.687641191404
03-24-2025 17:40:19,392.001888912628
03-24-2025 17:45:19,391.21597000251
03-24-2025 17:50:19,391.784426993296
03-24-2025 17:55:19,391.452484980554
03-24-2025 18:00:19,389.765793645698
03-24-2025 18:05:19,390.23450643313
03-24-2025 18:10:19,390.90357938177
03-24-2025 18:15:19,390.671905808916
03-24-2025 18:20:19,389.238928054913
03-24-2025 18:25:19,389.407748420478
03-24-2025 18:30:19,390.477850174855
03-24-2025 18:35:19,391.14766587902
03-24-2025 18:40:19,390.669691993715
03-24-2025 18:45:19,390.284515174186
03-24-2025 18:50:19,389.051677606349
03-24-2025 18:55:19,391.678851999701
03-24-2025 19:00:19,390.446202165729
03-24-2025 19:05:19,393.020201988702
03-24-2025 19:10:19,390.939688341811
03-24-2025 19:15:19,392.412065289607
03-24-2025 19:20:19,391.934520884026
03-24-2025 19:25:19,393.460773554779
03-24-2025 19:30:19,393.8315975516
03-24-2025 19:35:19,394.202571889167
03-24-2025 19:40:19,394.673906846206
03-24-2025 19:45:19,394.096444821913
03-24-2025 19:50:19,395.924107039006
03-24-2025 19:55:19,395.747642006005
03-24-2025 20:00:19,396.219482828238
03-24-2025 20:05:19,397.493302048019
03-24-2025 20:10:19,397.918413554786
03-24-2025 20:15:19,398.54405597833
03-24-2025 20:20:19,399.116782739995
03-24-2025 20:25:19,399.441934123944
03-24-2025 20:30:19,399.065521428303
03-24-2025 20:35:19,401.99692781248
03-24-2025 20:40:19,402.623016853304
03-24-2025 20:45:19,404.304077393739
03-24-2025 20:50:19,405.183184857183
03-24-2025 20:55:19,406.91179634938
03-24-2025 21:00:19,406.335463401547
03-24-2025 21:05:19,404.408657731043
03-24-2025 21:10:19,406.690720122954
03-24-2025 21:15:19,407.469568468571
03-24-2025 21:20:19,407.09837904456
03-24-2025 21:25:19,407.576621920045
03-24-2025 21:30:19,407.854530033289
03-24-2025 21:35:19,409.286190265835
03-24-2025 21:40:19,408.414467991949
03-24-2025 21:45:19,408.99274533405
03-24-2025 21:50:19,411.528496170721
03-24-2025 21:55:19,413.110471523883
03-24-2025 22:00:19,413.291157389666
03-24-2025 22:05:19,415.172072166327
03-24-2025 22:10:19,417.503338896431
03-24-2025 22:15:19,419.93308301813
03-24-2025 22:20:19,420.711635085902
03-24-2025 22:25:19,423.489428346462
03-24-2025 22:30:19,424.666143131908
03-24-2025 22:35:19,426.491784935429
03-24-2025 22:40:19,428.116683615257
03-24-2025 22:45:19,428.84326648411
03-24-2025 22:50:19,429.01995470335
03-24-2025 22:55:19,429.54578905946
03-24-2025 23:00:19,430.370302414045
03-24-2025 23:05:19,430.995055906611
03-24-2025 23:10:19,431.619438525548
03-24-2025 23:15:19,434.035640698076
03-24-2025 23:20:19,433.364763476067
03-24-2025 23:25:19,434.335944299445
03-24-2025 23:30:19,434.75959597614
03-24-2025 23:35:19,435.133026766879
03-24-2025 23:40:19,436.400619654019
03-24-2025 23:45:19,436.773132479784
03-24-2025 23:50:19,436.748978487161
03-24-2025 23:55:19,437.220443122045
03-25-2025 00:00:19,437.741672109811
03-25-2025 00:05:19,437.121163907888
03-25-2025 00:10:19,438.28619105138
03-25-2025 00:15:19,439.352474487327
03-25-2025 00:20:19,439.425769067444
03-25-2025 00:25:19,438.657579550335
03-25-2025 00:30:19,439.226310415907
03-25-2025 00:35:19,439.598000231657
03-25-2025 00:40:19,440.067074978298
03-25-2025 00:45:19,441.080731129974
03-25-2025 00:50:19,440.115642197993
03-25-2025 00:55:19,439.942201005786
03-25-2025 01:00:19,442.782654622084
03-25-2025 01:05:19,441.077925337854
03-25-2025 01:10:19,439.965269404958
03-25-2025 01:15:19,441.914248034286
03-25-2025 01:20:19,440.062760020911
03-25-2025 01:25:19,442.45530399958
03-25-2025 01:30:19,441.345568169713
03-25-2025 01:35:19,439.298755157487
03-25-2025 01:40:19,439.816458601032
03-25-2025 01:45:19,442.304915926549
03-25-2025 01:50:19,440.702335218125
03-25-2025 01:55:19,439.397994184529
03-25-2025 02:00:19,439.374382213171
03-25-2025 02:05:19,441.022553490428
03-25-2025 02:10:19,440.850148835917
03-25-2025 02:15:19,442.105173305552
03-25-2025 02:20:19,440.409170091554
03-25-2025 02:25:19,441.762116763895
03-25-2025 02:30:19,443.064223422323
03-25-2025 02:35:19,443.088113837914
03-25-2025 02:40:19,442.031468434118
03-25-2025 02:45:19,444.019759561883
03-25-2025 02:50:19,444.780946049511
03-25-2025 02:55:19,443.822938132107
03-25-2025 03:00:19,443.406353938996
03-25-2025 03:05:19,444.705506704447
03-25-2025 03:10:19,445.121320291516
03-25-2025 03:15:19,443.480609507215
03-25-2025 03:20:19,444.190736276777
03-25-2025 03:25:19,443.872830110964
03-25-2025 03:30:19,445.855998934415
03-25-2025 03:35:19,444.656524025106
03-25-2025 03:40:19,445.365641396977
03-25-2025 03:45:19,445.341627256408
03-25-2025 03:50:19,445.270086364299
03-25-2025 03:55:19,445.73542234211
03-25-2025 04:00:19,444.439801558292
03-25-2025 04:05:19,444.75982914729
03-25-2025 04:10:19,445.127351269362
03-25-2025 04:15:19,444.564713479731
03-25-2025 04:20:19,445.370558361353
03-25-2025 04:25:19,444.517843335048
03-25-2025 04:30:19,443.615351702962
03-25-2025 04:35:19,445.154815326291
03-25-2025 04:40:19,444.400474371225
03-25-2025 04:45:19,445.013227148807
03-25-2025 04:50:19,445.040164480531
03-25-2025 04:55:19,445.552268736829
03-25-2025 05:00:19,444.896241672499
03-25-2025 05:05:19,445.751068163278
03-25-2025 05:10:19,444.462803993606
03-25-2025 05:15:19,445.270242675619
03-25-2025 05:20:19,444.419888382522
03-25-2025 05:25:19,444.837232064257
03-25-2025 05:30:19,442.622677801628
03-25-2025 05:35:19,443.722503717203
03-25-2025 05:40:19,443.165487752395
03-25-2025 05:45:19,443.875280270722
03-25-2025 05:50:19,445.656456507401
03-25-2025 05:55:19,444.370485120493
03-25-2025 06:00:19,443.619125231894
03-25-2025 06:05:19,443.794492053814
03-25-2025 06:10:19,444.943652437446
03-25-2025 06:15:19,444.047977761702
03-25-2025 06:20:19,444.27073155141
03-25-2025 06:25:19,443.472795388028
03-25-2025 06:30:19,444.571671701308
03-25-2025 06:35:19,445.233857221618
03-25-2025 06:40:19,445.698272369617
03-25-2025 06:45:19,443.636130777791
03-25-2025 06:50:19,443.180925448147
03-25-2025 06:55:19,444.668649140964
03-25-2025 07:00:19,444.405270057244
03-25-2025 07:05:19,445.261896986679
03-25-2025 07:10:19,443.881811657755
03-25-2025 07:15:19,445.419145284469
03-25-2025 07:20:19,445.206161841496
03-25-2025 07:25:19,442.757160503514
03-25-2025 07:30:19,444.294423574741
03-25-2025 07:35:19,443.790159624996
03-25-2025 07:40:19,444.258039374758
03-25-2025 07:45:19,442.879264268464
03-25-2025 07:50:19,443.152908667098
03-25-2025 07:55:19,443.815285184712
03-25-2025 08:00:19,443.020087613012
03-25-2025 08:05:19,443.8768293897
03-25-2025 08:10:19,443.956272927931
03-25-2025 08:15:19,443.841479133004
03-25-2025 08:20:19,444.795297194357
03-25-2025 08:25:19,443.273657466473
03-25-2025 08:30:19,444.616110488412
03-25-2025 08:35:19,443.044715848677
03-25-2025 08:40:19,444.24299653077
03-25-2025 08:45:19,443.301658891291
03-25-2025 08:50:19,442.896148368166
03-25-2025 08:55:19,442.734956761076
03-25-2025 09:00:19,441.747104906869
03-25-2025 09:05:19,442.409928536073
03-25-2025 09:10:19,441.181046050567
03-25-2025 09:15:19,440.534754273066
03-25-2025 09:20:19,441.538993217186
03-25-2025 09:25:19,441.378284665214
03-25-2025 09:30:19,441.411824998114
03-25-2025 09:35:19,441.395510887407
03-25-2025 09:40:19,439.925772291304
03-25-2025 09:45:19,440.930401101956
03-25-2025 09:50:19,439.751960931936
03-25-2025 09:55:19,440.271364052547
03-25-2025 10:00:19,438.704548018533
03-25-2025 10:05:19,437.478566027177
03-25-2025 10:10:19,437.368195886483
03-25-2025 10:15:19,436.141906566009
03-25-2025 10:20:19,433.652328839538
03-25-2025 10:25:19,435.826189433371
03-25-2025 10:30:19,434.696558656737
03-25-2025 10:35:19,433.858270124403
03-25-2025 10:40:19,431.706718858923
03-25-2025 10:45:19,431.742957220498
03-25-2025 10:50:19,432.801093084099
03-25-2025 10:55:19,433.665297906427
03-25-2025 11:00:19,433.557104473668
03-25-2025 11:05:19,434.569025994376
03-25-2025 11:10:19,433.293068249926
03-25-2025 11:15:19,432.650311299601
03-25-2025 11:20:19,431.861906306215
03-25-2025 11:25:19,429.659374480665
03-25-2025 11:30:19,431.209065773053
03-25-2025 11:35:19,429.639432190452
03-25-2025 11:40:19,428.849164157364
03-25-2025 11:45:19,426.301640135632
03-25-2025 11:50:19,426.436879838685
03-25-2025 11:55:19,424.521887198164
03-25-2025 12:00:19,420.699569466421
03-25-2025 12:05:19,418.633261661729
03-25-2025 12:10:19,417.738855252986
03-25-2025 12:15:19,418.214075757401
03-25-2025 12:20:19,411.53998843821
03-25-2025 12:25:19,411.228601214418
03-25-2025 12:30:19,412.63224871571
03-25-2025 12:35:19,411.38850032537
03-25-2025 12:40:19,410.191537465442
03-25-2025 12:45:19,408.158834364326
03-25-2025 12:50:19,407.255471710211
03-25-2025 12:55:19,405.120415614155
03-25-2025 13:00:19,402.735252151237
03-25-2025 13:05:19,399.857644650717
03-25-2025 13:10:19,400.620179177937
03-25-2025 13:15:19,402.128254484803
03-25-2025 13:20:19,402.104153703317
03-25-2025 13:25:19,402.723543550346
03-25-2025 13:30:19,398.45802702239
03-25-2025 13:35:19,398.237583108925
03-25-2025 13:40:19,397.225848741522
03-25-2025 13:45:19,395.326576858871
03-25-2025 13:50:19,387.487257429456
03-25-2025 13:55:19,386.328184493304
03-25-2025 14:00:19,388.979048763301
03-25-2025 14:05:19,389.947655289196
03-25-2025 14:10:19,387.797227882806
03-25-2025 14:15:19,389.658743075999
03-25-2025 14:20:19,388.697208623187
03-25-2025 14:25:19,390.314979547879
03-25-2025 14:30:19,386.673383593048
03-25-2025 14:35:19,384.968469790746
03-25-2025 14:40:19,388.076475521307
03-25-2025 14:45:19,381.106423372474
03-25-2025 14:50:19,380.889504959696
03-25-2025 14:55:19,380.327912137737
03-25-2025 15:00:19,381.502504452855
03-25-2025 15:05:19,380.245082489831
03-25-2025 15:10:19,377.197608339077
03-25-2025 15:15:19,376.781147947265
03-25-2025 15:20:19,375.224145577334
03-25-2025 15:25:19,374.064684512211
03-25-2025 15:30:19,373.004449792707
03-25-2025 15:35:19,372.043489195132
03-25-2025 15:40:19,370.936894773242
03-25-2025 15:45:19,371.369148509678
03-25-2025 15:50:19,369.764661794165
03-25-2025 15:55:19,368.803094182217
03-25-2025 16:00:19,368.140060284174
03-25-2025 16:05:19,367.929201877531
03-25-2025 16:10:19,368.706310795264
03-25-2025 16:15:19,368.242491110257
03-25-2025 16:20:19,370.216044995619
03-25-2025 16:25:19,370.940835671158
03-25-2025 16:30:19,371.466770978634
03-25-2025 16:35:19,370.351161550855
03-25-2025 16:40:19,370.17900628455
03-25-2025 16:45:19,370.006854687553
03-25-2025 16:50:19,370.487522401061
03-25-2025 16:55:19,369.81628268873
03-25-2025 17:00:19,367.600437884346
03-25-2025 17:05:19,366.582562143921
03-25-2025 17:10:19,364.96468626467
03-25-2025 17:15:19,364.400045169189
03-25-2025 17:20:19,364.035253466231
03-25-2025 17:25:19,362.216169852077
03-25-2025 17:30:19,362.051091345901
03-25-2025 17:35:19,362.240635452345
03-25-2025 17:40:19,361.875643949301
03-25-2025 17:45:19,362.711211919175
03-25-2025 17:50:19,361.100138520261
03-25-2025 17:55:19,360.48953792
03-25-2025 18:00:19,361.425511665946
03-25-2025 18:05:19,362.216211696121
03-25-2025 18:10:19,360.459265366298
03-25-2025 18:15:19,360.249151270699
03-25-2025 18:20:19,361.24035038665
03-25-2025 18:25:19,360.384308246142
03-25-2025 18:30:19,362.076559455092
03-25-2025 18:35:19,361.621060991454
03-25-2025 18:40:19,361.511536618751
03-25-2025 18:45:19,362.858343286802
03-25-2025 18:50:19,362.248432872436
03-25-2025 18:55:19,363.040434014001
03-25-2025 19:00:19,362.030031507144
03-25-2025 19:05:19,361.474725957943
03-25-2025 19:10:19,362.121244037788
03-25-2025 19:15:19,363.013854888581
03-25-2025 19:20:19,362.804918540796
03-25-2025 19:25:19,361.348388988488
03-25-2025 19:30:19,363.197272219871
03-25-2025 19:35:19,362.888415524637
03-25-2025 19:40:19,363.535571448957
03-25-2025 19:45:19,365.985860984975
03-25-2025 19:50:19,366.432833340531
03-25-2025 19:55:19,367.426859103123
03-25-2025 20:00:19,366.77207148226
03-25-2025 20:05:19,368.120918950006
03-25-2025 20:10:19,367.766820843051
03-25-2025 20:15:19,368.314401411288
03-25-2025 20:20:19,367.4055424191
03-25-2025 20:25:19,366.851282023603
03-25-2025 20:30:19,367.745893142173
03-25-2025 20:35:19,367.492330357351
03-25-2025 20:40:19,369.543308830325
03-25-2025 20:45:19,369.536641680732
03-25-2025 20:50:19,369.537543406449
03-25-2025 20:55:19,370.833668357571
03-25-2025 21:00:19,371.081490024536
03-25-2025 21:05:19,371.629996138368
03-25-2025 21:10:19,371.076356489118
03-25-2025 21:15:19,372.827444443805
03-25-2025 21:20:19,374.131045063156
03-25-2025 21:25:19,374.17884417894
03-25-2025 21:30:19,376.484232918454
03-25-2025 21:35:19,372.778647074864
03-25-2025 21:40:19,373.681538709403
03-25-2025 21:45:19,375.085162227161
03-25-2025 21:50:19,377.189703364615
03-25-2025 21:55:19,378.545839076564
03-25-2025 22:00:19,380.502324868529
03-25-2025 22:05:19,382.30543920665
03-25-2025 22:10:19,385.414472261557
03-25-2025 22:15:19,387.22121205526
03-25-2025 22:20:19,388.474776978009
03-25-2025 22:25:19,388.175347452866
03-25-2025 22:30:19,392.081054247139
03-25-2025 22:35:19,390.785342753417
03-25-2025 22:40:19,394.188794910586
03-25-2025 22:45:19,394.092629264361
03-25-2025 22:50:19,394.096482736789
03-25-2025 22:55:19,395.247629760179
03-25-2025 23:00:19,396.301506946594
03-25-2025 23:05:19,397.303452627993
03-25-2025 23:10:19,398.153928145344
03-25-2025 23:15:19,399.354747033738
03-25-2025 23:20:19,398.410989428578
03-25-2025 23:25:19,400.409176152462
03-25-2025 23:30:19,402.206998836917
03-25-2025 23:35:19,401.263227055504
03-25-2025 23:40:19,402.661253748183
03-25-2025 23:45:19,403.560428738881
03-25-2025 23:50:19,404.259979460491
03-25-2025 23:55:19,403.863667279638
03-27-2025 00:00:19,509.943595094003
03-27-2025 00:05:19,512.249127092813
03-27-2025 00:10:19,513.525362404793
03-27-2025 00:15:19,517.969260459663
03-27-2025 00:20:19,518.428049331301
03-27-2025 00:25:19,521.356190328961
03-27-2025 00:30:19,527.841004933491
03-27-2025 00:35:19,529.116192127511
03-27-2025 00:40:19,533.695264907006
03-27-2025 00:45:19,535.126097497245
03-27-2025 00:50:19,537.140068975108
03-27-2025 00:55:19,541.329702193421
03-27-2025 01:00:19,543.440838793141
03-27-2025 01:05:19,545.297921228319
03-27-2025 01:10:19,545.951622458609
03-27-2025 01:15:19,549.362975550626
03-27-2025 01:20:19,552.288135876101
03-27-2025 01:25:19,555.662062060525
03-27-2025 01:30:19,556.44959699934
03-27-2025 01:35:19,563.162080427356
03-27-2025 01:40:19,567.348374439638
03-27-2025 01:45:19,570.757159046059
03-27-2025 01:50:19,570.925584785713
03-27-2025 01:55:19,574.916621475342
03-27-2025 02:00:19,577.062193878772
03-27-2025 02:05:19,580.240943901191
03-27-2025 02:10:19,583.939569936304
03-27-2025 02:15:19,587.54060493448
03-27-2025 02:20:19,591.107428595726
03-27-2025 02:25:19,593.639913569149
03-27-2025 02:30:19,595.395513828247
03-27-2025 02:35:19,599.092165920908
03-27-2025 02:40:19,602.658457358092
03-27-2025 02:45:19,604.510355360767
03-27-2025 02:50:19,606.459084796175
03-27-2025 02:55:19,607.049025355574
03-27-2025 03:00:19,608.60927001328
03-27-2025 03:05:19,613.53327780189
03-27-2025 03:10:19,609.271564192696
03-27-2025 03:15:19,615.650710089366
03-27-2025 03:20:19,614.816731543663
03-27-2025 03:25:19,620.030917340069
03-27-2025 03:30:19,623.755258549907
03-27-2025 03:35:19,630.745237393381
03-27-2025 03:40:19,635.309719271225
03-27-2025 03:45:19,641.61904782975
03-27-2025 03:50:19,644.369277856829
03-27-2025 03:55:19,645.441331738348
03-27-2025 04:00:19,646.31940982751
03-27-2025 04:05:19,648.331473174214
03-27-2025 04:10:19,650.566476773067
03-27-2025 04:15:19,653.188908940077
03-27-2025 04:20:19,654.910109786451
03-27-2025 04:25:19,656.17528991744
03-27-2025 04:30:19,655.764305413164
03-27-2025 04:35:19,657.930053546373
03-27-2025 04:40:19,664.717976687708
03-27-2025 04:45:19,665.207186841695
03-27-2025 04:50:19,669.280973928498
03-27-2025 04:55:19,671.222993732208
03-27-2025 05:00:19,676.845668325594
03-27-2025 05:05:19,678.426268361353
03-27-2025 05:10:19,680.050035113867
03-27-2025 05:15:19,679.569837347109
03-27-2025 05:20:19,686.352420845427
03-27-2025 05:25:19,687.324367397318
03-27-2025 05:30:19,690.038995777054
03-27-2025 05:35:19,693.915023185186
03-27-2025 05:40:19,695.176789051367
03-27-2025 05:45:19,698.955161280815
03-27-2025 05:50:19,697.796742664613
03-27-2025 05:55:19,702.033504466141
03-27-2025 06:00:19,704.843154765832
03-27-2025 06:05:19,706.322131590943
03-27-2025 06:10:19,705.937873506825
03-27-2025 06:15:19,709.980098072747
03-27-2025 06:20:19,713.175556348693
03-27-2025 06:25:19,714.435702905849
03-27-2025 06:30:19,714.994729577613
03-27-2025 06:35:19,715.093944867721
03-27-2025 06:40:19,716.4506997433
03-27-2025 06:45:19,720.322082037866
03-27-2025 06:50:19,725.546932999254
03-27-2025 06:55:19,727.869844594309
03-27-2025 07:00:19,728.35518598914
03-27-2025 07:05:19,729.420675494473
03-27-2025 07:10:19,730.412000401859
03-27-2025 07:15:19,735.053977050474
03-27-2025 07:20:19,737.546708546642
03-27-2025 07:25:19,738.418124783805
03-27-2025 07:30:19,739.386133659135
03-27-2025 07:35:19,742.265322251632
03-27-2025 07:40:19,744.392862057417
03-27-2025 07:45:19,745.16720245532
03-27-2025 07:50:19,745.920120413417
03-27-2025 07:55:19,747.37085097025
03-27-2025 08:00:19,746.985580401635
03-27-2025 08:05:19,750.250827118545
03-27-2025 08:10:19,751.218139206762
03-27-2025 08:15:19,752.164498466621
03-27-2025 08:20:19,752.144774341952
03-27-2025 08:25:19,752.04939645976
03-27-2025 08:30:19,749.614613199555
03-27-2025 08:35:19,750.464600424379
03-27-2025 08:40:19,751.50788282908
03-27-2025 08:45:19,752.164808793945
03-27-2025 08:50:19,751.372683682827
03-27-2025 08:55:19,750.097593528585
03-27-2025 09:00:19,751.9140566528
03-27-2025 09:05:19,752.067382154501
03-27-2025 09:10:19,750.889044133493
03-27-2025 09:15:19,754.83143928232
03-27-2025 09:20:19,755.854857083293
03-27-2025 09:25:19,755.063157255961
03-27-2025 09:30:19,754.754653749214
03-27-2025 09:35:19,753.963109868494
03-27-2025 09:40:19,754.117178107234
03-27-2025 09:45:19,755.141099894871
03-27-2025 09:50:19,754.90886063653
03-27-2025 09:55:19,753.150985009257
03-27-2025 10:00:19,752.801272875898
03-27-2025 10:05:19,752.665708104419
03-27-2025 10:10:19,752.530202975463
03-27-2025 10:15:19,750.440085410417
03-27-2025 10:20:19,749.0474499257
03-27-2025 10:25:19,748.89074835965
03-27-2025 10:30:19,748.851932745262
03-27-2025 10:35:19,747.727961443858
03-27-2025 10:40:19,747.011998227577
03-27-2025 10:45:19,744.823287609034
03-27-2025 10:50:19,746.311411111704
03-27-2025 10:55:19,743.831704936406
03-27-2025 11:00:19,740.480063792703
03-27-2025 11:05:19,742.83983603361
03-27-2025 11:10:19,740.261839628625
03-27-2025 11:15:19,739.910675795164
03-27-2025 11:20:19,739.247000204576
03-27-2025 11:25:19,736.451394489078
03-27-2025 11:30:19,734.989188848152
03-27-2025 11:35:19,732.511727730121
03-27-2025 11:40:19,728.57677696246
03-27-2025 11:45:19,726.602391563935
03-27-2025 11:50:19,724.723643139354
03-27-2025 11:55:19,721.58080842126
03-27-2025 12:00:19,717.366738855491
03-27-2025 12:05:19,715.190807808557
03-27-2025 12:10:19,712.356614036856
03-27-2025 12:15:19,708.353508345786
03-27-2025 12:20:19,702.960970626054
03-27-2025 12:25:19,699.460970064927
03-27-2025 12:30:19,696.592391292398
03-27-2025 12:35:19,696.229617881031
03-27-2025 12:40:19,693.772983772049
03-27-2025 12:45:19,692.361751502026
03-27-2025 12:50:19,692.022566948223
03-27-2025 12:55:19,688.436702131581
03-27-2025 13:00:19,684.412040782602
03-27-2025 13:05:19,681.672421501776
03-27-2025 13:10:19,680.493653324935
03-27-2025 13:15:19,671.588241525153
03-27-2025 13:20:19,666.712507083728
03-27-2025 13:25:19,661.538594097333
03-27-2025 13:30:19,657.310588644091
03-27-2025 13:35:19,653.17598818741
03-27-2025 13:40:19,649.654385827399
03-27-2025 13:45:19,645.766720392185
03-27-2025 13:50:19,645.339679844898
03-27-2025 13:55:19,642.006750058213
03-27-2025 14:00:19,637.983335035716
03-27-2025 14:05:19,638.339408611066
03-27-2025 14:10:19,635.747894284599
03-27-2025 14:15:19,633.44970605829
03-27-2025 14:20:19,629.841055161418
03-27-2025 14:25:19,628.45578472901
03-27-2025 14:30:19,623.988811453675
03-27-2025 14:35:19,622.798370275399
03-27-2025 14:40:19,620.721530493601
03-27-2025 14:45:19,619.037619368623
03-27-2025 14:50:19,616.498610553218
03-27-2025 14:55:19,612.678508717621
03-27-2025 15:00:19,610.006860092365
03-27-2025 15:05:19,606.31568253494
03-27-2025 15:10:19,601.572394355571
03-27-2025 15:15:19,598.470849181048
03-27-2025 15:20:19,592.181047006268
03-27-2025 15:25:19,587.17091586684
03-27-2025 15:30:19,584.757375426741
03-27-2025 15:35:19,579.843637377097
03-27-2025 15:40:19,577.330483443263
03-27-2025 15:45:19,573.499493509019
03-27-2025 15:50:19,572.464977688184
03-27-2025 15:55:19,569.323042723101
03-27-2025 16:00:19,567.202822138973
03-27-2025 16:05:19,563.467392924186
03-27-2025 16:10:19,561.050302534597
03-27-2025 16:15:19,556.227445126078
03-27-2025 16:20:19,552.550630192385
03-27-2025 16:25:19,550.193186280487
03-27-2025 16:30:19,546.353721720444
03-27-2025 16:35:19,543.044864020997
03-27-2025 16:40:19,540.449553031723
03-27-2025 16:45:19,538.286610891335
03-27-2025 16:50:19,535.293982423639
03-27-2025 16:55:19,533.524893122637
03-27-2025 17:00:19,531.755320979244
03-27-2025 17:05:19,528.85858901636
03-27-2025 17:10:19,526.098744087671
03-27-2025 17:15:19,525.316387479255
03-27-2025 17:20:19,522.654189049884
03-27-2025 17:25:19,521.138880442087
03-27-2025 17:30:19,518.772024726613
03-27-2025 17:35:19,518.245280378598
03-27-2025 17:40:19,517.600336398937
03-27-2025 17:45:19,516.262304445588
03-27-2025 17:50:19,513.339864039285
03-27-2025 17:55:19,513.981938367515
03-27-2025 18:00:19,512.14837069885
03-27-2025 18:05:19,510.908834939383
03-27-2025 18:10:19,511.154912759107
03-27-2025 18:15:19,511.144467457903
03-27-2025 18:20:19,507.923756963078
03-27-2025 18:25:19,508.962390725842
03-27-2025 18:30:19,507.466209721145
03-27-2025 18:35:19,506.523597112346
03-27-2025 18:40:19,505.027453248675
03-27-2025 18:45:19,503.886567676509
03-27-2025 18:50:19,502.250137180608
03-27-2025 18:55:19,501.943050446421
03-27-2025 19:00:19,500.405588305493
03-27-2025 19:05:19,499.5616895654
03-27-2025 19:10:19,497.768225360915
03-27-2025 19:15:19,498.113552630456
03-27-2025 19:20:19,498.797906261836
03-27-2025 19:25:19,496.169898417282
03-27-2025 19:30:19,496.416262741221
03-27-2025 19:35:19,496.266202060126
03-27-2025 19:40:19,495.067450658709
03-27-2025 19:45:19,493.174825436851
03-27-2025 19:50:19,494.3136009799
03-27-2025 19:55:19,494.163664310395
03-27-2025 20:00:19,492.526386494502
03-27-2025 20:05:19,488.806404193482
03-27-2025 20:10:19,489.846336630457
03-27-2025 20:15:19,487.613456751381
03-27-2025 20:20:19,488.058469776476
03-27-2025 20:25:19,485.924447416035
03-27-2025 20:30:19,486.667177342264
03-27-2025 20:35:19,486.120306021571
03-27-2025 20:40:19,484.779640097788
03-27-2025 20:45:19,484.034226152686
03-27-2025 20:50:19,483.784967998814
03-27-2025 20:55:19,483.734243439074
03-27-2025 21:00:19,482.251119447889
03-27-2025 21:05:19,483.533744649235
03-27-2025 21:10:19,482.291973691135
03-27-2025 21:15:19,482.936382770617
03-27-2025 21:20:19,483.084539854581
03-27-2025 21:25:19,483.530684410539
03-27-2025 21:30:19,482.232447048062
03-27-2025 21:35:19,483.274533641223
03-27-2025 21:40:19,483.167982440645
03-27-2025 21:45:19,483.458720433121
03-27-2025 21:50:19,486.530014937135
03-27-2025 21:55:19,485.827880826856
03-27-2025 22:00:19,486.416761154062
03-27-2025 22:05:19,486.168698542291
03-27-2025 22:10:19,486.502424874088
03-27-2025 22:15:19,486.694327901466
03-27-2025 22:20:19,485.198161218225
03-27-2025 22:25:19,486.780459461331
03-27-2025 22:30:19,486.51865015814
03-27-2025 22:35:19,487.306618250546
03-27-2025 22:40:19,488.137097973774
03-27-2025 22:45:19,488.768963711705
03-27-2025 22:50:19,488.167133319874
03-27-2025 22:55:19,491.124515763265
03-27-2025 23:00:19,490.46590527057
03-27-2025 23:05:19,491.239099509598
03-27-2025 23:10:19,491.771566444272
03-27-2025 23:15:19,491.453149720422
03-27-2025 23:20:19,494.110894895957
03-27-2025 23:25:19,492.899705676676
03-27-2025 23:30:19,493.176495931648
03-27-2025 23:35:19,495.09704450736
03-27-2025 23:40:19,496.109302614804
03-27-2025 23:45:19,495.890074648777
03-27-2025 23:50:19,497.19917797067
03-27-2025 23:55:19,497.037472420504
04-12-2025 00:09:00,569.727555919825
04-12-2025 00:19:00,571.746282925832
04-12-2025 00:29:00,573.009298580156
04-12-2025 00:39:00,574.163262929198
04-12-2025 00:49:00,575.242052233749
04-12-2025 00:59:00,575.090545540911
04-12-2025 01:09:00,576.900619644956
04-12-2025 01:19:00,577.372184068453
04-12-2025 01:29:00,576.836600958949
04-12-2025 01:39:00,577.737495591992
04-12-2025 01:49:00,577.705174118243
04-12-2025 01:59:00,577.398675535622
04-12-2025 02:09:00,578.023979020844
04-12-2025 02:19:00,575.883026184795
04-12-2025 02:29:00,577.457736687143
04-12-2025 02:39:00,576.924424817713
04-12-2025 02:49:00,576.492011006021
04-12-2025 02:59:00,577.389733407043
04-12-2025 03:09:00,577.804450484951
04-12-2025 03:19:00,578.145763042387
04-12-2025 03:29:00,576.513906141521
04-12-2025 03:39:00,577.309707971694
04-12-2025 03:49:00,577.977730240137
04-12-2025 03:59:00,578.345534757754
04-12-2025 04:09:00,576.045830880601
04-12-2025 04:19:00,576.840422708849
04-12-2025 04:29:00,576.809724837965
04-12-2025 04:39:00,573.916620950892
04-12-2025 04:49:00,576.775590360876
04-12-2025 04:59:00,575.405533003557
04-12-2025 05:09:00,577.193691435598
04-12-2025 05:19:00,575.8166627266
04-12-2025 05:29:00,576.735166732776
04-12-2025 05:39:00,577.327976529787
04-12-2025 05:49:00,577.595409804482
04-12-2025 05:59:00,575.733370730263
04-12-2025 06:09:00,577.218712249963
04-12-2025 06:19:00,575.701545926907
04-12-2025 06:29:00,576.888211541415
04-12-2025 06:39:00,577.848742697353
04-12-2025 06:49:00,577.872404721867
04-12-2025 06:59:00,577.995069109641
04-12-2025 07:09:00,577.029644700957
04-12-2025 07:19:00,577.449307222409
04-12-2025 07:29:00,577.329477051061
04-12-2025 07:39:00,577.012129189869
04-12-2025 07:49:00,577.701094276308
04-12-2025 07:59:00,576.17216630064
04-12-2025 08:09:00,575.756926928446
04-12-2025 08:19:00,578.966924987095
04-12-2025 08:29:00,575.367248839302
04-12-2025 08:39:00,577.22149319024
04-12-2025 08:49:00,574.959761428001
04-12-2025 08:59:00,575.217404171733
04-12-2025 09:09:00,574.902010064422
04-12-2025 09:19:00,575.007823493197
04-12-2025 09:29:00,574.897978299545
04-12-2025 09:39:00,575.451697749309
04-12-2025 09:49:00,574.697163016849
04-12-2025 09:59:00,574.686190629517
04-12-2025 10:09:00,573.931908648178
04-12-2025 10:19:00,572.863093923782
04-12-2025 10:29:00,573.371894029882
04-12-2025 10:39:00,571.809716719506
04-12-2025 10:49:00,572.713319402584
04-12-2025 10:59:00,572.755905263977
04-12-2025 11:09:00,571.963372431355
04-12-2025 11:19:00,569.886601184109
04-12-2025 11:29:00,571.417642662117
04-12-2025 11:39:00,570.703220508316
04-12-2025 11:49:00,569.988031492248
04-12-2025 11:59:00,569.397451748726
04-12-2025 12:09:00,569.849788168507
04-12-2025 12:19:00,568.042228960623
04-12-2025 12:29:00,566.284905554995
04-12-2025 12:39:00,567.080707200044
04-12-2025 12:49:00,565.545204111564
04-12-2025 12:59:00,566.640443301523
04-12-2025 13:09:00,563.855586080156
04-12-2025 13:19:00,562.487351332678
04-12-2025 13:29:00,561.663287022484
04-12-2025 13:39:00,562.334442512473
04-12-2025 13:49:00,560.585323732906
04-12-2025 13:59:00,561.378594315613
04-12-2025 14:09:00,560.600514940676
04-12-2025 14:19:00,560.06977491444
04-12-2025 14:29:00,560.112589600449
04-12-2025 14:39:00,560.377557002308
04-12-2025 14:49:00,562.641494164708
04-12-2025 14:59:00,561.28152816598
04-12-2025 15:09:00,559.722019992777
04-12-2025 15:19:00,559.661647145468
04-12-2025 15:29:00,561.647386851715
04-12-2025 15:39:00,560.787962271986
04-12-2025 15:49:00,560.801688538321
04-12-2025 15:59:00,559.143819955407
04-12-2025 16:09:00,559.457527164016
04-12-2025 16:19:00,559.198095771954
04-12-2025 16:29:00,558.764965257264
04-12-2025 16:39:00,559.655742655126
04-12-2025 16:49:00,557.077547622443
04-12-2025 16:59:00,556.421992938778
04-12-2025 17:09:00,556.8909684162
04-12-2025 17:19:00,557.686006755586
04-12-2025 17:29:00,557.881812470921
04-12-2025 17:39:00,556.7773772145
04-12-2025 17:49:00,555.746586701821
04-12-2025 17:59:00,555.46729735179
04-12-2025 18:09:00,555.036417362372
04-12-2025 18:19:00,555.532739711535
04-12-2025 18:29:00,554.801130716789
04-12-2025 18:39:00,554.495831204954
04-12-2025 18:49:00,554.967190000209
04-12-2025 18:59:00,554.535986302639
04-12-2025 19:09:00,553.126529622021
04-12-2025 19:19:00,553.824734507306
04-12-2025 19:29:00,554.624084313048
04-12-2025 19:39:00,553.514807854818
04-12-2025 19:49:00,554.088176013928
04-12-2025 19:59:00,552.274142067404
04-12-2025 20:09:00,553.149570272789
04-12-2025 20:19:00,553.119985661114
04-12-2025 20:29:00,553.769463282586
04-12-2025 20:39:00,551.39889656096
04-12-2025 20:49:00,552.55203497691
04-12-2025 20:59:00,548.039620087822
04-12-2025 21:09:00,552.995388324269
04-12-2025 21:19:00,552.71355575363
04-12-2025 21:29:00,552.633285626757
04-12-2025 21:39:00,551.545208670555
04-12-2025 21:49:00,551.943358926982
04-12-2025 21:59:00,553.349731508215
04-12-2025 22:09:00,553.269956404045
04-12-2025 22:19:00,551.072662437253
04-12-2025 22:29:00,551.068003671757
04-12-2025 22:39:00,552.979685224999
04-12-2025 22:49:00,552.672800198431
04-12-2025 22:59:00,552.189889064902
04-12-2025 23:09:00,552.664467012397
04-12-2025 23:19:00,553.971991750845
04-12-2025 23:29:00,555.582520128316
04-12-2025 23:39:00,555.149416126301
04-12-2025 23:49:00,556.330741458021
04-12-2025 23:59:00,557.486051700762
04-13-2025 00:09:00,558.742147208168
04-13-2025 00:19:00,558.888551258633
04-13-2025 00:29:00,560.925026326402
04-13-2025 00:39:00,561.899610693708
04-13-2025 00:49:00,561.690613602567
04-13-2025 00:59:00,562.993391939451
04-13-2025 01:09:00,564.544531363816
04-13-2025 01:19:00,565.013579867815
04-13-2025 01:29:00,564.07307784212
04-13-2025 01:39:00,566.528000681485
04-13-2025 01:49:00,566.741338773317
04-13-2025 01:59:00,566.076538277283
04-13-2025 02:09:00,568.400268633885
04-13-2025 02:19:00,567.206491435607
04-13-2025 02:29:00,568.403596441076
04-13-2025 02:39:00,567.511931620121
04-13-2025 02:49:00,567.022467882002
04-13-2025 02:59:00,567.435954678989
04-13-2025 03:09:00,566.446055251663
04-13-2025 03:19:00,566.358716190235
04-13-2025 03:29:00,566.698724845138
04-13-2025 03:39:00,567.111891858732
04-13-2025 03:49:00,566.351002200443
04-13-2025 03:59:00,567.110663766652
04-13-2025 04:09:00,567.523214326449
04-13-2025 04:19:00,567.309462879791
04-13-2025 04:29:00,567.249198841995
04-13-2025 04:39:00,568.559346829449
04-13-2025 04:49:00,567.601104127921
04-13-2025 04:59:00,566.191755498329
04-13-2025 05:09:00,567.201822966865
04-13-2025 05:19:00,567.215088725443
04-13-2025 05:29:00,566.06043575652
04-13-2025 05:39:00,567.168912949119
04-13-2025 05:49:00,567.056359230873
04-13-2025 05:59:00,566.201884217501
04-13-2025 06:09:00,564.725593417086
04-13-2025 06:19:00,565.95865352101
04-13-2025 06:29:00,564.781744141208
04-13-2025 06:39:00,564.995166141615
04-13-2025 06:49:00,564.811755159463
04-13-2025 06:59:00,564.654916285336
04-13-2025 07:09:00,563.084743610283
04-13-2025 07:19:00,563.622230127821
04-13-2025 07:29:00,563.664319990005
04-13-2025 07:39:00,565.712220945845
04-13-2025 07:49:00,565.159977834579
04-13-2025 07:59:00,565.399443551241
04-13-2025 08:09:00,563.911741787812
04-13-2025 08:19:00,564.573310071542
04-13-2025 08:29:00,561.282065429345
04-13-2025 08:39:00,562.635679548958
04-13-2025 08:49:00,562.138327529117
04-13-2025 08:59:00,562.036233189385
04-13-2025 09:09:00,562.059013446428
04-13-2025 09:19:00,563.115370567823
04-13-2025 09:29:00,561.066072074244
04-13-2025 09:39:00,563.161007416208
04-13-2025 09:49:00,562.914121351139
04-13-2025 09:59:00,559.682374990548
04-13-2025 10:09:00,559.114361002475
04-13-2025 10:19:00,561.582531375629
04-13-2025 10:29:00,559.659770814432
04-13-2025 10:39:00,559.761231416378
04-13-2025 10:49:00,558.752106707909
04-13-2025 10:59:00,559.201201384691
04-13-2025 11:09:00,559.32878648812
04-13-2025 11:19:00,558.00206851278
04-13-2025 11:29:00,558.108239391513
04-13-2025 11:39:00,557.944060900849
04-13-2025 11:49:00,556.077921273835
04-13-2025 11:59:00,557.546566875727
04-13-2025 12:09:00,556.000448994051
04-13-2025 12:19:00,554.52550296752
04-13-2025 12:29:00,554.884071935029
04-13-2025 12:39:00,555.71386970884
04-13-2025 12:49:00,554.856983626115
04-13-2025 12:59:00,553.501944573667
04-13-2025 13:09:00,552.244326077168
04-13-2025 13:19:00,549.989399395033
04-13-2025 13:29:00,547.78026521179
04-13-2025 13:39:00,546.639696023994
04-13-2025 13:49:00,547.86600170765
04-13-2025 13:59:00,547.098441702533
04-13-2025 14:09:00,546.579428471365
04-13-2025 14:19:00,547.532326955616
04-13-2025 14:29:00,547.661860202444
04-13-2025 14:39:00,547.541411027426
04-13-2025 14:49:00,546.671954009729
04-13-2025 14:59:00,547.97319596969
04-13-2025 15:09:00,548.775065815428
04-13-2025 15:19:00,549.052605587453
04-13-2025 15:29:00,547.535411238709
04-13-2025 15:39:00,548.087126744113
04-13-2025 15:49:00,547.26892220419
04-13-2025 15:59:00,547.596162306038
04-13-2025 16:09:00,547.177142372454
04-13-2025 16:19:00,546.857996035413
04-13-2025 16:29:00,544.6489036934
04-13-2025 16:39:00,544.679125946041
04-13-2025 16:49:00,543.217617656568
04-13-2025 16:59:00,540.712028342238
04-13-2025 17:09:00,539.300534534929
04-13-2025 17:19:00,539.630297358429
04-13-2025 17:29:00,540.307428598002
04-13-2025 17:39:00,540.487467394279
04-13-2025 17:49:00,540.542477750678
04-13-2025 17:59:00,539.180329083117
04-13-2025 18:09:00,538.140737355837
04-13-2025 18:19:00,538.817167322584
04-13-2025 18:29:00,539.693275096525
04-13-2025 18:39:00,539.499023714619
04-13-2025 18:49:00,539.404375896527
04-13-2025 18:59:00,538.911020427502
04-13-2025 19:09:00,538.11820224393
04-13-2025 19:19:00,536.526726990998
04-13-2025 19:29:00,535.832343448342
04-13-2025 19:39:00,538.108416725167
04-13-2025 19:49:00,533.99432086697
04-13-2025 19:59:00,534.473231430956
04-13-2025 20:09:00,535.752045016301
04-13-2025 20:19:00,534.732536260443
04-13-2025 20:29:00,534.288239048422
04-13-2025 20:39:00,534.243898474371
04-13-2025 20:49:00,535.600208735056
04-13-2025 20:59:00,534.907371074563
04-13-2025 21:09:00,535.415201435323
04-13-2025 21:19:00,535.647394182548
04-13-2025 21:29:00,535.955450431716
04-13-2025 21:39:00,535.563036101485
04-13-2025 21:49:00,535.070563022795
04-13-2025 21:59:00,534.77832198254
04-13-2025 22:09:00,534.686361487749
04-13-2025 22:19:00,533.869388710284
04-13-2025 22:29:00,534.678639871947
04-13-2025 22:39:00,533.561436638356
04-13-2025 22:49:00,533.321212961949
04-13-2025 22:59:00,533.429872070086
04-13-2025 23:09:00,533.914904751864
04-13-2025 23:19:00,532.397612422147
04-13-2025 23:29:00,534.560588001503
04-13-2025 23:39:00,533.319739862436
04-13-2025 23:49:00,534.581611991815
04-13-2025 23:59:00,534.742399407328
04-14-2025 00:09:00,534.70309580745
04-14-2025 00:19:00,536.164985300812
04-14-2025 00:29:00,536.101332939001
04-14-2025 00:39:00,535.313147834559
04-14-2025 00:49:00,537.725694473583
04-14-2025 00:59:00,539.037342519591
04-14-2025 01:09:00,539.624033487539
04-14-2025 01:19:00,540.909871191142
04-14-2025 01:29:00,540.921221912102
04-14-2025 01:39:00,540.907877715137
04-14-2025 01:49:00,539.996154610086
04-14-2025 01:59:00,539.260073085913
04-14-2025 02:09:00,539.447063254502
04-14-2025 02:19:00,538.262391024911
04-14-2025 02:29:00,536.655136820773
04-14-2025 02:39:00,537.465553731982
04-14-2025 02:49:00,537.155042333699
04-14-2025 02:59:00,537.716878150685
04-14-2025 03:09:00,538.128203169489
04-14-2025 03:19:00,539.634561689239
04-14-2025 03:29:00,538.304330091628
04-14-2025 03:39:00,539.188333911298
04-14-2025 03:49:00,540.445022816389
04-14-2025 03:59:00,539.041351831539
04-14-2025 04:09:00,539.502375206068
04-14-2025 04:19:00,539.391653786792
04-14-2025 04:29:00,540.622169848446
04-14-2025 04:39:00,541.280782960215
04-14-2025 04:49:00,540.549942971764
04-14-2025 04:59:00,538.927196280406
04-14-2025 05:09:00,542.237908249429
04-14-2025 05:19:00,540.046102326142
04-14-2025 05:29:00,542.784266453027
04-14-2025 05:39:00,539.183234743753
04-14-2025 05:49:00,541.79610147298
04-14-2025 05:59:00,539.658282993149
04-14-2025 06:09:00,541.131255952811
04-14-2025 06:19:00,540.774819528789
04-14-2025 06:29:00,540.048103169703
04-14-2025 06:39:00,540.285214696617
04-14-2025 06:49:00,541.410573636598
04-14-2025 06:59:00,542.066239417978
04-14-2025 07:09:00,542.228318734783
04-14-2025 07:19:00,542.686134582439
04-14-2025 07:29:00,541.961046475882
04-14-2025 07:39:00,542.098671042746
04-14-2025 07:49:00,542.162361293516
04-14-2025 07:59:00,544.342529786065
04-14-2025 08:09:00,544.282344883087
04-14-2025 08:19:00,543.411086587708
04-14-2025 08:29:00,543.228781342252
04-14-2025 08:39:00,543.636611469725
04-14-2025 08:49:00,542.692683402251
04-14-2025 08:59:00,542.535506964646
04-14-2025 09:09:00,541.395686735352
04-14-2025 09:19:00,541.926801072004
04-14-2025 09:29:00,541.966603964893
04-14-2025 09:39:00,542.423958390846
04-14-2025 09:49:00,541.137596254035
04-14-2025 09:59:00,541.030212935028
04-14-2025 10:09:00,541.021168529959
04-14-2025 10:19:00,538.67871057585
04-14-2025 10:29:00,536.925514909128
04-14-2025 10:39:00,535.613217750874
04-14-2025 10:49:00,534.374778032386
04-14-2025 10:59:00,533.82421792894
04-14-2025 11:09:00,532.215760675614
04-14-2025 11:19:00,532.69594185154
04-14-2025 11:29:00,531.578469391427
04-14-2025 11:39:00,531.814580260179
04-14-2025 11:49:00,530.476156414313
04-14-2025 11:59:00,535.019502627754
04-14-2025 12:09:00,536.931866522591
04-14-2025 12:19:00,536.5063364977
04-14-2025 12:29:00,536.107097314859
04-14-2025 12:39:00,540.871386043704
04-14-2025 12:49:00,538.82454034748
04-14-2025 12:59:00,536.482020239733
04-14-2025 13:09:00,535.808514271189
04-14-2025 13:19:00,535.477825200944
04-14-2025 13:29:00,533.228402241691
04-14-2025 13:39:00,532.872312777492
04-14-2025 13:49:00,530.718625134648
04-14-2025 13:59:00,530.116758977614
04-14-2025 14:09:00,532.71419909036
04-14-2025 14:19:00,529.34557085095
04-14-2025 14:29:00,527.77871162981
04-14-2025 14:39:00,526.286079233619
04-14-2025 14:49:00,525.385421574622
04-14-2025 14:59:00,525.571482652604
04-14-2025 15:09:00,521.780012559096
04-14-2025 15:19:00,523.50105443125
04-14-2025 15:29:00,522.03514579503
04-14-2025 15:39:00,523.19277079969
04-14-2025 15:49:00,525.542088255611
04-14-2025 15:59:00,522.920469167987
04-14-2025 16:09:00,522.322067559733
04-14-2025 16:19:00,522.171674672989
04-14-2025 16:29:00,522.31779162287
04-14-2025 16:39:00,520.906583007836
04-14-2025 16:49:00,520.035388549297
04-14-2025 16:59:00,520.570263190141
04-14-2025 17:09:00,519.942490824306
04-14-2025 17:19:00,519.831693147192
04-14-2025 17:29:00,519.104713376595
04-14-2025 17:39:00,519.092704235367
04-14-2025 17:49:00,516.584458260059
04-14-2025 17:59:00,517.241888816012
04-14-2025 18:09:00,516.117996365801
04-14-2025 18:19:00,517.392649154062
04-14-2025 18:29:00,516.961652557038
04-14-2025 18:39:00,519.030071867902
04-14-2025 18:49:00,518.59942892104
04-14-2025 18:59:00,517.299379809904
04-14-2025 19:09:00,517.882635419659
04-14-2025 19:19:00,518.542660109393
04-14-2025 19:29:00,518.211028480797
04-14-2025 19:39:00,516.986256995311
04-14-2025 19:49:00,517.448333824381
04-14-2025 19:59:00,516.994428403894
04-14-2025 20:09:00,517.235485700715
04-14-2025 20:19:00,517.553177792921
04-14-2025 20:29:00,517.496649891432
04-14-2025 20:39:00,517.119407286475
04-14-2025 20:49:00,516.742203578045
04-14-2025 20:59:00,518.130162726812
04-14-2025 21:09:00,517.333033744257
04-14-2025 21:19:00,518.797565702334
04-14-2025 21:29:00,518.474367707555
04-14-2025 21:39:00,518.151320064461
04-14-2025 21:49:00,518.64571427148
04-14-2025 21:59:00,516.214946191033
04-14-2025 22:09:00,516.885242310436
04-14-2025 22:19:00,515.845219597806
04-14-2025 22:29:00,517.011856749047
04-14-2025 22:39:00,516.445711969831
04-14-2025 22:49:00,516.299492442037
04-14-2025 22:59:00,515.084850709851
04-14-2025 23:09:00,515.930996365613
04-14-2025 23:19:00,514.000051654508
04-14-2025 23:29:00,514.945456865305
04-14-2025 23:39:00,513.9077800264
04-14-2025 23:49:00,514.434023759943
04-14-2025 23:59:00,515.180917407288
04-20-2025 00:09:00,529.036629597746
04-20-2025 00:19:00,530.25789085533
04-20-2025 00:29:00,530.163148673226
04-20-2025 00:39:00,531.184983119663
04-20-2025 00:49:00,530.692403056166
04-20-2025 00:59:00,533.482182913934
04-20-2025 01:09:00,532.591831771039
04-20-2025 01:19:00,532.276472632438
04-20-2025 01:29:00,535.638021081389
04-20-2025 01:39:00,535.697260209892
04-20-2025 01:49:00,536.176032063269
04-20-2025 01:59:00,537.029359877273
04-20-2025 02:09:00,539.645509787394
04-20-2025 02:19:00,539.780320823715
04-20-2025 02:29:00,540.532406209022
04-20-2025 02:39:00,541.459583242233
04-20-2025 02:49:00,542.241677242541
04-20-2025 02:59:00,541.979804016415
04-20-2025 03:09:00,542.58592010382
04-20-2025 03:19:00,541.412215837039
04-20-2025 03:29:00,543.203884147765
04-20-2025 03:39:00,542.327726448641
04-20-2025 03:49:00,540.784363708676
04-20-2025 03:59:00,542.892570141401
04-20-2025 04:09:00,544.08886380975
04-20-2025 04:19:00,543.828583748134
04-20-2025 04:29:00,539.355580486426
04-20-2025 04:39:00,542.718568583772
04-20-2025 04:49:00,545.215125399359
04-20-2025 04:59:00,544.789192965158
04-20-2025 05:09:00,544.726693067234
04-20-2025 05:19:00,544.981760627763
04-20-2025 05:29:00,544.995150452593
04-20-2025 05:39:00,545.159786343858
04-20-2025 05:49:00,544.999858998416
04-20-2025 05:59:00,544.915739896264
04-20-2025 06:09:00,546.105480412232
04-20-2025 06:19:00,544.770815120739
04-20-2025 06:29:00,546.004916983627
04-20-2025 06:39:00,544.88993665197
04-20-2025 06:49:00,543.633466955761
04-20-2025 06:59:00,543.325136110718
04-20-2025 07:09:00,543.821320667359
04-20-2025 07:19:00,542.85170634723
04-20-2025 07:29:00,544.257858035223
04-20-2025 07:39:00,545.880557509214
04-20-2025 07:49:00,545.399985036161
04-20-2025 07:59:00,544.82219151015
04-20-2025 08:09:00,543.389008948937
04-20-2025 08:19:00,545.10041890075
04-20-2025 08:29:00,545.423562165725
04-20-2025 08:39:00,542.820866996893
04-20-2025 08:49:00,545.679858185903
04-20-2025 08:59:00,545.590766253042
04-20-2025 09:09:00,545.254105221895
04-20-2025 09:19:00,545.187714169775
04-20-2025 09:29:00,544.461553437208
04-20-2025 09:39:00,544.027973601151
04-20-2025 09:49:00,542.642223545634
04-20-2025 09:59:00,543.249885414019
04-20-2025 10:09:00,543.326112356703
04-20-2025 10:19:00,542.764348021021
04-20-2025 10:29:00,541.617494091329
04-20-2025 10:39:00,541.250460381206
04-20-2025 10:49:00,540.688328664572
04-20-2025 10:59:00,540.928385843494
04-20-2025 11:09:00,540.334232996521
04-20-2025 11:19:00,539.6420219031
04-20-2025 11:29:00,537.50597724261
04-20-2025 11:39:00,536.757655864498
04-20-2025 11:49:00,534.031451094625
04-20-2025 11:59:00,533.02967437522
04-20-2025 12:09:00,535.964607740766
04-20-2025 12:19:00,530.462894427726
04-20-2025 12:29:00,534.796334626024
04-20-2025 12:39:00,533.12562137491
04-20-2025 12:49:00,531.375240327568
04-20-2025 12:59:00,523.838937859109
04-20-2025 13:09:00,528.160540738792
04-20-2025 13:19:00,523.818437974294
04-20-2025 13:29:00,525.20946435404
04-20-2025 13:39:00,528.337324736411
04-20-2025 13:49:00,528.803226995164
04-20-2025 13:59:00,529.248599636601
04-20-2025 14:09:00,527.519117530442
04-20-2025 14:19:00,524.95414700287
04-20-2025 14:29:00,524.048577895996
04-20-2025 14:39:00,524.38782083116
04-20-2025 14:49:00,523.992619532099
04-20-2025 14:59:00,521.815275159355
04-20-2025 15:09:00,520.904377438422
04-20-2025 15:19:00,520.785652515313
04-20-2025 15:29:00,518.745195621643
04-20-2025 15:39:00,519.002335179072
04-20-2025 15:49:00,519.041257911468
04-20-2025 15:59:00,517.101214773312
04-20-2025 16:09:00,517.239615443946
04-20-2025 16:19:00,516.211104591992
04-20-2025 16:29:00,515.776403376766
04-20-2025 16:39:00,515.262954557264
04-20-2025 16:49:00,515.738827571434
04-20-2025 16:59:00,515.720188052783
04-20-2025 17:09:00,513.940908745272
04-20-2025 17:19:00,513.566393996852
04-20-2025 17:29:00,513.54819690141
04-20-2025 17:39:00,513.232944616991
04-20-2025 17:49:00,510.856736017374
04-20-2025 17:59:00,511.729538492801
04-20-2025 18:09:00,510.520885012065
04-20-2025 18:19:00,509.410489657417
04-20-2025 18:29:00,507.306926743641
04-20-2025 18:39:00,508.497093101587
04-20-2025 18:49:00,506.670032377528
04-20-2025 18:59:00,506.748655101625
04-20-2025 19:09:00,505.93286069662
04-20-2025 19:19:00,505.414736050593
04-20-2025 19:29:00,505.393579868277
04-20-2025 19:39:00,504.675868966827
04-20-2025 19:49:00,502.563913048998
04-20-2025 19:59:00,502.323553136644
04-20-2025 20:09:00,501.086943446815
04-20-2025 20:19:00,502.060728386447
04-20-2025 20:29:00,501.440221068387
04-20-2025 20:39:00,501.878491258953
04-20-2025 20:49:00,502.53548186105
04-20-2025 20:59:00,502.494463347122
04-20-2025 21:09:00,502.234893580643
04-20-2025 21:19:00,502.075088079927
04-20-2025 21:29:00,503.075517543031
04-20-2025 21:39:00,503.19657619201
04-20-2025 21:49:00,504.197502318788
04-20-2025 21:59:00,504.199964840999
04-20-2025 22:09:00,503.203722298941
04-20-2025 22:19:00,504.885236138722
04-20-2025 22:29:00,505.168541552227
04-20-2025 22:39:00,505.53266634388
04-20-2025 22:49:00,505.716282456536
04-20-2025 22:59:00,505.281647854132
04-20-2025 23:09:00,505.845745242456
04-20-2025 23:19:00,506.509711079909
04-20-2025 23:29:00,506.374971510494
04-20-2025 23:39:00,506.340196947987
04-20-2025 23:49:00,506.386194053792
04-20-2025 23:59:00,507.848759184265
04-21-2025 00:09:00,507.794956990432
04-21-2025 00:19:00,507.3422000766
04-21-2025 00:29:00,507.925807116664
04-21-2025 00:39:00,508.950388825515
04-21-2025 00:49:00,508.298531074909
04-21-2025 00:59:00,509.860193995294
04-21-2025 01:09:00,509.787488094299
04-21-2025 01:19:00,510.91109615796
04-21-2025 01:29:00,512.034302099786
04-21-2025 01:39:00,514.233349942529
04-21-2025 01:49:00,512.9454836538
04-21-2025 01:59:00,516.298178402657
04-21-2025 02:09:00,516.205126269566
04-21-2025 02:19:00,517.286150564195
04-21-2025 02:29:00,517.889231242217
04-21-2025 02:39:00,519.784361692778
04-21-2025 02:49:00,520.7438372538
04-21-2025 02:59:00,520.808774937527
04-21-2025 03:09:00,521.965725347079
04-21-2025 03:19:00,521.931161867055
04-21-2025 03:29:00,523.959036058809
04-21-2025 03:39:00,524.12214698003
04-21-2025 03:49:00,523.769711074964
04-21-2025 03:59:00,523.458274076346
04-21-2025 04:09:00,523.325027335417
04-21-2025 04:19:00,522.974110107637
04-21-2025 04:29:00,524.007809104057
04-21-2025 04:39:00,525.613066058339
04-21-2025 04:49:00,524.591102705142
04-21-2025 04:59:00,524.813001247351
04-21-2025 05:09:00,525.646818929443
04-21-2025 05:19:00,526.245027514527
04-21-2025 05:29:00,526.347320770278
04-21-2025 05:39:00,526.765354720388
04-21-2025 05:49:00,525.964433694586
04-21-2025 05:59:00,526.796394651836
04-21-2025 06:09:00,527.095511937098
04-21-2025 06:19:00,527.966818729031
04-21-2025 06:29:00,527.892704387245
04-21-2025 06:39:00,528.407727843976
04-21-2025 06:49:00,526.649069958346
04-21-2025 06:59:00,527.283018028439
04-21-2025 07:09:00,528.781610072299
04-21-2025 07:19:00,528.103250470796
04-21-2025 07:29:00,527.601236152614
04-21-2025 07:39:00,526.826119904453
04-21-2025 07:49:00,527.793659629243
04-21-2025 07:59:00,529.914517058568
04-21-2025 08:09:00,529.865356847815
04-21-2025 08:19:00,529.79605792487
04-21-2025 08:29:00,529.258245435786
04-21-2025 08:39:00,529.425384107029
04-21-2025 08:49:00,528.888004687069
04-21-2025 08:59:00,528.468809377559
04-21-2025 09:09:00,526.388013398996
04-21-2025 09:19:00,526.946748077615
04-21-2025 09:29:00,528.405240864691
04-21-2025 09:39:00,528.788648048343
04-21-2025 09:49:00,530.051850585118
04-21-2025 09:59:00,529.164782992369
04-21-2025 10:09:00,529.177650851981
04-21-2025 10:19:00,529.483883800386
04-21-2025 10:29:00,528.539356525908
04-21-2025 10:39:00,529.13912154286
04-21-2025 10:49:00,528.899150892275
04-21-2025 10:59:00,529.246096039044
04-21-2025 11:09:00,528.732676624295
04-21-2025 11:19:00,528.239020038835
04-21-2025 11:29:00,528.038811696883
04-21-2025 11:39:00,527.936447717492
04-21-2025 11:49:00,527.28589001877
04-21-2025 11:59:00,527.263074595364
04-21-2025 12:09:00,527.063828873484
04-21-2025 12:19:00,528.554667573278
04-21-2025 12:29:00,527.549250983996
04-21-2025 12:39:00,526.188609513065
04-21-2025 12:49:00,527.583680950738
04-21-2025 12:59:00,525.392050000303
04-21-2025 13:09:00,523.730001615192
04-21-2025 13:19:00,522.440300225897
04-21-2025 13:29:00,523.105156662286
04-21-2025 13:39:00,519.796148653819
04-21-2025 13:49:00,520.91554251774
04-21-2025 13:59:00,520.927774483435
04-21-2025 14:09:00,520.425374128691
04-21-2025 14:19:00,520.219767031382
04-21-2025 14:29:00,518.508200539594
04-21-2025 14:39:00,517.35174023628
04-21-2025 14:49:00,518.653605827851
04-21-2025 14:59:00,518.449609845292
04-21-2025 15:09:00,518.028178958168
04-21-2025 15:19:00,516.913255028293
04-21-2025 15:29:00,516.888595760151
04-21-2025 15:39:00,513.655616450729
04-21-2025 15:49:00,516.187821443898
04-21-2025 15:59:00,514.758026956248
04-21-2025 16:09:00,514.418007021591
04-21-2025 16:19:00,513.899127573198
04-21-2025 16:29:00,513.795339974347
04-21-2025 16:39:00,512.800568188634
04-21-2025 16:49:00,513.012819720343
04-21-2025 16:59:00,512.550785707419
04-21-2025 17:09:00,512.602689889942
04-21-2025 17:19:00,510.988946875974
04-21-2025 17:29:00,510.303465773561
04-21-2025 17:39:00,510.014068436337
04-21-2025 17:49:00,509.327475763734
04-21-2025 17:59:00,508.559406470112
04-21-2025 18:09:00,509.442231992273
04-21-2025 18:19:00,506.866280285054
04-21-2025 18:29:00,506.375724233803
04-21-2025 18:39:00,506.463232346718
04-21-2025 18:49:00,504.361785630789
04-21-2025 18:59:00,504.864928928894
04-21-2025 19:09:00,504.653230784725
04-21-2025 19:19:00,503.96132253045
04-21-2025 19:29:00,505.642996121416
04-21-2025 19:39:00,503.255625231948
04-21-2025 19:49:00,503.042975737822
04-21-2025 19:59:00,504.027856731851
04-21-2025 20:09:00,502.018145486723
04-21-2025 20:19:00,502.985439454226
04-21-2025 20:29:00,502.936277920021
04-21-2025 20:39:00,501.306172686487
04-21-2025 20:49:00,503.65570551019
04-21-2025 20:59:00,503.688745637732
04-21-2025 21:09:00,503.339915208347
04-21-2025 21:19:00,504.555125377442
04-21-2025 21:29:00,505.488747508884
04-21-2025 21:39:00,504.722052442631
04-21-2025 21:49:00,503.154725069191
04-21-2025 21:59:00,504.753068216413
04-21-2025 22:09:00,505.969479857805
04-21-2025 22:19:00,506.085371619566
04-21-2025 22:29:00,507.502415190938
04-21-2025 22:39:00,505.99901395709
04-21-2025 22:49:00,505.915006418024
04-21-2025 22:59:00,505.19428509133
04-21-2025 23:09:00,503.008528734388
04-21-2025 23:19:00,506.591728750185
04-21-2025 23:29:00,506.771993599991
04-21-2025 23:39:00,507.734592585077
04-21-2025 23:49:00,508.415201286283
04-21-2025 23:59:00,509.5776199456
04-22-2025 00:09:00,510.539761812887
04-22-2025 00:19:00,512.183140199769
04-22-2025 00:29:00,511.426644374651
04-22-2025 00:39:00,511.832925966543
04-22-2025 00:49:00,513.993194409894
04-22-2025 00:59:00,512.756460354707
04-22-2025 01:09:00,515.758628711706
04-22-2025 01:19:00,515.102885646617
04-22-2025 01:29:00,516.743160444395
04-22-2025 01:39:00,516.867194520335
04-22-2025 01:49:00,516.910413767539
04-22-2025 01:59:00,518.349928435605
04-22-2025 02:09:00,519.551424309919
04-22-2025 02:19:00,521.288672473153
04-22-2025 02:29:00,522.527038884415
04-22-2025 02:39:00,522.052321685556
04-22-2025 02:49:00,523.431404567286
04-22-2025 02:59:00,522.658542557303
04-22-2025 03:09:00,524.094521904804
04-22-2025 03:19:00,524.794899721088
04-22-2025 03:29:00,524.519986060737
04-22-2025 03:39:00,524.623696440514
04-22-2025 03:49:00,524.25001276052
04-22-2025 03:59:00,523.559558213012
04-22-2025 04:09:00,521.579210549799
04-22-2025 04:19:00,522.199899648957
04-22-2025 04:29:00,522.305230391573
04-22-2025 04:39:00,523.978175704649
04-22-2025 04:49:00,524.163028875596
04-22-2025 04:59:00,525.853148863888
04-22-2025 05:09:00,525.542199780394
04-22-2025 05:19:00,524.736857185442
04-22-2025 05:29:00,526.306807167321
04-22-2025 05:39:00,527.301479261714
04-22-2025 05:49:00,525.626553936588
04-22-2025 05:59:00,526.343848471786
04-22-2025 06:09:00,526.171755647316
04-22-2025 06:19:00,525.171685138426
04-22-2025 06:29:00,527.48983040861
04-22-2025 06:39:00,526.96460862618
04-22-2025 06:49:00,528.135117972794
04-22-2025 06:59:00,528.259423656693
04-22-2025 07:09:00,527.182483655658
04-22-2025 07:19:00,530.045235188408
04-22-2025 07:29:00,531.331057258345
04-22-2025 07:39:00,530.057946141534
04-22-2025 07:49:00,531.048056782311
04-22-2025 07:59:00,530.601633913424
04-22-2025 08:09:00,532.495325745878
04-22-2025 08:19:00,532.304979223476
04-22-2025 08:29:00,531.839731394122
04-22-2025 08:39:00,531.178556615517
04-22-2025 08:49:00,532.893330510679
04-22-2025 08:59:00,532.565794445308
04-22-2025 09:09:00,532.611619927039
04-22-2025 09:19:00,531.715182555409
04-22-2025 09:29:00,532.996983180532
04-22-2025 09:39:00,533.376310829572
04-22-2025 09:49:00,532.401558781944
04-22-2025 09:59:00,532.623676541061
04-22-2025 10:09:00,533.415256339346
04-22-2025 10:19:00,533.225702025215
04-22-2025 10:29:00,532.055013598666
04-22-2025 10:39:00,530.628443784621
04-22-2025 10:49:00,531.576460706776
04-22-2025 10:59:00,529.756661985455
04-22-2025 11:09:00,530.077464426257
04-22-2025 11:19:00,529.847466722632
04-22-2025 11:29:00,529.028015188005
04-22-2025 11:39:00,529.130626225934
04-22-2025 11:49:00,528.072582199532
04-22-2025 11:59:00,527.44483230221
04-22-2025 12:09:00,528.292892542285
04-22-2025 12:19:00,527.584851145082
04-22-2025 12:29:00,526.026140661943
04-22-2025 12:39:00,527.307565286881
04-22-2025 12:49:00,527.721128968201
04-22-2025 12:59:00,526.139444445675
04-22-2025 13:09:00,527.503857411533
04-22-2025 13:19:00,526.098583802972
04-22-2025 13:29:00,527.365765196992
04-22-2025 13:39:00,523.560513124323
04-22-2025 13:49:00,524.095709395702
04-22-2025 13:59:00,523.242247466014
04-22-2025 14:09:00,522.487093968115
04-22-2025 14:19:00,522.786605501343
04-22-2025 14:29:00,521.378639135449
04-22-2025 14:39:00,521.063094012333
04-22-2025 14:49:00,521.487248099821
04-22-2025 14:59:00,520.32105007562
04-22-2025 15:09:00,521.106127537792
04-22-2025 15:19:00,520.9966814897
04-22-2025 15:29:00,521.483663893039
04-22-2025 15:39:00,520.362332851583
04-22-2025 15:49:00,521.228506479625
04-22-2025 15:59:00,520.008508367264
04-22-2025 16:09:00,517.795847760084
04-22-2025 16:19:00,518.184040407293
04-22-2025 16:29:00,516.766821478273
04-22-2025 16:39:00,518.328558527374
04-22-2025 16:49:00,518.139395296942
04-22-2025 16:59:00,518.726420773999
04-22-2025 17:09:00,516.272181547909
04-22-2025 17:19:00,517.328699158334
04-22-2025 17:29:00,516.796544456269
04-22-2025 17:39:00,513.996857627851
04-22-2025 17:49:00,515.270410379032
04-22-2025 17:59:00,514.9362410267
04-22-2025 18:09:00,513.70701258482
04-22-2025 18:19:00,514.764869364054
04-22-2025 18:29:00,514.231503089131
04-22-2025 18:39:00,513.797436048827
04-22-2025 18:49:00,513.679494519162
04-22-2025 18:59:00,513.145567336187
04-22-2025 19:09:00,512.131032138987
04-22-2025 19:19:00,513.073219384278
04-22-2025 19:29:00,512.140344456134
04-22-2025 19:39:00,512.420575062474
04-22-2025 19:49:00,511.170557186361
04-22-2025 19:59:00,511.931759842431
04-22-2025 20:09:00,511.995234847635
04-22-2025 20:19:00,510.744515735767
04-22-2025 20:29:00,511.788086967855
04-22-2025 20:39:00,510.936188459632
04-22-2025 20:49:00,512.761089845857
04-22-2025 20:59:00,512.889789058203
04-22-2025 21:09:00,513.699625222096
04-22-2025 21:19:00,514.028194763374
04-22-2025 21:29:00,514.73847834551
04-22-2025 21:39:00,514.168996359328
04-22-2025 21:49:00,514.662241861897
04-22-2025 21:59:00,514.773982045698
04-22-2025 22:09:00,515.484661318542
04-22-2025 22:19:00,514.099498931784
04-22-2025 22:29:00,515.009989438771
04-22-2025 22:39:00,514.922511924492
04-22-2025 22:49:00,516.015105548026
04-22-2025 22:59:00,514.830056737146
04-22-2025 23:09:00,516.140073254221
04-22-2025 23:19:00,515.753611538384
04-22-2025 23:29:00,516.746700556024
04-22-2025 23:39:00,516.859429966597
04-22-2025 23:49:00,516.056488525436
04-22-2025 23:59:00,517.765937121017
04-23-2025 00:09:00,517.661634294418
04-23-2025 00:19:00,518.672730340553
04-23-2025 00:29:00,518.586405265656
04-23-2025 00:39:00,520.296121003142
04-23-2025 00:49:00,521.307513817309
04-23-2025 00:59:00,521.03992520974
04-23-2025 01:09:00,522.931498015961
04-23-2025 01:19:00,522.745893005022
04-23-2025 01:29:00,524.138568881889
04-23-2025 01:39:00,524.234277470996
04-23-2025 01:49:00,526.724098817125
04-23-2025 01:59:00,525.405145082605
04-23-2025 02:09:00,525.401355524969
04-23-2025 02:19:00,528.252544473077
04-23-2025 02:29:00,529.40798135512
04-23-2025 02:39:00,529.24897482292
04-23-2025 02:49:00,530.901949300925
04-23-2025 02:59:00,532.236739624878
04-23-2025 03:09:00,532.892720665458
04-23-2025 03:19:00,531.576362253522
04-23-2025 03:29:00,533.009979594541
04-23-2025 03:39:00,533.230246245627
04-23-2025 03:49:00,534.065974456467
04-23-2025 03:59:00,534.584250933919
04-23-2025 04:09:00,535.816794457898
04-23-2025 04:19:00,535.241687647966
04-23-2025 04:29:00,535.064412540688
04-23-2025 04:39:00,536.078531912539
04-23-2025 04:49:00,536.893600178205
04-23-2025 04:59:00,536.220573073623
04-23-2025 05:09:00,537.233587549973
04-23-2025 05:19:00,536.443390111343
04-23-2025 05:29:00,536.14936526938
04-23-2025 05:39:00,537.953636346525
04-23-2025 05:49:00,537.777422451762
04-23-2025 05:59:00,537.978318436769
04-23-2025 06:09:00,538.989141452822
04-23-2025 06:19:00,537.39196748242
04-23-2025 06:29:00,539.272522834741
04-23-2025 06:39:00,538.641303334703
04-23-2025 06:49:00,538.663852746657
04-23-2025 06:59:00,539.161025470415
04-23-2025 07:09:00,540.033443655578
04-23-2025 07:19:00,539.150034382636
04-23-2025 07:29:00,539.881694670639
04-23-2025 07:39:00,539.688836992162
04-23-2025 07:49:00,540.045191096617
04-23-2025 07:59:00,540.757415153431
04-23-2025 08:09:00,539.736072806365
04-23-2025 08:19:00,541.174686299424
04-23-2025 08:29:00,541.35685698443
04-23-2025 08:39:00,541.675178905526
04-23-2025 08:49:00,541.619392844159
04-23-2025 08:59:00,540.895140130302
04-23-2025 09:09:00,541.840805046261
04-23-2025 09:19:00,542.393464714244
04-23-2025 09:29:00,542.160781803866
04-23-2025 09:39:00,541.377227798301
04-23-2025 09:49:00,542.696206299853
04-23-2025 09:59:00,542.384841277353
04-23-2025 10:09:00,541.877542456436
04-23-2025 10:19:00,543.645081208822
04-23-2025 10:29:00,542.941844757477
04-23-2025 10:39:00,542.570797148176
04-23-2025 10:49:00,542.279092870806
04-23-2025 10:59:00,542.085598230384
04-23-2025 11:09:00,542.989518630109
04-23-2025 11:19:00,543.305263959193
04-23-2025 11:29:00,543.24777813646
04-23-2025 11:39:00,542.289042317776
04-23-2025 11:49:00,540.681295496321
04-23-2025 11:59:00,540.562986669993
04-23-2025 12:09:00,539.420967688939
04-23-2025 12:19:00,538.90393599572
04-23-2025 12:29:00,538.975774832984
04-23-2025 12:39:00,538.61143776629
04-23-2025 12:49:00,537.655741875629
04-23-2025 12:59:00,537.898949246114
04-23-2025 13:09:00,539.523213233056
04-23-2025 13:19:00,538.78123334583
04-23-2025 13:29:00,539.106077103787
04-23-2025 13:39:00,537.138488807326
04-23-2025 13:49:00,536.714307566959
04-23-2025 13:59:00,536.648832778062
04-23-2025 14:09:00,537.078482274763
04-23-2025 14:19:00,536.697453995841
04-23-2025 14:29:00,536.694241969411
04-23-2025 14:39:00,535.942154617528
04-23-2025 14:49:00,537.829615440334
04-23-2025 14:59:00,540.472464356878
04-23-2025 15:09:00,539.052552632596
04-23-2025 15:19:00,538.289914712493
04-23-2025 15:29:00,537.843408561009
04-23-2025 15:39:00,538.485944340706
04-23-2025 15:49:00,537.347503327649
04-23-2025 15:59:00,536.308864828732
04-23-2025 16:09:00,536.655204943998
04-23-2025 16:19:00,536.013146164438
04-23-2025 16:29:00,536.180250652418
04-23-2025 16:39:00,535.871599170197
04-23-2025 16:49:00,535.087316141355
04-23-2025 16:59:00,534.303276671668
04-23-2025 17:09:00,533.321935775688
04-23-2025 17:19:00,533.265463638742
04-23-2025 17:29:00,533.801791119134
04-23-2025 17:39:00,533.368172764929
04-23-2025 17:49:00,530.876907314448
04-23-2025 17:59:00,530.559217176974
04-23-2025 18:09:00,529.648165097356
04-23-2025 18:19:00,527.928132325593
04-23-2025 18:29:00,529.390121227026
04-23-2025 18:39:00,528.164120457052
04-23-2025 18:49:00,528.043576387666
04-23-2025 18:59:00,527.725058790809
04-23-2025 19:09:00,527.010422594868
04-23-2025 19:19:00,525.981205509385
04-23-2025 19:29:00,526.273581551399
04-23-2025 19:39:00,525.342915984058
04-23-2025 19:49:00,525.006494733299
04-23-2025 19:59:00,525.596180074778
04-23-2025 20:09:00,524.781170140256
04-23-2025 20:19:00,525.5523641645
04-23-2025 20:29:00,524.14192868
04-23-2025 20:39:00,523.705956592133
04-23-2025 20:49:00,524.97362934171
04-23-2025 20:59:00,524.951737285549
04-23-2025 21:09:00,525.12841532461
04-23-2025 21:19:00,525.586004098518
04-23-2025 21:29:00,526.026674264158
04-23-2025 21:39:00,526.583955172992
04-23-2025 21:49:00,525.336540457046
04-23-2025 21:59:00,527.284657036968
04-23-2025 22:09:00,527.147094826801
04-23-2025 22:19:00,529.692442708278
04-23-2025 22:29:00,527.76645546293
04-23-2025 22:39:00,526.851028330728
04-23-2025 22:49:00,527.11121008933
04-23-2025 22:59:00,528.084822940918
04-23-2025 23:09:00,528.444875860867
04-23-2025 23:19:00,528.805102643976
04-23-2025 23:29:00,528.767526679418
04-23-2025 23:39:00,528.929017095546
04-23-2025 23:49:00,527.896304008303
04-23-2025 23:59:00,530.34729124663
04-30-2025 00:09:00,500.883538001569
04-30-2025 00:19:00,503.206017736186
04-30-2025 00:29:00,502.801069299902
04-30-2025 00:39:00,504.704354544567
04-30-2025 00:49:00,504.600266188406
04-30-2025 00:59:00,506.000748469821
04-30-2025 01:09:00,507.083071156674
04-30-2025 01:19:00,508.866386876893
04-30-2025 01:29:00,509.345972217544
04-30-2025 01:39:00,507.705054409685
04-30-2025 01:49:00,508.969051892133
04-30-2025 01:59:00,509.014387292426
04-30-2025 02:09:00,508.376281359247
04-30-2025 02:19:00,510.304930131161
04-30-2025 02:29:00,508.784342960445
04-30-2025 02:39:00,508.04748453278
04-30-2025 02:49:00,507.494491117761
04-30-2025 02:59:00,508.239616820868
04-30-2025 03:09:00,507.903298086697
04-30-2025 03:19:00,508.847186653688
04-30-2025 03:29:00,509.673965608754
04-30-2025 03:39:00,507.644237192277
04-30-2025 03:49:00,508.603677039311
04-30-2025 03:59:00,508.650053767483
04-30-2025 04:09:00,507.519023835532
04-30-2025 04:19:00,507.350827812766
04-30-2025 04:29:00,507.464757399737
04-30-2025 04:39:00,507.445284599319
04-30-2025 04:49:00,507.393294699263
04-30-2025 04:59:00,507.242203956479
04-30-2025 05:09:00,506.579174174412
04-30-2025 05:19:00,505.933115749545
04-30-2025 05:29:00,508.45885587898
04-30-2025 05:39:00,508.407000303338
04-30-2025 05:49:00,507.563279618065
04-30-2025 05:59:00,506.803313920556
04-30-2025 06:09:00,507.642715590902
04-30-2025 06:19:00,507.410156883258
04-30-2025 06:29:00,507.984554608585
04-30-2025 06:39:00,508.213815689298
04-30-2025 06:49:00,505.892221356335
04-30-2025 06:59:00,505.183510135569
04-30-2025 07:09:00,507.205831631531
04-30-2025 07:19:00,506.366929424221
04-30-2025 07:29:00,507.7290937711
04-30-2025 07:39:00,506.398169413509
04-30-2025 07:49:00,506.085033929902
04-30-2025 07:59:00,505.394084553925
04-30-2025 08:09:00,505.754787412522
04-30-2025 08:19:00,506.131072277865
04-30-2025 08:29:00,505.720248495595
04-30-2025 08:39:00,505.309733890062
04-30-2025 08:49:00,505.799971837246
04-30-2025 08:59:00,505.307134450278
04-30-2025 09:09:00,506.076265133909
04-30-2025 09:19:00,505.697598930246
04-30-2025 09:29:00,509.428528605926
04-30-2025 09:39:00,508.149852243628
04-30-2025 09:49:00,506.494817255148
04-30-2025 09:59:00,506.033894108432
04-30-2025 10:09:00,505.361124978328
04-30-2025 10:19:00,504.507785292729
04-30-2025 10:29:00,505.255860907893
04-30-2025 10:39:00,505.006855349099
04-30-2025 10:49:00,503.595341596982
04-30-2025 10:59:00,502.591517294803
04-30-2025 11:09:00,504.631277930321
04-30-2025 11:19:00,503.869691531071
04-30-2025 11:29:00,503.417504084429
04-30-2025 11:39:00,502.768054895239
04-30-2025 11:49:00,499.151629290377
04-30-2025 11:59:00,497.023057323899
04-30-2025 12:09:00,497.413151947373
04-30-2025 12:19:00,497.424182410276
04-30-2025 12:29:00,497.449802120653
04-30-2025 12:39:00,498.265270700377
04-30-2025 12:49:00,497.895673654529
04-30-2025 12:59:00,499.108313167335
04-30-2025 13:09:00,498.227998006226
04-30-2025 13:19:00,498.74861209769
04-30-2025 13:29:00,497.622630246342
04-30-2025 13:39:00,497.457859558831
04-30-2025 13:49:00,498.712815284343
04-30-2025 13:59:00,497.186669527166
04-30-2025 14:09:00,498.542047762229
04-30-2025 14:19:00,498.590457091346
04-30-2025 14:29:00,497.79765279022
04-30-2025 14:39:00,499.194482539069
04-30-2025 14:49:00,498.172110716955
04-30-2025 14:59:00,497.24891136358
04-30-2025 15:09:00,497.575708155637
04-30-2025 15:19:00,497.389760188889
04-30-2025 15:29:00,495.994598893137
04-30-2025 15:39:00,496.804257459401
04-30-2025 15:49:00,495.125904969255
04-30-2025 15:59:00,495.224418986306
04-30-2025 16:09:00,493.461953590952
04-30-2025 16:19:00,494.058135627123
04-30-2025 16:29:00,493.873031524325
04-30-2025 16:39:00,492.395499159683
04-30-2025 16:49:00,491.756359974942
04-30-2025 16:59:00,491.585840839051
04-30-2025 17:09:00,492.55167865694
04-30-2025 17:19:00,492.125378533765
04-30-2025 17:29:00,490.519296563644
04-30-2025 17:39:00,490.816973384348
04-30-2025 17:49:00,491.001052827146
04-30-2025 17:59:00,487.20278506117
04-30-2025 18:09:00,487.698435022784
04-30-2025 18:19:00,486.98503718792
04-30-2025 18:29:00,485.772992869923
04-30-2025 18:39:00,484.261265566319
04-30-2025 18:49:00,484.456901386478
04-30-2025 18:59:00,484.666077708611
04-30-2025 19:09:00,485.773236346005
04-30-2025 19:19:00,483.773406863721
04-30-2025 19:29:00,483.183308585018
04-30-2025 19:39:00,482.59257755594
04-30-2025 19:49:00,482.087829263915
04-30-2025 19:59:00,481.782524173433
04-30-2025 20:09:00,481.676855435908
04-30-2025 20:19:00,482.371113307829
04-30-2025 20:29:00,481.451679810208
04-30-2025 20:39:00,482.332852159674
04-30-2025 20:49:00,481.599693545152
04-30-2025 20:59:00,481.666984798126
04-30-2025 21:09:00,483.13579260246
04-30-2025 21:19:00,482.201883567209
04-30-2025 21:29:00,482.255798760312
04-30-2025 21:39:00,481.521662162548
04-30-2025 21:49:00,481.688727328567
04-30-2025 21:59:00,482.143113722173
04-30-2025 22:09:00,481.194904312258
04-30-2025 22:19:00,481.749386501469
04-30-2025 22:29:00,481.816025259686
04-30-2025 22:39:00,481.982823419565
04-30-2025 22:49:00,482.537373158814
04-30-2025 22:59:00,482.891461360805
04-30-2025 23:09:00,481.641528218678
04-30-2025 23:19:00,481.995469479293
04-30-2025 23:29:00,483.365281646092
04-30-2025 23:39:00,482.302225700408
04-30-2025 23:49:00,484.962623507773
04-30-2025 23:59:00,483.799100614133
05-01-2025 00:09:00,485.256218138327
05-01-2025 00:19:00,485.295999812305
05-01-2025 00:29:00,485.924134986175
05-01-2025 00:39:00,486.465254710368
05-01-2025 00:49:00,487.480839950934
05-01-2025 00:59:00,487.70754874494
05-01-2025 01:09:00,487.633447942463
05-01-2025 01:19:00,490.124763614025
05-01-2025 01:29:00,491.439714887776
05-01-2025 01:39:00,491.738654938511
05-01-2025 01:49:00,492.037474622066
05-01-2025 01:59:00,490.333588255885
05-01-2025 02:09:00,492.734858132358
05-01-2025 02:19:00,492.319011627397
05-01-2025 02:29:00,492.903884339146
05-01-2025 02:39:00,493.074649742822
05-01-2025 02:49:00,493.758926692124
05-01-2025 02:59:00,494.229133026373
05-01-2025 03:09:00,494.599142381371
05-01-2025 03:19:00,494.869075807712
05-01-2025 03:29:00,494.54002068902
05-01-2025 03:39:00,493.612700355876
05-01-2025 03:49:00,494.082364390274
05-01-2025 03:59:00,494.950464421683
05-01-2025 04:09:00,496.700865277739
05-01-2025 04:19:00,493.696593284395
05-01-2025 04:29:00,493.55474763041
05-01-2025 04:39:00,494.195578808693
05-01-2025 04:49:00,494.564747186233
05-01-2025 04:59:00,495.715346798364
05-01-2025 05:09:00,495.984353247856
05-01-2025 05:19:00,496.040831751788
05-01-2025 05:29:00,497.401773769176
05-01-2025 05:39:00,496.167581338174
05-01-2025 05:49:00,496.508033345777
05-01-2025 05:59:00,497.853279818903
05-01-2025 06:09:00,497.32837021961
05-01-2025 06:19:00,495.871659056097
05-01-2025 06:29:00,496.747805209512
05-01-2025 06:39:00,497.101274577311
05-01-2025 06:49:00,497.283985273264
05-01-2025 06:59:00,497.142697915758
05-01-2025 07:09:00,497.410574363405
05-01-2025 07:19:00,496.69034334278
05-01-2025 07:29:00,497.366941179414
05-01-2025 07:39:00,497.042267972391
05-01-2025 07:49:00,495.533688849468
05-01-2025 07:59:00,496.815487222867
05-01-2025 08:09:00,496.294301555947
05-01-2025 08:19:00,496.772903615746
05-01-2025 08:29:00,497.067601927801
05-01-2025 08:39:00,496.784355415725
05-01-2025 08:49:00,495.811441784685
05-01-2025 08:59:00,497.091384833649
05-01-2025 09:09:00,497.215732124208
05-01-2025 09:19:00,496.243215894841
05-01-2025 09:29:00,499.505400087845
05-01-2025 09:39:00,499.432531502982
05-01-2025 09:49:00,497.417288458919
05-01-2025 09:59:00,497.357909920487
05-01-2025 10:09:00,498.086281834524
05-01-2025 10:19:00,497.167254409957
05-01-2025 10:29:00,497.416548288595
05-01-2025 10:39:00,497.567311278627
05-01-2025 10:49:00,497.829924422501
05-01-2025 10:59:00,496.515944712907
05-01-2025 11:09:00,496.200217057112
05-01-2025 11:19:00,497.362988238382
05-01-2025 11:29:00,497.172291278502
05-01-2025 11:39:00,496.303875422451
05-01-2025 11:49:00,496.789984396577
05-01-2025 11:59:00,496.782607053046
05-01-2025 12:09:00,497.124461380853
05-01-2025 12:19:00,497.453237746472
05-01-2025 12:29:00,494.940079058045
05-01-2025 12:39:00,495.604000472936
05-01-2025 12:49:00,495.019971242056
05-01-2025 12:59:00,495.645167317703
05-01-2025 13:09:00,496.919146362138
05-01-2025 13:19:00,494.480537538024
05-01-2025 13:29:00,494.734762791397
05-01-2025 13:39:00,494.777132536033
05-01-2025 13:49:00,494.010248374991
05-01-2025 13:59:00,494.549607433741
05-01-2025 14:09:00,493.083910705566
05-01-2025 14:19:00,494.381302374133
05-01-2025 14:29:00,492.788218308858
05-01-2025 14:39:00,491.579880342825
05-01-2025 14:49:00,492.652396180923
05-01-2025 14:59:00,491.604339906166
05-01-2025 15:09:00,492.239404447983
05-01-2025 15:19:00,491.065922365879
05-01-2025 15:29:00,491.501343463292
05-01-2025 15:39:00,490.514824889193
05-01-2025 15:49:00,491.124246479919
05-01-2025 15:59:00,491.53405191058
05-01-2025 16:09:00,489.563584783125
05-01-2025 16:19:00,489.18852187796
05-01-2025 16:29:00,489.623491404569
05-01-2025 16:39:00,488.56300361004
05-01-2025 16:49:00,490.19421815057
05-01-2025 16:59:00,488.635172651977
05-01-2025 17:09:00,489.194516049338
05-01-2025 17:19:00,486.05191066264
05-01-2025 17:29:00,488.019406776687
05-01-2025 17:39:00,486.508102648304
05-01-2025 17:49:00,487.291248156711
05-01-2025 17:59:00,487.475734765908
05-01-2025 18:09:00,486.461757244924
05-01-2025 18:19:00,486.433874648066
05-01-2025 18:29:00,486.106111794315
05-01-2025 18:39:00,483.979097906537
05-01-2025 18:49:00,484.738018592222
05-01-2025 18:59:00,485.121218902301
05-01-2025 19:09:00,484.39232138134
05-01-2025 19:19:00,483.96308323798
05-01-2025 19:29:00,485.522797806705
05-01-2025 19:39:00,484.70507849557
05-01-2025 19:49:00,484.075051843927
05-01-2025 19:59:00,483.733169125633
05-01-2025 20:09:00,484.893271163472
05-01-2025 20:19:00,484.150589943786
05-01-2025 20:29:00,483.996801429032
05-01-2025 20:39:00,485.056979652524
05-01-2025 20:49:00,483.612360084926
05-01-2025 20:59:00,483.670461907589
05-01-2025 21:09:00,485.420557859707
05-01-2025 21:19:00,484.37613417307
05-01-2025 21:29:00,485.73749954917
05-01-2025 21:39:00,484.881311612652
05-01-2025 21:49:00,484.437828218953
05-01-2025 21:59:00,484.483808743062
05-01-2025 22:09:00,483.526736942906
05-01-2025 22:19:00,483.885178069173
05-01-2025 22:29:00,483.629951536459
05-01-2025 22:39:00,484.767479830418
05-01-2025 22:49:00,486.217828590283
05-01-2025 22:59:00,484.345392746416
05-01-2025 23:09:00,484.792304917526
05-01-2025 23:19:00,485.729142866595
05-01-2025 23:29:00,486.164237193903
05-01-2025 23:39:00,485.483767069849
05-01-2025 23:49:00,486.733276095756
05-01-2025 23:59:00,487.870621597404
05-02-2025 00:09:00,487.490912287625
05-02-2025 00:19:00,487.825434482517
05-02-2025 00:29:00,487.847001157015
05-02-2025 00:39:00,489.172647255201
05-02-2025 00:49:00,489.494981201992
05-02-2025 00:59:00,488.212449710855
05-02-2025 01:09:00,489.148488051765
05-02-2025 01:19:00,490.962957180719
05-02-2025 01:29:00,491.172566780206
05-02-2025 01:39:00,492.685368976317
05-02-2025 01:49:00,491.880141758577
05-02-2025 01:59:00,492.766561880897
05-02-2025 02:09:00,494.566238251936
05-02-2025 02:19:00,493.849166033495
05-02-2025 02:29:00,493.244901399638
05-02-2025 02:39:00,493.329382784396
05-02-2025 02:49:00,493.225921807126
05-02-2025 02:59:00,494.710775619691
05-02-2025 03:09:00,494.194875082902
05-02-2025 03:19:00,494.26690108582
05-02-2025 03:29:00,494.139110541078
05-02-2025 03:39:00,495.222191483936
05-02-2025 03:49:00,495.992775831118
05-02-2025 03:59:00,495.764816924676
05-02-2025 04:09:00,495.225623684355
05-02-2025 04:19:00,495.509077528184
05-02-2025 04:29:00,495.580814148434
05-02-2025 04:39:00,495.341473399728
05-02-2025 04:49:00,496.010892418196
05-02-2025 04:59:00,496.492966101767
05-02-2025 05:09:00,497.957700085213
05-02-2025 05:19:00,497.307750511734
05-02-2025 05:29:00,496.75804298017
05-02-2025 05:39:00,496.432073891641
05-02-2025 05:49:00,496.603062541374
05-02-2025 05:59:00,496.587544140703
05-02-2025 06:09:00,496.448582072662
05-02-2025 06:19:00,497.89702884518
05-02-2025 06:29:00,498.26572531825
05-02-2025 06:39:00,497.444748179545
05-02-2025 06:49:00,497.131998656159
05-02-2025 06:59:00,498.293155789284
05-02-2025 07:09:00,497.857165493752
05-02-2025 07:19:00,497.829606765573
05-02-2025 07:29:00,498.01209183158
05-02-2025 07:39:00,497.984604963912
05-02-2025 07:49:00,497.759499594639
05-02-2025 07:59:00,496.447705337756
05-02-2025 08:09:00,495.654614325574
05-02-2025 08:19:00,495.059451675092
05-02-2025 08:29:00,495.143979202523
05-02-2025 08:39:00,497.313187459633
05-02-2025 08:49:00,497.914398060035
05-02-2025 08:59:00,496.91276040543
05-02-2025 09:09:00,497.415119413373
05-02-2025 09:19:00,497.412246211067
05-02-2025 09:29:00,495.756741722633
05-02-2025 09:39:00,496.641609126059
05-02-2025 09:49:00,495.972508039595
05-02-2025 09:59:00,497.361724272596
05-02-2025 10:09:00,496.988372578058
05-02-2025 10:19:00,496.812163038449
05-02-2025 10:29:00,496.809479201411
05-02-2025 10:39:00,497.421485644203
05-02-2025 10:49:00,499.40059321065
05-02-2025 10:59:00,499.716720516828
05-02-2025 11:09:00,498.062978150703
05-02-2025 11:19:00,497.654365884209
05-02-2025 11:29:00,498.155529016492
05-02-2025 11:39:00,499.062117175228
05-02-2025 11:49:00,498.972407049272
05-02-2025 11:59:00,498.587512371707
05-02-2025 12:09:00,497.624135832111
05-02-2025 12:19:00,498.13671280832
05-02-2025 12:29:00,498.550805614278
05-02-2025 12:39:00,498.779850548239
05-02-2025 12:49:00,498.51695040687
05-02-2025 12:59:00,498.745909024409
05-02-2025 13:09:00,499.466726400857
05-02-2025 13:19:00,497.762983541529
05-02-2025 13:29:00,498.258819549951
05-02-2025 13:39:00,496.895093289053
05-02-2025 13:49:00,497.390682133114
05-02-2025 13:59:00,496.616339553322
05-02-2025 14:09:00,498.13353044132
05-02-2025 14:19:00,497.085197190959
05-02-2025 14:29:00,497.999861333074
05-02-2025 14:39:00,494.34450324575
05-02-2025 14:49:00,496.224240183188
05-02-2025 14:59:00,493.432213166894
05-02-2025 15:09:00,494.003245585867
05-02-2025 15:19:00,494.441472649952
05-02-2025 15:29:00,495.386044184791
05-02-2025 15:39:00,494.415680461285
05-02-2025 15:49:00,494.633180556242
05-02-2025 15:59:00,496.114357377064
05-02-2025 16:09:00,495.418379551897
05-02-2025 16:19:00,496.217767832962
05-02-2025 16:29:00,494.225246134726
05-02-2025 16:39:00,494.507614818787
05-02-2025 16:49:00,493.033330325374
05-02-2025 16:59:00,493.645888622483
05-02-2025 17:09:00,494.455966195928
05-02-2025 17:19:00,493.882526078648
05-02-2025 17:29:00,494.110750897669
05-02-2025 17:39:00,492.670170878146
05-02-2025 17:49:00,492.21757345973
05-02-2025 17:59:00,494.136892063109
05-02-2025 18:09:00,493.486525090694
05-02-2025 18:19:00,493.1435851888
05-02-2025 18:29:00,492.31704396886
05-02-2025 18:39:00,492.369195850671
05-02-2025 18:49:00,491.739784118125
05-02-2025 18:59:00,492.187437902894
05-02-2025 19:09:00,492.844034896655
05-02-2025 19:19:00,492.719917656754
05-02-2025 19:29:00,492.177673542748
05-02-2025 19:39:00,491.150864943626
05-02-2025 19:49:00,491.103218266583
05-02-2025 19:59:00,492.552355900854
05-02-2025 20:09:00,491.712028049938
05-02-2025 20:19:00,489.395428761345
05-02-2025 20:29:00,490.437513484552
05-02-2025 20:39:00,489.982012672216
05-02-2025 20:49:00,489.526375236001
05-02-2025 20:59:00,488.982025768848
05-02-2025 21:09:00,489.03247158889
05-02-2025 21:19:00,489.369832665357
05-02-2025 21:29:00,489.607992514325
05-02-2025 21:39:00,489.449328940741
05-02-2025 21:49:00,488.992954047777
05-02-2025 21:59:00,488.228335117812
05-02-2025 22:09:00,487.57327810382
05-02-2025 22:19:00,488.29673155125
05-02-2025 22:29:00,489.119357185989
05-02-2025 22:39:00,488.850570861814
05-02-2025 22:49:00,489.276248798057
05-02-2025 22:59:00,489.712402080469
05-02-2025 23:09:00,489.443454503703
05-02-2025 23:19:00,490.365143248825
05-02-2025 23:29:00,491.386012125744
05-02-2025 23:39:00,492.615995311773
05-02-2025 23:49:00,492.357524133867
05-02-2025 23:59:00,492.198195058397
05-08-2025 00:09:00,537.718653207128
05-08-2025 00:19:00,539.087592265297
05-08-2025 00:29:00,538.243741932187
05-08-2025 00:39:00,537.586341442984
05-08-2025 00:49:00,538.348888623149
05-08-2025 00:59:00,538.88526705443
05-08-2025 01:09:00,537.92663288842
05-08-2025 01:19:00,538.160924089874
05-08-2025 01:29:00,537.791584360986
05-08-2025 01:39:00,538.242644806646
05-08-2025 01:49:00,538.576996936934
05-08-2025 01:59:00,538.918935581634
05-08-2025 02:09:00,538.951602846267
05-08-2025 02:19:00,539.802414566606
05-08-2025 02:29:00,539.726434923208
05-08-2025 02:39:00,539.566404418654
05-08-2025 02:49:00,539.290710393287
05-08-2025 02:59:00,538.331085195725
05-08-2025 03:09:00,537.86468189593
05-08-2025 03:19:00,538.497807895407
05-08-2025 03:29:00,538.539007281688
05-08-2025 03:39:00,535.778752434318
05-08-2025 03:49:00,538.705619748938
05-08-2025 03:59:00,539.038000659451
05-08-2025 04:09:00,538.895440940453
05-08-2025 04:19:00,538.538427468389
05-08-2025 04:29:00,538.778844558603
05-08-2025 04:39:00,538.315296099163
05-08-2025 04:49:00,537.967089413133
05-08-2025 04:59:00,539.391780606359
05-08-2025 05:09:00,539.646947916249
05-08-2025 05:19:00,538.413356343447
05-08-2025 05:29:00,537.577583298632
05-08-2025 05:39:00,539.114658253041
05-08-2025 05:49:00,538.470012641277
05-08-2025 05:59:00,538.427984164181
05-08-2025 06:09:00,538.386022148893
05-08-2025 06:19:00,536.661372837708
05-08-2025 06:29:00,536.414904972025
05-08-2025 06:39:00,538.252979152799
05-08-2025 06:49:00,536.523284718738
05-08-2025 06:59:00,537.675579125202
05-08-2025 07:09:00,538.128125686648
05-08-2025 07:19:00,538.580344057632
05-08-2025 07:29:00,538.136427855425
05-08-2025 07:39:00,539.286472839909
05-08-2025 07:49:00,538.258440512015
05-08-2025 07:59:00,537.928789043823
05-08-2025 08:09:00,537.402243671674
05-08-2025 08:19:00,538.164370592597
05-08-2025 08:29:00,538.032091819439
05-08-2025 08:39:00,537.604491457255
05-08-2025 08:49:00,536.790713152432
05-08-2025 08:59:00,537.35530629929
05-08-2025 09:09:00,537.03399784914
05-08-2025 09:19:00,538.680451899658
05-08-2025 09:29:00,538.457341398275
05-08-2025 09:39:00,536.577153810385
05-08-2025 09:49:00,536.565722006179
05-08-2025 09:59:00,535.669261927862
05-08-2025 10:09:00,534.794150288284
05-08-2025 10:19:00,535.773315872486
05-08-2025 10:29:00,535.867295943982
05-08-2025 10:39:00,535.771669580081
05-08-2025 10:49:00,535.683091634669
05-08-2025 10:59:00,535.587304267411
05-08-2025 11:09:00,535.793725464577
05-08-2025 11:19:00,535.515170476296
05-08-2025 11:29:00,536.129514031543
05-08-2025 11:39:00,536.455853675099
05-08-2025 11:49:00,535.107341967338
05-08-2025 11:59:00,535.637516311633
05-08-2025 12:09:00,534.392848431642
05-08-2025 12:19:00,534.457487956028
05-08-2025 12:29:00,534.028136555264
05-08-2025 12:39:00,533.795626112788
05-08-2025 12:49:00,533.56255204815
05-08-2025 12:59:00,533.018144205457
05-08-2025 13:09:00,533.080984487386
05-08-2025 13:19:00,533.837851266775
05-08-2025 13:29:00,532.405673138801
05-08-2025 13:39:00,532.063582386203
05-08-2025 13:49:00,532.012178176095
05-08-2025 13:59:00,532.265618256842
05-08-2025 14:09:00,531.119416967294
05-08-2025 14:19:00,532.85217302327
05-08-2025 14:29:00,531.299464938346
05-08-2025 14:39:00,531.724814861569
05-08-2025 14:49:00,531.459226999792
05-08-2025 14:59:00,532.782456324935
05-08-2025 15:09:00,530.215112512161
05-08-2025 15:19:00,531.239202519778
05-08-2025 15:29:00,531.265369968683
05-08-2025 15:39:00,529.699521211512
05-08-2025 15:49:00,529.325041206729
05-08-2025 15:59:00,531.069873911431
05-08-2025 16:09:00,529.694730579009
05-08-2025 16:19:00,530.433543548842
05-08-2025 16:29:00,528.668800896706
05-08-2025 16:39:00,530.409838615638
05-08-2025 16:49:00,530.354160683485
05-08-2025 16:59:00,529.802976812878
05-08-2025 17:09:00,530.55650090834
05-08-2025 17:19:00,529.608750244797
05-08-2025 17:29:00,530.362931285098
05-08-2025 17:39:00,530.614706473273
05-08-2025 17:49:00,530.56445271916
05-08-2025 17:59:00,530.003367807699
05-08-2025 18:09:00,531.364557051913
05-08-2025 18:19:00,529.988819052327
05-08-2025 18:29:00,529.728779383622
05-08-2025 18:39:00,530.472385460177
05-08-2025 18:49:00,528.897383742851
05-08-2025 18:59:00,530.754145617317
05-08-2025 19:09:00,529.67686884901
05-08-2025 19:19:00,528.490551791362
05-08-2025 19:29:00,530.343174279154
05-08-2025 19:39:00,529.770553933822
05-08-2025 19:49:00,529.596521280015
05-08-2025 19:59:00,530.119726345474
05-08-2025 20:09:00,529.221953097161
05-08-2025 20:19:00,529.84672094253
05-08-2025 20:29:00,529.354391723901
05-08-2025 20:39:00,529.566537286911
05-08-2025 20:49:00,528.559113444306
05-08-2025 20:59:00,530.187745580932
05-08-2025 21:09:00,528.868539753426
05-08-2025 21:19:00,529.074060511166
05-08-2025 21:29:00,529.788069995864
05-08-2025 21:39:00,528.970187481523
05-08-2025 21:49:00,529.162940011353
05-08-2025 21:59:00,530.073994913431
05-08-2025 22:09:00,528.543767330949
05-08-2025 22:19:00,528.5329592543
05-08-2025 22:29:00,529.132451510585
05-08-2025 22:39:00,530.145168329475
05-08-2025 22:49:00,530.13422242687
05-08-2025 22:59:00,529.913430178268
05-08-2025 23:09:00,530.40465487256
05-08-2025 23:19:00,530.488941793715
05-08-2025 23:29:00,529.441947922426
05-08-2025 23:39:00,530.536626441273
05-08-2025 23:49:00,531.421214727669
05-08-2025 23:59:00,530.476290653142
05-09-2025 00:09:00,530.750918501793
05-09-2025 00:19:00,533.050196625513
05-09-2025 00:29:00,532.30226698785
05-09-2025 00:39:00,532.157354000539
05-09-2025 00:49:00,532.114031200005
05-09-2025 00:59:00,532.679170235784
05-09-2025 01:09:00,533.149003654087
05-09-2025 01:19:00,533.206734200938
05-09-2025 01:29:00,533.365731327439
05-09-2025 01:39:00,531.499791535566
05-09-2025 01:49:00,533.164533450696
05-09-2025 01:59:00,532.299277986774
05-09-2025 02:09:00,533.456439415173
05-09-2025 02:19:00,533.501220988754
05-09-2025 02:29:00,532.839338512578
05-09-2025 02:39:00,532.689098901745
05-09-2025 02:49:00,533.642032532081
05-09-2025 02:59:00,533.491656296835
05-09-2025 03:09:00,532.327700892413
05-09-2025 03:19:00,532.373318414783
05-09-2025 03:29:00,534.833949414603
05-09-2025 03:39:00,532.967414524146
05-09-2025 03:49:00,534.526856847463
05-09-2025 03:59:00,535.977822931652
05-09-2025 04:09:00,534.11383193735
05-09-2025 04:19:00,534.258976784017
05-09-2025 04:29:00,533.802267066679
05-09-2025 04:39:00,534.467811662322
05-09-2025 04:49:00,534.906911138837
05-09-2025 04:59:00,533.849871034671
05-09-2025 05:09:00,534.908520827447
05-09-2025 05:19:00,535.25316986463
05-09-2025 05:29:00,534.997583898873
05-09-2025 05:39:00,534.948541104687
05-09-2025 05:49:00,534.181566168275
05-09-2025 05:59:00,534.13308427643
05-09-2025 06:09:00,534.072211708467
05-09-2025 06:19:00,534.516183720512
05-09-2025 06:29:00,534.853793966796
05-09-2025 06:39:00,533.411157357518
05-09-2025 06:49:00,535.049235864982
05-09-2025 06:59:00,535.50448950205
05-09-2025 07:09:00,534.946200695438
05-09-2025 07:19:00,534.401081065933
05-09-2025 07:29:00,535.5450814587
05-09-2025 07:39:00,536.396519069431
05-09-2025 07:49:00,535.256128370271
05-09-2025 07:59:00,534.61900240924
05-09-2025 08:09:00,535.277704454237
05-09-2025 08:19:00,534.554241859827
05-09-2025 08:29:00,534.803849667117
05-09-2025 08:39:00,533.68475065957
05-09-2025 08:49:00,535.141456446728
05-09-2025 08:59:00,533.818707984603
05-09-2025 09:09:00,533.498709592434
05-09-2025 09:19:00,534.873794202929
05-09-2025 09:29:00,535.357823737929
05-09-2025 09:39:00,533.36677701115
05-09-2025 09:49:00,533.961777739024
05-09-2025 09:59:00,534.061732542076
05-09-2025 10:09:00,534.161648042869
05-09-2025 10:19:00,533.760206272133
05-09-2025 10:29:00,534.361361145074
05-09-2025 10:39:00,533.761501684958
05-09-2025 10:49:00,533.762042859922
05-09-2025 10:59:00,532.287415836263
05-09-2025 11:09:00,533.290938084081
05-09-2025 11:19:00,532.818782764876
05-09-2025 11:29:00,533.338676579304
05-09-2025 11:39:00,533.064456966036
05-09-2025 11:49:00,532.789846187671
05-09-2025 11:59:00,533.608313757455
05-09-2025 12:09:00,532.052148569798
05-09-2025 12:19:00,532.402465556356
05-09-2025 12:29:00,531.750966041945
05-09-2025 12:39:00,533.016386564218
05-09-2025 12:49:00,531.887710627532
05-09-2025 12:59:00,532.538293901192
05-09-2025 13:09:00,531.083269392779
05-09-2025 13:19:00,532.24607711375
05-09-2025 13:29:00,532.290996090625
05-09-2025 13:39:00,530.719648124986
05-09-2025 13:49:00,532.56960278316
05-09-2025 13:59:00,532.301401354157
05-09-2025 14:09:00,531.133949190157
05-09-2025 14:19:00,531.869807777615
05-09-2025 14:29:00,532.198147122177
05-09-2025 14:39:00,531.005111451106
05-09-2025 14:49:00,531.523012504827
05-09-2025 14:59:00,530.115805444791
05-09-2025 15:09:00,531.837003421443
05-09-2025 15:19:00,530.227315968699
05-09-2025 15:29:00,530.733842250268
05-09-2025 15:39:00,529.935198186459
05-09-2025 15:49:00,529.348715994909
05-09-2025 15:59:00,530.270124250234
05-09-2025 16:09:00,530.288948454574
05-09-2025 16:19:00,530.010109835959
05-09-2025 16:29:00,529.63522844967
05-09-2025 16:39:00,529.254216765142
05-09-2025 16:49:00,528.371909326446
05-09-2025 16:59:00,528.816072756608
05-09-2025 17:09:00,528.849739275619
05-09-2025 17:19:00,528.48824181098
05-09-2025 17:29:00,528.724481814716
05-09-2025 17:39:00,527.345407541817
05-09-2025 17:49:00,528.19655839315
05-09-2025 17:59:00,528.743476118677
05-09-2025 18:09:00,528.266734015651
05-09-2025 18:19:00,528.095015549589
05-09-2025 18:29:00,528.22362994204
05-09-2025 18:39:00,528.05130540234
05-09-2025 18:49:00,528.281928639148
05-09-2025 18:59:00,528.308211557843
05-09-2025 19:09:00,527.822813813245
05-09-2025 19:19:00,528.252679501475
05-09-2025 19:29:00,528.170749379748
05-09-2025 19:39:00,527.878288695345
05-09-2025 19:49:00,526.970218009861
05-09-2025 19:59:00,525.953388535412
05-09-2025 20:09:00,527.398407674461
05-09-2025 20:19:00,528.228554001487
05-09-2025 20:29:00,529.464660497233
05-09-2025 20:39:00,529.1551851588
05-09-2025 20:49:00,528.537236909961
05-09-2025 20:59:00,527.918895662516
05-09-2025 21:09:00,528.420289441077
05-09-2025 21:19:00,528.515872973983
05-09-2025 21:29:00,527.578061430873
05-09-2025 21:39:00,528.69629056346
05-09-2025 21:49:00,528.781121094302
05-09-2025 21:59:00,529.899435399348
05-09-2025 22:09:00,528.44713455806
05-09-2025 22:19:00,528.320920128646
05-09-2025 22:29:00,529.839700376352
05-09-2025 22:39:00,528.58775031182
05-09-2025 22:49:00,528.667059103848
05-09-2025 22:59:00,529.15221293767
05-09-2025 23:09:00,529.12862536334
05-09-2025 23:19:00,530.23011381269
05-09-2025 23:29:00,530.092938522458
05-09-2025 23:39:00,531.701907320902
05-09-2025 23:49:00,528.586570395053
05-09-2025 23:59:00,531.815793668913
05-10-2025 00:09:00,531.88362891923
05-10-2025 00:19:00,531.535706421771
05-10-2025 00:29:00,531.490210394573
05-10-2025 00:39:00,531.547259487661
05-10-2025 00:49:00,532.111036582322
05-10-2025 00:59:00,532.060018125395
05-10-2025 01:09:00,532.009090317426
05-10-2025 01:19:00,531.748311373749
05-10-2025 01:29:00,532.106555285625
05-10-2025 01:39:00,531.432120662942
05-10-2025 01:49:00,532.193213269036
05-10-2025 01:59:00,532.749414282424
05-10-2025 02:09:00,533.412474857871
05-10-2025 02:19:00,532.13283369898
05-10-2025 02:29:00,532.1629283659
05-10-2025 02:39:00,532.723386880592
05-10-2025 02:49:00,532.249916708518
05-10-2025 02:59:00,533.414313201653
05-10-2025 03:09:00,531.529461516593
05-10-2025 03:19:00,531.672377203694
05-10-2025 03:29:00,532.429275420134
05-10-2025 03:39:00,533.281404870041
05-10-2025 03:49:00,532.905733859372
05-10-2025 03:59:00,533.958960441246
05-10-2025 04:09:00,532.784646591697
05-10-2025 04:19:00,533.325746125712
05-10-2025 04:29:00,532.962026751125
05-10-2025 04:39:00,532.896530180644
05-10-2025 04:49:00,532.236205271864
05-10-2025 04:59:00,533.270210181682
05-10-2025 05:09:00,532.913086568095
05-10-2025 05:19:00,534.45392879519
05-10-2025 05:29:00,533.593580511267
05-10-2025 05:39:00,533.7241824828
05-10-2025 05:49:00,533.960421279126
05-10-2025 05:59:00,533.49355712614
05-10-2025 06:09:00,533.127782753305
05-10-2025 06:19:00,533.670181061795
05-10-2025 06:29:00,533.315316163629
05-10-2025 06:39:00,533.345954824867
05-10-2025 06:49:00,534.587766801394
05-10-2025 06:59:00,534.63330885137
05-10-2025 07:09:00,533.973980450114
05-10-2025 07:19:00,533.830518275751
05-10-2025 07:29:00,534.680578110075
05-10-2025 07:39:00,534.531785807286
05-10-2025 07:49:00,534.887210712513
05-10-2025 07:59:00,535.048169220707
05-10-2025 08:09:00,534.715737113919
05-10-2025 08:19:00,534.782206991814
05-10-2025 08:29:00,533.647581276905
05-10-2025 08:39:00,535.313592567901
05-10-2025 08:49:00,535.290705269887
05-10-2025 08:59:00,534.570436673413
05-10-2025 09:09:00,534.642002330337
05-10-2025 09:19:00,534.624248817155
05-10-2025 09:29:00,534.506846018273
05-10-2025 09:39:00,534.892595341215
05-10-2025 09:49:00,535.870845693083
05-10-2025 09:59:00,534.867069933107
05-10-2025 10:09:00,535.756179220336
05-10-2025 10:19:00,536.346518506227
05-10-2025 10:29:00,535.342126510258
05-10-2025 10:39:00,535.727864754821
05-10-2025 10:49:00,535.420914618117
05-10-2025 10:59:00,534.415767877465
05-10-2025 11:09:00,535.514975136551
05-10-2025 11:19:00,535.018273579758
05-10-2025 11:29:00,535.434929753483
05-10-2025 11:39:00,535.247420659731
05-10-2025 11:49:00,535.064718503178
05-10-2025 11:59:00,536.581675025837
05-10-2025 12:09:00,534.708438742377
05-10-2025 12:19:00,534.544907792535
05-10-2025 12:29:00,534.380898320569
05-10-2025 12:39:00,534.126113177638
05-10-2025 12:49:00,534.262360272676
05-10-2025 12:59:00,532.392831552061
05-10-2025 13:09:00,534.434396097566
05-10-2025 13:19:00,535.190315194532
05-10-2025 13:29:00,534.414757195167
05-10-2025 13:39:00,535.040245133359
05-10-2025 13:49:00,534.162121328533
05-10-2025 13:59:00,534.090806416207
05-10-2025 14:09:00,535.525983671383
05-10-2025 14:19:00,533.724999357591
05-10-2025 14:29:00,533.845264834493
05-10-2025 14:39:00,534.365793321797
05-10-2025 14:49:00,534.16723798497
05-10-2025 14:59:00,533.760676906398
05-10-2025 15:09:00,534.570744372385
05-10-2025 15:19:00,534.05247662095
05-10-2025 15:29:00,533.848202215819
05-10-2025 15:39:00,534.562185694638
05-10-2025 15:49:00,534.662351203891
05-10-2025 15:59:00,533.040594425341
05-10-2025 16:09:00,533.861296037035
05-10-2025 16:19:00,533.777374752914
05-10-2025 16:29:00,533.276388881771
05-10-2025 16:39:00,533.293518860382
05-10-2025 16:49:00,533.524057581407
05-10-2025 16:59:00,533.249743975391
05-10-2025 17:09:00,532.863008045875
05-10-2025 17:19:00,533.190538883796
05-10-2025 17:29:00,532.909903997004
05-10-2025 17:39:00,532.838069980919
05-10-2025 17:49:00,532.458677365677
05-10-2025 17:59:00,532.478868746275
05-10-2025 18:09:00,531.370703645104
05-10-2025 18:19:00,532.010380566927
05-10-2025 18:29:00,531.301350618042
05-10-2025 18:39:00,531.530359272519
05-10-2025 18:49:00,532.06821603056
05-10-2025 18:59:00,532.180709388906
05-10-2025 19:09:00,532.194932416411
05-10-2025 19:19:00,531.693636663609
05-10-2025 19:29:00,532.841867603451
05-10-2025 19:39:00,532.536960647055
05-10-2025 19:49:00,532.541375220564
05-10-2025 19:59:00,532.231049466608
05-10-2025 20:09:00,532.540369866528
05-10-2025 20:19:00,532.328228081356
05-10-2025 20:29:00,532.115848774613
05-10-2025 20:39:00,531.795130253077
05-10-2025 20:49:00,531.474168381011
05-10-2025 20:59:00,532.596998257239
05-10-2025 21:09:00,532.577022311864
05-10-2025 21:19:00,531.827908505739
05-10-2025 21:29:00,532.014742648824
05-10-2025 21:39:00,532.71434768288
05-10-2025 21:49:00,533.823085663095
05-10-2025 21:59:00,532.659869709494
05-10-2025 22:09:00,532.319820703986
05-10-2025 22:19:00,532.915675665553
05-10-2025 22:29:00,533.393838387367
05-10-2025 22:39:00,532.842208738039
05-10-2025 22:49:00,533.433004977536
05-10-2025 22:59:00,534.014163516855
05-10-2025 23:09:00,534.078176432194
05-10-2025 23:19:00,534.142153323709
05-10-2025 23:29:00,534.206094186048
05-10-2025 23:39:00,535.504663170385
05-10-2025 23:49:00,535.047132729313
05-10-2025 23:59:00,534.693131223067
05-12-2025 00:09:00,539.870427542882
05-12-2025 00:19:00,539.93794356427
05-12-2025 00:29:00,538.87558900951
05-12-2025 00:39:00,540.06437796081
05-12-2025 00:49:00,539.108371170421
05-12-2025 00:59:00,540.190650870899
05-12-2025 01:09:00,539.841999058257
05-12-2025 01:19:00,540.308305939343
05-12-2025 01:29:00,540.057405508617
05-12-2025 01:39:00,540.31979966473
05-12-2025 01:49:00,540.785587925523
05-12-2025 01:59:00,539.212216814005
05-12-2025 02:09:00,540.084828869509
05-12-2025 02:19:00,540.643530854559
05-12-2025 02:29:00,540.901144280954
05-12-2025 02:39:00,540.439038543957
05-12-2025 02:49:00,541.606197460917
05-12-2025 02:59:00,540.746626984679
05-12-2025 03:09:00,541.096886546966
05-12-2025 03:19:00,541.256664023016
05-12-2025 03:29:00,540.288476046096
05-12-2025 03:39:00,541.149450943451
05-12-2025 03:49:00,541.093856882657
05-12-2025 03:59:00,541.143763044577
05-12-2025 04:09:00,540.683466327837
05-12-2025 04:19:00,540.830552447298
05-12-2025 04:29:00,541.491393488263
05-12-2025 04:39:00,541.233730957153
05-12-2025 04:49:00,542.293827104545
05-12-2025 04:59:00,541.724756738711
05-12-2025 05:09:00,541.568374227863
05-12-2025 05:19:00,541.416308274107
05-12-2025 05:29:00,541.663548971437
05-12-2025 05:39:00,541.813956668972
05-12-2025 05:49:00,540.453159098734
05-12-2025 05:59:00,541.103375686197
05-12-2025 06:09:00,541.652342286983
05-12-2025 06:19:00,542.104355414149
05-12-2025 06:29:00,541.445767963775
05-12-2025 06:39:00,541.993880891674
05-12-2025 06:49:00,540.938253448254
05-12-2025 06:59:00,541.686995439623
05-12-2025 07:09:00,541.636191746624
05-12-2025 07:19:00,541.184114821222
05-12-2025 07:29:00,541.330131562573
05-12-2025 07:39:00,541.881040072944
05-12-2025 07:49:00,542.439733857315
05-12-2025 07:59:00,541.887896451774
05-12-2025 08:09:00,541.140233227198
05-12-2025 08:19:00,542.199159813909
05-12-2025 08:29:00,542.452705390101
05-12-2025 08:39:00,542.71018545804
05-12-2025 08:49:00,541.971158201643
05-12-2025 08:59:00,541.032284300022
05-12-2025 09:09:00,541.793967223147
05-12-2025 09:19:00,541.555383540506
05-12-2025 09:29:00,542.32476343194
05-12-2025 09:39:00,542.194100165164
05-12-2025 09:49:00,541.559431689915
05-12-2025 09:59:00,542.63264415698
05-12-2025 10:09:00,542.005838317315
05-12-2025 10:19:00,541.978973820424
05-12-2025 10:29:00,543.052317037042
05-12-2025 10:39:00,541.825036549525
05-12-2025 10:49:00,542.09810908143
05-12-2025 10:59:00,542.171074515883
05-12-2025 11:09:00,541.347391269115
05-12-2025 11:19:00,541.82442643726
05-12-2025 11:29:00,541.400677914432
05-12-2025 11:39:00,542.081918617226
05-12-2025 11:49:00,542.158590993034
05-12-2025 11:59:00,542.639819991179
05-12-2025 12:09:00,542.816655070453
05-12-2025 12:19:00,542.592705745309
05-12-2025 12:29:00,542.869669919377
05-12-2025 12:39:00,542.745752459587
05-12-2025 12:49:00,542.024182392792
05-12-2025 12:59:00,542.51732094117
05-12-2025 13:09:00,542.814098527943
05-12-2025 13:19:00,542.516490121537
05-12-2025 13:29:00,542.821321374153
05-12-2025 13:39:00,542.623573610096
05-12-2025 13:49:00,541.813746096253
05-12-2025 13:59:00,542.102686209928
05-12-2025 14:09:00,542.186435937096
05-12-2025 14:19:00,542.169412834897
05-12-2025 14:29:00,541.652272161019
05-12-2025 14:39:00,541.832654813515
05-12-2025 14:49:00,540.799323927428
05-12-2025 14:59:00,542.181834796931
05-12-2025 15:09:00,541.745597450054
05-12-2025 15:19:00,541.107657001305
05-12-2025 15:29:00,540.865495576631
05-12-2025 15:39:00,540.824986184334
05-12-2025 15:49:00,542.70707502395
05-12-2025 15:59:00,542.569307720355
05-12-2025 16:09:00,541.524503760414
05-12-2025 16:19:00,542.092198746952
05-12-2025 16:29:00,541.450596703608
05-12-2025 16:39:00,542.122707062516
05-12-2025 16:49:00,541.279572498656
05-12-2025 16:59:00,541.548522641104
05-12-2025 17:09:00,541.511417397045
05-12-2025 17:19:00,541.67576559161
05-12-2025 17:29:00,542.149817116914
05-12-2025 17:39:00,541.019167122871
05-12-2025 17:49:00,541.09007723243
05-12-2025 17:59:00,541.668619934736
05-12-2025 18:09:00,541.444484901189
05-12-2025 18:19:00,539.905583455406
05-12-2025 18:29:00,539.677225694177
05-12-2025 18:39:00,539.654018133277
05-12-2025 18:49:00,539.522754394599
05-12-2025 18:59:00,539.593206518738
05-12-2025 19:09:00,540.171709880185
05-12-2025 19:19:00,540.242118506854
05-12-2025 19:29:00,540.009698991031
05-12-2025 19:39:00,539.780715053943
05-12-2025 19:49:00,539.245228053338
05-12-2025 19:59:00,540.324982409202
05-12-2025 20:09:00,539.284496228653
05-12-2025 20:19:00,538.846222627593
05-12-2025 20:29:00,539.821480852972
05-12-2025 20:39:00,539.988938786055
05-12-2025 20:49:00,539.150096417791
05-12-2025 20:59:00,539.919846610545
05-12-2025 21:09:00,539.178448293149
05-12-2025 21:19:00,540.153490727475
05-12-2025 21:29:00,540.216258700999
05-12-2025 21:39:00,539.676719552025
05-12-2025 21:49:00,539.843867151044
05-12-2025 21:59:00,540.007500537124
05-12-2025 22:09:00,539.56883445493
05-12-2025 22:19:00,539.533937974222
05-12-2025 22:29:00,540.807869971658
05-12-2025 22:39:00,539.961890414191
05-12-2025 22:49:00,540.229691135669
05-12-2025 22:59:00,539.888399985819
05-12-2025 23:09:00,540.556335023933
05-12-2025 23:19:00,540.218451574569
05-12-2025 23:29:00,540.788807687955
05-12-2025 23:39:00,539.841913628103
05-12-2025 23:49:00,539.806669829645
05-12-2025 23:59:00,540.578679543201
05-22-2025 00:09:00,539.380447011811
05-22-2025 00:19:00,539.759087331343
05-22-2025 00:29:00,540.84205184155
05-22-2025 00:39:00,540.393599923577
05-22-2025 00:49:00,540.246258515427
05-22-2025 00:59:00,540.099055770854
05-22-2025 01:09:00,540.98210200535
05-22-2025 01:19:00,540.73241070577
05-22-2025 01:29:00,540.278386058616
05-22-2025 01:39:00,540.540403678139
05-22-2025 01:49:00,539.780284628671
05-22-2025 01:59:00,540.450930875028
05-22-2025 02:09:00,539.889307451463
05-22-2025 02:19:00,539.538750840073
05-22-2025 02:29:00,539.800601218049
05-22-2025 02:39:00,539.34842686738
05-22-2025 02:49:00,540.119837851205
05-22-2025 02:59:00,539.865351626731
05-22-2025 03:09:00,539.604812534041
05-22-2025 03:19:00,539.656242376143
05-22-2025 03:29:00,540.317995435756
05-22-2025 03:39:00,540.572431872403
05-22-2025 03:49:00,539.003662425898
05-22-2025 03:59:00,540.166479932557
05-22-2025 04:09:00,539.906790296606
05-22-2025 04:19:00,539.044912532727
05-22-2025 04:29:00,539.191853487357
05-22-2025 04:39:00,539.642718975562
05-22-2025 04:49:00,540.713498807268
05-22-2025 04:59:00,540.144361820383
05-22-2025 05:09:00,540.499166983839
05-22-2025 05:19:00,539.741084078715
05-22-2025 05:29:00,538.668272223833
05-22-2025 05:39:00,539.023322801916
05-22-2025 05:49:00,541.183069088787
05-22-2025 05:59:00,539.417404540037
05-22-2025 06:09:00,539.563746093722
05-22-2025 06:19:00,539.615300327001
05-22-2025 06:29:00,540.164445263996
05-22-2025 06:39:00,539.90748276882
05-22-2025 06:49:00,538.7511859004
05-22-2025 06:59:00,539.507303075753
05-22-2025 07:09:00,540.061624919765
05-22-2025 07:19:00,540.012467105093
05-22-2025 07:29:00,539.875105509817
05-22-2025 07:39:00,539.920455281367
05-22-2025 07:49:00,540.485874098078
05-22-2025 07:59:00,540.147865025688
05-22-2025 08:09:00,539.910381611845
05-22-2025 08:19:00,540.675802397874
05-22-2025 08:29:00,540.037329257213
05-22-2025 08:39:00,540.100740007892
05-22-2025 08:49:00,540.270328688223
05-22-2025 08:59:00,540.928453588558
05-22-2025 09:09:00,541.203936836169
05-22-2025 09:19:00,539.871507050281
05-22-2025 09:29:00,540.659522131947
05-22-2025 09:39:00,539.733775926282
05-22-2025 09:49:00,540.427480730339
05-22-2025 09:59:00,539.71381212333
05-22-2025 10:09:00,540.307329830855
05-22-2025 10:19:00,539.999853712599
05-22-2025 10:29:00,538.290559404033
05-22-2025 10:39:00,539.284407864531
05-22-2025 10:49:00,538.98241042405
05-22-2025 10:59:00,538.880552900599
05-22-2025 11:09:00,538.684214194283
05-22-2025 11:19:00,538.192820169937
05-22-2025 11:29:00,538.909827735653
05-22-2025 11:39:00,539.53872951779
05-22-2025 11:49:00,538.166493282562
05-22-2025 11:59:00,538.611912360222
05-22-2025 12:09:00,538.158715507632
05-22-2025 12:19:00,537.189945273943
05-22-2025 12:29:00,538.843547025747
05-22-2025 12:39:00,537.280067220932
05-22-2025 12:49:00,536.91294013685
05-22-2025 12:59:00,537.952597360109
05-22-2025 13:09:00,537.585093855307
05-22-2025 13:19:00,536.711441961537
05-22-2025 13:29:00,536.83666872554
05-22-2025 13:39:00,537.175575568393
05-22-2025 13:49:00,536.901426384864
05-22-2025 13:59:00,536.120000899287
05-22-2025 14:09:00,536.644601852883
05-22-2025 14:19:00,535.151526497125
05-22-2025 14:29:00,536.798224049978
05-22-2025 14:39:00,534.992862427814
05-22-2025 14:49:00,535.918528365124
05-22-2025 14:59:00,535.828171027851
05-22-2025 15:09:00,534.918528339549
05-22-2025 15:19:00,535.534158482765
05-22-2025 15:29:00,534.012999990087
05-22-2025 15:39:00,535.437450526353
05-22-2025 15:49:00,535.244310469189
05-22-2025 15:59:00,535.14192248148
05-22-2025 16:09:00,534.739114184653
05-22-2025 16:19:00,534.126754597283
05-22-2025 16:29:00,535.241589795195
05-22-2025 16:39:00,535.348029444313
05-22-2025 16:49:00,535.352425417013
05-22-2025 16:59:00,535.464155676522
05-22-2025 17:09:00,534.657092143537
05-22-2025 17:19:00,534.875852889448
05-22-2025 17:29:00,534.476260314609
05-22-2025 17:39:00,534.791743712392
05-22-2025 17:49:00,536.033145900196
05-22-2025 17:59:00,534.712307348808
05-22-2025 18:09:00,534.413791362809
05-22-2025 18:19:00,533.602919452813
05-22-2025 18:29:00,533.707973682526
05-22-2025 18:39:00,534.530232868987
05-22-2025 18:49:00,533.507958454256
05-22-2025 18:59:00,534.330469018751
05-22-2025 19:09:00,534.743147349292
05-22-2025 19:19:00,533.309188264272
05-22-2025 19:29:00,534.229508348464
05-22-2025 19:39:00,533.610423676014
05-22-2025 19:49:00,534.120371984051
05-22-2025 19:59:00,534.10654811862
05-22-2025 20:09:00,534.606117360342
05-22-2025 20:19:00,533.667871232816
05-22-2025 20:29:00,532.308478186716
05-22-2025 20:39:00,533.418826661689
05-22-2025 20:49:00,533.907800122481
05-22-2025 20:59:00,532.959179456131
05-22-2025 21:09:00,533.242686479509
05-22-2025 21:19:00,532.602168389002
05-22-2025 21:29:00,533.496382157709
05-22-2025 21:39:00,532.958555119544
05-22-2025 21:49:00,533.955037353616
05-22-2025 21:59:00,534.027760621379
05-22-2025 22:09:00,533.797768251125
05-22-2025 22:19:00,533.562709025556
05-22-2025 22:29:00,533.332731175231
05-22-2025 22:39:00,533.200288786847
05-22-2025 22:49:00,533.688099882197
05-22-2025 22:59:00,532.940423311244
05-22-2025 23:09:00,533.120508702399
05-22-2025 23:19:00,532.885534101015
05-22-2025 23:29:00,533.06053109457
05-22-2025 23:39:00,533.035468429095
05-22-2025 23:49:00,532.800506951585
05-22-2025 23:59:00,533.687422528421
05-29-2025 00:09:00,555.332776125746
05-29-2025 00:19:00,555.163507434283
05-29-2025 00:29:00,554.795273007757
05-29-2025 00:39:00,554.126151927597
05-29-2025 00:49:00,555.346525455592
05-29-2025 00:59:00,555.276562568736
05-29-2025 01:09:00,554.607487970623
05-29-2025 01:19:00,554.935124141688
05-29-2025 01:29:00,555.560850358177
05-29-2025 01:39:00,554.196120240002
05-29-2025 01:49:00,554.319776240396
05-29-2025 01:59:00,555.141237166178
05-29-2025 02:09:00,554.869793661674
05-29-2025 02:19:00,554.896321924286
05-29-2025 02:29:00,554.721682390342
05-29-2025 02:39:00,554.450318201948
05-29-2025 02:49:00,554.77452383917
05-29-2025 02:59:00,555.991730641795
05-29-2025 03:09:00,555.819373879182
05-29-2025 03:19:00,555.054314122317
05-29-2025 03:29:00,554.386053695938
05-29-2025 03:39:00,554.707294811953
05-29-2025 03:49:00,555.033385595273
05-29-2025 03:59:00,555.05432403223
05-29-2025 04:09:00,555.481840309002
05-29-2025 04:19:00,555.703319726382
05-29-2025 04:29:00,555.927233301733
05-29-2025 04:39:00,556.250107922869
05-29-2025 04:49:00,554.690603262158
05-29-2025 04:59:00,555.508720668757
05-29-2025 05:09:00,555.138132984923
05-29-2025 05:19:00,555.364242899886
05-29-2025 05:29:00,556.082770448246
05-29-2025 05:39:00,555.217125805707
05-29-2025 05:49:00,554.948058008228
05-29-2025 05:59:00,555.168872677208
05-29-2025 06:09:00,555.488476492125
05-29-2025 06:19:00,555.516179143853
05-29-2025 06:29:00,555.64021996012
05-29-2025 06:39:00,556.753159172646
05-29-2025 06:49:00,556.184687087812
05-29-2025 06:59:00,556.108127974343
05-29-2025 07:09:00,556.234358021717
05-29-2025 07:19:00,556.162828246225
05-29-2025 07:29:00,555.50074310872
05-29-2025 07:39:00,556.617781193587
05-29-2025 07:49:00,555.856737287627
05-29-2025 07:59:00,555.785024454935
05-29-2025 08:09:00,555.52059700892
05-29-2025 08:19:00,555.25606496181
05-29-2025 08:29:00,554.991428302377
05-29-2025 08:39:00,554.229969765072
05-29-2025 08:49:00,555.349246291652
05-29-2025 08:59:00,554.488742226647
05-29-2025 09:09:00,554.423897811473
05-29-2025 09:19:00,554.3565821073
05-29-2025 09:29:00,554.385708352889
05-29-2025 09:39:00,554.812754889836
05-29-2025 09:49:00,553.657303271785
05-29-2025 09:59:00,555.268760434992
05-29-2025 10:09:00,554.308590915642
05-29-2025 10:19:00,554.928452181982
05-29-2025 10:29:00,554.754636754904
05-29-2025 10:39:00,555.47308509831
05-29-2025 10:49:00,555.101406738921
05-29-2025 10:59:00,554.929890126068
05-29-2025 11:09:00,555.153721283987
05-29-2025 11:19:00,555.080957097191
05-29-2025 11:29:00,554.909323751475
05-29-2025 11:39:00,555.827148559684
05-29-2025 11:49:00,554.86480291532
05-29-2025 11:59:00,555.285923564539
05-29-2025 12:09:00,554.918879309234
05-29-2025 12:19:00,555.737519640886
05-29-2025 12:29:00,554.878680478678
05-29-2025 12:39:00,555.697268466024
05-29-2025 12:49:00,554.840608134954
05-29-2025 12:59:00,555.661642934003
05-29-2025 13:09:00,554.903500046199
05-29-2025 13:19:00,554.839540142205
05-29-2025 13:29:00,554.678924843488
05-29-2025 13:39:00,555.505173963362
05-29-2025 13:49:00,555.243168331687
05-29-2025 13:59:00,555.869392661613
05-29-2025 14:09:00,555.607230013804
05-29-2025 14:19:00,555.740971016124
05-29-2025 14:29:00,555.27802166816
05-29-2025 14:39:00,555.116779848686
05-29-2025 14:49:00,555.346990121643
05-29-2025 14:59:00,555.284667113418
05-29-2025 15:09:00,554.924773586735
05-29-2025 15:19:00,554.864475327393
05-29-2025 15:29:00,555.000151962288
05-29-2025 15:39:00,554.441054947546
05-29-2025 15:49:00,556.068278656044
05-29-2025 15:59:00,555.809369228158
05-29-2025 16:09:00,554.156643216022
05-29-2025 16:19:00,554.88834311077
05-29-2025 16:29:00,555.016796957429
05-29-2025 16:39:00,555.348792429299
05-29-2025 16:49:00,556.173264133102
05-29-2025 16:59:00,554.310467040899
05-29-2025 17:09:00,554.637568534196
05-29-2025 17:19:00,554.56223070781
05-29-2025 17:29:00,556.27659681494
05-29-2025 17:39:00,554.510853279102
05-29-2025 17:49:00,554.534797716137
05-29-2025 17:59:00,555.058053362591
05-29-2025 18:09:00,555.188284450544
05-29-2025 18:19:00,554.617771246322
05-29-2025 18:29:00,554.248326960697
05-29-2025 18:39:00,554.674331537305
05-29-2025 18:49:00,553.906891818376
05-29-2025 18:59:00,554.131638080862
05-29-2025 19:09:00,554.458055982589
05-29-2025 19:19:00,554.786764241156
05-29-2025 19:29:00,554.914215283506
05-29-2025 19:39:00,554.247924641049
05-29-2025 19:49:00,553.877686725002
05-29-2025 19:59:00,554.407515176438
05-29-2025 20:09:00,553.842389831957
05-29-2025 20:19:00,554.07134637817
05-29-2025 20:29:00,554.200720561629
05-29-2025 20:39:00,554.927707274728
05-29-2025 20:49:00,554.459396238782
05-29-2025 20:59:00,554.588697764763
05-29-2025 21:09:00,553.023853873968
05-29-2025 21:19:00,554.346632625961
05-29-2025 21:29:00,554.174509134596
05-29-2025 21:39:00,554.799722151316
05-29-2025 21:49:00,554.826856515392
05-29-2025 21:59:00,554.654544998693
05-29-2025 22:09:00,554.681548668666
05-29-2025 22:19:00,554.810476112564
05-29-2025 22:29:00,554.635665678795
05-29-2025 22:39:00,554.96394798987
05-29-2025 22:49:00,554.290318081566
05-29-2025 22:59:00,555.112646441002
05-29-2025 23:09:00,554.438901148383
05-29-2025 23:19:00,554.764697958445
05-29-2025 23:29:00,555.090485610418
05-29-2025 23:39:00,555.014957568323
05-29-2025 23:49:00,554.141368199762
05-29-2025 23:59:00,555.065501925101
05-30-2025 00:09:00,555.189309745531
05-30-2025 00:19:00,554.614750480843
05-30-2025 00:29:00,554.439167462832
05-30-2025 00:39:00,553.667128343522
05-30-2025 00:49:00,555.484447136256
05-30-2025 00:59:00,554.710140133521
05-30-2025 01:09:00,554.237243550429
05-30-2025 01:19:00,554.659955106734
05-30-2025 01:29:00,554.38204266654
05-30-2025 01:39:00,554.600657307217
05-30-2025 01:49:00,555.122841847169
05-30-2025 01:59:00,555.744711120124
05-30-2025 02:09:00,555.666029764044
05-30-2025 02:19:00,556.085938993658
05-30-2025 02:29:00,556.004816046676
05-30-2025 02:39:00,555.228063057717
05-30-2025 02:49:00,556.544960919803
05-30-2025 02:59:00,555.16781871624
05-30-2025 03:09:00,555.883975585138
05-30-2025 03:19:00,555.304451513383
05-30-2025 03:29:00,554.824693662798
05-30-2025 03:39:00,555.839251770782
05-30-2025 03:49:00,555.85745213002
05-30-2025 03:59:00,554.678418343872
05-30-2025 04:09:00,555.493163891396
05-30-2025 04:19:00,555.807607899737
05-30-2025 04:29:00,555.925118964673
05-30-2025 04:39:00,555.545031081726
05-30-2025 04:49:00,555.262272692728
05-30-2025 04:59:00,555.775237458728
05-30-2025 05:09:00,556.4867689314
05-30-2025 05:19:00,555.311415095877
05-30-2025 05:29:00,555.62286754181
05-30-2025 05:39:00,555.240837336324
05-30-2025 05:49:00,556.251922409885
05-30-2025 05:59:00,556.068435619641
05-30-2025 06:09:00,555.589341384563
05-30-2025 06:19:00,555.803107116844
05-30-2025 06:29:00,554.821321862712
05-30-2025 06:39:00,555.334898920779
05-30-2025 06:49:00,555.352223787555
05-30-2025 06:59:00,555.270300856702
05-30-2025 07:09:00,555.382292144538
05-30-2025 07:19:00,555.102017880656
05-30-2025 07:29:00,555.31742271
05-30-2025 07:39:00,555.931400162446
05-30-2025 07:49:00,555.155474734358
05-30-2025 07:59:00,554.976440381211
05-30-2025 08:09:00,555.39191082003
05-30-2025 08:19:00,555.012454053373
05-30-2025 08:29:00,554.932391877993
05-30-2025 08:39:00,554.95134491682
05-30-2025 08:49:00,554.574045389379
05-30-2025 08:59:00,555.882671500738
05-30-2025 09:09:00,554.816206426018
05-30-2025 09:19:00,554.837082693072
05-30-2025 09:29:00,555.357540736824
05-30-2025 09:39:00,554.391774804616
05-30-2025 09:49:00,555.409900548541
05-30-2025 09:59:00,555.139679762504
05-30-2025 10:09:00,555.268067125481
05-30-2025 10:19:00,555.892463136331
05-30-2025 10:29:00,555.12795101299
05-30-2025 10:39:00,556.052576278655
05-30-2025 10:49:00,555.585329244309
05-30-2025 10:59:00,555.32288045424
05-30-2025 11:09:00,554.861227713692
05-30-2025 11:19:00,555.292043852811
05-30-2025 11:29:00,554.6306962802
05-30-2025 11:39:00,553.769376142189
05-30-2025 11:49:00,555.103163840863
05-30-2025 11:59:00,555.441613409176
05-30-2025 12:09:00,554.28777111822
05-30-2025 12:19:00,554.632327544866
05-30-2025 12:29:00,554.473259471564
05-30-2025 12:39:00,555.120811418001
05-30-2025 12:49:00,554.665376644525
05-30-2025 12:59:00,554.913078773294
05-30-2025 13:09:00,554.958270577238
05-30-2025 13:19:00,554.39634749607
05-30-2025 13:29:00,553.537839777921
05-30-2025 13:39:00,554.389022309729
05-30-2025 13:49:00,554.530064459592
05-30-2025 13:59:00,554.160787391853
05-30-2025 14:09:00,554.099857660821
05-30-2025 14:19:00,555.147430647434
05-30-2025 14:29:00,554.276467903732
05-30-2025 14:39:00,554.918895751992
05-30-2025 14:49:00,554.042254911449
05-30-2025 14:59:00,553.771933646351
05-30-2025 15:09:00,553.195353838176
05-30-2025 15:19:00,554.541353343666
05-30-2025 15:29:00,554.367889327096
05-30-2025 15:39:00,554.599840636064
05-30-2025 15:49:00,554.022376096368
05-30-2025 15:59:00,553.848251605155
05-30-2025 16:09:00,554.38469524928
05-30-2025 16:19:00,553.907732967436
05-30-2025 16:29:00,553.735146794637
05-30-2025 16:39:00,554.579220092482
05-30-2025 16:49:00,553.391241850993
05-30-2025 16:59:00,554.539192506184
05-30-2025 17:09:00,554.572057055984
05-30-2025 17:19:00,554.606984612929
05-30-2025 17:29:00,554.63977008149
05-30-2025 17:39:00,554.978616335766
05-30-2025 17:49:00,555.115734691064
05-30-2025 17:59:00,554.43560511779
05-30-2025 18:09:00,554.979192994704
05-30-2025 18:19:00,555.014034585801
05-30-2025 18:29:00,555.760982597082
05-30-2025 18:39:00,554.565163375091
05-30-2025 18:49:00,555.10762832957
05-30-2025 18:59:00,554.828384900484
05-30-2025 19:09:00,554.448385310047
05-30-2025 19:19:00,555.194382492306
05-30-2025 19:29:00,554.70931921687
05-30-2025 19:39:00,554.424966584512
05-30-2025 19:49:00,554.551145802761
05-30-2025 19:59:00,554.369190261494
05-30-2025 20:09:00,554.700757773553
05-30-2025 20:19:00,554.413775764365
05-30-2025 20:29:00,554.640485412711
05-30-2025 20:39:00,554.558845668543
05-30-2025 20:49:00,554.372239007069
05-30-2025 20:59:00,554.493953329996
05-30-2025 21:09:00,554.200265708187
05-30-2025 21:19:00,554.525374998051
05-30-2025 21:29:00,554.231597917581
05-30-2025 21:39:00,555.06837888139
05-30-2025 21:49:00,554.776592535103
05-30-2025 21:59:00,555.097175307632
05-30-2025 22:09:00,554.083957515841
05-30-2025 22:19:00,554.509275494687
05-30-2025 22:29:00,554.521454515536
05-30-2025 22:39:00,554.944418876165
05-30-2025 22:49:00,554.853723770218
05-30-2025 22:59:00,554.454977284631
05-30-2025 23:09:00,555.696700281616
05-30-2025 23:19:00,554.57530831226
05-30-2025 23:29:00,554.174721863204
05-30-2025 23:39:00,554.799943504073
05-30-2025 23:49:00,554.501941071606
05-30-2025 23:59:00,554.204036739776
05-31-2025 00:09:00,554.826559629602
05-31-2025 00:19:00,554.731493269485
05-31-2025 00:29:00,554.534029134991
05-31-2025 00:39:00,554.748230075468
05-31-2025 00:49:00,554.857840820982
05-31-2025 00:59:00,555.169877147714
05-31-2025 01:09:00,554.66755680677
05-31-2025 01:19:00,555.18386181416
05-31-2025 01:29:00,555.804039313974
05-31-2025 01:39:00,554.989139593954
05-31-2025 01:49:00,555.400317037279
05-31-2025 01:59:00,554.994573064109
05-31-2025 02:09:00,554.997221663384
05-31-2025 02:19:00,555.201661017598
05-31-2025 02:29:00,554.796521809055
05-31-2025 02:39:00,555.10468453464
05-31-2025 02:49:00,555.20268165428
05-31-2025 02:59:00,555.101224326149
05-31-2025 03:09:00,555.201089021791
05-31-2025 03:19:00,555.707112933731
05-31-2025 03:29:00,555.501826032252
05-31-2025 03:39:00,554.282278568482
05-31-2025 03:49:00,554.787794573472
05-31-2025 03:59:00,555.292610504577
05-31-2025 04:09:00,555.89797776719
05-31-2025 04:19:00,554.885595527463
05-31-2025 04:29:00,555.187029761778
05-31-2025 04:39:00,555.485962969251
05-31-2025 04:49:00,555.081641316199
05-31-2025 04:59:00,555.079455492303
05-31-2025 05:09:00,555.281003166914
05-31-2025 05:19:00,554.976194229785
05-31-2025 05:29:00,554.772482033994
05-31-2025 05:39:00,555.477117103014
05-31-2025 05:49:00,555.57921680315
05-31-2025 05:59:00,555.176225946226
05-31-2025 06:09:00,554.472093159959
05-31-2025 06:19:00,555.476573363457
05-31-2025 06:29:00,555.176622872288
05-31-2025 06:39:00,554.375097020808
05-31-2025 06:49:00,555.379988258218
05-31-2025 06:59:00,555.383217354299
05-31-2025 07:09:00,555.083690738592
05-31-2025 07:19:00,555.088944916468
05-31-2025 07:29:00,555.294469901525
05-31-2025 07:39:00,555.399683584025
05-31-2025 07:49:00,556.00733484121
05-31-2025 07:59:00,555.615869725134
05-31-2025 08:09:00,555.120413167593
05-31-2025 08:19:00,555.231380977547
05-31-2025 08:29:00,554.942113798039
05-31-2025 08:39:00,555.151004740599
05-31-2025 08:49:00,555.559790828833
05-31-2025 08:59:00,556.27253130407
05-31-2025 09:09:00,555.581049958004
05-31-2025 09:19:00,555.593618554367
05-31-2025 09:29:00,555.106169805316
05-31-2025 09:39:00,555.720608077168
05-31-2025 09:49:00,554.53494055337
05-31-2025 09:59:00,554.252994255123
05-31-2025 10:09:00,555.369635537532
05-31-2025 10:19:00,555.185736023669
05-31-2025 10:29:00,555.10377672847
05-31-2025 10:39:00,554.821487899124
05-31-2025 10:49:00,554.438861256832
05-31-2025 10:59:00,555.15776378145
05-31-2025 11:09:00,554.87509198513
05-31-2025 11:19:00,554.991091487366
05-31-2025 11:29:00,554.902707927826
05-31-2025 11:39:00,554.71212003681
05-31-2025 11:49:00,555.120646654132
05-31-2025 11:59:00,555.729310599464
05-31-2025 12:09:00,555.638720998984
05-31-2025 12:19:00,555.343817922573
05-31-2025 12:29:00,554.550405435685
05-31-2025 12:39:00,554.660000357294
05-31-2025 12:49:00,554.867670174069
05-31-2025 12:59:00,554.977102137974
05-31-2025 13:09:00,554.884367653111
05-31-2025 13:19:00,554.793547889354
05-31-2025 13:29:00,553.802250913714
05-31-2025 13:39:00,555.110024091899
05-31-2025 13:49:00,554.92097041916
05-31-2025 13:59:00,554.329832370808
05-31-2025 14:09:00,553.842463964246
05-31-2025 14:19:00,553.453172634187
05-31-2025 14:29:00,554.066020116757
05-31-2025 14:39:00,554.680829804466
05-31-2025 14:49:00,554.293159139875
05-31-2025 14:59:00,554.409528888193
05-31-2025 15:09:00,553.324534919097
05-31-2025 15:19:00,553.540737987122
05-31-2025 15:29:00,554.15950822324
05-31-2025 15:39:00,553.574357355421
05-31-2025 15:49:00,553.191096061421
05-31-2025 15:59:00,553.308816865237
05-31-2025 16:09:00,553.825864473154
05-31-2025 16:19:00,553.743098264546
05-31-2025 16:29:00,553.760562389442
05-31-2025 16:39:00,553.876500489326
05-31-2025 16:49:00,553.189256382417
05-31-2025 16:59:00,553.407223200494
05-31-2025 17:09:00,554.326612644703
05-31-2025 17:19:00,554.141124412942
05-31-2025 17:29:00,553.853130389489
05-31-2025 17:39:00,554.270442553342
05-31-2025 17:49:00,553.684294872593
05-31-2025 17:59:00,553.799948620078
05-31-2025 18:09:00,553.211390976774
05-31-2025 18:19:00,553.727523896621
05-31-2025 18:29:00,553.440510594346
05-31-2025 18:39:00,554.36128890072
05-31-2025 18:49:00,554.174856317052
05-31-2025 18:59:00,553.684291399371
05-31-2025 19:09:00,553.698957498499
05-31-2025 19:19:00,554.7192135504
05-31-2025 19:29:00,554.22639889034
05-31-2025 19:39:00,553.533735342166
05-31-2025 19:49:00,554.048392653263
05-31-2025 19:59:00,554.059129710198
05-31-2025 20:09:00,553.160847622799
05-31-2025 20:19:00,553.272192976019
05-31-2025 20:29:00,553.482490526733
05-31-2025 20:39:00,554.194846947677
05-31-2025 20:49:00,553.80027892138
05-31-2025 20:59:00,552.899945980632
05-31-2025 21:09:00,553.712836911335
05-31-2025 21:19:00,553.519706526491
05-31-2025 21:29:00,553.92931012265
05-31-2025 21:39:00,554.137278405256
05-31-2025 21:49:00,553.539172580873
05-31-2025 21:59:00,554.14998528751
05-31-2025 22:09:00,554.46033099641
05-31-2025 22:19:00,554.567247706766
05-31-2025 22:29:00,553.564323750545
05-31-2025 22:39:00,554.877744729457
05-31-2025 22:49:00,554.378398616743
05-31-2025 22:59:00,553.679642979491
05-31-2025 23:09:00,553.685607491154
05-31-2025 23:19:00,554.394248125422
05-31-2025 23:29:00,554.498802694146
05-31-2025 23:39:00,553.4982774743
05-31-2025 23:49:00,553.703449964556
05-31-2025 23:59:00,553.304944985446
06-01-2025 00:09:00,553.912276843787
06-01-2025 00:19:00,554.318236382702
06-01-2025 00:29:00,554.120747091245
06-01-2025 00:39:00,554.124321200313
06-01-2025 00:49:00,554.429371837454
06-01-2025 00:59:00,554.332289340515
06-01-2025 01:09:00,553.933747733656
06-01-2025 01:19:00,554.841287480825
06-01-2025 01:29:00,554.543127609648
06-01-2025 01:39:00,553.943720324469
06-01-2025 01:49:00,553.946931502143
06-01-2025 01:59:00,553.448101169943
06-01-2025 02:09:00,554.254326527402
06-01-2025 02:19:00,553.253674654222
06-01-2025 02:29:00,553.559606158634
06-01-2025 02:39:00,552.85848806795
06-01-2025 02:49:00,553.866507240168
06-01-2025 02:59:00,553.969646088042
06-01-2025 03:09:00,554.373570042138
06-01-2025 03:19:00,553.674281144777
06-01-2025 03:29:00,553.877493098753
06-01-2025 03:39:00,554.281069011804
06-01-2025 03:49:00,553.583751082351
06-01-2025 03:59:00,553.486072889915
06-01-2025 04:09:00,553.087764101372
06-01-2025 04:19:00,553.392596028
06-01-2025 04:29:00,553.895887687138
06-01-2025 04:39:00,554.300637152854
06-01-2025 04:49:00,553.199342574835
06-01-2025 04:59:00,553.906121795784
06-01-2025 05:09:00,554.108474483342
06-01-2025 05:19:00,554.310705928498
06-01-2025 05:29:00,553.211556021733
06-01-2025 05:39:00,553.814078328191
06-01-2025 05:49:00,553.515768693569
06-01-2025 05:59:00,553.717741692435
06-01-2025 06:09:00,553.919593529659
06-01-2025 06:19:00,553.819483834349
06-01-2025 06:29:00,553.621158585373
06-01-2025 06:39:00,553.822744523182
06-01-2025 06:49:00,554.026015763659
06-01-2025 06:59:00,554.027471935343
06-01-2025 07:09:00,554.028871580213
06-01-2025 07:19:00,553.432455072902
06-01-2025 07:29:00,553.533749073039
06-01-2025 07:39:00,554.136242388197
06-01-2025 07:49:00,554.041119289597
06-01-2025 07:59:00,553.944142514063
06-01-2025 08:09:00,553.948807284837
06-01-2025 08:19:00,553.851731520721
06-01-2025 08:29:00,553.754614456216
06-01-2025 08:39:00,553.759106150517
06-01-2025 08:49:00,553.465658013621
06-01-2025 08:59:00,554.269131503612
06-01-2025 09:09:00,553.574240088935
06-01-2025 09:19:00,553.978049604609
06-01-2025 09:29:00,553.882365690621
06-01-2025 09:39:00,553.48871807498
06-01-2025 09:49:00,553.794271401304
06-01-2025 09:59:00,553.801862174045
06-01-2025 10:09:00,554.009267366559
06-01-2025 10:19:00,553.915036030942
06-01-2025 10:29:00,553.422674392824
06-01-2025 10:39:00,553.829877084654
06-01-2025 10:49:00,553.8371845698
06-01-2025 10:59:00,553.644419372615
06-01-2025 11:09:00,553.853414395477
06-01-2025 11:19:00,554.559050345315
06-01-2025 11:29:00,554.266075193397
06-01-2025 11:39:00,553.470829565172
06-01-2025 11:49:00,553.978136407495
06-01-2025 11:59:00,553.786648828106
06-01-2025 12:09:00,553.997322568465
06-01-2025 12:19:00,553.708997427628
06-01-2025 12:29:00,553.823035571559
06-01-2025 12:39:00,553.634529472912
06-01-2025 12:49:00,553.848827471591
06-01-2025 12:59:00,553.559686893298
06-01-2025 13:09:00,553.670066823008
06-01-2025 13:19:00,553.87908987855
06-01-2025 13:29:00,553.883698750097
06-01-2025 13:39:00,553.486532030808
06-01-2025 13:49:00,553.485719583674
06-01-2025 13:59:00,553.988633387548
06-01-2025 14:09:00,553.889026436278
06-01-2025 14:19:00,553.386074457342
06-01-2025 14:29:00,553.990831330645
06-01-2025 14:39:00,553.288840954186
06-01-2025 14:49:00,552.789335022769
06-01-2025 14:59:00,554.096478256389
06-01-2025 15:09:00,553.096717677435
06-01-2025 15:19:00,552.899847984769
06-01-2025 15:29:00,553.507821474189
06-01-2025 15:39:00,553.513405212668
06-01-2025 15:49:00,553.01846180934
06-01-2025 15:59:00,553.228246040164
06-01-2025 16:09:00,553.739640464215
06-01-2025 16:19:00,552.542066217814
06-01-2025 16:29:00,553.256343561342
06-01-2025 16:39:00,553.164407428836
06-01-2025 16:49:00,552.669753564965
06-01-2025 16:59:00,552.577449425012
06-01-2025 17:09:00,552.686457008859
06-01-2025 17:19:00,553.9037047219
06-01-2025 17:29:00,553.10607038762
06-01-2025 17:39:00,553.416807505857
06-01-2025 17:49:00,553.524231177583
06-01-2025 17:59:00,552.925609372508
06-01-2025 18:09:00,553.638173504389
06-01-2025 18:19:00,552.637215123913
06-01-2025 18:29:00,552.843563338243
06-01-2025 18:39:00,553.556455128001
06-01-2025 18:49:00,552.753142364531
06-01-2025 18:59:00,552.454481351979
06-01-2025 19:09:00,552.458697351199
06-01-2025 19:19:00,552.866965815418
06-01-2025 19:29:00,552.667349877304
06-01-2025 19:39:00,553.073906020376
06-01-2025 19:49:00,553.581522649624
06-01-2025 19:59:00,553.481039295767
06-01-2025 20:09:00,553.687214749805
06-01-2025 20:19:00,553.18406515888
06-01-2025 20:29:00,553.69162526173
06-01-2025 20:39:00,553.190018751892
06-01-2025 20:49:00,552.383161954232
06-01-2025 20:59:00,554.002946534762
06-01-2025 21:09:00,552.995381485128
06-01-2025 21:19:00,553.400026397564
06-01-2025 21:29:00,553.098405939971
06-01-2025 21:39:00,553.806396618371
06-01-2025 21:49:00,553.401759790857
06-01-2025 21:59:00,552.491351719478
06-01-2025 22:09:00,553.806025583454
06-01-2025 22:19:00,552.993194607675
06-01-2025 22:29:00,553.498528863206
06-01-2025 22:39:00,553.292423399138
06-01-2025 22:49:00,553.088059482224
06-01-2025 22:59:00,552.881955830072
06-01-2025 23:09:00,553.182943394364
06-01-2025 23:19:00,553.684180589939
06-01-2025 23:29:00,553.679977707186
06-01-2025 23:39:00,552.970249035837
06-01-2025 23:49:00,553.572161999894
06-01-2025 23:59:00,554.173820779105
06-02-2025 00:09:00,553.060190215711
06-02-2025 00:19:00,553.760861899078
06-02-2025 00:29:00,553.455203423165
06-02-2025 00:39:00,553.149536897457
06-02-2025 00:49:00,553.649645963195
06-02-2025 00:59:00,553.140331032791
06-02-2025 01:09:00,553.135643257407
06-02-2025 01:19:00,553.332673791562
06-02-2025 01:29:00,552.924355995589
06-02-2025 01:39:00,553.020385961047
06-02-2025 01:49:00,554.022064975932
06-02-2025 01:59:00,552.808890623954
06-02-2025 02:09:00,553.005523403338
06-02-2025 02:19:00,553.502638512513
06-02-2025 02:29:00,553.596427873121
06-02-2025 02:39:00,552.884260066761
06-02-2025 02:49:00,553.1794515316
06-02-2025 02:59:00,553.27307550798
06-02-2025 03:09:00,552.861596643289
06-02-2025 03:19:00,553.357628580188
06-02-2025 03:29:00,553.249755637843
06-02-2025 03:39:00,553.140146074495
06-02-2025 03:49:00,553.032269802605
06-02-2025 03:59:00,553.023186105221
06-02-2025 04:09:00,552.411178733609
06-02-2025 04:19:00,552.502629880549
06-02-2025 04:29:00,551.589829840106
06-02-2025 04:39:00,553.187080468772
06-02-2025 04:49:00,552.175833149739
06-02-2025 04:59:00,551.665069686523
06-02-2025 05:09:00,552.254471384311
06-02-2025 05:19:00,552.647847591716
06-02-2025 05:29:00,553.13947381779
06-02-2025 05:39:00,552.22646696151
06-02-2025 05:49:00,552.619290791792
06-02-2025 05:59:00,552.709786385944
06-02-2025 06:09:00,552.903664937093
06-02-2025 06:19:00,553.295861906793
06-02-2025 06:29:00,552.487131454641
06-02-2025 06:39:00,552.280582833788
06-02-2025 06:49:00,552.772516329269
06-02-2025 06:59:00,552.464216972115
06-02-2025 07:09:00,551.959330826469
06-02-2025 07:19:00,551.852749954955
06-02-2025 07:29:00,552.145951110385
06-02-2025 07:39:00,552.040893190798
06-02-2025 07:49:00,551.637591507622
06-02-2025 07:59:00,552.531821646951
06-02-2025 08:09:00,552.52650248748
06-02-2025 08:19:00,552.422874472692
06-02-2025 08:29:00,551.719624229468
06-02-2025 08:39:00,552.215445366642
06-02-2025 08:49:00,551.911789429955
06-02-2025 08:59:00,552.006149790941
06-02-2025 09:09:00,551.504159325534
06-02-2025 09:19:00,551.002030842399
06-02-2025 09:29:00,550.699651405888
06-02-2025 09:39:00,551.196778986402
06-02-2025 09:49:00,551.695542578677
06-02-2025 09:59:00,552.097718981702
06-02-2025 10:09:00,550.996499298738
06-02-2025 10:19:00,551.396943036622
06-02-2025 10:29:00,550.795335976287
06-02-2025 10:39:00,551.597712930878
06-02-2025 10:49:00,551.499462979387
06-02-2025 10:59:00,551.401094760483
06-02-2025 11:09:00,551.304195951813
06-02-2025 11:19:00,552.209510646783
06-02-2025 11:29:00,551.414024407893
06-02-2025 11:39:00,552.020809596698
06-02-2025 11:49:00,551.625861620586
06-02-2025 11:59:00,550.935307563101
06-02-2025 12:09:00,551.246051169746
06-02-2025 12:19:00,551.76173512944
06-02-2025 12:29:00,551.166977835165
06-02-2025 12:39:00,551.782505489244
06-02-2025 12:49:00,551.793661580448
06-02-2025 12:59:00,551.602847445653
06-02-2025 13:09:00,551.310621093655
06-02-2025 13:19:00,550.913581794651
06-02-2025 13:29:00,551.227467473601
06-02-2025 13:39:00,550.729987058646
06-02-2025 13:49:00,550.939588238524
06-02-2025 13:59:00,550.03544065778
06-02-2025 14:09:00,550.449289025954
06-02-2025 14:19:00,550.760559977929
06-02-2025 14:29:00,550.157575002803
06-02-2025 14:39:00,550.772457439139
06-02-2025 14:49:00,550.57250883548
06-02-2025 14:59:00,550.983005743032
06-02-2025 15:09:00,550.781278642228
06-02-2025 15:19:00,551.188913402712
06-02-2025 15:29:00,550.577850619186
06-02-2025 15:39:00,550.477515231879
06-02-2025 15:49:00,550.988895033834
06-02-2025 15:59:00,551.196213353936
06-02-2025 16:09:00,550.687573538304
06-02-2025 16:19:00,550.178462183008
06-02-2025 16:29:00,549.463093625571
06-02-2025 16:39:00,550.07549893397
06-02-2025 16:49:00,550.788872297243
06-02-2025 16:59:00,550.178218873709
06-02-2025 17:09:00,550.283033159152
06-02-2025 17:19:00,550.491827088333
06-02-2025 17:29:00,550.595225433901
06-02-2025 17:39:00,550.291985954275
06-02-2025 17:49:00,550.600314430809
06-02-2025 17:59:00,550.91045875708
06-02-2025 18:09:00,549.577623127475
06-02-2025 18:19:00,549.783266964268
06-02-2025 18:29:00,550.810508502558
06-02-2025 18:39:00,550.708548038832
06-02-2025 18:49:00,550.606451357235
06-02-2025 18:59:00,549.99015497376
06-02-2025 19:09:00,550.193014074302
06-02-2025 19:19:00,550.088882776131
06-02-2025 19:29:00,550.08442598318
06-02-2025 19:39:00,550.184383165077
06-02-2025 19:49:00,550.387277069294
06-02-2025 19:59:00,549.353123672032
06-02-2025 20:09:00,549.758689905475
06-02-2025 20:19:00,550.782117207287
06-02-2025 20:29:00,549.641479979703
06-02-2025 20:39:00,550.354335236697
06-02-2025 20:49:00,549.419532644435
06-02-2025 20:59:00,550.233673112895
06-02-2025 21:09:00,550.120998174232
06-02-2025 21:19:00,551.758421765409
06-02-2025 21:29:00,550.308872672826
06-02-2025 21:39:00,549.784270566676
06-02-2025 21:49:00,549.774357745566
06-02-2025 21:59:00,550.279005945741
06-02-2025 22:09:00,549.85572799328
06-02-2025 22:19:00,549.742736521225
06-02-2025 22:29:00,549.731056578148
06-02-2025 22:39:00,550.338091631155
06-02-2025 22:49:00,550.737616756022
06-02-2025 22:59:00,550.417080744199
06-02-2025 23:09:00,550.610696556576
06-02-2025 23:19:00,549.467733574101
06-02-2025 23:29:00,550.584793916549
06-02-2025 23:39:00,550.159941350658
06-02-2025 23:49:00,550.659784936395
06-02-2025 23:59:00,550.438804323517
06-03-2025 00:09:00,548.884806226139
06-03-2025 00:19:00,550.101288969399
06-03-2025 00:29:00,550.188303661914
06-03-2025 00:39:00,550.17578959479
06-03-2025 00:49:00,550.876265947764
06-03-2025 00:59:00,550.245208712255
06-03-2025 01:09:00,550.126867963426
06-03-2025 01:19:00,550.826416874692
06-03-2025 01:29:00,550.706218782556
06-03-2025 01:39:00,550.790745587521
06-03-2025 01:49:00,549.952843993252
06-03-2025 01:59:00,549.628461728783
06-03-2025 02:09:00,550.527588063082
06-03-2025 02:19:00,549.690857722275
06-03-2025 02:29:00,550.183673348191
06-03-2025 02:39:00,549.854880795317
06-03-2025 02:49:00,550.445752888417
06-03-2025 02:59:00,550.425978378903
06-03-2025 03:09:00,550.91552790593
06-03-2025 03:19:00,549.773791599729
06-03-2025 03:29:00,549.550643642757
06-03-2025 03:39:00,549.634330704106
06-03-2025 03:49:00,550.324789144666
06-03-2025 03:59:00,549.999880320801
06-03-2025 04:09:00,549.983050118538
06-03-2025 04:19:00,549.453854451416
06-03-2025 04:29:00,549.839940663673
06-03-2025 04:39:00,549.718458591842
06-03-2025 04:49:00,550.713771503491
06-03-2025 04:59:00,549.983836686957
06-03-2025 05:09:00,550.167680021696
06-03-2025 05:19:00,550.147226219926
06-03-2025 05:29:00,549.622299833376
06-03-2025 05:39:00,549.198894502577
06-03-2025 05:49:00,549.281357691583
06-03-2025 05:59:00,549.363686834985
06-03-2025 06:09:00,550.254166048282
06-03-2025 06:19:00,549.830926347078
06-03-2025 06:29:00,549.105104975023
06-03-2025 06:39:00,549.388928566608
06-03-2025 06:49:00,549.875756395887
06-03-2025 06:59:00,549.656277412021
06-03-2025 07:09:00,550.344198158461
06-03-2025 07:19:00,549.419113772893
06-03-2025 07:29:00,549.399774316984
06-03-2025 07:39:00,549.181997524461
06-03-2025 07:49:00,548.560044469374
06-03-2025 07:59:00,549.246877509718
06-03-2025 08:09:00,549.733517175632
06-03-2025 08:19:00,549.413522987589
06-03-2025 08:29:00,549.19574084326
06-03-2025 08:39:00,548.978001156049
06-03-2025 08:49:00,549.162380498299
06-03-2025 08:59:00,549.24611179759
06-03-2025 09:09:00,549.430208978468
06-03-2025 09:19:00,548.713088414335
06-03-2025 09:29:00,549.501295012622
06-03-2025 09:39:00,549.484209754542
06-03-2025 09:49:00,548.764290048985
06-03-2025 09:59:00,549.150267430808
06-03-2025 10:09:00,548.933871154044
06-03-2025 10:19:00,548.918179622455
06-03-2025 10:29:00,549.303759240931
06-03-2025 10:39:00,548.585679217365
06-03-2025 10:49:00,548.268967779607
06-03-2025 10:59:00,548.453713256538
06-03-2025 11:09:00,548.437803018641
06-03-2025 11:19:00,549.526144042001
06-03-2025 11:29:00,548.808242593139
06-03-2025 11:39:00,548.693353932946
06-03-2025 11:49:00,548.68013413487
06-03-2025 11:59:00,548.064014187534
06-03-2025 12:09:00,547.949025888266
06-03-2025 12:19:00,548.5369432085
06-03-2025 12:29:00,548.623711007591
06-03-2025 12:39:00,548.008892553943
06-03-2025 12:49:00,548.195763334515
06-03-2025 12:59:00,548.183590654291
06-03-2025 13:09:00,546.969899698567
06-03-2025 13:19:00,547.762360543982
06-03-2025 13:29:00,548.35604177677
06-03-2025 13:39:00,547.645743218116
06-03-2025 13:49:00,548.041839282733
06-03-2025 13:59:00,547.134067982062
06-03-2025 14:09:00,548.736084173143
06-03-2025 14:19:00,548.028752174738
06-03-2025 14:29:00,547.722977619183
06-03-2025 14:39:00,548.121419514787
06-03-2025 14:49:00,547.310290717021
06-03-2025 14:59:00,548.005295747632
06-03-2025 15:09:00,547.990922106404
06-03-2025 15:19:00,547.064372613212
06-03-2025 15:29:00,546.437691104582
06-03-2025 15:39:00,547.0187575246
06-03-2025 15:49:00,546.695574740532
06-03-2025 15:59:00,546.375243218527
06-03-2025 16:09:00,546.861830577372
06-03-2025 16:19:00,546.946202267568
06-03-2025 16:29:00,546.430108648407
06-03-2025 16:39:00,546.518434790485
06-03-2025 16:49:00,546.809227738866
06-03-2025 16:59:00,547.202109168313
06-03-2025 17:09:00,547.093428292416
06-03-2025 17:19:00,546.882548757256
06-03-2025 17:29:00,547.075712139994
06-03-2025 17:39:00,546.86596249518
06-03-2025 17:49:00,545.848316058375
06-03-2025 17:59:00,546.745573086333
06-03-2025 18:09:00,546.533966133994
06-03-2025 18:19:00,546.523948574354
06-03-2025 18:29:00,546.108864260342
06-03-2025 18:39:00,546.601957667508
06-03-2025 18:49:00,546.387154980521
06-03-2025 18:59:00,546.880415929531
06-03-2025 19:09:00,546.666850165569
06-03-2025 19:19:00,547.158895980564
06-03-2025 19:29:00,546.034481694528
06-03-2025 19:39:00,547.638051613981
06-03-2025 19:49:00,546.511867102752
06-03-2025 19:59:00,546.09426683693
06-03-2025 20:09:00,546.987852816841
06-03-2025 20:19:00,546.367968153975
06-03-2025 20:29:00,546.555320444486
06-03-2025 20:39:00,546.944867662324
06-03-2025 20:49:00,546.828833670654
06-03-2025 20:59:00,546.306851054197
06-03-2025 21:09:00,546.696275155316
06-03-2025 21:19:00,546.073009691886
06-03-2025 21:29:00,546.562074758979
06-03-2025 21:39:00,546.848829729791
06-03-2025 21:49:00,546.427643594012
06-03-2025 21:59:00,546.915107968027
06-03-2025 22:09:00,546.190485606581
06-03-2025 22:19:00,546.778919769374
06-03-2025 22:29:00,547.065336770723
06-03-2025 22:39:00,546.236734305509
06-03-2025 22:49:00,546.218329620388
06-03-2025 22:59:00,546.299559177928
06-03-2025 23:09:00,546.178595010575
06-03-2025 23:19:00,546.362105854664
06-03-2025 23:29:00,546.443090428512
06-03-2025 23:39:00,546.117192400957
06-03-2025 23:49:00,546.296244893036
06-03-2025 23:59:00,545.670363863955
06-06-2025 00:03:35,548.110652299715
06-06-2025 00:08:35,546.440817808834
06-06-2025 00:13:35,547.663090040521
06-06-2025 00:18:35,548.189951432566
06-06-2025 00:23:35,546.719006932449
06-06-2025 00:28:35,546.848456821382
06-06-2025 00:33:35,548.859464716698
06-06-2025 00:38:35,548.392969168938
06-06-2025 00:43:35,548.516769708253
06-06-2025 00:48:35,547.6530457693
06-06-2025 00:53:35,546.789309262181
06-06-2025 00:58:35,549.588694602893
06-06-2025 01:03:35,546.2372949608
06-06-2025 01:08:35,549.538113363191
06-06-2025 01:13:35,548.966826776099
06-06-2025 01:18:35,548.004114462343
06-06-2025 01:23:35,549.021187099046
06-06-2025 01:28:35,548.654107359539
06-06-2025 01:33:35,547.978159253928
06-06-2025 01:38:35,548.603589290963
06-06-2025 01:43:35,548.528705078291
06-06-2025 01:48:35,548.056900142085
06-06-2025 01:53:35,548.582965866801
06-06-2025 01:58:35,548.805739445288
06-06-2025 02:03:35,548.333962150964
06-06-2025 02:08:35,548.760695374409
06-06-2025 02:13:35,548.977802183551
06-06-2025 02:18:35,549.206047809304
06-06-2025 02:23:35,549.726233428461
06-06-2025 02:28:35,548.560207118147
06-06-2025 02:33:35,548.193281797587
06-06-2025 02:38:35,549.804371502288
06-06-2025 02:43:35,549.233506026051
06-06-2025 02:48:35,549.263277322107
06-06-2025 02:53:35,548.896365228866
06-06-2025 02:58:35,548.116274291427
06-06-2025 03:03:35,548.93359892188
06-06-2025 03:08:35,548.456601700639
06-06-2025 03:13:35,548.579904467025
06-06-2025 03:18:35,548.901388206622
06-06-2025 03:23:35,549.228384293802
06-06-2025 03:28:35,549.153387129162
06-06-2025 03:33:35,548.384775290414
06-06-2025 03:38:35,548.414420904825
06-06-2025 03:43:35,548.444053951072
06-06-2025 03:48:35,548.666336899622
06-06-2025 03:53:35,549.185794158478
06-06-2025 03:58:35,549.006172580909
06-06-2025 04:03:35,549.134812076953
06-06-2025 04:08:35,548.966268837469
06-06-2025 04:13:35,547.499160732781
06-06-2025 04:18:35,548.420073794239
06-06-2025 04:23:35,548.741227819504
06-06-2025 04:28:35,548.968813697733
06-06-2025 04:33:35,549.482375496127
06-06-2025 04:38:35,548.620715979393
06-06-2025 04:43:35,549.436789403106
06-06-2025 04:48:35,548.080129781709
06-06-2025 04:53:35,549.688173717801
06-06-2025 04:58:35,549.415077978463
06-06-2025 05:03:35,549.241003513016
06-06-2025 05:08:35,549.567379422766
06-06-2025 05:13:35,548.991884095974
06-06-2025 05:18:35,549.015785112775
06-06-2025 05:23:35,549.441013963101
06-06-2025 05:28:35,549.16799744271
06-06-2025 05:33:35,548.796070657024
06-06-2025 05:38:35,549.512514346265
06-06-2025 05:43:35,550.228835755845
06-06-2025 05:48:35,550.945034912041
06-06-2025 05:53:35,549.688351401718
06-06-2025 05:58:35,550.008860836433
06-06-2025 06:03:35,549.147912421461
06-06-2025 06:08:35,550.556392783474
06-06-2025 06:13:35,550.283364125919
06-06-2025 06:18:35,549.812589721332
06-06-2025 06:23:35,549.446257733505
06-06-2025 06:28:35,549.673257456732
06-06-2025 06:33:35,548.801573389255
06-06-2025 06:38:35,548.830766549747
06-06-2025 06:43:35,548.953378797738
06-06-2025 06:48:35,549.674616122952
06-06-2025 06:53:35,548.709682403891
06-06-2025 06:58:35,549.227663757134
06-06-2025 07:03:35,548.070578846749
06-06-2025 07:08:35,549.675828923602
06-06-2025 07:13:35,548.617656881397
06-06-2025 07:18:35,548.350219344152
06-06-2025 07:23:35,548.868100159876
06-06-2025 07:28:35,548.397614261391
06-06-2025 07:33:35,549.420400051244
06-06-2025 07:38:35,549.839298164523
06-06-2025 07:43:35,547.29880987472
06-06-2025 07:48:35,549.304379437953
06-06-2025 07:53:35,548.839245986717
06-06-2025 07:58:35,548.571755203021
06-06-2025 08:03:35,548.501907086865
06-06-2025 08:08:35,547.734948990833
06-06-2025 08:13:35,549.246199405111
06-06-2025 08:18:35,547.298746470433
06-06-2025 08:23:35,547.920594119036
06-06-2025 08:28:35,548.44360946288
06-06-2025 08:33:35,548.966612238559
06-06-2025 08:38:35,547.809666923976
06-06-2025 08:43:35,547.542086670575
06-06-2025 08:48:35,547.373313585603
06-06-2025 08:53:35,547.599806878843
06-06-2025 08:58:35,547.62864813073
06-06-2025 09:03:35,547.262197868076
06-06-2025 09:08:35,547.686292930011
06-06-2025 09:13:35,547.122178057841
06-06-2025 09:18:35,546.063951934536
06-06-2025 09:23:35,547.871485604293
06-06-2025 09:28:35,547.8014317106
06-06-2025 09:33:35,547.528477694725
06-06-2025 09:38:35,547.952465827668
06-06-2025 09:43:35,548.480572249879
06-06-2025 09:48:35,548.509287820122
06-06-2025 09:53:35,547.840988825211
06-06-2025 09:58:35,547.869679259125
06-06-2025 10:03:35,545.724496279834
06-06-2025 10:08:35,546.840091999939
06-06-2025 10:13:35,546.078249876618
06-06-2025 10:18:35,547.089816511095
06-06-2025 10:23:35,547.914131049636
06-06-2025 10:28:35,546.75700379545
06-06-2025 10:33:35,546.978053630181
06-06-2025 10:38:35,546.216211695994
06-06-2025 10:43:35,547.622821931557
06-06-2025 10:48:35,546.767373657938
06-06-2025 10:53:35,546.993533797739
06-06-2025 10:58:35,546.720517480274
06-06-2025 11:03:35,546.062560682975
06-06-2025 11:08:35,546.585095051827
06-06-2025 11:13:35,547.398837521268
06-06-2025 11:18:35,545.95045846162
06-06-2025 11:23:35,545.978935236739
06-06-2025 11:28:35,547.193047177871
06-06-2025 11:33:35,546.431066993875
06-06-2025 11:38:35,545.871740351459
06-06-2025 11:43:35,546.191520633416
06-06-2025 11:48:35,545.632145218438
06-06-2025 11:53:35,546.352229580719
06-06-2025 11:58:35,546.182994665501
06-06-2025 12:03:35,546.40899460849
06-06-2025 12:08:35,545.943298987164
06-06-2025 12:13:35,545.779061688248
06-06-2025 12:18:35,546.202679159933
06-06-2025 12:23:35,545.741934676818
06-06-2025 12:28:35,545.967903301503
06-06-2025 12:33:35,545.403238415206
06-06-2025 12:38:35,545.831866184084
06-06-2025 12:43:35,547.046167872983
06-06-2025 12:48:35,546.08607598563
06-06-2025 12:53:35,545.82284199603
06-06-2025 12:58:35,546.053805278945
06-06-2025 13:03:35,545.385088467151
06-06-2025 13:08:35,545.615987188583
06-06-2025 13:13:35,546.143483148522
06-06-2025 13:18:35,544.78271374888
06-06-2025 13:23:35,544.618099507669
06-06-2025 13:28:35,546.134181665746
06-06-2025 13:33:35,545.569129410545
06-06-2025 13:38:35,544.21312824312
06-06-2025 13:43:35,544.834455367679
06-06-2025 13:48:35,544.966365212794
06-06-2025 13:53:35,545.983214261113
06-06-2025 13:58:35,544.53306928626
06-06-2025 14:03:35,544.857792345751
06-06-2025 14:08:35,545.078688724548
06-06-2025 14:13:35,544.518372541457
06-06-2025 14:18:35,544.847966300215
06-06-2025 14:23:35,545.365496327046
06-06-2025 14:28:35,544.904002374448
06-06-2025 14:33:35,544.838012140781
06-06-2025 14:38:35,544.366643896806
06-06-2025 14:43:35,545.388465834961
06-06-2025 14:48:35,544.630116864597
06-06-2025 14:53:35,545.454260109067
06-06-2025 14:58:35,545.778939637319
06-06-2025 15:03:35,545.218296480007
06-06-2025 15:08:35,545.048363105526
06-06-2025 15:13:35,545.476886925447
06-06-2025 15:18:35,543.827762311616
06-06-2025 15:23:35,545.042892866183
06-06-2025 15:28:35,545.08055076721
06-06-2025 15:33:35,543.925757288598
06-06-2025 15:38:35,543.27036183229
06-06-2025 15:43:35,544.589748441874
06-06-2025 15:48:35,543.73147370988
06-06-2025 15:53:35,544.160062037643
06-06-2025 15:58:35,544.69256874832
06-06-2025 16:03:35,543.536899448412
06-06-2025 16:08:35,544.757819765401
06-06-2025 16:13:35,544.394264034576
06-06-2025 16:18:35,544.634618218697
06-06-2025 16:23:35,544.964405857648
06-06-2025 16:28:35,545.200037182776
06-06-2025 16:33:35,544.142564309324
06-06-2025 16:38:35,544.274156363167
06-06-2025 16:43:35,543.716731904833
06-06-2025 16:48:35,544.740437625677
06-06-2025 16:53:35,544.475522534173
06-06-2025 16:58:35,543.913116352232
06-06-2025 17:03:35,543.945514189474
06-06-2025 17:08:35,543.477364584397
06-06-2025 17:13:35,544.699615614322
06-06-2025 17:18:35,545.520478207297
06-06-2025 17:23:35,545.15141099581
06-06-2025 17:28:35,544.683171446466
06-06-2025 17:33:35,545.305676795565
06-06-2025 17:38:35,544.941412590449
06-06-2025 17:43:35,544.468294625748
06-06-2025 17:48:35,544.302269274545
06-06-2025 17:53:35,544.225820801422
06-06-2025 17:58:35,546.2463727514
06-06-2025 18:03:35,545.376397997758
06-06-2025 18:08:35,543.91634117231
06-06-2025 18:13:35,544.246060527752
06-06-2025 18:18:35,544.769372355947
06-06-2025 18:23:35,545.29752181486
06-06-2025 18:28:35,544.725026244248
06-06-2025 18:33:35,544.85159779937
06-06-2025 18:38:35,544.878981144182
06-06-2025 18:43:35,544.514428107941
06-06-2025 18:48:35,544.244235575592
06-06-2025 18:53:35,544.866682697575
06-06-2025 18:58:35,544.298914288065
06-06-2025 19:03:35,544.623785532887
06-06-2025 19:08:35,544.358298430418
06-06-2025 19:13:35,543.691253160315
06-06-2025 19:18:35,544.512068117256
06-06-2025 19:23:35,545.040100055
06-06-2025 19:28:35,544.670559876748
06-06-2025 19:33:35,545.392201194236
06-06-2025 19:38:35,545.622677228761
06-06-2025 19:43:35,544.95544537133
06-06-2025 19:48:35,545.384303904147
06-06-2025 19:53:35,544.121699234753
06-06-2025 19:58:35,544.550493675856
06-06-2025 20:03:35,544.979339870686
06-06-2025 20:08:35,544.510340809687
06-06-2025 20:13:35,545.331335245537
06-06-2025 20:18:35,544.271644172249
06-06-2025 20:23:35,544.001046037193
06-06-2025 20:28:35,544.921305527633
06-06-2025 20:33:35,544.352964707832
06-06-2025 20:38:35,544.78175623597
06-06-2025 20:43:35,544.714324145463
06-06-2025 20:48:35,545.332117604772
06-06-2025 20:53:35,544.565184560241
06-06-2025 20:58:35,546.0857722076
06-06-2025 21:03:35,544.028434381072
06-06-2025 21:08:35,544.452461003726
06-06-2025 21:13:35,544.384906560721
06-06-2025 21:18:35,545.007465913562
06-06-2025 21:23:35,544.339593288108
06-06-2025 21:28:35,545.453656247842
06-06-2025 21:33:35,544.686559061347
06-06-2025 21:38:35,545.413053980763
06-06-2025 21:43:35,545.241446240394
06-06-2025 21:48:35,545.268351994957
06-06-2025 21:53:35,544.99745608671
06-06-2025 21:58:35,545.222862768042
06-06-2025 22:03:35,545.646782944306
06-06-2025 22:08:35,545.673638426211
06-06-2025 22:13:35,544.112272835176
06-06-2025 22:18:35,545.131733496238
06-06-2025 22:23:35,544.856047322175
06-06-2025 22:28:35,545.57763809628
06-06-2025 22:33:35,544.909645172506
06-06-2025 22:38:35,544.931711143845
06-06-2025 22:43:35,544.561490124148
06-06-2025 22:48:35,545.679963502979
06-06-2025 22:53:35,545.612220539359
06-06-2025 22:58:35,544.641717229425
06-06-2025 23:03:35,545.065422985973
06-06-2025 23:08:35,546.084598961033
06-06-2025 23:13:35,544.821078352334
06-06-2025 23:18:35,546.539784504571
06-06-2025 23:23:35,545.271413363828
06-06-2025 23:28:35,545.496562017328
06-06-2025 23:33:35,545.617705831807
06-06-2025 23:38:35,544.850421624312
06-06-2025 23:43:35,545.566976157997
06-06-2025 23:48:35,545.097424097762
06-06-2025 23:53:35,545.724147442602
06-06-2025 23:58:35,545.745982045124
06-08-2025 00:03:35,547.277857488938
06-08-2025 00:08:35,546.702818474002
06-08-2025 00:13:35,547.323713349974
06-08-2025 00:18:35,547.043347827351
06-08-2025 00:23:35,547.066244337458
06-08-2025 00:28:35,548.384632749338
06-08-2025 00:33:35,546.115457753224
06-08-2025 00:38:35,547.932091978753
06-08-2025 00:43:35,546.559779556267
06-08-2025 00:48:35,547.17625106903
06-08-2025 00:53:35,548.19553393372
06-08-2025 00:58:35,547.126513809604
06-08-2025 01:03:35,547.045384315182
06-08-2025 01:08:35,548.558469589591
06-08-2025 01:13:35,548.481602254046
06-08-2025 01:18:35,547.308702546255
06-08-2025 01:23:35,548.626744370485
06-08-2025 01:28:35,547.250265291683
06-08-2025 01:33:35,548.373283558235
06-08-2025 01:38:35,548.790146129321
06-08-2025 01:43:35,548.215060631119
06-08-2025 01:48:35,548.636264094215
06-08-2025 01:53:35,547.658331599758
06-08-2025 01:58:35,548.876455032818
06-08-2025 02:03:35,546.50816874348
06-08-2025 02:08:35,547.024667540798
06-08-2025 02:13:35,547.939498883859
06-08-2025 02:18:35,547.061408046134
06-08-2025 02:23:35,547.88078789293
06-08-2025 02:28:35,548.098243945242
06-08-2025 02:33:35,548.220403800029
06-08-2025 02:38:35,547.541556368923
06-08-2025 02:43:35,547.165772515952
06-08-2025 02:48:35,547.881082243233
06-08-2025 02:53:35,548.098437519169
06-08-2025 02:58:35,548.514865142044
06-08-2025 03:03:35,547.940010802951
06-08-2025 03:08:35,547.460446967732
06-08-2025 03:13:35,549.071335664095
06-08-2025 03:18:35,548.293137721481
06-08-2025 03:23:35,548.415115898263
06-08-2025 03:28:35,548.731800827067
06-08-2025 03:33:35,548.15276272526
06-08-2025 03:38:35,548.170869503482
06-08-2025 03:43:35,549.581994517167
06-08-2025 03:48:35,548.704518235416
06-08-2025 03:53:35,548.82203561433
06-08-2025 03:58:35,548.541612399532
06-08-2025 04:03:35,548.166043161727
06-08-2025 04:08:35,548.482496572572
06-08-2025 04:13:35,548.500503545975
06-08-2025 04:18:35,549.015769817977
06-08-2025 04:23:35,548.735374371161
06-08-2025 04:28:35,548.7490051635
06-08-2025 04:33:35,548.26983778469
06-08-2025 04:38:35,548.979371916938
06-08-2025 04:43:35,548.405176692079
06-08-2025 04:48:35,548.518218353049
06-08-2025 04:53:35,547.741080086262
06-08-2025 04:58:35,548.052921416847
06-08-2025 05:03:35,548.870046179321
06-08-2025 05:08:35,548.29175670432
06-08-2025 05:13:35,549.10012610168
06-08-2025 05:18:35,548.219677221067
06-08-2025 05:23:35,548.539799694125
06-08-2025 05:28:35,549.347850245523
06-08-2025 05:33:35,548.769805357307
06-08-2025 05:38:35,548.986202865724
06-08-2025 05:43:35,549.401098981027
06-08-2025 05:48:35,549.815982528165
06-08-2025 05:53:35,547.844040866168
06-08-2025 05:58:35,548.55666692113
06-08-2025 06:03:35,548.574439871015
06-08-2025 06:08:35,549.28255202921
06-08-2025 06:13:35,547.915331467022
06-08-2025 06:18:35,548.821851913661
06-08-2025 06:23:35,548.244317707818
06-08-2025 06:28:35,548.162864224421
06-08-2025 06:33:35,548.081414731899
06-08-2025 06:38:35,548.694254288219
06-08-2025 06:43:35,548.612757198596
06-08-2025 06:48:35,548.432096391535
06-08-2025 06:53:35,549.337904569484
06-08-2025 06:58:35,548.368289840901
06-08-2025 07:03:35,548.385952581134
06-08-2025 07:08:35,548.300248425963
06-08-2025 07:13:35,549.016010626736
06-08-2025 07:18:35,549.033590116181
06-08-2025 07:23:35,549.154551011251
06-08-2025 07:28:35,548.176775136619
06-08-2025 07:33:35,549.486946113776
06-08-2025 07:38:35,549.207156687387
06-08-2025 07:43:35,548.733465545767
06-08-2025 07:48:35,548.949180869599
06-08-2025 07:53:35,547.781885367169
06-08-2025 07:58:35,548.691203000877
06-08-2025 08:03:35,549.204075894307
06-08-2025 08:08:35,549.230073328529
06-08-2025 08:13:35,550.035766719541
06-08-2025 08:18:35,548.769628913735
06-08-2025 08:23:35,549.187577446298
06-08-2025 08:28:35,549.10593764292
06-08-2025 08:33:35,549.72194280764
06-08-2025 08:38:35,549.536915206295
06-08-2025 08:43:35,549.661886571336
06-08-2025 08:48:35,549.089220869146
06-08-2025 08:53:35,549.700837470829
06-08-2025 08:58:35,549.128194131757
06-08-2025 09:03:35,549.744028881003
06-08-2025 09:08:35,549.369442181682
06-08-2025 09:13:35,548.004434033795
06-08-2025 09:18:35,547.823772182903
06-08-2025 09:23:35,548.740811114935
06-08-2025 09:28:35,549.451365475131
06-08-2025 09:33:35,549.670945432612
06-08-2025 09:38:35,549.193047999285
06-08-2025 09:43:35,549.115511816287
06-08-2025 09:48:35,549.830163534622
06-08-2025 09:53:35,549.356501980546
06-08-2025 09:58:35,549.769780485724
06-08-2025 10:03:35,548.508166226589
06-08-2025 10:08:35,547.935441909332
06-08-2025 10:13:35,549.145156080281
06-08-2025 10:18:35,549.562657213568
06-08-2025 10:23:35,548.494769898382
06-08-2025 10:28:35,549.31257222957
06-08-2025 10:33:35,549.631034341808
06-08-2025 10:38:35,549.84618524345
06-08-2025 10:43:35,548.980492216286
06-08-2025 10:48:35,549.794081487687
06-08-2025 10:53:35,548.527965763568
06-08-2025 10:58:35,548.648299089522
06-08-2025 11:03:35,549.263784710967
06-08-2025 11:08:35,549.384092900592
06-08-2025 11:13:35,549.211492632962
06-08-2025 11:18:35,548.737538273326
06-08-2025 11:23:35,548.754612333168
06-08-2025 11:28:35,549.275205170163
06-08-2025 11:33:35,549.399670051869
06-08-2025 11:38:35,548.826577032088
06-08-2025 11:43:35,548.154422639528
06-08-2025 11:48:35,548.769890138794
06-08-2025 11:53:35,549.088198656052
06-08-2025 11:58:35,549.50554340976
06-08-2025 12:03:35,550.125233002511
06-08-2025 12:08:35,549.259036106462
06-08-2025 12:13:35,549.676406503461
06-08-2025 12:18:35,547.720276085869
06-08-2025 12:23:35,548.831160961561
06-08-2025 12:28:35,549.058714442283
06-08-2025 12:33:35,548.881599187425
06-08-2025 12:38:35,549.303185766655
06-08-2025 12:43:35,548.63880684348
06-08-2025 12:48:35,548.76722034947
06-08-2025 12:53:35,549.19308736286
06-08-2025 12:58:35,548.234929387013
06-08-2025 13:03:35,548.764161363606
06-08-2025 13:08:35,548.797548206095
06-08-2025 13:13:35,549.629046562448
06-08-2025 13:18:35,547.581962685026
06-08-2025 13:23:35,549.406660094063
06-08-2025 13:28:35,548.455018582553
06-08-2025 13:33:35,548.003610495386
06-08-2025 13:38:35,547.456319390093
06-08-2025 13:43:35,547.696356347311
06-08-2025 13:48:35,547.347396288408
06-08-2025 13:53:35,549.280590902962
06-08-2025 13:58:35,548.437997219005
06-08-2025 14:03:35,547.582148956935
06-08-2025 14:08:35,547.934607592749
06-08-2025 14:13:35,548.079666792642
06-08-2025 14:18:35,547.222269132723
06-08-2025 14:23:35,548.27020485323
06-08-2025 14:28:35,548.315587363491
06-08-2025 14:33:35,547.552896302824
06-08-2025 14:38:35,546.593618480485
06-08-2025 14:43:35,548.227024110096
06-08-2025 14:48:35,547.763729614504
06-08-2025 14:53:35,547.19598515252
06-08-2025 14:58:35,547.132594568636
06-08-2025 15:03:35,548.066753843433
06-08-2025 15:08:35,548.492185590072
06-08-2025 15:13:35,548.224606264143
06-08-2025 15:18:35,548.349546743751
06-08-2025 15:23:35,546.670706822526
06-08-2025 15:28:35,546.995946754985
06-08-2025 15:33:35,548.21917624873
06-08-2025 15:38:35,548.143631705911
06-08-2025 15:43:35,547.161950956405
06-08-2025 15:48:35,548.088630441041
06-08-2025 15:53:35,546.90637432474
06-08-2025 15:58:35,547.127389746066
06-08-2025 16:03:35,547.252155540989
06-08-2025 16:08:35,547.27667483558
06-08-2025 16:13:35,547.898688178962
06-08-2025 16:18:35,548.42043815676
06-08-2025 16:23:35,547.338162807675
06-08-2025 16:28:35,548.661894028503
06-08-2025 16:33:35,548.48593875745
06-08-2025 16:38:35,547.19903607145
06-08-2025 16:43:35,547.123192904888
06-08-2025 16:48:35,547.644908029628
06-08-2025 16:53:35,547.769598750946
06-08-2025 16:58:35,546.486522921978
06-08-2025 17:03:35,548.311712179067
06-08-2025 17:08:35,547.834771832995
06-08-2025 17:13:35,548.657330653206
06-08-2025 17:18:35,546.475534347834
06-08-2025 17:23:35,547.406387190152
06-08-2025 17:28:35,547.727605679238
06-08-2025 17:33:35,548.15315437941
06-08-2025 17:38:35,547.671911262996
06-08-2025 17:43:35,546.99793402105
06-08-2025 17:48:35,546.620823694564
06-08-2025 17:53:35,547.752743776936
06-08-2025 17:58:35,546.87378788705
06-08-2025 18:03:35,546.701143547368
06-08-2025 18:08:35,548.431754615958
06-08-2025 18:13:35,547.05452016022
06-08-2025 18:18:35,546.88177942879
06-08-2025 18:23:35,546.307245393363
06-08-2025 18:28:35,546.829562347868
06-08-2025 18:33:35,547.359795870866
06-08-2025 18:38:35,546.885561082541
06-08-2025 18:43:35,548.219764718261
06-08-2025 18:48:35,548.042943842127
06-08-2025 18:53:35,546.660141991066
06-08-2025 18:58:35,548.794699963476
06-08-2025 19:03:35,545.703015969354
06-08-2025 19:08:35,546.732100176677
06-08-2025 19:13:35,547.463717395099
06-08-2025 19:18:35,547.986438292033
06-08-2025 19:23:35,546.606755365442
06-08-2025 19:28:35,546.232286568658
06-08-2025 19:33:35,546.55788213379
06-08-2025 19:38:35,547.285852484421
06-08-2025 19:43:35,547.112519932719
06-08-2025 19:48:35,546.935198958036
06-08-2025 19:53:35,547.260918900363
06-08-2025 19:58:35,548.089802310467
06-08-2025 20:03:35,547.312608880594
06-08-2025 20:08:35,546.031854023148
06-08-2025 20:13:35,546.756365106829
06-08-2025 20:18:35,547.488763449091
06-08-2025 20:23:35,546.304404396998
06-08-2025 20:28:35,546.932269449993
06-08-2025 20:33:35,546.347980337668
06-08-2025 20:38:35,547.882159808469
06-08-2025 20:43:35,547.40243177011
06-08-2025 20:48:35,547.325470915626
06-08-2025 20:53:35,546.946311482398
06-08-2025 20:58:35,546.36561138966
06-08-2025 21:03:35,546.989780677247
06-08-2025 21:08:35,547.315665172811
06-08-2025 21:13:35,547.037098916719
06-08-2025 21:18:35,548.064320751572
06-08-2025 21:23:35,547.285898176399
06-08-2025 21:28:35,546.701028670371
06-08-2025 21:33:35,546.023003730505
06-08-2025 21:38:35,546.348873942756
06-08-2025 21:43:35,545.965397138979
06-08-2025 21:48:35,547.202336836995
06-08-2025 21:53:35,547.221990760675
06-08-2025 21:58:35,546.993481773816
06-08-2025 22:03:35,546.764960218792
06-08-2025 22:08:35,547.292590308508
06-08-2025 22:13:35,547.215261448681
06-08-2025 22:18:35,547.44044339395
06-08-2025 22:23:35,547.060518688713
06-08-2025 22:28:35,547.890869985983
06-08-2025 22:33:35,547.410017571437
06-08-2025 22:38:35,547.02995033608
06-08-2025 22:43:35,548.167084626919
06-08-2025 22:48:35,547.480330745953
06-08-2025 22:53:35,546.700359330769
06-08-2025 22:58:35,547.628058622314
06-08-2025 23:03:35,547.752377142824
06-08-2025 23:08:35,547.674843129115
06-08-2025 23:13:35,547.997081528821
06-08-2025 23:18:35,549.433582391824
06-08-2025 23:23:35,547.434275219593
06-08-2025 23:28:35,548.567982471699
06-08-2025 23:33:35,549.09210986217
06-08-2025 23:38:35,548.307904049963
06-08-2025 23:43:35,548.129323213302
06-08-2025 23:48:35,548.653495145061
06-08-2025 23:53:35,548.773808847968
06-08-2025 23:58:35,548.486291527153
06-09-2025 00:03:35,548.404665488634
06-09-2025 00:08:35,548.932751717356
06-09-2025 00:13:35,549.149954416418
06-09-2025 00:18:35,548.365574688311
06-09-2025 00:23:35,548.485812982231
06-09-2025 00:28:35,548.501112723193
06-09-2025 00:33:35,548.72227084546
06-09-2025 00:38:35,549.137296898937
06-09-2025 00:43:35,548.143226323157
06-09-2025 00:48:35,548.162440361083
06-09-2025 00:53:35,548.981080926419
06-09-2025 00:58:35,549.395865950579
06-09-2025 01:03:35,548.704805108024
06-09-2025 01:08:35,549.829673350659
06-09-2025 01:13:35,548.936928788141
06-09-2025 01:18:35,547.842594506167
06-09-2025 01:23:35,550.278339604682
06-09-2025 01:28:35,548.582925043831
06-09-2025 01:33:35,549.400836072913
06-09-2025 01:38:35,549.516742067509
06-09-2025 01:43:35,549.02371091345
06-09-2025 01:48:35,550.244385612856
06-09-2025 01:53:35,549.956994708192
06-09-2025 01:58:35,549.064956468565
06-09-2025 02:03:35,549.277561421119
06-09-2025 02:08:35,548.184266254024
06-09-2025 02:13:35,549.404346266668
06-09-2025 02:18:35,549.717512365104
06-09-2025 02:23:35,549.224913829949
06-09-2025 02:28:35,550.64968333434
06-09-2025 02:33:35,551.264546618225
06-09-2025 02:38:35,550.171927549614
06-09-2025 02:43:35,550.786704249777
06-09-2025 02:48:35,550.290163060904
06-09-2025 02:53:35,549.600632705242
06-09-2025 02:58:35,550.215183414272
06-09-2025 03:03:35,550.628342933379
06-09-2025 03:08:35,550.236751700812
06-09-2025 03:13:35,550.850880615907
06-09-2025 03:18:35,549.35735264584
06-09-2025 03:23:35,549.163229068214
06-09-2025 03:28:35,550.183285677444
06-09-2025 03:33:35,550.089508957677
06-09-2025 03:38:35,550.200739446729
06-09-2025 03:43:35,549.813608065347
06-09-2025 03:48:35,550.824856113921
06-09-2025 03:53:35,549.132093716131
06-09-2025 03:58:35,549.239450286984
06-09-2025 04:03:35,549.957072198189
06-09-2025 04:08:35,550.064183533176
06-09-2025 04:13:35,550.576704478048
06-09-2025 04:18:35,550.286267147048
06-09-2025 04:23:35,550.70228705746
06-09-2025 04:28:35,550.110913849904
06-09-2025 04:33:35,549.820648408855
06-09-2025 04:38:35,549.626809068693
06-09-2025 04:43:35,549.336727847826
06-09-2025 04:48:35,549.547987945644
06-09-2025 04:53:35,550.26034603714
06-09-2025 04:58:35,550.074481849288
06-09-2025 05:03:35,551.379661435751
06-09-2025 05:08:35,550.492465581975
06-09-2025 05:13:35,551.003844551441
06-09-2025 05:18:35,552.015819449889
06-09-2025 05:23:35,550.027304795887
06-09-2025 05:28:35,550.033920461128
06-09-2025 05:33:35,550.545016713909
06-09-2025 05:38:35,551.25611894416
06-09-2025 05:43:35,550.565967307877
06-09-2025 05:48:35,550.976653717818
06-09-2025 05:53:35,550.590876165902
06-09-2025 05:58:35,549.801056902923
06-09-2025 06:03:35,550.507740612061
06-09-2025 06:08:35,549.918225543503
06-09-2025 06:13:35,550.532588619616
06-09-2025 06:18:35,551.342745701172
06-09-2025 06:23:35,550.349539614382
06-09-2025 06:28:35,550.263997897324
06-09-2025 06:33:35,550.770032370952
06-09-2025 06:38:35,550.184951814344
06-09-2025 06:43:35,549.29252455113
06-09-2025 06:48:35,551.400213307467
06-09-2025 06:53:35,550.711502743704
06-09-2025 06:58:35,550.725804630201
06-09-2025 07:03:35,551.933987061745
06-09-2025 07:08:35,550.347186121305
06-09-2025 07:13:35,551.159874912304
06-09-2025 07:18:35,550.172262627212
06-09-2025 07:23:35,550.58565320506
06-09-2025 07:28:35,550.998967583316
06-09-2025 07:33:35,550.410677994033
06-09-2025 07:38:35,551.115121037172
06-09-2025 07:43:35,550.83014030595
06-09-2025 07:48:35,551.837378526584
06-09-2025 07:53:35,550.651188242037
06-09-2025 07:58:35,551.458777289735
06-09-2025 08:03:35,550.472324394247
06-09-2025 08:08:35,551.777859805744
06-09-2025 08:13:35,550.002468324901
06-09-2025 08:18:35,550.813699075866
06-09-2025 08:23:35,551.919611872763
06-09-2025 08:28:35,551.037170857257
06-09-2025 08:33:35,551.843995766462
06-09-2025 08:38:35,551.260502033253
06-09-2025 08:43:35,551.174962962593
06-09-2025 08:48:35,551.483692669173
06-09-2025 08:53:35,550.999937932431
06-09-2025 08:58:35,550.914419703994
06-09-2025 09:03:35,551.027973775752
06-09-2025 09:08:35,551.340552177658
06-09-2025 09:13:35,551.254998155882
06-09-2025 09:18:35,550.771407623091
06-09-2025 09:23:35,551.680915178031
06-09-2025 09:28:35,550.600383755763
06-09-2025 09:33:35,552.007170487569
06-09-2025 09:38:35,551.225201535996
06-09-2025 09:43:35,551.040169639091
06-09-2025 09:48:35,551.157496517068
06-09-2025 09:53:35,550.873001854153
06-09-2025 09:58:35,551.682539738575
06-09-2025 10:03:35,552.893809529532
06-09-2025 10:08:35,552.012513117387
06-09-2025 10:13:35,551.234736925314
06-09-2025 10:18:35,551.447444523884
06-09-2025 10:23:35,551.469179398361
06-09-2025 10:28:35,551.184654534165
06-09-2025 10:33:35,551.496747377466
06-09-2025 10:38:35,551.514478371987
06-09-2025 10:43:35,550.840094424949
06-09-2025 10:48:35,551.354991649115
06-09-2025 10:53:35,549.781672568028
06-09-2025 10:58:35,550.594859475449
06-09-2025 11:03:35,551.312537776277
06-09-2025 11:08:35,550.439048114918
06-09-2025 11:13:35,550.957873876338
06-09-2025 11:18:35,550.283125110196
06-09-2025 11:23:35,550.798094000293
06-09-2025 11:28:35,550.222727044902
06-09-2025 11:33:35,551.242961146368
06-09-2025 11:38:35,550.866463408349
06-09-2025 11:43:35,550.195203427733
06-09-2025 11:48:35,551.812994334995
06-09-2025 11:53:35,550.245683286191
06-09-2025 11:58:35,550.864408989402
06-09-2025 12:03:35,550.096958534098
06-09-2025 12:08:35,550.719719844462
06-09-2025 12:13:35,550.649240373646
06-09-2025 12:18:35,551.678772566746
06-09-2025 12:23:35,550.025066350155
06-09-2025 12:28:35,549.658894202466
06-09-2025 12:33:35,549.994651721561
06-09-2025 12:38:35,548.840894508074
06-09-2025 12:43:35,548.577364781456
06-09-2025 12:48:35,549.32025039464
06-09-2025 12:53:35,550.463878406683
06-09-2025 12:58:35,549.504131513559
06-09-2025 13:03:35,549.44415192583
06-09-2025 13:08:35,548.787039246799
06-09-2025 13:13:35,549.219986478857
06-09-2025 13:18:35,550.161883354921
06-09-2025 13:23:35,549.700927109856
06-09-2025 13:28:35,549.235725818525
06-09-2025 13:33:35,548.666051459108
06-09-2025 13:38:35,548.60156301587
06-09-2025 13:43:35,548.633698311721
06-09-2025 13:53:35,549.387848854443
06-09-2025 13:58:35,549.92663897225
06-09-2025 14:03:35,549.657491767713
06-09-2025 14:08:35,550.192886823958
06-09-2025 14:13:35,549.017976258627
06-09-2025 14:18:35,549.557258164394
06-09-2025 14:23:35,549.992414709552
06-09-2025 14:28:35,549.316008158617
06-09-2025 14:33:35,549.344486653813
06-09-2025 14:38:35,550.279911263459
06-09-2025 14:43:35,548.897436700205
06-09-2025 14:50:00,549.836981764283
06-09-2025 15:00:00,548.460973452831
06-09-2025 15:10:00,548.892758532199
06-09-2025 15:20:00,548.412752617789
06-09-2025 15:30:00,548.837197056837
06-09-2025 15:40:00,547.949624500452
06-09-2025 15:50:00,548.579651531761
06-09-2025 16:00:00,549.912779160626
06-09-2025 16:10:00,549.335377963121
06-09-2025 16:20:00,548.649246317243
06-09-2025 16:30:00,548.774662968603
06-09-2025 16:40:00,547.381210195392
06-09-2025 16:50:00,548.819770379097
06-09-2025 17:00:00,548.338950588215
06-09-2025 17:10:00,548.670146842011
06-09-2025 17:20:00,548.60081493566
06-09-2025 17:30:00,548.531414140871
06-09-2025 17:40:00,548.671697638948
06-09-2025 17:50:00,547.293585491324
06-09-2025 18:00:00,548.239931910097
06-09-2025 18:10:00,547.877203854745
06-09-2025 18:20:00,549.947411992416
06-09-2025 18:30:00,548.157554764999
06-09-2025 18:40:00,548.192737681538
06-09-2025 18:50:00,548.942266505972
06-09-2025 19:00:00,549.384010639216
06-09-2025 19:10:00,548.603097756024
06-09-2025 19:20:00,549.14661805429
06-09-2025 19:30:00,548.361314991474
06-09-2025 19:40:00,549.206408441068
06-09-2025 19:50:00,549.23441713655
06-09-2025 20:00:00,548.753673950148
06-09-2025 20:10:00,548.679769222849
06-09-2025 20:20:00,548.60210276014
06-09-2025 20:30:00,548.622495097765
06-09-2025 20:40:00,548.744682966119
06-09-2025 20:50:00,548.968691460512
06-09-2025 21:00:00,548.170814751024
06-09-2025 21:10:00,549.205610867572
06-09-2025 21:20:00,546.985851146567
06-09-2025 21:30:00,548.627953160109
06-09-2025 21:40:00,549.357264006463
06-09-2025 21:50:00,549.370095389375
06-09-2025 22:00:00,548.259461740474
06-09-2025 22:10:00,548.479605424099
06-09-2025 22:20:00,549.408517831175
06-09-2025 22:30:00,549.010485842235
06-09-2025 22:40:00,548.921534183234
06-09-2025 22:50:00,549.235848902874
06-09-2025 23:00:00,548.943417763001
06-09-2025 23:10:00,549.359351403404
06-09-2025 23:20:00,550.385334560302
06-09-2025 23:30:00,550.902562902177
06-09-2025 23:40:00,549.695063055048
06-09-2025 23:50:00,550.310107904208
06-10-2025 00:00:00,549.498370592901
06-10-2025 00:10:00,550.523288360558
06-10-2025 00:20:00,548.903038180201
06-10-2025 00:30:00,550.220908576885
06-10-2025 00:40:00,549.308622452718
06-10-2025 00:50:00,549.828720746139
06-10-2025 01:00:00,550.040504103472
06-10-2025 01:10:00,550.037984826412
06-10-2025 01:20:00,549.937835851542
06-10-2025 01:30:00,551.358242042339
06-10-2025 01:40:00,551.464267262655
06-10-2025 01:50:00,551.258567481161
06-10-2025 02:00:00,550.753076074034
06-10-2025 02:10:00,550.547818140172
06-10-2025 02:20:00,550.346504667424
06-10-2025 02:30:00,551.149234095858
06-10-2025 02:40:00,550.745667919402
06-10-2025 02:50:00,550.031647998506
06-10-2025 03:00:00,550.130162931112
06-10-2025 03:10:00,550.434322961174
06-10-2025 03:20:00,550.831637652161
06-10-2025 03:30:00,551.938664930283
06-10-2025 03:40:00,550.930646222427
06-10-2025 03:50:00,551.629680169275
06-10-2025 04:00:00,550.618810214234
06-10-2025 04:10:00,551.220468356608
06-10-2025 04:20:00,550.210587125102
06-10-2025 04:30:00,551.620964416315
06-10-2025 04:40:00,550.708509366095
06-10-2025 04:50:00,552.113701384506
06-10-2025 05:00:00,552.013710094403
06-10-2025 05:10:00,550.707747255201
06-10-2025 05:20:00,551.203503128321
06-10-2025 05:30:00,551.505602062875
06-10-2025 05:40:00,551.602903132515
06-10-2025 05:50:00,551.098085241868
06-10-2025 06:00:00,551.500179529059
06-10-2025 06:10:00,551.697639406382
06-10-2025 06:20:00,551.49403402558
06-10-2025 06:30:00,551.498564561898
06-10-2025 06:40:00,551.599459820989
06-10-2025 06:50:00,550.69891379259
06-10-2025 07:00:00,551.296746478298
06-10-2025 07:10:00,551.80166811165
06-10-2025 07:20:00,550.401720500996
06-10-2025 07:30:00,551.706694246355
06-10-2025 07:40:00,551.507368410605
06-10-2025 07:50:00,550.808410837081
06-10-2025 08:00:00,551.412624513906
06-10-2025 08:10:00,551.62071385332
06-10-2025 08:20:00,550.626282097182
06-10-2025 08:30:00,550.534787521549
06-10-2025 08:40:00,551.641574365085
06-10-2025 08:50:00,551.442563863718
06-10-2025 09:00:00,551.550590224905
06-10-2025 09:10:00,550.461086860077
06-10-2025 09:20:00,551.071822148503
06-10-2025 09:30:00,551.38312540154
06-10-2025 09:40:00,551.291559644664
06-10-2025 09:50:00,552.00555142134
06-10-2025 10:00:00,550.720666942476
06-10-2025 10:10:00,550.440742728945
06-10-2025 10:20:00,551.952764678797
06-10-2025 10:30:00,551.273822143487
06-10-2025 10:40:00,550.195656990693
06-10-2025 10:50:00,551.31625651004
06-10-2025 11:00:00,549.84222540906
06-10-2025 11:10:00,550.667308825459
06-10-2025 11:20:00,551.500271711481
06-10-2025 11:30:00,549.636275745203
06-10-2025 11:40:00,550.665663521432
06-10-2025 11:50:00,550.099718476655
06-10-2025 12:00:00,549.740559170216
06-10-2025 12:10:00,551.286541190606
06-10-2025 12:20:00,550.337567458649
06-10-2025 12:30:00,549.487287372351
06-10-2025 12:40:00,550.549572282624
06-10-2025 12:50:00,549.801939261841
06-10-2025 13:00:00,549.559255785963
06-10-2025 13:10:00,549.510146772158
06-10-2025 13:20:00,549.763065995556
06-10-2025 13:30:00,549.721216789616
06-10-2025 13:40:00,549.369309169061
06-10-2025 13:50:00,549.316128363527
06-10-2025 14:00:00,549.973790872686
06-10-2025 14:10:00,549.512780780074
06-10-2025 14:20:00,549.665495203593
06-10-2025 14:30:00,549.40246307514
06-10-2025 14:40:00,550.152263476964
06-10-2025 14:50:00,549.38227663176
06-10-2025 15:00:00,549.824922391963
06-10-2025 15:10:00,550.264294655377
06-10-2025 15:20:00,547.854831526085
06-10-2025 15:30:00,548.692662438017
06-10-2025 15:40:00,547.703155626687
06-10-2025 15:50:00,549.154302353058
06-10-2025 16:00:00,548.980664190395
06-10-2025 16:10:00,548.705249056984
06-10-2025 16:20:00,548.629433025901
06-10-2025 16:30:00,548.2484880447
06-10-2025 16:40:00,549.600123889814
06-10-2025 16:50:00,548.612206593196
06-10-2025 17:00:00,549.052267313525
06-10-2025 17:10:00,547.757895182217
06-10-2025 17:20:00,549.11833654579
06-10-2025 17:30:00,548.539826052021
06-10-2025 17:40:00,548.164747844941
06-10-2025 17:50:00,549.21745671995
06-10-2025 18:00:00,549.454602476592
06-10-2025 18:10:00,549.079362582013
06-10-2025 18:20:00,549.827270667688
06-10-2025 18:30:00,549.039537218771
06-10-2025 18:40:00,548.656521623624
06-10-2025 18:50:00,548.572871646138
06-10-2025 19:00:00,548.298838785037
06-10-2025 19:10:00,548.119834533062
06-10-2025 19:20:00,548.138303616991
06-10-2025 19:30:00,550.31214099704
06-10-2025 19:40:00,549.208924879256
06-10-2025 19:50:00,548.613471810306
06-10-2025 20:00:00,549.556580755242
06-10-2025 20:10:00,548.449207084288
06-10-2025 20:20:00,549.078222231412
06-10-2025 20:30:00,548.789589124621
06-10-2025 20:40:00,549.213904769979
06-10-2025 20:50:00,549.638207847172
06-10-2025 21:00:00,550.164860904283
06-10-2025 21:10:00,547.722987498844
06-10-2025 21:20:00,548.966153256202
06-10-2025 21:30:00,548.363271704621
06-10-2025 21:40:00,549.500355484588
06-10-2025 21:50:00,548.594022207336
06-10-2025 22:00:00,548.404095836576
06-10-2025 22:10:00,547.596642964654
06-10-2025 22:20:00,548.733559302358
06-10-2025 22:30:00,548.744754599279
06-10-2025 22:40:00,548.142066881475
06-10-2025 22:50:00,549.278626195927
06-10-2025 23:00:00,548.058733489898
06-10-2025 23:10:00,549.706389481666
06-10-2025 23:20:00,550.024258319964
06-10-2025 23:30:00,550.440663466411
06-10-2025 23:40:00,549.830954940735
06-10-2025 23:50:00,549.225100287711
06-11-2025 00:00:00,549.845762279277
06-11-2025 00:10:00,550.561059980915
06-11-2025 00:20:00,550.871064679227
06-11-2025 00:30:00,549.744193316219
06-11-2025 00:40:00,550.152631544397
06-11-2025 00:50:00,551.172950344079
06-11-2025 01:00:00,550.054375702083
06-11-2025 01:10:00,550.258398656517
06-11-2025 01:20:00,550.152871361013
06-11-2025 01:30:00,550.866162113317
06-11-2025 01:40:00,549.439969054351
06-11-2025 01:50:00,551.574835196261
06-11-2025 02:00:00,551.363441577538
06-11-2025 02:10:00,550.952492361531
06-11-2025 02:20:00,550.338515291718
06-11-2025 02:30:00,550.334883968002
06-11-2025 02:40:00,550.432853690679
06-11-2025 02:50:00,550.530742364907
06-11-2025 03:00:00,550.226080776043
06-11-2025 03:10:00,551.741017019396
06-11-2025 03:20:00,551.537645373534
06-11-2025 03:30:00,551.52983415567
06-11-2025 03:40:00,549.907684627934
06-11-2025 03:50:00,550.913760915604
06-11-2025 04:00:00,550.606100612675
06-11-2025 04:10:00,550.605972325327
06-11-2025 04:20:00,550.504640364681
06-11-2025 04:30:00,551.711165812596
06-11-2025 04:40:00,552.014023441342
06-11-2025 04:50:00,550.998947777979
06-11-2025 05:00:00,550.590911830099
06-11-2025 05:10:00,551.395139431648
06-11-2025 05:20:00,550.688007440208
06-11-2025 05:30:00,550.684240468064
06-11-2025 05:40:00,551.487509337692
06-11-2025 05:50:00,550.478606160975
06-11-2025 06:00:00,551.382172710116
06-11-2025 06:10:00,550.071718962904
06-11-2025 06:20:00,551.075518175682
06-11-2025 06:30:00,550.57170791138
06-11-2025 06:40:00,550.6722185737
06-11-2025 06:50:00,551.175194324323
06-11-2025 07:00:00,551.774782126059
06-11-2025 07:10:00,550.668067762133
06-11-2025 07:20:00,551.170505282928
06-11-2025 07:30:00,550.470222472739
06-11-2025 07:40:00,550.875537114606
06-11-2025 07:50:00,551.273434955224
06-11-2025 08:00:00,550.878548562081
06-11-2025 08:10:00,551.079038568786
06-11-2025 08:20:00,550.379715742719
06-11-2025 08:30:00,550.182427370644
06-11-2025 08:40:00,550.490340602208
06-11-2025 08:50:00,550.39339199784
06-11-2025 09:00:00,551.20254776846
06-11-2025 09:10:00,550.607695292893
06-11-2025 09:20:00,550.421071523216
06-11-2025 09:30:00,550.03041276889
06-11-2025 09:40:00,550.438293599895
06-11-2025 09:50:00,551.859197016847
06-11-2025 10:00:00,550.874101741848
06-11-2025 10:10:00,549.788565215678
06-11-2025 10:20:00,550.206965216299
06-11-2025 10:30:00,550.428366048163
06-11-2025 10:40:00,550.750129127625
06-11-2025 10:50:00,550.473553559684
06-11-2025 11:00:00,549.698497114366
06-11-2025 11:10:00,550.027283801708
06-11-2025 11:20:00,550.356262167937
06-11-2025 11:30:00,550.488027001044
06-11-2025 11:40:00,549.614764912997
06-11-2025 11:50:00,550.651254472798
06-11-2025 12:00:00,550.179672713147
06-11-2025 12:10:00,550.623979522178
06-11-2025 12:20:00,550.568745622736
06-11-2025 12:30:00,549.616509731451
06-11-2025 12:40:00,548.258659043225
06-11-2025 12:50:00,551.339712715167
06-11-2025 13:00:00,549.158286910052
06-11-2025 13:10:00,550.022485777518
06-11-2025 13:20:00,551.177823677899
06-11-2025 13:30:00,549.906537449771
06-11-2025 13:40:00,551.168328108001
06-11-2025 13:50:00,550.706887874415
06-11-2025 14:00:00,551.053538758966
06-11-2025 14:10:00,551.197399795626
06-11-2025 14:20:00,549.511290295109
06-11-2025 14:30:00,549.654266594253
06-11-2025 14:40:00,548.674122454272
06-11-2025 14:50:00,550.341122491999
06-11-2025 15:00:00,548.952523594952
06-11-2025 15:10:00,550.002683547285
06-11-2025 15:20:00,549.006829515299
06-11-2025 15:30:00,549.234567968741
06-11-2025 15:40:00,549.054264404574
06-11-2025 15:50:00,549.384147739402
06-11-2025 16:00:00,548.390452141163
06-11-2025 16:10:00,549.741501304298
06-11-2025 16:20:00,549.462369531975
06-11-2025 16:30:00,548.672105800599
06-11-2025 16:40:00,548.491232165514
06-11-2025 16:50:00,548.620348527094
06-11-2025 17:00:00,548.132509262766
06-11-2025 17:10:00,548.2581788712
06-11-2025 17:20:00,548.182605466743
06-11-2025 17:30:00,549.338761593688
06-11-2025 17:40:00,548.959650077159
06-11-2025 17:50:00,548.375290261531
06-11-2025 18:00:00,549.225395826938
06-11-2025 18:10:00,548.849107517316
06-11-2025 18:20:00,548.157910033391
06-11-2025 18:30:00,548.800252388536
06-11-2025 18:40:00,547.899903165539
06-11-2025 18:50:00,548.333769481779
06-11-2025 19:00:00,548.360429306037
06-11-2025 19:10:00,548.383712802071
06-11-2025 19:20:00,549.431059740935
06-11-2025 19:30:00,548.834552837465
06-11-2025 19:40:00,549.570483214281
06-11-2025 19:50:00,548.7648424166
06-11-2025 20:00:00,550.319626834221
06-11-2025 20:10:00,548.794443302351
06-11-2025 20:20:00,548.807524076029
06-11-2025 20:30:00,548.714412080467
06-11-2025 20:40:00,548.525286641174
06-11-2025 20:50:00,549.254403622872
06-11-2025 21:00:00,549.164655556718
06-11-2025 21:10:00,548.869337788051
06-11-2025 21:20:00,550.009412558164
06-11-2025 21:30:00,549.505103497739
06-11-2025 21:40:00,550.5456989323
06-11-2025 21:50:00,550.041365315045
06-11-2025 22:00:00,549.434360433766
06-11-2025 22:10:00,549.95405793897
06-11-2025 22:20:00,551.096989783832
06-11-2025 22:30:00,549.154671008225
06-11-2025 22:40:00,549.982363306669
06-11-2025 22:50:00,549.683694274527
06-11-2025 23:00:00,549.38163540415
06-11-2025 23:10:00,551.74881168928
06-11-2025 23:20:00,551.857063590705
06-11-2025 23:30:00,549.704063161119
06-11-2025 23:40:00,549.911727447859
06-11-2025 23:50:00,551.243933444799
06-12-2025 00:00:00,550.217213973264
06-12-2025 00:10:00,550.421044270656
06-12-2025 00:20:00,550.214913049932
06-12-2025 00:30:00,552.467036565819
06-12-2025 00:40:00,551.232916548741
06-12-2025 00:50:00,549.389196875061
06-12-2025 01:00:00,550.919450796467
06-12-2025 01:10:00,550.815780342872
06-12-2025 01:20:00,550.708665510104
06-12-2025 01:30:00,551.10902446991
06-12-2025 01:40:00,551.614691244168
06-12-2025 01:50:00,550.585058756135
06-12-2025 02:00:00,551.294564469229
06-12-2025 02:10:00,551.894297921003
06-12-2025 02:20:00,551.477650435276
06-12-2025 02:30:00,551.774593695399
06-12-2025 02:40:00,551.667478910639
06-12-2025 02:50:00,550.739083307434
06-12-2025 03:00:00,551.141199879146
06-12-2025 03:10:00,551.844508772662
06-12-2025 03:20:00,551.229317483037
06-12-2025 03:30:00,550.001569888204
06-12-2025 03:40:00,551.61839732347
06-12-2025 03:50:00,551.812650046785
06-12-2025 04:00:00,551.908825952845
06-12-2025 04:10:00,551.494314153354
06-12-2025 04:20:00,551.282924527944
06-12-2025 04:30:00,551.885760169459
06-12-2025 04:40:00,551.066766776222
06-12-2025 04:50:00,551.163018590156
06-12-2025 05:00:00,551.663925417332
06-12-2025 05:10:00,552.063278258367
06-12-2025 05:20:00,550.942316892951
06-12-2025 05:30:00,550.533185998682
06-12-2025 05:40:00,552.548645217335
06-12-2025 05:50:00,551.129491886437
06-12-2025 06:00:00,550.818261559391
06-12-2025 06:10:00,551.11949219279
06-12-2025 06:20:00,551.823940521386
06-12-2025 06:30:00,550.608891737383
06-12-2025 06:40:00,551.917667054357
06-12-2025 06:50:00,552.718259127822
06-12-2025 07:00:00,551.205585781153
06-12-2025 07:10:00,551.002657259882
06-12-2025 07:20:00,551.303064092645
06-12-2025 07:30:00,550.902439724894
06-12-2025 07:40:00,550.703189084082
06-12-2025 07:50:00,550.299513860945
06-12-2025 08:00:00,551.105865605549
06-12-2025 08:10:00,551.509774257167
06-12-2025 08:20:00,551.210073855511
06-12-2025 08:30:00,550.615920076567
06-12-2025 08:40:00,550.617880887799
06-12-2025 08:50:00,552.631982270456
06-12-2025 09:00:00,552.332198060143
06-12-2025 09:10:00,551.333279454146
06-12-2025 09:20:00,551.636153528627
06-12-2025 09:30:00,550.540760872219
06-12-2025 09:40:00,550.950880211628
06-12-2025 09:50:00,551.86266360662
06-12-2025 10:00:00,551.469867519438
06-12-2025 10:10:00,551.378120328346
06-12-2025 10:20:00,550.286493723989
06-12-2025 10:30:00,551.298389853905
06-12-2025 10:40:00,550.307151311712
06-12-2025 10:50:00,550.620110191202
06-12-2025 11:00:00,551.337787917642
06-12-2025 11:10:00,551.048754219533
06-12-2025 11:20:00,551.465476446358
06-12-2025 11:30:00,550.985928640394
06-12-2025 11:40:00,551.108462561753
06-12-2025 11:50:00,550.42773152617
06-12-2025 12:00:00,551.249789389192
06-12-2025 12:10:00,549.868917893323
06-12-2025 12:20:00,552.104939606605
06-12-2025 12:30:00,550.85788990313
06-12-2025 12:40:00,550.386847858378
06-12-2025 12:50:00,552.547853168414
06-12-2025 13:00:00,551.593792975656
06-12-2025 13:10:00,550.631058225561
06-12-2025 13:20:00,550.377107568974
06-12-2025 13:30:00,551.83790304361
06-12-2025 13:40:00,550.7716585712
06-12-2025 13:50:00,550.40569785311
06-12-2025 14:00:00,550.647079013031
06-12-2025 14:10:00,550.885331600206
06-12-2025 14:20:00,550.718134470322
06-12-2025 14:30:00,550.851751047428
06-12-2025 14:40:00,549.763861321808
06-12-2025 14:50:00,550.296602007353
06-12-2025 15:00:00,550.92783171985
06-12-2025 15:10:00,550.133613554974
06-12-2025 15:20:00,550.047019507639
06-12-2025 15:30:00,549.042666845723
06-12-2025 15:40:00,550.066929379035
06-12-2025 15:50:00,550.278356100843
06-12-2025 16:00:00,549.47729661369
06-12-2025 16:10:00,548.876141450957
06-12-2025 16:20:00,549.801878474235
06-12-2025 16:30:00,549.40714319809
06-12-2025 16:40:00,549.418690655706
06-12-2025 16:50:00,549.836520847084
06-12-2025 17:00:00,551.066929074149
06-12-2025 17:10:00,549.957796614221
06-12-2025 17:20:00,549.569626001961
06-12-2025 17:30:00,549.279637090647
06-12-2025 17:40:00,548.68801376358
06-12-2025 17:50:00,549.318941314965
06-12-2025 18:00:00,549.950161215201
06-12-2025 18:10:00,551.195196342258
06-12-2025 18:20:00,548.982415926811
06-12-2025 18:30:00,549.207070676551
06-12-2025 18:40:00,550.547955717863
06-12-2025 18:50:00,549.34798240225
06-12-2025 19:00:00,548.653258059413
06-12-2025 19:10:00,548.973285105537
06-12-2025 19:20:00,549.598822976322
06-12-2025 19:30:00,549.307955920938
06-12-2025 19:40:00,549.831754293368
06-12-2025 19:50:00,549.744528365927
06-12-2025 20:00:00,550.265071106229
06-12-2025 20:10:00,549.054162682053
06-12-2025 20:20:00,550.185776261195
06-12-2025 20:30:00,550.604431967808
06-12-2025 20:40:00,550.204940621776
06-12-2025 20:50:00,549.29960524751
06-12-2025 21:00:00,549.820030726057
06-12-2025 21:10:00,549.216937481173
06-12-2025 21:20:00,549.940961156427
06-12-2025 21:30:00,550.053976726738
06-12-2025 21:40:00,549.247231348543
06-12-2025 21:50:00,549.05474074974
06-12-2025 22:00:00,550.895333612886
06-12-2025 22:10:00,550.295571189675
06-12-2025 22:20:00,549.387086262062
06-12-2025 22:30:00,549.703616304465
06-12-2025 22:40:00,551.645607786154
06-12-2025 22:50:00,550.431755781984
06-12-2025 23:00:00,550.646407177748
06-12-2025 23:10:00,550.243646666131
06-12-2025 23:20:00,549.742536412305
06-12-2025 23:30:00,550.767857635499
06-12-2025 23:40:00,549.452773335736
06-12-2025 23:50:00,549.562262895415
06-13-2025 00:00:00,550.177069573531
06-13-2025 00:10:00,550.079714928761
06-13-2025 00:20:00,550.084073801655
06-13-2025 00:30:00,550.796777409476
06-13-2025 00:40:00,549.984515929641
06-13-2025 00:50:00,549.880672354319
06-13-2025 01:00:00,550.694403237353
06-13-2025 01:10:00,550.80018110318
06-13-2025 01:20:00,550.090229262755
06-13-2025 01:30:00,552.016573123054
06-13-2025 01:40:00,552.118574458967
06-13-2025 01:50:00,551.807828470602
06-13-2025 02:00:00,552.616218655971
06-13-2025 02:10:00,551.602744064181
06-13-2025 02:20:00,550.988476526695
06-13-2025 02:30:00,551.89420454573
06-13-2025 02:40:00,552.596671867379
06-13-2025 02:50:00,551.679088617013
06-13-2025 03:00:00,551.271500226655
06-13-2025 03:10:00,551.774531166348
06-13-2025 03:20:00,551.667121154067
06-13-2025 03:30:00,551.765336663131
06-13-2025 03:40:00,551.654606943046
06-13-2025 03:50:00,552.055720074285
06-13-2025 04:00:00,551.039766903733
06-13-2025 04:10:00,551.43740639787
06-13-2025 04:20:00,551.737238815647
06-13-2025 04:30:00,551.932618312549
06-13-2025 04:40:00,550.619173850089
06-13-2025 04:50:00,551.82589257749
06-13-2025 05:00:00,551.010375697559
06-13-2025 05:10:00,551.108379566567
06-13-2025 05:20:00,550.907651928567
06-13-2025 05:30:00,550.998986189014
06-13-2025 05:40:00,550.89570527126
06-13-2025 05:50:00,551.69408226389
06-13-2025 06:00:00,551.590640649527
06-13-2025 06:10:00,550.78391155197
06-13-2025 06:20:00,552.087062265685
06-13-2025 06:30:00,552.08398991629
06-13-2025 06:40:00,551.177487190411
06-13-2025 06:50:00,551.880510150868
06-13-2025 07:00:00,551.676841581299
06-13-2025 07:10:00,551.580280027679
06-13-2025 07:20:00,551.680971195173
06-13-2025 07:30:00,551.681347073848
06-13-2025 07:40:00,551.280776947505
06-13-2025 07:50:00,551.885859703063
06-13-2025 08:00:00,551.989726750741
06-13-2025 08:10:00,551.292063358926
06-13-2025 08:20:00,550.791684764153
06-13-2025 08:30:00,552.100764031796
06-13-2025 08:40:00,551.710490683778
06-13-2025 08:50:00,551.316894260125
06-13-2025 09:00:00,552.321883497057
06-13-2025 09:10:00,551.431023123975
06-13-2025 09:20:00,551.044081780304
06-13-2025 09:30:00,551.555046745659
06-13-2025 09:40:00,550.563938465807
06-13-2025 09:50:00,550.777727574793
06-13-2025 10:00:00,550.590922754953
06-13-2025 10:10:00,550.904881817045
06-13-2025 10:20:00,551.419216931794
06-13-2025 10:30:00,550.634556716972
06-13-2025 10:40:00,550.551041938522
06-13-2025 10:50:00,550.564460792821
06-13-2025 11:00:00,550.982015865509
06-13-2025 11:10:00,551.807344021217
06-13-2025 11:20:00,551.529982388373
06-13-2025 11:30:00,550.857658023463
06-13-2025 11:40:00,550.586213099526
06-13-2025 11:50:00,550.816670188459
06-13-2025 12:00:00,550.849623929635
06-13-2025 12:10:00,549.276904056355
06-13-2025 12:20:00,550.019699847218
06-13-2025 12:30:00,550.363959893472
06-13-2025 12:40:00,551.316846806564
06-13-2025 12:50:00,550.855593366008
06-13-2025 13:00:00,551.198009381049
06-13-2025 13:10:00,549.927537472098
06-13-2025 13:20:00,549.871679805335
06-13-2025 13:30:00,550.821380062371
06-13-2025 13:40:00,549.547398023881
06-13-2025 13:50:00,551.413908844918
06-13-2025 14:00:00,550.740450976876
06-13-2025 14:10:00,550.57362114397
06-13-2025 14:20:00,549.390808668839
06-13-2025 14:30:00,550.337617195078
06-13-2025 14:40:00,549.661637645476
06-13-2025 14:50:00,550.100932752981
06-13-2025 15:00:00,549.621171112698
06-13-2025 15:10:00,548.835340839719
06-13-2025 15:20:00,549.574139330072
06-13-2025 15:30:00,549.803817463569
06-13-2025 15:40:00,549.415402219778
06-13-2025 15:50:00,548.727048900322
06-13-2025 16:00:00,548.953420799849
06-13-2025 16:10:00,549.077847005004
06-13-2025 16:20:00,547.463454311621
06-13-2025 16:30:00,549.221579843753
06-13-2025 16:40:00,547.603223623329
06-13-2025 16:50:00,548.126780557602
06-13-2025 17:00:00,549.065385413078
06-13-2025 17:10:00,548.675700011521
06-13-2025 17:20:00,548.490276071158
06-13-2025 17:30:00,548.509265310997
06-13-2025 17:40:00,548.838238810821
06-13-2025 17:50:00,548.348780802653
06-13-2025 18:00:00,549.704711275591
06-13-2025 18:10:00,548.805517581094
06-13-2025 18:20:00,549.445475267087
06-13-2025 18:30:00,549.157213196082
06-13-2025 18:40:00,548.868790729634
06-13-2025 18:50:00,549.403576620129
06-13-2025 19:00:00,549.009306573644
06-13-2025 19:10:00,548.919447094213
06-13-2025 19:20:00,548.935265837018
06-13-2025 19:30:00,549.153097441208
06-13-2025 19:40:00,548.755402775952
06-13-2025 19:50:00,549.380449816136
06-13-2025 20:00:00,549.082161998098
06-13-2025 20:10:00,549.194227074143
06-13-2025 20:20:00,550.127010506519
06-13-2025 20:30:00,549.209977408602
06-13-2025 20:40:00,548.603916178995
06-13-2025 20:50:00,548.917954850324
06-13-2025 21:00:00,549.639002322413
06-13-2025 21:10:00,549.853515428204
06-13-2025 21:20:00,549.343783118882
06-13-2025 21:30:00,550.064491575847
06-13-2025 21:40:00,549.247354602692
06-13-2025 21:50:00,549.045415753139
06-13-2025 22:00:00,550.380623103898
06-13-2025 22:10:00,549.6662664512
06-13-2025 22:20:00,548.334430510965
06-13-2025 22:30:00,549.259302009694
06-13-2025 22:40:00,550.491047458236
06-13-2025 22:50:00,551.309542985875
06-13-2025 23:00:00,549.56581432481
06-13-2025 23:10:00,549.974803432722
06-13-2025 23:20:00,550.786193995957
06-13-2025 23:30:00,550.274397862405
06-13-2025 23:40:00,549.143277430221
06-13-2025 23:50:00,550.365990824355
06-14-2025 00:00:00,550.665429570925
06-14-2025 00:10:00,550.24681446024
06-14-2025 00:20:00,550.960694635471
06-14-2025 00:30:00,550.548700567542
06-14-2025 00:40:00,549.929823521966
06-14-2025 00:50:00,551.142968226027
06-14-2025 01:00:00,551.848873956891
06-14-2025 01:10:00,550.918228429191
06-14-2025 01:20:00,549.785119429653
06-14-2025 01:30:00,550.693917008585
06-14-2025 01:40:00,551.191964513708
06-14-2025 01:50:00,550.978151581802
06-14-2025 02:00:00,550.967692946248
06-14-2025 02:10:00,551.360059525744
06-14-2025 02:20:00,552.056346306186
06-14-2025 02:30:00,551.43692028177
06-14-2025 02:40:00,551.122171944796
06-14-2025 02:50:00,551.918804901353
06-14-2025 03:00:00,550.696106746518
06-14-2025 03:10:00,551.397526289933
06-14-2025 03:20:00,551.896016382401
06-14-2025 03:30:00,551.180480886099
06-14-2025 03:40:00,551.482988878133
06-14-2025 03:50:00,551.886425553503
06-14-2025 04:00:00,551.47138568301
06-14-2025 04:10:00,551.3662088297
06-14-2025 04:20:00,551.664972318137
06-14-2025 04:30:00,552.263023175989
06-14-2025 04:40:00,551.552306258129
06-14-2025 04:50:00,551.443971286164
06-14-2025 05:00:00,552.044711427121
06-14-2025 05:10:00,550.323751704186
06-14-2025 05:20:00,551.226647588944
06-14-2025 05:30:00,551.42394286186
06-14-2025 05:40:00,551.419738010783
06-14-2025 05:50:00,552.42202696507
06-14-2025 06:00:00,552.115635597996
06-14-2025 06:10:00,551.507682988105
06-14-2025 06:20:00,552.612827792604
06-14-2025 06:30:00,551.904517240484
06-14-2025 06:40:00,551.601882109947
06-14-2025 06:50:00,551.399864279955
06-14-2025 07:00:00,552.001568132355
06-14-2025 07:10:00,551.096527821492
06-14-2025 07:20:00,551.192765352387
06-14-2025 07:30:00,551.79400775522
06-14-2025 07:40:00,552.093904987411
06-14-2025 07:50:00,551.49073354335
06-14-2025 08:00:00,551.088445603507
06-14-2025 08:10:00,551.585591503128
06-14-2025 08:20:00,551.487439913956
06-14-2025 08:30:00,551.483108226071
06-14-2025 08:40:00,550.583385349865
06-14-2025 08:50:00,551.083363948399
06-14-2025 09:00:00,551.285828658213
06-14-2025 09:10:00,550.887345271029
06-14-2025 09:20:00,551.987667890539
06-14-2025 09:30:00,551.392205755519
06-14-2025 09:40:00,550.493384168151
06-14-2025 09:50:00,551.002311958504
06-14-2025 10:00:00,550.410160908114
06-14-2025 10:10:00,551.723065469161
06-14-2025 10:20:00,551.63136586549
06-14-2025 10:30:00,551.846439366964
06-14-2025 10:40:00,552.061567108443
06-14-2025 10:50:00,550.971587958554
06-14-2025 11:00:00,551.386919883242
06-14-2025 11:10:00,551.608446566643
06-14-2025 11:20:00,551.028286851352
06-14-2025 11:30:00,549.949521861595
06-14-2025 11:40:00,550.578228052675
06-14-2025 11:50:00,550.003150978943
06-14-2025 12:00:00,550.53204004732
06-14-2025 12:10:00,551.570169015976
06-14-2025 12:20:00,550.400787317273
06-14-2025 12:30:00,551.443427778516
06-14-2025 12:40:00,551.178483425856
06-14-2025 12:50:00,551.12423787595
06-14-2025 13:00:00,550.656813488883
06-14-2025 13:10:00,551.106757989775
06-14-2025 13:20:00,551.348988938701
06-14-2025 13:30:00,550.48225543763
06-14-2025 13:40:00,549.914536595166
06-14-2025 13:50:00,550.764176828348
06-14-2025 14:00:00,551.203197528301
06-14-2025 14:10:00,550.425480638736
06-14-2025 14:30:00,550.385580905416
06-14-2025 14:40:00,549.704235674044
06-14-2025 14:50:00,550.442715160342
06-14-2025 15:00:00,550.466560057166
06-14-2025 15:10:00,551.101049607496
06-14-2025 15:20:00,550.208803474811
06-14-2025 15:30:00,550.127535252761
06-14-2025 15:40:00,548.517953349608
06-14-2025 15:50:00,549.050580762645
06-14-2025 16:00:00,549.280790120039
06-14-2025 16:10:00,550.537795561933
06-14-2025 16:20:00,549.850129307527
06-14-2025 16:30:00,548.858364204748
06-14-2025 16:40:00,550.315332915041
06-14-2025 16:50:00,549.827808591055
06-14-2025 17:00:00,550.465014251567
06-14-2025 17:10:00,549.980237756649
06-14-2025 17:20:00,548.672836840546
06-14-2025 17:30:00,549.825574365312
06-14-2025 17:40:00,549.852143778606
06-14-2025 17:50:00,549.160995585345
06-14-2025 18:00:00,550.011017420068
06-14-2025 18:10:00,550.547691261046
06-14-2025 18:20:00,550.167000158194
06-14-2025 18:30:00,550.81017204038
06-14-2025 18:40:00,550.217261494353
06-14-2025 18:50:00,550.032018910249
06-14-2025 19:00:00,550.875189053475
06-14-2025 19:10:00,549.866890410617
06-14-2025 19:20:00,550.295672954142
06-14-2025 19:30:00,549.904256612393
06-14-2025 19:40:00,550.227132008172
06-14-2025 19:50:00,549.829214630262
06-14-2025 20:00:00,550.454805068429
06-14-2025 20:10:00,550.15353082788
06-14-2025 20:20:00,550.576313106783
06-14-2025 20:30:00,549.86301954245
06-14-2025 20:40:00,549.973650428206
06-14-2025 20:50:00,549.466315982108
06-14-2025 21:00:00,549.67680678106
06-14-2025 21:10:00,548.651551175498
06-14-2025 21:20:00,549.991551879613
06-14-2025 21:30:00,550.098946467368
06-14-2025 21:40:00,549.276774997205
06-14-2025 21:50:00,549.484018039949
06-14-2025 22:00:00,549.485386082573
06-14-2025 22:10:00,549.586532737941
06-14-2025 22:20:00,549.382152993985
06-14-2025 22:30:00,549.383507571576
06-14-2025 22:40:00,550.512719889726
06-14-2025 22:50:00,549.791193696678
06-14-2025 23:00:00,548.758716614287
06-14-2025 23:10:00,550.192170898497
06-14-2025 23:20:00,550.289763814936
06-14-2025 23:30:00,549.566077570491
06-14-2025 23:40:00,550.2794990555
06-14-2025 23:50:00,550.582108909848
06-15-2025 00:00:00,552.01582492684
06-15-2025 00:10:00,550.366584935914
06-15-2025 00:20:00,550.873804767517
06-15-2025 00:30:00,551.387119543605
06-15-2025 00:40:00,551.074291840878
06-15-2025 00:50:00,551.99041981217
06-15-2025 01:00:00,552.28847029955
06-15-2025 01:10:00,550.546317338844
06-15-2025 01:20:00,551.049325751018
06-15-2025 01:30:00,551.551912569453
06-15-2025 01:40:00,550.521046211055
06-15-2025 01:50:00,551.435272534346
06-15-2025 02:00:00,551.937100081507
06-15-2025 02:10:00,552.540591871202
06-15-2025 02:20:00,551.609728514179
06-15-2025 02:30:00,551.49885310795
06-15-2025 02:40:00,552.509510993461
06-15-2025 02:50:00,551.484373586645
06-15-2025 03:00:00,551.472332087866
06-15-2025 03:10:00,550.343426491461
06-15-2025 03:20:00,551.35287193225
06-15-2025 03:30:00,550.733631954589
06-15-2025 03:40:00,551.840552757079
06-15-2025 03:50:00,551.729902722893
06-15-2025 04:00:00,552.127372372932
06-15-2025 04:10:00,551.305723481262
06-15-2025 04:20:00,553.124362234406
06-15-2025 04:30:00,550.07342037481
06-15-2025 04:40:00,550.975028342054
06-15-2025 04:50:00,552.081754786562
06-15-2025 05:00:00,551.869917628797
06-15-2025 05:10:00,551.560111727157
06-15-2025 05:20:00,552.054392018945
06-15-2025 05:30:00,551.944038694288
06-15-2025 05:40:00,551.027362624381
06-15-2025 05:50:00,551.119813710372
06-15-2025 06:00:00,551.720957523102
06-15-2025 06:10:00,551.610873548273
06-15-2025 06:20:00,552.208178604967
06-15-2025 06:30:00,550.586021000135
06-15-2025 06:40:00,551.085448092865
06-15-2025 06:50:00,551.281706729141
06-15-2025 07:00:00,551.57557787109
06-15-2025 07:10:00,550.866782484688
06-15-2025 07:20:00,552.172206562744
06-15-2025 07:30:00,551.161186033233
06-15-2025 07:40:00,550.850032286584
06-15-2025 07:50:00,551.555984074695
06-15-2025 08:00:00,550.750476018218
06-15-2025 08:10:00,551.755219869137
06-15-2025 08:20:00,552.05457246454
06-15-2025 08:30:00,552.152421209194
06-15-2025 08:40:00,551.347496194317
06-15-2025 08:50:00,552.354371465246
06-15-2025 09:00:00,552.354656545615
06-15-2025 09:10:00,551.754439028204
06-15-2025 09:20:00,550.654334453081
06-15-2025 09:30:00,550.258537043584
06-15-2025 09:40:00,550.771361314815
06-15-2025 09:50:00,551.284255230542
06-15-2025 10:00:00,551.400914545478
06-15-2025 10:10:00,551.715822514606
06-15-2025 10:20:00,550.221421455588
06-15-2025 10:30:00,551.946249040607
06-15-2025 10:40:00,550.655816733735
06-15-2025 10:50:00,550.873149667152
06-15-2025 11:00:00,551.194486001586
06-15-2025 11:10:00,551.519157788001
06-15-2025 11:20:00,550.232916412646
06-15-2025 11:30:00,550.563585690378
06-15-2025 11:40:00,551.49753197534
06-15-2025 11:50:00,550.316380761709
06-15-2025 12:00:00,551.159475524342
06-15-2025 12:10:00,550.083698017653
06-15-2025 12:20:00,550.126607691118
06-15-2025 12:30:00,550.587596574267
06-15-2025 12:40:00,551.538737572393
06-15-2025 12:50:00,550.06157237986
06-15-2025 13:00:00,551.633946919774
06-15-2025 13:10:00,551.271052140968
06-15-2025 13:20:00,551.315248635137
06-15-2025 13:30:00,550.846093825954
06-15-2025 13:40:00,552.21787453077
06-15-2025 13:50:00,551.441866939239
06-15-2025 14:00:00,550.558986649837
06-15-2025 14:10:00,550.801170358405
06-15-2025 14:20:00,550.941233673634
06-15-2025 14:30:00,550.66805798856
06-15-2025 14:40:00,551.215659861938
06-15-2025 14:50:00,550.627822212284
06-15-2025 15:00:00,551.381652160943
06-15-2025 15:10:00,550.179090485533
06-15-2025 15:20:00,550.309823387309
06-15-2025 15:30:00,551.058538626653
06-15-2025 15:40:00,550.777756171445
06-15-2025 15:50:00,549.565736212526
06-15-2025 16:00:00,548.871155262101
06-15-2025 16:10:00,550.027309421137
06-15-2025 16:20:00,549.8454501328
06-15-2025 16:30:00,549.140918272877
06-15-2025 16:40:00,549.368711748782
06-15-2025 16:50:00,549.906762154108
06-15-2025 17:00:00,549.408168791487
06-15-2025 17:10:00,548.3920730814
06-15-2025 17:20:00,549.131182568955
06-15-2025 17:30:00,549.977205912661
06-15-2025 17:40:00,549.063842781395
06-15-2025 17:50:00,549.292035518231
06-15-2025 18:00:00,549.727625775536
06-15-2025 18:10:00,550.992806829066
06-15-2025 18:20:00,549.873954880998
06-15-2025 18:30:00,550.414025195549
06-15-2025 18:40:00,550.536258272596
06-15-2025 18:50:00,550.551614240801
06-15-2025 19:00:00,550.985446221787
06-15-2025 19:10:00,549.543749465841
06-15-2025 19:20:00,551.321609329789
06-15-2025 19:30:00,551.025418676638
06-15-2025 19:40:00,551.4533312254
06-15-2025 19:50:00,550.426300787278
06-15-2025 20:00:00,550.331358657289
06-15-2025 20:10:00,550.025398007008
06-15-2025 20:20:00,550.034338818529
06-15-2025 20:30:00,550.355147199268
06-15-2025 20:40:00,550.776815634673
06-15-2025 20:50:00,549.327193785172
06-15-2025 21:00:00,550.057629453381
06-15-2025 21:10:00,549.436679364148
06-15-2025 21:20:00,550.99842984445
06-15-2025 21:30:00,549.436091565588
06-15-2025 21:40:00,549.127116658695
06-15-2025 21:50:00,549.227716173529
06-15-2025 22:00:00,550.574414785725
06-15-2025 22:10:00,550.67144941896
06-15-2025 22:20:00,550.878480769563
06-15-2025 22:30:00,549.629511937913
06-15-2025 22:40:00,551.078460190809
06-15-2025 22:50:00,550.656653952549
06-15-2025 23:00:00,550.442466956345
06-15-2025 23:10:00,550.743476470673
06-15-2025 23:20:00,552.080088353779
06-15-2025 23:30:00,549.48094504645
06-15-2025 23:40:00,550.816952054262
06-15-2025 23:50:00,550.496532393846
06-16-2025 00:00:00,551.834195618581
06-16-2025 00:10:00,551.613763899064
06-16-2025 00:20:00,551.396716123498
06-16-2025 00:30:00,552.112625840101
06-16-2025 00:50:00,550.234311950836
06-16-2025 01:00:00,550.740388372093
06-16-2025 01:10:00,552.689965577796
06-16-2025 01:20:00,551.441969288741
06-16-2025 01:30:00,551.737596296172
06-16-2025 01:40:00,551.105992201353
06-16-2025 01:50:00,551.091101472212
06-16-2025 02:00:00,551.076198174906
06-16-2025 02:10:00,551.782684919167
06-16-2025 02:20:00,551.049561384463
06-16-2025 02:30:00,551.649448997768
06-16-2025 02:40:00,551.327838870186
06-16-2025 02:50:00,552.340560214688
06-16-2025 03:00:00,551.198384738934
06-16-2025 03:10:00,551.287515674425
06-16-2025 03:20:00,551.581479147616
06-16-2025 03:30:00,552.387210343992
06-16-2025 03:40:00,551.451972230224
06-16-2025 03:50:00,551.946843195078
06-16-2025 04:00:00,550.808306710298
06-16-2025 04:10:00,550.69597965528
06-16-2025 04:20:00,551.193639475478
06-16-2025 04:30:00,551.486580830732
06-16-2025 04:40:00,550.86377066956
06-16-2025 04:50:00,551.363744762354
06-16-2025 05:00:00,551.557348769559
06-16-2025 05:10:00,550.728309479644
06-16-2025 05:20:00,551.230757251221
06-16-2025 05:30:00,550.507433029691
06-16-2025 05:40:00,550.497405801221
06-16-2025 05:50:00,550.999325015983
06-16-2025 06:00:00,551.090826795563
06-16-2025 06:10:00,550.978847388233
06-16-2025 06:20:00,550.666681407535
06-16-2025 06:30:00,549.948182472722
06-16-2025 06:40:00,550.646448945662
06-16-2025 06:50:00,550.944016370715
06-16-2025 07:00:00,551.038348378878
06-16-2025 07:10:00,551.031127010214
06-16-2025 07:20:00,550.61810475585
06-16-2025 07:30:00,551.320918303147
06-16-2025 07:40:00,550.198374185692
06-16-2025 07:50:00,551.410686378418
06-16-2025 08:00:00,551.710397136944
06-16-2025 08:10:00,550.386015010236
06-16-2025 08:20:00,550.179410844049
06-16-2025 08:30:00,550.78289899595
06-16-2025 08:40:00,550.882997786053
06-16-2025 08:50:00,551.685356124294
06-16-2025 09:00:00,550.466838117935
06-16-2025 09:10:00,550.468730301552
06-16-2025 09:20:00,551.485291460705
06-16-2025 09:30:00,551.085495291526
06-16-2025 09:40:00,551.194588504981
06-16-2025 09:50:00,551.300612874025
06-16-2025 10:00:00,550.198481087853
06-16-2025 10:10:00,549.804436666658
06-16-2025 10:20:00,550.321277338931
06-16-2025 10:30:00,551.04075652548
06-16-2025 10:40:00,550.444097294002
06-16-2025 10:50:00,550.559166776427
06-16-2025 11:00:00,550.370353524555
06-16-2025 11:10:00,550.69414763136
06-16-2025 11:20:00,551.01819022151
06-16-2025 11:30:00,550.739948813294
06-16-2025 11:40:00,550.252369908014
06-16-2025 11:50:00,549.459778432589
06-16-2025 12:00:00,550.901145010953
06-16-2025 12:10:00,549.707575485472
06-16-2025 12:20:00,550.03797458596
06-16-2025 12:30:00,550.880530176355
06-16-2025 12:40:00,551.418702176863
06-16-2025 12:50:00,550.743995140343
06-16-2025 13:00:00,551.292148807194
06-16-2025 13:10:00,550.820264317027
06-16-2025 13:20:00,550.24831807052
06-16-2025 13:30:00,550.084430476681
06-16-2025 13:40:00,550.84183979739
06-16-2025 13:50:00,549.650140111757
06-16-2025 14:00:00,549.690318421592
06-16-2025 14:10:00,550.23500157103
06-16-2025 14:20:00,549.347833528867
06-16-2025 14:30:00,549.584585177247
06-16-2025 14:40:00,550.339325022207
06-16-2025 14:50:00,549.341042433344
06-16-2025 15:00:00,549.472228856321
06-16-2025 15:10:00,549.084903177763
06-16-2025 15:20:00,549.528640325503
06-16-2025 15:30:00,549.140794815491
06-16-2025 15:40:00,550.089794177962
06-16-2025 15:50:00,548.981134503588
06-16-2025 16:00:00,550.451272559615
06-16-2025 16:10:00,549.028057405358
06-16-2025 16:20:00,549.46426620248
06-16-2025 16:30:00,549.175671162828
06-16-2025 16:40:00,548.780192187084
06-16-2025 16:50:00,548.902817085266
06-16-2025 17:00:00,550.471669084591
06-16-2025 17:10:00,549.346965629221
06-16-2025 17:20:00,549.466921887915
06-16-2025 17:30:00,550.316740090279
06-16-2025 17:40:00,549.606168567441
06-16-2025 17:50:00,549.836224097083
06-16-2025 18:00:00,549.12782011975
06-16-2025 18:10:00,549.666847456442
06-16-2025 18:20:00,549.064745637149
06-16-2025 18:30:00,549.910460152671
06-16-2025 18:40:00,549.412127826639
06-16-2025 18:50:00,549.011559841107
06-16-2025 19:00:00,549.340139607519
06-16-2025 19:10:00,548.835007362131
06-16-2025 19:20:00,548.645266350592
06-16-2025 19:30:00,548.971085395918
06-16-2025 19:40:00,549.192718126939
06-16-2025 19:50:00,548.788272435211
06-16-2025 20:00:00,549.737648670663
06-16-2025 20:10:00,548.390579319464
06-16-2025 20:20:00,548.91957185779
06-16-2025 20:30:00,550.280901858803
06-16-2025 20:40:00,547.987988459737
06-16-2025 20:50:00,549.036073538829
06-16-2025 21:00:00,549.350317987259
06-16-2025 21:10:00,549.873275606195
06-16-2025 21:20:00,549.349350726229
06-16-2025 21:30:00,548.92994494605
06-16-2025 21:40:00,549.867040665973
06-16-2025 21:50:00,548.923131233735
06-16-2025 22:00:00,549.958048408356
06-16-2025 22:10:00,549.84863897569
06-16-2025 22:20:00,549.009718858284
06-16-2025 22:30:00,550.356267723616
06-16-2025 22:40:00,548.684405454122
06-16-2025 22:50:00,548.771976223263
06-16-2025 23:00:00,550.116992567843
06-16-2025 23:10:00,550.833826035884
06-16-2025 23:20:00,551.865156685931
06-16-2025 23:30:00,550.297006401002
06-16-2025 23:40:00,550.074763004028
06-16-2025 23:50:00,550.063447711402
06-17-2025 00:00:00,550.049114917975
06-17-2025 00:10:00,550.968546495065
06-17-2025 00:20:00,550.542015504547
06-17-2025 00:30:00,550.009158721053
06-17-2025 00:40:00,550.823673316497
06-17-2025 00:50:00,550.501341390371
06-17-2025 01:00:00,550.486776437054
06-17-2025 01:10:00,551.503655296903
06-17-2025 01:20:00,551.078091673622
06-17-2025 01:30:00,549.929342786896
06-17-2025 01:40:00,551.15477405822
06-17-2025 01:50:00,550.93335655737
06-17-2025 02:00:00,550.712151424715
06-17-2025 02:10:00,551.113171568983
06-17-2025 02:20:00,550.58576222362
06-17-2025 02:30:00,550.46806671555
06-17-2025 02:40:00,551.177705600953
06-17-2025 02:50:00,550.85385423636
06-17-2025 03:00:00,550.842139888779
06-17-2025 03:10:00,550.004328292568
06-17-2025 03:20:00,549.475831172707
06-17-2025 03:30:00,551.719752549826
06-17-2025 03:40:00,551.499110716797
06-17-2025 03:50:00,551.484014900313
06-17-2025 04:00:00,550.955840721975
06-17-2025 04:10:00,550.636336314089
06-17-2025 04:20:00,550.724185875342
06-17-2025 04:30:00,551.01993519827
06-17-2025 04:40:00,552.023103656145
06-17-2025 04:50:00,551.291200446477
06-17-2025 05:00:00,550.250095997466
06-17-2025 05:10:00,549.829540876
06-17-2025 05:20:00,550.227074908272
06-17-2025 05:30:00,550.822576805522
06-17-2025 05:40:00,551.624672964517
06-17-2025 05:50:00,551.915671919967
06-17-2025 06:00:00,551.699421501193
06-17-2025 06:10:00,550.766501392055
06-17-2025 06:20:00,551.060523486189
06-17-2025 06:30:00,551.354293984336
06-17-2025 06:40:00,550.934926470677
06-17-2025 06:50:00,551.02488923234
06-17-2025 07:00:00,550.809496245112
06-17-2025 07:10:00,551.204563555093
06-17-2025 07:20:00,550.582558439164
06-17-2025 07:30:00,550.573830780536
06-17-2025 07:40:00,550.663714773182
06-17-2025 07:50:00,549.537725782589
06-17-2025 08:00:00,549.427786515992
06-17-2025 08:10:00,551.347887735645
06-17-2025 08:20:00,551.747809457949
06-17-2025 08:30:00,550.930134648575
06-17-2025 08:40:00,550.318654301141
06-17-2025 08:50:00,550.5157184003
06-17-2025 09:00:00,551.631241406621
06-17-2025 09:10:00,551.225705059119
06-17-2025 09:20:00,549.910698796275
06-17-2025 09:30:00,549.913762742894
06-17-2025 09:40:00,551.136525931227
06-17-2025 09:50:00,550.635547362245
06-17-2025 10:00:00,550.844384865322
06-17-2025 10:10:00,549.937577533002
06-17-2025 10:20:00,550.960831688454
06-17-2025 10:30:00,550.056716910177
06-17-2025 10:40:00,551.38472068749
06-17-2025 10:50:00,549.972898886001
06-17-2025 11:00:00,549.575673550308
06-17-2025 11:10:00,549.590190235708
06-17-2025 11:20:00,551.128309327838
06-17-2025 11:30:00,548.199491662498
06-17-2025 11:40:00,550.150743852972
06-17-2025 11:50:00,549.86616019277
06-17-2025 12:00:00,549.587081717553
06-17-2025 12:10:00,550.43093453887
06-17-2025 12:20:00,550.979278754576
06-17-2025 12:30:00,550.709215733701
06-17-2025 12:40:00,551.360990336248
06-17-2025 12:50:00,550.170526860017
06-17-2025 13:00:00,549.588990308843
06-17-2025 13:10:00,551.054741473089
06-17-2025 13:20:00,549.860893934329
06-17-2025 13:30:00,550.505655061205
06-17-2025 13:40:00,550.022108028592
06-17-2025 13:50:00,550.873390204473
06-17-2025 14:00:00,549.563935187806
06-17-2025 14:10:00,550.310173137728
06-17-2025 14:20:00,550.130919665334
06-17-2025 14:30:00,550.057392476041
06-17-2025 14:40:00,549.568425599611
06-17-2025 14:50:00,550.316651649084
06-17-2025 15:00:00,549.924465236125
06-17-2025 15:10:00,548.292773307583
06-17-2025 15:20:00,549.552108983032
06-17-2025 15:30:00,548.642097782554
06-17-2025 15:40:00,549.698964386779
06-17-2025 15:50:00,548.379799707932
06-17-2025 16:00:00,549.236536471641
06-17-2025 16:10:00,548.536983513413
06-17-2025 16:20:00,550.636581803552
06-17-2025 16:30:00,549.518943285949
06-17-2025 16:40:00,549.951449220001
06-17-2025 16:50:00,549.553460422844
06-17-2025 17:00:00,549.054134295707
06-17-2025 17:10:00,548.3435188615
06-17-2025 17:20:00,549.715155481873
06-17-2025 17:30:00,548.483895885955
06-17-2025 17:40:00,549.128143609199
06-17-2025 17:50:00,549.662939725091
06-17-2025 18:00:00,548.849674372872
06-17-2025 18:10:00,548.658126686292
06-17-2025 18:20:00,549.094974287651
06-17-2025 18:30:00,549.004734658817
06-17-2025 18:40:00,549.018773900147
06-17-2025 18:50:00,549.450364453298
06-17-2025 19:00:00,549.464535041566
06-17-2025 19:10:00,549.472784537653
06-17-2025 19:20:00,549.585482863179
06-17-2025 19:30:00,550.011636898488
06-17-2025 19:40:00,549.392974948679
06-17-2025 19:50:00,550.44020605238
06-17-2025 20:00:00,550.027504707208
06-17-2025 20:10:00,549.193736684835
06-17-2025 20:20:00,550.13651475804
06-17-2025 20:30:00,549.198218148529
06-17-2025 20:40:00,549.40649474875
06-17-2025 20:50:00,548.984893120335
06-17-2025 21:00:00,550.342261135312
06-17-2025 21:10:00,549.293880940693
06-17-2025 21:20:00,549.707904229114
06-17-2025 21:30:00,550.745206913207
06-17-2025 21:40:00,549.178325336666
06-17-2025 21:50:00,549.905263959412
06-17-2025 22:00:00,548.962143771993
06-17-2025 22:10:00,550.001885409552
06-17-2025 22:20:00,549.997990204894
06-17-2025 22:30:00,548.843777983117
06-17-2025 22:40:00,550.508593132444
06-17-2025 22:50:00,551.124000427981
06-17-2025 23:00:00,549.342073796712
06-17-2025 23:10:00,550.680590853479
06-17-2025 23:20:00,550.355032104893
06-17-2025 23:30:00,551.174543093729
06-17-2025 23:40:00,550.64096917971
06-17-2025 23:50:00,551.144612501319
06-19-2025 00:00:00,549.129406700999
06-19-2025 00:10:00,547.252076835354
06-19-2025 00:20:00,547.445202815463
06-19-2025 00:30:00,549.812446342464
06-19-2025 00:40:00,548.665169631329
06-19-2025 00:50:00,549.789189546175
06-19-2025 01:00:00,549.980952263645
06-19-2025 01:10:00,548.728853243786
06-19-2025 01:20:00,548.820641598136
06-19-2025 01:30:00,549.627894224949
06-19-2025 01:40:00,549.304394549782
06-19-2025 01:50:00,549.907695198074
06-19-2025 02:00:00,547.323095615833
06-19-2025 02:10:00,549.469829178388
06-19-2025 02:20:00,549.766751990054
06-19-2025 02:30:00,549.649340438658
06-19-2025 02:40:00,549.223754657259
06-19-2025 02:50:00,548.798509030801
06-19-2025 03:00:00,549.40316566375
06-19-2025 03:10:00,549.080771355552
06-19-2025 03:20:00,549.374179522125
06-19-2025 03:30:00,549.977907106603
06-19-2025 03:40:00,549.0376712874
06-19-2025 03:50:00,549.330695405988
06-19-2025 04:00:00,549.725886426134
06-19-2025 04:10:00,548.687425778736
06-19-2025 04:20:00,549.082530677369
06-19-2025 04:30:00,548.962984802926
06-19-2025 04:40:00,549.971057802794
06-19-2025 04:50:00,548.627637443833
06-19-2025 05:00:00,549.427800317023
06-19-2025 05:10:00,549.007617282412
06-19-2025 05:20:00,549.296570511377
06-19-2025 05:30:00,550.707412793935
06-19-2025 05:40:00,548.859555328435
06-19-2025 05:50:00,549.252947179329
06-19-2025 06:00:00,548.932705664714
06-19-2025 06:10:00,549.017315670195
06-19-2025 06:20:00,549.308279664325
06-19-2025 06:30:00,550.00896326627
06-19-2025 06:40:00,549.281956910445
06-19-2025 06:50:00,549.473611654234
06-19-2025 07:00:00,549.255621762416
06-19-2025 07:10:00,549.647490596827
06-19-2025 07:20:00,548.822945527684
06-19-2025 07:30:00,549.420612154549
06-19-2025 07:40:00,549.310109673796
06-19-2025 07:50:00,549.904355935706
06-19-2025 08:00:00,548.880664841918
06-19-2025 08:10:00,549.886113338256
06-19-2025 08:20:00,550.178289673866
06-19-2025 08:30:00,549.563689434663
06-19-2025 08:40:00,549.045006040091
06-19-2025 08:50:00,549.542670923194
06-19-2025 09:00:00,549.131204718554
06-19-2025 09:10:00,549.023734896362
06-19-2025 09:20:00,550.640908856437
06-19-2025 09:30:00,549.01419277091
06-19-2025 09:40:00,548.102224267977
06-19-2025 09:50:00,549.114310391382
06-19-2025 10:00:00,548.911183613253
06-19-2025 10:10:00,548.404244183617
06-19-2025 10:20:00,548.808692435844
06-19-2025 10:30:00,549.823608479253
06-19-2025 10:40:00,549.319429237692
06-19-2025 10:50:00,549.020553524887
06-19-2025 11:00:00,548.214985845246
06-19-2025 11:10:00,549.537134129972
06-19-2025 11:20:00,548.531440806056
06-19-2025 11:30:00,549.045981877434
06-19-2025 11:40:00,547.842279445698
06-19-2025 11:50:00,549.171389074217
06-19-2025 12:00:00,549.796692780952
06-19-2025 12:10:00,548.902055483127
06-19-2025 12:20:00,550.245028594976
06-19-2025 12:30:00,549.56439200292
06-19-2025 12:40:00,548.981502378507
06-19-2025 12:50:00,549.113721753195
06-19-2025 13:00:00,549.756128636203
06-19-2025 13:10:00,548.865599272093
06-19-2025 13:20:00,548.893030441038
06-19-2025 13:30:00,549.633312416329
06-19-2025 13:40:00,548.527462025203
06-19-2025 13:50:00,549.36504903654
06-19-2025 14:00:00,549.694430566351
06-19-2025 14:10:00,548.486893456781
06-19-2025 14:20:00,548.710723280434
06-19-2025 14:30:00,548.832192725952
06-19-2025 14:40:00,547.411051796934
06-19-2025 14:50:00,548.861534085355
06-19-2025 15:00:00,548.050051734457
06-19-2025 15:10:00,547.951870145142
06-19-2025 15:20:00,548.67580408836
06-19-2025 15:30:00,547.03586286349
06-19-2025 15:40:00,547.351364948247
06-19-2025 15:50:00,547.66976044395
06-19-2025 16:00:00,546.962236736528
06-19-2025 16:10:00,546.977332840569
06-19-2025 16:20:00,547.916588374617
06-19-2025 16:30:00,547.514529374988
06-19-2025 16:40:00,548.242961754827
06-19-2025 16:50:00,548.149986857516
06-19-2025 17:00:00,548.162847695264
06-19-2025 17:10:00,547.969380374501
06-19-2025 17:20:00,548.185764592159
06-19-2025 17:30:00,546.030559952943
06-19-2025 17:40:00,548.208669016547
06-19-2025 17:50:00,548.626268249465
06-19-2025 18:00:00,547.189861985414
06-19-2025 18:10:00,547.716354583715
06-19-2025 18:20:00,547.620050127615
06-19-2025 18:30:00,547.627098782959
06-19-2025 18:40:00,548.254774143596
06-19-2025 18:50:00,548.572356718726
06-19-2025 19:00:00,546.607926089375
06-19-2025 19:10:00,547.543418584408
06-19-2025 19:20:00,547.027380490316
06-19-2025 19:30:00,547.135017470658
06-19-2025 19:40:00,548.275201020481
06-19-2025 19:50:00,547.756238079945
06-19-2025 20:00:00,547.136461648032
06-19-2025 20:10:00,548.481046924948
06-19-2025 20:20:00,548.994465209188
06-19-2025 20:30:00,547.851513594611
06-19-2025 20:40:00,548.776044693768
06-19-2025 20:50:00,547.633371973802
06-19-2025 21:00:00,548.14659535849
06-19-2025 21:10:00,548.556246488144
06-19-2025 21:20:00,548.658272201266
06-19-2025 21:30:00,548.651109897444
06-19-2025 21:40:00,548.7502344179
06-19-2025 21:50:00,548.125255262955
06-19-2025 22:00:00,548.2215673143
06-19-2025 22:10:00,547.487844486622
06-19-2025 22:20:00,548.82474181813
06-19-2025 22:30:00,547.267057059811
06-19-2025 22:40:00,548.293486199479
06-19-2025 22:50:00,549.112905781618
06-19-2025 23:00:00,547.553156976143
06-19-2025 23:10:00,548.369508736545
06-19-2025 23:20:00,547.946444127342
06-19-2025 23:30:00,549.378699365851
06-19-2025 23:40:00,549.262274952223
06-19-2025 23:50:00,548.114450008363
06-20-2025 00:00:00,548.929371571885
06-20-2025 00:10:00,547.570621125656
06-20-2025 00:20:00,548.379404003419
06-20-2025 00:30:00,548.054681514191
06-20-2025 00:40:00,548.868276957858
06-20-2025 00:50:00,548.337709259934
06-20-2025 01:00:00,547.501692419868
06-20-2025 01:10:00,548.31176592398
06-20-2025 01:20:00,548.504411950095
06-20-2025 01:30:00,547.927631549834
06-20-2025 01:40:00,547.35083858141
06-20-2025 01:50:00,549.18708937763
06-20-2025 02:00:00,548.660356844346
06-20-2025 02:10:00,549.160468180016
06-20-2025 02:20:00,548.528627979369
06-20-2025 02:30:00,548.207787610568
06-20-2025 02:40:00,548.294507673882
06-20-2025 02:50:00,548.483631456128
06-20-2025 03:00:00,548.880325215179
06-20-2025 03:10:00,548.96947753904
06-20-2025 03:20:00,549.567595180343
06-20-2025 03:30:00,548.83482129205
06-20-2025 03:40:00,548.511817960792
06-20-2025 03:50:00,547.885068138682
06-20-2025 04:00:00,548.684252660805
06-20-2025 04:10:00,549.281184289734
06-20-2025 04:20:00,547.83508313559
06-20-2025 04:30:00,548.329760140732
06-20-2025 04:40:00,549.742395675038
06-20-2025 04:50:00,549.320721659257
06-20-2025 05:00:00,548.896475123085
06-20-2025 05:10:00,548.778337487178
06-20-2025 05:20:00,548.9659312145
06-20-2025 05:30:00,549.354167801909
06-20-2025 05:40:00,549.235954539176
06-20-2025 05:50:00,547.388091524179
06-20-2025 06:00:00,547.880996893401
06-20-2025 06:10:00,548.172922037694
06-20-2025 06:20:00,548.970009725682
06-20-2025 06:30:00,549.05529625975
06-20-2025 06:40:00,548.432444677203
06-20-2025 06:50:00,548.723702402427
06-20-2025 07:00:00,548.405811501213
06-20-2025 07:10:00,547.580827852805
06-20-2025 07:20:00,547.466339643439
06-20-2025 07:30:00,548.061649246423
06-20-2025 07:40:00,548.35525944421
06-20-2025 07:50:00,548.339136212766
06-20-2025 08:00:00,547.819327627925
06-20-2025 08:10:00,549.226601404013
06-20-2025 08:20:00,548.102124804643
06-20-2025 08:30:00,548.294007455557
06-20-2025 08:40:00,548.381813795513
06-20-2025 08:50:00,548.070444807406
06-20-2025 09:00:00,548.464438601148
06-20-2025 09:10:00,548.155912998342
06-20-2025 09:20:00,548.754754900278
06-20-2025 09:30:00,547.435158048015
06-20-2025 09:40:00,548.137792565306
06-20-2025 09:50:00,548.034300478813
06-20-2025 10:00:00,547.826964259903
06-20-2025 10:10:00,548.936573705131
06-20-2025 10:20:00,547.622647360601
06-20-2025 10:30:00,548.634017504083
06-20-2025 10:40:00,548.229889238597
06-20-2025 10:50:00,548.533566258949
06-20-2025 11:00:00,548.129339494482
06-20-2025 11:10:00,547.930061044911
06-20-2025 11:20:00,547.831873245496
06-20-2025 11:30:00,546.119887079051
06-20-2025 11:40:00,548.658582393176
06-20-2025 11:50:00,547.148258757153
06-20-2025 12:00:00,546.959167917404
06-20-2025 12:10:00,548.391739012344
06-20-2025 12:20:00,548.20859837036
06-20-2025 12:30:00,548.230983435439
06-20-2025 12:40:00,547.443450518504
06-20-2025 12:50:00,548.58641983773
06-20-2025 13:00:00,548.202115765592
06-20-2025 13:10:00,548.125485366259
06-20-2025 13:20:00,548.249762315936
06-20-2025 13:30:00,547.051124416585
06-20-2025 13:40:00,547.787187067611
06-20-2025 13:50:00,547.091626421264
06-20-2025 14:00:00,546.903460833144
06-20-2025 14:10:00,547.226332124799
06-20-2025 14:20:00,547.444518618378
06-20-2025 14:30:00,547.870392981216
06-20-2025 14:40:00,547.164677229472
06-20-2025 14:50:00,546.663262090135
06-20-2025 15:00:00,546.053677657919
06-20-2025 15:10:00,548.108728029924
06-20-2025 15:20:00,547.496429315377
06-20-2025 15:30:00,546.160916627682
06-20-2025 15:40:00,546.570817766114
06-20-2025 15:50:00,546.057987138865
06-20-2025 16:00:00,546.878085115712
06-20-2025 16:10:00,546.470384781868
06-20-2025 16:20:00,547.39326247076
06-20-2025 16:30:00,545.651945364604
06-20-2025 16:40:00,546.26718647298
06-20-2025 16:50:00,546.574717796184
06-20-2025 17:00:00,547.190113031902
06-20-2025 17:10:00,547.600364403107
06-20-2025 17:20:00,547.189668834828
06-20-2025 17:30:00,547.092236060965
06-20-2025 17:40:00,546.478690681093
06-20-2025 17:50:00,546.381018343494
06-20-2025 18:00:00,546.180567419026
06-20-2025 18:10:00,546.082750179718
06-20-2025 18:20:00,546.604178513616
06-20-2025 18:30:00,546.81480046567
06-20-2025 18:40:00,546.097403500206
06-20-2025 18:50:00,547.330936139004
06-20-2025 19:00:00,545.687801574964
06-20-2025 19:10:00,545.687319358504
06-20-2025 19:20:00,545.583961122719
06-20-2025 19:30:00,545.377701249041
06-20-2025 19:40:00,546.609038183495
06-20-2025 19:50:00,545.682655176091
06-20-2025 20:00:00,546.193902708239
06-20-2025 20:10:00,545.573447052981
06-20-2025 20:20:00,545.981788483414
06-20-2025 20:30:00,545.664723944108
06-20-2025 20:40:00,546.276035785736
06-20-2025 20:50:00,546.167305382307
06-20-2025 21:00:00,546.364423639772
06-20-2025 21:10:00,545.433116828622
06-20-2025 21:20:00,546.14430156873
06-20-2025 21:30:00,547.166335075559
06-20-2025 21:40:00,546.132444066527
06-20-2025 21:50:00,545.615213059076
06-20-2025 22:00:00,547.767646085118
06-20-2025 22:10:00,546.425527499916
06-20-2025 22:20:00,546.522279684357
06-20-2025 22:30:00,545.588865665869
06-20-2025 22:40:00,547.22941895596
06-20-2025 22:50:00,545.98783331825
06-20-2025 23:00:00,547.730816352481
06-20-2025 23:10:00,546.391963484481
06-20-2025 23:20:00,546.696737159819
06-20-2025 23:30:00,547.406890453819
06-20-2025 23:40:00,546.681785234566
06-20-2025 23:50:00,546.572947407579
06-21-2025 00:00:00,546.977538884552
06-21-2025 00:10:00,547.481961755277
06-21-2025 00:20:00,546.654438478255
06-21-2025 00:30:00,546.850835317764
06-21-2025 00:40:00,546.739277315033
06-21-2025 00:50:00,546.730350887743
06-21-2025 01:00:00,546.208456854312
06-21-2025 01:10:00,547.020188840408
06-21-2025 01:20:00,546.806064334473
06-21-2025 01:30:00,546.896903194096
06-21-2025 01:40:00,546.472470792184
06-21-2025 01:50:00,546.873440531756
06-21-2025 02:00:00,548.093976839787
06-21-2025 02:10:00,548.081917897445
06-21-2025 02:20:00,545.714344482884
06-21-2025 02:30:00,547.750611090461
06-21-2025 02:40:00,547.124427817836
06-21-2025 02:50:00,547.519148861934
06-21-2025 03:00:00,546.688748945088
06-21-2025 03:10:00,547.492434566573
06-21-2025 03:20:00,548.193338851062
06-21-2025 03:30:00,547.565137840129
06-21-2025 03:40:00,547.343263972828
06-21-2025 03:50:00,547.325793134116
06-21-2025 04:00:00,546.900017609754
06-21-2025 04:10:00,546.984746160497
06-21-2025 04:20:00,547.276109870928
06-21-2025 04:30:00,546.646882010934
06-21-2025 04:40:00,547.849867472205
06-21-2025 04:50:00,547.014495971042
06-21-2025 05:00:00,547.404365347527
06-21-2025 05:10:00,547.892889567572
06-21-2025 05:20:00,546.956898312285
06-21-2025 05:30:00,547.546794612073
06-21-2025 05:40:00,547.628016684659
06-21-2025 05:50:00,547.7119064901
06-21-2025 06:00:00,547.589893944029
06-21-2025 06:10:00,546.656192792846
06-21-2025 06:20:00,546.436018236322
06-21-2025 06:30:00,547.325850936589
06-21-2025 06:40:00,546.806958152185
06-21-2025 06:50:00,546.586944598828
06-21-2025 07:00:00,546.772161807237
06-21-2025 07:10:00,546.86136227177
06-21-2025 07:20:00,546.337911686826
06-21-2025 07:30:00,545.918641602984
06-21-2025 07:40:00,546.814377996669
06-21-2025 07:50:00,545.988175243153
06-21-2025 08:00:00,546.077340140943
06-21-2025 08:10:00,546.972102746131
06-21-2025 08:20:00,546.656903525467
06-21-2025 08:30:00,546.240857763515
06-21-2025 08:40:00,547.339422042842
06-21-2025 08:50:00,546.416052731853
06-21-2025 09:00:00,547.617566947681
06-21-2025 09:10:00,547.201634717085
06-21-2025 09:20:00,546.78856765466
06-21-2025 09:30:00,546.479127305682
06-21-2025 09:40:00,546.976560810411
06-21-2025 09:50:00,546.263743497705
06-21-2025 10:00:00,546.256896185304
06-21-2025 10:10:00,546.958537835624
06-21-2025 10:20:00,546.248432439624
06-21-2025 10:30:00,546.751047923984
06-21-2025 10:40:00,547.150170164844
06-21-2025 10:50:00,547.652875851617
06-21-2025 11:00:00,545.732350185816
06-21-2025 11:10:00,545.428054889952
06-21-2025 11:20:00,547.141118406983
06-21-2025 11:30:00,545.729788436859
06-21-2025 11:40:00,545.735835445707
06-21-2025 11:50:00,546.647782594508
06-21-2025 12:00:00,546.555298643793
06-21-2025 12:10:00,546.896483302443
06-21-2025 12:20:00,547.237668847441
06-21-2025 12:30:00,547.578855278787
06-21-2025 12:40:00,547.62245588034
06-21-2025 12:50:00,546.530859559381
06-21-2025 13:00:00,546.669273740465
06-21-2025 13:10:00,547.913925872165
06-21-2025 13:20:00,547.235006377264
06-21-2025 13:30:00,547.060772601124
06-21-2025 13:40:00,547.497021138483
06-21-2025 13:50:00,547.215188132054
06-21-2025 14:00:00,546.42348740266
06-21-2025 14:10:00,545.630871190514
06-21-2025 14:20:00,547.079075114331
06-21-2025 14:30:00,546.07634841353
06-21-2025 14:40:00,546.601525249891
06-21-2025 14:50:00,546.207909781048
06-21-2025 15:00:00,546.12051314824
06-21-2025 15:10:00,546.024842049068
06-21-2025 15:20:00,546.953738253754
06-21-2025 15:30:00,546.753120867785
06-21-2025 15:40:00,546.234930213898
06-21-2025 15:50:00,546.020703500286
06-21-2025 16:00:00,546.328028256128
06-21-2025 16:10:00,546.839489227443
06-21-2025 16:20:00,546.225190709945
06-21-2025 16:30:00,546.427569024518
06-21-2025 16:40:00,546.936009498864
06-21-2025 16:50:00,546.732895745253
06-21-2025 17:00:00,545.710908863422
06-21-2025 17:10:00,546.219264124481
06-21-2025 17:20:00,545.806892335863
06-21-2025 17:30:00,545.601319320166
06-21-2025 17:40:00,545.599699069057
06-21-2025 17:50:00,545.702705956429
06-21-2025 18:00:00,545.703772678165
06-21-2025 18:10:00,546.31908839738
06-21-2025 18:20:00,546.529472927277
06-21-2025 18:30:00,546.839041393746
06-21-2025 18:40:00,544.908715428938
06-21-2025 18:50:00,546.33691677052
06-21-2025 19:00:00,545.932956122719
06-21-2025 19:10:00,546.140595024107
06-21-2025 19:20:00,546.039710573163
06-21-2025 19:30:00,545.330011943295
06-21-2025 19:40:00,545.840703220368
06-21-2025 19:50:00,545.844479446201
06-21-2025 20:00:00,546.049365233853
06-21-2025 20:10:00,545.645511385899
06-21-2025 20:20:00,545.037842501052
06-21-2025 20:30:00,545.347346157138
06-21-2025 20:40:00,545.249218853089
06-21-2025 20:50:00,545.966356128354
06-21-2025 21:00:00,546.992017619889
06-21-2025 21:10:00,545.670888475
06-21-2025 21:20:00,547.104309771201
06-21-2025 21:30:00,545.989639395862
06-21-2025 21:40:00,545.894200845227
06-21-2025 21:50:00,546.002646620375
06-21-2025 22:00:00,546.722860135062
06-21-2025 22:10:00,546.012940867571
06-21-2025 22:20:00,545.611582053682
06-21-2025 22:30:00,546.73978323604
06-21-2025 22:40:00,546.542385593541
06-21-2025 22:50:00,547.262882273568
06-21-2025 23:00:00,547.266675340012
06-21-2025 23:10:00,546.151287556153
06-21-2025 23:20:00,546.871871762523
06-21-2025 23:30:00,545.549555277699
06-21-2025 23:40:00,546.471429573595
06-21-2025 23:50:00,545.659158019279
06-23-2025 00:00:00,546.359511528539
06-23-2025 00:10:00,547.177460568126
06-23-2025 00:20:00,546.871346091562
06-23-2025 00:30:00,547.484202101935
06-23-2025 00:40:00,546.660694479378
06-23-2025 00:50:00,547.372909214228
06-23-2025 01:00:00,547.266144009937
06-23-2025 01:10:00,547.057131134308
06-23-2025 01:20:00,546.745946542228
06-23-2025 01:30:00,546.943432096233
06-23-2025 01:40:00,546.428023319655
06-23-2025 01:50:00,547.343584360901
06-23-2025 02:00:00,546.720711103022
06-23-2025 02:10:00,546.821327483302
06-23-2025 02:20:00,546.814325823703
06-23-2025 02:30:00,547.629471914919
06-23-2025 02:40:00,547.727071736014
06-23-2025 02:50:00,546.393455858262
06-23-2025 03:00:00,546.590599185134
06-23-2025 03:10:00,547.399365855444
06-23-2025 03:20:00,546.885315668806
06-23-2025 03:30:00,547.486945553436
06-23-2025 03:40:00,548.19561103672
06-23-2025 03:50:00,548.391871216248
06-23-2025 04:00:00,547.165569769706
06-23-2025 04:10:00,547.155764215892
06-23-2025 04:20:00,547.352182957586
06-23-2025 04:30:00,547.65017508566
06-23-2025 04:40:00,547.233564324269
06-23-2025 04:50:00,547.528607633595
06-23-2025 05:00:00,547.318300230522
06-23-2025 05:10:00,547.813384743162
06-23-2025 05:20:00,547.197168112409
06-23-2025 05:30:00,547.085953925132
06-23-2025 05:40:00,546.87341900469
06-23-2025 05:50:00,547.269308440935
06-23-2025 06:00:00,548.478384333802
06-23-2025 06:10:00,546.644738615246
06-23-2025 06:20:00,548.255381650656
06-23-2025 06:30:00,547.94438366306
06-23-2025 06:40:00,547.5296402458
06-23-2025 06:50:00,547.623718836569
06-23-2025 07:00:00,547.111031784579
06-23-2025 07:10:00,547.407362426667
06-23-2025 07:20:00,546.996139347553
06-23-2025 07:30:00,547.598137279841
06-23-2025 07:40:00,547.187093236383
06-23-2025 07:50:00,547.382089077229
06-23-2025 08:00:00,547.481525037547
06-23-2025 08:10:00,548.38272057379
06-23-2025 08:20:00,547.268474977302
06-23-2025 08:30:00,547.163404384551
06-23-2025 08:40:00,546.655035210692
06-23-2025 08:50:00,547.356679802768
06-23-2025 09:00:00,546.448017664914
06-23-2025 09:10:00,547.350977935139
06-23-2025 09:20:00,547.047227934586
06-23-2025 09:30:00,548.355415735345
06-23-2025 09:40:00,548.655946118823
06-23-2025 09:50:00,547.546482226319
06-23-2025 10:00:00,547.144924352577
06-23-2025 10:10:00,547.548958773129
06-23-2025 10:20:00,547.348834031119
06-23-2025 10:30:00,547.450766320385
06-23-2025 10:40:00,547.656097718701
06-23-2025 10:50:00,546.955361062995
06-23-2025 11:00:00,546.959345580592
06-23-2025 11:10:00,547.066704667636
06-23-2025 11:20:00,547.476153504096
06-23-2025 11:30:00,547.681522056282
06-23-2025 11:40:00,547.895189925796
06-23-2025 11:50:00,546.491817956101
06-23-2025 12:00:00,547.307032372279
06-23-2025 12:10:00,546.71726730997
06-23-2025 12:20:00,547.443048881825
06-23-2025 12:30:00,545.952985537656
06-23-2025 12:40:00,546.490580307566
06-23-2025 12:50:00,546.824326236503
06-23-2025 13:00:00,546.754073486647
06-23-2025 13:10:00,547.293731255246
06-23-2025 13:20:00,546.815806081169
06-23-2025 13:30:00,546.846739659235
06-23-2025 13:40:00,545.353157335974
06-23-2025 13:50:00,546.088438887232
06-23-2025 14:00:00,547.231042494886
06-23-2025 14:10:00,546.443655591492
06-23-2025 14:20:00,546.97492728109
06-23-2025 14:30:00,546.791688134786
06-23-2025 14:40:00,546.809195055258
06-23-2025 14:50:00,546.925851230239
06-23-2025 15:00:00,546.431335687788
06-23-2025 15:10:00,546.539897152444
06-23-2025 15:20:00,547.053318840957
06-23-2025 15:30:00,547.0546050704
06-23-2025 15:40:00,546.44469618717
06-23-2025 15:50:00,546.547893025291
06-23-2025 16:00:00,546.546546538609
06-23-2025 16:10:00,546.952499585899
06-23-2025 16:20:00,545.732011481348
06-23-2025 16:30:00,545.832605010884
06-23-2025 16:40:00,545.732211498903
06-23-2025 16:50:00,546.952298771105
06-23-2025 17:00:00,545.528887548237
06-23-2025 17:10:00,547.155707635575
06-23-2025 17:20:00,547.360483647016
06-23-2025 17:30:00,546.24270811651
06-23-2025 17:40:00,545.526836766247
06-23-2025 17:50:00,545.940307945503
06-23-2025 18:00:00,546.046045254951
06-23-2025 18:10:00,546.563990120197
06-23-2025 18:20:00,546.061983403504
06-23-2025 18:30:00,545.15289857833
06-23-2025 18:40:00,545.258672841208
06-23-2025 18:50:00,546.486352081486
06-23-2025 19:00:00,546.388621815067
06-23-2025 19:10:00,546.799679078575
06-23-2025 19:20:00,545.480862640267
06-23-2025 19:30:00,545.89192167647
06-23-2025 19:40:00,544.776621668289
06-23-2025 19:50:00,546.103498435627
06-23-2025 20:00:00,545.901400906204
06-23-2025 20:10:00,545.59759749238
06-23-2025 20:20:00,544.373278131374
06-23-2025 20:30:00,544.77157321027
06-23-2025 20:40:00,547.311999990466
06-23-2025 20:50:00,546.70074068227
06-23-2025 21:00:00,546.70210244095
06-23-2025 21:10:00,547.107252353296
06-23-2025 21:20:00,545.686083905968
06-23-2025 21:30:00,546.90940994903
06-23-2025 21:40:00,547.017757953223
06-23-2025 21:50:00,547.227747758394
06-23-2025 22:00:00,546.421450821964
06-23-2025 22:10:00,547.24126947431
06-23-2025 22:20:00,545.215056031872
06-23-2025 22:30:00,545.933253517966
06-23-2025 22:40:00,546.85758610106
06-23-2025 22:50:00,547.779459640599
06-23-2025 23:00:00,546.464293188655
06-23-2025 23:10:00,546.165899778981
06-23-2025 23:20:00,546.986236991264
06-23-2025 23:30:00,545.973215818396
06-23-2025 23:40:00,546.386743065577
06-23-2025 23:50:00,547.916529310534
06-24-2025 00:00:00,546.194048589344
06-24-2025 00:10:00,547.011894449953
06-24-2025 00:20:00,546.812502045003
06-24-2025 00:30:00,546.409662696019
06-24-2025 00:40:00,546.105926263406
06-24-2025 00:50:00,546.313415478357
06-24-2025 01:00:00,547.433615680459
06-24-2025 01:10:00,546.723053913288
06-24-2025 01:20:00,546.215991369448
06-24-2025 01:30:00,546.624153207148
06-24-2025 01:40:00,546.724558754855
06-24-2025 01:50:00,546.926582391538
06-24-2025 02:00:00,547.128541970041
06-24-2025 02:10:00,546.012044772098
06-24-2025 02:20:00,545.601891696607
06-24-2025 02:30:00,546.715550611136
06-24-2025 02:40:00,548.43795794762
06-24-2025 02:50:00,546.606185183006
06-24-2025 03:00:00,547.107097883012
06-24-2025 03:10:00,547.50895353644
06-24-2025 03:20:00,547.913371919578
06-24-2025 03:30:00,546.692083725423
06-24-2025 03:40:00,547.499383632135
06-24-2025 03:50:00,547.695307214497
06-24-2025 04:00:00,546.979109681115
06-24-2025 04:10:00,547.98272342773
06-24-2025 04:20:00,548.178291877286
06-24-2025 04:30:00,547.763647266432
06-24-2025 04:40:00,548.16151898922
06-24-2025 04:50:00,547.342623076585
06-24-2025 05:00:00,546.928805305498
06-24-2025 05:10:00,547.222750799571
06-24-2025 05:20:00,547.516460875732
06-24-2025 05:30:00,547.408723544766
06-24-2025 05:40:00,546.995535863422
06-24-2025 05:50:00,545.979845855492
06-24-2025 06:00:00,547.789439131711
06-24-2025 06:10:00,547.78262288925
06-24-2025 06:20:00,546.868492539919
06-24-2025 06:30:00,547.867065898138
06-24-2025 06:40:00,546.653994101088
06-24-2025 06:50:00,547.453291956063
06-24-2025 07:00:00,546.643779866388
06-24-2025 07:10:00,548.650528953962
06-24-2025 07:20:00,547.335343839873
06-24-2025 07:30:00,546.928995770704
06-24-2025 07:40:00,546.724001012698
06-24-2025 07:50:00,547.119759951234
06-24-2025 08:00:00,547.316917908317
06-24-2025 08:10:00,546.710025166506
06-24-2025 08:20:00,546.904553516885
06-24-2025 08:30:00,547.402926030569
06-24-2025 08:40:00,546.999984363362
06-24-2025 08:50:00,548.100519214917
06-24-2025 09:00:00,546.794205888526
06-24-2025 09:10:00,546.790430715948
06-24-2025 09:20:00,548.194045712085
06-24-2025 09:30:00,547.994748051875
06-24-2025 09:40:00,546.691921914282
06-24-2025 09:50:00,547.092028326066
06-24-2025 10:00:00,548.09921119264
06-24-2025 10:10:00,546.598704863156
06-24-2025 10:20:00,547.505581899129
06-24-2025 10:30:00,548.314896906885
06-24-2025 10:40:00,546.312692812346
06-24-2025 10:50:00,546.219062931567
06-24-2025 11:00:00,548.433053382173
06-24-2025 11:10:00,547.238496539384
06-24-2025 11:20:00,546.347230872959
06-24-2025 11:30:00,546.261285579045
06-24-2025 11:40:00,548.186772050899
06-24-2025 11:50:00,546.903512638441
06-24-2025 12:00:00,546.923435144914
06-24-2025 12:10:00,546.649414107318
06-24-2025 12:20:00,547.283944877212
06-24-2025 12:30:00,546.511063647643
06-24-2025 12:40:00,547.048328244143
06-24-2025 12:50:00,547.586549526064
06-24-2025 13:00:00,547.620387738507
06-24-2025 13:10:00,547.648863721806
06-24-2025 13:20:00,546.867639881368
06-24-2025 13:30:00,546.996885146265
06-24-2025 13:40:00,546.211425440142
06-24-2025 13:50:00,546.238924593297
06-24-2025 14:00:00,546.16495183357
06-24-2025 14:10:00,547.104013368027
06-24-2025 14:20:00,546.212173272416
06-24-2025 14:30:00,547.457509732029
06-24-2025 14:40:00,546.663883238858
06-24-2025 14:50:00,546.884803236208
06-24-2025 15:00:00,544.962414359985
06-24-2025 15:10:00,547.010873762148
06-24-2025 15:20:00,545.288768892006
06-24-2025 15:30:00,545.702898011307
06-24-2025 15:40:00,546.623829650626
06-24-2025 15:50:00,546.729833580846
06-24-2025 16:00:00,546.838493171932
06-24-2025 16:10:00,545.925762758392
06-24-2025 16:20:00,547.356145560819
06-24-2025 16:30:00,546.547921451975
06-24-2025 16:40:00,547.1606803513
06-24-2025 16:50:00,546.146079034038
06-24-2025 17:00:00,546.356585323256
06-24-2025 17:10:00,545.851316143958
06-24-2025 17:20:00,546.46151594531
06-24-2025 17:30:00,545.849325430529
06-24-2025 17:40:00,544.633750805097
06-24-2025 17:50:00,545.457835546806
06-24-2025 18:00:00,545.673399178863
06-24-2025 18:10:00,546.50324068649
06-24-2025 18:20:00,545.090360075314
06-24-2025 18:30:00,546.940554729664
06-24-2025 18:40:00,546.442567138866
06-24-2025 18:50:00,546.76073740091
06-24-2025 19:00:00,545.137108558676
06-24-2025 19:10:00,545.962966553876
06-24-2025 19:20:00,545.665984294544
06-24-2025 19:30:00,545.164667824499
06-24-2025 19:40:00,545.071724586767
06-24-2025 19:50:00,545.078392553074
06-24-2025 20:00:00,545.904851564551
06-24-2025 20:10:00,544.992074032102
06-24-2025 20:20:00,546.32703703583
06-24-2025 20:30:00,546.435997010489
06-24-2025 20:40:00,545.622678303346
06-24-2025 20:50:00,546.137769166461
06-24-2025 21:00:00,546.141934499036
06-24-2025 21:10:00,546.14869631203
06-24-2025 21:20:00,546.048082539852
06-24-2025 21:30:00,546.665362231736
06-24-2025 21:40:00,544.932381292282
06-24-2025 21:50:00,545.038736339974
06-24-2025 22:00:00,545.860389257658
06-24-2025 22:10:00,544.842707960892
06-24-2025 22:20:00,546.990108762249
06-24-2025 22:30:00,546.685114638961
06-24-2025 22:40:00,544.952425473341
06-24-2025 22:50:00,545.771387402158
06-24-2025 23:00:00,545.466548410407
06-24-2025 23:10:00,546.285336096373
06-24-2025 23:20:00,545.467300722063
06-24-2025 23:30:00,546.388007328399
06-24-2025 23:40:00,545.978565773596
06-24-2025 23:50:00,546.485404521294
06-25-2025 00:00:00,546.275044589205
06-25-2025 00:10:00,545.761353973382
06-25-2025 00:20:00,546.165846547388
06-25-2025 00:30:00,546.363608189187
06-25-2025 00:40:00,545.236221898305
06-25-2025 00:50:00,547.166316930474
06-25-2025 01:00:00,547.159850062525
06-25-2025 01:10:00,546.44062153265
06-25-2025 01:20:00,546.841567696224
06-25-2025 01:30:00,547.341337686245
06-25-2025 01:40:00,546.927975003266
06-25-2025 01:50:00,545.701429880386
06-25-2025 02:00:00,547.016913681306
06-25-2025 02:10:00,547.318050124762
06-25-2025 02:20:00,546.295674727383
06-25-2025 02:30:00,546.901518482161
06-25-2025 02:40:00,547.199791679637
06-25-2025 02:50:00,546.076887808726
06-25-2025 03:00:00,546.377827072802
06-25-2025 03:10:00,547.28465842325
06-25-2025 03:20:00,548.497877871841
06-25-2025 03:30:00,547.271812453156
06-25-2025 03:40:00,547.676137600943
06-25-2025 03:50:00,547.165618031976
06-25-2025 04:00:00,547.359191967997
06-25-2025 04:10:00,546.846475530049
06-25-2025 04:20:00,547.554144417144
06-25-2025 04:30:00,546.94303395263
06-25-2025 04:40:00,547.748917607993
06-25-2025 04:50:00,546.73079321386
06-25-2025 05:00:00,545.715854463507
06-25-2025 05:10:00,547.934228357458
06-25-2025 05:20:00,547.121734284551
06-25-2025 05:30:00,546.809693350896
06-25-2025 05:40:00,547.109129448147
06-25-2025 05:50:00,547.812366470195
06-25-2025 06:00:00,546.796319420394
06-25-2025 06:10:00,547.799344045383
06-25-2025 06:20:00,547.492835627451
06-25-2025 06:30:00,547.284715291134
06-25-2025 06:40:00,546.774244147679
06-25-2025 06:50:00,546.770685794308
06-25-2025 07:00:00,547.072089326858
06-25-2025 07:10:00,547.468876424134
06-25-2025 07:20:00,547.064845997924
06-25-2025 07:30:00,547.058620324286
06-25-2025 07:40:00,547.055011704804
06-25-2025 07:50:00,546.148020984743
06-25-2025 08:00:00,547.254323103647
06-25-2025 08:10:00,548.762801893723
06-25-2025 08:20:00,547.051045645962
06-25-2025 08:30:00,546.144653672572
06-25-2025 08:40:00,546.347534608076
06-25-2025 08:50:00,548.056464780388
06-25-2025 09:00:00,548.357003208588
06-25-2025 09:10:00,546.445486508837
06-25-2025 09:20:00,547.854660798936
06-25-2025 09:30:00,546.954073359326
06-25-2025 09:40:00,547.963660774655
06-25-2025 09:50:00,546.959946029342
06-25-2025 10:00:00,547.469451463578
06-25-2025 10:10:00,547.174690743433
06-25-2025 10:20:00,548.287607417274
06-25-2025 10:30:00,547.691185805171
06-25-2025 10:40:00,547.295803800832
06-25-2025 10:50:00,547.707621268196
06-25-2025 11:00:00,547.915699967711
06-25-2025 11:10:00,546.921782319521
06-25-2025 11:20:00,548.851479889901
06-25-2025 11:30:00,547.462315531002
06-25-2025 11:40:00,546.275844734561
06-25-2025 11:50:00,546.600345020423
06-25-2025 12:00:00,547.230468878555
06-25-2025 12:10:00,547.558549890969
06-25-2025 12:20:00,546.980485491227
06-25-2025 12:30:00,545.999685321099
06-25-2025 12:40:00,545.831840431588
06-25-2025 12:50:00,546.868956410927
06-25-2025 13:00:00,545.986997875535
06-25-2025 13:10:00,547.436727303121
06-25-2025 13:20:00,547.667869638908
06-25-2025 13:30:00,546.479654753397
06-25-2025 13:40:00,546.911176247291
06-25-2025 13:50:00,546.73286627298
06-25-2025 14:00:00,546.152222973191
06-25-2025 14:10:00,546.380671081875
06-25-2025 14:20:00,546.70876508296
06-25-2025 14:30:00,545.813230341471
06-25-2025 14:40:00,547.570194038148
06-25-2025 14:50:00,545.650419800375
06-25-2025 15:00:00,545.667265069858
06-25-2025 15:10:00,546.601269405538
06-25-2025 15:20:00,546.102267456623
06-25-2025 15:30:00,545.600503871041
06-25-2025 15:40:00,545.712039980362
06-25-2025 15:50:00,546.746570885897
06-25-2025 16:00:00,546.144893841536
06-25-2025 16:10:00,545.849878337368
06-25-2025 16:20:00,546.580767093497
06-25-2025 16:30:00,545.166949072277
06-25-2025 16:40:00,545.690810844616
06-25-2025 16:50:00,546.007470351636
06-25-2025 17:00:00,546.119305831664
06-25-2025 17:10:00,543.976594315392
06-25-2025 17:20:00,544.908113934082
06-25-2025 17:30:00,545.945000778505
06-25-2025 17:40:00,546.062015700753
06-25-2025 17:50:00,545.458461197363
06-25-2025 18:00:00,544.959678130716
06-25-2025 18:10:00,544.460562565497
06-25-2025 18:20:00,546.220181553239
06-25-2025 18:30:00,545.926586907922
06-25-2025 18:40:00,545.527529223151
06-25-2025 18:50:00,545.950432064079
06-25-2025 19:00:00,545.242792341219
06-25-2025 19:10:00,545.665832358438
06-25-2025 19:20:00,545.364152851607
06-25-2025 19:30:00,545.784826355887
06-25-2025 19:40:00,545.485591812131
06-25-2025 19:50:00,544.772282233791
06-25-2025 20:00:00,544.573259211942
06-25-2025 20:10:00,546.329103961759
06-25-2025 20:20:00,546.950730429728
06-25-2025 20:30:00,546.029015167335
06-25-2025 20:40:00,545.415969314632
06-25-2025 20:50:00,545.934708933864
06-25-2025 21:00:00,545.836112392761
06-25-2025 21:10:00,545.632107223666
06-25-2025 21:20:00,546.559734194571
06-25-2025 21:30:00,546.152540122657
06-25-2025 21:40:00,545.948546997393
06-25-2025 21:50:00,546.156010723169
06-25-2025 22:00:00,546.157747990779
06-25-2025 22:10:00,545.750659921951
06-25-2025 22:20:00,546.677978000668
06-25-2025 22:30:00,546.268357144773
06-25-2025 22:40:00,547.195481575047
06-25-2025 22:50:00,545.963387536434
06-25-2025 23:00:00,547.815623962789
06-25-2025 23:10:00,548.122900336987
06-25-2025 23:20:00,547.094066527654
06-25-2025 23:30:00,545.551811285862
06-25-2025 23:40:00,546.270260969743
06-25-2025 23:50:00,546.780431575898
06-27-2025 00:04:09,32.080216993878
06-27-2025 00:09:09,31.9720899075729
06-27-2025 00:14:09,31.5556374197644
06-27-2025 00:19:09,31.6531733025626
06-27-2025 00:24:09,32.5727008297099
06-27-2025 00:29:09,31.9482352298224
06-27-2025 00:34:09,30.7104140451973
06-27-2025 00:39:09,31.0134040548485
06-27-2025 00:44:09,30.7002354061194
06-27-2025 00:49:09,30.7978079762832
06-27-2025 00:54:09,31.0980569975041
06-27-2025 00:59:09,31.6059906897782
06-27-2025 01:04:09,31.0851837652447
06-27-2025 01:09:09,31.6981076332326
06-27-2025 01:14:09,31.2800076548845
06-27-2025 01:19:09,30.8621152463156
06-27-2025 01:24:09,31.6745082430089
06-27-2025 01:29:09,31.1542442533742
06-27-2025 01:34:09,33.0959103086486
06-27-2025 01:39:09,31.343653248237
06-27-2025 01:44:09,31.9503115308982
06-27-2025 01:49:09,29.9996610959787
06-27-2025 01:54:09,31.9371150016613
06-27-2025 01:59:09,32.1312230964962
06-27-2025 02:04:09,32.737085296578
06-27-2025 02:09:09,30.3740766971004
06-27-2025 02:14:09,32.2096132095816
06-27-2025 02:19:09,31.3812332252231
06-27-2025 02:24:09,31.6800502956566
06-27-2025 02:29:09,31.7770026868426
06-27-2025 02:34:09,31.3605375952066
06-27-2025 02:39:09,30.5332566904339
06-27-2025 02:44:09,31.5440377736279
06-27-2025 02:49:09,31.9418490983367
06-27-2025 02:54:09,31.5258576308593
06-27-2025 02:59:09,32.3340744330393
06-27-2025 03:04:09,31.612266375154
06-27-2025 03:09:09,31.4999223205799
06-27-2025 03:14:09,31.4921500465401
06-27-2025 03:19:09,31.076816796561
06-27-2025 03:24:09,32.087813445731
06-27-2025 03:29:09,31.8736005019939
06-27-2025 03:34:09,32.1738102537322
06-27-2025 03:39:09,31.756109819549
06-27-2025 03:44:09,31.4430145730741
06-27-2025 03:49:09,32.0430332850823
06-27-2025 03:54:09,32.5463093298878
06-27-2025 03:59:09,32.1315686052205
06-27-2025 04:04:09,31.3104034101502
06-27-2025 04:09:09,31.5059637232203
06-27-2025 04:14:09,30.9901778409458
06-27-2025 04:19:09,31.998377936194
06-27-2025 04:24:09,32.1989026776486
06-27-2025 04:29:09,31.0714028961797
06-27-2025 04:34:09,31.8758911164226
06-27-2025 04:39:09,31.5687581764099
06-27-2025 04:44:09,31.7639667328771
06-27-2025 04:49:09,31.5532498122531
06-27-2025 04:54:09,31.5480837430188
06-27-2025 04:59:09,30.6250884781116
06-27-2025 05:04:09,29.7051274395589
06-27-2025 05:09:09,31.3221251484126
06-27-2025 05:14:09,31.5171228170592
06-27-2025 05:19:09,31.6158784264088
06-27-2025 05:24:09,31.4055079182403
06-27-2025 05:29:09,30.7901075840795
06-27-2025 05:34:09,31.3926752787239
06-27-2025 05:39:09,30.982544576136
06-27-2025 05:44:09,31.3798531220423
06-27-2025 05:49:09,30.8686832047239
06-27-2025 05:54:09,31.468225439986
06-27-2025 05:59:09,31.1595847236696
06-27-2025 06:04:09,31.3542402058456
06-27-2025 06:09:09,31.2505467581502
06-27-2025 06:14:09,31.0406776452926
06-27-2025 06:19:09,30.2244015239972
06-27-2025 06:24:09,32.2408404934445
06-27-2025 06:29:09,30.820854339935
06-27-2025 06:34:09,30.207152366695
06-27-2025 06:39:09,32.1214327532755
06-27-2025 06:44:09,31.0077863884706
06-27-2025 06:49:09,31.6086489746427
06-27-2025 06:54:09,30.4928318117377
06-27-2025 06:59:09,30.7907229268026
06-27-2025 07:04:09,30.8866434949549
06-27-2025 07:09:09,31.0834531173222
06-27-2025 07:14:09,30.9800097198519
06-27-2025 07:19:09,31.6812343170323
06-27-2025 07:24:09,30.2637668866775
06-27-2025 07:29:09,31.2674681762735
06-27-2025 07:34:09,30.1530686747736
06-27-2025 07:39:09,30.049776749318
06-27-2025 07:44:09,30.5489956992458
06-27-2025 07:49:09,30.7456361105782
06-27-2025 07:54:09,30.7406346136925
06-27-2025 07:59:09,30.3350114003206
06-27-2025 08:04:09,31.6400148244554
06-27-2025 08:09:09,30.7306364999961
06-27-2025 08:14:09,30.423420472927
06-27-2025 08:19:09,31.2268002502173
06-27-2025 08:24:09,30.6149444635844
06-27-2025 08:29:09,30.7106597706971
06-27-2025 08:34:09,31.2115770384281
06-27-2025 08:39:09,31.5059449100938
06-27-2025 08:44:09,31.1007866787983
06-27-2025 08:49:09,30.9951017675862
06-27-2025 08:54:09,30.7888340771621
06-27-2025 08:59:09,30.6857253526972
06-27-2025 09:04:09,30.0771877205807
06-27-2025 09:09:09,30.7788373565767
06-27-2025 09:14:09,31.176113867236
06-27-2025 09:19:09,31.1735838670469
06-27-2025 09:24:09,30.7688471254858
06-27-2025 09:29:09,29.9620015461599
06-27-2025 09:34:09,29.6555582306991
06-27-2025 09:39:09,31.465049919352
06-27-2025 09:44:09,31.0604208616663
06-27-2025 09:49:09,30.5578250548433
06-27-2025 09:54:09,29.9522803887243
06-27-2025 09:59:09,30.5553464368194
06-27-2025 10:04:09,30.856879460867
06-27-2025 10:09:09,31.1584124849146
06-27-2025 10:14:09,31.3594345009463
06-27-2025 10:19:09,31.4599455089621
06-27-2025 10:24:09,31.8594053487218
06-27-2025 10:29:09,30.4523653648666
06-27-2025 10:34:09,30.856879460867
06-27-2025 10:39:09,31.0579014768987
06-27-2025 10:44:09,30.3543244207877
06-27-2025 10:49:09,30.6583442162079
06-27-2025 10:54:09,31.0629406552069
06-27-2025 10:59:09,30.3617125534019
06-27-2025 11:04:09,30.3641760635581
06-27-2025 11:09:09,31.171054277453
06-27-2025 11:14:09,30.7738414302394
06-27-2025 11:19:09,30.2759151775476
06-27-2025 11:24:09,30.5826333699587
06-27-2025 11:29:09,30.2857485530254
06-27-2025 11:34:09,30.1924861569967
06-27-2025 11:39:09,30.7031751915123
06-27-2025 11:44:09,29.2002994541054
06-27-2025 11:49:09,29.7085809761756
06-27-2025 11:54:09,31.02785929027
06-27-2025 11:59:09,29.3272037126023
06-27-2025 12:04:09,30.0399985604994
06-27-2025 12:09:09,29.5479903736076
06-27-2025 12:14:09,28.9499801838899
06-27-2025 12:19:09,28.8655573545504
06-27-2025 12:24:09,29.2788103999142
06-27-2025 12:29:09,29.3917454040552
06-27-2025 12:34:09,30.9168638458699
06-27-2025 12:39:09,29.6154758954285
06-27-2025 12:44:09,29.6275593332323
06-27-2025 12:49:09,29.6396526354102
06-27-2025 12:54:09,30.2589590047778
06-27-2025 12:59:09,28.8515766576775
06-27-2025 13:04:09,29.3721421032338
06-27-2025 13:09:09,30.1898108375342
06-27-2025 13:14:09,30.3159038854039
06-27-2025 13:19:09,30.016643011659
06-27-2025 13:24:09,29.9250312031851
06-27-2025 13:29:09,30.543677458766
06-27-2025 13:34:09,29.538612956062
06-27-2025 13:39:09,29.6522652451994
06-27-2025 13:44:09,29.8676011907217
06-27-2025 13:49:09,30.5887656508283
06-27-2025 13:54:09,28.6720217598277
06-27-2025 13:59:09,30.1028653554767
06-27-2025 14:04:09,29.8100014284383
06-27-2025 14:11:00,30.028275438479
06-27-2025 14:21:00,29.1313025216504
06-27-2025 14:31:00,29.4538231826864
06-27-2025 14:41:00,28.960915001754
06-27-2025 14:51:00,29.5873744755638
06-27-2025 15:01:00,28.5765315234863
06-27-2025 15:11:00,28.4838563915426
06-27-2025 15:21:00,28.9017518138147
06-27-2025 15:31:00,29.3199228569333
06-27-2025 15:41:00,29.1252075298779
06-27-2025 15:51:00,29.1420309991453
06-27-2025 16:01:00,29.6704331064739
06-27-2025 16:11:00,29.994704347932
06-27-2025 16:21:00,29.2950484607706
06-27-2025 16:31:00,28.9020510514761
06-27-2025 16:41:00,28.9211874054998
06-27-2025 16:51:00,30.0692279833472
06-27-2025 17:01:00,29.4778890667947
06-27-2025 17:11:00,28.4720246425887
06-27-2025 17:21:00,28.7014064100631
06-27-2025 17:31:00,29.1322441236764
06-27-2025 17:41:00,28.8497848372743
06-27-2025 17:51:00,29.7993995163217
06-27-2025 18:01:00,28.5810803978569
06-27-2025 18:11:00,28.6025151833406
06-27-2025 18:21:00,29.1382306295087
06-27-2025 18:31:00,28.6407009589258
06-27-2025 18:41:00,29.7954603719343
06-27-2025 18:51:00,30.120918408539
06-27-2025 19:01:00,29.514660915899
06-27-2025 19:11:00,29.6306027351533
06-27-2025 19:21:00,29.0235413053193
06-27-2025 19:31:00,28.5148048348251
06-27-2025 19:41:00,29.5616014504892
06-27-2025 19:51:00,29.4677430416957
06-27-2025 20:01:00,29.1637900721892
06-27-2025 20:11:00,28.6520606904628
06-27-2025 20:21:00,30.3155894388792
06-27-2025 20:31:00,30.1129943385494
06-27-2025 20:41:00,29.0770517987947
06-27-2025 20:51:00,30.2218972704746
06-27-2025 21:01:00,29.0794887825872
06-27-2025 21:11:00,28.4563568801032
06-27-2025 21:21:00,29.5987653679905
06-27-2025 21:31:00,30.2193645480331
06-27-2025 21:41:00,30.1129943385494
06-27-2025 21:51:00,29.5888458564403
06-27-2025 22:01:00,29.9991010649992
06-27-2025 22:11:00,28.6424624713692
06-27-2025 22:21:00,29.2553243912325
06-27-2025 22:31:00,30.2800720002041
06-27-2025 22:41:00,30.1713233494938
06-27-2025 22:51:00,29.9539352008282
06-27-2025 23:01:00,30.1435797748803
06-27-2025 23:11:00,30.1335038482348
06-27-2025 23:21:00,28.8788186803518
06-27-2025 23:31:00,30.5196555893077
06-27-2025 23:41:00,30.4035072824156
06-27-2025 23:51:00,29.5613987668349
06-29-2025 00:01:00,28.2415453690563
06-29-2025 00:11:00,29.1613476610679
06-29-2025 00:21:00,29.6653263678594
06-29-2025 00:31:00,28.6161004964271
06-29-2025 00:41:00,28.7029707781997
06-29-2025 00:51:00,28.3802422139738
06-29-2025 01:01:00,29.608323293075
06-29-2025 01:11:00,28.452901911466
06-29-2025 01:21:00,29.1625478015007
06-29-2025 01:31:00,29.039746525384
06-29-2025 01:41:00,29.8465875074578
06-29-2025 01:51:00,30.2420457742779
06-29-2025 02:01:00,28.6770976342735
06-29-2025 02:11:00,29.3796169165979
06-29-2025 02:21:00,28.4352806830072
06-29-2025 02:31:00,29.3430009426825
06-29-2025 02:41:00,29.1153132041238
06-29-2025 02:51:00,28.0678608907464
06-29-2025 03:01:00,29.5904101590454
06-29-2025 03:11:00,29.1600898171837
06-29-2025 03:21:00,29.0405693675559
06-29-2025 03:31:00,28.7160726012054
06-29-2025 03:41:00,29.0069397309591
06-29-2025 03:51:00,28.377867803803
06-29-2025 04:01:00,28.5662301903688
06-29-2025 04:11:00,29.063761081966
06-29-2025 04:21:00,28.535578650396
06-29-2025 04:31:00,29.0325911280899
06-29-2025 04:41:00,29.3223402823874
06-29-2025 04:51:00,27.6739550605605
06-29-2025 05:01:00,28.780649605797
06-29-2025 05:11:00,28.5624168374631
06-29-2025 05:21:00,28.2424412725453
06-29-2025 05:31:00,27.6170575991952
06-29-2025 05:41:00,29.0294448205257
06-29-2025 05:51:00,28.3024822702256
06-29-2025 06:01:00,28.5938093690415
06-29-2025 06:11:00,29.0906516580603
06-29-2025 06:21:00,28.6696693909291
06-29-2025 06:31:00,28.4523323342161
06-29-2025 06:41:00,28.7453926112762
06-29-2025 06:51:00,28.6320839151552
06-29-2025 07:01:00,28.318206099498
06-29-2025 07:11:00,28.9129902615976
06-29-2025 07:21:00,28.3964456169021
06-29-2025 07:31:00,28.5852404267067
06-29-2025 07:41:00,28.6772230598516
06-29-2025 07:51:00,27.8597247661809
06-29-2025 08:01:00,28.2580263682835
06-29-2025 08:11:00,27.949607667509
06-29-2025 08:21:00,28.9551757680411
06-29-2025 08:31:00,27.1283891506688
06-29-2025 08:41:00,27.834692695377
06-29-2025 08:51:00,28.8397962473455
06-29-2025 09:01:00,28.7339110333362
06-29-2025 09:11:00,29.3385700320266
06-29-2025 09:21:00,27.5175553403836
06-29-2025 09:31:00,27.6187228232526
06-29-2025 09:41:00,28.0233927547288
06-29-2025 09:51:00,27.7221536025849
06-29-2025 10:01:00,26.1076050239127
06-29-2025 10:11:00,28.7432984594807
06-29-2025 10:21:00,28.1406424771863
06-29-2025 10:31:00,27.841515161578
06-29-2025 10:41:00,26.5318739452441
06-29-2025 10:51:00,28.3593096169154
06-29-2025 11:01:00,28.0623409462986
06-29-2025 11:11:00,27.6661560419845
06-29-2025 11:21:00,27.274174398574
06-29-2025 11:31:00,27.2898048434027
06-29-2025 11:41:00,27.3121651531091
06-29-2025 11:51:00,27.6371422056959
06-29-2025 12:01:00,27.9625992608722
06-29-2025 12:11:00,27.2754437144758
06-29-2025 12:21:00,26.1795811287393
06-29-2025 12:31:00,27.5332642622309
06-29-2025 12:41:00,26.3355706999831
06-29-2025 12:51:00,26.568173678195
06-29-2025 13:01:00,26.7968516358557
06-29-2025 13:11:00,27.0304113629297
06-29-2025 13:21:00,26.235153055473
06-29-2025 13:31:00,26.7741297484586
06-29-2025 13:41:00,26.9012096200779
06-29-2025 13:51:00,27.4373260054778
06-29-2025 14:01:00,27.2544046460429
06-29-2025 14:11:00,26.2477214661792
06-29-2025 14:21:00,25.960489165668
06-29-2025 14:31:00,26.3901120373651
06-29-2025 14:41:00,26.304532002661
06-29-2025 14:51:00,26.9414043036674
06-29-2025 15:01:00,25.7155719354913
06-29-2025 15:11:00,26.1439259289877
06-29-2025 15:21:00,25.9524041180158
06-29-2025 15:31:00,26.7952230428159
06-29-2025 15:41:00,25.4672990562813
06-29-2025 15:51:00,25.2771421083001
06-29-2025 16:01:00,25.8123798661778
06-29-2025 16:11:00,27.5954478300278
06-29-2025 16:21:00,26.6774012930962
06-29-2025 16:31:00,26.4853256235762
06-29-2025 16:41:00,27.1244244114
06-29-2025 16:51:00,25.1646229076058
06-29-2025 17:01:00,26.7468586751146
06-29-2025 17:11:00,25.6192650207782
06-29-2025 17:21:00,25.7407151312573
06-29-2025 17:31:00,25.6537616079361
06-29-2025 17:41:00,26.7123336270299
06-29-2025 17:51:00,27.0435867439229
06-29-2025 18:01:00,26.432685509654
06-29-2025 18:11:00,27.389143487123
06-29-2025 18:21:00,26.4594560082261
06-29-2025 18:31:00,26.4728616022862
06-29-2025 18:41:00,26.1722142164327
06-29-2025 18:51:00,25.4501428559459
06-29-2025 19:01:00,25.8778239830225
06-29-2025 19:11:00,26.9346182578563
06-29-2025 19:21:00,26.1050180764145
06-29-2025 19:31:00,25.7992308053723
06-29-2025 19:41:00,26.3302907336154
06-29-2025 19:51:00,27.3839427064967
06-29-2025 20:01:00,26.4463864581068
06-29-2025 20:11:00,26.2387166958529
06-29-2025 20:21:00,26.6607942943381
06-29-2025 20:31:00,27.1902194156223
06-29-2025 20:41:00,27.5074944798653
06-29-2025 20:51:00,27.824823312372
06-29-2025 21:01:00,26.2498333135585
06-29-2025 21:11:00,26.4575901104048
06-29-2025 21:21:00,26.1381895640181
06-29-2025 21:31:00,27.1833104969036
06-29-2025 21:41:00,27.9156301502239
06-29-2025 21:51:00,28.1159973730426
06-29-2025 22:01:00,27.3723546349682
06-29-2025 22:11:00,26.7363166938731
06-29-2025 22:21:00,27.4632835814638
06-29-2025 22:31:00,27.4563159010529
06-29-2025 22:41:00,26.9255091645214
06-29-2025 22:51:00,28.1708224215032
06-29-2025 23:01:00,28.0542435079026
06-29-2025 23:11:00,26.7890311474809
06-29-2025 23:21:00,27.4053274073671
06-29-2025 23:31:00,27.1823592343231
06-29-2025 23:41:00,28.2111733800204
06-29-2025 23:51:00,27.5726337849779
